gene,senescent_minus_non_senescent
ERVV-1,0.8768812500000003
USP28,-0.30411250000000045
ZBTB7A,1.8329875000000002
LOC101928844,0.8651612499999999
CC2D1A,1.3958125000000003
LMAN2,-2.37812
PRB2///PRB1,1.4197324999999998
LOC100132535///CERCAM,1.7837650000000007
PIN1,1.0890862500000007
RHOB,1.41615625
R3HDM4,1.55724375
LOC100134331///IGHV4-31///IGHM///IGHG4///IGHG3///IGHG1///IGHD///IGHA2///IGHA1///IGH,0.860455
SPDEF,1.4502774999999997
EGFR,1.1697449999999998
CNOT3,1.03688875
CD1E,0.7267024999999998
GLIDR,0.9388787500000001
PRO2949,0.2865375
LPCAT3,1.3537350000000001
RAB11FIP1,-0.21971624999999995
JAG2,1.0757725000000002
DDX59,1.0569150000000003
HAB1,0.2759812500000002
EIF3I,2.1093724999999997
CD82,0.8301074999999997
C20orf203,1.3798825
VCX2,-1.5675499999999998
HIST1H2BH,0.5959375
DDX58,1.2807925
CHML,0.7269099999999998
KIAA1841,1.5119362499999998
ARHGAP25,1.3716850000000003
RAB11B,0.62951125
ATP5G2,1.0700775
ABI2,0.9604924999999997
NAT16,0.7134624999999999
SLC35G4///SLC35G6///SLC35G3///SLC35G5,1.1647675000000004
HFE,0.8630575
CYP11B2,1.2684674999999999
FGF5,1.3448074999999997
PRR14,1.88632
HIST1H2BC///HIST1H2BI///HIST1H2BE///HIST1H2BF///HIST1H2BG,1.2249474999999999
LOC647070,0.8561025000000002
ADAMTS10,0.5255637500000001
AAMP,1.5080075000000002
PKD1L2,1.11358625
OR7E2P,1.2678099999999999
LOC729179///LINC00623,1.13304625
FAM129B,1.2368725
MT1HL1///MT1M///MT1H///MT1E,1.120545
FGR,0.79000625
LOC283177,1.40581375
EGFL7,1.2739062500000005
PRSS3P2///PRSS1,1.8803725
ALB,0.9555624999999999
ANAPC16,0.7709025000000002
PTAFR,1.50169625
SOX15,0.8008537500000001
HIRA,-0.44520874999999993
IGF2BP3,0.7559100000000001
SLC1A2,1.7352475
MUC3B///MUC3A,0.8532625
SUV39H2,1.0876274999999997
ANO10,1.1790075
KIAA1549,1.5010875000000001
WDR45,1.3851325
C6orf223,1.0159550000000002
HDAC7,0.44522375000000014
LOC440552///COX3,0.70604875
LINC00301,1.0523500000000001
ERC1,0.56422125
MCM3,0.3203674999999999
ZFP82,-2.1805974999999997
DAGLB,0.7399275000000001
IQCC,-3.7070937499999994
NACC1,1.2144837499999999
HNF1A,0.9621187499999997
SCAND2P,0.09225500000000009
HSH2D,0.9052962499999999
SENP3,-0.6817174999999999
ATP2A2,1.2201974999999998
SMG1P1///SMG1P5///BOLA2///SMG1P2///NPIPB4///SMG1,-1.1056862500000002
NAALADL2,0.8326787499999998
SHROOM1,1.1496037499999998
PYGB,0.6342437499999999
DMKN,0.7968550000000001
CARD16,0.62755875
IGHMBP2,1.55716875
TOP3B,1.6611612500000004
COL8A1,0.85784
PEX16,1.3259862500000001
LOC729580,0.4484112500000001
CTAGE8///CTAGE4///CTAGE11P///CTAGE15///CTAGE6,0.38086875
RGPD6///RGPD8///RGPD5,0.6735925000000004
C19orf47,-0.14079625000000007
CENPN,0.33030374999999995
IGHG1,1.1695799999999998
GPR137,0.92300375
PELP1,1.45989875
ORAI2,1.12950625
APOC2,0.92287
BRSK1,1.4278125
FGFR1,0.18060249999999994
UNC13A,0.3104337500000002
CPSF2,-1.49633375
IL34,1.0356162500000001
WNT7B,0.6628737499999999
PAPOLG,0.9596600000000001
DUX4L2///DUX4L3///DUX4L5///DUX4L6///DUX4L7///DUX4L1,1.21451625
LOC642346,1.32497
PARVB,1.06892875
TRAPPC2L,0.90455625
HOXD13,1.2855074999999998
AQP3,1.167125
PFKL,0.76446625
LINC00474,0.6914262499999999
SDHAF1,1.1254650000000002
TNPO2,0.9454275
SPATA31A5///SPATA31A3///SPATA31A1///SPATA31A6///SPATA31A7,0.8980887499999998
FBXO34,-1.71318875
SEZ6L2,0.5852050000000002
FAM120A,-1.63622125
POLR2J4,1.10302125
TEX26-AS1,0.4172212499999998
RNF170,1.20759
GRIN1,0.8309449999999998
SDHCP2///LOC642502///SDHC,0.5278125000000001
BCAN,1.6739099999999998
KIF1C,0.28981875
OTUB2,1.4030025
SOX13,0.9170012499999998
KIAA0930,0.12707750000000007
CD6,-0.24449625000000008
SPTBN4,0.6947362499999998
ADGRD2,0.5384262499999999
PRKD2,0.09223875000000009
COL16A1,0.9213012499999998
VEZT,-3.03671375
MTFR2,0.75160625
PWWP2B,0.9179237499999998
KIR2DL5B///KIR2DL5A///KIR2DS5///KIR2DS1,0.7826262500000001
SFTPC,0.5888987500000002
XPO1,1.0581862500000003
NCLN,0.8779224999999999
ATP6V0C,0.4731449999999999
AQP5,0.5321149999999999
LOC101928902,1.3106224999999998
PRRC2A,1.17071375
LOC100996681,0.91511125
LOC101927588,-0.4399549999999999
LOC100129104,0.16836625000000005
GPX3,0.7904875
WTIP,0.8358750000000001
AP2A1,0.7616212499999999
MUC3A,0.5195262499999999
CTB-12O2.1,0.8876987500000001
INPP4A,0.9024437500000002
ALPPL2///ALPP,1.1074425
SUMO2P17///SUMO2,-0.21355749999999996
SATB2,0.94093125
ATN1,1.5695449999999997
AHNAK2,-0.6118800000000002
GHET1,0.9777737499999999
LOC100131845///IGHV4-31///IGHA1,0.6962825
KHDRBS1,0.7268675
DGKE,0.49666999999999994
IFI27L2,0.94918375
KLF16,0.8059062500000002
PRF1,0.7820512500000001
RMDN2,-2.15519375
PYY,0.5289262499999998
MINK1,0.2770337500000002
FMO3,0.51290125
FRMD8P1///FRMD8,1.1524075
EPN1,0.5026049999999997
LRRC25,0.94354625
LOC643102///KLHL12,0.6369987499999998
OPN1MW2///OPN1MW,0.7141437500000003
VSX1,1.0384875
TSC22D4,0.8156262499999999
MAPK8IP2,0.765245
LINC00957,0.004188750000000019
LOC100129701,0.34504875
SAA2///SAA1,0.5005450000000001
PPARD,0.4427499999999999
HRH3,1.2601862500000003
GPR132,0.22262499999999985
CEP68,0.5291712500000001
TMEM151A,1.4407649999999999
DDX28,0.8644387499999999
PTCRA,0.59868875
ND2,0.32002875000000025
FAM20B,0.513565
RBPJ,0.29936999999999986
PCDH15,0.8123112500000003
KLK4,0.8769012500000001
NRG1,0.3312199999999999
JAK3,0.8620774999999999
SCAF1,1.5493737499999998
ZRSR1,-0.9734875000000001
SLC4A5,0.8068312500000001
AGO4,1.5291175
TNXB///ATF6B,-0.38738999999999985
NDRG3,0.8850087500000001
TMEM176B,0.44242499999999996
C19orf68,0.34034000000000003
MAGIX,-2.1639125
C19orf45,0.5358999999999998
THEM6,1.28992375
GATA2,1.14706625
EEPD1,1.0966575
HNRNPC,0.9185649999999999
DKFZP547J0410,-0.05709000000000003
PKD1L1,-0.90930625
C8orf58,0.7842075
GLUL,0.7067587499999998
TMEM59L,0.8496762499999999
CXorf21,-1.0655474999999999
HAP1,0.5426724999999999
RPS17P5///RPS17P16///RPS17,1.0571587499999997
ITGB5,-0.03722875000000009
XRCC6,-1.2303562499999998
LOC652494///IGHM,0.6749287500000001
ZNF208,1.0678737500000002
LOC102723757,0.5632775000000001
LOC729353///LOC728125///LOC727751///LOC388161///GOLGA2P7///GOLGA2P10,0.8836562499999999
TAB1,0.6929799999999999
RUNX3,0.8889025000000002
LOC149401,0.19269500000000006
FAM57B,0.97663
REPIN1,0.3486137500000001
SUPT20H///DES,1.0218312499999997
FOXG1,0.24113374999999998
EXOC3L2,0.26206625
CASR,0.8174487499999998
APOL2,0.40403124999999995
DCBLD2,0.36627999999999994
FOXO3,0.6661087499999999
ATP1A3,0.8045875
CASC15,0.7063887500000001
HAUS5,0.061812500000000103
RNF207,1.419335
NFKBIB,0.46636875000000017
PAGR1,0.906295
METRN,0.88475
LTB,0.48947250000000014
PIGR,0.7601937499999999
ASMTL-AS1,0.9899825
PLPPR2,0.6632549999999999
LDB3,0.08321750000000017
ZNF7,-0.3381199999999998
KIAA1656,0.01634125000000014
LOC100129175,-0.4013749999999998
ZNF554,0.5201087499999999
NEURL1,0.336485
LINC00963,0.5239075
SYDE2,-0.012090000000000045
TMEM254,1.3417812500000004
EZH1,-0.36816625000000003
ZSWIM8,0.4096400000000001
METTL2B,0.8099462500000002
IGHV4-31///IGHM///IGHG1///IGHA1,0.6687750000000001
FUT7,0.7300149999999999
ALOXE3,0.7817099999999999
CTBP1,0.4288599999999998
DAPK2,0.4404025
HMGXB3,0.9891174999999999
NGLY1,-0.9931175000000001
GFRA1,0.7413237500000002
VPS13D,0.7096212500000001
ZNF852,1.03256625
LOC101927647,1.15102125
GJD4,-0.06478625000000027
IGSF9B,1.7480249999999997
ARMC5,0.70754625
LOC100133465///HAB1,0.13064000000000003
SGSM1,0.523325
SCUBE1,0.8556474999999999
GABARAPL1,0.9286924999999999
UBE2I,0.7243787499999997
GNL3LP1,0.7063250000000002
PABPN1,1.1521950000000003
LOC101929181,0.5629950000000001
EMILIN1,1.32842125
FKSG49,1.7154587500000003
SMPD1,0.9231262499999997
PTP4A3,0.851285
TTC39A,1.0889974999999998
TBC1D9B,-0.2869112500000002
RIF1,0.34690999999999994
YBX1,0.6145775
HSPG2,0.4402087499999999
POLH,-1.0347325
DMWD,1.2815725
NR3C1,0.6256787500000001
LOC728866///MAGT1,0.6990450000000001
RIN3,-0.10629250000000001
ZNF252P,0.41983375000000006
LRFN4,0.48297249999999997
STK32C,-0.014666250000000047
DYSF,1.428245
KCNJ5,0.15423249999999994
XRCC2,-0.7004487499999998
BNIPL,0.6279762499999999
TMEM151B,1.0265875
PCDHB18P,1.2862850000000003
BCL2L11,0.7770049999999998
MGC70870,-0.4203012499999999
LOC100506844,0.810965
RREB1,-0.10798500000000005
MYSM1,-0.24557249999999997
SFXN5,0.32796625
CEBPZOS,0.48110375000000005
SOWAHC,-0.21374749999999998
TRIM29,0.04827749999999981
SOCS3,-0.7141175
LOC727751///GOLGA2P10,-2.58017875
LOC100132874,0.5826762500000001
SRCAP,0.39766874999999985
ADAM28,0.39527375
LOC202181,-0.09630250000000007
LINC00504,-0.5024012499999999
EMSY,0.66085375
RNPEPL1,0.37561875
IDI1,0.24540250000000013
SEPT9,0.3106
LOC650293,0.32975000000000004
CLEC2D,-0.2629012500000001
ZNF358,0.58946125
HLA-A,1.05170875
GOLGA6L2,-0.2811612500000001
RAB6A,-0.9536925000000003
DHX37,0.27544750000000007
HRG,0.27647749999999993
TTC7A,0.6526187499999999
ZNF503-AS2,0.45916125000000013
RBM39,0.5513187500000003
ARHGAP33,0.24938875
S100A7A,0.10895375000000007
C5orf56,-0.42407749999999994
FAM58A,0.4918787499999999
SUSD3,0.1111049999999999
GRIK5,0.6005025000000002
LOC732419///ATAD3B,0.42675375000000004
SRCIN1,-0.17921624999999997
HMGA1,0.26640000000000014
ZNF829,0.10470750000000006
LRRN2,-0.19083
SECTM1,0.7323400000000001
SP140L,-0.3421725
NPR1,-0.16409749999999995
LOC730658///ANKRD36///ANKRD36B,-0.39309999999999995
CCDC13,0.6087662500000001
PDXP,0.46317749999999996
LOC642533,0.28725999999999985
RFC2,0.23166000000000003
PLEKHH1,-0.41685374999999997
ILF2,0.8503525000000001
ELP3,-0.05596750000000006
PSMC1P9///PSMC1,-0.36602625000000016
FUT6///FUT3,0.9813337500000001
LINC01121,-1.1233525
TPT1-AS1,-0.6188925
AP4S1,0.4863349999999999
BLOC1S6,-1.2954362499999998
GSK3A,0.2911074999999999
DOPEY2,0.9212549999999999
EVX1,0.7394100000000001
LOC101928405,-0.4830425
PTGER3,0.18464000000000008
TIPRL,-0.56650125
BTF3,1.03333125
SEMA3D,-0.3383012500000001
SSBP3-AS1,-0.05565375
THADA,-0.32763875
FAM45A,0.16689749999999998
EXOSC9,0.4525212500000001
LOC105376323,0.8244525
CDC34,0.11843500000000007
LOC101928933,-0.34161375000000005
TRIM64EP,-0.20413375000000006
GOLGA2,0.56685
NEFL,-0.1920900000000001
NDUFA5,-0.23778874999999988
FTSJ1,0.0737250000000001
GLTP,-0.8517950000000001
DYRK2,-0.08046999999999993
TGIF1,-0.31708375000000005
MGAT4EP,1.0446412499999997
YBEY,0.9470575000000001
ABCC10,0.21682625
UBR2,0.38258124999999993
SLC34A2,0.7861124999999999
ZNF71,0.11597125000000008
RIOK3,-0.13079499999999988
WHAMMP3,-0.09286499999999992
BOLA2B///BOLA2,0.22756125
MAP1A,-0.3973875
SH2D3A,0.08091625000000002
SNX20,0.5848474999999997
ELMOD2,-0.35574000000000006
ARL17A,-0.23603499999999994
LOC100130648///SSX2B///SSX3///SSX2,0.19205125000000006
TIGD7,0.34129125
DDX19A,1.0523500000000001
ADAM3A,0.14303750000000004
NCOR2,0.7197549999999999
GAREM1,-0.33660375000000003
SLC2A1-AS1,0.15759250000000008
LY6H,0.9716712500000002
RECK,-0.20808375
KLC3,1.0420425
HNRNPD,-0.23654750000000008
LOC644450,0.8847075000000001
KCND3,0.09061874999999997
USF2,0.4167587499999999
CASKIN1,0.44530874999999986
HEATR5B,-0.3253912500000001
GAGE12D///GAGE8///GAGE12F///GAGE2A///GAGE12H///GAGE12E///GAGE12B///GAGE12C///GAGE2D///GAGE12G///GAGE2B///GAGE2E///GAGE12I///GAGE7///GAGE6///GAGE5///GAGE4///GAGE3///GAGE2C,-0.5416649999999998
HCG11,-0.3781724999999999
BCL2A1,0.25573749999999995
FUS,0.4974049999999999
WHAMMP2,0.8375487499999996
EML2,0.39409500000000014
SPG21,-0.3120975
GS1-124K5.11,-0.3174225
PSPH,0.03317750000000008
LOC729164,0.9493087500000001
SPPL3,0.12033250000000006
LINC00937,-0.18100999999999995
CNOT4,0.5986649999999999
PSG3,0.06546499999999994
SOCS1,0.7132987500000001
RIMS1,-0.01261000000000001
RPL7AP11///RPL7AP36///RPL7AP70///RPL7AP62///RPL7AP30///RPL7AP53///RPL7AP66///RPL7A,0.9587687499999997
MEG3,0.67571625
FOLH1B,-0.27232124999999996
AMZ2,-0.34410749999999996
SOX7,-0.31183749999999993
SFXN1,0.6391187500000001
MRI1,0.012534999999999963
PHPT1,0.6561024999999999
LITAF,-0.01302125000000004
SPATA6L,0.45877500000000004
CYP4A22///CYP4A11,0.24599624999999997
AIF1,0.6211375000000001
DCBLD1,0.47774125000000006
LRCH4,0.5081487499999999
TRIM36,-0.011218750000000055
PATJ,0.07480124999999987
LOC100128402,0.6270287500000002
LINC00880,0.12261375000000008
TSC2,-0.15361750000000007
LRRC1,0.4873800000000001
KDM4B,-0.3327074999999999
IFT122,0.67834375
OARD1,0.2420212499999999
UGGT2,-0.5219674999999999
PYHIN1,-0.6049562500000001
HCG2P7,-0.11990750000000017
FMN2,0.5354300000000001
ADAM33,0.34613249999999995
CABP4,0.2492225
SIK1,0.4062875
AAMDC,0.31729250000000014
MMP2,1.1170775
TEF,0.62518875
SLC43A3,0.52278625
ZNF207,0.27959125000000007
VSTM4,-0.66894125
CACNG4,0.05311374999999985
CTNNBL1,0.83729875
CARD11,0.3808487499999999
C21orf62-AS1,0.8789112500000001
ECSCR,-0.02897374999999991
ESR1,0.40398375
SS18///SSX1,-0.4392012499999999
RRP1,-0.6681600000000001
MUC3B,0.36691499999999994
LOC100131401///BTF3L4,0.18376500000000007
IFT172,0.5661175
CDC42BPG,0.41349624999999995
INPP5A,0.22205250000000004
LOC727737///ATG4B,0.03487375000000009
CYP2B6,1.3158750000000001
ARHGAP44,-0.050298749999999726
ARAP1,0.38846874999999975
SFTPB,1.13525375
SPATS2L,-0.2867837500000001
CTSD,0.3086412500000001
F2R,-0.4046550000000001
RHCE,-0.3158
NBAT1,0.9865012499999998
LOC283731,-0.2546562499999999
KMT2C,0.12482999999999989
RHOBTB2,0.5688787499999999
EPOR,1.0450075
CCDC71,0.39548750000000005
C5orf24,0.1262212499999999
TMIGD2,0.24990000000000012
HGS,0.49603875000000014
PAK1IP1,0.2513225
ZNF350,-0.46515375
UROC1,0.42563375000000003
CLDN4,0.44333625000000015
SART1,0.272515
LOC100131541,0.23249374999999994
KCNH6,0.1583425000000001
ZFHX4-AS1,-0.46800250000000004
TNIP3,-0.04924499999999987
AHNAK,0.20062750000000001
LOC101928314,-0.06431500000000012
GLYATL1,-0.41660875
C11orf57,-0.31309250000000005
ELK1,0.4888750000000001
FAM98B,-0.08113374999999995
PNPLA2,0.267925
GBP1,-0.32808125
SPATA5,0.42299124999999993
ZNF37A,-0.33476750000000005
EPG5,-0.26581000000000005
ADAM30,-0.30244124999999983
HAPLN3,0.1351075
CNOT1,0.09769374999999997
TBX3,0.22109000000000012
RSRP1,0.1789412500000001
PDE4C,0.9867037499999998
FAM43B,-0.5040262500000001
SEPSECS,0.5247362500000001
C8orf49,1.23143
LOC105375875,0.5626012500000002
TAOK1,-0.26033625
LOC153682,-0.0706112499999999
YIF1B,0.5066225
RSU1,0.5988562500000001
ZMAT3,-0.25506749999999995
FAM81B,-0.1449625
HNRNPDL,-0.08449375000000003
HTR7,0.013347499999999957
TIMM8A,-0.30319125
SPATA45,0.505255
KIAA1033,0.2864662499999999
ARHGAP30,0.6340325
RABGAP1,0.66299625
SEC16B,0.3346312499999999
PAX5,0.4698400000000001
SSX4B///SSX6///SSX4///SSX1,0.8491062500000001
ITGA4,-0.045726250000000024
POU1F1,-0.20739000000000013
FAM129C,0.26087000000000005
PP12708,0.6689324999999999
ZNF600///ZNF611,-0.27920375000000003
MOCS1,-0.22403125000000018
KCNK6,-0.38972375
CDK13,0.37630125000000003
PLK3,0.43722749999999994
SLC30A5,-0.25121875000000016
FAM122C,0.08395999999999998
LOC105373958,-0.23613249999999997
MOB3A,0.11085499999999998
RASAL2,-0.34120249999999996
DENND4C,-0.27457999999999994
LRG1,0.3508412499999998
PCSK7,-0.4666074999999999
REEP6,0.6672925
POLR1B,-0.10066875000000003
CSMD2-AS1,-0.30470875000000014
LOC642852,0.77744375
SPG11,0.17587749999999996
ANKRD30B,-0.2736200000000001
INTS4,0.24521874999999999
RBMY1J///RBMY1E///RBMY1D///RBMY1B///RBMY1F///RBMY3AP///RBMY1HP///RBMY1A1,0.3278874999999999
MYLK3,-0.16502999999999995
IL21R-AS1,0.06802124999999998
ARHGEF26,-0.07514499999999996
ANKRD65,-0.41309749999999995
LONP2,-0.0437349999999998
PLEKHM1P1,0.05789874999999994
USPL1,-0.3058600000000001
GSDMB,0.81379
LOC101927490,-0.09611625000000007
SYCE1,-0.13954125
PRKXP1,-0.2919462499999999
TMEM182,-0.32474249999999993
SAGE1,0.1820425
SPATS2,-0.24781750000000002
LOC284513,0.6456375
LINC00661,0.5982512500000001
PHF11,-0.17629875000000006
FHAD1,0.6978099999999998
PCDH1,0.64705875
ENTPD1-AS1,-0.10987499999999994
GNA11,-0.32932125
IGL,0.8317587500000001
UBE2G2,-0.03486625000000004
GSTM4,0.6876837499999999
LOC441245,0.6141049999999999
SYT7,-0.13516375000000003
MAP2K3,0.6922637500000001
MKL1,0.34297375000000013
CSAD,-0.17271750000000008
NOS3,-0.4457749999999999
PACRG,0.41254625000000006
PDE4B,-0.35523249999999995
GBA2,0.8501799999999999
ATP5O,-0.13714874999999987
KIAA1161,0.7265549999999998
SLC25A29,0.5517337499999999
TRAPPC2B///TRAPPC2,-0.2909237499999999
WDR89,-0.13902499999999995
TTBK2,-0.36630999999999997
FLJ45482,0.11309750000000007
IGLL3P,0.524925
DHFR,-0.31037624999999996
SPAG9,0.18478
SCAF4,0.08942374999999997
C22orf34,-0.14062499999999994
LOC729623///PRKAR1B,0.13694999999999996
SERPINE1,0.5608225
TCN2,-0.02072750000000001
SDCCAG8,0.15638874999999997
SLC9A5,0.26364625
VSIG10,-0.24088250000000005
SMC5,-0.36453874999999997
BTN3A2,-0.17965625000000002
NUTM2F,0.20827499999999993
ZNF90,-0.26803000000000005
PARD3B,0.5088050000000002
C6orf50,-0.16078874999999992
FKBP14,0.3359124999999999
LOC285097,0.002188750000000017
LINC00969,-0.60399375
DENND5B,-0.5180112499999998
FAM3A,0.39717
OXR1,-0.22009125000000002
DCDC2,-0.09387750000000006
MT1E,0.4450875
MSH3,-0.31649
SCAF11,-0.0692187500000001
PTH1R,0.16970625
ELF3,0.5400425
CTBP1-AS2,-0.4118212500000001
FAM153B,0.30317375
SYCE1L,0.6178500000000001
FBXL17,0.16443000000000002
HELZ2,0.7313037499999999
USP48,0.27980125
LOC100129436,-0.11722124999999994
CWC22,-0.1362925000000001
TRAF3,-0.006032499999999996
MKNK1,-0.15796375
GTF2IP7,-0.21803749999999988
GTF2H2C///GTF2H2B///GTF2H2,-0.2549212499999999
RSBN1,0.4590875
MAP3K2,0.15191124999999994
INGX,-0.07257250000000004
KRT79,0.6373225000000001
ZNF230,0.031313749999999974
TTC9C,-0.10940374999999997
ARHGAP35,-0.3080750000000001
CD84,-0.1799924999999999
FLJ35934,-0.06830250000000004
NOC2L,-0.40486749999999994
HNRNPA3///HNRNPA3P1,-0.0670187499999999
GALNT6,-0.18710500000000008
PDE3B,0.18069499999999994
LOC100289058,0.1786975
KIAA0506,-0.3388987499999999
TFPI,0.43405375
LOC100133581,-0.19600499999999993
DCTN1-AS1,-0.97473625
BIVM,-0.23160624999999996
AKAP11,-0.18239499999999992
ADD1,0.250845
TMEM212,0.01507499999999995
ALCAM,-0.4074225
NPTXR,0.45209875000000005
LOC728073,-0.041451250000000106
SNAI1,0.315255
CROCCP2,0.4203312500000001
ABHD1,-0.27332749999999983
ZNF224,-0.2781087499999999
RTEL1,0.28660499999999994
MUC6,0.10168874999999994
PRR5,0.73093875
TUBB,0.48839874999999994
CEP135,-0.09597374999999997
RANBP10,-0.17697375000000004
LNPEP,-0.1261137499999999
WDFY2,-0.10645375000000007
PRDM13,0.07122374999999997
TADA2A,-0.3302237500000002
TANK,-0.31087125000000015
ARL11,0.03611500000000001
UNC13C,-0.28401750000000003
RNPC3,-0.003784999999999983
MYO3B,0.40835875000000005
TPM1,-0.2586987499999999
ZNF107,0.08326
RBFOX3,0.17596000000000006
FAXDC2,-0.2451274999999999
NUP50,-0.37752875
SCARF2,-0.00029249999999997334
CLECL1,-0.23585124999999996
MOSPD1,0.6917837499999999
TAZ,-0.1802025
OR8G2,-0.029931249999999965
LOC100134089,0.09201874999999998
ABL2,-0.18410624999999992
DSN1,-0.042905000000000026
DIP2B,-0.069635
HLA-E,0.2915275
PROM2,0.9133662499999997
GSTP1,0.3454875
SCML2,-0.35571624999999996
ANKRD13B,0.096385
HPR///HP,-0.12001500000000004
HDAC10,-0.06561375000000003
SOGA1,-0.17669
KAT14,-0.24748999999999993
RPS4XP17///RPS4XP7///RPS4XP13///RPS4X,-0.0824824999999999
PACS1,0.08053250000000006
MAGEA12,-0.22537874999999996
MTRF1L,-0.30463624999999994
SIRT6,0.7505350000000001
SLC17A1,-0.23595500000000003
LOC115110,0.6189312499999998
SNAPC3,-0.13159624999999997
HSDL1,-0.05881999999999993
PP2D1,-0.26605125
FAM84A,0.24077500000000007
DFFA,-0.29525874999999996
COX6B2,-0.2737275
SAMD14,0.28203625
GSS,0.4050449999999999
HADHA,0.38799375000000014
ZNF652,0.7411149999999999
ZNF665,-0.21541499999999997
TRAC///TRAJ17///TRAV20///TRD///TRA,-0.13792249999999995
OGFOD2///ARL6IP4,0.3387362499999999
METTL22,-0.17485499999999993
CSTF3-AS1,-0.51589125
PPA2,0.35153249999999997
SON,0.26934
FBXW2,-0.24096999999999996
HLA-F-AS1,-0.19490000000000013
SIGLEC11,0.10281874999999996
LOC102723648,-0.032725000000000004
PVR,-0.1480225
DNAJB6,-0.33909375
RFPL3S,-0.20023874999999997
SMCO1,0.9803987499999999
PLEKHB2,-0.1191387499999999
SAMD9,-0.19438999999999984
RPS24,-0.17507874999999995
POU2F3,-0.2546337500000001
FOXP2,-0.21668125
LTV1,-0.2269187500000001
GINS4,-0.30627250000000006
ICK,-0.20366124999999996
APLNR,0.0018524999999998681
MYCNOS,0.8352762499999999
MAGEA5,-0.1790150000000001
PTPRD,-0.21512625000000013
CNTROB,0.2538112499999999
LINC01222,0.15932500000000005
IQCA1,1.0912599999999997
TNR,0.13369625000000007
KIAA0894,0.06955625000000004
KIAA0492,-0.0172874999999999
USP12,0.23368250000000002
ZNF649-AS1,0.19643874999999994
HEATR5A,0.15065000000000006
SLC28A2,0.06382499999999997
SLC5A12,-0.21052875000000004
RECQL4,0.3550625
PPP5C,0.24549749999999998
LDHC,-0.22090999999999994
SYNJ1,-0.22532374999999993
LIPJ,-0.18903375
RBM41,-0.2363587499999999
UBASH3B,-0.2853200000000001
TTC38,0.6753312499999999
FGGY,0.027610000000000023
GLG1,-0.28823499999999996
LOC100129488,0.06419750000000002
LOC100129015,-0.27685625
FZR1,0.46288874999999985
CYLD,-0.2819337500000001
SUPT6H,0.19758124999999993
DYRK1B,0.18754875000000004
PLIN3,-0.13073500000000005
MON1B,0.32020000000000004
THRSP,0.43033750000000015
ELOVL6,-0.1562699999999999
SEPT11,-0.19235875000000002
TCAIM,-0.08836250000000001
CALCOCO2,0.53448
LOC100131507,-0.21832500000000005
NUMB,-0.2705600000000002
EPS8L1,0.2906887500000002
LINC00550,0.01372375000000009
AKT1S1,-0.16343625
OTUD5,0.17044249999999994
SPATA9,-0.49726000000000004
FLYWCH2,-0.1791275
TCAF1,-0.3259524999999999
ZNRD1ASP,-0.12988499999999992
MYH8,-0.23816874999999998
SPI1,0.22540624999999997
PIAS2,-0.19909874999999982
ZFP14,-0.16508625000000005
SNCA,0.25898249999999995
RTP1,0.012095000000000022
SLC25A18,-0.019424999999999915
TRPM7,-0.09836374999999997
ARHGEF12,-0.15908874999999995
PHF3,-0.18233750000000004
PPFIA3,0.22128250000000005
RPGR,0.29124625
LRRFIP2,0.07892749999999993
DPP9,0.6982537500000001
KRT76,0.4279162499999999
NXPE1,-0.1814925
PRB1,0.18381625000000001
PDS5B,0.16022000000000003
TRIM48,0.29352
SLC12A1,-0.08565499999999998
MGC4771,0.830605
MRS2,-0.5271325
PTPRA,0.7806374999999999
GPR180,-0.310945
GPC2,0.2635937499999999
H1FOO,-0.24000749999999993
LOC339666,0.6725524999999998
LINC00260,-0.16588375
PRKCSH,0.67373875
OPA3,0.7148562499999997
RTEL1///TNFRSF6B,-0.14102000000000003
CEP41,-0.05289749999999993
EXOSC6,-0.040831249999999986
TEX9,0.25183874999999994
IRAK4,0.34573374999999995
LOC643187,-0.13112999999999997
LINC00184,0.05941875000000002
PTPN4,0.0631275
ARRDC2,0.043956249999999975
LOC100134159///CCDC144CP///CCDC144B///CCDC144A,-0.21350124999999992
TECRL,-0.20595499999999994
LOC647506///IGKV1-5///IGKC,0.1594687500000001
PRPF40A,-0.17903124999999998
JAG1,-0.2003350000000001
BICDL1,-0.21967625000000002
THEM4,-0.12743875000000005
TNFRSF9,0.09143499999999993
LRRC2,-0.22283250000000016
PRB3,-0.04454125000000009
PTPN18,0.19316125
GTF2H2C_2///GTF2H2C///GTF2H2B///GTF2H2,-0.22924625000000004
KLHL5,-0.56611625
RNF126,-0.21956499999999995
STXBP4,-0.22847875
KRT18P33,-0.19443000000000005
THOC2,0.04868249999999985
LOC150596,0.23656499999999991
FAM135A,-0.19859874999999994
JAK2,-0.006503749999999975
MALAT1,-0.11992625000000001
AGER,0.5517125
PSMD4,-0.10833374999999995
JSRP1,0.55295125
HYI-AS1,-0.25279750000000006
TRBC1///TRBC2,0.1878499999999999
LOC105376805,-0.2172387500000001
SPTLC3,-0.43416999999999994
LINC00998,0.13398874999999993
USP32P2,0.08465000000000006
ARHGEF10,-0.41424125
CP,-0.318785
SMURF2,-0.22745500000000007
TCAP,0.48289375000000007
C1orf210,-0.26917624999999995
SCART1,0.19012875
PRELP,0.6323924999999999
FANCM,0.3677724999999999
PTMS,-0.18260874999999993
RNF122,0.3187425
ATF5,0.7677200000000002
EPSTI1,-0.03488625000000006
B3GNT6,-0.11109750000000002
ZNF440,-0.17342750000000007
SSMEM1,-0.013441250000000016
LOC101929741,-0.18132624999999997
SRSF8,0.07498125000000011
ARHGEF7,-0.11567000000000016
NADK,0.59114625
SIAH1,0.16014750000000005
KYAT3,-0.24219124999999986
GS1-24F4.2,-0.07587500000000008
CD24,-0.40218250000000016
SMCR5,0.08585249999999989
ERI1,-0.17316000000000004
LILRB2,-0.14624125000000004
NPIPB5///NPIPB6///SMG1P1///NPIPB7///NPIPB15///NPIPB3,-0.2304725000000002
TRIOBP,-0.5053825000000001
MIDN,1.0146725
LOC284600,0.014247500000000135
ZNF721,-0.22858249999999997
RNASE4,0.55590375
ALAD,0.2949974999999999
LINC00528,0.5142762499999999
PPP1R12A,-0.3473062499999999
EGFLAM-AS2,0.40321374999999987
PLAA,-0.060683749999999925
LOC100133131,0.35517375
ALS2CR12,-0.029604999999999937
PPIG,0.40390500000000007
SCEL,-0.17522999999999994
ALKBH4,-0.027021250000000108
U2SURP,0.16595375000000007
GLIPR1,-0.23139249999999995
ATG10,-0.23548750000000002
LOC100128288,-0.5216625000000001
GLB1L,0.37423500000000004
ADH4,-0.25345000000000006
C14orf132,-0.14668249999999988
ZNF622,-0.09180374999999996
GLMP,-0.18976500000000002
UBE2D4,-0.16860874999999992
RNASEH2B,0.21023375000000005
MYO19,-0.043109999999999926
TTTY14,0.48897874999999996
PFDN4,-0.26527625
ATAD3B,0.82686875
LINC00102,-0.28091625
GPLD1,-0.22452375000000002
LOC730004///RPL22,-0.21150000000000008
TCTN1,-0.18741874999999997
CCDC154,0.24954999999999988
OTOR,0.22779500000000025
SETD5,0.65015625
TRIM62,0.11165124999999998
ZNF485,-0.13403374999999995
TRMT1,-0.06815624999999997
BMS1,0.31722124999999995
MMP13,-0.09426750000000012
LOC401320,-0.07146999999999998
IDH3A,-0.1904675
AAK1,0.19753125000000005
LRRC37A2,-0.03601375000000007
GRTP1,-0.12069625000000006
MIA2,-0.23138249999999982
CYSLTR1,0.1953225
C2orf15,0.08348124999999995
ALOX15,-0.2953875
SLC35E1,-0.85140625
ZNF362,-0.23911125000000005
KCTD4,-0.20073250000000004
HNRNPA1P36///HNRNPA1P59///HNRNPA1P51///HNRNPA1P22///HNRNPA1P53///HNRNPA1P33///HNRNPA1P50///HNRNPA1P10///HNRNPA1P52///HNRNPA1P12///LOC642817///HNRNPA1P30///HNRNPA1P39///HNRNPA1P56///HNRNPA1L2///HNRNPA1P60///HNRNPA1,-0.39623374999999994
GOLGA8A,-0.24141000000000012
MRPL30,-0.20192125
ENOSF1,0.6558599999999999
PMP2,-0.12557000000000013
SPAG11A///SPAG11B,-0.2808837500000001
NBEAP1,-0.35049124999999987
AGAP5///AGAP9///BMS1P5,0.07485000000000008
CWC15,0.1517075
LINC00674,-0.25494999999999995
ALDH1L2,-0.15010249999999997
SDHAP1,1.1484562499999997
DCAF16,-0.2066825
ZNF675,-0.49343749999999986
IK,0.08031624999999992
PDE7A,-0.1186625
UBALD1,-0.32227125000000006
EDRF1,-0.20034874999999996
RRN3P3,-0.2782575
PHTF2,0.2081300000000001
PDXDC1,-0.07401000000000008
ICMT,0.30869375000000004
CKAP2,-0.223485
PI4KB,0.10676374999999994
HM13,-0.06500124999999995
ZMIZ1,0.08355624999999994
SYMPK,0.49714125000000015
ERAP2,-0.16727750000000002
PI16,0.6383025
CTSS,-0.26441875000000004
SLC9C2,0.3872824999999999
PM20D2///COPS2,-0.12018125000000007
PQBP1,0.6247624999999999
HMGB1,-0.04719000000000001
NYX,0.48110250000000004
MTBP,0.19284875
SIAE,-0.27877250000000015
LINGO1,0.17354875000000008
DHRS4-AS1,-0.17547875000000013
RAB22A,0.4562325000000002
SRGAP3,0.30728375
HSBP1,-0.08529499999999995
DPP4,0.20729124999999998
WFIKKN2,0.3302212499999999
LOC100133811///LOC100133661///LOC100133484///ZNF749///RNASE2///HLA-DRB5///HLA-DRB4///HLA-DRB3///HLA-DRB2///HLA-DRB1,-0.28424375000000013
AGPAT1,0.3049774999999998
IGHV4-31///IGHM///IGHG1///IGHD///IGHA1,0.21291625000000008
RBBP5,0.17381625000000006
KRT40,-0.10907999999999995
RFPL2,-0.12588875000000005
ANKRD29,-0.04207499999999992
ODF2L,-0.316675
ZNF417,-0.1630850000000001
ZNF236,-0.14195125000000003
LOC729589,0.09333875000000008
RB1CC1,-0.22067250000000005
ZNF430,-0.03455749999999991
CLDN19,0.42165874999999997
MLLT6,0.50566125
ERBB3,0.62237
DIP2A,-0.2673199999999999
MGC12488,-0.29488375
PEG10,-0.21727124999999997
GJA5,-0.05883375000000002
TPM2,0.23465999999999998
KIAA0586,-0.08791375000000001
LOC100130308///KIAA0391///PSMA6,-0.39266874999999996
BMP6,0.07967249999999998
TMEM198B,0.3007824999999999
NPIPB5///LOC613037///NPIPB3,-0.10697624999999994
HS3ST4,-0.009908750000000022
NUDCD2,-0.25476624999999997
DNM1P34///DNM1P33,0.70892125
CFAP157,0.41139624999999996
CRIP3,0.053536249999999896
CCDC144A,-0.22292250000000002
THEM5,-0.04725125000000013
HYI,0.3735875000000001
PBX2,0.1872725
LIMS2,0.16143249999999992
TECR,-0.022428749999999997
FLJ13769,0.07755375000000009
LOC100506974,0.02507499999999996
TUG1,0.10621375
LOC729660///LOC729218///GTF2IP20///LINC01000///LOC401357///LINC00999,-0.005828750000000105
NPR3,0.02198000000000011
MOB1A,-0.20962875000000009
C1QTNF7,0.2543687500000001
RHOQP2///RHOQP3///RHOQ,-0.24076875000000003
FLAD1,0.26005374999999986
HSF1,0.6597124999999999
PNO1,-0.008692499999999992
DNAH3,-0.21472250000000004
GLTSCR2,-0.17533750000000003
TRA2B,0.03549000000000008
NOP14-AS1,0.21625750000000005
KRAS,0.02503875000000011
WDR5B,0.43695000000000006
SIGLEC8,-0.08270875000000005
ZNF844,-0.08382375000000003
MEIOC,-0.1715000000000002
PPM1H,0.09848625000000005
QTRT2,-0.27462500000000006
FUT6,0.28855875
SNX25,0.32243874999999994
SOD2,-0.09396250000000006
PCDHA10,0.9022175000000001
MTM1,-0.22536624999999993
GLS2,0.23337375
ZNF876P,-0.08635124999999999
C20orf181,0.5297625000000001
ZNF426,-0.26261124999999996
COX8A,0.12757374999999999
ZC3H7B,-0.08079875000000003
TCOF1,0.72252625
ACER3,-0.16964249999999997
ZNF443,-0.19488749999999994
DYNC1H1,-0.17356124999999994
LOC648517///AKR1C3///AKR1C2///AKR1C1,-0.02764500000000003
MYCT1,-0.1800549999999999
LOC728687///LOC389906,-0.047030000000000016
COL15A1,0.17293750000000002
ORMDL3,0.45182
LOC653881///RPL3,0.81159625
LRRFIP1,0.21507499999999996
FAM86B3P,0.2768625
LINC01550,0.40315749999999995
HNRNPA1P36///HNRNPA1P41///HNRNPA1P59///HNRNPA1P51///HNRNPA1P22///HNRNPA1P53///HNRNPA1P33///HNRNPA1P50///HNRNPA1P27///HNRNPA1P10///HNRNPA1P52///HNRNPA1P12///LOC642817///HNRNPA1P30///HNRNPA1P39///HNRNPA1P56///HNRNPA1L2///HNRNPA1P60///HNRNPA1,-0.19372999999999985
MKX,-0.2157162499999999
RAB7A,-0.09328375000000011
GIMAP7,-0.11720999999999993
CAMTA1,-0.36875875
ALG13,-0.07152875000000009
MAP4K4,-0.3136974999999999
LYPLAL1,-0.21391624999999997
MAPK1IP1L,-0.10113875
ANKRD53,0.22353874999999995
LGALS8,-0.34084375
COG5,-0.24027625000000014
SERGEF,0.2444162499999999
CYTH3,0.38040749999999995
PRDM1,0.15988625
MTG2,0.31065374999999995
PLEKHG4,0.3246437499999999
CYB5B,0.10684624999999998
ANP32A-IT1,-0.2612787500000001
RBM46,-0.27887749999999994
FKBP8,0.5972950000000001
MEIS3P1///IL6ST,-0.20615625000000004
RHO,0.18899125000000006
ACTG1P17,0.4251775
RPS19,0.45213125
HSCB,-0.3733662499999999
TDRKH,-0.13951375000000005
HLA-B,0.24855125000000006
TMEM67,0.1490937499999999
TDRD3,-0.27785375
PTMAP7,-0.14960499999999993
LOC727815,-0.19693249999999995
DOCK10,-0.1478025
ANKRD20A8P///ANKRD20A4///LOC728371///ANKRD20A2///ANKRD20A3///ANKRD20A9P///ANKRD20A1,-0.22494749999999997
LINC00652,0.4020700000000001
PDAP1,0.34073875
ZNF341,0.68543375
LIG4,-0.22450999999999993
TNKS,-0.12474999999999986
AMER2,-0.15066500000000005
CEP112,-0.021309999999999885
FASTKD2,-0.2092500000000001
MED29,-0.1672725000000001
KIAA1683,0.2938775
ANKH,0.28451875
STX16,-0.16077499999999995
SNX29P2,0.06815000000000004
MCM8,0.3169774999999999
HOXB7,-0.1486312500000001
LINC00824,0.20599000000000006
ISPD-AS1,0.12384875000000001
TNRC6C,-0.26032500000000003
NAA50,-0.09319250000000001
ANKRD36B,-0.056667499999999926
MYO15B,0.7723074999999999
FAM53B-AS1,-0.2310649999999999
SNW1,-0.18568625
WDR62,0.29659625
LOC390998,0.01870375000000002
UBE3D,-0.155115
AREG,-0.26109125
SMC1A,-0.23380624999999983
POF1B,0.1371775
LINC00692,-0.13178249999999997
TCEAL1,-0.20491374999999995
ZMYND10,-0.10118500000000002
PNISR,-0.26973250000000004
CEP44,-0.08492374999999996
SAMMSON,-0.3791487499999999
IGHM///IGHG1,0.30475
ENAH,-0.13322624999999988
HTR7P1,-0.08036249999999995
UNC79,0.05130249999999997
GAB1,-0.11420499999999983
TBATA,0.20178000000000007
SMC3,-0.18087250000000005
ACOXL,0.4581125
VNN1,-0.051600000000000035
HAUS2,-0.17853624999999995
SEPT8,-0.00791124999999998
VWA3A,0.5720037499999999
CPQ,-0.13203874999999998
TATDN2,0.26717125000000014
ALS2CR11,-0.22013125000000006
IBTK,0.3206475
COA7,0.10602374999999997
LINC00671,0.31911000000000006
DDX60,-0.1017075
LOC105370829,-0.22469125000000006
CEP104,-0.18018249999999986
DNAJC22,0.2783962500000001
GTF2H5,-0.024281250000000032
ZNF682,-0.19050749999999994
GK3P///GK,-0.15241
SLC6A15,-0.08978874999999997
WDR76,-0.16127250000000004
HLA-DQB1,-0.18833125000000012
RPL3P7,-0.04308250000000008
GOLGA8F///GOLGA8G,-0.29754749999999996
EMBP1,-0.24066125000000005
KIAA1143,-0.22058250000000001
TMEM92,0.37878624999999994
TMEM150C,-0.09282874999999996
CD52,0.09622000000000003
XYLB,-0.18267249999999996
ZNF77,0.17955999999999994
TRAM1L1,0.24586249999999998
RORA,0.0895149999999999
NASP,-0.04040250000000001
PIWIL2,0.44373749999999995
CLCN7,0.05892375
MED28,0.279565
TRO,-0.02578000000000008
CCDC30,-0.26343874999999994
ATF7IP,-0.2715075
SPRR4,0.23226999999999992
CASP6,-0.09071250000000008
SLC37A2,-0.054976250000000004
FOSL2,0.0061875000000000124
LOC388456,0.060960000000000014
MYOZ2,0.23037749999999985
MBD1,-0.15284875000000003
PAQR7,0.22413875000000005
CDC42BPA,-0.1018325000000001
ANHX,0.37786749999999997
ZNF33B///ZNF33A,-0.24079625000000004
WDR46,0.09891749999999994
KYAT3///RBMX,-0.12386874999999992
SMG1,0.30713124999999986
LPAR5,-0.17282125000000004
FRG1JP,-0.17301874999999994
PPM1A,-0.10447375000000014
IGKV4-1,0.07848000000000005
MMP27,0.052352500000000024
RALGAPA1,-0.08087624999999993
NOM1,0.035417500000000046
SORBS2,-0.21373000000000003
HEATR3,-0.1508412500000001
RPL7,-0.1181025
TNRC18///TNRC18P2,-0.7197075000000002
KRBOX1-AS1,0.16436250000000002
GABRQ,-0.24316374999999996
ZNF589,0.45386499999999996
TMC8,0.45129250000000015
PER2,0.19061499999999998
TPM3P9///TPM3,-0.18780500000000006
POLI,-0.11724750000000006
EIF5,-0.22539625000000008
ACAT2,-0.31036250000000015
MRPL4,0.3848075
RPL26P33///RPL26P16///RPL26P37///RPL26P19///RPL26P12///RPL26,-0.03550625000000002
CLU,0.01633624999999994
CDRT1,-0.06661124999999996
LINC00461,-0.2707775000000001
LINC00189,0.42980375
LOC101929261,0.3203962499999999
ARNT,-0.17249875000000003
SERPINB13,0.34998375000000004
LOC652494///IGHM///IGHG3///IGHG2///IGHG1///IGHA1///IGH,-0.16032499999999988
MAGEA2B///MAGEA6///MAGEA3///MAGEA2,-0.19223250000000003
KMT2B,0.28837874999999996
MAGEB18,-0.1488675000000002
DYNC2LI1,-0.12146750000000006
PPIL2,0.63382625
SNRNP200,-0.13577749999999994
KRR1,-0.09018375000000001
MAB21L3,-0.18713000000000002
RMND1,0.24130625
ANTXR2,-0.13868124999999998
LOC105376037,-0.21376874999999995
SMAD5,0.22198374999999998
LURAP1L-AS1,-0.07101499999999994
ST8SIA4,-0.20737875000000006
TRIM65,-0.18575499999999995
AAED1,-0.22113999999999995
PHKB,-0.04623375000000002
TMEM243,-0.41424750000000005
ADIG,0.05876125000000004
SLC39A6,-0.10514624999999994
FRY-AS1,-0.22105999999999998
SRSF7,0.006215000000000026
FANCB,-0.03536249999999996
IPO5,-0.3266399999999999
FLJ12120,-0.20350250000000003
ERGIC2,0.047517500000000046
TMEM63B,-0.07422875000000001
ATXN7L3B,0.2011250000000001
CASP4,-0.1721625
CIAO1,-0.21785374999999996
EPB41L4A,0.09259250000000002
NCCRP1,0.17767000000000005
PEX1,-0.10307
LOC642846///DDX12P///DDX11,0.3989312499999999
DCLRE1C,-0.16946
RHBDD1,0.07443
IGLV1-36///IGLV1-44///IGL,-0.23473749999999988
CYP17A1,-0.08899875000000002
HSP90B1,0.01444499999999993
YTHDC1,-0.26028624999999994
DUSP18,0.08405875000000013
EPB41L1,-0.02408625000000003
FAM186A,-0.22804750000000001
TRMT61A,0.42191375000000003
SERINC2,-0.15943749999999995
LOC645321,0.2662625
PSMD5-AS1,-0.27715499999999993
BMS1P6,-0.05380124999999997
LINC00690,0.03106875000000009
MAP2K7,0.14217124999999997
ND6,-0.02726124999999996
GATAD1,-0.13059625000000002
ZFP42,-0.2256587499999999
LOC101927363,-0.07296875000000003
CBX6,0.20332500000000014
DDX60L,-0.21790750000000003
GYPA,-0.11805625000000008
ARL6IP6,-0.1402587500000001
LILRA4,0.2927625000000001
LRRC4,0.03155625000000001
FLJ32255,0.07180999999999993
CYGB,0.01976374999999997
IFI44,-0.25189625000000004
PAPD4,-0.16498374999999998
LYST,0.54864875
MIR4307HG,0.2133675
ZBTB38,-0.16157749999999993
CEBPE,0.16116625000000007
FADS1,-0.11710250000000005
PLIN2,0.4482537499999999
LOC440983,0.3179924999999999
HYPK,-0.09872124999999998
GRIA3,0.02657875000000004
KIAA0825,-0.22464249999999997
SMAD6,-0.26159375
SUPT20H,-0.408445
DPY19L3,-0.17471499999999995
DPY19L1,-0.10790125000000006
ERAP1,-0.1885537499999999
CNTLN,-0.19714749999999992
OR1F1,0.37072875
TSPAN2,-0.11467125
AMDHD1,0.03862000000000004
LIMS1,-0.14346874999999998
MUC5AC,-0.04027750000000008
SPOCD1,-0.11894750000000004
FLJ12151,0.18567374999999992
N4BP2L2,0.18284124999999996
THCAT158,0.10562375000000007
LIN52,0.11112124999999995
FAM91A1,-0.13036874999999987
CARMN,-0.12698874999999998
CHD1L,0.024905000000000066
DNAJC21,-0.12870000000000004
DUOX1,-0.03465125000000002
MPC2,-0.18375000000000002
FCRL5,-0.18300874999999994
ENSA,0.06006249999999996
LRRC37A7P,-0.18631375000000006
CD44,0.06491500000000006
LOC105377832,-0.12577499999999997
SS18,-0.1200449999999999
SEPT7,-0.003632500000000094
OPN5,0.1317925000000001
TSR1,0.3347825
FAM76B,-0.17867374999999996
RASSF3,-0.259335
DEFB119,-0.034078750000000047
GABARAPL3,0.22631875000000007
MECOM,-0.3341874999999999
EIF5A,0.06840749999999995
ALDH1A1,0.17599999999999993
MARCH7,-0.07500499999999999
ZNF93,-0.04725999999999997
ZNF483,0.053873750000000054
BCORL1,0.2734475
AKAIN1,-0.17540125000000006
AKR1E2,0.14842374999999997
PKNOX1,-0.14644375000000004
CACNB2,-0.1800212499999999
MAP4K2,-0.08654125000000001
C3orf67,-0.1327449999999999
LARP1B,-0.13104374999999996
LINC00421,0.1702900000000001
PIGS,0.20064499999999996
CYP4F2///CYP4F3,-0.18667000000000006
DCAF7,0.5522800000000001
APOBEC3C,0.5609437499999999
PRRC2C,-0.15403875
APLP2,-0.09603000000000006
SPANXC,-0.16940624999999998
IFNA21///IFNA17///IFNA16///IFNA10///IFNA7///IFNA5///IFNA4,-0.20162999999999998
LAMB4,-0.25422125
IGFBP2,0.06600749999999994
PAK2,-0.1479725
SLC30A6,-0.21845625000000007
ZNF254,0.30249249999999994
LOC100131955///KCNJ15,-0.04179874999999994
ITGA10,0.6661637499999999
AVL9,-0.2704699999999999
RPL15P22,0.51794125
SEC63,-0.11326999999999993
C17orf67,-0.052885000000000015
DPY19L2P4///DPY19L2,-0.1398237499999999
SCN3A,-0.13602875000000003
RITA1,-0.22019624999999998
KLK7,-0.38362749999999995
THAP2,-0.18442625
STAM2,-0.15153624999999998
DAPP1,-0.16439125
GLCCI1,-0.11705999999999994
PABPC3,-0.18497249999999998
RUNX1,0.4188175000000001
CCNH,-0.20931875
EXOC7,-0.04416249999999999
KIF3B,-0.19860875
FBXL19,0.576655
SSTR2,-0.28802249999999996
RPS28,0.17581875000000002
ST7L,0.35016375000000005
IRX2,-0.2804425
TMEM237,-0.13616499999999987
PTPN2,-0.07918999999999993
EPPK1,0.0977924999999999
KCNT2,-0.24522500000000003
MYB,0.028401250000000045
PPID,-0.13149624999999998
CEP120,-0.266975
FKBP15,0.39498500000000014
STRADA,-0.011954999999999993
PCBD2,0.26581375000000007
LOC647109///LINC01192,-0.17572624999999997
HTATSF1P2,-0.13808249999999994
TATDN3,-0.20444999999999997
GPN3,-0.23943250000000016
EIF4E,-0.12101375000000009
LOC729173,-0.05079875000000006
RGS13,-0.17828125000000006
C19orf66,0.57285125
ANKMY1,0.04834124999999989
LINC01000,-0.01525749999999998
TMEM174,0.39368625000000007
FAM135B,-0.10158875000000006
CXCR4,-0.26003124999999994
LINC00337,-0.034609999999999974
NIPAL1,-0.6280887499999999
LAP3,-0.33608124999999994
ZNF37BP///ZNF37A,0.3197175000000001
BTBD7,-0.13011875
HHIPL1,-0.004213749999999961
FRK,-0.22057375
LMO7,0.15255125000000003
SPAG16,-0.013206249999999975
CCNA2,-0.08989749999999996
ATXN3,-0.20862375000000005
PLOD3,0.42078874999999993
BCL2L14,0.38124375
DAG1,-0.007948749999999949
ZNF570,-0.15262749999999997
NOS1AP,-0.011361249999999934
LUC7L,0.027462500000000112
ME2,-0.04711250000000006
MSH2,-0.18494499999999992
TEX10,-0.02335124999999999
TEK,0.2827562500000001
MACC1,-0.13173124999999997
SSX5,-0.33052625
LOC101927040,-0.048770000000000036
DIEXF,0.5238075000000001
GPATCH11,-0.06714749999999997
FCRL4,-0.294795
PAK6,0.4017187499999999
PRINS,-0.17408249999999992
LOC401585,-0.19204375000000012
FAM126B,-0.09336375000000013
LOC105370737,-0.3096337499999999
PSG10P///PSG5,-0.13934375
PEBP4,0.1215
RAD18,-0.1599987499999999
SNX9,-0.12355874999999994
GRIN3A,0.10552499999999992
RBM25,-0.33429250000000005
ZNF142,0.07634000000000007
LOC100130291///DSTNP2///DSTN,-0.50391375
WNT16,-0.18972125000000012
ZNF330,-0.34760375000000004
ZNF492,-0.09251000000000004
PRRG4,0.05364625000000006
BRAF,-0.03443124999999997
PCBP2,0.037170000000000036
RGS12,0.21569125000000006
PLA2G3,0.11629500000000004
NT5DC2,0.13968250000000004
KCTD9,-0.17042250000000003
RHEB,-0.057919999999999916
POU6F1,0.108095
CYP2D6,-0.006677500000000058
DPH6-AS1,-0.30773750000000005
HERC3,-0.17594624999999997
MTOR,-0.29618124999999995
ALPK1,0.15513124999999994
EDIL3,-0.07029875000000002
KCNMB2-AS1,0.06739999999999985
ALDH3B1,0.26322125
GSTT1,-0.26144125
NRK,-0.22288124999999998
F11,-0.3943224999999999
NR1D2,-0.17938624999999997
PTGDR,-0.0014412499999999495
SPATA21,0.003303750000000105
PCNX1,-0.05545374999999997
TNFSF11,-0.29800124999999994
C3orf58,0.57385375
ROBO2,-0.07607125000000009
ACSBG1,-0.12143374999999995
ANGEL2,-0.1816025
C5orf63,-0.09578750000000014
SGIP1,-0.04509999999999986
F11R,0.14627999999999997
EIF1AX,-0.01425624999999997
PRKRAP1///PRKRA,-0.21662875000000004
MEX3A,0.035408750000000044
EMC4,-0.060445000000000026
LRCH3,0.09289750000000008
PCF11,-0.2491000000000001
TBC1D1,-0.19523374999999987
VPS53,0.22622624999999996
MR1,0.22341375000000002
SAV1,-0.14044125000000002
HLA-C///HLA-B,-0.2257725
KLHL23,-0.1279249999999999
ALG12,0.36267125000000017
NRP2,0.17647625
PMS2P2,0.002840000000000009
DLEU2,-0.1594025
C18orf8,-0.03766000000000003
LRRC28,0.33379500000000006
RRP12,0.38638875
FAM216B,-0.24713374999999999
CCDC174,-0.07813249999999988
CSNK2A1,0.18101874999999995
PNRC2,-0.24716874999999994
SULT1A4///SULT1A3,0.27125250000000006
ZNF432,0.24722750000000004
VWA3B,-0.017653749999999968
LOC728701///LOC728649,0.10576125000000003
MED14,-0.2148525
ANKRD20A11P,0.15837499999999988
KIF24,-0.07295249999999992
RGS11,-0.06577375000000002
MRPS30,-0.004157499999999981
MACF1,-0.08547625000000003
SEPT7P2,-0.29354125000000003
TPR,-0.27311250000000004
LINC00899,0.26869625
TTC3,-0.15990999999999994
LOC401052,-0.24237500000000006
ELP2,-0.29179374999999985
SDHD,-0.10030749999999994
LOC100128146///ANP32AP1///ANP32C///ANP32D///ANP32A,0.10679624999999998
LOC100134611///LOC100130456,-0.16132249999999998
NFX1,-0.11409124999999998
AIM1L,0.65299625
ARID4B,-0.08974250000000006
NAA40,0.15947374999999991
SBF2,-0.05239250000000001
STON1-GTF2A1L///STON1///GTF2A1L,-0.14022125000000002
LOC101928535,-0.2411275
FAM63A,-0.37452375
IGLL5///IGLJ3///IGLV3-19,-0.05702125000000002
GTF2H2,-0.13122249999999996
TSPAN12,-0.2037400000000001
CCDC53,-0.06267250000000002
MRPL13,-0.12163000000000002
CALM3///CALM2///CALM1,-0.04991749999999995
STOM,-0.13701250000000004
CXADR,-0.4012425
SFR1,0.3177524999999999
COL24A1,-0.08163500000000012
RASL10B,0.6088675
PTK6,-0.029465000000000074
LOC84843,-0.13000749999999994
KIRREL2,0.026725000000000054
JPX,0.07115625000000014
IFNA21///IFNA17///IFNA10///IFNA7///IFNA4,-0.14401875000000008
CXCL5,0.13278125000000002
CSGALNACT1,0.4971100000000001
PNN,-0.12085125000000008
KPNB1,-0.16541625
CDAN1,0.35840125
LOC101927196,-0.205065
MST1L///MST1,-0.19745750000000012
PIK3R4,0.09089999999999998
OR5E1P,-0.023043750000000085
NABP1,-0.07992000000000005
SLC38A4,-0.20099625000000004
IKZF1,-0.020216250000000047
LOC400622,-0.08723625000000002
ISCA1,-0.1263137500000001
C20orf96,0.30032125
BLOC1S3,0.11991625
METTL5,-0.010428750000000098
RSBN1L,-0.04378874999999999
NOTUM,0.54041625
MMRN1,-0.17340750000000016
MBOAT2,0.04487374999999999
MRPL18,-0.14612124999999998
BRSK2,-0.041670000000000096
TRAPPC3L,-0.25516875000000006
USP39,0.18395
SLF1,-0.18621125
ZSCAN16-AS1,-0.09486624999999993
LINC01115,-0.08743375000000009
USP34,-0.16366624999999996
TBC1D12,-0.2093525
LOC100131613,0.023226250000000004
LRIG1,-0.19116250000000012
LINC01547,0.06522750000000005
C19orf43,-0.20486749999999998
NUP210P1,0.3961537499999999
LOC642103///MGAM,0.04653999999999997
INTU,-0.1751387499999998
FH,0.3353037499999999
LOC107105282,-0.3499412500000001
KLF3,0.002889999999999948
MIR4435-2HG,-0.026391250000000088
ASB5,-0.27942250000000013
PRELID3B,0.0021675000000000444
PIWIL1,0.010550000000000004
KMT5C,-0.12129250000000003
SSX1,-0.06573500000000004
ZNF687,0.14491749999999998
TSSK2,0.18711874999999994
PARTICL,0.16522750000000003
TRIM31,0.06508249999999999
SETD2,-0.0393862499999999
LHFPL3-AS1,-0.06819999999999993
LOC100134331///IGHM///IGHD,-0.042976249999999994
TRIM4,-0.12248874999999992
RECQL,-0.11894375000000007
HIPK2,0.06359375000000006
APLF,0.7329675
PCMTD1,-0.04546250000000002
TM7SF3,-0.09982750000000001
OGFRL1,-0.19787750000000004
ANKRD12,-0.05751499999999993
OR5AK4P,-0.015598749999999939
CEP170,-0.125135
ANKRD36BP2,-0.61318125
MAVS,0.3674799999999999
CEP295,-0.1655875
CYP2J2,-0.07911124999999991
ARMC4,-0.22281000000000006
LCTL,-0.27272749999999996
RHOQ,-0.203445
LOC652494///IGHV4-31///IGHM///IGHG3///IGHG2///IGHG1///IGHD///IGHA1,-0.06022749999999999
LOC648987,-0.36602500000000004
RPARP-AS1,0.041856249999999984
DDAH1,-0.07078499999999999
RIC1,0.5707125000000001
GTF2I,-0.11248000000000008
LRRC40,-0.10978499999999997
LOC642426,-0.22592
THAP5,-0.13547374999999995
C14orf1,-0.12393875000000004
ZNF790-AS1,0.045723749999999896
SUN3,-0.1921274999999999
MRPS25,-0.04829875
LINC01530,0.3266412499999998
ATP5SL,0.060457499999999775
PAK3,-0.08091125000000005
FOXP1,-0.22244875000000003
DCAF15,0.23886875000000007
AP2A2,-0.1651987499999999
PIGX,-9.624999999990891e-05
STARD8,-0.22353250000000002
TLCD2,-0.15397125
VPS13C,-0.16852624999999993
KIF18A,-0.29562249999999995
SPATA32,0.012241249999999981
COX10,0.003152499999999947
TOR3A,0.13368625
MBTPS1,0.32880499999999996
B2M,0.0410974999999999
SGCE,0.04977124999999988
SCAMP1,-0.15256874999999998
CADM2-AS1,-0.21846624999999986
EVI5,-0.08126124999999995
MAGEB2,-0.1326062500000001
HOPX,-0.055977500000000124
KIR3DX1,0.020387499999999947
FARSB,-0.08410874999999995
GPATCH2L,-0.05217624999999998
PREX2,-0.14149874999999995
C12orf65,-0.38532249999999996
LOC101928725,0.05980374999999988
KANK2,0.09065625000000005
LOC105374928,-0.31091875
IL10RB,0.15524500000000013
DCTN1,0.78861125
ZNF382,-0.22025125
DNAJC13,0.063525
NHLRC3,-0.09148125000000007
NT5E,-0.12189374999999997
TFB1M,-0.049968750000000006
THAP3,0.28490624999999997
BRIX1,-0.08035624999999996
RAB1A,-0.34788499999999994
MT1G,0.29794499999999996
SHISA6,-0.13129000000000002
AIG1,0.3787462499999999
GRK5,-0.157175
STXBP5-AS1,-0.2525799999999999
NEBL,0.31773374999999987
TMEM106A,-0.147515
MTHFSD,0.12362625000000005
EFCAB13,0.25161875
PDE7B,-0.25395249999999997
PHF2P1,-0.15605375000000005
NEDD4,-0.13044749999999994
IGLV3-19///IGL,-0.10569000000000006
HES7,0.49864249999999993
ACKR4,0.2794025000000001
CCDC152,0.4580425
LOC100289333,0.3426349999999999
LOC100134401,-0.16825000000000012
NBR1,0.019792499999999935
MED23,-0.016011249999999977
CDC14A,-0.27353875000000005
TRIO,-0.02878499999999995
ATP8B1,0.17315125000000003
DDX49,0.21531374999999997
SYNPO2,0.31534000000000006
ZC3H4,-0.060585000000000055
PRAME,-0.27055250000000003
TMEM123,-0.17328749999999987
DNAJC19,-0.05082625000000002
TIMM13,0.8124549999999999
CTSA,0.28992750000000006
FAM200A,-0.17975875000000008
CLDN18,0.2607362500000001
DYNC1LI2,-0.145345
GNB2,0.69493125
CES1P1,-0.12782624999999997
STIM1,0.08509124999999995
ITGB8,-0.17411000000000004
SSH2,0.05087625000000001
KLK9///KLK8,0.014497500000000108
ZNF264,-0.03806375000000006
PCDHA3,0.49081
PGK1,0.030449999999999977
PCGF3,-0.1409725
FAAP24,0.11925499999999994
PSG7///PSG4///PSG1,0.1506412499999999
KMT2A,0.47620375
PTPRE,0.16595499999999996
BOD1L2,-0.2850499999999999
WNK1,-0.15877750000000007
C8orf33,-0.1331787499999999
FAM120C,0.30147125
CREG1,-0.3526325
LOC652494///IGHM///IGHG3///IGHG1///IGHA1,0.24927749999999993
AP5S1,-0.050756250000000114
ATP11A,-0.10551999999999995
SMARCC2,-0.15265250000000008
PCCB,-0.19831500000000002
OBSCN,0.38180125000000015
METTL7A,-0.20908875
ARFGAP3,-0.19787750000000004
ATM,-0.2213462499999999
CACYBP,-0.14203500000000008
CTC1,0.031058749999999913
VN1R3,-0.10017999999999999
CUL4A,0.10083249999999994
SEP15,-0.19611999999999996
ITPKB,0.029310000000000003
PAIP1,-0.22788500000000012
ANKRD1,-0.10623749999999998
LINC01553,-0.19354125
TMEM52B,-0.13390000000000002
LOC101929713,-0.21643374999999992
EHHADH,-0.23217999999999994
LOC442113,-0.11635625
LOC283140,-0.24817624999999993
EIF4EBP2,0.07264875000000004
FEM1B,-0.0805800000000001
SLC39A8,-0.07505250000000002
MFAP5,0.3411425
FMNL1,-0.21757875
TEX36-AS1,-0.24863999999999986
LOC100132134///GUSBP9///GUSBP3///LOC643373///GUSBP2///SMA5///SMA4,-0.09695250000000005
UBTF,0.0713762500000002
TIA1,0.2548949999999999
PCM1,0.029886249999999837
REM1,0.151405
EOGT,-0.11260250000000005
SLC39A14,0.3539574999999999
CTNNA3,-0.16474625000000004
OSBPL8,-0.09390625000000014
ARHGAP27,-0.14011875000000001
LINC00923,-0.11832125000000004
FARP1,-0.3042999999999999
KRBA2,0.7676125
PTGDS,-0.04266499999999995
GULP1,-0.27238875
FAM136A,-0.22129624999999997
ZNF273,-0.07198749999999998
KLF5,-0.2164250000000001
ETV2,0.41603249999999997
WWTR1,-0.23154625000000006
CHORDC1,-0.10848374999999993
COX11,0.05140250000000007
LOC105375273,0.21196500000000001
DCAF10,0.6648487499999998
ZDHHC21,-0.11086125000000008
SRSF2,0.15540250000000017
PKN2,-0.20626
IQCH-AS1,0.09045749999999997
C11orf58,0.44634999999999997
OMA1,-0.16392875000000007
SVIP,0.1223475
CALD1,0.05346624999999999
TWSG1,-0.03577124999999998
TMED3,-0.15341500000000002
LOC729083,-0.015542500000000015
CD47,-0.14748
RBM3,-0.12838125000000006
LOC100132167,0.3896287499999999
SCAMP1-AS1,0.11308250000000003
INTS1,0.22578500000000007
NT5C1B,0.47094000000000014
IL6ST,-0.23167124999999994
LOC100287166,0.0027375000000000593
LOC400692,-0.10552250000000002
ZNF274,-0.14349500000000004
SARM1,0.2731874999999999
RAB11FIP4,0.015802499999999997
ABO,0.381775
RAPGEF6,-0.08514750000000004
CUL2,-0.032073749999999956
TRAK2,0.055011249999999956
PLEKHN1,0.5226374999999999
CCSER2,-0.1428299999999999
ANKRD11,0.5278925000000001
F13B,-0.25884750000000006
VWC2,-0.19842999999999988
MMP14,0.012541250000000004
KMT2E,-0.13859125000000005
C8orf34,-0.15511875000000008
LOC283788,-0.12432500000000007
HDAC11,0.5237699999999998
LOC100127955,0.597365
HSPA4,-0.14611749999999996
RAPGEF4,-0.12293749999999998
UBR4,-0.21647625000000004
MAPKAPK5,0.2265724999999999
CTSLP8,-0.20744625
SMA5,-0.13028125000000002
RTN4,-0.24512875000000006
SLC25A23,0.08753249999999996
WDR19,-0.5212675000000001
FGF9,-0.20200374999999998
LOC158434,-0.059478750000000025
CAGE1,0.07343375000000013
VPS8,-0.22899874999999992
KLHL25,0.040917499999999996
RASGRF1,0.18592000000000014
PSMA3-AS1,-0.18597124999999998
KLF10,0.08473250000000004
PCDHB9,0.16586749999999995
FAM117B,-0.10948374999999999
ZMIZ2,0.6241824999999999
TMC5,-0.12295624999999993
LOC729162///LOC389906,-0.02114125000000011
BSN-AS2,0.1739325
SNAI2,-0.2887675
SH3BP5L,0.09359000000000012
DEPTOR,-0.08412749999999997
CCDC69,0.19241124999999998
SLMAP,-0.38879750000000013
ZNF441,-0.1520875
LOC100130220///DDX3Y///DDX3X,-0.1108975000000001
CEPT1,-0.15991500000000008
DCAF6,-0.09080624999999998
CDC7,-0.048065000000000024
TNS1,0.34895
PDE4DIP,-0.06195375000000003
LOC101927610,-0.2813737499999999
CMAS,0.05450874999999994
CBR4,0.1034337500000001
SETDB2,0.2947175
ARMC8,-0.20798124999999995
HSD17B7P2///HSD17B7,-0.22006250000000005
LOC55338,0.11027375
GAA,0.006539999999999879
TMEM134,0.25883625
CYP2A6,0.4781475
CLDND1,-0.014490000000000003
CLYBL,-0.16360250000000004
SIX4,-0.1706225
LOC105375640,-0.08947374999999996
MYO15A,-0.16888250000000005
LOC100130173///PCNX4,-0.09175499999999992
TVP23C///TVP23B,-0.04232124999999992
SRRT,-0.2591600000000002
HNRNPH1,0.34806875000000004
MYO1B,-0.10299375000000005
FAM188A,-0.19344499999999992
U2AF1,-0.004736249999999942
SOS1-IT1,0.699665
ZNF417///ZNF587,-0.22169
WWP1,0.40412625
FSD1L,-0.11289749999999998
DHTKD1,-0.03934999999999994
ARFGAP1,0.016794999999999838
PDE1C,-0.06713875000000002
WDR86-AS1,0.15978750000000008
FABP2,-0.119425
ZNF556,-0.044145000000000045
CCDC181,-0.22595499999999996
FAM111B,-0.18015749999999991
DTWD1,0.15707499999999996
LOC105375172,-0.21770249999999997
LINC01004,0.16857499999999992
AMACR,-0.019742499999999996
LOC100128155///VAV2,0.0012099999999999889
SIK3,-0.08307624999999991
TCEAL7,-0.16188374999999994
IBSP,0.07217249999999997
NUP58,-0.26591875000000015
TAP1,-0.023071250000000043
PLEKHA8,-0.21908125000000006
LRRC37BP1///LRRC37B,-0.0024800000000000932
HCG18,0.009908750000000022
CDC73,0.29396375
NCBP1,0.33657375
SRRM1,0.20377999999999996
ZNF577,-0.06181375
SLAMF9,0.09247500000000003
YEATS4,-0.14472749999999995
LINC01138,0.3760850000000001
FBXO42,0.23373875000000005
LOC100130220///DDX3Y,0.1880262499999999
TFAM,-0.03374375000000002
LINC01554,0.31155499999999997
SRSF11,-0.23573999999999995
LMOD3,0.01998875
PIM2,0.13080750000000002
FGB,-0.1841175
ITGB3,-0.07216374999999997
SPRED1,-0.15622375
SNRPN,0.09954625
SHROOM3,0.0032475000000000698
EFCAB12,-0.19916999999999985
TGFBR1,-0.0279625
ZNF655,-0.09405749999999996
RHPN1,0.14850625000000006
NPIPB15,0.3762462499999999
GALP,0.2517950000000001
PYGO1,-0.15928625000000013
ARVCF,-0.02190624999999996
NDUFB8,0.5113862499999999
COX7A2,-0.12551125000000002
AKNA,0.14599625
ZNF148,-0.15967875000000004
SNPH,-0.2329199999999999
MBP,0.05149875000000004
ABCB5,-0.16547250000000008
PEX5L,0.10543375000000016
SMARCA1,-0.10619499999999998
IL7,-0.01798500000000003
SLC26A4,-0.116975
OTX2,0.15894375
PDE10A,-0.16689499999999996
IMMP2L,-0.17298750000000002
KLK2,0.25075249999999993
ATP9A,0.07089750000000006
SYPL1,-0.13485999999999992
GSTK1,-0.11871874999999993
FCGR2C,0.003201249999999878
LOC101929441,-0.12235374999999998
BLZF1,-0.15235125
ENTPD5,0.21257249999999994
RSPH10B2///RSPH10B,0.013312500000000005
APC,-0.02844249999999998
PCYOX1,-0.19464874999999998
C9orf163,-0.17887000000000014
DGCR11,0.0470087500000001
SRSF12,0.10162875000000005
VTI1A,-0.04412124999999989
CELSR1,-0.03701000000000004
LOC100506107,0.06080374999999999
ZNF738,-0.09704750000000001
LOC102546226,-0.13931375000000007
C2orf74,-0.14000374999999998
CSTF2T,-0.13327374999999997
RPL22,-0.13317374999999998
GBP4,-0.05656749999999994
DNAJC2,0.12392500000000012
NT5C,0.0340562499999999
RUFY2,-0.07878000000000002
SAMD15,0.0932575
MCUR1,-0.08160625000000005
CD276,0.12937375000000007
LINC01494,-0.1899725
LOC100505658,-0.13666000000000006
LOC100131058///TMEM198B,0.48414250000000003
IKBKE,-0.21757749999999992
LINC00566,0.007349999999999968
TMEM161B-AS1,-0.16222000000000003
EEFSEC,0.6286162499999999
PCDH11Y///PCDH11X,0.3623962499999999
CLIC4,0.04727874999999998
LOC100507006,-0.05520124999999998
CYP2E1,0.20882625
FAM166A,0.1873137499999999
LINC00624,-0.13834374999999993
ZC3H18,0.34107874999999993
DNAJC27-AS1,0.15530625000000003
BBIP1,0.04536625000000005
STRN3,-0.06567499999999998
ELL,0.005352500000000038
SMN2///SMN1,-0.16993624999999996
ABHD14B///TMEM231,-0.03656375000000006
SENP7,-0.1066824999999999
YAF2,-0.25660374999999996
PPIA,0.34155
VGLL3,-0.12113750000000012
ERG,0.031727499999999964
CASP8AP2,-0.19154
KCNIP4,-0.15103499999999997
SHISA3,-0.11888625000000003
FLJ31104,-0.17620124999999992
SVEP1,-0.1419025
KIAA1614,-0.18321000000000004
OIT3,-0.09093500000000004
RARB,-0.15223750000000008
TACR1,0.2988975
CCNT2,-0.20672625
SLC2A4RG,0.526275
PLCD3,-0.021207499999999935
MRC2,0.50892625
ZFX,-0.22013875000000005
GOLGA8DP///GOLGA8F///GOLGA8CP///GOLGA8EP///GOLGA8G,-0.18854499999999996
NCR2,0.364255
PPP2R2B,-0.07929749999999985
POLR2F,-0.10319499999999993
EPHA7,0.015538750000000046
KAT6B,-0.09764499999999993
GALNTL6,-0.18428250000000002
SNORD89,-0.15682999999999991
PROSC,0.011733750000000098
LOC100134361,0.002461250000000026
CHD4,-0.01846375
GRIK1,-0.13367
FAM26E,0.09034625000000007
SFTA1P,-0.007001250000000014
SLC26A7,-0.09116250000000004
SETP4,-0.12206749999999994
LINC00483,0.24841000000000008
GTPBP1,-0.02132750000000011
COL6A1,0.024336250000000004
NRXN1,-0.0017349999999998755
SP100,-0.15802750000000004
DNASE1,-0.012027500000000024
COL4A3,-0.11750000000000005
RBM12///CPNE1,-0.2370724999999999
LOC100129285///SPTSSB,0.18984625000000005
APPBP2,-0.09155249999999998
KATNBL1,-0.1790775
ARL4C,0.2772137499999999
PSEN1,-0.20634875000000003
TCL6,0.08479249999999999
PCDHB12,0.17417500000000002
TAMM41,-0.09830124999999995
GTF2A1,-0.05810124999999994
CD180,-0.0396824999999999
LINC01013,-0.24656875
EYS,-0.10475625
FBXO3,-0.03780875000000006
THAP9,-0.14083625000000005
GNL3,-0.12652249999999998
DOCK5,0.7780025000000002
SERTAD4,-0.19326749999999993
LOC51145,0.03930000000000017
FUNDC2,-0.18039125
NBPF3,-0.17350874999999993
UQCR11,-0.12989250000000013
SH3GL1P1,-0.015630000000000144
CD22,0.011483749999999904
PHC3,0.12934374999999998
MASTL,0.009236250000000001
NRXN3,0.24977250000000012
PGRMC2,-0.226545
ZNF114,0.14430374999999995
POLB,-0.16496499999999997
FLJ30679,-0.30262999999999995
YWHAZ,-0.13448499999999997
RWDD2A,-0.22167874999999998
USP6NL,-0.15238374999999998
LGSN,-0.16894499999999996
LOC101927636,-0.12646999999999997
RFPL1,-0.14634624999999996
C9orf142,0.30865000000000004
SAMD10,0.47351125
ZNF711,-0.12958249999999993
FUT8-AS1,0.057604999999999906
TMEM44,0.10209749999999995
LINC00868,-0.11633874999999999
RGS1,-0.10357749999999999
SLC16A3,0.4405112499999999
SLU7,-0.3671725
MDM4,-0.05073624999999993
C21orf58,-0.17839499999999991
GADD45A,-0.17384374999999996
TRIM5,-0.14444749999999995
EEF1B2,0.04259000000000007
CATSPER1,0.14559624999999993
LGALS3,-0.19493874999999988
ZDHHC13,0.25334625
GGNBP2,-0.13708375
MEIS3,0.025245000000000017
PRMT2,0.09765374999999993
RBMS2,0.17723875000000006
NIPAL3,-0.030807499999999988
FAM213A///TMEM254,-0.014771250000000014
KNG1,-0.050968749999999896
LOC100506675,0.2359774999999999
LMCD1,-0.13363499999999995
C4orf32,-0.06530374999999994
POU5F1B///POU5F1,-0.21791624999999992
MRPL9,-0.03809499999999999
MFSD6,-0.21045000000000008
GNG8,-0.08914374999999997
NFIB,0.07767250000000003
CDC42,0.19578750000000006
KIAA1755,-0.04466625000000002
LPCAT2,-0.06231375
BEND5,-0.20695250000000004
ADGRG7,-0.025232500000000047
FEZ1,-0.07141499999999995
PAK4,0.33373125
LOC100129105,0.2864062500000001
LINC00599,0.024568749999999917
ARL16,0.34040875000000004
FOLR2,0.1558274999999999
SSX4B///SSX4,-0.14374874999999993
PANX3,-0.044873750000000046
GALNT13,-0.08632875000000007
SP4,-0.1382675
BCL6B,-0.06556750000000006
UNC93A,0.3087112499999999
LOC646044///SSBP4,0.4011300000000001
KIAA1257,0.13720125000000005
ZBP1,0.2534275
CERCAM,0.5632387499999999
LINC01477,0.10540375000000002
POLR1E,0.20815250000000013
HPS3,-0.0016237499999999794
RET,0.03077374999999999
UBE3C,0.01762249999999993
ASH1L,-0.048173750000000015
TMEM198,0.2782975
KIAA1671,-0.09558124999999995
TPCN2,-0.31940874999999996
TET2,-0.12938875
AFF4,-0.06260125
CLP1,-0.17131250000000003
VPS13B,0.08262124999999998
OLFM3,0.09247750000000005
PI4K2B,-0.12462499999999999
LHFP,-0.22160375
PPP1CB,-0.13530999999999999
EIF5B,-0.17981124999999998
LOC101926959,-0.07193875
NR4A2,-0.06866374999999997
UHRF1BP1L,-0.10542124999999997
MGST1,-0.11547624999999989
PM20D2,-0.06997625000000007
WBP4,0.281
QDPR,0.029311249999999955
TGFB1,0.14621625
BHMT2,-0.08016999999999991
COA1,0.07529874999999997
TPM3,-0.1519475
CYTIP,-0.21965875
LINGO3,0.8904225
NHP2,0.07507749999999996
CYP1A2,0.39787250000000013
TMEM55A,-0.10914499999999994
LOC105371307,-0.17808875000000002
ZNF770,-0.10531249999999998
PLGRKT,-0.12806875000000006
SYNJ2,-0.14644999999999997
NAALAD2,-0.23051499999999997
NFIA,-0.20434375
NCEH1,0.16868
PAFAH2,0.57137375
PUS10,0.1342025
SNRK,-0.11862250000000002
DTD1,0.05460624999999997
KCTD3,-0.08215374999999997
GABRG2,-0.22671249999999998
TBX22,-0.18378874999999995
CCDC68,-0.15860625000000006
UGP2,0.08490375
PLEKHF2,-0.07666624999999994
ARHGAP26-AS1,-0.10914374999999998
GRM8,-0.023398750000000024
HABP4,0.68163375
IDH3G,0.036671250000000044
ARF1,0.64436
SHPK///TRPV1,-0.01078999999999991
FAM196A,-0.2578512500000002
FOLR1,0.24946625000000006
MED17,-0.05601124999999996
CD209,-0.15499749999999995
NCKIPSD,0.17773499999999998
BAALC-AS2,0.20594374999999998
LOC400590,-0.21381250000000013
IPMK,-0.19337125000000005
C14orf37,-0.0017562499999999037
THSD7A,-0.15991249999999996
MAATS1,-0.08148125
LOC284930,0.05976749999999997
NSUN5,-0.08245499999999989
LHX9,0.50641875
FOXC1,0.006231250000000077
ZNF81,-0.19280625
BPY2,-0.05156749999999988
INO80D,-0.053056249999999916
COL14A1,-0.14873000000000003
LINC00342,-0.12510374999999996
NSAP11,-0.10481625
PSIP1,-0.04352624999999999
SLC22A6,0.13581875
RIBC2,0.06103249999999999
KLHL3,-0.38481624999999997
ESCO1,-0.11921124999999994
GM2A,0.49074875
ARHGAP26,-0.15316125000000003
ZNF253,-0.07755750000000011
SNCAIP,-0.04005000000000003
LOC100130134,0.02301375
TDP2,-0.08448375000000002
MLLT10,-0.11482999999999999
DHX30,-0.02968999999999994
ZFP37,-0.09043249999999997
HEATR6,0.2305100000000001
DEFB118,-0.17437000000000002
PDCD4,-0.13020375000000006
FLJ14327,-0.20384750000000013
TMEM92-AS1,0.02083374999999993
KIAA1109,0.22266875000000003
DCN,-0.03821124999999992
PCDHGB7,-0.16477750000000002
LOC101930105,0.30392249999999993
CA3,-0.10192624999999994
SMARCA5,-0.0550775
GPR4,0.13842375000000012
TTL,-0.2000425
DKFZP586B0319,-0.20141749999999997
SEC31A,0.0925725
LINC00161,-0.22775874999999995
LYRM2,-0.07610874999999989
SFT2D1,0.25498
CCDC85A,-0.06192749999999991
ADAMTS5,-0.0790575
ARMT1,-0.040019999999999945
POLR1A,0.07161500000000004
LRRIQ1,0.13781125
LINC01350,0.014841250000000028
LOC100132726,-0.28888374999999994
HERC1,-0.23401125
NUDT21,-0.19388125
LOC389906,0.02769374999999996
SMS,0.3992412500000001
MIIP,0.6635925
HIPK1-AS1,-0.12089375000000008
EPB41L4B,-0.1182987499999999
FAM3C,-0.16171250000000004
CAMK1D,0.30522125
RPS20,-0.053246249999999995
PFN1,0.06672249999999996
C5,0.11601624999999999
MORC1,-0.166435
PPP4R3A,-0.06007374999999998
IMPG2,-0.12739999999999996
RPUSD3,0.09326374999999992
SNRPE,-0.19792624999999991
SLC16A4,-0.10113
ACRC,-0.07593624999999993
RSRC1,0.21926249999999997
PRDM5,0.010048749999999884
LINC00997,0.02579250000000005
CTU2,-0.31966125000000006
NUDT4P1///NUDT4,-0.24611625000000015
BRCA1,0.2876337499999999
LOC401134,-0.16435250000000007
UBA6,-0.1573099999999999
NUDCD1,-0.057733750000000084
CLTA,0.04143750000000007
CPPED1,-0.007486250000000028
RPL41,0.11151124999999995
TMEM63A,0.02999999999999997
MIF4GD,0.6086924999999999
C14orf105,-0.03343250000000003
SUCLG2,-0.26371375000000014
LOC100507291,-0.20120125000000005
YLPM1,-0.19547125000000004
PTGER1,0.6405162499999999
PRMT9,-0.14283374999999993
HSPH1,0.05362250000000013
LOC105374042,-0.05781625000000001
MMD2,0.05392374999999999
PTGS1,-0.13049000000000005
IGHV3OR16-6,0.18927125000000006
PRKX,0.7587712500000001
HSF2,-0.16167875000000004
MRVI1,0.15953249999999997
PCDHAC1,-0.06835874999999997
TSSC4,0.43092250000000004
C2orf68,0.1311199999999999
ZNF678,-0.18850374999999991
PTP4A2,-0.0697000000000001
EGFEM1P,0.011508749999999901
LOC101928047,-0.09830749999999999
OTOP2,-0.17767874999999994
ZNF268,0.10933749999999998
CD226,-0.07678374999999993
RBM17,0.35755125
FBXW7,-0.11290124999999995
TCF3,0.03377250000000004
LEKR1,-0.057830000000000104
PLA2R1,0.02577375000000004
FAM13C,-0.148065
IFNL1///IFNL3///IFNL2,0.58834125
PPP2R5C,-0.05883250000000001
EIF3F,0.8173212499999998
LOC101929144,0.003286249999999935
TNAP,-0.11247999999999991
SCG3,-0.13285249999999987
RAB18,-0.2835999999999999
SHMT2,-0.1060087500000001
TCEANC,-0.18626499999999996
ZNF706,0.07354
AKIRIN1,-0.13231874999999993
ERVMER61-1,0.014747499999999969
TULP4,-0.037175000000000014
GOSR1,-0.1558675000000001
HMGCLL1,0.03686250000000002
SEC23A,-0.13084875000000007
LOC728475,0.2661162500000001
FBXO40,0.029554999999999998
EGOT,0.10890125000000006
LOC645166,0.01590625000000001
FCRLA,-0.11199249999999994
PHLDB1,-0.1521325
PEX3,0.20663125000000004
NT5DC1,-0.07288499999999992
CYBB,-0.10237249999999992
PTPN22,-0.03572000000000003
RNF135,-0.043432499999999985
NUS1,0.028407499999999974
PKI55,0.14964500000000003
DCUN1D1,-0.22044249999999987
ADAM21P1///ADAM21,0.20451500000000006
PPP2R1B,-0.17190374999999997
SH3BGR,-0.16130124999999995
PRR29,-0.16379374999999996
PSPC1,0.25175875
DKFZP586K1520,-0.16929499999999997
KLF12,-0.045171249999999996
IL6R,-0.40616874999999997
SWAP70,-0.139465
CCDC14,-0.11944375000000002
GPALPP1,-0.028693750000000018
TMEM17,0.24838375000000007
SMYD1,0.07175499999999996
EPHB1,0.2760225
RPL30,-0.09900624999999996
ANKRD10,0.12130750000000001
VAC14,-0.04170374999999993
ZNF277,-0.01213375000000011
DNMBP,-0.15193375000000003
VEPH1,-0.27236125
GALNT3,0.0062112500000000015
SERPINB9,-0.12273500000000004
RAB27A,-0.13735499999999995
FDFT1,-0.06773375000000009
HSPA12B,0.2555550000000001
TARS,-0.05537749999999991
MKI67,-0.12828375000000003
VDR,0.5530387499999998
MDH1B,-0.08638625
NIPBL,0.28312499999999996
PBRM1,-0.060147499999999965
TRPV3,0.4892774999999999
MTMR1,-0.006743749999999993
NORAD,-0.01937
LOC100134365,-0.19154125
MGC10814,0.25386624999999996
ZC3H14,-0.08747750000000004
HOXC4,0.19516624999999999
ZFP30,-0.15277625000000006
ABI3BP,-0.16259000000000012
ALDH7A1,-0.15453749999999994
RDH11,0.07365249999999995
IGF2-AS,0.10272874999999998
TMEM209,-0.11508125000000008
NPAS2,-0.06019499999999994
ROBO1,-0.10087750000000006
MZT2B,0.012025000000000008
STX12,-0.024848749999999975
HOXC13,0.13783999999999996
LOC100288590,-0.17196
TFEC,-0.16686500000000004
PXK,-0.048938749999999975
RIC8B,0.07639749999999995
BMP2K,-0.21031999999999995
INO80B///WBP1,0.31959374999999995
TRUB1,-0.13150749999999994
SLC6A10P,0.6008612499999999
RCL1,0.38001000000000007
CFHR1///CFH,0.0006700000000000039
EIF3C,-0.122035
PNKD,-0.24997749999999996
ZDHHC20,-0.20894375000000004
PPHLN1,-0.041212499999999985
ZNF138,-0.2549450000000001
CALML4,0.14204375000000008
LOC105369266,-0.055675000000000086
VMA21,-0.22042125
DENR,-0.19904875
MEGF9,-0.11406500000000008
DLEU2L///DLEU2,-0.20527625
RAMP2-AS1,0.11877499999999996
PBOV1,0.3200875000000001
KLHL4,0.11331375000000016
ACAP1,0.12747999999999993
LOC652637///WHAMMP3,0.21649625
VAPA,-0.14771249999999986
SLC2A10,-0.04085249999999996
CREBRF,0.15011124999999997
JMJD1C,0.1678699999999999
ZMYND15,0.08587875000000006
DLC1,0.034403750000000066
LINC01520,0.024874999999999925
STRAP,0.18906374999999997
FGFR2,0.07100875000000001
PCDH17,-0.0822425
ARF6,-0.02636250000000001
ZNF300P1,-0.009994999999999976
MED13L,0.20752625000000002
MIGA1,-0.12896875000000008
GUCA1C,0.09145750000000014
C6orf89,0.5427499999999998
CFAP57,-0.1204900000000001
RAD50,-0.002383750000000129
NPR2,0.15659374999999986
RTCA,0.0610662500000001
WDR77,-0.14883500000000005
ZRSR2///ZRSR1,0.1848800000000001
ARPP21,0.17791625
SLC44A5,0.11795875
ZNF552,-0.1984225
LANCL1,-0.1778225
MPZL1,0.06799624999999998
LOC105370832,-0.2580875000000001
PIK3C2A,-0.08189000000000007
FAM124A,0.06591249999999998
YIPF2,0.3066674999999999
LOC728804,-0.20679999999999993
ISOC2,0.16792374999999987
ABCD4,-0.06955250000000002
GSK3B,-0.02205499999999999
OLFML2B,-0.06590124999999997
SUGT1P1///SUGT1,-0.11697625
C5orf49,-0.11063250000000002
PHLDB2,-0.302155
FBXO8,-0.08859
SLC4A4,-0.04234250000000006
FAM49A,0.020703750000000076
CD83,0.06490750000000006
DIXDC1,-0.14372250000000003
NDC80,-0.15108749999999987
CHRM1,1.00532375
RPS28P6,0.3242824999999999
ING1,-0.2747575000000001
CFHR2,-0.12695124999999996
ZNF555,0.002145000000000119
LINC00675,0.023947499999999955
COL3A1,-0.46526625
FGF22,0.22083375
FBXO10,-0.04571749999999991
MEX3B,0.1433887499999999
LIFR,-0.14604000000000006
SLC13A1,-0.160715
PNLIPRP1,0.11012
KIAA1429,-0.08771625
CCDC144CP,-0.06033374999999985
RALB,-0.02309124999999984
LINC00926,0.4162
EPHA3,-0.07173374999999993
MBD5,0.0826987500000001
DBT,-0.0237274999999999
DNAAF2,-0.11441874999999996
TF,-0.010302500000000103
MYO5A,-0.13673375
LOC101929073,0.07332875
MRPS31,-0.050052499999999944
ENOX2,-0.025891250000000143
MUC20,-0.17788249999999994
VPS13A,-0.11936624999999995
CELF2,-0.1861937500000001
LOC439911,-0.11999624999999997
VPS50,-0.015314999999999912
ZNF283,-0.13802999999999999
GHRLOS,0.06137875000000009
MAGEA4,-0.18180124999999997
MITD1,-0.1091625
LOC100294145,-0.007380000000000109
FAM206A,-0.05305999999999994
S100A10,-0.20617374999999993
KCNA4,-0.13353124999999993
PCAT4,-0.13926499999999992
RPL34-AS1,0.33379749999999997
SH3TC2,0.12271749999999998
PRR11,-0.11652874999999996
ANKRD26,0.035348749999999984
TNP2,-0.04888249999999994
GPR137C,-0.20481875000000005
SYT6,0.20137749999999988
CGB8///CGB7///CGB5///CGB3,0.4269812499999999
KCNJ3,0.26852000000000004
LOC101927124,-0.09062375
MEGF8,0.020178750000000023
CHKB-AS1,0.16087125000000008
LOC100132735,-0.05509375000000005
RGPD6///RGPD7///RGPD5,0.1024537499999999
CYLC2,-0.14445875000000002
PLCXD3,-0.17086500000000004
NBPF10///NBPF8///AE01///NBPF9///NBPF11///NBPF12///NBPF1///NBPF14,0.047888750000000035
PIGC,0.0018324999999998481
TCF7L2,-0.10906250000000006
CFAP70,-0.14382499999999993
PDE6B,-0.05639625000000004
GAL3ST1,-0.023703750000000023
ADH7,-0.050594999999999946
LCA5,-0.17901375000000008
LACC1,-0.13545000000000001
GTDC1,0.44440749999999996
MNDA,-0.13435374999999988
MRPS18C,0.06089500000000003
NAPEPLD,-0.09603624999999988
PTBP1,0.067415
PPP1R12C,0.460915
LOC100132620///LOC100132540///NPIPB5///LOC729978///NPIPA2///LOC613037///NPIPB3///NPIPA1,0.19652000000000003
ARHGEF10L,0.10480125000000007
PDE12,-0.1774949999999999
METTL6,0.2622875
SF1,-0.1085875
PHF20L1,-0.19285625
ZNF814,-0.2090849999999999
GNL2,-0.0835324999999999
DMPK,0.47190375
CBX8,0.1075275
CPEB3,-0.13450249999999997
HEYL,0.13057749999999985
GGT2///GGTLC3///GGT3P,-0.10128125000000004
ROPN1,-0.03244124999999998
TMEM241,0.33296875000000004
SLCO4C1,-0.14005374999999998
ARMC10,-0.014060000000000017
EFCAB2,0.031643750000000026
HEATR1,-0.10382875000000003
MIR3976HG,0.005404999999999993
ZNF680,-0.20190375000000005
LOC105377458,-0.25453250000000005
USP24,-0.24517625000000004
NOX1,0.22464875
LOC100129513,-0.16949750000000002
MYH14,-0.08114500000000002
TRIM72,0.07102624999999996
WIPI2,0.18610749999999993
LOC100289518,0.12572499999999992
TMCC3,-0.1869675
RNF217-AS1,-0.17279375000000008
CACFD1,0.16467249999999994
DNAJC24,-0.12908125000000004
AGFG1,-0.16485249999999996
ZMYM5,-0.19460000000000005
BPIFA4P,0.2029125
NAF1,-0.033734999999999904
SDHB,-0.1787437500000001
ANKS1B,-0.020332499999999976
LOC652276,0.23575999999999991
EDEM3,0.11594375000000001
ZNF480,-0.0513162499999999
GGCX,-0.15989999999999993
LOC100131014,-0.00513250000000004
LYL1,0.0037412499999999738
ZNF701,-0.06396750000000001
S100A1,0.0651275
KDM4C,-0.047532499999999867
UBE2R2,0.38257875
SPATA22,-0.027359999999999995
XIST,-0.19086375000000005
FGD2,0.13261000000000006
KYNU,-0.2675274999999999
LOC440871///IGK///IGKV3-20///IGKV3D-11///IGKV3D-15,0.3446737499999999
LOC100131540///SHC3,-0.07701874999999997
RRBP1,-0.07960249999999991
MTX3,0.3613037500000001
DDI2///RSC1A1,0.03050375000000005
NUCKS1,0.09983249999999994
MTMR11,0.057731249999999956
KMO,-0.003928750000000092
RPS15,0.65344625
BRD7,-0.12657624999999995
TRNT1,-0.013257500000000089
TDGF1P3///TDGF1,-0.27443
LOC101927314,-0.1286962499999999
GYPC,0.16444625000000013
XIAP,-0.05318500000000009
ENDOD1,-0.246575
IWS1,-0.27094750000000006
BGN,0.04821624999999996
FCHO2,-0.25724624999999995
ALDOB,-0.22190749999999998
STYX,-0.17293375
KATNB1,0.2053525
CFAP43,-0.03721124999999992
TBL1X,0.15718875000000004
CLCA4,-0.10498249999999987
FOXN3,-0.09051749999999992
TAF4B,0.08404125000000012
TRIM25,0.32311
TTN,-0.09860750000000001
PPP4R3CP,-0.09524749999999993
MSL3,-0.20486999999999989
AQP6,-0.23894499999999996
ZNF92,-0.0921512499999999
KBTBD6,0.47863125
LOC90768,-0.0006387500000001323
PYM1,0.08570500000000003
FAM149B1,-0.060633749999999986
TDRP,-0.20741000000000004
LINC00032,-0.029976249999999982
FAM65B,-0.12158124999999997
DCT,-0.07596124999999998
CSMD1,0.37103374999999983
HMGCL,0.1730087500000001
TMEM108,-0.33978625
TRAPPC13,-0.1605962500000001
DLX1,-0.0798350000000001
CCDC107,-0.07634125000000008
ACTR2,-0.2020575
FAM161A,-0.08857999999999994
FMR1NB,-0.014889999999999959
GH1///CSH2///CSH1,-0.001707499999999862
DKFZP434L187,-0.03948750000000001
ZNF654,-0.3012425000000001
TNFRSF11B,-0.1191600000000001
LOC102467079,-0.07534250000000003
ABCC3,0.3701650000000001
KIAA1654,-0.07525250000000006
IFT46,0.26396875000000003
TYW5,0.17333125
C18orf54,-0.3160425
CCNJ,-0.02893749999999995
BST2,0.06698124999999999
RSF1,-0.11816125
RAD54B,-0.04211999999999999
C1QTNF3///AMACR,0.013802499999999884
NUTM2A-AS1,0.5080250000000001
DSC3,-0.12685999999999997
LINC00662,-0.12097624999999995
PUM3,-0.30395500000000014
HCRTR2,-0.052488750000000084
NRSN1,0.5839762500000001
SDHAP3///SDHAP1///SDHA,-0.10290499999999997
CXCL2,-0.0042899999999999605
FAM122B,-0.07514125000000005
C2orf69,-0.19883124999999996
LOC100134685,0.05506875000000011
TADA2B,-0.3175675
CXCR5,0.0349525
C6orf163,0.04173499999999991
MAP9,-0.15416375000000004
PAXIP1-AS2,-0.04439000000000004
STARD10,0.20907500000000007
FAHD2CP///FAHD2B,-0.052991249999999934
CARD8,0.09632000000000007
C17orf75,-0.19714749999999998
LOC728323,0.06771250000000006
APBB2,-0.09257125
FAM21D///FAM21A///FAM21C,-0.290695
TKT,0.4944337499999999
TTC33,-0.026132500000000114
RNF126P1,-0.10079750000000004
LINC00551,-0.06812875000000002
LMBRD2,-0.10202999999999995
EFCAB6,0.05144000000000004
C3orf79,-0.08698500000000003
AHDC1,0.6094275
IGFN1,0.32317
RAB28P5,0.10678500000000002
SNX2,-0.17761499999999997
WLS,-0.15887250000000003
HNRNPM,0.19457000000000002
ADAMTS4,0.25098499999999996
LOC100133039,0.322495
LOC440864,0.3618125
IFNA17,-0.08355124999999997
NFIC,-0.1538675
SNRNP35,0.15411624999999995
ANKRD50,-0.10204124999999992
PPWD1,0.18169624999999995
PPP2R3A,0.33276749999999994
UBE2K,-0.25410625
POLDIP3,0.25145625
TPT1P4///TPT1,-0.005930000000000046
RCBTB1,0.16716625000000002
RPS4XP11///RPS4X,0.10540624999999992
REL,0.05435499999999999
ATF6,-0.12106374999999997
ANAPC7,0.09510375000000004
B3GNT7,0.08095499999999994
LOC100505797,0.035673750000000004
DGCR14,-0.03755749999999991
TATDN1,-0.08591624999999986
STUM,0.14440875000000003
QSER1,0.07915249999999996
AGBL3,-0.10163625000000004
ARHGAP12,-0.05087499999999989
ADAM3B,0.028448750000000078
MAP1LC3B,-0.07235999999999998
RHBDL2,-0.07807750000000008
GRIA4,-0.17869250000000003
MIR137HG,-0.1222187500000001
BOD1L1,-0.04720874999999991
NCK2,-0.019428749999999995
ZBTB24,-0.13250000000000012
H2AFJ,-0.0250475
SRSF1,-0.13277624999999993
PSMA3,-0.1922362499999999
PPM1F,0.07236374999999995
MCM3AP-AS1,-0.2067774999999999
FAM201A,-0.097335
C11orf1,-0.0350125
HECTD1,-0.04879499999999998
UBE3A,0.6289562500000001
SIGLEC6,-0.12090500000000004
DDX21,0.020973749999999958
IRAK3,-0.07025499999999996
ATG4B,-0.011531250000000048
LOC728210,0.4370649999999999
ZNF616,-0.13314250000000005
ZMYND8,-0.10857375000000019
CLPX,-0.173585
CAB39,-0.20828375000000005
RCN3,0.25441375
IREB2,-0.0937925
KLHL14,-0.20120875000000005
GSTCD,-0.05587500000000012
KCNS2,-0.045522499999999966
DBI,-0.010703750000000012
TAF1A,0.004910000000000081
CLASP2,-0.18607250000000003
MPV17L2,0.28669374999999997
IL1R1,-0.07265624999999998
RPL31,0.18677874999999994
C20orf202,0.21771000000000001
ZNF625,-0.35168875
MEMO1,0.16167750000000003
LINC00485,-0.03427374999999999
LOC101928837,-0.05213749999999989
UBE2A,-0.3288275000000001
TTC12,-0.18031624999999996
HNRNPA3,0.09665749999999995
KANSL1L,-0.12753375
GPR26,0.09178749999999991
PSMD10,-0.3352662499999999
TP53I3,0.10507374999999991
GPRC5B,-0.08662249999999988
GPR155,0.06575500000000001
FGF2,-0.03156999999999993
LOC51336,-0.06474124999999992
XPNPEP3,-0.13052750000000007
TRAF3IP3,-0.15632374999999993
CDKL1,-0.00613625000000001
TOP2A,0.11657375000000009
PCGF2,-0.17430375000000004
SCN9A,-0.13992250000000006
PIK3CD-AS2,-0.008172500000000082
PDCD5,-0.10783749999999992
MCM8-AS1,-0.07815249999999985
LRP2,0.008231249999999968
PECR,-0.15460625000000006
TFR2,0.20772000000000002
KIF11,0.06100875
SERPINB4///SERPINB3,0.11431249999999998
RNASET2,-0.01841999999999988
FDX1,-0.16349124999999998
TRPC6,0.0038200000000000456
LOC100129112,-0.15925375000000008
LOC101927138,0.10221374999999988
NUTM1,0.14177625000000016
SEC14L1,-0.10788000000000003
SNHG10,-0.022862500000000063
ABHD13,-0.12460375000000001
MFSD4A,-0.13570875000000004
CUBN,0.04251125
POLG,-0.025674999999999892
ZNF608,0.09954625000000006
GLRX3P2///GLRX3,-0.028987500000000055
TNFRSF12A,0.40745500000000007
DHX16,0.15739875000000003
SMIM8,-0.09082499999999999
HEY1,-0.097105
AZI2,-0.15461125000000003
TAX1BP1,0.008705000000000018
MINOS1,0.10502000000000017
CYP19A1,-0.09038125000000002
ZNF792,0.06780249999999999
GNAQ,0.027422500000000016
ESPNL,0.19471624999999998
CREBZF,0.022567499999999907
PPP1R12B,-0.16713250000000002
GALR1,0.09163749999999987
LOC648556,-0.07764374999999996
VAMP2,-0.009630000000000027
ALDH6A1,-0.21219874999999994
LOC101927018,-0.09005750000000001
ACVR2A,0.17929000000000012
CLEC7A,-0.23655499999999996
LOC643287,0.08704750000000006
CTR9,0.04944749999999998
AASS,-0.15953124999999996
TNFSF12-TNFSF13///TNFSF12///TNFSF13,0.3698100000000001
CHD2,-0.17459250000000004
LOC105378732,-0.11241499999999993
LOC440895,-0.06841375000000005
DNAJC10,-0.28114875
TINF2,0.14062999999999992
ZCWPW2,-0.17736375000000004
RAB33B,-0.09294875000000002
HNF4A,0.19457624999999995
SLF2,0.4667062500000001
KCND1,0.1728274999999999
SLC22A24,-0.10428750000000003
ZNF791,-0.11158124999999997
CACNA2D4,-0.07953499999999991
CYP2A13,0.048926250000000004
ZNF789,0.32307625
SHCBP1L,-0.07029374999999993
CDC27,-0.08942375000000002
SLC29A2,-0.3266037499999999
SNX1,0.11630374999999987
ZNF287,-0.022771250000000076
PHLDA2,-0.11953874999999997
SLFN13,-0.01400499999999999
ERF,-0.08339375000000004
PSEN2,0.35381125
HK2,0.17609374999999994
SKAP2,0.16398249999999998
EFCC1,0.0589925
ZNF846,-0.17368749999999994
FBXO28,-0.2709499999999999
ATP5S,-0.23264749999999995
MARK3,-0.14667374999999994
TXNDC9,-0.11817125
AKAP12,-0.03540375000000001
NKTR,-0.14223124999999992
SLC16A14,-0.28268625
TNFSF14,-0.07707000000000003
IPO9,-0.09802625000000004
PCGF5,-0.1329312499999999
TRMT2B,-0.07074875000000003
OR7A10///OR7A17,0.3819625
CCNB2,0.022416250000000137
NKD1,0.28582500000000005
AGPAT2,0.6675025
ING3,-0.02860625000000011
MANEAL,0.00752374999999994
GSN,0.0076924999999999355
LINC01085,-0.10955749999999992
IGKC,0.02803750000000005
SPTSSB,-0.001941250000000061
C14orf184,-0.020371250000000063
ANKHD1,-0.08082124999999996
USP45,-0.21744500000000005
CLMN,-0.07337625000000009
MARK1,0.010008749999999955
LOC100130429,0.09594124999999992
SLC22A23,0.08768124999999999
GTSE1-AS1,0.10212749999999998
TBX15,0.21014499999999997
CALN1,0.020019999999999982
OSBP2,-0.2560112500000001
SPOCK3,-0.027882500000000088
RBP2,0.46357125
LOC284926,-0.1231299999999999
YKT6,0.24528375000000008
CNOT7,-0.13684499999999994
WDR20,-0.1282724999999999
COMMD5,-0.36083625
CREBL2,0.44841625000000007
KCNJ1,-0.06322374999999997
LINC00355,0.20775749999999998
FAM49B,-0.01270375000000007
TRIM49,-0.0870225
ZNF852///ZKSCAN7,-0.24403875000000003
ADAM9,-0.12318625
LOC100130815,0.07452249999999994
ABRACL,-0.07958250000000006
OFD1,-0.1353037499999999
ZNF471,-0.15710124999999997
MRPL44,-0.11521000000000003
POTED,-0.13809249999999995
IPP,0.16109249999999992
RAD21-AS1,-0.0008024999999999283
PRDX2,0.2614112500000002
NBPF10///NBPF8///AE01///NBPF9///NBPF15///NBPF11///NBPF12///NBPF1///NBPF14,0.08360124999999996
ZAK,-0.1010375
GLOD5,0.10748124999999997
SLITRK6,-0.10471249999999999
LOX,-0.21168250000000005
LINC00320,-0.11257499999999998
COLGALT1,0.20146249999999993
LOC100508226///MAGI1-IT1///MAGI1,0.02299000000000001
WIPF1,0.017677500000000013
LOC100133686,0.29325499999999993
SLC2A13,-0.04540250000000001
DLG2,-0.19004875000000004
PTENP1///PTEN,-0.08316749999999995
C10orf55,0.13044749999999994
LOC101928583,-0.29922124999999994
NAB1,-0.13662249999999992
DEPDC1B,-0.16721374999999994
DNAJB14,-0.20854999999999996
MRPL16,-0.048372499999999985
PAX4,-0.140675
CYP7B1,-0.019536250000000033
HBP1,-0.08965000000000006
HKR1,0.437705
TPMT,0.20411750000000012
LCE1E,0.029508750000000084
SF3B2,0.05956
ZNF639,-0.14981124999999995
MTHFD1L,-0.19008000000000003
HSD17B4,0.36826875
SKIV2L2,0.024417499999999925
BRD1,0.17249625000000007
GLMN,-0.07163874999999992
SCOC-AS1,0.581325
THY1,0.39902249999999984
CSNK1A1P1,-0.08482375000000003
DNAJC5,0.20991125000000005
KCTD20,-0.15035624999999997
OFCC1,-0.14434124999999998
NFE2L2,-0.21185124999999994
ZNF793,0.06873999999999997
TBX6,0.04343999999999998
MAGEA2B///MAGEA2,-0.15275499999999997
LMNB1,-0.13401874999999996
VSIG8///C1orf204,-0.11969000000000002
ADCY9,0.27541375
TRMT6,0.093665
LOC101927204,-0.06466124999999995
GTF2F2,0.15160000000000007
LARP7,0.17527125000000005
GBAS,-0.12014249999999987
LOC101928618,-0.11426875000000003
ESRRA,0.29741375000000003
KRT222,0.07098874999999999
RPL14,-0.33868500000000007
MCM9,-0.07327374999999997
CAPZA1,-0.2570612500000001
OR8G1,0.051393750000000016
GAPDHP32,-0.15384625000000007
CSPG5,0.42357750000000005
IFNGR1,-0.1943987499999999
SOCS2-AS1,-0.1449687500000001
FNTA,0.05875375000000005
LINC00623,0.42366374999999995
ADAM29,0.19356125000000013
PCGF1,0.06305875
TNFAIP8L2,0.09618000000000004
FYN,0.05146375000000003
SSBP1,-0.13948124999999995
CSNK1A1,-0.25263625
LOC101927237,-0.08358624999999997
HBB,0.09496749999999998
BCL7B,-0.01207375000000005
GRIK2,-0.18445625000000004
ABCA13,-0.050448749999999876
FLJ11827,-0.12216125000000005
NAA16,-0.13766999999999996
CPEB4,-0.07288499999999992
HMGN1P38///HMGN1,-0.08167750000000001
ZNF280D,-0.14511374999999993
CEP97,-0.008306250000000015
TBR1,-0.006852499999999984
SMIM10L1,-0.15845375
PPCS,0.011017499999999902
ABCC4,-0.20008374999999984
RPF1,-0.12105874999999999
CCDC189,0.006331249999999955
ANGPT1,0.026606249999999998
CASD1,-0.02958375000000002
LOC101929054,-0.06660124999999995
TPD52,-0.15324375
API5,0.11584625000000004
FBXL4,-0.14365750000000005
USP32,-0.13342375
DCTN5,0.04850999999999994
CRISP1,-0.12260374999999996
TTC30A,-0.11277249999999994
MTMR6,-0.06466249999999996
LOC105375531,0.42409375000000005
PLEKHA6,0.18572500000000003
CSGALNACT2,-0.08940500000000001
SKIL,-0.1372500000000001
FDPS,0.10937250000000004
ZFR,-0.056603750000000064
CNTNAP5,-0.10164375000000009
PRKCA,0.33158125000000005
ZNF830,-0.1634
SOCS7,0.11196375000000003
LOC441454,-0.004511250000000189
ALG3,0.51210125
LOC145845,-0.24812250000000013
CENPQ,-0.18507000000000012
GNL3L,-0.041886250000000125
RRN3,-0.07741375000000006
GPR146,-0.04213375000000008
DMRT3,-0.1694274999999999
GJA3,-0.0849962500000001
MAN1A2,-0.08572374999999993
GPR37,-0.10505750000000003
AKAP17A,0.02816875000000002
PDE6C,-0.175695
SLC9A7,0.01722250000000014
SPO11,-0.16114000000000006
MAN2B2,0.09433125000000009
AKAP5,-0.06174999999999997
C1orf27,-0.10718625000000004
RBMY3AP,0.5953599999999999
THBS1,-0.04799249999999988
CA6,-0.036262499999999975
ASPHD1,0.40975375
FAM27E3,-0.047483749999999936
HAS2,-0.18121500000000013
LOC285378,0.006609999999999894
SETD9,0.44999999999999996
LSM8,-0.03088499999999994
KRT16,0.5275999999999998
KDM5A,-0.15728249999999994
NEUROD1,-0.06591999999999998
GALK2,-0.039251250000000126
LOC105370612,-0.04259500000000005
SPRTN,-0.13098875
HDAC9,0.016805000000000014
C6orf62,0.07551875000000002
ENO1,0.33431500000000003
HSDL2,-0.06678375000000003
NADK2,-0.03009375000000003
GJB2,-0.11179249999999996
CCNC,0.011283750000000092
GLRA3,-0.053153749999999944
KCNB2,-0.18769625000000006
TAF3,0.11514874999999991
PHYKPL,-0.07402875000000003
PSG9,-0.053302499999999975
LOC101929680,0.03283124999999998
HPGD,-0.03286874999999995
MAP3K13,-0.13346249999999998
SLC35B3,-0.07887499999999997
RFFL,-0.18243875000000015
ATG12,0.38163625000000007
C10orf67,0.03444249999999999
A2ML1,0.042005000000000015
ISL2,0.20694875000000007
GTF3C3,-9.874999999992529e-05
UBE2Q1,-0.08121125000000001
PYROXD1,-0.0304299999999999
GATM,-0.20179874999999997
TUSC2,-0.1327337500000001
TUBA1B,-0.07217000000000001
CCDC40,0.06901874999999996
POFUT1,0.32567249999999986
APELA,-0.1814925
TMCC1,0.02117250000000004
ZNF626,-0.04643000000000003
SCD,-0.05905375000000007
OR5H1,-0.09282625000000005
FMO5,-0.11182749999999997
NPHS1,0.2013875
ESM1,0.03067125000000004
SLC16A11,0.006960000000000022
ENTPD1,0.049460000000000115
KCNV1,-0.17152874999999995
MTERF3,-0.06543749999999998
RPS17,-0.09968875000000005
BLID,-0.0847675
METTL9,-0.06659374999999995
OSMR,0.22740249999999984
RLIM,0.1894125000000001
HRASLS2,-0.23147750000000006
LOC283665,-0.04031999999999997
HPF1,0.17543000000000009
GNG7,0.08717000000000003
LOC727869,0.19077249999999984
C12orf80,0.36438875
CPM,-0.12314250000000004
IGIP,-0.02400374999999988
SLC25A37,-0.001687500000000064
CCDC88A,-0.20001250000000004
CUL7,-0.17747625000000006
RNF219,-0.25723
OCIAD1,-0.004218749999999993
ZBTB1,-0.12935000000000002
ULK2,-0.26387249999999995
ZNF25,-0.0987387500000001
TPD52L3,-0.09225499999999992
PIK3CB,-0.18446374999999998
ARHGEF2,0.04219499999999998
C1orf94,0.20634999999999987
LINC01360,-0.21479250000000005
PHACTR2-AS1,-0.13907999999999998
GSTA3,-0.11543375000000006
HCFC2,-0.12190249999999997
FOXK2,-0.19221375000000002
SRGAP1,-0.10837875000000002
NR2E3,0.0003950000000000897
RBMX2,-0.18712125000000002
ACACB,-0.10155625000000007
SNX13,-0.09203874999999995
STARD4,-0.10689124999999994
SPRR1A,0.03951375000000007
CNTRL,-0.14779375
EIF3J,-0.004427499999999973
LOC100134331///LOC642131///IGHV4-31///IGHM///IGHG4///IGHG3///IGHG1///IGHD///IGHA2///IGHA1///IGH,0.22060000000000007
KIDINS220,-0.34904999999999997
S100A11P1///S100A11,0.22654750000000007
S1PR2,0.47195
GFM1,0.28844125
KLHL9,0.1324975
ERBIN,-0.16804625
LOC284669,0.08205874999999996
FAM168A,-0.11248375000000005
LOC283922,0.27485874999999993
FRMD4A,0.11097249999999997
C10orf126,-0.31263375000000015
TP73-AS1,0.05341749999999995
CCDC141,-0.09488375000000021
FST,0.06877125
ITGBL1,-0.020669999999999966
TBX18,-0.08722750000000001
SMIM15,-0.05787375000000006
RPL13A,0.35489375
NR1D1///THRA,-0.21536125
CCDC121,-0.11773749999999988
NR4A1,0.22258124999999995
CFAP206,-0.16055000000000003
SLAIN2,-0.06155624999999998
NKAIN2,0.018681250000000038
TMA16,-0.19551750000000007
DEPDC4,0.38906249999999987
PCMT1,-0.27473000000000003
ACTR1B,0.46787625
PSMG4,-0.17387249999999987
ZNF707,-0.07729874999999992
KNOP1,0.20874624999999997
SCARA3,0.44194875
KLRK1///KLRC4,0.09013125000000005
NET1,-0.09816375000000005
PAH,-0.0686750000000001
ZNF233,0.0054874999999999785
NCS1,0.14512500000000006
RANBP9,-0.02823125000000004
HFM1,-0.25048375000000006
ZC2HC1A,-0.10819124999999996
WDR83,0.06996124999999992
RRS1,0.02896999999999994
RNF168,-0.12602999999999992
CYSLTR2,-0.06630874999999997
LOC284632,-0.07207500000000006
NRG2,0.03996875000000011
SNX24,-0.08389000000000013
ARHGAP42,0.05826374999999995
LOC646934,0.042561249999999995
SULT2A1,-0.16751625000000014
ZFAND5,0.1802700000000001
ZNF692,0.04513125000000007
SSPN,-0.18866
CFI,-0.10521874999999997
LOC100507053,-0.1486274999999999
HCFC1R1,0.3662287499999999
ESCO2,-0.10953625000000011
MYCN,-0.08561749999999996
ZNF658B///ZNF658,-0.055843750000000025
RPS3A,0.061568750000000116
SLC6A4,-0.08869875000000005
LRRC19,-0.11428749999999999
KCTD17,0.016791249999999924
RNF13,0.01452250000000005
LINC00470,0.007740000000000025
TMEM184C,-0.08086375000000001
NETO2,-0.26038374999999997
FGD6,-0.036187499999999984
APOPT1,-0.09777249999999998
SUSD5,-0.08672374999999999
ACOX1,-0.4345024999999999
ZNF91,-0.12157625
ATP6V1G3,-0.11663375000000009
SPANXB1,0.027767500000000056
PLCB1,0.4665849999999998
WDR66,0.11390624999999999
ZKSCAN1,0.18790875000000007
ZMYM6,0.04353624999999994
BTG1,0.02776999999999996
CENPI,0.019167499999999893
GPR161,-0.029882500000000034
MATR3,-0.10959374999999993
PPTC7,-0.06311749999999988
DKK2,-0.11822750000000004
BRCC3,0.024953750000000108
SOS2,-0.17494499999999996
LOC105372762,-0.14932625
TNIK,-0.05470750000000002
LOC253573,-0.17185875000000006
LINC00323,-0.24892875000000003
PTPN7,0.2535212499999999
PAK5,-0.13902749999999997
DDHD1,-0.21872125000000003
POGK,-0.10509250000000003
POLR3B,-0.09828499999999984
LINC00663,0.15031499999999987
DNAJC4,-0.053338749999999935
TGDS,-0.25380624999999996
LOC1720,0.3391737500000001
ARHGAP21,-0.11399999999999999
BHMG1,0.2259262500000001
NUP153,-0.06933250000000002
HNRNPA2B1,-0.11169250000000014
ESR2,0.06861500000000004
QKI,-0.09425499999999998
ZNF547,-0.039788749999999984
LYRM7,-0.05605374999999996
GRIPAP1,0.018467500000000026
DDX18,0.14088875
CSF2RB,-0.0661512500000001
CTSC,-0.08171125000000001
YIPF6,0.23856125000000006
DLX6-AS1,-0.06843250000000001
KBTBD7,-0.06456750000000006
AKAP10,-0.16964625000000005
SLCO1B7///SLCO1B3///SLCO1B1,-0.12019999999999997
RHBDL3,-0.02514749999999999
M1AP,0.0729749999999999
DAB2,-0.150385
FOXJ1,-0.03450249999999999
TRAF3IP2-AS1,0.07511124999999996
EVI2B,0.07879250000000004
C9orf3,-0.08459250000000001
C12orf60,-0.08979375000000006
NRP1,0.014148749999999988
TRIM33,-0.08870374999999997
USP46,0.20921250000000008
LRIG3,-0.24475375
ATL3,0.055287500000000045
TNFRSF10C,0.10992250000000003
LDLRAD4,-0.11343124999999998
SAMD12,-0.14666874999999985
ZNF320,-0.12213750000000001
HEATR4,0.15267249999999993
LIPA,-0.018598750000000053
CCDC142,0.07173624999999989
BHLHB9,-0.07907000000000003
FGFR4,0.32533124999999996
LOC105378577,-0.07149375000000008
DOPEY1,-0.10380375000000003
PREX1,0.01992624999999998
PMCHL1,-0.026108750000000014
DHFR2,0.01329625000000001
COLCA2,-0.09816375
UNC5D,0.16332875000000002
UPB1,-0.09430625000000004
SIRT5,0.07063625000000001
APOL6,-0.19686749999999992
MRPL15,-0.07607625000000007
LOC101927709,-0.10740625000000015
CWH43,-0.060972499999999985
SIKE1,-0.041077499999999934
DKC1,0.043233750000000015
DLGAP4,-0.07610124999999995
ARHGDIA,0.4636612500000001
RPL7A,-0.20484750000000002
CMTM6,-0.07297625000000002
SYNGAP1,0.43876
COPG1,-0.07083874999999995
MFAP3,0.07852999999999999
ADAMTS19,-0.08477874999999996
TERF1P4///TERF1P5///TERF1,-0.2546337500000001
RBM26-AS1,-0.132855
HINT3,-0.05122750000000004
ERO1A,-0.1265250000000001
ZNF826P,-0.06035625
FKBP7,0.14963500000000007
RC3H2,0.2379799999999999
NUDT9,-0.25647749999999997
UQCRC2,0.22792124999999996
PCAT7,0.23586500000000016
NFKBID,0.695435
MBD3,0.17152375000000003
PCNX2,-0.05499374999999995
PNPLA8,-0.02943000000000001
LOC100132357,0.12280500000000005
ENTPD4///LOXL2,-0.05895249999999991
LOC645984,0.02089374999999999
LINC00856,-0.01378625
YPEL2,-0.295015
LOC101929125,-0.11569749999999995
CCDC148-AS1,-0.1162225
TMPRSS5,-0.024337500000000012
NCOA1,-0.040148749999999955
CD36,-0.21276250000000002
DICER1-AS1,-0.1081375
NEUROD2,0.05556875
PRKCQ-AS1,-0.03833125000000004
RANBP1,0.15200874999999997
MB21D1,0.2017474999999999
DNALI1,0.03352250000000001
UGT2A3,-0.10982249999999999
SMG8,-0.09087750000000006
DIAPH1,0.65484125
VTI1B,0.05114125000000003
HPRT1,-0.02465874999999995
ZNF26,-0.16857999999999995
AGAP2,0.22616750000000002
RWDD3,-0.08457749999999997
TTC41P,0.15869250000000007
EEA1,-0.1659274999999999
NENF,0.18931749999999986
LINC01514,-0.10171625000000006
EIF4G1,0.30231
POGZ,0.07950750000000001
LINC01487,-0.08828375000000005
CALU,0.08114249999999995
PLCXD1,0.12399250000000006
NLRP14,-0.06556499999999998
NPHP1,-0.25928750000000006
ICA1L,-0.05474375000000009
DKFZP434H168,-0.13580625000000002
LOC729732///FAM93B///LINC00937///OR7E140P,0.2716662499999999
KCTD16,-0.38494125
MBNL2,0.06816124999999995
ANKRD36///ANKRD36B,-0.03700375000000006
ZNF100,0.18757999999999997
OVCH1-AS1,0.08626750000000005
ADAT1,-0.024367499999999875
SUCO,-0.11955249999999995
SMC6,-0.020461249999999986
MYO9A,-0.05751875000000001
KCTD6,0.10465000000000008
IQCH,-0.10108375000000003
CEP126,-0.07660000000000006
RFWD3,0.002134999999999998
LINC01006,0.005292500000000033
CAMKMT,0.19028374999999992
MUSK,-0.22502249999999996
LOC100130100///LOC652493///LOC650405///LOC647506///IGKV1-5///IGKC,0.12791750000000002
GLS,-0.060495000000000076
SERAC1,-0.04207875
HTR2A,-0.08172625000000006
KRT25,-0.18773374999999987
DNAJB7,-0.06047874999999997
TAF9B,0.017000000000000015
LOC100996716,0.45951999999999993
TIMM21,-0.045831250000000046
CMPK1,-0.10569249999999991
LOC105370629,0.027016249999999964
PUS3,0.04499500000000001
TTC25,-0.03573750000000003
LOC257152,0.1610912499999999
TAF1B,0.0037862499999999355
LOC731157,0.004452500000000026
AP1S3,-0.0017274999999999374
DMP1,-0.19457625000000006
SH2D1B,0.04120500000000005
PIGT,-0.019126249999999956
INSR,-0.18274625
NPEPPS,-0.12273125000000007
FBXL14,0.055478749999999966
MLXIPL,-0.1366312500000001
CCDC102B,-0.012386250000000043
LDLR,0.17447249999999997
FASTK,0.2584100000000001
DCLK2,0.034044999999999936
PSMG1,-0.06736499999999995
LINC00334,0.08370875000000005
CCDC37-AS1,0.14337749999999994
LOC727901///VWA1,0.6803050000000002
TTC14,-0.07814249999999995
UBXN2B,-0.12843875000000005
RANBP3L,0.05865750000000003
EPM2A,-0.032452500000000106
ARHGAP23,0.2713825000000001
TCTEX1D1,-0.15667999999999999
SATB1,-0.06434499999999999
TGOLN2,0.151105
LRRC38,0.009171249999999909
KIAA1211L,-0.38378125
RAB30,-0.10869250000000003
BEND6,-0.14478249999999998
MDM2,-0.06555750000000016
LOC339568,-0.08111125000000008
EMILIN2,-0.0007512500000001476
ATPIF1,-0.10130875
HMGA2,-0.09194124999999997
CCPG1,-0.06539749999999994
LINC01563,-0.16731124999999986
EEF1A2,0.4883787499999999
CERS1,-0.09836500000000009
LINC01289,-0.1012325
SLIT1-AS1,0.05573625000000004
TESPA1,0.06348874999999998
SMCHD1,-0.17628
RNGTT,-0.2989437499999999
LOC153910,-0.0406725
LAMC2,0.0817325000000001
PTPRS,-0.04112125
LOC101927829,0.10601
TLR4,-0.009387499999999993
POLR2K,0.039282500000000053
TPP2,-0.02600875000000008
FGF13-AS1,-0.14054374999999997
RNF17,-0.4443737500000001
C12orf43,-0.19127250000000007
HTR2B,-0.11709374999999989
TRMT13,0.01924375000000006
ANKRD6,-0.11386124999999997
ARID4A,0.25909499999999996
YEATS2,-0.12060499999999996
TMEM30A,-0.03556750000000014
KLHL24,0.12216250000000006
SCTR,0.08232999999999996
SLC50A1,0.310205
MAST3,0.5028487500000001
MGA,-0.06252374999999999
HESX1,-0.0051900000000000834
ABHD10,-0.16059500000000004
SMARCE1,-0.10415625
TMEM184A,0.27606124999999987
AHCTF1,-0.03280874999999989
IGSF8,0.2999499999999999
GALNT15,-0.11475625000000017
ACTR3BP2,-0.06694375000000002
TOP1,-0.1586125
TMSB4XP6///TMSB4XP8///TMSB4XP2///TMSB4XP1///TMSB4X,0.0760924999999999
FGD4,-0.12870749999999997
ZNF259P1///ZPR1,-0.19234499999999993
IVNS1ABP,-0.10097375000000003
GUCD1,-0.06378249999999996
RBM11,0.09715375000000004
CDKN2B,-0.08507875000000004
CCDC62,-0.011193750000000113
CCDC129,-0.3719075
ZNF883,-0.06108749999999996
ACTR6,-0.13317125000000007
RIPK2,0.05696999999999991
MANEA,-0.03546874999999999
SMIM11A,-0.17127874999999998
IGHV4-31///IGHM///IGHG3///IGHG1///IGHD///IGHA1///IGH,0.23107125
RFPL3,-0.07392500000000002
WBSCR17,-0.037495
PLA2G12A,-0.033426249999999824
FAM110A,0.6842662500000001
ST3GAL4,0.22027125000000003
MEDAG,0.09186374999999991
NHSL1,-0.09855625000000012
TCP11L2,0.2719775000000001
RPL23AP87///RPL23AP82///RPL23AP7,-0.09232249999999997
NF1,-0.10472250000000005
MKL2,-0.20893500000000004
CYB5R1,-0.05651375000000003
SGCB,0.07126124999999994
LOC728216///BCRP3,-0.009156249999999977
SRPK1,0.03591624999999998
MAGI2-AS3,-0.006639999999999924
LOC100287015,-0.12313624999999995
NAT8,0.3580875
ANK2,-0.10994499999999996
JAK1,-0.07221125
NFKB2,-0.10308000000000006
ARSD,-0.1787225
CAPN13,-0.15797749999999994
TYSND1,0.05693124999999999
MINA,-0.1364074999999999
FIP1L1,-0.026277499999999898
CSTA,-0.13031375
GPD1,0.3092962499999999
PPARA,-0.049903750000000024
HDAC8,0.2168062500000001
CAPZA2,-0.17023874999999988
ZFHX4,-0.08892374999999986
LOC732402///HACD3,-0.10121750000000007
CAMK2N1,0.18057125000000002
IGFBP5,0.5289150000000001
FLI1,-0.06839124999999996
PDZD2,-0.03378999999999999
CNTFR-AS1,-0.3288825000000001
DPH5,0.1777137499999999
UBAP2,0.42531625
TMOD3,-0.10711875000000004
ZNRF2P1,-0.17071125000000004
CREBBP,0.09386250000000007
EBF1,0.000510000000000066
AKAP14,-0.07205624999999999
MTF2,0.03997250000000013
EXOSC3,0.26648249999999996
LOC54073,-0.13829499999999995
ZNF43,-0.16300125000000004
PARPBP,-0.1966275
LOC100130207,0.0568225
HSPE1,-0.07922625
STK17A,-0.1435787500000001
UCHL5,-0.27293874999999995
TWIST1,-0.12464250000000004
LOC200772,0.05526625000000013
LOC100128819///KRTAP3-2,-0.04792000000000002
EBP,0.021407500000000024
LOC101927292,0.00026999999999999247
ZNF85,-0.08425500000000002
FHL1,-0.041207500000000064
WARS2,-0.1205412500000001
LOC730184,0.26659000000000005
STK11,0.18786375
DSG2,-0.017210000000000003
CFAP97,-0.12370500000000001
FAM222B,-0.06472624999999999
GATAD2A,0.07546749999999985
RNF144A,-0.01626125000000006
POLD1,-0.23975624999999995
PIPOX,0.26005125000000007
GDPD2,0.18540625
LOC100134159///CCDC144B///CCDC144A,-0.16005375
LINC01527,-0.05180999999999997
C12orf29,-0.06573125000000013
KCNJ10,-0.08077749999999995
GRIK4,-0.07667999999999986
ICAM4,-0.3934012500000001
ZDHHC19,0.4295799999999999
NFATC4,0.13403250000000005
KCND2,-0.19344999999999984
SNX16,-0.0691425
AP1AR,-0.13736124999999993
DLX6,-0.023253750000000017
CYP3A7,-0.15759749999999995
ATRX,-0.181155
KLHDC1,-0.11394750000000009
LOC101927870,0.12264249999999999
EMID1,-0.04594750000000003
HTR6,-0.12407374999999993
CHSY3,-0.10855999999999999
DIAPH2-AS1,0.023058750000000017
RFX3,-0.27823
HAUS1,-0.12948874999999993
HERPUD2,-0.03251749999999998
SYNE2,-0.051921249999999974
CYP3A5,0.015667500000000056
DCLK3,-0.033909999999999996
CDK3,-0.014791250000000034
CCL16,0.06955125000000012
RSU1P2,0.008312499999999945
WFDC13,-0.08005625000000005
TOR1A,0.33248125000000006
RBAKDN///RBAK,0.7093987500000001
NDUFAF4,0.547855
USP3-AS1,-0.17175624999999994
STAM,0.03934999999999994
RPL7L1,0.03838750000000002
KMT5B,-0.04839500000000002
SLC25A4,0.0013824999999999532
RPAP3,-0.1322299999999999
NCOA6,0.05586250000000004
LOC105378470,-0.1794687499999999
DDX53,-0.15070375000000014
LINC-PINT,-0.010670000000000124
SCN2A,0.017228750000000015
MAP2K5,0.03607249999999995
ADAMTS7,0.057537499999999964
RBM34,-0.05983999999999995
SYT9,0.037436250000000004
CYFIP2,-0.1601575
ZNF286A,0.16940625000000004
PLN,-0.10852000000000006
ARHGEF40,0.08601375
ABCB6,0.57534375
EGF,-0.1845225000000001
SEC24D,0.03626124999999997
ALKBH8,-0.026005000000000056
ZNF215,-0.1940012499999999
LFNG,0.2547825000000001
ELOVL5,0.08722249999999987
CACNG8,0.1881624999999999
MAP7D2,0.06894875
ARX,-0.07752750000000003
CEP162,0.34788125000000003
C4BPB,0.03285375000000007
ZNF606,-0.07636750000000003
LIN9,0.02985249999999995
WDR35,-0.1519487499999999
KCNF1,-0.09919124999999995
B3GALT5-AS1,0.019895000000000107
MUC15,0.1058812500000001
FLCN,0.3043825
RBX1,-0.13301750000000007
TECPR1,0.05366000000000004
PRO1804,-0.2410199999999999
RNLS,-0.11157500000000004
FAM66D///FAM66C,-0.08248124999999995
IST1,-0.10733624999999997
LOC646736,-0.054846249999999985
BAHD1,0.12256874999999995
SBSPON,-0.08600499999999994
TMEM165,-0.004868750000000088
SPIRE1,-0.01689000000000007
C17orf105,-0.06400749999999988
CDR1,-0.017376249999999926
SRGN,0.13195624999999983
PIGB,-0.04656374999999996
RICTOR,-0.08655625
ZRANB3,-0.039305000000000034
RGPD6///RGPD8///RGPD4///RGPD5///GCC2,-0.23065375000000005
POU5F2,-0.08467375000000005
GSAP,-0.09343249999999997
UBXN10,0.11720500000000006
LOC90834,-0.06271250000000006
EPB41L5,0.13760375000000002
PCAT18,-0.16681875000000002
C2orf49,-0.05889249999999985
ZFP69B,0.16142125000000013
TRIM26,0.016446249999999885
EPS15L1,-0.05430625
ZSCAN5A,0.17078624999999992
ERMP1,-0.09428249999999999
GPX2,-0.06617374999999998
STK4,-0.14838624999999994
GNA14,-0.14399625
DEPDC7,-0.24524749999999995
EMP1,0.10368874999999994
TRMT11,-0.11221874999999998
PS1TP4,-0.12676749999999998
TMEM267,0.009473749999999947
NCBP2,-0.17239625000000003
ZNF663P,0.09689374999999989
NTRK2,0.42131124999999997
ZNRF2,-0.007052499999999962
USP38,-0.048976250000000054
SYNJ2BP,-0.06513999999999998
DMXL2,0.23491499999999998
CCND2,0.08734874999999998
CFB,-0.053531249999999975
UBXN4,0.1542775
GYPE,0.12407249999999997
ART1,0.5032975
SGO2,-0.06490625000000005
SERBP1,0.06564875000000003
PXDNL,-0.016548749999999945
ZMYND19,0.1553337500000001
SMAD7,-0.08565874999999995
GNG2,-0.07769624999999997
LOC645513,-0.14336125000000005
CEP63,-0.08516750000000001
STK3,0.14068250000000004
PLEKHA2,-0.13472875000000006
FAM71B,0.30308500000000016
MMACHC,0.33910875
PRKG1-AS1,-0.04942625000000006
ACSL3,-0.06175625000000007
B4GALT4,-0.072355
CASC22,-0.10041000000000011
SPTB,-0.00279249999999992
PMS2P5,-0.2371749999999999
MAT2A,0.06015000000000009
LOC340085,-0.049449999999999994
ZNF229,-0.0994262500000001
MCOLN2,0.36266
RSPH3,-0.05229749999999994
SLC25A13,0.06662124999999997
PLEKHS1,-0.17240375000000002
SNURF///SNRPN,0.4587174999999999
LINC00290,-0.07437624999999998
CADM1,0.02093499999999998
TRIM14,-0.023628749999999865
LOC284023,-0.01491249999999994
SIRPB2,-0.06345499999999998
SPRY1,-0.08515500000000004
UBE2D1,-0.06276375000000006
RGMB,-0.15500874999999997
TRBV25-1,0.28222499999999995
OSCAR,-0.11496499999999987
LOC727881///ABCC11,-0.026901250000000154
ZNF175,-0.04481999999999997
FAM110B,0.03849749999999996
MGAT4D,0.01330874999999998
UTP23,-0.10608624999999994
RAP1GDS1,-0.23813250000000002
CHMP2A,-0.07757124999999998
CHD1,-0.03880000000000006
TTC39B,-0.08761249999999993
PKP1,0.05618124999999996
ROBO3,0.18390875000000007
ZNF37BP,0.00998250000000006
SRSF10,0.008479999999999932
PRKCE,-0.08360749999999989
CCDC146,-0.056930000000000036
NAAA,0.6421462499999998
FAM45A///FAM45BP,0.14180500000000001
SSFA2,0.06949125000000006
LOC283357,-0.15981875000000012
CGGBP1,0.020332500000000087
RPS3AP5///RPS3A,-0.05815500000000007
LOC554174,-0.02214875000000005
MUC4,0.15728250000000005
PRKRIP1///PMS2P3,0.05409875000000003
CXCL12,-0.03060625
GIGYF1,0.08728125000000003
SUZ12P1,-0.23415874999999997
OSBPL1A,0.07345999999999991
DPH6,-0.18395249999999996
R3HDM1,0.42236124999999997
WAC,-0.17641874999999996
MPHOSPH6,-0.10114250000000002
NIPA1,-0.08538499999999988
TGM1,0.05316375000000001
RAB14,-0.001774999999999971
CCL21,0.27814625000000004
GPR85,-0.07096874999999991
TMEM156,-0.09779750000000009
TSHZ2,0.2911987500000001
UQCRB,0.00044375000000007603
GEMIN8,0.07597749999999998
GNAI2,0.42953500000000006
OTUD6B,-0.12340874999999996
LINC01355,-0.029288750000000086
BICC1,0.008629999999999971
CAMK1,0.23712125
HIST1H1A,-0.14844374999999999
STOX2,0.042203750000000095
WDR36,-0.10387374999999999
GBP2,0.044281249999999994
DMD,-0.08198749999999994
SCRN3,-0.19654499999999991
SEMA6A,0.03187375000000009
LOC101928865,-0.010313749999999844
RALGPS2,-0.02520750000000005
SPICE1,-0.14058500000000007
ADAMTS12,0.17877499999999996
USO1,-0.1399700000000001
TSGA10,0.05570124999999998
CCDC38,-0.04751249999999996
UBE2D3,-0.04248625
PPM1J,0.11949624999999997
VTA1,-0.3736012499999999
LYVE1,0.048374999999999835
LINC00895,-0.03711249999999999
KCNA6,0.015873750000000075
SLFN5,-0.04930999999999991
CCK,0.024933750000000032
MARCH6,-0.1174949999999999
MSRB3,0.11243249999999999
ATG2B,-0.010477500000000028
RNF169,-0.26787625
GUCY1A2,0.01910124999999996
SCNN1G,-0.10050625000000002
MTAP,-0.003424999999999956
TMCO1,0.12092874999999997
ARL17A///NBR2,0.04115875000000002
LOC101928663,-0.019677499999999903
CCEPR,-0.08134625000000001
RBM27,-0.05747124999999986
SEMA6D,0.10287874999999996
LINC01339,-0.11916500000000013
NR2F2,-0.26524249999999994
ECHDC2,0.12375625000000007
CAAP1,-0.10298375000000004
ZFHX2,-0.24937624999999997
SNORD116@,-0.05707500000000004
LRPPRC,0.10931249999999998
ARSJ,-0.050512499999999905
PRR3,0.20266
GIMAP6,-0.08416124999999997
ZBTB43,-1.1249999999962679e-05
MLKL,0.33257125000000004
HIST1H2AK,0.008731250000000024
MPP7,-0.14236500000000013
C4orf47,0.05379125000000007
CDC42EP4,-0.21761374999999988
PPIC,0.0035675000000001122
LOC90462,-0.04619374999999998
SYT4,0.15764125
GPAT3,-0.08785125000000005
ELF5,-0.008297499999999958
SCGB3A1,0.3414625000000001
LZTS1,0.18830374999999994
ANKRD31,-0.11772249999999995
ZNF84,0.11478249999999995
DPF1,0.08201000000000003
STK33,-0.06769124999999998
PAK1,0.6272125
STAT3,-0.003481250000000047
RAD9B,-0.1462075
ZBTB3,-0.090505
TXK///SFTPB,0.07235999999999998
TSNAX,-0.18722499999999992
KREMEN1,0.0950700000000001
DCK,-0.11036625
LILRA1,0.15892249999999997
KIF21A,-0.04994000000000004
TMTC3,-0.0436224999999999
ZNF669,0.13912249999999998
POLR2B,-0.15283124999999997
ATP6V0D2,-0.14207624999999985
LXN,0.07279125000000003
LOC100130224///UTY,-0.09089624999999996
PABPC1L,0.06556249999999997
CCL13,0.08007750000000002
CTTNBP2NL,0.15644874999999997
ZNF398,0.10838000000000009
CMC1,-0.11442249999999998
TMEM259,0.1884425
TFAP4,-0.24497999999999998
GREB1,-0.15558875
C1orf186,-0.10776499999999989
A4GALT,-0.19887625000000014
R3HCC1,0.06249500000000008
BTBD16,-0.051271249999999935
MROH1,0.032311250000000014
KHDRBS2,0.10634249999999995
KBTBD2,0.1488575000000001
ABCA5,0.023977500000000096
ZNF785,-0.02363625000000008
ASXL2,0.0040125000000000854
SLC35C1,0.1819675
ADGRF1,0.031535000000000146
SH3BP2,-0.07105250000000002
MEGF11,0.04845749999999999
ACTN2,-0.03819875000000006
SMARCA4,-0.03980375000000008
C6orf120,-0.04668124999999995
LOC728052,-0.15149249999999997
MXD3,0.11624875000000018
LPAR1,-0.059438749999999985
LOC730202,0.13051874999999996
PIFO,0.2547225
LOC100129932,0.02568124999999999
BCDIN3D,0.024253750000000074
ZNF528,-0.16819
STAU2,-0.11221125000000004
HELB,-0.043998750000000086
ARHGAP20,-0.1729612499999999
G3BP1,0.10643624999999995
IFIH1,0.1623925
ITSN2,-0.07089999999999996
ZNF44,0.07532750000000005
LOC100130703,-0.08574750000000003
RPS27L,0.29053625000000005
C8orf44///SGK3,-0.07842124999999994
ATAD2,-0.02039249999999998
PAPPA,-0.1320524999999999
IGLL5///IGLV@,-0.04956625000000009
MMRN2,-0.07884500000000011
BET1,-0.08154000000000006
PRDM16,0.005322500000000008
POTEKP,0.13947750000000003
DNAH7,-0.027353750000000066
WDHD1,-0.13236375000000006
FLJ11996,0.10247000000000017
TMPRSS11B,0.020597500000000046
TMEM161B,-0.15997499999999998
BACH1,-0.043044999999999944
HERC2P7,-0.07388875
CSMD2,0.042558750000000034
LRRC17,0.055452500000000016
TERT,-0.09673749999999992
FAM174A,-0.10833500000000001
NOA1,0.18222375000000002
UBE2F,-0.10429000000000005
LINC01343,0.018479999999999996
SCML1,-0.060240000000000016
HS2ST1,-0.21471749999999995
CELF1,-0.03747874999999995
RMST,0.0551724999999999
TYMP,0.09652250000000007
EREG,-0.14653624999999998
SOCS6,0.07810999999999996
CAPS,0.6662637499999999
LRMP,-0.07810749999999994
ADAM12,0.034932500000000144
PRLR,0.04165374999999999
AKT3,-0.08946500000000007
MAGED2,-0.06509500000000007
TYW3,0.0704887500000001
SGK2,-0.13490625000000006
BAZ2A,0.1819925
EXOC6B,-0.13500000000000012
SNX3,-0.11901624999999993
HTRA2,-0.09746750000000004
KIAA1644,0.031862500000000016
TCF12,-0.17869124999999997
LARGE-AS1,-0.08693375000000009
GABRA6,-0.09249625000000006
GNPAT,-0.14664749999999993
YIPF4,-0.11949750000000003
ZHX1,-0.08690999999999993
JAKMIP3,0.14686250000000006
C12orf74,0.12455125000000011
CELA3B///CELA3A,0.036263749999999983
ANKRD28,-0.02619749999999993
SULT1E1,-0.16147749999999994
EXOC2,-0.06412875000000001
PCP4L1,-0.004168749999999999
LOC100132077,-0.034694999999999976
SLC2A11,0.57111875
RPS13,-0.0915487499999999
KIR3DL2,-0.04892000000000002
MYNN,-0.08649875000000012
ZNF131,-0.07774375000000006
SLC25A53,-0.136685
C12orf76,-0.06261374999999997
MON2,0.04783999999999994
ZMYND11,0.015674999999999994
NSMCE4A,-0.15540625000000008
SOCS5,-0.046418750000000175
LPIN2,-0.07383250000000002
OGG1,-0.012251249999999991
DLGAP1,-0.20264374999999996
ZNF486,-0.1508624999999999
PDCD2L,0.04665874999999997
CDC123,0.4942775
CCAR1,-0.06470625000000013
GCLM,-0.061856249999999946
THAP1,-0.15477249999999987
SEC22B,-0.06645750000000006
ZNF569,-0.11564125000000008
NANS,0.012391249999999965
NAP1L1,-0.10278874999999998
ITPRIPL2,-0.11842250000000004
RNFT1,0.01685375
RPE65,-0.09429249999999995
PPP1R15B,-0.14635749999999992
ZNF804B,-0.13379499999999994
NBN,-0.13777250000000002
PTGR2,-0.07584875000000013
FAM120AOS,-0.06063875000000002
GPATCH2,-0.21135249999999994
ASH1L-AS1,0.07617499999999994
TLE1,-0.0904025
CALR3,-0.1304725
LOC101929964,-0.002331249999999896
WFDC11,-0.18782124999999994
LCN10,0.0729725
H2AFX,0.42007500000000003
ZFP69,-0.21027125000000002
CEP19///MAP3K7CL,-0.17799500000000001
STAMBPL1,-0.06588875
RRAGD,-0.08272999999999997
UGT2B15,-0.052322499999999994
LOC283112,-0.013788750000000016
FCGRT,-0.03142999999999996
TRAM1,-0.07902750000000003
KCTD12,0.06924374999999999
AP1S2,-0.04834250000000001
RNF165,-0.10041250000000007
TAS2R19,-0.10439750000000009
ZNF462,-0.12530375
NTF3,-0.04999500000000007
NGDN,0.28414500000000004
PPP6R2,0.007537499999999975
IGFBP1,-0.02325874999999994
PALMD,-0.055144999999999944
CECR2,-0.06996249999999998
MSRB2,0.010111250000000016
FAR1,-0.20083374999999992
FCGR2B,-0.0005399999999999849
OSTM1,0.16428000000000015
PPIP5K2,-0.14668124999999993
C1orf61,-0.14195250000000004
DSCC1,-0.19303374999999995
PIK3C3,-0.032911250000000114
LINC01492,-0.08665749999999989
CLCC1,-0.05063249999999997
CDH19,-0.03721000000000002
MRE11A,0.17830875000000002
DDX24,-0.18489625000000015
BCAS4,0.35388875
LOC101928045,-0.2649775
IL33,0.0033612499999999823
ETS1,-0.08996749999999998
PDXDC2P///PDXDC1,-0.025334999999999996
ADAMTS2,-0.07342250000000006
DIRC1,0.13077
SEC14L2,-0.006858749999999969
ARHGEF28,0.009237499999999954
MFSD14B,0.033845000000000014
PTGFRN,0.3254587500000001
ZNF83,-0.05578000000000005
SYNCRIP,0.05500125
DUS4L,-0.01997500000000002
LMLN,-0.07876125
USP46-AS1,0.008636250000000067
MTHFD2L,-0.12351999999999996
ITFG1,-0.056831250000000055
IGSF11-AS1,-0.09992125000000007
MAP7D3,0.07382250000000012
ZNF322,0.10949374999999989
PACRGL,-0.13961374999999998
UTP3,-0.17009625
RSAD2,-0.005056249999999929
PTN,-0.11764874999999997
GLRX5,-0.013326249999999873
ARPC3,-0.08051125000000003
PPP1R2,0.020991250000000183
WNT6,-0.09734625000000002
FBXL3,-0.005431250000000054
ACYP1,-0.13644749999999994
RPL13,-0.03008124999999995
MISP3,0.06062249999999997
CABIN1,0.3756474999999999
HOTAIR,-0.023820000000000008
MAGEB6,-0.11079875
LOC105378997,0.03719374999999997
EHBP1,-0.30511875000000016
ARID2,-0.05504000000000003
ARL1,-0.12809625000000002
DNAJC9,0.013988749999999994
NELL1,0.14982249999999997
IGLV2-11///IGLV2-18///IGLV2-23///IGLC1///IGL,0.0006025000000000058
NDUFA6-AS1,0.36930374999999993
LOC100505942,0.1513875
GART,0.051731250000000006
LOC730074///TMEM242,0.06899624999999993
SPDYE1,0.08692374999999991
PRKCI,-0.19468000000000002
NFE2L3,-0.05381874999999986
IFT88,0.09163000000000004
SECISBP2,-0.051228749999999934
RPL7P12///RPL7P32///RPL7P24///RPL7P20///RPL7P26///RPL7P23///RPL7P8///RPL7P48///RPL7,-0.049358749999999896
RNF130,-0.09313625000000014
PARP8,-0.024913750000000123
C18orf12,0.12683500000000003
NUSAP1,0.031298749999999986
LOC286114,-0.08830874999999988
TMTC1,-0.04383750000000003
LINC00307,0.012208749999999935
CHST15,0.23584750000000004
AK7,-0.22528000000000004
LOC101927256,-0.014583749999999951
PERM1,0.4013399999999999
NSUN4,-0.07899625000000005
LOC101929536,0.2887825
LOC149684,0.022613749999999933
FBLN2,0.10781999999999992
ANGPTL3,-0.06294500000000003
TOPORS,-0.11202874999999995
PCDHB13,-0.13665625000000003
ZNF302,-0.05956624999999999
FASTKD5,-0.040774999999999895
REXO2,-0.07595749999999996
PRO1596,-0.02914250000000007
DYNC1LI1,-0.047258750000000016
VWA5B2,-0.030698750000000052
DDX46,0.12405499999999997
GPR108,0.31267125
ENPP3,0.0682724999999999
TRDN,-0.10204499999999994
XPR1,0.16319875
ATRNL1,-0.1401675000000001
CLINT1,0.236085
NEMF,-0.09462999999999994
CREB1,-0.13181125
HP1BP3,-0.20249624999999988
CDK12,-0.1281449999999999
ASB8,-0.026472500000000065
CYP51A1,-0.09720000000000001
TRMT2A,0.19004874999999988
YWHAEP7,0.08214999999999995
DSE,-0.09566875000000002
LMF1,0.10448750000000001
NPC1,-0.10816124999999999
ZNF516,-0.1535625
FAM173B,-0.07835999999999993
CEP57L1,-0.11284749999999999
LOC645188,0.06465749999999998
PON1,-0.20363749999999997
IL1B,0.10502749999999983
CLDN1,-0.1035987499999999
BBS9,-0.010785000000000045
AACSP1,-0.07689375000000004
ZYX,0.3192500000000001
RABEP1,-0.009315000000000018
PAQR5,-0.10605124999999999
MET,-0.03454000000000007
RSPH6A,-0.07180125000000004
NNT-AS1,-0.062442499999999956
FGF20,-0.08822875000000008
PRKG2,-0.16247499999999998
SLC2A9,0.05509249999999999
CENPJ,-0.07613374999999994
LOC153546,0.021398750000000022
SLC22A7,-0.09755000000000003
ZNF718,-0.0010562499999999808
PHF20,0.15265874999999995
RAP2A,0.0026462499999999056
DDX51,0.3941449999999999
F5,-0.12915250000000011
TSPY4///TSPY3///TSPY1,0.058510000000000006
THAP6,-0.08078250000000003
CHCHD1,-0.10622874999999993
PIGK,-0.11530875000000002
IL1RAP,-0.12007625
RECQL5,-0.06465375000000001
MMAA,-0.18259124999999993
IL4I1///NUP62,0.26605624999999994
EPB41,-0.08272250000000009
MED25,0.42466375000000006
MCFD2,-0.03312249999999989
PHF10,-0.11695374999999997
NUDT12,-0.15391124999999994
KDM7A,-0.052274999999999905
B3GNT2,-0.03920374999999987
SLC25A31,-0.05347625000000006
IGLV2-11///IGLV2-18///IGLV2-23,0.026928750000000057
ADO,-0.14410499999999993
SEPT4,-0.18600499999999992
ZNF397,0.08634000000000008
IPO11,-0.06863249999999999
NR6A1,0.09802249999999996
TBX5,-0.04550500000000007
RNF138,-0.12143749999999998
PLXND1,-0.2374012499999999
PDCD6IP,-0.1344725
NUP188,0.36785375
RGS5,0.0624725000000001
SLC24A4,-0.12627750000000004
PARP15,-0.026427499999999937
SPAG6,0.016712500000000075
FAM171B,0.02748250000000002
FSCB,-0.0604900000000001
DPY30,-0.10935875
RAB27B,0.05785625000000011
ACAD11///NPHP3,-0.0039825
ALS2,0.029942499999999872
CUL9,-0.17896625
DEGS1,0.26200124999999985
CDK6,-0.03068749999999998
C11orf87,0.01340124999999992
STPG2,-0.08077499999999999
PTPN12,-0.10849249999999999
NOL9,-0.04406250000000006
SPN,0.28448624999999994
CHP1,-0.07772124999999996
UTP14A,-0.10870624999999995
PMPCB,0.10837124999999997
ITGA8,-0.06373624999999994
IPO7,0.046963750000000026
TCEAL8,-0.01683750000000006
LOC728032,0.016558750000000066
LOC101929305,-0.06953374999999995
MIOS,-0.08981375000000003
LSM14A,-0.06374500000000005
GNG12,-0.1456325
SDS,0.15408000000000005
TCF4,0.28696499999999997
LGR4,0.19557625000000006
FNBP4,-0.09181375000000014
TRIM6-TRIM34///TRIM6///TRIM34,0.04862875
AADAT,-0.13445000000000007
CLEC2B,-0.1854237499999999
LOC285074,-0.02524000000000004
LOC90246,-0.010257500000000086
LOC339622,-0.04660249999999999
SSBP3,0.2784225
SLBP,-0.04351624999999998
ZNF140,-0.008095000000000074
PIKFYVE,-0.19201500000000005
LOC285928,0.23829625
ATP8B3,-0.03523624999999997
RMDN1,0.23015749999999996
CPEB2,-0.03839499999999996
SLC9A1,-0.07625624999999997
ZBTB8B,0.07379374999999999
IRF6,0.11884249999999996
ACSM5,0.23582875000000003
ST7-AS2,0.06979125000000008
FOXRED2,-0.042427499999999896
DNAJC27,0.004075000000000162
LINC01330,-0.2337599999999999
MMP15,0.10366875000000003
NAPG,-0.018983749999999966
PIP4K2C,-0.10381500000000005
CD4,-0.062431249999999994
HRH2,0.13259750000000003
DYDC1,-0.04090250000000001
MBNL1,-0.05899874999999993
CD55,0.06331124999999993
EIF4B,0.22429374999999996
SLC13A4,-0.061141249999999925
TMEM94,0.14845375
CAPN10-AS1,0.27389499999999994
ME1,-0.18725375
DLG5-AS1,0.20905999999999997
MGAT4C,-0.037555000000000005
MS4A6A,-0.08783875000000002
RAB2A,-0.11647374999999988
AGAP5,0.23870000000000002
BRIP1,-0.10351875000000005
CHST3,-0.09250124999999998
ZEB2,-0.07293749999999999
ACTG1,-0.08858125
NIFK-AS1,-0.14174749999999997
PPIL4,-0.13285625000000006
FRA10AC1,-0.07059625000000003
MDH1,-0.06688375000000002
UCN2,0.202005
RUNX1T1,-0.06887624999999997
LOC101928298,0.12205999999999995
LINC00959,0.10930124999999985
PPIAL4C///PPIAL4A///PPIAL4G,-0.11309750000000002
LINC00507,-0.028822499999999862
CDK2AP2,0.40784249999999994
PPFIBP1,-0.12928125000000001
FTH1P5,-0.08314500000000002
FOXJ2,-0.004248749999999912
C12orf4,0.08775999999999995
KCNIP3,0.0197412500000001
SLC35F5,-0.09058749999999999
AKR1C1,0.33310000000000006
CERS6,0.18553124999999981
GPCPD1,0.001707499999999973
USP15,0.13157500000000005
MSI2,0.05520000000000003
NDE1,0.69077375
MAD2L1BP,0.19338125
RGS18,-0.07790625000000007
CSTF3,-0.14035375000000017
LOC283485,0.09715000000000007
C1orf145,-0.08290124999999998
LOC102546299,-0.034742500000000065
SRR,-0.02400000000000002
BAIAP2-AS1,0.16723624999999992
CATSPERB,-0.020208749999999998
LINC00328,-0.15848375000000003
RBM26,0.20122374999999998
EPYC,0.026231249999999928
SULT1B1,-0.12212374999999998
LOC730107///GCSH,0.04088625000000001
TMEFF1,-0.20253875
GPR89B,-0.07499375000000003
DEK,-0.0451125
TTC23,0.04985000000000006
MCMDC2,-0.035885000000000056
CSNK1G3,0.07112750000000012
LOC101928277,0.06397375000000005
GDF2,0.1369812499999999
C1orf112,-0.03511875000000003
USP33,0.04763250000000013
NECAB1,0.001283750000000139
DNAJB11,0.11274374999999998
RPL10,0.4831887500000001
INMT,-0.15267375000000016
XAF1,0.24599625000000008
TBX18-AS1,-0.08244249999999997
LOC202451,-0.10839500000000007
DNAJC28,-0.10505749999999986
ZNF221,-0.06903124999999999
CDK14,-0.2281375
LOC101928020,-0.08612749999999991
UTP4,0.8888525
RUBCN,0.09526500000000004
TMEM144,-0.1218625000000001
CCL11,-0.10588999999999998
GCC2,-0.09077624999999995
GBP5,0.03723749999999992
NOD1,0.14479500000000006
FCER1A,-0.08627374999999998
TRMT44,-0.1064412500000001
TSC22D1,-0.05116874999999993
PGRMC1,-0.14193125000000006
DERL1,-0.009814999999999963
DYNC1I2,0.10561500000000001
EXPH5,-0.09148
MBTPS2,-0.04917250000000012
ZSWIM1,-0.044293749999999965
LINC00636,-0.14718249999999994
RHOT2,0.33493750000000005
SNAP29,-0.0795800000000001
SLC8A1,0.012091249999999998
ZNF684,0.011615000000000097
AK8,0.40018874999999987
LOC401261,0.33339250000000004
DLD,0.16063500000000008
TOB2,-0.06263874999999991
TMEM44-AS1,0.014106249999999931
ALG10,-0.15495625000000007
LOC101927164,0.11248999999999998
BAZ1A,-0.21337625
PCDHB11,-0.08952124999999994
DDX41,0.02056124999999992
SOX1,0.15116250000000014
C12orf40,-0.06611375000000003
DCTN2,0.2827975
AP3M2,-0.06531250000000005
GCNT7,0.19747625000000002
SH3D19,-0.25455249999999996
PEX12,-0.09497
LOC101926997,-0.09548000000000012
ZNF777,0.30837625
LOC105377925,-0.0431875000000001
TAGLN2,-0.07258499999999996
ABR,0.04318624999999998
KAT8,-0.027472499999999955
HNRNPUL2,0.1000987499999999
SERPINI1,-0.24312999999999996
ZMYM2,-0.06963624999999996
ZNF750,-0.10437625
MYO7B,0.16578375000000006
NFYB,0.06292249999999994
TGFB2,-0.08730750000000004
WTAP,-0.10705624999999996
FLJ22763,-0.10897249999999997
SQSTM1,0.37625750000000024
ZBTB17,-0.05889375000000002
NHS,0.3925075
SPEG,0.41768625
RAD21L1,-0.14306750000000001
ATP5G3,-0.08136374999999996
B4GALT1,-0.21952749999999988
FAM104B,0.01046999999999998
DNMT3A,-0.008340000000000014
KLHL18,-0.16889375
GABRA2,-0.05394625000000003
AHI1,0.003251250000000039
TPTEP1,-0.04823375000000002
SMA4,0.0842949999999999
KIF23,-0.039996249999999955
NFAT5,-0.01014999999999977
MYCBP,0.017716250000000044
PLB1,-0.11961875000000005
NDUFAF7,-0.03460249999999998
ADAMTS3,-0.021562500000000095
MBLAC2,-0.1273200000000001
POLR3K,0.003863749999999999
SEC24A,-0.21242125000000006
GUSBP1,0.08048000000000005
DNTT,-0.08871875000000001
IKBIP,-0.09992625
DDX43,0.010637500000000077
MOB1B,-0.07035875000000008
WDR90,-0.0014675000000000105
HIF3A,-0.05980374999999988
CA12,0.2220862500000001
MOSPD2,0.004516249999999944
LOC93622,-0.024323749999999977
LOC441601,-0.08377875000000001
LINC00982,-0.0987162499999999
SLC11A2,-0.02838124999999997
ZNF124,-0.04398374999999993
SSR3,0.10924624999999999
FRRS1L,-0.059332499999999955
POLE4,-0.04714874999999996
CHM,-0.06382875000000005
CD48,0.22215875000000013
GNL1,-0.08329124999999998
SUMO1,-0.07972875000000007
FGF12,-0.018423750000000017
SCN7A,0.260405
DONSON,-0.17845874999999994
ZNF80,-0.08514250000000001
LINC00437,-0.0026212500000000194
LOC729162///LOC728687///LOC389906,0.3125587499999999
PTOV1,0.14740499999999995
CENPL,-0.11308375000000004
WDR26,-0.06236999999999998
KCNA10,0.20389624999999995
TMPRSS12,-0.055829999999999935
ZNF117,-0.07407874999999997
ACVR2B,-0.026272499999999976
SEL1L,0.06620750000000003
RSL1D1,-0.06466875000000005
SLC35A3,0.10385749999999999
LARP4,-0.10691374999999997
MARC2,0.1603462499999999
STMN1,0.07632250000000002
BCLAF1,-0.12260624999999992
PDZRN3,-0.08320625000000004
LRP8,-0.037262499999999976
MYLK,0.16546375000000002
CCDC58,0.49032749999999997
LOC100127974,-0.0029024999999999745
FAM83C-AS1,0.3201775
NIPSNAP3B,-0.22551249999999995
DVL3,0.11386374999999999
TSEN2,0.04819750000000006
ANXA1,-0.0620187499999999
PARD6A,0.030083749999999965
PELO,-0.030949999999999978
PRKCG,0.12088499999999991
CA2,-0.1288375
C6orf132,0.07672000000000007
LOC100289230,-0.03822250000000005
MXD1,0.13191000000000003
AEBP2,0.003613749999999971
LOC101928401,-0.11240499999999992
MYRIP,-0.09111375000000005
IPO8,0.05614250000000004
C11orf65,-0.009398750000000011
MIB1,-0.19520250000000017
STK32A,0.09263000000000005
DARS2,-0.02248624999999993
CBWD7///CBWD6///CBWD3///CBWD5///CBWD2///CBWD1,-0.08135750000000003
SCARF1,-0.11349500000000001
CCDC171,-0.0572987499999999
COL9A3,-0.07305
SNX22,-0.05586625000000006
KCNK1,0.13592500000000002
ZDHHC17,0.08108500000000007
SETD7,-0.06033375000000002
ECHDC1,-0.06374374999999999
CCSAP,-0.13103874999999987
ZEB1-AS1,-0.03599250000000015
BRMS1L,-0.10487750000000012
FBF1,0.1816175
CKAP5,0.5629812500000001
CDK17,0.017396250000000058
OLFM2,0.5042225
PEX11A,0.111425
DYX1C1,-0.09050375
VHL,-0.036571250000000055
ANKRD35,-0.048328749999999976
ZNF318,-0.15530499999999997
LINC00462,-0.02752249999999995
RILPL1,0.02131749999999999
PDZD4,0.2518512500000001
ZCCHC4,-0.060873750000000004
ATP13A4,0.04907250000000013
MAP3K6,0.09854000000000002
MRPL41,0.15321500000000005
ABCD3,0.004201250000000045
MPP1,0.04304625000000001
CEP57,-0.3255099999999999
SYCP2,0.0019500000000000073
DST,0.01679875000000003
ZNF704,0.023897499999999905
GAD1,0.2766875
RRM2,-0.038207500000000005
LOC101926913,-0.050983749999999994
DHX35,0.032946249999999955
HCK,-0.21707249999999995
GOLGA6L9///GOLGA6L5P,-0.11460999999999999
SHC4,-0.12177874999999988
NEXN,-0.2002412500000001
DCP2,-0.06776125000000005
ZFPM2,-0.04445124999999994
CASP2,-0.10951750000000005
FLJ11710,-0.04599125000000015
SRSF5,-0.13285749999999996
SSNA1,0.3662775
LOC349160,0.0674237499999999
NT5DC4,-0.13913499999999995
OR7A10,0.08588625000000011
USP32P2///USP32///USP6,-0.020467499999999972
EDEM1,-0.12422749999999999
LOC143286,-0.11150125000000005
ECM1,-0.21764375000000008
PTPN13,-0.04762250000000018
LOC285593,-0.10210249999999993
PDCD2,0.0896075
RPS23,-0.07830375
LOC101929549,0.247595
ELAC1,-0.19431250000000005
DTX3,-0.1760825000000001
HLCS,-0.01299374999999986
CFAP36,-0.17073875
RPL22L1,-0.08056000000000002
LOC79160,0.28700124999999993
LOC101926915,-0.07422749999999989
PCDHGA1,-0.10378750000000003
NRAP,-0.05548375
ZXDC,0.04307749999999999
ZNF518A,-0.09463999999999995
FRS2,0.004495000000000193
HECTD2,-0.07673125000000003
RDH14,-0.12587374999999995
IQCK,0.17978499999999997
GGA1,0.27997874999999994
PROSER1,-0.05355500000000002
LRRC75B,0.007235000000000047
IQCJ-SCHIP1-AS1,-0.11055250000000005
LARS,-0.16608999999999996
EIF1AD,0.14194250000000003
RCHY1,-0.07647124999999999
EIF2AK2,0.05251875000000006
FAM99B///FAM99A,0.11922625000000014
SF3B4,0.3714337500000001
NNT,-0.14868124999999993
SLC10A7,-0.0508575
PSMF1,-0.11963499999999999
TCFL5,0.42623125
THYN1,-0.09352999999999995
MARS,-0.13302874999999992
ZNF512B,-0.15833875000000014
COG6,-0.07268500000000006
ARNTL2,0.07386874999999998
IBA57,-0.21251999999999988
TMEM19,-0.04320374999999993
WNT5A,-0.026292499999999885
ANGPTL1,-0.10893249999999988
HOXD12,0.06839125000000001
MEIOB,-0.10747999999999996
NWD2,-0.08026249999999996
RAD54L,0.08896624999999986
KCNMB2,0.03686750000000005
SERP1,-0.07833375000000009
LOC414300,-0.06009999999999993
TBCE,-0.013661250000000014
GPR183,-0.10842749999999984
LINC00968,-0.11898749999999997
UGT2B28,-0.08434624999999996
PPP3CC,-0.34490499999999996
BRD9,0.10328375000000001
CUX1,-0.21398499999999993
NCAM1,-0.006196249999999959
LOC100133233///TRAF3IP3,-0.029657499999999892
CCND3,0.17589000000000005
SYNPO2L,0.042521250000000066
OR7E35P///OR7E18P///OR7E47P,0.30377875000000004
PDE11A,-0.19179875000000002
PDSS1,-0.04003125000000002
LZIC,-0.08578000000000013
LOC101928418,-0.012869999999999993
JPH4,0.1307687500000001
SFRP1,-0.1410699999999998
USP25,0.040038749999999956
KIF20B,0.14501124999999998
IL5,-0.08296875000000009
GDF11,0.13220625000000003
ZNF547///TRAPPC2B///TRAPPC2,0.1621762499999999
MARCH1,-0.017422500000000063
NCKAP1,-0.04864625
COG3,-0.09712124999999999
SLC12A3,0.18081250000000004
DESI2,-0.09366124999999997
ABCE1,-0.06859374999999995
ZSCAN25,0.07405500000000004
RAD17,-0.05166749999999998
HSPA14,-0.01701999999999998
MCHR2-AS1,-0.13628624999999994
LOC729970,0.040987499999999955
ASNS,-0.032933749999999984
ZBTB4,-0.03952625000000004
EHD1,-0.0320737499999999
KCNIP2,-0.1534024999999999
ZNF391,-0.08936249999999996
CTSV,-0.15561625
LOC645468///IGF2BP3,-0.12606375000000003
LOC100505851,-0.09245624999999996
NEGR1,-0.09272374999999994
C21orf62,-0.08142499999999997
TESMIN,0.021573750000000058
PMS2P9///PMS2P2///PMS2P1,0.04754625000000012
PDIK1L,-0.06853999999999988
LOC101928809,-0.15221
HIBCH,-0.15193874999999996
WIPF3,-0.06105749999999999
SLC20A2,-0.11820249999999999
DCTN4,-0.13891124999999993
POLR2C,0.6334037499999998
EAF2,-0.22726624999999995
DACH1,-0.08420375000000008
FAM98A,-0.12096499999999988
PLA2G2A,0.03601500000000002
LOC283454,0.034232499999999944
NUDT16,0.005810000000000093
ASPH,-0.1244575
WDPCP,0.02752250000000006
CHD6,-0.19654124999999995
OTUD7B,-0.12436999999999998
EMC8,-0.06471375000000001
TMEM26-AS1,-0.13179624999999984
GET4,0.17650249999999995
SSB,0.0021874999999999534
CCDC57,-0.04022999999999988
MGAT3,-0.06222999999999995
SFPQ,-0.04309249999999998
PPP1R26-AS1,-0.02451249999999988
SACS-AS1,-0.010431250000000003
HNRNPF,0.179705
ARL3,-0.04549625000000007
SNX5,-0.02650125000000003
SUGP1,-0.12470750000000003
ZDHHC2,-0.06293750000000004
FAM207A,0.15725999999999996
ATP11B,-0.12672499999999998
SLC6A1,0.00869624999999985
CCDC71L,-0.11179624999999999
DNAH8,-0.1237975
HIPK4,0.058571249999999964
EPN2,0.020148749999999882
TET1,-0.10061375000000006
GK5,-0.10833125000000005
RPL9,-0.3559962499999999
TLE2,0.19529750000000007
PIN4,0.012709999999999999
ITPR3,-0.18287249999999983
PER3,-0.04940750000000005
NHLRC4,-0.028026249999999975
RNF141,0.050939999999999985
ST6GALNAC5,0.05829375000000003
ST3GAL6,0.09814750000000005
LOC106699570,-0.13812499999999994
VPS29,0.27691375
CHRM3-AS2,-0.06478625000000005
NPM1P8///NPM1P25,-0.151015
CLUH,-0.14756749999999996
CDKN2AIP,-0.06193874999999999
URI1,-0.14024249999999994
ZCCHC5,-0.144075
ZBED5,-0.03692124999999996
LINC00615,-0.09287249999999997
PXDC1,-0.045706250000000004
GPSM2,-0.21172625000000012
TRIM24,-0.11009125000000008
ABCB9,-0.30992875000000003
TFAP2A,0.17322875000000004
TWF1,-0.16319624999999993
TMPRSS13,-0.09420874999999995
TUBGCP5,-0.017016250000000066
CYP4V2,-0.09775499999999993
LOC101929747,-0.014975000000000072
SMU1,-0.055225000000000024
CAPSL,-0.17438375000000006
SLC1A5,-0.01166000000000006
SCIN,-0.1766712500000001
FAR2,0.03354750000000001
POLK,-0.08533999999999992
RBM43,0.11347374999999987
CDK8,-0.024087499999999984
FRG1,-0.013129999999999975
COMMD5///ZNF7,-0.07441750000000003
PIK3R1,0.05007
C11orf54,-0.09545875000000004
DNASE1L3,0.20843875
COL25A1,-0.23723125000000006
HEATR9,-0.11599999999999999
RAB39B,0.04944499999999996
UCP3,-0.1270699999999999
ZBED4,0.009213749999999965
KIF5A,-0.0385137499999999
LOC400627,-0.11486124999999997
SV2B,-0.07826500000000003
MIR503HG,0.058621250000000125
LOC105371226,0.07670749999999998
CRHR1-IT1,-0.010363750000000005
PURB,-0.15579125000000016
NPY1R,-0.1335550000000001
LRRC69,0.018392500000000034
PAPPA2,-0.10798374999999993
TAF15,0.33633874999999996
CNOT6,-0.030401250000000102
C18orf50,-0.006078750000000077
FGFBP3,0.30248125000000003
CASC11,0.08856375000000005
BNIP2,-0.19882124999999995
CPED1,0.1501062500000001
LRRC57,-0.22247625000000004
MFGE8,-0.08139499999999988
GNB4,-0.16309875000000001
CAMK2B,0.13212999999999997
LOC101929570,0.00501625
SMIM21,0.08454875
PRSS1,0.008164999999999978
SMC4,-0.0977637500000001
IL17A,0.03206749999999997
MAPK3,0.0046900000000000275
SEMA3C,-0.04382000000000008
ZNF804A,-0.013628749999999967
USP18,-0.053346250000000095
RASEF,-0.18966500000000003
COQ2,0.06604750000000004
KIR2DS3,0.22567874999999998
KLF3-AS1,-0.44456125
FRYL,-0.04540624999999998
C5orf47,-0.02803249999999996
LOC654342///LOC645166///LSP1,0.054196249999999946
FXYD3,0.32480374999999995
MPHOSPH8,-0.02591500000000002
RAB28,-0.06889875000000006
MAZ,-0.1604512500000001
CCDC47,-0.0584687499999999
PWWP2A,-0.029380000000000017
M6PR,0.06808875000000014
LOC101928516,-0.05699124999999999
PRKAG2,0.14277374999999998
CIB3,-0.023001250000000084
LOC101929165,0.40116750000000007
ITSN1,-0.10764250000000009
ANKUB1,0.271785
CKM,0.1424712500000001
SLC17A2,-0.14889749999999996
MEX3C,-0.1791200000000001
C8orf4,-0.08177624999999994
AK3,-0.17073874999999994
RFWD2,-0.061311249999999984
CHUK,-0.1709250000000001
RNF40,0.23158875
DMC1,0.15264874999999994
RNF216,-0.04220125000000008
LOC101928211,-0.09207750000000003
TRIML1,-0.10707000000000005
PRRG1,-0.0922925
PTBP3,-0.05353249999999987
RPL12,0.050188750000000004
RNF14,-0.043562500000000004
BCL7A,-0.08447125
LINC00616,0.053090000000000026
FAM173A,0.27057875
LOC105369507,-0.08405000000000001
TRAF3IP1,-0.1494962500000001
WT1,-0.12294374999999991
PSME3,0.004961250000000084
GNGT1,-0.1874800000000001
PERP,-0.07150250000000008
RPL27A,-0.04889500000000002
PKHD1L1,-0.030688750000000098
UBE2W,-0.05566000000000004
DIS3L2,0.18477875
CWF19L2,-0.09702
CRISP3,-0.21064125
SYCP3,0.06505125
APCDD1L-AS1,-0.06373999999999996
TRPM3,0.10565750000000002
RAB3GAP2,-0.1510712500000001
GCM2,0.06654375000000001
ZNF79,0.16380499999999998
LOC339352,-0.07746875000000003
TRIM61,-0.099435
DHX8,-0.01122875000000001
HAUS6,-0.08020500000000003
TMPO,-0.08625874999999988
ZNF713,-0.05988125000000005
DUSP16,-0.10081875000000001
SMAD4,-0.13581374999999996
MEFV,-0.13992124999999994
BAALC,-0.02708500000000008
RPL36,0.17332000000000009
SLC7A1,0.32062375000000004
SLC44A1,-0.13945125000000003
CALCR,-0.02860625
CNBP,-0.06717749999999995
TM4SF1,0.13122499999999998
SRD5A2,-0.03549499999999983
COX7C,-0.1658362499999999
ROCK2,-0.015551249999999961
PRDM10///FABP1,-0.030131250000000054
UG0898H09,-0.08461749999999996
FSCN1,0.23998625000000007
VWA8,0.0011737500000000844
WIZ,0.32345125
USP53,-0.03591250000000007
SETD1A,0.19847125000000004
PRR4,0.29249499999999995
TBX2,0.15708500000000003
PMP22,-0.031673750000000056
TBL2,-0.06627625000000004
DNAH6,-0.11060375000000006
FRMPD2B///FRMPD2,0.08253124999999994
NFATC1,-0.06015875000000004
LILRA2,0.05616625000000014
EPPIN,0.18486374999999994
ERCC8,0.008715000000000084
DPF3,-0.1019275
PPM1L,-0.05146250000000002
TMEM39A,0.03109999999999996
XKRY2///XKRY,0.01808749999999998
SLC38A6,-0.07181875000000004
TNFRSF25,0.16899375
GFAP,0.09748875000000012
TMEM229B,0.3598687499999999
RBM12B-AS1,0.20671375000000003
ENTPD3-AS1,-0.04968000000000011
LAMA3,0.20040249999999993
MPZL3,-0.14878625
CTTNBP2,-0.11496875000000001
FBRS,0.004945000000000033
TNP1,0.024063749999999884
GOLGA3,-0.11250000000000004
ZC3H12D///PPIL4,-0.05793000000000009
SLC19A1,0.13023124999999997
DKK3,-0.04915499999999995
ARHGAP29,-0.12247125000000009
MRPL39,-0.04022500000000001
CCDC26,0.015305000000000013
T,-0.028559999999999974
LHB,0.2615387499999999
LINC00424,-0.16192625000000005
XG,-0.21229749999999997
ADGRE2,0.04638249999999999
LIMD1,-0.09543124999999997
PPP4R2,-0.03964000000000001
TBC1D8B,-0.06325125000000004
POSTN,-0.10770999999999997
MMADHC,-0.07696750000000013
ADD3,0.11552874999999996
PIGL,-0.08343625000000005
PCDH7,-0.09023375
HNF4A-AS1,-0.06705624999999998
INSIG2,0.08878125000000003
TNFAIP8,-0.15512124999999993
LSAMP-AS1,0.013446249999999993
C6orf15,0.04612125
C5AR1,-0.12266999999999995
LINC00664,-0.1686049999999999
MT1M,-0.038601249999999976
LHFPL3-AS2,0.3635412500000001
ATOH8,0.1795737500000001
HR,0.18507
NUDT13,0.05049124999999999
CDKL3,-0.20173125000000003
LOC100272217,0.15264624999999987
C9orf40,-0.02524749999999998
ADIRF,0.24313375000000004
ELAVL1,-0.1787612500000001
CEACAM6,0.13057124999999986
ENPP1,-0.07971125000000001
ARMCX3,-0.11693625000000002
DDX5,0.14130624999999997
KLHL13,-0.00492999999999999
GRTP1-AS1,-0.13109749999999992
PDE1A,-0.12786374999999994
TMEM196,0.14779874999999998
LMO4,-0.08868625000000002
FOXL1,0.07935749999999991
LINC00564,-0.09328875000000009
IMPACT,-0.11093625000000001
APRT,0.13663125000000015
PTGIS,0.12910749999999988
NALCN,-0.21654124999999985
RPL10A,0.019076250000000128
NUP160,-0.11336625
UBE3B,-0.07864375000000001
PMS1,-0.15147375000000007
LOC100128484,0.03968375000000007
ENTPD7,-0.08024499999999996
WDR33,-0.00031375000000000153
FTX,0.11360500000000001
ZNRF3,-0.020977499999999927
LUZP1,0.166055
ZNF12,0.05653125000000003
KBTBD8,-0.08038625000000005
ANXA3,0.019851249999999987
EGFLAM-AS4,0.13057875000000008
CHRNB2,-0.04715750000000002
PTPN11,0.03561000000000003
TRA2A,0.0057575000000000265
FGF1,-0.08102750000000003
PHF6,-0.05027500000000007
IRS4,0.029158749999999956
PLCE1,-0.012631249999999927
GABBR2,-0.008471250000000041
TNPO1,-0.07083499999999998
FKBP3,-0.08533374999999999
FGFR1OP2,-0.07671749999999988
FUT1,0.07837499999999997
CAMSAP1,0.04005749999999991
LOC101929631,-0.07683999999999991
PCNPP3///PCNP,-0.019102499999999967
PPP4R3B,0.14642624999999987
LOC100129550,-0.08158999999999994
PPIP5K1,-0.03674875000000005
KCNG1,-0.15046125
LOC101928002,-0.12802624999999995
BDNF-AS,-0.15548875
PGAP3,0.49016624999999997
C2///CFB,-0.13280999999999998
PRR32,-0.11142374999999999
ANKRD13C,-0.06975250000000005
MYO6,-0.11928250000000001
LINC00476,0.42429999999999984
BTNL9,0.006771250000000006
PLEKHG6,0.21073500000000006
LRRC4C,0.026117499999999905
ACSL6,-0.02026125000000001
TRPS1,0.1573099999999999
KRT81,-0.05434125000000001
HIVEP3,0.1071625
IGSF10,0.15381375000000008
HMGN2,-0.13385875000000003
HHIP,0.1380475
IQUB,-0.1517387500000001
MND1,-0.04458499999999993
EVC2,0.22150875000000003
ZNF540,0.03215750000000006
PPM1D,0.07594374999999998
SNRNP70,0.22582500000000005
CYHR1,0.08502124999999999
EPHA1-AS1,-0.11627625000000008
TMED5,-0.13207000000000002
LRRN1,-0.15057500000000001
MTUS1,0.03407625000000003
TAS2R8,0.047981249999999975
KANSL1-AS1,0.019797499999999968
CRLS1,-0.016987499999999878
MPDZ,0.10723500000000002
FLJ13773,0.10848999999999986
MARCKS,-0.03369499999999992
MBD4,-0.16391249999999996
SESN3,-0.02091624999999997
LINC01134,-0.10640625000000009
AGTR2,-0.13502874999999998
LMAN1,-0.12582125
RPS6KA5,-0.0931499999999999
FLJ22596,-0.046968750000000004
STXBP2,0.17480625
LOC101928510,-0.03435874999999999
EXD2,-0.15664749999999994
PDS5A,-0.05853749999999991
GSPT1,0.012446250000000048
TMED10,-0.0309549999999999
CDC40,-0.03862000000000004
ANKAR,-0.007147499999999973
ANGPTL2,0.22762750000000004
MCF2L,-0.024287499999999962
DMTF1,-0.06941999999999998
IRF8,-0.08002750000000003
CLN8,-0.05914874999999997
LOC644215,0.33898375
TPH1,-0.28254875
STEAP1B,-0.11043625000000007
ZNF720,-0.10664374999999987
FRZB,-0.08903749999999994
GON4L,-0.10101875000000005
SVBP,-0.02814875000000011
FSTL4,0.2332700000000001
DENND1B,-0.05498750000000002
PCDHB19P,-0.046849999999999836
LINC01296,-0.12464500000000006
FAM105A,-0.023422500000000013
CHD9,0.13922250000000008
ONECUT2,-0.006053750000000024
CHAF1A,-0.019956250000000064
PDLIM5,-0.18386375000000005
ANKRD33,-0.1608075
ST3GAL4-AS1,0.03788500000000006
SNTG1,-0.054942500000000005
CACNA1A,-0.16239874999999987
MRFAP1L1,-0.06418750000000006
MCF2,-0.11460875000000004
GAS2L1,0.3526575
CCDC186,-0.09064000000000005
GUCY1A3,0.07444249999999991
ALG10B,-0.21522874999999997
PCDHGA10,-0.21407125000000005
DUBR,0.05605375000000007
CYB5A,-0.07609250000000001
PSMA1,-0.001607499999999984
ODF3B,0.34744875000000003
RRP8,-0.13209499999999996
NIN,-0.052877499999999966
CA5BP1,-0.01047625000000002
ATP6V0E1,-0.05390999999999996
HAPLN1,-0.20354249999999985
ARID1B,0.1628250000000001
RBKS,0.02630375000000007
BECN1,0.09799624999999995
LOC100129455,0.04983500000000002
ITGB1BP2,-0.07148874999999999
LIPT1,-0.20474875000000003
LINC00862,-0.10411750000000014
TXLNGY,-0.07324500000000006
ASPM,-0.14695375
PIP4K2B,0.18230125000000003
ANKRD44,-0.18949750000000004
LRRC66,-0.017790000000000028
ROR1-AS1,-0.0872425
TGFA,0.15692875
LOC729725,-0.05532124999999999
TGM5,-0.0001174999999999371
ABCC6,-0.026749999999999996
SYTL4,-0.008574999999999944
POM121L10P///POM121L8P///POM121L9P,0.03937000000000007
SLC9A9,-0.03367624999999996
HCP5B,-0.09021499999999993
PMAIP1,-0.044946249999999965
TSPAN33,-0.03372625000000001
H6PD,-0.10966250000000011
DUS2,-0.059809999999999974
LOC101928907,-0.025383749999999983
FAM83A,-0.000253749999999886
GATC,0.06704875000000005
TMEM33,0.11292250000000015
MBTD1,-0.08562375000000005
TPT1,-0.03645000000000009
KCNQ3,0.07509249999999995
LOC101928343,-0.03912999999999994
SRXN1,-0.06799875000000005
MAP2K4,-0.09516374999999999
ZADH2,0.23748250000000004
DNAJA4,-0.10570250000000003
PCDH18,0.12112249999999997
SYNRG,-0.33781375
ZBTB44,0.12092625000000007
CAV2,-0.011696250000000075
SPTBN1,-0.17491125000000002
C14orf39,0.019301249999999992
TUBB2B,-0.09576500000000004
SLC35G3,-0.33803875000000005
PPIH,0.04389000000000004
LOC105375839,-0.021823749999999975
SLC6A13,0.14480625000000008
NCAM2,-0.07070250000000006
RYR2,-0.08722000000000002
SPATA17,-0.13045125000000002
EIF2AK3,0.06687375000000007
KPNA1,0.188595
ZNF823,-0.22585750000000004
SDHC,0.18967250000000002
PTX3,-0.09945624999999991
PCSK1,-0.04533874999999993
C16orf72,-0.06895875000000007
MAEA,-0.01414125000000005
MAN2A2,0.11615124999999998
CLUL1,0.023053750000000095
CCNY,0.02640625000000013
PYCR2,-0.05915750000000003
LINC01539,0.14538125000000002
CSTF1,0.13409874999999993
MAP3K10,0.48893624999999996
TRDMT1,-0.030638749999999937
FOXA2,0.22771124999999998
CAPZB,0.2893312500000001
METTL10,-0.04975750000000001
CDRT4,0.09169374999999996
APOL5,0.06864249999999994
RPS14,0.6396987500000002
LOC399900,-0.17376375000000005
ERC2-IT1,-0.08042500000000002
TEX30,-0.05338499999999996
GDF10,0.03321000000000002
CCDC70,0.290315
POU5F1B,0.47880875000000006
ETV6,0.07554250000000001
TPH2,-0.06650500000000004
TNN,0.18575000000000008
PRUNE1,0.1137225
PRDM14,0.14365499999999998
DDOST,0.20406750000000007
NAMPT,-0.13214750000000008
CXCL8,-0.05321625000000013
KIF22,-0.4452000000000001
LOC100133216///LOC100132072///CBWD7///CBWD6///CBWD3///CBWD5///CBWD2///CBWD1,-0.10818499999999992
BRWD1,-0.029778749999999965
ST3GAL2,0.15783375
IL17RD,-0.04218875
ABCA2,0.15442749999999994
IL26,-0.20482499999999992
PROK2,-0.10782374999999994
MICAL3,0.08910875000000001
NRSN2,0.21456250000000004
ACSS3,-0.01622125000000002
RBBP6,-0.12341374999999999
IKBKB,-0.11405749999999998
RBM8A,0.01026750000000004
UPK2,0.12452875000000008
GREM1,-0.14146625000000002
POU5F1P4,-0.03025124999999984
RTCB,0.12834625
LEPROT///LEPR,-0.1033075
MGC27345,-0.11895499999999998
SNAP25,0.18302000000000007
ZFP36L1,-0.08731125000000006
ZNF529-AS1,0.05704500000000001
COL23A1,0.203795
SPIRE2,0.05428999999999995
C16orf70,-0.12129250000000008
PSD3,-0.16308375000000003
LOC100507494,-0.054177500000000045
ZNF536,-0.05881124999999998
CCNE2,-0.05782625000000002
RABL3,0.05441124999999991
CNOT6L,-0.09150874999999997
RAD23B,-0.09841750000000005
ZNF155,-0.26130499999999984
C5orf45,0.020736250000000123
ROPN1L,-0.10098375000000004
DPPA3P2///DPPA3,-0.09143375000000004
SLC25A42,-0.20104250000000007
FNIP1,0.0008675000000000765
XRN1,-0.008470000000000033
LRRC39,0.026177499999999965
KIAA0508,0.29919124999999985
ATG16L1,-0.112155
BRD4,-0.046365000000000045
B4GALNT3,-0.11276750000000008
LOC100128309,0.10962624999999998
XRN2,0.15399499999999994
PAX8,0.054243750000000146
DGCR8,0.014126249999999951
MURC,-0.025493749999999926
PLCD4,0.15962624999999997
HLA-F,-0.11345875
HNRNPUL1,0.23304625
C8orf88,-0.03197124999999995
PCNP,-0.07121749999999993
RFX7,-0.030138750000000047
MED13,-0.004936250000000031
WASH7P///WASH5P///WASH2P///WASH3P,0.18174499999999993
FBXL18,0.5132537500000001
NDUFB5,-0.06933625000000004
PPP1R1C,-0.01818750000000008
MEF2A,-0.17187249999999998
TRGV5,-0.04625375000000004
ARHGEF15,0.02758125
LOC340090,0.02973500000000001
CSF1,0.3602612500000001
DNAJC14,0.21151375
ADAMTS18,0.010408750000000022
MAP3K8,-0.07963750000000008
RPE,0.04380499999999998
IPPK,-0.17687000000000003
DLGAP1-AS1,-0.03692500000000004
SCGB2A2,-0.08514875000000005
SLC25A41,-0.21179375
SGF29,-0.07699624999999999
ZNF705G,0.008399999999999908
KCNH7,0.04990249999999996
EIF5A2,0.051201249999999976
FLT3LG,0.0037337499999999246
LOC101929210,-0.14091750000000008
UBQLN1,-0.0005612500000000131
TOB1,-0.1951225000000001
ITGA2B,0.10965249999999999
ERN2,0.4253374999999999
LOC283214,0.015632499999999994
RPEL1///RPE,-0.03183124999999998
CDK16,-0.011839999999999962
FUT8,0.17748000000000008
ADCYAP1R1,-0.013221250000000018
FSBP///RAD54B,-0.059577500000000005
ZFY,-0.09871125000000008
GAS2L3,-0.04788750000000003
RSL24D1,-0.07745374999999999
PLXNC1,-0.09071874999999996
GABRP,0.32475624999999986
PPP4R1L,0.22656624999999997
ZNF141,0.11165499999999995
MUT,-0.04178624999999997
SH2D3C,0.34686500000000003
PLEKHB1,0.4111425000000001
LOC101927257,-0.017454999999999943
NKX3-1,0.03591124999999995
ACSL4,-0.07921124999999984
TBC1D16,0.02782499999999999
UACA,0.28854250000000004
ITPR2,-0.06826125
TEX13B,0.12470500000000001
RBM24,-0.03682875000000002
MFN1,-0.12288749999999998
LHX4,0.2103337500000001
SYT1,-0.044253750000000036
GAPVD1,0.013181250000000033
THOC7,-0.085625
C1GALT1,-0.09142375000000008
GALNT5,-0.09614
RBL2,-0.21082874999999995
NUDT6,-0.06824749999999996
MMP28,-0.021232500000000043
DDX42,-0.16672375
OR5K1,0.04517375000000007
SALL1,-0.008390000000000009
SCML4,0.18367875
FTCDNL1,-0.07487250000000001
CORO2B,0.5078250000000001
FLJ21369,0.02722374999999999
TMEM14B,-0.04706000000000016
TMEM155,-0.0013500000000000734
SYCP1,-0.07273749999999995
FAM199X,-0.0015925000000000522
PAWR,0.08432375000000009
C1orf116,-0.3031925
HIGD1B,0.02578874999999997
LOC100506999,-0.1034075000000001
RNF125,0.13111249999999997
USP47,-0.06297749999999991
FNDC3A,-0.19764124999999994
COL18A1,0.13227999999999995
PEX14,-0.10720874999999996
RANBP6,0.0396399999999999
FBXO11,-0.07300875000000001
LRRD1,-0.08036499999999996
HSD17B7P2,-0.08924624999999997
TRPC4,-0.06673250000000003
SRRM2,0.34131625
CARNMT1,-0.10669499999999993
IL18,0.019440000000000013
IGFBP7,-0.021526250000000025
BCO1,-0.08995625000000002
NOMO3///NOMO2///NOMO1,-0.4216425
CLCA2,-0.06827
ARL14EP,-0.13444625
UNC5B,0.50153
SERPINA1,-0.1085087500000001
PIK3CG,-0.0998175
CSRNP3,-0.024168750000000072
IMMP1L,-0.015268749999999998
ZNF335,0.17064749999999995
COL5A1,-0.12420874999999987
XRCC4,-0.18699750000000004
PIKFYVE///SMR3B,-0.004992500000000011
NRDE2,0.09831749999999995
WFDC8,-0.09383125000000003
INTS10,-0.16141125
CHRNA3,0.09622874999999992
F2RL1,-0.08001874999999997
GIMAP4,-0.00023499999999998522
IRF2BP2,0.17082499999999995
CLEC1A,0.009270000000000056
LINC01579,-0.05776874999999998
LOC100132740///STAG3L2///STAG3L3///STAG3L1,0.09545375000000006
ZNF500,0.04303375000000004
NCAPG2,-0.01928249999999998
DENND4A,-0.04712749999999999
NRBP2,-0.08537249999999996
LOC100128185,0.04915124999999998
SNF8,0.05727749999999998
LOC283475,0.02366000000000007
LOC100130331,-0.17513374999999992
CANX,-0.19532250000000007
IL31RA,-0.028821249999999965
ALDOAP2,0.19825125000000005
DHX15,-0.06728375000000003
ACACA,0.186185
LOC654841,0.007758749999999925
FANCD2,-0.28309
C7orf57,-0.14191499999999996
SLC7A6OS,0.31562625000000005
UBLCP1,-0.01579249999999993
HELZ,-0.03309500000000004
TRAPPC11,-0.03821749999999996
AKAP13,-0.11104375000000005
LRP10,0.022774999999999934
RBM15,-0.09376874999999996
LOC100288637///OTUD7A,-0.039421250000000074
MTDH,0.015401250000000033
HDAC6,0.2852625
MFNG,-0.011580000000000035
CYBRD1,-0.13985250000000005
SLC25A5-AS1,0.049871250000000034
KHDRBS3,0.009078749999999969
ST3GAL1,0.10156375000000006
ATP8B5P,-0.04525000000000001
RBM5,0.012362499999999887
BBS4,-0.040143750000000034
TAF5L,-0.052571250000000014
PSG1,0.025377499999999997
PCSK5,0.01976250000000007
LIN7C,-0.08061749999999984
ERV3-1,0.10366000000000009
LOC105379143,0.05881500000000006
LOC105372695,-0.002532499999999993
ZNF585A,0.2582662499999999
G2E3,-0.07357125000000009
LAYN,0.044873750000000046
KANSL1,-0.09925374999999997
BTN3A1,0.02959250000000002
GALT,0.20779124999999998
CCDC114,-0.22935249999999996
DDX31,-0.12215749999999992
GPR65,-0.032940000000000025
USP6,0.12277500000000008
PFKFB1,0.064525
LPAR4,0.27879
GATAD2B,0.038490000000000024
RGPD2///RGPD1,0.37698375
CHI3L1,-0.04020750000000001
LOC554206,0.01734124999999992
SENP8,-0.04992625000000006
SETD3,0.07519999999999999
BCAS1,-0.10121499999999994
PDE8B,-0.13589750000000006
PYROXD2,0.16107000000000005
RAB5A,-0.15371874999999996
VIM,-0.02050999999999986
RNF152,-0.029863750000000022
OR1J2,0.20865000000000006
USH1C,0.02218874999999998
FLJ14311,0.1859187499999999
TRERF1,-0.07781999999999994
NUP54,0.030088749999999997
PKIA,-0.06181000000000009
IL1F10,-0.2087137500000001
PSMD6,-0.058089999999999975
RAPGEF5,-0.025904999999999956
PLXNA4,0.09720375000000003
POLR3E,-0.029065000000000063
LOC100133761,-0.022535000000000027
FLG-AS1,-0.06793874999999994
HKDC1,0.012185000000000001
FAIM,-0.1331075
SRSF3,-0.12528999999999985
SYDE1,0.019137499999999974
LOC101929378,-0.038113749999999946
SH2D1A,-0.11333375000000007
LOC285535,-0.1504000000000001
TRPM1,-0.08397374999999996
CDKL5,-0.009152499999999897
TMEM231///CHST5,0.32563
LINC01142,0.30826624999999996
PCBP1-AS1,0.29238750000000013
SNAPC1,-0.18575750000000008
LOC100130778,-0.14253874999999994
MORF4L2,0.13608125
ARFGEF1,-0.05968374999999998
TOMM20,-0.15965874999999996
DNAJB12,0.0720674999999999
LOC100419741,0.25687875
ENPP2,-0.005389999999999895
METTL8,0.10602499999999998
COL11A1,-0.13392124999999994
NOP9,0.023327500000000057
TTC30B,-0.14798750000000005
HS6ST3,-0.042517499999999875
APBA2,-0.06993875
NCR3,0.26682874999999995
MMP8,-0.07271250000000007
ATXN2L,-0.021013750000000164
TROVE2,-0.012917500000000082
LCOR,-0.09750874999999992
ANAPC10,-0.10128750000000009
ITPR1,0.05548749999999997
TERB2,-0.11561499999999997
LOC644620,-0.04449499999999995
RPL32P3,0.1727450000000001
WASIR2///WASIR1,0.03262500000000007
DIO2,-0.06452249999999987
KNL1,0.008347500000000008
PRKCB,-0.0024899999999999367
MALT1,-0.053961250000000016
LOC101927768,-0.22161875000000003
SQLE,-0.07599499999999992
SEC62,0.22952125000000007
LOC100133862///IGHG1///IGHA1,0.09860125000000014
MS4A15,0.23101624999999998
ZSCAN30,-0.10248125000000002
TFPI2,-0.028551250000000084
TAB3,-0.08078999999999992
C15orf31,0.06775000000000003
LINC00869,-0.10372750000000003
LOC400655,-0.09156875000000003
NGRN,-0.07185625000000018
SLC17A8,0.06380499999999995
HSPA8,-0.09399625000000006
RPL4,0.09659499999999999
TMEM179B,0.021043749999999972
NLN,0.06727249999999985
LOC101929628,0.18822250000000001
BHMT,0.08717625000000001
STK35,-0.018410000000000037
PDILT,0.12733749999999988
MSX2,0.05177124999999999
SLC39A3,0.2246525000000001
FLJ14082,-0.025082500000000063
APOA4,0.09102375000000001
COX4I1,0.24036249999999992
ULK4,-0.1353475
DHX57,-0.04183374999999995
TMEM86A,-0.003708749999999983
ZNF354C,-0.02231875
UBR3,-0.04623125
TRIP12,-0.17053625
INTS6-AS1,-0.11942999999999987
OR2L13,-0.08331499999999997
LOC100507564,-0.08965500000000004
PSMA2,0.11599624999999997
WASF2,0.24601124999999996
LOC145783,-0.002164999999999917
RNF213,-0.21307125
PGGHG,0.1054374999999999
NOV,0.06485125000000008
RPL6P27///RPL6,-0.11788124999999999
GABRG1,-0.11261500000000002
CD2AP,-0.053902500000000075
ALYREF,0.06616249999999996
GDI2,0.0267675
MGP,-0.01839500000000005
LINC00565,-0.16466374999999994
IKZF2,0.032379999999999964
CISD3,0.13603624999999997
TXLNB,0.01846500000000001
NDNF,-0.05690875000000001
TPPP,0.5521337500000001
LINC00536,-0.08876500000000004
ZNHIT3,-0.07537374999999996
HMBOX1,-0.06191750000000007
BZW1,-0.10798874999999991
OPN3,0.17860875000000004
COX18,-0.009772500000000073
N6AMT1,-0.29160875000000014
CATSPER2,0.25222374999999997
HNMT,-0.10898750000000007
CLDN14,0.01899125000000007
LOC729324,-0.13701875000000002
RB1,-0.1849562500000001
STK31,-0.23556625000000003
LOC283194,-0.05424000000000001
FAM81A,-0.007980000000000098
LAMB1,-0.031328749999999905
FBXO33,-0.12596124999999997
SH3GL1P3,0.016905000000000003
LOC101929645,-0.05103374999999999
GTF3C6,-0.06816250000000001
DDX6,-0.008734999999999993
LRR1,0.11331125000000003
SLC8A1-AS1,0.008729999999999905
RTBDN,-0.08089499999999994
FOXD3,-0.08247499999999997
HOOK1,-0.07268374999999999
TRPC1,-0.06896249999999987
RPS25,0.22959375000000004
ITGB1,0.007795000000000052
PRKAA1,-0.0923712499999999
OR1C1,-0.19233375000000003
COX1,-0.09203874999999995
WWC2,0.11707500000000004
MOCS2,-0.03774000000000005
STYK1,-0.06654375000000007
JAKMIP1,0.1214599999999999
CTGF,-0.1124612499999999
NAG18,-0.1472475000000001
PIP5K1A,-0.06008249999999993
LGI2,0.010736250000000058
EGLN2,0.16996
ZBTB8OS,-0.08592249999999996
GRAMD1A,0.04782875000000003
TRIM13,-0.2975824999999999
PCDH10,-0.23387625
NLK,-0.04927250000000005
C9orf66,0.21262124999999998
PDLIM3,-0.06491749999999996
TJP2,-0.04873125000000006
NYAP1,-0.13047500000000006
KLRC2///KLRC1,-0.08794000000000007
CDS1,0.075575
C3orf14,0.03563500000000014
LOC101928271,-0.09951125
WDR41,-0.0008250000000000757
APPL1,-0.07527875000000006
GTPBP10,-0.16412250000000006
SLC35D2,-0.04690999999999995
RBMY1J///RBMY1E///RBMY1D///RBMY1B///RBMY1F///RBMY3AP///RBMY1A1,-0.022946250000000057
ARFGEF3,0.27868250000000006
FAM227B,0.02879124999999999
SCD5,0.08359625000000004
RPF2,-0.09311374999999994
KIF26B,-0.058189999999999964
KCTD21,-0.015616250000000054
LOC283335,0.21314499999999997
MSX1,0.34821875
SUN1,-0.001908749999999959
ADAL,0.3943537500000001
TIGD4,0.07904874999999995
FMN1,-0.056563750000000024
SFTPA2///SFTPA2B,0.09221000000000007
DENND2A,0.2876025
LHFPL5,-0.23150749999999992
WHSC1,-0.1552137500000001
PYCR2///LEFTY1,0.25623375
POC5,0.1253137500000001
LSAMP,0.014042499999999958
MEST,0.13420999999999988
GP6,0.11317749999999993
SNRPG,-0.021211250000000015
LCT,0.06532500000000002
KLF9,-0.015588749999999985
ADAM22,0.13490624999999995
OST4,0.0919375
JUN,-0.07138250000000007
C2orf76,-0.03813875000000011
SEMA4C,0.22467750000000003
ABHD12B,0.0018350000000000866
MAP4K5,-0.10493249999999993
AATK,0.250985
CHMP2B,-0.07773999999999998
ADAMTS8,-0.03014125000000012
HSPA12A,-0.0034812499999999913
VGLL1,0.02977249999999998
METTL16,-0.20955125000000002
ANTXR1,0.20840625000000007
MAP1B,0.1527050000000001
ATF2,0.062344999999999984
LARP1,0.63114125
INHBA-AS1,-0.011736250000000004
DDX17,0.08512749999999986
LILRA6///LILRB3,-0.13766500000000015
LOC100507250,-0.12428000000000006
NUPL2,-0.07710999999999996
TAC4,0.33263625
IFNW1,-0.035017500000000035
ZNF322P1,-0.06739625000000005
KRT18P65///KRT18P13///KRT18P17///KRT18P19///KRT18,-0.37261250000000007
AOX1,-0.09683875000000003
SEC22C,-0.07896750000000008
GIGYF2,0.03357375000000001
DBR1,-0.06538875000000005
ANP32A,-0.07316250000000002
FGG,-0.11067624999999992
CDC42EP3,0.08136625000000003
CRYBB2P1,0.12809000000000015
ZNF326,-0.0403
LOC338667,-0.07708500000000001
BUB1,0.026185000000000125
FCF1,-0.035487500000000116
ATP1A4,0.33747374999999996
POU3F2,-0.06092500000000001
FAM210A,-0.0765162499999999
BIN2,-0.03668499999999997
MEI1,0.013247499999999968
DGKB,-0.24239375000000002
LDHB,-0.02147624999999992
RNF182,0.06269124999999998
KLF13,-0.17925125000000003
KIAA0196,0.008297500000000013
HAS3,0.045278750000000034
PANK1,-0.021078750000000035
LOC283352,-0.09997374999999997
SUGT1,-0.050860000000000016
FARSA,0.10321000000000002
KIR2DS2///KIR2DS5///KIR2DS4///KIR2DS1,-0.18248624999999996
NUP62CL,-0.050082499999999974
LOC100129884,-0.034108749999999854
ADGRB1,0.24248124999999993
ARL4A,-0.030891250000000148
RPRD1A,0.44233875000000006
PRKAR1A,0.027663750000000042
OGFOD1,0.20012625
FAM160A1,-0.11647375000000004
SLC7A11,-0.034748749999999995
ASF1A,-0.14097500000000007
SPHKAP,0.038055000000000005
OR2S2,-0.005357500000000015
TMEM50A,-0.06615749999999992
COPG2,-0.20397874999999993
ZNF271P,-0.12756874999999995
CDH7,-0.049785000000000024
CBFA2T2,-0.05587625000000007
PMS2CL///PMS2,0.06409375000000006
SLC12A6,-0.010095000000000132
HIBADH,-0.043986250000000005
PIGQ,0.18613125000000003
NCOA5,0.40077624999999995
RBM12B,-0.15511249999999988
DPY19L2,-0.03693999999999992
C2orf47,0.04981125000000003
LOC643355,-0.016786249999999947
CNTNAP4,-0.14844374999999993
CAST,-0.07727125000000012
STEAP4,-0.016663750000000088
MEIS3P1,-0.10937374999999994
HIST1H1E,-0.21000750000000012
MAML3,-0.025513749999999946
CEP78,-0.21620625000000004
SLC13A3,-0.1163499999999999
GGACT,-0.006132499999999985
C5orf34,-0.14529499999999995
ST18,-0.13195374999999998
NFASC,-0.07153500000000002
IDI2///GTPBP4,-0.05901249999999986
EIF2S1,-0.058156250000000076
CCDC83,0.04285
CLIP3,-0.04868875000000006
DSCR3,-0.03126500000000004
OSCP1,-0.08590375000000006
ACSM3,-0.10061125000000004
PTPRN2,0.02867499999999995
JRKL,-0.08680250000000012
AK9,-0.17866000000000004
CNN1,0.18377500000000002
BTG4,-0.09992499999999999
SUB1,-0.06021249999999995
POLR3G,-0.09972000000000003
UBE4B,-0.13110625000000004
LOC653972///CBX3P9///CBX3,-0.10662125
PHF14,-0.03442875000000001
HEY2,-0.06453875000000014
VPREB1,-0.25888875
LOC339539,0.06774125000000003
LOC643517,-0.010366250000000021
TMEM181,-0.0559912500000001
SPDL1,0.06118249999999992
FAM182B///FAM182A,0.025044999999999984
RBM48,-0.08157874999999987
SLC7A8,0.010017500000000013
CLDN11,-0.0029937499999999617
CYP1B1,-0.03946875000000005
NEDD1,-0.0462375000000001
LOC728522///HNRNPA3///HNRNPA3P1,-0.005549999999999999
GAPDH,-0.33286125
FAM162B,-0.09191125000000006
KIN,-0.023464999999999958
REV1,0.05684250000000002
LL22NC03-75H12.2,-0.02816625000000006
LINC00623///LINC01138///LINC00869,-0.17925625
SNRPN///IPW,-0.13660875
ATP2B1,-0.04530375000000009
KDM3A,-0.117695
KRTAP4-5,-0.012332500000000024
LOC654056///SIRPA///SIRPG///SIRPB1,-0.02771499999999999
ELF2,-0.33798
ADAMTSL3,-0.059013749999999976
ATP1B4,-0.06889625000000005
DOCK9,-0.07229000000000008
C1D,-0.07037999999999994
CDK2,0.023132500000000056
RASSF8,-0.119145
RALBP1,-0.07473125000000003
ASCL2,0.20011500000000004
SOS1,-0.144965
FKBP5,0.08766625
SLC16A1-AS1,0.22290125
FAM166B,0.5345499999999999
DCAF12L2,-0.14912875000000014
ITGB4,0.5128400000000002
PDLIM7,0.18135000000000007
BICD1,-0.049510000000000054
OLFM4,-0.12377874999999994
PABPC4L,-0.006959999999999966
ARHGEF16,-0.03839874999999998
MRPL35,-0.04189375000000001
ZNF106,-0.04747749999999995
B3GAT2,0.025363749999999963
RIT1,-0.0464237500000001
FAM150B,0.01090374999999999
SLC22A16,-0.0001274999999999471
DTHD1,-0.006943749999999971
CLNK,0.0074824999999999475
NAA20,-0.08277874999999996
TLK1,0.08077749999999995
STOX1,0.10082624999999995
FABP3P2,-0.028862499999999847
PICALM,-0.06863249999999999
DDX39B,0.05203249999999998
RAB3IP,-0.06783874999999995
RTN2,0.36497375000000004
ZNF99,-0.07323625000000006
CYP39A1,-0.05344249999999995
RBM4,-0.050803750000000036
LRRCC1,0.0293199999999999
EIF4A1///CD68,-0.017406250000000068
IARS2,-0.05948000000000003
KPNA4,-0.0798512500000001
ABCG1,-0.1772762499999999
SUMO2,0.01049624999999993
NAP1L2,-0.13532249999999996
MTMR2,0.11921124999999999
SPX,0.15846499999999997
TBK1,-0.11946875000000007
PDCL,-0.026696249999999977
GAD2,-0.16761375000000006
SNTB1,0.07180124999999998
HBD,-0.008572499999999983
LOC730324///LOC441259///PMS2P12///PMS2///PMS2P5///PMS2P2///PMS2P1,-0.12058874999999991
EIF1AY,-0.16997875
CISD2,-0.09834499999999996
ELP4,0.0849875
XRCC5,-0.05322625000000003
ORC3,-0.066025
LIMA1,-0.16761625000000002
VGLL2,0.0010024999999998507
GCFC2,0.010653750000000017
SP1,-0.1641899999999999
RBAK,-0.0767699999999999
PCGF6,-0.03345875000000009
PBLD,0.06882750000000004
MAP4,0.08597874999999999
SCFD1,-0.0018075000000000174
BPNT1,-0.12068250000000014
MYO10,-0.0676175
MAMSTR,0.09481
CTCFL,-0.10972375000000012
BRWD3,0.07974249999999994
FGF7P3///FGF7P6///FGF7,-0.08940875000000004
PGAP1,-0.0015987500000000376
ARIH1,-0.08467250000000004
PAXIP1-AS1,0.009574999999999945
HYLS1,0.08302625000000002
LEPROT,0.004947499999999938
CLDN10,0.13713499999999995
ANKRD39,0.03985124999999995
SH3PXD2A,-0.08111499999999994
CT47A1///CT47A2///CT47A3///CT47A4///CT47A5///CT47A6///CT47A8///CT47A9///CT47A10///CT47A7///CT47A11,-0.07447499999999996
KCNRG,-0.10005125000000004
MARC1,-0.10444875000000003
MAPK6,-0.09081625000000004
MICALL2,0.04821124999999998
NTN3,0.23590374999999997
PMS2P1,0.30423124999999995
ADARB2,-0.1374562500000001
PSMD9,-0.00290250000000003
CLDN12,-0.03273624999999991
HIST2H4B///HIST4H4///HIST2H4A///HIST1H4L///HIST1H4E///HIST1H4B///HIST1H4H///HIST1H4C///HIST1H4J///HIST1H4K///HIST1H4F///HIST1H4D///HIST1H4A///HIST1H4I,-0.03171625000000011
TTC23L,-0.024289999999999923
C21orf59,-0.13548874999999994
C10orf82,-0.07989124999999986
CTBS,-0.09797749999999994
ELOVL4,0.3484462500000001
ETFA,-0.04878125
AHCYL2,-0.07480750000000003
SLC35D3,-0.051576250000000046
KTN1,-0.07221875000000016
SET,0.040993749999999995
CLSPN,0.18104125
BHLHE41,-0.1057212500000001
PARM1,0.0044337499999999586
HSD17B12,0.04519124999999996
SLC5A7,-0.09597125000000001
BCL2L15,0.24559749999999986
COX7B,0.06472625000000004
ATP2A1,0.14340374999999994
TAF11,0.11037499999999989
OSBP,0.013788750000000016
CDC5L,0.03163500000000008
TRPM8,-0.023996250000000108
CAPRIN1,-0.07573499999999989
C5orf42,-0.06781124999999993
CCT8L2,0.15474124999999994
RAB23,-0.11197625
LOC102724449,0.005037500000000028
INVS///WSB1,-0.053577500000000056
KIAA0368,-0.17194125000000016
HMGB2,-0.25022625
ZNF415,-0.15513375000000007
SLC30A9,0.09400999999999998
GNS,0.007726250000000101
ATF1,0.008551249999999955
MTIF3,-0.10829875000000005
DZIP1,0.01065875000000005
SRD5A3-AS1,0.09097624999999998
LRCH2,-0.12811625000000004
SLC22A3,-0.04524500000000009
PMCHL2,-0.07385124999999998
ZNF567,-0.15400499999999995
TPI1,0.004884999999999917
SNU13,-0.02842375000000008
GATA2-AS1,-0.18497999999999992
LINC01146,-0.02218000000000009
OCLN,0.20305624999999994
XKR6,-0.04853124999999997
KLHL7,0.16258
RNF149,0.06037874999999998
TMEM170B,-0.11249500000000001
SPHK2,0.20055875000000012
TPRKB,-0.10428874999999999
CEP192,-0.029992500000000033
RAB30-AS1,-0.08412000000000003
ARTN,-0.0013562500000000588
CNR1,-0.17152
YTHDC2,0.008979999999999932
RBM18,0.04023749999999987
LTBP4,0.3197037500000001
KDM6B,0.16738249999999988
TMEM251,-0.12858875000000008
UBL3,-0.07307874999999997
RACK1,0.11291000000000001
PCNA,-0.06337999999999999
MBD6,0.041155
GRAP,0.17208750000000006
LOC57399,-0.07590000000000002
SLC2A12,-0.06838874999999994
IFNAR2,0.028851249999999995
LINC01267,-0.08925249999999996
TOM1L1,-0.07657124999999992
KIAA2026,-0.058616249999999925
VASN,-0.12532875
LOC100129410,0.13388
SLC28A1,-0.28810750000000007
SPATA5L1,0.14714
HES6,0.18203249999999982
SERPINA10,0.0011650000000000271
C6orf52,0.023621250000000094
PLEKHG4B,-0.14370499999999992
NEDD9,-0.06274374999999993
PEAR1,0.05443625000000002
SALL3,-0.07646250000000004
NOVA1,-0.04349499999999995
VPS36,-0.022577499999999973
NME2///NME1,0.01143374999999991
SIRPD,0.16199374999999983
LOC101928995,0.06712250000000014
USP31,-0.16047125
DNAJA1,-0.12402124999999997
AGO4///AGO3,-0.060577500000000006
RBM45,-0.0364525
GFPT1,-0.11217125000000006
ZMIZ1-AS1,-0.03494750000000002
LYSMD3,0.005783749999999976
CYP2C9,-0.04455500000000001
CDCA5,0.032857499999999984
PLEKHA5,-0.08978874999999997
CNTN1,-0.12321625000000003
C1orf74,0.03643000000000007
CLEC14A,0.20958999999999994
MORC4,-0.11716375000000012
SVOP,0.1153575
GPR22,-0.06652124999999998
CACNA2D1,-0.20096499999999995
FKTN,0.11356875000000011
RANBP2,-0.06810125
CDV3,-0.0819625000000001
TFE3,0.1909662499999999
NCKAP5,-0.024253749999999963
GPHN,-0.03660249999999998
CYP2C18,0.3063312499999999
DIS3,-0.06411750000000005
SECISBP2L,-0.04025249999999997
SIM1,0.009382500000000016
LINC00238,-0.1818575
SDPR,-0.008794999999999942
F3,-0.09956000000000004
TINAG,-0.059962499999999974
SPRR2G,0.4217362499999999
PTPN20,-0.0752275
TAF1D,0.011257500000000031
DLGAP2,0.21788874999999996
RMND5A,-0.0017887500000000611
DUSP21,-0.009798750000000078
PANK2,-0.019331250000000022
KNCN,0.14322875000000002
MARVELD3,-0.09666999999999992
ORAOV1,0.26392625
EIF1,-0.01984625000000001
THUMPD3-AS1,0.23987874999999986
FRMD3,0.10174000000000016
JAKMIP2,0.09628374999999995
LINC01097,-0.03601500000000002
GOT1L1,-0.0884175000000001
WSB1,-0.06633875000000006
PCDHA5,0.11211500000000008
TCONS_00029157,0.19758000000000003
TNKS1BP1,0.06192749999999997
ACTA2,-0.03239000000000014
LOC101928614,-0.12760375000000002
PTPRJ,0.0554487500000001
DNAJC6,-0.1642862499999999
ZNF451,0.061422499999999935
VCAM1,-0.11878749999999988
SLC25A32,-0.12245250000000002
PRKG1,0.05898999999999999
SOX6,-0.11428125000000017
COL10A1,-0.033727499999999966
LINC00944,0.03665499999999999
GOLGA4,-0.035557499999999964
ADM2,-0.19066625000000004
HCG26,0.27540625000000013
ZNF367,0.045133750000000084
COPS5,-0.04157249999999996
UTP11,-0.09062124999999999
CALM3,0.08036625000000003
SRP54,-0.13182750000000004
TRMO,-0.010641250000000047
NIPSNAP1,0.03239374999999994
COLEC12,-0.20179250000000004
TBC1D26,-0.057013749999999974
RUSC1-AS1,-0.017804999999999904
PNLIP///COL1A2,0.32865625
ZNF548,0.06515999999999988
LOC100129069,0.05792874999999992
APLN,0.000707499999999972
TLDC1,0.021039999999999948
MGC12916,-0.1545025000000001
LOC157273,-0.08512874999999992
ZNF585A///ZNF585B,-0.13673375000000004
NPL,-0.15132749999999995
ZNF160,0.18623124999999996
KPNA5,-0.06031875000000003
TRIM32,-0.07718499999999984
C10orf90,-0.09599875000000002
MCEMP1,0.12925375
SLC39A12,-0.09310374999999999
WNT3,-0.04137499999999994
FRG1JP///FRG1,-0.08822750000000001
C3orf62///USP4,-0.06638625000000004
QRSL1,-0.12982375000000007
FRY,-0.08124625000000002
C11orf74,-0.24281000000000003
RBL1,-0.036947499999999966
NPDC1,0.22579374999999996
FXR1,-0.009716249999999982
MANSC1,-0.18178749999999994
HPS4,-0.10788749999999997
ANKRD18A,-0.06941625000000001
HSBP1L1,-0.08942499999999998
ADCK2,0.28394750000000013
HSPA5,0.046119999999999994
IGSF6,-0.18232499999999996
TSPYL1,0.001047499999999868
ZNF260,-0.0717462499999999
TM9SF3,-0.10933999999999994
CYP2U1,0.18206624999999999
DKFZP434I0714,-0.004814999999999958
XYLT2,-0.09717250000000005
GHSR,-0.016087500000000032
LINC00643,-0.026812499999999906
DKFZp434L192,-0.09680375000000002
CAT,0.04259499999999994
FAF2,-0.08201999999999998
TIMM22,0.25637874999999993
BOD1,-0.11609500000000006
OLFM1,-0.04100124999999988
NHLRC2,-0.06708249999999993
KNSTRN,-0.10554124999999998
LRRC31,-0.08681749999999999
SLC36A4,0.08394375000000004
HIC2,0.32567999999999997
LOC101927746,0.019724999999999937
C1orf226,-0.09736749999999994
IER5,-0.09503375000000003
TGS1,-0.06307499999999988
S100B,-0.058109999999999995
LOC100128644,0.36409624999999995
SLIT2,-0.07696375000000011
ANXA2,0.10950624999999992
CLVS1,-0.11867249999999996
RFC1,0.023865000000000025
LOC101928443,-0.1583237500000001
ZNF331,-0.11973499999999998
NSRP1,-0.04777874999999998
GMCL1P1///GMCL1,-0.1437062500000001
MLLT3,0.1487562500000001
APOC4///APOC2,-0.07263625000000018
LOC100130992,-0.22634499999999996
COBLL1,-0.08701750000000008
IQSEC2,0.25053124999999987
RBPMS,-0.058471249999999975
KRT4,0.2676125
TSPAN13,0.10566625000000013
LACE1,-0.05041125000000002
LOC403312,-0.005492500000000011
CD99L2,-0.0805825
OR1Q1,-0.14931749999999994
HS1BP3,0.042278749999999976
ABCA9,-0.11281124999999997
CNP,-0.0007662500000000239
FILIP1,0.027104999999999935
ENOPH1,-0.08625874999999994
IAH1,-0.09432749999999995
FAM208A,-0.06344875
CDKN1B,-0.09571375000000004
CLEC12B,-0.12680249999999998
ZNF879,0.025011250000000096
CASQ1,0.32467875
BST1,-0.05319124999999997
LOC652779///LOC652001///KIR2DL5B///KIR3DP1///KIR3DL3///KIR2DL5A///KIR3DL2///KIR3DL1///KIR2DL1,0.04116500000000001
DNER,-0.09659499999999999
ZNF780A,0.019042499999999962
UBXN2A,0.06835999999999998
EBAG9,-0.051921250000000085
ZNF182,0.08427624999999989
GNAS,0.06370750000000008
KLRA1P,-0.13425625000000002
CARF,-0.08217625000000012
ADGRL2,-0.02446499999999996
LOC730168,-0.05599750000000003
WDFY3-AS2,0.041981250000000025
NR2F2-AS1,-0.11268875000000012
SNHG7,0.07998
LONRF3,-0.022098750000000056
SLC4A7,-0.08624250000000006
APEH,0.004173750000000032
KYAT1,-0.003907500000000064
NRBF2,-0.09374624999999992
IGHM,0.19769625000000002
TTC39C,-0.053083749999999985
RNF6,-0.141405
ZGRF1,-0.06924125000000009
NRN1,-0.12174999999999997
SPG20,0.01723625000000001
CCDC183,-0.15277875000000002
RGSL1,-0.10567874999999999
CTD-3080P12.3,0.05226749999999991
INTS9,0.02111124999999986
ARHGAP5,-0.269195
CYP4F30P,-0.05226999999999993
NFYA,0.028486250000000046
MASP1,0.2228925
GPATCH1,-0.054024999999999934
DYNC2H1,-0.10901875000000005
TNXB,0.14128750000000007
WDR11-AS1,0.24952249999999998
LOC105369662,-0.15904125000000013
C10orf113,0.04258624999999999
ROR1,-0.023811250000000006
CXorf57,-0.044341250000000054
ACOD1,-0.21281250000000002
HOXB9,-0.004664999999999919
WHSC1L1,-0.017959999999999976
PTGES3,-0.06482624999999997
PDE6G,0.4148375
TMEM47,0.011952499999999922
LOC728114,-0.08696999999999999
PHACTR4,0.09340375000000001
FAM3D,-0.11337249999999993
KCNU1,-0.3209
ZRANB2,0.02981250000000002
CRYZL1,-0.04660500000000006
LCORL,-0.17469250000000014
RHOJ,0.09861749999999997
NME7,0.2681637500000001
ZNF717,-0.07907625000000007
LOC100133847///CHMP5,-0.05620750000000002
CYP3A43,-0.03361999999999998
MIR124-2HG,-0.15142250000000007
EID1,-0.18549749999999998
TCERG1,-0.10512375000000002
PDSS2,0.08445750000000013
LRRC10B,0.07270500000000019
ZNF227,-0.0876337499999999
GRAMD1C,-0.002697499999999964
AGPS,0.10973624999999998
LOC105378382,0.034341250000000045
RPL23AP32,0.00924999999999998
ATP5L,0.09172500000000006
ZSWIM7,-0.13810374999999991
CPT2,0.14635124999999993
MTERF2,-0.07615875000000005
ADSSL1,0.06422875
LINC00314,-0.10720125000000008
MTO1,-0.06525124999999998
EIF4A1,-0.043406250000000035
GORAB,-0.14461875000000007
SAMD8,-0.036643749999999864
HEBP2,-0.10028499999999996
TMEM234,7.12500000001337e-05
RAD21,0.034582500000000016
NPM1,0.17603000000000002
DNTTIP2,0.11361874999999999
SULT1A4///SULT1A3///SULT1A1///SULT1A2,-0.08239874999999997
ATP8A1,0.047461250000000066
SOSTDC1,-0.025442499999999868
TCP10L///C21orf59,-0.030704999999999982
SHMT1,-0.07388750000000005
METTL3,0.13430874999999998
SEMG2,-0.00491999999999998
EXOSC8,0.02794249999999998
GPR1,-0.21975375000000003
SPATA31C2,0.0703625000000001
CASC18,-0.10544249999999994
PTGR1,-0.11064625000000006
ARNTL,-0.12637500000000002
CHRM3,0.06003249999999993
C16orf87,-0.05933499999999997
ANAPC4,-0.07216874999999995
PTK2B,0.03202375000000007
FYB,0.12766125
AIMP2,-0.047126250000000036
UTS2,-0.31715874999999993
TMPRSS15,-0.021155000000000035
ALDH5A1,0.048715000000000064
MRPS12,0.3644137500000001
POLR3F,0.029240000000000044
FAM159A,-0.18426625000000002
NBPF6///NBPF22P///NBPF4,0.03374499999999997
CEP95,-0.00040999999999991044
OR2W1,-0.018068750000000022
TEX12,0.002357499999999957
TMBIM6,0.07120875000000004
LOC646014,0.0037612499999998827
ZBTB49,-0.10441875000000012
HTRA4,0.34978999999999993
LOC100131053,-0.06681125000000004
SLC22A4,-0.04906625000000009
RAD51B,0.0002987500000000143
NOCT,-0.028433750000000035
ZNF276,0.1899062500000001
OTUD6B-AS1,0.00845499999999999
RUNDC3A,0.04827124999999999
TIGD6,-0.03076249999999997
RGS14,0.10761250000000006
LOC105377105,-0.022526250000000025
PDXDC2P,-0.13533625000000005
SRRM3,-0.13651249999999998
APOC1,-0.03170125000000007
ZCCHC13,0.10305124999999993
LPA,-0.012179999999999969
ZNF408,0.1866375
FAM41AY1,-0.09946124999999995
GBF1,-0.062476249999999844
NR2C1,0.12697625000000007
RGR,-0.05505874999999999
MRPL3,-0.02180624999999997
ATF3,0.14314125000000005
SPIN3,0.022689999999999932
MROH9,-0.13995375
GRAMD3,0.0279862500000001
BMP1,0.5415287499999999
HIP1,0.016572500000000046
PRKCDBP,0.040606249999999955
LOC732447///DAZ4///DAZ2///DAZ3///DAZ1,-0.06107749999999995
LPAR6,0.045714999999999895
FUBP1,-0.0458650000000001
STK26,-0.015127500000000016
GOLIM4,-0.15250875000000008
IL17RC,0.07879500000000011
ZBTB7B,0.05482750000000003
ORF1,0.07370999999999989
HLA-DQA1,-0.13647625000000002
NUDT3,0.16966500000000007
TJP3,0.3313012500000001
ZSCAN9,0.050678749999999995
PTK2,-0.05629250000000002
CBLL1,0.00017374999999997254
EARS2,0.08821125000000013
ABAT,-0.06795374999999987
ITGA6,-0.11940500000000004
ENPP5,-0.09018624999999997
SBNO1,-0.20246874999999998
ABCB1,-0.052378750000000085
LINC01220,-0.1121100000000001
TFG,0.18385875000000002
FOXK1,-0.05320499999999995
CCNG2,0.009007500000000057
LOC101928658,-0.11988875000000004
SPATA6,-0.053192499999999976
P2RY12,-0.05550624999999998
CD9,-0.08120749999999999
TTC1,0.07223000000000007
FIRRE,0.021328750000000063
CD80,-0.26872250000000003
EFEMP1,-0.12568750000000006
LOC105376081,0.06948500000000007
ADH1B,-0.011096249999999919
PARP6,0.18065374999999995
SMG7-AS1,0.0767175
LOC286087,-0.21518125000000016
SEMA3A,0.005305000000000004
NOTCH3,0.08113125000000004
C5orf22,-0.22092875
RIN2,-0.05950500000000003
EXOC5,0.21186875
ATMIN,-0.05154499999999995
STRBP,-0.04106624999999997
LINC01257,-0.05925625000000001
PCDHB3,-0.0527999999999999
C17orf96,0.08366249999999992
PAGE4,-0.05448124999999998
SMIM7,0.04811000000000004
NEK11,-0.08734124999999993
SVIL,0.01831749999999993
THUMPD3,-0.028821249999999965
GAS1RR,-0.02093750000000011
PRICKLE1,0.05797875000000008
HSPA9,-0.12479000000000001
GVINP1,-0.07766874999999995
TMEM56,-0.08879250000000005
DRD1,-0.06450249999999985
PTPRN,0.15259125000000007
CNST,-0.0713525000000001
DNASE1L1,-0.11751875000000012
DDX3X,0.031932499999999975
ALKBH7,0.30346875
LOC100133128///DEFB108P1///DEFB108B,0.07394749999999994
LOC730015///LOC441178,0.03193125000000002
LOC105373860,-0.083565
FRAS1,-0.19652124999999998
GIN1,-0.20213374999999995
LOC100130100,-0.13011125000000007
LATS1,-0.17109875000000008
MYOCD,-0.11831124999999998
USF3,0.07048249999999989
ERICH3,-0.13893749999999994
OIP5-AS1,0.050376249999999956
AKIRIN2-AS1,-0.05495250000000007
SURF4,0.0301825
SMUG1,0.061977500000000074
SERINC1,-0.09134750000000003
SYNE1,0.035535000000000094
APOM,0.15640375
LOC374443,-0.04776250000000004
ADPRH,0.07443124999999995
CYP4X1,0.13192624999999997
NDUFAF2,0.09933874999999986
MOG,0.007156250000000086
OR3A1,0.16464125000000007
WNT4,0.11928249999999996
TTLL5,-0.09896500000000003
SYAP1,-0.20155749999999995
SNORA21,-0.15006250000000004
WDR43,0.07691125000000004
PITPNM3,0.05852125000000008
CSPP1,-0.19853625000000003
ASAP2,-0.07925250000000006
GPR158,0.004141249999999985
SLC2A4,0.13288624999999993
BMPR1B,-0.10281125000000008
PDK4,-0.09477999999999998
LOC100130691,-0.017946250000000052
CYP3A4,0.0016675000000000995
PILRA,-0.03881625
LIPC,0.25780249999999993
FAM208B,-0.14377499999999988
COX15,-0.04544875000000004
EIF4A2,-0.15144125000000003
NEIL1,-0.021397500000000014
LOC100129592,0.13150249999999997
LINC00938,-0.09560750000000007
ST8SIA3,0.14009499999999997
LOC101927502,0.21296875000000015
NR5A2,-0.19832374999999997
ZNF600,-0.08507750000000003
CAB39L,-0.006236250000000165
TRIM38,-0.08715374999999992
NDRG2,0.032111250000000036
CABYR,-0.08959125000000001
EYA3,-0.052991249999999934
KIF14,-0.11222374999999996
LOC340017,-0.1148412499999999
RAG2,-0.12533499999999997
KRT37,-0.0618962500000001
DLGAP3,0.3433537499999999
TRIM7,-0.06941124999999992
GHRH,-0.006552500000000072
CC2D2A,-0.02032374999999992
TAL1,-0.4191925
CCDC113,0.08057125000000004
TMEM132A,0.19678374999999998
GRIK1-AS1,0.04000250000000016
LOC101928651,0.11820000000000003
CFAP58,-0.06784999999999991
MIR663AHG,-0.04724750000000005
MEOX2,-0.04985875000000012
BDP1,-0.11055750000000009
LOC101928597,-0.1501337499999999
LINC00327,-0.10280624999999999
HDLBP,0.0537737499999999
ZC3H7A,-0.13246249999999993
UBE2B,0.2535312500000001
NEDD4L,0.005658749999999935
GEN1,-0.029114999999999946
LACTB2,-0.12114499999999995
KLK8,0.11028874999999999
C7orf69,-0.05905499999999997
CFAP69,0.12060375000000001
INPP5B,-0.13502375
POC1B,-0.06723500000000004
TCF24,-0.23886500000000005
PTPRC,-0.05673249999999991
PLCE1-AS2,0.05700125
TMEM18,0.48354874999999997
UBE2E3,-0.16830124999999996
MIER1,-0.06382125000000011
CALML6,-0.07824875000000003
PLCL1,-0.18061874999999994
TRAP1,-0.23552375000000003
INSIG1,-0.006494999999999973
PWP1,-0.09767749999999992
N4BP2L1,-0.17340999999999995
HELQ,-0.07061874999999995
ALG6,-0.018312500000000065
MIR17HG,-0.05087500000000006
C1orf109,-0.056154999999999955
CD79A,0.054273749999999954
EIF3A,-0.007026249999999845
LOC728408///FAM133B,-0.049490000000000034
LIPE-AS1,-0.02205375000000004
CACUL1,0.04676874999999986
CCNL2,-0.0016324999999999812
F7,0.13689250000000008
LOC101928495,-0.1314300000000001
SLC44A4,-0.38245124999999996
RNF31,0.30673
MPRIP,-0.12938499999999992
UBE2DNL,-0.12237500000000007
SERPINI2,-0.15771999999999992
GJB4,0.284395
THRAP3,-0.06554500000000013
KLHL34,-0.043528750000000116
SHC2,0.149845
TTLL3,0.07663749999999997
USP43,-0.10550500000000007
CD200,0.06903125000000004
CCT2,-0.11564500000000005
PAFAH1B1,-0.05503000000000008
TAGAP,0.049339999999999995
LOC102723448,-0.036119999999999985
FBXL19-AS1,0.04841875000000001
ARL8A,0.007969999999999922
CLK4,-0.09598125000000002
FAM83H,0.1596575
TEP1,0.04590250000000001
STK38L,-0.09003625000000015
PRX,0.26265625
HLF,-0.03460624999999995
LOC103611081,0.06660499999999986
PKD2L2,-0.010898750000000068
CNTNAP3B///LOC653355///CNTNAP3P2///CNTNAP3,0.28548750000000006
SLC35F4,-0.0009375000000000355
KRCC1,-0.03760874999999991
PSG6,-0.0210749999999999
ANKRD26P3,-0.1869512499999999
SUCLG1,-0.10010125000000009
SIK2,-0.16852249999999985
FAM229A,0.05518000000000001
RING1,0.11607375000000003
ZNF280B,-0.17096624999999988
SLC16A6,0.19797124999999988
FAM60A,-0.011742500000000045
GSG2,0.06641625000000001
KLRC4,-0.09057500000000007
LINC01186,-0.11578125000000006
RSPH4A,-0.05901500000000004
SNX19,-0.03411125000000009
ADGRL3,-0.04994000000000004
VMP1,-0.12881374999999995
FAM103A1,0.012218750000000056
MCM6,-0.12274999999999997
TMEM154,-0.0043062500000000115
ZNF782,-0.15652749999999999
ZNF292,0.013162500000000021
ZNF316,0.056708749999999974
SETD1B,0.0052837500000000315
HHAT,0.015703749999999905
SLC25A21,-0.13862625000000012
RASA2,0.17320000000000002
TAF13,-0.06416374999999991
CDC14B,-0.07013000000000008
CCDC8,0.030273750000000044
LINC00423,0.05546125000000002
LINC00598,0.22289375
BCCIP,-0.05363874999999996
CHTOP,-0.03008999999999995
MDGA2,-0.15181
KIAA0513,0.026032500000000014
SLC25A16,-0.05224624999999994
TFDP3,0.07358750000000008
CCDC59,-0.01861874999999996
GOLGA8IP,0.0015387499999999776
HBS1L,-0.12661374999999997
SPACA1,-0.10988874999999998
PROCA1,-0.23819750000000006
BRINP3,-0.04978750000000021
PTPN9,-0.045595
ADCY4,0.10183124999999998
SLC6A11,-0.11959874999999986
PRR4///PRH2///PRH1,0.44726375000000007
RAP2B,0.09643875000000007
ETV3,0.19228250000000002
KRIT1,-0.11596124999999996
TSPAN4,0.30868124999999996
DNAJC15,0.02008124999999994
LOC101928797,-0.11884750000000005
PRMT6,-0.06962999999999997
IQSEC1,-0.040208749999999904
PLIN5,-0.3030375000000001
DPY19L4,-0.14261875000000002
PIEZO2,-0.1392712499999999
TAT,0.02976875000000001
TMEM221,-0.20139249999999992
FRMD8,0.08395125000000003
OSTC,-0.07027749999999994
ATP6V1B1,0.06598375000000001
AGTPBP1,0.02396999999999999
SPSB1,0.1865925
LOC101927365,-0.07744624999999988
C7orf25,0.19122999999999996
ATF4,-0.03091000000000005
LINC01016,-0.056235000000000035
PTP4A1,-0.05041500000000004
KIAA0509,-0.06827125000000006
LOC150005,-0.011091250000000108
SPINK13,-0.09263625000000009
ACADL,-0.0558825
IL2,0.03394124999999992
RHOV,-0.18336999999999987
OR5P2,-0.10154625000000012
LYRM4-AS1,-0.07572000000000007
C3orf38,0.03813875
LOC339468,0.025133750000000066
GUCY1B3,-0.026845000000000008
LINC01314,0.14680750000000004
KIAA1524,-0.15584875000000004
UBAP2L,-0.07760124999999995
GZMA,0.10730999999999996
MOGAT2,0.08261500000000005
LOC101928858,0.06437124999999999
GNAL,-0.10323374999999996
ICOSLG,0.12984874999999996
PTPRB,-0.02219625000000003
DKK1,-0.08022125000000002
EEF1A1,0.019482500000000014
GK,0.016559999999999908
SPRYD7,-0.12226875000000009
TNNT2,-0.0437499999999999
MRPL19,-0.1490725
SLC26A9,-0.08213750000000003
LOC106146153,-0.07307625000000012
ARHGEF37,-0.039066250000000025
EXOC6,-0.02099875000000001
SENP2,0.004341250000000019
TAF9,0.02372624999999995
GIMAP5,0.42988875
EDDM3A,-0.09342374999999997
TMEM65,-0.026832499999999926
DNAJC3,-0.013646250000000026
TRIM39,0.09176125000000002
SLC28A3,-0.028521249999999998
ADGRF5,-0.030267500000000114
RPL24,-0.03944874999999998
LRRC75A-AS1,0.12394250000000001
OR2B6,-0.011680000000000135
DKFZP761C1711,-0.05762250000000002
PRCD,0.31351625
PLSCR2,-0.15652125
SNX8,0.14200125000000008
MDFIC,-0.09562250000000005
TAOK3,-0.101995
FGF14,0.25939124999999996
THOC1,-0.06366875000000005
IFT80,-0.11739624999999998
COLQ,0.03386249999999991
CCDC74B///CCDC74A,0.00828625000000005
MAMDC2-AS1,0.07713000000000003
DBF4B,0.24080249999999992
TMCO5A,-0.018368749999999934
ZNF329,-0.09494249999999999
WHRN,0.13651875000000002
YIPF5,-0.052351250000000016
KIF3A,-0.02604625000000005
C3orf70,-0.0621624999999999
C15orf41,0.01966249999999997
LUC7L3,-0.05728249999999996
MED7,-0.08701624999999996
PDCD7,-0.09093000000000012
UTP20,-0.07628374999999998
EFR3B,0.004371250000000104
HIVEP2,-0.014227499999999949
FN1,0.24022124999999994
SPAM1,-0.06501625000000005
EIF3E,0.08411250000000003
TTLL11,0.16568250000000007
WDR12,0.23756374999999996
RERG,-0.2108875
KIF16B,-0.0469662500000001
ACBD6,-0.04037375000000004
LINC01021,-0.13238250000000013
GPM6A,-0.1295575
YME1L1,-0.20086000000000004
CPNE4,-0.032913750000000075
TBXAS1,-0.041122500000000006
LOC100128164,0.05178874999999994
GINS3,-0.12125000000000002
MRPS14,-0.0018737500000000629
SLK,-0.1137462500000001
ZNF709,0.22730250000000007
C10orf128,0.008973750000000003
AFDN,0.0024212500000000414
BAG5,-0.11284875
FLVCR1,-0.1829362499999999
SSRP1,0.08997250000000007
TAF8,0.13935749999999997
KIAA1586,-0.004591250000000047
PELI1,-0.23483625000000002
POLD4,-0.1652925
PDE5A,-0.03451624999999997
RBM47,-0.003253749999999944
BMT2,-0.0906812500000001
AFF3,0.06262374999999992
SHF,0.3276925000000001
IL1RL1,-0.08572625
LOC100129038,-0.037304999999999866
LILRA3,0.16480499999999992
COPS4,-0.10632250000000004
CARD19,0.1150274999999999
PPP1R3D,-0.021258750000000104
STX3,-0.13186375000000006
IGHG1///IGHA1,-0.004095000000000015
MCCC1,-0.020551250000000076
HPCAL4,0.11390250000000013
ZBTB37,0.18293874999999998
LOC101927830///TMLHE-AS1,-0.11566749999999992
TTTY13,-0.0778350000000001
NPTX1,-0.13866250000000002
HHEX,-0.03560500000000005
CD59,0.13919000000000004
CD74,0.0003249999999999642
TDG,0.01736874999999999
MITF,-0.16039874999999992
TP63,-0.08761625
LRRC8E,0.058112499999999956
LMOD2,-0.035172499999999995
ARV1,-0.04653000000000007
CYR61,0.06442625000000002
TNRC6A,0.06310625000000009
FAM172A,-0.04749249999999999
LOC101928031,-0.08098874999999989
CRISP2,-0.041252499999999914
CXorf56,-0.17583624999999992
TTTY4C///TTTY4B///TTTY4,0.04730125000000002
AGPAT3,0.0531525000000001
SLIT3,-0.028276250000000003
CYP2C8,0.00012499999999998623
DLEU7-AS1,0.03889375000000017
ORM2///ORM1,-0.0550775
STX17-AS1,-0.19190375000000004
FUT4,-0.12071500000000002
SERINC5,-0.05311374999999996
KY,0.1817025
CBX3,-0.0015737499999999294
WDR48,0.18645875
NSUN6,-0.052602499999999996
OXCT1,-0.019499999999999906
TFB2M,-0.11656375000000008
CPD,0.3365599999999999
OGT,-0.07153999999999999
DEFB125,0.0829975
CASQ2,0.00773249999999992
PLEKHH2,-0.0886812500000001
GOLGA2P5,0.09667749999999997
LINC01537,0.06366624999999992
DKFZP434C153,-0.06590250000000009
EPC2,0.026511249999999875
APP,-0.25217374999999986
NPAS1,0.12019374999999993
CSN2,-0.025534999999999863
MRPS33,-0.028151250000000072
LOC101928728,-0.02797874999999994
EAF1,-0.10853000000000002
KLHL31,0.02803875
ETS2,-0.17410125000000004
FBXO9,-0.11736249999999998
B3GALNT1,0.023995000000000044
OGFR,-0.15513624999999992
CFHR3,0.04587624999999995
RNF180,-0.15289625000000018
DNAH1,0.03436875000000006
MIR4290HG,-0.03490249999999995
DLL4,-0.12107249999999997
ID2,0.012473750000000117
LOC100129266,-0.006531250000000044
C18orf25,-0.13438750000000005
ZNF177,-0.16754874999999997
STXBP6,-0.04251125
LOC442497///SLC3A2,0.6215937500000001
RBBP9,0.031237499999999918
C9orf85,-0.031066250000000073
LOC100133665///TALDO1,0.15625874999999995
TTC17,-0.09097374999999991
TRIQK,-0.029384999999999994
ENPEP,-0.18479
ARHGAP8,0.15965625000000006
IFT81,-0.06539875
DNAH14,-0.08312750000000002
CYP11B1,-0.07721499999999987
DICER1,-0.15474125000000005
ARHGEF26-AS1,-0.02983500000000011
NSUN3,-0.13078500000000015
DHX34,-0.15833375
HNRNPL,-0.12806374999999987
GRIN2B,0.04936625
BLOC1S5,-0.06383749999999999
CHMP4B,-0.03327124999999986
ZNF200,0.009268749999999992
MAGEA10,0.12595750000000006
LOC100131298,-0.009333750000000085
MARVELD2,-0.03654000000000002
C7orf33,0.09556500000000007
WNT8A,0.09734625000000002
ANKHD1-EIF4EBP3///ANKHD1///EIF4EBP3,-0.013462499999999988
CPNE8,-0.056487500000000024
NKAIN3,0.052224999999999966
SREK1IP1,-0.02572125000000014
VNN3,0.25476
LOC100132566///LOC100132025///LOC100131452///LOC729272///LOC338999,-0.10701250000000007
ELK4,0.08294499999999999
SYNC,-0.005693749999999997
LOC100134410///POU6F2,-0.08758249999999995
PCNX4,-0.12316749999999999
DTNA,0.020730000000000026
LINC01365,0.39138750000000005
DISC1,-0.08071124999999996
MYBL1,-0.05550999999999995
PRKDC,0.1639775
BMPR2,0.2595212499999999
STIM2,0.06621249999999995
ZNRD1,-0.07105250000000002
ATPAF2,-0.0036700000000000066
FAM204A,-0.05073124999999995
ORC2,-0.07242624999999991
DR1,-0.13378000000000012
LOC283588,-0.01923625000000012
HSPA13,-0.19886625000000008
TBXA2R,-0.08958499999999991
ZBTB21,-0.09541875
KIAA1324,-0.05266999999999994
ZNF334,-0.03107874999999999
MSANTD3///TMEFF1,0.026003749999999937
MGC39584,0.04743000000000003
COPB2,-0.06797999999999998
TNRC6B,-0.04469499999999993
ZBTB20-AS1,-0.020612500000000034
MRPS15,0.1358087500000001
CA11,0.24988500000000008
SMIM14,0.01401749999999996
PDZD8,0.07874999999999993
ATP1A2,-0.13922125000000007
EXOC4,-0.07167499999999999
PPP1R2P4///KIAA0226L,-0.11050499999999996
TMEM253,-0.12353625000000007
ZNF30,0.02012999999999998
LCMT2,0.218395
TARS2///EMX1,-0.039682500000000065
SOBP,-0.034927499999999945
SLC23A2,0.015884999999999927
KIF5B,-0.05456749999999988
TMX1,-0.014848749999999966
RAB5C,0.06099375000000001
FAM155A,-0.040058749999999865
L3MBTL2,-0.1209675
CEMP1,0.05163499999999993
WDR53,-0.02158625000000014
RAB11A,0.04347249999999997
CKMT2-AS1,-0.09066125000000003
ITGA11,0.010824999999999807
LOC100128729///LOC731082///TLK2,-0.08973374999999989
SH3YL1,0.026764999999999983
CTF1,0.29192999999999997
TTC27,0.14330875000000004
SLC17A4,-0.16741374999999992
NPY2R,-0.051947500000000146
ANO1,-0.04935375000000003
CUL5,-0.061085
RBMXL2,-0.03044749999999996
LOC399716,-0.11072625000000014
LOC653602,-0.005085000000000006
EEF2,0.01689124999999997
PLCXD2,-0.14574375000000006
MGC57346,-0.100215
SAMSN1,-0.04391499999999998
CHST5,0.16957500000000003
TRAC///TRAJ17///TRAV20///TRA,-0.034904999999999964
HMGN5,-0.057621250000000124
TRPA1,0.07235000000000014
HIGD2A,0.2097262499999999
LPXN,-0.03192125000000007
LINC00094,0.14874125
DCAF1,-0.09088375000000004
FAXC,0.0010074999999998835
LOC100288238,0.04294125000000004
GRB2,0.23082749999999996
CR1,-0.13837000000000005
PLP1,-0.04874250000000008
ZFYVE26,-0.03817124999999999
TMEM106B,-0.08654624999999994
CYP4F29P,-0.04251499999999997
HNRNPU,0.15147499999999997
CNOT9,-0.021827499999999944
VPS37A,-0.06242249999999999
UBA2,-0.10617749999999998
EFS,0.036186249999999975
LOC100130360,-0.26302625
MORN2,-0.21181375000000002
LINC01133,-0.07491000000000003
RAPGEF2,-0.1606312499999999
ZNF347,-0.013633749999999945
AES,0.40281874999999995
C16orf45,0.10217750000000003
MED4,-0.185255
NSUN7,-0.21160249999999997
CRNDE,-0.09579124999999994
DNAH9,-0.14003
MGEA5,0.12312999999999996
POLR3A,-0.057914999999999994
CCNYL1,-0.050723749999999956
NAT1,-0.12344624999999998
RNF103,-0.06642375
LEMD1,0.0017999999999999683
PLLP,-0.10898375000000005
TBC1D13,0.2075225
CD58,-0.13024749999999996
TASP1,-0.048877500000000074
PHLPP1,-0.048073750000000026
EMP2,0.04257624999999998
MAGEB1,-0.036750000000000005
BTK,-0.05151874999999995
LOC100134764///HOXA-AS3,0.15450000000000003
BBS7,-0.03316000000000002
PTPMT1,0.22483874999999998
ZMAT2,-0.1476675
LOC401463,-0.1527687499999999
TRIM10,0.0887425
ITGB6,0.9310075
CDK7,-0.009211250000000004
AKAP8L,-0.236865
TBC1D32,-0.07349124999999995
HIVEP1,0.03440249999999989
NDUFC2,-0.025706249999999986
ZNF592,0.04990875
KIAA1958,-0.023923749999999966
GCA,-0.04630750000000006
IL23A,0.08877750000000001
SERPINB3,-0.07761625000000005
DDA1,0.08454125000000012
TMEM178B,-0.10062749999999993
ZCCHC6,0.023065000000000002
FANCL,-0.04909249999999998
HOXB3,0.030184999999999906
BMP2,0.06858249999999999
PRPF38B,-0.09063874999999993
MIPEPP3,-0.06929625000000006
LYRM5,-0.09622000000000003
NOVA2,0.13697000000000004
HSFX2,-0.02350374999999999
RAP2C,-0.053210000000000035
LINC00906,0.03305375000000016
GPRASP2,-0.04830375000000009
IFT74,-0.0027187500000000475
FUT9,-0.0951375000000001
EML4,-0.10839625000000003
CYP4A11,-0.19428874999999995
UBA5,-0.17997749999999996
AQR,-0.10020624999999994
CFHR5,0.1534824999999999
MS4A3,0.07910249999999996
MKLN1,-0.1896875
BICD2,0.10341
MBNL1-AS1,-0.04374875
TMEM57,-0.20533624999999983
LINC01393,-0.035475000000000034
AMELX,0.027133749999999957
IRAK2,-0.09129249999999994
AGT,-0.0396725
LSG1,-0.06600125000000001
PTMAP8///LOC728026///LOC643287///PTMAP7///PTMA,0.30601000000000006
ZNF594,-0.07510375000000002
RHOA,-0.006843749999999982
PPP2R3C,0.03940125
SPRR2B,-0.09629250000000006
ANAPC10P1///ANAPC10,-0.033586250000000095
DNAJC11,0.13050250000000002
SGMS2,-0.10667500000000008
IL1RAPL1,-0.012126249999999894
GHRL,0.08003375000000001
HNRNPH2,-0.06860374999999996
LOC101929550,-0.04601500000000003
PRELID2,-0.07325250000000016
MIAT,-0.18348125000000004
APOBEC3A,-0.07705625000000016
LOC100130175,-0.17707625000000005
TEPSIN,0.13196625000000006
PNPLA4,0.08901749999999997
NUCB2,-0.11211499999999996
WDSUB1,-0.06608750000000002
CES2,-0.09277375000000004
SPATA2L,0.011478749999999982
LOC439933,-0.07020125000000005
LOC100128692,-0.12840000000000001
ELMOD3,-0.08458749999999993
C1orf131,0.008077500000000126
EDN3,-0.09874250000000001
TCP10L,-0.11904875000000004
LENG1,0.17707624999999994
BLVRA,0.4650249999999999
BRD7P3,-0.11641124999999997
SPATA13,0.06488125000000006
LILRB4,-0.0005475000000000341
DOCK6,0.12704500000000002
RALGAPB,-0.030848749999999925
ZNF493,-0.08487124999999995
FAM53B,0.14106249999999992
SEC24B,-0.05623499999999998
MRPL45P2,-0.004995000000000083
CDK5RAP2,-0.13642249999999995
XKR4,-0.06892749999999997
MSRA,0.21513749999999993
LOC728198///TAF9B,-0.060227500000000045
SLC6A2,-0.00983500000000015
C8orf44,-0.09091249999999984
REPS1,-0.026533750000000023
PIK3CA,-0.028101249999999967
LINC00638,0.22107749999999998
FTCD,0.14246624999999985
PF4V1,-0.0462637500000001
MED6,0.026078750000000095
GOLGA1,-0.010063749999999982
TRHDE,-0.1094412500000001
LOC100128661,0.11685124999999996
ABHD2,0.12354500000000013
PDGFD,-0.04092125000000002
ERCC6L2,-0.020648749999999938
VIL1,0.33132125
TARDBPP1,-0.12089374999999997
GCC1,-0.04352
MEOX1,-0.14398375000000013
ARG1,-0.009444999999999981
TFPT,0.00901250000000009
VAMP4,-0.020822500000000077
BCL2L1,-0.041951249999999995
PWRN1,-0.13811875000000007
EDN1,0.1446787499999999
WASL,-0.043035000000000045
FAS,0.014884999999999982
TRIM16L///TRIM16,0.5035587500000002
ASTN1,-0.08439625
MTRF1,0.0006337499999999885
TC2N,0.24230500000000005
TAOK2,0.39217124999999997
GAS1,-0.11532625000000013
ANGPT4,0.09907999999999995
DENND2C,0.09261374999999994
AARS2,0.23112249999999995
SEC61G,-0.014931249999999952
DAB1-AS1,-0.06807750000000001
LOC286178,0.08927624999999995
QPCT,-0.06393500000000002
RPS10P9///RPS10P4///RPS10P13///RPS10P22///RPS10P11///RPS10P29///RPS10P7///RPS10P3///RPS10P5///RPS10,-0.005873750000000011
RCC1L,0.06582624999999998
CEP76,1.6249999999939924e-05
CLUAP1,-0.12677624999999998
DUSP26,0.27764625000000004
LSS,-0.07390000000000013
NME1-NME2///NME2///NME1,0.14907749999999992
OSBPL11,0.18898375
PLCL2,0.008216250000000036
TERF1,0.015026250000000019
LOC100129406,0.04205249999999994
ZCRB1,0.08285875000000015
GATM-AS1,0.11820249999999993
MBNL3,-0.002598750000000094
SLC35G2,-0.09043875000000012
TLE4,-0.053898749999999995
TMEM87A,-0.03358124999999995
LOC652821///VCY1B///VCX3A///VCY,0.2653925
SLFNL1,-0.13932375000000002
LINC00540,0.1274687499999999
FAM134A,0.044062500000000004
STAT1,0.2395274999999999
MED30,-0.05313875000000007
NARS2,0.012587499999999918
UBE2L3,-0.03200249999999999
NF2,0.034616250000000015
LOC100132810///LOC441179,-0.25822625000000005
LOC101929718,0.2618862499999999
KIAA1456,-0.08611624999999995
LINC00960,0.048390000000000044
FERMT2,-0.1709312500000001
BEND2,-0.06918249999999998
NABP2,-0.05950749999999999
PEX13,-0.12676874999999999
PPP2R2C,-0.006983749999999955
LOC105377276,-0.08012249999999993
LINC01087,-0.17480374999999992
OGFOD3,-0.07203624999999997
TYMS,0.12339374999999991
PPOX,-0.16979000000000005
NBPF10///NBPF11,-0.04862250000000007
TOR1AIP2,-0.19240249999999992
TMF1,0.03612124999999994
NCAPG,-0.04963750000000006
NID1,0.14942499999999997
WFS1,0.17552375000000014
TTC31,0.23730499999999993
APOE,0.15675875000000006
MTERF1,-0.06654125
CDC20B,-0.022147500000000042
KDM2A,0.20449374999999986
CD53,0.20245000000000007
BAG4,-0.06746249999999998
BIRC3,-0.04122124999999999
LOC101929660,-0.0015249999999999986
MAPK1,-0.10391375000000003
LOC101929153,-0.07543249999999996
FLJ16734,0.04739125000000011
DCAF13,-0.04909249999999993
BDH2,0.04082250000000004
RAB40C,0.029376250000000104
LYRM2///ZC3H11A,-0.12178000000000005
VSIG1,-0.06182500000000002
LOC727895///LOC401218///FAM58A,0.1869662500000001
ZNF407,0.027526250000000085
SLC26A2,0.007230000000000125
ZNF395,-0.10496749999999994
MYBBP1A,0.20322499999999993
MAPRE3,0.01993624999999999
NXPE3,-0.05535499999999999
CBLB,-0.03206874999999998
RARS2,0.04094500000000001
KLF15,0.1921925
LOC100129917,-0.191965
PUM1,-0.0189125
DHH,0.11414000000000002
ALKBH1,0.4924237500000001
CLDN10-AS1,-0.10919625
ZNF506,-0.1091725
LOC105373495,-0.019266249999999985
SWT1,-0.012736249999999949
LILRA6///LILRA4///LILRB3,-0.09715374999999998
EIF4ENIF1,0.1371187499999999
COA5,-0.025423749999999967
CTBP2,0.06161625000000004
PLSCR1,-0.07141124999999998
CPS1-IT1,-0.048829999999999985
ZNF396,0.131355
ACTR3B,-0.05007874999999995
LINC01619,-0.056574999999999986
IGLV1-44,0.16017124999999993
COL4A3BP,-0.08392250000000001
KLC1,0.41394500000000006
BAGE,-0.10448499999999988
UBE2V2,-0.057580000000000076
SNHG3,-0.05212500000000003
GLI3,-0.05787750000000008
LOC100134109,-0.005603750000000074
MGC16275,0.02854624999999994
NCOR1,0.10380499999999993
IL13RA1,-0.10495624999999997
POC1B///GALNT4,-0.29541625
NOTCH4,-0.017847500000000016
WHAMMP2///WHAMMP3,-0.07797124999999999
UBR5,-0.1529649999999999
HIST1H2AB///HIST1H2AE,0.010406250000000006
FAM92A1,-0.1361199999999999
CBX5,-0.03862375000000007
GLB1,0.20832375000000003
CHN2,-0.03296249999999995
CCL7,-0.07491999999999999
IKZF5,-0.03604999999999986
FAM222A-AS1,0.04477624999999996
TEAD3,0.06570749999999992
RBBP4,0.07952749999999997
RAPH1,-0.01716249999999997
ZNF818P,0.42607249999999997
IL22RA2,-0.09468375000000001
FADS2,-0.0012512499999999815
CCT6A,0.04851874999999989
JPH3,-0.17620249999999998
TOR4A,-0.09947874999999995
CLTC,-0.06543000000000004
CITED2,0.00040375000000009154
GBGT1,-0.012776250000000045
MIR100HG,-0.06670749999999998
MTR,0.058494999999999964
TMED4,-0.18493499999999996
C16orf62,-0.08250874999999996
PBK,-0.16598750000000007
UST,-0.16551749999999998
XPOT,0.008277500000000049
LOC105373460,-0.27692250000000007
ABCC13,0.06875500000000001
GEMIN5,-0.056182500000000024
ZNF677,-0.17243000000000008
ARHGAP11A,-0.23624375000000009
CELA1,0.1574012500000001
LOC105372840,-0.22347499999999992
MAGI2,0.2086925
FAM46C,-0.09305625000000001
ZNF778///FLJ12986,-0.1596225000000001
LINC00305,0.033664999999999945
FBXW11,-0.040254999999999985
BTF3P11,-0.0012699999999998823
ESRRB,0.10880000000000001
LOC105372482,0.08595374999999994
GXYLT1,-0.061621249999999905
SNX4,-0.03541
LRRC42,-0.05723874999999995
ITM2B,-0.027678749999999863
RCOR1,-0.07590875000000002
PRKAR2A,-0.12853500000000007
C3orf36,0.019367499999999982
LOC101927379,-0.015571249999999981
HLTF,0.08357875000000009
ABHD18,-0.06511499999999998
CEP57L1///CEP57L1P1,-0.047995000000000065
RANBP3,0.05699874999999993
EFCAB3,-0.058642499999999986
ARHGEF38,0.03718624999999992
C8orf48,0.05175499999999994
CRP,0.23314750000000012
SRFBP1,-0.0011249999999999871
TIFA,0.014757499999999923
ENGASE,0.01631375000000007
HIST1H3J,0.04383124999999999
PRM3,0.12005500000000008
KIAA1549///BRAF,-0.06100125000000001
CTIF,-0.06360000000000005
CD79B,-0.09439999999999993
HIST1H2BN,0.05406249999999996
GAR1,-0.07023374999999998
ADH5,-0.04550999999999994
C7orf34,-0.022814999999999974
GPBP1L1,-0.012182500000000096
SPC24,-0.04146374999999991
FYTTD1,-0.12672875000000006
ZNF503,-0.11081250000000009
ALMS1,-0.04121874999999997
FAM169A,-0.08403749999999993
BCAS2,-0.09531999999999996
CRTAP,0.22500999999999993
TMEM64,-0.16246999999999995
OR1G1,-0.06430625000000001
DNAJB4,0.003114999999999979
RPS6KB1,-0.05895624999999993
TSSK6,0.5325399999999998
CCDC36,0.07546125000000004
CD2BP2,-0.0719962500000001
TLL2,0.10185875
VDAC1,-0.07714124999999994
CDHR3,-0.011067500000000063
LOC101928441,0.01291749999999997
RAB40B,0.27141000000000004
TRMT10B,-0.07905125000000002
SLC25A36,0.13119375000000005
LOC101928539,0.04021874999999997
NETO1,-0.027906249999999855
ETFDH,-0.11616375000000001
CHMP5,-0.04284749999999998
MAGEB4,-0.19550374999999992
ZNF146,0.026806249999999976
RCCD1,-0.1502825000000001
MYO3A,0.02498500000000009
MAGEB3,-0.05020625000000001
LOC646470,-0.0810475
OAS2,0.03440875000000004
LOC101928896,0.06342250000000005
SAMD5,-0.03888374999999994
STMN4,-0.20917124999999992
FGF18,0.17353874999999996
ADCY7,-0.028263750000000032
KITLG,0.11631750000000007
P2RX4,0.08365875000000006
SCNN1A,0.13129250000000003
MPHOSPH9,-0.22119249999999996
CCBE1,-0.05405125000000005
DIRAS2,-0.19062874999999985
NCOA2,-0.0037912499999999683
BBS5///DTD2,-0.028001250000000144
RPS6KA3,0.06701750000000006
APITD1///CORT,0.13976875000000005
STXBP5L,0.10726750000000002
PXDN,-0.14361750000000006
ITCH,-0.04896374999999997
CELF6,0.038256249999999936
ACER1,0.20994624999999995
SPTY2D1,-0.03189374999999994
C3orf80,-0.027878749999999897
CROCC,-0.10039124999999999
SIX3,0.02450875000000008
LOC100130227///TMSB4Y,-0.053577499999999945
MAGOHB,0.08264124999999989
BAG1,0.06327500000000003
WRB,-0.04898250000000004
IQCF2,0.06504374999999984
ST8SIA1,0.06128250000000002
LINC01020,0.09060250000000003
LINC01278,-0.18345250000000002
DDHD2,-0.066525
SYS1,0.13210374999999996
GLRX,-0.12181500000000006
C16orf52,-0.027773749999999986
CHKA,-0.15987749999999995
LOC101929019,0.027938749999999957
TMX3,-0.02082750000000011
KDELC2,0.048041250000000035
LOC101929064,0.054071250000000126
KDM6A,-0.05172499999999991
WWC1,0.012319999999999942
SOX4,-0.17003124999999997
C3orf30,-0.16386999999999996
LOC101928525,0.30979124999999996
DENND6A,-0.08493249999999997
TLR6,-0.2863449999999999
SLC18A2,-0.005170000000000008
HECW2,-0.05613000000000007
LOC105372069,-0.04016625000000007
LOC283585,-0.10686999999999991
C10orf53,-0.05926999999999999
ZNF226,0.0779125
BRAP,0.09698500000000004
MGAT2,-0.04052750000000005
ADGB,-0.05824625
FGF7P3,0.012295000000000056
PBXIP1,-0.06196124999999997
PSMC2,-0.001807499999999962
JADE3,-0.06902375
KCTD18,-0.25413624999999984
ZNF239,0.11028625000000003
TMEM132B,0.029027500000000095
VSTM1,0.2062537499999999
SRP72,0.07139750000000006
LOC101929657,-0.12242999999999993
RPL15,-0.14107000000000003
ANKS4B,0.09451749999999992
PLEKHA1,-0.04453875000000007
TFIP11,-0.03439625000000002
CDY1,-0.005889999999999951
PRSS50,0.10110000000000008
LOC728987,-0.11287874999999986
UBL5,-0.1055937500000001
LOC105378568,0.7013187500000002
DUSP4,-0.04031000000000007
DEUP1,-0.03293375000000004
SLC46A1,-0.13248749999999998
HOXA3,0.024145000000000083
FCGR2C///FCGR2A,0.14098749999999988
LOC100134711///LOC100132740///STAG3L2///STAG3L3///STAG3L1///STAG3,-0.07313000000000003
ATAD5,0.036314999999999986
FTSJ3,0.06873999999999997
ALPI,0.36451750000000005
LAMP2,-0.15892750000000005
PRDM15,-0.00490375000000004
FASLG,0.017642500000000005
ZNF800,-0.14450374999999993
CCM2L,0.21691250000000012
LOC100134025///SPEF2,-0.025061249999999924
SRI,-0.08986749999999993
LOC151657,-0.004043750000000013
FAM104A,-0.03283750000000002
CNPY1,0.004448750000000001
PARD6G,0.3626374999999999
HIST1H3E,0.10207125
WIPI1,0.03598624999999994
ZFYVE16,-0.17053125000000002
HLA-DPB2,0.06318749999999995
PWP2,0.07662125000000003
WASF1,-0.012868749999999873
CALCRL,0.03848125000000008
CEP19,0.005915000000000004
DUSP19,-0.0646362499999999
SLC15A1,0.00016375000000007356
CNIH4,0.008486250000000084
MYL9,-0.08539124999999997
KCNQ5,-0.019693750000000065
MCTP2,-0.045678750000000046
NTRK3-AS1,-0.03275625000000004
ART5,0.10502624999999993
LOC101927460,-0.13764875000000004
LOC441025,-0.08905124999999997
PCDHA1///PCDHA2///PCDHA3///PCDHA4///PCDHA5///PCDHA6///PCDHA7///PCDHA8///PCDHA10///PCDHA11///PCDHA12///PCDHA13///PCDHAC1///PCDHAC2///PCDHA9,0.1599
SRC,0.08703625000000004
LINC01094,-0.12561624999999998
FAM9B///FAM9A,-0.09083374999999988
PRSS12,-0.10608875000000001
STIL,-0.07309874999999999
NAV2-AS4,-0.04899500000000001
GAB3,0.060786249999999986
C17orf64,-0.12600875000000006
HES1,-0.030453750000000057
IL6,-0.1133475000000001
HSP90AA1,-0.10702
S100G,-0.07498499999999997
SSBP2,-0.13312500000000005
FUNDC1,-0.12318999999999991
LLPH,-0.11616625000000003
RAP1GAP2,-0.09725749999999989
MED1,-0.09637249999999997
JKAMP,0.03593375000000004
C1orf234,0.0068212500000000564
LINC00343,-0.07192624999999997
TIMP2,-0.1655525
LKAAEAR1,0.29736000000000007
PTMA,0.10371250000000004
NRG1-IT1,-0.03182500000000005
DNAH11,0.06780500000000006
MICB,0.07095875000000001
ZBTB26,0.09049625000000006
ABCA11P,-0.12729625000000006
TRAK1,-0.04984499999999997
ACOT11,-0.12994499999999987
AZIN2,0.16925875
PARD6B,-0.058067499999999994
FAM83B,-0.06528625000000005
ATXN7,-0.028634999999999966
SREK1,-0.05694500000000002
KIAA2013,0.02485000000000004
LOC284578,-0.03256250000000005
ARG2,-0.031142500000000017
LOC105370580,-0.013728749999999956
CNDP2,0.22776125000000003
VPS41,0.004107499999999986
INSM1,0.021432499999999965
LINC01234,-0.07835874999999998
ID4,-0.03966999999999998
IL15,-0.01594750000000006
FLJ23865,0.3828825
CLIC5,-0.04705499999999996
AMER3,-0.07055375000000003
LINC00879,0.11230375000000004
AGPAT5,-0.043378749999999855
ADRB1,-0.03599749999999996
NAV1,0.09629499999999996
LEP,0.0959299999999999
LUC7L2,-0.019295000000000007
GRB10,0.06615624999999997
ZEB1,-0.08509624999999998
MIR4500HG,-0.05062124999999995
MS4A2,0.008314999999999961
LOC202025,0.0379799999999999
TACC1,-0.023634999999999906
PPP4R4,-0.08461499999999994
CYP26A1,0.020327499999999943
OMG,-0.09635250000000001
ASPRV1,0.015348749999999911
CAMK4,-0.22695749999999998
FUZ,-0.06182625000000003
VPS26A,-0.1198125000000001
THNSL1,-0.09050125000000009
RC3H1,0.050652499999999934
ITGA9-AS1,0.24849874999999993
IRGQ,-0.2259912500000001
PFN4,0.03561125000000004
TOR1AIP1,-0.017477499999999924
REST,0.10780625000000016
EMC1,0.08139999999999992
NBPF6,-0.09564375000000003
PAGE2B///PAGE2///PAGE5,-0.01059874999999999
GGPS1,-0.09206374999999994
LOC105370178,-0.0034437499999999677
KRT23,-0.18547250000000004
SLC14A1,-0.22389750000000003
SLC25A3P1,0.02676249999999991
CCDC88C,-0.05740000000000006
CAMSAP2,-0.045509999999999995
SALL4,-0.030481250000000015
SLC48A1,0.09177750000000007
RHOU,-0.02957624999999997
CDKL2,-0.005940000000000056
LOC100133905///TLK1,-0.06211249999999996
HIST1H2BD,0.02002124999999988
DRAXIN,0.1684624999999999
DLX2,0.04688875000000009
SLC13A2,-0.18732625000000008
IGSF9,-0.0623225
IFT140,0.04480624999999999
LOXL1,0.05183249999999995
TMEM139,0.16130000000000005
MGAT4A,-0.19677999999999995
NECTIN2,0.025813750000000024
PALM2-AKAP2,-0.06534125000000007
MPP2,0.30813874999999996
RPS9,0.18119000000000002
RUNDC3A-AS1,-0.08074874999999998
LRWD1,0.2267362500000002
LRRC41,-0.08006624999999995
FAM218A,0.02964125000000012
PAPOLA,0.08272875000000007
KCCAT333,-0.044813749999999986
LOC100133298///GLIDR,-0.13263249999999993
TRIM71,0.022017499999999968
TM2D1,0.009762499999999952
KIAA1462,-0.1264512499999999
DSC1,-0.09602124999999989
PRKCD,0.045993750000000055
LOC101927358,0.09140249999999994
GUSBP11,0.42854124999999993
DNAJC12,-0.16510000000000008
GTF2H3,-0.20195124999999992
RPL34,0.14981374999999997
POLE,-0.11409749999999991
GLIS3,-0.16599625
LOC100127938,-0.07172375000000003
METAP1,-0.0629825
GLCE,0.02284750000000002
LOC101927359,-0.037077499999999985
TIE1,-0.1247474999999999
PSMD11,-0.032916249999999925
SPACA7,0.319065
PPP1R10,-0.1674237500000001
MTRR,-0.055174999999999974
CTNNA1,0.1279512499999999
POLD3,-0.04183624999999991
TANC2,-0.10773750000000004
LOC100129386,0.029146249999999985
SRSF9,0.1576225
HIST1H1T,-0.09345625000000007
SERPIND1,0.20803250000000006
EIF4G3,-0.08110250000000013
TMEM128,-0.023117499999999902
DNPEP,0.10239500000000007
TMEM26,-0.056423749999999995
NDUFB11,0.07599000000000006
HCN1,-0.05384624999999993
LPGAT1,0.06838374999999991
THSD7B,-0.10763
STAT2,0.3989575
CUL3,-0.08346249999999994
PTBP2,-0.044303749999999975
RPL37A,-0.03433750000000002
PARG,-0.017197500000000032
ADGRA3,0.0316499999999999
LOC101928111,0.2892550000000001
RASGRF2,-0.041348750000000045
ARPC5,-0.10583750000000003
LOC152048,-0.07740125000000009
LOC105375240,-0.21693374999999998
LMNTD1,-0.10851999999999995
BUD31,0.10864124999999997
PCDHGA3,-0.06072749999999988
ZNF573,-0.09855374999999988
DCAF8,0.001784999999999981
NMT1,-0.16720499999999988
GDAP1,0.0006525000000000003
DEPDC1,-0.05894749999999993
LOC100133781,-0.14347375000000012
UBTD2,-0.012765000000000026
IMPAD1,-0.10104375000000004
MTX2,-0.13494625000000005
SCP2,-0.12724249999999998
STT3B,-0.07318499999999994
IRX3,-0.2704512499999999
GIPC3,-0.03372000000000008
ZNF646,0.23983875
APBB1,-0.016826250000000043
FGF10,-0.005428749999999982
LOC100133958///KCNN3,0.013030000000000097
A1BG-AS1,0.00014375000000005356
GLTSCR1,-0.06950624999999999
NLRP11,0.09769624999999993
CREM,-0.02292375000000002
SOCS4,-0.012855000000000005
ADSS,-0.015679999999999916
CDKN1C,0.027932499999999916
NSL1,-0.12895625
SLC4A9,-0.17740875
PP14571,-0.0816
EIF3K,-0.11571124999999999
ZMYM1,-0.061068750000000005
C2orf73,-0.034228749999999974
HHCM,-0.07181375000000001
ANKFN1,0.08344499999999994
COL1A1,0.006522499999999987
NAA10,0.08496374999999995
CHD7,-0.0739462500000001
CABP7,-0.08424375000000006
ACAA1,-0.08647375000000007
MARCH9,0.10402375000000003
L3MBTL1,-0.03240875000000004
CSTL1,-0.03893749999999996
DOCK3,-0.051426249999999896
LOC101929174,0.19372
MIS18A,0.05928125000000012
LOC389834,-0.05108374999999993
HIST1H2AG///HIST1H2AM///HIST1H2AL///HIST1H2AJ///HIST1H2AK///HIST1H2AI,-0.21436125000000006
BIRC7,0.05536499999999994
OR13C4,0.14248375000000002
AFTPH,-0.04033249999999994
NOL3,0.06965625000000003
LOC441204,-0.023578749999999926
ASXL1,0.15558500000000008
LINC01312,-0.1300387500000001
CLN6,-0.11963500000000005
VAPB,0.11444624999999997
PEX19,0.23514624999999995
SLC2A3,-0.02709125000000001
SOX11,-0.22958999999999996
UFM1,-0.08784625000000001
LRRN3,0.012872500000000064
ADAMTSL1,-0.061128749999999954
IGH,-0.043188750000000053
MINPP1,-0.024026250000000082
MROH7,-0.07429374999999988
HDGF,0.05404000000000003
DYM,0.1262212499999999
EMC3,-0.11731999999999998
MUC12,-0.04261625000000008
DUSP1,-0.11970875000000009
U2AF1L4,0.25611375
DPYSL3,0.19284874999999996
NDFIP2,-0.09990500000000008
GRHL1,-0.09089125000000003
FAM9A,-0.03676125000000008
DOK4,0.1055525000000001
MIR924HG,-0.0675012499999999
SP3,-0.12267625000000004
LINC01136,0.23874749999999995
ANKRD60,0.13853499999999996
SLC6A17,-0.07490500000000005
DNM3,0.09308625000000009
ZNF550,-0.0005800000000000249
CPEB2-AS1,0.03269625000000004
ZMYM3,-0.11381499999999994
LOC101928201,-0.13980874999999998
ANP32E,-0.14105625
CSDC2,-0.2982374999999999
LSM5,-0.022388750000000013
SLFN11,0.0010187499999999572
FGFRL1,0.21255249999999998
ZFHX3,-0.21107000000000004
FLJ32154,0.22682000000000002
PTTG3P,-0.015646249999999973
LOC730909,0.020753750000000015
LILRB1,-0.08352874999999998
SNX33,0.23078000000000004
KDM1B,0.13407874999999986
SNRPF,-0.26299625000000004
BTG3,-0.021467499999999917
BCAR3,-0.0889600000000001
ZNF674///KRBOX4,0.05699999999999994
HS6ST1,0.13481500000000002
LIN54,-0.07245999999999991
C8orf46,0.1667424999999999
ZFP36L2,-0.021874999999999922
C1QTNF1-AS1,0.2095075
RAD51L3-RFFL///RFFL,-0.04792250000000009
KCNJ2-AS1,-0.06821375000000002
P2RY10,-0.05524875000000007
ZNF431,-0.08892875000000006
KLK13,0.32044499999999987
GP1BA,0.048099999999999976
SENP5,0.019733749999999994
LOC101929529,-0.08738999999999997
MARVELD1,0.008089999999999875
LOC101929454,-0.10164250000000008
UGT2B17,-0.0020999999999999353
KCNA3,-0.044091250000000026
MST1L,-0.06063249999999998
CCDC106,0.014446249999999994
RHAG,-0.06377749999999993
LOC105372550,0.06271125000000005
PRLHR,-0.05258250000000003
ARID1A,-0.017177500000000012
NSFL1C,0.18279
ILDR2,-0.23689499999999997
HOOK3,-0.06467749999999994
MIR205HG,0.01882499999999987
HPYR1,-0.12861749999999994
NBPF10///NBPF8///AE01///NBPF9///NBPF15///NBPF11///NBPF12///NBPF3///NBPF1///NBPF14,-0.0006362500000000604
UCN,0.26784249999999993
ASB3,-0.046577499999999994
SLC38A9,-0.008599999999999941
PTRH1,-0.04503874999999996
WDR91,-0.030856250000000085
ARHGEF3,-0.1922775000000001
ADAM32,0.05424250000000003
LINC01420,0.12034875000000006
CA8,-0.0009512499999999036
MS4A1,-0.019393749999999987
LOC648921,0.09026999999999996
SPRY2,-0.012620000000000131
ATP7A,-0.18136500000000005
ZFP41///GLI4,0.5649312499999999
METAP1D,-0.04015374999999999
MME,-0.015547500000000047
TNFRSF19,-0.06612000000000007
CEP290,0.032299999999999995
SEPHS1,0.06518125000000002
TGM3,-0.006843749999999982
HIST1H2AI,-0.01282875
GCOM1///POLR2M,0.21876374999999992
SMG1P5,0.1590612500000001
MPP5,-0.013244999999999896
CD300LF,-0.11384374999999985
ITPK1-AS1,0.06969000000000003
HEPH,-0.09158749999999993
DDX25,-0.09921374999999999
AP4E1,-0.07430875000000003
LINC00466,0.021548750000000005
C14orf159,0.05110750000000003
B3GNT5,-0.06252374999999993
HIPK3,0.15559
DIRC2,-0.01181124999999994
OCA2,-0.02466625000000011
CXorf38,-0.25243625000000003
DIRAS3,0.004541249999999997
LOC100507201,-0.19303625000000002
KCMF1,-0.04560500000000012
RUFY3,-0.01915874999999989
MNT,0.1488625
LOC105369974,0.08174874999999998
IKBKAP,-0.016777500000000056
CLOCK,-0.17115749999999996
DAZAP2,-0.05306875000000005
ADAM17,-0.05709249999999999
PCP4,0.15966625000000007
NLRP10,0.07415500000000003
LOC286059,-0.06402500000000005
GLUD2///GLUD1,0.062333749999999966
RNF34,-0.08887749999999994
FAM19A4,-0.022571250000000154
EYA4,0.15039874999999997
WDR49,-0.18300749999999993
LOC728353,-0.03062124999999999
AXL,-0.09901125000000005
BORCS7///AS3MT,-0.06373249999999997
LOC100996624,-0.0920312499999999
WDR3,-0.02124374999999995
PTGFR,-0.05657875000000001
SLC16A1,0.009781250000000019
C9orf38,-0.05161749999999993
FCGR2A,-0.017900000000000083
CENPB,0.2599499999999999
KERA,-0.12652750000000007
GALNT18,-0.11333375000000001
PRG4,-0.16650625000000002
LOC100130175///BBIP1,-0.06416999999999995
C20orf27,-0.006872499999999948
CXorf36,0.18338749999999998
ATE1,0.025667499999999954
PRDM2,-0.287515
LOC285178,0.10567499999999996
ZCCHC10,-0.08736875000000005
CD3G,0.057206250000000014
PRMT3,0.007931250000000056
TNS3,0.08414250000000006
C3orf62,-0.04729125000000001
ATP1B3,-0.27606374999999994
THSD1P1///THSD1,0.184795
DHX29,-0.02944624999999995
NPM2,0.04082250000000015
WDFY3,-0.0072187500000000515
GFOD2,0.12986124999999998
MSH6,0.06452500000000005
CCNI,-0.09601624999999997
EMC7,0.10157749999999993
COPA,-0.12946375
DISC1FP1,-0.05947374999999999
FBXO7,-0.19469499999999995
ZBTB10,-0.035573750000000015
PTTG2,0.014911249999999987
FZD3,0.004057499999999936
PREPL,0.05685374999999998
LOC646762,0.07219999999999999
GPR55,-0.03255249999999987
C20orf187,-0.08449250000000003
ERO1B,-0.002547499999999925
LOC729436,-0.07064125000000004
SLC25A43,-0.061162500000000064
AFF1,-0.042655000000000054
SPOPL,-0.0530874999999999
TCP1,-0.07825749999999998
NDUFAF6,0.005594999999999961
EME1,-0.07497124999999999
HOMER1,-0.08179375
LOC100506368,0.10351499999999991
SLITRK4,-0.18901999999999985
CWC27,-0.10628249999999995
DEPDC1-AS1,-0.03132250000000003
HIST1H2AH///HIST1H2AG///HIST1H2AM///HIST1H2AL///HIST1H2AJ///HIST1H2AK///HIST1H2AI,-0.10501500000000008
ZNF333,0.09566875000000002
NXPH1,-0.050062499999999954
TNPO3,0.0022899999999999587
LRRC34,0.0029137499999999372
PSME4,-0.10452374999999997
SLC30A1,-0.044032500000000085
RPS8,-0.02814250000000007
GIPR,0.019434999999999814
LOC101927438,0.04167625000000008
NEB,-0.011153749999999962
EN2,-0.11210250000000005
POM121L9P,0.37636374999999994
NUB1,-0.06442375
PSMD8,-0.15153374999999997
DOCK4-AS1,0.37123750000000005
MTMR14,-0.06763374999999999
CCT8,-0.04230374999999997
HSF5,-0.13084750000000023
HSPB7,0.09353250000000013
IFT52,-0.0023537499999999323
LRP12,-0.08140250000000004
CEP70,0.007151250000000053
CRIM1,-0.028421249999999953
LOC100132552///HGD,-0.012943750000000143
MIPOL1,-0.0751162500000001
ZC3H8,-0.0602625
MORN3,0.06672875000000006
MGC13053,-0.19797125
DKFZP564C152,0.10840499999999997
ZMAT1,-0.09657499999999997
LIPI,-0.026830000000000076
LOC101927948,-0.3232299999999999
LOC727818,-0.025890000000000024
PDCL3P4///PDCL3,0.049622500000000014
DNAJA2,0.023926249999999927
C1QTNF1,0.07838249999999997
PPP1R3A,0.023313749999999966
TMBIM1,-0.06268624999999994
ZSCAN4,0.009425000000000128
BASP1,0.18391875000000002
TRAM2,0.0031987500000000835
LNPK,-0.05087874999999992
DOK3,0.1510812500000001
NADSYN1,0.0234375
EBF2,0.20953249999999995
MAP4K3,-0.0804737499999999
PIH2,-0.10481750000000006
CLDN9,0.20373750000000002
OTOGL,-0.04844124999999999
TIMM17A,-0.09551749999999998
HERC4,-0.0813525
ZCCHC2,-0.222385
LYAR,-0.057196250000000004
HNRNPA1,-0.11156375000000002
NDUFS4,-0.00456250000000008
MSTN,-0.012152499999999955
FKBP1A,0.12969249999999988
BPESC1,-0.038687499999999875
FBXL13,-0.031086250000000037
PRKAA2,-0.028897499999999965
LOC101926960,-0.0050675000000000026
LOC100133516///CSF2RA,0.03980249999999996
TMEM183A,-0.12843250000000006
FAM175A,-0.03233999999999998
CDCP1,0.03644375000000005
PKDREJ,-0.061078750000000015
DCUN1D5,0.2885925000000001
ALG10B///ALG10,-0.06105249999999984
LIME1,-0.12155625000000009
CHIC1,-0.0445012500000001
NCDN,0.07280999999999999
CNPPD1,-0.11540625000000004
HIP1R,-0.07707125000000009
KSR2,0.07236999999999999
NCK1-AS1,0.012967500000000076
LINC01428,-0.10666125000000004
PITPNA-AS1,-0.04411499999999996
MAMDC2,-2.7500000000013625e-05
PSMD2,0.2386975
ANKS1A,0.14462124999999998
PRR16,-0.21556375
PTRH2,0.25732
ZNF460,0.018128750000000027
CLCA3P,-0.08825500000000008
DKFZp547J222,-0.06062000000000006
LOC101930164,-0.03566374999999988
MIR22HG,-0.1215374999999998
C20orf166-AS1,-0.024870000000000114
SYNDIG1L,0.12546750000000012
THUMPD1,-0.16904124999999992
SH3RF3-AS1,0.0632125
PRH2///PRH1///PRB4,0.21242874999999994
VLDLR,-0.06817624999999988
SLC3A1,-0.08228999999999997
BCL9,-0.018607499999999888
PCDH11Y,-0.06133624999999987
STRIP2,-0.05015249999999999
LOC101929705,-0.16238499999999995
VWDE,-0.12253500000000006
PRO1848,-0.13497125000000004
TNK2,0.13588625
LOC100506860,-0.06799999999999995
TDO2,0.05225374999999993
SFRP2,-0.156935
SNRPB2,-0.024771250000000078
NTN4,0.11994624999999998
H1FX-AS1,-0.10406750000000003
UBN2,-0.10052000000000005
B3GLCT,-0.009630000000000027
LOC644135,-0.17092500000000005
SLC9B1,-0.11030500000000004
CMPK2,-0.039029999999999954
RETSAT,-0.03434625000000002
LOC101928167,-0.21598374999999997
ZNF581,0.004718749999999938
LINC00950,-0.08228250000000004
FAM179B,-0.22289124999999999
ARAF,-0.05725625000000001
ATP5J,-0.04156624999999997
TYR,0.07101999999999992
ACTRT3,-0.13531125
LOC100147773,-0.0031525000000001135
ANXA5,0.027809999999999946
PSMC3IP,-0.05393999999999999
IDS,-0.04852500000000004
GSTO1,-0.03228999999999993
LOC105376689,0.1422400000000001
CXCL3,-0.016555000000000042
KAT2B,-0.061283750000000026
ZFYVE28,-0.07834499999999989
PRR4///PRH2///PRH1///PRB4///PRB1,0.07316750000000005
MVB12B,-0.05717000000000011
SHPRH,-0.04387875000000002
TMEM38B,-0.017499999999999905
LOC101928973,-0.013668749999999952
CTNNB1,-0.0447162499999999
CNPY2,-0.07297749999999992
RNF39,0.11696874999999984
TXNL1,0.17294875000000015
SMNP,-0.04305875000000009
ACBD5,-0.03950375000000006
SCRT1,0.042163750000000055
SLC31A1,0.14198500000000003
SH3PXD2B,0.19506749999999995
LOC101928326,0.07952500000000001
SIRT2,0.31561
PPARGC1A,-0.020096250000000038
TPM4,0.036862500000000076
PADI1,-0.009603749999999911
LOC105373150,-0.03488999999999998
STAG1,0.12108750000000018
ADGRV1,-0.013638750000000088
KCNJ15,0.0026662499999999256
SPEN,-0.030735000000000012
NXNL2,-0.15393500000000004
PHOSPHO2,-0.08466750000000006
LOC100133859,-0.08455249999999997
BAGE2///BAGE3///BAGE4///KMT2C,0.002268749999999986
FUBP3,-0.043797500000000045
KIAA1551,0.06780999999999993
TPST1,0.034598749999999956
OR2H2,0.0978425
ABI1,-0.06065625000000002
BOC,0.07363750000000008
DDX55,-0.09283625000000006
ETV7,-0.15408250000000007
FAM219B,-0.07071375000000002
LOC100133432///MUC6,0.04762375000000002
ATP5E,-0.09735999999999995
HIST1H2BA,-0.21225250000000007
TUBGCP3,0.03980250000000002
SYBU,-0.08125125000000005
LMBR1,-0.09997875
LRRC3B,0.06016499999999997
CCDC91,-0.04040000000000005
ELMSAN1,-0.16484875
KIAA0040,-0.02545500000000006
ZNF442,-0.08024500000000001
ATP5H,-0.061562500000000075
DCTD,0.024956250000000013
SUGP2,0.02787999999999985
NDST2,0.054607499999999976
DCLRE1B,-0.07169375
DZANK1,-0.23641124999999996
MSI1,0.005771250000000061
HLA-DRB1,-0.13616625000000004
POU6F2-AS2,-0.09628500000000006
G3BP2,-0.17432875000000014
SNORA33///RPS12,-0.03996624999999998
MAP3K12,0.23395374999999996
LYN,0.013000000000000012
LOC642502///SDHC,-0.05303625000000001
ZNF786,-0.038028749999999945
PART1,0.08502250000000006
PKIB,-0.029075000000000017
REEP3,-0.02819000000000005
EPS15P1,-0.06966874999999989
CKMT2,0.04626750000000002
CD164,-0.009603750000000022
ZNF281,-0.11436125000000008
HDGFRP3,-0.11341625
FLJ41278///TBC1D30,0.09188250000000014
ZBTB18,-0.04437875000000008
RASSF1,0.07024249999999999
APIP,-0.05732500000000007
SAP30,-0.036481249999999965
PTEN,-0.00016999999999989246
DTYMK,-0.007079999999999975
LOC105378052,-0.029879999999999962
SCG5,-0.05413250000000003
SRA1,-0.15883499999999995
ZCCHC24,-0.020576249999999963
PDCD10,-0.024716249999999884
VNN2,0.026637500000000036
LINC00317,0.007790000000000019
NUTM2B///NUTM2D///NUTM2A///FAM22C///NUTM2E,0.46909374999999986
ANAPC5,-0.015143750000000011
FAM27C,-0.16452499999999998
RAB9A,-0.10009375000000004
GBA3,-0.03139124999999998
PMCHL2///PMCHL1,-0.017451250000000085
LINC00526,-0.08181000000000005
WISP3,-0.18480374999999993
ULK3,-0.035132500000000066
INIP,-0.12391375000000004
LINC01104,0.12814375000000006
NSMAF,0.12435374999999993
KIR2DS5///KIR2DS1,0.08008125000000005
EWSR1,0.06504125000000005
FCN2,-0.022278749999999847
GON7,-0.03732249999999987
KLHDC10,0.358985
LOC100132773///LOC100131868///LOC100129064///PPP4R2,-0.06860374999999991
PFDN6,-0.10139250000000011
IL13,0.054383750000000064
TRUB2,-0.05564249999999993
STON2,-0.10838250000000005
TAS2R45,-0.13054875
LOC100129562,-0.05287750000000002
HERPUD1,-0.13504874999999988
PTPRK,-0.0022412500000000835
AKR1C4,-0.10501250000000006
SLC25A12,0.28101750000000003
RTKN2,-0.11856250000000002
LOC728705,-0.05500375000000002
POLR3GL,-0.07011249999999991
ZC3H12B,0.002438750000000045
CNPY4,0.15190000000000003
C20orf24,-0.2854400000000001
TEX11,-0.055988749999999976
GNRHR2,-0.0032062500000000216
PHKG2,-0.13255374999999997
LOC100134053///LOC441259///PMS2P12///POLR2J2///POLR2J4,0.08030999999999999
RSPH9,0.03330500000000003
NUS1P2///NUS1///NUS1P3,0.08360625
ORC1,-0.06845625
FAM186B,0.0625362499999999
GOPC,-0.014331250000000018
SLC33A1,-0.09186875000000011
KCNB1,-0.03299999999999992
LINS1,0.09976999999999991
LAD1,0.0032025000000000525
PAXBP1,-0.011806249999999963
ASCC3,-0.020359999999999934
CARS,-0.0775849999999999
ABHD3,-0.03034625000000002
FBXL7,0.020015000000000005
ARRDC3,-0.04711499999999985
TRAPPC10,-0.05565625000000002
PTGER2,0.034225000000000005
FAM3B,-0.06519000000000003
C1orf50,-0.19748
LINC01093,0.11469249999999998
GJC1,-0.030106250000000057
CYP4F2,0.26423000000000013
SMAD3,0.09001875000000004
GGCT,-0.011261250000000056
MIR3945HG,-0.010258749999999983
LOC101927253,0.21617124999999993
DMBX1,0.07755249999999991
LOC100131741,-0.12433375000000002
MKRN1,-0.10872000000000004
SACS,0.033841249999999934
OLA1,-0.10569624999999999
ANKRD36,-0.03840500000000002
LOC105377924,0.0678712500000001
LOC100129624,-0.09275499999999992
MMP17,0.4640862499999999
LOC100134197///DTX2,0.0668324999999999
HRK,-0.017775000000000152
RPL10AP6///RPL10A,-0.020239999999999925
ALG9,0.2788587499999999
LINC00563,0.004475000000000007
LOC100132430,0.031162500000000037
PNMA3,0.08049250000000002
CUZD1,0.09627374999999999
NEAT1,0.0547625000000001
LRFN2,-0.12041875000000002
GSTZ1,0.05320500000000006
FLJ10038,0.12948874999999999
GCK,0.3515324999999999
FOXE1,-0.18604374999999995
BTF3L4,0.0052837500000000315
CDYL,-0.06495250000000002
DLG3,-0.035236249999999913
HAL,-0.06744625000000004
MAP3K14,0.16468500000000003
EFHC2,-0.15128125000000003
UNK,0.138355
NOP56,-0.09124874999999999
SLC19A3,0.20034000000000013
CLEC12A,0.1753900000000001
KLHL1,-0.26517250000000003
ARF4,-0.0758525000000001
VAC14-AS1,-0.09013624999999997
ZMYM4,-0.08850374999999999
EIF3LP3,-0.1494025
RPL36AP51///RPL36A,0.09267624999999996
ELOVL2,-0.16014749999999994
TSN,-0.05300625000000009
ABHD12,0.20224375
SNORD8,0.036193750000000025
HEMGN,0.07983875000000007
TEX2,-0.14304499999999998
CBFA2T3,0.01679749999999991
LOC286177,-0.3039962499999999
GDF7,0.11962249999999996
SARDH,-0.0008199999999999874
UBE2S,0.1563687500000001
MTHFS,-0.08331125
LSM1,0.22211625000000002
LOC100129292,-0.18205499999999997
TMC7,0.13798624999999998
CIR1,-0.07682375000000002
PDK1,0.019287500000000013
PGM3,0.05801624999999999
FLG,-0.03974499999999992
BEX1,0.08891249999999995
PI4K2A,-0.14779500000000007
OSBPL3,-0.10854499999999995
ERICH1,-0.0027137500000000148
LOC284379,0.0021374999999999034
SPIDR,0.02831374999999997
CGA,0.02084625000000012
NELL2,0.11194374999999995
THOC5,-0.19824250000000004
TOMM40,0.52906125
SUZ12,-0.07981125000000006
POMC,0.29543250000000015
ZC3H13,-0.042442499999999994
LOC440981,-0.019781249999999972
SAR1A,0.12342749999999997
EI24,0.035274999999999945
KCNQ1DN,0.07267124999999985
LOC100129525,-0.049668749999999984
TSR3,-0.03950375000000006
C17orf77,-0.03798874999999996
ZKSCAN3,0.2311887500000001
ZDHHC3,0.08056124999999997
ZNF184,-0.10420999999999997
PDIA4,-0.020315000000000083
SSX2IP,0.0024062499999999987
KCNAB1,-0.04816999999999999
MYOM3,0.022512499999999935
MIR21///VMP1,0.15267874999999997
LMBRD1,-0.014063750000000041
TEFM,-0.10531875000000002
MGC32805,-0.06678875000000001
GRASPOS,0.00516875
NUMA1,-0.02425250000000001
IRS1,-0.18121375000000006
COL4A2,0.07260250000000001
FOXR2,-0.05623249999999996
SEMA4F,0.10883999999999999
ZHX3,-0.08457500000000007
LOC101927587,-0.04125125000000007
DOCK11,-0.0019199999999999773
SKP1,0.14829749999999992
RCAN1,-0.05954124999999999
CDH11,0.012258750000000096
H2BFS,0.3586625
TRAPPC9,0.4562325
DLG1,-0.11249375000000011
SULT1C2,0.2524775000000001
SLC26A4-AS1,0.10996375000000008
CORIN,0.12041250000000003
SRSF4,-0.03835124999999995
FBXO4,-0.06718625000000006
GNAT3,-0.09738249999999993
SP2,-0.28030875
LRRTM1,0.09885625000000009
LOC100126582///FGF7P3///LOC403323///FGF7P6,-0.06562249999999997
TET3,-0.15911499999999995
GTF2H1,-0.11097000000000007
LOC285000,0.22660499999999995
WDR75,-0.12055499999999997
PLEKHA8///PLEKHA8P1,0.004870000000000041
FLJ31356,-0.26377875000000006
LOC729120///THEM4,0.00651375000000004
TIGD2,-0.13817749999999995
PAFAH1B2,0.07373249999999998
ANKRD45,-0.11116874999999998
CHI3L2,-0.08086000000000004
HAUS3,-0.023889999999999967
MFSD9,0.08036500000000008
ZNF225,0.07286750000000003
ATG3,-0.04094125000000004
LOC652607///PABPC1P4///PABPC1///PABPC3,-0.04745624999999998
GTF2H2B,-0.07080000000000009
C11orf24,-0.04961249999999995
BTBD8,-0.030582500000000068
INTS12,0.03782500000000005
CLSTN2-AS1,-0.05215875000000009
TMEM185A,-0.03330500000000003
IGLL1,0.21398625
CHST12,0.08842374999999997
C11orf49,0.031262500000000026
ZNF670,-0.08762874999999998
RAB3IP///MRPL51,0.12526375
PKNOX2,-0.06332875000000016
AURKAIP1,0.08902000000000004
TNFSF18,0.1373199999999999
ERBB2,0.0006099999999999994
DRP2,-0.003668749999999943
MAU2,0.12621249999999995
NCKAP5L,0.14369375000000006
UGT8,-0.08239375000000004
ADORA1,0.21961500000000006
DHX9,-0.12856374999999992
ACAD10,0.013294999999999946
SOX2-OT,-0.013105000000000033
LOC100505549,-0.06619499999999989
DTX2P1-UPK3BP1-PMS2P11,-0.06111999999999995
ATP8B2,-0.2513962500000001
RAB6C///RAB6A,-0.04614874999999996
CMAHP,-0.006556250000000041
HS3ST3B1,-0.07923624999999984
TRIM2,-0.010738749999999964
CCDC159,-0.13915374999999985
RUNX2,0.1333775000000001
PHACTR2,-0.009497499999999881
CIPC,-0.055752500000000094
SAT1,-0.17069625
TMEM129,0.20452375000000006
WEE1,-0.008400000000000019
HELLS,-0.09140124999999999
SIPA1L3,0.011966249999999956
TLX1NB,0.25561875
ARMC9,-0.009742499999999987
OR5L2,-0.07560625000000004
RNF11,-0.09499624999999995
EFCAB1,-0.24138375
SIAH3,0.018095000000000083
FANCE,0.07160125
NNAT,-0.04732499999999995
HLA-DPA1,0.04315875000000008
ADH6,0.10304374999999993
PRKD3,-0.13374500000000006
C10orf25,0.07585375
IGLV2-18///IGLV3-19///IGL,-0.05676749999999997
SULT1A2,0.02759250000000002
TRIM35,0.15692
STX17,0.19470874999999999
LOC730124,-0.04123500000000002
BTC,-0.15155875000000002
PHC1P1///PHC1,0.025529999999999886
CCL20,-0.012940000000000063
UBE2E2,0.022826250000000103
LOC729680,-0.042557500000000026
MAPKAPK2,-0.07511749999999995
GUSBP4,-0.01371375000000008
SUPT16H,0.025796249999999965
LOC729224,0.08212874999999992
LOC101929109,-0.13587250000000006
AMMECR1,-0.018641250000000054
OR51E1,-0.009267499999999984
SCN1A,0.011963749999999995
SULF2,-0.13645249999999992
HTRA1,0.27565624999999994
PNLIPRP2,0.10156124999999994
PSCA,0.040287499999999865
TIAL1,-0.09510874999999996
DOCK7,-0.04720874999999991
TIRAP,-0.21864250000000002
NCF4,-0.04461000000000004
FZD10-AS1,-0.08974999999999994
LCN15,0.5277925000000001
KCNJ4,0.3137825
RS1,0.012691249999999876
LOC100128223///TARDBP,-0.02926625000000005
NOTCH1,0.0918425
SLC23A3,-0.07935250000000005
PSG11,-0.06858625000000002
EPB41L2,-0.006816249999999968
MIR155HG,-0.10214999999999996
FNDC3B,0.020853750000000115
KCNJ13,0.05824750000000001
RRN3P1///RRN3P2///RRN3,0.12751500000000004
C12orf73,-0.007111249999999902
IFNK,-0.037647500000000056
TRNP1,-0.1670075000000001
LOC100130964,-0.03451750000000009
CHCHD6,0.030073750000000066
SEZ6,-0.05454625000000002
C6orf141,-0.08694499999999994
MPZ,0.027557499999999957
PDZD11,0.03161999999999998
KLHL28,-0.06845000000000007
ATCAY,-0.06530749999999996
FNTB,-0.05150625000000003
RRAGC,-0.1430162499999999
H2AFY2,-0.03243124999999997
ARID5B,0.024536249999999926
LOC100133236,-0.19383500000000004
SLC7A6,0.10458375000000003
NRBP1,0.1629025
ANGPT2,-0.02391125000000005
FBXO18,0.045291250000000005
ORMDL1,-0.00769000000000003
LOC101928708,0.03502999999999995
MCOLN3,-0.05734249999999996
GABRB1,-0.6488862499999998
LOC101929450,-0.03550250000000005
IFNL3,0.06881500000000002
LOC100131720///CC2D2B,-0.0758275000000001
CYLC1,-0.07017625
SNAP23,-0.022678750000000025
MAGI2-AS2,-0.19725500000000007
CHRNA6,0.00920749999999998
HMGN3-AS1,-0.12190624999999994
IFI44L,-0.04624624999999999
NEK9,-0.033741249999999945
ISOC1,-0.096615
FCHO2///GH2///GH1///CSHL1///CSH2///CSH1,-0.1664925
BACE1,0.10107749999999993
CTDNEP1,0.37090625
GFRA2,-0.11010749999999997
MAF,0.01870000000000005
WRN,0.07231750000000003
FGF7,-0.0712875
C7orf49,-0.07695124999999997
HEXDC,-0.07379375000000005
NMT2,-0.13333375000000003
PLA2G15,0.014333749999999978
SERF1B///SERF1A,-0.05857499999999999
LOC101927478,-0.0016437499999999439
HOXD9,0.09040000000000009
RLN3///IL27RA,0.14327750000000006
GLYAT,0.06667999999999996
C6orf47,0.34568125
SLC35B4,0.14194499999999993
MYT1,0.39062
UBE2H,-0.07985374999999995
NEMP2,-0.006356250000000008
LOC401442,0.04187625000000006
NRAS,-0.036514999999999964
GLRX2,-0.02163749999999992
HSPD1P4///HSPD1,-0.03979249999999995
SMOC1,-0.03409875000000012
USP10,0.1828237499999999
LCNL1,-0.08328999999999998
PLD2,0.038913749999999914
KCNG4,0.03289249999999988
OMD,-0.17179
LOC441666,-0.0731024999999999
C2orf50,0.050048750000000086
C21orf91-OT1,-0.06204624999999997
POLR3C,-0.025082500000000008
ELL2,-0.02572500000000011
TAPT1,0.035481249999999964
LOC101928231,-0.140915
AVIL,-0.15024750000000014
FAP,-0.08976125000000001
GGTLC2///GGT1,-0.05671624999999997
ATG7,-0.02321124999999996
NEBL-AS1,0.12580625000000012
MFSD11,0.046136249999999934
PTCH1,-0.0853600000000001
BEST3,0.07488375000000008
KIAA1217,-0.29216000000000003
STX7,-0.0890312499999999
LOC100133153,0.19608874999999992
BMS1P20,0.16792375000000004
PROP1,-0.1474800000000001
VASH1,-0.055187500000000056
ZRANB1,-0.14682250000000008
CELF4,0.0047374999999997836
ST6GAL1,-0.13978125000000008
GRIN2A,0.08271500000000004
TLCD1,0.030917499999999987
CACNA1D,0.18362499999999998
SLC12A2,-0.049988750000000026
ATXN2,-0.028031250000000063
ZNF479,-0.004372500000000057
LOC284454,0.35523125
LOC728997///ACSL6,-0.049609999999999876
TAS2R10,-0.12037750000000008
CCDC126,-0.01913249999999994
U2AF2,-0.004748750000000024
PRO2012,-0.0559650000000001
OTP,0.07040250000000003
SLA,-0.10506375000000001
LOC100133581///CT45A2///CT45A1///CT45A6///CT45A5///CT45A3,-0.09364250000000007
LOC100289045,-0.10512749999999993
ZNF521,-0.02723749999999997
MRPL14,0.29019749999999994
SNX15,0.16482874999999997
C4orf19,-0.09835125
PNMAL2,0.21043875
JHDM1D-AS1,-0.12967374999999998
DZIP3,-0.04498624999999995
SLC31A2,-0.049081250000000076
DLG5,0.006456249999999886
CCDC97,0.03913375000000008
LOC653904///MZT2A///MZT2B,0.10086125000000012
RBSN,-0.02562500000000001
ENAM,-0.0048937499999999745
ERVH-6,0.20397750000000003
CDS2,-0.029693749999999963
DOCK1,-0.182635
OGN,-0.02437499999999987
ASRGL1,-0.1134437499999999
NADK2-AS1,-0.0956575
AFAP1L1,-0.1345462500000001
KIF1A,0.042733750000000126
PDE3A,-0.048703749999999935
LOC101928622,-0.010361249999999933
CSNK2A2,-0.03073624999999991
IMPA1,-0.15785500000000002
LINC00896,0.022946249999999946
GTF2A2,0.0796225000000001
AZGP1,-0.30578125
LOC100130938,-0.020898750000000077
OAT,-0.01039374999999998
BUB3,0.005209999999999881
SCRIB,-0.09336875000000011
LINC00557,-0.12337375
SEC14L4,0.04555874999999998
CYYR1,0.14613625000000002
ERMARD,0.06557499999999994
LOC647131,-0.19080875000000003
PLA2G16,-0.06018624999999994
PSAP,-0.03158500000000003
GRN,0.1333625
LOC730909///HERC2,0.15839374999999994
BROX,-0.06977125
FBXW12,-0.06143500000000002
ANKDD1A,-0.011278749999999949
SNTG2,0.043406250000000035
HSPB2,0.16941999999999996
ZNF880,-0.02928124999999998
EIF3B,-0.09525124999999995
PHYH,0.10104000000000002
CLIP4,-0.14534749999999996
ZNHIT6,-0.10892375000000015
TUSC8,-0.0011537499999999534
CDK5R2,0.4791274999999999
FBRSL1,0.13042875000000004
ST14,0.2222587499999999
SPATA16,0.050762500000000044
LOC391142,0.08540374999999994
NCALD,-0.050885000000000014
BHLHE22,0.03870750000000006
TAPBPL,-0.06085125000000002
SMAD2,-0.051705000000000056
KRT78,-0.015709999999999946
PTPN21,0.014221250000000019
ECM2,0.07660750000000005
CMTM3,0.03273625000000002
PLAG1,-0.06499125000000011
DEFB132,0.02308874999999999
GBP3,0.008120000000000016
PLCG2,0.25885375
MCCC2,-0.15481750000000022
ZYG11B,-0.027710000000000012
BMP7,0.34048625
ESYT3,0.038142500000000024
WFDC12,-0.019682499999999936
PRR14L,0.07263499999999995
KLF14,0.4045924999999999
LINC00486,0.0037125000000000075
LOC100287590,-0.016897500000000065
LOC730961,-0.010657499999999986
C9orf84,-0.0660737500000001
ERVFC1-1,-0.16000749999999986
ADAM2,-0.25263499999999994
RPL21P68,-0.045108749999999975
LOC100131707///FRG1JP,-0.04235999999999995
LMNA,0.1561075
ZNF740,-0.058392500000000014
TXLNA,0.06373374999999998
FECH,-0.024000000000000132
CDK1,0.013171249999999912
LOC100133999///EVA1B,0.3568575
LOC105372793,0.02338499999999999
CT45A2///CT45A1///CT45A6///CT45A5///CT45A3,-0.07674250000000016
FLJ37035,-0.03876625
ANK3,-0.03849374999999999
RAC1,-0.04458625000000005
TUBE1,0.027137500000000092
OLMALINC,0.14045125000000003
KIFC2,0.05994750000000004
ZNF645,-0.008526250000000068
NHLH1,-0.169595
TENM3,0.05799625000000014
FKBP10,0.015643750000000012
KIAA2022,-0.0013287499999999897
NODAL,0.06533874999999989
ESRP1,-0.02769499999999997
FLT1,0.08565624999999999
TPTE2P1,-0.05064500000000005
UBE2E1,-0.07065125
GRAMD4,-0.06438375000000002
CALB1,-0.026962500000000056
MAP3K7,0.007642500000000052
SMIM12,-0.051196250000000054
FANCA,0.17664499999999994
SEPP1,-0.06793874999999999
LOC100128868,0.08613624999999997
NKX2-1,-0.021259999999999946
AK2,-0.020311249999999947
MRPL2,-0.028151250000000072
STK38,0.06689249999999997
KLHL36,-0.02772875000000008
SSR1,0.03722875000000003
YY1,-0.03371624999999995
SLAIN1,-0.09017000000000008
CROCCP3,0.11849499999999996
NCAPD3,-0.03167500000000001
GEMIN6,0.07572874999999996
AIF1L,-0.07572250000000008
PLPP3,0.044933749999999884
SPOP,0.0023212500000000524
TNFSF8,0.18415500000000007
LOC100505727,0.11748750000000008
HN1,0.10029375000000001
RDH5,0.012951250000000025
HAX1,0.009357500000000019
ARHGDIG,0.14830750000000004
EIF2S3,-0.14474375000000012
SH3BGRL,-0.12124625000000011
NARS,0.030276249999999894
TRPV5,0.03926125000000008
FBXO32,-0.007326249999999923
SOX17,-0.06946125000000003
LOC105369921,-0.1377675
TMEM187,-0.1462212499999999
SERINC3,-0.03382375000000004
NDUFAF5,-0.07383250000000002
MAML1,-0.02744874999999991
GRIA1,-0.032673749999999946
ANKRD23,-0.14581874999999994
PPP2R2D,-0.18040500000000004
OAZ1,0.0632775000000001
MRC1,-0.10437874999999991
OR2F1,0.10493000000000002
LINC01260,-0.02495374999999994
HLA-DRB5///HLA-DPB1,-0.05909500000000001
DDX54,-0.1385099999999999
LOC101928741,0.03050999999999998
DPP3,0.26459874999999994
FAM200B,0.144835
SFMBT2,-0.0019037499999999818
PHF24,-0.008023750000000052
EEF1G,-0.05667375000000008
MED12L,-0.07005250000000002
HNF4G,-0.05391875000000007
UGT3A1,-0.04478375000000007
RGS9,0.06275375000000005
RFC3,-0.028156249999999994
ARSG///GK3P///GK,-0.09271125000000002
AKR1C3,-0.08865624999999999
GLB1L3,0.008841249999999967
FOXN2,0.016475000000000073
MAGI1,-0.1445725
NOL4L,-0.05262374999999997
CCDC93,0.02395125000000009
HCCS,-0.04107250000000012
ZNF445,-0.05656500000000003
LOC400541,-0.09461000000000008
TECTB,0.33535250000000005
GNAI1,0.10913374999999997
SPIC,-0.05178000000000005
SELE,-0.039510000000000045
C2CD2L,0.13117250000000003
KCNQ1OT1,0.10143999999999992
PEX10,0.2754387499999999
LOC101927406,0.028773749999999987
SDHAF3,0.07183500000000004
MIEN1,-0.0166825000000001
FTH1,0.19805
FAM223A///FAM223B,0.16603125000000002
CTSZ,-0.02959375000000003
KIAA0895,0.004657500000000037
LOC100134355///PRIM2,-0.008238750000000072
LOC102724938,-0.100445
LOC101927305,0.041318750000000015
BDNF,-0.00862750000000001
P2RY1,-0.019488750000000055
LOC643623,-0.22842500000000004
SIGMAR1,-0.01545249999999998
TMEM110,0.08326125000000001
SRRM4,-0.10539249999999994
PPEF1,-0.01634374999999999
STAM-AS1,-0.14566625
BCAT1,-0.09434499999999996
LINC01305,-0.07837999999999995
ZNF688,0.021922500000000067
TPSB2///TPSAB1,-0.22335125000000006
PSMC6,-0.123915
ARMC1,-0.13293125
STEAP2,0.027639999999999942
GNAT1,0.03353749999999994
FOPNL,-0.090175
LOC105375677,0.006832499999999964
ELFN2,0.14622125000000002
FAM114A1,0.09936
PAIP2,-0.03777625000000001
LOC101927877,-0.05803375000000005
CCDC50,-0.08127499999999999
DACT3-AS1,-0.10163000000000005
NPTX2,-0.017275000000000096
OXSM,0.11850875000000005
LOC100131283,0.07668750000000002
SLC16A7,-0.10668124999999995
RFK,-0.003867499999999968
SIN3A,-0.0137624999999999
C1QTNF6,-0.18983124999999995
HOXB4,0.044989999999999974
LOC100132553///CP,0.2164312499999999
TMEM163,-0.026915000000000022
CEP350,-0.019784999999999886
CEP152,0.1475087499999999
LOC100131081,-0.16424125
CDH8,-0.20587625000000004
LOC100507384,0.01928750000000007
PLXDC1,-0.05109375000000005
WDR6,-0.04351374999999996
ACADSB,0.005782499999999913
BMPR1A,0.03069624999999998
TMEM255A,-0.09210875000000002
ZNF667,-0.010188750000000024
TUSC3,0.020651250000000065
ADAD1,0.06431750000000008
ITIH3,0.035103749999999934
TCAF2,0.05318500000000004
WDCP,0.010791249999999974
CAPS2,-0.03929750000000004
PTGER4,-0.028076249999999914
HIST1H2AM,-0.03465000000000007
LOC105375026,0.07353874999999999
STC1,-0.10872625000000002
MICAL1,0.25196875
TOX,-0.08394750000000012
PROS1,-0.1290575
SLC4A10,-0.09179500000000002
TICAM2///TMED7,0.055179999999999896
RAB3B,-0.037511249999999996
MYO1D,0.016023750000000114
C3orf52,-0.0776562500000001
ADGRF3,-0.14105250000000003
IFNG,-0.07039500000000015
CLIP2,0.22701875000000005
GAFA3,0.08122625000000006
CACNG3,0.23660124999999999
RRM1,-0.08412875000000014
MS4A4A,0.02813625000000003
SERHL2///SERHL,-0.06639875
SGCD,0.01824500000000001
FAM131A,0.002072500000000088
KIR2DL3,0.07630500000000001
LEF1-AS1,-0.008840000000000015
PTPRG-AS1,-0.03584999999999999
SMYD2,0.04863874999999995
LRP5L,-0.21106874999999997
ADAMTS6,-0.01669124999999999
CCDC125,-0.10030374999999997
JADE1,-0.015036250000000029
ZBTB20,-0.0031337500000000462
LYRM4,0.07213124999999992
TMEFF2,-0.14559874999999994
BMI1,-0.06859750000000003
RBM33,0.03560124999999997
MIS18BP1,-0.03147249999999996
AGK,-0.040655
SMIM17,-0.08080125000000005
PEG3,-0.04531000000000002
RPAP2,-0.10173999999999994
P2RY2,0.08842375000000013
CCDC85C,-0.14094750000000017
FRMD5,0.004328749999999992
ZNF568,-0.06731999999999999
CAPG,-0.08290875000000009
PARP9,-0.013663749999999919
GNA13,-0.01586249999999989
OTUD4,-0.09455250000000004
RASSF4,0.06609874999999998
SLC26A6,-0.05191249999999997
ANKRD44-IT1,-0.04523874999999988
EVA1B,0.44804749999999993
CREB3L1,0.09293124999999991
LOC729218,-0.03434499999999996
RPS10P9///RPS10P4///RPS10P13///RPS10P22///RPS10P11///RPS10P29///RPS10P3///RPS10,0.012936249999999982
ADTRP,-0.13916875
CKAP4,-0.013926249999999973
COLCA1,-0.10544250000000005
AXIN2,0.18343749999999998
LOC643194,0.10420250000000014
FLVCR2,-0.024462500000000054
SCLT1,-0.09830625000000015
TRIM45,-0.15761999999999993
TBC1D22A,-0.10878125000000005
ANKRD22,0.17671625000000002
PIP5K1B,0.03322750000000002
APCDD1L,-0.08601124999999993
NDUFS1,0.13997874999999993
FAM63B,-0.02455750000000001
PCDH8,-0.10792374999999993
ATP6V1C1,-0.20169624999999997
SACM1L,-0.044863750000000036
NLGN1,-0.15076625000000005
FRMD4B,0.40347125000000006
SNORA71A,-0.033256249999999876
RHOT1,0.09400750000000002
KRT18P44,0.17318375000000003
NXPH3,0.26534874999999997
LOC727933,-0.08156375000000005
HIST2H2BE,0.07473250000000004
NPAS3,-0.1841775000000001
WDR74,-0.030223749999999938
MAML2,-0.08523124999999993
PAQR3,-0.06328375000000003
HOMEZ,0.009082500000000049
CCAR2,0.02294375000000015
STRA6,0.02012375000000005
RAB3A,0.14441125
SLCO2A1,-0.13427875
C11orf31,0.08577625
IGF1,-0.09310750000000007
BBS10,-0.04706499999999997
LYPLA2P1///LYPLA2,0.25326625
G6PC,-0.11562374999999997
IFNA13///IFNA1,0.2540475
PCDHGA8,-0.11615874999999998
THRA1/BTR,-0.11815999999999999
SEC11A,-0.13771124999999995
ANLN,0.046557500000000085
RRS1-AS1,-0.008632500000000043
BCAP29,0.00035125000000002515
RAI1,0.29077625
GIT1,0.29229374999999985
RASGRP4,0.14545000000000002
MAPKAP1,0.009132500000000043
LOC102723809,0.00812750000000001
LINC01354,-0.02833625000000012
PER4,-0.07851875000000003
INTS8,-0.10709624999999989
SOX9-AS1,0.07142374999999984
SCAPER,-0.06580875000000008
MAP2K2,-0.27257499999999996
CPOX,0.03629125
RGPD4-AS1,-0.07433874999999995
HMGB4,-0.05969874999999997
NPRL3,0.42281124999999997
KCNJ8,0.05116125000000005
CDH4,0.14202875000000004
TECTA,-0.18920374999999995
CADPS,-0.07890874999999986
VSTM2A,-0.12141625
POLDIP2,0.004133749999999936
RDH10,0.0664762499999999
ARL6,0.14345249999999998
RFTN2,-0.15112000000000003
PPP6C,-0.10896374999999997
PNRC1,-0.18584999999999996
BRCA2,-0.051592499999999986
TMEM199,-0.020046249999999988
NOP58,0.018426249999999977
KIR2DL4,-0.10395374999999996
SAMHD1,-0.08964874999999994
CACHD1,-0.07020124999999999
CACNA1E,-0.08145375000000005
RPA3,-0.03972500000000012
STGC3,0.07184625000000006
DPPA4,0.10374624999999993
IRF4,-0.02085125000000021
KIAA0753,-0.21353374999999997
DZIP1L,0.026815000000000033
ITFG2,0.10377124999999998
AICDA,-0.09210125000000008
DSEL,-0.06512624999999994
NEUROD6,0.08092750000000004
ETNK1,-0.021466249999999965
NREP,0.030069999999999986
DSC2,-0.04919000000000001
STRN,0.21395249999999993
ME3,0.16697000000000006
DEFB124,-0.16099999999999992
RALGPS1,0.04539874999999999
JPH1,0.063975
RNF123,0.05626999999999993
ERLEC1,-0.12873374999999998
HNRNPA1P36///HNRNPA1P59///HNRNPA1P51///HNRNPA1P22///HNRNPA1P53///HNRNPA1P50///HNRNPA1P27///HNRNPA1P10///HNRNPA1P52///HNRNPA1P12///LOC642817///HNRNPA1P30///HNRNPA1P39///HNRNPA1P56///HNRNPA1L2///HNRNPA1P60///HNRNPA1,-0.04760875000000003
PSME1,-0.11466625000000003
PDE4D,-0.051963749999999864
GPR173,0.08400500000000005
EIF3M,-0.13597625000000008
CADPS2,-0.04750624999999997
LOC100132181,-0.012983750000000072
IFIT2,-0.09788000000000002
LINC00917,0.03051875000000004
SCG2,-0.1009000000000001
RYBP,-0.14029125000000003
AQP4,0.007111249999999958
ENTPD4,-0.15385375000000012
IRF1,-0.11453875000000002
SDR9C7,0.09467875000000003
ADAM18,0.05823125000000001
CHMP4C,0.07044499999999998
C4orf46,-0.11938375000000007
COPS2,-0.051480000000000026
SNORA68,-0.09696874999999994
LOC101927495,0.17266749999999997
KIAA0430,-0.012134999999999896
NCOA7,-0.06930750000000002
MOAP1,-0.08370250000000001
CNTD2,0.3445299999999999
BMP3,-0.012977499999999975
MBIP,-0.027338750000000023
AK5,-0.04850624999999997
PLGLB1///PLGLB2,-0.0696862499999999
TCEB3CL///TCEB3C,0.09625374999999997
NUDC,0.09701749999999992
WDR92///PPP3R1,-0.06342249999999994
CDH2,0.051705
KNTC1,-0.043071250000000005
TMEM71,-0.07662875000000002
C8orf34-AS1,-0.04027625000000001
ESF1,-0.029137499999999983
LSM14B,-0.004771249999999949
HIST1H3F///HIST1H3B///HIST1H3H///HIST1H3J///HIST1H3G///HIST1H3I///HIST1H3E///HIST1H3C///HIST1H3D///HIST1H3A///HIST1H2AD,0.13775999999999994
PSMA7,-0.07335749999999996
SHOX2,-0.06998250000000006
H2AFV,-0.09817874999999998
RNF212,0.07440499999999994
OSGIN2,-0.10646624999999998
GID8,0.19621499999999997
MTPAP,-0.04654499999999995
RPL37,-0.123135
DSCAML1,0.04202624999999993
ARFIP1,-0.021762499999999962
DGKA,0.12340750000000006
SMURF1,-0.08484249999999999
HHLA1,-0.02002875000000004
TUBA3D///TUBA3C,-0.10769000000000001
LOC101928327,0.017058749999999956
ZBTB39,0.18259999999999998
SUFU,0.04541999999999996
ZNF75A,0.19767999999999997
KRT19P2,0.04043874999999997
MIR2052HG,-0.20950124999999997
MSC,-0.024387500000000006
GABPB1,-0.09238750000000001
SPARC,0.16509999999999997
MRPS23,0.12038374999999996
RRAGA,-0.12551875000000007
ZNF33A,-0.22918875000000005
HOXA9,0.01875749999999987
UNC5C,-0.10135749999999999
CORO6,-0.01634749999999996
RPL5,0.0722775
ZNF345,-0.14498500000000014
C15orf48,-0.06315375000000001
TRAT1,-0.07149749999999999
LINC00494,-0.018853749999999947
HLA-DOA,-0.0028462499999998836
TCF7L1,-0.0023212500000000524
SPESP1///NOX5,0.02032624999999999
ARGLU1,0.12694624999999998
KIF6,-0.004357500000000014
EPRS,0.004557500000000048
DNAJC16,-0.20135624999999996
KANSL3,-0.047414999999999985
LOC100130216///USP9Y,-0.018845000000000056
DPCR1,-0.047733749999999964
SI,-0.027676249999999958
TRABD2A,-0.047748750000000006
GPR63,-0.06337625000000008
LRRTM2,-0.034092500000000026
AP5Z1,-0.13287374999999996
TMEM68,-0.10873624999999987
INVS,0.015355000000000174
SPON1,-0.012904999999999944
LOC101927516,-0.021467499999999973
PCBP1,0.06879249999999992
BTNL3,0.039235000000000075
EMC2,-0.07320749999999993
LIFR-AS1,-0.09575500000000003
SLC27A2,0.04487249999999998
SLC5A3,-0.09502
BNC1,-0.22749124999999992
MBD2,0.21087
UNC13D,0.2686012499999999
OR51B4,0.15791500000000014
BIN1,0.3081575
CCHCR1,0.0647012500000001
SLC6A14,-0.05932500000000007
PURA,-0.12186875000000003
CD69,0.016708749999999994
SNRNP48,-0.14289624999999995
LOC105371622,-0.16916375000000006
HDGFRP2,-0.0072587499999999805
LOC400748,-0.04241499999999987
PPARGC1B,0.11209499999999994
HRAS,0.16781875000000007
LOC283075,-0.09880374999999997
RTN4IP1,-0.06614375000000006
TRD///TRA,0.018287500000000068
AGBL5,0.0697512500000001
SCAMP2,0.12051125000000001
IMMP1LP1///IMMP1L,0.02115875000000006
TSHZ1,-0.02975625000000004
SPAG17,0.04712999999999995
ZSCAN26,0.08006000000000002
ATP6AP2,0.04118124999999995
KDM3B,0.15390374999999995
C6orf58,-0.08923874999999998
EED,-0.05272500000000002
TMEM70,-0.11351374999999997
PEX7,-0.03090875000000004
CEBPD,-0.0061024999999999
FBLN7,0.0058775000000000355
GRM5,0.10297374999999992
TSLP,0.04801249999999996
ACTB,-0.030336250000000065
OSR2,0.08462749999999991
RBFA,-0.0038112499999999883
NELFCD,-0.025157499999999944
ATP1B1,-0.05210874999999998
RASGEF1A,-0.11022874999999993
PRO2964,0.002074999999999938
KLHDC9,0.16934500000000002
LOC105372255,0.02252375000000001
C4orf33,-0.0766925
TRPC7,-0.17757625
C19orf52,-0.01830124999999999
RNF38,0.028672499999999934
TMEM245,0.008633750000000107
LOC401176,-0.08385999999999993
TBC1D5,0.08924749999999998
LOC727916,-0.09968249999999995
LOC101927043,0.03756999999999988
TNFRSF11A,-0.03252000000000005
YOD1,-0.10243250000000015
CNTN5,0.10753000000000001
ITIH4,0.3087087499999999
SEMA4G,0.10898750000000007
KDSR,-0.07945874999999997
TMEM213,-0.06678874999999995
INTS6,-0.05815124999999999
HAT1,-0.03680750000000005
ZNF546,-0.06347625000000001
PLRG1,0.06598250000000011
BBS2,0.07698124999999995
CFLAR,-0.06304750000000009
LSP1,-0.2666874999999999
PGGT1B,-0.04762250000000001
LOC100996385,-0.1172125
LOC102723694,0.0782525
DDX50,-0.11722624999999998
MYPN,-0.05499999999999994
SOX10,0.16147374999999997
C22orf39,-0.06420374999999989
CLEC12B///CLEC12A,0.11608374999999999
PPP1R9A,0.025167499999999954
LOC729314,0.08632500000000004
ATP13A3,-0.22568875
WFDC10A,0.04685374999999997
C17orf51,-4.8749999999986304e-05
MAT2B,-0.020357499999999917
WDR60,-0.009782500000000083
NAA15,-0.07695875000000013
NAV2,-0.014318749999999991
RNF43,-0.013816250000000085
BMS1P5,-0.14029000000000008
CHCHD5,0.06407000000000002
LOC100288721,-0.03278125000000015
ANXA4,-0.01789125000000008
STARD13,-0.06997750000000008
DBP,0.05198000000000014
EIF2B5,-0.022992499999999916
KLKB1,-0.02667750000000002
GLRA2,-0.08974749999999992
CUL4B,-0.006442499999999962
PTPN3,-0.09962625000000008
UBE2N,0.05502874999999996
COL4A1,-0.0025537500000000213
PTTG3P///PTTG2///PTTG1,0.11109374999999999
COMMD2,-0.042615000000000014
CRYGA,-0.03513874999999994
LOC100130054,-0.025750000000000106
ZNF217,-0.020202500000000012
S100A4,0.11624000000000001
MAGEA9B///MAGEA9,-0.019528750000000095
LOC440173,-0.0195162499999999
PCOLCE,0.11878375000000002
VCAN,-0.17140875000000005
ANKRD27,-0.10178124999999988
A4GNT,0.015176250000000058
LOC101928748,-0.039029999999999954
CCNB1,0.019625000000000004
RPH3AL,0.016864999999999963
CCDC150,-0.06852374999999994
FAM83C,0.18149375
NEK3,0.20800749999999996
SBK1,0.013956250000000059
ESRP2,-0.11247625
GCLC,0.01863750000000003
PIGM,0.004333749999999803
CCDC25,-0.09168249999999994
LAIR2,0.007519999999999971
GVQW2,-0.02715250000000008
DPYS,-0.16266125000000003
CSHL1,-0.013358749999999808
ADAM8,0.15266125000000003
KLF11,-0.05946874999999985
CCDC39,-0.051861250000000025
PDPN,0.10009875000000001
LINC00560,-0.0642262500000001
SSX2,0.2508375
ERMAP,-0.10611375000000006
CDK19,-0.0019525000000000792
ACADVL,-0.02308624999999992
LOC729446,-0.12813749999999996
IGLJ3,-0.20099499999999998
DSCAM,-0.03459375000000009
RIPPLY2,0.08365749999999988
LINC01125,-0.011251250000000046
LMO3,-0.04412125
NPIPB5///NPIP///LOC729978///NPIPB1P///NPIPA2///SMG1P1///NPIPB7///NPIPB3,-0.027096250000000044
KRT10,-0.0287675
SENP6,0.02384249999999999
EME2,-0.0395137499999999
CLK3,0.07681624999999997
SPNS2,-0.03004750000000006
PGR,-0.0826774999999999
TUBA4B,-0.03515625
DNAJC25,-0.032869999999999955
BNIP1,-0.3174700000000001
YAP1,0.045303749999999976
LOXL3,0.058901249999999905
WNK2,-0.08139000000000007
DPP8,0.09929874999999994
FKBP11,0.1073325
PHIP,-0.021046250000000044
LOC100507642,-0.05614125000000009
LYZ,-0.11084499999999992
NHEG1,-0.06454125000000005
BCL11A,0.16625
FERMT1,0.050353749999999975
DAPK1-IT1,-0.05233750000000004
CAND1,-0.022128749999999975
KIAA0556,-0.1110262500000001
LPCAT4,-0.0033987499999999504
ABCB10,0.007954999999999934
MEIS1,0.012307500000000027
LOC100131015,0.036952500000000055
LDAH,-0.03598625
YAE1D1,-0.058954999999999924
ING2,-0.07289249999999997
LINC01242,-0.056080000000000074
PRH1-TAS2R14///PRH1,-0.057083750000000044
HNRNPH3,-0.09690499999999991
MCTP1,-0.24295875000000006
TRPC4AP,0.16572499999999996
ICA1,-0.07392250000000006
FLJ41455,-0.09217000000000003
SOCS2,0.11794125000000005
ZG16B,0.13969625000000008
LOC105376379,0.010391249999999963
SHANK2,-0.1451324999999999
PDE8A,-0.11480000000000007
TRAJ17///TRAV20///TRD///TRA,-0.09358374999999997
URM1,-0.0047737499999999655
GANAB,0.1814262499999999
SOWAHA,-0.03259624999999999
PDIA3,-0.03198374999999992
RAB8B,0.02390125000000004
LOC101930421,0.18455125
GPNMB,-0.14279750000000002
SNORA37,-0.05822749999999999
CRYGD,0.12053625000000001
FLJ36840,-0.019210000000000005
LOC401324,-0.06091124999999997
MARK2,-0.1437262499999999
ACKR2,0.143575
SPAG7,0.18201874999999995
LOC100506473,0.07574500000000006
HRES1,0.5013312499999999
SERPINB10,-0.007503750000000198
EPM2AIP1,-0.038933750000000045
ZC3H6,-0.004001250000000012
ZNF507,0.023423750000000076
FAM214A,0.0020837500000001064
COG8///PDF,-0.01691625000000002
TYW1,-0.06646999999999997
TMEM2,-0.15044375
SMAD1,-0.15147124999999995
ICAM1,0.2685750000000001
CD200R1,0.015853750000000055
RIOK2,-0.08750999999999987
STAP2,0.13929999999999998
C10orf95,0.1520637500000001
CENPU,0.029717499999999897
PTPRM,-0.08046124999999998
HSD17B14,0.18930375
TSHR,0.1280599999999999
TNFSF10,-0.035613749999999944
KLHL42,0.033267500000000005
PWAR5,-0.06211499999999992
LINC01504,0.09415375000000004
TTC26,-0.05427500000000002
LOC100132971,0.062066250000000045
ARHGAP39,0.004228750000000003
SURF2,0.08610250000000003
R3HCC1L,0.08545500000000006
CFAP54,-0.007990000000000108
KCNH8,-0.06388499999999997
CDH24,-0.13546500000000006
PPP1R21,-0.02282999999999996
LOC105376944,-0.12081125000000004
RP9P///RP9,-0.05602874999999996
DCLK1,-0.028807499999999986
CHMP1B,-0.15745874999999993
PPP1R1A,-0.04365250000000004
MCL1,-0.022146250000000034
WWC2-AS2,-0.021127500000000077
FAM9C,-0.10046124999999995
NUDT7,-0.017631249999999987
CEACAM1,0.13184874999999996
SP3P,-0.01722375000000015
CST1,0.07698750000000004
STARD7-AS1,0.10006625000000002
ANO4,-0.02683125000000003
LINC01128,-0.11235375000000009
STRIP1,0.03841499999999998
LOC105370943,0.4234362499999999
NRAV,0.07172249999999997
RFTN1,-0.17837625000000007
LOC100130285,-0.01116499999999998
PPP1R3C,0.019251249999999998
GAFA2,-0.07225999999999999
RRN3P1,0.0055575000000000485
POU5F1P4///POU5F1P3///POU5F1B///POU5F1,0.20810375000000003
COL4A5,0.055520000000000014
EHD4,0.009577499999999961
PPFIA2,-0.005774999999999919
RGN,0.06293750000000004
GPR45,-0.07889875000000007
ANKRD17,-0.07609874999999999
LOC728554///THOC3,-0.03707249999999995
PDXK,0.034053749999999994
FZD7,-0.12979000000000002
TAAR8,-0.08422875000000002
MYEF2,-0.04126500000000011
GIMAP2,-0.04033999999999993
ITGB1BP1,-0.051878750000000085
CBX2,0.021418750000000097
MIR9-3HG,-0.12819624999999996
ADAM7,0.004597499999999977
ZNF843,0.20839125000000003
PLAUR,-0.09994874999999998
LOC101927286,-0.13428375000000015
SEL1L3,0.07846000000000003
RPL5P1///RPL5P34///SNORA66///RPL5,-0.04725125000000008
GPRIN3,0.11647625000000006
AKAP7,-0.06451000000000001
PLAC4,0.0046937499999998855
ANKRD30A,0.012461250000000035
MID1,-0.025898750000000026
SEC11C,-0.05042875000000002
RAX2,0.2837924999999999
CNTNAP3B///LOC653355///CNTNAP3,-0.046676249999999975
MTERF4,-0.037567499999999976
ZNF75D,-0.15732999999999997
ARHGAP32,0.011291249999999975
RPL21,-0.07894999999999996
CRYGC,0.02283875000000002
HMCES,0.052143750000000044
ZNF850,-0.12278125000000006
KHNYN,0.13207624999999995
KIAA1147,0.04888375000000006
TRPM6,0.021142500000000064
NMD3,0.0612437500000001
FMO6P,0.00901124999999997
SGK494,0.16495375
VKORC1L1,0.05334874999999989
DIDO1,0.04798499999999989
FCRL2,0.07802999999999999
NUTF2,-0.10958000000000007
CYP26B1,0.012655000000000027
NATD1,0.11310874999999998
LPIN1,-0.0754262499999998
ADM,0.03394874999999997
RPAIN,0.07246124999999992
CENPK,-0.029751250000000007
DNAH5,-0.018568749999999967
PRO2958,-0.04775500000000005
LOC157860,-0.14345124999999997
LINC00408,-0.02426250000000002
ADGRF4,0.017346250000000007
BBS12,0.016406249999999956
SUPT7L,-0.26900750000000007
TM4SF20,-0.04741375000000003
ZNF827,-0.08738250000000003
ANP32B,-0.10132750000000001
ENKD1,0.05559249999999999
LINC00358,0.0948325000000001
NHSL2,-0.0067387500000000156
OK/SW-CL.58,-0.055147500000000016
LOC732087,-0.15371250000000014
SUCLG2-AS1,-0.05895999999999996
ARSA,0.06321124999999994
PLK1,0.15322750000000002
TRIM73,2.2499999999925357e-05
LOC151760,-0.06739249999999997
HOXB13,0.18021125
LCN12,0.16333624999999996
CHRNA5,-0.10117874999999998
F8,-0.017137499999999972
ESRRG,-0.05646125000000013
SLC37A4,0.23350624999999992
BYSL,-0.1961287499999999
ACVR1,-0.0011474999999999125
MRPL24,0.02763250000000006
PDE9A,0.023256250000000034
ADAM23,-0.024337499999999956
KRTAP5-AS1,0.18189125
RALY,0.22702125000000012
SORCS1,-0.04674000000000006
PMEPA1,0.031112499999999987
USP7,-0.013773749999999974
RAD1,0.04146374999999991
XPNPEP1,-0.09468500000000002
TSPAN16,0.48608625
PPEF2,0.0666275
GLT8D2,-0.12207375000000009
ATP1A1-AS1,0.19815874999999994
ASAH1,0.010045000000000026
MZT1,0.040603749999999994
PIK3R6,0.23622375000000007
RNASEL,-0.12947750000000002
MAB21L1,-0.056553750000000014
CD63,0.04606624999999992
FAM69C,-0.043346249999999864
P4HB,0.1364237499999999
LIMCH1,-0.07055875
TBC1D31,-0.14056625
LHX8,-0.018371250000000006
NPB,0.2723112499999999
PROCR,-0.15379000000000004
ZNF559,-0.057733750000000084
LNP1,0.07155250000000007
L3MBTL4,0.012497499999999995
CMTR2,-0.07316249999999991
LOC100131447///CDC14C///CDC14B,-0.03182750000000012
C1orf56,0.011685000000000001
SH3BGRL3,0.003282499999999966
TMTC2,-0.05764499999999989
ATG4C///CTR9,-0.03578500000000007
DSPP,-0.012465000000000004
NANOS1,-0.15021625
C2CD3,-0.11636875000000002
LOC101928012,-0.052991249999999934
GATA6,-0.07244750000000005
LOC93463,-0.2657975
C11orf42,0.020241250000000044
CXorf58,0.11083375000000001
TOX3,0.037936250000000005
FAM129A,0.04345749999999998
ZNF204P,-0.01609874999999983
LOC105375075,-0.16568374999999985
LINC01618,-0.01849124999999996
NEU3,0.06313249999999998
RAN,-0.0004550000000000942
C8orf59,-0.010758749999999873
NIFK,0.03051875000000004
RGS9BP,-0.11230624999999994
MIR7515HG,-0.07307875000000003
MMP16,-0.00940624999999995
SMG5,0.011281249999999965
TAF2,0.14498875000000006
TRIM56,-0.007352500000000095
CSN1S2AP,-0.03275875
PRPF40B,0.15155249999999992
NCR1,-0.026393749999999938
GNG4,0.1618575
SPAG1,-0.01858749999999998
SEMA3E,-0.171275
LACTB,0.17311624999999997
SKP2,0.06052374999999993
PDPK1,0.20131499999999997
SLITRK2,0.06345374999999998
CXXC1P1,-0.07613750000000008
WRNIP1,-0.12815999999999994
IL36B,-0.0210887500000001
POC1A,-0.12565000000000004
GTPBP3,-0.037948749999999976
PRM1,0.03979249999999995
APOLD1,0.045036249999999944
LOC654780,0.276145
NOL6,0.17391125000000002
IL13RA2,-0.08737500000000004
PRPF18,-0.13792374999999996
SIPA1L1,0.0065212500000000895
POPDC2///COX17,0.18259124999999993
EPS8L2,-0.042213749999999994
PCDHB16,-0.0010462499999998598
GNAI3,-0.08193625000000004
LINC00488,-0.013757499999999978
MDFI,0.008700000000000097
KLHL6,-0.05052499999999999
LOC100132207,-0.17396249999999996
HAUS7///TREX2,-0.16291625000000004
PRKCQ,-0.018036249999999976
AKAP9,-0.05601875000000006
COX19,-0.07658000000000004
IL16,-0.026211249999999908
COL12A1,-0.12546999999999997
HSPD1,-0.06823875000000001
BEST4,-0.03728750000000003
LRRC8C,-0.03197124999999995
CD1D,-0.18478375000000008
FLT4,0.0927425
B9D1,-0.044552499999999995
IQCG,0.053023750000000036
NRCAM,0.018428749999999938
GALNT11,-0.003356250000000005
TRIM15,0.07714000000000004
TP53BP2,-0.04643875000000003
PMS2P4,-0.025956250000000014
FTHL17,-0.06956750000000006
LRRC8B,0.010575000000000001
SLC24A1,0.08751874999999987
RRM2B,-0.03522749999999997
PSMD5,0.020552500000000085
CCDC82,-0.029104999999999992
CTTN,0.3418649999999999
SLC25A44,0.01920375000000002
ATP6,0.14756999999999998
HN1L,0.12682374999999996
SDHAP2,0.052308750000000015
IGLV4-60,-0.032117499999999966
EDA,0.28616375000000005
LCP2,-0.02718749999999992
LOC101927021,0.10605124999999993
ACTL6A,-0.01859624999999998
DUOXA1,0.028626249999999964
OVOL1-AS1,-0.17208749999999995
TRPM5,0.2970175
PCK2,0.22932000000000002
LOC105376714///SLC30A4,-0.07207749999999996
PKP2,-0.01011124999999996
FMNL2,0.021363749999999904
ANKH///TSPAN3,-0.04186624999999988
TREML3P///TREML4,0.10711874999999998
RAB35,0.11819750000000001
TRIM23,-0.10324625000000004
LOC101927843,-0.09619625000000004
PRPF4B,0.023147500000000043
LMTK2,-0.0006337500000000995
CCDC43,0.09314624999999993
SLC45A3,0.14450125000000008
ATG13,0.08792624999999987
SFTPA2///SFTPA1///SFTPA2B,0.11386374999999987
TMEM9,0.02271499999999993
LEMD3,-0.03791625000000004
BCKDHB,-0.04229500000000003
HOXA10,-0.13808624999999997
POMGNT1,0.05324374999999998
PIK3CD-AS1,0.1173225
SERPINB11,-0.33246500000000007
DHRS12,-0.08513124999999999
RNF10,-0.11267749999999999
NPNT,0.0018974999999999964
NDUFAB1,-0.048843749999999964
DDX20,-0.042110000000000036
CA13,-0.034726250000000014
HTR1F,0.05567624999999998
SNTN,-0.018923750000000072
PABPC1L2B///PABPC1L2A,0.008478750000000035
OSER1-AS1,0.020470000000000044
FAM72A///FAM72B,-0.0255912499999999
TMEM87B,-0.02846624999999997
ANKRD2,0.13266875
CARMIL3,-0.19876249999999995
FRG1BP,-0.13798749999999993
CHL1-AS2,0.14217499999999994
JMJD1C-AS1,-0.11836249999999998
C6orf203,0.0009062499999999973
LACTB2-AS1,-0.029901249999999935
KMT2D,-0.04190624999999992
LOC643923,-0.05960124999999994
ZNF259P1,-0.012146250000000025
KCTD10,-0.02436499999999997
SOHLH2,-0.15127124999999997
ZNF598,0.002197500000000019
ADRA1A,-0.08775499999999992
ZNF484,-0.1555312499999999
HSPA6,-0.18838
CCR1,-0.02792625000000004
LINC01225,0.11154375000000005
LOC730631,0.29393625
THUMPD2,-0.04674374999999997
GRWD1,-0.03703500000000004
LTBR,-0.04625624999999994
ZNF781,-0.04612250000000001
TAF6L,0.07741125000000004
FAM189B,-0.026019999999999988
LOC339260,0.12055749999999993
FTO,-0.00029124999999996515
LINC00226,-0.09918625000000009
LOC101928333,-0.14249375000000009
TRIM40,-0.02505499999999994
LOC101928476,0.29298875
RPRD2,0.08980749999999998
DTD2,-0.06394375000000002
GAPLINC,0.12736750000000002
LINC01580,-0.028141250000000007
HPS5,-0.04298375000000004
FAM210B,0.0035049999999999804
BPTF,-0.07161624999999994
AUH,-0.18356625
PCCA,-0.059575000000000045
NMUR2,0.15110125000000002
PDGFRA,0.07039875000000007
B3GALT1,0.02592874999999989
WDR61,-0.024542500000000134
MYH16,-0.13733499999999993
RPLP2,0.2692912500000001
PIGA,-0.020522499999999944
CDCA4,-0.011558750000000062
MAGEF1,-0.004501249999999846
CCDC18,0.04447124999999996
RFC5,-0.11035499999999998
ELAVL4,0.019251249999999998
OR9A1P,-0.03961125000000004
BMP10,-0.16454125000000003
ZNF343,0.4126262499999999
NUFIP1,-0.1594287499999999
ZNF17,0.03650625000000007
GSTT2B///GSTT2,-0.01160625000000004
DCAF4,0.09003874999999989
SSTR1,-0.07967124999999997
PAX6,-0.03601625000000008
RPS27P6///RPS27P29///RPS27P21///RPS27P7///RPS27P23///RPS27P13///RPS27,0.014194999999999958
ZNF513,0.0749550000000001
TMEM60,0.010858750000000028
ERCC6,-0.049516249999999984
TNNT3,0.12965874999999993
MAP7,-0.04478250000000006
ECH1,0.10482875000000008
CYCS,-0.023121249999999927
PCNT,-0.20324375
CCDC155,-0.09151499999999996
IFI16,-0.06597125000000009
ZNF132,-0.08411750000000007
NELFA,-0.014153749999999965
CTXN3,-0.1257475
LOC101928161,0.005008750000000006
CCND1,0.04650625000000008
MFF,-0.12606875
LOC101929148,-0.21717999999999998
PPFIA1,-0.00639999999999985
SASS6,-0.0496275000000001
COQ8B,0.20243999999999995
SLC12A5,-0.027085000000000026
PRKRIP1,0.022432500000000022
INSL5,-0.21366499999999994
FAM131C,0.09314374999999991
MRPS9,-0.0034662499999998375
HEXA,-0.037876250000000056
PIK3R5,-0.09361875000000003
RPL29P11///RPL29P15///RPL29P9///RPL29P26///RPL29P6///RPL29P4///RPL29P31///RPL29P12///RPL29,-0.12687624999999997
STON1,-0.08808875
IL36RN,-0.04840374999999997
C4orf17,0.05482124999999999
TMEM74,-0.11376124999999998
WDR34,-0.05790625000000005
NDST4,-0.13057250000000004
CCSER1,0.14537375000000013
IGHV3-47,0.11091875000000001
ATL2,0.10081000000000007
RHBDD3,0.26349249999999996
DYRK3,-0.15899000000000002
LZTS2,0.04852875000000001
C1orf101,0.09879749999999993
PTCHD1,0.005383749999999965
PRO0478,0.08747624999999992
GPC4,0.12539125
TBC1D23,-0.06512749999999995
ATP13A5,0.0005749999999999367
TMEM263,-0.05847874999999991
C7orf71,0.054611250000000056
NOTCH2,-0.11969750000000001
CXCR2,-0.08048624999999998
MRM2,-0.07843625000000004
GRM3,0.006909999999999861
FAM212B,0.16982125000000003
GALNT1,-0.09425875
PRDX5,-0.2145387500000001
SNHG24,-0.08243250000000002
PHLDA1,0.045884999999999954
DAOA-AS1,-0.15291374999999996
MFSD2A,-0.019887500000000002
LOC101927027,0.17104124999999992
AGPAT4-IT1,-0.23960499999999996
SLC30A7,0.12881999999999993
ERBB4,-0.08683124999999997
SLC10A4,-0.11393499999999995
AZGP1P1,-0.07048874999999999
TTC37,-0.05588375000000001
LOC101927972,0.12038500000000008
ASB4,-0.05878749999999999
SRD5A3,-0.028776250000000003
LOC105371708,-0.07002000000000003
PALM2,0.028483749999999974
RAB11FIP2,-0.026041250000000016
CMTR1,0.02450125000000003
LOC102725116,0.08514999999999995
TCEA3,-0.02679750000000003
LOC654342,-0.056339999999999946
FLJ38576,-0.1598287499999999
ZNRF1,-0.14261750000000006
DMRT1,-0.04213875000000006
PRNP,-0.09914749999999994
LRRC36,-0.23400749999999992
VPS33A,-0.11077875000000004
LINC00632,-0.017218749999999894
PPP1R8,0.08564375000000002
GRK3,-0.063695
ASB1,-0.021631250000000102
LINC00921,-0.028179999999999983
FAM26F,-0.04625999999999997
RPL27AP6///RPL27A,-0.088455
CIRBP,0.32791125
CCR8,-0.05975375000000005
ST7-OT4,-0.04940500000000009
MEF2C,-0.024149999999999838
NONO,-0.1360750000000001
HAO1,-0.05714125000000009
STX5,-0.14222749999999995
SBDSP1///SBDS,-0.1451225
FOXO6,-0.07803125
AFP,-0.021951250000000033
TSFM,0.04394124999999999
RND2,-0.011460000000000081
LOC100190986,0.1503487500000001
NIP7,-0.04258625000000005
UNC80,-0.06352250000000009
AUP1,-0.13190750000000012
MAN1A1,0.0002162499999999179
CSRP2,0.054705000000000004
HMGCR,-0.03636499999999987
CNTNAP2,-0.13940250000000004
AIMP1,-0.19381999999999994
LOC100134226,0.14046499999999995
ARMC2,-0.14739124999999992
UGT2B4,-0.08771124999999991
DGCR5,0.017905000000000004
COL8A2,0.2064025000000001
MRPL57,0.08068500000000012
IGSF5,-0.04084624999999997
RP2,-0.06151000000000001
LOC100130353,0.04329000000000005
PRMT8,0.024778749999999905
SAP18,0.060583749999999936
SENP1,-0.15699249999999987
AFG3L1P,-0.029494999999999938
CHURC1,-0.14129999999999993
NFATC2IP,-0.038326250000000006
RABGAP1L,-0.04982375
TRPM2-AS,-0.09767875000000004
PDCL2,-0.01199750000000005
TCEB3B,-0.09438250000000009
SENCR,-0.045009999999999994
ZNF518B,-0.02095874999999997
GBX2,-0.07199374999999991
CDH1,-0.02046874999999998
EEF1E1,-0.037891249999999876
IFNB1,-0.08212000000000003
LTA,0.034222500000000045
FAM65A,0.15621124999999997
MAK,-0.05798125000000004
NR2F1,-0.1463724999999999
SAXO2,-0.1482449999999999
PHAX,-0.03949625000000001
PRDX3,0.07232625000000004
CAMK2G,-0.04813000000000006
TUBA4A,0.23012374999999996
LOC100133019,-0.12730250000000004
KCNC3,0.3511
C11orf88,-0.10157499999999997
SYF2,-0.06373874999999996
LINC00844,-0.043215000000000114
TSC22D2,0.0003087500000000798
TIFAB,-0.07768249999999999
FAM53A,-0.012988750000000049
PCSK6,-0.023127500000000023
MESDC2,-0.06610749999999987
CASP1,0.05866249999999995
VCPIP1,0.11552625000000005
NLGN4X,-0.018383749999999976
ATF6B,0.031524999999999914
SLC26A3,-0.04785999999999985
CACNA1I,0.43458
GRHL2,0.12986000000000003
ANKS6,-0.20525250000000006
LINC01105,-0.028998749999999962
BBS1,-0.045367500000000005
RERE,0.041720000000000035
GP2,0.08970999999999996
FAM76A,0.17175250000000003
IL27RA,0.14714624999999998
ZNF235,0.22230624999999998
FAM102B,0.23893124999999998
LILRB5,-0.08037500000000003
HOXA-AS2,-0.02491250000000006
PIK3CD,-0.0562125
SERP2,-0.13914124999999988
F13A1,0.015534999999999966
LINC00051,-0.02646874999999993
UNC119B,-0.09061124999999992
TM9SF4,0.009435000000000027
TRIM42,-0.031013750000000118
TBX1,0.020232500000000042
SPCS2,0.0848124999999999
PRKRA,0.010367499999999974
LOC101929528,-0.05066374999999995
LINC00558,-0.01044000000000006
ARMCX1,-0.04087624999999995
SKA3,0.01777124999999985
MOB3B,-0.02085874999999998
SEC61A2,-0.06604249999999989
GABRG3,-0.12553250000000005
CENPF,-0.019976249999999918
TXNDC5,-0.06709125000000005
SLCO3A1,-0.03445624999999991
CCDC34,-0.017008750000000017
DNAAF1,-0.20506749999999996
LOC101928043,0.37111124999999995
ASUN,0.009897499999999948
MRPL58,0.15827124999999997
MKKS,-0.12409249999999994
SNHG20,0.002911250000000032
POLE3,0.014602499999999907
LOC100128862,-0.0410687500000001
CCDC61,0.21148375000000003
RILPL2,-0.022084999999999966
INSL4,-0.05320124999999998
LOC100506406,-0.020597499999999935
KRT7,0.06999125
CXCR6,-0.011484999999999912
ENTHD1,-0.11042874999999991
RAB3IL1,0.16589624999999997
DCAF5,-0.13215500000000008
MANBA,-0.00877750000000005
C6orf106,-0.10318499999999992
WDR78,-0.061315000000000064
SRGAP2D///SRGAP2C///SRGAP2B///SRGAP2,-0.08222000000000002
CEP128,-0.04967875000000005
HOXD4,0.08754624999999999
TTF2,-0.04449250000000016
DAXX,0.028709999999999902
TREML4,-0.07690875000000014
TGFBR2,-0.05453375000000005
FAM114A2,-0.010093750000000012
LRRC2-AS1,-0.13253500000000007
SFRP5,0.14958374999999996
C8A,-0.004011250000000022
RPS26P25///RPS26P11///RPS26,0.009276249999999986
CASP7,-0.06909624999999991
SLC39A5,0.22954750000000002
APOBEC3B,-0.1931974999999999
HOXB-AS4,-0.10533374999999989
CD19,-0.05715750000000008
PLG,0.057898750000000054
GPM6B,-0.004958750000000067
F2RL2,-0.11089875000000005
ZNF410,-0.02969624999999998
ZNF280A,-0.0601000000000001
TMX4,0.12831375
SPTSSA,-0.020004999999999884
MGC27382,0.007907499999999956
RPUSD4,-0.19746249999999993
GLTSCR1L,-0.03894875000000009
SRPK2,0.02251624999999996
GPX7,-0.07467499999999999
ZCCHC17,0.032376249999999995
HCG9,0.08611249999999998
TMEM222,0.05733375000000007
AP2B1,0.06915249999999995
POLR2J2,0.007596250000000027
SEC23IP,0.1320575
CLPTM1,0.04100124999999999
C9orf116,-0.051102499999999995
HLA-DRB6,0.04621124999999987
DPY19L1P1,0.017382499999999967
TP53TG3HP,-0.024623749999999944
ANKIB1,-0.045066250000000085
NLRC4,-0.10134625000000003
PRSS37,-0.006670000000000065
ALPL,-0.02415250000000002
WDR7,-0.23070875000000002
ZDHHC22,0.11633624999999997
TMEM151B///SPATS1,0.051951250000000004
MMP11,0.03551625000000003
FXYD2,-0.039572499999999955
C3orf18,0.07207250000000004
COL13A1,0.06277749999999999
CLIP1,-0.023482499999999962
HEXIM1,0.03297749999999994
KRT20,-0.03392249999999997
COX5A,-0.05012374999999997
EPHA6,-0.1896937500000001
NTRK3,0.026986250000000045
C10orf12,-0.0014737499999999404
TUBA8,-0.024841250000000037
LOC142937,0.0032912499999999123
HS6ST2,-0.10627625000000002
RBP7,-0.03568874999999999
VN1R95P,-0.05365250000000005
TAF7,0.018836249999999832
SLC6A6,0.021830000000000016
TIMP3,0.1037887500000001
CR2,-0.12974250000000004
SLC22A8,0.11118625000000004
WDR17,-0.044711249999999925
CFAP221,0.03975125000000007
LOC100129907,0.006178750000000066
PPP2CB,0.04771624999999996
APBB1IP,0.0165975000000001
GATA4,0.05638499999999991
DPP10-AS1,-0.004176250000000048
LOC105374419,-0.03392499999999993
DCUN1D4,-0.0043799999999998285
LOC101927865,-0.10479250000000007
SUMF1,0.017115000000000047
RPL36AL,-0.17671125
DMXL1,-0.016948750000000068
SNX27,0.008178750000000012
UBAP1,0.09524000000000005
PCDHB17P,0.004243750000000102
NACA2///NACAP1///NACA,0.043857499999999994
KLHL8,-0.007606250000000037
NRDC,-0.08406624999999995
RAP1A,0.03126749999999995
MTMR7,-0.021345000000000003
RPL10P15///RPL10P8///RPL10P6///RPL10P16///RPL10,0.32880875000000015
ANXA2P3,-0.05605124999999994
C22orf31,0.021066250000000064
LOC731852,-0.06442624999999991
GIMAP1,-0.09220625000000005
APOO,-0.08452375000000006
C19orf44,0.2276975
FAM171A2,-0.00795749999999995
TBRG1,0.0058012500000000355
DIRC3,0.10248750000000001
C9orf152,0.21496749999999992
ZFP36,0.039778749999999974
CLIC1P1,0.17047625
GIPC2,-0.021993750000000034
TNFRSF10B,-0.025546250000000048
ATP2B3,-0.03542375000000003
UBXN7,-0.04743750000000002
TSPAN5,-0.06606625000000005
SNX32,0.06474999999999997
MTIF2,0.22067375
NECTIN1,0.31585
IGSF1,0.18425875000000014
LOC643733,0.24209000000000003
KATNA1,-0.0678287500000001
FLRT2,-0.008069999999999966
CARD14,-0.01232875
POM121L8P///POM121L9P,0.020636250000000023
LPP,0.0536100000000001
SCRN1,0.5481525
NDOR1,0.1272025
OPRL1,0.061570000000000014
ENTPD2,0.38931125000000005
SMYD3,-0.027087500000000042
LOC100132218///LOC728555,0.012412500000000048
GPR20,-0.035593750000000035
HOXD10,-0.025761249999999902
PATL1,0.2379512499999999
LOC100134722///RASA4DP///RASA4CP///RASA4,-0.07879625000000007
N4BP2,-0.11016874999999998
SLC25A33,-0.07732374999999997
SDCBPP2,-0.030735000000000068
ABCC2,-0.03347749999999999
FER,-0.06900499999999987
LOC100505534,0.06451125000000008
ZC3H12C,-0.08527124999999997
UFL1,-0.1494687500000001
HNRNPK,0.030273749999999988
SEPT7P9,-0.00996874999999997
NUTM2G///NUTM2F,0.11858750000000001
BTBD11,0.13007249999999998
DPM1,-0.04121374999999994
GPAT4,-0.036028750000000054
GLUD1,0.046610000000000096
CXorf40B///CXorf40A,-0.12454625000000002
TPBG,-0.0866137500000001
PUM2,0.08722000000000002
CLPP,0.01191999999999993
ADAMTSL4,0.02336875000000005
LINC01122,-0.021006249999999893
NDUFB1,-0.031537499999999996
DDAH2,-0.054986250000000014
MOB4,-0.014852499999999935
USP37,0.037705000000000044
TMEM206,-0.01020124999999994
GOLPH3,0.016823750000000026
NR4A3,-0.13358499999999995
KAT7,0.03022000000000008
UHRF1BP1,-0.005996249999999981
UFSP2,-0.06019750000000007
TIAF1,-0.12721999999999994
MARCH5,0.02344500000000016
AFM,-0.0385875
AQP12B///AQP12A,0.020136250000000022
FAM110C,-0.06345499999999993
LOC730101,-0.11741999999999997
QARS,-0.01562625000000012
PIGV,-0.07170250000000006
LOC440895///LIMS3,-0.12206250000000002
ZNF529,-0.11332750000000003
TMED6,-0.10466874999999998
PGPEP1,-0.04273499999999997
GNGT2,-0.050416249999999996
SDCBP2-AS1,0.07841249999999994
MAP2K6,0.11850250000000007
CCR6,0.046362500000000084
YTHDF2,-0.11651499999999992
ZNF232,-0.025319999999999954
KIAA1211,-0.04564374999999993
ALDH1B1,-0.1830974999999999
CALR,-0.11525374999999999
UBA3,-0.048661250000000045
TM4SF18,-0.02772749999999996
LOC100506530,-0.1234137500000001
ALMS1-IT1,0.08729124999999999
SCAMP5,0.38741625
EGR2,-0.07981625000000003
CCNYL2,-0.036165
EGR4,0.14413999999999993
ABHD5,-0.03350750000000002
COX7A2L,0.23113875
PA2G4,0.378495
MFSD4B,-0.01215250000000001
ACYP2,-0.07200249999999997
NR2F6,0.5206862499999999
EGLN1///SCAND2P,-0.042495000000000005
LOC100505609,0.01855999999999991
MPLKIP,-0.06804124999999994
DCAKD,-0.14680750000000004
MZF1,0.1567737500000001
BTN2A2,-0.012366250000000079
JTB,-0.13311499999999998
Dbpht2,-0.06547999999999998
ADCY1,-0.17298250000000004
CYP20A1,-0.01558625000000008
LINC01410,-0.16348500000000005
HIGD1A,-0.12486875000000003
AGL,-0.07688124999999996
YJEFN3,0.31276875
LRRC58,-0.04279499999999997
TERB1,-0.1303224999999999
UBE2G1,-0.09244125000000003
PSORS1C3,-0.032231249999999934
LOC105376796,0.08061125000000008
ZNF610,-0.13489499999999988
LINC01184,-0.028756250000000094
ERGIC3,0.03157249999999995
BBS5,0.024281249999999976
SHANK2-AS2,0.04020250000000003
ARHGAP22,-0.02316874999999996
KBTBD4,0.03897500000000004
SPAST,-0.20423750000000007
ADAM10,-0.08129124999999998
EHF,-0.130805
ZSCAN29,-0.018322500000000075
COPZ1,-0.14803499999999992
TPGS2,0.1102462500000001
RNF112,-0.009913749999999999
RPA4,-0.053952500000000014
NFIA-AS1,0.09633499999999995
LOC105376100,-0.024165000000000103
GGTA1P,-0.02151249999999999
SLC11A1,-0.07730125000000004
PSMC4,-0.005950000000000011
TRIP11,-0.034385000000000054
FAM209A,-0.08773249999999994
NYNRIN,0.08428374999999988
TNK1,0.06233500000000003
KHDC1L///KHDC1,0.061595000000000066
EGLN1,-0.09850749999999997
ALG5,0.06099874999999999
PSMA8,-0.031241249999999943
LGALSL,-0.20382250000000002
GAS5,0.08927750000000001
SLC35F1,0.28238625
FABP5P2///FABP5P7///FABP5,-0.03604874999999996
LOC101927494,0.030646250000000097
COCH,-0.07011624999999988
TOX4,0.044400000000000106
SLC7A13,-0.00809375000000001
MYLK4,-0.05898375000000006
NAPB,-0.05620249999999988
CYTH2,-0.21902624999999998
CACNA1G-AS1,0.07216375000000008
HGF,-0.14289374999999999
PIR,-0.023376249999999932
COL28A1,-0.029753749999999857
RGS7,0.013040000000000052
MTFR1,-0.08393624999999999
SLC5A9,0.14607875000000003
C7orf26,-0.04727250000000005
CDH5,-0.05344249999999989
ANXA8L1///ANXA8,-0.017734999999999945
BRD8,0.06357374999999998
RALGAPA2,-0.05586874999999997
BORCS8-MEF2B,-0.0699337499999999
RAB31,-0.013085000000000013
RPS10P5,-0.03731374999999998
LOC400927///CSNK1E,0.06814375000000006
METTL14,-0.02489749999999996
HCG4,0.010958749999999962
EQTN,-0.04836124999999997
FLJ46875,0.033077499999999926
TMEM268,-0.08695624999999996
LOC101928335,0.14576125
GALNS,-0.20138125
LOC100133484///HLA-DRB6///HLA-DRB4,0.081005
TMEM257,0.055536249999999954
RFX4,-0.027921249999999898
TGIF2,-0.0017199999999999993
EPS8,0.04735875000000006
MAP1LC3C,0.0756349999999999
VCP,0.15376374999999998
MPC1,-0.016531249999999942
CEP89,-0.0071687500000000015
LOC101927278,-0.06850500000000004
HID1,0.132085
RAD51,-0.07938
MMP10,-0.1720275
LINC00308,0.034225000000000116
MAPK8,-0.12488874999999999
SUMO4,-0.07999624999999999
PRPS1L1,0.03319
ANKHD1-EIF4EBP3///EIF4EBP3,-0.11966749999999998
LINC00587,0.0090225000000001
SPARCL1,-0.04479625000000009
LINC00514,0.10249874999999997
CCKBR,0.10370875000000007
FAM89B,0.1462825000000001
TWISTNB,-0.03338875000000002
AFAP1L2,-0.12757875000000002
LOC101927450,-0.0782525
SLC25A24,0.025495000000000045
C4orf36,0.033078749999999935
ST13,-0.08699625
PLD1,-0.03797374999999997
TMEM160,0.030195000000000083
ATG14,-0.03145624999999985
ZGLP1,-0.03997375000000003
LOC100133775///CCZ1B///CCZ1,0.11294124999999994
UTRN,0.08407625000000007
CEBPZ,-0.11894499999999991
NPVF,-0.06559875000000004
ALDH3A2,-0.012082500000000107
ERRFI1,-0.0398687499999999
EMCN,0.003502500000000075
RBMS3,-0.11976124999999999
OSTM1-AS1,0.07685000000000003
PDK3,0.11407499999999998
RNF26,0.06794999999999995
LOC100130428,0.10874999999999996
THBS3,0.04265249999999998
ZUFSP,0.050901250000000064
ABLIM2,0.0478174999999999
CENPC,-0.07263749999999997
CRYZ,-0.03999500000000006
STK39,0.05842999999999998
WDR72,-0.006350000000000078
LOC100131610///CLIC5,0.049956250000000035
CDCA2,-0.03579874999999999
CASKIN2,-0.12182999999999988
TREML3P,0.08699625
LY86-AS1,-0.14439874999999996
TEX36,-0.16856125000000005
EFR3A,0.07368750000000007
VEZF1,-0.02073625000000001
LPP-AS2,-0.12288125
TRPC5,0.03695125000000005
PHF23,-0.10373874999999999
ANAPC1,-0.23926750000000008
SLC25A17,-0.03260624999999995
FNDC7,0.10105875000000009
PAM,0.2362550000000001
TSPYL6,-0.06585124999999997
PTGES2,0.08104499999999992
ZNF493///ZNF738///ZNF273,-0.020286250000000006
AKAP4,-0.11309500000000011
LOC100133748,-0.08567875000000003
SCNM1,-0.004186250000000058
MCMBP,-0.09434000000000003
ZNF23,0.32169500000000006
ZNF449,-0.017283749999999987
CFHR3///CFHR4,0.08234249999999999
SEH1L,-0.06264874999999998
ZNF747,0.02739999999999998
NSA2,-0.06925624999999996
EXTL2,-0.0500462499999999
GNRH1,-0.03724875
FAM181A-AS1,-0.021931249999999958
BCL2L2,0.0024412499999999504
RFPL1S///RFPL3S,0.32387125
TAS1R1,0.05542875000000003
PRPSAP2,-0.08084125000000009
RPS15A,-0.09313125000000005
COL22A1,-0.10283250000000005
SIGMAR1///SNU13,0.10522624999999997
GABPA,0.014246250000000071
SDCCAG3P2///SDCCAG3,0.18124499999999993
PPFIBP2,-0.056705000000000005
TRPV1,0.12382125
SLC51B,-0.02606374999999994
GPR89A///GPR89B,0.20307999999999998
ZNF689,-0.01204624999999998
EPS15,-0.1325300000000001
LMF2,0.08229000000000003
LOC100133166///NBR1,-0.11901625000000005
PIN1P1,-0.014714999999999923
DHDH,0.014295000000000002
ATAD3C,-0.08264875000000005
OCM///OCM2,-0.03460875000000002
SLC25A27,0.11200125000000005
CMKLR1,0.018687499999999968
CFD,-0.007263750000000013
CYTH1,0.0016487499999999766
CSDE1,-0.027623749999999947
GCAT,-0.30392499999999995
GPR182,-0.13585999999999998
BCL2L10,-0.05425124999999997
NECTIN3,-0.04452874999999995
TMC1,-0.07218750000000002
LOC100128443///MAST4,0.012468749999999973
LIN7A,-0.07493749999999993
KCNN3,-0.09387375000000003
LOC100131170,0.1948724999999999
ATP7B,-0.004091250000000046
KRT8,-0.007986249999999973
SH3BP5,-0.07655125000000013
LINC01231,0.0024599999999999622
MRGPRG-AS1,0.12207749999999995
CPVL,0.08118625000000007
RTFDC1,0.1672037500000001
TMEM136,0.015226249999999997
GPR160,-0.017868749999999878
LINC00910,0.0305975
EDF1,0.07755374999999992
CMTM7,-0.13138624999999993
OPTN,-0.010498750000000057
ESAM,0.19118875000000002
LOC400965,0.04006500000000002
SAPCD1///MSH5,0.17333499999999996
PGBD2,-0.26518374999999994
ECHDC3,-0.01630374999999995
KPNA2,-0.01457875000000003
JUNB,0.009837499999999944
FRG2EP,-0.05220749999999991
OR2A9P///OR2A20P,-0.15168625000000002
LINC01512,-0.051741250000000016
TFDP1,-0.02602500000000002
RAB11FIP3,0.0006362500000000604
ARL8B,-0.005381250000000115
CPAMD8,-0.18532500000000002
MYO5B,0.10366500000000001
MLK7-AS1,0.07234250000000009
MAP6D1,0.05589125000000006
DBIL5P2,0.07144499999999998
BRS3,-0.10379749999999999
JAZF1,-0.00444249999999996
MEAF6,-0.023823749999999977
SORD,-0.08099624999999999
TMEM99,0.3589550000000001
CYP1A1,-0.08305499999999993
PSG4,-0.006482499999999891
TOX2,0.02334625000000007
GSTM3,0.09404249999999997
SGCG,0.03854624999999995
LOC162137,0.006853750000000158
LOC100131637,0.041115000000000124
METAP2,-0.07408625000000002
NCF2,-0.04656500000000008
FANCI,-0.028134999999999966
LINC01541,0.022372499999999962
GLRB,-0.012233749999999988
SH2B1,0.06857249999999998
LOC728105///LOC643670///LINC00266-1,-0.025843749999999943
ACSL1,0.08505125000000013
PCDHB7,-0.06657374999999993
PPP2R5E,0.25160375
MIB2,0.38228375000000014
GTF3C1,0.057701249999999926
IGF2R,-0.13716625
LYG1,0.013125000000000109
LOC100507600,0.03685125000000006
ADAMTS17,-0.04689249999999995
DNM1P35,0.023434999999999928
CPLX3///LMAN1L,-0.04607749999999994
KRBOX4,-0.020214999999999983
PLXNA2,-0.29645375
C7orf62,-9.250000000005087e-05
MGC45922,0.41699500000000006
HHLA2,-0.07093749999999999
RFXAP,0.059643749999999995
PPP1R17,0.09468999999999994
LOC728743,0.09747625000000004
EFCAB11,-0.07144375000000003
DNASE2,-0.040536249999999885
EPB41L3,-0.01832624999999999
EXT1,-0.027421250000000064
SCARB2,0.24744625000000003
LINC01227,-0.09396500000000002
RBM7,0.07909624999999992
AQP2,-0.027853750000000066
PTHLH,-0.05614625000000001
PRRT1,0.004717499999999986
CASC23,0.05978374999999997
TRAFD1,0.007580000000000031
GJB3,0.03973249999999989
GAL3ST2,-0.0057374999999998955
C8orf76,-0.034987500000000005
LOC339593,-0.02656249999999999
MAP3K3,-0.06553500000000001
CNPY3,-0.06944249999999996
MRPL32,-0.010362500000000052
PRKCZ,0.1212487499999999
HNRNPA1L2,-0.018376249999999983
GABRD,0.026232499999999936
LRRIQ3,-0.00014374999999994253
AGR2,0.009166249999999931
NEK2,-0.010217500000000046
RGS6,-0.07750374999999987
ZNF33B,0.2270899999999999
HS3ST1,-0.03967874999999993
SYTL3,0.020552499999999974
NXT2,0.044016250000000035
FAM167A-AS1,0.16852125
GLYCTK,0.15795375000000011
IGK///IGKC,-0.06441500000000006
GHR,-0.09726249999999997
VBP1,0.0024987499999999385
DDO,-0.04059750000000012
VANGL2,0.1265175
LOC100130725///PAGE2B///PAGE2,0.25217125000000007
LOC100131402,0.07058375
PROSER2-AS1,-0.16976375000000005
LOC101927282,-0.023806250000000084
USP49,-0.02757624999999997
LOC284244,-0.018799999999999983
CA10,-0.03917499999999996
PITPNC1,-0.012170000000000014
EIF4E3,-0.13951500000000006
LINC01139,-0.02360875000000001
LOC400464,0.014552499999999968
TNFSF13,0.13160625000000004
PTPRO,0.008996249999999983
SPACA6,0.13520500000000002
PRDX4,0.023496249999999996
LOC100127891,0.12034124999999996
GLP1R,0.07840875000000008
RELN,-0.000423749999999945
ICAM5,0.43444750000000004
GAS2,0.05879625000000005
DAGLA,-0.26474375000000006
LOC105374989,0.0031350000000000544
PPP1R16B,-0.1152225
XAGE1B///XAGE1E,-0.16310500000000006
MAGI3,-0.04017499999999996
EVC,-0.06135500000000005
GLRA1,0.11779250000000008
NFKBIA,0.018071249999999928
REC8,0.07057750000000002
FAM20A,-0.13804875000000005
DUSP12,-0.028953750000000056
BLNK,-0.018746250000000075
ALDH1A3,0.054014999999999924
GGT1,0.3661449999999999
CPSF3L,-0.08105875000000012
LARP4B,-0.024297500000000027
KIF3C,-0.013264999999999916
IDH1,0.025003750000000047
HBD///HBB,-0.00519124999999987
MYO1G,-0.012126250000000005
CNN3,0.0006899999999999684
ZNF214,-0.007223749999999918
TRMT1L,-0.02821499999999988
LGI1,-0.0029599999999999627
ZC3HAV1L,-0.0856925
ZDHHC15,-0.12881000000000004
HACE1,0.040690000000000004
LOC728196,-0.05634750000000005
PSMD6-AS2,0.0041162499999999325
C5orf30,-0.024477499999999985
RASGEF1B,0.033235000000000015
TRAM2-AS1,-0.15298250000000002
CLDND2,0.0007862500000000994
CD28,-0.08528374999999994
LOC728613,0.16459624999999994
USP14,-0.07321749999999994
ETNPPL,-0.09517500000000007
DOLK,-0.042320000000000024
CYB5RL,-0.09759250000000008
ULBP3,-0.057542499999999996
RAB4A,-0.08836250000000007
ADRB3,-0.005902500000000088
SLC25A45,-0.09860374999999999
CRCP,-0.08580750000000004
ARHGAP18,0.04725250000000003
LYPLA1,-0.05522875000000005
EP300,-0.10540750000000004
UGT1A9///UGT1A6///UGT1A8,0.14157625000000001
EIF2B3,-0.08924500000000007
SLX4IP,-0.07527624999999993
UPF3A,-0.19155875
PPM1B,-0.16180000000000005
HACD3,-0.256455
C14orf181,0.061841250000000014
TUB,-0.11941499999999994
SMARCD1,0.32196375000000005
SLC2A3P1,-0.06540875000000007
SETX,0.06725624999999996
HSD17B7,-0.10278124999999999
SCN3B,0.1011999999999999
GNB3,0.31812874999999996
ADAMTS9-AS1,0.03876249999999992
SPSB4,0.03155375000000005
NNMT,0.013592500000000063
KLHL2,-0.09445500000000001
LOC101927066,-0.02662375
KLHL41,0.0005362499999999604
CCKAR,-0.040082499999999965
ERVMER34-1,-0.01850750000000001
TNFSF9,0.13331124999999988
AVPR1A,0.18212749999999994
OR10A3,0.012061249999999968
RAB12,-0.03273999999999999
KCNJ16,-0.06486624999999996
DDC,0.12054250000000011
MTMR8,0.16137250000000009
GCNT2,-0.14766875000000007
LOC102723701,0.16050375
GRIP1,-0.022912500000000002
TMUB2,0.20043124999999995
TTC28-AS1,0.009869999999999934
DLL1,-0.04842500000000005
FOLR3,-0.025887499999999952
C17orf58,0.1225699999999999
SIGLECL1,0.18943749999999998
ENG,0.07129249999999998
MIR4300HG,-0.056813749999999996
LOC285889,0.053667500000000035
KDM8,0.11805499999999997
C14orf28,0.037918749999999946
LOC100420758,0.4573125
VSIG2,0.12816749999999993
NRG4,0.023625000000000063
STAB2,0.08488124999999996
MGAT1,-0.0015975000000000295
COIL,0.010021250000000037
FOXN4,0.1263299999999999
GPSM3,0.015590000000000104
PRDM10,-0.05131999999999998
NOL4,0.08003249999999995
RAPGEF4-AS1,-0.052331249999999996
PPT2,0.07285625000000001
PI15,-0.019483749999999966
FAM217A,-0.16878125
CDK5R1,-0.06281624999999996
TRIM59,-0.0488650000000001
ARAP2,-0.07920625000000003
GIMAP1-GIMAP5///GIMAP1///GIMAP5,-0.07319125000000015
ALG1,-0.04581500000000005
C3orf33,-0.023572499999999996
MCF2L2,-0.025794999999999957
TGFB1I1,-0.08379249999999994
FAM226B,-0.022627500000000023
ZNF189,-0.04711749999999998
LOC100130468,-0.08423999999999993
IGLON5,0.09151375
TNFRSF21,0.04223874999999999
RNF144A-AS1,-0.03029875000000004
LINC00330,0.021527499999999977
TLK2,0.03489000000000003
ATXN10,-0.06873874999999996
RBFOX1,-0.06950124999999996
B3GNT9,-0.006066250000000051
SEC1P,0.09888000000000002
GTSF1L,-0.20942874999999994
KIZ,-0.056303749999999986
GAP43,-0.12016625000000009
FUT10,0.11405874999999999
TNS4,0.2654100000000001
ANKRD20A8P///ANKRD20A4///LOC728371///LOC647595///ANKRD20A2///ANKRD20A3///ANKRD20A1,-0.041388750000000085
ZNF579,0.03058500000000003
PQLC2L,-0.007948749999999893
PTGS2,-0.12283125
FAM93B///LINC00937///OR7E140P,-0.04879375000000008
MUM1L1,-0.18347625
HDAC5,0.00019249999999998435
GEMIN2,-0.01904499999999998
PP2672,0.09595625000000008
EPCAM,-0.012491249999999954
MYH2,0.013001249999999964
LOC101928823,0.056071249999999906
VDAC3,0.005223749999999916
BANK1,0.07877250000000002
CALHM2,0.12090000000000001
TTLL7,-0.05096624999999999
TM6SF1,-0.13152374999999994
EDNRB,-0.092495
ELMO2,-0.1090587500000001
GABRA5,0.044090000000000074
COPS6,-0.052766249999999904
ASB10,0.28350999999999993
NPIPB5///LOC729978///NPIPB1P,0.15565125000000002
C1orf194,-0.11021374999999994
EHMT1,-0.02516124999999997
AGAP5///AGAP9///AGAP4,0.09543999999999991
MYT1L,0.08023249999999998
LINC00477,0.022116249999999893
LINC00354,0.033814999999999984
GRIA2,-0.10756624999999997
NDUFB2,-0.05132625000000002
NDRG4,-0.1063075
HOXA11,-0.14878624999999995
CD7,-0.1434362500000001
NLRP1,-0.017388749999999953
TCAM1P,-0.07158875000000003
DERL2,-0.04238874999999975
CDRT15,-0.031038749999999893
SEC14L1P1,-0.09184500000000012
CACTIN,0.27734875000000003
L3HYPDH,0.1381374999999999
TUBA3C,0.3693725000000001
ONECUT1,-0.04274249999999996
SF3A1,-0.13096500000000005
GPD2,0.011296249999999952
IGFBP7-AS1,0.039903750000000016
SCAMP4,0.30637875
NAA11,-0.010172499999999973
LMX1A,0.18814625000000001
LOC643449,-0.04333999999999999
LOC101928098,0.13498999999999994
DAAM1,-0.14616375000000004
PIGO,0.005882500000000068
LINC01333,-0.023071249999999988
ZIC1,0.16718125
TSHB,0.16704625000000006
OLFML3,0.20503625000000003
USP27X,-0.028591249999999957
TMED9,-0.02168250000000005
UVSSA,-0.004039999999999988
RCAN3,-0.06806749999999995
CAPZA3,0.016591249999999946
LPL,0.028380000000000072
PHOX2A,0.18912375000000003
FRMD7,-0.04527000000000003
SGSM3,-0.1982524999999999
MAP4K1,0.14707250000000005
PA2G4P4///PA2G4,-0.038880000000000026
TARDBP,-0.05871375000000001
PACSIN1,0.15742875
KDELR3,-0.11788749999999998
PCSK2,0.022998750000000068
TBC1D24,-0.13932749999999988
PLK2,0.04280249999999991
POLR1D,-0.14018624999999996
UPRT,-0.05713250000000003
ZNF257,-0.0374850000000001
TEX15,-0.06119375000000005
GABRB3,0.0033537499999999887
ASCC2,-0.09914875000000006
CDKN2AIPNL,0.00592374999999995
SDC2,-0.019116249999999946
AQP4-AS1,-0.07977874999999995
LEF1,-0.05924124999999997
ABCC9,-0.0024387499999999895
HEMK1,-0.07583375000000009
LOC653071,-0.076905
LNX2,-0.05348000000000003
ZNF587,0.03903750000000006
FAM209B,-0.062158749999999985
RGL3,-0.0438512499999999
TM6SF2,0.03215125000000002
CLCN1,-0.020378750000000057
ERP44,-0.05601875000000006
IRGM,-0.04021500000000017
TAF1A-AS1,0.021663750000000093
C7,0.017850000000000033
TNKS2,0.022577499999999917
CCDC112,-0.00821624999999998
LOC284798,0.050915000000000044
UBE2C,-0.11601750000000005
CHMP3,-0.018405000000000005
ATP5B,0.08151625000000001
SMPDL3A,-0.03110374999999993
MMP20,-0.08687625000000004
EML5,-0.022875000000000034
PRSS35,-0.013523750000000112
LOC100129449,-0.010328749999999887
NAA35,0.005268749999999989
DSCR4,-0.004612500000000075
AFF2,-0.12140499999999999
LINC01106,0.05477124999999994
AEN,-0.004764999999999964
LOC100128239,0.22355750000000002
TWIST2,0.04647625
PHF1,0.27452249999999995
LOC100130648///SSX2B///SSX2,0.3174212500000001
LOC100132784///LOC100132357,-0.2112374999999999
HIST1H2BC,0.0022600000000000953
LOC101929504,-0.05966625000000003
SIPA1L2,-0.06907249999999998
MLYCD,-0.09916874999999997
ETAA1,-0.01801124999999998
BRI3BP,0.08055499999999993
FBXO43,0.049850000000000116
LTBP2,-0.01677500000000004
LOC153577,-0.061994999999999856
ACSBG2,0.09055625000000006
EPHA4,-0.06379875000000002
EFL1,0.009009999999999907
TLR1,-0.10136375000000003
LRTOMT,0.006761249999999941
LOC286154,-0.1540224999999999
RPL19,0.13107625000000012
ICE2,-0.10963874999999995
APOBEC3G,-0.1196525
CCDC22,0.19884374999999993
TRMT10C,0.026020000000000043
ZNF544,0.17521874999999998
NEK7,0.06271000000000004
MT2A,0.05782625000000008
GTSE1,0.05446249999999997
COL5A2,-0.011095000000000022
C5orf15,-0.02060250000000008
LOC440792,-0.16928250000000006
MORF4L1,-0.11097749999999995
TUBB2A,-0.019163750000000035
SLC6A19,0.37301249999999997
SLC12A8,-0.09733499999999995
AKR1C3///AKR1C2///AKR1C1,0.03014500000000009
PRKAB2,0.04103249999999997
LOC338694,-0.11741375000000004
EHD3,0.032235000000000014
ZNF501,-0.10969625
CNIH3,0.01930624999999997
CACNB4,0.014827499999999938
PDP1,-0.06397250000000004
NUTM2B-AS1///NUTM2A-AS1,0.030104999999999993
DLG1-AS1,-0.14234124999999997
CCDC92,0.11961375000000007
STAT4,-0.07283124999999996
ZNF771,0.18525124999999998
PREP,-0.02199999999999991
ADNP,-0.0427837499999999
PLD3,0.463655
METTL25,-0.15354374999999998
EAPP,0.05825375000000005
ZDHHC11,-0.010515000000000052
LOC100132279///WTAP,-0.12855625000000004
TMEM14C,0.032042499999999974
ADAMTS20,0.1148637500000001
TRIB1,-0.0012012500000000426
LGMN,-0.09764874999999995
ZNF502,-0.07601750000000007
AHSA2,0.03923874999999999
TGFBR3,0.08967625000000007
PSMD12,0.026039999999999952
RPS6KA6,-0.01601875000000008
RAVER1,-0.048631250000000015
TMEM167A,-0.010312499999999947
PLPPR4,-0.0863212499999999
COG2,-0.10661375000000001
DACT3,0.08060874999999995
SERPINB7,-0.04579375000000008
LOC646268,-0.058908749999999954
CNTN6,-0.07683249999999997
FZD4,-0.08945375
PI3,0.10099125000000014
RNF144B,-0.10476124999999986
LOC100134937,-0.18901624999999994
HLA-DRB4,-0.01923374999999994
RPS27,0.08027999999999991
UTP15,0.08977624999999989
FANCF,0.18724000000000002
HOXC9,-0.054041249999999874
RARG,0.00018000000000001348
CBX1,-0.09552875
B3GALNT2,-0.05453374999999999
PASK,-0.11521625000000008
LARGE1,0.0471375
TSPAN6,-0.004741249999999975
SLC38A2,-0.010123750000000098
MRPL42,-0.07468249999999987
TRNAU1AP,0.11071624999999996
JAGN1,0.010406249999999895
SIRT1,-0.0001374999999999571
CDKN2B-AS1,-0.08132250000000002
SYNE3,0.0005275000000000696
ATXN1L,0.001544999999999852
RSPH14,-0.03695624999999991
CHAC2,-0.027132499999999893
DNAAF5,0.021172499999999872
ZNF564,0.019046250000000042
PPP1R14B,0.4385537499999999
TDRD6,-0.04630000000000006
MYH1,-0.030576250000000027
SKA1,-0.03913749999999988
RBM22,0.07407625000000001
FAM223B,-0.09335499999999985
DUSP11,-0.06797875000000009
SLC41A1,0.09649750000000001
XIRP2,0.020183750000000167
LOC152225,-0.06850749999999994
EPDR1,-0.17812625000000004
PPM1K,-0.014547500000000047
POM121L8P,-0.10869875000000001
EGFLAM,-0.06622249999999996
SLC2A8,0.07458750000000008
LETM1,0.014433750000000023
NDUFB3,-0.001133749999999878
SLC39A7,0.11069999999999997
C5orf51,-0.14539250000000004
FLJ21408,0.20465250000000007
LOC387930///RPL13AP7///RPL13A,0.007837499999999997
ASMT,-0.07872499999999999
HMGB1P37///HMGB1P10///HMGB1P1///HMGB1,0.2254049999999999
PARD3,-0.005273750000000077
SLC18B1,0.015512500000000096
CMTM8,0.03874250000000001
C6orf118,-0.017499999999999905
FDCSP,-0.11801624999999999
CERS4,-0.041147500000000004
GGH,-0.037088750000000004
PLXNB1,0.009461250000000032
SNORD114-3,-0.02683125000000003
SURF6,0.052317499999999906
TP53I11,0.1512687499999999
KIF5C,0.045813749999999986
MIXL1,0.17193750000000008
LOC101929977,-0.05416499999999996
TRPC5OS,0.02860999999999997
SLC20A1,0.028882499999999978
LINGO1-AS1,0.035104999999999886
MIR670HG,-0.01985124999999993
NKAPL,-0.09649624999999995
WDR64,-0.024895
DNAH12///ASB14,0.14862875000000003
TLL1,-0.14930375
CCDC80,0.019864999999999966
ADAMTS1,-0.06466124999999989
NIPAL2,-0.024260000000000004
ZNF780B,0.011626249999999949
TP53I13,0.0770212500000001
LL22NC03-63E9.3,-0.027331250000000085
GPR82,-0.11161500000000008
C5orf64,-0.02802499999999991
NCF1C///NCF1B///NCF1///LOC648998,0.312855
FRMPD3,0.3367237499999999
FAM69A,-0.1053312500000001
HADHB,-0.11967750000000005
LOC100131480,0.04561999999999994
PARVA,-0.01394124999999996
C11orf96,0.044847500000000096
LOC100133481,-0.006310000000000093
SLC41A2,-0.04756624999999998
TMEM247,-0.11240125000000001
FLJ21272,-0.08191874999999998
NDUFB4P12///NDUFB4,-0.028178749999999975
NDFIP1,-0.06509000000000004
FAM134B,-0.023827499999999946
SNIP1,0.029707499999999998
LOC100127998///SNTG1,-0.039355000000000084
SLC35E4,0.10317125000000005
METTL15,0.01018749999999996
BNIP3L,-0.10293249999999993
NSUN2,0.07867125000000003
SLC51A,-0.010376249999999976
HECW1,0.011587500000000028
CYCSP52///CYCS,-0.004407500000000009
TMED2,0.009596249999999917
SCUBE3,-0.11420124999999998
PLPPR5,-0.050607499999999916
USP27X-AS1,-0.07885124999999998
STX18,-0.08242624999999998
LOC100129476,-0.0914375
MRLN,0.09903249999999997
CPSF6,-0.00026250000000005436
NOSTRIN,0.10442000000000007
LOC101928273,-0.0336475
DHPS,0.09007124999999994
INPP5F,-0.00037999999999993594
SNAPC2,0.35403249999999997
LOC728853,0.11244624999999997
FBXO15,-0.14822625000000011
CASC4,-0.1098675
CYB561,-0.07290374999999999
GAS7,-0.09056749999999997
ZSCAN12,0.031998749999999854
ZSCAN32,0.006150000000000044
POT1-AS1,-0.08484749999999996
LOC729766,-0.04862249999999996
LOC100506990,-0.11330375000000004
LOC100130553///RPS18,0.06384249999999986
NMRK1,0.04025999999999991
ZFAS1,0.13718375
INTS7,-0.19028875000000012
PIH1D2,-0.05457000000000012
FCGR1CP///FCGR1B///FCGR1A,-0.10961000000000004
PIAS1,-0.022308749999999933
NPC2,-0.19435375000000005
ANKLE1,-0.00783499999999987
LOC101929621,0.09553874999999995
NPC1L1,0.18982625000000003
PCID2,-0.02018125000000004
THSD4,0.03659250000000008
CCNG1,-0.054352499999999915
TAAR1,-0.10049875000000003
MRPS10,-0.06723749999999995
TCEB1,-0.04154374999999999
HMCN1,-0.10974499999999993
ATRIP///TREX1,-0.14069750000000003
CARTPT,-0.03956124999999999
CEP85L,0.02985500000000002
SYK,0.10821625000000007
FSIP1,0.011209999999999998
LOC729088,-0.052941249999999995
PDGFRB,-0.020157499999999995
PLEKHM1,0.04138875000000014
PALLD,-0.17404374999999994
LINC00639,-0.04612749999999982
RAB9B,-0.11467750000000015
BRF2,-0.046190000000000064
SP2-AS1,-0.06312499999999999
UMPS,0.034674999999999956
MAPK10,0.18318
ACKR3,-0.13334000000000013
FAM205BP,-0.025420000000000054
MARCH8,-0.022213749999999977
LOC101059948,-0.04505374999999984
TPCN1,0.06575750000000002
GATA5,-0.061627499999999946
NIPAL4,0.016737500000000016
CCDC138,-0.04142749999999995
FDX1L,-0.041126250000000086
MILR1,0.07911499999999999
SLC35F2,0.005446250000000041
TBCK,-0.025085000000000024
GOSR2,-0.029346249999999963
LOC101928505,0.008195000000000008
SH3RF1,-0.01145750000000001
ZNF266,-0.16192249999999997
PON2,-0.024598750000000058
YARS2,-0.06398500000000001
IDI2,0.29351625
SLC4A1AP,-0.011401249999999974
SGSH,0.404805
ESYT2,-0.06502000000000002
STK24,-0.04598250000000004
FOLH1B///FOLH1,-0.05497375000000004
SNX6,0.03872250000000005
ZNF542P,-0.201745
CYP7A1,-0.003833749999999969
COL4A6,-0.11798874999999998
FSIP2,-0.12907500000000005
ZNF580,-0.09307375000000001
MRPL1,-0.10458375000000003
WIF1,-0.11060125000000004
OSGEP,0.034658750000000016
PPP1R3E,0.14398
SEMA7A,0.3698962500000001
SLC37A3,-0.0015337500000000004
CASP9,0.09604125000000002
LOC101928107,-0.08070624999999987
GRHPR,0.19211125000000012
C14orf180,0.17214625
LOC100507557,-0.01958375000000001
LOC440731,-0.0004562500000001024
PTCD3,-0.06363125000000008
PSTPIP2,-0.09615374999999993
ARL4D,0.011505000000000043
CDC26P1///CDC26,-0.06770499999999996
DPH3,0.011121250000000082
NUBPL,-0.0758012500000001
P2RY14,-0.07820375000000002
FAF1,0.008777500000000105
FBXO21,-0.07648125000000006
CBARP,0.2519424999999999
PAAF1,0.07427374999999997
ZNF18,-0.05830000000000002
STS,0.07598625000000003
LINC01204,-0.027123750000000113
NUDT11,-0.15196500000000002
MIR99AHG,-0.0012099999999998778
IFRD1,-0.028242499999999948
LOC101928207,-0.10489624999999997
GRK4,-0.058031250000000034
SMPD3,-0.060472499999999985
ENPP4,-0.016914999999999958
ARSK,0.015814999999999912
HEXIM2,0.033606250000000004
LOC105379045,-0.03411499999999995
CDY1B///CDY2B///CDY2A///CDY1,-0.04637250000000004
COL18A1-AS1,-0.008776250000000041
CDC42SE2,-0.01584625000000006
UBAC2,0.09598875000000012
ZFAND4,-0.022693750000000068
CGREF1,0.10050625000000002
CD5L,-0.08036750000000009
KHDC1///SPA17,0.005716249999999978
SCT,-0.06306625000000005
ATP4B,-0.05624749999999995
APAF1,-0.0723375
RSPO2,-0.04692124999999997
SOAT1,-0.04718499999999992
COPS9,-0.05417874999999989
C19orf33,0.18271124999999994
LOC729652,-0.14934000000000003
RABIF,-0.023031250000000003
RSAD1,-0.0190125000000001
MYO7A,-0.0665675
THAP10,-0.006562500000000027
ZC3H15,-0.039528749999999946
MAGEC3,0.06922500000000009
HR44,-0.058772500000000005
IGHD,0.0020412499999999945
RYK,-0.11042875000000002
SLC15A2,-0.01674875000000009
DEF6,-0.07682250000000007
TRAPPC12,0.05328999999999995
PDIA2///ARHGDIG,0.003210000000000046
INSL6,-0.05275875000000013
RNF121,0.14247750000000003
GMEB1,0.012331250000000016
SPIN2B///SPIN2A,-0.027882500000000032
MTSS1L,-0.15020875
LY96,0.12982625000000003
ZIM3,-0.014039999999999941
CHST9,-0.060756249999999956
PLS3,-0.012645000000000017
HOXA6,-0.49283750000000004
TOPBP1,-0.09917125000000004
DAND5,0.014934999999999976
LOC105369860,-0.10469124999999996
PAX8-AS1,-0.02708125
UBR1,-0.029093750000000085
DSTN,-0.00820375000000001
ORC4,0.1516737500000001
TPTE2P6,0.03197875
C11orf70,-0.005006249999999934
LIAS,-0.12385249999999998
BCO2,-0.04192000000000001
FIGN,0.038316249999999996
LOC440871///IGK///IGKV3-20///IGKV3D-11///IGKV3D-15///IGKC,-0.12494625000000009
CFL2,-0.07241750000000002
IFT57,-0.06706250000000002
IFITM3,0.07529999999999992
C4B///C4A,0.168595
WDYHV1,0.06814000000000003
MLF1,-0.015284999999999993
ZNF423,-0.010992500000000016
ABHD6,-0.059269999999999934
IGHA2///IGHA1///IGH,0.019517499999999965
CHCHD3,0.004708750000000039
LOC285147,-0.05473000000000011
LINC01241,-0.005769999999999997
GCN1,-0.18538124999999994
LOC101927411,-0.07173500000000005
NPHP3-AS1,-0.04859250000000004
LOC101928820,-0.00985375000000005
IQGAP3,-0.10498749999999984
HNRNPAB,-0.0701575000000001
HIF1AN,-0.005017500000000008
METTL13,0.21483999999999992
CPA6,-0.08454125000000001
DYNLRB1,0.16092
LINC00928,-0.08423249999999993
CSAG3,0.23091499999999998
OPRK1,-0.30236
RGS20,-0.05042124999999992
TENM1,-0.10778125000000016
STX19,-0.13295750000000006
NRG3,-0.06216624999999998
BBOX1,-0.028902500000000053
FLJ40288,0.11872749999999999
SHQ1,0.11185499999999987
AP5M1,-0.07602749999999997
IL18R1,-0.06570250000000005
HOXA1,-0.06247999999999998
MTHFD1,-0.08957624999999991
OR51E2,-0.09422125000000009
FAM84B,0.06456500000000004
RBM38,0.012092500000000062
EZH2,-0.03719624999999993
DOCK8,-0.01578999999999997
SPEF2,0.30189625000000003
SYNGR1,0.10820124999999997
WDR44,-0.1129675
CAMK2D,-0.14817999999999992
MGME1,-0.06090374999999992
WDR87,-0.30200875000000005
TMOD2,-0.03530249999999996
RAC3,0.20631499999999997
FOXA1,-0.030333749999999993
ST6GAL2,-0.01586625000000008
ACAT1,-0.07158499999999995
LIN37,0.00392625000000002
NOL7,-0.08659499999999998
SLC46A2,0.021376249999999986
EFCAB7,0.1183550000000001
PARL,-0.07778124999999997
CA1,-0.12888875000000005
C7orf31,-0.03722874999999992
STAG2,-0.07099875
CCL15///CCL14,0.03631999999999991
C21orf91,-0.04507500000000014
C1orf64,0.44377625000000004
LOC100132686,-0.007735000000000103
TSPAN10,0.23161500000000007
COL1A2,-0.0788025
FAM133A,-0.031464999999999965
EIF1B-AS1,-0.13589625
LINC00312,0.0012825000000000197
GATA3,-0.005922500000000053
BCL11B,-0.033287499999999914
C11orf21,0.04165999999999992
FAM167A,-0.06588750000000004
CCDC160,-0.08080875000000004
GAGE1,-0.014306249999999965
OGDHL,0.11936874999999997
NFU1,-0.18697499999999995
LOC100133660,-0.04637875000000008
RAG1,-0.01933000000000007
AKAP6,-0.1162612500000001
MAGEE2,0.00498624999999997
TTTY9B///TTTY9A,-0.004671250000000071
PGF,-0.08372375000000004
SGTA,0.020466249999999964
ATF7IP2,-0.05546875000000007
LRP11,-0.02942749999999994
RHOXF2B///RHOXF2,-0.03326374999999998
LOC286382,0.001393750000000027
LINC00261,0.007746250000000066
EDNRA,-0.07380374999999995
SESTD1,0.2900150000000001
NRIP1,-0.12185750000000006
MUC13,-0.020901249999999982
SDCCAG3,-0.10955500000000012
SLC38A7,0.16239875000000004
PRKACB,-0.04899750000000003
CETN3,-0.04011874999999987
EIF4H,-0.03992375000000015
HELLPAR///IGF1,-0.034918750000000054
SLC45A4,0.01958500000000002
TBC1D22B,-0.062386249999999976
LOC100133315///ATP13A5///C10orf54///ATP6,0.05247750000000001
LOC550113,-0.016859999999999986
RWDD4,0.028075000000000017
ABRA,-0.013648750000000043
FAM71D,0.52811125
LINC01538,0.03561250000000016
FAM192A,-0.057887500000000036
MIR4458HG,-0.007938749999999994
SYT16,-0.002551249999999894
SCN8A,-0.06705749999999988
LINC00556,0.22435375000000002
PNMA1,-0.08100999999999997
ZBTB14,-0.028541250000000074
NAV3,-0.11949500000000002
UVRAG,0.013983749999999961
IGDCC3,-0.007414999999999949
PARP14,-0.054950000000000054
IVL,-0.07399000000000006
FURIN,-0.060460000000000014
FILIP1L,0.11356250000000001
SYT13,-0.09415874999999996
ANKRD40,-0.06568374999999999
KIAA0484,-0.17953125000000003
GNG5,0.03963499999999992
HES4,0.17147375000000004
TXNDC16,0.003461250000000027
SNHG4,-0.26826625
NSG1///GPS2,0.3677475
LOC730102,-0.03868250000000001
YY1AP1,0.16193999999999997
BTBD3,-0.040901250000000056
GADD45B,0.10850249999999995
ELF1,-0.020224999999999882
LOC101929552,0.11529124999999996
UBE2NL,0.09905999999999993
SUPT4H1,0.17619749999999995
ROCK1,-0.05079
RHNO1,-0.03357375000000001
CEACAM3,-0.06070000000000003
LGALS13,-0.07385375000000005
HOXA4,-0.0528975000000001
CTD-2194D22.4,-0.07111000000000006
FAM66C,0.03359500000000004
EFHB,-0.05164000000000002
HNRNPR,-0.09977499999999995
MIR181A2HG,0.047386250000000074
TAL2,0.04132374999999994
RPIA,0.02582625000000005
IGHV4-31///IGHM///IGHG4///IGHG2///IGHG1///IGH,0.2001087500000001
BBOF1,0.15771125000000008
SF3A3,0.23594499999999996
MLEC,-0.026496250000000054
ACVRL1,-0.05293250000000005
SAR1B,-0.005157499999999926
NRIP3,-0.05043375
LOC100996342,0.18786000000000003
PIF1,0.003456249999999883
NOC3L,0.009004999999999985
RIMS2,-0.2151
LOC653888///ARPC1B,-0.048588750000000014
SLIT1,0.14261875000000007
THBS2,0.10136
ZNF671,-0.036627500000000035
ITIH5,-0.014311250000000053
ANKRD30BP3,0.04575999999999997
EIF2AK4,-0.07824999999999999
PLTP,-0.11820875000000003
TBC1D10A,-0.08905000000000007
IL17F,0.12915250000000006
FETUB,0.21228000000000008
SAE1,-0.04208499999999993
HTR3A,0.18163000000000012
C22orf46,0.055633749999999926
PISD,0.0009687500000000737
RUNDC3B,-0.024896249999999953
NOP16,0.12289499999999998
IFNAR1,0.02483624999999995
TM9SF2,0.08615874999999995
RACGAP1,-0.02993874999999996
CHST11,-0.039991250000000034
ALX1,-0.06240875000000007
LOC642131///IGHV1OR21-1///IGHV4-31///IGHV7-81///IGHM///IGHG1///IGHA2///IGHA1,-0.008172499999999916
WDR38,0.057881250000000106
KCNJ6,0.05474750000000006
LAMA4,-0.16070625
SEPT10,-0.09671000000000002
D21S2090E,0.17973999999999996
KIF1BP,0.05652874999999996
PPA1,-0.08503500000000014
CNNM2,-0.13638249999999996
C1orf159,0.17076000000000008
TLE6,0.07749250000000002
SLC7A2,0.08130499999999996
THRB,-0.13026625000000003
AUTS2,-0.03277874999999991
STT3A,0.03258750000000005
CCL2,-0.10174375000000008
HPS6,0.372685
SELT,-0.02083500000000016
EID3,-0.11103000000000018
S100A8,-0.1439062499999999
NFYC,-0.13842500000000002
DDR1-AS1,-0.004037500000000083
DEF8,-0.04373375000000007
LOC101928767,-0.020216249999999936
RRAS2,0.05866874999999999
TTTY6,0.0598037500000001
PSAPL1,0.16882875000000008
KRT33A,0.27799625
GNPTAB,0.057043750000000004
RPS6,-0.00995250000000003
PGM1,-0.216615
CHIC2,0.013972499999999999
GARNL3,-0.06308750000000002
RNF145,0.03701375000000001
LRP1,0.04107375000000002
ANXA13,-0.014615000000000156
KRTAP7-1,-0.04392749999999995
TXNDC15,-0.006886249999999983
C5orf58,0.32176999999999983
CDKN3,-0.09159
ERVW-1,0.06972624999999999
MAL2,-0.015583750000000007
ACTR10,0.0108375
LTN1,0.032810000000000006
ISCU,-0.09746375000000002
GMCL1,-0.04205750000000008
TUBGCP4,0.24992249999999994
LOC283728,0.0674050000000001
TMEM208,0.02561875000000008
EHMT2,0.06486249999999999
MRPL50,0.09793750000000001
DHX36,-0.034443749999999884
LINC00958,0.08811999999999992
TBC1D9,-0.10056625000000002
HCP5,-0.004023750000000048
SLC26A11,0.06657124999999986
PLEKHA7,0.02735249999999989
HLA-C,-0.16093874999999996
EXO1,0.06392374999999983
HOMER2,-0.06306750000000011
TAF12,-0.17127750000000014
BCOR,-0.0739375000000001
MAPT,0.4205187499999999
NDST3,-0.04739749999999998
AKNAD1,-0.05157749999999994
NDUFB6,-0.04541250000000008
PPP3R2,-0.04803250000000009
HMGCS1,-0.015119999999999967
E2F5,0.08284500000000006
YTHDF3,-0.01790750000000002
SMIM3,-0.21174999999999994
RAP1BL///RAP1B,-0.04704999999999987
GPR75,0.10682625000000007
ZBTB40,0.11903375
MPV17L,-0.09485874999999999
FFAR4,-0.007362499999999883
HSD17B6,-0.029941249999999975
SMARCB1,-0.12932
SLC12A9,0.21783375000000005
TCP11,-0.20785500000000007
GIT2,0.16492125000000002
SNHG5///SNORD50A,0.010945000000000038
MRPL22,-0.038747500000000046
KRTAP4-4,0.021295000000000064
CST11,-0.02627375000000004
IL20RA,0.01777000000000012
CYP4Z2P,-0.003550000000000053
ITM2A,-0.02347375000000007
PRKACA,0.06028500000000003
UBC,0.052977500000000066
SAP30L,0.03418750000000015
MED21,-0.07890999999999998
RSPH1,-0.0029087499999999045
P4HA1,-0.09922875000000003
ADRA2C,0.10224500000000003
CPSF3,-0.23327625000000002
SAMD4A,-0.02234375000000005
DLGAP2-AS1,-0.13364000000000004
ZNF263,-0.19879499999999994
KXD1,-0.06403875000000003
FAM83D,-0.05569500000000005
DCSTAMP,0.11997125000000003
TFDP2,0.08454125000000012
RBMX,0.025550000000000017
LEPR,-0.04857125000000001
EFTUD2,-0.044164999999999954
NPSR1-AS1,-0.012732500000000146
A2M-AS1,-0.019463750000000002
CDH12,-0.03175749999999994
SH3BP4,0.04238375000000005
STAC,-0.10088374999999988
IFNA8,-0.01713874999999998
NAA25,-0.09986875000000006
XKRX,0.18757375000000004
MSMB,0.009308750000000143
USP22,0.15028999999999992
ZCCHC11,-0.015093750000000017
NOS1,0.34363999999999995
TNFRSF10A,-0.03288625000000006
COL21A1,-0.04308499999999987
ASS1,-0.007089999999999985
CLCNKB,0.053216249999999965
CRTC3,-0.041368749999999954
TRAPPC6B,-0.09012875000000009
DLK1,0.16076000000000007
VTCN1,0.04460999999999993
FAM19A2,0.0028175000000000283
ALDH4A1,0.10329874999999988
EPHA5,-0.060568750000000116
ACER2,-0.07677499999999998
DCPS,0.06326749999999998
ZNF384,0.12658125000000003
METTL21A,-0.04504500000000011
PDHA1,0.0060274999999999634
SLC25A30,-0.08819500000000002
EFNA5,-0.01749249999999991
ARL5A,-0.02875749999999999
NPY6R,0.01119500000000001
FNIP2,-0.00703374999999995
ANKEF1,0.11630249999999992
TPPP2,0.08097250000000006
ZNF599,0.024876250000000044
LOC728730,-0.15277624999999995
AGFG2,0.24873500000000004
SLC27A4,-0.03216124999999992
SIM2,0.0093562499999999
ZNF664,0.01059249999999995
HMGB3P1,0.0008224999999999483
LINC01568,-0.08840000000000003
SNX12,-0.057733750000000084
TCEANC2,0.26542000000000004
ECT2,-0.04427000000000009
ZNF416,0.1928125
MYOF,-0.152455
CALM2,-0.056088750000000076
ITGA9,-0.12270874999999987
SDK2,-0.010038749999999985
TRIM67,0.22416000000000014
SIX6,-0.0018175000000001384
LOC646522,0.08392374999999996
KLHL15,0.11803374999999994
HDAC2,-0.15596250000000006
SNHG8,-0.11016000000000009
KCNH4,0.059474999999999945
MYO18B,-0.02529000000000009
LRRK2,0.09885625000000003
LPAL2,-0.026014999999999955
LOC643201,0.16282875000000013
LOC100128727,-0.023202500000000126
EIF4G2,-0.08569499999999997
KCNC2,-0.08233249999999992
LOC100131655,0.11161624999999986
ERLIN2,-0.020028749999999984
SNX14,0.02062749999999991
RYR3,-0.042965000000000086
SAMD3,0.03452874999999994
TSEN15,0.000843750000000032
OTUD1,-0.02383499999999994
C1orf134,0.27660375000000004
CROT,-0.0122425000000001
SAA3P,0.10291375000000008
MFAP3L,-0.16091500000000003
SEMA3B,0.14353125000000005
MIP,0.10974875000000006
POMT2,0.0028675000000000783
AGO2,0.060506249999999984
ZER1,-0.05530125000000008
MED11,-0.19289500000000004
SUCNR1,0.03019375000000002
SF3B6,-0.030415000000000025
C11orf71,0.1684362499999999
FLJ38773,0.019459999999999866
SH2B3,0.00379375000000004
ERLIN1,0.05786250000000004
RASL11B,-0.0431062499999999
SNHG12,-0.027968749999999987
DUSP10,0.15777624999999995
LINC01532,-0.08784875000000003
TTC16,0.0969887499999999
NOLC1,0.010639999999999927
CA4,-0.10458374999999998
LOC105378589,0.12465500000000002
GRAPL,0.28632
LMNB2,0.021583749999999957
SEMA6B,0.01414125000000005
KIF20A,-0.08560499999999993
RRP15,-0.07070000000000004
DNAJC18,-0.005539999999999989
TMEM27,-0.04833500000000002
PPP2CA,-0.09848749999999995
RAB4B,0.11426375000000005
CLYBL-AS2,-0.0631124999999998
WFDC1,0.024415000000000076
SORBS1,-0.1726625
LINC00853,-0.027113749999999992
ZNF962P///LOC727867,-0.014410000000000034
LOC101927752,0.0002562500000000134
BAK1,0.10437624999999989
BCORP1,-0.08577000000000001
LINC00326,-0.0242
GUCY2F,0.13256250000000003
SPCS1,-0.001011250000000019
MPZL2,-0.013665000000000038
PRICKLE3,-0.060396249999999985
MRPS22,0.004966250000000005
ZC3HC1,-0.09616625000000018
HDAC1,0.03141874999999994
HTR3B,-0.06192499999999995
C1QTNF9B-AS1,0.23536874999999996
TMSB15B///TMSB15A,-0.12204624999999997
LINC01209,0.023203749999999967
MOV10,0.08770125000000006
ZNF624,0.02779124999999988
CHL1-AS1,-0.08443499999999998
F10,0.12486999999999998
FBN1,-0.15790249999999995
PLA2G4B///JMJD7///JMJD7-PLA2G4B,0.1553425000000001
PRKAG2-AS1,-0.10670374999999993
C1RL-AS1,0.0757275
TXK,-0.06719250000000004
GABRA1,-0.01641124999999999
DIAPH2,-0.1131012500000001
TRA,-0.008071250000000085
LOC100130885,0.006063749999999979
C2orf54,0.12877999999999995
MTTP,-0.02272249999999998
ANKFY1,0.09505625000000006
KIF9,-0.07432500000000014
TTTY10,-0.12117125000000001
MRO,-0.06379875000000007
POT1,-0.15390750000000009
ADGRG6,0.028314999999999924
NR2E1,-0.15378625
TCAF1P1///TCAF1,0.2141
NUP98,0.1772450000000001
CMC2,-0.022336250000000057
CHL1,-0.07500625
FNBP1,0.04955624999999997
WDFY1,0.0217274999999999
KCTD13,0.16291250000000002
IPO5P1,-0.07435124999999998
PXMP2,-0.19605624999999993
LOC100130547///CYSRT1,0.03589875000000009
INHBC,0.07774874999999992
TNFAIP6,-0.035116250000000127
JDP2,-0.01596125000000015
REEP5,-0.008622500000000033
RNF25,-0.135975
LILRA5,0.04470750000000007
TRMT10A,0.042790000000000106
LOC100131354,-0.007511249999999969
QRICH1,-0.013101250000000064
GPR19,0.09047875
ATP6V0A2,0.060695
RBM19,-0.03612999999999994
RSPO1,0.023127499999999912
LINC00452,-0.13318124999999992
PRKCA-AS1,-0.045817500000000067
ZNF767P,0.08406375000000005
H1FNT,0.15505374999999993
TCF19,0.08633499999999994
TDRG1,0.11207
SULF1,-0.03518749999999993
SLC36A1,0.031647500000000106
C19orf57,0.14062250000000004
CACNB1,0.12763499999999994
ARHGAP28,0.00397625000000007
MUC3,-0.03833624999999985
MAOA,-0.06807750000000001
RRNAD1,0.06089999999999984
MED9,0.029687499999999978
C9orf43,-0.039982499999999976
KCNE3,-0.24967124999999996
FAM153A,0.025779999999999914
FAM175B,0.014447499999999946
LOC728830///CCL3L3///CCL3L1///CCL3,0.1566249999999999
SMNDC1,0.04734125
ACP1,-0.04035749999999999
FOXN3-AS1,0.1598887499999999
PACRG-AS2,-0.12276375000000006
MTHFD2,-0.13461374999999998
CNGB1,-0.05623375000000008
MSC-AS1,0.05093374999999983
HSPB6,0.003369999999999984
HADH,-0.013321250000000118
CPT1A,-0.06076624999999991
ETFBKMT,-0.07362874999999991
ZNF45,-0.036880000000000024
MGC12935,-0.027966250000000026
CPS1,-0.04652249999999997
C19orf12,-0.04166625000000013
LOC101927143,0.018640000000000156
FAM217B,-0.021519999999999873
IL1A,-0.07694874999999995
LINC00202-2,0.13940250000000004
LEAP2,-0.005512500000000031
OR1J4,0.19709125
TRAPPC6A,0.2572387499999999
SUGT1P3,0.10076125000000008
HIPK1,0.05194624999999997
COPS8,0.00920125000000005
VASP,-0.02789999999999998
DUSP6,-0.08886250000000001
PLA2G4A,0.0011199999999998989
DGKH,-0.026414999999999966
RUNDC1,-0.029313750000000027
LOC101929726,0.09548250000000003
PACS2,-0.03468750000000004
ZNF629,0.026526250000000084
DKFZP564M1462,0.1141649999999999
SLC19A2,0.0011799999999999589
TMEM107,-0.0049237500000000045
IL17D,0.038225000000000064
LINC01555,-0.018203749999999852
LRFN5,-0.008058749999999948
C4BPA,-0.010078750000000025
SYTL5,0.25478375
RPS16,-0.11455375000000001
ACOT13,-0.033911250000000115
PKIA-AS1,-0.06624000000000002
COG7,0.002256250000000015
ZNF222,-0.07524999999999993
TTLL7-IT1,-0.08620375000000008
MIR3663HG,-0.011247499999999966
NES,0.08135000000000003
OPCML,-0.026462499999999944
PRSS2///PRSS1,0.05096999999999985
SIRT3,-0.06331874999999998
PJA1,0.11322250000000006
MPPE1,0.03465374999999998
SCCPDH,-0.04331750000000012
FLJ90680,0.017081250000000048
LOC101929315,-0.14511000000000002
NME9,0.01608124999999999
LOC100132788,-0.045151249999999976
USP9X,-0.031981249999999906
TTTY7,-0.07179125000000003
CYP4F3,-0.08429625000000007
HNRNPLL,-0.04867624999999992
DLEC1,-0.024219999999999964
RGS10,-0.07172624999999994
LINGO2,-0.05503000000000002
PELI3,-0.05107125000000001
GNB5,0.07484874999999996
ILK,-0.26558624999999997
SLC7A5P2,0.017722499999999974
PLCH1,0.0889474999999999
LOC101928751,0.02106874999999997
CCNL1,-0.047902500000000015
DGCR10,-0.10104249999999992
CCDC110,-0.08764374999999996
MYL1,0.10950249999999995
DDT,0.13707125000000003
FABP4,-0.057062500000000016
KMT5A,-0.09892374999999998
PCDHGC4///PCDHGA12,-0.06800374999999992
DARS,0.14414999999999994
IQCB1,0.08750000000000013
GCNT4,-0.0016712500000000685
MZT2A,0.10563125000000007
GUCA1B,0.133085
LOC101927339,0.052844999999999975
RLN1,-0.0041962500000001235
KCNIP1,0.02642875
IFNA7,0.09136999999999995
LOC285957,0.09684749999999998
LOC100132323///EXD3,0.04663875000000006
ARL13B,-0.07233250000000008
NCK1,0.11956124999999984
LOC105376997,-0.06573875000000018
DPT,-0.07616750000000005
HECTD4,0.005318750000000039
LOC102723409,0.0037375000000000602
C1GALT1C1,-0.15307374999999995
TFAP2B,0.028819999999999957
CNKSR2,-0.017167500000000002
LRRC37A3,-0.05495875
DSTYK,-0.03544624999999996
C11orf97,-0.012998750000000059
KIAA1549L,-0.031002499999999877
HIRIP3,0.017094999999999916
AGAP5///AGAP7P///AGAP14///AGAP9///AGAP6///AGAP11///AGAP4,-0.18132249999999994
DLG4,0.13973000000000008
ENTPD3,-0.04521124999999987
SNX29,0.10086125000000007
LOC105378749,-0.11232375000000006
LOC100133315,-0.018527499999999975
UEVLD,-0.03802124999999995
EIF2A,0.012562499999999976
CLCN4,-0.12058125000000003
LOC728245,0.020447500000000007
YARS,-0.0659225000000001
C1orf168,-0.021970000000000045
ZNF732,-0.032292499999999946
MGAM2,-0.011471249999999933
LINC00996,-0.10082875000000008
MTUS2,-0.12400125000000001
RPP38,0.11207375000000003
KDF1,0.23108000000000006
LOC101927641,-0.031553749999999936
CSNK1G1,-0.07706874999999996
ZBTB11,-0.11834499999999998
RAB29,-0.06635999999999997
LOC286052,-0.239495
TCEB3CL///TCEB3C///TCEB3B,-0.13098874999999993
LOC440896,-0.12010250000000011
GNRH2,0.04378000000000004
RGAG1,0.2315812499999999
NFIA-AS2,-0.01725749999999998
PARP11,-0.035103750000000045
ZNF839,-0.06862000000000007
TPRG1,-0.008086250000000073
LOC100128008,-0.0156624999999998
RGPD2///RGPD6///RGPD8///RGPD3///RGPD7///RGPD1///RGPD4///RGPD5,-0.10716000000000003
PAPD5,0.0007762500000000339
USP36,-0.19018124999999997
USP42,0.07956625000000012
CCDC157,-0.015772500000000078
TRIM17,0.0708775000000001
LOC100128500,-0.013102500000000017
OXSR1,-0.02462375000000011
OR2H1,-0.07354625000000009
ANKRD13D,0.09697624999999993
ABL1,-0.1024362499999999
EP300-AS1,-0.031248749999999992
TCP11L1,-0.05592250000000004
PSG5,-0.10975375000000004
GTF2B,-0.02134999999999998
LOC100130232,-0.10710750000000002
CLIC6,-0.0321225
NCL,0.0037962499999999455
LINC00561,-0.06873624999999994
CYP2W1,0.11045499999999991
CHRNB3,0.21720374999999992
NLRP8,0.09929500000000002
HYALP1,-0.028627499999999917
IQGAP1,0.059476250000000064
ATRN,0.03363874999999994
C19orf18,-0.07497374999999995
BCL6,-0.06962750000000001
CDHR5,0.19749624999999998
NFS1,-0.09876125000000013
SRPK3,0.12637625000000002
PDYN,-0.15829499999999996
ZNF582,-0.08341249999999995
C18orf21,-0.01135124999999998
GJA4,0.08295124999999998
PPAT,-0.04505999999999993
ALK,-0.08106499999999994
CRYGN,0.05767375000000019
GPX4,0.09664374999999992
SLC2A2,-0.10530374999999997
LOC286359,-0.19039125
FKBP6,0.05413000000000007
ITLN1,-0.05139874999999999
ZKSCAN8,-0.04323499999999997
C3orf20,0.01310374999999997
ZNF136,-0.013366250000000024
RAB5B,0.16462749999999993
LOC100131110,-0.05154750000000008
FLRT3,-0.1527675
LRRC55,-0.007701249999999993
ANO2,-0.05245
CNKSR3,0.0015824999999999867
FAM149A,-0.22397875000000006
LINC00645,-0.08826999999999996
PIK3IP1,-0.08620624999999998
BAZ1B,0.2577662500000001
ZNF644,-0.03135125
TBX4,-0.009336250000000046
DDX3Y,-0.07455999999999996
RHOBTB1,0.06546875000000002
NUDT16P1,0.14903249999999996
CREB5,-0.016760000000000053
KCNJ18///KCNJ12,0.06839249999999991
GK2,0.05625625000000001
GSTA1,-0.16222999999999999
CELF5,-0.17037249999999998
SLCO5A1,-0.07573249999999987
ATP9B,0.17818125
ERN1,-0.052626249999999986
KLF6,0.12480125000000003
ACTR8,-0.015510000000000024
HECW1-IT1,0.04243375000000005
FLJ37453,-0.14690875000000003
C16orf54,-0.07872374999999998
ZXDA,-0.007926250000000079
SERPINA5,-0.05494874999999999
SERINC2///SEL1L3,0.04015875000000002
LOC340107,-0.03833124999999993
POU5F1P3,0.23737499999999995
DIAPH3-AS1,0.09522249999999999
TXN,0.01952749999999992
RNF32,-0.1320524999999999
AIFM1,-0.014636249999999962
BCL2L13,0.061952499999999855
LAS1L,0.30489124999999995
ATP2B4,0.020643750000000016
TCF7,0.012102500000000016
NEK1,-0.07351874999999997
TMEM218,0.07482124999999995
STK24-AS1,-0.10448000000000002
CD40,0.09494375000000005
LINC01089,0.04495250000000006
MGC72080,0.0843374999999999
SLC35F3,-0.03447500000000003
CBR1,0.21673374999999995
LOC102723665///LCOR,-0.04262874999999999
MTMR3,-0.007676249999999996
DGUOK,-0.04190250000000012
PTER,-0.04209124999999997
SAMD4B,0.00585125000000003
TMEM232,-0.029571249999999993
MYCBP2,-0.06522875000000011
ISCA2,-0.03150000000000003
OBP2A///OBP2B,0.16925125000000002
TCP10,-0.08478999999999992
CHADL,0.2715362500000001
C15orf59,0.16173375000000012
PLA2G7,-0.049463750000000084
EML6,0.13905875
FASTKD3,-0.03512624999999997
LLGL1,0.3106300000000001
KLK3,-0.0934175000000001
SDR16C5,0.13435124999999998
UAP1,-0.060515000000000096
ELOVL1,-0.01729374999999994
LOC150776///SMPD4,-0.12927249999999985
BRINP1,-0.027769999999999906
PROX1-AS1,-0.09015375000000009
LINC01297,0.009436249999999924
EID2,0.0354337500000001
GABRB2,0.05785000000000007
KCNK5,-0.01406124999999997
LOC286161,-0.034448750000000083
ZNF319,-0.17975625
TRBV7-8,-0.06390749999999995
ZNF563,-0.10613999999999996
OAZ3,-0.16300500000000007
PLCB4,-0.012478750000000038
ESD,0.014863750000000064
GDPD1,-0.08838875000000007
ZIC2,0.10842000000000007
MYO1E,-0.014179999999999915
TXNRD1,-0.02002749999999992
NLRC3,0.07170625000000003
SDC1,-0.011011249999999972
RAB15,0.14852124999999994
ABCA8,-0.09506625000000002
CDYL2,-0.07415374999999996
KRTAP19-1,-0.07105874999999989
CBX3P2,-0.08212250000000004
NEFM,-0.05088999999999999
CFAP61,-0.06105875000000005
PCMTD2,0.033043750000000094
LIMK2,-0.04371499999999995
FAM220A,0.09095624999999996
ZKSCAN7,-0.031952500000000106
LINC00403,0.003398750000000006
LACRT,-0.1533250000000001
C2CD4A,-0.02637624999999999
PFDN5,0.07878750000000007
LOC100129865,-0.03578750000000003
GANC,-0.04305000000000003
ATP2B2,0.072355
EIF3CL///EIF3C,-0.19523875000000007
PRCAT47,0.06263500000000011
UBIAD1,0.15429375
UBE2U,-0.06768875000000002
ARRB1,-0.09266249999999998
SPAG8,-0.06407624999999995
LOC100506730,0.047713749999999944
RPTN,-0.18970375
OTX2-AS1,-0.04337500000000005
EFHC1,-0.03764000000000017
HLA-G,-0.005347499999999894
RILP,-0.03259000000000001
KDR,-0.09284124999999999
FAM8A1,-0.10910750000000002
LOC101929147,-0.07158999999999993
APH1A,-0.005371249999999939
KCNA2,0.09184624999999996
C1orf174,-0.012203750000000069
LAMTOR3,0.07804374999999997
LOC729143,0.0798512500000001
HIST1H1D,-0.11070250000000004
LOC100129087///PYM1,0.30671375000000006
GADL1,0.013248749999999976
LOC400620,-0.12875750000000008
SLAMF7,-0.06751000000000001
HINT1,-0.03459999999999991
CCT6P1,-0.06241624999999995
SLC5A11,0.0029499999999999527
TBC1D15,-0.05932500000000002
FBXO22,-0.13521250000000012
ZNF414,0.122645
CNEP1R1,-0.01434249999999998
KCTD19,-0.09220500000000004
VPS54,-0.09968875000000005
CCNK,-0.08731
AGR3,-0.09226875000000007
LOC100130237///PDE6B,0.019208750000000052
HSPA1L,-0.01203624999999997
LINC01341,-0.09723124999999999
OR10H1,0.13201749999999995
LOC284788,0.08239749999999996
FCRL1,0.003857500000000069
MISP,0.1558437499999999
MRGBP,-0.07572249999999997
RPS6KA2-AS1,-0.04713999999999996
OR5J2,0.04460999999999998
FAM193A,0.06452250000000015
MICALCL,0.06485375000000004
LOC101927123,0.09135624999999992
PSMA5,0.026716249999999997
ZNF165,-0.2614125000000001
GRID1-AS1,-0.04187124999999997
LOC440934,-0.017026250000000076
CAP2,-0.142175
CCDC90B,-0.005052500000000015
GATSL2,0.100665
IYD,-0.10668250000000007
ERCC6L,0.005338749999999948
LOC100131180,0.031706249999999936
CA5B,-0.024393749999999992
KALRN,-0.04214000000000001
FLJ26850,-0.04160375000000005
MAP3K19,0.10813125000000001
OVOL1,-0.12028749999999983
DOK6,0.0012737499999999624
KCTD15,-0.014219999999999955
MIA3,-0.016332499999999806
TNIP1,0.16508874999999995
DCAF4L2,0.006793750000000043
RPL35A,-0.0030449999999999644
LINC00487,-0.018002499999999977
DPYD,0.0051837499999999315
SGMS1,0.01029374999999999
CFTR,0.0008075000000000165
LOC100506858,0.13065499999999997
SNAI3-AS1,-0.024961250000000046
ARHGAP31,-0.13821125
NOX5,0.04897499999999999
SOX5,-0.008920000000000095
WAPL,-0.06315625000000002
LYPD4,-0.0719237499999999
OCLM,-0.082345
TMEM169,-0.09046750000000009
LOC100132181///LOC389831,-0.11338749999999997
LOC100134331///IGHM///IGHG1///IGHA2///IGHA1///IGH,-0.09132124999999991
MYOT,0.051965000000000094
TNNI3K///FPGT,-0.13831124999999989
WWOX,0.22293750000000012
ZNF41,0.055514999999999926
RIT2,-0.0136524999999999
OTUB1,0.09936749999999994
SBF1,0.015578749999999919
FLII,0.10112250000000012
OPTC,0.264245
HACD1,-0.024488749999999948
VAMP3,-0.06981125000000005
PROM1,-0.10141249999999996
LENG9,0.026233750000000056
RPL7P12///RPL7P24///RPL7P20///RPL7P26///RPL7P23///RPL7P8///RPL7P48///RPL7,-0.1096137499999999
PAQR8,0.060568750000000005
TMEM45B,-0.09141500000000008
PRRX1,-0.006750000000000089
LOC729439///AFDN-AS1,-0.041902500000000065
GC,-0.06237999999999999
TXNRD2,0.29548125000000003
ARF3,-0.03234874999999998
MIEF1,0.05612999999999996
ZFAND2B,-0.15539000000000003
RPL13AP17,-0.026073749999999896
CSTF2,0.058738750000000006
LRP1B,-0.05312000000000017
BBX,-0.04397749999999995
SLC26A1,0.1625037499999999
REG3G///REG3A,-0.012037499999999979
TIMELESS,-0.12177874999999988
C9orf135,0.14599
H1F0,-0.06999749999999999
KAZN,0.06434000000000006
ATP6V1D,-0.2424575
KLRB1,-0.03228249999999999
ABCA1,0.03893750000000007
LINC00276,0.020268750000000113
CAMK2N2,0.002451250000000016
LOC100133920,0.001982500000000109
GP1BB,0.16566375
CENPBD1,0.07711250000000003
MMP19,0.1493425
SMG1P1///SMG1P2,-0.03605874999999997
TRAPPC3,-0.15077625000000006
LOC100133461,0.11901750000000005
ARCN1,-0.00904875000000016
AKT2,0.04040500000000019
LOC101928162,0.1265075
TNFAIP3,-0.11883250000000006
PLD5,-0.02543875000000001
RABL2A///RABL2B,0.2550449999999999
SGK3,-0.041312499999999974
KRTAP1-5,-0.01845374999999999
HOTAIRM1///HOXA2,0.003925000000000067
MAFB,-0.04651250000000007
RNF19A,0.027084999999999915
LUM,-0.03899124999999998
INSM2,0.02132500000000004
PRRG2,0.021013749999999998
LOC285423,-0.13142750000000009
GINS2,-0.027041250000000128
LOC100133229,0.13801124999999997
TRABD2B,-0.049677499999999986
PIK3IP1-AS1,0.0026899999999999147
CORO1A,0.0716750000000001
TMEM30B,0.07453374999999995
PPP6R3,-0.1856187500000001
SLC39A10,0.09118749999999998
EEF1AKMT1,0.012233749999999988
WDR1,0.05298874999999992
SERPINB5,-0.04780000000000001
SEPT2,0.11219125000000002
C4orf3,-0.09949125000000003
GJC2,-0.021390000000000076
SERPINB6,0.11100625000000003
PPIL3,0.06762375000000004
DPPA2,-0.020622499999999933
FLJ14031,0.09557500000000008
GSR,-0.04637124999999992
ATP10A,-0.05834374999999997
ANKRD46,-0.03585750000000004
LOC100127972,0.03691500000000003
TCEAL9,-0.03289124999999993
CEP170P1///CEP170,0.07751750000000002
EPHB3,0.017635000000000012
NACA2,0.007007500000000055
AKIP1,-0.17834750000000005
CRADD,0.03142125000000001
MAEL,-0.047770000000000035
ZNF197,-0.026298750000000037
SLTM,-0.19850999999999996
ANKHD1///EIF4EBP3,0.036335000000000006
MCAM,-0.021332500000000032
BTN2A1,0.04659125000000003
CRK,-0.06987625000000008
HES2,-0.021360000000000046
LOC646383,-0.00278624999999999
LOC100506071,-0.051317500000000016
MSMO1,-0.076735
GAB2,-0.00283249999999996
HEXA-AS1,-0.011427500000000035
SPIN1,-0.021150000000000002
DRAM2,0.026837500000000125
DEGS2,0.22653250000000008
GNAT2,-0.030557499999999904
TUBD1,-0.030438749999999903
CXorf23,-0.03071999999999997
DBF4,-0.15208625000000003
DNM1L,-0.06977750000000005
BFAR,-0.04378499999999996
LOC100996251,0.09348749999999995
SYNPR,0.07415749999999999
GK3P,-0.07442874999999999
CACNG1,-0.09908124999999995
CYP2A13///CYP2A7///CYP2A6,0.2819325000000001
CARMIL1,-0.07120000000000004
ZNF557,0.003725000000000034
TNFAIP1,-0.04345750000000004
ZNF549,-0.10348124999999991
KCNMB3,-0.02605249999999998
LOC100127971,-0.10421999999999998
XYLT1,-0.08828875000000008
LSM11,0.0026625000000000676
SRPX2,0.1473275
BCL3,0.03542999999999985
ZNF618,-0.00599999999999995
FAM181B,0.0407825
PAGE2B///PAGE2,-0.012163749999999918
IL4R,0.06347999999999993
KDELR2,0.01318375000000005
ATP6AP1,0.08470749999999994
IRAK1BP1,-0.022345000000000004
SNRNP27,-0.020637499999999975
RAD23BP1///RAD23B,0.08903125
SEMA5A,-0.09264250000000007
ZNF354A,0.019261250000000008
SCN2B,-0.05728500000000003
SCN11A,-0.03739124999999993
DNAJC7,0.09561500000000006
HERC2,-0.04217250000000006
SGTB,-0.055835000000000024
GABPB2,-0.019161250000000074
SUMF2,0.13291750000000002
IFNE,-0.1249050000000001
KIAA0408,-0.03730125000000001
NQO2,-0.0009487499999999427
SRGAP2C,-0.039376249999999946
ABCB4,0.06772625000000004
MSN,-0.029977499999999935
TRAF6,-0.08673374999999994
LOC284561,0.046975000000000044
PRR5L,0.07869750000000003
NOD2,-0.02389250000000004
ZZEF1,-0.05262374999999997
WDR4,0.10193124999999997
MRPL33,-0.042062500000000114
RAVER2,0.02872125000000003
ZPLD1,-0.04945125
LOC100130089///FBXL17,-0.04241374999999997
ETV1,-0.024622499999999936
LCLAT1,-0.039793749999999906
TJP1,-0.02897000000000005
YBX2,-0.16289874999999998
PPP1R3B,0.05045250000000001
LOC400940,0.28257249999999995
PLBD1,0.04233749999999997
STAG3L4,-0.07304124999999995
BMPER,0.10386374999999998
FBP2,-0.18212250000000002
RBCK1,0.15727624999999995
C1RL,-0.09412749999999992
COMMD4,-0.047096250000000006
C11orf63,0.018103750000000085
ZIC4,-0.03627750000000002
KCTD5,-0.12915749999999993
AGBL2,-0.06788375000000008
FKBP1B,-0.06353375
AGPAT4,-0.027599999999999958
DNM1P33,0.14008875000000004
SLCO6A1,-0.03378124999999993
SRF,-0.13051749999999995
ARPP19,-0.030348749999999924
HIST1H2BJ,-0.05182749999999997
NRTN,0.04793750000000002
RASGRP3,-0.002671249999999903
CCNT2-AS1,-0.018576250000000072
PRR15,0.003234999999999877
MAG,-0.00632749999999993
LOC340184,0.11455875000000004
ARL5B,-0.11807500000000004
DKFZp566H0824,0.10779125000000012
MRPS11,0.08246749999999997
DUSP22,0.21111875000000008
ETV5,-0.0691675000000001
MIS12,-0.09787250000000008
C7orf50,-0.03237500000000004
LOC654056///SIRPB1,-0.07539499999999999
ABCC1,0.02395125000000009
PDE6A,0.024247500000000033
ANO6,0.014038749999999989
ZXDB,-0.10616500000000001
IL17RA,-0.01150000000000001
MAPK8IP3,0.023961249999999934
C15orf62,-0.05346500000000015
MAPRE1,0.13173374999999987
YWHAE,-0.0608475
ASB17,-0.034483749999999924
GPR174,0.10307000000000005
AOC1,0.09221250000000014
KIFC3,0.0814112500000001
GOLGA5,-0.03488375000000005
CLK1,-0.04665249999999993
KCNQ1-AS1,0.017623749999999994
CAPRIN2,-0.03517250000000016
CAPN15,0.14971875000000007
LOC153684,0.23211875000000004
MTSS1,0.04266999999999993
LOC283270,-0.00618874999999991
S1PR1,-0.05828499999999992
ZNF250,-0.19940875000000002
SLCO2B1,0.08020999999999995
PFKP,-0.05510374999999995
HRASLS5,0.027143750000000022
PCDHB10,-0.04708250000000003
C12orf45,-0.15460249999999998
FZD8,-0.12673625
INPP5J,0.15232750000000006
PTAR1,-0.13479374999999993
UBE2J1,0.10022875000000003
ASB6,0.029773750000000043
PKIG,-0.09324000000000005
VIPR1,-0.09001749999999997
TP53INP1,0.06901250000000003
NUF2,-0.09850124999999998
PTPRG,-0.04274249999999996
PRMT1,0.14654
LINC01007,0.05996499999999999
ATP10B,-0.10798625000000012
ACTC1,0.05879500000000015
MIRLET7DHG,0.13776374999999996
ANKRA2,-0.011182499999999984
PCP2,-0.05270249999999993
GLE1,-0.03591375000000002
SYTL2,-0.0879299999999999
TMEM9B,-0.052385000000000015
CNIH1,0.1724575000000001
ZDBF2,0.06822125000000001
ATAD2B,-0.025046249999999937
HPSE,-0.02546374999999995
FCER2,0.021233749999999996
ATP8B4,-0.14549
CIITA,0.26020625000000014
PRSS23,0.03216875000000008
PARS2,0.09573500000000007
CNBD1,0.06917500000000004
DHX40,-0.10983249999999994
KCNE2,-0.06760875
BEND7,-0.003078750000000019
SLC5A4,0.047206249999999894
PPP3CA,0.020535000000000025
LOC553137,-0.005932499999999896
UBFD1,0.023444999999999938
UCK2,-0.0007800000000000029
EML1,-0.08542624999999998
NUDT9P1,-0.17568875000000012
CEACAM5,-0.06642249999999994
NTS,-0.024144999999999972
MAN2A1,0.006201250000000047
HLA-DOB,0.5019612499999999
SLC2A5,0.022802499999999948
GLDC,0.02882125000000002
CLEC4D,-0.000557499999999933
TTC9,-0.1794462499999998
MMP1,-0.013422500000000004
PRPF38A,-0.06016749999999993
AGTR1,-0.05712875000000012
MYC,-0.07683875000000001
PSD4,-0.19030250000000004
LOC440434///NPEPPS,0.02662250000000005
CYB5D2,-0.04087375000000004
MPP6,-0.015459999999999974
FAM198B,-0.09753375000000003
LOC105370424,-0.025046249999999937
LOC101929164,0.06255749999999999
ZNF576,-0.047790000000000055
CD33,-0.04027249999999993
ZNF366,0.024407499999999915
RAB21,0.004061250000000072
SEMA3F,0.10266999999999998
HSD17B8,-0.2783287499999999
SDC3,0.08345624999999995
CTNND1,0.032081250000000006
ZFYVE27,0.05789999999999995
LRRTM4,-0.005102500000000121
PTPA,0.12315250000000005
SIGLEC9,0.12208125000000003
FOXL2,0.0029637499999999872
FAM162A,0.22605999999999998
CBR3-AS1,0.04425125000000002
SNCG,-0.08967125000000004
SUSD1,0.013281250000000022
CCR5,-0.13465624999999998
FASTKD1,-0.039603750000000104
CLEC10A,0.37911749999999994
NCOA3,-0.06800874999999995
SCAI///GOLGA1,-0.01741499999999996
OSBPL2,0.09009500000000004
C15orf40,-0.059414999999999996
CNTNAP3P2,0.004538750000000036
SPATA19,0.007391249999999905
ACSM1,-0.10117124999999999
LOC101927331,0.08797125000000006
LINC00441,0.1260775
LOC100507283,-0.14809374999999997
SARAF,-0.13652625000000007
PRPF39,-0.039234999999999964
PPP1R32,0.24707624999999994
STC2,-0.0721524999999999
MICU2,-0.06754125000000005
SARNP,-0.027164999999999995
KCTD14,0.055002499999999954
SDAD1,0.050794999999999924
DNAJA3,0.12097749999999996
LOC100134331///LOC100133862///LOC642131///IGHV4-31///IGHM///IGHG4///IGHG3///IGHG1///IGHD///IGHA1///IGH,-0.07116875000000006
SNX18,-0.0516100000000001
TRIM58,-0.07025874999999998
LINC01583,-0.09650750000000002
SLC52A3,0.09641875000000005
OVCA2///DPH1,-0.07013375000000005
CHMP7,0.05812749999999994
TMEM116,-0.08927999999999997
TXNDC11,0.020673750000000102
OR6W1P,0.10022874999999998
F11-AS1,0.010448750000000007
NID2,-0.015669999999999962
XK,-0.0029137499999999372
ZFP64,0.17274874999999995
DCC,0.13378874999999996
ASB15,-0.030672499999999936
ANXA2P2,-0.02431249999999996
HERC2P3,-0.027007499999999962
NDUFB7,0.11887625000000013
CCDC144NL-AS1,-0.028613749999999938
C16orf82,-0.04990499999999992
ZNF419,-0.05982499999999996
LOC100132861,0.01674749999999997
TTK,-0.08163500000000007
MYCL,0.04377749999999997
FLJ31958,0.11618
LOC100130772///CPEB3,0.38257749999999996
KIAA1024,-0.03555625000000001
RIMBP3B///RIMBP3C///RIMBP3,0.005838750000000059
NKIRAS1,-0.13825874999999993
LOC105369477,0.06357375000000004
HMGB3P30,-0.03972875000000009
PRMT5-AS1,0.0826575
KCTD7,0.003422499999999995
CYP2C19,-0.017028750000000037
OSBPL6,-0.08893749999999995
LINC01281,0.03030875000000005
RAX,0.0020062500000000982
SKIDA1,-0.03195249999999994
EDEM2,-0.02876374999999992
LOC100133918///NCOR1P1///NCOR1,0.011886249999999987
LCN2,0.02127125000000002
SSU72P8,-0.08721124999999996
TMEM125,0.05703749999999996
KANK1,0.04644000000000004
SPIN4,0.05150500000000002
VPS4B,0.06009874999999998
ASB2,0.12309749999999986
FBXW10,0.11775999999999998
E2F8,0.1390412499999999
AZIN1,-0.09192125000000018
CD302,-0.015676250000000114
ZNF558,-0.052738749999999945
PRRX2-AS1,0.03243749999999995
TAF1C,0.0021050000000000235
F9,-0.09878500000000007
LOC101929511,-0.11684374999999997
SBDSP1,-0.04808750000000006
BOLA2,-0.04059875000000007
C1QB,-0.03598125000000002
ARPC5L,-0.0414000000000001
MCC,-0.03631250000000008
LOC285422,0.013694999999999957
LRTM1,-0.05430999999999997
NEXN-AS1,-0.05936374999999999
PIWIL4,-0.17074125000000012
UGT1A6///UGT1A7///UGT1A8///UGT1A10,0.006267499999999926
TAS2R50,-0.03588374999999994
PLEK2,0.0038925000000000765
EID2B,-0.0158437500000001
NECAP2,0.13110499999999992
CDH10,0.16071875000000002
HOXB6,-0.005142499999999939
ATP2C2,0.041631250000000064
LOC101060019,-0.15918374999999996
LINC01432,0.016998750000000007
OPA1,-0.010675000000000101
ANO8,0.10666625000000002
C3orf35,0.0072687499999999905
LOC644656,-0.01139749999999995
KLHL11,0.06854750000000004
C10orf88,-0.2595675
FAM101B,0.18052250000000009
GPR141,0.02398374999999997
LOC100126784,0.03881625000000011
HGSNAT,0.03184874999999998
LOC100505824,-0.13717875000000002
ZAN,0.2323062500000001
HJURP,-0.01814750000000004
HS3ST3A1,-0.09673000000000004
FAM111A,-0.044142500000000084
ZNF638,0.06904874999999994
ATP6V1B2,-0.019137500000000085
PELI2,-0.07244875
PGAM5,-0.025018750000000034
LINC01169,-0.12159249999999994
ABHD17A,0.03497625000000004
PAPSS2,-0.14958375000000002
LOC101928101,-0.06868000000000002
GPRIN1,-0.09129375
SPANXA2-OT1,0.01967999999999992
SGCZ,-0.030971250000000006
CMSS1,0.04160875000000003
C20orf194,-0.14583249999999987
RPL27,0.13622624999999988
H3F3AP4///H3F3B///H3F3A,-0.0036837499999999856
N4BP1,-0.03235624999999992
LOC285043,-0.008846250000000111
ZNF766,-0.049262499999999876
KCNMA1,-0.04719125000000007
PATZ1,0.16529500000000008
LOC100130987///RAD9A,-0.08442
MAPK8IP1,0.005448750000000058
SHOC2,-0.05978875000000006
LOC100506207,-0.03045874999999998
ZCCHC7,0.04666250000000005
EPC1,0.029452500000000048
ETV4,-0.33022000000000007
ZFC3H1,-0.03236500000000003
MAD2L1,-0.03130124999999995
RAB3GAP1,-0.06029750000000006
KIF2A,-0.0896387500000001
LOC105375483,0.004310000000000036
CTDSPL2,-0.07579374999999994
SESN2,0.13522625000000005
IGF2BP2,0.04348499999999994
FAM126A,-0.14172250000000003
SCGB2A1,0.034006250000000016
BAZ2B,0.007913749999999997
SMPD2,0.018242499999999995
FBXL12,0.05402249999999997
FRMPD4,0.030288750000000086
FABP6,0.13229374999999988
C1orf198,0.02681874999999989
RPL6,-0.10271249999999998
NUDT5,-0.05442124999999998
ADGRB3,-0.03904875000000013
SMAD5-AS1,0.20233500000000004
CDO1,0.044701249999999915
KCNS3,-0.06129250000000003
HSPA4L,0.005853749999999991
RASSF7,0.19444999999999996
MACROD1,0.24225750000000007
XPO7,-0.03902749999999994
CLIP1-AS1,0.004157499999999925
BRWD1-IT2,0.0197024999999999
SF3B1,-0.05856125000000001
SERPINF1,0.1860775
TTC7B,-0.031641249999999954
FGF23,-0.04035749999999999
GPR101,-0.12633999999999995
MAPK9,-0.06651625
C11orf16,0.05329375000000003
LRCH1,0.08391124999999999
ST8SIA5,0.023988750000000003
SLC14A2,-0.015752500000000003
ALPK2,0.09278374999999989
LOC100130357,-0.03130499999999997
MID1IP1,-0.24429875
ATG9B,0.2702937500000001
IL7R,-0.11186374999999998
STAP1,0.04534875000000005
ZNF35,0.09262375
LOC100132798,0.013218749999999946
ELOVL7,-0.06223624999999994
RHPN2,-0.08865875000000001
CLDN23,-0.10444750000000003
LOC105376292,-0.032835
KCNK2,-0.018887500000000168
TAF1L,0.0545775
RBMY1E,0.03071750000000001
SIGLEC7,-0.010340000000000071
ZNF24,-0.008711250000000115
SCPEP1,-0.04090125
CCDC66,-0.039569999999999994
RBM15B,-0.022518749999999976
FBLN1,-0.015955000000000052
ARHGEF19,0.15270499999999998
PBDC1,-0.012460000000000027
CDKN2C,-0.08742499999999992
GABARAPL3///GABARAPL1,0.05051749999999999
CASP5,-0.03810749999999996
LOC254028,0.14554374999999997
BAIAP2,0.06792500000000012
COX16,-0.04173625000000003
GGT7,0.10109500000000005
GJA1,-0.032667500000000016
OR8B8,0.04615625000000012
FAM228A///FAM228B,0.038435
LOC730057,0.06607250000000003
C1orf21,0.12017749999999994
ERCC1,0.07108625000000007
FAM95B1///CYP4F59P///LOC644587///FAM95A,-0.017586250000000025
CTSB,-0.014107499999999995
ATP11C,-0.07795999999999997
PRO1483,0.0006224999999999703
LOC105371352,-0.1615649999999999
ANKRD37,-0.06531125000000004
EIF3L,-0.011842499999999978
TEX41,-0.040277499999999966
FLJ33360,-0.024413750000000067
LOC100287497,-0.02320375000000008
OLIG2,-0.08684999999999998
PPIL1,0.06447375000000005
LOC101928389,0.03355874999999997
LOC652147,-0.0638649999999999
TBC1D29,0.15733000000000008
LY6G6C,0.26321624999999993
AGBL4,-0.010370000000000046
FBXO45,-0.03570249999999997
DNAJB1,0.02718000000000015
DEFB123,-0.03356750000000003
CGRRF1,-0.08209500000000003
FAHD1,-0.045973750000000035
RSG1,-0.1215575000000001
CLGN,-0.07511250000000008
TFAP2C,0.1229475000000001
ZNF143,0.0005812499999999221
ACVR1C,-0.013437500000000047
CNIH2,0.01006250000000003
ZFYVE9,0.03475750000000005
OCR1,-0.03902625000000015
PURG,-0.061978749999999916
WASH7P///WASH2P///WASH3P,0.08769375000000001
GPR68,-0.09325000000000006
LOC280665,0.005167499999999936
FAM21A///FAM21C,0.00417500000000004
KRTAP9-8,0.01789124999999997
TLN1,0.07668374999999994
LOC100130288,-0.10257000000000005
DPYSL2,-0.026541250000000016
TAS2R4,0.0347075
DIP2C,-0.18388999999999994
LONRF1,0.024959999999999982
KCNK10,-0.007573750000000101
PPP1R13B,-0.12031999999999993
EVA1A,-0.01754374999999997
PABPC1,-0.08148375000000002
PGBD1,-0.026501250000000087
PSMC5,0.0050274999999999626
TM9SF1,-0.0183875
CACNG2,0.15584249999999994
AXDND1,-0.024042500000000022
CDH9,-0.051706249999999954
GLYATL2,0.021272499999999972
ISM1,-0.13804750000000005
RNU6-501P,-0.05155749999999998
DNM2,-0.05405625000000008
MN1,-0.006026249999999955
GCNT1,-0.07690375000000005
CACNA2D3,0.0047875
CCDC130,0.017436249999999986
SH3KBP1///ND3,0.09603750000000011
NACA,0.06350875
RHOBTB3,0.09098250000000002
C12orf66,-0.020061249999999975
ROS1,0.10284499999999996
TMEM5,0.07663749999999997
PRR26,-0.03382249999999998
DNAJB9,-0.053726249999999975
TGFB3,-0.1676987499999999
LINC00889,-0.023442499999999977
LOC400794,0.0722275
DGCR2,-0.05329499999999998
ZNF496,0.16864250000000003
MTF1,0.030102500000000088
KLK15,0.015013749999999937
LOC100134089///PPP2R3B,0.08068624999999996
VANGL1,0.26783375000000004
HLA-DQB2,0.07309125000000011
HDDC2,0.045807499999999945
LOC644617,0.05900375000000002
DHX32,-0.012903750000000158
MORN4,0.05257000000000006
ZNF169,0.07790999999999998
RBM6,-0.03172874999999992
CENPH,-0.035171249999999876
FZD1,0.03018999999999994
FBXO16,-0.0555750000000001
LINC00347,0.025839999999999974
LOC100310756,0.08308000000000004
FEM1C,0.03269624999999987
SYNE4,0.10560625000000001
NFIX,0.03348500000000004
CPA1,-0.18774375
TGIF2LY,-0.21029624999999996
MBD3L1,-0.04859374999999999
GPAM,0.009913749999999943
IL10,-0.021422500000000066
LOC100506098,0.031151249999999964
LINC00838,0.027251249999999894
RUNX1-IT1,0.01189750000000006
ZNF248,0.02609749999999994
LRPAP1,0.47273875000000015
ZIC3,0.060364999999999946
TP53TG1,-0.024373749999999972
SEMA4B,-0.035067499999999974
FRMD8P1,0.07770250000000001
GJB1,0.0490237500000002
SZT2,0.08724624999999991
TEX33,0.17977250000000006
GZMK,0.047332500000000055
STX2,-0.09482000000000007
YRDC,-0.1613712499999999
MED27,-0.06947999999999999
IER3IP1,-0.04056874999999993
PCIF1,-0.1635875
PDIA6,-0.031308749999999996
ZNF821,-0.060817500000000024
TMEM254-AS1,-0.03127000000000002
TMEM143,0.008126250000000057
PRCC,-0.02061499999999994
CTPS2,0.07403624999999997
FAHD2A,-0.03946250000000007
LINC01448,-0.0009174999999999045
LOC101927210,0.11883499999999997
AGGF1,0.10871000000000003
LOC401098,-0.07813124999999999
NDUFV2-AS1,0.060741250000000024
ERFE,0.18159999999999998
ANAPC13,0.03537000000000007
PCDHGB8P,-0.16282250000000004
HSPBP1,0.01000625000000005
ADRA1D,0.016790000000000083
MARCH3,-0.02558125
LOC100129166,0.0030950000000000144
LOC100131613///AHSG,-0.12504500000000002
RCN1,0.023398750000000024
PAM16,-0.10904124999999998
KTI12,0.1880562500000001
SMAD9,-0.005644999999999956
NUP205,0.056540000000000035
LOC653972///CBX3,-0.06268250000000009
CCDC65,-0.07686624999999997
SNX21,0.13889124999999997
CCDC158,-0.13363000000000003
PML,0.09725499999999998
SPR,0.11700500000000003
TRBV27,-0.10902624999999994
FAM170A,0.022527500000000034
LOC646588,-0.09798249999999997
ADD2,-0.06721125
LYNX1,0.017683749999999943
RGPD2///RGPD6///RGPD8///RGPD3///RGPD1///RGPD5///RANBP2,-0.11544625000000003
C7orf73,-0.04421374999999994
TUSC5,0.2757137499999999
ZSCAN23,-0.046927500000000066
STRC,0.0023674999999999113
MATN3,-0.037366250000000045
GJB6,-0.02739499999999989
SLC25A15,-0.09891250000000001
MYO1C,0.12046624999999994
TRIM50,0.0033512499999998613
MST1,0.017739999999999922
RIMKLB,-0.03056124999999993
SCARB1,-0.15444875000000008
GUF1,-0.06488125000000011
ZNF668,-0.03639125000000004
CRH,-0.17798625000000007
ZNF251,-0.08168125000000004
C1QC,0.2792587499999999
LIX1L,-0.02351749999999997
BMX,-0.021232499999999932
C1orf43,0.0778124999999999
ADGRL4,-0.05611124999999989
EXD1,-0.0880725
GAS2L2,0.01701750000000002
SRPRB,0.04743875000000014
GLO1,-0.06154625000000008
RIPK1,0.0032500000000000306
EXOC8,0.04565874999999997
KLF8,-0.06258625000000001
LINC00271,-0.02788750000000001
ADAMTS9,0.1258325
DEFB121,-0.06446125000000008
MAPRE2,0.07278124999999996
TRAF2,0.16448750000000006
MYH7B,0.1279825
PCLO,-0.174545
IFNA6,-0.031917499999999877
CXCL10,-0.056795000000000095
FAM102A,-0.009429999999999883
LOC646778,-0.07874374999999995
RHD///RHCE,-0.019214999999999982
TENM2,-0.01752625000000002
CLHC1,-0.025068749999999973
LOC101929694,-0.28453999999999996
ASAP1,0.13221
DLGAP1-AS3,-0.06210249999999995
LOC101928909,-0.01691625000000002
FIGF,0.044333749999999894
LDLRAD4-AS1,-0.11672624999999998
LETM2,0.036872499999999975
MIER3,0.029433750000000036
LLGL1///FLII,0.1823475000000001
AADAC,-0.03169374999999991
TLR8,-0.018641250000000054
RRP1B,-0.10006625000000008
ST6GALNAC1,-0.04076374999999993
RASGRP2,0.034718749999999854
TTC29,-0.08335375
ADAM21,0.1155750000000001
FCMR,0.005635000000000112
LOC100129852,-0.053726250000000086
LOC105374690,0.021156250000000043
RCOR3,-0.051496249999999966
ZMYND12,-0.0025500000000001632
CTXN1,0.20980250000000011
IGBP1,0.08565374999999997
SPATA18,-0.05282374999999989
NSF,0.15260124999999997
RER1,-0.04553875000000002
PLEKHM3,-0.006611250000000013
PODNL1,-0.18148999999999993
GLUD2,-0.07115749999999993
CYTL1,-0.08086125
MIR210HG,-0.040509999999999935
NDUFA4,0.04061124999999993
RPA1,-0.04099250000000004
COX20,-0.01327874999999995
FLOT2,-0.0695012499999999
CDH26,-0.01873875000000008
SASH1,-0.05488500000000002
D21S2088E,0.37982625
LOC100996579,-0.0029187500000000255
UBC///UBB///RPS27A,0.12000875
ANKRD18B,-0.05677375000000001
TIGAR,-0.09848124999999996
DDIT4L,-0.06636500000000001
CX3CR1,0.05681000000000014
SMR3B,0.0036362499999998965
OR4D1,0.11890499999999998
RAD52,0.2339199999999999
LOC100132134///GUSBP3,0.19182874999999994
ZNF765,-0.14109
GRM7,-0.02758125
PPRC1,-0.06725624999999996
ADARB1,0.06418000000000001
C2,-0.07386625000000008
ALG14,-0.02486250000000001
FLJ37786,-0.012561249999999913
IQCF3,-0.045206250000000114
KRT74,0.08849000000000007
LOC93444,0.011358749999999918
LINC01095,0.004098749999999929
ESPN,0.03255374999999999
CAMKK2,-0.11551624999999999
MUC19,-0.08063875000000004
PIK3AP1,0.035892499999999994
STMN2,0.017193750000000063
ERVK13-1,0.13072499999999998
RAD51AP1,-0.02021999999999996
USP1,-0.002165000000000028
LOC727961,-0.04220499999999994
NIPSNAP3A,-0.15391375000000007
E2F3,0.053051250000000105
PCDHGA3///PCDHGA4///PCDHGA6,-0.03278000000000003
LOC100130264,0.008586249999999962
RNF181,0.007126250000000001
ANO5,-0.017631249999999987
ZNF560,-0.2222225
PIH1D3,-0.11341500000000004
ERP29,0.0025724999999999776
ZSWIM2,-0.020899999999999974
SERPINH1,0.02824749999999998
RUSC1,0.1363112500000001
LOC105372779///LOC100128198,0.05792999999999998
IL12RB1,0.12681750000000003
ACTR3,0.02667124999999998
TXNL4A,-0.0064049999999999385
THSD4-AS1,-0.25042124999999993
MAGI2-IT1,0.022385000000000044
SERPINA7,-0.12559250000000016
R3HDM2,-0.05710499999999996
CES5A,-0.014502499999999974
FIS1,-0.19846375000000005
TLR5,0.06080749999999996
MFSD12,-0.03868624999999998
FIBCD1,0.05597875000000002
BID,0.01852999999999999
TOMM70,-0.10021874999999997
KRTAP4-3,0.022252499999999897
TGM2,0.19097999999999998
PIK3C2G,0.08342125000000006
LOC100133444///SLC34A3,0.14259
SLC39A13,0.012672500000000086
ZFP28,-0.08473625000000007
TOP1MT,-0.09798875000000001
HSPB8,0.02151249999999999
TBX5-AS1,-0.045989999999999975
APOD,0.14647625000000009
CXCL11,-0.10843625000000001
SFSWAP,-0.035284999999999955
LOC285857,0.06255999999999995
GSE1,0.004546249999999918
PLK4,0.13976750000000004
LOC100129282,-0.034335000000000004
C14orf81,0.013483749999999961
ZNF641,-0.017687500000000023
CALCA,-0.04278250000000006
RNF24,-0.08805374999999993
CATX-1,-0.12996499999999994
MDM1,-0.05774374999999993
LOC101929586,0.09598999999999991
SMARCD3,0.14635749999999986
CSRP3,0.09535250000000006
IGHV7-81,-0.03183250000000004
KCNK3,0.27405624999999995
NAT6///IFRD2,-0.008191249999999928
LOC728445,0.033018749999999986
GPR17,-0.12873374999999998
HEIH///LINC00847,0.02828374999999994
STIP1,-0.06281749999999997
BLMH,0.1326225000000001
LY9,-0.03198999999999991
USP16,0.01622499999999999
ZNF763,-0.07247500000000001
LINC00475,0.0725062500000001
MSR1,-0.06650750000000011
MGC15885,-0.03476999999999997
LOC101930452,-0.15975750000000005
CAMSAP3,-0.240805
ELAC2,0.10979500000000009
USP11,-0.1368224999999999
LOC100128751,0.05191625000000005
ZNF436,-0.0956462500000001
FBXL20,-0.021370000000000056
KPNA3,-0.18443375
UPK3B,0.05303499999999994
ZNF697,-0.018795000000000006
BSPRY,0.3567762500000001
TAS2R9,0.08314250000000001
TCF25,-0.0034824999999999995
LINC01252,-0.08091624999999986
TAPBP,0.014439999999999953
MUC7,-0.04427500000000001
RASSF6,-0.0945362500000001
ZPBP2,0.015006249999999943
OR1A2,0.13876125000000006
RNF7,-0.02950999999999998
SETD6,-0.037849999999999995
KHSRP,0.11920249999999999
LOC100132276///KRTAP3-3,-0.04265249999999998
LANCL2,0.026363749999999964
POLG2,-0.04139875000000004
TMEM170A,-0.011718749999999944
CCT6B,-0.03011875000000014
C14orf166,0.08642499999999992
PKD2L1,0.11246749999999989
ADCY2,-0.0030774999999999553
LOC100128343,0.020028750000000095
KLRG2,0.018659999999999954
LOC101060391,-0.001757500000000023
TH2LCRR,-0.13131500000000024
LOC101927967,-0.034560000000000035
OXCT2,-0.04043249999999987
MTCH2,-0.11448874999999997
RDX,-0.07236000000000009
CCDC60,-0.12774499999999994
RPL8,0.1749037499999999
KIF13A,-0.058721250000000114
LRRC75A,-0.020486249999999984
GGA2,0.06735125000000003
CLASP1,0.08846249999999989
TDH,-0.03055624999999995
LINC01191,-0.023189999999999933
TMEM147-AS1,0.016716249999999988
LRRC63,0.0011562499999999698
GPSM1,0.15186374999999996
FUT5,0.07701750000000002
LOC101928955,-0.03453249999999991
PIK3R3,0.25661875000000006
LOC728904,0.03452250000000007
LOC101927131,0.04461124999999999
SIGLEC10,0.09040624999999997
KLK14,0.009028749999999974
MCTS1,0.01774125000000004
SLC43A1,0.30321750000000003
FAM219A,0.005936250000000032
MCUB,-0.11805624999999997
EFNB2,-0.021262500000000073
GPN2,0.185595
NOL8,-0.07026750000000004
MLF2,0.15240375000000006
ANXA7,0.08811999999999998
SGO1,0.21208875
LOC283713,-0.11390124999999995
DECR1,0.016162499999999913
NSMF,0.15587625
CUX2,0.019340000000000024
PRPF3,-0.05010750000000003
LRRC37BP1,-0.03864374999999998
CCR4,-0.19897750000000008
CAP1,-0.08720749999999994
RBP3,-0.08719875000000005
PRSS8,0.41231249999999997
EGR3,-0.015719999999999956
WDR11,-0.012786250000000055
ZW10,-0.11923375000000003
SSX3,0.0027937499999999837
LOC285766,-0.06178500000000009
REG4,0.18395
SNX10,-0.004788749999999897
HOXA7,-0.12210125
ROGDI,-0.1207375
LOC101927616,0.0032074999999999743
GNPTG,0.06742875000000004
PZP,-0.030293750000000064
GP5,0.11198124999999992
LOC101930370,-0.0003324999999998468
ZNF571,-0.003663750000000132
RPL23A,-0.0881687499999999
ZNF439,0.06905
CCRL2,0.01756249999999998
AMY2A///AMY1C///AMY1B///AMY1A,-0.054822499999999996
FLJ31713,0.00558874999999992
PCBD1,0.2560425000000001
TRIT1,-0.008881250000000007
LOC101926892,-0.06588374999999996
EIF4A3,0.004942500000000016
TNFRSF8,0.27529250000000005
MUS81,0.06777125000000012
DPYSL4,-0.04403374999999993
LOC100128943,-0.06563374999999999
NUBP1,0.09801874999999999
DCAF12,-0.03846250000000001
LOC221814,-0.023093749999999913
XCL2///XCL1,0.04586000000000001
C6orf25,0.16501374999999996
SERTAD2,-0.021572499999999994
SSSCA1-AS1,-0.09537875000000001
SCYL2,-0.0348575000000001
TSPAN9,0.22919624999999993
HERC6,0.04536125000000013
LOC105373942,-0.13357875000000002
GMFB,-0.02234374999999994
ZPR1,0.007157499999999983
BGLT3,-0.024033749999999965
MEGF10,0.11772625000000009
TRIM55,-0.009885000000000033
MS4A12,0.004713749999999961
KDM5C,-0.08391124999999994
CFAP44,-0.053268749999999976
HAND2-AS1,-0.07780625000000002
LRAT,0.014768750000000108
ZMAT4,-0.029601250000000023
SUCLA2,-0.18291749999999996
HERC2P1,0.1647562500000001
LOC100129973,0.11241749999999989
ELMOD1,-0.13334625000000006
BIRC6,0.0036087500000000494
ATP6V1C2,0.0019962500000000327
ADAM5,0.003329999999999944
NLRP7,0.007798750000000021
FBXO5,-0.030149999999999955
LOC101929319,-0.0042262499999999315
WNT9B,-0.01503500000000002
GPC6,-0.03806624999999997
RPLP1,-0.1801337500000001
LOC647506///IGK///IGKV1-5///IGKC,0.02008749999999998
TP53RK,-0.024906249999999963
MFSD8,-0.05919749999999996
NPTN-IT1,-0.08183499999999994
GREM2,-0.004428750000000037
ZNF696,-0.17266375
LRRC49,-0.020456250000000065
MX1,-0.05179125000000001
SNAPC5,0.007808750000000031
CACNG7,0.21294624999999995
MGC4859,-0.012292499999999984
GPR135,-0.06147125000000003
PRPS2,-0.07801874999999997
LOC644669///ANKRD30BL///ANKRD30BP2,-0.056650000000000034
MMGT1,0.0034862499999998575
KIRREL3-AS3,0.09246000000000004
MAGEE1,0.01836124999999994
C16orf78,-0.053647500000000126
BMP8B,0.16523624999999997
OXNAD1,0.13248625000000003
TMEM106C,0.005396249999999936
PIP5K1C,0.05305499999999996
LOC100133825///C20orf78,-0.030922499999999964
TRIM8,0.02321499999999993
C16orf74,-0.006496250000000037
ADGRL1,0.12419500000000006
ZPBP,0.11350750000000004
WDR37,-0.038476250000000045
TSIX,-0.10212125
AMN1,0.08709499999999998
FGA,-0.03907125
ACAP2,-0.021843749999999995
LOC574538,-0.14336750000000004
NPRL2,0.00850250000000008
COPE,-0.279975
CD300A,-0.02196750000000003
NCBP3,-0.1286874999999999
TIGIT,0.002508749999999893
SV2C,0.05087875000000003
CHST1,-0.07276624999999998
NECAB3,0.17863124999999996
ILKAP,0.04030249999999991
PODN,-0.03974499999999981
LOC100132319,-0.021241250000000045
CDCA7,0.015535000000000021
SMG9,0.24784125
PCDHB6,0.023443749999999985
IFI6,-0.10736625000000005
LOC102723831,-0.09243000000000001
LRRC59,0.028471250000000003
LINC01088,-0.017199999999999882
SRGAP2,-0.017991250000000014
LOC100506403,-0.022311250000000005
PDGFC,0.0011962499999999543
TOLLIP,0.04061874999999998
ZDHHC24,-0.0019337500000000674
ZNRF4,0.015531249999999996
OXTR,-0.08721250000000014
PAQR4,0.09379624999999997
LOC648795///LOC440302,-0.02497750000000004
APLP1,0.15556874999999998
PPP1R13L,0.19700375000000003
TAF5,-0.027402499999999996
OR1E1,0.03446500000000002
LOC105376530,0.11870249999999988
SETBP1,-0.157115
EDAR,0.08146749999999997
USB1,0.20922624999999995
LRRC8D,-0.04498874999999991
RBM20,0.011408750000000134
INTS2,-0.005368749999999867
LOC100130332,-0.047336250000000024
TNNI3K,-0.1239937499999999
LINC00052,-0.030095000000000094
TSPY4///TSPY2///TSPY1,0.14588125000000002
LOC642131///IGHM///IGHG1///IGHA2///IGHA1///IGH,0.07800124999999991
GOLT1B,-0.013821249999999952
C4orf45,-0.046318750000000075
CS,0.08067750000000001
XPA,0.09386624999999998
BPIFA2,0.03546250000000001
ZNF575,-0.021772499999999917
SLC35E3,-0.014273749999999974
HEXB,-0.1586424999999999
CBLN4,-0.1310512499999999
PHOX2B,-0.03730125000000012
PAPLN,-0.0989000000000001
SLFN12,-0.0010899999999999799
LIG3,0.07287125
STARD3NL,-0.05157249999999991
GTF2E1,-0.05631000000000003
LINC00397,-0.03223500000000007
COA4,0.005362499999999992
CHGB,-0.039976249999999935
OPRPN,-0.030453749999999946
RCBTB2,-0.09809750000000006
ZFP90,-0.013263750000000019
OLR1,-0.0907087499999999
LOC100129448///WSCD2,0.007423749999999951
LRIG2,0.16954874999999991
MMD,-0.019898749999999965
MEF2D,0.18479125000000007
SPTA1,-0.0639499999999999
CIC,0.22520625
LCN1,0.001187500000000008
HDC,-0.017116250000000055
TMEM177,0.05227125000000005
PIBF1,-0.20283749999999995
CALY,0.14203250000000012
KLK6,0.21594625000000006
TMEM161BP1,0.01287875000000005
UCK1,0.360425
STX4,-0.009496249999999984
PTPRU,-0.015203750000000016
LINC01592,-0.021180000000000088
HSD17B1,-0.12485249999999998
GOLGA2P3Y///GOLGA2P2Y,-0.04803624999999989
C9,0.016280000000000072
NDUFAF1,-0.03133125000000003
CCL28,0.00029999999999991145
REV3L,0.0035487499999999894
TMEM204,0.2760475000000001
LOC101929269,-0.05885000000000007
PGM2L1,-0.09133750000000002
LINC00907,-0.07157000000000008
RNF133,-0.03261625000000007
SYT17,0.0014375000000000915
OVOL2,-0.008096249999999916
WDR45B,0.002287499999999998
CDH6,0.014254999999999962
YWHAH,-0.024047499999999944
LOC285556,-0.04551125
MICU3,-0.21275874999999994
CCT5,-0.03945124999999999
TRIM74///TRIM73,0.03455124999999998
LOC101927310,-0.009221249999999903
ATL1,-0.07383375000000003
CHPT1,0.03302374999999996
SH3GL3,-0.07632875000000006
LOC652494///IGHV4-31///IGHM///IGHG3///IGHG2///IGHG1///IGHA2///IGHA1///IGH,-0.015938750000000057
IL3RA,-0.10910874999999998
CWC25,-0.01953499999999997
GRB14,-0.1272025
LINC01616,0.025219999999999965
MYH3,-0.048646249999999946
EMX2,0.011580000000000035
LINC00858,0.14401499999999995
LEMD1-AS1,-0.054252499999999926
SRP14,0.09345500000000001
LGALS12,-0.05985750000000001
DRC3,0.024765000000000037
IGFBP3,0.09203999999999996
SUOX,0.27675125
AOC4P,-0.07530124999999993
CCT4,-0.03666750000000002
ISM1-AS1,-0.03717749999999992
ZFAND1,-0.09182499999999993
BRPF3,-0.14866499999999988
RPS4X,-0.027912500000000007
NEK6,0.1384499999999999
ERAL1,0.09476624999999994
LOC101927244,0.004796250000000113
LMBR1L,0.27959750000000005
LOC100133724,-0.02346874999999987
CAPN3,-0.08975125000000012
ZNF614,-0.0023537499999999323
C21orf2,-0.06443000000000004
LOC101929312,-0.021046250000000155
LOC100134366///LOC100134363///PLGLA///PLGLB1///PLGLB2,-0.05402249999999997
SORT1,-0.020896250000000005
LOC101929172,0.0025575000000001014
LOC100132661,0.2617875
BLOC1S2,-0.11463500000000004
USH2A,-0.03511125000000004
PLA2G1B,0.03226875000000007
GPR1-AS,-0.023123750000000054
P4HA2,-0.03753000000000006
PLXNB3,0.10675124999999996
DHRS2,-0.07195625
LOC101927058,-0.030610000000000026
GKN1,-0.0922
STEAP3,-0.08353750000000004
FOXJ3,0.02494249999999998
ZNF491,-0.08876375000000009
LOC441242,0.007238750000000016
TAF10,0.21204875000000006
LOC648998,0.10889249999999995
LRIF1,-0.009712499999999902
SCNN1D,0.034272500000000095
CTD-2297D10.2,-0.010001250000000073
SRD5A1,0.013791250000000088
VAV3,0.03902499999999992
N4BP3,0.015745000000000064
FAM234B,0.09747375000000008
LOC101928590,-0.13910000000000006
LOC400796,0.036378750000000015
KRT12,-0.005232500000000029
EIF2D,0.13728249999999992
LOC91548,0.04379500000000003
RGS17,0.10983874999999999
LOC102724927,-0.033183749999999956
CAPN7,-0.020903749999999943
KLK10,0.03140124999999999
FEZ2,0.14875375000000007
GOLGA8B///GOLGA8A,-0.1582612499999999
IFNA10,-0.040672499999999945
NTAN1,-0.13066750000000005
WDR59,0.08126375000000008
GUCA1A,0.025985000000000036
ZDHHC1,0.15738874999999997
ASTE1,-0.10796624999999993
SOD1,0.13665375000000007
OR1F2P,-0.08404374999999997
INPP1,0.05472499999999997
C1orf122,-0.10966749999999997
TRIM52,-0.08139125000000008
HMGB1P37///HMGB1P10///CTCFL///HMGB1P1///HMGB1,-0.05175250000000009
GCSAML-AS1,0.12866124999999995
CTLA4,-0.04706625000000003
OAF,0.13405625000000004
LINC01585,0.0065212499999999785
DNMT1,-0.03484624999999997
CAV1,-0.043108749999999973
SIGLEC16,-0.006186249999999949
MORF4,0.0530337500000001
LRP2BP,0.04905124999999999
RDH13,-0.006961249999999974
RP1,-0.03261124999999987
POU2F1,-0.014807499999999973
KIAA1107,-0.04730125000000002
TCEB1P3,-0.0721612499999999
TNFAIP8L1,-0.027488750000000006
CABS1,0.0064749999999997865
OR2B3,0.07848375000000002
POLR2E,-0.2472637499999999
PADI2,-0.21836749999999988
FCRLB,-0.07864375000000001
MRFAP1,-0.099385
TMEM168,0.11353249999999998
LOC101928068,-0.08481749999999999
KRTAP9-8///KRTAP9-2,-0.06582374999999996
NDUFC1,-0.007733750000000039
CDK15,-0.19092625000000008
SATB2-AS1,0.06051374999999998
CDKAL1,-0.013543750000000021
LINC01600,-0.022945000000000104
LOC440982,-0.03148500000000004
RXFP1,-0.057520000000000016
PPP1R9B,0.2110462500000001
FAM71A,-0.007625000000000048
SP7,0.18428749999999994
CUL1,-0.02013749999999981
GFRA4,-0.26655999999999996
SFTPD,0.33163750000000003
TCEB3,-0.0844112500000001
LYPD1,-0.02773875000000009
LINC00410,-0.006490000000000051
LOC101929224,-0.14487125000000006
TRIM22,-0.15826249999999997
ADORA2B,-0.01740875000000003
LOC100130705,0.005395000000000039
SLC14A2-AS1,-0.0034499999999998976
DUSP14,0.1851762500000001
FAR2P1,-0.03858125000000001
ZNF862,0.00972374999999992
ARMCX5,-0.04481500000000005
PPP1CA,0.1545362500000001
IL21,0.04814499999999994
ADCY6,-0.02102499999999996
TUBG1,0.12127499999999991
MYH6,-0.11472375000000001
TLR3,-0.041508750000000094
UBL7-AS1,-0.07085624999999995
LOC728867,-0.011977499999999974
SRPX,0.06692124999999999
BRDT,-0.058396250000000094
MROH8,0.017586250000000136
C2orf83,-0.00692124999999999
CASC17,-0.006452499999999917
HCN3,0.03466500000000006
SPECC1,-0.00697125000000004
CD86,-0.1095850000000001
TXNL4B,-0.036657499999999954
ZNF473,-0.003973749999999943
CREG2,-0.04197249999999991
HORMAD1,0.11992875000000003
ZNF700,0.04480249999999997
LINC01213,-0.002951249999999961
LOC101928134,-0.03985124999999995
RASA3,-0.05731750000000002
GTPBP4,-0.07027749999999994
TAB2,-0.13091124999999998
ID2-AS1,-0.08623000000000003
MORN5,0.007051250000000009
LILRP2,0.017316250000000144
ZBTB34,-0.0038612500000000938
DNM1P41,-0.17344000000000004
HSPB1,-0.07838125000000007
TACC2,-0.09382374999999998
DKFZP586I1420,-0.01550250000000003
RPL18,0.26087375
HOXA13,-0.0782112499999999
LOC284242,-0.07370999999999989
HCG4B,-0.09344875000000014
LOC100130503///ARPP21,0.003535000000000066
KRTAP9-4///KRTAP9-9,0.02424499999999996
REG1CP,-0.025511249999999985
ANGEL1,0.09954375000000004
FMO2,0.41896124999999995
SOX9,0.08264249999999995
LINC00310,-0.09952500000000003
FAM71F2,-0.039473750000000085
LYPLA2P1,0.0894025
CORT,-0.08334124999999998
VEGFA,-0.08284499999999995
MRPS18B,0.0008324999999999028
AKR1D1,0.00216125000000017
CMYA5,0.009507500000000002
CHCHD2,0.10192750000000006
ZFP57,0.08092874999999994
RFX2,0.03783749999999991
TXN2,0.11260500000000012
FCHSD1,0.10966500000000001
ADAM20,-0.01550874999999996
RAI2,-0.017978749999999932
ASZ1,-0.0376574999999999
ORC5,-0.018808749999999985
ACTR1A,-0.07712499999999994
PAN3-AS1,0.008868750000000092
C10orf91,-0.055564999999999976
LINC00493,-0.019293749999999943
DACT2,0.13155249999999996
CHPF2,0.07643250000000001
MDGA1,0.14961875000000008
C18orf32,-0.031673749999999945
LOC105370962,-0.0999374999999999
PAPD7,0.03939875000000004
ATF7,0.0006349999999998857
PRO0471,-0.04972125000000005
GSTA4,-0.0809125
KAT6A,-0.10854374999999994
GNG11,0.020359999999999878
PLXDC2,0.057943749999999905
DEDD,0.08735124999999994
BAG2,0.04225749999999989
OPRM1,-0.0407499999999999
C1QBP,-0.10076375000000004
GBE1,0.0794187500000001
BCL10,0.03171375000000004
LOC101927416,-0.0060912499999999925
IKZF4,-0.005741250000000031
IKZF3,-0.03852124999999995
SH3KBP1,0.018494999999999984
SLC35F6,-0.12692375
C2orf88,0.183575
UCHL3,-0.031420000000000003
LOC100132853,-0.07743374999999997
LOC283484,-0.01872999999999997
CORO1C,0.10187875000000002
LUNAR1,-0.07552625000000007
LINC00619,-0.05279375000000014
XPO5,-0.011787499999999895
SSC4D,-0.07875625000000003
NSD1,-0.003960000000000019
LOC729461,-0.05669249999999998
MB21D2,0.0031387500000000235
DKKL1,0.30517125
SMIM2,0.08204625000000004
TMEM246,-0.13926500000000008
ZNF212,-0.10015625
CLVS2,-0.01117499999999999
RPS11P6,0.015435000000000032
DQX1,-0.037434999999999996
PTPRH,0.18759750000000003
PCDHA2,-0.01629999999999998
CH25H,-0.06357250000000003
PANK3,-0.054145000000000054
LIG1,0.16958500000000004
AURKA,-0.02784749999999997
RPL17,-0.03127374999999999
ACSS1,-0.04943375
TTLL2,-0.07451625000000006
LOC100507424,-0.15679124999999994
ABHD17B,0.020148749999999938
CCDC15,-0.032531249999999956
LOC100996694,0.08051125000000003
SLCO1C1,-0.06610624999999998
VWA1,0.19633000000000006
LIN28B,-0.04274249999999996
LOC101928191,-0.11496125000000001
BTRC,-0.06074875000000002
GALNTL5,-0.011767499999999986
NCSTN,-0.10816500000000001
PEA15,0.25485500000000005
LINC00508,0.022258749999999883
MYF5,-0.027294999999999958
LOC387826,-0.06440625000000005
SART3,-0.05442499999999989
EBPL,0.10519749999999994
TNFSF13B,-0.04706374999999996
ISG20,0.11706374999999997
LOC100130797,-0.17634875000000005
PIP4K2A,-0.06304250000000006
TNC,0.052308750000000015
NOL10,-0.04427999999999993
LINC01103,-0.02833500000000011
PLEKHG1,-0.01651750000000002
LINC00951,0.08240375
PJA2,-0.059576250000000164
LOC101928861,-0.16831000000000007
WDR47,-0.0059975000000001555
HAUS8,0.025043750000000087
DACT1,-0.06001124999999996
NOX4,0.08020125
CACNG6,0.05373374999999997
TCEA1,-0.0484575000000001
SERPINB12,-0.11685499999999993
AACS,0.16516375
XRRA1,-0.008350000000000024
QRICH2,-0.17380874999999996
SNORA28,0.05043000000000003
MYADML2,0.024970000000000103
LINC00167,0.05988749999999998
SMAP1,-0.004304999999999948
SMIM13,-0.016735
BRMS1,0.13162999999999997
CDK5RAP1,-0.037617500000000026
PCED1B-AS1,-0.04131625
RCN2,0.02913625000000003
FOXC2,-0.12932125
CMA1,0.06616624999999993
VWF,-0.09314749999999994
FYCO1,0.046394999999999964
ZNF613,0.004542499999999949
MLX,-0.021236250000000123
LOC105372404,-0.05327500000000002
ZKSCAN5,-0.061419999999999975
CPXM2,0.012611249999999907
SLAMF1,0.019972499999999893
OR2M4,0.038654999999999995
DLAT,0.011581249999999987
CKAP2///SHB,0.18239750000000005
GTF3C2-AS1,0.014443750000000033
SPTLC1,0.08892124999999995
SOX30,0.011457499999999898
ECHS1,0.019408750000000086
MAS1,-0.04616750000000003
TSPOAP1,0.03656375000000006
SLC4A1,-0.08399999999999996
RPGRIP1L,-0.01143999999999995
LOC101928553,-0.11816375000000007
TRIM44,-0.06140124999999996
RPS2,-0.0225225
AK4P3///AK4,-0.04060250000000004
C19orf54,0.12589624999999993
ASPN,-0.046467499999999884
ZNF674,-0.04091249999999985
DCAF11,0.1479775000000001
C19orf48,0.08369375000000007
PRCP,-0.02119499999999991
TMTC4,-0.05370250000000004
PANX1,0.05072375000000001
TSSK1B///TSSK1A,0.08899625
LOC100505666,-0.18843125
FGF6,-0.10487625000000006
ATP2A1-AS1,-0.03197125000000012
LOC101927901,0.06402874999999997
CLN5,0.12416375000000002
TRIM51,0.0955574999999999
LINC00588,-0.0400974999999999
SHTN1,0.0025049999999999795
QRFPR,-0.09839000000000003
CPXCR1,-0.10981250000000004
UBP1,-0.09069125000000006
LOC105378828,-0.1225962499999999
PLXNA1,-0.07517624999999994
IVD,-0.16010375
CD160,0.20838374999999992
ZNF180,-0.0007087499999999802
CCER1,-0.020993749999999978
EXOSC7,-0.12362750000000006
WDR73,0.00896250000000004
GPR87,-0.028777499999999956
TBL1Y,-0.1574649999999999
TLX1,0.046348749999999994
PRKCH,-0.08994999999999997
COQ3,0.02503749999999999
DNAJB8-AS1,0.06656375000000009
FAM193B,0.2258900000000001
S1PR5,0.11931750000000002
RNFT2,-0.015300000000000036
GTF2IRD2,-0.154835
SEMA4A,-0.02938999999999997
SCML2///SCML1,-0.017587500000000034
WIPF2,-0.029136249999999864
TAF1,-0.05344375000000001
LOC107985428///LINC00659,0.06594749999999988
SLC6A12,-0.10840500000000008
EMX2OS,0.031833749999999994
HAR1A,0.002927499999999972
C1orf162,-0.20998500000000003
RAB24,-0.1925925
HOXB-AS3,0.16307000000000005
PNPT1,0.05754874999999998
SNHG5,-0.042921249999999966
FAM107A,-0.09458749999999994
MYL7,-0.08969875000000005
ACSM2B///ACSM2A,-0.015831249999999852
IL20RB,0.015782499999999977
APOOL,-0.021631250000000046
PFKFB3,-0.047829999999999984
NAIP,-0.012843750000000043
LOC101928682,-0.07137000000000004
ADAMTS15,-0.046681249999999896
RNMT,-0.034640000000000004
LOC100049716,-0.033299999999999996
GALNT7,-0.09402750000000004
COPZ2,0.14785500000000001
YWHAB,0.037856250000000036
OLFML1,-0.05243624999999996
GABRR3,-0.03861500000000001
SLC10A1,0.034805000000000086
WWC3,-0.08484499999999995
LINC00930,0.11830249999999998
TICRR,-0.07161249999999986
C9orf64,0.04785375000000003
SLC1A3,0.04055625000000007
RAB3D,0.04175624999999994
ARHGEF34P,0.033241250000000055
LOC100129899,0.12680375000000005
SPHAR///RAB4A,-0.015189999999999981
OR51A1P,0.027160000000000017
IFIT5,0.07350875000000007
LRP6,-0.10301625000000003
AJAP1,-0.11267124999999995
TUBB1,0.07050125000000007
SLC23A1,-0.10878749999999998
CHSY1,-0.019372500000000015
BAIAP2L2,-0.007803749999999943
LAMC1,0.025317499999999937
SPATA42,0.03429750000000009
PHF5A,0.002587499999999965
ST6GALNAC3,0.02065374999999997
ZNF346,0.044087499999999946
RABGGTB,-0.014822500000000072
SNED1,0.10890875000000011
POLR2D,0.010889999999999844
MS4A5,0.06176999999999988
GATA6-AS1///LOC728473,-0.03837249999999992
PTH,-0.016174999999999995
MCHR1,0.07524250000000005
ASXL3,-0.13225624999999996
LOC101060553,-0.037633749999999966
NPIPB4,-0.0186075
GID4,-0.034841250000000046
APOBR,0.13344000000000011
OR10A4,0.05722625000000009
CARS2///ING1,0.04275749999999995
LOC100130868,-0.024801249999999997
GPHA2,-0.025627500000000025
ACAD9,0.0051075000000000426
METTL26,-0.04964000000000007
SCARA5,0.07736875000000004
GTF2IRD1,-0.1243487499999999
RALA,0.11331625000000001
MTFMT,-0.1307312499999999
CYP4F11,0.028197500000000042
FGFR1OP,-0.02967750000000008
PLEK,-0.046746250000000045
EPHB2,0.04738749999999997
GNA15,-0.019112500000000143
RNASEK,-0.0932
KLHL20,0.10839125
TSPYL5,0.005598750000000097
GNRHR,-0.017226249999999943
PIK3C2B,0.10638625000000002
CYSTM1,-0.008209999999999995
EPHA10,0.0893112499999999
GORASP1,0.2228849999999999
PRSS33,-0.11023625000000004
FRS3,-0.04575625
C2orf81,-0.08902750000000004
ALDH8A1,-0.10123249999999995
ZBED3-AS1,-0.054393750000000074
FAT4,-0.02538874999999996
LOC284570,0.06695374999999987
EBF3,-0.047061250000000054
SUZ12P1///SUZ12,0.04448874999999991
PDE6D,0.12497874999999992
KIF15,0.05279999999999996
CDC37P1,-0.15135875000000004
ZDHHC5,-0.07712625000000006
CT83,-0.032946250000000066
FAM118A,0.1783025000000002
EPN3,0.19213125000000003
HTATIP2,-0.02559750000000005
SDCBP,0.02711874999999997
CTNNA2,-0.05989749999999999
LINC00311,-0.010000000000000064
CNBD2,0.05490374999999992
HDAC3,-0.2796775
LOC100133459///NBPF10///NBPF8///AE01///NBPF9///NBPF15///NBPF11///NBPF12///NBPF3///NBPF1///NBPF14,-0.008018750000000019
KCNQ2,0.008619999999999961
TCEB3C,0.07155249999999996
FLJ30719,0.025321250000000073
ZNF681,-0.1197700000000001
UGGT1,-0.03263124999999989
TRBV16,0.18151750000000005
BPGM,-0.02249625000000005
MAFG,-0.020028750000000095
GHITM,-0.14868125
PYGL,-0.08022124999999986
CNTN3,-0.10111875000000003
PRR15L,0.03167749999999997
EXOC3L4,0.09329499999999996
ASPSCR1,0.0224375
PLEC,0.11789
SIGLEC1,-0.0066187499999998956
KRT82,0.033204999999999985
LOC100134695///LOC100132964///LOC100132080,0.01760874999999995
ATP1B2,0.2254287499999999
KIAA0754,-0.026180000000000037
OR7E104P,-0.09548374999999992
SOGA3,0.22225750000000005
MNAT1,-0.025963749999999897
PTPRF,-0.0037937499999999846
MAGEA11,0.05513999999999997
PKN3,0.01844374999999998
FLJ27354,0.021345000000000003
MAGOH,0.21170999999999995
LAMC3,0.015722499999999973
DISP1,-0.017643749999999958
KCNK9,-0.001655000000000073
KCNH1,0.07239749999999995
BPI,-0.01263375
SMIM4,0.09129500000000007
TMEM135,-0.013806249999999964
FUT6///FUT5///FUT3,0.03651250000000017
EIF3J-AS1,0.01575500000000002
RERGL,-0.06511499999999992
TMEM132E,0.20040500000000006
SS18L1,0.05265125000000004
LOC81787,0.19152625
GPX8,-0.06281499999999995
FAM177A1,0.07249750000000005
NBEA,-0.03598750000000006
IL10RA,-0.026476249999999923
CMIP,-0.12104500000000001
HECTD2-AS1,0.011565000000000047
DAW1,-0.010021249999999926
KRT15,-0.051013750000000024
MCM3AP,0.04317125000000005
RIPK3,-0.023734999999999895
ZNF10,0.05035000000000006
LOC101929762,0.015611249999999965
LINC00964,-0.18905500000000003
YBX1P2///YBX1,0.18123750000000005
LOC100128840,0.07292999999999994
LOC100132249,-0.07424124999999998
ANKRD55,-0.025727500000000014
SPINK1,-0.12284375000000003
KIF1B,-0.14046000000000014
AMD1,-0.0266575
TEAD2,0.4251275000000001
DPH2,-0.057703750000000054
PHB2,0.02419625000000003
RPLP2P1,0.02784374999999989
CYP2A7P1,-0.046099999999999974
ZCCHC12,0.04628375000000007
TUBBP5,-0.07101500000000005
PBX3,-0.07588250000000002
UNC50,0.002212500000000117
FAM221A,-0.026688749999999983
GDI1,-0.10445999999999983
PCDHGA4,0.03322125000000009
MRPS7,-0.15406999999999998
KMT2E-AS1,0.043078750000000054
HTR1D,0.05252749999999995
CCDC151,-0.26452500000000007
LINC01351,0.008872500000000061
LINC01482,-0.08503499999999997
LOC100128405,-0.016716249999999877
FMO1,-0.039247500000000046
LOC285696,0.11076874999999992
MKNK2,0.03199875000000002
NUP43,-0.030231250000000043
LHX2,0.08237500000000003
ZNF530,-0.016072500000000045
LIX1,-0.035057499999999964
C12orf50,-0.03882249999999998
FGF4,0.14809375000000002
PNLIPRP3,-0.11517250000000001
TFAP2D,-0.014421249999999941
SLC35D1,-0.009367499999999862
JCHAIN,-0.04532625000000001
RUFY1,0.0015137499999999804
KIAA1468,-0.026222500000000037
C10orf99,0.24761750000000005
ADAR,-0.19595499999999988
DAB1,-0.1235775
LOC105369705,0.052006249999999976
LOC284294,-0.028713750000000038
FLG2,0.023285000000000056
SP5,0.05626625000000002
RNF217,-0.025608750000000013
LOC100131941,-0.06880999999999993
STX1A,0.32117749999999995
LOC101928491,0.04144624999999996
ODAM,-0.027066250000000014
KDM4A,0.2966775
LOC100240728,-0.05471625000000008
WDR55,-0.04062125
STAG3,-0.1540074999999999
TRH,0.1644937500000001
LINC00644,-0.0258525
MLIP,-0.036807500000000104
KIAA1804,-0.020639999999999936
UGT1A3///UGT1A1///UGT1A4///UGT1A9///UGT1A5///UGT1A6///UGT1A7///UGT1A8///UGT1A10,-0.01763999999999999
LOC100129198,-0.06346000000000007
KATNAL2,-0.023776250000000054
MOCOS,0.14663749999999998
BORA,-0.09314999999999984
FAM163A,-0.06310749999999998
HUS1,0.06326500000000013
TMEM51-AS1,0.053636249999999885
PDGFA,-0.07854875000000006
ARL14,-0.07675500000000013
TNRC6C-AS1,-0.09420125000000001
HPS1,0.07930375
ODC1,-0.010450000000000015
ART3,-0.015220000000000067
POLR2G,0.17797000000000002
MYL6B///MYL6,0.03440750000000009
CCDC169///SOHLH2,-0.26402999999999993
DCST2,-0.029727499999999962
ITPKC,0.031128749999999983
RPL17P7///RPL17P18///RPL17P16///RPL17P36///RPL17P22///RPL17P39///RPL17P34///RPL17P25///RPL17,-0.08361999999999997
FAM230C,-0.07810249999999996
RASD1,-0.09825249999999996
GUSBP3///SMA5///SMA4,-0.03271500000000005
LINC01003,-0.026582500000000064
SYNPO,0.00850250000000008
CHRNA10,-0.01507124999999998
LOC100128146///ANP32A,0.08499999999999996
IMP3,-0.11785625
APC2,0.14731624999999998
CTDSPL,-0.12228624999999993
LOC101929488,-0.11062250000000001
PDZK1IP1,0.08690000000000003
LOC729810,-0.042669999999999986
NUP155,-0.2546225
CD163L1,-0.04675125000000008
SHE,-0.04581500000000005
KIAA0087,-0.01376499999999986
SLC24A5,0.20280124999999993
LOC105379178,-0.02648875000000006
POPDC3,0.1474649999999999
KBTBD3,-0.051311249999999975
DES,0.1395575
UBE2Q2,-0.022713750000000033
DAPL1,-0.08581999999999995
CC2D1B,-0.09379124999999994
GPBP1,0.10827374999999989
STYXL1,-0.1031287500000001
ACP2,0.18418875
LOC400684,-0.055442500000000006
LINC00992,0.04246375000000002
SMCP,0.19394374999999997
DDR2,-0.010808749999999978
TRIP4,-0.06663999999999992
PTPDC1,-0.04761875000000004
AUNIP,0.07122749999999994
LOC105374290,0.006164999999999976
MALSU1,-0.09067875000000003
LINC00559,-0.03488000000000002
LOC101927402,0.002171250000000069
LOC727924///OR4N4,-0.09952000000000005
SIX1,-0.02625749999999999
HGC6.3,0.09941874999999994
C16orf86,-0.05475875000000002
GDF5,0.03443874999999996
BOLA3,-0.03025499999999992
CEBPG,-0.017607500000000054
MOCS3,-0.039917499999999995
RBMY2FP,0.0423675
S100A14,-0.061841250000000014
POLQ,0.14574374999999995
SLC25A40,-0.03284999999999999
LOC100130809///SRY,-0.125025
USP8,-0.013180000000000025
UNC119,0.10280500000000015
KRTAP10-11,0.3438099999999999
GPR107,-0.0062249999999999805
SORBS3,0.11356500000000003
COX17,-0.014663749999999975
RPL14///IGL,0.27692375
ZBED6CL,0.15093749999999995
CLEC4E,-0.036726250000000016
ZNF510,0.04454125000000014
LOC100507391,-0.1374625000000001
LOC100133920///LOC286297,0.320935
LOC101927165,0.06449624999999987
CNOT2,-0.10556625000000003
MED20,-0.16056000000000004
IMPG1,0.00046874999999990674
AMZ2P1,0.08712249999999999
ALDOC,0.2861325
FGD5-AS1,-0.14637375000000008
ECE1,0.008140000000000092
AEBP1,0.002792499999999809
USP30-AS1,-0.0899625
WFIKKN1,0.24190874999999995
PPP4R1,-0.08674624999999991
LOC100133916///MED18,-0.13908499999999996
FER1L5,-0.06286625000000001
PTCD1,-0.06642874999999993
GUSBP2,0.013007499999999894
CYP4B1,0.031687500000000035
LENG8,0.096605
B3GAT1,-0.06489999999999996
APCDD1,0.01544000000000001
MUM1,0.059758749999999916
CASC10,-0.007517499999999955
UMODL1,0.08449249999999991
SNRPD1,-0.03980250000000002
FREM2,0.10652375000000008
CFAP52,-0.02243374999999992
TTPA,0.006589999999999985
CEBPA-AS1,0.025856249999999914
CLSTN1,-0.07023999999999997
SHCBP1,0.005386249999999981
ZC3HAV1,-0.0591525
PTPRT,-0.07393125000000006
L1TD1,0.002283750000000029
NUP37,-0.00940000000000002
RGL2,-0.02186374999999996
CCDC88B,0.23750625000000003
SLC35A5,0.08187875000000011
DPP10,-0.012596249999999976
PHEX,0.06988374999999997
OAS1,-0.04068749999999999
DTNB,0.013587499999999919
FAM178B,0.31967500000000004
MAP3K9,-0.16208500000000003
SPTAN1,-0.008130000000000026
LOC283482,-0.04675625
LOC102723335,0.007464999999999999
LINC00877,0.04589750000000009
LOC153811,-0.03830250000000002
JUND,0.15106875000000003
IQCF6,0.09890500000000002
PHKA2,0.0005187499999999567
CRBN,-0.04531249999999998
BEX2,-0.03587375000000009
LOC100129029,0.12299749999999998
CCL23,0.013131250000000039
C2orf80,0.11754124999999999
SYT15,-0.12030999999999997
BFSP2,0.0020250000000000545
TMEM43,-0.017936249999999987
KRT18,-0.009561250000000021
STARD6,-0.055944999999999856
ZNF710,-0.05598124999999993
DAPK1,0.001997500000000041
DSP,0.1735624999999999
EIF1AXP1///EIF1AX,-0.00029125000000002066
RPS7,-0.10672500000000007
TBCEL,-0.013261250000000002
PHF21A,-0.02868250000000011
FMC1,-0.09377750000000001
CES4A,0.11235374999999997
C12orf77,0.016676249999999837
SLC52A1,-0.201415
KLHDC7A,0.05416000000000004
SLC4A8,-0.09295250000000005
LOC105379362,-0.02751624999999991
PTRF,0.09057250000000022
CYP27C1,-0.030303750000000074
SLC27A1,0.05737000000000003
SRRD,-0.14448250000000007
GALNT14,-0.13387874999999994
MYBPC1,0.14006375000000004
PROX1,-0.1265725000000001
LINC01560,0.0011712500000000126
GATB,-0.05138375000000006
LINC01111,-0.026196250000000032
PDIA5,0.0011525000000001118
AKR1B1,0.07185750000000002
LHFPL4,-0.05910874999999999
KLF1,0.04899624999999996
MOBP,0.06690875000000007
DSG4,0.02095874999999997
LOC100131622///PABPC5,-0.019572499999999993
CCDC191,-0.002677500000000055
KEAP1,0.05197250000000003
PLCZ1,0.013041250000000004
PLGLB2,-0.0195499999999999
KRT73,0.028607499999999952
B3GNT4,0.0007549999999999502
DTX4,-0.08010624999999993
FHL5,0.04508750000000006
LOC101928449,-0.06742375000000006
PNMA6B///PNMA6A,0.12040625000000005
TTC36,0.1592925
DIMT1,-0.027293750000000006
PGM5P1,-0.02721499999999999
PDZD9,-0.10029499999999997
RLN2,0.11027125000000004
LYPD6,-0.024832500000000035
LOC730098,0.18476500000000007
RNF111,-0.007624999999999993
LINC00668,0.10052874999999994
MUC8,0.4542325
AMOTL1,0.02035249999999994
RHEBL1,0.015468749999999976
SDHAF2,-0.04520875000000002
PDPR,-0.005011250000000023
CCP110,0.03981125000000002
NFE2L1,0.012692499999999995
MPP4,-0.06423499999999999
COL4A4,-0.05124249999999997
PHF12,-0.03855749999999991
COPB1,0.17983875
DNAL1,-0.12176500000000012
FAM196B,-0.05864124999999992
GNPNAT1,0.014507500000000118
PSMB5,-0.1702612500000001
LINC00672,0.08302624999999997
SRPRA,-0.010845000000000105
STXBP5,-0.04555624999999991
GORASP2,-0.06661624999999999
ATP8A2,-0.0629325
NUDT10,-0.017567500000000014
TMEM37,0.047955000000000025
TTLL10,0.0045037500000000286
TMEM14A,-0.06772749999999983
DMRTB1,0.1349037500000001
CBS,0.016551250000000017
GDPD5,-0.04842124999999997
ABCC5,-0.033327499999999954
PPIB,-0.005166250000000039
ANO3,-0.09613125
DRAP1,0.11461249999999995
ZNF365,-0.03248000000000001
CDK2AP1,-0.04448499999999994
TDRD5,0.09899250000000004
PCDHB2///PCDHB3,-0.01777124999999996
TSPAN14,0.05167624999999998
AP3D1,0.10128125000000004
LINC01102,-0.10235500000000014
AGBL1,-0.021320000000000006
ROM1,-0.0475425000000001
REG1A,-0.11789
CPE,-0.14463125
PLA2G12B,-0.04328500000000002
ACOT1///ACOT2,0.29459374999999993
TMEM59,-0.05919125000000003
PHLPP2,0.09394000000000002
VCPKMT,-0.03498124999999991
DUSP3,-0.03864624999999988
NFXL1,0.09469875000000011
NGF,0.018510000000000082
CCDC167,0.04452375000000003
LOC284014,0.21646124999999988
APPL2,-0.042733750000000015
ZDHHC18,-0.018466250000000017
LZTFL1,0.07560249999999996
HERC2P9///HERC2P2///HERC2P3,-0.0699625000000001
MBOAT1,-0.020710000000000006
LSM3,-0.039707499999999896
APOB,-0.02063374999999995
C2CD4B,0.3950112500000001
NFATC2,-0.08352124999999988
CFP,-0.006873750000000012
LOC100507443,-0.020738750000000028
TMEM192///ZNF320,-0.008492499999999903
TBX18///PMS2P5///PMS2P1,-0.030339999999999923
SLPI,0.18387874999999998
LOC100506498,0.028230000000000033
ZNF154,0.12690250000000003
RND1,0.015321250000000064
TMEM131,-0.0897012499999999
UBE2L6,0.09695124999999999
TMEM117,-0.05637499999999995
C8B,-0.07773374999999988
ZNF19,0.1657212500000001
NT5C2,-0.04241249999999991
ESRG,-0.07894374999999998
ENY2,-0.04415874999999997
MYCNUT,-0.050779999999999936
CHFR,-0.05793375000000012
ADNP2,0.023455000000000004
NMU,-0.00686500000000001
SETMAR,-0.02939749999999991
MMP21,-0.015603750000000027
UGDH,-0.06860875000000005
SLCO1A2,-0.1003274999999999
FGF13,-0.03183625000000001
RPL7P12///RPL7P32///RPL7P24///RPL7P20///RPL7P26///RPL7P23///RPL7P58///RPL7P8///RPL7P48///RPL7,-0.08971625000000005
ERCC4,-0.20733250000000014
NUP88,-0.1606325
LINC01118,0.2324987500000001
KIAA1210,-0.018601250000000014
OSBPL5,-0.01752875000000015
KRT72,0.024018750000000033
DROSHA,-0.03372375
SRP9P1///SRP9,-0.08623374999999994
RIMKLA,0.14599750000000006
HCRP1,-0.08839625000000007
CBL,0.01745125000000003
ZFAND6,0.08809375000000003
KRTAP4-1,0.07078000000000001
NXNL1,0.4336275000000001
POP5,0.03744999999999993
CFC1B,-0.10455250000000005
SST,0.046932500000000044
TXNDC2,0.011012500000000092
TUBA3FP,0.0009125000000000938
TBCA,-0.049759999999999915
CHEK1,-0.07221500000000008
ITGB2-AS1,0.23941999999999997
GALNT4,0.0023637500000000533
LOC646903,-0.09486750000000005
LOC391132,0.1001475
LURAP1L,-0.09463749999999999
STRA13,-0.15181
RAF1,-0.04033250000000005
COL7A1,0.24102499999999993
PRKAR2B,-0.003721250000000065
PAGE1,-0.005862500000000048
CLDN20,0.10028499999999996
TRIB3,-0.07688624999999999
ZNF674-AS1,0.01727625000000005
EXOSC1,0.15021499999999993
SH3GL1P2,0.42879375000000003
WNK3,0.1277100000000001
MTMR9,0.02765500000000004
AMBRA1,-0.0371712500000001
TRIM37,-0.02714124999999995
FPR3,0.02327749999999995
CRAT37,-0.051732499999999904
AAGAB,-0.1632675
BACH2,-0.1276775
LOC100133811///LOC100133661///LOC100133484///ECRP///ZNF749///RNASE2///HLA-DRB5///HLA-DRB4///HLA-DRB3///HLA-DRB2///HLA-DRB1,-0.09972249999999994
C18orf8///NPC1,-0.02437125000000001
HTRA3,0.12412375000000003
FGL2,-0.061522499999999924
RPS12,0.07582374999999997
CSF3R,0.21189749999999996
CLNS1A,0.08385124999999993
SMTNL1,0.12024124999999991
NAALADL2-AS3,-0.0019062500000000537
PRICKLE2-AS3,-0.0033237500000002362
MFSD14A,-0.027868749999999998
LINC00242,0.003162500000000068
ODF4,0.06224499999999994
DNAJC9-AS1,0.12127500000000019
LRRC71,0.04492750000000001
RBPMS2,-0.10470874999999985
OPLAH,0.08293250000000002
PET100,-0.04322375000000006
TMEM261,0.008126250000000057
TEDDM1,0.0548412499999999
CADM2,-0.044833750000000006
GRAMD2,-0.13356374999999998
PHTF1,-0.07567750000000001
RFXANK,-0.05975875000000008
KCNJ9,-0.07514749999999998
MNS1,-0.04939374999999996
GLI2,-0.025827500000000114
ARHGEF39,-0.0014975000000000405
OSBPL10,0.2210125000000001
EPHX4,-0.011688750000000081
MELK,0.01132124999999995
BSND,0.34886750000000005
ZNF566,-0.02543499999999993
CNR2,0.10134374999999995
PKP4,-0.03324624999999998
GPBAR1,0.11984875
PHACTR3,-0.01030749999999997
PDHB,0.030315000000000092
FAM133B,-0.04759000000000008
GFI1,-0.038496250000000065
SZRD1,-0.00910875000000011
LCA5L,-0.010816250000000083
KL,-0.01436874999999993
LINC01366,0.09973124999999994
UGT2A1,-0.041045
SLC25A22,0.021500000000000075
LOC100133459///NBPF10///NBPF8///AE01///NBPF9///NBPF15///NBPF11///NBPF12///NBPF1///NBPF14,-0.05482999999999999
EZR,0.014969999999999928
LOC100130349,-0.019610000000000016
LINC00708,-0.00029250000000013987
CTRB2,0.012862499999999999
UBE2E2-AS1,-0.0010262500000000063
PLPPR3,0.16688124999999993
ORM1,-0.01629499999999995
RBM17P4,0.11962250000000013
LINC00210,0.07937375000000002
LOC101929279,-0.12948125
LOC101928580,0.11308125000000002
GAN,-0.012253750000000063
PPP2R1A,0.08615249999999997
LOC100289361,0.09687374999999987
LRRC37A4P,-7.499999999993623e-05
S100A5,-0.06509874999999998
CRISPLD1,0.011285000000000045
LOC340074,-0.06975000000000003
PLIN1,-0.012623749999999934
GOT1,-0.016138749999999924
RTP4,-0.020558750000000015
MIR600HG,0.06169750000000007
SPAG5-AS1,-0.025804999999999967
METTL4,-0.052449999999999886
GH2,-0.21426625000000005
FAM13B,-0.01437625000000009
PRPF31,-0.015219999999999956
SH2D4A,-0.07900750000000001
SEC22A,-0.03241125
POP7,-0.15860749999999996
ZNF611,0.05152000000000001
COA1///CNN2,-0.027640000000000053
PDLIM2,-0.16824000000000006
PRR34,-0.13391000000000003
OR1E2///OR1E1,-0.025945000000000107
TSPAN32,0.029166249999999894
CPSF4,0.05844875000000005
RPS2P45,-0.12288625000000014
PGBD3///ERCC6,-0.02503375000000002
ENDOU,0.024492499999999973
LOC101929413,-0.04757624999999999
SSH1,-0.06373500000000004
ALKBH3-AS1,0.051947500000000035
ADGRG3,0.08735250000000006
SMOC2,-0.09085875000000004
LOC100132409,-0.0318925000000001
COQ4,-0.00819624999999996
PSMC1,0.030253749999999913
NR2F1-AS1,0.039413750000000025
LPAR3,-0.09315374999999998
CXorf51A,0.055018750000000005
CLLU1,-0.0443349999999999
LOC100132804///EEF1A1P29///LOC728672///EEF1A1P24///EEF1A1P22///EEF1A1P9///EEF1A1P17///EEF1A1P35///EEF1A1,-0.051311250000000086
C14orf91,-0.02727750000000001
DCP1A,0.12951125000000002
ACTL10,0.14285375
ABCD1,0.20560500000000004
LOC440434,0.043014999999999914
EPHA8,0.09432124999999991
CSN1S1,-0.06229249999999992
DNASE2B,-0.05711875000000011
SEC24C,0.25553624999999985
SMG1P1,-0.003182499999999977
OR7C1,-0.013155000000000028
MEIS2,-0.05120625000000012
SMARCA2,8.87499999999708e-05
BCAM,0.19954250000000007
LVRN,-0.11212875000000011
TIMM10B,-0.10648374999999993
CCDC169,0.07670500000000002
WWP2,-0.014002500000000029
LOC650024///CT55,-0.10692999999999997
MSL2,-0.03948250000000003
MYLPF,-0.022657499999999886
LOC100129857,-0.015063750000000042
PRND,0.04760000000000014
FAM47C///FAM47A,0.007968749999999913
LINC00606,0.06290624999999994
ALDH9A1,0.039936250000000006
CEP164,-0.04921874999999992
FMR1,0.04743000000000014
PSMG2,-0.04078375000000001
GPR6,0.03280249999999996
LINC01098,-0.03334999999999999
ZNF101,0.130305
LOC102724708,-0.022277500000000117
TMEM164,-0.04999999999999993
ZDHHC23,-0.16528249999999994
ABCB11,-0.025637499999999924
TMEM223,0.05207999999999996
TRHDE-AS1,-0.0439925000000001
AMER1,0.045331249999999934
COG4,0.06327874999999994
CST5,-0.016144999999999965
NRL,-0.006943750000000026
POMP,0.05109250000000004
SCHIP1,0.015217499999999995
TIMM23,-0.04156874999999993
DMGDH,-0.0581937500000001
BIN3-IT1,0.14260125
ZNF394,-0.03947250000000002
SPACA9,0.0018737500000000074
DDX10P2///DDX10,-0.021009999999999918
ERGIC1,-0.007337500000000052
EP400,0.06294499999999997
CDHR2,0.10605749999999997
NAA38,-0.023266249999999933
NEMP1,-0.05108625
CMTM1,0.023872499999999908
CADM4,-0.19075249999999988
LINC00545,-0.23745499999999997
DCAF17,0.009692500000000104
FAM120B,-0.1967625
GOLGB1,-0.09391374999999996
GTF2IP4///GTF2I,0.08897250000000001
PCDH11X,-0.009296249999999895
PIK3R2,-0.005950000000000122
MYH11,-0.12184500000000004
LOC101929116,0.13465874999999988
LOC401312,-0.11392375000000005
SIRPG,0.11317125
MKRN3,-0.06088624999999992
UHRF2,-0.09860375000000005
SYP,0.038065000000000015
LOC642469///DVL1,0.17950875
WBP2NL,-0.012747500000000023
FHOD3///TPGS2,-0.09227000000000007
FOXF1,0.0188549999999999
HLA-J,0.16813124999999995
PRODH,-0.028759999999999952
CACNA1H,0.21635250000000006
ASB11,-0.06762875000000002
IL11RA,0.10808999999999996
LOC105371703,-0.031062500000000104
ST6GALNAC6,0.03633249999999988
LINC01607,-0.06552499999999994
ZNF746,-0.018674999999999997
LOC101927809,0.02579375000000006
FMOD,-0.16494875000000003
GTF2F1,-0.020642499999999953
KIAA0319,-0.019792499999999935
KLHL21,0.011002500000000026
LOC101927539,0.31944124999999995
UCHL1,0.06038874999999999
CST4,0.24249124999999994
TRIL,0.01851124999999998
FAT1,-0.03086500000000003
C15orf39,0.007080000000000031
DNAJC5B,0.06411250000000002
PRRG3,0.0071287500000000725
NUP133,-0.030207499999999998
FKBP9,-0.01716000000000012
LOC100131004///KIAA1671,-0.0637012500000001
BHLHE40,-0.04416874999999998
DHX58,0.03870499999999999
KSR1,-0.11316750000000009
PSMB8-AS1///TAP1,0.050237499999999935
CFC1B///CFC1,-0.022286249999999896
ZZZ3,-0.02966625000000006
LATS2,-0.013503750000000092
NTN1,-0.07854500000000003
C19orf70,0.09511375
LINC01500,-0.005461249999999973
LOC101928284,-0.03893500000000005
CARD10,0.13347624999999996
RPL21P16///RPL21P119///RPL21,-0.10623749999999993
PKD2,-0.026466249999999913
ZNF28,-0.03773500000000002
ZNF775,0.11219749999999995
LOC100128570,-0.08618124999999993
FAM66D,-0.03462250000000011
HLA-J///HLA-H///HLA-G///HLA-B///HLA-A,0.41470624999999994
LOC100506606,-0.005473749999999888
LOC101928306,-0.08559375000000008
LOC101927869,-0.14242
SNTB2,-0.00282625000000003
ATXN1,-0.045473749999999924
BCL2,-0.06072500000000003
HRAT13,0.016651250000000117
INHBA,-0.014935000000000087
SAMD9L,-0.04598125000000003
PHF19,0.2231475
SKA2,-0.04429624999999998
CDC25A,0.03834749999999998
KCNH5,-0.02061750000000001
TRIM69,0.05170375000000005
LOC100134331///IGHA2,-0.009781249999999964
LINC00612,-0.06043624999999997
KLLN,-0.010205000000000186
MLLT1,0.15409374999999997
GOLGA7,0.005305000000000004
BPIFB1,0.045215000000000005
RAD23A,-0.21482749999999995
FIGNL1,-0.03683750000000002
PRDM4,-0.10744374999999995
C1orf158,0.11944750000000004
ZNF3,-0.08180750000000009
GTSF1,-0.0020499999999999963
RPP30,-0.15309875000000006
CTRB2///CTRB1,-0.00806374999999998
FMO4,0.09467499999999995
C15orf32,-0.035762499999999975
LOC105369230///HLA-DRB5///HLA-DRB4///HLA-DRB3///HLA-DRB1,-0.019518750000000085
FBXO44,0.17426874999999997
CHST2,-0.017141250000000052
LOC101927657,0.0509524999999999
HMP19,-0.05969874999999997
GJA9///MYCBP,-0.0022662500000000807
TSC1,-0.05218125000000007
SMR3A///SMR3B,0.06044250000000001
LINC00970,-0.019320000000000004
PATE1,0.1364125
NHLH2,-0.0052075000000000315
NAGPA,-0.20301875000000003
RAD51D,0.07483750000000011
RXFP2,-0.04363499999999998
MGC40069,0.042195000000000094
ADGRE3,-0.03804124999999997
SCOC,-0.0011312499999998615
LINC01440,-0.05187500000000006
LINC01107,-0.02711874999999997
BEND4,-0.025099999999999956
SULT1C4,-0.011619999999999964
KIT,-0.053636249999999996
MPI,-0.0831874999999998
C16orf71,0.14364500000000002
DSG3,-0.006504999999999983
PAG1,0.024729999999999808
PMS2P3,0.10727749999999986
LOC389641,0.077465
USE1,0.002161250000000059
LOC100507351,0.19080250000000004
ACOT4,0.17767125
B4GALT5,-0.03515875000000007
CCNB3,0.08599249999999997
DNAJC3-AS1,0.03519749999999994
DUSP7,-0.18069124999999991
ZSCAN1,-0.052357499999999946
TACSTD2,0.038564999999999905
ESX1,-0.019685000000000064
MBL2,-0.03025625000000004
LOC440117,0.004666249999999927
MAPK11,-0.07763249999999994
RAB43///ISY1,0.029978749999999943
SPATA31D1,-0.042195000000000094
ATG5,0.06286999999999998
UNGP2,-0.024878750000000005
WNT2,-0.07827250000000008
LOC100131721,-0.18534874999999995
NPTN,-0.04558249999999997
LOC100996419,-0.06026500000000007
LOC100134286///ATP2B2,0.19322499999999998
UST-AS1,-0.020673750000000046
LOC84214,-0.07181250000000006
TTI2,-0.14314875000000005
EFCAB14,-0.03882749999999996
PPDPF,-0.11344374999999995
CNOT8,0.027388750000000184
ARHGAP36,-0.025301249999999997
ZGPAT///LIME1,-0.006807500000000022
LOC100130452,-0.12163749999999995
CPA5,0.02491125000000005
COL5A3,0.09105125000000003
KRI1,-0.022242499999999943
MKRN2,0.027888750000000018
SGPP1,-0.03420375000000003
LOC101929745,-0.01864874999999988
TES,0.030670000000000086
LOC541472///IL6,0.040027499999999994
EDC3,0.22898124999999997
ING5,0.016123750000000103
TENM4,0.013228750000000067
MYLIP,0.060521250000000026
STAU1,-0.029241250000000052
DMRT2,-0.14995499999999995
IGF2BP1,-0.02466624999999989
NAP1L4,0.19275374999999995
HUNK,0.01435000000000014
DUT,-0.036876249999999944
SIRPA,-0.045138750000000005
WISP2,0.19766125
PAQR9,-0.03928625000000002
P2RX1,-0.021908750000000088
LOC105373738,-0.06868125000000008
NAP1L3,-0.05499500000000007
SLC10A2,-0.018869999999999998
CDPF1,0.06834749999999995
PDCD1LG2,0.018749999999999933
LINC00839,-0.09131499999999992
LOC105379499///FLJ45482,-0.00795125000000002
C3orf53,-0.0355137499999999
FAM183CP,-0.11229749999999994
NUDT2,0.16391249999999996
FADD,0.0798375
LOXL2,0.15861750000000008
LOC100506274,0.009022500000000044
TDRD12,0.01795250000000015
DYNC1I1,0.011298749999999969
NFAM1,-0.05731999999999998
TADA1,0.017156249999999984
KIAA0922,-0.07372375000000003
SOX12,0.07643374999999991
ANKRD20A5P,-0.020268750000000002
LINC01533,0.12186874999999986
ZBTB2,0.006022499999999986
GDNF,0.01524750000000008
FAM216A,-0.06447625000000001
PPP1R11,-0.032933749999999984
NAT2,0.15226499999999987
HLA-DMB,0.03976750000000001
RBM4B,0.07993750000000005
AADACP1,-0.050501249999999887
DIAPH3,-0.03165375000000009
ZNF205,0.17823499999999998
PCED1A,-0.09156875000000003
SLC24A3,-0.09588999999999998
REC114,-0.031066249999999906
FLNA,0.08448125000000006
ADH1C,-0.02867624999999996
LINC01208,-0.04675875000000007
RMND5B,-0.008383749999999968
POLR2A,-0.12045500000000009
HSD11B1L,0.1964537500000001
LOC285389,-0.0619325
KIAA0485,0.1062712500000001
DNA2,0.011438749999999831
KLF2,0.21650250000000004
S1PR3,-0.016454999999999997
FBXL21,0.03209249999999997
SLC25A34,0.05862875000000001
LINC01270,-0.017749999999999988
RGL4,-0.025674999999999892
LINC01116,-0.036186250000000086
ASB9,-0.003883750000000019
MED19,0.08727874999999996
PRAP1,-0.018111249999999968
SLC16A10,0.12697125000000004
CCDC85B,-0.15302375000000007
SOX6///C11orf58,-0.0292487500000001
ZNF474,-0.15121
OBP2A,0.006203749999999897
UBE2QL1,-0.029159999999999853
LINC01362,-0.014490000000000003
COPS3,-0.142065
IL22,-0.023508749999999967
LINC00698,0.07267749999999995
MATN2,-0.11866125
LOC105374676,-0.11664874999999997
MGAT4B,0.055021249999999855
STAU2-AS1,-0.044078750000000055
CCL8,-0.01972250000000003
CALML3,0.034367499999999995
NR0B1,-0.037097500000000005
SPIN2A,0.1647424999999999
SUPV3L1,0.13476624999999992
CSH1,-0.014553750000000087
FAM213A,-0.020488750000000056
PRDM9,-0.15403624999999999
CGN,-0.021801249999999994
ZNF112,-0.02863874999999988
LINC00689,-0.07121625000000004
ZFYVE19,0.12799875
LOC646241,-0.016700000000000048
LRRC7,-0.01921624999999999
SAFB,-0.02599250000000003
NDUFA2,-0.01072999999999985
ZNF256,-0.020536250000000034
CST9,-0.1177375
WDR27,0.10105875000000003
OAS3,-0.140785
RPL10P16,-0.08917000000000003
STKLD1,0.04982749999999997
TMEM74B,-0.22228500000000007
SMARCC1,-0.15186875
UBQLN2,-0.03616124999999998
MXRA5,0.025596249999999987
NDUFV1,0.10681625
C21orf33,0.024056249999999946
LOC100134077///ADCY8,-0.07274875000000003
ECSIT,-0.01644374999999998
PIANP,0.32959
AKR1B10,0.017198749999999985
UGCG,0.07069999999999999
C20orf141,-0.01729499999999995
NDUFS6,0.19513874999999992
XCR1,-0.1637575
CCL1,0.04957250000000002
CCNB1IP1,0.06889250000000002
PLS1,0.047218749999999976
GRID1,0.011263750000000017
LOC101929607,-0.021944999999999992
DRG2,0.0701274999999999
CLCN3,-0.07557125000000003
ZNF267,-0.030001249999999924
LOC101928255,-0.011424999999999907
LRRC14,0.020541249999999955
WDR83OS,0.20244125000000007
MXRA7,-0.008171249999999963
MGC24103,-0.022557500000000064
LOC100131317///POU4F1,0.1728737500000001
SLITRK3,0.021634999999999904
ADGRA2,-0.09648375000000015
AKAP1,-0.06458624999999996
P3H4,-0.08567499999999989
SLC40A1,-0.15589124999999998
C9orf131,-0.024598750000000058
CREB3L3,-0.11556624999999998
MAPKAPK5-AS1,0.05268125000000001
RSPRY1,-0.03860999999999981
MORC3,-0.02900374999999994
KDM4D,0.02595624999999996
SLC25A28,0.03354124999999997
SNX31,0.008633749999999996
TBPL1,-0.038316249999999996
LTB4R,-0.021038750000000106
TBL1XR1,-0.08676499999999998
ASH2L,0.1545225
TTLL4,0.11886875000000008
LINC00304,-0.004817500000000086
ADORA3,-0.01889250000000009
ERICH5,-0.03915374999999999
LOC100133502///JAM3,0.22954624999999995
HMGXB4,-0.054209999999999925
MYL4,-0.18409375
GPER1,0.02545874999999992
PLXNA3,-0.060856249999999945
LOC439985,-0.1371575
TANGO2,0.08960125000000002
LOC102606465,-0.12836750000000002
RBP5,-0.0009112499999999746
LOC100505878,-0.035129999999999995
GLDN,-0.012797499999999962
GMPS,0.07415500000000014
TMEM184B,-0.08439624999999995
LINC00515,-0.030726249999999955
ACVR2B-AS1,-0.03179874999999999
LOC613037,-0.013235000000000052
NEURL3,0.10353375000000004
LOC100133946///MTCP1,-0.005061250000000128
ZNF385C,0.08515625000000004
ANKRD13A,-0.06338124999999994
CERS5,-0.08163124999999999
AGAP1,-0.06573875000000007
DNAJC30,0.032201250000000015
LOC100289094,0.25986875
PCDH12,0.018708749999999996
SFRP4,-0.05550250000000001
PECAM1,0.006837499999999996
CCNDBP1,-0.03832124999999992
CPEB1-AS1,0.051983750000000106
CKAP2L,-0.07323875000000007
SLC17A6,0.01990625000000007
IDE,0.03641500000000003
CSMD3,-0.005306250000000012
KCNH2,-0.07479625000000006
LTBP3,-0.06748874999999999
PAF1,-0.03215625000000005
FBXW4,-0.08533749999999996
MB,-0.03811999999999999
ATP6V1E2,0.005922499999999997
PCDHAC1///PCDHAC2,0.08748875
PLCG1-AS1,8.249999999998536e-05
SHISA2,0.07604749999999993
FZD5,0.10440250000000001
RPLP0P6///RPLP0,-0.0775900000000001
TFCP2,0.0313750000000001
UHMK1,0.03737750000000001
IFNA14,0.020718750000000008
C1orf53,-0.009721249999999959
GGTLC1,0.060349999999999904
SLC35G3///SLC35G5,0.27231124999999995
BFSP1,-0.01513374999999989
RAB9BP1,0.03787124999999997
JMY,-0.06477125
CTNS,0.08101375
SLC7A14,0.014527500000000027
HTR2C,-0.017341249999999975
FAM78A,-0.06322499999999992
LOC101929133,-0.011944999999999983
SUN2,0.199415
OSBPL7,0.11872124999999989
PALM2///AKAP2,0.4528975
LOC114224,0.01284875000000002
CTSF,0.1259337499999999
FAM155A-IT1,0.028296250000000023
PAIP2B,-0.03579750000000004
CST13P,0.023416250000000027
NUDCD3,0.14560750000000006
LINC01425,0.0027637500000000093
TTC32,-0.07103624999999997
LOC105377348,-0.02087625000000004
COQ10B,-0.010599999999999998
BRF1,0.06617999999999996
ARHGEF11,-0.02959250000000002
TBX10,-0.0372174999999999
PTS,-0.007368750000000146
KLHL12,0.14943375000000003
FAM47B,-0.008591249999999828
SCAMP3,0.2017874999999999
FAM170B,0.22053875
LOC285500,0.014106249999999987
KDELR1,0.26057125
LINC01523,-0.029221250000000143
CD99P1,0.0003774999999999751
PGK2,-0.020016249999999958
GAGE8///GAGE12F///GAGE2A///GAGE2D///GAGE12J///GAGE12G///GAGE2B///GAGE10///GAGE2E///GAGE12I///GAGE7///GAGE6///GAGE5///GAGE4///GAGE3///GAGE2C///GAGE1,0.13452375
LOC728842,0.06481624999999996
CAND2,-0.018377499999999936
COX8C,-0.12997375000000005
BOLA1,0.009036250000000023
CREB3L4,0.05196625000000005
PTGIR,0.012849999999999917
APCS,0.039786250000000134
THEMIS,-0.055463750000000034
PID1,-0.07812875000000002
LOC100128398,-0.037552500000000044
POLA2,-0.008384999999999865
SLC1A1,-0.017720000000000125
TRPM2,-0.03149124999999986
SND1-IT1,0.11197000000000001
STXBP1,0.008989999999999998
PRUNE2,0.010856250000000012
MYH10,0.03994250000000005
UQCC1,0.10130624999999993
SLC4A11,-0.21435375
SLC25A20,-0.030877500000000058
LINC00463,0.15219250000000012
SAA4,0.021228749999999963
CARHSP1,-0.07212625000000006
NICN1,0.19602874999999997
ZNF317,-0.03384500000000007
KIAA1191,0.09095750000000008
LOC105378948,-0.1812125
TNNI2,0.06532749999999998
ZSCAN16,0.02633750000000007
SEZ6L,-0.038885
ASIC1,-0.06461249999999996
CDADC1,-0.018286250000000115
TPTE,0.0013999999999999013
POGLUT1,0.024538749999999998
ZBED3,-0.048366250000000055
TRIM11,-0.03620499999999999
FAM127A,-0.008985000000000076
KCNN2,-0.01752999999999988
GPR176,0.10059875000000007
MYF6,0.03317999999999999
RMDN3,-0.018962499999999993
APOL1,0.16793250000000004
LOC100132502///RIIAD1,0.037327500000000124
IPO13,-0.054538749999999914
SLC39A11,0.05397500000000005
ANKRD30BP2,-0.014383750000000084
PSMD7,-0.02488250000000003
ZC2HC1B///LTV1,-0.11443499999999995
AKAP8,0.004194999999999949
GUSB,-0.10369874999999995
ARPC2,0.023418749999999933
LINC00900,0.04520249999999998
TUBB7P,-0.06851625
DCP1B,0.16245250000000006
REEP1,0.03775000000000006
RPLP0,0.12181249999999988
LOC728678,-0.012397500000000061
CD8B,0.0709575
SLC1A7,-0.09504875000000002
DBIL5P,-0.033165000000000056
ATOH7,-0.061910000000000076
LOC101930028,-0.10626124999999997
MRPL23,0.18845125000000001
LOC284661,0.07133749999999994
SGSM2,0.03477249999999982
ACOT9,-0.13938625000000004
FANCC,-0.009251249999999878
TMEM41B,-0.0054237500000000605
CRHBP,-0.061111250000000006
INA,-0.05645374999999997
IGHA2///IGH,0.21701125000000004
GPATCH8,0.013012499999999927
LGALS1,0.20975374999999985
STX6,0.019838749999999905
MAP1LC3A,-0.09574125000000006
BEX4,-0.0021599999999999953
MESP1,0.10974624999999999
PSMB4,-0.04228500000000002
CCDC117,-0.027677499999999966
DIO3,0.04816874999999998
TMEM95,-0.022641250000000057
LOC101928361,0.0473225000000001
MAGEA1,-0.17183000000000004
ARHGEF9,0.10310000000000014
DRAIC,-0.01322249999999997
CEP83,-0.03196125000000005
HRH4,-0.021872500000000017
ATXN7L1,-0.28175999999999995
ZDHHC14,0.33372124999999997
MAPK4,-0.0144487499999999
LOC286437,-0.03889750000000003
OLIG3,0.05902249999999992
PLPPR1,-0.24598124999999993
TRAV12-2,0.14439875000000002
NSMCE3,0.040466249999999926
TIMD4,-0.01824249999999994
CARD8-AS1,-0.04120999999999991
CRX,0.24888750000000004
DDX19A///DDX19B,-0.03167874999999998
C11orf95,0.0008962500000000984
KIAA1659,-0.007301249999999981
DEFB127,-0.02105625
POLR1C,-0.007469999999999977
RPL3,0.09821875000000002
TSC22D3,-0.0003862500000001434
LOC107984678,0.0615412500000001
APOH,-0.017377499999999935
ATR,-0.024382500000000085
MEP1A,-0.01787125000000006
BCL7C,0.04494499999999996
SCAF8,0.017212499999999964
CCDC149,0.04418500000000003
EHD2,-0.024027500000000035
NFIL3,-0.023290000000000033
FAM169B,-0.025127500000000025
SHROOM2,-0.010268749999999993
GALNT10,-0.049095000000000055
ZNF708,-0.02911374999999994
TSKU,0.03887000000000007
SPTBN5,0.06647124999999998
DNMT3B,-0.008441249999999956
MSH4,-0.016371250000000004
TOMM22,0.008029999999999926
RABEPK,-0.002395000000000036
LINC00537,-0.055674999999999975
RAD51C,-0.004152499999999948
LINC01361,-0.0069687499999999125
WFDC2,0.02251249999999999
LINC00115,-0.05331124999999998
LOC100507654,-0.17711500000000002
ECEL1,-0.051804999999999934
LOC100131508,0.011091249999999886
GNE,-0.04101749999999993
WNT9A,-0.09604249999999992
AIP,0.22373124999999988
ITGB2,-0.022300000000000098
RHOC,-0.08986250000000001
EPAS1,-0.10984875000000005
IL15RA,-0.02766625000000006
LOC105377143,-0.08968500000000001
RFESD,0.10247375000000003
SLC35A2,0.022758750000000105
AFG3L2,-0.03996250000000007
RPL10AP6///RPL10AP9///RPL10A,-0.10477874999999998
YBX3,0.26714625
LOC101926967,0.06148500000000001
ODF3,0.08492125000000011
ZKSCAN4,-0.06283999999999995
BCS1L,-0.017038750000000047
LSM12,-0.060811250000000094
SYN2,-0.07745249999999992
NLGN4Y,-0.11656624999999998
VN1R108P,-0.03395500000000007
LOC728844///HNRNPA1,0.08495000000000008
ZNF527,0.04953999999999997
LOC100134221///ZFP1,-0.07558750000000003
COL9A1,-0.1259262499999999
PSMB7,-0.019644999999999913
ARHGAP1,-0.019502499999999923
HOXC-AS3,-0.05874125000000002
LINC01029,-0.0022149999999999115
CD274,-0.08738124999999997
KCNC1,0.0334687500000001
PIEZO1,-0.035300000000000054
PAN3,-0.09880125000000001
HMGN4,0.028782499999999878
KIF27,0.01410374999999997
ISG20L2,0.3133249999999999
PRY2///PRY,0.07242874999999993
HIST1H3H,0.004923749999999949
POP1,-0.001817499999999972
LINC01310,-0.00286625000000007
NIM1K,0.09779000000000004
CLEC4G,0.13183750000000005
CLIC2,0.036595000000000044
RLF,-0.020521250000000046
LOC100129026,0.12193749999999998
GZMH,0.09077125000000008
TPST2,-0.012402499999999983
MED12,0.07055000000000011
ZNF300,-0.02509374999999986
FOXD1,-0.020439999999999958
AOX3P-AOX2P,-0.10230874999999995
PCGEM1,-0.00864750000000003
LOC728061,0.02600625000000001
LOC100506175,0.022214999999999985
MSL1,0.034858749999999994
CDKN2D,0.013127500000000014
TUSC1,-0.1434012500000001
ABCA12,-0.02807000000000004
CCDC173,-0.08101000000000003
LGALS3BP,-0.03991625000000015
APOE///APOC1,-0.07084750000000001
CACNA2D2,0.06027374999999996
ZNF551,-0.04220875000000002
LOC339978,-0.018886249999999938
LOC100130872,0.029848749999999924
TAF4,-0.046052499999999996
HNRNPA0,-0.021898750000000022
RNASE3,0.06589749999999989
CCDC27,-0.061936250000000026
SYT14,-0.013577500000000131
FEV,0.17242000000000007
TIAM2,0.00011749999999999261
CTAGE5,-0.11776374999999989
IGFBP6,-0.1966737500000002
PEX2,0.006270000000000053
CCDC140,-0.08852874999999999
MCHR2,-0.04030374999999997
GAS8,0.05515500000000001
ACTR3C,-0.038177499999999864
ZNF503-AS1,0.09394749999999996
MAST2,0.3260050000000001
AQP9,0.035358750000000105
FCGBP,0.006106250000000035
IL12B,-0.05066375000000001
LOC730217,-0.006424999999999903
SPATA31A5///SPATA31A3///SPATA31A1///SPATA31C2///SPATA31A6///SPATA31A7,-0.005989999999999995
LOC101927876,-0.008195000000000008
DAZL,-0.01731499999999997
SUGCT,0.29533499999999996
AASDHPPT,-0.12941999999999992
JAZF1-AS1,-0.07822374999999993
PGM5,0.02904499999999982
FNDC8,0.11448124999999998
MAP2,-0.04981250000000004
DHX33,0.0887175
MAGEC2,-0.010922500000000057
ITGAE,0.006924999999999959
ALPPL2,0.08564375000000002
PAXIP1,-0.00818125000000014
PPP3CB-AS1,-0.10456250000000006
NAT9,0.010249999999999981
TTC28,-0.008824999999999916
SNRNP40,-0.0650987500000001
LOC339862,0.1051399999999999
RINT1,-0.016418749999999982
C8orf22,-0.05230125000000002
AARS,0.0693237499999999
CCDC153,-0.032217499999999955
FGL1,0.019755000000000023
LINC00691,0.007887500000000103
CHCHD7,-0.08673999999999987
DHRS13,0.16768375000000008
LOC101929123,0.03696499999999986
CDX2,-0.038896249999999966
LOC649305,-0.08511249999999998
LOC730909///HERC2P10,0.06137625000000002
LINC01254,-0.10928875000000005
SP8,0.039433749999999934
SLC2A6,0.11463749999999995
MRPL49,0.021748749999999928
SLC25A5,-0.017245000000000066
DPY19L2P2,-0.002033750000000001
MYH15,0.025122499999999937
ZNF8,0.015626249999999897
ACPP,-0.005512499999999976
UROS,0.002768750000000042
LOC105374366,0.1462124999999999
HNF1B,0.0074824999999999475
MREG,-0.02707499999999996
SNORD104,-0.16761499999999996
MGC16025,-0.00864750000000003
CEL,0.5438125
CTAGE11P,0.02122125000000008
SLC52A2,0.2717325
ABHD17C,-0.12900499999999998
GAS6-AS1,-0.07272000000000006
CASP16P,-0.15831749999999994
ZNF385B,-0.04744624999999991
GMNN,-0.05409500000000006
LINC00836,-0.07451000000000008
IDNK,-0.04639249999999989
NXN,0.10709750000000007
SIMC1,-0.030821250000000022
NINL,-0.005683749999999876
CD46,0.02370625000000004
LOC145474,0.06111999999999995
AP3B1,-0.04952375000000009
RGS3,0.09072125000000009
SH2D4B,-0.06912625
FAM53C,-0.10408624999999994
PTPMT1///KBTBD4,-0.040597500000000064
CA14,-0.0013162500000000743
GPR34,-0.045401250000000004
SCRG1,-0.01264624999999997
ARMCX2,-0.018843750000000048
AHCY,-0.040582499999999966
ZNF778,0.10982375000000005
RLBP1,0.10147875000000006
PIGN,-0.07497000000000009
ZFP2,-0.05789
LOC729866,-0.19050124999999996
KIAA0101,-0.049181249999999954
YWHAQ,-0.07328499999999993
UIMC1,0.04089625000000002
PPP3CB,-0.13417500000000004
GTF2IP4///GTF2IP1///GTF2I,-0.03903374999999998
POLR3H,0.030486250000000048
HTATSF1,0.037023749999999855
DEFB122,-0.02020374999999991
CDON,-0.006395000000000095
TRAF3IP2,-0.04773875000000005
TRIM46,0.02126499999999998
LOC101928386,-0.03353874999999995
AADACL2,-0.01872874999999996
ZNF304,-0.020788750000000078
CCDC122,-0.018562499999999982
AHSP,0.026328749999999956
SDF4,0.09522749999999996
OTULIN,-0.014311249999999998
RIMBP2,0.03917624999999991
LOC101927650,-0.12462625000000005
SIRPB1,0.09440875000000004
NAB2,-0.0492125000000001
KLRF1,-0.03190875000000004
IFNL1,-0.02552624999999986
LURAP1,0.09692875000000001
HOXD1,0.0004912499999999431
HOXB8,0.20400874999999996
HCN4,0.011343750000000041
OR2A9P///OR2A20P///OR2A5,-0.12201125000000007
DSG1,-0.006315000000000015
MTHFR,0.05034875
ODF2,-0.11561749999999998
IL11,0.035300000000000165
CERS3,0.03947250000000002
DIO3OS,0.3471075
BATF,0.26093
TRIM9,0.015397500000000064
SORL1,0.1629925000000001
TSACC,-0.08414999999999995
HOXB2,-0.015135000000000065
MRM3,0.11552625
EMC10,-0.08135374999999989
ADAP2,-0.07144374999999997
PRR13,-9.624999999996442e-05
ZNF519,-0.018009999999999915
APOL3,0.00507874999999991
LINC00597,-0.0249862500000001
PLCH2,0.20074750000000002
LOC100131904,-0.018711250000000013
FGFBP2,0.0725400000000001
ACSL5,-0.053527500000000006
BTAF1,-0.013807499999999973
LOC100129129,-0.15936375000000008
LOC101929963,0.01962249999999993
APOC3,0.14934375000000005
KPNA6,-0.02204624999999999
C4orf48,0.050556249999999914
OSTCP1,-0.05368374999999992
STARD9,-0.021934999999999982
NELFB,-0.009688749999999913
LOC100509814,-0.03256125000000004
LOC101927553,-0.057848750000000004
MATK,0.3636187500000001
NTNG1,0.12123874999999995
TRIB2,-0.1213749999999999
BTN3A2///BTN3A3,-0.10695499999999997
GPR157,0.03732374999999999
DKFZP434K028,0.1758475000000001
DAB2IP,-0.07789874999999996
PLOD2,0.0031674999999999343
UMAD1,-0.03691374999999997
ITM2C,0.010697500000000026
LOC100507073,-0.0032774999999999332
LOC105371967,-0.022991249999999963
MIR31HG,-0.07325999999999994
TTC19,-0.07526875
KRTAP19-3,-0.10407750000000004
ZNF420,0.08414125000000011
TBC1D26///ZNF286A,-0.041348749999999934
ZNF70,-0.02582750000000006
MRRF,-0.135745
ACTRT2,0.036025000000000085
LOC101929340,-0.016083750000000063
GFRA3,0.20342125
BOLA3-AS1,-0.03937625
FAM86JP///FAM86HP///FAM86DP///FAM86FP///FAM86C2P///FAM86GP///FAM86EP///EEF2KMT///FAM86B1///FAM86C1,-0.0016687499999999411
ZNF836,-0.1318875
GPR39,-0.04035375000000013
ZIK1,-0.015362499999999835
FCAMR,-0.008237499999999953
GNA12,0.03006249999999988
C14orf93,-0.00833249999999991
CDT1,0.28955624999999996
EPT1,-0.012503750000000036
PLD4,0.07467750000000001
TNFRSF4,0.10401125000000011
LOC101928812,0.15660375000000004
E2F2,0.009337499999999943
ALG8,-0.08205375000000009
LINC00592,0.09661500000000006
SPRED2,-0.04932875000000003
PAPOLB,0.12418625
LOC730125,0.11737749999999997
NCAPH2,0.005416250000000067
PQLC3,0.03970749999999995
LINC00589,0.04526125000000003
ZNF57,-0.009772500000000017
DDX11,-0.002096249999999966
INAFM2,0.02474499999999996
PCDHGA11,-0.19835000000000003
PRRC1,0.13752750000000002
RNPS1,0.02523874999999992
CD93,-0.05954999999999999
UBR7,0.06483999999999995
KIF13B,0.06250374999999991
C12orf54,0.047081250000000074
HYKK,0.02700375000000005
SDF2,-0.020868750000000047
LINC01465,0.041173750000000064
UTP6,-0.14834999999999998
USP4,0.06672999999999996
TTC9B,0.05865874999999998
PPP2R2A,-0.005796250000000058
FLJ42627,-0.01668625000000007
RPS11,-0.13961875
FAM30A,0.18663874999999996
PCDH9,-0.03804999999999992
TRIM66,0.07917875000000002
ASB12,0.21389499999999995
DEFA1B///DEFA3///DEFA1,0.008105000000000029
NANOS3,0.047422500000000034
TYRO3,-0.084515
GATS,0.00885000000000008
FLJ12825,-0.018028750000000038
OPHN1,0.06713874999999997
LOC101927447,-0.18319374999999988
GRSF1,0.07009124999999994
POP4,-0.01215000000000005
FUK,0.13958125000000005
SPRN,0.04623624999999998
S100A12,0.02707624999999997
GSKIP,-0.05349624999999991
AKTIP,-0.022676250000000064
FBP1,-0.012065000000000048
NUS1P3,0.029271249999999915
PEX11G,0.23821375
LOC729887,0.3113549999999999
FRMD6-AS1,-0.03605125000000009
MAGEA8,-0.026593750000000027
ZNF649,0.06540000000000007
CTCF,-0.005771250000000061
OSM,0.09179750000000003
SEC13,0.024433749999999976
SIT1,-0.013077500000000075
MYOD1,-0.03900875000000009
PRSS53,0.21722249999999993
OLAH,-0.027278750000000018
STOML2,0.07497000000000004
TMIE,-0.05242874999999997
SNRPA1,-0.0010662499999999353
OR7E24,-0.02040000000000003
FUT2,0.0037025000000001085
DDC-AS1,-0.0029262499999999636
PIGY,0.01655499999999993
SLC5A1,0.057391250000000005
CDK11A,0.33953374999999997
DDX52,-0.06431499999999996
UNC13B,0.00882000000000005
PRIM2,0.018341250000000142
EIF4E2,-0.01923625000000001
NPIPB1P///NPIPA2///NPIPB3,0.02587999999999996
ZBTB25,0.08622749999999996
UBXN6,0.09722999999999993
RCVRN,0.015759999999999885
SDF2L1,0.23151624999999998
SC5D,-0.03409624999999994
EIF2S2,0.11263499999999987
CSPG4P5///CSPG4P1Y///CSPG4P2Y,0.13314125
LOC154761,0.02516999999999997
KLK11,-0.012114999999999987
AP1G1,0.031833749999999994
CST2,-0.04855000000000004
ABCB4///ABCB1,-0.02790124999999999
DENND4B,0.08372500000000005
APOBEC3F,-0.11509125000000009
RWDD1,-0.05815749999999992
FOXS1,-0.09258250000000007
BCKDHA,0.06345374999999992
CAPN12,0.10813875000000006
RBBP7,-0.06511499999999998
WDFY4,0.12378000000000006
NCAPD2,-0.04497000000000001
LOC653786///OTOA,0.08753625000000004
LOC100128554,-0.030791250000000103
SHKBP1,0.018718750000000006
P4HA3,0.023293750000000057
MAP1S,-0.15630624999999992
RNASEH2CP1,-0.03277500000000011
DPH3P1,-0.05789875
LOC105377443,-0.011868749999999983
METTL2A///METTL2B,0.0081175
C16orf46,-0.004091250000000046
PITPNB,-0.04691624999999999
FAM96A,-0.08181999999999995
LOXHD1,0.016892500000000144
KIAA0232,-0.014892499999999864
RGS8,0.06152999999999992
CHAF1B,-0.06572749999999994
VIT,-0.015384999999999927
HMX2,-0.03320250000000008
LINC01587,0.20636000000000015
C11orf52,0.08403875000000005
EPR1,0.11844250000000012
ISM2,0.012260000000000049
FAM213B,-0.03015999999999991
PTPRZ1,-0.020207500000000045
HCN2,-0.02227499999999999
LOC100506271,-0.0540362499999999
LOC101928196,-0.00713999999999998
HCRTR1,0.03732250000000009
ZNF596,-0.0075025000000000786
BVES-AS1,-0.014641249999999884
PRORSD1P,-0.05917875
AMOT,0.003468749999999965
GSN-AS1,0.08513624999999997
COQ6,-0.04604250000000015
GPANK1,-0.017936249999999987
NBAS,0.09252125
LOC100130370,0.07595374999999999
LOC158863,0.004238749999999958
LGALS14,0.07102375
THPO,-0.042818749999999905
SNHG6,-0.16226375000000004
LOC101928009,-0.08830125
VASH2,0.0012837499999999724
CLDN6,0.006429999999999991
TNFRSF1B,0.10958500000000004
LOC652708///CES1,-0.09270374999999997
TACR2,-0.04081375000000004
PVRL3-AS1,-0.050178749999999994
TTTY15,-0.02095625000000001
MID2,0.10343000000000002
RTF1,-0.038278750000000084
THBD,-0.039917499999999995
LOC107984282,-0.07407874999999997
EVI5L,0.07857625000000007
EGR1,-0.01867249999999998
LRTM2,-0.04351374999999996
TXNIP,-0.11116375000000012
S100A9,0.062132500000000035
MKNK1-AS1,-0.024591249999999953
LINC01279,-0.08786250000000012
OSBPL9,-0.016364999999999963
ARID5A,-0.002568750000000175
MDP1///CHMP4A,-0.05387625000000007
NIT2,-0.006373750000000011
INSC,-0.14769125000000005
C17orf47,-0.010795000000000055
PIGP,-0.025082500000000008
FLJ14100,0.08766750000000001
GNB1,-0.07831874999999999
IL25,-0.12618875000000002
PAX1,-0.032131249999999834
HOMER3,-0.060773749999999904
RPL23AP82///RPL23AP7,-0.015840000000000076
ZC3H12A,0.09120375000000014
CCDC84,0.017328750000000004
LOC100128922,-0.01242749999999998
NPPA,0.10505999999999999
ANK1,-0.043591249999999915
FOXM1,-0.024258749999999996
LOC652637///WHAMMP2///WHAMMP3///WHAMM,-0.08019124999999994
SEC14L5,0.007607499999999989
ZBTB7C,0.13950999999999997
ITGAV,-0.04577249999999994
RAB10,-0.10012249999999995
LOC101929460,-0.04236374999999998
LOC257396,0.019773749999999923
SCN10A,-0.012979999999999992
FAM138C///FAM138B///FAM138A///FAM138F,0.031178750000000033
FOXF2,0.007137499999999963
TSPOAP1-AS1///SUPT4H1,-0.11943499999999996
AMBP,0.04354499999999989
DLL3,0.04476374999999988
LOC148413,0.1364325
NKAIN4,0.18171999999999994
TMEM115,-0.034580000000000055
NPEPL1,-0.018918749999999984
GCG,-0.08236124999999994
JRK,0.15335500000000007
PAICS,-0.028461249999999993
MECP2,0.056641249999999976
THTPA,0.02641874999999988
RFPL1S,-0.04658374999999998
CMBL,0.11852000000000007
MMAB,-0.030249999999999888
GATA1,-0.054628750000000004
CHMP6,0.12031999999999998
KIF2B,-0.04728750000000004
PRPSAP1,-0.06719125000000004
SAFB2,-0.0638537500000001
LOC100133820///HYDIN,-0.01780500000000007
IL24,0.10707125
LOC105369748,0.16164624999999994
MAPK14,0.05054249999999999
ACBD3,0.04106124999999994
TBC1D7,-0.0265962500000001
LINC01137,-0.03056000000000003
IGHV4-31,-0.12537250000000005
FAM214B,0.04928374999999996
MAPKBP1,-0.18545250000000002
URB1,-0.02232624999999988
C3,-0.19312125000000002
CAND1.11,-0.07751874999999997
LOC101927592,0.00720375000000012
CXCL14,0.01379499999999989
ZNF157,-0.01504250000000007
SEPHS2,-0.020534999999999914
LOC101928961,-0.11648250000000004
AKR1C2,-0.051903750000000026
FAM205C,0.07890625000000007
LOC100129098,-0.01826375000000008
C17orf78,-0.014106249999999987
LOC100506083,-0.17126625
KLHL35,0.0741675
OR7A5,0.004842499999999916
PARK2,-0.04932250000000005
IFNLR1,0.04587000000000002
UQCC2,-0.0982262499999999
SMIM2-AS1,-0.07882624999999993
SLC1A4,-0.12031875000000003
RPRML,0.31781499999999996
ZNF572,-0.006247500000000017
HTR1B,0.057046250000000076
DESI1,0.059649999999999925
YPEL1,-0.02367124999999992
CCDC148,0.009897500000000059
LOC105377938,0.07905500000000004
TSTD2,0.011941249999999959
TMPRSS3,-0.06032624999999997
FAM117A,0.1621062499999999
LOC101929288,-0.03341125000000006
C14orf2,-0.016262499999999902
PTTG1,-0.023751250000000057
CYB561D2,0.25004624999999997
LOC730034,-0.01605875000000001
BCHE,-0.1419025000000001
PRELID1,0.1345800000000001
KRT5,-0.037816249999999996
LINC01424,-0.11175125000000008
PHLDB3,0.10396125
MAS1L,0.1114549999999998
LRRC74B,-0.05375125000000014
HMOX2,-0.06908999999999998
KCNE4,-0.018413750000000062
ADIPOQ,-0.09079125000000005
VENTX,0.014411250000000042
FKBPL,-0.06761499999999987
CDC25B,0.018984999999999974
DYRK4,0.25714624999999997
TCTE3,0.04362749999999993
FAAP20,-0.13934124999999997
HUWE1,0.001385000000000025
MAK16,0.026502499999999873
CFL1,-0.04372000000000009
PLEKHA3,0.03627249999999993
WISP1,-0.016026250000000075
RPL23,0.22326125000000008
LOC100134190///LRP1,0.045371249999999974
PLCG1,-0.014893750000000094
CRIPT,-0.030596250000000047
CTRC,0.0077362499999999446
PRPS1,-0.008353749999999938
FPR1,0.06846374999999993
ENPP6,-0.09151624999999997
NUFIP2,-0.01462125000000003
UNC45B,-0.033681249999999996
SLC17A7,0.10463874999999989
ZNF185,-0.012218750000000056
SAT2,0.04917625000000003
HSP90AB1,-0.01740750000000013
SMARCAL1,0.01403500000000002
HTR4,-0.025248750000000098
NR1H2,0.06120624999999996
TBC1D20,-0.011594999999999966
SERPINC1,-0.12620750000000008
LOC101929384,0.14395125000000003
UCMA,0.32911
LOC105370549,-0.01435000000000003
ANKRD30BP1///PRED4///ANKRD30B///ANKRD30A,-0.01317999999999997
LOC101928251,-0.05958374999999999
CATR1,-0.08326374999999997
LOC100506526,0.013173749999999984
CHMP1A,-0.08416500000000005
NUP85,-0.059061249999999954
ZNF22,0.03787750000000001
LOC729291,-0.04238875000000003
ACOX3,-0.037716249999999896
LOC107985971,-0.046590000000000076
IL23R,0.06278624999999999
LOC105374325,-0.02770125000000001
SLC1A6,-0.11646000000000001
PHF2,-0.08918750000000003
FAM182B,-0.01099
FOXO4,0.11296500000000004
FKBP1C///FKBP1A,0.04696125000000012
GBP4///SEC62///FTL,-0.00512250000000003
CPNE3,0.0014262500000000178
MCPH1,-0.03856499999999996
ARSB,0.01988500000000004
CXCL9,-0.05722624999999998
EPB41L4A-AS2,-0.11089875000000005
C8orf37,-0.06300249999999996
LAMTOR2,-0.03782499999999994
LOC100133623///LOC649970///CKMT1A///CKMT1B,0.02350000000000002
LOC100506122,-0.04211874999999993
NLGN3,0.0013424999999999687
KIZ-AS1,-0.01092000000000004
TMEM97,0.30397249999999976
PLA1A,0.03807624999999992
EFCAB5,-1.3749999999979057e-05
COX6A1,-0.04250624999999997
EXO5,-0.01854374999999997
ATXN8///KLHL1,-0.013700000000000045
IRS2,-0.03900625000000002
ZNF793-AS1,-0.024166250000000167
BMF,0.11903374999999988
RPL39L,0.08867124999999992
PPP1R37,-0.0005249999999999977
LOC100131914,-0.05921375000000001
ST20///BCL2A1,-0.08096875000000003
DUX4L2///DUX4L3///DUX4L5///DUX4L6///DUX4L7///HPX-2///LOC652291///LOC652119///LOC651709///DUX4L12///DUX1///DUX3///DUX5///DUX4L1///ASMTL,-0.11045250000000001
PSME2,0.07344499999999987
SERPINB2,-0.023207499999999937
NSMCE2,0.037816249999999885
TGM7,-0.017802499999999943
SCGB1C2///SCGB1C1,-0.05475625000000006
SCLY,-0.09597250000000013
C2CD2,-0.044201250000000025
LOC100131040///TRIM36,0.029732499999999884
LOC105376072,0.06564375000000006
LOC101930114,0.006359999999999977
AIM2,-0.11355374999999995
SOX2,0.02428625000000001
ANPEP,-0.12430875000000013
PACRG-AS1,-0.016885000000000094
RNF146,-0.10056750000000003
BPIFB4,-0.0579087499999999
SLC22A18AS,-0.053418749999999904
PVT1,-0.013521249999999985
LOC105370475,-0.025020000000000098
LOC284120,-0.0035425000000000595
USHBP1,0.052599999999999925
GSG1,0.14638749999999995
TARSL2,-0.009778749999999947
TMEM167B,0.04371375000000005
VSNL1,0.09026499999999998
TLDC2,-0.039127499999999926
ZNF623,-0.006701249999999992
BTBD1,-0.01708000000000015
MYBPC3,0.1980425
LOC729986,0.21733124999999998
NDRG1,0.11731249999999999
TCTN3,-0.04937999999999987
MSS51,0.026883750000000095
TEX101,0.06484000000000001
PTOV1-AS2,-0.01093999999999995
BMS1P20///NCAPD2///FADS1,0.02313875000000004
FAM46D,0.07116249999999985
ARHGAP6,-0.0434449999999999
HIST1H2BB,0.0007299999999999529
RGS4,-0.03745000000000004
LOC285181,-0.03722874999999998
LOC100133862,0.3186300000000001
ATP2A3,0.06607000000000007
NDUFS8,-0.00906125000000002
FAAH2,0.08693374999999998
LYPLA2P1///LYPLA2P2///LYPLA2,-0.005806249999999957
PRL,0.14737124999999995
LINC01019,-0.041497499999999965
LOC728485,0.12289250000000002
POLA1,0.007767500000000094
CACNA1C,-0.019654999999999978
CNGB3,-0.025781249999999978
NDUFB2-AS1,0.10145375000000012
LOC100131763,-0.0076225000000000875
REN,-0.06510875000000005
LOC100131756,-0.11263875000000001
FLJ37201,-0.014794999999999892
SLC30A2,-0.004053750000000023
ACAN,0.0025512500000000604
LUZP2,-0.05479875000000006
IFIT3,-0.07388875
ALLC,0.02751625000000002
PFDN2,-0.019167500000000004
PCDHA9,-0.005802500000000044
KLHL29,-0.004693750000000052
CLEC16A,0.10402500000000009
ZNF672,-0.12395625000000005
HDAC4,0.017911250000000045
PITRM1,-0.04776750000000002
ACVR1B,-0.016477500000000034
SPIB,0.18528125000000012
FLJ45513,0.2981237500000001
DUSP23,-0.05846625
LCP1,-0.03745500000000007
NBPF10///NBPF1,0.14400124999999991
IL12A-AS1,-0.012013749999999934
WWTR1-AS1,-0.022966250000000077
LOC100505912,-0.12363124999999991
CYP4F8,-0.09780000000000005
CSPG4P1Y///CSPG4P2Y,0.16062999999999988
LOC728946///KRTAP1-1,0.09411749999999997
RSPH10B2,-0.003463750000000043
ZFP41,0.07796625000000001
NDUFS3,-0.014112499999999972
CAPN5,0.0082224999999998
COQ9,0.015418749999999926
MLST8,0.27304375
IFIT1,-0.007874999999999965
LOC100507506,-0.05828749999999994
IAPP,-0.03684749999999992
MAN2C1,0.008466250000000008
RHOF,-0.12949
EFNB3,-0.0029250000000000664
METTL18,-0.09712124999999999
SLC35B1,0.049747500000000056
ACOT12,0.026380000000000015
MRPS17,-0.08138374999999998
DOC2B,0.13824500000000006
ATPAF1,0.04749375000000006
VWA8-AS1,-0.009199999999999875
LOC339803,0.02962999999999999
RSC1A1,-0.05487000000000003
C17orf100,0.00217375000000003
LOC105375115,0.2827762500000001
GMIP,0.029153750000000034
HSD17B11,-0.006709999999999994
DCLRE1A,0.1120887499999999
SH3GLB1,0.07618499999999989
RFC4,-0.05786000000000002
NAE1,-0.14377750000000006
BORCS5,0.09183249999999993
SLC35C2,0.18322
CDC37L1,-0.04562125
ZWILCH,-0.063355
LINC01622,-0.09114
LARS2,-0.006772500000000015
HEPACAM,-0.01859624999999998
ZNF808,-0.015197500000000086
ACMSD,-0.06263625
ZNF446,0.13573624999999995
LAMA2,-0.07410999999999995
PARP16,0.022655000000000036
MTFP1,0.16734499999999997
FAM35A,0.02301624999999996
VAT1L,0.03000999999999998
ZNF627,-0.030557499999999904
ASCC1,-0.028026250000000086
CSNK2A3///CSNK2A1,-0.06630999999999998
FSHB,-0.019346250000000065
LOC100134306///MYT1L,0.03773375000000001
KCNQ1,0.06233000000000005
LOC729683,0.1684525
LOC100134445,0.17477625000000008
TTBK1,0.21306249999999993
RGCC,0.05477250000000006
MAP3K4,-0.12994249999999996
RTKN,0.175715
LOC285638,-0.01481625000000003
LMAN1L,0.05985625000000011
ANKRD18EP,0.03910375000000005
EXD3,-0.08891875000000005
TMEM104,0.07038374999999997
RFX1,0.11188500000000007
KIF21B,-0.12974375
LINC01049,-0.08072749999999995
GAL,0.032333749999999994
ARL2BP,0.058763750000000003
PHC2,0.005509999999999959
TEX22,0.008789999999999909
CCDC87,-0.14389124999999997
DACH2,-0.07694500000000004
IGHV4-31///IGHA1,-0.008061249999999964
GALNT12,-0.020302500000000057
RPS27AP16///CEP97///UBC///UBB///RPS27A,-0.03226374999999998
HTR1E,-0.010776250000000098
PSMG3-AS1,0.17653875000000002
ARRB2,0.07422374999999992
ST6GALNAC2,-0.06652875000000003
FHOD3,-0.08177249999999997
GLYR1,-0.07048375000000007
STK19,0.012317500000000037
LOC100129673,-0.061539999999999984
PDCD6,-0.038705000000000045
ACADM,-0.05149375000000006
PPT1,-0.04483375000000006
PSD2,-0.1404762499999999
TAC1,0.013713749999999969
STRADB,0.07632875000000011
EFNA2,0.04801375000000013
CDH23,0.04141749999999994
LOC400958,0.032456249999999964
MORC2-AS1,-0.2170212500000001
PCDHB14,-0.05260625000000002
GRK2,-0.05951374999999992
PIGZ,-0.022547500000000054
TMEM178A,-0.02168749999999997
IL17RB,-0.00591374999999994
NDN,-0.060865
FOXH1,0.14797874999999994
FMNL3,-0.03610124999999992
LNX1,-0.08343250000000008
COA6,0.03315625
ACTBP9,-0.12488125000000005
OR4C1P,-0.05042124999999992
AREL1,0.04785499999999998
PPBP,-0.0010937500000000044
LOC100131795///NMNAT2,0.10068500000000002
B3GNT3,-0.08815875000000001
HAGLR,0.006587499999999968
LINC01416,-0.05405624999999997
EPHA5-AS1,-0.006218750000000106
SV2A,0.05172250000000006
HSD3B2,-0.03619125000000001
RBSN///COX2,0.04648875000000002
TTC22,0.05612
TIMM9,-0.05742499999999989
C1R,0.03244750000000002
NIT1,-0.005276250000000038
CA7,0.007735000000000047
ATP6V1A,-0.16977750000000003
LOC100421171,-0.08684999999999998
SORCS3,-0.03535249999999995
TMEM186,0.019195000000000018
MGARP,0.010702500000000004
IZUMO2,0.1615725
S100Z,-0.026473750000000018
LOC100507389,-0.1091875000000001
PHB,0.03262499999999996
HLA-DPB1,-0.08739374999999999
CATIP-AS1,0.15863500000000008
PDK2,0.01539999999999997
TMEM200A,-0.04215875000000002
WDR92,-0.06704000000000004
RIBC1,-0.022832499999999978
MOV10L1,-0.07891375
TDP1,-0.03823249999999995
CECR3,-0.21849999999999997
CHMP4A,0.049912500000000026
RPGRIP1,-0.013671250000000024
MELTF,-0.014543749999999966
LOC728883,-0.020301249999999993
KDM1A,0.03855125000000015
KLK12,-0.028086250000000035
YPEL3,-0.27851624999999997
DSCR8,-0.07371499999999997
LOC100134367///RAB12,0.006238750000000071
KIF28P,0.006944999999999979
LOC100131139///LINC01296,-0.022023750000000064
AP4B1,-0.15402749999999998
LINC00628,0.11527624999999997
ALMS1P1,-0.041948749999999924
AATBC,0.011854999999999949
C1orf220,0.06651999999999997
SPATA7,-0.08303124999999995
LIM2,0.029472500000000068
LVCAT1,-0.033006250000000015
SPATA20,0.02801625000000002
ITGB3BP,0.05566375000000001
LOXL4,-0.020506249999999948
SFXN3,0.13043375000000001
LINC00685,0.16355250000000005
CLEC1B,-0.0008262500000000284
KRT85,-0.13486124999999993
LY86,0.023322500000000024
LOC100130548,-0.006631250000000033
RMI1,-0.08832500000000004
SMC2,0.06738500000000008
LARGE2,-0.01832624999999999
GPR153,0.13298499999999996
SLC15A4,-0.055769999999999986
DKFZP434A062,0.09480999999999995
CHST6,-0.0067812500000001275
DLX3,0.20324374999999995
ADAT3,-0.04792875000000002
CYFIP1,-0.03902249999999996
KDELC1,-0.0373099999999999
DEFB114,-0.01168499999999989
ABCC6P1,0.0007550000000000057
PDZD3,-0.004525000000000001
CCL17,0.20612000000000003
BAG6,-0.07910249999999991
UBE2NL///UBE2N,0.06587999999999994
LOC644732///ATP7A,-0.001153750000000009
ACO1,0.03312750000000003
AHR,-0.03698625
LOC100128653,0.16240250000000006
WDR81,0.03973375000000001
LINC00535,0.030358750000000045
ARL6IP1,-0.06011874999999994
DNM1,-0.015218750000000003
WDR82,-0.018072500000000102
ARL10,-0.03540249999999995
SMIM22,-0.012772499999999964
MLXIP,-0.05933499999999997
CSE1L,-0.04817874999999994
LOC101928661,-0.07682000000000005
TM2D3,-0.047179999999999944
PLEKHO1,0.004527500000000018
CDK5,0.14360874999999995
INPP4B,-0.09442625000000004
RAB3C,0.134075
SLC16A8,0.07307999999999992
FNDC1,0.04746
CCDC127,-0.009401249999999861
KCNC4,-0.025652500000000023
RUSC2,-0.02703875
GEMIN7,0.032155000000000045
LINC00302,-0.017696250000000024
LOC79999,0.10240375000000007
LOC100133662///RPS4Y1,-0.03628749999999997
CLDN7,0.18620874999999992
CELF2-AS1,-0.09807375000000002
PPM1E,-0.00831375000000012
IQCF1,0.0007299999999999529
CAMK1G,-0.020768750000000002
AVEN,0.10138499999999995
ATXN3L,-0.0035237499999999367
UTP18,-0.020722500000000033
LINC00529,-0.05339499999999997
LOC105369739,0.027477499999999988
GNAO1,0.10994250000000005
LOC105371414,0.10053500000000004
FAM71C,0.23808
LOC100130744,-0.01814125000000011
BAHCC1,0.08875249999999996
POU2AF1,-0.05669249999999987
PCDHB8,-0.020765000000000033
SLC35E2B///SLC35E2,-0.03943249999999998
FAT2,-0.029619999999999924
ASCL1,-0.01249125000000001
LOC390933,-0.07999
CNKSR1,0.11176625000000001
FIBP,-0.04132999999999998
LOC101929260,-0.08359875000000017
LINC00667,-0.015781250000000024
LDB1,0.014960000000000029
SFT2D2,0.03594875000000003
PLA2G4C,0.057109999999999994
LINC01613,-0.1114787499999999
CCDC12,0.016793749999999996
LOC105378311,0.005111250000000067
MAP3K5,-0.059595000000000065
FRMD6,-0.003917500000000074
PTCHD3P1,-0.004736249999999942
NRXN2,0.018374999999999975
TUBB6,-0.035597500000000004
LAMTOR4,0.38110999999999995
EFCAB10,-0.057698749999999965
PVALB,0.050399999999999945
LOC101928847,-0.040662500000000046
GTF3A,-0.004068749999999954
BFSP2-AS1,0.07861249999999992
TAF7L,-0.028862500000000013
PCDHB2,-0.04855625000000002
MRGPRX2,0.15622750000000013
ZCCHC8,-0.07266624999999999
NSG1,0.046134999999999926
TRIML2,0.05423499999999992
LOC728777,0.12412625
ACRV1,0.0005362499999999604
LINC00884,-0.016197499999999865
WSCD1,0.012211249999999896
FOXP4,0.002694999999999892
LDB2,0.13901124999999998
FAU,-0.22753000000000007
E2F7,-0.043121249999999944
FUT3,-0.009947499999999998
RTN4R,-0.022758750000000105
MIGA2,0.29224875
MRPS27,-0.02622374999999999
SH3GL2,-0.018761250000000063
CRHR2,-0.05954874999999993
RAB40A,-0.09599999999999986
L2HGDH,0.06402000000000002
SLC35B2,0.17276375000000005
LOC101927790,0.020911249999999992
B4GALT2,-0.007524999999999893
C15orf52,-0.033713749999999765
DPY19L2P3,-0.0042162500000000325
ILF3,0.006948749999999948
LOC100132884,-0.04819000000000001
CLMP,0.017822499999999963
DIO2-AS1,0.06404875000000004
DDX4,-0.056526250000000056
HARBI1,-0.03977749999999991
LOC340340,-0.14770624999999998
LINC00955,-0.004505000000000037
PARP2,0.014078750000000029
MSANTD4,-0.06762624999999989
TTTY5,-0.08586749999999987
SMIM5,-0.11362625000000004
ZFP91-CNTF///ZFP91,-0.021909999999999985
TSSK4,-0.16861124999999988
ZNF202,-0.04496625000000004
SCFD2,-0.021476249999999975
GRHL3,-0.11905499999999997
NUAK1,-0.09030500000000008
LOC101929717,0.06545624999999994
GPR83,0.008927499999999977
PCOLCE2,-0.03392499999999993
UCN3,-0.04763875000000006
RNF157,-0.04447499999999993
CLCNKB///CLCNKA,-0.029083749999999964
ADAT2,0.00864749999999992
TSKS,0.029242499999999894
GPS1,0.42016499999999996
LINC01296///DUXAP10,-0.02327749999999995
ST3GAL3,0.033684999999999965
TMEM219,-0.08193500000000004
OBFC1,0.004507500000000109
WNK4,0.10229375000000002
LOC101926963,-0.03219500000000003
POR,0.2360625
LINC01119,0.0019175000000000164
CCZ1B///CCZ1,-0.06861874999999995
LINC01558,0.018458749999999968
MRPL43,0.07421499999999998
C1orf52,-0.017695000000000072
IGSF3,0.0005212500000000841
BARD1,-0.0703899999999999
UGT1A6,0.17508749999999995
TIMM8B,-0.09733625000000001
GTPBP8,-0.12945625
LINC00870,0.06673750000000012
TMEM11,0.05452499999999999
HAVCR1P1,0.02709499999999998
MACROD2,-0.022387500000000005
KIF18B,-0.01750374999999993
CORO2A,-0.012682500000000152
F8A3///F8A2///F8A1,0.17848999999999998
OR2L2,-0.04666999999999999
SLC44A2,0.17813375000000004
ABCA3,0.07544875000000006
AIDA,0.09725624999999993
DDX11L2,0.05351500000000009
KIAA0141,-0.01672874999999996
LOC645261,-0.04675999999999997
LYZL2///LYZL1,0.18471500000000002
RGL1,-0.06291875000000002
SGPP2,0.020858750000000148
B3GALT2,-0.03397625000000004
PCK1,0.008898749999999955
CSTB,0.004959999999999909
AMBN,-0.1427662500000001
FAM118B,-0.12036125000000003
TCEA2,0.1765750000000001
LOC101928205,0.025587499999999985
TMLHE,-0.04370375000000004
ZNF511,-0.01959125000000006
AJUBA,-0.001665000000000083
PTPN1,0.0322849999999999
LOC389328,0.04214000000000001
OR3A2,-0.14949125000000008
ID3,0.04603875000000002
PUSL1,0.05109374999999999
TMEM51,-0.054801250000000024
ITGA2,-0.03196874999999999
INO80,0.04371249999999999
SLA2,0.03576749999999995
SMG7,0.21272124999999997
AMELY,0.0037862499999999355
AKIRIN2,-0.015454999999999941
LINC00567,-0.015368749999999931
LOC101929517,0.026590000000000003
SIDT1,-0.07014250000000005
BTBD9,-0.021503749999999933
LOC100128718,0.053053749999999955
TEX261,-0.0085512499999999
NUPR1,0.05798000000000003
AURKC,0.04199499999999984
ERI2,-0.03140000000000004
LECT1,-0.023229999999999917
PNMA2,0.011299999999999977
FIBIN,-0.010660000000000003
FCN1,-0.05097375000000004
LOC731884,-0.1539537500000001
TRIM43B///TRIM43,-0.014382499999999965
PCDH20,0.13974750000000002
MGC20647,0.030335000000000056
ARNT2,-0.01808125000000005
MPPED2,-0.012034999999999962
VPS4A,0.36164125
DLX4,-0.0035524999999998474
SPC25,0.03437249999999997
TTC8,-0.04164250000000008
GLT1D1,-0.042334999999999956
NOP2,-0.05471500000000007
ICE1,-0.06520124999999999
LOC101927839,0.07368000000000002
CCDC190,-0.041906250000000034
LINC00029,0.08502749999999992
DCAF4L1,-0.00846875000000008
LINC00458,-0.14199
PCSK9,0.05521250000000005
LOC284219,0.08013000000000003
PIGW,0.015125000000000055
AP3B2,0.07198750000000004
COMMD10,-0.031319999999999903
SNHG21,-0.062382499999999896
MORC2,-0.04196124999999995
MYBPH,-0.0435799999999999
TMEM101,0.08939125000000003
GIMAP8,0.049805000000000155
GPC5,0.019436249999999933
METTL21EP,-0.04451125000000011
ETF1,-0.002654999999999963
UBD///GABBR1,-0.10984250000000001
LOC254896///TNFRSF10C,0.22432249999999992
LINC01180,0.09758875
CATSPERG,-0.08773500000000001
FOS,-0.008488750000000045
ERVH48-1,0.10928625000000008
SERF2,-0.15476500000000004
HIST1H1B,-0.015208749999999993
LRRC18,-0.004630000000000134
LOC400548,0.0007162499999999739
PP12613,-0.11029375000000002
KCNG3,0.02658124999999989
ACOT7,-0.10266874999999998
ELAVL2,-0.07752000000000003
ZSCAN12P1,-0.04760625000000013
CLEC4C,0.0003687500000000843
PLPP5,0.020318749999999997
NTN5,-0.031807500000000044
LOC388882,0.061721249999999894
LOC101928417,-0.11302999999999996
NAA30,0.0011574999999999225
USP44,-0.05469875000000002
IGF1R,-7.999999999996898e-05
TMEM130,-0.08367124999999997
ASIP,0.23675625
ZC3H10,-0.18968124999999986
SLC25A46,-0.08436000000000005
SPOUT1,0.08911750000000002
LOC100506885,-0.002911249999999921
LINC00673,-0.10209374999999998
ASPA,0.03280624999999998
LINC01206,-0.0363425
DRICH1,-0.12375375
PRIMA1,-0.07443250000000001
PPP1R16A,0.23622125000000005
SPZ1,-0.00928000000000001
MRAS,0.002949999999999897
TSPEAR,-0.023203749999999967
LINC00967,-0.006019999999999914
PCBP2P2///PCBP2,-0.029777500000000068
LOC100133072///BORCS8-MEF2B,0.03009750000000011
FAT3,-0.03309750000000011
TMEM25,0.09801625000000003
RNF187,-0.022746249999999912
RPP25,-0.11143625000000007
C1orf123,0.10954999999999987
LOC100506895,-0.05021749999999997
CDCA7L,0.07084624999999994
PIDD1,0.006802499999999878
VWA5A,0.038628749999999934
LINC00491,-0.11118749999999983
SUMO3,-0.0012150000000000771
TMPRSS11E,-0.07222625000000005
PANX2,-0.04203250000000003
ZCCHC9,-0.028367499999999934
LOC100996583,0.008116250000000047
LOC102724250,0.181365
LSMEM1,0.031074999999999964
LOC100506314,-0.14986125
S100A7,0.0005574999999999886
NDUFA10,0.06799499999999997
KATNAL1,0.018993749999999976
LINC01426,0.03792125000000007
CD5,0.10967125
MIR7-3HG,-0.06729624999999995
ALDH1L1,0.004697500000000021
ARFGEF2,-0.03453874999999995
RFX6,-0.02011500000000005
SLAMF6,-0.09907624999999998
NLGN2,0.061402500000000027
NUDT15,0.034361250000000065
USP30,0.016885000000000205
LINC00867,-0.010071249999999976
LGR5,-0.032576250000000084
KIAA0907,0.03010750000000001
BORCS7,0.02756875000000003
CD81-AS1,-0.04305625000000002
FBXO38,0.03198374999999998
ZNF586,0.013197499999999973
UBE2D2,-0.020369999999999888
TMEM133,-0.021133750000000062
SLC25A6,0.06105624999999998
MAX,0.056883749999999955
LOC100134722///RASA4DP///RASA4,-0.006597500000000034
LOC100506286,-0.0766675
TRAPPC1,0.1567162500000001
ATXN8OS,-0.005479999999999929
C21orf116,-0.08715624999999999
ZBTB8B///ZBTB8A,0.0038187499999999264
HAPLN4///TM6SF2,0.0412812500000001
ALDH1A2,-0.04208000000000006
ZNF514,-0.02966000000000002
SLC22A5,-0.2536825000000001
PITX2,0.003970000000000085
DEFB106B///DEFB106A,-0.0074825000000000585
LOC728327,-0.018669999999999964
TAAR9,0.006202499999999944
ZNF32-AS3,0.0027637500000000093
TEX43,0.0014700000000000268
STBD1,-0.05273
LINC00202-1,0.14246874999999998
LOC105372547,0.09670624999999994
NBEAL1,-0.006122499999999864
WBSCR28,-0.09541749999999999
DERA,-0.07967750000000001
FABP7,-0.012648750000000042
LOC100131813,-0.055692500000000034
GRP,-0.019194999999999907
LOC105377421,-0.03901625000000003
PNPLA6,0.07539000000000001
MPL,0.04757125000000001
LOC729815,-0.01751500000000006
INTS4P1,0.02096375000000006
LOC338620,0.11522874999999999
ZNF695,-0.020201250000000004
CFDP1,-0.05010999999999999
LOC643072,0.02090375
B4GALNT2,-0.004772500000000068
ANKMY2,-0.010193750000000057
IL12A,-0.0017199999999999438
DOCK4,-0.03259375000000003
LOC100131928,0.058798749999999955
HMCN2,-0.17031374999999999
IL18BP,-0.01687624999999998
MAN1C1,-0.09383375000000005
MAP3K14-AS1,-0.08603000000000005
PGAP2,-0.04764625000000011
COL9A2,-0.09989375
PKHD1,-0.06019625000000017
TUBGCP6,0.03278874999999992
C22orf23,0.037071249999999945
TMEM150B,0.029582500000000067
FNBP1L,0.03607374999999996
TMPRSS2,0.08111374999999998
C1S,0.026561249999999925
CBWD6///CBWD3///CBWD5///CBWD2///CBWD1,-0.023478749999999993
NFE2,-0.10340749999999993
HMGB3,-0.05139374999999996
PARVG,-0.14609125000000006
LEO1,0.007066250000000052
SPOCK2,0.14518875000000003
CCDC185,0.0021637499999999643
PLPP4,-0.11281124999999997
RAB42,-0.023089999999999944
DEFB103A///DEFB103B,-0.04207374999999991
SLC44A3,0.01658875000000004
ELF4,-0.0737162500000001
USP32P2///USP32P1///USP32///CCDC144A,-0.04361625000000008
SLC30A10,0.004192499999999988
LOC652565///CD8BP///CD8B,-0.16689750000000003
PIGH,-0.04092875000000007
SLC38A1,-0.054220000000000046
LINC00887,-0.13078374999999992
SAPCD2,-0.043303749999999974
CNTN4,0.05336999999999997
PBX1,-0.0036362500000000075
LOC149703,-0.03961124999999999
TBRG4,-0.02405124999999997
FAM20C,0.19276875000000004
COX5B,-0.09096499999999991
LINC00472,-0.049913750000000034
LOC101927769,-0.05769749999999996
FAM198A,-0.0016925000000000967
ABCA6,-0.07496999999999998
CTD-2350J17.1,0.135955
ZNF609,0.10537000000000002
ECI2,-0.028416250000000032
DYNLRB2,-0.03335124999999994
LOC650656,-0.09886249999999991
LOC646870,0.07585625000000007
CYP11A1,0.018666249999999995
LAPTM5,0.06887499999999996
IFITM2,0.11743124999999999
NLE1,0.03659499999999993
LOC220077,0.0664225000000001
MCM4,0.17491499999999988
HIC1,0.10034875000000004
NRF1,-0.007729999999999959
CASK,-0.03741375000000002
TAS2R7,-0.11890624999999988
CUEDC1,0.09955375000000005
OGFOD2,0.039315000000000044
ITIH2,0.08218375000000006
LINC00856///LINC00595,-0.03471374999999999
CEP97///UBC///UBB///RPS27A,0.009428749999999986
COMMD6,-0.010001250000000073
UPK3A,0.41742625
LRRK1,-0.010455000000000048
LAX1,-0.013588750000000038
GLIS3-AS1,-0.034321250000000025
EMG1,0.0071687500000000015
USP29,0.07100374999999998
VDAC2,0.01605875000000001
ZBBX,-0.02548874999999995
GMPR2,0.14993499999999998
CFAP126,-0.05700124999999989
SPACA3,0.25669000000000003
PSMB10///CTRL,0.03192750000000005
TTC4,-0.019796250000000015
UQCRFS1,-0.04835250000000002
HACD4,-0.06609749999999998
MRPL45,0.003724999999999923
ITGB7,0.09080250000000006
C19orf81,-0.03137374999999992
TCHH,-0.08571000000000001
EVI2B///EVI2A,-0.023421250000000116
PIGG,0.003774999999999973
LIPF,0.05846374999999998
LOC152274,0.006386249999999982
INPP5D,-0.004699999999999982
SHC1,0.19247749999999986
LOC100131496,0.009746249999999956
RAB6B,0.03979375000000002
APMAP,-0.08112750000000002
GFER,-0.14629749999999997
C2orf16,-0.060416250000000005
UFC1,0.021584999999999854
LOC101927313,0.09213875000000005
ARRDC4,-0.018103749999999974
SLC16A2,-0.006226250000000044
PNPO,0.015183749999999996
DHRS4L2///DHRS4,0.13356250000000003
IL1RL2,-0.15584625000000002
HAMP,0.10514499999999993
LOC105377468,-0.016127500000000017
ZC2HC1B,-0.12036249999999998
LOC284898,-0.11403625000000006
LOC152286,0.13865124999999984
GCNT1P1,-0.04936124999999997
CELA2B,0.03835499999999997
FAM167B,-0.13767750000000012
CXCR3,0.2817850000000001
SLC30A4,-0.025188750000000093
STAR,-0.03809374999999998
LOC105370613,0.07632750000000005
PHF7,0.09613625000000003
FZD6,-0.041177500000000034
ITK,0.054496250000000024
ARAP3,0.03789374999999989
EMD,0.07072
GLT8D1,-0.12742874999999998
CENPV,-0.05314624999999995
LOC286238,0.0026025000000000076
CD38,0.03153375000000014
VCL,-0.07936124999999994
MYO1A,-0.004402499999999976
VPS33B,0.05742999999999987
CISH,-0.09920874999999996
LOC646548,0.02716875000000013
SPP1,-0.015924999999999967
MFN2,-0.12827499999999997
SEPT3,-0.06763625000000006
TRIP6,0.20196750000000002
ZNF445///DENND3,0.1807350000000001
FREM3,-0.01649249999999991
CPTP,-0.05691125000000008
CBX4,0.020391250000000027
KPTN,0.2597275000000001
FCAR,-0.055663749999999956
PRDX1,-0.1285425
DNMT3L,-0.12918750000000007
BCAT2,0.08696999999999994
GIP,-0.03136124999999995
LOC100506489,-0.16653500000000004
LDLRAD3,-0.11602625
LINC00648,-0.05615750000000008
TRBV21-1,-0.02294000000000007
ARRDC1,-0.20724875000000004
MDN1,0.029828750000000126
PITHD1,-0.032873750000000035
LIF,0.032521249999999946
TTPAL,0.11477500000000007
NQO1,0.08043875000000006
PRTFDC1,-0.03079375000000001
SLC6A8,-0.29013999999999995
DIO1,0.0266575
SH3PXD2A-AS1,-0.14460249999999997
ART4,0.09038375000000004
GPKOW,-0.015680000000000027
APBA1,-0.06749250000000001
MACROD2-AS1,-0.006513749999999985
PLPP6,-0.021282499999999926
JMJD6,0.022373750000000026
SPRY3,0.025429999999999897
SPATA24,-0.021561250000000032
DDIT3,0.05368999999999996
BDH1,-0.021593750000000023
SLC37A1,-0.07090250000000003
NDUFV2,0.03180375000000002
CCDC89,-0.003652500000000003
SIGLEC17P,0.038867500000000055
HYAL1,-0.03951499999999997
LYPD8,0.0016512499999999375
SH2B2,0.24170875000000003
RAB7B,-0.07234124999999997
ACTN1,-0.14344249999999986
OR51B6,0.02490125000000004
PRAC1,-0.010560000000000125
GJD3,0.05467874999999994
LOC100129699,-0.01836499999999991
JPH2,-0.040520000000000056
CRTAM,0.025650000000000006
KLB,-0.10685999999999996
LOC100507140,0.011223750000000143
LOC101927690,-0.06085875000000002
NLRP13,-0.029886249999999948
LOC101928225,-0.17459125000000003
NPAT,0.050453749999999964
PGLS,-0.01374375000000011
CDC42SE1,-0.035053749999999995
STK17B,-0.03884750000000009
XDH,0.015149999999999997
KIFC1,0.09667124999999999
AOC3,-0.0988162500000001
NBR2,0.0067250000000000365
ZSWIM6,-0.09126500000000004
LOC100130757///C10orf71,0.05588749999999992
TMEM260,-0.07931374999999996
TYMSOS,0.06555125
NANOGNB,0.15454249999999997
EHBP1L1,-0.0008562500000001139
ZSCAN18,-0.009172499999999917
LINC00284,-0.06048500000000001
ZCCHC3,0.06193249999999989
RPS2P5///RPS2P29///RPS2P48///RPS2P21///RPS2P17///RPS2P55///LOC148430///RPS2,0.03726875000000007
GREB1L,-0.07589000000000001
ELP6,0.08833750000000001
MOP-1,0.011531249999999937
BACE2,0.1350099999999999
CCDC77,0.016507499999999953
RARRES3,-0.058689999999999964
MAP1LC3B2,-0.09997499999999998
POMZP3///ZP3,0.05063749999999989
IQGAP2,-0.009452499999999975
TOR1B,-0.04331999999999997
HOXA2,0.018843750000000048
GCSAM,-0.02881750000000005
NUP210L,-0.11533624999999997
SLC17A9,0.03845749999999998
SELO,-0.08008375000000006
SWSAP1,-0.06838749999999982
STXBP3,-0.019628750000000028
HOGA1,-0.06430125000000003
ITPR1-AS1,0.028092499999999965
RHPN1-AS1,-0.1524537500000001
LOC732419///ATAD3C///ATAD3B///ATAD3A,0.16255625000000007
NFKBIZ,-0.06827
CXXC4,0.04386499999999999
SYT2,0.02095375000000005
PLXNB2,0.06507250000000003
AGAP3,-0.16491625
LINC01442,-0.006822499999999954
LUZP4,-0.08413999999999994
GRIN2C,-0.03036625000000004
REXO1,0.28991499999999987
LOC151484,-0.042625000000000024
CNTD1,-0.012892499999999862
C2CD5,-0.08332125000000001
LOC642696,-0.002164999999999917
AIPL1,0.1853412499999999
MRAP,-0.010365000000000069
TMEM185B,-0.012853750000000053
H2AFZ,-0.02495499999999995
MCM7,-0.15257624999999997
NUP62,0.00756374999999998
ALPK3,0.015192499999999831
INPP5K,0.012577500000000075
LOC644852,0.07233125000000001
LOC100132051,0.041907499999999986
RASA1,0.00705750000000005
LOC284912,-0.10947999999999997
CASC2,0.16301125000000005
CLDN2,-0.15048500000000004
BRPF1,0.005378749999999988
LOC100507534,0.05422625000000003
VN1R4,0.14279875000000009
APOF,-0.09051749999999997
CABP2,0.1738987500000001
LOC101927346,0.10856874999999999
DAO,-0.03831874999999996
DCHS1,0.06577624999999993
KCNMB4,-0.04366874999999998
F2,-0.013787500000000064
VRK1,0.0010349999999998971
BAMBI,-0.036543749999999986
VEGFB,0.04281375000000004
TBCCD1,-0.11014374999999993
GNA14-AS1,-0.026167500000000066
DDI1,-0.038066250000000024
CCDC170,-0.03404749999999995
RASL10A,0.16242125000000007
NINJ1,-0.010312500000000058
LOC100288860,-0.02710625
MEPE,0.042107499999999964
LOC100130356///PAQR3,-0.02588874999999996
LOC100506557,-0.05489499999999997
WSB2,-0.011358750000000029
CELF3,-0.017734999999999945
TAS2R13,-0.025444999999999995
SYT11,0.03194125000000003
FAM65C,0.03391124999999995
RARRES1,-0.07969625000000002
ZFP1,-0.04689624999999997
DUSP9,-0.01708875000000004
NAXD,-0.1894337499999999
PABPC4,-0.014387500000000053
CTAGE8///CTAGE4///CTAGE11P///CTAGE15///CTAGE6///CTAGE7P///CTAGE5,-0.17660125000000004
DHODH,0.020078750000000034
SESN1,0.03943374999999999
TMED8,-0.09702875
ZNF561-AS1,-0.0043362500000000415
BCL9L,0.008428749999999985
PLEKHH3,0.1417799999999999
ADGRD1,-0.05436750000000001
NUDT19,-0.19766125000000007
ATAD1,-0.033748749999999994
MRPL20,-0.03839750000000003
ADAM6,-0.08970375000000003
PLAGL1,-0.019328750000000006
RGMB-AS1,-0.026942500000000036
TP53AIP1,-0.012383750000000082
CYP1B1-AS1,-0.0338
DUOX2,-0.13839
PFKFB4,0.02768500000000007
C4orf46///TOMM7,0.13582999999999995
NRGN,0.19014624999999996
EPHA2,0.13435499999999995
ASIC5,-0.15925250000000013
SRRM5,-0.03750874999999998
PARP10,0.2405687500000001
BMP8A///BMP8B,0.007816250000000025
DTL,-0.002738749999999901
PHOSPHO1,0.14699374999999992
BAD,-0.10798875000000002
RHBDF2,0.10726999999999998
OR10D1P,0.04399750000000002
NDC1,-0.04536624999999994
LOC339975,0.13041125000000003
CSNK1E,0.016753750000000067
LOC105378130,0.019355000000000067
HNCAT21,-0.01929874999999992
GABRR2,-0.2142287499999999
TTTY8B///TTTY8,0.02542875000000011
DRD2,-0.032704999999999984
PRDX6,0.13537999999999994
C6orf99,0.13199624999999998
LOC100129444,0.14879374999999995
ZFP91-CNTF///ZFP91///CNTF,-0.027161250000000026
IARS,-0.0134912499999999
ZC4H2,-0.04274374999999997
CIB2,-0.08992250000000013
JMJD4,0.12047750000000002
LOC100133409///ACTR3B,-0.023257499999999987
DUSP8,0.3097712499999999
CDKN2A,0.022296249999999962
SMC1B,-0.08761374999999988
ING4,-0.006955000000000211
DCXR,0.061906249999999885
DCTN6,-0.012678749999999961
FAH,-0.020941250000000022
CTSH,-0.04501749999999993
BCR,0.22813499999999987
FUT11,-0.07558750000000003
IFNL2,-0.024370000000000003
LOC101928893,0.021488750000000056
TTYH2,0.1367425
FANK1,-0.02390500000000001
PRR20E///PRR20D///PRR20C///PRR20B///PRR20A,-0.020446249999999944
SMIM10L2A,0.038175000000000014
LRP5,-0.08303250000000001
WDTC1,0.10729625000000009
LOC727820,-0.027583750000000018
KRT27,-0.09141875
LOC643406///LINC00654,0.002662500000000012
RIPPLY3,0.007021249999999812
FGF14-AS2,-0.10423749999999998
NPSA,-0.06382750000000004
CNNM4,0.10011249999999988
LOC100131532,0.12548625000000002
GOLGA6A,-0.08804624999999999
TOMM40L,-0.0315224999999999
CHP2,0.1286437500000001
APTR,-0.0138625
LOC731477,0.020214999999999927
MAPK1IP1L///FCF1,-0.021122500000000044
LOH12CR2,0.04306625000000003
LOC100131039,0.004077500000000012
SARS,0.0077087500000000975
SLC9A2,0.005443750000000025
NAT14,-0.07482250000000001
GZMB,-0.0277487500000001
ZNF444,0.1325425
BAIAP2L1,-0.11331500000000005
MYOC,0.034787499999999916
FAM9B,-0.026647500000000046
A2M,0.03510624999999995
METRNL,0.03398875000000001
PFKFB2,-0.04314625000000005
LINC01096,-0.16695250000000006
ERCC5,-0.043158750000000023
GJB5,-0.015412500000000051
TYRP1,-0.020613750000000097
RPS7P11///RPS7,0.07025374999999995
ZFAND2A,0.11632625000000002
MEPCE,0.04691999999999996
NFE4,-0.027113750000000048
CD244,0.0055375000000000285
C3AR1,0.12496125000000013
PCDHGB5,0.0057174999999999865
HIF1A,-0.02920499999999998
TXNDC12,0.10919250000000008
CDC23,-0.02010499999999993
B4GALT6,-0.009779999999999955
DLGAP1-AS2,-0.2194412500000001
HSPC102,0.020357499999999917
MRPL38,0.024283750000000104
WT1-AS,-0.02102624999999997
TANC1,-0.014453749999999987
LOC100130998,-0.0475549999999999
HOTTIP,0.0033475000000000033
CIB4,-0.04276249999999998
PCA3,-0.012377499999999875
ATP2C1,-0.048584999999999934
B4GAT1,-0.06194999999999995
RXRB,0.020728749999999907
LOC105378349,-0.11877624999999997
LOC100132418,-0.03774500000000003
FHOD1,0.004811250000000045
EGLN3,-0.050833749999999955
ARR3,-0.11315249999999993
ZC3H11A,-0.13441750000000008
LOC100131303,0.005836250000000098
ZCCHC14,-0.032102500000000034
LOC284009,0.0023600000000000287
FAM69B,0.07046375000000005
EIF2AK1,-0.01415125000000006
ARHGEF7-IT1,-0.015838749999999957
JAM2,-0.04396749999999988
BEAN1,-0.013924999999999965
FLVCR1-AS1,-0.09521000000000002
PRKD1,-0.03401749999999998
SPRY4-IT1,0.31347749999999996
LOC105274304,0.039972499999999966
LINC00934,-0.014015000000000055
BRK1,0.009163749999999915
KLRC3,0.041525000000000034
HAVCR2,0.13803125
PDP2,-0.11056375000000002
NANP,-0.025664999999999938
LOC286149,-0.15921875000000008
AP1S1,0.041866249999999994
DIS3L,0.0009850000000000692
NPIPB7///PDXDC2P///NPIPA1,0.05018125000000001
BPIFC,0.003832500000000072
COPG2IT1,-0.03449374999999982
ST20-AS1,0.018388749999999898
TEX37,0.042278749999999976
SLX4,0.14977250000000009
BUD13,0.01766124999999996
MAPT-AS1,0.19289249999999997
SERPINE2,0.022962500000000108
POU3F3,0.21782124999999997
GRPEL2,-0.05988500000000002
SCGB1D1,-0.04036624999999994
AMT,-0.03340000000000004
PYCARD,-0.034726250000000014
GRINA,0.3561274999999999
CTAGE1,0.0054075000000000095
ZNF461,0.020248750000000038
OAZ2,-0.0987687499999999
AKR7A2,-0.021238749999999973
TTLL6,0.045955000000000024
RBP1,0.001851250000000082
UPP2,-0.0038512500000000283
CDK10,-0.018866249999999973
H2AFY,-0.04154374999999999
C9orf47,0.1353224999999999
HFE2,-0.008899999999999908
NGFR,0.02915374999999998
XGY2,0.014791249999999978
LINC01449,-0.007711250000000003
GCH1,-0.021473750000000014
MC2R,-0.015326249999999986
MFSD6L,-0.05572499999999986
RPP14,0.038068749999999874
USP21,0.016440000000000066
TSC22D1-AS1,-0.05726374999999995
RAB40AL,0.17322749999999992
KRT24,-0.013056249999999936
CDC45,-0.0716675
CTNND2,0.019931249999999956
HAND2,0.0519675
ACSS2,0.15677625
AMIGO2,0.012402500000000094
MPO,0.057171249999999896
TULP1,0.17648625
MASP2,0.23980125000000002
RNF44,-0.03101500000000007
CBX7,0.12997624999999996
TBC1D8,-0.007664999999999977
SNHG16,0.05354624999999996
RAPGEF1,-0.06132875000000004
NAIF1,0.03034500000000001
SRP68,-0.1453699999999999
LOC100130315,-0.015123749999999991
LOC100128612///FLJ12547,-0.03278125000000004
SF3B3,0.048683750000000026
GDF15,0.08989250000000004
SREBF2,0.04001625000000003
RABGEF1,-0.00748125000000005
LOC100129951,0.021257499999999985
CCDC6,-0.0001787500000000608
MTURN,0.011272500000000019
SMTNL2,0.12506624999999988
TMOD1,0.008807499999999913
LOC101929084,-0.15366499999999994
PRKAG1,0.17717374999999996
LCE2B,0.0218512500000001
PDLIM4,0.13789374999999998
CRTAC1,-0.006857499999999961
TRBV24-1,0.10021375000000005
HORMAD2,-0.0019387500000001001
GKAP1,0.012244999999999895
PITPNM2,0.07237250000000006
RNF183,-0.03674250000000001
FEM1A,0.07056250000000003
TM2D2,-0.1288575
APOBEC3D,-0.010232499999999978
GAST,-0.003522499999999984
RHNO1///IGHG1,-0.006313749999999951
LOC100130262,0.10976124999999998
HMGCS2,-0.10161375000000006
STX18-AS1,0.1623724999999998
SNORA74A,0.06664749999999986
KHK,-0.015368749999999931
ADAMDEC1,-0.0038412499999999627
PTTG1IP,-0.04192125000000002
LOC100131993,-0.01717124999999997
GCSAML,-0.09765125000000008
LMO2,-0.03192374999999997
FAM50A,-0.019776249999999995
LOC100132910///GALNT2,0.07046875000000002
GMDS-AS1,0.04477625000000002
FXYD5,-0.028181250000000158
UXT,-0.13184875000000007
LEMD2,0.21282125000000002
PNMT,0.008487499999999981
ALDOA,0.027746250000000083
ZNF296,-0.013166249999999824
KIAA1324L,-0.014573749999999996
OTOS,-0.11445125
RBM28,-0.019483750000000022
RPL26L1,-0.02655249999999998
ADAM19,0.013321249999999896
DDX1,0.032193749999999965
TTI1,-0.02111874999999991
TOP3A,-0.028121250000000042
NCBP2-AS2,0.16611749999999992
MINCR,-0.14484375
NEPRO,0.004918749999999916
DDR1,-0.11865625000000002
KLF7,-0.10920750000000007
NPFFR2,0.013619999999999965
SPRY4,-0.033232500000000054
LOC101929076,0.0149725
ZCWPW1,0.035087500000000105
C20orf144,0.07904624999999998
BLOC1S4,-0.028883749999999986
BZW2,-0.10846750000000005
IQCD,0.18791000000000002
DHRS9,0.015237500000000015
PLAC9,0.016358749999999977
TXNDC17,0.0005524999999999003
EIF3D,0.21386875
DFFB,-0.2721062499999998
OR2C3,-0.04468750000000005
TRBV10-2,-0.01848749999999999
LOC645485,-0.06822875
FAM160B2,0.05442750000000007
ALOX12-AS1,-0.01564500000000002
VIMP,0.016419999999999935
FAM78B,-0.07404499999999992
FARP2,0.016552500000000026
IGHM///IGHG1///IGHA1,-0.019413749999999896
AOAH,0.10067250000000005
MIR34AHG,0.0754550000000001
IFT27,-0.1255237500000001
GCM1,-0.08254999999999985
IGHV3-75,-0.14153750000000004
KCTD1,-0.18529125000000002
WNT8B,0.15819125
FAM47A,-0.11588749999999998
SLC30A8,-0.1044949999999999
C15orf65,0.032677499999999915
RHBDF1,0.058336250000000034
LOC101927668,0.04203374999999998
LOC101928943,-0.055403750000000085
RPN1,-0.01494625000000005
LOC101927513,0.13555875000000006
LINC00908,-0.027492499999999975
NFATC3,0.03894875000000003
VENTXP1,-0.03627500000000006
LOC100133578///ASMTL,-0.015043749999999911
TRIM6,0.03400124999999998
STARD7,0.09042750000000005
LOC728173,0.07487375000000002
SEPT6,-0.07845749999999996
MECR,0.14418625000000002
LOC389765///KIF27,-0.0023025000000000406
RANBP17,-0.04286000000000001
ITGAX,0.08840125000000004
DNPH1,0.0912675
SPATA33,-0.10101625000000014
SALL2,-0.053621250000000065
RBM14,-0.06522375000000002
C20orf197,-0.03459000000000001
NUDT17,0.007318749999999985
CARD9,0.07188999999999995
ALOX15B,-0.007536249999999967
CXCL13,-0.05083749999999998
ZNF134,0.03874624999999998
CCR10,0.14804750000000005
ZNF776,-0.0204125
PACSIN2,-0.011859999999999982
STARD13-AS,-0.07200749999999984
MROH2B,0.10869874999999996
DRC7,0.061432500000000057
ZNF195,-0.01649624999999999
SPTY2D1-AS1,0.01265375000000002
NEURL4///GPS2,-0.23608375000000004
LINC00471,0.06686499999999995
ADIPOR1,0.01742499999999997
COL2A1,-0.0742887499999999
IL21R,-0.026026249999999973
DRC1,0.11293749999999991
HOXB-AS1,0.19385124999999997
CHODL,0.1145425000000001
SLN,0.059663750000000015
STK10,-0.07798499999999997
DCHS2,-0.11559500000000006
ASB14,-0.016742499999999882
LOC730200,-0.05819750000000007
NLRP3,-0.010084999999999955
TUFM,-0.011488750000000048
ATP11A-AS1,0.009184999999999999
LOC101928557,0.05580999999999997
LINC00309,-0.056032499999999985
EYA1,-0.06387375
RPS3,-0.10164625000000005
KRT83,0.15103874999999994
LOC100133105,-0.058563749999999914
PHACTR1,-0.021966249999999965
ABCB7,-0.004627499999999896
RTN1,0.0029649999999999954
GDF3,0.016624999999999945
IMP4,-0.0037612499999999938
C9orf78,-0.02299249999999997
LOC100130212,-0.01917749999999996
IL36G,0.02261250000000009
MRPL52,0.02140000000000003
LOC729307,0.03716124999999998
LOC100130219,0.058717500000000034
ITGA7,-0.04231874999999996
LOC101928940,-0.10593249999999999
CDC6,-0.029528750000000104
LOC101930149,-0.013452499999999978
CD72,-0.007163749999999969
HMG20A,-0.027106250000000054
RCSD1,0.07465875
TRAF4,-0.05399000000000015
MTNR1A,-0.007186249999999894
UBE2T,-0.09861375000000006
DLEU7,-0.14242500000000008
IL20,0.030089999999999895
NCAPH,-0.011543749999999964
MEF2C-AS1,-0.05254750000000008
LOC101929162,-0.049595
SS18L2,-0.0043899999999999495
USP3,-0.015223750000000036
GOLGA7B,-0.002006249999999987
EFNB1,0.309935
LOC731602///METTL17,0.01909000000000005
FBXO30,0.012286249999999943
ZBTB5,-0.009486250000000085
ST5,-0.04514375000000004
ITGA3,0.09655124999999998
MTCL1,0.03759750000000012
LOC100129620,-0.04155000000000003
BEST1,0.09529374999999995
DOK5,-0.006356250000000008
TMEM171,0.04919000000000012
BEX5,0.05962250000000002
PSMB6,0.029837500000000072
LOC100129546,-0.017838749999999903
CENPA,0.042739999999999945
MMS19,-0.02676249999999991
PCTP,-0.11686999999999992
FADS3,-0.22805875000000003
RAC2,0.09356124999999998
JAM3,-0.0726274999999999
GYPB,0.10136500000000004
ALS2CL,0.2223524999999999
STPG1,-0.019558750000000125
RPL11,0.09898250000000008
MOXD1,-0.01328000000000007
CCDC105,0.007950000000000013
PEX5,0.023821250000000016
SLC41A3,0.09476750000000006
MEX3D,-0.010226249999999937
DTX3L,0.001597499999999974
TCTA,-0.04994749999999998
KCNMB1,0.11432749999999997
RAPGEF3,0.13977249999999997
GZF1,0.054296250000000046
HNRNPM///COL2A1,-0.03563500000000014
ZNF2,0.010587499999999916
PCDH19,-0.0065312499999999885
TMCO3,-0.03985000000000005
PHF21B,0.03610624999999995
LINC01207,-0.04057125
PTPN14,-0.025296250000000076
LOC100506699,-0.0007424999999999793
ANGPTL7,-0.028067499999999912
ASCL3,-0.06570749999999997
ARHGAP19,-0.01043375000000002
LYRM1,-0.062336249999999926
GCDH,-0.05173125000000006
TESK2,-0.0034374999999999267
GSDMC,0.039108750000000025
PPP6R1,-0.02594124999999997
SPEM1,0.04577999999999999
HUS1B,-0.04411124999999999
FBXO36,-0.03782624999999995
HAGH,-0.00011625000000009544
UFD1L,-0.07464749999999992
MVD,0.21610999999999997
LOC339166,0.04993374999999994
MGC34796,-0.012732499999999924
LOC100132881///LOC728715///OVOS///OVOS2,-0.07379625000000006
SLC38A10,0.5223325000000001
DNAJC25-GNG10///DNAJC25///GNG10,0.09539999999999987
DKFZp564H213,-0.029103749999999984
LOC101927059,0.01206249999999992
HOXC8,0.04568875
UNG,0.02074750000000003
C1orf54,-0.01710250000000002
SRSF6,-0.040776250000000014
IDUA,0.04076875000000002
P2RX2,-0.12249874999999999
CDKN2A-AS1,0.033837499999999965
ORC6,-0.020490000000000008
KRT80,0.08776500000000009
C10orf76,-0.05703999999999998
KIAA1661,0.016312499999999897
IGDCC4,0.0030875000000000763
ZNF285,0.02219124999999994
LOC102723704,0.06845375000000004
LOC103344931,-0.018971249999999995
TMEM175,-0.014726250000000052
PKLR,0.07257000000000002
FRRS1,-0.014592500000000008
TIPIN,-0.034722500000000045
LOC100130623,-0.0005999999999999894
CRLF2,-0.09093000000000001
TTYH3,-0.09330624999999992
ZNF324,-0.07753499999999997
IL37,-0.00925374999999995
LINC01490,-0.029725000000000057
CREB3L2,-0.0282062500000001
C2orf82,0.43428625
GRM1,0.005772499999999903
IFI35,0.15448374999999998
TSNAXIP1,0.14880999999999994
MLN,-0.10778249999999989
COL6A5,-0.019986250000000094
LOC100133555,-0.003512500000000085
ALPPL2///ALPP///ALPI,0.05875500000000006
C11orf80,-0.028014999999999846
LOC100128175,-0.02824749999999998
FGD5,-0.018546249999999986
UTP14C,-0.012238749999999965
ZBTB6,-0.009832500000000133
PREB,-0.01795749999999996
GYS2,-0.015721249999999964
HYMAI,0.10801
OTOF,0.31114250000000004
LOC102724612,0.03942499999999999
LOC101929122,-0.008374999999999966
WNT5B,0.03228500000000001
TMCC2,0.03132125000000008
ID2B,0.05736874999999997
TTF1,0.14567249999999998
PLAGL2,0.037870000000000015
EEF1D,-0.02132500000000004
WBSCR22,0.23127749999999997
SYNDIG1,0.04240749999999999
ATP1A1,-0.09747500000000009
TSR2,0.18579124999999996
LINC01012,-0.029095000000000037
CHAMP1,-0.005167500000000047
FLJ10232,0.1713675
IL2RB,-0.08579874999999998
LINC00710,0.005885000000000085
LOC100129022,0.03428124999999993
SLC9A3R2,-0.03897124999999996
ATP6V1G1,0.0023825000000000096
FABP1,0.02291375000000012
MSANTD2,-0.053521250000000076
RRH,0.022141250000000057
FBXO2,-0.029349999999999987
INO80C,0.04732124999999998
SELL,0.04914624999999989
FGF10-AS1,0.012713749999999968
RARS,-0.015648749999999934
SNHG9,-0.03249875000000013
ABI3,0.03233875000000003
TOB1-AS1,-0.010836249999999992
PRKAB1,0.08190625000000001
C15orf57,-0.11084499999999997
MRGPRX4,0.029981249999999904
WDR63,0.02682749999999995
PALM2-AKAP2///PALM2///AKAP2,0.1153037500000001
FBXO39,-0.017472500000000002
INTS3,-0.018267499999999992
FLJ35700,-0.03239125000000004
FAM124B,-0.0332687499999999
PDZRN4,-0.012203750000000069
RCC1,-0.009698750000000034
OR4D2,-0.11925249999999998
TRAF5,0.14779875000000003
CNGA3,-0.03062749999999992
LOC729556,-0.18908000000000008
NMNAT1,0.05202124999999996
RSPO3,0.05217874999999994
LOC389247,0.008123749999999874
ATAT1,0.20546250000000005
ASTN2,-0.042736249999999976
SLITRK5,0.06863750000000002
XXYLT1,0.15055875000000002
TNFRSF10D,0.042186250000000036
SCYL3///HTN3///HTN1,-0.003933750000000069
CUTC,-0.019387499999999946
IL1RN,-0.11486124999999997
FUOM,0.05508625000000006
AGA,0.011817500000000092
LOC401222///LOC401220,-0.05045125000000006
MIR646HG,-0.015413749999999948
GRAMD1B,-0.046375
CLCN5,0.03661500000000012
ANKRD33B,0.030737499999999918
DEFB4A,-0.12034874999999995
NCR3LG1,-0.028430000000000066
ZNF470,-0.037668750000000084
GMCL1P1,-0.04187624999999995
DOCK2,0.1454375
KRT3,0.3445137499999999
MIR4435-2HG///LINC00152,0.03832874999999991
NKX2-8,0.23043375000000005
USP13,0.007155000000000078
OSGEPL1,0.04665374999999994
AMPH,0.1023687499999999
NANOG,0.002263750000000009
C5orf46,0.019320000000000004
HILS1,-0.05331124999999992
LOC200609,-0.005650000000000099
LOC101928460,-0.025128749999999922
LOC100134295///SLCO4A1,0.025022500000000003
LOC105372761,-0.0015587499999999976
YPEL5,0.08346999999999999
C18orf15,0.14078999999999997
MYO1F,0.007413749999999886
FLJ41170,0.05008749999999995
FAM24A,-0.177585
FAM189A1,-0.010591249999999941
RNF148,0.03561624999999996
NUCB1,0.04733000000000004
CYP24A1,-0.09122500000000011
OR5P3///OR5P2,0.052543750000000056
DRG1,-0.02577374999999993
LOC100286925,-0.0634475000000001
GATA3-AS1,-0.10717249999999995
S100P,-0.07146875000000003
TRPM4,0.012878749999999939
TEX19,0.01425999999999994
B3GAT3,0.15631249999999997
KRTAP4-12,0.04826250000000004
CRHR1,-0.020218749999999952
LINC01588,0.02356374999999994
DHX38,-0.024242499999999945
PCYOX1L,0.027292499999999997
LINC01197,0.06508625000000001
PDHA2,-0.0067012500000001585
DKK4,-0.04490749999999999
SPATA12,-0.05607625000000005
CD300LB,0.14333750000000006
ATP6V0A1,-0.022011250000000093
ATP10D,-0.05755124999999994
C10orf10,-0.101885
DNAJC14///SARNP,-0.07090124999999997
TMEM255B,-0.11996874999999996
ENOX1,-0.012842499999999923
IL18RAP,0.11731249999999993
CSNK1D,0.08443499999999998
CDNF,-0.010579999999999867
TTLL1,0.03393375000000004
DHRSX,-0.10289499999999996
CACNA1G,0.05328749999999999
FOCAD,-0.013431250000000117
LOC105374809,0.046529999999999905
PHBP19,0.02081624999999998
PRSS21,0.027616249999999953
TAS2R3,-0.10283000000000003
JOSD2,0.08656125000000003
CFC1,0.006581250000000094
PTPRR,-0.06591249999999998
LOC286297,0.06639624999999999
RWDD2B,-0.015354999999999952
C10orf54,-0.020789999999999864
CCDC120,-0.00416124999999995
GTF3C5,0.23427499999999996
ELMO1,-0.056821250000000045
ATP6V1H,-0.016111250000000077
DNAH17,0.02190249999999999
CCNO,0.05692500000000006
LIPH,-0.04947374999999998
GYG2,-0.030932499999999974
HYDIN,0.00853499999999996
HBEGF,-0.009851250000000089
EIF4EBP1,0.07319374999999995
FXYD7,0.28704875
RPL29P4///RPL29,0.03581749999999995
IQCE,-0.021517499999999967
C9orf16,0.2208575000000001
AGMAT,-0.029709999999999903
SFMBT1,-0.15476374999999987
LBR,0.011513749999999878
HOXD3,-0.037313750000000034
ADAM11,-0.18420750000000002
LOC100128993,-0.021941250000000023
CSF3,-0.030717500000000064
LINC01521,-0.04877124999999999
LOC100130415,-0.09031125000000001
DANT2,-0.045684999999999976
RPL28,0.29928750000000004
STX8,0.03345625000000013
FOXO1,-0.12830000000000003
TBC1D4,-0.04077375000000011
PPIL6,-0.06298124999999999
RBFOX2,-0.011392499999999972
MRPL37,0.09715249999999997
RPP40,0.015293749999999995
VPS9D1,0.2958512499999999
ZNF532,-0.05617875000000011
ATP5F1,-0.042776250000000016
PDC,-0.0018099999999999228
MOGS,0.04353374999999998
PLEKHF1,0.08096875000000009
SLC22A1,0.19342624999999997
SPINK7,-0.01247374999999995
RNF186,-0.012466250000000012
FCHO2///GH1///CSH2///CSH1,0.26073500000000005
BUB1B,-0.07991124999999993
TBC1D14,-0.10411249999999994
TSPAN7,-0.040588749999999896
ACOT6,-0.0908874999999999
ASIC2,-0.043161249999999984
ULBP2,0.13776125000000006
FAM188B,-0.0521187500000001
LOC286272,0.02252499999999996
DNAH10,0.09056874999999986
TYRO3P,-0.021937499999999832
AURKB,0.09669374999999991
RIPK4,-0.010575000000000001
PRRC2B,0.027278750000000074
ADSL,-0.00012125000000007269
GLRX3,0.0033449999999999314
ACY1,-0.04908125000000002
TLR8-AS1,-0.034056249999999955
LY75,-0.04642874999999996
LOC101927228,0.1053262499999999
CASC1,-0.04145000000000004
CST8,-0.04812000000000011
CHRD,0.16777624999999996
C1orf87,0.10643625000000001
LOC105377134,0.07398624999999992
MRPL40,-0.02572374999999999
MESDC1,0.03478625000000013
LY6K,-0.046927499999999955
DGKK,-0.03795999999999994
ASAP3,0.041953749999999956
LOC105379186,0.22891625000000004
MTMR10,-0.06617499999999998
PQLC2,-0.04813875000000001
RAET1E,0.004588749999999919
MTA3,-0.0376725
NXF3,-0.03219250000000001
VPS37B,-0.09320374999999992
MXRA8,0.0983400000000001
VIPAS39,-0.015481250000000002
PPP1R15A,1.5000000000098268e-05
STAMBP,-0.016241249999999985
PDX1,0.14931500000000003
GPIHBP1,0.014841249999999861
SLC8A3,-0.00525875000000009
LOC101927348,-0.056901250000000014
TMEM189-UBE2V1///UBE2V1,-0.0010687499999998407
PHF23///NUP98,-0.09482875000000007
CRAMP1,-0.09184874999999992
ANKRD20A2///ANKRD20A3///ANKRD20A1,-0.03205625000000001
NEIL2,-0.0029699999999998616
IGFBP4,0.14030500000000007
C12orf42,-0.010606249999999928
MAT1A,0.05016374999999995
CRACR2A,-0.031072499999999947
C5orf17,-0.08624375000000012
TBCD,0.06268500000000016
MRPS21,0.10954874999999992
OR8D1,0.1591475000000001
LRBA,0.05850874999999994
LOC400756,-0.012259999999999938
PHF8,-0.033199999999999896
LOC101928978,-0.08556999999999998
ZNF595,0.04152625000000021
HSPA2,-0.03181875000000001
C17orf80,-0.08636124999999995
ZNF583,-0.02993874999999996
LOC100130224///UTY///KDM6A,-0.019566249999999896
CXCL1,-0.031068749999999923
NANOS2,-0.14056499999999994
SPAG5,-0.012578749999999916
SFXN4,0.0014575000000000005
LOC643659,-0.11352874999999996
ZNF582-AS1,-0.013647499999999924
YPEL4,-0.07160875
SNN,0.01440874999999997
SLC34A1,-0.0007212500000000066
TSPYL4,-0.01830499999999996
CFAP100,0.21937124999999996
SYT12,-0.0386487499999999
LAMP5,-0.08011124999999997
CTPS1,0.03046375000000001
LINC00467,-0.012613750000000035
LOC100129447,-0.02030375000000001
LBX1,-0.04391125000000001
LOC101928144,0.17429125000000006
CXCL6,-0.07152625000000001
SERPINB9P1,0.23283624999999997
VIPR2,-0.02323499999999995
C9orf72,-0.00757999999999992
PPP1R2P9,-0.05524000000000001
RCAN2,0.030797500000000033
HIST1H1C,-0.006003749999999919
NOL11,-0.052882500000000054
LOC101928937,0.051580000000000015
FHL2,-0.02850999999999998
LOC100130458,-0.05134874999999983
LOC283387,0.0039362499999999745
CIDEC,-0.015030000000000043
ZFP91,0.013758750000000042
MMP25-AS1,-0.16017375
FAM184A,-0.002297500000000008
HNRNPA3P1,-0.0907012499999999
LOC100499489,-0.07716125000000001
LOC728944///THAP4,0.204745
SNHG1,-0.13527125000000007
LHX3,0.26663875
CADM3,-0.12831749999999997
FKBP2,-0.03933624999999996
HECA,-0.02583625000000006
GAPT,0.0028874999999998763
DENND6B,0.06629124999999986
MTA1,0.006386249999999982
MRPS36,-0.021758749999999938
LOC101927851,-0.013048749999999998
LOC101929497,-0.048001249999999995
EIF1B,-0.00992000000000004
LOC145945,0.02903
ELP5,-0.15921999999999997
LOC102800447,-0.03745000000000004
EIF2B2,-0.038715
KCNK15,0.45435625
NDUFV3,0.04014124999999985
ZFYVE1,0.048860000000000015
GSDMD,0.15698874999999995
LOC729776,-0.029480000000000006
SGK1,-0.05214124999999992
KRTAP2-3///LOC728934///LOC728285///LOC644350///KRTAP2-4,0.02832125000000002
WBP11,-0.03841
PRPF6,-0.0261387500000001
ACY3,0.04078749999999998
LOC101928185,-0.014421249999999997
FREM1,-0.026647499999999935
TMEM150A,0.05641875000000002
VEGFC,0.0007412500000000266
OR10D3,-0.037246249999999925
CEACAM7,0.013323749999999912
WRAP73,-0.048017500000000046
CSF1R,0.0756675
PPAN,0.03700375
CDH22,-0.008339999999999903
ANXA2R,-0.04078875000000004
TICAM1,-0.06233749999999999
RASAL3,-0.02254249999999991
LEFTY2,-0.0007425000000000348
PLAT,0.003092499999999998
DNAJB5,0.08077875000000001
MFSD1,0.0047400000000000775
SLC25A11,0.15080624999999992
C19orf53,-0.0013487499999998986
MFSD7,-0.002385000000000026
CD96,-0.06296874999999996
AGO1,0.0491387499999999
TROAP,0.06251999999999991
PRIMPOL,0.10868250000000002
INTS6L,0.021893749999999934
CABLES2,0.13412000000000002
CD109,0.07865875
ITPRIPL1,0.09258875000000005
PAX7,-0.014030000000000042
THAP11,0.13573375000000004
NGB,0.04231874999999996
HHLA3,-0.03789249999999994
MTMR12,-0.029098750000000007
ZNF213-AS1,-0.012327500000000047
FAM107B,-0.008125000000000049
TMEM100,-0.04200624999999997
FNDC10,-0.11049750000000008
PRTG,0.07378874999999996
LOC285191,0.25188000000000005
LTBP1,0.049760000000000026
C1orf127,0.15455375000000005
NXPH2,0.011655000000000026
HOXC6///HOXC4,-0.05702499999999988
CATSPER3,-0.10216124999999993
ANXA9,0.011950000000000016
AHCYL1,-0.01557875000000003
FGD3,0.005858750000000079
COQ7,-0.015966250000000015
RGS16,0.034828749999999964
TMEM201,-0.0244612500000001
ADM5,0.11697625000000006
C20orf196,0.077955
TMEM119,0.07329000000000008
TAS2R5,-0.046507500000000035
HBE1,-0.010148750000000095
PDE1B,0.040393749999999895
FLJ40473,-0.1377525
FLJ35816,0.005874999999999964
CCL26,-0.101435
TSPAN1,-0.010331249999999903
ZNF621,-0.04054749999999996
IL19,0.004005000000000036
ITPK1,-0.12259750000000008
PPP1R36,0.013721250000000074
RNF128,-0.002961249999999971
ALDH2,-0.03058500000000003
C17orf98,-0.023992500000000028
PASD1,-0.022242500000000054
PGAM2,-0.03758250000000002
GNL3LP1///ERCC8,0.005342499999999861
CCNF,0.04028624999999986
OR11A1,-0.027027500000000093
LOC100287210,0.07409500000000002
LHX6,0.04354999999999992
LDOC1L,-0.03249750000000001
DFNB59,-0.022572499999999995
GTF3C4,0.0019424999999999581
CARNS1,0.12487000000000004
COLEC11,-0.05065374999999994
GRM6,0.0030362500000000736
APOBEC4,-0.032200000000000006
CLCA1,-0.04427875000000003
ZNF787,0.0986225
RAB17,0.03311875000000003
FAM171A1,-0.08768999999999999
PHYHIPL,-0.11478499999999997
PCDHGC3,0.03428124999999993
PP13439,-0.06849749999999993
LOC101927814,-0.0025662500000000477
NUAK2///AKIP1,-0.014534999999999909
TMEM214,0.08114375000000001
EMP3,0.15969125
ERMN,-0.021471249999999942
IGHV4-31///IGHM///IGHG3///IGHG1///IGHA1,0.024846249999999903
PRIM1,-0.10779499999999997
FRG1HP,0.04605250000000011
HLA-DQA2///HLA-DQA1,-0.0014662500000000578
PAOX,0.010375000000000134
CISD1,-0.05323
PSTK,0.047233750000000074
RNPEP,-0.040403750000000016
ERICH1-AS1,-0.024071250000000044
MADCAM1,0.07748374999999996
HOXB5,-0.03641000000000005
SNRPC,-0.14481999999999995
HEG1,0.018330000000000013
NDST1,0.16365374999999993
PSMB2,0.046973749999999925
POU2F2,0.20133875
CCDC7,-0.061473750000000105
KDM5B,-0.047905000000000086
WHAMM,-0.015443750000000034
VPS11,-0.040696250000000045
SLC6A16,0.017905000000000004
C6,0.07714500000000002
C1orf56///MLLT11,-0.013212499999999905
NDUFB4,-0.07089125000000002
ILDR1,0.058911250000000026
SPCS3,-0.03916000000000003
COL27A1,-0.06436249999999999
HEPACAM2,-0.07604875
OCEL1,0.30864125
PODXL2,0.21052375
NECAP1,-0.0593700000000002
LINC00341,-0.005006250000000045
CRTC1,0.05576000000000003
LOC101928886,-0.0514925
PLA2G6,-0.15194999999999997
LOC728084,0.03150375000000005
LOC100421494,0.030348749999999924
KHDC1,0.08086624999999997
NME8,-0.027286250000000012
TNFRSF17,-0.06887375000000001
CPSF1,0.23695875
LOC101927181,0.10617125
PTENP1,-0.03626250000000003
RPL14P1///RPL14,0.0028974999999999973
ERI3,0.03902
PLA2G10,-0.03754625000000006
FBL,-0.044194999999999984
LAMA1,-0.06250499999999992
TULP3,0.19421875000000005
ACAA2,-0.03268999999999994
LINC00610,-0.013888750000000005
GGT2///GGT3P///GGT1,0.04765500000000017
ZNF691,0.03121375000000004
NTM,0.00571499999999997
TNNC1,0.04858374999999998
ANGPTL8,-0.044173749999999956
PCSK4,0.005847500000000061
LINC00313,0.03209000000000006
DUX1,0.46374125
ACE2,0.04460374999999989
UQCRH,0.12911249999999996
ZHX2,-0.06481874999999998
TRBC1,-0.013117499999999949
NR1H4,0.00216375000000002
SH3D21,-0.10725875000000001
VWA9,0.0035975000000000312
PPIF,0.09564500000000004
DNAJB13,0.08065499999999998
CCDC28B,0.08733500000000005
LINC01569,0.23584375000000002
TRHR,0.06550749999999994
C1GALT1C1L,0.022144999999999915
CATSPER2P1///CATSPER2,0.15087375000000003
PALB2,-0.005033749999999948
SPTLC2,-0.019367499999999982
PHKA1,-0.015152500000000069
ACTG2,-0.0050337499999998925
METTL7B,0.030685000000000073
GPATCH4,0.02496875000000004
BTD,-0.012608750000000002
TXLNG,-0.15780624999999998
MUC1,0.028605000000000047
OTC,-0.013913750000000003
PGM2,-0.010806250000000073
RNF19B,0.030251250000000063
LOC440704,-0.026527500000000037
LOC439938,-0.13830625000000007
LRSAM1,-0.04991124999999996
CDH13,-0.023232500000000045
CCDC81,0.025287499999999963
LOC100130542///BRK1,0.05299875000000004
ADRA2A,-0.025761249999999902
LINC01342,0.03305375000000005
ASB13,0.057467500000000005
CECR7,-0.005892500000000078
LOC101929505,0.02591499999999991
RORB,-0.06815125000000005
SPCS2P4///SPCS2,0.06612000000000007
SLC39A9,-0.00910749999999999
UBXN8,-0.04942500000000011
CERS2,0.0019437500000000218
ASF1B,-0.024066249999999956
FAM32A,-0.17707375000000003
KIR2DS2///KIR3DL3///KIR2DS5///KIR2DS4,0.25520499999999996
S100A6,-0.010238749999999963
RNF114,-0.07223999999999997
GSTTP1,0.07815749999999999
XPO4,-0.28896999999999995
LOC286299,-0.152055
FBLIM1,0.16781999999999997
CYP2R1,-0.02787375000000003
OCRL,-0.016921250000000054
LOC728288,0.030294999999999905
SF3A2,-0.13958125000000016
MRPS28///TPD52,-0.04394875000000009
NMNAT3,-0.057174999999999976
AP1M2,0.05128375000000007
TAGLN,0.18069374999999993
KAZALD1,0.13959375000000007
CALCB,0.03934874999999999
SLC16A9,-0.01362750000000007
LINC00445,0.07857875000000003
C4orf22,0.025982500000000075
LOC730324///LOC441259///PMS2P5///PMS2P2///PMS2P1,-0.11211624999999997
ADHFE1,-0.05225999999999992
LOC284395,-0.009507499999999947
DAZAP1,0.022048750000000006
UXS1,-0.012324999999999975
KLHDC2,-0.04826249999999993
TAP2,-0.03888750000000013
PEBP1,-0.031866249999999985
ZNF135,-0.0913775
AGRN,-0.01886749999999998
LOC100130856///PSPN,-0.08918500000000013
CYTH4,-0.008826250000000091
MYH13,0.053177500000000044
SPRED3,-0.05813875000000002
GALNT8,-0.040643750000000034
GAFA1,-0.0032749999999999724
MRPL47,0.033574999999999966
SUSD4,0.0661162500000001
ARHGEF17,0.015056250000000104
AMN,0.056273749999999956
GABRG3-AS1,0.05207249999999991
ZNF736,-0.0013312499999999505
LOC101928135,0.07559750000000004
LOC101930081,-0.010667500000000052
GDAP2,-0.02791249999999995
PROZ,-0.007416250000000013
COX4I2,0.20159375000000002
RGP1,-0.04352125000000007
OK/SW-CL.36,-0.05133625000000003
MAST4,0.016697500000000087
C1orf228,0.007287500000000058
CASC3,-0.06755500000000003
CD101,0.06285500000000005
LOC644613,-4.125000000004819e-05
DNAJC1,-0.058203750000000054
LOC729446///ARID1B,-0.021396250000000117
NEU1,0.10729875
ABCC8,-0.07473374999999993
LINC00865,-0.07452124999999998
DGCR6L///DGCR6,-0.05920000000000003
APH1B,-0.1768812500000001
IRF2BPL,-0.029161250000000027
LOC101928303,0.11432875000000003
R3HDML,0.01478625
ZBED8,-0.04445499999999991
SLC4A3,-0.03575750000000005
SETD4,0.17602624999999994
SFN,0.00807750000000007
VPS35,0.03770999999999991
CCDC18-AS1,-0.027769999999999906
MAP10,0.0038175000000000847
RPL36AP37///RPL36A,-0.17383750000000003
LOC652900///SEZ6L2,0.09363375000000002
APTX,-0.060051249999999945
C18orf33,0.08765125000000001
SUDS3,0.009643750000000006
CABP5,0.0020962500000000217
FAM109A,0.23621375000000006
LINC00293,0.14026499999999992
LOC643287///PTMAP7///PTMA,-0.14839499999999994
TUBA1A,-0.0596025
GADD45G,-0.05220750000000007
VAMP8,-0.014612499999999973
BBOX1-AS1,0.01850124999999997
STX11,-0.03580625000000004
TRPT1,0.03754875000000002
OOSP2,-0.03875875000000001
SKI,-0.09124500000000002
LOC100131347,0.14917250000000004
RHOH,-0.23133375
MAFG-AS1,0.017246249999999963
RABAC1,-0.01936625000000003
LMTK3,0.0030074999999999408
ZBED9,-0.09602749999999999
SDHAF4,-0.0038550000000001083
CLEC3A,0.04082499999999989
PAN2,-0.023132499999999945
ANXA11,-0.009847499999999954
ERC2,0.04269875000000001
LIMK1,-0.05131374999999999
CST9L,-0.03511500000000001
PAX3,0.026053749999999987
DUSP15,-0.0341412499999999
LOC146513,0.18973625000000005
TBP,0.026646249999999927
LOC729285,0.10472874999999998
FGD1,0.15620499999999998
LINC01214,0.054599999999999926
SCNN1B,0.10934375000000007
WDR25,-0.05256875000000005
BTBD10,0.20112624999999995
ATG16L2,-0.0720325
RTP3,0.0011700000000000044
MATN1-AS1,-0.1270612499999999
USP54,-0.031371249999999906
NCOA4,-0.0005162499999999959
MYOZ3,-0.033745000000000025
BARX2,0.03080875000000005
DET1,0.0624325
GALNT2,-0.009435000000000027
ARID3B,0.017504999999999882
AKIP1///ADORA2A,0.12911625
C1orf68,-0.036262500000000086
HIST1H2AC,0.0017262500000000403
PLEKHG5,0.33083000000000007
KIF9-AS1,-0.11284125
FLJ30901,0.10597249999999997
THNSL2,-0.024101249999999907
RNPC3///AMY2B,0.07047499999999995
MAGI1-IT1,0.05535999999999991
LOC105371809,0.018496249999999936
TLX2,-0.052230000000000054
SRMS,0.04336125000000007
NEUROG1,0.20167999999999997
SSR4,-0.007037500000000085
TMEM114,0.0830074999999999
TISP43,-0.021029999999999993
ZNF831,-0.03395375000000006
NT5DC3,-0.010292500000000038
NKD2,-0.01932000000000006
ADI1,-0.009368750000000092
WFDC9,0.047417499999999946
NLRP12,0.08206875000000002
FAM19A5,0.03984874999999993
SMARCAD1,-0.04676374999999999
CARS2,0.004991250000000058
RELL1,0.009303750000000055
LOC100129268,-0.07217499999999999
PADI4,-0.060476249999999954
SH2D2A,0.1645000000000001
GALE,0.04960250000000005
UTY,0.10270374999999998
DGKI,-0.003122500000000139
CNOT11,0.14231624999999992
LOC100131262,0.10890749999999988
MFHAS1,-0.12718750000000006
ACOT8,-0.11561125
EFNA4,-0.03383750000000002
XAB2,0.19153124999999993
ANKRD9,0.01588125000000007
RPS16P5///ELOVL5,0.018324999999999925
LOC100130389,-0.1109325000000001
NR1I2,0.0017924999999999747
RASSF5,-0.0339549999999999
DCX,-0.16747000000000012
CRYGS,0.010350000000000081
NOG,-0.014160000000000117
LOC100133298///LOC100132442///LOC554249///GLIDR,0.28680124999999995
USP35,-0.00954250000000001
CAPN10,0.04804249999999999
P2RX5,0.02258625000000003
ZNF578,-0.022808750000000044
RGS22,-0.03162874999999998
IGF2BP2-AS1,-0.024951250000000036
SLIRP,0.04630875000000001
BLK,0.006058749999999946
NR0B2,-0.07926375000000002
GFM2,-0.16546624999999998
LOC101928123,0.11597999999999997
RELL2,0.009183749999999935
LSM6,-0.01569374999999995
MYL10,0.06516375000000002
CCNE1,0.09120249999999991
LOC729570,-0.02055250000000014
SERTM1,-0.03744375000000005
FEZF2,0.04487625000000006
MLANA,-0.039237500000000036
LRRC73,0.05205624999999997
WNT11,-0.01974250000000005
RGS2,-0.06271750000000004
MRPL11,0.042953750000000124
FNDC5,0.06606874999999995
CTSK,-0.034700000000000064
SH3RF3,-0.012092500000000006
CLPTM1L,0.03044374999999999
PCDHB15,0.07038249999999979
ACAD8,0.06277249999999995
LINC00911,0.08067124999999992
FAM222A,0.16244874999999998
LOC730496,0.06475375
LOC100499484-C9ORF174,0.15362750000000003
PRICKLE2,0.00862124999999997
CAMKK1,0.053077500000000055
DFNA5,-0.049548750000000086
ENC1,-0.027587499999999987
RPL39,-0.024612499999999926
DDIT4,-0.08518624999999996
TLR7,-0.023730000000000084
RNF214,0.08277124999999996
LOC100134128,-0.16624249999999996
FEN1,0.08739124999999992
C1QTNF9,-0.000533750000000055
THBS4,-0.16557624999999992
LCMT1-AS2,0.05585750000000006
TRAF1,-0.017093749999999963
CTH,-0.028986250000000047
GAMT,0.3095812500000001
CEBPB,0.03950500000000001
NKX3-2,-0.12122
MAOB,-0.011348750000000019
FRMPD1,-0.0013587499999999642
AP1G2,0.03228500000000001
ZNF404,-0.011850000000000027
SMO,0.09866750000000002
SPRR2C,-0.10729249999999996
FHL3,0.02872499999999989
NUP35,-0.07771249999999996
LOC285095,0.13314999999999994
VSTM2L,0.24712125000000001
EXOSC10,-0.026307499999999984
CLRN1-AS1,-0.017598750000000052
CLRN1,-0.00030999999999997696
CHD5,-0.02156250000000004
LOC286068,-0.06966499999999992
MGC40069///TRAV8-3,0.03581375000000003
ZNF174,-0.040792499999999954
STK40,0.05378624999999998
LINC00460,-0.0678049999999999
WDR5,0.04258000000000001
CLTCL1,-0.01444124999999985
MIPEP,-0.02374874999999993
IHH,-0.16185249999999995
DPEP1,0.23257625000000004
SCGB2B2,0.14508500000000002
TEN1///CDK3,-0.17549375000000006
IGHA1,-0.00964499999999996
VAMP7,-0.018941249999999965
CENPO,-0.027536249999999984
ADCK1,0.06387249999999994
CCDC78,-0.026523750000000013
SPAG11A,0.0013712499999999905
CTBP1-AS,-0.0749162499999999
TDRD7,-0.07091375000000011
GABARAPL2,-0.11406749999999999
BRE,-0.05830125000000008
CNTFR,0.024764999999999926
ZNF702P,0.06933124999999996
CCDC136,-0.14043750000000005
LOC100134497///LOC100131851///LOC646674///LOC401002///SSBP3,-0.008312500000000111
OLIG1,-0.11521500000000007
ZBTB42,0.1597675
IFT20,-0.11098499999999994
ARHGAP24,-0.019601250000000014
SFTA2,0.07177000000000006
GUSBP5,-0.031507499999999966
KCNA5,-0.04802999999999996
GH1,0.0008924999999999628
CX3CL1,-0.03662625000000014
LOC497256,-0.012992500000000073
CIDEB,0.32776875
PRAMEF12,-0.0010162499999999963
TBX20,-0.08069999999999994
PROX2,-0.056662500000000005
LOC100505978,-0.045907500000000045
L1CAM,0.0012249999999999206
PPP2R5D,0.029395000000000004
LOC100133283,-0.026691249999999944
BBC3,-0.10134750000000009
TEX264,0.0300787500000001
HECTD3,0.009817499999999924
AMIGO3///GMPPB,-0.14169125
UBAC1,0.07378374999999998
C6orf201,-0.10325750000000011
TBX21,-0.027057500000000012
KNDC1,0.10566874999999998
SNAP91,-0.020642499999999953
CFAP65,-0.018612500000000032
LCK,-0.05227249999999989
MGLL,0.08270625000000004
LOC100134333///LOC100130525///EXOC3L1,0.014377499999999932
LOC728163,-0.06170624999999996
COL6A2,-0.068685
LINC01282,0.03423624999999997
BDKRB1,-0.018597499999999934
FOSB,0.005310000000000092
KCNV2,0.00985625000000001
SLC17A5,0.009368749999999926
DLX5,-0.060982499999999995
UMOD,-0.04446125000000001
SSR2,-0.06881750000000003
SEC23B,-0.00443249999999995
SNX30,0.002226249999999985
H2BFXP,-0.048904999999999976
OR7D2,0.001774999999999971
TMEM108-AS1,-0.15308874999999994
CABP1,-0.08118625000000002
FLJ10246,0.06120375
XCL1,-0.009338750000000062
CHRND,-0.21251249999999994
ATP6V0A4,-0.04071125000000003
HAVCR1,0.052748749999999955
P3H3,-0.06998375000000001
ZNF597,0.010322500000000123
FGFBP1,-0.09945250000000005
FOXP3,-0.025701250000000064
DCUN1D3,0.03256374999999995
EP400NL,-0.05209999999999987
DDB2,-0.03996375000000002
CEP131,-0.02876000000000012
LOC100127940,0.014083750000000006
LOC100133558///UBE2V1P2///TMEM189-UBE2V1///UBE2V1,-0.052099999999999924
LOC102546294,-0.04284250000000012
DPAGT1,-0.033668749999999914
KRTAP4-2,0.07484249999999998
MANBAL,-0.06864375
ATP5C1,-0.0175924999999999
FES,0.09787249999999997
SP110,-0.08616125000000002
SLC35G1,0.04456999999999994
SMIM20,-0.0037987500000000174
LOC157503,0.040941249999999985
CHRDL1,-0.05042875000000008
CCZ1B,-0.02169874999999999
DNTTIP1,-0.08203875000000005
MPG,-0.06709999999999994
FAM71F1,-0.02873874999999998
TLE3,0.01282124999999995
WDR70,-0.02424375000000001
PPIEL,0.06651250000000003
NOXA1,0.16567500000000007
FSCN3,-0.017793750000000108
TRMT61B,0.01904500000000009
TTC5,-0.03693374999999999
NEO1,0.04808875000000001
TGFBRAP1,0.05881749999999997
LINC01082,-0.08076500000000003
NKRF,-0.005435000000000079
LINC00905,-0.013983749999999961
SPRR1B///SPRR1A,-0.06327999999999989
LOC101928716,-0.0422387500000001
VPS26B,-0.016347500000000015
CORO1B,0.12224999999999991
ANOS1,-0.014170000000000127
NAALADL1,0.08140125000000009
KIRREL3,0.04056999999999994
RND3,-0.019624999999999948
WDR24,-0.0300537500000001
LOC100128434,-0.01627124999999996
MOB3C,-0.06397999999999998
FBXO41,-0.11090874999999994
GTF3C2,0.010472500000000051
DLK2,0.10866375
USP26,-0.04070750000000006
CDK18,-0.05918374999999998
TCEAL4,0.006403749999999986
OBSL1,-0.03739374999999995
BSDC1,0.021757499999999985
LOC390705,0.05174500000000004
TRMT5,0.022548750000000006
MYL12A,-0.14139625
NPY5R,0.0006774999999999975
CDR2,-0.02629750000000003
KCP,0.017299999999999927
DEAF1,0.10980499999999993
KLHL22,0.10744624999999997
SLC26A10,0.026751250000000004
ATP6V0E2-AS1,-0.060273750000000126
MMP26,-0.07065625000000003
GMDS,0.18097374999999993
SLC6A20,0.0002387500000001208
LOC157562,-0.025586250000000144
ECE2,0.09438249999999998
CARD16///CASP1,-0.008132499999999987
ZBTB47,-0.005578749999999966
LINC00622,0.0036412499999998738
ASB16-AS1,-0.033671249999999986
TMEM80,0.16054000000000002
ASL,0.05789624999999993
LOC728956///LOC728951///LOC728946///KRTAP1-5///KRTAP1-1///KRTAP1-3,0.1472037499999999
TMEM126A,-0.07979375
VGF,-0.0763812499999999
LOC100996263,0.22838874999999992
PRSS58,-0.08961375000000005
TERF2,-0.008530000000000093
GRK6,0.024442499999999978
PMS2P5///PMS2P1,-0.06854499999999997
ARIH2,0.09344374999999999
RIPPLY1,-0.03908250000000002
C16orf92,-0.004301250000000034
EXOC1,-0.028709999999999958
LINC00920,-0.008211250000000003
CAMP,0.008146250000000022
RAMP1,-0.06919749999999986
GABPB1-AS1,-0.0033975000000000533
LRFN3,0.24605749999999993
ZNF561,-0.022718750000000065
PRAMEF10,-0.006906249999999947
ANKRD7,-0.07480875000000003
TEKT1,0.041378749999999964
COL26A1,0.05936874999999997
XAGE2,-0.0399337500000001
ROMO1,0.27369124999999994
AMPD3,-0.02215624999999999
LAT2,0.005111249999999956
GPR3,-0.022961250000000044
FKBP4,0.08758624999999998
RACGAP1P///RACGAP1,0.04526000000000008
ARHGDIB,0.015725000000000044
PSMB8,0.06101875000000001
AD7C-NTP,0.015695000000000014
LINC00642,-0.08072750000000006
AP2S1,0.08283374999999987
LYSMD2,0.03151875000000004
RDM1,0.027175000000000005
LAGE3,0.07847624999999991
SHANK3,0.006458750000000013
AP1B1,0.35549375
LPIN3,0.08870374999999991
C3P1,0.003175000000000039
OSTF1,-0.03045124999999993
IL2RA,0.016332500000000028
CTB-49A3.2,-0.024974999999999914
GABRA3,0.07564000000000004
HBG2///HBG1,0.05591874999999996
DYNLL1,-0.06545624999999988
BOLL,-0.012160000000000004
RSRC2,-0.023716249999999994
FUCA2,0.014195000000000013
LBHD1,0.036501249999999985
GNG3,0.03835875000000005
ZNF275,0.02955999999999992
SPINT3,-0.2497149999999999
C15orf54,-0.01827875000000001
BLOC1S1,-0.04659749999999996
REG1B,-0.11595375000000008
HSD11B1,-0.0862175
PRR5-ARHGAP8///PRR5,0.10970500000000005
ID1,-0.018912500000000054
ZFYVE21,0.052690000000000015
RAE1,-0.016326250000000042
LOC440028,0.21717749999999997
LINC00521,-0.020447499999999952
ATP12A,-0.04144249999999994
CTSG,-0.006095000000000128
PMPCA,-0.07655874999999995
KBTBD12,0.02109249999999996
PRDM11,-0.029835000000000056
XKR8,0.11113000000000006
RSPO4,0.02893374999999987
LOXL1-AS1,0.012376250000000033
PDE6H,-0.023573750000000004
HSFY2///HSFY1,-0.006995000000000029
MSTO1,0.05645875000000006
ANKLE2,-0.0012312500000000726
C15orf49,0.008174999999999988
ATXN7L2,-0.033823749999999986
WISP1-OT1///WISP1,-0.0038975000000000537
LINC00479,-0.14502624999999997
IL17RE,0.1288225
MAP6,0.029397499999999965
EPS8L3,0.15011125000000008
LOC286083,-0.059217500000000034
LOC105372881,0.026513750000000003
LOC100505664,-0.05711499999999997
CTSO,-0.017707500000000098
CCZ1,0.10362500000000002
LOC105372520,-0.04508000000000001
EML3,0.2375212499999999
LINC00705,0.09546624999999997
ZSCAN22,-0.1148037500000001
G0S2,-0.07978125000000008
TPPP3,0.03971625000000001
COQ5,-0.04827500000000001
EXOC3,0.07817000000000013
RCE1,0.07339624999999994
TMEM189///UBE2V1,-0.06552000000000002
LOC100240734,0.09413124999999989
LHFPL2,-0.030406250000000024
SLC47A2,-0.12676624999999997
LOC441178,-0.17304500000000006
SLC25A38,-0.026088749999999994
FANCD2OS,-0.004244999999999943
LINC01057,0.0019800000000000373
CRCT1,-0.09572875000000008
LOC101927274,0.0516899999999999
LOC101927272,-0.028287500000000076
LOC401433///NUB1,0.174
SAA2,0.08754250000000002
SCARNA2,0.03470375000000009
LOC149351,-0.00029249999999997334
AKAP3,0.012987499999999985
LEPROTL1,-0.04946874999999995
SEPT12,-0.012466249999999957
FAM71E1,0.10885999999999996
CPB1,0.13313124999999992
LOC101929622,-0.04040750000000004
RALY-AS1,0.05388625000000008
CHCHD4,-0.04903874999999985
RNF126P1///RNF126,0.22728625000000002
GADD45GIP1,0.009012499999999923
HPCA,0.061850000000000016
TNFSF12,0.14836375000000007
UBA1,-0.03215625000000011
HHIP-AS1,0.014575000000000005
SCAP,-0.1708387500000001
CD247,-0.013863749999999953
ZBTB33,0.010180000000000078
ZNF425,0.014612499999999917
PFAS,0.08492374999999996
CARD6,-0.05269250000000003
WEE2-AS1,-0.0352325
HSF2BP,0.09753874999999995
C14orf178,0.0136150000000001
MYH9,0.04124749999999999
TIMM50,0.06708124999999998
NOX3,0.006913749999999996
TMEM200B,-0.005004999999999982
LOC105373065,-0.0335312499999999
LINC01395,-0.008070000000000022
SERPINB8,0.04099375000000005
SOX8,-0.004950000000000121
CCDC168,-0.02080125000000005
NRM,-0.008879999999999999
KCNA7,0.1004587500000001
LINC00473,-0.013231250000000139
CASP14,0.08328499999999994
SIL1,0.41496875
SELPLG,0.15694124999999992
PPP1R7,-0.028786249999999902
SYS1-DBNDD2///DBNDD2,-0.009890000000000065
TBC1D2B,0.098445
AGAP4,0.004023749999999993
TSPAN8,-0.02804000000000001
RNF220,0.06105125
LOC101928504,0.06723499999999999
LOC100128093,0.056912500000000144
BDKRB2,-0.0035675000000000012
HMMR-AS1,-0.00855500000000009
LHCGR,-0.05095874999999994
PDRG1,0.12974999999999992
FBXL16,-0.10186875000000001
CHST7,-0.005556249999999929
FLJ12078,-0.02364250000000001
RABL6,0.0022400000000000753
GLP2R,0.17393749999999986
LOC105377776,-0.04684375000000002
LOC101928309,0.044642500000000085
C2orf70,0.019636249999999966
B4GALNT1,0.034618749999999976
NR1I3,-0.0602812499999999
FASN,-0.023548750000000007
MEP1B,0.025588750000000104
SPRR3,-0.030336250000000065
SDK1,-0.04678250000000006
AIFM2,0.09924749999999993
LOC101926984,-0.04351999999999989
ATP6AP1L,-0.037362500000000076
TCF21,-0.022393750000000046
AMZ2P1///AMZ2,-0.0034137499999999377
LOC100128259///LOC346887,-0.02698000000000006
SAP30BP,0.008497499999999991
TMEM192,-0.058703749999999943
CCR2,-0.01084374999999993
NXF5,0.04847625
FUCA1,-0.023097499999999993
LINC01620,0.1845650000000001
EXOSC2,0.07165499999999997
TRIM68,-0.06412875000000007
FRAT1,0.012541249999999948
CYP2A7///CYP2A6,-0.028918749999999993
FAM229B,-0.040782500000000166
LOC652526///PDE4DIP,-0.005736249999999943
CT62,-0.010721250000000015
MRAP2,0.030661249999999862
ZBTB9///SYNGAP1,0.10953999999999997
BMP15,0.012258749999999985
IMPA2,-0.10020374999999998
P2RX6,-0.07111875000000001
MRPL21,-0.009050000000000002
HILPDA,-0.011061249999999967
PRKACG,-0.01998625000000004
LHPP,0.036362500000000075
RIDA,-0.04237750000000007
LYZ///EIF4G2,0.10165000000000013
CDC42EP5,-0.06864375000000006
AMIGO1,-0.11166374999999995
SCYL1,-0.047250000000000014
BRD2,-0.1428275
LOC652493///LOC650405///LOC647506///IGK///IGKC,-0.04936374999999993
LOC145678,0.10619125000000001
CAPN2,-0.005825000000000025
GJD2,-0.02424249999999989
LOC100505515,0.10027875000000003
CCDC102A,0.16447125000000007
TMEM127,0.24480125000000008
ESYT1,-0.1346562500000001
VPS45,-0.00869500000000012
RTN3,-0.1737375
SUMO2P6///LOC100127918///SUMO4///SUMO2,-0.08893000000000001
UBAC2-AS1,0.04609374999999999
MYD88,0.07417249999999992
COMTD1,0.24967249999999996
CALCOCO1,0.2635212500000001
SRBD1,-0.02010999999999996
LAPTM4A,-0.022463750000000005
LINC01091,-0.03284750000000003
CDH18,-0.008593750000000011
LCN6,0.10987750000000002
SMCR8,-0.10846375000000003
CD1C,0.08961750000000002
FAM64A,-0.006226249999999933
TNRC18,0.15466874999999997
USP51,0.19624124999999987
TPD52L1,-0.08086999999999989
CBFB,-0.0124237499999999
LINC00593,0.029263749999999977
PTPN6,0.040948750000000034
SUCLG2P2///SUCLG2,-0.12417500000000004
STMN3,0.05020249999999998
IRX5,-0.062184999999999935
TP53BP1,-0.03819000000000006
CRYBG3,-0.060840000000000005
PNLDC1,-0.07170499999999996
PCDHB1,-0.002448750000000055
MRGPRX1,-0.24163749999999995
CRB3,0.05888250000000006
C6orf48,-0.12015624999999996
CECR9,0.007687499999999958
GRPEL1,-0.04087124999999997
SETP4///SET,-0.02420249999999996
PCYT1A,-0.04417124999999994
LOC644090,0.07449624999999993
CRB1,0.015230000000000132
FAR2P2///LOC150519,0.0008624999999999328
CYB5R2,0.003744999999999943
TMEM69,-0.00805374999999997
GPN1,0.057108749999999986
DEFB107B///DEFB107A,-0.0029062499999999436
LOC729070,-0.013556249999999992
KIF12,-0.027361250000000004
VSTM2A-OT1,-0.06348499999999996
GPR78,-0.1359900000000001
TCF4-AS1,-0.006422500000000053
KLRD1,0.011494999999999977
S100A11,-0.07166624999999993
COBL,0.0666949999999999
KRTAP17-1,-0.06219749999999996
VARS,0.05256250000000007
ARHGAP9,-0.031832499999999986
IFNA14///IFNA13///IFNA6///IFNA5///IFNA2///IFNA1,0.16946875
MAGEH1,-0.023283749999999992
SPECC1L,0.01969999999999994
CD300LG,-0.02391500000000002
MAMDC4,0.09642124999999996
CD1B,-0.07856125000000003
MGC14738,-0.012432500000000013
ARFIP2,0.16696500000000003
RNASE11,-0.0639674999999999
STAT6,0.11334125000000006
AMPD1,-0.03855124999999998
METTL21B,0.039144999999999985
ESRP2///NFATC3,-0.023744999999999905
LOC100130950,-0.007869999999999933
CLPB,0.02307750000000003
FBXO25,-0.017445000000000044
PRSS54,0.03705249999999993
RAB39A,-0.10380499999999998
LINC00544,-0.08374874999999998
TMPRSS11D,-0.04542875000000002
KLRG1,-0.05609999999999998
COMMD9,0.11321249999999988
LOC101929002,-0.08360624999999994
LOC100128909,0.14716250000000003
KRTAP9-3,0.00414500000000001
SETDB1,0.16667500000000013
CEP72,-0.040771249999999926
LINC00857,0.07895625
PSTPIP1,0.22742250000000008
PIP,-0.04008500000000004
LOC101927815,-0.07418249999999998
IL1RAPL2,-0.05104750000000002
FLJ20712,0.045062500000000005
ADRM1,-0.05330875000000007
UPF3B,-0.02501250000000005
SLITRK1,-0.07044750000000011
SLC7A7,0.0027799999999998937
FAM110D,-0.00790875000000002
NIF3L1,0.04230000000000006
PRSS47,-0.0056475000000000275
TK2,-0.05303625000000001
ARL15,0.012798750000000081
NACAP1,0.025615
CD8A,-0.028492500000000087
IMMT,0.023495000000000044
UBE2Z,0.03208499999999992
TMEM109,0.08118749999999997
GRIK3,0.10097500000000004
DLGAP5,0.006002499999999966
B4GALT3,-0.14809499999999998
LOC100130741,-0.05486500000000005
SLC43A2,-0.01583749999999995
IL1R2,-0.07136750000000003
LOC105375773,-0.055402499999999966
LOC101929406,-0.002216249999999975
GLA,0.14156250000000004
FOXD4,-0.036218749999999966
TOM1L2,0.06467499999999993
PLVAP,-0.06198625000000002
TSHZ3,0.04476374999999999
E4F1,-0.015565000000000107
C11orf86,-0.018782500000000035
S100PBP,0.07749624999999999
INS-IGF2///IGF2,-0.006069999999999853
ZNF311,-0.09358125
RAB43,-0.021273749999999925
CATSPERD,-0.20606499999999983
TGFBI,-0.12212749999999994
DHRS7,-0.025374999999999925
MAPK13,0.27998874999999995
RBMS3-AS3,0.06372750000000005
NARF,-0.035209999999999964
ANKRD54,0.14235000000000003
LY6E,0.09828750000000008
GLTPD2,0.13615125000000017
ISYNA1,0.033588750000000056
PLOD1,0.30421125000000004
IL12RB2,-0.010226250000000048
ADCY10,-0.0013125000000000497
LOC100996286,0.07619999999999999
TMEM256,-0.03371999999999997
SPPL2B,-0.06220749999999997
TRIM63,-0.03274874999999988
RADIL,0.004638749999999969
MKS1,0.15974499999999997
DHRS3,0.01991124999999988
CCT3,-0.048501249999999996
SMG6,0.05120749999999996
FAM153C///FAM153A///FAM153B,0.10085625000000009
OCIAD2,-0.02821875000000007
TMEM132C,-0.014463749999999886
PSAT1,-0.03781624999999994
NT5C3A,0.0040799999999998615
MTCH1,-0.03761249999999994
NPAS4,0.2012012499999999
LOC105371374,0.03295750000000003
MEG9,-0.006922500000000054
TNNI3,0.09297250000000001
NEK10,0.0076837500000001
DGKG,-0.0071750000000000425
IDO1,-0.05764874999999997
RFX5,-0.02533625000000006
CINP,0.07959624999999992
C11orf44,0.0041100000000000025
COX6C,-0.09718500000000002
ZNF630,-0.06310999999999994
LOC101929526,0.04457124999999995
CHAD,-0.008178750000000012
THAP8,0.04317500000000002
CLDN16,-0.004724999999999924
FMO9P,0.003736249999999941
LINC00961,0.0036900000000000266
SNHG11,0.17753999999999998
ERCC3,-0.011411249999999984
SPRR1B,0.04160375000000005
LINC00924,-0.03140625000000008
HNRNPA1P36///HNRNPA1P59///HNRNPA1P6///HNRNPA1P51///HNRNPA1P53///HNRNPA1P50///HNRNPA1P27///HNRNPA1P10///HNRNPA1P52///HNRNPA1P12///LOC642817///HNRNPA1P30///HNRNPA1P39///HNRNPA1P56///HNRNPA1L2///HNRNPA1,-0.016602499999999965
TVP23A,0.04938749999999992
PRSS55,-0.04648250000000009
NME5,-0.189245
CETP,0.01137374999999996
ARHGAP10,0.015271250000000014
NHEJ1,-0.027888750000000073
C1orf115,0.0063712500000000505
LINC00656,0.011991249999999898
LONRF2,-0.05415125000000004
IL9,-0.0016500000000000403
SYNPR-AS1,0.19246375000000004
EPX,0.06969874999999992
TMEM35A,-0.012242500000000045
PER1,0.14328625000000006
ABCG5,-0.03373249999999994
SUSD6,-0.06513374999999988
EDDM3B,0.017426250000000032
IFFO1,-0.0038950000000001483
MS4A7,-0.028819999999999957
ATP13A4-AS1,0.13350874999999995
TPO,0.0270824999999999
SH3BP5-AS1,-0.0017499999999999738
UBALD2,0.217065
CSN3,-0.10170499999999999
LOC727770,0.012604999999999977
CCR9,-0.014163749999999975
SLC26A6///CELSR3,0.04201874999999994
LOC442028,0.07296125000000009
LOC101928526,0.09035750000000004
ZBTB46-AS1,-0.07730875000000004
DYRK1A,0.01337250000000001
APOBEC2,-0.08678250000000004
RNASEH2A,0.10620249999999998
IRF2,-0.08466250000000003
MED8,-0.04264999999999991
FJX1,-0.009481249999999941
SHB,-0.058571250000000075
CCL5,0.029266249999999938
APOA2,-0.13598750000000004
ST3GAL5,0.025321250000000017
C17orf74,-0.02626875000000012
ADAD2,0.17454750000000008
KCTD11,-0.03710124999999992
BTNL8,-0.02505875000000002
SRGAP1///SLC4A1,0.010066250000000054
FLJ33534,-0.03542624999999999
ENO2,0.040897499999999976
PINLYP,-0.03469249999999985
ZNF133,0.03230000000000005
HARS2,0.04140499999999997
TRPV6,0.08353
SEMA4D,0.0031812500000000243
FAHD2CP,-0.18131374999999994
ALOX5,0.10450749999999992
DAOA,-0.060291250000000074
LINC01215,0.05641874999999985
PNMAL1,-0.01574125000000015
LOC100130654,0.10453124999999991
UPF2,-0.028781250000000036
FAM174B,-0.2830937500000001
TBC1D8///RPL31,-0.0067549999999999555
CRKL,0.0035599999999998966
CASP8,0.0347475000000001
AP3M1,-0.0358575000000001
GRID2,-0.06529125000000002
RNASE7,0.0031825000000000325
DNAJB2,0.07908874999999987
ILVBL,-0.05969499999999989
SH3RF2,-0.03839375000000006
DMRTC1B///DMRTC1,0.038042500000000035
LOC100129837,-0.04382999999999998
TDRD1,-0.029657500000000003
PDZK1,-0.01209375000000007
WNT2B,0.09923125000000005
DYDC2,-0.17424875
VRK3,-0.04160874999999997
LSM4,-0.1426012499999999
LASP1,0.06931000000000015
SELK,-0.015682499999999933
C19orf84,-0.15991125
ZNF574,0.2861
HRH1,-0.015102499999999963
FERMT3,-0.19923250000000003
GOLPH3L,-0.051603750000000004
CD163,-0.016631250000000042
PLAC8,-0.05854875000000004
GABRR1,-0.006776249999999984
MYL2,-0.01686999999999994
SHARPIN,-0.03348499999999993
ITGAL,-0.00868374999999999
GRAP2,-0.20430999999999988
DEC1,0.05300125
NMB,-0.12478250000000002
LOC147004,-0.002468750000000075
PRR7-AS1,-0.027471250000000058
CTRL,0.04293125000000003
CFAP20,-0.12152374999999999
SNRPD3,-0.0071287500000000725
KANK4,-0.011073750000000049
LOC148709,-0.08549749999999989
DAAM2,0.0114475
SNAI3,-0.06663124999999998
YIPF1,-0.00397249999999999
SCN5A,0.01979499999999995
MZB1,-0.02807499999999996
PSMG3,0.01905499999999999
PTK7,-0.02910375000000004
GPRC5D,0.05982124999999994
POLR2M,0.003498750000000106
RPS10,0.1539037499999999
RNF31///IRF9,-0.004723749999999971
LINC00543,-0.12392499999999984
KAT5,0.14978999999999987
FRAT2,-0.08645000000000008
CLEC5A,0.15130875000000005
SLC22A15,-0.015813750000000015
LOC100133967///ESPNP,-0.02696499999999996
ELK3,-0.027063749999999887
TREH,-0.02758000000000005
ZNF837,-0.07429375000000005
FAM50B,-0.018431249999999844
LOC100133572///LOC650293///UNC93B4///UNC93B2///OR7E125P///OR7E87P,0.1364975
PPY,0.2761112500000001
REPS2,-0.023525000000000018
LOC101927766,-0.022892499999999982
BIN3,0.23839125000000005
KRTAP5-9,0.03394625000000001
NEK4,0.02453500000000003
VWA5B1,0.14608750000000004
LOC101929284,0.061913749999999934
PPP2R5A,-0.03292875000000006
SLAMF8,-0.018098750000000052
LINC00459,-0.029203749999999973
TSNARE1,0.14989499999999994
CHDH,0.11904124999999982
ABCA17P,-0.02162374999999994
LINC01226,0.07766000000000017
MRPS16,-0.018348749999999914
LCN8,0.01662625000000001
PXYLP1,0.0054275000000000295
ATP23,0.02072000000000007
UROD,-0.010547500000000043
DNAH12,-0.03946375000000013
CARD18,0.053172499999999956
LOC652494///SCFV///IGHM,-0.012586250000000021
DAD1,-0.024821250000000072
SMIM19,-0.029767500000000058
EYA2,-0.000547499999999923
CCL18,-0.004593749999999952
LPO,-0.22958875
FZD10,-0.0628975
CARM1,-0.04658249999999997
C1QTNF2,0.01737124999999995
LIFR-AS1///LIFR,0.04754625000000007
CASP3,0.08602500000000007
MRPL17,0.01603874999999999
MYPOP,0.008106249999999982
OR5I1,0.22873750000000004
LINC01120,0.00012499999999993072
COMMD1,-0.05360750000000003
LOC727773///ING5,-0.03045250000000005
LOC389895,0.039090000000000014
MFSD3,0.09579375000000001
ZNFX1,-0.06908875000000003
LMOD1,-0.16084999999999994
RNF113A,-0.19078499999999993
RAI14,-0.00398625000000008
TIMM44,0.14027375000000003
RPL23AP42///RPL23A,-0.03265749999999995
ZNF628,0.17953875000000002
LOC100129720,-0.07466249999999991
PNPLA1,-0.017112500000000086
LOC100128552,0.09253874999999989
LOC105373113,-0.01563874999999998
CAMTA2,0.15144249999999992
LOC100133585///RABEP2,0.22990375000000013
TP53,-0.09815625000000011
NAPRT,0.13854500000000003
PROC,-0.008028749999999862
CCDC177,0.004658749999999989
SERPINA2,-0.07648499999999997
KIAA0391,0.054631249999999965
KIF2C,-0.01678250000000009
LOC100132005,0.12652749999999996
CEP250,-0.05622625000000003
HRASLS,0.03602124999999995
LOC101926948,0.14140375
RPL23P6///RPL23,-0.03975375000000003
SPNS1///LAT,0.11679250000000008
CDC16,-0.004900000000000071
LRRC3DN,-0.08360374999999998
ZP2,0.19163500000000006
LOC100506476,0.02580374999999996
LINC00683,0.02570125000000001
CNNM1,0.16247125
SLC9B2,0.10540000000000005
SPAG11B,-0.03930499999999998
MATN1,0.010112499999999969
TSPAN17,-0.016133749999999947
SLC5A5,0.03689124999999993
FIZ1,-0.11244124999999999
LOC284865,-0.00031124999999992964
ZSCAN20,0.005635000000000001
ALOX12P2,0.19484250000000003
HOXC12,0.010751250000000045
WFDC10B,0.052864999999999995
CDK11A///CDK11B,0.06281625000000002
PGD,0.01052000000000003
CRIP1,-0.03581750000000006
LOC100132369,-0.030720000000000025
PRAM1,-0.007146249999999965
ACTL9,0.03857625000000009
SCN4B,-0.024262499999999965
SMG1P1///SMG1P5///SMG1P2///SMG1,-0.04471625000000001
TTTY12,0.06078875
FAM160B1,-0.05464249999999998
LINC01272,0.18046874999999996
SGCA,-0.05851624999999999
KIAA1522,0.011158749999999884
LOC652493,-0.009612499999999968
EPN2-AS1,-0.16729624999999998
ACTA1,0.03756625000000008
LOC102723493,-0.0036437500000000567
HMG20B,-0.020132499999999942
TTTY11,0.018132499999999885
TIMP4,0.0059712499999999835
ABCC11,-0.024771250000000133
INHBE,-0.006488750000000154
TBL1Y///TBL1X,0.04434749999999993
MAP3K1,-0.04565124999999998
SPINK2,-0.03910625000000001
LRRC8A,-0.00294499999999992
LINC00396,-0.09037
TDRD10,0.10834000000000005
BCDIN3D-AS1,-0.18807250000000003
LELP1,-0.03996875
TUBAL3,0.03363749999999993
GBAP1///GBA,0.07340874999999991
RFT1,0.04368499999999992
PRKY///PRKX,-0.06527125000000006
LOC101928238,-0.050045000000000006
LOC101927523,0.034788749999999924
CST3,-0.021286250000000062
DTNBP1,-0.10870374999999999
LOC100132345,-0.038012500000000005
SCYL3,-0.044303749999999975
MEIG1,-0.026164999999999994
C20orf173,0.008172499999999971
KCNK13,0.018383749999999976
LOC399884,0.035667500000000074
PRPF8,0.22947999999999996
LRRC6,-0.03168500000000013
PRKY,-0.00967125000000002
MS4A8,0.11932250000000011
VMO1,0.13340625
LRRC43,0.07587124999999995
LOC613266,0.011496250000000041
AMMECR1L,-0.007477500000000026
CST7,-0.020070000000000032
ASB7,-0.026585000000000025
PGM5-AS1,0.019764999999999977
TAX1BP3,-0.02299624999999994
P2RY13,-0.03974375000000002
B3GALT4,0.07218000000000002
CSPG4P5,-0.03215125000000002
KBTBD11,0.044741249999999844
ZNF660,0.026248749999999876
SPINK6,-0.0029312499999999964
VSIG4,0.045590000000000075
ZYG11A,0.11575249999999992
SPOCK1,-0.08029000000000003
IL36A,0.12069999999999992
LARP6,0.034688749999999824
ALG2,-0.04423874999999999
COA3,0.1045875
FLJ13310,-0.13477374999999991
CHORDC1///NAALAD2,0.026556250000000003
RASA4CP///RASA4,0.08867125000000009
SYT5,0.06280499999999994
ATP5D,0.0059412499999999535
CEMIP,-0.058242499999999975
KRT19///JUP,-0.04001624999999992
JOSD1,-0.029532500000000073
CAPN14,-0.015515000000000001
VAV1,0.02113124999999988
PEX5L-AS2,-0.028456249999999905
FAM90A7P///FAM86B3P///DEFB109P1///FAM90A1,-0.029926250000000043
IFNA4,-0.04607875
GIF,0.07214124999999988
MGST2,-0.10184624999999997
TMEM45A,-0.05402999999999991
LOC642361,0.04594625000000008
HYPM,-0.007727499999999943
TUT1,0.10127875000000008
MCM10,-0.11844874999999999
FCGR3B///FCGR3A,-0.041563749999999955
C14orf113,-0.0013462499999999378
GFOD1,-0.068075
HS3ST5,-0.007441250000000121
SEPW1,0.014466250000000125
NCAN,0.13682499999999997
TMEM161A,0.041053749999999944
UCKL1,-0.005824999999999969
WRAP53,-0.07124749999999985
LOC101927648,-0.025088750000000104
LOC102725068,-0.11848999999999993
LOC642131,-0.03673124999999994
GYG1,-0.01996500000000001
LINC01590,-0.024470000000000047
GPR88,0.06309375000000006
FBXL5,-0.020926250000000146
SND1,-0.024876250000000044
LOC100134558,-0.2522875
ZC2HC1C,0.03679750000000004
SLC25A14,0.09928625000000002
ZNF438,0.016527499999999917
PGP,-0.009570000000000023
CDCA3,-0.0022300000000000098
TSTA3,0.1252200000000001
HDX,0.03293749999999995
LINC00282,-0.06302249999999993
SYNM,-0.01260624999999993
PDE4A,-0.042202499999999976
SPATA41,0.06033875
LOC286121,0.08263374999999995
NELFE,0.09393875000000002
HOXC11,0.029557499999999903
HIST1H2BK,-0.029697499999999932
SLC6A9,-0.012031250000000049
HEBP1,0.04092750000000006
FHDC1,0.017249999999999988
CLIC1,-0.10465000000000008
ADGRF2,-0.00912124999999997
LOC105374428,0.013594999999999857
SLC17A3,-0.006950000000000012
IDH3B,-0.061448749999999996
HVCN1,0.019802500000000056
CHST13,-0.0592762500000002
HSPB11,-0.09475000000000006
ARMC6,0.042250000000000065
FAHD2B///FAHD2A,-0.012450000000000017
EMC3-AS1,0.005076249999999949
DOHH,0.004797499999999955
USMG5,-0.016693749999999896
CNTN2,-0.010392500000000082
LIN28A,-0.12533374999999997
ZAP70,0.017848750000000024
RGS19,-0.15195499999999995
METTL23,0.03745999999999999
FBXO31,-0.027206250000000043
LINC01561,-0.09316125000000003
FARS2,0.14076
TRIM39-RPP21///RPP21,0.13147750000000008
NOTCH2NL,-0.09159125000000007
TMEM252,0.13512249999999992
DUSP5,-0.019342499999999985
TIAM1,-0.03350500000000001
ACLY,-0.020658750000000003
LOC143188,0.009088749999999868
TOMM34,-0.016721250000000132
PICALM///MLLT10,-0.02388999999999991
IFFO2,0.030368750000000055
C19orf60,0.06365375000000001
LINC00112,-0.10529749999999999
NEDD8,0.0597025000000001
NDUFA12,0.04036875000000001
SBSN,0.19373624999999994
FAM13A,0.03523749999999998
LINC00927,0.034333749999999996
SNX7,-0.016686249999999958
OR2J3,0.012563750000000096
LOC692247,-0.13183374999999997
C10orf107,-0.07131500000000002
CRLF3,0.09288500000000005
IGLV3-19///IGLC1///IGL,0.06360625000000003
MTMR9LP,-0.02629625000000002
CDX1,-0.03210750000000007
LOC101927534,-0.05670375000000005
LOC100505920,-0.03183375000000005
CPN2,0.0353325000000001
IRAK1,-0.11302374999999998
MS4A14,-0.10013624999999993
LOC284336///POU2F2,0.00018125000000002167
NPY4R,0.02351749999999997
LOC100506142,-0.03902749999999999
LOC100132767,-0.007187500000000013
SWI5,-0.05117125000000006
TEAD4,-0.028471250000000115
SLC25A3,-0.008122499999999921
SYVN1,-0.10165374999999993
PFDN1,-0.12743499999999996
TUBB3,0.06257249999999992
TUBGCP2,-0.025022499999999892
TRIM52-AS1,0.08283249999999998
MDH2,-0.014022500000000049
LOC283674,-0.03385375000000007
CASC6,-0.01188125000000001
FCHSD2,0.014525000000000121
LOC146795,0.028697500000000042
NUP214,-0.014577499999999965
ZNF593,-0.06610874999999994
OR1A1,0.13926875
CHRNE,-0.02673750000000008
LOC81691,-0.06305625000000009
FGF17,0.04419250000000002
EBI3,0.07399249999999996
ZNF74,0.058577500000000005
LOC100506016,0.03286499999999992
C10orf71-AS1,-0.033448749999999916
CHRAC1,-0.11894500000000002
ADCY3,0.08943875000000001
RIOK1,-0.05759499999999995
LINC01545,-0.023742499999999944
RPTOR,0.003696249999999901
ARHGAP22-IT1,-0.08954249999999997
NEK8,0.022510000000000085
ABLIM3,0.041768749999999966
ABCD2,-0.11006500000000008
LAMTOR5,-0.019361250000000052
GDA,0.0826174999999999
UNC5A,0.06979749999999996
UBL4A,-0.006936249999999977
RASSF9,-0.0031975000000001863
RPL23AP53,0.053352499999999914
SLC45A2,-0.0592700000000001
SEMA3G,-0.028097499999999942
CHN1,-0.01697749999999998
LOC100130423///SUGT1P3,-0.0001887500000000708
UMODL1-AS1,-0.08904375000000003
RNF5,0.018622499999999986
CNTNAP1,0.0626275
LOC728099,0.06016249999999995
FLNB,0.014756249999999915
RRP7BP///RRP7A,0.08687749999999994
CENPW,-0.07013749999999991
MAPK15,0.26037125000000005
OOEP,-0.06866750000000005
CHST4,0.036181250000000054
FER1L6-AS1,-0.022133750000000063
MAPKAPK3,-0.012014999999999998
TBC1D30,-0.02873874999999998
TRAPPC5,0.10502124999999995
DCTN3,0.014611249999999909
MMP25,0.40027375
IL4I1,0.012692500000000051
RASSF2,-0.050472499999999976
LOC221272,-0.059614999999999974
RBBP8,-0.05323000000000011
LOC105369187,0.18420875000000003
OVGP1,-0.02517750000000002
PCDHGC5,-0.13930750000000008
IGHE,0.04983124999999988
CDK5RAP3,0.10656499999999991
IFITM1,0.26431874999999994
ARL9,-0.22632249999999998
DISP2,0.0560500000000001
GUSBP1///GUSBP4,0.08924000000000004
LOC728283,-0.025831250000000028
PPP1R14C,0.06710125
LIPC-AS1,-0.07463874999999992
LOC389199,0.04728499999999991
LINC00294,0.11201874999999994
LOC643406,-0.07254875000000005
LRP4,0.05797624999999995
DOT1L,-0.06575375
ANKRD20A13P///LOC728783///ANKRD20A4///LOC727770///ANKRD20A7P///LOC647595///LOC643187///ANKRD20A2///ANKRD20A3///ANKRD20A11P///ANKRD20A9P///ANKRD20A1,-0.03603624999999999
POLR2I,0.043092500000000034
CYB5R3,-0.014116249999999997
DOK1,-0.01404875000000011
NUP107,-0.014137500000000025
WFDC21P,0.04930875000000007
GLIPR1L1,-0.01006625000000011
LOC645478,-0.02416874999999996
GPR21,-0.01681125
CXXC5,-0.013380000000000003
HTR5A,0.14908375000000001
RIC8A,0.02064125000000011
LINC00841,-0.029057499999999847
MED26,0.014904999999999946
TMEM217,-0.02175875000000005
HIST1H4L,-0.08211124999999997
LOC100288152,0.015159999999999951
RHBG,0.04961499999999991
RPL36A,-0.03261500000000006
RTTN,0.005683750000000043
RBM14-RBM4///RBM4,-0.04881749999999996
H19,0.03550624999999996
KLHDC3,-0.03549374999999999
C11orf40,-0.0037662500000000265
CSF2,-0.1390924999999999
HDGFL1,0.16969625000000005
FAM151A,-0.07524249999999999
HDDC3,0.16018749999999998
ECD,-0.0611275
LOC729296,0.06618500000000005
HSD17B3,-0.03936875000000006
LOC101928519,-0.00897250000000005
FAIM2,0.011640000000000095
LOC100422212,-0.012831250000000016
MMP24,0.12106249999999996
LUZP6///MTPN,0.029191249999999946
PP7080,-0.08108625000000003
PTGDR2,0.05953000000000003
LOC101927723,-0.007429999999999937
DIRAS1,0.10563624999999999
LOC728805,0.02040000000000003
GPR18,0.010662500000000075
ACTL6B,-0.06014624999999996
LOC339807,-0.08859750000000005
CTSL,-0.023743750000000063
LINC00626,0.10061125000000004
ARL6IP5,-0.016657499999999936
ZNF48,-0.04960624999999996
PUS7L,-0.01924249999999994
DPYSL5,-0.04250625000000002
SMAGP,-0.01718875000000003
IL17C,0.12376250000000005
LOC101928140,0.013372499999999954
IKBKG,0.04576125000000003
UNC5B///DCAF6///ND4,-0.12132624999999997
TDRD9,-0.004481249999999992
SNX11,0.01587000000000005
RASGRP1,-0.02100874999999991
CCNJL,-0.00734499999999999
ZRSR2,0.03524125
HSPA1B///HSPA1A,-0.020676250000000007
RYR1,0.011186250000000064
NDUFS5,-0.11072125000000005
KAT2A,0.17104000000000003
DNAH2,-0.059397499999999936
ACTL8,0.07512625
MED16,0.13162625000000006
POLN,-0.03125250000000013
CETN1,0.024969999999999992
OTUD3,-0.11729499999999993
BNIP3,-0.12109875000000009
ARHGEF18,-0.09989874999999998
LOC105374768,-0.06363374999999999
PITPNM1,-0.08415750000000005
CRIPAK,-0.07298625000000003
MRGPRX1///MRGPRX3,0.10330125000000007
RPP25L,0.14191124999999993
ERICH4,-0.13113249999999993
TNFSF15,-0.06265999999999994
PCDHA6,-0.033768750000000014
COX7A1,0.01574375
MIA,0.08711499999999994
LOC440302,-0.00397874999999992
MPPED1,-0.06506375000000003
LOC151121,-0.07095249999999997
GMEB2,-0.006912499999999988
TTC13,0.015031250000000052
SSU72,0.11185750000000005
LOC151878,-0.005203750000000007
SHBG,0.10474874999999989
MCEE,-0.0177775
RAB33A,-0.11680124999999991
ZNF337,-0.005792499999999978
LOC100133056///LINC01558,-0.03534249999999994
LRRC46,-0.07877124999999996
EXTL1,-0.008365000000000011
DMAP1,0.021062499999999984
APOL4,-0.00379999999999997
IRX4,0.1769024999999999
LOC101927640,-0.05611624999999992
LINC01268,-0.02469624999999992
LOC101929524,0.04522625000000008
LOC255177,0.3218249999999999
LGALS2,0.13765999999999995
FAM228B,-0.02933749999999996
DAP3,-0.04178624999999997
CMTM2,-0.058103750000000065
CD300C,-0.04603124999999997
CKS1B,-0.06336375
AP5B1,-0.00956874999999996
ADAMTS13,0.15221749999999995
CASZ1,-0.05488749999999998
PARP1,-0.03535125000000017
ZNF280C,-0.028429999999999955
NAT8L,0.00849499999999992
WNT10A,-0.04634250000000001
UQCR10,-0.018663750000000034
MICU1,0.1039787499999999
IGLV2-23,-0.0009774999999999645
DDRGK1,-0.10844124999999993
LOC643287///PTMA,-0.030140000000000056
GBAT2,0.06627750000000004
LOC100505685,-0.01825625000000003
ABTB2,-0.08667000000000002
PATE2,-0.021946249999999945
LOC283038,-0.03635250000000001
UBE2V1P2///TMEM189-UBE2V1///UBE2V1,-0.009533750000000119
FXR2,0.06497999999999998
ALDH18A1,0.17302375000000003
FGF14-IT1,-0.020303749999999954
TIGD1,-0.014355000000000007
PPM1M,0.21128249999999998
LOC285812,-0.0868025
FAM212A,0.00895250000000003
HMOX1,-0.12690249999999997
LYPD3,0.09997875
SLC35A4,-0.0116
TMEM235,0.035991249999999864
LOC105373876,-0.0677525
KLK1,0.007242500000000041
DBNDD1,-0.03986875000000001
CECR6,0.12500125
SUPT5H,0.07868999999999998
LOC100506022,0.15822749999999997
EIF3LP3///EIF3L,-0.025172499999999987
ARID3A,-0.011490000000000111
CSPG4,-0.00614249999999994
LOC441052,0.05620125000000009
MARCH11,-0.01345124999999997
PLCH1-AS1,0.023081250000000164
LOC100131731,0.03983250000000005
LINC01018,-0.12120375
LOC401913,-0.033747499999999986
FBXL2,-0.02935125000000005
LOC338963,0.07370750000000004
MPEG1,-0.014967500000000022
DANCR,0.027659999999999962
C17orf62,-0.13327750000000005
UBE2J2,0.07666249999999997
FAM207BP///FAM207A,0.21861124999999998
FAM86C1,0.04686375000000009
GAL3ST4,0.0023137500000000033
TCF20,0.009865000000000068
LOC101928985,0.04377750000000008
LOC731484,-0.021208750000000054
FGF21,0.07443874999999994
LOC101927526,-0.11788124999999999
HACD2,0.03298249999999997
C17orf89,-0.0794375000000001
LOC100132356,0.0025874999999999093
RD3,0.012186249999999954
CTSE,0.023324999999999985
FOXE3,0.008993749999999967
TIMP1,0.07507624999999996
LOC100128286,-0.01496249999999999
ZNF321P,0.05902625
GOLGA6A///GOLGA6B,-0.11245500000000003
CEP55,-0.012117500000000114
FBLN5,-0.05583750000000004
UNKL,0.34012125000000015
SNHG22,-0.08285624999999991
C20orf85,-0.07281750000000003
C6orf10,0.04142000000000001
MUC16,0.16481374999999998
BAP1,0.05625000000000002
GINS1,-0.01815499999999992
DDX56,-0.04769000000000001
DGCR7,0.1198225
CEACAM8,-0.004178750000000009
FTH1P20///LOC642567///FTH1P16///FTH1P3///FTH1,0.0056337500000000484
SELP,0.23043375
RALYL,0.05621750000000003
HNRNPCL3///HNRNPCL2///HNRNPCL1///HNRNPC,-0.021415000000000073
HLA-DRA,0.0402212500000001
CYP51A1-AS1,-0.00865374999999996
UPK1B,0.044672500000000004
BORCS6,-0.020743750000000005
CFH,0.007240000000000024
TSEN54,-0.05709375
LINC01346,-0.026151250000000015
RPL3P7///RPL3,0.06471125
INF2,-0.10410874999999997
TMED1,-0.024733749999999943
SNHG17,-0.13632874999999994
NBPF1,-0.03169999999999995
LYPD6B,-0.0008837500000000165
WARS,0.042966250000000206
SERPINA12,-0.04648625000000006
C22orf15,0.11603875000000008
MRPS26,0.15243125000000002
CDC25C,-0.05430375000000004
ZBTB11-AS1,0.07164750000000003
LOC101927432,-0.17040750000000005
ZSCAN2,0.03869875000000006
LOC105370746,-0.010943749999999919
SLC47A1,-0.05687249999999994
AP3S1,-0.1339025000000001
FSTL5,-0.008486250000000084
TRAPPC8,0.006904999999999939
NDUFA13,0.02144874999999996
TPSG1,0.05976499999999996
KCNAB2,0.002431249999999885
PIAS4,0.2257725
EMX1,0.21187375000000008
LRRC37A5P,-0.014704999999999913
CELA2A,0.07241375
LAIR1,-0.1574974999999999
MERTK,-0.10983750000000009
SLC7A10,-0.023794999999999955
CCDC178,0.05409124999999998
DUSP13,-0.05471124999999999
MDP1,0.015862499999999946
LOC155060,-0.10825374999999998
BNC2,0.021258749999999937
SNORA65,0.047335000000000016
MLH3,-0.05217999999999989
TKFC,0.039642499999999914
LOC100130648///SSX2B///SSX4B///SSX7///SSX3///SS18///SSX4///SSX5///SSX2///SSX1,0.05650375000000002
NDUFA3,-0.09530124999999995
ADPGK,-0.032356250000000086
PAQR6,0.06778374999999998
MIR4697HG,-0.09062750000000003
CTDSP2,0.024512499999999937
EIF3H,-0.005296250000000002
MICAL2,-0.05887625000000002
MGST3,-0.038193749999999915
C7orf77,0.032707500000000056
TMEM230,-0.01594250000000008
SASH3,0.16617374999999995
SREBF1,-0.08410749999999995
CRY1,0.0510250000000001
PLA2G5,-0.01605124999999996
LINC00901,-0.055713749999999895
LOC100129014,0.0754225
LHFPL1,0.028870000000000007
RNF115,0.010406250000000006
MYL5,-0.0036562500000000275
ERVFRD-1,0.05475000000000013
MEA1,-0.06557125000000003
ATIC,-0.18949
HSPB1P1///HSPB1,0.22712375000000012
GS1-600G8.3,-0.002452499999999913
TRIM41,-0.06274875000000002
LOC105376975,-0.11186374999999998
ZFAT,0.11918749999999989
HIST1H4G,0.08469375000000001
SHH,-0.018643750000000125
LOC101928731,0.006565000000000043
EGFL8///PPT2,0.12931374999999995
TEAD1,0.09258250000000007
NTPCR,0.07671624999999999
ACTA2-AS1,0.03951499999999997
HTR3C,-0.07198625000000003
ZNF653,-0.21717874999999992
AKT1,-0.2161249999999999
LOC105376166,0.03955374999999989
CCL19,0.02854499999999993
HINT2,0.028216249999999943
AMFR,0.03338875000000008
HCG27,-0.038906249999999976
LOC147791,-0.04922375000000001
MRTO4,0.09154249999999992
LOC101928283,-0.016201249999999945
ZNF784,-0.1742424999999999
PPARG,-0.07372374999999992
ENTPD6,0.06831249999999994
CYP4A22,0.01110875
LOC100131701,0.011982500000000007
PLEKHG3,0.04156500000000002
RORC,0.004143750000000057
SGPL1,-0.043458750000000046
ACTL7A,-0.002432500000000004
NLRP5,-0.04075499999999993
IL10RB-AS1,-0.032937500000000064
ENO3,-0.030319999999999958
ABTB1,-0.05966250000000006
GRPR,0.10208124999999996
RNF20,-0.02182375000000003
ALKBH6,0.048968750000000005
LOC729034///LOC653498///LOC440434///TBC1D3F///NPEPPS,-0.05421625000000013
LOC100134722,0.003662500000000013
SYCE2,-0.04269500000000004
LTB4R2///LTB4R,0.054448750000000046
MPST,-0.005118750000000005
PKDCC,0.003656249999999972
BLM,-0.041978749999999954
C9orf135-AS1,-0.011333749999999976
TUBA1C,-0.018528749999999983
SMOX,0.048388749999999925
LGALS8-AS1,0.02183500000000005
EPB41L4A-AS1,-0.11878875000000005
AKR1C2///AKR1C1,-0.019508749999999964
LOC100506470,0.025129999999999986
TRABD,-0.042206249999999945
F2RL3,-0.002850000000000019
IPW,-0.02905999999999992
B4GALT7,0.06314375
WTH3DI///RAB6C///RAB6A,-0.04596625000000004
IDO2,0.03278250000000005
TBC1D3H///TBC1D3///TBC1D3D///LOC653498///LOC653380///TBC1D3C///TBC1D3B///TBC1D3F,-0.05570249999999999
DDX19B,0.010995000000000033
PIH1D1,-0.16400124999999993
LINC01181,0.03367249999999988
LOC101927038,0.046912500000000024
CBY1,0.07681874999999994
NME4,0.09583874999999992
LYRM9,0.029261250000000016
ICAM3,0.04787250000000004
SLC34A3,-0.049423750000000044
SPANXA2///SPANXB1///SPANXC///SPANXA1,0.05498999999999993
LOC284630,-0.0928337500000001
PENK,-0.03656625000000002
BTLA,-0.0345125
FAM19A1,-0.07888624999999999
CILP,-0.0037599999999999856
EVPL,-0.017303750000000007
MEN1,0.06304999999999994
ALAS2,0.038654999999999884
SNUPN,-0.013743749999999999
GUK1,-0.026118749999999913
NUDT18,-0.09055999999999997
CD2,-0.02210000000000001
BLVRB,-0.015469999999999984
PCDHGC4,-0.027663749999999987
GNB1L,-0.0860225
TIPARP,-0.02329500000000001
LOC100128198,-0.0014387499999999886
SMAP2,-0.03376499999999999
SMIM24,0.07485874999999992
MIR21,0.12835624999999995
MBLAC1,-0.03482249999999992
LINC00635,0.08337375000000002
PDHX,0.022469999999999934
LOC283516,-0.01005499999999998
SMG1P2,-0.018243749999999892
LOC100129064///LOC731489,0.05248124999999987
EPHB6,0.007403749999999987
RLN3,0.03343375000000004
SCMH1,-0.08103374999999996
PMS2P2///PMS2P1,0.044211249999999924
C14orf80,0.11569625000000006
LOC644222,-0.08388875000000007
SEMG1,-0.02713125000000005
IQSEC3,0.09300625000000001
AGAP11///AGAP4,-0.09823375000000001
CCDC172,-0.009444999999999981
KIFAP3,0.04667749999999998
AGTRAP,0.009647500000000031
CERS1///GDF1,-0.06738875000000005
NKX6-1,-0.10592250000000003
LOC105377371,-0.012542500000000067
KIR2DS4,-0.009875000000000078
LOC100129648,0.0035624999999999685
LMNTD2,0.042827500000000074
LOC100129965///PRDM11,0.00390000000000007
SNX15///ARL2,-0.03386000000000011
SPATA25,-0.025410000000000044
SFTA3,-0.021901249999999872
RIC3,-0.10282750000000002
LCE3D,0.07681125000000005
SIAH2,0.06921500000000008
LOC284648,0.03299374999999999
LOC100507461,-0.06740625
KLHL10,-0.004097499999999976
SPATA2,-0.015696250000000078
C2orf61,-0.011978750000000093
DCUN1D2,0.012209999999999999
LGI4,0.12513375000000004
KCNE5,-0.10106874999999998
TIFAB///DCANP1,-0.06350125000000012
ATP5A1,-0.07929749999999985
FGF11,0.011306250000000073
MYEOV,0.010253750000000006
FBN2,0.02091375000000012
EFCAB8,0.018222499999999975
GUCY2C,-0.0752275
ITGAD,0.030041249999999964
LOC730236,-0.0879625
LRRC47,0.012533749999999844
CECR5,-0.13678249999999997
LINC00929,0.040013749999999904
CEACAM21,0.10155999999999998
GKN2,-0.05264499999999994
LOC101928324,0.06327000000000005
COMMD8,-0.14211625000000006
SKAP1,0.10279999999999984
TXNDC8,-0.03960125000000003
TRMU,0.06272374999999991
POTEM,-0.09360499999999994
LOC101927420,0.03250374999999994
MYL12B///MYL12A,0.1395825
PEMT,0.15410625000000006
TSPY26P,-0.12197750000000002
CNNM3,0.013774999999999926
VPS25,0.09578500000000001
LAMA5,-0.03199249999999998
GXYLT2,-0.10149375
TCL6///TCL1B,0.13249375000000008
UNC93B1,0.138955
ARHGEF6,-0.033147499999999996
STX1B,0.15077625
ELOF1,-0.021864999999999857
PPL,0.04714999999999997
LOC100506813,0.018197500000000033
MTFR1L,-0.005317500000000086
CDSN,-0.11991624999999995
STARD3,0.10023625000000003
LOC142893,0.013262500000000121
ZNF16,-0.06193375000000001
HBA2///HBA1,0.16287249999999986
NECAB2,0.011856249999999957
LINC01467,0.042573749999999966
S100A13,-0.0014875000000000305
MYCBPAP,-0.014161250000000014
TMEM203,-0.08998499999999993
AKR1A1,-0.013867500000000088
FBXO27,0.04240375000000002
LOC729124,0.05000999999999994
HPD,0.16454125000000003
TSPOAP1-AS1,-0.00021250000000000435
TNFRSF18,0.13630374999999995
SLC26A8,-0.0437225
TMEM121,0.19671999999999995
PRKAR1AP1,-0.05009999999999992
MOGAT1,-0.05230374999999993
FBXO24,-0.07242375000000001
LINC01468,-0.017491249999999958
TECPR2,-0.03081874999999984
TMEM41A,-0.009018749999999964
MYO16,-0.031034999999999868
PRPF19,-0.12722000000000006
LOC100996349,-0.041653750000000045
HSD3B1,-0.06186875000000008
SSTR5-AS1,0.25600875000000006
LOC100130278,-0.12409124999999993
SERPINB1,-0.00899875
SCUBE2,0.022471249999999998
KIAA0319L,-0.09296750000000004
UBASH3A,0.16019124999999995
OR12D3,0.02013875000000015
IL9RP3///IL9R,0.01328625
DHDDS,0.049585000000000046
LAMTOR1,-0.16000124999999987
TPX2,-0.06062250000000008
GGT6,0.0644900000000001
TMOD4,0.010946249999999935
MED31,-0.015768750000000054
LINC01224,-0.05501624999999999
CENPBD1P1,-0.033452499999999996
FBXW5,0.4310100000000001
PWRN2,0.08861124999999997
LEFTY1,-0.011187499999999906
MRPL48,-0.021438750000000006
PSMD14,-0.043478750000000066
OR51J1,0.09009
GSTO2,-0.013296250000000065
DPPA5,-0.011042499999999955
BANP,0.3673612500000001
VKORC1,-0.027285000000000115
ZNF619,-0.08354125000000007
CTNNAL1,-0.016157499999999936
LOC105371920,0.030107499999999898
ANKRD19P,-0.005698750000000086
TRA///KIFC3,-0.02565624999999999
MC4R,-0.005346250000000052
CHERP,-0.023699999999999888
FRMD1,-0.034979999999999956
LOC727901,-0.09438999999999997
VPS16,0.16711624999999997
MYOM2,-0.01938625000000005
LOC101929748,-0.05023624999999993
RANGAP1,-0.016488750000000107
PDCD1,0.14535375000000006
LYPLA2,0.10831250000000003
EGFL6,0.028332499999999983
OS9,-0.02018749999999997
TFRC,-0.006113750000000029
EXOC3-AS1,-0.07804999999999984
PLSCR4,-0.09553000000000011
GPD1L,0.008631250000000035
LOC647323,0.0597125
CIAPIN1P///CIAPIN1,-0.017263749999999967
ABCF2,0.058965000000000045
AHSG,-0.06030249999999998
LOC101928718,0.273605
PYDC1,-0.018562499999999926
ABCG4,0.14545250000000004
GBX1,-0.08978874999999997
KRT1,0.022056250000000055
HCAR1,-0.03940500000000002
CERK,0.03406749999999997
ARSF,-0.016256250000000028
KAAG1,-0.014524999999999955
TMC6,-0.08871375000000004
EXT2,-0.009577499999999906
OR51B2,-0.07900250000000003
WDR31,0.020149999999999946
ANGPTL6,-0.0018300000000001093
RPRD1B,0.005895000000000095
KCNK7,0.1487075
STK25,-0.029851249999999996
SIRT4,0.11223625000000004
LINC00158,-0.027314999999999867
MUSTN1,0.042769999999999975
LDHAL6A,0.017005000000000048
PIP5KL1,-0.06359624999999997
SLC25A2,-0.01162000000000002
GALC,-0.030255000000000087
NEURL1B,-0.04146249999999996
CSNK1G2-AS1,-0.01151624999999995
FLYWCH1,-0.04745499999999997
LOC100133930///D2HGDH,0.10782375
ZKSCAN2,0.04775999999999997
CRTC2,0.22716750000000002
LOC101929229,-0.003996249999999979
UBQLN3,-0.01859000000000005
LOC648390///UBB,-0.12668125000000002
ACP6,-0.09992875000000012
TRBV7-4///TRBV7-6///TRBV7-7///TRBV7-8,0.04898750000000002
CPO,-0.030062499999999992
SLC25A26,-0.11025374999999998
ABT1,-0.26007125000000003
QSOX1,0.27332375000000003
CHRNA9,-0.10351874999999999
COMMD3,-0.07163374999999989
DISP3,0.1744925
MVK,0.33568875
FAM185BP///FAM185A,0.18303625000000007
IMPDH1,-0.03962624999999986
RNF139,-0.01234499999999994
BIK,-0.027505000000000057
RBP4,-0.022364999999999968
SNRPD2,-0.00850124999999996
CRYM,0.06832624999999987
TIMMDC1,-0.015887500000000054
CAMLG,0.04044500000000001
OSER1,0.006480000000000041
PRMT7,0.037912500000000016
LSM10,0.03297500000000003
SLC25A35,-0.04129375000000007
NEUROD4,0.17735
LOC102724511,0.13661250000000003
GUCA2A,0.06884875000000001
OSR1,-0.02071375000000003
TPP1,-0.09583124999999992
NEU4,-1.5000000000098268e-05
PCDHB4,-0.05126875000000003
OXA1L,-0.12992750000000003
TRBV7-3,-0.051399999999999946
LOC100506405,-0.027961249999999938
LSM2,0.005503749999999974
ARC,0.015957500000000013
GDE1,-0.024918749999999934
ADCY10P1,-0.020918750000000097
H2BFXP///LOC644328,0.16239750000000008
OR1D2,-0.004274999999999918
LOC645757,-0.0019450000000000855
LPCAT1,0.0033949999999999814
C7orf61,0.24650875000000017
FAM134C,-0.08612125000000004
COL20A1,-0.0493225000000001
MEGF6,-0.035978750000000115
KLC4,0.1773475
TSPAN11,-0.05269874999999996
AGO3,-0.011091249999999997
DBH-AS1,0.03476374999999993
SH2D6,-0.07595250000000003
SEPT1,0.06510750000000004
PROSER2,0.03985624999999987
FKRP,0.017296250000000013
PPP1R35,0.04116125000000004
LOC100132947,0.03165000000000007
PARK7,-0.001751249999999871
CKLF,-0.13064250000000005
LOC101927044,0.021588749999999934
ATP5J2,-0.07693374999999991
FDXACB1,0.08699375000000009
TMSB10,0.006568750000000012
CCDC115,-0.010207499999999925
LOC375196,-0.0009712500000000346
LINC00527,0.1502949999999999
OR4F29///OR4F21///OR4F16///OR4F3,0.05391000000000001
KISS1,0.019886249999999994
LOC105374587,-0.15131874999999995
IGLV2-14///IGLV7-43///IGLV7-46///IGLC2///IGL,-0.0036574999999999247
AAR2,0.1315650000000001
HSD3BP5///HSD3B2///HSD3B1,0.03339000000000003
ZBTB41,-0.06425874999999992
CLCN2,-0.014694999999999903
MIR194-2HG,-0.008691249999999928
C10orf11,0.056601249999999936
ATG4A,0.01391875000000009
TKTL1,-0.007022499999999987
CAPN11,-0.04341250000000002
HMHB1,-0.00736500000000001
DEFB104B///DEFB104A,0.009006249999999938
CYP8B1,-0.0987174999999999
SOX3,-0.04844750000000003
EPO,0.16219125
FA2H,0.029623750000000004
CYP11B2///CYP11B1,0.009123750000000042
METTL1,-0.021172499999999927
GPR143,-0.006801249999999925
LOC105369595,0.11878124999999995
SIX5,-0.006189999999999918
DNAH17-AS1,0.07996125000000004
VPS39,-0.08689625000000006
CWF19L1,0.015348750000000022
LOC400043,0.12840124999999997
SLC12A4,0.034171249999999986
CFAP46,0.014553750000000032
NEIL3,-0.05274875000000001
MARCKSL1,0.04708625000000005
LOC100133577,0.054581250000000026
SLFNL1-AS1,0.06670375
GRIN2D,0.1625112500000001
LOC100130502,0.03790125
GPR137B,-0.01677124999999996
CYP2B7P///CYP2B6,-0.11027375000000006
LOC100288798,-0.028097499999999997
SLC22A2,-0.001133749999999989
STEAP1,-0.004496249999999924
ANKRD49,-0.05980750000000001
BANF2,0.024164999999999992
UHRF1,-0.058471249999999975
AASDH,-0.05435374999999987
TTR,0.0011724999999999652
PCED1B,-0.04571375000000005
MRPL34,0.007423750000000062
LOC100130837,-0.03139875000000003
LOC100129194,-0.024913749999999957
CGNL1,0.08904000000000017
RAB26,0.19120125000000004
MIR548XHG,-0.016538749999999935
LOC652993,-0.008598749999999933
TNNC2,0.08431874999999989
MRPL55,0.08495124999999998
MYBPC2,0.22359749999999995
RAB1B,-0.03494625000000007
VIP,0.02946125000000005
LOC440867,-0.2390175
MMP3,-0.042215
YES1,0.007101250000000003
TMEM72-AS1,0.01686375000000001
HDHD2,0.020235000000000003
RIMS3,-0.010190000000000088
HABP2,0.1146987499999999
FBXL15,-0.06612625
CRYBA2,-0.09435374999999996
BAX,0.009342500000000031
LOC253805,-0.009566249999999998
FLRT1,-0.014373750000000074
ZNF731P,0.13977875
GPHB5,-0.008440000000000003
ICOS,0.04762875000000005
CRIP2,0.016488749999999996
FAM57A,-0.046148749999999794
LOC101927943,-0.02077249999999997
SYNGR3,0.01762874999999986
SPHK1,-0.03670125000000002
EPHB4,-0.07192374999999995
RRAGB,0.000453749999999975
LOC101929297,-0.07376250000000001
PARN,-0.017173749999999988
NEURL4,-0.006036250000000021
FDPSP2,0.007596250000000027
CPT1B///CHKB,-0.007840000000000014
GPRASP1,-0.07279874999999991
GNG13,0.10724999999999996
KIRREL,0.1354975
DPH7,0.017558749999999956
SRP19,-0.03574125000000006
ZNF607,-0.004815000000000014
ENDOG,0.02472999999999992
PMCH,-0.00277000000000005
DLGAP4-AS1,0.09318999999999994
MFSD13A,0.006237499999999951
BRAT1,0.059019999999999906
CLIC3,0.0022337499999999233
LOC100128361,-0.04738999999999993
NXPH4,-0.007882499999999959
TTTY1B///TTTY1,0.0075312500000001
MRPS35,-0.07766625000000005
ARHGAP5-AS1,-0.10774749999999994
KCNMA1-AS1,-0.07127624999999999
NUTM2B///NUTM2D///NUTM2A///FAM22C///NUTM2G///NUTM2E,-0.07016999999999995
UBE2CP4,0.007012500000000033
EFHD2,-0.10442625
NDUFA6,0.08411250000000003
CLRN3,0.19056625
NEGR1-IT1,-0.02100875000000002
SLC27A6,-0.025742500000000057
NAGA,-0.10082999999999992
ZSWIM3,0.17640125000000012
PRR19,0.05414374999999999
RNASEH2C,0.30916875
SLC38A3,-0.05342750000000002
ZNF788,-0.04619375000000009
IER3,-0.13754500000000014
IFNA21,-0.1605625
C11orf53,-0.054766250000000016
ZNF286B///FOXO3,-0.07576625000000003
PEPD,0.004521249999999921
LINC01405,0.01306750000000001
DBN1,0.10500000000000004
SVOPL,-0.04511749999999998
LOC157740,0.008887499999999882
LOC51190,-0.0794725
LOC100134053///POLR2J3///POLR2J2///POLR2J4///POLR2J,-0.029069999999999874
CHD3,0.0796675
TRPC3,-0.08914124999999995
GLI1,0.02718875000000004
KRTDAP,-0.01564250000000006
TTLL13P///NGRN,-0.10633125000000004
ADAMTS14,0.09047499999999997
AFAP1,-0.020171250000000085
SUN5,0.013668749999999952
KCTD2,-0.12476500000000001
LOC440862,-0.013030000000000042
PKMYT1,0.002908750000000071
UAP1L1,-0.0038100000000000356
AP3S2,-0.05637749999999997
NAPA,0.05251625000000004
SPON2,0.06454749999999992
ASPHD2,-0.05289999999999995
VAMP5,-0.03416999999999992
REEP4,-0.01390124999999992
ABCC12,0.08179624999999996
SPRNP1,0.0659375000000002
ALKBH5,0.19264375000000006
LOC100134040,-0.03056875000000009
ZNF703,0.09059
FAM46A,0.13031374999999995
CHRNA4,0.01591999999999999
ELANE,0.001897499999999941
FSD2,0.40899375
CTDSP1,-0.1087825
LSM7,0.04213875000000006
LOC100129122,0.005108750000000051
SPATC1L,-0.013085000000000069
C5AR2,-0.012677499999999897
MESP2,0.01803374999999996
PAEP,-0.013688749999999972
LOC283861,-0.04701375000000002
TP53TG5,-0.026088749999999994
GINM1,0.0013537499999999314
TAS2R41,-0.047208749999999966
RNF150,-0.05611499999999997
PCDHB5,-0.02154250000000002
TMEM31,0.004100000000000048
DPY19L2P1///DPY19L2P4///DPY19L2P2///DPY19L2,-0.010270000000000001
CNFN,0.39294749999999995
CLEC4A,-0.00965875000000005
LHFPL3,-0.00612249999999992
C10orf2,-0.06747625000000002
PUF60,0.07861750000000006
PLPP1,-0.07003750000000003
DNAI1,-0.021747500000000086
LOC284263,-0.014692499999999997
KRT18P50,-0.08479874999999992
LOC101927907,-0.010452499999999976
LOC100131218///NDOR1,0.14432500000000004
GH2///GH1///CSHL1///CSH2///CSH1,-0.004686250000000058
FLJ31945,-0.0162874999999999
TPGS1,0.49369375000000004
TMEM140,-0.05623249999999996
TTC21A,-0.10867750000000004
SQRDL,-0.008308750000000087
NMI,0.015861249999999882
PCDHGA1///PCDHGA2///PCDHGA3///PCDHGA4///PCDHGA5///PCDHGA6///PCDHGA7///PCDHGA9///PCDHGA10///PCDHGA11///PCDHGB1///PCDHGB2///PCDHGB3///PCDHGB5///PCDHGB6///PCDHGB7///PCDHGC4///PCDHGC5///PCDHGA12///PCDHGA8///PCDHGB4///PCDHGC3,-0.15930125
CCDC51,0.040682500000000066
TMEM75,0.05310374999999984
CA5A,0.10757750000000005
PRDM8,0.07339374999999998
SPAG4,-0.07694249999999997
GABBR1,0.027662499999999868
DCAF12L1,0.05524125000000002
LINC01187,-0.05143625000000002
SHFM1,-0.017014999999999947
BMP4,0.06244499999999997
ANG,-0.008896249999999994
IPO4,-0.05556500000000003
UBN1,-0.05503874999999997
CCDC28A,-0.010533750000000008
TMEM50B,-0.15111250000000004
CRYBA1,0.006031249999999988
SHPK,0.04220249999999992
JAKMIP2-AS1,0.029783749999999942
NKX2-3,-0.07283499999999998
AGXT,0.03785749999999999
FGF3,0.12717000000000006
HRCT1,0.07209000000000004
LOC100133953///ADCY2,-0.04960250000000005
CYB561A3,-0.032940000000000025
LOC100505716,-0.10205625000000013
CNGA1,-0.02672374999999999
FAAP100,0.09332750000000001
FAM98C,-0.10312999999999994
RPAP1,0.06946374999999999
TAS2R14,0.0071787500000000115
RPH3A,0.040951249999999884
RPL37A///PLK1,-0.05535125000000002
ZSWIM8///SAT1,0.06038374999999996
NBPF10///NBPF8///AE01///NBPF9///NBPF11///NBPF12///NBPF3///NBPF1///NBPF14,-0.10100000000000009
TG,-0.012270000000000003
HMGN3,-0.037637500000000046
CDCA8,0.042830000000000035
TRIM3,-0.014093750000000016
AANAT,-0.09416124999999986
POM121,0.01041375000000011
SPERT,0.05023000000000005
SMPX,-0.0036862500000000575
MIRLET7BHG///PRR34-AS1,0.02642625000000004
GUCY1B2,0.06595250000000008
HMMR,0.16483250000000005
RABEP2,-0.01588999999999996
GPRC6A,-0.07228875000000007
TNXB///TNXA,0.11200499999999991
BCRP7///BCRP6///BCRP3///BCRP1///BCRP2///BCR,-0.002451250000000016
AA06,-0.014381250000000012
LOC339874,-0.009030000000000038
LOC101928617,0.027938750000000012
C2orf40,0.05777749999999998
CIZ1,-0.046579999999999955
LRRC74A,-0.006911250000000091
CCT7,-0.06512750000000006
EBLN2,-0.005115000000000036
SLC4A2,-0.015052499999999913
DDX10,-0.12645749999999994
LOC100134109///COL22A1,-0.024215000000000098
ALX3,-0.016017499999999907
HYAL2,0.10736124999999996
LOC100133864///NOMO3///NOMO2///NOMO1,0.11224000000000006
POFUT2,0.014039999999999997
SLC22A14,-0.02033750000000001
CAMK2A,0.03888999999999998
SDCBP2,-0.019192500000000112
CACNG5,0.0036362499999998965
PKP3,0.23519
KRTAP2-1,0.004202499999999998
LAPTM4B,-0.08571375000000003
GPR52,0.0630662500000001
EPB42,-0.024799999999999933
DVL2,-0.0443987500000001
IRF2BP1,0.023362500000000008
MUC5B///MUC5AC,-0.0030187500000000145
LOC642131///IGHG1,0.16126000000000001
FDXR,0.03166000000000008
PRR18,-0.04559374999999999
EBNA1BP2,-0.0038875000000000437
SNRPA,0.03313250000000001
UBE2O,0.004762499999999892
SIN3B,0.11789000000000005
DSTNP2,-0.01350125000000002
LOC728902,0.016781250000000025
HINFP,-0.028707499999999997
CXXC1,-0.19045500000000004
SPPL2C,0.11256124999999995
OPN1MW2///OPN1LW///OPN1MW,0.20172249999999992
EIF2B4,0.04352500000000009
MORF4///MORF4L1,0.040597500000000064
NTMT1,-0.11631500000000006
GLYR1///SEPT6,0.012163750000000084
PGBD4,0.04484249999999995
MAD2L2,-0.0062112499999998905
IZUMO1,0.02198624999999993
MORF4L2-AS1,0.005356250000000007
SMIM1,0.23407375000000002
CALHM1,-0.026324999999999987
OR1D4///OR1D5,-0.012796250000000009
NMRAL1P1,-0.06656875000000007
FIGLA,-0.07477125000000007
C2orf71,-0.00289874999999995
KDM2B,0.08962625000000002
LOC101929662,-0.21187249999999996
FFAR1,-0.09212874999999993
FCER1G,0.062066250000000045
LOC100130905,0.05166000000000004
SLC35A1,-0.008937499999999987
LOC100131062///PTP4A3,0.08135499999999996
DGKD,-0.015601249999999955
POU4F1,-0.015843750000000045
COL6A3,-0.04791124999999996
GPC1,-0.015193749999999895
CAPN9,0.01451874999999997
TLR10,-0.028428749999999947
FAM89A,0.018523750000000005
FAM87B///FAM87A,-0.03305625000000001
LTF,0.1572550000000001
MYO18A///TIAF1,-0.12158749999999996
PGLYRP4,0.07683374999999998
DENND2D,-0.044057499999999916
SYCP2L,-0.012906250000000064
CRNKL1,-0.00869500000000012
SEPT5///GP1BB,0.02383625000000006
LOC100996345,0.005552500000000016
TRAF7,0.12897625000000007
PMVK,0.17225625
ARHGAP15,0.06731124999999999
FCGR3B,-0.004635000000000056
LOC642980,-0.014003749999999981
PHGR1,-0.05610875000000004
LOC284933,-0.07713249999999999
TNK2-AS1,-0.06558750000000013
MRPS18A,0.015759999999999996
ASIC4,0.06685999999999986
WFDC5,0.09591374999999996
MRPL53,-0.04297000000000001
VN1R5,-0.024128749999999977
SDE2,-0.016886250000000047
PLA2G2D,-0.01513749999999997
ZNF490,-0.08725125
SEC24B-AS1,0.01975250000000006
STAB1,0.008507500000000057
TLN2,-0.031750000000000056
FPGS,0.12206374999999997
SDR39U1,0.07237375000000001
LINC00574,0.19893500000000003
ABHD14A,-0.19483125000000007
MRPL36,-0.06778499999999998
PLAC1,-0.022061250000000088
ENDOV,0.04329250000000001
COLGALT2,-0.017786249999999892
LOC100131860,-0.13667999999999997
DEFB105B///DEFB105A,0.00464124999999993
RRP36,-0.02064125
LOC729397,-0.034962499999999896
OR2A4,-0.126915
LOC100133536///LOC729915///POM121L3P///POM121L10P///POM121L4P///POM121L8P///POM121L9P///POM121L1P,-0.12613375
SLC9A6,-0.011165000000000036
CREB3,-0.006600000000000106
LOC101928632,0.0637100000000001
SERTAD3,0.10413375000000002
CHRNA1,0.05349375000000001
RNASE1,0.023963750000000006
ZFPM1,0.1507787499999999
PRADC1,-0.12613000000000008
ZWINT,-0.11449625000000008
KLHDC7B,0.10898999999999992
RIMS4,-0.18069875000000013
FOXN3-AS2,0.058451249999999955
LOC100131612///MED27,-0.08522375000000004
ELL3,-0.03428624999999996
LINC00298,-0.01758375000000001
MNX1,-0.01629375000000005
STAG3L1,0.0010987499999999817
ARHGEF5,-0.0036412500000000403
PPP1R3F,0.15741249999999996
FAM225B///FAM225A,0.03640999999999994
KRT38,0.11361125
C7orf73///SLC13A4,0.14515875000000006
CALHM3,-0.09476624999999994
NOXRED1,-0.012258750000000096
LHX5,0.06073124999999996
MYDGF,3.625000000007095e-05
LOC285819,-0.02582000000000001
SLC25A25,-0.061152500000000054
EML4///ALK,0.08816875000000002
ADGRG2,0.03621374999999999
SLC6A7,-0.01294125000000007
STAT5B,-0.006261249999999885
CDC42-IT1,-0.10288124999999992
AGXT2,-0.010457500000000008
TTLL3///ARPC4,-0.10331000000000012
ASAH2B///ASAH2,0.005246249999999952
LINGO1-AS2,0.014326249999999985
LOC100287290,-0.006286250000000049
CBLN2,-0.014660000000000117
RPS6KC1,0.05151874999999995
DHCR7,-0.17712500000000003
LINC00939,-0.01865499999999992
CSRP1,0.08416875000000001
IL5RA,-4.374999999989804e-05
SHANK1,0.02486125
LTA4H,0.02216249999999992
LOC283868,-0.04850749999999987
LINC00324,-0.04997999999999997
TMEM86B,0.06827125
SBNO2,0.08138750000000006
LINC01566,0.13954000000000005
MMP7,0.005031250000000154
LOC731915///LOC648897///ABCD1,0.08784625000000001
LOC171391,0.06258125000000003
TOP2B,0.036637499999999934
KRT2,0.006076250000000061
LIPG,-0.001501249999999954
RNF8,-0.024366249999999978
SPATA8,-0.09949875000000002
S100A3,-0.02686250000000001
FLJ30064,0.057921249999999924
TYROBP,-0.014426249999999974
ZNF562,0.007409999999999917
HIST3H2A,-0.08848500000000004
DEFB126,0.01769000000000004
LOC646482,0.0023137499999998368
PPP1R27,0.05139125
SPATA3,0.04140375000000002
GNAS-AS1,0.020565000000000055
ZDHHC4,0.07873625000000001
KDM5D,-0.12485624999999995
PLEKHG2,-0.13446999999999992
TMED7,-0.011703750000000013
DUSP27,-0.012346249999999948
TNS2,-0.00900500000000004
RPS10-NUDT3///NUDT3,-0.02650625000000001
LOC731139,0.02152499999999996
COMT,0.00033375000000013255
TCHP,0.06807500000000005
FAM179A,0.07406125000000008
PTPRO///ND5,0.07382999999999995
THEG,-0.006088750000000032
WSCD2,0.15182875
NPPB,0.018383749999999976
CCDC17,0.02503499999999992
SMCO3,-0.054425
RAB32,-0.07202375
LINC00682,0.03476750000000006
RBBP4P4,-0.010363750000000116
GFI1B,-0.08824500000000002
GNAZ,-0.07353125000000005
SCP2D1,-0.03484625000000002
NFRKB,-0.06557750000000007
LOC101928035,0.043149999999999966
COL19A1,-0.02869874999999994
DMTN,0.08847125
TTC21B,-0.019662499999999916
TPT1P8,-0.0030100000000000127
TMCO4,0.10546249999999996
SPSB2,0.041581250000000014
SSH3,0.07468625000000001
LIMD1-AS1,-0.004337499999999994
LOC101928988,-0.01675500000000002
ISG15,0.022053749999999983
CDH15,0.11177374999999995
DGCR9,-0.0219375
LOC158402,0.0024762499999998466
LOC100506585,0.10024375000000013
MST1R,0.06440874999999996
CDX4,-0.054524999999999935
P2RY11,0.05558750000000001
C1QL1,0.05818875000000007
SLC6A10PB///SLC6A10P///SLC6A8,0.06142249999999999
DGKQ,-0.04388249999999999
LOC339988,-0.0739074999999999
NAP1L5,-0.07965875000000006
CDIPT-AS1,-0.006996249999999871
RPL7AP11///RPL7AP36///RPL7AP62///RPL7AP30///RPL7AP53///RPL7AP66///RPL7A,0.019447500000000006
PKD1,-0.005206249999999912
COPS7B,0.07949374999999992
PITX1,0.2589012500000001
PLBD2,0.013263749999999963
HSD11B2,0.00800875000000012
TNFRSF14,-0.006729999999999958
SPINK5,-0.058168749999999936
AATF,-0.05407000000000012
POM121L2,-0.021508749999999965
DIABLO,-0.009614999999999985
LOC285300,-0.03181124999999996
NAV2-IT1,-0.0011062500000000308
ASAP1-IT1,0.014191249999999989
ROPN1B///ROPN1,-0.00709375000000001
PXMP4,0.11576250000000005
LETMD1,-0.037760000000000016
TMCO6,-0.07652499999999995
PRR30,-0.09050750000000007
LOC388942,0.04010999999999998
DNAJC8,0.032370000000000065
PGS1,0.04456499999999991
BMP5,0.06228249999999996
GABARAP,0.07350250000000014
PIRT,-0.04447875000000007
LINC00935,-0.03852374999999997
ORAI3,-0.04680124999999996
PRPF4,0.03206750000000003
TESC,0.014009999999999967
TCN1,-0.027703750000000027
GPRC5C,-0.012503750000000036
LINC01193,-0.0031699999999999506
LRP3,0.05279999999999996
VWCE,0.09506250000000005
CELP,-0.03102999999999989
LOC101927849,-0.018737500000000074
CPB2,0.01330250000000005
TFCP2L1,-0.05359250000000004
TCTN2,-0.033676250000000074
KIAA0391///PSMA6,-0.13095000000000007
BAAT,0.01380625000000002
SLC7A9,-0.0064549999999999885
RPS6KA2,-0.003229999999999955
SLC22A17,0.2949212499999999
FSD1,0.07492624999999992
KRT19,-0.05906750000000016
LOC729839,-0.052414999999999934
TBC1D25,-0.12931749999999997
ACSF2,-0.0033637500000001097
ANKRD34C,0.11196375000000003
PRAC2,0.11224499999999998
LCMT1,-0.063965
CCDC137,-0.013957500000000012
TINAGL1,-0.0085225000000001
IRF5,-0.07237874999999994
PEF1,0.02140625000000007
TMEM120B,-0.009458750000000016
KIRREL3-AS2,-0.006356249999999952
RAD9A,0.13414250000000005
DPCD,-0.010533750000000064
GJA8,0.019898750000000076
NXF1,-0.02650749999999985
LOC100506497,0.023262499999999964
LOC101929473,-0.07552374999999995
KHDC3L,0.03304750000000001
PIM1,0.06370000000000003
INPP5E,-0.03585499999999997
NLRP4,-0.024415000000000076
OR51B5,0.081125
CYB5D1,0.015099999999999947
NOS2,-0.01645374999999999
CAPNS1,0.06390124999999997
LOC100133772///SLC16A5,-0.06014249999999993
BRD3,0.024918750000000045
SCAND1,0.05534875
GALM,-0.00391625000000001
CER1,0.011082499999999995
BET1L,-0.09641000000000005
FOXRED1,-0.07489875000000001
AIM1,0.020011250000000036
MAP3K11,-0.10656999999999994
TEX13A,0.040184999999999915
CFAP161,-0.015550000000000008
SH3GLB2,0.015127500000000071
P2RY8,-0.03334874999999998
LOC100134119,-0.002482500000000054
FOXD2,-0.006856250000000008
OR12D3///OR5V1,0.11117500000000008
FAM163B,-0.012229999999999852
GARS,0.08605999999999997
LDLRAP1,0.003301249999999978
LOC105374895,-0.038028749999999945
CHIA,-0.009882500000000016
SLC29A3,0.01882125000000001
NT5C3B,0.03707000000000005
MT1F,0.035196250000000096
LOC101928851,-0.016113749999999982
KRTAP2-2,-0.04888749999999997
ACO2,0.04319625000000005
FOXN1,0.027758750000000054
SLC38A11,0.10108749999999994
IGLV2-14///IGLC2///IGL,0.21947750000000005
LOC101928700,-0.014691249999999934
SMIM6,-0.07298375000000001
FAM83G,0.14404874999999995
ULBP1,-0.07250749999999995
GDPD3,-0.008890000000000009
EXOSC4,0.04189874999999993
ALOX12B,0.02055999999999991
HSFY1,-0.001127499999999948
IFNA2,0.009440000000000004
C16orf89,0.026048749999999954
LOC646484,0.02463125000000016
BLCAP,-0.026480000000000004
TOR2A,0.11124374999999997
LINC01140,-0.04707000000000011
TCEAL2,-0.08992500000000009
ZNF768,0.05650375000000013
ARSG,0.0018600000000000838
C12orf75,-0.0024262500000001297
JADE2,-0.009343749999999984
VAX2,0.09664374999999997
BEND3,0.10183374999999989
LOC100133586///TEX40,0.021633750000000063
TFAP2A-AS1,0.017323750000000027
BLACAT1,-0.009671249999999854
C19orf24,0.0568225
DDX27,-0.007336249999999989
LOC101927604,0.00608000000000003
LINC00607,-0.03620875000000001
PEAK1,0.030067500000000025
KCNT1,-0.03487374999999998
PRPH2,-0.15279375000000006
RNASEH1,0.05769875000000002
FOXR1,0.13301625000000006
LOC727944,-0.18424750000000006
NDUFA8,-0.026198750000000104
KCNK17,0.04383750000000003
LOC440602,0.020450000000000135
PRAMEF11,0.023222499999999924
GOLT1A,0.05113000000000001
FAM46B,0.03805750000000008
C1orf216,-0.03641499999999992
GPX5,0.023416250000000083
PNPLA3,-0.0005000000000000004
COQ10A,-0.012842500000000034
CFLAR-AS1,0.02656875000000003
NUP210,0.06655500000000003
SHISA5,-0.08574000000000004
CNRIP1,-0.027223749999999936
DUSP2,0.048568749999999994
MYO9B,-0.017263749999999967
HSPB9,-0.003303749999999994
IFT43,0.002427499999999916
RPL35,0.006136250000000065
SMCO4,0.01826624999999993
SFI1,-0.02609875000000017
LOC389332,0.03858125000000007
CD99,0.00010500000000002174
CAV3,0.0175825
MUCL1,0.059366249999999954
ADK,-0.03247750000000005
ALKBH3,0.014262500000000011
ACSF3,-0.05437124999999993
NLRP9,-0.15223000000000003
LOC100130536,-0.019663750000000035
PATL2,-0.011501249999999907
ADGRG1,0.023857500000000142
PARP12,0.023862499999999842
SSR4P1,-0.03960500000000006
LECT2,-0.01672749999999995
EFHD1,0.0043962500000001015
LOC646670///LOC440292///COMMD4,-0.155455
PRSS30P,0.04486749999999984
TAAR2,-0.0455850000000001
CMTM4,-0.010738750000000019
NDP,0.07581125000000005
CYP4Z1,-0.02513000000000004
LBH,0.01912249999999993
FLJ23519///RNH1,-0.06706125000000007
DEPDC5,-0.0010850000000000026
MAGEL2,0.02980875000000005
PPIE,-0.04133750000000003
INPPL1,-0.022741250000000046
CNGA4,0.019213749999999974
LOC100505853,-0.11717749999999993
LOC102724094,0.051470000000000016
LOC100131316,-0.06635374999999999
WDR86,0.0046737499999999765
MRPS5,-0.05829374999999998
ITPRIP,-0.01892750000000004
NR2C2,-0.08854249999999991
FLOT1,-0.12400874999999989
NAGK,-0.07069875000000009
FIG4,-0.014343749999999933
URGCP,0.011703750000000013
RARA,-0.0953362499999999
TUFT1,-0.016149999999999998
GMPSP1,-0.008867500000000028
ADGRG5,0.03173124999999999
LOC105372969,0.044763749999999936
KRT36,0.01163874999999992
HYOU1,0.009849999999999914
SFXN2,-0.02513999999999994
LOC101928288,-0.025878749999999895
LOC728105///LOC643670///LINC01000,-0.008109999999999895
PLP2,0.05354999999999993
TSPAN31,-0.032445
LINC00623///LINC00869,-0.053625000000000034
OIP5,-0.01906374999999999
LOC219688,-0.08638875000000001
HYAL4,-0.02069000000000004
FSTL1,0.11590499999999992
LRRC23,0.07828875000000007
LRRC27,0.021230000000000027
DAP,-0.08209624999999998
HUMBINDC,0.019885000000000153
SCGB1A1,0.05997000000000008
ANKRD24,-0.00022375000000002254
CSRNP1,0.16383374999999994
LHX4-AS1,-0.020943749999999928
HBBP1,0.0020275000000001264
MIR3681HG,-0.04603750000000001
LINC01304,-0.015605000000000036
HOXC10,0.0368274999999999
NR1H3,0.016543750000000024
LOC101928446,0.010667500000000107
LOC100507670///ZNF687,0.07154749999999999
PIGF,-0.015433750000000024
RPL13P5,-0.09822000000000003
CFAP53,-0.16969874999999995
SPDYA,0.02265624999999999
LOC105379477,-0.03210875000000002
NACAD,0.0035574999999999357
HACL1,-0.008398749999999955
PRRT2,0.11637375
LST1,0.05678874999999994
C14orf169,-0.031115000000000004
LOC100133911///GRIK4,-0.02162499999999995
ADGRB2,-0.09395999999999999
PRELID3A,0.002667499999999934
CDH20,0.009136250000000012
ADPRM,0.008952500000000085
ADCY5,0.12175500000000011
LOC100129936,-0.024873749999999972
ZNF34,-0.015922500000000006
PPP1R26,0.043024999999999924
GATSL3,0.06378625000000004
COX6B1,-0.013805000000000067
CETN2,0.0029275000000000273
LOC100270804,0.11447125000000002
TMEM72,-0.0031237500000000362
LINC00092,-0.015855000000000063
ITGAM,-0.006435000000000024
RASAL1,-0.18641875000000008
CLEC4M,-0.23839750000000004
ZNF284,-0.07917875000000008
NTF4,-0.010642499999999888
ACOX2,0.0035149999999999904
GRK7,0.01605249999999997
AR,0.03163874999999999
PSORS1C2,-0.1346612499999999
C16orf58,-0.06910250000000007
RPS21,-0.01446874999999992
LOC100130135,-0.12696625
PSMB3,-0.004493749999999963
ZFAND3,-0.042037499999999894
ARMC3,0.07041125000000004
ISX,-0.03568124999999994
SLC7A3,0.025296249999999965
RDH16,-0.02412750000000008
KIF26A,-0.008357500000000018
QSOX2,0.056146250000000064
BATF2,-0.09183249999999998
PEX11B,0.0068187499999999845
SLC13A5,-0.013530000000000153
OVAAL,-0.0095225000000001
PHGDH,0.1291874999999999
PMFBP1,0.0027950000000000474
PILRB,0.012900000000000023
LL0XNC01-116E7.2,0.023936249999999992
LOC100129206,-0.01663500000000001
NACC2,-0.00890625000000006
POMT1,0.061259999999999926
CECR5-AS1,0.10154250000000004
CRYGB,-0.020075000000000065
ZNF211,-0.045609999999999984
SYCE3,-0.055476250000000005
PDGFRL,-0.012326249999999983
DDX39A,-0.05309625000000007
LZTR1,0.07468875000000014
SORCS2,0.006290000000000073
EFNA1,-0.012197499999999917
GYS1,0.06897124999999998
P2RY6,0.0663275000000001
SEC61A1,0.009308750000000032
NDUFA11,-0.08621375000000003
GHRHR,0.12113624999999995
GCC2-AS1,-0.036713750000000045
STK36,0.17418374999999997
CMTM1///RHOQ,-0.020896250000000005
AGAP11,-0.06906749999999995
FGF19,-0.058345000000000036
SPP2,-0.07210875
QPCTL,-0.07904124999999995
PRR12,0.08183124999999997
ABCA4,-0.0771175
GAGE12D///GAGE12F///GAGE2A///GAGE12H///GAGE12E///GAGE12B///GAGE12C///GAGE12G///GAGE2B///GAGE2E///GAGE12I///GAGE7///GAGE6///GAGE5///GAGE4///GAGE2C,0.036971249999999956
IFT22,0.09396125
NSFP1,-0.0750737500000001
VPS72,-0.033071249999999996
RHCG,-0.11808750000000012
FAM131B,0.20780625000000003
SAMD13,-0.07545875000000002
LOC100132634///LOC283112,-0.011625000000000107
MPP3,0.020787500000000014
NAA60,-0.00048624999999991037
IFNA16,-0.01759874999999994
LOC729506,-0.0003812500000001662
STATH,-0.011195000000000066
ZDHHC8,-0.0005187500000000123
PHRF1,0.018255000000000077
KLF4,-0.03972000000000009
OR1I1,-0.004542499999999949
APOA5,0.012016250000000006
LOC100130417,0.34143500000000004
LOC554207,-0.03445500000000001
VTN,-0.11916874999999999
LOC100130476,0.004555000000000031
NBPF8,-0.0196925
CFAP47,-0.11488249999999994
RGMA,-0.02815000000000001
SCN4A,0.09481375000000003
PYCR1,-0.005346249999999997
LINC01551,0.06099625000000003
CASP10,-0.006742499999999985
KIAA1652,0.030303749999999963
LOC286254,-0.07075749999999997
RPS4XP17///RPS4XP7///RPS4XP6///RPS4XP13///RPS4XP16///RPS4X,-0.07419124999999993
SIMC1///LOC202181,-0.013466249999999957
PROSER3,0.08750499999999989
SPRYD3,-0.06309000000000003
CCIN,-0.015188749999999973
LOC645722,-0.08940999999999999
PLIN4,0.10652750000000005
NARFL,0.21667999999999993
ADORA2A,-0.06205749999999988
DHRS11,-0.043875
KRTAP8-1,0.05110374999999995
XPO6,-0.16988999999999999
BHLHE23,-0.00972125000000007
CPSF7,-0.010071250000000032
ALDH1L1-AS2,-0.03664499999999998
LEXM,-0.013029999999999986
ADA,-0.046536249999999946
CARMIL2,0.29377125
TSEN34,0.05400749999999993
SYT8,-0.041541249999999974
LOC101927468,-0.04757874999999989
LOC100507277,0.02967750000000008
IGFBPL1,-0.022233749999999997
C1orf167,-0.04411499999999996
TMEM8B,-0.10458499999999998
IRF9,-0.0013725000000000542
LOC100506603,-0.011136250000000014
TRIM27,0.0008062500000000083
YWHAG,-0.13955375000000003
PLPP7,0.012011250000000084
LOC105373418,0.010923749999999954
UBOX5,-0.0014012500000000205
CPN1,0.0036462499999999065
ERP27,-0.008176250000000052
TOMM6///PRICKLE4,-0.0006325000000000358
LOC100507403,-0.005086250000000014
TMBIM4,0.02510499999999999
DND1P1///DND1,0.07403375000000001
JARID2,-0.09319249999999996
TMEM91,0.08775499999999997
CHST8,0.07774750000000002
LOC100130344,-0.03243625
SEL1L2,-0.03162374999999995
CAD,-0.007050000000000001
KCNN1,0.02957750000000009
FLT3,-0.062433749999999955
DLEU1,0.02830875000000005
KIAA1328,0.042869999999999964
POLR2H,-0.08416875000000007
PPP2R5B,0.16907875
RELB,-0.04394874999999998
FN3K,-0.052549999999999986
RAB11FIP5,0.07203375000000001
CPXM1,0.08660000000000001
POMGNT2,-0.024237499999999967
CXCL17,-0.01322249999999997
CIART,-0.06340624999999994
LOC100128311,0.01979750000000008
MCRS1,0.06456499999999998
ZIC5,-0.02465374999999992
P4HTM,-0.009065000000000045
TEX26,-0.01491874999999998
SPINK4,0.06292999999999993
LOC100130051,-0.027965000000000073
KLHDC8A,-0.15048125
LOC100130999///FAM81A,-0.011712499999999959
LOC100652911,0.1701637499999999
TNFRSF13B,-0.1530249999999999
MT1H,-0.06630499999999995
ANKRD18B///ANKRD18A,-0.0015425000000000022
KANSL2,-0.03024375000000007
DPP10-AS3,-0.006082499999999991
C6orf136,-0.03565625
PQLC1,-0.08079500000000006
LOC729940,0.09694625000000001
BGLAP,0.026297499999999974
APBA3,0.048482499999999984
BPHL,-0.05869500000000005
TMPRSS6,0.14123750000000002
HPCAL1,-0.009075
SPATA4,0.008127499999999954
SAC3D1,0.01839500000000005
LIPE,-0.011812500000000004
KRT9,0.16933749999999997
PRSS27,-0.022487500000000105
UBQLNL,-0.13812499999999994
FFAR2,0.08818124999999999
ALAS1,-0.07184750000000001
LINC01114,-0.043950000000000045
SLC16A12-AS1,0.011286249999999998
MYO1H,0.007602500000000123
CTSW,0.11737500000000001
TMEM183B///TMEM183A,0.010837499999999889
ITIH1,0.007664999999999922
PPP1CC,-0.008768749999999992
TSPO,-0.007344999999999935
CKS2,-0.04633499999999996
GAK,0.06848000000000004
NLRP2B,0.030158750000000067
TGM6,0.07518875000000008
NUDT22,-0.03740250000000006
LOC101928087,-0.11761750000000004
PSMD3,-0.04305625000000013
PLD6,-0.025614999999999943
TMEM220,-0.031241249999999943
UBXN11,0.039050000000000085
KCNQ4,0.11998500000000001
BPIFB2,0.0958412500000001
CCNA1,0.002226249999999985
LOC100133503///LRRC37A17P///LRRC37A2///LRRC37A3///LRRC37BP1///LRRC37B///LRRC37A4P///LRRC37A,-0.01041375
RIN1,-0.044843749999999905
LINC01398,0.13488125000000012
RPS6KA4,-0.06483500000000003
SUPT3H,0.08001000000000003
CCL25,0.07734625000000006
C2orf72,0.03824999999999995
PPP1R14A,0.017207499999999987
CASC16,-0.16427124999999998
VWA7,0.026716249999999997
C4orf26,-0.05649625000000008
NAT6///HYAL3,0.027848749999999978
ABCB8,0.031220000000000026
NLRC5,0.013370000000000049
GLIPR2,0.09111124999999992
CCL24,-0.030874999999999986
PINK1,0.05453000000000002
MROH2A,0.019582500000000058
LYSMD4,0.12661125
MRPS6,-0.03420749999999989
MRPL27,-0.003421249999999987
TUBB///TUBBP1,0.44474875
LOC101927543,-0.02029249999999999
L3MBTL3,-0.0120424999999999
PAMR1,0.008696249999999905
WFDC3,-0.08230999999999988
APOBEC1,-0.02125499999999997
BARHL1,-0.09535375000000007
SYN3,0.07060624999999993
ADAMTS16,0.07088250000000001
ERICH3-AS1,-0.0734837499999999
MXD4,0.13140124999999991
CSNK1G2,-0.020703750000000076
DPP6,0.04097625000000005
LINC00852,-0.017206250000000034
PSMB1,-0.06370875000000009
DDI2,0.04672125000000005
AQP7,0.03813249999999996
N4BP2L2-IT2,-0.009502500000000025
TMEM138,-0.08961374999999994
MAMLD1,-0.12997624999999996
DNAJB8,-0.12811
ZBED5-AS1,-0.003985000000000016
LINC01565,0.14797375000000007
FAM85A,-0.27402124999999994
ZCCHC18,-0.013863749999999897
HAO2,0.0005525000000000113
POM121L10P,-0.03122750000000002
REG3A,-0.0285912499999999
SLC9A3R1,-0.18237625000000002
LOC401317,0.012926250000000084
NPY,-0.1141637499999999
ELFN1-AS1,-0.11296249999999991
MIEF2,-0.0568300000000001
ZNF20,0.019053750000000036
LOC101929398,-0.028992500000000032
FCHO1,0.11047375000000004
LRRC15,0.07105250000000002
GSTM2///GSTM1,0.12000624999999993
TESK1,0.030154999999999987
LINC01511,-0.010891250000000074
NDUFA7,0.0687850000000001
FGF16,0.034389999999999976
MAL,-0.020340000000000025
RMI2,-0.017558749999999956
LOC100505918,0.04473875000000005
ULK1,0.056086250000000004
LOC440149,-0.02608500000000008
PROK1,0.02831499999999998
SFT2D3,-0.017722499999999974
LAMP1,-0.013063749999999874
LOC440346,-0.03131875000000012
PFN2,-0.026021249999999996
TP53INP2,-0.009927500000000034
FAM26D,-0.05863999999999997
TRD,-0.1308162499999999
LINC00572,-0.056003750000000074
PPP4C,0.185535
PDCD11,0.08001750000000007
LOC100128079,-0.12884875
CCDC33,0.07287624999999998
OGDH,-0.07446750000000002
PEX26,0.007281250000000017
THG1L,-0.017336250000000053
PLSCR3,-0.026666250000000113
LOC100507487,0.022857499999999975
C22orf29,-0.06162374999999998
LYG2,0.02747124999999989
MAB21L2,-0.016957499999999903
BIRC2,0.0058175000000000865
IFITM10,0.031391249999999926
DMRTA2,-0.014328749999999946
VRTN,0.013652500000000012
MUTYH,0.008587500000000026
PRR5-ARHGAP8///PRR5///ARHGAP8,-0.05603874999999997
GTPBP2,-0.07021875000000011
TADA3,-0.027027499999999982
PRO2214,-0.012954999999999939
RGS7BP,-0.025652500000000023
CASS4,0.005968750000000023
TAC3,0.0381725
POLL,-0.00013999999999991797
RNF41,-0.02532000000000001
COMMD7,0.05704749999999997
RBM23,0.06109750000000003
PES1,0.15943999999999992
MIRLET7BHG,-0.010685
EPHX3,-0.0425175000000001
LOC105372526,0.012613749999999924
OR10J1,-0.0011049999999999671
TSPAN18,-0.04299875000000003
DNAI2,-0.008187499999999959
SF3B5,-0.009825000000000084
UBQLN4,0.04778125000000005
VN1R1,-0.014262500000000067
DPM2,-0.024003749999999935
LOC105375527,-0.04053500000000004
C10orf62,-0.0005049999999999777
MORN1,0.0019812499999999345
PRNT,0.023026250000000137
CDRT15P2///CDRT15L2,0.011956249999999946
RPS3AP44///RPS3AP20///RPS3AP5///RPS3AP49///RPS3AP47///RPS3A,0.02137500000000009
CEP85,0.01424624999999996
ZDHHC7,-0.04539749999999998
C8orf82,0.08439499999999994
LDHA,0.032064999999999955
C14orf79,-0.0035900000000000376
CIAPIN1,-0.05155125000000005
C12orf10,-0.02914499999999992
RAB37,0.10086999999999996
RNF166,-0.031033750000000082
LOC100130642,-0.037830000000000086
LOC340581,0.022779999999999967
MYH7,-0.027358750000000043
UNC45A,-0.0956575
LOC101926975,0.008069999999999966
DNAJC17,-0.0795975000000001
TMEM98,0.04647000000000007
LOC729870,0.065915
CYP2B7P,0.14335625000000007
SEC61B,-0.014586249999999912
FCRL3,-0.08180874999999987
SHOX,0.06862874999999996
LOC101928435,-0.01723874999999997
CTB-113P19.1,-0.015496250000000045
CCDC42,-0.12746499999999994
GPR35,-0.060532499999999934
TEC,0.006024999999999947
MOK,-0.09307124999999994
NFKB1,0.16073249999999994
FXN,-6.375000000002906e-05
MARCO,0.05859249999999999
PODXL,-0.034068750000000037
BOP1,0.03177625000000006
FHIT,0.029111249999999977
LOC105372607,-0.04808624999999994
BCAR4,-0.04481125000000008
LOC101929902,-0.10766500000000012
WAS,0.034887500000000016
RUVBL2,0.11355250000000011
POM121C///POM121,-0.01581125
CEACAM4,-0.024588749999999937
ISLR2,0.052148749999999966
LINC01419,-0.016541250000000007
LOC100130394///TMA7,-0.08619374999999996
TRIP13,-0.03595249999999994
DRD3,0.08707999999999994
ECI1,0.08976625000000005
LOC91450,0.03079624999999997
OXGR1,-0.01566250000000008
REXO1L1P,-0.01300125000000002
DLSTP1///DLST,-0.021013749999999942
FER1L4,0.01622250000000003
RPS17P5,-0.04727374999999995
C1QA,-0.008612500000000023
CHST14,-0.08324250000000005
BVES,0.012617499999999948
LOC100134440///PGBD5,-0.019484999999999975
ERH,-0.00910374999999991
ILF3-AS1,-0.004451250000000073
HNRNPCL3///HNRNPCL2///HNRNPC,-0.011013750000000044
LOC100289061,0.02962999999999999
FXYD1,-0.04070124999999991
CD3E,-0.07556874999999996
LINC00339,-0.015911249999999988
CLDN15,0.20950124999999997
OXLD1,0.05608750000000001
PTCHD4,-0.03219250000000001
TNNT1,-0.2136975000000001
MBL1P,-0.1262175000000001
CCR7,-0.008231250000000023
MRPS2,-0.05074000000000001
MAP2K1,0.00179499999999988
DOC2A,0.041655
EXOSC5,0.0760937499999999
TCERG1L,0.01181124999999994
GABRA4,-0.024527500000000146
LINC00922,-0.07459750000000004
LOC100134045///TNS3,0.032787500000000025
DCD,0.0005962499999998538
GHDC,-0.02601250000000005
LY6G6F///LY6G6D,0.007876250000000029
LGR6,-0.01583749999999995
SURF1,-0.01017749999999995
RXRG,-0.0006899999999999684
CHGA,-0.012611249999999963
CAPN8,-0.01547624999999997
AQP10,0.02236125
LOC100134123,-0.014498749999999894
RPL7L1///WAC-AS1,-0.010025000000000006
LOC101928222,0.019525000000000015
LOC100134081,0.01226499999999986
P2RX7,-0.03231250000000002
HTT,0.07965999999999995
RTN4RL1,-0.002216249999999975
NAGLU,0.03599125000000003
ACHE,-0.0414675000000001
FOSL1,0.11048000000000002
HHIPL2,-0.017433750000000137
SUSD2,-0.00018249999999997435
INS,-0.047756249999999945
DAPK3,-0.12831749999999992
LOC100131414///TJP2,0.07130375000000011
NECTIN4,-0.03262000000000004
EVL,0.01544249999999997
DYNLT1,-0.06006
MARCH2,-0.15592999999999996
WDR88,-0.11215874999999992
INSRR,0.030477500000000046
LOC284950,-0.0202750000000001
ZDHHC16,-0.025926249999999984
LOC100288310,-0.0061912499999999815
MBOAT7,0.11536250000000003
C14orf119,-0.018827499999999997
PGAM1,-0.022462500000000052
RPL7AP36,0.049329999999999985
CLEC4GP1,0.10658375000000009
ZNF565,-0.01012124999999997
PTDSS2,-0.15036874999999988
FAM224A///FAM224B,0.04700749999999998
HAPLN2,-0.012672499999999975
HMGN2P46,-0.029143750000000024
EPHA1,-0.02202250000000011
KCNA1,0.05060999999999999
LINC01526,-0.005750000000000033
GPR37L1,0.1106125
SLC7A4,0.005441250000000009
IRF7,-0.06782499999999997
LOC105371046,0.014042500000000013
MTMR4,0.011683750000000048
RNF175,-0.030522500000000063
MANF,0.14347375000000007
PVRIG,0.053507499999999986
LOC654188///LOC643997///LOC440063///PPIAP31///LOC402644///LOC391532///LOC342541///LOC256374///LOC202227///LOC131691///LOC128192///PPIA,-0.02143000000000006
GBP6,0.021570000000000034
MNX1-AS1,-0.13107125000000008
TACR3,-0.05021874999999987
ST6GALNAC4,-0.11848250000000005
KIR3DS1///KIR3DL1,-0.052806250000000055
LINC00845,0.11093500000000006
SRRM2-AS1,0.12241000000000002
LINC00518,-0.021146249999999978
SMYD5,0.35863124999999996
DEXI,0.09898125000000002
KCNJ11,-0.07493624999999987
VRK2,-0.045221249999999935
PLA2G4F,-0.04810125000000004
RAD54L2,0.04360375
SEC14L3,-0.02200625000000006
VARS2///GTF2H4,-0.04110250000000004
AFAP1-AS1,0.16441499999999998
RPPH1,-0.029861250000000006
SPTBN2,0.040301250000000066
SLC25A51,0.05679624999999988
CYP21A2,-0.028301249999999945
ANXA6,0.11292874999999997
SUCLA2-AS1,-0.053697499999999954
NMNAT2,-0.004937499999999928
DCDC2B,0.054964999999999875
MGAT5B,0.05920625000000013
TOP1P2,-0.01820375000000002
CXorf65,-0.02263500000000007
LOC100131498,0.26517500000000005
XAGE3,-0.023882499999999973
CLPS,-0.04258624999999999
OASL,-0.06969500000000001
GSPT2,-0.0574262499999999
CDC37,0.06133000000000005
PTCD2,0.0065150000000000485
INHBB,0.00020500000000006624
CD40LG,0.015147500000000036
FLJ34503,-0.03821125000000003
SERPINA3,-0.03957999999999995
MCAT,0.06832125
CALCB///CALCA,0.21707625000000003
BCAS3,-0.05139874999999999
AQP8,-0.05691125000000008
LCAT,-0.05412249999999991
AP2M1,-0.027479999999999893
LOC100131178///PQLC1,-0.022119999999999918
LOC647115,-0.012833750000000033
VN1R2,-0.1263025000000001
NBEAL2,-0.06122249999999996
NT5C1A,0.05569249999999998
COX14,0.03239124999999998
SLC25A10,0.05385625000000005
NXPE4,-0.05331125000000009
NMUR1,-0.07710500000000003
TRMT12,-0.05186875000000002
CLSTN2,-0.005329999999999946
LOC619427,0.11938000000000004
ZNF543,-0.02656374999999994
ADCYAP1,-0.029148750000000057
LOC728835///CCL4L1///CCL4L2///CCL4,0.0008112499999999856
MYOG,0.014973750000000008
ZMAT5,-0.03303999999999996
LOC727893///PDE4DIP,0.07773875000000002
LOC148696,-0.03336125000000012
TPSD1,-0.12111125
PLAU,0.06650000000000011
SAXO1,0.14587125000000006
C6orf1,0.0199362500000001
FAM43A,-0.030116250000000067
CDK9,0.006661249999999952
MSANTD1,-0.056052499999999894
CCDC134,0.125965
HPGDS,0.020873750000000024
DENND5A,-0.03670749999999995
INE1,-0.009487500000000038
HTN3,-0.06832875000000005
BOK,-0.16088625
GAREM2,0.16152500000000009
LOC105372953,-0.010122499999999979
ADPRHL1,0.018263749999999912
ZNF436-AS1,0.00188499999999997
LOC101928461,-0.024749999999999994
LOC100134317,-0.011527500000000024
RBM10,0.10404374999999993
ETHE1,-0.04649000000000003
RASD2,-0.009292499999999981
C9orf57,0.013058750000000063
LOC101928429,-0.0031150000000000344
PCSK1N,-0.10963499999999993
CCDC86,-0.0809149999999999
GNMT,-0.01572124999999991
PI4KAP1///PI4KA,-0.09983624999999996
SLC22A9,-0.11768624999999988
NKPD1,0.09598499999999993
TMEM248,0.022797500000000026
HIST1H4PS1,-0.07428499999999993
CYBA,-0.10398875000000002
LINC00886,-0.06917625
ATP13A2,0.059043750000000006
HCFC1,0.10591750000000005
SNTA1,-0.11285625000000005
LOC100133684///GAS6,0.07515249999999996
TMEM266,0.04352875000000006
PIGU,0.07196249999999998
CES3,-0.08095499999999994
SLC27A3,0.0013274999999999815
BAG3,0.010035000000000072
LOC101928778,-0.0733137499999999
LZTS1-AS1,-0.08512000000000014
ADGRA1,0.003230000000000066
LOC101927958,0.10599000000000003
ANGPTL4,-0.04333750000000003
A1CF,0.020692500000000003
XAGE-4,-0.050931250000000095
MRPL54,-0.0019212500000000965
IFNL3///IFNL2,0.044396249999999915
TAPT1-AS1,-0.04182999999999998
PTPN5,0.07038500000000003
C2CD4C,0.12726750000000003
PITPNA,-0.0051775000000000015
LLGL2,0.17887499999999995
LOC441086,-0.04064499999999999
ADORA2A-AS1,-0.03286250000000007
RPUSD2,0.06729750000000001
PHEX-AS1,0.042796250000000036
CSRNP2,-0.0052274999999999405
CD27,-0.17207125000000006
MDK,0.10872874999999999
IL3,-0.007605000000000028
EDC4,-0.001001250000000009
IMPDH2,-0.029691249999999947
MPV17,-0.031159999999999966
MYOZ1,0.05239874999999994
PPY2P,-0.012842499999999923
FAM187B,0.0017887500000001166
KLHL30-AS1,-0.015957500000000013
NKX6-3,0.046656249999999955
GTF2E2,-0.007808749999999975
CLC,-0.01540375000000016
PRSS16,0.0179062499999999
SDR42E1,-0.010683750000000047
ETFB,0.05630875000000002
TUSC7,-0.07457749999999991
GCNT3,0.0024225000000000496
CLDN8,-0.07876749999999993
NPW,-0.009463750000000049
ASNSD1,0.01601000000000008
LOC100133898,-0.008588749999999978
TLR2,0.06493500000000002
NLRP2,0.10149999999999998
FABP3,-0.14777375000000004
TBC1D27,-0.20561125000000008
C19orf25,0.20784000000000014
TMEM88,0.13896124999999998
PANK4,-0.004591250000000102
TIGD5,0.05963375000000004
DCST1,0.029101250000000023
FGF8,-0.03622500000000001
ZSCAN21,-0.03525374999999997
LOC101927735,-0.006571250000000084
TOPORS-AS1,0.0362849999999999
KRT14,-0.012962500000000099
ACTL7B,-0.0036062500000000886
G6PD,-0.03926375000000004
LOC101927934,0.014100000000000001
RPS6KA1,-0.026142499999999957
ALOX5AP,-0.06176750000000003
RAMP2,-0.08506249999999999
TOMM5///SHB,0.026707499999999995
LOC102723722,-0.005733749999999926
DBH,-0.1148550000000001
IDI2-AS1,-0.02951749999999992
AFMID,0.036937499999999956
PTH2,-0.051655000000000006
CRY2,-0.030876249999999994
MYL6B,-0.04838750000000003
KEL,0.05144999999999994
RDH12,-0.015021249999999986
FNDC4,0.11087999999999992
HS3ST2,-0.016939999999999955
ZNF764,-0.07316499999999998
ATG9A,0.28222875
TMEM147,-0.138735
RAB8A,0.04006499999999996
LINC00299,-0.03774875
SAG,-0.04784125
MFAP1,0.061187499999999895
DYNLT3,-0.020509999999999973
C11orf45,-0.09430999999999995
RRN3P2,0.0015687499999998966
ITGA5,-0.002498749999999994
LY6G6D,-0.0778724999999999
TEX38,0.10158625000000004
THAP12,-0.02713125000000005
FERD3L,-0.060158750000000094
FBXO46,-0.045507500000000034
ARPIN,0.037723749999999945
ST8SIA6-AS1,-0.06981249999999994
MAFK,-0.05650749999999993
LINC01192,-0.023796250000000074
LOC285835,-0.031138749999999993
GRM2,-0.28427500000000006
ZBTB16,-0.017818750000000105
IGSF21,-0.04773749999999999
RARRES2,0.11714374999999994
HENMT1,-0.04449249999999999
LOC101929897,-0.03751124999999994
FAM221B,-0.016493749999999974
ZNF137P,0.008537500000000087
TBCB,-0.021525000000000072
MTA2,-0.1095350000000001
FAM83F,-0.0703187500000001
BCL2L12,-0.12981874999999998
EVA1C,-0.09071999999999997
SPATC1,-0.015206250000000032
SLC32A1,-0.0024500000000000632
ADCK5,0.006138749999999971
BREA2,-0.004259999999999986
LOC100132969///TMEM185A,-0.01787875
TRADD,-0.005996250000000036
C3orf22,0.010508750000000067
CTHRC1,-0.011929999999999885
ADGRE5,-0.04378624999999997
TIMM10,0.04128624999999986
LINC01141,0.15949874999999997
NAT8B,0.4984800000000001
EIF2B1,-0.015926249999999975
TMEM173,0.049221249999999994
NPHP3,0.06054750000000003
XRCC1,-0.011819999999999997
POLE2,-0.0016287500000000121
NMBR,0.014623749999999991
LOC649034///PGA4///PGA3///PGA5,0.14870125
ZNF467,0.005706249999999913
YY2,0.041039999999999965
KRTAP5-11///KRTAP5-2///KRTAP5-10,-0.09312625000000002
PUDP,0.03409625000000005
INCENP,-0.1240500000000001
LOC100133761///LOC100133432///MUC6,-0.09241500000000002
LINC01101,-0.02756500000000006
RPL3L,0.008686249999999951
KCNJ12,-0.09862375000000001
LOC145694,0.06440499999999993
LOC100132078,-0.042064999999999964
NAV2-AS2,0.0028937500000000838
CXorf67,0.02399624999999994
LOC340357,-0.018867500000000037
STAC2,0.06513250000000004
SH2D5,-0.005481249999999882
TP73,-0.15363000000000004
ESPL1,-0.01463999999999993
LGALS4,-0.012446250000000048
SERTAD1,-0.06300875
CABLES1,0.009042499999999953
RPL38,0.07663249999999994
PRAMEF13///PRAMEF2///PRAMEF1,-0.05479000000000006
SNX17,-0.08689750000000007
IGFL1,0.0880625000000001
TRPV2,-0.009048749999999994
BSN,-0.0403425
LRRC37A,-0.012882500000000019
TRANK1,-0.017503749999999985
ZNF615,-0.02435874999999993
POU3F1,-0.11755874999999993
SPPL2A,-0.0895450000000001
LOC100133441///GALNT9,-0.040228749999999924
ARRDC1-AS1,0.049084999999999934
CDH17,0.05128624999999998
ZNF205-AS1,-0.007584999999999953
TAAR5,-0.0061012500000000025
PLA2G4D,-0.09523874999999993
DKFZp451B082,0.012793749999999993
NFKBIL1,-0.027752500000000013
PMF1,0.08034499999999989
ATG4D,0.06683624999999999
SLC39A2,-0.002368749999999864
MFI2-AS1,0.004830000000000001
ARHGEF4,-0.13261374999999997
IGSF22,-0.019437499999999885
ADARB2-AS1,-0.04759874999999997
NPCDR1,-0.015372500000000122
LOC100131510,-0.06876000000000004
C14orf56,-0.011091249999999941
PAX9,0.03651749999999998
IFNA5,-0.04706125
THAP7-AS1,0.17961749999999999
NOB1,0.0444175
SNHG17///SNORA71B,0.06547625000000007
LINC00555,-0.054177499999999934
LAG3,-0.040012500000000006
TMEM120A,0.03430125000000006
CACNA1F,0.021960000000000035
RNF2,-0.014897500000000008
SULT4A1,-0.09171874999999996
LOC285692,-0.044052499999999994
EPN2-IT1,-0.06974374999999994
LOC101927467,0.04994125000000005
FLNC,-0.045578749999999946
PITRM1-AS1,0.02422624999999995
DND1,-0.08922249999999993
TAAR3,0.038658749999999964
ARHGEF1,0.012296249999999953
AK1,0.04726375000000005
CDC42BPB,-0.03837875000000002
SLC5A2,0.0014537499999999204
MGC2889,-0.07939250000000009
SIGLEC15,-0.013462499999999933
ZBTB46,-0.03039249999999999
ANKRD52,-0.07981124999999989
ZSWIM5,0.01445249999999998
LOC100133583///HLA-DQB1,-0.03104250000000003
VPS28,-0.0002749999999998587
SCAMPER,0.025841250000000038
PRG3,0.05132375
RANGRF,0.03764875000000001
FAM212B-AS1,-0.044789999999999996
LINC00842,0.049678749999999994
FAM106A,-0.01280749999999986
CBLC,0.018461249999999985
LOC100996654,-0.043899999999999884
LOC101927159,0.12617249999999997
BATF3,0.06855374999999991
WASH5P///WASH3P,-0.08160000000000006
SLC9A8,-0.03726374999999993
SLC25A19,0.045067500000000094
BTBD18,-0.02312624999999996
NXT1,-0.09120875000000006
NOP14,-0.13104125000000005
ZNF219,0.06078875
FBXL8,0.0024987499999999385
DEFB129,-0.04303499999999999
JUP,-0.003704999999999903
TEKT3,-0.02317250000000004
TMEM132D,-0.010231249999999914
KIAA0100,0.06149500000000002
KRT34,-0.10645375000000007
SCARNA17,0.15118499999999996
LINC00582,0.07773124999999997
LINC00700,-0.09212500000000001
GOLM1,-0.024153749999999974
CAPN1,-0.08098625000000004
BPIFA3,0.04474
MOGAT3,0.03282499999999988
SNCB,0.015171249999999858
NCKAP1L,-0.028266250000000104
EMC9,-0.019379999999999953
LOC101929151,-0.005975000000000119
KCNJ14,0.005684999999999996
GSX1,0.15373749999999997
VAMP1,-0.01045625
COMP,-0.021063750000000048
LYZL6,-0.04402250000000002
LOC101927787,-0.019053750000000036
USF1,-0.024963749999999896
LOC100129034,-0.04614624999999989
TCTE1,0.09529374999999995
COQ8A,-0.01912625000000001
SMTN,0.029528750000000048
PITX3,0.04497125000000002
OR2K2,-0.020875000000000032
MPHOSPH10,-0.012708749999999991
KLHL26,0.03385125
CDHR1,0.05198500000000006
TMEM63C,0.02968624999999997
MROH6,0.04864625000000006
OLFML2A,0.005672499999999969
BIRC5,-0.024839999999999973
LOC101929681,-0.004968749999999855
OR2F2,-0.02632000000000001
STOML1,-0.051258750000000075
DDIAS,-0.01218874999999997
GSTM5,-0.01341874999999998
TSSK3,-0.27844375
CPEB1,-0.026473750000000074
KCNJ2,-0.00718624999999995
POU4F2,-0.056217499999999976
MPDU1,-0.02912874999999998
WBSCR27,-0.10920249999999992
RELA,-0.023729999999999918
KLRK1,-0.15382125000000008
SLC39A1,-0.02205625000000011
CRYBB3,0.08319624999999997
SSTR3,0.05338375000000001
TMEM53,-0.026190000000000102
FAM205A,0.0474
LOC100129890,-0.02601000000000009
ADAP1,0.36276625
PHLDA3,-0.03687499999999999
KLHDC4,0.02136125
NEUROG3,-0.005941249999999898
TMEM207,0.054260000000000086
PRM2,0.13034124999999996
SAMM50,-0.15988249999999993
LOC286071,-0.006868749999999979
OR2B2,-0.07995124999999992
ANXA10,-0.12496250000000014
C2orf42,-0.007694999999999952
LOC221946,0.019558749999999903
LINC00687,0.017877500000000046
MYH4,-0.012111250000000018
MAFF,-0.005142499999999994
NR3C2,-0.06289750000000005
NUMBL,0.0023037499999999933
CD14,-0.0013937499999999159
NAGS,-0.05237625000000007
LOC102723927,0.016623750000000048
ASCL5,-0.08734125000000004
RAB34,0.00626874999999999
PTOV1-AS1,-0.05443500000000001
ABCG2,0.01199125000000012
GRASP,0.14318375
MED15,0.12810000000000005
LINC00382,-0.021006249999999893
HCAR3,0.027373750000000086
AKR1C6P,-0.004621249999999966
PYGO2,0.17102374999999992
GALK1,0.09993000000000002
C8orf74,0.007446249999999988
OR7A17,0.24759624999999996
ZNF295-AS1,-0.002746250000000061
OPALIN,0.10148499999999994
HLA-DPA2,0.006589999999999985
ASGR2,-0.013062500000000032
HAS1,0.16579875
CBR3,-0.07861625
LOC150051,0.06261750000000005
ZP4,-0.004063749999999922
COPS7A,-0.03359374999999992
DHCR24,-0.03402250000000007
ATP6V1G2,0.017864999999999964
LOC285627,0.10463624999999988
GSC2,-0.01129500000000011
MAN2B1,-0.06597000000000003
ADGRG4,-0.04082875000000008
LINC01210,-0.03388749999999996
SLC22A12,-0.23653499999999994
ZXDB///ZXDA,-0.009751249999999934
ANXA2P1,-0.020422500000000066
BCAP31,0.14324874999999998
CIDEA,0.13687124999999994
GPRIN2,0.028775000000000106
LINC01069,-0.05543500000000001
NAT6,0.000283749999999916
C12orf56,-0.021566250000000065
NDEL1,-0.003862500000000102
SERPINA9,-0.031835
ARPC1A,0.014207499999999984
MRM1,0.03393874999999996
LOC731484///DIS3L2,0.007982500000000059
PCYT1B,0.0026912499999999784
NDUFB10,-0.003548749999999934
HDHD3,-0.07287750000000004
MLNR,-0.02819250000000001
C7orf43,0.04497499999999999
UPP1,0.08906999999999998
UCA1,-0.07427375000000008
GLIS1,-0.004348750000000123
NPLOC4,-0.025508750000000024
UTS2B,-0.008068750000000013
DPF2,0.004079999999999917
LOC100134142///FAAP20,-0.001111249999999897
CELSR2,-0.006291250000000026
LOC90784,0.003815000000000013
FOXP4-AS1,-0.01823375000000005
LALBA,0.01662874999999997
HNRNPUL2-BSCL2///HNRNPUL2,0.012644999999999906
NUBP2,-0.03919125000000001
TSPAN3,0.039096249999999944
NFYC-AS1,-0.012161249999999901
RAB25,0.0020100000000000673
COX7B2,-0.016357500000000025
LINC01516,0.02064624999999992
C15orf56,0.08165625000000004
PRODH2,0.054041249999999985
LOC646865,0.003935000000000077
GRIP2,0.02795999999999993
TFEB,-0.10133000000000003
LOC101928626,0.05928125000000012
LPAR2,-0.030601250000000135
LINC00605,0.24787499999999996
HOXA5,0.011344999999999994
LZTS3,0.08359749999999999
TTTY7B///TTTY7,-0.01700625
CHRNB1,-0.01531624999999992
CPA3,0.02179375
SDHDP2///SDHD,-0.030767499999999892
NAXE,-0.07025875000000009
LCE1B,0.042940000000000034
CLDN5,-0.027776250000000058
LINC00909,-0.007036250000000022
SLC46A3,-0.14089624999999995
ZBTB48,0.007052500000000017
HTR1A,0.023570000000000035
RPS8P10///RPS8,0.05383874999999999
GPR156,0.03559250000000008
ZNF29P,-0.005396249999999825
CCDC54,0.017646249999999974
GOT2,0.12736874999999992
COL6A6,-0.028136250000000085
CRISPLD2,-0.06772249999999996
LOC100134331///IGHG1///IGHD///IGH,-0.02026625000000004
PLEKHJ1,-0.09677625000000012
CENPVL1,0.06927125000000006
ABHD15,0.02683125000000003
FAM122A,0.01531374999999996
MGMT,0.005099999999999882
LOC100653233,0.014185000000000003
SPINT1,0.06832374999999996
MDC1,-0.009407500000000069
RNASEK///C17orf49,0.013353750000000053
UQCC3,-0.04895749999999999
DLG3-AS1,-0.027932500000000027
MIF-AS1///MIF,-0.15600125000000004
SLC2A14///SLC2A3,0.09953250000000002
TERF2IP,-0.01811999999999997
ACAP3,0.04326500000000005
ASMTL,0.03078625000000007
ZNF805,-0.00866374999999997
FOLH1,-0.018562500000000093
CPA4,-0.04345125000000011
KLHL40,0.21032125000000002
LOC100132304///LINC00684,-0.04646750000000005
AWAT1,0.00670874999999993
ZBED2,-0.09905750000000002
ZNF418,-0.016098749999999995
B3GNTL1,0.022531249999999947
LOC105370888,0.23335625
LINC01233,-0.005193749999999997
TMEM42,0.045241249999999955
TULP2,0.01416125000000007
TP53TG3B///TP53TG3,0.05297625000000006
QPRT,0.14265749999999994
ABHD16A,-0.032536250000000155
TTC6,-0.017717499999999997
NKAP,-0.06699250000000001
GEM,-0.0534400000000001
UBE4A,-0.01390250000000004
HOXB1,-0.019279999999999964
KRT75,0.005001250000000068
CCNT1,0.009347499999999953
DGCR12,-0.01964374999999996
TMEM216,0.06553124999999993
AHSA1,-0.05528124999999995
ARF5,0.06443249999999989
EEF2K,-0.06507125000000008
C1QTNF4,0.11512124999999995
LINC00163,-0.04035000000000005
ABHD4,0.16082750000000007
CYP27B1,-0.04913124999999996
ZNF512,0.004501250000000068
ANKRD34A,-0.030816249999999934
CILP2,-0.010216249999999927
CPA2,-0.014126250000000007
SCO1,-0.011042499999999955
RPS6KB2,0.21815875
LIN7B,0.11100374999999996
BPIFB6,-2.250000000009189e-05
PARP4,0.04119250000000013
PI4KAP1///PI4KAP2///PI4KA,-0.06046000000000007
TAS2R40,0.03442875000000006
PRDM7,0.034307499999999935
PSMD1,0.016888749999999897
CPLX1,-0.06555250000000007
CCL22,0.12632125
FLJ20021,0.25008375000000005
CADM3-AS1,0.0028837500000000182
KLHDC8B,0.02845249999999988
OXER1,0.07994124999999996
ANP32C,-0.022675000000000056
LOC642620,-0.04277749999999991
C7orf13,-0.03454750000000012
TCEB2,-0.00671250000000001
SYN1,0.025685000000000013
SH3D19///RUNX1,0.16022875000000003
TMC4,-0.0805800000000001
MDS2,-0.003682499999999922
MRPL46,0.061514999999999986
KRT8P12,0.2539487499999999
GPR62,0.015421250000000053
LOC100133471///MED15P9,-4.625000000013646e-05
SPINT2,-0.04595874999999999
LOC101926962,-0.10611250000000005
FAM182A,-0.023515000000000008
NKIRAS2,-0.014306249999999965
LINC01056,-0.017301249999999935
SCGB1D2,0.008737500000000065
SHC3,0.01265375000000002
HS3ST6,0.02482499999999993
CXorf40A,0.018688750000000087
OR10A5,-0.05006624999999998
RPN2,-0.03154250000000014
GLB1L2,0.07364000000000004
USP40,0.07191000000000003
SLC25A39,0.006355000000000055
BABAM1,-0.045545
MC1R,-0.019114999999999993
LOC401068,-0.04011500000000007
MADD,0.10009500000000005
SIX2,0.10647124999999996
GPX1,-0.05790624999999999
ERV3-2,0.04724125000000007
TRIM54,0.0708137499999999
LOC339298,0.08122750000000001
CLCF1,-0.008610000000000007
DHRS7B,0.08947374999999996
NR5A1,0.07004750000000004
DMRTA1,0.06465999999999988
DENND3,-0.04737249999999993
SNRPB,0.02458249999999995
NLRP6,-0.015181249999999868
LOC101928760,0.02314124999999989
CYB5R4,-0.002536249999999962
LOC100507468,-0.01807000000000003
SIGIRR,-0.04896999999999996
POLR2L,-0.03010750000000012
CST6,-0.012135000000000007
FCN3,-0.09050750000000002
NTHL1,-0.06272749999999994
IL22RA1,-0.014827499999999882
UPF1,-0.03052749999999993
LOC100134495,-0.039072499999999954
OR2J1///OR2J2,-0.022732500000000044
DGAT2,-0.010601250000000007
ALDH3B2,-0.021499999999999908
ACP5,0.03829250000000001
TACC3,-0.01889250000000009
CLN3,-0.10188750000000002
LOC105371401,-0.04539125000000005
ST8SIA2,0.10798000000000002
XRCC3,0.022250000000000103
VPS18,-0.005288750000000009
LINC01296///DUXAP10///DUXAP8,0.05891000000000007
ALKBH2,0.14099374999999992
MRPS34,0.06712625000000005
ARHGEF25///SLC26A10,0.030128749999999926
KCNE1,-0.052154999999999896
LOC283435,-0.0018187499999999246
ACADS,0.14393875000000006
SLC7A11-AS1,0.0053774999999999795
ZNF662,0.038367500000000165
PACSIN3,-0.15490125
KIF19,-0.1418387499999999
SCRN2,0.025983750000000083
LINC01158,-0.013052500000000078
LOC101928280,-0.01425999999999994
KRTAP4-6,-0.02778124999999998
LOC157931,0.0945362500000001
CACNA1B,-0.07057249999999998
IFNGR2,-0.014934999999999976
LOC651198,0.08553624999999998
LOC101928813,-0.07312374999999993
PDGFB,-0.05418500000000004
SMDT1,0.02440500000000001
URB2,-0.016021250000000042
PXT1,0.0032137499999998487
LOC101928132,-0.010288749999999847
FN3KRP,0.024573749999999894
CSH2,0.03244375000000005
ZNF32,0.03679874999999999
PNPLA7,-0.12341750000000001
GJA10,-0.01203624999999997
ANKRD42,-0.015060000000000018
NTRK1,-0.04033124999999993
EPHX2,0.04404374999999994
TBKBP1,0.10958000000000012
IBA57-AS1,-0.04720625000000006
PLEKHA4,-0.07086625000000002
SLC18A1,-0.05305749999999998
DNAAF3,0.006517499999999954
NDUFAF3,0.06623624999999994
IP6K2,-0.019070000000000087
RAB20,0.008799999999999975
VILL,0.024562500000000043
PTCSC1,-0.08570500000000003
SMARCD2,0.05741750000000012
SLC22A31,0.030682500000000057
ZSCAN31,-0.026754999999999973
DPEP2,-0.09973000000000004
ERICH6,0.008377500000000093
GUCA2B,-0.0022087499999999816
INSL3,0.009716249999999982
TSPY1,-0.001201249999999876
LOC284240,-0.10808749999999995
LOC100131226,0.015384999999999982
LOC100131819,0.005843749999999981
NPAP1,-0.02503250000000007
LOC100134711///LOC100132740///STAG3L2///STAG3L3///STAG3L1,-0.015643750000000067
UCP1,-0.008606249999999982
SULT1A1///SULT1A2,-0.04172249999999994
TBC1D28,0.030122499999999997
TRPC2,-0.006957500000000061
EMC6,-0.02775749999999999
ADAM15,-0.049815000000000054
NDUFB9,-0.019818749999999996
BEX3,0.03809625
PINX1,0.14378874999999997
OR2H1///OR2H2,0.07887500000000008
DNM1P46,0.15535999999999994
DMRTC2,-0.03587624999999994
TREM1,-0.045104999999999895
RHOD,0.034093750000000145
C9orf24,-0.0069350000000000245
EXOG,-0.049958749999999885
BTG2,-0.009603749999999966
MYL3,-0.03796749999999999
KCNAB3,0.11728875
LCAL1,-0.0774225
TEX35,0.01822249999999992
MSTO2P///MSTO1,-0.011512500000000037
CHEK2,-0.02769125000000011
LOC339685,0.022786250000000063
LOC100505564///DEXI,0.043446249999999964
KRT6B,-0.051419999999999966
SSBP4,-0.12077874999999999
NISCH,0.019942500000000085
RPS2P35///RPS2P5///RPS2P12///RPS2P29///RPS2P48///RPS2P20///RPS2P18///RPS2P21///RPS2P8///RPS2P17///RPS2P11///RPS2P55///LOC148430///RPS2,-0.01023124999999997
UQCRC1,-0.008611250000000015
CD3EAP,-0.004161249999999894
LOC284080,-0.07230124999999998
C3orf56,-0.008297500000000069
LRRC20,0.11568
NPHP4,-0.09439249999999993
TMEM40,-0.019436250000000044
LAMP3,-0.03629500000000008
SHANK2-AS3,-0.017390000000000017
PSMA4,-0.01807375000000011
LINC00608,-0.008558750000000004
YTHDF1,-0.0624249999999999
PDE2A,-0.030188750000000042
REM2,0.014252499999999946
SEC31B,-0.12380625000000006
HAGHL,0.3857249999999999
LOC100133197///PDXK,-0.015548749999999945
PRRX2,0.08544374999999998
LOC147343,0.13286374999999995
TEPP,-0.05130375000000004
LINC00523,-0.058853750000000093
COG1,-0.012367500000000031
PNPLA5,-0.04877749999999992
HIST1H3D///HIST1H2AD,0.03736375000000014
SSUH2,0.009237500000000065
ATP13A1,0.09590500000000002
NME6,0.02835125000000005
C1orf105,-0.041266250000000004
KRTCAP2,-0.03022125000000009
DGAT1,0.042386250000000014
FAM90A1,0.05620375000000005
LOC101929872,-0.014836249999999995
PDCL3,-0.09520250000000002
TMEM126B,0.0067550000000001775
PABPC1///PABPC3,-0.07490249999999998
WFDC6///EPPIN,-0.05516749999999998
LBX2-AS1,0.0305975
CITED1,0.06733375000000008
LOC100131581,-0.05792250000000004
COL11A2,0.0458174999999999
MCRIP2,0.07447875000000004
TNMD,-0.0067312500000000774
SLC29A4,0.04101499999999991
LINC01123,-0.03013125
LRFN1,-0.020758750000000048
POLR2J3///POLR2J2///POLR2J4,0.11856374999999991
LONP1,-0.004575000000000051
EXTL3,0.004433749999999903
C1orf100,0.028622499999999995
FSHR,0.053248749999999956
LOC100133459///NBPF10///NBPF8///LOC727908///AE01///NBPF9///NBPF15///NBPF11///NBPF12///NBPF1///NBPF14,-0.01841124999999999
PSMD13,0.02369249999999995
ARHGEF7-AS2,-0.017858750000000034
SYNGR4,0.031464999999999854
PMM1,-0.0070649999999999324
PALD1,0.017930000000000057
ZNF383,0.037006250000000074
GPRC5A,0.04214000000000012
SLC22A25,-0.15936374999999992
CCL27,-0.03445499999999996
CLCN6,0.0074387500000000495
CPLX2,0.00470749999999992
DUS1L,-0.0519425
CDIP1,-0.09420624999999999
TBC1D2,0.0015287499999999676
COTL1,-0.037982499999999975
FAM86B1,0.025197499999999873
LOC101928069,0.006606249999999925
PGLYRP3,-0.011863749999999895
LOC105370697,-0.051419999999999966
SCGN,0.06397499999999995
MYRF,-0.03139999999999987
FOXP1-AS1,0.009059999999999957
CD3D,0.04903249999999992
TMEM79,0.022098749999999945
HIST1H3I,0.023171250000000088
SNORA17B,0.00278624999999999
GPA33,-0.01339250000000003
NPHS2,-0.00018625000000005443
KRT84,0.11385
C3orf49,-0.026268750000000007
NKAIN1,0.02914
AVPI1,-0.011272499999999963
TRRAP,-0.0022437500000000443
B3GALT6,0.08887875
LRGUK,-0.03106625000000013
LINC00240,-0.022580000000000044
STH,0.134855
HHATL,0.07297999999999999
ANKRD16,0.21416625
LINC00176,-0.07487249999999995
CDC20,-0.02983374999999988
FAM156B///FAM156A,-0.01397749999999992
LOC101927606,0.013371249999999946
C12orf57,0.08495749999999996
TRIAP1,-0.07560875
LOC101928894,0.11633874999999994
IP6K3,-0.029387499999999955
SGK223,-0.04578124999999994
ODF3L1,0.138465
NIPA2,-0.09737749999999995
TPRXL,0.10308124999999996
MARCH10,0.037471249999999956
AGAP5///AGAP9///AGAP11///AGAP4,0.030203749999999918
OPRD1,0.053456249999999816
ZC3H3,-0.007354999999999945
DEDD2,0.018078750000000032
LOC100131311,-0.007791250000000027
ATRAID,0.032135000000000025
TTLL9,-0.10944750000000009
LINC00641,-0.0542125
PHYHD1,-0.05973875000000012
BTN2A3P,0.10292625000000005
REXO4,0.037521249999999895
ICAM2,-0.013092500000000173
MMP9,-0.01342874999999999
PLEKHM1P1///PLEKHM1,0.02987249999999997
CTRB1,0.026487499999999997
ZIM2///PEG3,-0.08199875000000006
HIKESHI,-0.02169500000000002
SEMA5B,0.011057499999999998
SP140L///SP140,0.0024787500000000295
ZNF541,0.018197499999999922
C1orf111,-0.006547500000000039
TBCC,-0.08290249999999988
BHLHA15,-0.02416750000000001
LOC100128551///ZDHHC14,-0.006113750000000029
F12,-0.034868750000000004
KREMEN2,0.1117162499999999
SNORA17B///SNHG7,-0.040698749999999895
TRPV4,0.2531475000000001
LOC100131861,-0.002228750000000057
FANCG,-0.01575124999999994
GMFG,0.11099375
ADAMTSL5,0.0041599999999999415
PRKAG3,0.10828624999999997
WNT10B,0.14401500000000006
APTR///RSBN1L,-0.024341250000000036
LRRC45,0.06761374999999997
SEPN1,0.15098249999999996
LOC101929486,0.031613749999999996
SLIT2-IT1,-0.007880000000000054
SELENBP1,0.01534999999999992
MED22,0.034144999999999925
RPL29P11///RPL29P4///RPL29,0.03650999999999993
CHD8,0.007610000000000061
TARP///TRGC2,-0.0073425000000000296
NALCN-AS1,-0.10833124999999993
CCDC74B,0.42356749999999993
RETNLB,0.04785750000000005
SDC4,0.11924000000000001
RBMS1,0.07974874999999998
HOXD8,0.023831249999999915
FAM13A-AS1,-0.022786250000000008
VOPP1,-0.002016249999999997
MMEL1,0.14081125
LOC439951,0.007627500000000065
TNF,0.003796250000000001
NAT10,-0.04502500000000015
SELM,-0.04164749999999995
C17orf50,0.01752625000000002
LOC100133773///RPL21P80///RPL21P87///RPL21P37///RPL21P18///RPL21P16///RPL21P14///RPL21P134///RPL21P45///RPL21P119///RPL21P93///RPL21P98///RPL21P82///RPL21P46///RPL21P61///RPL21P69///RPL21P19///RPL21P62///RPL21P29///RPL21P44///RPL21P39///RPL21P97///RPL21,0.03773500000000002
MAST1,-0.05223875
CLK2,0.08541000000000015
NOXO1,0.03881249999999997
TRIM28,-0.0945375
PAX2,0.06848750000000003
RPS5,-0.01738499999999993
SNHG15,0.027833750000000157
KMT2A///AFF3,-0.016903749999999995
GLIS2,-0.05550499999999997
FLI1///EWSR1,-0.06053999999999998
TNNI1,-0.0414525
FAM189A2,-0.01963500000000007
KIR2DL5A,-0.026578749999999984
PRR23D2,0.0023762499999999687
ZNF223,-0.06848750000000003
LOC648232,-0.12616500000000008
CTAG1A///CTAG2///CTAG1B,-0.03281374999999992
ASNA1,0.09528999999999999
LAGE3P1,0.40190499999999996
PYGM,-0.00720624999999997
FGFR3,0.014499999999999957
LOC100129380,-0.10598374999999993
ELOVL3,-0.03608000000000011
NINJ2,0.027892500000000042
GPR15,-0.045335000000000125
MC3R,-0.0016400000000000303
DXO,-0.04629624999999998
SHISA8,-0.03620249999999997
OR2L1P,-0.02434499999999995
ATAD3C///ATAD3B///ATAD3A,0.09376000000000007
ABCA7,-0.06771499999999997
CENPM,0.00838625000000004
LINC00673///LOC284072,-0.008554999999999924
GGT2///GGTLC3///GGTLC1///GGTLC2///GGT3P///GGT1,0.04525125000000002
C11orf84,-0.005975000000000064
MSRB1,0.06273625
ANAPC15,0.02916000000000002
TRMT5///HMGN2,0.00037874999999998327
STK16,0.11550124999999994
TPRA1,-0.032683749999999956
JAML,-0.15741875
VPS37C,-0.02122875000000002
C1QTNF5///MFRP,-0.009893749999999979
SNRNP25,0.06660749999999999
NT5M,-0.015438750000000001
PTGES,0.03776874999999991
TMSB15B,-0.02310249999999997
GDF9,-0.033402499999999946
LOC388780,-0.03169250000000001
SIGLEC5,0.0028900000000000037
SAYSD1,-0.05507625000000005
LYSMD1,-0.11816749999999998
LAMB2P1,0.09634000000000004
GGA3,0.13865624999999998
IGKV1OR2-118,0.37881124999999993
CDK20,-0.0398487500000001
XBP1,-0.01307750000000002
KIAA1614-AS1,0.012415000000000065
DKFZp434E1119,0.07987875
LINC00851,0.024827499999999947
TEKT4P2///LOC728312,-0.032061249999999986
IFI30,0.001537499999999914
CUEDC2,0.0449024999999999
CRABP1,0.017504999999999937
ARMC7,-0.12104875000000004
OTUD7A,-0.03580999999999995
LOC100132057,-0.05124374999999992
TUBG2,-0.019233749999999883
NGEF,-0.07491375
LOC101929007,0.06287999999999999
CDKN1A,0.05375374999999982
TMEM55B,0.02810999999999997
ABHD14B,0.027586249999999923
LOC647954///KRT8P9///KRT8P45///KRT8,0.017520000000000036
OR52A1,-0.01486624999999997
CCR3,0.028596250000000045
ATP6V0E2,0.01557000000000014
TNIP2,-0.0496775000000001
FBXW9,0.07699250000000007
ZNF354B,0.013317499999999982
STK32B,-0.13030874999999997
TKTL2,-0.015788749999999907
KARS,-0.008183750000000045
TAS2R39,-0.07592624999999992
DSCR9,0.16246
LDHAL6B,-0.016592499999999955
USP19,0.06707499999999994
GAS8-AS1,-0.04649125000000004
LYZL4,0.0025887500000000285
PALM3,-0.030508749999999973
CEP83-AS1,0.051298750000000115
TSSC1,-0.06118624999999994
HBM,-0.07406499999999988
ACD,-0.046513750000000076
LINC00658,-0.012913749999999946
LOC100131662,0.19989249999999992
SHROOM4,-0.029384999999999994
MYOM1,-0.1007825
LOC283737,-0.003129999999999966
LINC01271,-0.02526125000000007
IER2,0.033232500000000054
ODF1,0.011227499999999946
LOC100131043,-0.0006324999999999803
MMP12,-0.016833749999999925
SUGT1P1,-0.009577500000000017
ARMC12,0.09899125000000014
CRELD2,0.024834999999999996
TM4SF5,-0.017577499999999968
SLC15A3,0.033996250000000006
LOC286058,-0.017325000000000035
LOC100130494///PPIEL,-0.007500000000000007
ACPT,0.0559675
RNF215,0.053821250000000154
P2RY4,-0.007523749999999996
SLCO4A1-AS1,0.11954999999999999
LRIT1,0.04412999999999995
DNHD1,0.04714499999999999
CHRNA2,0.026702499999999962
MRPL12,-0.034227499999999966
SPNS1,0.18321499999999996
FAM168B,-0.12424875000000002
RAB38,0.05778624999999998
LINC00954,-0.06879125000000003
CNDP1,-0.0002649999999999597
ATP5I,-0.06358874999999992
SMYD4,0.11714625000000001
PCDHGA12///PCDHGC3,0.0043300000000000005
CRYAB,-0.02087625000000015
DEFA4,-0.014027500000000026
LOC100134333///LOC100130525///KIAA0895L///EXOC3L1,-0.053663750000000066
SNORD123,-0.006747499999999962
OR7E19P,-0.11662999999999996
IGSF11,-0.007222500000000076
PGC,0.007976250000000018
LOC100129656,0.08327125000000007
PADI3,-0.09819000000000006
LOC440570,0.014648749999999933
FAN1,-0.016404999999999947
C11orf68,-0.07169749999999991
LOC100507281,-0.10414625
ZNF584,0.10543124999999987
FOXI1,-0.03445875000000004
LOC100129617,0.035788750000000036
FBXL6,0.006063749999999979
KLK5,0.026590000000000003
TPK1,-0.07373125000000003
PXN,-0.0051274999999999515
KRT33B,0.06928625
GRK1,-0.0023037500000001043
HLA-DMA,0.06547125000000004
NBPF10,0.011263749999999961
HP11014,0.00198500000000007
FLJ13224,-0.01791750000000003
CACNB3,-0.023548749999999896
PCBP3,-0.009938749999999996
CCDC96,-0.07475625000000008
RP1L1,-0.010782499999999973
ARIH2OS,-0.030016249999999967
UBTD1,-0.021347500000000075
RBPMS-AS1,-0.09703
KIR3DL1,0.07398250000000006
LOC728613///RGS8,-0.03585000000000005
EPHX1,0.0009887500000001492
SULT2B1,-0.047266250000000065
INO80E,0.02573874999999992
TEX14,-0.010856250000000012
MFSD5,-0.027842500000000103
GML,0.06904374999999996
MTNR1B,-0.02959250000000002
FAM101A,-0.11456000000000005
LY6D,0.008589999999999931
C22orf42,0.1640999999999999
HSPB3,-0.018027500000000085
HPR,0.008581250000000096
C1orf35,-0.034776250000000064
POU3F4,0.18214999999999992
LOC283045,-0.060002500000000014
ATAD3C///ATAD3A,0.01661875000000007
TTTY2B///TTTY2,-0.0088224999999999
HERC2P8,-0.07079124999999992
EFEMP2,-0.006666249999999985
FNDC11,-0.05266500000000007
OR7C2,-0.0048037499999998845
SAP130,-0.013786249999999889
CAPN6,-0.02900750000000002
FAM215A,-0.03774875
WBP2///UNC13A,-0.009679999999999911
USP2,-0.0011762499999999898
LOC100128663,-0.07592750000000009
INHA,-0.061092500000000105
LOC101928727,-0.024577499999999974
ADH1A,0.06269125000000003
CRYL1,-0.016528750000000092
CLEC2L,-0.14726
LY6G5B///CSNK2B,-0.04174875
BMP8A,-0.11688499999999996
TNFAIP2,0.017992499999999967
CD1A,0.013777499999999998
AP1M1,-0.02447374999999996
LOC100133513///C20orf166-AS1,0.32890749999999996
SUMO2///SUMO3,-0.013433750000000078
SMPDL3B,0.011380000000000057
CHIAP2,0.0027137499999999593
KRT77,-0.04941999999999991
RTP5,0.14702249999999994
PSRC1,0.09266625000000006
PPME1,0.12887374999999995
CCM2,-0.08491375000000007
LOC728011,-0.1030275
UNC5B-AS1,-0.021447500000000008
TYK2,0.11560374999999995
TANGO6,0.1967325000000001
SPG7,-0.009226249999999991
OR8D2,0.03803499999999993
GPR84,0.016782499999999978
LOC101928304,-0.07192124999999994
TMPRSS4,-0.02911999999999998
LBP,-0.009850000000000081
ZBTB22,-0.015612499999999974
METTL12///SNORA57,0.023427500000000046
SLC22A11,-0.047242499999999965
CFAP45,-0.03402125000000006
FOXQ1,-0.05785374999999998
CHAT,-0.05966625000000009
ZNHIT2,0.003017500000000062
P3H1,-0.046351250000000066
SERPINA6,-0.060525000000000106
ST7-AS1,0.0035075000000000522
HAPLN4,0.040552499999999936
MUC17,-0.006122500000000031
SLC39A4,0.06142125000000004
GNLY,-0.026377499999999998
ATXN7L3,-0.0023812500000000014
MS4A6E,-0.03986624999999999
PRR22,-0.01986250000000006
CTNNBIP1,-0.040842500000000004
STRN4,0.022928750000000053
SLC8B1,-0.02613500000000002
E2F6,-0.007264999999999966
DKFZp779M0652,-0.002806250000000121
LOC100129500,0.23403124999999997
VAT1,-0.041858750000000056
ALDH3A1,-0.06202750000000007
RASIP1,0.08832625000000005
ZNF733P///ZNF727///ZNF479,-0.021287500000000015
IGLJ3///ARFRP1,0.14738250000000014
CYS1,-0.003591250000000046
LOC100128325,0.00998249999999995
KCNK4,-0.016282500000000033
CEBPA,0.007083749999999944
DERL3,0.14406625000000006
TONSL,-0.03605124999999998
PTH2R,-0.021789999999999976
MXRA7///LINC01105,0.02334749999999991
LOC101929188,-0.007991249999999894
LOC93429,0.049788749999999826
LOC101928475,-0.04491500000000004
TXNRD3,-0.07240375000000004
FFAR3,-0.0027937499999999282
CBLN1,-0.010427499999999978
GPR171,0.0010324999999999918
C1orf132,-0.011019999999999974
SPATA31E1,-0.0076525000000000065
RPL7AP9,-0.04961625000000003
NEFH,-0.019060000000000077
PNP,0.0027349999999999874
SERPING1,-0.08590624999999996
PPBPP2,-0.023857499999999976
LOC149373,-0.08381375000000008
FICD,-0.010596249999999918
LOC101929538,-0.006181250000000027
C1QTNF3,0.0366225
SMIM10L2A///CT55,-0.031113749999999996
OR51M1,-0.01857624999999996
LOC100130987,-0.042162499999999936
SLC25A1,-0.058302500000000035
OR10C1,-0.049468749999999895
DGCR6L,0.11221250000000005
HMBS,-0.005642500000000106
METTL21C,0.03776500000000005
IRGC,-0.02544875000000002
BTBD17,-0.07234874999999996
TRIM78P,-0.003342499999999915
NPBWR2,-0.03661125000000004
ZBTB45,-0.010734999999999995
TSPEAR-AS2,0.1518699999999999
ALOX12,-0.018283750000000043
CDR2L,-0.07949624999999988
PRMT5,-0.10729875
NOTCH2NL///NBPF14///NOTCH2,0.010393750000000035
PPP1R14D,-0.008666250000000042
PHYHIP,-0.050791249999999954
LOC648390,-0.19235750000000007
SIPA1,-0.04106375000000001
E2F4,-0.029946250000000063
UBA52,-0.04959750000000002
DRAM1,0.013885000000000147
PCYT2,0.020431250000000012
S100A2,0.03537499999999999
ST7,-0.006502500000000022
TMEM179,0.00293250000000006
FZD2,-0.02153499999999997
PRR7,0.022924999999999973
GMNC,-0.030666250000000006
THRA,0.013456250000000003
MCU,-0.008351250000000143
PBX4,-0.03163000000000005
LOC284112,0.002731249999999852
CAPNS2,-0.08489749999999996
OR3A3,0.07479374999999994
NYAP2,-0.028802500000000064
IER5L,-0.12082374999999995
MFAP4,0.014284999999999937
CCS,0.13061250000000002
YIPF3,-0.025891249999999977
ZNF468,-0.015197499999999975
SDSL,-0.13183874999999995
PLA2G2E,0.019921250000000057
CRACR2B,-0.04300999999999994
TINCR,0.004171249999999849
SH3GL1,-0.07150999999999996
FAM184B,-0.029708749999999895
ACTN3,-0.04033999999999993
RAP1GAP,-0.10262625000000003
NDUFS7,0.07085499999999995
C2orf27A,-0.022374999999999978
OR52D1,0.10607250000000001
SERPINA4,-0.007161249999999952
LINC00319,0.06650249999999985
RNF185,-0.006374999999999964
RPA2,-0.01364500000000013
DDX47,-0.015465000000000062
TSPO2,0.04724499999999998
FCGR1A,-0.05713750000000001
HES5,0.06975125000000004
LOC100505622,0.06949874999999994
DOLPP1,0.008000000000000063
THEMIS2,0.04282249999999993
LRRN4,-0.010590000000000044
XPC,-0.031126249999999966
NFKBIE,-0.0034924999999998985
FITM2,0.004811249999999989
ARHGAP45,0.027887499999999954
THOP1,0.031368750000000056
PSKH2,-0.06673875000000001
ISL1,0.008306249999999904
LOC101929752,-0.021912500000000057
CR1L,0.005172499999999969
ADPRHL2,-0.10306750000000009
AHRR///PDCD6,0.03776875000000002
TGM4,-0.022501250000000084
LOC100128499///FAM217A,-0.000353749999999986
LOC100129041,-0.010228750000000009
LOC100130979,-0.08821999999999991
WDR54,-0.0021725000000000216
POLR3D,5.551115123125783e-17
SOAT2,-0.016036250000000085
ABCF1,0.0973662500000001
KCNN4,-0.013279999999999959
SNAPIN,0.0016699999999999493
VGLL4,-0.04936875000000002
TBX19,-0.030511250000000045
C12orf49,-0.011992500000000017
TCTEX1D2///TM4SF19,-0.023458749999999973
WBP1L,-0.01796125000000015
CPNE5,0.07364749999999992
KRBA1,-0.0012125000000000608
FLJ23867///QSOX1,0.03485499999999997
ZNF324B,-0.00913374999999994
GNPDA1,-0.05540500000000004
SEPT10P1,-0.007168749999999946
LINC00174,-0.018042500000000017
FAM127C///FAM127B,-0.014784999999999993
PCDHGA9,-0.010567500000000007
CD177,0.015446250000000106
KRTAP9-4,0.011791249999999975
TSGA13,0.12723625
WBSCR23,-0.11206750000000004
HCCAT5,-0.06395374999999986
RABGGTA,0.023356249999999912
DEFB1,-0.011672499999999919
CIT,-0.020756249999999976
ELSPBP1,-0.012004999999999988
AVPR1B,0.06413249999999993
AOC2,-0.012866249999999968
OMP,-0.25206375
TLR9,0.040036249999999995
BRINP2,-0.08182000000000006
SLCO4A1,0.1167287500000001
PARP3,-0.056287500000000046
SDHA,0.04840749999999999
CDIPT,-0.002559999999999951
CHRNG,0.021591250000000006
TH,-0.1312649999999999
LGALS9,-0.01888749999999989
AARSD1,-0.09629874999999993
PAPSS1,-0.009694999999999954
DYNLL2,-0.11712125000000007
LOC100129286,-0.022483750000000025
LOC100131144,0.01719625000000008
LOC400568,-0.05509125000000009
TCEAL3,0.046070000000000055
C8orf60,0.010021249999999982
RPL18AP3///RPL18A,0.12351499999999999
LOC100133177///LOC100131975///LOC100130914///LINC01347///LOC729660///LOC729218///LOC728417///LOC728105///LOC643670///GTF2IP20///LINC01000///LINC00999///LINC00265,0.02034250000000004
HSAJ2425,-0.00653624999999991
LOC107984534,-0.00920125000000016
LOC102725022,0.10140750000000004
TAS2R1,0.10552499999999992
LINC01165,0.02000750000000001
AMZ1,0.017967499999999914
PNCK,0.0540162500000001
DECR2,-0.01831499999999986
MIER2,-0.003503749999999972
HARS,0.02251499999999995
FLJ44896,-0.07647749999999998
MLH1,-0.007525000000000004
CCDC116,-0.01674999999999993
ZDHHC8P1,-0.010138749999999974
PDIA2,-0.0041362500000000635
TAS2R16,-0.06200749999999999
DUSP28,0.24337499999999995
LINC00028,-0.20818000000000003
CHST10,0.07113874999999997
GPR162,0.10448000000000002
HIST1H2BM,0.0058874999999999345
LOC400768,0.11334000000000005
PTCH2,0.011472499999999997
CPNE1,0.02757624999999997
KANK3,-0.08179249999999993
MRPS24,0.04484999999999989
LOC100133719///DALRD3,0.009901249999999973
SYPL2,0.048964999999999925
LOC221122,0.0010687500000000072
MC5R,-0.018791250000000037
C10orf35,0.08500124999999997
PF4,-0.04290750000000004
ZRANB2-AS1,0.10483624999999996
FUT6///FUT5,0.013495000000000146
GAB4,-0.03423000000000004
CLEC3B,-0.007373750000000068
CTDP1,-0.027266249999999992
LOC100134017,0.02514749999999999
NTSR2,-0.03684874999999993
LDOC1,0.08966874999999996
ABLIM1,-0.00922999999999996
OR8B2,0.07934374999999999
C9orf173-AS1,-0.003632500000000094
RARA-AS1,-0.011302500000000049
SLC2A1,-0.00850250000000008
ZMPSTE24,0.07327750000000005
DENND1A,0.00026999999999999247
MIOX,0.07709875000000005
TMPO-AS1,-0.01703375000000007
TSG101,-0.03232250000000003
ZNHIT1,-0.04292750000000006
LOC102724002,0.002890000000000059
TMEM62,-0.035739999999999994
FPR2,-0.06194499999999986
TMEM8A,8.00000000000245e-05
PAFAH1B3,0.0011987499999998597
LINC00315,0.01969375000000001
CYP2A7,0.07145499999999994
LOC732160///NDUFA10,-0.010913749999999944
FAM83E,-0.007196249999999904
LOC101930071///LIPE-AS1,-0.016871250000000004
MVB12A,0.014861249999999881
TOE1,-0.01344875000000001
WASF3,0.04186375000000003
RUVBL1,-0.006856250000000008
FAM160A2,0.09277874999999997
PDLIM1,-0.02657750000000003
ZAR1,-0.04224000000000011
MARCH4,0.01295875000000013
LOC286126,-0.011393750000000091
FAM24B,-0.004745000000000055
FAM234A,0.018117499999999953
NOP10,-0.021088750000000045
CLDN3,-0.004683750000000042
ZFP3,0.052633750000000035
MARK4,-0.06956250000000014
GMPR,0.031210000000000016
LOC105376360,-0.06200250000000007
LOC101929034,0.032547499999999896
BSCL2,-0.02176499999999998
ATP6V1E1,0.04823999999999995
HSD17B2,0.03382249999999998
ANKRD30BL,-0.02959999999999996
AIFM3///LZTR1,0.019112499999999977
CCDC63,-0.004786249999999992
CHRM5,-0.09299625
SAAL1,0.016606250000000045
ARSI,0.062431249999999994
CRYBA4,0.0704825
ACRBP,-0.03989375000000006
CD207,-0.0033637500000001097
SYT3,0.08856874999999992
DCTPP1,-0.007323750000000018
LMX1B,-0.07305124999999996
PON3,-0.010732500000000034
SSSCA1///LYPLA1,0.06622500000000009
PPCDC,-0.017393750000000097
HIST2H2AA4///HIST2H2AA3,0.08991875000000005
LOC101928845,-0.013821249999999952
DDB1,-0.014377500000000043
LOC728095,0.03541874999999989
GCKR,0.08478124999999992
SNHG4///MATR3,0.023627499999999912
MX2,-0.029618750000000138
ATG2A,-0.005708749999999874
RDH8,0.002208750000000037
ELMO3,-0.006622499999999976
TRIM21,-0.03398499999999999
PEX6,-0.030980000000000008
LOC105370622,-0.10146124999999995
IGLV3-12///IGLV3-21///IGLC1///IGL,-0.013542500000000124
SCAI,-0.029820000000000013
HERC5,0.018363750000000012
IPCEF1,-0.008552499999999963
MYBL2,0.020096249999999982
LOC100133896///SEMA4G,-0.007013750000000041
ZSWIM4,-0.0048799999999999955
CH17-340M24.3,-0.09205249999999993
SLC36A2///RPL24,-0.0064150000000000595
LOC101927623,-0.015362500000000057
MOSPD3,-0.06675000000000003
B3GALT5,-0.0012887500000000607
TM4SF4,0.024486250000000043
ZFPL1,0.10718875000000011
HK1,-0.024921249999999895
LOC100131861///SAMM50,0.003592499999999943
RPRM,-0.046748750000000006
FATE1,0.11858249999999998
HSD17B10,-0.03738124999999992
ANAPC2,0.015268750000000053
LINC01352,0.06354500000000002
LMAN2L,-0.025987500000000052
ZSCAN10,-0.11742875000000003
OR52K3P,-0.05221750000000008
C9orf41-AS1,0.057557499999999984
VPS37D,0.002193749999999939
ITIH6,0.060177499999999884
CLTB,0.0374525
LOC100128988,-0.010991250000000008
HAUS4,-0.05184875000000011
C9orf50,0.10585249999999996
LOC728951///KRTAP1-3,-0.04631249999999992
BRI3,-0.08645749999999996
HIST3H3,-0.022938750000000008
TSGA10IP,0.0026524999999999466
GIPC1,0.20919500000000002
IL4,-0.010412499999999991
PLCB2,0.005252499999999882
LILRA6,-0.022576249999999964
ID2B///ID2,0.10329749999999999
PLPP2,0.16563874999999995
LOC100507336,-0.09127500000000005
TEKT2,-0.02143125000000007
PAGE5,-0.036613750000000056
GRIN3B,-0.02714249999999996
LOC101927914,-0.001243749999999988
PSMC3,0.028406250000000022
CXCR1,0.12069500000000005
C9orf62,-0.015217499999999995
CDC42EP1,-0.004133750000000103
MGAT5,-0.013694999999999957
KIF7,0.016525000000000067
IFI27,-0.045263749999999936
EIF6,0.0007137500000000685
BTBD6,0.07911375000000004
ENPP7,-0.022848749999999973
ZNF853,-0.033821250000000025
TBC1D22A-AS1,-0.054815
CRELD1,-0.010871249999999888
ALDH16A1,0.002052499999999957
CASC7,-0.04363375000000003
DTX2,0.29139374999999995
C9orf33,0.14512750000000002
SMAD1-AS2,-0.008806250000000071
MLC1,-0.02964499999999992
LOC101928850,-0.03911000000000009
GTPBP6,0.07012750000000001
TNFRSF13C,-0.0022150000000000225
S1PR4,0.04297375000000003
HPDL,0.02458249999999995
TRAPPC4,-0.015327499999999938
LOC100134368,-0.038902500000000007
PLK5,-0.034420000000000006
DBNL,0.029462500000000058
OGFRP1,-0.03362000000000004
HOOK2,0.00728499999999993
LOC255654,-0.0025750000000000495
CPNE9,-0.20735874999999998
TWF2,0.16614750000000006
TLX3,-0.0544925
LOC100499194,-0.010494999999999977
KIR2DS5,-0.0005362500000000159
SEC16A,0.0033462500000000506
KIAA0355,-0.04267499999999991
NLRX1,0.02560000000000001
GUCY2D,0.012548750000000108
DTX1,0.07979749999999991
SPSB3,0.06410750000000004
OPN4,0.10182249999999998
LOC100132739///ZIC1,0.026992499999999975
NSUN5P2///NSUN5P1,0.14711250000000003
PPP1R1B,-0.17477125
PYCRL,-0.02547250000000001
ALPP,-0.15724000000000005
AIRE,0.06701750000000006
BANF1,-0.015946249999999995
MUL1,0.08868249999999994
RGAG4,-0.09808499999999998
CHCHD10,0.10254374999999988
LSR,0.01890249999999999
THAP7,-0.029449999999999976
LIMD2,-0.005336250000000042
EMILIN3,0.03690500000000008
RNASE6,-0.016786250000000003
LOC645733,-0.018052500000000027
TUBB4A,-0.0458925
CYP4F22,-0.03354875000000013
NSDHL,-0.07610624999999988
CRAT,0.03491749999999999
CRB2,-0.013291249999999977
ACKR1,-0.028591250000000068
ROBO4,0.02236125000000011
EIF3G,-0.003109999999999946
LOC100132625,0.008896250000000105
PGLYRP1,-0.06184374999999981
POU4F3,-0.055938749999999926
RNF4,0.00521875000000005
SUV39H1,0.03204249999999986
ACE,-0.07365500000000003
ZNF252P-AS1,-0.09907250000000001
RPL18AP3///RPL18AP6///RPL18A,0.005904999999999938
CALML5,0.02024750000000003
TMEM159,0.06016624999999992
TIGD3,-0.00517875000000001
ZDHHC9,-0.004050000000000109
TEKT5,-0.007052499999999906
PMS2P9///LOC730324///LOC441259///PMS2P5///PMS2P2///PMS2P1,0.0002875000000000516
NDUFA11///FUT5,-0.02819250000000001
LOC105372179,-0.042853750000000024
COLEC10,-0.0576799999999999
TMA7,-0.025440000000000018
ASAH2B,-0.02240874999999981
C11orf80///RCE1,0.14508749999999992
MYRFL,0.021277500000000005
RAB2B,0.05611999999999995
COPRS,0.00992625000000008
HGH1,0.148055
SNORA71B,0.005147499999999916
WDR93,-0.004671250000000071
HAND1,-0.006895000000000151
LOR,0.01495249999999998
NAPSB,-0.014348750000000021
SLC5A6,-0.008173750000000035
DPP7,-0.0024400000000000532
FAAH,0.016098749999999995
LOC101927531,-0.01183374999999992
H2AFB1///H2AFB2///H2AFB3,0.03277624999999995
MARS2,-0.0056712500000000166
OR10H3,0.025211250000000074
XPNPEP2,-0.006393749999999809
THOC6,0.00020874999999992427
VARS2,0.03575374999999997
NUP93,-0.10675374999999998
CIRBP-AS1,-0.11002374999999998
DEFA6,0.03555375000000005
BTN1A1,-0.07887750000000004
TOM1,0.08226624999999993
KRT6A,0.021128750000000085
LOC105371763,-0.03647500000000009
LOC283856,-0.07077125000000006
SLC27A5,-0.09533250000000004
RPL32,0.04299124999999998
LOC780529,-0.0999275
OR2C1,0.026779999999999915
VLDLR-AS1,-0.010982500000000006
RFNG,-0.03528999999999999
FOXA3,0.10923624999999998
ADGRE1,0.015216249999999987
LOC102723661,-0.024227499999999957
SSC5D,-0.03719624999999993
SAMD11,-0.004854999999999998
TMEM52,0.06822375000000003
CYC1,0.009903750000000044
LGALS7B///LGALS7,0.10366999999999998
ELN,0.007297499999999957
PHKG1,-0.04238125000000009
ABHD11,-0.025576249999999967
CEACAM19,0.002351250000000027
LINC01348,-0.01589874999999996
C22orf24,-0.08466250000000008
RBBP8NL,-0.028785000000000005
ZFR2,-0.15016124999999997
NDUFA9,-0.006733749999999983
TCL1A,-0.18524999999999997
NOSIP,-0.06244499999999997
CCDC94,0.11106125
RBM42,-0.018616250000000056
NMRAL1,-0.01240125000000003
TMCO2,-0.13271499999999997
LOC101929719,-0.015118750000000014
CYMP,0.006138750000000026
DEFT1P,0.022363749999999905
ZNF526,-0.03558124999999995
E2F1,0.018744999999999956
LAMB3,-0.06807249999999998
CR1L///CR1,-0.04316874999999998
ADRA2B,-0.061371250000000044
LTK,-0.14173750000000007
LOC100507156,0.0016100000000000558
PTDSS1,-0.032937500000000064
MAF1,0.04836999999999997
SBF2-AS1,0.04137124999999997
CLEC11A,0.042155
PPFIA4,0.014501250000000132
COASY,0.10692875000000007
LOC729994,0.08604374999999981
SVILP1///SVIL,-0.05385750000000006
CPNE2,-0.0011737500000000844
A1BG,-0.010977500000000029
SLC38A5,-0.10089499999999996
LINC00892,0.0004549999999999277
GRB7,-0.07068124999999986
GPR150,-0.16022625000000007
COL17A1,-0.007704999999999962
LOC100133885,-0.043163750000000056
AMDHD2,-0.021627499999999966
GNPDA2,-0.008345000000000047
VSIG10L,-0.0022599999999999842
FLJ16779,0.019569999999999976
IDH2,0.20654499999999987
SLC6A5,-0.019563750000000046
CECR1,0.029669999999999974
NDUFA1,-0.013060000000000072
LOC100129289///CDK14,-0.02856249999999988
LOC105378702,-0.01475999999999994
TMEM225,-0.001443749999999966
G6PC2,-0.011283750000000092
TFF1,0.01205000000000006
PTPN23,-0.01786749999999998
ZBTB12,-0.03438250000000004
NUDT1,-0.032283749999999944
PRRT3,-0.01636624999999997
TAS2R38,-0.002947499999999992
SULT1A1,0.022394999999999887
LOC339760,0.0015624999999999112
CLASRP,-0.017223749999999982
FXYD4,-0.032121250000000046
FAM95A,-0.02587624999999999
MRPL28,0.13458749999999997
ZNF524,0.11528874999999994
CORO7,-0.008501250000000016
FAM71E2,-0.029772500000000035
NPFF,0.023186250000000075
CHPF,-0.050913750000000035
LINC00936,0.025951249999999926
ARFRP1,-0.12333250000000001
GPC3,0.18632499999999996
PICSAR,-0.022820000000000062
PHF13,-0.006614999999999982
LOC101929268,0.09148875000000006
APEX1,0.030363749999999967
ZNF76,-0.012849999999999973
CXADRP1,-0.02510000000000001
RRAD,0.11668624999999994
NDUFS2,-0.006103750000000019
RASL11A,-0.14106125000000003
PTPRCAP,0.06900749999999994
ASPG,-0.08347624999999997
DDX23,-0.09212124999999999
GCHFR,-0.009424999999999961
XIRP1,-0.014359999999999873
LOC643549,0.006684999999999941
LOC728799///LRRC27,-0.051435000000000064
TOLLIP-AS1,-0.009941249999999957
CHAC1,-0.007962500000000039
ADIPOR2,0.062192499999999984
OR51I2,-0.040995000000000004
ANKZF1,0.05149124999999999
ZP1,-0.02764124999999995
FNDC9,-0.020677500000000182
SIDT2,-0.00827375000000008
PRAF2,-0.04330499999999993
LMO7DN,-0.02247124999999983
PRC1,-0.03929624999999992
MT4,-0.013018750000000023
SLC6A3,0.00666249999999996
RAB40AL///RAB40A,0.22956250000000006
LOC100130268,-0.024608750000000068
DPEP3,-0.008373749999999958
TST,0.006780000000000008
MYADM,-0.02747000000000005
FSTL3,-0.05006624999999998
LINC00847,0.03943374999999999
TPRG1L,-0.001057499999999989
ERCC2,-0.00102374999999999
EN1,-0.18901374999999992
SCO2,-0.005901249999999969
SKIV2L,0.10301750000000004
LINC00620,-0.03570500000000004
MAGEC1,-0.05714874999999997
LINC00525,-0.01279499999999989
PRSS3,-0.07395249999999992
DMBT1,-0.00916750000000005
LOC100133951///GPI,0.030716249999999945
ELAVL3,0.014596249999999977
NOL12,0.03519749999999994
MUC2,-0.03911250000000005
LINC01300,0.009541250000000057
HPSE2,-0.03484000000000004
UFSP1,0.06260749999999993
PLAC8L1,0.03283249999999999
NKG7,-0.012848749999999964
METTL17,0.02235750000000003
DTWD2,-0.01763874999999998
SP140,0.007423750000000007
LOC105373383,0.19463000000000008
EDN2,-0.03397750000000005
CENPE,-0.005886250000000037
DGCR6,0.009632500000000044
P2RX3,-0.0013699999999999823
LOC100133985,-0.0015862500000000113
OR12D2,0.030693750000000075
MAJIN,-0.04993500000000006
FAM132A,-0.010095000000000076
LOC100131864,0.11142499999999994
NKX2-2,-0.009651249999999945
CEP170B,0.007189999999999974
LOC100508631,-0.007643749999999949
SSTR5,-0.12152499999999988
LRRC52,-0.034023750000000075
TMEM105,0.2659950000000001
B4GALNT4,-0.02723250000000005
TIMM17B,0.0007725000000000648
LOC285847,0.051497500000000085
NRROS,-0.05314875000000008
LOC100130930,0.07566250000000002
SLC22A13,0.018077499999999913
OPN1SW,-0.02343375000000003
DHRS7C,-0.003137500000000071
UPK1A,-0.016077500000000022
PUS7,-0.03808000000000006
MOS,-0.010568750000000016
TMEM200C,0.13361499999999998
LOC728613///PDCD6,0.03148749999999989
TAF6,-0.038279999999999925
LRRN4CL,-0.0033062500000000106
CANT1,-0.009832499999999966
FAM181A,-0.10144749999999991
TBC1D10C,0.033814999999999984
TACO1,-0.0032250000000000334
LOC100131317,0.07559624999999998
LOC100128501,-0.000807500000000072
OTX1,0.012578750000000027
OVOL3,-0.010202499999999948
LOC100131056,0.013158750000000052
MCM5,-0.0006325000000000358
DHRS1,-0.05333874999999999
UQCRQ,0.0029100000000001347
BTBD19,0.008165000000000033
TSTD1,-0.05563000000000001
CLEC18B///CLEC18A,-0.12867250000000008
CEND1,-0.01726499999999992
RNH1,0.10234750000000004
HSPBAP1,-0.0008212499999999401
GGT5,-0.04581624999999989
CELA3B,0.011649999999999994
CDK4,-0.0013962499999998212
MBD3L3///MBD3L4///MBD3L5///MBD3L2,-0.013036249999999916
IZUMO4,0.025249999999999995
AKR7A3,-0.01563500000000012
GPR25,-0.018977499999999925
NSMCE1,-0.06011375000000002
SYTL1,-0.0006687499999999402
LOC100134394///KRT86,0.0025937500000000058
TRMT112,0.017179999999999973
RP9P,-0.005671249999999961
LOC645529///ACR,-0.038223750000000056
ZNF391///RPL35A,-0.026166249999999946
LOC100132802///KRTAP3-1,-0.10363499999999992
SLC25A48,0.007447500000000051
CRMP1,-0.11521999999999999
ZNF815P,-0.03759000000000001
PPP1R18,-0.023566250000000066
PLEKHM2,-0.03485999999999995
PGLYRP2,0.08488250000000003
C9orf69,-0.011288749999999903
LOC553103,0.03529125000000011
ZBTB32,-0.019317500000000043
LOC100287877,0.06133625000000015
FAM155B,-0.009262499999999951
MAP3K7CL,0.0011224999999999152
CDC42EP2,0.20866499999999993
PAXBP1-AS1,0.14063750000000014
OR14J1,0.026650000000000007
RHBDD2,-0.012356249999999902
PTRHD1,0.07298249999999995
LOC100134768///LOC100133177///LOC100132744///LOC100132119///LOC100131975///LOC100130914///LOC100128326///LINC01347///LOC730286///LOC729660///LOC729218///LOC728728///LOC728417///LOC728105///LOC643670///GTF2IP20///LINC01000///LOC401357///LINC00999///LINC00265,-0.057094999999999896
MCOLN1,-0.02540249999999994
MOB2,-0.018350000000000144
STAT5A,0.02457375000000006
CCDC124,0.09609500000000004
MCRIP1,-0.02214499999999997
FOXD4L1///FOXD4,0.10648875000000002
SRM,0.06568750000000007
SHISA4,-0.0003962499999999869
DUS3L,0.03185750000000004
NRIP2,-0.09732624999999984
TOX4P1///TOX4,-0.039741249999999895
PC,-0.004741249999999975
MSLN,0.08914249999999996
RHOXF1,0.05185125000000007
KRT31,-0.0015512500000000595
LOC100131895///KRTAP5-7///KRTAP5-6///KRTAP5-5///KRTAP5-4///KRTAP5-3///KRTAP5-8///KRTAP5-9,0.10864374999999987
DRD5,0.06152499999999983
GABRE,0.0758012500000001
HK3,-0.01874500000000001
KLHL32,-0.06991875000000003
NMRK2,-0.014172500000000032
ITPA,0.026187500000000086
NVL,-0.012760000000000049
PROKR2,0.01919624999999997
C15orf61,-0.14693000000000006
MPND,-0.0034375000000000377
CYP46A1,-0.024726250000000005
IGLV4-3,-0.01321249999999996
SLC24A2,-0.15108125000000006
LRRC29,-0.06417124999999996
SOST,-0.00829624999999995
CYP2S1,0.17783
TMEM158,-0.06668999999999997
NOBOX,0.0029037499999999827
FLJ32742,-0.005301250000000035
ZNF780A///ZNF780B,-0.006966249999999952
KRTAP13-1,-0.0018162500000000192
ZBED1,-0.03257624999999992
GPAA1,0.14124000000000014
LOC100133109,-0.06327625000000003
CMTM5,0.10358
TPRN,0.13495000000000001
RPS29,0.003248750000000078
PDZD7,-0.0055574999999999375
SPATA3-AS1,-0.01741374999999995
LOC101929180,-0.005354999999999943
LOC105373434,0.02058250000000006
OR2H4P,-0.027592500000000075
LOC100996671,-0.09791500000000003
LOC100134620,0.013099999999999945
NSUN5P2,0.0457225
RP9,0.012399999999999911
STARD5,-0.07037750000000004
ATP6V0B,0.025982500000000075
MRPL10,-0.010923749999999954
ZNF14,-0.017293750000000052
STUB1,0.004959999999999853
DENND1C,-0.02756249999999999
MVP,-0.023463750000000005
KCNH3,-0.02132500000000004
TPSAB1,0.18973499999999993
BPIFA1,0.008817499999999978
FBN3,-0.026026250000000084
CYB561D1,-0.016167500000000057
SCGB3A2,0.0003924999999999068
RPS6KL1,-0.02865624999999994
FLJ12616,0.030275000000000052
GAL3ST3,-0.024791250000000042
FBXO17,-0.0631762500000001
CCDC24,0.06951500000000005
EWSAT1,-0.006404999999999994
YTHDF3-AS1,-0.14614374999999996
KRT71,0.05508125000000008
RNF139-AS1,-0.005305000000000004
CCDC3,0.05773624999999993
TARBP1,-0.0031162500000000426
POLRMT,0.029207499999999997
OR51I1,-0.022151250000000178
DSG2-AS1,-0.020529999999999937
ARSE,-0.007945000000000035
CBY3,-0.027524999999999966
ATP6V1F,-0.01846875000000009
LOC388692,-0.0106425
ALDH3B2///ALDH3B1,0.1167462500000001
PARD3-AS1,-0.11760249999999994
EVPLL,0.06514874999999998
LRRC32,0.07289875000000001
CCDC187,-0.04664125000000002
IGFL2,0.023486250000000097
URB1-AS1,-0.02015499999999998
ZNF488,0.006661250000000063
MT3,0.16418375000000002
ATP5G1,0.010631250000000092
PLEKHO2,0.05370625000000012
SLC22A18,0.023050000000000015
LOC100131349///NT5C,0.016637499999999916
LOC374890,-0.09951999999999994
RALGDS,-0.02691499999999991
SLC29A1,0.04213250000000007
UCP2,-0.09683624999999996
NEUROG2,-0.028022500000000117
BSG,-0.015602499999999964
SPACA4,0.09343999999999997
ATOX1,-0.009070000000000078
LRRC61,0.027133750000000012
LOC100996255,-0.05034500000000003
AMHR2,-0.005593749999999897
CHRDL2,0.0030924999999999425
LOC100129516,-0.009037500000000032
UTF1,-0.003396250000000045
ARHGAP17,-0.06712499999999999
HOXC5///HOXC4,0.03987499999999994
INTS5,0.11927374999999996
BAIAP3,0.06393374999999996
MAGED4///MAGED4B,0.027302500000000007
HSPA7///HSPA6,-0.01884000000000008
KCNS1,-0.01734750000000007
DUX1///DUX3///DUX5,-0.010061250000000022
LINC00482,0.06259999999999999
ZDHHC12,0.09755625000000001
LRRC56,0.13535875000000003
ZNF385A,-0.0036499999999999866
HCRT,-0.015318750000000103
MAPK7,-0.007689999999999975
REG3G,0.03883250000000005
BTNL2,0.04135749999999999
TSPAN15,-0.009781249999999908
ABCF3,-0.1427774999999999
ATOH1,-0.002922499999999939
CLDN17,-0.02813874999999999
CSF2RA,-0.055558750000000046
POLR2J3///POLR2J2///POLR2J4///POLR2J,-0.021535000000000082
CDH16,-0.03632749999999996
GLI4,-0.062175000000000036
GS1-259H13.2,-0.052214999999999956
LYPD5,0.027948750000000022
GTF2IP20,0.01015374999999985
NTNG2,0.01184750000000001
LOC732445///CHRFAM7A///CHRNA7,-0.010153749999999906
PRR36,-0.08532875000000006
OR6A2,-0.04846750000000011
ENKUR,0.055431249999999876
PRSS22,-0.04159499999999988
ANO9,-0.08042624999999998
OSGIN1,-0.009343749999999984
SLC10A3,-0.22122125000000004
SP6,0.03275249999999996
SLURP1,0.14755500000000005
MAP7D1,0.06365124999999994
ORMDL2,0.06740125000000002
CCDC184,-0.012900000000000023
TCF15,0.01353749999999998
SOHLH1,0.022511250000000038
GCGR,0.04418874999999994
TREML5P,-0.01262000000000002
RASL12,-0.027187499999999976
MZF1-AS1,0.008113749999999975
KRT35,-0.01833250000000003
RRP7BP///POLDIP3///RRP7A,0.027196250000000033
TCIRG1,0.060087500000000016
USP20,0.03577875000000008
CPT1C,0.06630999999999992
AQP1,0.08577625000000011
FAM96B,-0.003604999999999914
CGB2///CGB1///CGB8///CGB7///CGB5///CGB3,-0.057812500000000044
UBA7,0.042990000000000084
LOC652637///WHAMMP2///WHAMMP3,-0.004933749999999959
GPR50,-0.02248750000000005
PLA2G2F,0.034427500000000055
ASGR1,0.03465750000000001
GP9,0.01157000000000008
CUTA,-0.043711250000000035
LINC01243,-0.02504124999999996
CENPT,-0.0014749999999999486
EOMES,0.01563500000000001
H2BFM,-0.0578162499999999
RHOG,-0.049058749999999984
PFKM,0.016040000000000054
RPS19BP1,-0.010972499999999996
STK11IP,0.055836249999999865
ODF3L2,0.08100624999999984
ITPKA,0.005184999999999995
TMX2,-0.003807499999999908
AGAP2-AS1,0.022897500000000015
FAM109B,-0.004239999999999966
MGRN1,-0.026324999999999987
KIF4A,0.05281000000000008
PPM1N,-0.003564999999999985
ZNF497,-0.010498749999999946
NXF2B///LOC650686///NXF2,-0.005537499999999973
CDH3,0.005360000000000031
ROR2,-0.06490000000000007
PRDM6,0.0035487499999999894
TMEM176A,-0.03913500000000003
KRTCAP3,0.05271124999999993
TMEM39B,0.0005162499999999959
CRYBB2,-0.03246500000000002
ATP6V0D1,-0.0224562499999999
CHID1,-0.03822000000000003
HIST1H2BO,0.06325749999999991
HOXD11,0.07319749999999997
SLC45A1,-0.09995625000000008
SPNS3,0.03135875000000016
TMEM205,-0.025198749999999992
TTYH1,-0.016188749999999974
C17orf82,0.11478499999999986
ADRB2,-0.08264874999999999
TMC2,0.023588750000000047
NPM3,-0.00282249999999995
AZU1,-0.00400874999999995
PSKH1,0.026723750000000046
CIB1,0.025607500000000005
GBP1P1,0.11953000000000003
ZNF835,-0.007692499999999991
DDN,-0.06628499999999998
ZNF385D,-0.00427749999999999
CLCNKA,0.16444874999999998
SH3BGRL2,-0.024511249999999984
AQP11,0.0040062500000001
OR5P3,-0.09522249999999993
SARS2,-0.027490000000000125
NUDT14///JAG2,-0.0788425000000001
FLJ25758,-0.04418749999999999
EDA2R,-0.010759999999999992
TBC1D21,0.008298749999999966
RASGEF1C,-0.045836250000000134
PLCD1,0.04232999999999998
YDJC,-0.00799124999999995
TTLL12,-0.0032462499999999506
GGN,-0.008172500000000027
CD248,-0.007173749999999979
GPT,0.03416125000000003
C11orf94,0.09774500000000003
GDAP1L1,0.03661624999999996
SLX1A///SLX1B,0.08639625000000006
HSPC324,-0.10444125000000004
MON1A,0.06192624999999996
AGAP5///AGAP9,0.0343500000000001
PM20D1,-0.003602500000000064
MIR1-1HG,-0.05056875000000005
TRIM16L,-0.061922499999999936
RBPJL,0.03160624999999995
KRTAP5-8,0.08435000000000004
TBC1D10B,0.08258500000000002
KLHL17,0.057874999999999954
TAS1R2,-0.1884074999999999
LOC101927362,-0.13857124999999998
SLC7A5,-0.03932875000000008
TSPYL2,-0.00623250000000003
LENEP,-0.017677499999999957
SLC6A18,0.026246250000000082
HRC,0.033588749999999945
LOC100130078,-0.00047125000000003414
OXT,-0.01339499999999999
KRT32,-0.18791375000000005
TREM2,0.03470499999999993
ETNK2,-0.01060625000000004
LOC100287525,-0.04813499999999993
FBLL1,-0.12260125000000005
LOC100129503,-0.03945375000000001
G6PC3,0.013627500000000015
KRT6C///KRT6B///KRT6A,-4.250000000000087e-05
LOC100131844///ANAPC11,-0.06736374999999994
RAB36,-0.00966500000000009
LOC728683///PTGER4P2-CDK2AP2P2,-0.12812499999999993
CBLN3,-0.019108750000000063
TRAC///TRAV20///TRA,-0.013068750000000018
GMPPA,0.0020950000000000135
TRBV4-2///TRBV4-3,0.10868874999999995
STOML3,0.006412499999999877
RAMP3,0.15810499999999994
TNFRSF1A,-0.0037749999999999173
UGT1A1,0.044003750000000064
CHRM4,-0.06398250000000005
CAMKV,-0.009046249999999922
PSMB9,-0.0019862500000000227
IL27,-0.026828749999999957
MYL12B,0.031236250000000076
SPEF1,-0.04605250000000005
NOC4L,-0.15268374999999995
TRAIP,-0.032396250000000015
VPREB3,0.009276250000000041
SNAP47,-0.004407500000000064
SSTR4,0.13635750000000002
IL2RG,0.0041699999999999515
LOC100506302,0.05192250000000004
AGAP5///AGAP7P///AGAP9///AGAP6///AGAP11///AGAP4,-0.005960000000000076
LOC151174,0.011358749999999918
TARBP2,0.017498750000000063
BICDL2,0.05312374999999997
JMJD8,-0.11114499999999994
MYLK2,-0.12187125000000004
LOC642975///TMEM230,-0.05458625
LY6G6E,-0.02574000000000004
AMOTL2,-0.012978750000000039
LOC100131683,-0.0013387499999999997
TMEM242,0.012126249999999894
CPNE6,-0.010937499999999989
SMIM10,-0.0018599999999999728
INAFM1,0.12123250000000002
LINC00400,-0.0036075000000000412
KIF17,-0.03695750000000009
ADAMTSL2,0.05398999999999998
DEFA5,0.003108749999999938
RAPSN,-0.007837499999999942
C17orf97,-0.07613624999999996
PIM3,-0.013627500000000015
ARHGAP4,-0.05808124999999997
DNAJC5G,0.03672875000000003
MICALL1,-0.005347500000000005
ACBD4,0.05528125000000006
MYO5C,-0.0070549999999999224
EFNA3,0.014676250000000113
OR7E47P,-0.06661625000000015
STPG3,0.021978750000000102
DXS542,-0.00829625000000006
FBXO6,0.01028249999999975
NUDT4,-0.22963124999999995
UNC5CL,0.007806249999999959
DGKZ,-0.007890000000000064
P3H2,-0.002708750000000093
SOX18,0.03856749999999998
C2orf57,0.06906249999999992
PSENEN,0.05055875000000004
CPZ,0.012148750000000041
HCG22,-0.004648750000000035
NTSR1,-0.0011149999999999771
AMPD2,-0.01609749999999993
TMEM38A,0.09191500000000002
MXI1,-0.002305000000000057
MALL,0.02272874999999991
SPRYD4,0.00048250000000005233
HMX1,-0.075905
PKN1,-0.037886250000000066
FKSG29,-0.012084999999999901
C16orf91,0.002358749999999965
BRICD5,0.053577499999999945
TBC1D19,-0.03511124999999993
LOC100132620///LOC100132540///NPIPA1,0.019563750000000046
MLPH,-0.002127499999999949
BEST2,-0.13337874999999988
TK1,0.023018750000000032
ZDHHC6,0.007277500000000048
LOC100506691,0.005143749999999947
RPS10P7,0.02447875000000005
HDAC10///MAPK12,0.12163749999999995
LSMEM2,0.0009649999999999936
LOC102724382,-0.03536750000000005
ACTR5,-0.004395000000000038
LOC101927151,0.07146000000000002
CRLF1,-0.002961249999999971
LOC219690,0.09789500000000001
PUS1,-0.06999500000000003
PPM1G,0.08210874999999995
TUBB4B,-0.06843625000000003
GPR31,0.057770000000000044
UBL4B,-0.11211624999999997
LRP10///RAB13,-0.030546249999999997
SLC12A7,0.011986250000000032
TM7SF2,0.06407750000000006
LOC284939,-0.046116250000000025
GSX2,0.04665875000000003
GFPT2,-0.027171250000000036
CHRM2,-0.00928750000000006
TJAP1,-0.005456250000000051
NUDT14,-0.023947499999999955
ASB16,-0.013609999999999955
LOC101929464,-0.009747499999999965
HOXA11-AS,0.04742875000000002
TREML2,0.032263750000000035
UBAP1L,-0.12356499999999992
CXCL16,0.028474999999999973
TMEM145,-0.12328125000000001
WNT7A,-0.02998125000000007
HLX,-0.01809374999999991
ZNF428,-0.03987750000000001
TPD52L2,0.012831250000000016
UBE2M,-0.009826250000000092
QTRT1,0.34936875000000006
CSK,-0.00034250000000007885
TMEM61,-0.01314000000000004
RXFP3,-0.011766249999999867
DNAL4,-0.01340749999999985
LOC100133474,0.07440750000000002
SLC18A3,0.06936999999999999
LOC283683,-0.02808250000000001
NEURL2,-0.014305000000000068
NBL1,0.09045000000000003
HPN,0.08946874999999993
C1orf20,-0.0178875
AVPR2,-0.02565624999999988
ZSWIM8-AS1,0.009367499999999973
LOC729143///MPRIP,-0.005287500000000056
PMEL,0.03705625000000007
LDHD,-0.0010037499999999144
CHTF18,-0.03197999999999995
AXIN1,0.02164499999999986
SNAPC4,0.027150000000000007
HAGLROS,0.0020237500000000463
CHTF8,0.003756249999999961
DSCR10,-0.052043749999999944
IQCF5,0.03466374999999994
ARMCX7P///ARMCX6,-0.024402499999999994
GLOD4,0.01866999999999991
MT1X,-0.10839249999999995
CD70,0.054693749999999985
NKX2-5,0.05886374999999994
TBC1D17,-0.06571624999999992
CACNA1S,0.035109999999999975
GPT2,-0.021417499999999978
C17orf53,-0.04511375000000001
RETN,-0.006851250000000031
PRLH,-0.025011250000000096
SNORA78,0.07786874999999999
LOC100131177,-0.03250124999999998
TMEM54,-0.06430875000000003
TREML1,0.008678749999999957
FOXD2-AS1,-0.1722412499999999
KRTAP11-1,0.0006299999999999084
SYCN,0.10995625000000003
TNFSF4,-0.008076249999999952
RXRA,0.015653750000000077
DNLZ,-0.02683000000000002
LOC100133482///LOC100132784///LOC100132357,0.03266750000000013
PNOC,-0.02270249999999996
DOK2,0.015407499999999852
APOA1,-0.0066450000000000675
FXYD6,-0.00376375000000001
ATG101,-0.013869999999999938
APBB3,-0.05359000000000014
B9D2,-0.002761249999999993
KIF25,0.04412249999999995
TBL3,-0.17944749999999998
INO80B,-0.01131124999999994
SSPO,0.14417749999999996
UBXN10-AS1,0.07944624999999994
LOC100130283///PMM2,-0.011946250000000047
UBL7,-0.00981624999999997
FITM1,-0.07541750000000008
UBXN1,0.041433749999999936
PKM,0.04228124999999999
MFSD10,0.0011562500000000253
VPS51,-0.022869999999999946
DPM3,-0.014838750000000123
AGRP,-0.0017424999999998692
LOC100134535,0.02163874999999993
C1orf106,-0.027025000000000077
GS1-124K5.4,0.040768749999999965
LOC101927884,-0.0638125000000001
VPS52,-0.04933375000000012
METTL12,-0.002586250000000012
SYNGR2,0.044807499999999945
GPR61,-0.004356250000000117
PYY2,0.13319000000000003
SLC5A8,0.003022500000000039
LOC653160,-0.05909625000000007
PIAS3,0.011837499999999945
CD151,-0.048232499999999956
GALR2,0.007361250000000041
GSC,-0.0028449999999999864
CDA,0.0006725000000000758
LOC102724714,-0.01170874999999999
KRT13,0.010846250000000057
GSG1L,0.04725125000000008
LOC541473,0.007444999999999868
MUC5B,-0.022331250000000136
PRPH,0.005472499999999936
LOC100132388,-0.0925262500000002
LOC100133843///FBLN1,0.028330000000000022
LOC283887,0.0038537500000001
LOC728868,0.035253750000000084
LMO1,-0.04035125000000006
DOK7,0.012276249999999989
BCAR1,0.16668624999999992
LOC100130850///KRT17P5,0.0005550000000000277
LRRC3,-0.09220375000000008
CCDC163,-0.003266250000000026
FTL,-0.07192500000000002
ZNF816,-0.08674125000000005
AVP,-0.0036362500000000075
SLC5A10,-0.006043749999999848
KIR3DS1///KIR2DL2///KIR2DL1,0.1344575
HSD3B7,0.08125874999999999
PRDM12,0.08317250000000004
GLYCTK-AS1,-0.007772500000000071
GEMIN4,0.05846750000000006
CHRNB4,0.12889250000000002
WDR18,0.12042124999999987
GPR12,0.07561249999999986
SLC8A2,0.009387500000000049
KCNK12,-0.01824874999999998
MATN4,-0.015451249999999972
BCKDK,0.062379999999999936
FZD9,-0.06607250000000003
TMEM258,-0.011933749999999965
ELFN1,-0.1702762499999999
MRVI1-AS1,0.013813750000000014
KCNG2,0.19273374999999993
LINC01599,0.008374999999999966
TRIM47,0.012086249999999965
IL17B,0.024827500000000058
LAMB2,-0.013641249999999883
ANKS3,-0.002677499999999944
GAPDHS,-0.006425000000000014
ASIC3,-0.010553750000000028
KCNK16,0.045861249999999965
LOC100996549,-0.012733749999999933
TEX29,-0.016758750000000044
CKB,-0.0634262499999999
MTX1,0.053964999999999985
AMH,-0.02197374999999996
PICK1,0.19454375000000007
MED10,-0.022410000000000097
LINC01010,-0.006326250000000033
CPNE7,0.08742374999999997
DNASE1L2,-0.07500249999999997
SEBOX,0.008859999999999979
PSORS1C1,-0.008996250000000039
NEU2,0.06869999999999998
POLR2J,-0.01678750000000001
MAGED1,-0.005245
CHIT1,-0.03539874999999998
C8G,-0.002366250000000014
LOC100132503///RNF208,-0.09357749999999998
SEMA6C,-0.13613999999999998
SOX30P1,-0.008025000000000004
LOC100131455///FLJ42351,0.013539999999999996
CRNN,0.03372999999999998
RPUSD1,0.08041500000000013
LY6G5C,0.030452499999999993
TMEM190,0.12607500000000005
BEGAIN,-0.02769374999999996
NME3,-0.06890625
SLX1A///SULT1A4///SLX1B///SULT1A3,-0.008555000000000035
NR2C2AP,0.019156249999999986
RTN4RL2,-0.04205124999999987
CCL15,-0.005057499999999937
RENBP,-0.014351249999999927
WDR13,-0.005096249999999969
RCC2,-0.004146250000000018
LOC100130850///LOC729704///KRT17P5,0.016445000000000043
WASH5P,0.0426649999999999
LOC100506100,-0.0033224999999998395
CD34,0.02189249999999998
GPAT2,-0.01936499999999991
ARL5C,-0.0040262500000000645
NRARP,0.038843750000000066
ARFGAP2,0.020891250000000083
TAGLN3,0.06962999999999997
GPATCH3,0.07500874999999996
IRF3,-0.006817500000000032
CCDC103,0.04143374999999999
SEPT7-AS1,-0.04477999999999993
SAMD1,0.03307750000000004
MRGPRF-AS1,0.0037087499999999274
MAN1B1,0.06460625000000003
TFAP2E,-0.018148749999999936
TFF3,-0.017830000000000068
C8orf31,0.005606249999999979
MFAP2,-0.030731249999999988
OR6B1,-0.006946249999999932
HBZ,0.022168749999999904
CD37,-0.013179999999999914
CHKB,0.018808749999999985
NKAPP1,-0.003566250000000104
LOC101928565,-0.02659750000000005
ACIN1,0.10739875000000004
NPEPL1///STX16,-0.006498750000000109
TUBB2B///TUBB2A,-0.010692499999999938
TMEM141///CCDC183,-0.0038950000000000373
RELT,0.15742875000000006
NPFFR1,-0.04937750000000002
C19orf73,-0.026113750000000047
CD320,0.0019999999999999463
PRSS36,-0.014437500000000048
SERPINF2,-0.0028574999999999573
CITED4,-0.049817500000000015
MFSD14C,-0.011547500000000044
PNKP,-0.00814375000000006
LOC400099,0.10649124999999998
LINC00116,0.04839749999999987
POMK,-0.0074924999999999575
TMEM238,-0.10722375000000006
ANO7,0.05995125000000007
FSCN2,-0.0026100000000000567
CYP27A1,0.041167500000000024
FLJ14126,0.000503750000000025
ATP4A,-0.003533750000000002
KRTAP10-12,-0.002181249999999968
POM121L12,0.16977000000000003
LRRC4B,-0.010707500000000036
JARID2-AS1,0.03409374999999998
APEX2,0.004527500000000073
CALB2,-0.0034724999999998785
LINC00165,-0.009461250000000032
CRYBB1,0.02681624999999993
LOC643085,0.028318750000000004
MED24,-0.010273750000000026
KLF17,0.07791999999999988
IGFLR1,-0.035294999999999965
ZNF469,-0.0008749999999999591
PSPN,0.00835250000000004
YIF1A,-0.006492500000000012
ASPDH,-0.00786124999999993
NPIPA2///NPIPA1,0.11741249999999992
RAPGEFL1,-0.0041599999999999415
LOC100130850///LOC729704///KRT17P5///KRT42P,-0.04165874999999997
LTC4S,0.1053612499999999
SH3BP1,0.07665999999999995
C16orf59,-0.018463750000000057
C17orf99,0.016098749999999995
TEX28,0.10214874999999984
ABCG8,0.0068887500000000546
H1FX,0.027532500000000015
EDARADD,-0.057831249999999945
CFAP74,-0.061462500000000087
OR10H2,0.023331250000000137
OR3A3///OR1E2///OR1E1,-0.03092125000000001
IGFALS,-0.07946500000000001
PRG2,-0.013557500000000111
SNHG19,-0.05044375000000001
SH3TC1,-0.034180000000000044
SIRT7,0.010423750000000065
IFI27L1,-0.01134500000000005
HOXD-AS2,-0.02341749999999998
GPR32,0.05747250000000009
RRAS,-0.04779
TMUB1,0.004752500000000104
CYP4F12,-0.0044737499999999986
POTEF///POTEE///POTEKP///ACTB,0.126645
RCOR2,-0.040152500000000035
PRR35,0.023622499999999935
S100A16,-0.0053974999999999995
SRL,0.12063250000000003
ZNF683,-0.008612500000000134
LOC101928668,-0.028947499999999904
PSD,0.05130624999999994
C6orf226,-0.008617500000000056
SHD,-0.026596249999999932
NUDT16L1,-0.14739000000000002
TELO2,0.06384375000000003
UBBP2,-0.0014937500000000714
LOC101928291,-0.0069687499999999125
RNF167,-0.02104749999999994
AAAS,-0.0035374999999999157
MAPK12,-0.0828425000000001
SOX14,-0.04156625000000003
CRYAA,-0.012976250000000022
KRTAP5-3///KRTAP5-8,-0.012035000000000018
AP4M1,-0.01323624999999995
PCNX3,0.04710500000000001
ACTN4,-0.14200250000000003
LOC100134287,-0.00482999999999989
LOC200830,0.11574250000000003
RPL10L,0.03463375000000002
SERTAD4-AS1,0.006188749999999965
HAAO,-0.03349500000000011
LINC01126,0.15533875000000003
KRT17,-0.0034624999999999795
SOX21,0.10312374999999996
SLC9A3,-0.00849250000000007
HCLS1,-0.01882749999999994
PCAT6///MGAT4EP,0.0077224999999999655
WNT1,-0.006962500000000038
MCM2,0.01613250000000005
REEP2,0.04872124999999994
STAC3,0.07538750000000005
HCST,0.036137500000000045
LOC644794,0.012252499999999944
BARX1,-0.035547499999999954
MTG1,0.021893750000000045
TFF2,-0.04603625
RRP9,-0.0014937500000000714
IP6K1,0.038932499999999925
HGFAC,0.11843999999999993
ABHD8,-0.041096249999999945
LOC100128074,0.022185000000000066
PDDC1,0.09537375000000003
MT1HL1,-0.07127250000000002
ISLR,0.03817124999999988
STX10,0.05764999999999998
TVP23C,-0.06884000000000007
DRD4,-0.009812500000000057
LHX1,-0.013571250000000035
RHBDL1,0.014268749999999941
IRX1,-0.014273749999999918
USP5,-0.025216250000000107
PLCB3,-0.014961250000000093
TMEM102,-0.06581374999999995
CNOT10,-0.00260999999999989
NKX1-1,-0.08343125000000007
CRABP2,-0.002817500000000084
CA9,0.06075375000000005
GGT2///GGTLC3///GGT4P///GGTLC1///GGTLC2///GGT3P///GGT1,0.012000000000000066
FBXL22,-0.0038312500000000638
TRIP10,-0.08764624999999993
TMEM191A,-0.006831249999999955
PCOLCE-AS1,-0.05427124999999994
IGLV6-57,0.0672187500000001
FBXW4P1,-0.047800000000000065
HBQ1,-0.022903750000000056
TREX2,0.13740749999999996
LOC100129803,-0.009127500000000122
CLUHP3,-0.010617500000000002
B3GNT8,0.03870124999999991
GALNT16,-0.01422750000000006
PORCN,-0.15104125000000002
SIVA1,-0.013132500000000047
SLC30A3,-0.014140000000000041
COX6A2,-0.0057812500000000155
NDUFA4L2,0.03671874999999991
LOC643313,-0.005240000000000078
CCL3,-0.008567500000000006
RPS27A,0.03079624999999997
ORAI1,0.027572500000000055
KISS1R,0.01945749999999996
ONECUT3,-0.011128749999999965
LINC01144,0.06072375000000002
KRTAP4-8///KRTAP4-11,-0.0725062500000001
NSUN5P2///NSUN5P1///NSUN5,-0.05117749999999999
CD81,-0.03590750000000009
RPSAP19///RPSAP58///RPSAP15///RPSA,0.056712500000000055
PALM,0.007331249999999956
PCBP4,0.026092500000000074
PCDHGC5///PCDHGA12,0.07608249999999994
GSTM4///GSTM2///GSTM1,0.03893500000000005
EBF4,-0.023506249999999895
IL32,0.0003049999999999442
ENHO,-0.09248375000000003
ZNF282,0.018882499999999913
ADRA1B,0.13242999999999988
NPPC,0.007065000000000099
FOXB1,-0.02858000000000005
SLC25A47,0.07468750000000007
ACCS,-0.01896500000000001
DUOXA2,0.04529249999999996
CCDC9,0.002995000000000081
HIST2H3PS2///HIST1H2BN///HIST1H2BL,-0.006338750000000171
LOC100131512,-0.08486125000000005
NKX6-2,0.005206250000000023
PSG2,-0.003737499999999949
WDR97,-0.015332499999999971
SCN1B,-0.005548749999999991
GALR3,-0.0013387499999999442
CLSTN3,-0.042444999999999955
ZNF213,-0.004080000000000028
HSF4,0.010773750000000026
GZMM,-0.05051500000000009
LGI3,-0.004663749999999911
ZACN,0.0004149999999999987
ALX4,0.020032499999999953
EHMT1-IT1,0.00565250000000006
PRTN3,-0.011676249999999999
POLD2,0.041987499999999955
ABHD16B,0.018683750000000054
SOD3,0.021475000000000077
LOC105371038,-0.0831925
OR7E156P,-0.02385874999999993
LINC01023,-0.01485874999999992
MAD1L1,-0.000627499999999892
NPBWR1,-0.03940374999999996
NPIPB4///SLC7A5P2///SLC7A5P1///SLC7A5,-0.004213750000000016
CYP2F1,-0.02140125000000004
LOC646626,-0.017341249999999975
RNF151,-0.016757500000000036
NAPSA,-0.050695000000000046
USH1G,-0.012500000000000011
LOC100133492///LINC00893///IDS,0.013926250000000029
LOC648218///LOC644669///ANKRD30BL///ANKRD30BP2,0.14131375000000002
POLM,0.029291250000000046
HPX,-0.09017874999999997
CLEC4F,-0.0044399999999999995
BTBD2,-0.004617499999999997
TRBC2,-0.0045737499999998765
MMP23B,-0.04718875
KLC2,-0.010539999999999994
GRM4,0.028060000000000085
UTS2R,-0.010732499999999978
GPR27,-0.0170637500000001
FAM86DP///FAM86FP///FAM86B1///FAM86C1,0.013643749999999955
