module,n_genes,cohort_a_fraction_up,cohort_a_median_effect,cohort_a_sign_p,cohort_a_sign_p_two_sided,cohort_b_fraction_up,cohort_b_median_effect,cohort_b_sign_p,cohort_b_sign_p_two_sided,gene_concordance,gene_concordance_p,gene_concordance_p_two_sided,same_direction,significant_in_cohort_a,significant_in_cohort_b,gene_level_replicated,direction_q_gse70362,direction_q_gse23130,direction_q_both,concordance_q_two_sided,replicated_fdr
KEGG_PROTEIN_EXPORT,22,0.9545454545454546,0.07290037979607819,5.483627319335917e-06,1.0967254638671834e-05,0.7727272727272727,0.1310279838709678,0.00845026969909663,0.01690053939819326,0.8181818181818182,0.0021717548370361254,0.004343509674072251,True,True,True,True,0.00194282135074506,0.05763047274177831,0.05763047274177831,1.0,False
REACTOME_HSP90_CHAPERONE_CYCLE_FOR_STEROID_HORMONE_RECEPTORS_SHR_IN_THE_PRESENCE_OF_LIGAND,49,0.6530612244897959,0.02257059042745084,0.022192080493575232,0.044384160987150464,0.7755102040816326,0.06728169354838724,7.098534259952869e-05,0.00014197068519905738,0.7551020408163265,0.00023487865900407039,0.00046975731800814077,True,True,True,True,0.4009879371942559,0.00131281127725246,0.4009879371942559,0.7170160710811528,False
REACTOME_ANTIGEN_PRESENTATION_FOLDING_ASSEMBLY_AND_PEPTIDE_LOADING_OF_CLASS_I_MHC,29,0.6896551724137931,0.05280046364705797,0.03071417286992053,0.06142834573984106,0.7586206896551724,0.2414095161290325,0.004065029323101013,0.008130058646202027,0.7241379310344828,0.01205977238714687,0.02411954477429374,True,True,True,True,0.4654093608597304,0.032838282829524335,0.4654093608597304,1.0,False
REACTOME_CHAPERONE_MEDIATED_AUTOPHAGY,21,0.7142857142857143,0.009288842921568693,0.03917694091796873,0.07835388183593746,0.7142857142857143,0.07068048387096801,0.03917694091796873,0.07835388183593746,0.7142857142857143,0.03917694091796873,0.07835388183593746,True,True,True,True,0.4926892089843763,0.18060454874793794,0.4926892089843763,1.0,False
REACTOME_RHO_GTPASES_ACTIVATE_IQGAPS,27,0.7037037037037037,0.018210025333331346,0.026119492948055455,0.05223898589611091,0.8518518518518519,0.22598443548387054,0.00015537440776825005,0.0003107488155365001,0.7037037037037037,0.026119492948055455,0.05223898589611091,True,True,True,True,0.43753026127750777,0.0024671572627443343,0.43753026127750777,1.0,False
REACTOME_SRP_DEPENDENT_COTRANSLATIONAL_PROTEIN_TARGETING_TO_MEMBRANE,63,0.7777777777777778,0.024341539411763757,5.5615115002244085e-06,1.1123023000448817e-05,0.873015873015873,0.60809185483871,4.880836543307311e-10,9.761673086614623e-10,0.6825396825396826,0.002576198521045998,0.005152397042091996,True,True,True,True,0.00194282135074506,5.6834629970956246e-08,0.00194282135074506,1.0,False
REACTOME_COOPERATION_OF_PREFOLDIN_AND_TRIC_CCT_IN_ACTIN_AND_TUBULIN_FOLDING,31,0.6774193548387096,0.01704579359215599,0.035377772990614134,0.07075554598122827,0.8064516129032258,0.1730740322580651,0.00043895514681935115,0.0008779102936387023,0.6774193548387096,0.035377772990614134,0.07075554598122827,True,True,True,True,0.4815052739501768,0.005656045006557541,0.4815052739501768,1.0,False
REACTOME_AGGREPHAGY,37,0.6486486486486487,0.009288842921568693,0.049435874796472656,0.09887174959294531,0.7567567567567568,0.07269249999999994,0.001281603996176287,0.002563207992352574,0.6756756756756757,0.02351551371975805,0.0470310274395161,True,True,True,True,0.5550942512861072,0.013476130314308516,0.5550942512861072,1.0,False
KEGG_PATHOGENIC_ESCHERICHIA_COLI_INFECTION,45,0.7111111111111111,0.047591669541175635,0.0033044114211407184,0.006608822842281437,0.7777777777777778,0.08707701612903247,0.00012354389230040435,0.0002470877846008087,0.6666666666666666,0.017848901777597348,0.035697803555194696,True,True,True,True,0.15510598225380054,0.002002175244291089,0.15510598225380054,1.0,False
REACTOME_CYCLIN_D_ASSOCIATED_EVENTS_IN_G1,44,0.6590909090909091,0.012577585172548752,0.024383382952237475,0.04876676590447495,0.6363636363636364,0.040466612903226104,0.04807087721030764,0.09614175442061527,0.6590909090909091,0.024383382952237475,0.04876676590447495,True,True,True,True,0.4235913622510318,0.21162075229458083,0.4235913622510318,1.0,False
KEGG_VIBRIO_CHOLERAE_INFECTION,54,0.6296296296296297,0.020131091558823047,0.037952364744549216,0.07590472948909843,0.7407407407407407,0.06928754032258062,0.000267717751428525,0.00053543550285705,0.6296296296296297,0.037952364744549216,0.07590472948909843,True,True,True,True,0.4926892089843763,0.0037409093799612558,0.4926892089843763,1.0,False
REACTOME_COPI_DEPENDENT_GOLGI_TO_ER_RETROGRADE_TRAFFIC,93,0.5913978494623656,0.011249506015685798,0.0482825986488522,0.0965651972977044,0.7311827956989247,0.052484354838710015,4.687817653858438e-06,9.375635307716876e-06,0.6236559139784946,0.011009294186961763,0.022018588373923526,True,True,True,True,0.550001775913012,0.00013521558443789844,0.550001775913012,1.0,False
REACTOME_TRANSPORT_TO_THE_GOLGI_AND_SUBSEQUENT_MODIFICATION,176,0.5681818181818182,0.011537606837254853,0.0413401388606278,0.0826802777212556,0.7102272727272727,0.06176701612903265,1.174778639997255e-08,2.34955727999451e-08,0.5852272727272727,0.014265690373906207,0.028531380747812415,True,True,True,True,0.5037728549527666,8.207786764780821e-07,0.5037728549527666,1.0,False
REACTOME_INTERFERON_SIGNALING,241,0.5809128630705395,0.014936424223529433,0.007102131106708665,0.01420426221341733,0.6307053941908713,0.02747572580645228,2.9732095742398767e-05,5.946419148479753e-05,0.5601659751037344,0.03553359271310625,0.0710671854262125,True,True,True,True,0.23487115375805115,0.0006360303686589623,0.23487115375805115,1.0,False
REACTOME_ASPARAGINE_N_LINKED_GLYCOSYLATION,286,0.5629370629370629,0.00857187832548896,0.019152217453565032,0.038304434907130064,0.6678321678321678,0.05207524193548507,7.156804646598541e-09,1.4313609293197083e-08,0.5594405594405595,0.02541376583230842,0.05082753166461684,True,True,True,True,0.38137529481132104,5.488047270464833e-07,0.38137529481132104,1.0,False
REACTOME_PHENYLALANINE_AND_TYROSINE_METABOLISM,10,0.1,-0.05239893993137297,0.9990234374999984,0.02148437500000002,0.2,-0.04157044354838686,0.9892578124999983,0.109375,0.9,0.01074218750000001,0.02148437500000002,True,False,False,False,0.29625822368421084,0.22955607476635534,0.29625822368421084,1.0,False
REACTOME_NEGATIVE_REGULATION_OF_FLT3,14,0.7142857142857143,0.009725820739215008,0.08978271484375025,0.1795654296875005,0.8571428571428571,0.03728866935483921,0.006469726562500025,0.01293945312500005,0.8571428571428571,0.006469726562500025,0.01293945312500005,True,False,True,False,0.6939395657941977,0.047525281103972146,0.6939395657941977,1.0,False
REACTOME_INTERLEUKIN_35_SIGNALLING,12,0.4166666666666667,-0.035897137605882576,0.8061523437499982,0.7744140624999993,0.5833333333333334,0.05297935483871015,0.38720703124999967,0.7744140624999993,0.8333333333333334,0.01928710937499998,0.03857421874999996,False,False,False,False,1.0,0.9153224859022547,1.0,1.0,False
KEGG_PRIMARY_BILE_ACID_BIOSYNTHESIS,15,0.6666666666666666,0.015105181682352857,0.1508789062499999,0.3017578124999998,0.8666666666666667,0.012185000000000503,0.0036926269531250026,0.007385253906250005,0.8,0.017578125000000014,0.03515625000000003,True,False,True,False,0.8219748857070005,0.030471441313976402,0.8219748857070005,1.0,False
REACTOME_MASTL_FACILITATES_MITOTIC_PROGRESSION,10,0.5,8.222259803913369e-05,0.6230468749999987,1.0,0.7,0.07145995967741961,0.17187499999999986,0.3437499999999997,0.8,0.05468750000000005,0.1093750000000001,True,False,False,False,1.0,0.5264344900846433,1.0,1.0,False
REACTOME_PEXOPHAGY,10,0.5,0.002180769450978875,0.6230468749999987,1.0,0.7,0.07669911290322617,0.17187499999999986,0.3437499999999997,0.8,0.05468750000000005,0.1093750000000001,True,False,False,False,1.0,0.5264344900846433,1.0,1.0,False
REACTOME_RAP1_SIGNALLING,15,0.4,-0.012085110772549257,0.8491210937499997,0.6072387695312499,0.6,0.045470322580645525,0.3036193847656248,0.6072387695312496,0.8,0.017578125000000014,0.03515625000000003,False,False,False,False,1.0,0.7841819539583625,1.0,1.0,False
REACTOME_REGULATION_OF_FOXO_TRANSCRIPTIONAL_ACTIVITY_BY_ACETYLATION,10,0.4,-0.0076810373921572875,0.8281249999999983,0.7539062499999992,0.6,0.009908911290322831,0.3769531249999994,0.7539062499999988,0.8,0.05468750000000005,0.1093750000000001,False,False,False,False,1.0,0.905378628724216,1.0,1.0,False
REACTOME_RUNX1_AND_FOXP3_CONTROL_THE_DEVELOPMENT_OF_REGULATORY_T_LYMPHOCYTES_TREGS,10,0.5,-0.005935757335294181,0.6230468749999987,1.0,0.5,0.014210040322581075,0.6230468749999987,1.0,0.8,0.05468750000000005,0.1093750000000001,False,False,False,False,1.0,1.0,1.0,1.0,False
REACTOME_SPECIFICATION_OF_PRIMORDIAL_GERM_CELLS,10,0.3,-0.025719568905882652,0.9453124999999984,0.3437499999999999,0.1,-0.05239568548387055,0.9990234374999984,0.02148437500000002,0.8,0.05468750000000005,0.1093750000000001,True,False,False,False,0.8498864024877469,0.06878500509164977,0.8498864024877469,1.0,False
REACTOME_ZINC_INFLUX_INTO_CELLS_BY_THE_SLC39_GENE_FAMILY,10,0.7,0.026713643856862434,0.17187499999999986,0.3437499999999997,0.5,0.038140766129032416,0.6230468749999987,1.0,0.8,0.05468750000000005,0.1093750000000001,True,False,False,False,0.8498864024877469,1.0,1.0,1.0,False
REACTOME_DCC_MEDIATED_ATTRACTIVE_SIGNALING,14,0.6428571428571429,0.053587686931371656,0.21197509765625067,0.42395019531250133,0.7142857142857143,0.07648016129032276,0.08978271484375025,0.1795654296875005,0.7857142857142857,0.02868652343750004,0.05737304687500008,True,False,False,False,0.9063695397066046,0.3340554502588767,0.9063695397066046,1.0,False
REACTOME_GLYCOGEN_STORAGE_DISEASES,14,0.5,0.0013969602294108241,0.6047363281250012,1.0,0.7142857142857143,0.04324838709677465,0.08978271484375025,0.1795654296875005,0.7857142857142857,0.02868652343750004,0.05737304687500008,True,False,False,False,1.0,0.3340554502588767,1.0,1.0,False
REACTOME_BIOSYNTHESIS_OF_SPECIALIZED_PRORESOLVING_MEDIATORS_SPMS,18,0.5,-0.005357881052941397,0.5927352905273445,1.0,0.6111111111111112,0.0071343145161291525,0.24034118652343725,0.4806823730468745,0.7777777777777778,0.015441894531249983,0.030883789062499965,False,False,False,False,1.0,0.669887136905751,1.0,1.0,False
REACTOME_METHYLATION,13,0.46153846153846156,-0.013307091356863547,0.7094726562499986,0.9999999999999977,0.6923076923076923,0.036522983870967814,0.1334228515625,0.266845703125,0.7692307692307693,0.04614257812499994,0.09228515624999988,False,False,False,False,1.0,0.4360513984537425,1.0,1.0,False
REACTOME_PHYSIOLOGICAL_FACTORS,13,0.46153846153846156,-0.006075979725490237,0.7094726562499986,0.9999999999999977,0.23076923076923078,-0.014971451612902406,0.9887695312499981,0.09228515625,0.7692307692307693,0.04614257812499994,0.09228515624999988,True,False,False,False,1.0,0.20783992209885388,1.0,1.0,False
REACTOME_TRANSPORT_OF_CONNEXONS_TO_THE_PLASMA_MEMBRANE,17,0.7058823529411765,0.016736044294117458,0.07173156738281275,0.1434631347656255,0.8235294117647058,0.1730740322580651,0.006362915039062509,0.012725830078125017,0.7647058823529411,0.02452087402343759,0.04904174804687518,True,False,True,False,0.6517461643473793,0.04696010535871486,0.6517461643473793,1.0,False
REACTOME_GLYCOGEN_SYNTHESIS,12,0.5,0.0023060059196062894,0.6127929687499988,1.0,0.75,0.07639774193548404,0.07299804687500001,0.14599609375000003,0.75,0.07299804687500001,0.14599609375000003,True,False,False,False,1.0,0.2858105347135744,1.0,1.0,False
REACTOME_INHIBITION_OF_REPLICATION_INITIATION_OF_DAMAGED_DNA_BY_RB1_E2F1,12,0.5,0.009660463968627249,0.6127929687499988,1.0,0.5833333333333334,0.018165725806451722,0.38720703124999967,0.7744140624999993,0.75,0.07299804687500001,0.14599609375000003,True,False,False,False,1.0,0.9153224859022547,1.0,1.0,False
REACTOME_METABOLISM_OF_ANGIOTENSINOGEN_TO_ANGIOTENSINS,16,0.5,0.011554795862744965,0.5981903076171879,1.0,0.5,-0.0010214516129030782,0.5981903076171879,1.0,0.75,0.03840637207031257,0.07681274414062514,False,False,False,False,1.0,1.0,1.0,1.0,False
REACTOME_PECAM1_INTERACTIONS,12,0.8333333333333334,0.037138371166666406,0.01928710937499998,0.03857421874999996,0.75,0.07018383064516151,0.07299804687500001,0.14599609375000003,0.75,0.07299804687500001,0.14599609375000003,True,True,False,False,0.38137529481132104,0.2858105347135744,0.38137529481132104,1.0,False
REACTOME_SCAVENGING_OF_HEME_FROM_PLASMA,12,0.25,-0.01895191877254925,0.9807128906249984,0.14599609375000017,0.3333333333333333,-0.009599798387096486,0.9270019531249984,0.3876953125000003,0.75,0.07299804687500001,0.14599609375000003,True,False,False,False,0.6520052823153416,0.5727979617011283,0.6520052823153416,1.0,False
REACTOME_TP53_REGULATES_TRANSCRIPTION_OF_CASPASE_ACTIVATORS_AND_CASPASES,12,0.5,-0.0017373844509806335,0.6127929687499988,1.0,0.5833333333333334,0.03394137096774217,0.38720703124999967,0.7744140624999993,0.75,0.07299804687500001,0.14599609375000003,False,False,False,False,1.0,0.9153224859022547,1.0,1.0,False
REACTOME_TP53_REGULATES_TRANSCRIPTION_OF_GENES_INVOLVED_IN_CYTOCHROME_C_RELEASE,20,0.5,0.0018899915509802325,0.5880985260009778,1.0,0.55,0.008110806451613306,0.41190147399902427,0.8238029479980485,0.75,0.02069473266601564,0.04138946533203128,True,False,False,False,1.0,0.9479300469241811,1.0,1.0,False
REACTOME_TRANSLESION_SYNTHESIS_BY_POLK,16,0.5625,0.006955036607841677,0.4018096923828125,0.803619384765625,0.8125,0.13008012096774207,0.010635375976562516,0.02127075195312503,0.75,0.03840637207031257,0.07681274414062514,True,False,True,False,1.0,0.06878500509164977,1.0,1.0,False
REACTOME_SYNTHESIS_OF_ACTIVE_UBIQUITIN_ROLES_OF_E1_AND_E2_ENZYMES,27,0.6296296296296297,0.014984014921568953,0.12389428168535326,0.2477885633707065,0.8148148148148148,0.0355312903225809,0.0007568597793579158,0.0015137195587158316,0.7407407407407407,0.00957864522933966,0.01915729045867932,True,False,True,False,0.7622771460249522,0.008813211652967732,0.7622771460249522,1.0,False
REACTOME_POST_CHAPERONIN_TUBULIN_FOLDING_PATHWAY,19,0.6842105263157895,0.016736044294117458,0.0835342407226563,0.1670684814453126,0.8421052631578947,0.052484354838710015,0.0022125244140625043,0.004425048828125009,0.7368421052631579,0.031784057617187486,0.06356811523437497,True,False,True,False,0.6899561990553106,0.020519695450774377,0.6899561990553106,1.0,False
REACTOME_NRIF_SIGNALS_CELL_DEATH_FROM_THE_NUCLEUS,15,0.4666666666666667,-0.008588037509804108,0.6963806152343749,0.9999999999999998,0.6,0.0225023387096775,0.3036193847656248,0.6072387695312496,0.7333333333333333,0.059234619140624965,0.11846923828124993,False,False,False,False,1.0,0.7841819539583625,1.0,1.0,False
REACTOME_RESPIRATORY_SYNCYTIAL_VIRUS_RSV_GENOME_REPLICATION_TRANSCRIPTION_AND_TRANSLATION,15,0.8,0.03819426203921489,0.017578125000000014,0.03515625000000003,0.6666666666666666,0.11013032258064515,0.1508789062499999,0.3017578124999998,0.7333333333333333,0.059234619140624965,0.11846923828124993,True,True,False,False,0.36919390272937036,0.4786713231584257,0.4786713231584257,1.0,False
REACTOME_SARS_COV_1_MODULATES_HOST_TRANSLATION_MACHINERY,15,0.6666666666666666,0.014486125529410488,0.1508789062499999,0.3017578124999998,0.9333333333333333,0.7665816129032259,0.00048828124999999864,0.0009765624999999973,0.7333333333333333,0.059234619140624965,0.11846923828124993,True,False,True,False,0.8219748857070005,0.00611616035856572,0.8219748857070005,1.0,False
REACTOME_ZINC_TRANSPORTERS,15,0.6666666666666666,0.012814068403921432,0.1508789062499999,0.3017578124999998,0.4,-0.004004435483870604,0.8491210937499997,0.6072387695312499,0.7333333333333333,0.059234619140624965,0.11846923828124993,False,False,False,False,0.8219748857070005,0.7841819539583625,0.8219748857070005,1.0,False
REACTOME_ATF6_ATF6_ALPHA_ACTIVATES_CHAPERONES,11,0.5454545454545454,0.043114733882352575,0.5,1.0,0.8181818181818182,0.1843448387096776,0.03271484375000009,0.06542968750000018,0.7272727272727273,0.11328125000000024,0.22656250000000047,True,False,True,False,1.0,0.1553707987160125,1.0,1.0,False
REACTOME_CHK1_CHK2_CDS1_MEDIATED_INACTIVATION_OF_CYCLIN_B_CDK1_COMPLEX,11,0.7272727272727273,0.04238315176470554,0.11328125000000024,0.22656250000000047,0.6363636363636364,0.03943443548387109,0.2744140625000004,0.5488281250000008,0.7272727272727273,0.11328125000000024,0.22656250000000047,True,False,False,False,0.7378528981121056,0.7392954691516723,0.7392954691516723,1.0,False
REACTOME_CONSTITUTIVE_SIGNALING_BY_OVEREXPRESSED_ERBB2,11,0.45454545454545453,-0.00018469028235396697,0.7255859374999999,1.0,0.7272727272727273,0.0425560483870972,0.11328125000000024,0.22656250000000047,0.7272727272727273,0.11328125000000024,0.22656250000000047,False,False,False,False,1.0,0.3909508781558735,1.0,1.0,False
REACTOME_INTERLEUKIN_27_SIGNALING,11,0.5454545454545454,0.009043963086272798,0.5,1.0,0.6363636363636364,0.1590570161290327,0.2744140625000004,0.5488281250000008,0.7272727272727273,0.11328125000000024,0.22656250000000047,True,False,False,False,1.0,0.7392954691516723,1.0,1.0,False
REACTOME_INTERLEUKIN_6_SIGNALING,11,0.6363636363636364,0.025194489137254944,0.2744140625000004,0.5488281250000008,0.7272727272727273,0.06028951612903263,0.11328125000000024,0.22656250000000047,0.7272727272727273,0.11328125000000024,0.22656250000000047,True,False,False,False,0.9919146069216969,0.3909508781558735,0.9919146069216969,1.0,False
REACTOME_IRF3_MEDIATED_INDUCTION_OF_TYPE_I_IFN,11,0.5454545454545454,0.014687298235293467,0.5,1.0,0.45454545454545453,-0.006331935483870871,0.7255859374999999,1.0,0.7272727272727273,0.11328125000000024,0.22656250000000047,False,False,False,False,1.0,1.0,1.0,1.0,False
REACTOME_JOSEPHIN_DOMAIN_DUBS,11,0.5454545454545454,0.0024160245450980337,0.5,1.0,0.6363636363636364,0.09522935483871006,0.2744140625000004,0.5488281250000008,0.7272727272727273,0.11328125000000024,0.22656250000000047,True,False,False,False,1.0,0.7392954691516723,1.0,1.0,False
REACTOME_PYRIMIDINE_SALVAGE,11,0.09090909090909091,-0.04170900390196152,0.9995117187500003,0.011718750000000026,0.36363636363636365,-0.015608145161290131,0.88671875,0.548828125000001,0.7272727272727273,0.11328125000000024,0.22656250000000047,True,False,False,False,0.2117456896551729,0.7392954691516723,0.7392954691516723,1.0,False
REACTOME_REGULATED_PROTEOLYSIS_OF_P75NTR,11,0.5454545454545454,0.011097444313725247,0.5,1.0,0.45454545454545453,-0.009771129032258193,0.7255859374999999,1.0,0.7272727272727273,0.11328125000000024,0.22656250000000047,False,False,False,False,1.0,1.0,1.0,1.0,False
REACTOME_FORMATION_OF_THE_NEPHRIC_DUCT,18,0.3888888888888889,-0.014990949878431192,0.8810577392578133,0.4806823730468747,0.4444444444444444,-0.006946814516128706,0.7596588134765634,0.8145294189453127,0.7222222222222222,0.04812622070312501,0.09625244140625001,True,False,False,False,0.9528785503526949,0.9449743517210566,0.9528785503526949,1.0,False
REACTOME_TP53_REGULATES_TRANSCRIPTION_OF_GENES_INVOLVED_IN_G2_CELL_CYCLE_ARREST,18,0.4444444444444444,-0.01277619966862765,0.7596588134765634,0.8145294189453127,0.7222222222222222,0.03381108870967754,0.04812622070312501,0.09625244140625001,0.7222222222222222,0.04812622070312501,0.09625244140625001,False,False,True,False,1.0,0.21162075229458083,1.0,1.0,False
REACTOME_TRANSLESION_SYNTHESIS_BY_POLH,18,0.4444444444444444,-0.01147793179411835,0.7596588134765634,0.8145294189453127,0.7222222222222222,0.10776278225806486,0.04812622070312501,0.09625244140625001,0.7222222222222222,0.04812622070312501,0.09625244140625001,False,False,True,False,1.0,0.21162075229458083,1.0,1.0,False
KEGG_BETA_ALANINE_METABOLISM,21,0.47619047619047616,-0.0024661710666667135,0.6681880950927742,1.0,0.5714285714285714,0.03054161290322585,0.3318119049072274,0.6636238098144548,0.7142857142857143,0.03917694091796873,0.07835388183593746,False,False,False,False,1.0,0.8352414964197943,1.0,1.0,False
REACTOME_STING_MEDIATED_INDUCTION_OF_HOST_IMMUNE_RESPONSES,14,0.5714285714285714,0.021509628707841847,0.395263671875001,0.790527343750002,0.42857142857142855,-0.015806814516128857,0.7880249023437517,0.7905273437500014,0.7142857142857143,0.08978271484375025,0.1795654296875005,False,False,False,False,1.0,0.926012656017141,1.0,1.0,False
REACTOME_TRANSLESION_SYNTHESIS_BY_Y_FAMILY_DNA_POLYMERASES_BYPASSES_LESIONS_ON_DNA_TEMPLATE,38,0.5,0.002518013976469605,0.5642926603177315,1.0,0.7368421052631579,0.04688383064516162,0.002548821648815665,0.00509764329763133,0.7105263157894737,0.006926482630660729,0.013852965261321458,True,False,True,False,1.0,0.023027285241024282,1.0,1.0,False
REACTOME_BUTYRATE_RESPONSE_FACTOR_1_BRF1_BINDS_AND_DESTABILIZES_MRNA,17,0.5294117647058824,0.009666848043136734,0.5000000000000017,1.0,0.5882352941176471,0.04701314516129031,0.3145294189453131,0.6290588378906262,0.7058823529411765,0.07173156738281275,0.1434631347656255,True,False,False,False,1.0,0.8052772745635703,1.0,1.0,False
REACTOME_REGULATION_OF_MITF_M_DEPENDENT_GENES_INVOLVED_IN_LYSOSOME_BIOGENESIS_AND_AUTOPHAGY,17,0.8823529411764706,0.08164936163529334,0.001174926757812504,0.002349853515625008,0.8235294117647058,0.09615532258064503,0.006362915039062509,0.012725830078125017,0.7058823529411765,0.07173156738281275,0.1434631347656255,True,True,True,False,0.0852269348890892,0.04696010535871486,0.0852269348890892,1.0,False
REACTOME_REGULATION_OF_RUNX1_EXPRESSION_AND_ACTIVITY,17,0.5882352941176471,0.02384289473333324,0.3145294189453131,0.6290588378906262,0.7647058823529411,0.11158330645161321,0.02452087402343759,0.04904174804687518,0.7058823529411765,0.07173156738281275,0.1434631347656255,True,False,True,False,1.0,0.1272172078047653,1.0,1.0,False
REACTOME_INTERLEUKIN_21_SIGNALING,10,0.5,-0.014475610631372655,0.6230468749999987,1.0,0.6,0.020956209677419547,0.3769531249999994,0.7539062499999988,0.7,0.17187499999999986,0.3437499999999997,False,False,False,False,1.0,0.905378628724216,1.0,1.0,False
REACTOME_NEGATIVE_REGULATION_OF_ACTIVITY_OF_TFAP2_AP_2_FAMILY_TRANSCRIPTION_FACTORS,10,0.5,-0.004140643354902293,0.6230468749999987,1.0,0.4,-0.009860443548386914,0.8281249999999983,0.7539062499999992,0.7,0.17187499999999986,0.3437499999999997,True,False,False,False,1.0,0.905378628724216,1.0,1.0,False
REACTOME_P75NTR_REGULATES_AXONOGENESIS,10,0.4,-0.00752009968431383,0.8281249999999983,0.7539062499999992,0.5,0.008582661290322919,0.6230468749999987,1.0,0.7,0.17187499999999986,0.3437499999999997,False,False,False,False,1.0,1.0,1.0,1.0,False
REACTOME_REACTIONS_SPECIFIC_TO_THE_COMPLEX_N_GLYCAN_SYNTHESIS_PATHWAY,10,0.5,-0.005285074898039525,0.6230468749999987,1.0,0.8,0.01648318548387117,0.05468750000000005,0.1093750000000001,0.7,0.17187499999999986,0.3437499999999997,False,False,False,False,1.0,0.22955607476635534,1.0,1.0,False
REACTOME_REGULATION_OF_CDH11_FUNCTION,10,0.5,0.0005169313137249982,0.6230468749999987,1.0,0.8,0.06713254032258098,0.05468750000000005,0.1093750000000001,0.7,0.17187499999999986,0.3437499999999997,True,False,False,False,1.0,0.22955607476635534,1.0,1.0,False
REACTOME_ZYGOTIC_GENOME_ACTIVATION_ZGA,10,0.4,-0.0076810373921572875,0.8281249999999983,0.7539062499999992,0.7,0.07558459677419369,0.17187499999999986,0.3437499999999997,0.7,0.17187499999999986,0.3437499999999997,False,False,False,False,1.0,0.5264344900846433,1.0,1.0,False
REACTOME_STRIATED_MUSCLE_CONTRACTION,36,0.3888888888888889,-0.006009517801960795,0.933750918018631,0.2429849540349095,0.4722222222222222,-0.013845967741935127,0.6911403414851519,0.8679394004284389,0.6944444444444444,0.014408359827939405,0.02881671965587881,True,False,False,False,0.7593883652939916,0.9766648084992884,0.9766648084992884,1.0,False
REACTOME_METABOLISM_OF_NITRIC_OXIDE_NOS3_ACTIVATION_AND_REGULATION,13,0.5384615384615384,0.024704187168627198,0.4999999999999993,0.9999999999999986,0.6923076923076923,0.05339782258064571,0.1334228515625,0.266845703125,0.6923076923076923,0.1334228515625,0.266845703125,True,False,False,False,1.0,0.4360513984537425,1.0,1.0,False
REACTOME_PENTOSE_PHOSPHATE_PATHWAY,13,0.46153846153846156,-0.013027246905882769,0.7094726562499986,0.9999999999999977,0.46153846153846156,-0.0034513709677418862,0.7094726562499986,0.9999999999999977,0.6923076923076923,0.1334228515625,0.266845703125,True,False,False,False,1.0,1.0,1.0,1.0,False
REACTOME_REGULATION_OF_INNATE_IMMUNE_RESPONSES_TO_CYTOSOLIC_DNA,13,0.38461538461538464,-0.03538489983529493,0.866577148437498,0.5810546874999991,0.5384615384615384,0.015564838709677405,0.4999999999999993,0.9999999999999986,0.6923076923076923,0.1334228515625,0.266845703125,False,False,False,False,1.0,1.0,1.0,1.0,False
REACTOME_TRANSLATION_OF_REPLICASE_AND_ASSEMBLY_OF_THE_REPLICATION_TRANSCRIPTION_COMPLEX,13,0.38461538461538464,-0.009493266243137238,0.866577148437498,0.5810546874999991,0.6923076923076923,0.09701314516129075,0.1334228515625,0.266845703125,0.6923076923076923,0.1334228515625,0.266845703125,False,False,False,False,1.0,0.4360513984537425,1.0,1.0,False
REACTOME_MRNA_DECAY_BY_3_TO_5_EXORIBONUCLEASE,16,0.625,0.03241284014705798,0.22724914550781222,0.45449829101562444,0.6875,0.05729963709677426,0.10505676269531242,0.21011352539062483,0.6875,0.10505676269531242,0.21011352539062483,True,False,False,False,0.9327301742513864,0.3719577273807009,0.9327301742513864,1.0,False
REACTOME_NUCLEAR_SIGNALING_BY_ERBB4,32,0.625,0.013020513721568544,0.10766357486136183,0.21532714972272365,0.5625,0.013059112903226082,0.2983074479270704,0.5966148958541408,0.6875,0.02505122986622141,0.05010245973244282,True,False,False,False,0.7374603036255373,0.7809499144933463,0.7809499144933463,1.0,False
REACTOME_ONCOGENE_INDUCED_SENESCENCE,32,0.59375,0.007361228870587453,0.18854279373772315,0.3770855874754463,0.59375,0.04114508064516172,0.18854279373772315,0.3770855874754463,0.6875,0.02505122986622141,0.05010245973244282,True,False,False,False,0.8808717407967036,0.5661686184445096,0.8808717407967036,1.0,False
REACTOME_PLATELET_SENSITIZATION_BY_LDL,16,0.4375,-0.005127345180392425,0.7727508544921882,0.803619384765625,0.625,0.06929104838709707,0.22724914550781222,0.45449829101562444,0.6875,0.10505676269531242,0.21011352539062483,False,False,False,False,1.0,0.648929440033208,1.0,1.0,False
REACTOME_REGULATION_OF_KIT_SIGNALING,16,0.625,0.012641746843137205,0.22724914550781222,0.45449829101562444,0.6875,0.02719479838709721,0.10505676269531242,0.21011352539062483,0.6875,0.10505676269531242,0.21011352539062483,True,False,False,False,0.9327301742513864,0.3719577273807009,0.9327301742513864,1.0,False
REACTOME_MATURATION_OF_SPIKE_PROTEIN,35,0.6285714285714286,0.030959168945097745,0.08773262449540227,0.17546524899080454,0.7142857142857143,0.05691040322580705,0.00833692390006037,0.01667384780012074,0.6857142857142857,0.020479795755818514,0.04095959151163703,True,False,True,False,0.6939395657941977,0.057355117596914224,0.6939395657941977,1.0,False
REACTOME_GABA_SYNTHESIS_RELEASE_REUPTAKE_AND_DEGRADATION,19,0.2631578947368421,-0.01288033192941189,0.990394592285159,0.06356811523437508,0.5789473684210527,0.01909064516129065,0.3238029479980474,0.6476058959960947,0.6842105263157895,0.0835342407226563,0.1670684814453126,False,False,False,False,0.4654093608597304,0.8216597808764017,0.8216597808764017,1.0,False
REACTOME_REGULATION_OF_FZD_BY_UBIQUITINATION,19,0.47368421052631576,-0.0012780962352946107,0.6761970520019551,1.0,0.47368421052631576,-0.004289032258064449,0.6761970520019551,1.0,0.6842105263157895,0.0835342407226563,0.1670684814453126,True,False,False,False,1.0,1.0,1.0,1.0,False
REACTOME_TRANSCRIPTION_OF_E2F_TARGETS_UNDER_NEGATIVE_CONTROL_BY_DREAM_COMPLEX,19,0.7368421052631579,0.04551830857254863,0.031784057617187486,0.06356811523437497,0.631578947368421,0.023896612903226346,0.17964172363281283,0.35928344726562567,0.6842105263157895,0.0835342407226563,0.1670684814453126,True,True,False,False,0.4654093608597304,0.5435934351314382,0.5435934351314382,1.0,False
REACTOME_GLYCOGEN_METABOLISM,22,0.5,-0.0002110681529419716,0.5840940475463855,1.0,0.6363636363636364,0.02252205645161328,0.14313936233520455,0.2862787246704091,0.6818181818181818,0.06690025329589823,0.13380050659179646,False,False,False,False,1.0,0.46109647047324087,1.0,1.0,False
REACTOME_TP53_REGULATES_TRANSCRIPTION_OF_CELL_DEATH_GENES,44,0.4772727272727273,-0.005084355431372705,0.674206086395543,0.8803958212806716,0.5681818181818182,0.008934959677419696,0.2256904161980636,0.4513808323961272,0.6818181818181818,0.011314420602957405,0.02262884120591481,False,False,False,False,1.0,0.648929440033208,1.0,1.0,False
REACTOME_INTRAFLAGELLAR_TRANSPORT,50,0.46,-0.007271339231372713,0.7600561691508486,0.6718110337653816,0.66,0.02491125000000018,0.016419568782134547,0.032839137564269094,0.68,0.007673338916315189,0.015346677832630377,False,False,True,False,1.0,0.09454784661360992,1.0,1.0,False
REACTOME_ACTIVATION_OF_BH3_ONLY_PROTEINS,28,0.4642857142857143,-0.003539936196078596,0.714205905795092,0.850554019212717,0.6428571428571429,0.01778221774193576,0.09246667101979189,0.18493334203958378,0.6785714285714286,0.043579276651143695,0.08715855330228739,False,False,False,False,1.0,0.3420178984543832,1.0,1.0,False
REACTOME_EVASION_BY_RSV_OF_HOST_INTERFERON_RESPONSES,28,0.6071428571428571,0.009799590050979719,0.17246422544121584,0.3449284508824317,0.5714285714285714,0.021943749999999998,0.2857940942049005,0.571588188409801,0.6785714285714286,0.043579276651143695,0.08715855330228739,True,False,False,False,0.8498864024877469,0.7627645434466953,0.8498864024877469,1.0,False
KEGG_GLYCINE_SERINE_AND_THREONINE_METABOLISM,31,0.45161290322580644,-0.011279683043137404,0.7634351700544333,0.720100131817159,0.5806451612903226,0.012435000000000154,0.23656482994556394,0.4731296598911279,0.6774193548387096,0.035377772990614134,0.07075554598122827,False,False,False,False,1.0,0.669450787892757,1.0,1.0,False
REACTOME_TERMINATION_OF_TRANSLESION_DNA_SYNTHESIS,31,0.4838709677419355,-0.0003255151058826098,0.6399499340914175,0.9999999999999968,0.7419354838709677,0.04535282258064569,0.00533692026510832,0.01067384053021664,0.6774193548387096,0.035377772990614134,0.07075554598122827,False,False,True,False,1.0,0.041843584322944036,1.0,1.0,False
REACTOME_OVARIAN_TUMOR_DOMAIN_PROTEASES,37,0.6216216216216216,0.011871065611764327,0.09387077949941156,0.1877415589988231,0.7297297297297297,0.07756709677419374,0.003816039301455021,0.007632078602910042,0.6756756756756757,0.02351551371975805,0.0470310274395161,True,False,True,False,0.7117140920538645,0.031243821780662984,0.7117140920538645,1.0,False
REACTOME_ATTENUATION_PHASE,24,0.5416666666666666,0.03157004017646961,0.4194098711013804,0.8388197422027608,0.7083333333333334,0.023523145161290754,0.031957328319549505,0.06391465663909901,0.6666666666666666,0.07579481601715092,0.15158963203430184,True,False,True,False,1.0,0.1531613418241824,1.0,1.0,False
REACTOME_CD209_DC_SIGN_SIGNALING,21,0.42857142857142855,-0.005724421870588847,0.8083448410034197,0.6636238098144559,0.5714285714285714,0.011373306451613368,0.3318119049072274,0.6636238098144548,0.6666666666666666,0.09462356567382803,0.18924713134765606,False,False,False,False,1.0,0.8352414964197943,1.0,1.0,False
REACTOME_CONSTITUTIVE_SIGNALING_BY_LIGAND_RESPONSIVE_EGFR_CANCER_VARIANTS,18,0.6111111111111112,0.01503974315294042,0.24034118652343725,0.4806823730468745,0.7222222222222222,0.042557620967742106,0.04812622070312501,0.09625244140625001,0.6666666666666666,0.11894226074218746,0.23788452148437492,True,False,True,False,0.9528785503526949,0.21162075229458083,0.9528785503526949,1.0,False
REACTOME_DOWNREGULATION_OF_ERBB2_ERBB3_SIGNALING,12,0.3333333333333333,-0.02009264018627503,0.9270019531249984,0.3876953125000003,0.5,0.04468625000000048,0.6127929687499988,1.0,0.6666666666666666,0.19384765625000006,0.3876953125000001,False,False,False,False,0.8808717407967036,1.0,1.0,1.0,False
REACTOME_E2F_MEDIATED_REGULATION_OF_DNA_REPLICATION,21,0.47619047619047616,-0.002546044490196234,0.6681880950927742,1.0,0.7142857142857143,0.05134048387096789,0.03917694091796873,0.07835388183593746,0.6666666666666666,0.09462356567382803,0.18924713134765606,False,False,True,False,1.0,0.18060454874793794,1.0,1.0,False
REACTOME_ETHANOL_OXIDATION,12,0.25,-0.018698983886274657,0.9807128906249984,0.14599609375000017,0.25,-0.014219032258064314,0.9807128906249984,0.14599609375000017,0.6666666666666666,0.19384765625000006,0.3876953125000001,True,False,False,False,0.6520052823153416,0.2858105347135744,0.6520052823153416,1.0,False
REACTOME_FORMATION_OF_TUBULIN_FOLDING_INTERMEDIATES_BY_CCT_TRIC,24,0.7083333333333334,0.01983956632352854,0.031957328319549505,0.06391465663909901,0.7916666666666666,0.1678299596774196,0.003305375576019281,0.006610751152038562,0.6666666666666666,0.07579481601715092,0.15158963203430184,True,True,True,False,0.4654093608597304,0.027860860083122302,0.4654093608597304,1.0,False
REACTOME_LISTERIA_MONOCYTOGENES_ENTRY_INTO_HOST_CELLS,18,0.6111111111111112,0.007979809837254302,0.24034118652343725,0.4806823730468745,0.6111111111111112,0.033666129032258116,0.24034118652343725,0.4806823730468745,0.6666666666666666,0.11894226074218746,0.23788452148437492,True,False,False,False,0.9528785503526949,0.669887136905751,0.9528785503526949,1.0,False
REACTOME_MAP2K_AND_MAPK_ACTIVATION,39,0.5128205128205128,0.0058165112274506684,0.500000000000001,1.0,0.6410256410256411,0.05908733870967768,0.0540645107030287,0.1081290214060574,0.6666666666666666,0.02662595704896376,0.05325191409792752,True,False,False,False,1.0,0.22955607476635534,1.0,1.0,False
REACTOME_METALLOPROTEASE_DUBS,21,0.42857142857142855,-0.009637652913725727,0.8083448410034197,0.6636238098144559,0.5714285714285714,0.0072115322580647186,0.3318119049072274,0.6636238098144548,0.6666666666666666,0.09462356567382803,0.18924713134765606,False,False,False,False,1.0,0.8352414964197943,1.0,1.0,False
REACTOME_METAL_ION_SLC_TRANSPORTERS,24,0.5833333333333334,0.0112378580470585,0.27062809467315696,0.5412561893463139,0.5,0.001104516129032233,0.5805901288986216,1.0,0.6666666666666666,0.07579481601715092,0.15158963203430184,True,False,False,False,0.9919146069216969,1.0,1.0,1.0,False
REACTOME_MISCELLANEOUS_TRANSPORT_AND_BINDING_EVENTS,24,0.625,0.016448097217646722,0.15372812747955353,0.30745625495910706,0.4583333333333333,-0.012866491935483688,0.7293719053268445,0.8388197422027591,0.6666666666666666,0.07579481601715092,0.15158963203430184,False,False,False,False,0.8219748857070005,0.9555250976396666,0.9555250976396666,1.0,False
REACTOME_PROLACTIN_RECEPTOR_SIGNALING,15,0.4666666666666667,-0.018422102603921676,0.6963806152343749,0.9999999999999998,0.6666666666666666,0.01597379032258065,0.1508789062499999,0.3017578124999998,0.6666666666666666,0.1508789062499999,0.3017578124999998,False,False,False,False,1.0,0.4786713231584257,1.0,1.0,False
REACTOME_SEALING_OF_THE_NUCLEAR_ENVELOPE_NE_BY_ESCRT_III,27,0.5555555555555556,0.005278740117645787,0.3505540192127257,0.7011080384254514,0.8148148148148148,0.1730740322580651,0.0007568597793579158,0.0015137195587158316,0.6666666666666666,0.061039060354233315,0.12207812070846663,True,False,True,False,1.0,0.008813211652967732,1.0,1.0,False
REACTOME_SYNTHESIS_OF_BILE_ACIDS_AND_BILE_SALTS_VIA_24_HYDROXYCHOLESTEROL,12,0.6666666666666666,0.014343530178431325,0.19384765625000006,0.3876953125000001,0.8333333333333334,0.012562379032258288,0.01928710937499998,0.03857421874999996,0.6666666666666666,0.19384765625000006,0.3876953125000001,True,False,True,False,0.8808717407967036,0.10657060083479777,0.8808717407967036,1.0,False
REACTOME_TGF_BETA_RECEPTOR_SIGNALING_IN_EMT_EPITHELIAL_TO_MESENCHYMAL_TRANSITION,15,0.4666666666666667,-0.01382012390588285,0.6963806152343749,0.9999999999999998,0.8,0.11071524193548465,0.017578125000000014,0.03515625000000003,0.6666666666666666,0.1508789062499999,0.3017578124999998,False,False,True,False,1.0,0.09851270053475951,1.0,1.0,False
REACTOME_TP53_REGULATES_TRANSCRIPTION_OF_DEATH_RECEPTORS_AND_LIGANDS,12,0.3333333333333333,-0.03907320655882374,0.9270019531249984,0.3876953125000003,0.5,-0.004527459677418824,0.6127929687499988,1.0,0.6666666666666666,0.19384765625000006,0.3876953125000001,True,False,False,False,0.8808717407967036,1.0,1.0,1.0,False
REACTOME_TRAF3_DEPENDENT_IRF_ACTIVATION_PATHWAY,15,0.3333333333333333,-0.03538489983529493,0.9407653808593748,0.30175781249999994,0.5333333333333333,0.00425967741935503,0.49999999999999983,0.9999999999999997,0.6666666666666666,0.1508789062499999,0.3017578124999998,False,False,False,False,0.8219748857070005,1.0,1.0,1.0,False
REACTOME_DNA_DAMAGE_BYPASS,47,0.574468085106383,0.011595354937254741,0.19084669883160402,0.38169339766320803,0.7021276595744681,0.041112419354838954,0.003971363254741742,0.007942726509483484,0.6595744680851063,0.019993028413025908,0.039986056826051816,True,False,True,False,0.8808717407967036,0.032347062365046725,0.8808717407967036,1.0,False
REACTOME_NEPHRIN_FAMILY_INTERACTIONS,23,0.4782608695652174,-2.0194247058898557e-05,0.6611802577972447,1.0,0.6521739130434783,0.05052193548387165,0.10501980781555229,0.21003961563110457,0.6521739130434783,0.10501980781555229,0.21003961563110457,False,False,False,False,1.0,0.3719577273807009,1.0,1.0,False
REACTOME_RUNX2_REGULATES_OSTEOBLAST_DIFFERENTIATION,23,0.6086956521739131,0.01896290126274376,0.2024364471435556,0.4048728942871112,0.6086956521739131,0.05839201612903241,0.2024364471435556,0.4048728942871112,0.6521739130434783,0.10501980781555229,0.21003961563110457,True,False,False,False,0.8942565883894386,0.5937128636374429,0.8942565883894386,1.0,False
KEGG_TRYPTOPHAN_METABOLISM,40,0.45,-0.0052565388392157636,0.7852047460782913,0.6358280026288302,0.5,-0.0005483467741935772,0.5626853438097785,1.0,0.65,0.040345233875995326,0.08069046775199065,True,False,False,False,1.0,1.0,1.0,1.0,False
REACTOME_BINDING_AND_UPTAKE_OF_LIGANDS_BY_SCAVENGER_RECEPTORS,40,0.45,-0.008773168978431405,0.7852047460782913,0.6358280026288302,0.55,0.019063911290322942,0.3179140013144149,0.6358280026288298,0.65,0.040345233875995326,0.08069046775199065,False,False,False,False,1.0,0.8119590740312925,1.0,1.0,False
REACTOME_INTERLEUKIN_37_SIGNALING,20,0.6,0.007731021052940942,0.2517223358154302,0.5034446716308604,0.55,0.012138790322581038,0.41190147399902427,0.8238029479980485,0.65,0.13158798217773446,0.2631759643554689,True,False,False,False,0.9781178385290734,0.9479300469241811,0.9781178385290734,1.0,False
REACTOME_SIGNALING_BY_KIT_IN_DISEASE,20,0.55,0.008069388935293968,0.41190147399902427,0.8238029479980485,0.7,0.04653899193548443,0.05765914916992178,0.11531829833984356,0.65,0.13158798217773446,0.2631759643554689,True,False,False,False,1.0,0.2394720805683409,1.0,1.0,False
REACTOME_ABERRANT_REGULATION_OF_MITOTIC_G1_S_TRANSITION_IN_CANCER_DUE_TO_RB1_DEFECTS,17,0.7647058823529411,0.05226405333333162,0.02452087402343759,0.04904174804687518,0.6470588235294118,0.08300814516129051,0.1661529541015627,0.3323059082031254,0.6470588235294118,0.1661529541015627,0.3323059082031254,True,True,False,False,0.4235913622510318,0.5192692720629355,0.5192692720629355,1.0,False
REACTOME_HSF1_DEPENDENT_TRANSACTIVATION,34,0.5294117647058824,0.015721348480391806,0.4320831202203426,0.8641662404406852,0.7058823529411765,0.04272600806451633,0.012153255054727263,0.024306510109454525,0.6470588235294118,0.060724742477760024,0.12144948495552005,True,False,True,False,1.0,0.07521620844894196,1.0,1.0,False
REACTOME_PLASMA_LIPOPROTEIN_ASSEMBLY,17,0.47058823529411764,-0.0040905258784319975,0.6854705810546903,1.0,0.47058823529411764,-0.0033863709677416846,0.6854705810546903,1.0,0.6470588235294118,0.1661529541015627,0.3323059082031254,True,False,False,False,1.0,1.0,1.0,1.0,False
REACTOME_REGULATION_OF_MITF_M_DEPENDENT_GENES_INVOLVED_IN_CELL_CYCLE_AND_PROLIFERATION,17,0.5882352941176471,0.021978179443136705,0.3145294189453131,0.6290588378906262,0.7058823529411765,0.04475951612903285,0.07173156738281275,0.1434631347656255,0.6470588235294118,0.1661529541015627,0.3323059082031254,True,False,False,False,1.0,0.2843935029654014,1.0,1.0,False
REACTOME_REGULATION_OF_TP53_ACTIVITY_THROUGH_METHYLATION,17,0.47058823529411764,-0.002710838031373077,0.6854705810546903,1.0,0.47058823529411764,-0.0018445967741931063,0.6854705810546903,1.0,0.6470588235294118,0.1661529541015627,0.3323059082031254,True,False,False,False,1.0,1.0,1.0,1.0,False
REACTOME_SIGNALING_BY_CYTOSOLIC_FGFR1_FUSION_MUTANTS,17,0.4117647058823529,-0.02605688785098108,0.8338470458984406,0.6290588378906263,0.6470588235294118,0.027600967741935857,0.1661529541015627,0.3323059082031254,0.6470588235294118,0.1661529541015627,0.3323059082031254,False,False,False,False,1.0,0.5192692720629355,1.0,1.0,False
REACTOME_TRANSCRIPTIONAL_REGULATION_BY_THE_AP_2_TFAP2_FAMILY_OF_TRANSCRIPTION_FACTORS,34,0.5,-0.0028519356431377005,0.567916879779661,1.0,0.6176470588235294,0.02725520161290331,0.11474050651304485,0.2294810130260897,0.6470588235294118,0.060724742477760024,0.12144948495552005,False,False,False,False,1.0,0.39346790313720686,1.0,1.0,False
REACTOME_TRISTETRAPROLIN_TTP_ZFP36_BINDS_AND_DESTABILIZES_MRNA,17,0.5294117647058824,0.009666848043136734,0.5000000000000017,1.0,0.6470588235294118,0.04701314516129031,0.1661529541015627,0.3323059082031254,0.6470588235294118,0.1661529541015627,0.3323059082031254,True,False,False,False,1.0,0.5192692720629355,1.0,1.0,False
REACTOME_SIGNALING_BY_ERBB2,48,0.5208333333333334,0.006955036607841677,0.4427167486432525,0.885433497286505,0.5416666666666666,0.012410927419355117,0.33273290603830724,0.6654658120766145,0.6458333333333334,0.029731687626885012,0.059463375253770025,True,False,False,False,1.0,0.8362208286046666,1.0,1.0,False
KEGG_PROPANOATE_METABOLISM,31,0.41935483870967744,-0.0129483098784315,0.8594792424701133,0.473129659891128,0.5806451612903226,0.004319516129032721,0.23656482994556394,0.4731296598911279,0.6451612903225806,0.07480639219284035,0.1496127843856807,False,False,False,False,0.9528785503526949,0.669450787892757,0.9528785503526949,1.0,False
REACTOME_THE_PHOTOTRANSDUCTION_CASCADE,31,0.22580645161290322,-0.022192480564706032,0.9995610448531779,0.003326892852783192,0.3870967741935484,-0.013076129032257806,0.925193607807157,0.28104151505976793,0.6451612903225806,0.07480639219284035,0.1496127843856807,True,False,False,False,0.10202523906305991,0.45546109450923306,0.45546109450923306,1.0,False
KEGG_GLYCOSPHINGOLIPID_BIOSYNTHESIS_GLOBO_SERIES,14,0.2857142857142857,-0.015140119921568738,0.9713134765625019,0.1795654296875005,0.35714285714285715,-0.021011693548387035,0.910217285156252,0.4239501953125009,0.6428571428571429,0.21197509765625067,0.42395019531250133,True,False,False,False,0.6939395657941977,0.6165122174202147,0.6939395657941977,1.0,False
REACTOME_ENERGY_DEPENDENT_REGULATION_OF_MTOR_BY_LKB1_AMPK,28,0.39285714285714285,-0.03545313178627445,0.9075333289802002,0.3449284508824315,0.5357142857142857,0.02946770161290347,0.4252770096063585,0.850554019212717,0.6428571428571429,0.09246667101979189,0.18493334203958378,False,False,False,False,0.8498864024877469,0.962614051981563,0.962614051981563,1.0,False
REACTOME_GERM_LAYER_FORMATION_AT_GASTRULATION,14,0.5714285714285714,0.004222903268627252,0.395263671875001,0.790527343750002,0.35714285714285715,-0.01616737903225778,0.910217285156252,0.4239501953125009,0.6428571428571429,0.21197509765625067,0.42395019531250133,False,False,False,False,1.0,0.6165122174202147,1.0,1.0,False
REACTOME_GRB2_SOS_PROVIDES_LINKAGE_TO_MAPK_SIGNALING_FOR_INTEGRINS,14,0.42857142857142855,-0.009033247770588351,0.7880249023437517,0.7905273437500014,0.6428571428571429,0.0649694354838712,0.21197509765625067,0.42395019531250133,0.6428571428571429,0.21197509765625067,0.42395019531250133,False,False,False,False,1.0,0.6165122174202147,1.0,1.0,False
REACTOME_INLB_MEDIATED_ENTRY_OF_LISTERIA_MONOCYTOGENES_INTO_HOST_CELL,14,0.5,0.0012144869156848074,0.6047363281250012,1.0,0.5714285714285714,0.033666129032258116,0.395263671875001,0.790527343750002,0.6428571428571429,0.21197509765625067,0.42395019531250133,True,False,False,False,1.0,0.926012656017141,1.0,1.0,False
REACTOME_LGI_ADAM_INTERACTIONS,14,0.42857142857142855,-0.006639325262745155,0.7880249023437517,0.7905273437500014,0.35714285714285715,-0.004254032258064423,0.910217285156252,0.4239501953125009,0.6428571428571429,0.21197509765625067,0.42395019531250133,True,False,False,False,1.0,0.6165122174202147,1.0,1.0,False
REACTOME_P130CAS_LINKAGE_TO_MAPK_SIGNALING_FOR_INTEGRINS,14,0.5,0.0024820682725488347,0.6047363281250012,1.0,0.5714285714285714,0.0649694354838712,0.395263671875001,0.790527343750002,0.6428571428571429,0.21197509765625067,0.42395019531250133,True,False,False,False,1.0,0.926012656017141,1.0,1.0,False
REACTOME_POLYMERASE_SWITCHING,14,0.42857142857142855,-0.04193293901176474,0.7880249023437517,0.7905273437500014,0.6428571428571429,0.02022822580645149,0.21197509765625067,0.42395019531250133,0.6428571428571429,0.21197509765625067,0.42395019531250133,False,False,False,False,1.0,0.6165122174202147,1.0,1.0,False
REACTOME_TP53_REGULATES_TRANSCRIPTION_OF_SEVERAL_ADDITIONAL_CELL_DEATH_GENES_WHOSE_SPECIFIC_ROLES_IN_P53_DEPENDENT_APOPTOSIS_REMAIN_UNCERTAIN,14,0.2857142857142857,-0.033182632525490904,0.9713134765625019,0.1795654296875005,0.5,-0.006247217741935055,0.6047363281250012,1.0,0.6428571428571429,0.21197509765625067,0.42395019531250133,True,False,False,False,0.6939395657941977,1.0,1.0,1.0,False
REACTOME_TRANSLATION_OF_SARS_COV_2_STRUCTURAL_PROTEINS,53,0.5849056603773585,0.013542406345097124,0.13583958303275165,0.2716791660655033,0.7169811320754716,0.0505383870967743,0.001095093441946026,0.002190186883892052,0.6415094339622641,0.026719405268855367,0.05343881053771073,True,False,True,False,0.787969832204748,0.011954770074577452,0.787969832204748,1.0,False
REACTOME_EPHB_MEDIATED_FORWARD_SIGNALING,39,0.6153846153846154,0.018210025333331346,0.09979543345980374,0.19959086691960748,0.7692307692307693,0.08707701612903247,0.0005325098172761496,0.0010650196345522991,0.6410256410256411,0.0540645107030287,0.1081290214060574,True,False,True,False,0.7268804961276545,0.006565532805945938,0.7268804961276545,1.0,False
REACTOME_DOWNREGULATION_OF_TGF_BETA_RECEPTOR_SIGNALING,25,0.52,0.0022033866666663383,0.49999999999999983,0.9999999999999997,0.64,0.092409596774194,0.114761471748352,0.229522943496704,0.64,0.114761471748352,0.229522943496704,True,False,False,False,1.0,0.39346790313720686,1.0,1.0,False
REACTOME_ACTIVATION_OF_THE_PHOTOTRANSDUCTION_CASCADE,11,0.09090909090909091,-0.027645966356862794,0.9995117187500003,0.011718750000000026,0.45454545454545453,-0.013076129032257806,0.7255859374999999,1.0,0.6363636363636364,0.2744140625000004,0.5488281250000008,True,False,False,False,0.2117456896551729,1.0,1.0,1.0,False
REACTOME_BUTYROPHILIN_BTN_FAMILY_INTERACTIONS,11,0.45454545454545453,-0.004712111745098346,0.7255859374999999,1.0,0.45454545454545453,-0.00487620967741912,0.7255859374999999,1.0,0.6363636363636364,0.2744140625000004,0.5488281250000008,True,False,False,False,1.0,1.0,1.0,1.0,False
REACTOME_DERMATAN_SULFATE_BIOSYNTHESIS,11,0.36363636363636365,-0.04681541964705992,0.88671875,0.548828125000001,0.7272727272727273,0.03699532258064517,0.11328125000000024,0.22656250000000047,0.6363636363636364,0.2744140625000004,0.5488281250000008,False,False,False,False,0.9919146069216969,0.3909508781558735,0.9919146069216969,1.0,False
REACTOME_ESTABLISHMENT_OF_SISTER_CHROMATID_COHESION,11,0.5454545454545454,0.017360780905882174,0.5,1.0,0.36363636363636365,-0.05112499999999927,0.88671875,0.548828125000001,0.6363636363636364,0.2744140625000004,0.5488281250000008,False,False,False,False,1.0,0.7392954691516723,1.0,1.0,False
REACTOME_HEME_DEGRADATION,11,0.5454545454545454,0.010009767854901888,0.5,1.0,0.5454545454545454,0.010357016129032282,0.5,1.0,0.6363636363636364,0.2744140625000004,0.5488281250000008,True,False,False,False,1.0,1.0,1.0,1.0,False
REACTOME_INTERLEUKIN_6_FAMILY_SIGNALING,22,0.5454545454545454,0.007733453311764353,0.4159059524536129,0.8318119049072258,0.5454545454545454,0.027443508064516543,0.4159059524536129,0.8318119049072258,0.6363636363636364,0.14313936233520455,0.2862787246704091,True,False,False,False,1.0,0.9509878651012077,1.0,1.0,False
REACTOME_RHOBTB_GTPASE_CYCLE,33,0.6363636363636364,0.018210025333331346,0.081377828726545,0.16275565745309,0.8181818181818182,0.13531459677419352,0.00016203173436224344,0.0003240634687244869,0.6363636363636364,0.081377828726545,0.16275565745309,True,False,True,False,0.6899561990553106,0.0025599385569592633,0.6899561990553106,1.0,False
REACTOME_STAT3_NUCLEAR_EVENTS_DOWNSTREAM_OF_ALK_SIGNALING,11,0.2727272727272727,-0.03211263550588288,0.9672851562500003,0.22656250000000067,0.45454545454545453,-0.005194999999999702,0.7255859374999999,1.0,0.6363636363636364,0.2744140625000004,0.5488281250000008,True,False,False,False,0.7378528981121056,1.0,1.0,1.0,False
REACTOME_SYNTHESIS_OF_PIPS_AT_THE_LATE_ENDOSOME_MEMBRANE,11,0.2727272727272727,-0.03542127049411876,0.9672851562500003,0.22656250000000067,0.45454545454545453,-0.0009562903225804665,0.7255859374999999,1.0,0.6363636363636364,0.2744140625000004,0.5488281250000008,True,False,False,False,0.7378528981121056,1.0,1.0,1.0,False
REACTOME_VITAMIN_D_CALCIFEROL_METABOLISM,11,0.2727272727272727,-0.03651071940784323,0.9672851562500003,0.22656250000000067,0.6363636363636364,0.003748145161290399,0.2744140625000004,0.5488281250000008,0.6363636363636364,0.2744140625000004,0.5488281250000008,False,False,False,False,0.7378528981121056,0.7392954691516723,0.7392954691516723,1.0,False
REACTOME_SIGNALING_BY_BRAF_AND_RAF1_FUSIONS,63,0.4603174603174603,-0.008078823537255296,0.7750187318548843,0.6146550157654618,0.6349206349206349,0.0481610483870969,0.021478272762194623,0.042956545524389246,0.6349206349206349,0.021478272762194623,0.042956545524389246,False,False,True,False,1.0,0.11582794093368765,1.0,1.0,False
KEGG_TYROSINE_METABOLISM,38,0.2631578947368421,-0.03694556848823553,0.9991709737369073,0.005097643297631298,0.3684210526315789,-0.012052782258064323,0.9635243057418826,0.1433066542958836,0.631578947368421,0.07165332714794188,0.14330665429588377,True,False,False,False,0.13355825439794,0.2843935029654014,0.2843935029654014,1.0,False
REACTOME_INITIATION_OF_NUCLEAR_ENVELOPE_NE_REFORMATION,19,0.47368421052631576,-0.012255928266668159,0.6761970520019551,1.0,0.8421052631578947,0.08134145161290349,0.0022125244140625043,0.004425048828125009,0.631578947368421,0.17964172363281283,0.35928344726562567,False,False,True,False,1.0,0.020519695450774377,1.0,1.0,False
REACTOME_NA_CL_DEPENDENT_NEUROTRANSMITTER_TRANSPORTERS,19,0.3684210526315789,-0.018334339866666882,0.9164657592773461,0.35928344726562617,0.3157894736842105,-0.010873387096773955,0.9682159423828152,0.16706848144531314,0.631578947368421,0.17964172363281283,0.35928344726562567,True,False,False,False,0.8612526119094086,0.3175715270036666,0.8612526119094086,1.0,False
REACTOME_SELECTIVE_AUTOPHAGY,76,0.5921052631578947,0.010889358439215843,0.06769255264971609,0.13538510529943218,0.6973684210526315,0.06269254032258093,0.00038229086957753186,0.0007645817391550637,0.631578947368421,0.014313327754369169,0.028626655508738337,True,False,True,False,0.6327344075109776,0.005050094512402353,0.6327344075109776,1.0,False
REACTOME_SIGNALING_BY_ERBB4,57,0.5614035087719298,0.007933395152941124,0.21352142825163334,0.4270428565032667,0.543859649122807,0.003977903225806628,0.2983208801865486,0.5966417603730972,0.631578947368421,0.03136834017791499,0.06273668035582998,True,False,False,False,0.9096360032833817,0.7809499144933463,0.9096360032833817,1.0,False
REACTOME_G0_AND_EARLY_G1,27,0.7407407407407407,0.0451709858823527,0.00957864522933966,0.01915729045867932,0.6666666666666666,0.023896612903226346,0.061039060354233315,0.12207812070846663,0.6296296296296297,0.12389428168535326,0.2477885633707065,True,True,False,False,0.2822374005184009,0.24826236190648063,0.2822374005184009,1.0,False
REACTOME_TRANSLATION_OF_SARS_COV_1_STRUCTURAL_PROTEINS,27,0.5185185185185185,0.0053615430588218205,0.5000000000000037,1.0,0.5925925925925926,0.03199870967741963,0.2210341691970841,0.4420683383941682,0.6296296296296297,0.12389428168535326,0.2477885633707065,True,False,False,False,1.0,0.636384091534462,1.0,1.0,False
REACTOME_PKR_MEDIATED_SIGNALING,67,0.582089552238806,0.016736044294117458,0.11077436482240252,0.22154872964480504,0.746268656716418,0.07269249999999994,3.368986833457597e-05,6.737973666915194e-05,0.6268656716417911,0.02490005714736346,0.04980011429472692,True,False,True,False,0.7378528981121056,0.0006968483292362293,0.7378528981121056,1.0,False
KEGG_PHENYLALANINE_METABOLISM,16,0.25,-0.053484812388235686,0.9893646240234378,0.0768127441406251,0.375,-0.007702258064515928,0.894943237304688,0.45449829101562467,0.625,0.22724914550781222,0.45449829101562444,True,False,False,False,0.4926892089843763,0.648929440033208,0.648929440033208,1.0,False
REACTOME_ACTIVATION_OF_AMPK_DOWNSTREAM_OF_NMDARS,24,0.5833333333333334,0.013713149090196212,0.27062809467315696,0.5412561893463139,0.7916666666666666,0.10895850806451635,0.003305375576019281,0.006610751152038562,0.625,0.15372812747955353,0.30745625495910706,True,False,True,False,0.9919146069216969,0.027860860083122302,0.9919146069216969,1.0,False
REACTOME_ACYL_CHAIN_REMODELLING_OF_PG,16,0.375,-0.018246093831372608,0.894943237304688,0.45449829101562467,0.625,0.011303306451613052,0.22724914550781222,0.45449829101562444,0.625,0.22724914550781222,0.45449829101562444,False,False,False,False,0.9327301742513864,0.648929440033208,0.9327301742513864,1.0,False
REACTOME_ASSEMBLY_AND_CELL_SURFACE_PRESENTATION_OF_NMDA_RECEPTORS,40,0.6,0.007706181262744969,0.13409362552738227,0.26818725105476454,0.675,0.03687560483870976,0.019238654142099798,0.038477308284199596,0.625,0.0769299720814146,0.1538599441628292,True,False,True,False,0.7814924667175379,0.10657060083479777,0.7814924667175379,1.0,False
REACTOME_BETA_CATENIN_PHOSPHORYLATION_CASCADE,16,0.375,-0.012581238872549121,0.894943237304688,0.45449829101562467,0.625,0.057144395161290634,0.22724914550781222,0.45449829101562444,0.625,0.22724914550781222,0.45449829101562444,False,False,False,False,0.9327301742513864,0.648929440033208,0.9327301742513864,1.0,False
REACTOME_CARGO_CONCENTRATION_IN_THE_ER,32,0.65625,0.029993231584312746,0.05509208259172696,0.11018416518345392,0.59375,0.054391290322581054,0.18854279373772315,0.3770855874754463,0.625,0.10766357486136183,0.21532714972272365,True,False,False,False,0.5792960122688614,0.5661686184445096,0.5792960122688614,1.0,False
REACTOME_GAP_JUNCTION_ASSEMBLY,32,0.5,0.0005238855921564124,0.5699749670457054,1.0,0.6875,0.016750685483871174,0.02505122986622141,0.05010245973244282,0.625,0.10766357486136183,0.21532714972272365,True,False,True,False,1.0,0.1291165027859018,1.0,1.0,False
REACTOME_GROWTH_HORMONE_RECEPTOR_SIGNALING,24,0.375,-0.02241639831960792,0.9242051839828502,0.30745625495910656,0.5,0.0018660080645163217,0.5805901288986216,1.0,0.625,0.15372812747955353,0.30745625495910706,False,False,False,False,0.8219748857070005,1.0,1.0,1.0,False
REACTOME_INACTIVATION_OF_CSF3_G_CSF_SIGNALING,24,0.5416666666666666,0.003807089039214587,0.4194098711013804,0.8388197422027608,0.6666666666666666,0.03798258064516152,0.07579481601715092,0.15158963203430184,0.625,0.15372812747955353,0.30745625495910706,True,False,False,False,1.0,0.293110580022045,1.0,1.0,False
REACTOME_N_GLYCAN_ANTENNAE_ELONGATION_IN_THE_MEDIAL_TRANS_GOLGI,24,0.4583333333333333,-0.016976702964706145,0.7293719053268445,0.8388197422027591,0.6666666666666666,0.010189354838709913,0.07579481601715092,0.15158963203430184,0.625,0.15372812747955353,0.30745625495910706,False,False,False,False,1.0,0.293110580022045,1.0,1.0,False
REACTOME_PHOSPHOLIPASE_C_MEDIATED_CASCADE_FGFR1,16,0.5,0.001299688235293284,0.5981903076171879,1.0,0.625,0.006561935483871185,0.22724914550781222,0.45449829101562444,0.625,0.22724914550781222,0.45449829101562444,True,False,False,False,1.0,0.648929440033208,1.0,1.0,False
REACTOME_POLO_LIKE_KINASE_MEDIATED_EVENTS,16,0.6875,0.029770270823529003,0.10505676269531242,0.21011352539062483,0.5625,0.0038954032258067036,0.4018096923828125,0.803619384765625,0.625,0.22724914550781222,0.45449829101562444,True,False,False,False,0.7327063217909919,0.9378542485906181,0.9378542485906181,1.0,False
REACTOME_RAF_ACTIVATION,32,0.59375,0.015156708627450149,0.18854279373772315,0.3770855874754463,0.65625,0.040449032258064635,0.05509208259172696,0.11018416518345392,0.625,0.10766357486136183,0.21532714972272365,True,False,False,False,0.8808717407967036,0.23033179211222016,0.8808717407967036,1.0,False
REACTOME_SIGNALING_BY_ERBB2_ECD_MUTANTS,16,0.5625,0.032428858378430805,0.4018096923828125,0.803619384765625,0.6875,0.03617129032258106,0.10505676269531242,0.21011352539062483,0.625,0.22724914550781222,0.45449829101562444,True,False,False,False,1.0,0.3719577273807009,1.0,1.0,False
REACTOME_TRANSCRIPTION_OF_E2F_TARGETS_UNDER_NEGATIVE_CONTROL_BY_P107_RBL1_AND_P130_RBL2_IN_COMPLEX_WITH_HDAC1,16,0.6875,0.037121559670587986,0.10505676269531242,0.21011352539062483,0.6875,0.024405725806451894,0.10505676269531242,0.21011352539062483,0.625,0.22724914550781222,0.45449829101562444,True,False,False,False,0.7327063217909919,0.3719577273807009,0.7327063217909919,1.0,False
REACTOME_RHOH_GTPASE_CYCLE,37,0.5405405405405406,0.01108471925097999,0.3714146793645346,0.7428293587290692,0.7567567567567568,0.06368411290322595,0.001281603996176287,0.002563207992352574,0.6216216216216216,0.09387077949941156,0.1877415589988231,True,False,True,False,1.0,0.013476130314308516,1.0,1.0,False
REACTOME_LATE_SARS_COV_2_INFECTION_EVENTS,66,0.5454545454545454,0.005799126123528329,0.2692913876229755,0.538582775245951,0.6818181818181818,0.03386395161290359,0.0021362025158258445,0.004272405031651689,0.6212121212121212,0.032008752068613165,0.06401750413722633,True,False,True,False,0.9919146069216969,0.020048420029123746,0.9919146069216969,1.0,False
REACTOME_DOWNSTREAM_SIGNAL_TRANSDUCTION,29,0.5862068965517241,0.019278191874509458,0.2291291598230583,0.4582583196461166,0.7586206896551724,0.06686379032258105,0.004065029323101013,0.008130058646202027,0.6206896551724138,0.13246544823050396,0.2649308964610079,True,False,True,False,0.935561140887916,0.032838282829524335,0.935561140887916,1.0,False
REACTOME_FOXO_MEDIATED_TRANSCRIPTION_OF_OXIDATIVE_STRESS_METABOLIC_AND_NEURONAL_GENES,29,0.3793103448275862,-0.020312232850980758,0.9319770261645247,0.2649308964610078,0.6206896551724138,0.012765725806452159,0.13246544823050396,0.2649308964610079,0.6206896551724138,0.13246544823050396,0.2649308964610079,False,False,False,False,0.7797052886849448,0.4360513984537425,0.7797052886849448,1.0,False
REACTOME_SIGNALING_BY_CSF3_G_CSF,29,0.5172413793103449,0.0022526350196073533,0.4999999999999964,0.9999999999999928,0.6206896551724138,0.0354931451612905,0.13246544823050396,0.2649308964610079,0.6206896551724138,0.13246544823050396,0.2649308964610079,True,False,False,False,1.0,0.4360513984537425,1.0,1.0,False
REACTOME_ONCOGENIC_MAPK_SIGNALING,79,0.43037974683544306,-0.013884044941176593,0.9116947234699135,0.26042552589724016,0.6329113924050633,0.041068709677419685,0.011909896429000606,0.02381979285800121,0.620253164556962,0.02108272199747527,0.04216544399495054,False,False,True,False,0.7797052886849448,0.07428492519543592,0.7797052886849448,1.0,False
REACTOME_RHOBTB2_GTPASE_CYCLE,21,0.6666666666666666,0.023664004772547476,0.09462356567382803,0.18924713134765606,0.7619047619047619,0.10047717741935529,0.013301849365234363,0.026603698730468726,0.6190476190476191,0.19165515899658228,0.38331031799316456,True,False,True,False,0.7117140920538645,0.08104847752770705,0.7117140920538645,1.0,False
REACTOME_INTERFERON_ALPHA_BETA_SIGNALING,68,0.6323529411764706,0.024344045152941113,0.019230026674464253,0.038460053348928505,0.6029411764705882,0.02145995967741948,0.05712715342496327,0.11425430684992655,0.6176470588235294,0.034059337142050755,0.06811867428410151,True,True,False,False,0.38137529481132104,0.2385229354157829,0.38137529481132104,1.0,False
REACTOME_NEGATIVE_REGULATORS_OF_DDX58_IFIH1_SIGNALING,34,0.6176470588235294,0.01020979788431293,0.11474050651304485,0.2294810130260897,0.6470588235294118,0.04167612903225833,0.060724742477760024,0.12144948495552005,0.6176470588235294,0.11474050651304485,0.2294810130260897,True,False,False,False,0.7378528981121056,0.247624630804251,0.7378528981121056,1.0,False
REACTOME_COPI_INDEPENDENT_GOLGI_TO_ER_RETROGRADE_TRAFFIC,47,0.5957446808510638,0.013542406345097124,0.12148010864166181,0.24296021728332362,0.851063829787234,0.13210717741935513,5.354559107217959e-07,1.0709118214435918e-06,0.6170212765957447,0.07193254422027373,0.14386508844054746,True,False,True,False,0.7593883652939916,1.89154312731385e-05,0.7593883652939916,1.0,False
REACTOME_ADENYLATE_CYCLASE_INHIBITORY_PATHWAY,13,0.5384615384615384,0.006746763996078438,0.4999999999999993,0.9999999999999986,0.46153846153846156,-0.015358629032257804,0.7094726562499986,0.9999999999999977,0.6153846153846154,0.29052734374999983,0.5810546874999997,False,False,False,False,1.0,1.0,1.0,1.0,False
REACTOME_ALPHA_LINOLENIC_OMEGA3_AND_LINOLEIC_OMEGA6_ACID_METABOLISM,13,0.38461538461538464,-0.02148418806666661,0.866577148437498,0.5810546874999991,0.6153846153846154,0.024072016129032384,0.29052734374999983,0.5810546874999997,0.6153846153846154,0.29052734374999983,0.5810546874999997,False,False,False,False,1.0,0.7657266739024597,1.0,1.0,False
REACTOME_ATF4_ACTIVATES_GENES_IN_RESPONSE_TO_ENDOPLASMIC_RETICULUM_STRESS,26,0.5769230769230769,0.02020489547254793,0.27859854698181374,0.5571970939636275,0.6538461538461539,0.07703580645161313,0.08431877195835176,0.16863754391670352,0.6153846153846154,0.16346979141235482,0.32693958282470964,True,False,False,False,0.9953566269441163,0.31939544462296227,0.9953566269441163,1.0,False
REACTOME_CYTOSOLIC_IRON_SULFUR_CLUSTER_ASSEMBLY,13,0.3076923076923077,-0.030488402298039646,0.953857421874998,0.26684570312500017,0.6923076923076923,0.03833241935483901,0.1334228515625,0.266845703125,0.6153846153846154,0.29052734374999983,0.5810546874999997,False,False,False,False,0.7797052886849448,0.4360513984537425,0.7797052886849448,1.0,False
REACTOME_FGFRL1_MODULATION_OF_FGFR1_SIGNALING,13,0.38461538461538464,-0.010128730105882444,0.866577148437498,0.5810546874999991,0.6153846153846154,0.002515725806451761,0.29052734374999983,0.5810546874999997,0.6153846153846154,0.29052734374999983,0.5810546874999997,False,False,False,False,1.0,0.7657266739024597,1.0,1.0,False
REACTOME_GLYCOGEN_BREAKDOWN_GLYCOGENOLYSIS,13,0.46153846153846156,-0.0007495312196092417,0.7094726562499986,0.9999999999999977,0.5384615384615384,0.018195483870968185,0.4999999999999993,0.9999999999999986,0.6153846153846154,0.29052734374999983,0.5810546874999997,False,False,False,False,1.0,1.0,1.0,1.0,False
REACTOME_NEPHRON_DEVELOPMENT,13,0.46153846153846156,-0.004758646023529734,0.7094726562499986,0.9999999999999977,0.5384615384615384,0.001855000000000091,0.4999999999999993,0.9999999999999986,0.6153846153846154,0.29052734374999983,0.5810546874999997,False,False,False,False,1.0,1.0,1.0,1.0,False
REACTOME_N_GLYCAN_ANTENNAE_ELONGATION,13,0.38461538461538464,-0.05603746809803932,0.866577148437498,0.5810546874999991,0.6153846153846154,0.00913475806451658,0.29052734374999983,0.5810546874999997,0.6153846153846154,0.29052734374999983,0.5810546874999997,False,False,False,False,1.0,0.7657266739024597,1.0,1.0,False
REACTOME_P38MAPK_EVENTS,13,0.23076923076923078,-0.03271889024313726,0.9887695312499981,0.09228515625,0.6153846153846154,0.029786532258064925,0.29052734374999983,0.5810546874999997,0.6153846153846154,0.29052734374999983,0.5810546874999997,False,False,False,False,0.5402786986854268,0.7657266739024597,0.7657266739024597,1.0,False
KEGG_N_GLYCAN_BIOSYNTHESIS,44,0.5909090909090909,0.015892628443136395,0.14560761827294738,0.29121523654589476,0.6590909090909091,0.04105830645161311,0.024383382952237475,0.04876676590447495,0.6136363636363636,0.08708557363536361,0.17417114727072722,True,False,True,False,0.8160255826205821,0.12692277483747452,0.8160255826205821,1.0,False
REACTOME_AUTOPHAGY,142,0.528169014084507,0.004283052327450218,0.278535493555182,0.557070987110364,0.676056338028169,0.06031487903225839,1.646937829447683e-05,3.293875658895366e-05,0.6126760563380281,0.004521623357103312,0.009043246714206624,True,False,True,False,0.9953566269441163,0.00037652549390434164,0.9953566269441163,1.0,False
REACTOME_KINESINS,54,0.5,0.0004052880784309659,0.5540384244476035,1.0,0.6666666666666666,0.021023467741935906,0.009917163364033775,0.01983432672806755,0.6111111111111112,0.06683711768205013,0.13367423536410025,True,False,True,False,1.0,0.06536595726734212,1.0,1.0,False
REACTOME_NFE2L2_REGULATING_ANTI_OXIDANT_DETOXIFICATION_ENZYMES,18,0.6111111111111112,0.038774368435293007,0.24034118652343725,0.4806823730468745,0.6666666666666666,0.011481653225806613,0.11894226074218746,0.23788452148437492,0.6111111111111112,0.24034118652343725,0.4806823730468745,True,False,False,False,0.9528785503526949,0.40340287785699863,0.9528785503526949,1.0,False
REACTOME_RAS_PROCESSING,18,0.5,-0.005576552939216615,0.5927352905273445,1.0,0.4444444444444444,-0.0025823387096772015,0.7596588134765634,0.8145294189453127,0.6111111111111112,0.24034118652343725,0.4806823730468745,True,False,False,False,1.0,0.9449743517210566,1.0,1.0,False
REACTOME_RA_BIOSYNTHESIS_PATHWAY,18,0.4444444444444444,-0.014514048160784575,0.7596588134765634,0.8145294189453127,0.3888888888888889,-0.03758193548387091,0.8810577392578133,0.4806823730468747,0.6111111111111112,0.24034118652343725,0.4806823730468745,True,False,False,False,1.0,0.669887136905751,1.0,1.0,False
REACTOME_RHO_GTPASES_ACTIVATE_ROCKS,18,0.5555555555555556,0.005108499652940624,0.40726470947265625,0.8145294189453125,0.6111111111111112,0.039179475806452056,0.24034118652343725,0.4806823730468745,0.6111111111111112,0.24034118652343725,0.4806823730468745,True,False,False,False,1.0,0.669887136905751,1.0,1.0,False
REACTOME_TIE2_SIGNALING,18,0.4444444444444444,-0.0031951229686279707,0.7596588134765634,0.8145294189453127,0.6111111111111112,0.006239919354839054,0.24034118652343725,0.4806823730468745,0.6111111111111112,0.24034118652343725,0.4806823730468745,False,False,False,False,1.0,0.669887136905751,1.0,1.0,False
REACTOME_BASIGIN_INTERACTIONS,23,0.43478260869565216,-0.0047256537490194366,0.7975635528564496,0.6776394844055222,0.7391304347826086,0.042768387096774454,0.01734483242034914,0.03468966484069828,0.6086956521739131,0.2024364471435556,0.4048728942871112,False,False,True,False,1.0,0.09851270053475951,1.0,1.0,False
REACTOME_INTERLEUKIN_12_FAMILY_SIGNALING,46,0.5652173913043478,0.013004532735294009,0.2306955910683852,0.4613911821367704,0.6956521739130435,0.04742737903225838,0.0056757957183891485,0.011351591436778297,0.6086956521739131,0.09196241068849685,0.1839248213769937,True,False,True,False,0.9395167594805739,0.04373701406523403,0.9395167594805739,1.0,False
REACTOME_METABOLISM_OF_COFACTORS,23,0.30434782608695654,-0.04390695685098124,0.9826551675796565,0.09313964843750042,0.5217391304347826,0.001186209677419607,0.5000000000000028,1.0,0.6086956521739131,0.2024364471435556,0.4048728942871112,False,False,False,False,0.5402786986854268,1.0,1.0,1.0,False
REACTOME_GOLGI_TO_ER_RETROGRADE_TRANSPORT,125,0.576,0.010585339717646712,0.053515705803007484,0.10703141160601497,0.76,0.059120967741935565,2.3299892143965792e-09,4.6599784287931585e-09,0.608,0.009838697246433152,0.019677394492866304,True,False,True,False,0.5792960122688614,2.0348572472396793e-07,0.5792960122688614,1.0,False
KEGG_RNA_DEGRADATION,56,0.5178571428571429,0.00944646641568584,0.44692654741751786,0.8938530948350357,0.7678571428571429,0.0541858064516134,3.666609198474445e-05,7.33321839694889e-05,0.6071428571428571,0.07044771179924157,0.14089542359848314,True,False,True,False,1.0,0.0007534522431374938,1.0,1.0,False
REACTOME_EPHA_MEDIATED_GROWTH_CONE_COLLAPSE,28,0.6071428571428571,0.012964744823529387,0.17246422544121584,0.3449284508824317,0.42857142857142855,-0.004941088709677084,0.8275357745587762,0.5715881884098001,0.6071428571428571,0.17246422544121584,0.3449284508824317,False,False,False,False,0.8498864024877469,0.7627645434466953,0.8498864024877469,1.0,False
REACTOME_PIWI_INTERACTING_RNA_PIRNA_BIOGENESIS,28,0.35714285714285715,-0.017673432829412507,0.9564207233488484,0.18493334203958353,0.6071428571428571,0.0669099596774197,0.17246422544121584,0.3449284508824317,0.6071428571428571,0.17246422544121584,0.3449284508824317,False,False,False,False,0.7056194506947217,0.5264344900846433,0.7056194506947217,1.0,False
REACTOME_PLASMA_LIPOPROTEIN_REMODELING,33,0.3333333333333333,-0.012708711321568523,0.9824589833151538,0.08014331245794905,0.5454545454545454,0.0009438709677422868,0.36416624044068147,0.7283324808813629,0.6060606060606061,0.14810318429954358,0.29620636859908717,False,False,False,False,0.4974330012005064,0.8910028482066167,0.8910028482066167,1.0,False
REACTOME_NR1H2_AND_NR1H3_MEDIATED_SIGNALING,43,0.46511627906976744,-0.005411988964706092,0.7288079940717592,0.7607916425613457,0.6744186046511628,0.02890451612903258,0.015769748676575674,0.03153949735315135,0.6046511627906976,0.11102641007801167,0.22205282015602334,False,False,True,False,1.0,0.09181498118361837,1.0,1.0,False
REACTOME_SIGNALING_BY_MODERATE_KINASE_ACTIVITY_BRAF_MUTANTS,43,0.4883720930232558,-0.002043289203921683,0.619604178719329,1.0,0.6511627906976745,0.0481610483870969,0.03299701722789946,0.06599403445579892,0.6046511627906976,0.11102641007801167,0.22205282015602334,False,False,True,False,1.0,0.15647454323456397,1.0,1.0,False
REACTOME_SIGNALING_BY_SCF_KIT,43,0.6046511627906976,0.012722673443137197,0.11102641007801167,0.22205282015602334,0.5813953488372093,0.011833548387097223,0.18018882646788448,0.36037765293576896,0.6046511627906976,0.11102641007801167,0.22205282015602334,True,False,False,False,0.7378528981121056,0.5447246830913738,0.7378528981121056,1.0,False
REACTOME_FACTORS_INVOLVED_IN_MEGAKARYOCYTE_DEVELOPMENT_AND_PLATELET_PRODUCTION,139,0.5539568345323741,0.00757400320392148,0.11746575164530551,0.23493150329061102,0.60431654676259,0.012051129032258225,0.008618191433565174,0.017236382867130348,0.60431654676259,0.008618191433565174,0.017236382867130348,True,False,True,False,0.7481242269350442,0.058521801008917726,0.7481242269350442,1.0,False
HALLMARK_REACTIVE_OXYGEN_SPECIES_PATHWAY,48,0.7083333333333334,0.04568712555097959,0.0027576007427505267,0.005515201485501053,0.7708333333333334,0.06115342741935498,0.00011112248131084288,0.00022224496262168575,0.6041666666666666,0.09670632643096805,0.1934126528619361,True,True,True,False,0.13983704411625253,0.0018387846381120528,0.13983704411625253,1.0,False
KEGG_DRUG_METABOLISM_CYTOCHROME_P450,53,0.3584905660377358,-0.021515696372549097,0.9864958411731357,0.05343881053771087,0.4528301886792453,-0.007039354838709343,0.7949486418126512,0.583132154261177,0.6037735849056604,0.0844889111438593,0.1689778222877186,True,False,False,False,0.43753026127750777,0.7664579820222159,0.7664579820222159,1.0,False
KEGG_FOLATE_BIOSYNTHESIS,10,0.4,-0.011358140931372818,0.8281249999999983,0.7539062499999992,0.4,-0.021986370967741704,0.8281249999999983,0.7539062499999992,0.6,0.3769531249999994,0.7539062499999988,True,False,False,False,1.0,0.905378628724216,1.0,1.0,False
REACTOME_ACTIVATION_OF_PPARGC1A_PGC_1ALPHA_BY_PHOSPHORYLATION,10,0.2,-0.031211920256862626,0.9892578124999983,0.109375,0.6,0.053948629032258374,0.3769531249999994,0.7539062499999988,0.6,0.3769531249999994,0.7539062499999988,False,False,False,False,0.5792960122688614,0.905378628724216,0.905378628724216,1.0,False
REACTOME_ADHERENS_JUNCTIONS_INTERACTIONS,55,0.5454545454545454,0.004311757721568521,0.29502666588831855,0.5900533317766371,0.6545454545454545,0.014690241935484377,0.015014472705946288,0.030028945411892577,0.6,0.08850068238517943,0.17700136477035885,True,False,True,False,1.0,0.08823458352802828,1.0,1.0,False
REACTOME_ALPHA_PROTEIN_KINASE_1_SIGNALING_PATHWAY,10,0.6,0.006955036607841677,0.3769531249999994,0.7539062499999988,0.4,-0.012271491935483242,0.8281249999999983,0.7539062499999992,0.6,0.3769531249999994,0.7539062499999988,False,False,False,False,1.0,0.905378628724216,1.0,1.0,False
REACTOME_CASPASE_ACTIVATION_VIA_DEPENDENCE_RECEPTORS_IN_THE_ABSENCE_OF_LIGAND,10,0.5,0.007188628870587875,0.6230468749999987,1.0,0.5,-0.01966314516129015,0.6230468749999987,1.0,0.6,0.3769531249999994,0.7539062499999988,False,False,False,False,1.0,1.0,1.0,1.0,False
REACTOME_CGMP_EFFECTS,15,0.13333333333333333,-0.03894322952156896,0.9995117187499997,0.007385253906250018,0.5333333333333333,0.0008529838709681655,0.49999999999999983,0.9999999999999997,0.6,0.3036193847656248,0.6072387695312496,False,False,False,False,0.16124471028645873,1.0,1.0,1.0,False
REACTOME_CHONDROITIN_SULFATE_BIOSYNTHESIS,20,0.25,-0.06597404376666692,0.994091033935549,0.04138946533203137,0.65,0.06455387096774264,0.13158798217773446,0.2631759643554689,0.6,0.2517223358154302,0.5034446716308604,False,False,False,False,0.389624705840679,0.4360513984537425,0.4360513984537425,1.0,False
REACTOME_CONSTITUTIVE_SIGNALING_BY_EGFRVIII,15,0.6,0.029230831290195734,0.3036193847656248,0.6072387695312496,0.7333333333333333,0.0425560483870972,0.059234619140624965,0.11846923828124993,0.6,0.3036193847656248,0.6072387695312496,True,False,False,False,1.0,0.24312485976256512,1.0,1.0,False
REACTOME_CTLA4_INHIBITORY_SIGNALING,20,0.45,-0.005127345180392425,0.7482776641845718,0.8238029479980488,0.55,0.07119125000000019,0.41190147399902427,0.8238029479980485,0.6,0.2517223358154302,0.5034446716308604,False,False,False,False,1.0,0.9479300469241811,1.0,1.0,False
REACTOME_FGFR1_MUTANT_RECEPTOR_ACTIVATION,30,0.4,-0.008828482829412015,0.8997557889670215,0.3615946080535678,0.6,0.0216631854838713,0.18079730402678423,0.36159460805356847,0.6,0.18079730402678423,0.36159460805356847,False,False,False,False,0.8612526119094086,0.5449920650625213,0.8612526119094086,1.0,False
REACTOME_FOLDING_OF_ACTIN_BY_CCT_TRIC,10,0.7,0.03201049858627382,0.17187499999999986,0.3437499999999997,0.7,0.2631071370967741,0.17187499999999986,0.3437499999999997,0.6,0.3769531249999994,0.7539062499999988,True,False,False,False,0.8498864024877469,0.5264344900846433,0.8498864024877469,1.0,False
REACTOME_IL_6_TYPE_CYTOKINE_RECEPTOR_LIGAND_INTERACTIONS,15,0.4666666666666667,-0.00041192917254959105,0.6963806152343749,0.9999999999999998,0.4666666666666667,-0.004259677419354464,0.6963806152343749,0.9999999999999998,0.6,0.3036193847656248,0.6072387695312496,True,False,False,False,1.0,1.0,1.0,1.0,False
REACTOME_LAGGING_STRAND_SYNTHESIS,20,0.4,-0.03877400505882331,0.8684120178222675,0.5034446716308608,0.7,0.032789798387097,0.05765914916992178,0.11531829833984356,0.6,0.2517223358154302,0.5034446716308604,False,False,False,False,0.9781178385290734,0.2394720805683409,0.9781178385290734,1.0,False
REACTOME_MAPK3_ERK1_ACTIVATION,10,0.6,0.04391662934705824,0.3769531249999994,0.7539062499999988,0.8,0.09066181451612912,0.05468750000000005,0.1093750000000001,0.6,0.3769531249999994,0.7539062499999988,True,False,False,False,1.0,0.22955607476635534,1.0,1.0,False
REACTOME_MITOCHONDRIAL_RNA_DEGRADATION,10,0.7,0.021992374060783318,0.17187499999999986,0.3437499999999997,0.9,0.13955012096774222,0.01074218750000001,0.02148437500000002,0.6,0.3769531249999994,0.7539062499999988,True,False,True,False,0.8498864024877469,0.06878500509164977,0.8498864024877469,1.0,False
REACTOME_NEF_MEDIATED_DOWNREGULATION_OF_MHC_CLASS_I_COMPLEX_CELL_SURFACE_EXPRESSION,10,0.7,0.013552033835293766,0.17187499999999986,0.3437499999999997,0.5,0.004297298387097113,0.6230468749999987,1.0,0.6,0.3769531249999994,0.7539062499999988,True,False,False,False,0.8498864024877469,1.0,1.0,1.0,False
REACTOME_PHASE_2_PLATEAU_PHASE,15,0.2,-0.012445848741176492,0.9963073730468748,0.035156250000000056,0.3333333333333333,-0.014843629032258047,0.9407653808593748,0.30175781249999994,0.6,0.3036193847656248,0.6072387695312496,True,False,False,False,0.36919390272937036,0.4786713231584257,0.4786713231584257,1.0,False
REACTOME_POLYMERASE_SWITCHING_ON_THE_C_STRAND_OF_THE_TELOMERE,25,0.28,-0.04802839441960813,0.9926833510398871,0.04328525066375732,0.6,0.01621056451612908,0.212178111076355,0.42435622215271,0.6,0.212178111076355,0.42435622215271,False,False,False,False,0.3981046306062776,0.6165323301516268,0.6165323301516268,1.0,False
REACTOME_POU5F1_OCT4_SOX2_NANOG_ACTIVATE_GENES_RELATED_TO_PROLIFERATION,10,0.3,-0.011457548592157113,0.9453124999999984,0.3437499999999999,0.3,-0.14902076612903184,0.9453124999999984,0.3437499999999999,0.6,0.3769531249999994,0.7539062499999988,True,False,False,False,0.8498864024877469,0.5264344900846433,0.8498864024877469,1.0,False
REACTOME_PROCESSIVE_SYNTHESIS_ON_THE_LAGGING_STRAND,15,0.4,-0.03583748360392135,0.8491210937499997,0.6072387695312499,0.6666666666666666,0.031448467741935715,0.1508789062499999,0.3017578124999998,0.6,0.3036193847656248,0.6072387695312496,False,False,False,False,1.0,0.4786713231584257,1.0,1.0,False
REACTOME_REGULATION_OF_BACH1_ACTIVITY,10,0.6,0.00560032784117594,0.3769531249999994,0.7539062499999988,0.8,0.1493364112903228,0.05468750000000005,0.1093750000000001,0.6,0.3769531249999994,0.7539062499999988,True,False,False,False,1.0,0.22955607476635534,1.0,1.0,False
REACTOME_REGULATION_OF_LOCALIZATION_OF_FOXO_TRANSCRIPTION_FACTORS,10,0.4,-0.012416184639216118,0.8281249999999983,0.7539062499999992,0.8,0.48395004032258027,0.05468750000000005,0.1093750000000001,0.6,0.3769531249999994,0.7539062499999988,False,False,False,False,1.0,0.22955607476635534,1.0,1.0,False
REACTOME_REGULATION_OF_NF_KAPPA_B_SIGNALING,15,0.4,-0.024891091407843735,0.8491210937499997,0.6072387695312499,0.6666666666666666,0.06677822580645176,0.1508789062499999,0.3017578124999998,0.6,0.3036193847656248,0.6072387695312496,False,False,False,False,1.0,0.4786713231584257,1.0,1.0,False
REACTOME_REGULATION_OF_TBK1_IKK_MEDIATED_ACTIVATION_OF_IRF3_IRF7_UPON_TLR3_LIGATION,10,0.5,-0.00886261644509784,0.6230468749999987,1.0,0.7,0.11413766129032298,0.17187499999999986,0.3437499999999997,0.6,0.3769531249999994,0.7539062499999988,False,False,False,False,1.0,0.5264344900846433,1.0,1.0,False
REACTOME_RET_SIGNALING,40,0.375,-0.007604909421568843,0.9596547661239849,0.1538599441628296,0.575,0.025274233870967958,0.21479525392168883,0.42959050784337766,0.6,0.13409362552738227,0.26818725105476454,False,False,False,False,0.668372578401071,0.6229854966141977,0.668372578401071,1.0,False
REACTOME_RUNX3_REGULATES_P14_ARF,10,0.4,-0.009645592890196262,0.8281249999999983,0.7539062499999992,0.8,0.10238979838709708,0.05468750000000005,0.1093750000000001,0.6,0.3769531249999994,0.7539062499999988,False,False,False,False,1.0,0.22955607476635534,1.0,1.0,False
REACTOME_SPRY_REGULATION_OF_FGF_SIGNALING,15,0.5333333333333333,0.0053615430588218205,0.49999999999999983,0.9999999999999997,0.9333333333333333,0.20686967741935475,0.00048828124999999864,0.0009765624999999973,0.6,0.3036193847656248,0.6072387695312496,True,False,True,False,1.0,0.00611616035856572,1.0,1.0,False
REACTOME_SURFACTANT_METABOLISM,25,0.44,-0.006183602607843518,0.7878218889236452,0.6900379657745355,0.52,0.0024949193548388566,0.49999999999999983,0.9999999999999997,0.6,0.212178111076355,0.42435622215271,False,False,False,False,1.0,1.0,1.0,1.0,False
REACTOME_UPTAKE_AND_FUNCTION_OF_ANTHRAX_TOXINS,10,0.4,-0.019807295170588515,0.8281249999999983,0.7539062499999992,0.6,0.14681745967741938,0.3769531249999994,0.7539062499999988,0.6,0.3769531249999994,0.7539062499999988,False,False,False,False,1.0,0.905378628724216,1.0,1.0,False
REACTOME_INTERLEUKIN_3_INTERLEUKIN_5_AND_GM_CSF_SIGNALING,47,0.5531914893617021,0.0053615430588218205,0.2800323147901019,0.5600646295802038,0.6170212765957447,0.02847451612903272,0.07193254422027373,0.14386508844054746,0.5957446808510638,0.12148010864166181,0.24296021728332362,True,False,False,False,0.9993434707151876,0.28447285412395046,0.9993434707151876,1.0,False
KEGG_LYSINE_DEGRADATION,42,0.3333333333333333,-0.021071706301960976,0.990239763608771,0.04355852192384208,0.5952380952380952,0.027290604838709945,0.13997811926446915,0.2799562385289383,0.5952380952380952,0.13997811926446915,0.2799562385289383,False,False,False,False,0.3981046306062776,0.45546109450923306,0.45546109450923306,1.0,False
REACTOME_TRNA_MODIFICATION_IN_THE_NUCLEUS_AND_CYTOSOL,42,0.35714285714285715,-0.017925317347059072,0.9782207390380804,0.08842954698775381,0.6190476190476191,0.05543887096774226,0.08207470089155296,0.1641494017831059,0.5952380952380952,0.13997811926446915,0.2799562385289383,False,False,False,False,0.5245707466594302,0.313539319080246,0.5245707466594302,1.0,False
REACTOME_FLT3_SIGNALING,37,0.5945945945945946,0.008548530156861533,0.16200430004391855,0.3240086000878371,0.7837837837837838,0.0425560483870972,0.0003764485300052932,0.0007528970600105864,0.5945945945945946,0.16200430004391855,0.3240086000878371,True,False,True,False,0.8498864024877469,0.005015060077697635,0.8498864024877469,1.0,False
REACTOME_FANCONI_ANEMIA_PATHWAY,32,0.34375,-0.018448708188235997,0.9749487701337708,0.11018416518345373,0.5625,0.0278734677419357,0.2983074479270704,0.5966148958541408,0.59375,0.18854279373772315,0.3770855874754463,False,False,False,False,0.5792960122688614,0.7809499144933463,0.7809499144933463,1.0,False
REACTOME_FOXO_MEDIATED_TRANSCRIPTION,64,0.421875,-0.014178379199999983,0.9156785442801775,0.2604354765766603,0.671875,0.0391518951612906,0.0040734511143493924,0.008146902228698785,0.59375,0.0843214557198545,0.168642911439709,False,False,True,False,0.7797052886849448,0.032838282829524335,0.7797052886849448,1.0,False
REACTOME_NEGATIVE_REGULATION_OF_FGFR1_SIGNALING,32,0.46875,-0.003766787713725858,0.7016925520729221,0.8600500659085736,0.75,0.04786927419354861,0.003500183345749952,0.007000366691499904,0.59375,0.18854279373772315,0.3770855874754463,False,False,True,False,1.0,0.029267490529355983,1.0,1.0,False
REACTOME_ACTIVATION_OF_NMDA_RECEPTORS_AND_POSTSYNAPTIC_EVENTS,86,0.45348837209302323,-0.005798946101961109,0.8340828227000666,0.45054757600160206,0.627906976744186,0.027155483870967972,0.011491295953578999,0.022982591907157998,0.5930232558139535,0.05261267562847422,0.10522535125694844,False,False,True,False,0.9327301742513864,0.07225726895610475,0.9327301742513864,1.0,False
KEGG_HOMOLOGOUS_RECOMBINATION,27,0.3333333333333333,-0.026344946027451195,0.9738805070519523,0.12207812070846646,0.5185185185185185,0.02267572580645224,0.5000000000000037,1.0,0.5925925925925926,0.2210341691970841,0.4420683383941682,False,False,False,False,0.6131207851556207,1.0,1.0,1.0,False
REACTOME_CRISTAE_FORMATION,27,0.37037037037037035,-0.016837135643138275,0.9389609396457744,0.24778856337070618,0.7777777777777778,0.09699370967741948,0.002962306141853349,0.005924612283706698,0.5925925925925926,0.2210341691970841,0.4420683383941682,False,False,True,False,0.7622771460249522,0.025870806972185915,0.7622771460249522,1.0,False
REACTOME_MHC_CLASS_II_ANTIGEN_PRESENTATION,115,0.5565217391304348,0.00474420685490155,0.13152697877146693,0.26305395754293387,0.7043478260869566,0.052484354838710015,6.9001724589004725e-06,1.3800344917800945e-05,0.591304347826087,0.030854304119611632,0.061708608239223264,True,False,True,False,0.7797052886849448,0.00018668242645019688,0.7797052886849448,1.0,False
KEGG_SELENOAMINO_ACID_METABOLISM,22,0.45454545454545453,-0.027244012852941455,0.7382664680480944,0.8318119049072269,0.7727272727272727,0.09690790322580656,0.00845026969909663,0.01690053939819326,0.5909090909090909,0.26173353195190396,0.5234670639038079,False,False,True,False,1.0,0.05763047274177831,1.0,1.0,False
REACTOME_SIGNALING_BY_EGFR_IN_CANCER,22,0.6818181818181818,0.026854922596078194,0.06690025329589823,0.13380050659179646,0.6363636363636364,0.03617129032258106,0.14313936233520455,0.2862787246704091,0.5909090909090909,0.26173353195190396,0.5234670639038079,True,False,False,False,0.6327344075109776,0.46109647047324087,0.6327344075109776,1.0,False
REACTOME_SYNTHESIS_OF_BILE_ACIDS_AND_BILE_SALTS_VIA_7ALPHA_HYDROXYCHOLESTEROL,22,0.45454545454545453,-0.02943174763921584,0.7382664680480944,0.8318119049072269,0.7727272727272727,0.018915846774193595,0.00845026969909663,0.01690053939819326,0.5909090909090909,0.26173353195190396,0.5234670639038079,False,False,True,False,1.0,0.05763047274177831,1.0,1.0,False
REACTOME_TERMINATION_OF_O_GLYCAN_BIOSYNTHESIS,22,0.4090909090909091,-0.005422618682353102,0.8568606376647941,0.5234670639038088,0.45454545454545453,-0.0017977016129029529,0.7382664680480944,0.8318119049072269,0.5909090909090909,0.26173353195190396,0.5234670639038079,True,False,False,False,0.9919146069216969,0.9509878651012077,0.9919146069216969,1.0,False
REACTOME_MTOR_SIGNALLING,39,0.38461538461538464,-0.038693300937255634,0.9459354892969739,0.19959086691960667,0.5897435897435898,0.12480887096774229,0.16839181759496585,0.3367836351899317,0.5897435897435898,0.16839181759496585,0.3367836351899317,False,False,False,False,0.7268804961276545,0.5241820539787848,0.7268804961276545,1.0,False
KEGG_METABOLISM_OF_XENOBIOTICS_BY_CYTOCHROME_P450,51,0.37254901960784315,-0.019214953007843257,0.9755630538408285,0.0919145498158514,0.5490196078431373,0.01140362903225847,0.28792467386591325,0.5758493477318265,0.5882352941176471,0.13121876785551667,0.26243753571103334,False,False,False,False,0.5402786986854268,0.7657266739024597,0.7657266739024597,1.0,False
KEGG_RENIN_ANGIOTENSIN_SYSTEM,17,0.47058823529411764,-0.0013938001921570322,0.6854705810546903,1.0,0.5294117647058824,0.0005441129032259543,0.5000000000000017,1.0,0.5882352941176471,0.3145294189453131,0.6290588378906262,False,False,False,False,1.0,1.0,1.0,1.0,False
REACTOME_ABC_TRANSPORTERS_IN_LIPID_HOMEOSTASIS,17,0.5882352941176471,0.0031313832313716195,0.3145294189453131,0.6290588378906262,0.5294117647058824,0.002396290322581053,0.5000000000000017,1.0,0.5882352941176471,0.3145294189453131,0.6290588378906262,True,False,False,False,1.0,1.0,1.0,1.0,False
REACTOME_GLYOXYLATE_METABOLISM_AND_GLYCINE_DEGRADATION,17,0.4117647058823529,-0.01801758676470608,0.8338470458984406,0.6290588378906263,0.5882352941176471,0.012435000000000154,0.3145294189453131,0.6290588378906262,0.5882352941176471,0.3145294189453131,0.6290588378906262,False,False,False,False,1.0,0.8052772745635703,1.0,1.0,False
REACTOME_KSRP_KHSRP_BINDS_AND_DESTABILIZES_MRNA,17,0.4117647058823529,-0.01003591956470598,0.8338470458984406,0.6290588378906263,0.7058823529411765,0.09628161290322579,0.07173156738281275,0.1434631347656255,0.5882352941176471,0.3145294189453131,0.6290588378906262,False,False,False,False,1.0,0.2843935029654014,1.0,1.0,False
REACTOME_NR1H3_NR1H2_REGULATE_GENE_EXPRESSION_LINKED_TO_CHOLESTEROL_TRANSPORT_AND_EFFLUX,34,0.5,-0.0019398019470592334,0.567916879779661,1.0,0.6764705882352942,0.0336754838709679,0.028806336456909814,0.05761267291381963,0.5882352941176471,0.19576415256597177,0.39152830513194353,False,False,True,False,1.0,0.14285034987464423,1.0,1.0,False
REACTOME_NUCLEAR_EVENTS_STIMULATED_BY_ALK_SIGNALING_IN_CANCER,34,0.5588235294117647,0.005576797780392338,0.3037956806365412,0.6075913612730824,0.6764705882352942,0.02237560483870993,0.028806336456909814,0.05761267291381963,0.5882352941176471,0.19576415256597177,0.39152830513194353,True,False,True,False,1.0,0.14285034987464423,1.0,1.0,False
REACTOME_PKA_MEDIATED_PHOSPHORYLATION_OF_CREB,17,0.5294117647058824,0.006746763996078438,0.5000000000000017,1.0,0.47058823529411764,-0.015358629032257804,0.6854705810546903,1.0,0.5882352941176471,0.3145294189453131,0.6290588378906262,False,False,False,False,1.0,1.0,1.0,1.0,False
REACTOME_REGULATION_OF_TP53_EXPRESSION_AND_DEGRADATION,34,0.5294117647058824,0.0054891429549010435,0.4320831202203426,0.8641662404406852,0.6470588235294118,0.07164846774193562,0.060724742477760024,0.12144948495552005,0.5882352941176471,0.19576415256597177,0.39152830513194353,True,False,False,False,1.0,0.247624630804251,1.0,1.0,False
REACTOME_TNF_RECEPTOR_SUPERFAMILY_TNFSF_MEMBERS_MEDIATING_NON_CANONICAL_NF_KB_PATHWAY,17,0.4117647058823529,-0.021738881549019866,0.8338470458984406,0.6290588378906263,0.47058823529411764,-0.010103145161290112,0.6854705810546903,1.0,0.5882352941176471,0.3145294189453131,0.6290588378906262,True,False,False,False,1.0,1.0,1.0,1.0,False
KEGG_GLYCEROLIPID_METABOLISM,46,0.41304347826086957,-0.02172363538235313,0.9080375893115163,0.30199561318966484,0.43478260869565216,-0.002582580645160714,0.8490021934051807,0.46139118213677005,0.5869565217391305,0.15099780659483197,0.30199561318966395,True,False,False,False,0.8219748857070005,0.6575765533263849,0.8219748857070005,1.0,False
REACTOME_REGULATION_OF_MECP2_EXPRESSION_AND_ACTIVITY,29,0.4827586206896552,-0.009036549454902173,0.6444644480943627,0.9999999999999919,0.6206896551724138,0.05484032258064536,0.13246544823050396,0.2649308964610079,0.5862068965517241,0.2291291598230583,0.4582583196461166,False,False,False,False,1.0,0.4360513984537425,1.0,1.0,False
REACTOME_SUMOYLATION_OF_TRANSCRIPTION_COFACTORS,41,0.43902439024390244,-0.013217011803921565,0.8255555602754553,0.5327092552361072,0.6585365853658537,0.02103798387096789,0.029791944009047847,0.05958388801809569,0.5853658536585366,0.17444443972453708,0.34888887944907415,False,False,True,False,0.9919146069216969,0.14567009636772382,0.9919146069216969,1.0,False
REACTOME_DNA_DOUBLE_STRAND_BREAK_RESPONSE,53,0.33962264150943394,-0.01171578525098089,0.9936698320987898,0.027008317653722233,0.6792452830188679,0.030929435483871025,0.006330167901207075,0.01266033580241415,0.5849056603773585,0.13583958303275165,0.2716791660655033,False,False,True,False,0.33835419093423036,0.04696010535871486,0.33835419093423036,1.0,False
REACTOME_TRANSLOCATION_OF_SLC2A4_GLUT4_TO_THE_PLASMA_MEMBRANE,65,0.5230769230769231,0.0026836836039208136,0.40215850009670445,0.8043170001934089,0.6923076923076923,0.11502427419354853,0.001313188405342031,0.002626376810684062,0.5846153846153846,0.10726959700409054,0.21453919400818108,True,False,True,False,1.0,0.013716492845167263,1.0,1.0,False
KEGG_ASCORBATE_AND_ALDARATE_METABOLISM,12,0.3333333333333333,-0.02760729211568638,0.9270019531249984,0.3876953125000003,0.75,0.026944919354839048,0.07299804687500001,0.14599609375000003,0.5833333333333334,0.38720703124999967,0.7744140624999993,False,False,False,False,0.8808717407967036,0.2858105347135744,0.8808717407967036,1.0,False
KEGG_DRUG_METABOLISM_OTHER_ENZYMES,36,0.3055555555555556,-0.02859156231372566,0.9943345079082061,0.028816719655878863,0.5555555555555556,0.014442177419354975,0.30885965851484826,0.6177193170296965,0.5833333333333334,0.20251612307038178,0.40503224614076355,False,False,False,False,0.3448786302046366,0.7959465298120352,0.7959465298120352,1.0,False
REACTOME_ACTIVATION_OF_THE_TFAP2_AP_2_FAMILY_OF_TRANSCRIPTION_FACTORS,12,0.4166666666666667,-0.00701312958235344,0.8061523437499982,0.7744140624999993,0.3333333333333333,-0.021546169354838343,0.9270019531249984,0.3876953125000003,0.5833333333333334,0.38720703124999967,0.7744140624999993,True,False,False,False,1.0,0.5727979617011283,1.0,1.0,False
REACTOME_ALK_MUTANTS_BIND_TKIS,12,0.5833333333333334,0.009732645158823112,0.38720703124999967,0.7744140624999993,0.6666666666666666,0.044473104838709844,0.19384765625000006,0.3876953125000001,0.5833333333333334,0.38720703124999967,0.7744140624999993,True,False,False,False,1.0,0.5727979617011283,1.0,1.0,False
REACTOME_ASPIRIN_ADME,24,0.5416666666666666,0.0024722398901959475,0.4194098711013804,0.8388197422027608,0.4583333333333333,-0.011401572580645008,0.7293719053268445,0.8388197422027591,0.5833333333333334,0.27062809467315696,0.5412561893463139,False,False,False,False,1.0,0.9555250976396666,1.0,1.0,False
REACTOME_CYCLIN_A_B1_B2_ASSOCIATED_EVENTS_DURING_G2_M_TRANSITION,24,0.5833333333333334,0.012344129354901512,0.27062809467315696,0.5412561893463139,0.6666666666666666,0.02194754032258121,0.07579481601715092,0.15158963203430184,0.5833333333333334,0.27062809467315696,0.5412561893463139,True,False,False,False,0.9919146069216969,0.293110580022045,0.9919146069216969,1.0,False
REACTOME_ERYTHROPOIETIN_ACTIVATES_PHOSPHOINOSITIDE_3_KINASE_PI3K,12,0.4166666666666667,-0.0270702867647067,0.8061523437499982,0.7744140624999993,0.6666666666666666,0.026689637096774344,0.19384765625000006,0.3876953125000001,0.5833333333333334,0.38720703124999967,0.7744140624999993,False,False,False,False,1.0,0.5727979617011283,1.0,1.0,False
REACTOME_GAP_FILLING_DNA_REPAIR_SYNTHESIS_AND_LIGATION_IN_GG_NER,24,0.4583333333333333,-0.022578774145098835,0.7293719053268445,0.8388197422027591,0.7916666666666666,0.07990834677419371,0.003305375576019281,0.006610751152038562,0.5833333333333334,0.27062809467315696,0.5412561893463139,False,False,True,False,1.0,0.027860860083122302,1.0,1.0,False
REACTOME_HDR_THROUGH_MMEJ_ALT_NHEJ,12,0.5,0.006466102480391254,0.6127929687499988,1.0,0.5833333333333334,0.020344435483871194,0.38720703124999967,0.7744140624999993,0.5833333333333334,0.38720703124999967,0.7744140624999993,True,False,False,False,1.0,0.9153224859022547,1.0,1.0,False
REACTOME_INTERLEUKIN_12_SIGNALING,36,0.5555555555555556,0.013004532735294009,0.30885965851484826,0.6177193170296965,0.6944444444444444,0.030333024193548656,0.014408359827939405,0.02881671965587881,0.5833333333333334,0.20251612307038178,0.40503224614076355,True,False,True,False,1.0,0.08628549199817427,1.0,1.0,False
REACTOME_INTERLEUKIN_2_SIGNALING,12,0.4166666666666667,-0.007151994884314252,0.8061523437499982,0.7744140624999993,0.5,0.005265201612903519,0.6127929687499988,1.0,0.5833333333333334,0.38720703124999967,0.7744140624999993,False,False,False,False,1.0,1.0,1.0,1.0,False
REACTOME_NF_KB_IS_ACTIVATED_AND_SIGNALS_SURVIVAL,12,0.5,-0.001613247225491144,0.6127929687499988,1.0,0.5833333333333334,0.016937822580645433,0.38720703124999967,0.7744140624999993,0.5833333333333334,0.38720703124999967,0.7744140624999993,False,False,False,False,1.0,0.9153224859022547,1.0,1.0,False
REACTOME_NOTCH2_INTRACELLULAR_DOMAIN_REGULATES_TRANSCRIPTION,12,0.5,0.004807155823529032,0.6127929687499988,1.0,0.5833333333333334,0.017593427419355014,0.38720703124999967,0.7744140624999993,0.5833333333333334,0.38720703124999967,0.7744140624999993,True,False,False,False,1.0,0.9153224859022547,1.0,1.0,False
REACTOME_P75NTR_RECRUITS_SIGNALLING_COMPLEXES,12,0.5,-0.001613247225491144,0.6127929687499988,1.0,0.5833333333333334,0.014496250000000153,0.38720703124999967,0.7744140624999993,0.5833333333333334,0.38720703124999967,0.7744140624999993,False,False,False,False,1.0,0.9153224859022547,1.0,1.0,False
REACTOME_PINK1_PRKN_MEDIATED_MITOPHAGY,24,0.625,0.010702766654901255,0.15372812747955353,0.30745625495910706,0.7083333333333334,0.07374713709677458,0.031957328319549505,0.06391465663909901,0.5833333333333334,0.27062809467315696,0.5412561893463139,True,False,True,False,0.8219748857070005,0.1531613418241824,0.8219748857070005,1.0,False
REACTOME_PYRIMIDINE_CATABOLISM,12,0.5833333333333334,0.0069551075686270815,0.38720703124999967,0.7744140624999993,0.5,-0.006967338709677019,0.6127929687499988,1.0,0.5833333333333334,0.38720703124999967,0.7744140624999993,False,False,False,False,1.0,1.0,1.0,1.0,False
REACTOME_REGULATION_OF_PLK1_ACTIVITY_AT_G2_M_TRANSITION,84,0.5119047619047619,0.004542922268627239,0.4566011811123179,0.9132023622246358,0.6904761904761905,0.04267088709677454,0.0003139736357909248,0.0006279472715818496,0.5833333333333334,0.0778282318570016,0.1556564637140032,True,False,True,False,1.0,0.0042828294437579776,1.0,1.0,False
REACTOME_ROLE_OF_PHOSPHOLIPIDS_IN_PHAGOCYTOSIS,24,0.3333333333333333,-0.030464499207843217,0.9680426716804514,0.1515896320343019,0.5833333333333334,0.004084677419355284,0.27062809467315696,0.5412561893463139,0.5833333333333334,0.27062809467315696,0.5412561893463139,False,False,False,False,0.6637852411084195,0.7373091244821538,0.7373091244821538,1.0,False
REACTOME_SIGNALING_BY_PDGFRA_TRANSMEMBRANE_JUXTAMEMBRANE_AND_KINASE_DOMAIN_MUTANTS,12,0.4166666666666667,-0.010990111498039285,0.8061523437499982,0.7744140624999993,0.8333333333333334,0.04653899193548443,0.01928710937499998,0.03857421874999996,0.5833333333333334,0.38720703124999967,0.7744140624999993,False,False,True,False,1.0,0.10657060083479777,1.0,1.0,False
REACTOME_SUPPRESSION_OF_PHAGOSOMAL_MATURATION,12,0.5,-0.002701260237256313,0.6127929687499988,1.0,0.75,0.07352000000000021,0.07299804687500001,0.14599609375000003,0.5833333333333334,0.38720703124999967,0.7744140624999993,False,False,False,False,1.0,0.2858105347135744,1.0,1.0,False
REACTOME_TFAP2_AP_2_FAMILY_REGULATES_TRANSCRIPTION_OF_GROWTH_FACTORS_AND_THEIR_RECEPTORS,12,0.5,-0.004227938750980937,0.6127929687499988,1.0,0.5833333333333334,0.01302407258064553,0.38720703124999967,0.7744140624999993,0.5833333333333334,0.38720703124999967,0.7744140624999993,False,False,False,False,1.0,0.9153224859022547,1.0,1.0,False
REACTOME_TICAM1_DEPENDENT_ACTIVATION_OF_IRF3_IRF7,12,0.4166666666666667,-0.028535482288235804,0.8061523437499982,0.7744140624999993,0.6666666666666666,0.06223625000000025,0.19384765625000006,0.3876953125000001,0.5833333333333334,0.38720703124999967,0.7744140624999993,False,False,False,False,1.0,0.5727979617011283,1.0,1.0,False
REACTOME_TRAF6_MEDIATED_IRF7_ACTIVATION,24,0.4166666666666667,-0.0076810373921572875,0.8462718725204479,0.5412561893463135,0.3333333333333333,-0.023435725806451473,0.9680426716804514,0.1515896320343019,0.5833333333333334,0.27062809467315696,0.5412561893463139,True,False,False,False,0.9919146069216969,0.293110580022045,0.9919146069216969,1.0,False
KEGG_PROGESTERONE_MEDIATED_OOCYTE_MATURATION,79,0.4177215189873418,-0.013472555180392625,0.9426698221270947,0.17661055306016218,0.6329113924050633,0.02724685483870975,0.011909896429000606,0.02381979285800121,0.5822784810126582,0.0883052765300815,0.176610553060163,False,False,True,False,0.6939395657941977,0.07428492519543592,0.6939395657941977,1.0,False
KEGG_P53_SIGNALING_PATHWAY,67,0.582089552238806,0.02384289473333324,0.11077436482240252,0.22154872964480504,0.6417910447761194,0.04475951612903285,0.013559996201562667,0.027119992403125334,0.582089552238806,0.11077436482240252,0.22154872964480504,True,False,True,False,0.7378528981121056,0.08246156297429987,0.7378528981121056,1.0,False
REACTOME_PROTEIN_UBIQUITINATION,67,0.5373134328358209,0.0053615430588218205,0.31270341447081457,0.6254068289416291,0.7164179104477612,0.0354931451612905,0.0002608063784057499,0.0005216127568114998,0.582089552238806,0.11077436482240252,0.22154872964480504,True,False,True,False,1.0,0.0037409093799612558,1.0,1.0,False
HALLMARK_MYC_TARGETS_V2,55,0.5636363636363636,0.011799951925489596,0.2093770941345089,0.4187541882690178,0.6545454545454545,0.04206701612903265,0.015014472705946288,0.030028945411892577,0.5818181818181818,0.1403048588491778,0.2806097176983556,True,False,True,False,0.9063695397066046,0.08823458352802828,0.9063695397066046,1.0,False
REACTOME_NETRIN_1_SIGNALING,43,0.5348837209302325,0.008980623211764422,0.3803958212806726,0.7607916425613452,0.627906976744186,0.04409096774193577,0.06314473719271553,0.12628947438543106,0.5813953488372093,0.18018882646788448,0.36037765293576896,True,False,False,False,1.0,0.25529254907389204,1.0,1.0,False
KEGG_BUTANOATE_METABOLISM,31,0.25806451612903225,-0.03857659725098065,0.9983365535736055,0.010673840530216583,0.6129032258064516,0.010812580645161558,0.14052075752988424,0.2810415150597685,0.5806451612903226,0.23656482994556394,0.4731296598911279,False,False,False,False,0.2117456896551729,0.45546109450923306,0.45546109450923306,1.0,False
REACTOME_DOWNSTREAM_SIGNALING_OF_ACTIVATED_FGFR1,31,0.5161290322580645,0.002604716345096699,0.4999999999999987,0.9999999999999974,0.6774193548387096,0.025798548387097164,0.035377772990614134,0.07075554598122827,0.5806451612903226,0.23656482994556394,0.4731296598911279,True,False,True,False,1.0,0.1660115198246132,1.0,1.0,False
REACTOME_INTERACTION_BETWEEN_L1_AND_ANKYRINS,31,0.3870967741935484,-0.0043655037529413375,0.925193607807157,0.28104151505976793,0.5483870967741935,0.01117274193548403,0.3600500659085799,0.7201001318171598,0.5806451612903226,0.23656482994556394,0.4731296598911279,False,False,False,False,0.7989100572765933,0.8850644309746484,0.8850644309746484,1.0,False
REACTOME_PERK_REGULATES_GENE_EXPRESSION,31,0.5483870967741935,0.009666848043136734,0.3600500659085799,0.7201001318171598,0.7096774193548387,0.09628161290322579,0.014724686741828917,0.029449373483657833,0.5806451612903226,0.23656482994556394,0.4731296598911279,True,False,True,False,1.0,0.08751307205351629,1.0,1.0,False
REACTOME_TRANSFERRIN_ENDOCYTOSIS_AND_RECYCLING,31,0.6774193548387096,0.020907629870587353,0.035377772990614134,0.07075554598122827,0.7741935483870968,0.05980120967741952,0.0016634464263915974,0.003326892852783195,0.5806451612903226,0.23656482994556394,0.4731296598911279,True,True,True,False,0.4815052739501768,0.016925163639401882,0.4815052739501768,1.0,False
REACTOME_G_PROTEIN_MEDIATED_EVENTS,50,0.42,-0.005878166182353175,0.8986806244677471,0.32223632035755423,0.56,0.025097943548387472,0.23994383084916945,0.4798876616983389,0.58,0.1611181601787766,0.3222363203575532,False,False,False,False,0.8498864024877469,0.669887136905751,0.8498864024877469,1.0,False
REACTOME_SIGNALING_BY_EGFR,50,0.6,0.019178016290195853,0.10131937553227195,0.2026387510645439,0.54,0.002776370967742173,0.3359055168826889,0.6718110337653778,0.58,0.1611181601787766,0.3222363203575532,True,False,False,False,0.7306149464987685,0.8428467239259169,0.8428467239259169,1.0,False
REACTOME_INTERFERON_GAMMA_SIGNALING,88,0.5795454545454546,0.01160194614509803,0.08272025646699928,0.16544051293399856,0.5681818181818182,0.022805725806451994,0.12039656226950594,0.2407931245390119,0.5795454545454546,0.08272025646699928,0.16544051293399856,True,False,False,False,0.6899561990553106,0.4078952497578951,0.6899561990553106,1.0,False
REACTOME_APC_C_CDC20_MEDIATED_DEGRADATION_OF_CYCLIN_B,19,0.42105263157894735,-0.02080422286274652,0.8203582763671896,0.6476058959960952,0.8421052631578947,0.04926483870967778,0.0022125244140625043,0.004425048828125009,0.5789473684210527,0.3238029479980474,0.6476058959960947,False,False,True,False,1.0,0.020519695450774377,1.0,1.0,False
REACTOME_COPI_MEDIATED_ANTEROGRADE_TRANSPORT,95,0.5684210526315789,0.012489873956862994,0.10902684093524603,0.21805368187049207,0.7578947368421053,0.10228241935483873,2.378741192620879e-07,4.757482385241758e-07,0.5789473684210527,0.075259031945111,0.150518063890222,True,False,True,False,0.7378528981121056,9.840476723157953e-06,0.7378528981121056,1.0,False
REACTOME_EPHRIN_SIGNALING,19,0.47368421052631576,-0.0021262446274522627,0.6761970520019551,1.0,0.5789473684210527,0.011293145161290248,0.3238029479980474,0.6476058959960947,0.5789473684210527,0.3238029479980474,0.6476058959960947,False,False,False,False,1.0,0.8216597808764017,1.0,1.0,False
REACTOME_JNK_C_JUN_KINASES_PHOSPHORYLATION_AND_ACTIVATION_MEDIATED_BY_ACTIVATED_HUMAN_TAK1,19,0.5789473684210527,0.008548530156861533,0.3238029479980474,0.6476058959960947,0.3684210526315789,-0.016175241935483455,0.9164657592773461,0.35928344726562617,0.5789473684210527,0.3238029479980474,0.6476058959960947,False,False,False,False,1.0,0.5435934351314382,1.0,1.0,False
REACTOME_PD_1_SIGNALING,19,0.5789473684210527,0.010481218847058861,0.3238029479980474,0.6476058959960947,0.47368421052631576,-0.0006020161290323407,0.6761970520019551,1.0,0.5789473684210527,0.3238029479980474,0.6476058959960947,False,False,False,False,1.0,1.0,1.0,1.0,False
REACTOME_REGULATION_OF_IFNA_IFNB_SIGNALING,19,0.6842105263157895,0.02503675933333318,0.0835342407226563,0.1670684814453126,0.47368421052631576,-0.0009103225806451672,0.6761970520019551,1.0,0.5789473684210527,0.3238029479980474,0.6476058959960947,False,False,False,False,0.6899561990553106,1.0,1.0,1.0,False
REACTOME_SCAVENGING_BY_CLASS_A_RECEPTORS,19,0.47368421052631576,-0.012708711321568523,0.6761970520019551,1.0,0.5789473684210527,0.031384354838709806,0.3238029479980474,0.6476058959960947,0.5789473684210527,0.3238029479980474,0.6476058959960947,False,False,False,False,1.0,0.8216597808764017,1.0,1.0,False
REACTOME_INTEGRIN_SIGNALING,26,0.34615384615384615,-0.015502626837254991,0.9622406512498943,0.168637543916704,0.5384615384615384,0.03720842741935495,0.42250949144363786,0.8450189828872757,0.5769230769230769,0.27859854698181374,0.5571970939636275,False,False,False,False,0.6899561990553106,0.9584197987725811,0.9584197987725811,1.0,False
REACTOME_SARS_COV_2_MODULATES_HOST_TRANSLATION_MACHINERY,26,0.5384615384615384,0.006934615274508549,0.42250949144363786,0.8450189828872757,0.8076923076923077,0.26509975806451613,0.0012469589710235676,0.002493917942047135,0.5769230769230769,0.27859854698181374,0.5571970939636275,True,False,True,False,1.0,0.013289623745417277,1.0,1.0,False
REACTOME_TRANSCRIPTIONAL_REGULATION_BY_MECP2,59,0.4915254237288136,-0.006630529552941156,0.6025781730085641,0.9999999999999923,0.5423728813559322,0.01906927419354861,0.30146160062857186,0.6029232012571437,0.576271186440678,0.1487976041422128,0.2975952082844256,False,False,False,False,1.0,0.7841819539583625,1.0,1.0,False
KEGG_ANTIGEN_PROCESSING_AND_PRESENTATION,66,0.5909090909090909,0.011382795292156623,0.08764289722151833,0.17528579444303666,0.5909090909090909,0.024239596774193642,0.08764289722151833,0.17528579444303666,0.5757575757575758,0.133905832423295,0.26781166484659,True,False,False,False,0.6939395657941977,0.3311300977353478,0.6939395657941977,1.0,False
REACTOME_TELOMERE_C_STRAND_LAGGING_STRAND_SYNTHESIS,33,0.2727272727272727,-0.04707782674117829,0.9977243079338212,0.013530986849218574,0.6363636363636364,0.024245887096773902,0.081377828726545,0.16275565745309,0.5757575757575758,0.2434251208323983,0.4868502416647966,False,False,False,False,0.2312033839888217,0.3120145042881189,0.3120145042881189,1.0,False
REACTOME_SARS_COV_1_INFECTION,115,0.4956521739130435,-0.0010000041568640709,0.5739222366851431,0.9999999999999974,0.7478260869565218,0.09211741935483915,4.8794559674346775e-08,9.758911934869355e-08,0.5739130434782609,0.0676752049174077,0.1353504098348154,False,False,True,False,1.0,2.7145537080637304e-06,1.0,1.0,False
REACTOME_RECRUITMENT_OF_NUMA_TO_MITOTIC_CENTROSOMES,89,0.4606741573033708,-0.005541021568627208,0.8017149209272356,0.5250147872924272,0.6404494382022472,0.04291548387096829,0.005273448615552685,0.01054689723110537,0.5730337078651685,0.10155840936824835,0.2031168187364967,False,False,True,False,0.9919146069216969,0.04165759408868754,0.9919146069216969,1.0,False
HALLMARK_APICAL_SURFACE,42,0.3333333333333333,-0.018629508447059146,0.990239763608771,0.04355852192384208,0.5714285714285714,0.00894967741935523,0.22039953367129753,0.44079906734259505,0.5714285714285714,0.22039953367129753,0.44079906734259505,False,False,False,False,0.3981046306062776,0.6363049897727819,0.6363049897727819,1.0,False
KEGG_GAP_JUNCTION,84,0.4880952380952381,-0.0009340791411767209,0.628177906947425,0.9132023622246362,0.6309523809523809,0.026583750000000225,0.010691594968572825,0.02138318993714565,0.5714285714285714,0.11493220348456507,0.22986440696913013,False,False,True,False,1.0,0.06878500509164977,1.0,1.0,False
REACTOME_APC_CDC20_MEDIATED_DEGRADATION_OF_NEK2A,21,0.38095238095238093,-0.03686369023529479,0.9053764343261742,0.38331031799316473,0.8095238095238095,0.06215072580645189,0.003598690032958979,0.007197380065917958,0.5714285714285714,0.3318119049072274,0.6636238098144548,False,False,True,False,0.8808717407967036,0.029931961543976274,0.8808717407967036,1.0,False
REACTOME_DARPP_32_EVENTS,21,0.5238095238095238,0.0007576723333331623,0.5000000000000008,1.0,0.8571428571428571,0.1384608870967743,0.000744819641113282,0.001489639282226564,0.5714285714285714,0.3318119049072274,0.6636238098144548,True,False,True,False,1.0,0.00877064839552144,1.0,1.0,False
REACTOME_EGFR_DOWNREGULATION,28,0.5357142857142857,0.006955036607841677,0.4252770096063585,0.850554019212717,0.5357142857142857,0.011358266129032466,0.4252770096063585,0.850554019212717,0.5714285714285714,0.2857940942049005,0.571588188409801,True,False,False,False,1.0,0.962614051981563,1.0,1.0,False
REACTOME_INTERLEUKIN_15_SIGNALING,14,0.2857142857142857,-0.01634164564901999,0.9713134765625019,0.1795654296875005,0.42857142857142855,-0.025142499999999724,0.7880249023437517,0.7905273437500014,0.5714285714285714,0.395263671875001,0.790527343750002,True,False,False,False,0.6939395657941977,0.926012656017141,0.926012656017141,1.0,False
REACTOME_NOTCH2_ACTIVATION_AND_TRANSMISSION_OF_SIGNAL_TO_THE_NUCLEUS,21,0.6190476190476191,0.008548530156861533,0.19165515899658228,0.38331031799316456,0.6666666666666666,0.045112903225806716,0.09462356567382803,0.18924713134765606,0.5714285714285714,0.3318119049072274,0.6636238098144548,True,False,False,False,0.8808717407967036,0.3463288596955941,0.8808717407967036,1.0,False
REACTOME_NPAS4_REGULATES_EXPRESSION_OF_TARGET_GENES,21,0.47619047619047616,-0.005724421870588847,0.6681880950927742,1.0,0.5238095238095238,0.004739919354838721,0.5000000000000008,1.0,0.5714285714285714,0.3318119049072274,0.6636238098144548,False,False,False,False,1.0,1.0,1.0,1.0,False
REACTOME_ORGANIC_CATION_ANION_ZWITTERION_TRANSPORT,14,0.21428571428571427,-0.020552204045098194,0.9935302734375019,0.05737304687500014,0.5,-0.008397338709677252,0.6047363281250012,1.0,0.5714285714285714,0.395263671875001,0.790527343750002,True,False,False,False,0.4532182396356795,1.0,1.0,1.0,False
REACTOME_PI_3K_CASCADE_FGFR1,21,0.5238095238095238,0.002604716345096699,0.5000000000000008,1.0,0.6666666666666666,0.02312516129032308,0.09462356567382803,0.18924713134765606,0.5714285714285714,0.3318119049072274,0.6636238098144548,True,False,False,False,1.0,0.3463288596955941,1.0,1.0,False
REACTOME_PTK6_REGULATES_RHO_GTPASES_RAS_GTPASE_AND_MAP_KINASES,14,0.5714285714285714,0.012494786845097881,0.395263671875001,0.790527343750002,0.7142857142857143,0.07075245967741957,0.08978271484375025,0.1795654296875005,0.5714285714285714,0.395263671875001,0.790527343750002,True,False,False,False,1.0,0.3340554502588767,1.0,1.0,False
REACTOME_REGULATION_OF_IFNG_SIGNALING,14,0.7142857142857143,0.023935942384312653,0.08978271484375025,0.1795654296875005,0.5714285714285714,0.02927907258064515,0.395263671875001,0.790527343750002,0.5714285714285714,0.395263671875001,0.790527343750002,True,False,False,False,0.6939395657941977,0.926012656017141,0.926012656017141,1.0,False
REACTOME_RHOC_GTPASE_CYCLE,70,0.4857142857142857,-0.003677734229412006,0.6398986138235564,0.9049745264594485,0.6571428571428571,0.04036173387096821,0.00576320482718159,0.01152640965436318,0.5714285714285714,0.1409894608968258,0.2819789217936516,False,False,True,False,1.0,0.04408641356851318,1.0,1.0,False
REACTOME_ROS_AND_RNS_PRODUCTION_IN_PHAGOCYTES,35,0.6,0.019354553247058738,0.15525232953950785,0.3105046590790157,0.6285714285714286,0.032626532258064736,0.08773262449540227,0.17546524899080454,0.5714285714285714,0.249779916601256,0.499559833202512,True,False,False,False,0.8287153210054544,0.3311300977353478,0.8287153210054544,1.0,False
REACTOME_SHC_MEDIATED_CASCADE_FGFR1,21,0.38095238095238093,-0.006205555654901974,0.9053764343261742,0.38331031799316473,0.6190476190476191,0.002515725806451761,0.19165515899658228,0.38331031799316456,0.5714285714285714,0.3318119049072274,0.6636238098144548,False,False,False,False,0.8808717407967036,0.5727792964688735,0.8808717407967036,1.0,False
REACTOME_SIGNALING_BY_CTNNB1_PHOSPHO_SITE_MUTANTS,14,0.35714285714285715,-0.012581238872549121,0.910217285156252,0.4239501953125009,0.6428571428571429,0.057144395161290634,0.21197509765625067,0.42395019531250133,0.5714285714285714,0.395263671875001,0.790527343750002,False,False,False,False,0.9063695397066046,0.6165122174202147,0.9063695397066046,1.0,False
REACTOME_SYNAPTIC_ADHESION_LIKE_MOLECULES,21,0.42857142857142855,-0.0052042275960786505,0.8083448410034197,0.6636238098144559,0.6666666666666666,0.030461129032258553,0.09462356567382803,0.18924713134765606,0.5714285714285714,0.3318119049072274,0.6636238098144548,False,False,False,False,1.0,0.3463288596955941,1.0,1.0,False
REACTOME_SYNTHESIS_OF_BILE_ACIDS_AND_BILE_SALTS_VIA_27_HYDROXYCHOLESTEROL,14,0.35714285714285715,-0.04238935011960793,0.910217285156252,0.4239501953125009,0.7857142857142857,0.018915846774193595,0.02868652343750004,0.05737304687500008,0.5714285714285714,0.395263671875001,0.790527343750002,False,False,True,False,0.9063695397066046,0.14285034987464423,0.9063695397066046,1.0,False
REACTOME_RHOA_GTPASE_CYCLE,142,0.45774647887323944,-0.0069485242215693846,0.8623750155142601,0.3559998259151314,0.6197183098591549,0.03400951612903255,0.002715045226741338,0.005430090453482676,0.5704225352112676,0.05525672323642597,0.11051344647285194,False,False,True,False,0.8612526119094086,0.023977815148524626,0.8612526119094086,1.0,False
HALLMARK_INTERFERON_GAMMA_RESPONSE,193,0.5595854922279793,0.01117800508627434,0.05652561572299208,0.11305123144598415,0.5647668393782384,0.009975645161290203,0.04190077260509279,0.08380154521018558,0.5699481865284974,0.030496078430584297,0.060992156861168594,True,False,True,False,0.592388452776957,0.19147678643955196,0.592388452776957,1.0,False
KEGG_ARRHYTHMOGENIC_RIGHT_VENTRICULAR_CARDIOMYOPATHY_ARVC,72,0.3611111111111111,-0.01967683907254908,0.9936127022309685,0.024460907328324268,0.5694444444444444,0.020537540322580813,0.14439214020705257,0.28878428041410514,0.5694444444444444,0.14439214020705257,0.28878428041410514,False,False,False,False,0.3231306413455945,0.4642390813483708,0.4642390813483708,1.0,False
REACTOME_SIGNALING_BY_FGFR1,51,0.45098039215686275,-0.006205555654901974,0.7994690044860002,0.5758493477318299,0.7254901960784313,0.047577500000000314,0.0008845985918934594,0.0017691971837869188,0.5686274509803921,0.2005309955139615,0.401061991027923,False,False,True,False,1.0,0.010076731785916799,1.0,1.0,False
KEGG_HYPERTROPHIC_CARDIOMYOPATHY_HCM,81,0.4074074074074074,-0.012212846101960845,0.9626059228585656,0.11927366831176198,0.5185185185185185,0.0045240322580645115,0.41215660755259403,0.8243132151051881,0.5679012345679012,0.1332061548356573,0.2664123096713146,False,False,False,False,0.6089918929378827,0.9479300469241811,0.9479300469241811,1.0,False
REACTOME_CARBOXYTERMINAL_POST_TRANSLATIONAL_MODIFICATIONS_OF_TUBULIN,37,0.5675675675675675,0.0049763560745096184,0.25568789079261534,0.5113757815852307,0.6216216216216216,0.03065056451612893,0.09387077949941156,0.1877415589988231,0.5675675675675675,0.25568789079261534,0.5113757815852307,True,False,False,False,0.984842238512596,0.3459903056813012,0.984842238512596,1.0,False
REACTOME_OXIDATIVE_STRESS_INDUCED_SENESCENCE,74,0.4189189189189189,-0.013389925415686519,0.9349111598404647,0.2006782031293906,0.581081081081081,0.014487580645161497,0.10033910156469503,0.20067820312939005,0.5675675675675675,0.1477066403278388,0.2954132806556776,False,False,False,False,0.7268804961276545,0.36344024806382624,0.7268804961276545,1.0,False
REACTOME_SIGNALING_BY_FGFR1_IN_DISEASE,37,0.40540540540540543,-0.007528235552941585,0.9061292205005894,0.32400860008783594,0.6216216216216216,0.025798548387097164,0.09387077949941156,0.1877415589988231,0.5675675675675675,0.25568789079261534,0.5113757815852307,False,False,False,False,0.8498864024877469,0.3459903056813012,0.8498864024877469,1.0,False
REACTOME_ACTIVATED_NOTCH1_TRANSMITS_SIGNAL_TO_THE_NUCLEUS,30,0.5666666666666667,0.006955036607841677,0.29233235586434875,0.5846647117286975,0.6,0.03321270161290373,0.18079730402678423,0.36159460805356847,0.5666666666666667,0.29233235586434875,0.5846647117286975,True,False,False,False,1.0,0.5449920650625213,1.0,1.0,False
REACTOME_INSULIN_RECEPTOR_RECYCLING,30,0.6333333333333333,0.024651257915685176,0.10024421103298746,0.20048842206597492,0.7333333333333333,0.0555989919354841,0.008062400855124077,0.016124801710248153,0.5666666666666667,0.29233235586434875,0.5846647117286975,True,False,True,False,0.7268804961276545,0.055956265537549885,0.7268804961276545,1.0,False
REACTOME_MITOPHAGY,30,0.6,0.010702766654901255,0.18079730402678423,0.36159460805356847,0.6333333333333333,0.04439709677419387,0.10024421103298746,0.20048842206597492,0.5666666666666667,0.29233235586434875,0.5846647117286975,True,False,False,False,0.8612526119094086,0.36344024806382624,0.8612526119094086,1.0,False
REACTOME_REGULATION_OF_HOMOTYPIC_CELL_CELL_ADHESION,30,0.4666666666666667,-0.009921768684313898,0.70766764413566,0.8555355519056387,0.7,0.024080806451613517,0.02138697262853407,0.04277394525706814,0.5666666666666667,0.29233235586434875,0.5846647117286975,False,False,True,False,1.0,0.11553374904486446,1.0,1.0,False
REACTOME_SIGNALING_BY_CSF1_M_CSF_IN_MYELOID_CELLS,30,0.43333333333333335,-0.006275764731372684,0.8192026959732248,0.5846647117286976,0.6666666666666666,0.04437330645161311,0.04936857335269498,0.09873714670538997,0.5666666666666667,0.29233235586434875,0.5846647117286975,False,False,True,False,1.0,0.21497426052574,1.0,1.0,False
REACTOME_DOPAMINE_NEUROTRANSMITTER_RELEASE_CYCLE,23,0.43478260869565216,-0.01288033192941189,0.7975635528564496,0.6776394844055222,0.6956521739130435,0.04411508064516164,0.046569824218750146,0.09313964843750029,0.5652173913043478,0.3388197422027608,0.6776394844055216,False,False,True,False,1.0,0.2085691272702998,1.0,1.0,False
REACTOME_GLUCONEOGENESIS,23,0.391304347826087,-0.020598157725490358,0.8949801921844535,0.40487289428711204,0.7391304347826086,0.07286879032258078,0.01734483242034914,0.03468966484069828,0.5652173913043478,0.3388197422027608,0.6776394844055216,False,False,True,False,0.8942565883894386,0.09851270053475951,0.8942565883894386,1.0,False
REACTOME_METABOLISM_OF_PORPHYRINS,23,0.4782608695652174,-0.001817344737255304,0.6611802577972447,1.0,0.5652173913043478,0.005134758064516295,0.3388197422027608,0.6776394844055216,0.5652173913043478,0.3388197422027608,0.6776394844055216,False,False,False,False,1.0,0.8476652193571775,1.0,1.0,False
REACTOME_MICRORNA_MIRNA_BIOGENESIS,23,0.391304347826087,-0.008500719152941563,0.8949801921844535,0.40487289428711204,0.7391304347826086,0.08340395161290348,0.01734483242034914,0.03468966484069828,0.5652173913043478,0.3388197422027608,0.6776394844055216,False,False,True,False,0.8942565883894386,0.09851270053475951,0.8942565883894386,1.0,False
REACTOME_MTORC1_MEDIATED_SIGNALLING,23,0.391304347826087,-0.041201313301960904,0.8949801921844535,0.40487289428711204,0.6521739130434783,0.19818951612903257,0.10501980781555229,0.21003961563110457,0.5652173913043478,0.3388197422027608,0.6776394844055216,False,False,False,False,0.8942565883894386,0.3719577273807009,0.8942565883894386,1.0,False
REACTOME_RHOBTB1_GTPASE_CYCLE,23,0.5217391304347826,0.004994236050979649,0.5000000000000028,1.0,0.8695652173913043,0.2195889516129031,0.00024414062500000103,0.0004882812500000021,0.5652173913043478,0.3388197422027608,0.6776394844055216,True,False,True,False,1.0,0.0035701308139535035,1.0,1.0,False
REACTOME_ER_TO_GOLGI_ANTEROGRADE_TRANSPORT,147,0.5850340136054422,0.016736044294117458,0.023695677887529663,0.047391355775059325,0.7210884353741497,0.09865048387096806,4.0446229701952046e-08,8.089245940390409e-08,0.564625850340136,0.06868888312456183,0.13737776624912365,True,True,True,False,0.4161967110524763,2.312053566962495e-06,0.4161967110524763,1.0,False
KEGG_FATTY_ACID_METABOLISM,39,0.3076923076923077,-0.029714132921569006,0.9952623478602642,0.023702702470473014,0.48717948717948717,-0.0008743548387093224,0.6253706876195811,1.0,0.5641025641025641,0.261198690248421,0.522397380496842,True,False,False,False,0.3157682057930812,1.0,1.0,1.0,False
KEGG_RIBOSOME,39,0.6666666666666666,0.021325787960783334,0.02662595704896376,0.05325191409792752,0.8461538461538461,0.7230483064516122,7.149630619096584e-06,1.4299261238193168e-05,0.5641025641025641,0.261198690248421,0.522397380496842,True,True,True,False,0.43753026127750777,0.0001888944425751232,0.43753026127750777,1.0,False
REACTOME_SARS_COV_1_ACTIVATES_MODULATES_INNATE_IMMUNE_RESPONSES,39,0.48717948717948717,-0.0017342363450981672,0.6253706876195811,1.0,0.7692307692307693,0.06717903225806474,0.0005325098172761496,0.0010650196345522991,0.5641025641025641,0.261198690248421,0.522397380496842,False,False,True,False,1.0,0.006565532805945938,1.0,1.0,False
REACTOME_ARACHIDONIC_ACID_METABOLISM,55,0.5272727272727272,0.0017886883333329828,0.39385309483502273,0.7877061896700455,0.5272727272727272,0.005374838709677454,0.39385309483502273,0.7877061896700455,0.5636363636363636,0.2093770941345089,0.4187541882690178,True,False,False,False,1.0,0.926012656017141,1.0,1.0,False
HALLMARK_PI3K_AKT_MTOR_SIGNALING,103,0.49514563106796117,-0.0014583263764711488,0.5780511723735504,0.9999999999999655,0.6601941747572816,0.0692712096774197,0.0007448355984746261,0.0014896711969492522,0.5631067961165048,0.11845093889014181,0.23690187778028363,False,False,True,False,1.0,0.00877064839552144,1.0,1.0,False
HALLMARK_ANDROGEN_RESPONSE,96,0.5520833333333334,0.020309418082352683,0.1791988160958171,0.3583976321916342,0.71875,0.045080483870968094,1.0742176268996307e-05,2.1484352537992613e-05,0.5625,0.1307347181431972,0.2614694362863944,True,False,True,False,0.8612526119094086,0.00027018721751779514,0.8612526119094086,1.0,False
KEGG_HEMATOPOIETIC_CELL_LINEAGE,80,0.45,-0.00695434474901971,0.8428467100680246,0.4340422553454719,0.5875,0.013908709677419898,0.07281772720149102,0.14563545440298203,0.5625,0.1571532899319665,0.314306579863933,False,False,False,False,0.9208021935264262,0.2858105347135744,0.9208021935264262,1.0,False
KEGG_LONG_TERM_POTENTIATION,64,0.390625,-0.009399491131372683,0.9700294052165316,0.10342187831608465,0.609375,0.02654774193548394,0.051710939158042375,0.10342187831608475,0.5625,0.19086639739667519,0.38173279479335037,False,False,False,False,0.5765219599747698,0.22363025132446387,0.5765219599747698,1.0,False
KEGG_STARCH_AND_SUCROSE_METABOLISM,32,0.375,-0.02705577770196082,0.9449079174082654,0.2153271497227231,0.6875,0.02307189516129088,0.02505122986622141,0.05010245973244282,0.5625,0.2983074479270704,0.5966148958541408,False,False,True,False,0.7374603036255373,0.1291165027859018,0.7374603036255373,1.0,False
REACTOME_CREATION_OF_C4_AND_C2_ACTIVATORS,16,0.25,-0.027371171988235413,0.9893646240234378,0.0768127441406251,0.4375,-0.015084112903225616,0.7727508544921882,0.803619384765625,0.5625,0.4018096923828125,0.803619384765625,True,False,False,False,0.4926892089843763,0.9378542485906181,0.9378542485906181,1.0,False
REACTOME_DEFECTIVE_C1GALT1C1_CAUSES_TNPS,16,0.375,-0.0025490133117652,0.894943237304688,0.45449829101562467,0.4375,-0.004094193548386632,0.7727508544921882,0.803619384765625,0.5625,0.4018096923828125,0.803619384765625,True,False,False,False,0.9327301742513864,0.9378542485906181,0.9378542485906181,1.0,False
REACTOME_DNA_STRAND_ELONGATION,32,0.34375,-0.03877400505882331,0.9749487701337708,0.11018416518345373,0.65625,0.03166818548387125,0.05509208259172696,0.11018416518345392,0.5625,0.2983074479270704,0.5966148958541408,False,False,False,False,0.5792960122688614,0.23033179211222016,0.5792960122688614,1.0,False
REACTOME_LATE_ENDOSOMAL_MICROAUTOPHAGY,32,0.5,-0.002711727870588508,0.5699749670457054,1.0,0.6875,0.054236370967742184,0.02505122986622141,0.05010245973244282,0.5625,0.2983074479270704,0.5966148958541408,False,False,True,False,1.0,0.1291165027859018,1.0,1.0,False
REACTOME_SIALIC_ACID_METABOLISM,32,0.375,-0.010503020172549046,0.9449079174082654,0.2153271497227231,0.5,0.006501209677419505,0.5699749670457054,1.0,0.5625,0.2983074479270704,0.5966148958541408,False,False,False,False,0.7374603036255373,1.0,1.0,1.0,False
REACTOME_SIGNALING_BY_NOTCH2,32,0.5625,0.006955036607841677,0.2983074479270704,0.5966148958541408,0.625,0.023619637096774684,0.10766357486136183,0.21532714972272365,0.5625,0.2983074479270704,0.5966148958541408,True,False,False,False,1.0,0.37862894783458795,1.0,1.0,False
REACTOME_SYNTHESIS_OF_BILE_ACIDS_AND_BILE_SALTS,32,0.4375,-0.017383485000000157,0.811457206262269,0.5966148958541402,0.8125,0.018915846774193595,0.000267526367679234,0.000535052735358468,0.5625,0.2983074479270704,0.5966148958541408,False,False,True,False,1.0,0.0037409093799612558,1.0,1.0,False
REACTOME_THE_NLRP3_INFLAMMASOME,16,0.625,0.038660560550979536,0.22724914550781222,0.45449829101562444,0.6875,0.011989798387097156,0.10505676269531242,0.21011352539062483,0.5625,0.4018096923828125,0.803619384765625,True,False,False,False,0.9327301742513864,0.3719577273807009,0.9327301742513864,1.0,False
REACTOME_CILIUM_ASSEMBLY,187,0.4385026737967914,-0.010349899078431696,0.960514329794648,0.10741108743414093,0.6310160427807486,0.03372782258064567,0.00020915893044332328,0.00041831786088664656,0.5614973262032086,0.053705543717069995,0.10741108743413999,False,False,True,False,0.5792960122688614,0.003146390800544538,0.5792960122688614,1.0,False
KEGG_BLADDER_CANCER,41,0.6097560975609756,0.01554147118823521,0.10551179880439923,0.21102359760879846,0.6585365853658537,0.029786532258064925,0.029791944009047847,0.05958388801809569,0.5609756097560976,0.26635462761805384,0.5327092552361077,True,False,True,False,0.7327063217909919,0.14567009636772382,0.7327063217909919,1.0,False
REACTOME_CDC42_GTPASE_CYCLE,148,0.41216216216216217,-0.010832252041176577,0.98693736060074,0.03951838259654205,0.581081081081081,0.019966975806452,0.02915596573714893,0.05831193147429786,0.5608108108108109,0.08103578401528745,0.1620715680305749,False,False,True,False,0.38826810901102565,0.1443564665788917,0.38826810901102565,1.0,False
KEGG_CELL_ADHESION_MOLECULES_CAMS,125,0.464,-0.00592165744313722,0.8144196525746235,0.47442157344096636,0.536,0.005944677419355217,0.23721078672048354,0.4744215734409671,0.56,0.10516362739804823,0.21032725479609646,False,False,False,False,0.9528785503526949,0.669887136905751,0.9528785503526949,1.0,False
REACTOME_HDMS_DEMETHYLATE_HISTONES,25,0.44,-0.006433010964706091,0.7878218889236452,0.6900379657745355,0.48,-0.0073380645161288645,0.6549810171127328,1.0,0.56,0.345018982887268,0.690037965774536,True,False,False,False,1.0,1.0,1.0,1.0,False
REACTOME_INFECTION_WITH_MYCOBACTERIUM_TUBERCULOSIS,25,0.52,0.0053615430588218205,0.49999999999999983,0.9999999999999997,0.72,0.08931532258064542,0.02164262533187862,0.04328525066375724,0.56,0.345018982887268,0.690037965774536,True,False,True,False,1.0,0.11609907013439383,1.0,1.0,False
REACTOME_INTERCONVERSION_OF_NUCLEOTIDE_DI_AND_TRIPHOSPHATES,25,0.6,0.010002938588235154,0.212178111076355,0.42435622215271,0.64,0.040733870967742294,0.114761471748352,0.229522943496704,0.56,0.345018982887268,0.690037965774536,True,False,False,False,0.9063695397066046,0.39346790313720686,0.9063695397066046,1.0,False
REACTOME_PYROPTOSIS,25,0.56,0.005278740117645787,0.345018982887268,0.690037965774536,0.44,-0.027759354838709383,0.7878218889236452,0.6900379657745355,0.56,0.345018982887268,0.690037965774536,False,False,False,False,1.0,0.8609045096806116,1.0,1.0,False
KEGG_CARDIAC_MUSCLE_CONTRACTION,68,0.5,-0.002328553131372688,0.5482013271582614,1.0,0.5588235294117647,0.02054895161290369,0.19806242014852155,0.3961248402970431,0.5588235294117647,0.19806242014852155,0.3961248402970431,False,False,False,False,1.0,0.5836066063232912,1.0,1.0,False
KEGG_PRION_DISEASES,34,0.38235294117647056,-0.008084276317647264,0.9392752575222434,0.22948101302609,0.5882352941176471,0.01722298387096837,0.19576415256597177,0.39152830513194353,0.5588235294117647,0.3037956806365412,0.6075913612730824,False,False,False,False,0.7378528981121056,0.5773756995003896,0.7378528981121056,1.0,False
REACTOME_TRANSPORT_OF_INORGANIC_CATIONS_ANIONS_AND_AMINO_ACIDS_OLIGOPEPTIDES,102,0.39215686274509803,-0.017953553350980686,0.9888511690876572,0.03706676743856108,0.4019607843137255,-0.013084677419354616,0.981466616280723,0.05940053690343433,0.5588235294117647,0.13800694624625018,0.27601389249250036,True,False,False,False,0.37592876395753555,0.14567009636772382,0.37592876395753555,1.0,False
REACTOME_RECRUITMENT_OF_MITOTIC_CENTROSOME_PROTEINS_AND_COMPLEXES,77,0.42857142857142855,-0.00916267535686301,0.9144695132230629,0.25430466614770314,0.6103896103896104,0.04242629032258079,0.033774625729514084,0.06754925145902817,0.5584415584415584,0.18101589886983313,0.36203179773966626,False,False,True,False,0.7777566832377224,0.15920153417330177,0.7777566832377224,1.0,False
REACTOME_EUKARYOTIC_TRANSLATION_ELONGATION,43,0.627906976744186,0.01800476329411558,0.06314473719271553,0.12628947438543106,0.8837209302325582,0.7460128225806459,1.2497548596002252e-07,2.4995097192004503e-07,0.5581395348837209,0.2711920059282433,0.5423840118564865,True,False,True,False,0.6226257152962006,5.69453518635233e-06,0.6226257152962006,1.0,False
REACTOME_CELLULAR_RESPONSE_TO_HEAT_STRESS,95,0.5052631578947369,0.006915250882352861,0.4999999999999765,0.999999999999953,0.6947368421052632,0.039829354838709585,9.320096314588632e-05,0.00018640192629177263,0.5578947368421052,0.15244259535113208,0.30488519070226416,True,False,True,False,1.0,0.001625386150932417,1.0,1.0,False
REACTOME_INTRA_GOLGI_AND_RETROGRADE_GOLGI_TO_ER_TRAFFIC,190,0.5421052631578948,0.008282500892156415,0.1382315061579265,0.276463012315853,0.7210526315789474,0.05445004032258108,4.6293601156095177e-10,9.258720231219035e-10,0.5578947368421052,0.0637065692140203,0.1274131384280406,True,False,True,False,0.7959704310632252,5.59796469364474e-08,0.7959704310632252,1.0,False
REACTOME_RHOD_GTPASE_CYCLE,52,0.5,-0.00222755286078448,0.5550580173617397,1.0,0.7115384615384616,0.06941616935483899,0.001592626723888406,0.003185253447776812,0.5576923076923077,0.2442278346899498,0.4884556693798996,False,False,True,False,1.0,0.016417109573459505,1.0,1.0,False
REACTOME_MITOTIC_G2_G2_M_PHASES,183,0.5245901639344263,0.002847948874509755,0.2771932956696154,0.5543865913392308,0.6830601092896175,0.06728169354838724,4.068037956583316e-07,8.136075913166632e-07,0.5573770491803278,0.06953808863822393,0.13907617727644786,True,False,True,False,0.9948581296635512,1.5059143452344151e-05,0.9948581296635512,1.0,False
REACTOME_REGULATION_OF_TP53_ACTIVITY_THROUGH_PHOSPHORYLATION,88,0.4659090909090909,-0.009543323286275364,0.772129360281074,0.5942882951469703,0.5909090909090909,0.013148467741935965,0.05464771488865929,0.10929542977731858,0.5568181818181818,0.16869951842656614,0.3373990368531323,False,False,False,False,1.0,0.22955607476635534,1.0,1.0,False
REACTOME_ORGANELLE_BIOGENESIS_AND_MAINTENANCE,273,0.4065934065934066,-0.016837135643138275,0.9991998453071532,0.00241523193145912,0.6373626373626373,0.036096129032258464,3.3115017792200394e-06,6.623003558440079e-06,0.5567765567765568,0.034611697649481625,0.06922339529896325,False,False,True,False,0.0852269348890892,0.00010010924609488274,0.0852269348890892,1.0,False
REACTOME_SARS_COV_2_ACTIVATES_MODULATES_INNATE_AND_ADAPTIVE_IMMUNE_RESPONSES,115,0.5652173913043478,0.011050649945097905,0.09574796756013997,0.19149593512027993,0.6608695652173913,0.0336437096774199,0.00035859552396007885,0.0007171910479201577,0.5565217391304348,0.13152697877146693,0.26305395754293387,True,False,True,False,0.7167419285930478,0.004818580882804603,0.7167419285930478,1.0,False
KEGG_CITRATE_CYCLE_TCA_CYCLE,27,0.4074074074074074,-0.022612157674511007,0.8761057183146547,0.44206833839416815,0.48148148148148145,-0.002170887096773818,0.6494459807872827,1.0,0.5555555555555556,0.3505540192127257,0.7011080384254514,True,False,False,False,0.9278123203680004,1.0,1.0,1.0,False
KEGG_PORPHYRIN_AND_CHLOROPHYLL_METABOLISM,27,0.4074074074074074,-0.02553707847451,0.8761057183146547,0.44206833839416815,0.5555555555555556,0.010357016129032282,0.3505540192127257,0.7011080384254514,0.5555555555555556,0.3505540192127257,0.7011080384254514,False,False,False,False,0.9278123203680004,0.8712583686994544,0.9278123203680004,1.0,False
KEGG_REGULATION_OF_AUTOPHAGY,27,0.7037037037037037,0.016032881960783268,0.026119492948055455,0.05223898589611091,0.48148148148148145,-0.0009103225806451672,0.6494459807872827,1.0,0.5555555555555556,0.3505540192127257,0.7011080384254514,False,True,False,False,0.43753026127750777,1.0,1.0,1.0,False
KEGG_RETINOL_METABOLISM,45,0.4888888888888889,-0.005576063713725747,0.617004087877606,1.0,0.4888888888888889,-0.00032806451612893764,0.617004087877606,1.0,0.5555555555555556,0.2757421649012599,0.5514843298025198,True,False,False,False,1.0,1.0,1.0,1.0,False
REACTOME_AMINO_ACIDS_REGULATE_MTORC1,54,0.5,0.0018498123156856176,0.5540384244476035,1.0,0.7222222222222222,0.03025987903225831,0.0007481294426967298,0.0014962588853934596,0.5555555555555556,0.24830871765895735,0.4966174353179147,True,False,True,False,1.0,0.008776563312830294,1.0,1.0,False
REACTOME_FCGAMMA_RECEPTOR_FCGR_DEPENDENT_PHAGOCYTOSIS,81,0.4691358024691358,-0.006578615972549105,0.7473817796165199,0.6569924675863396,0.6419753086419753,0.05360354838709697,0.006999736859993343,0.013999473719986687,0.5555555555555556,0.18708720880234977,0.37417441760469955,False,False,True,False,1.0,0.05059120158119327,1.0,1.0,False
REACTOME_FGFR1_LIGAND_BINDING_AND_ACTIVATION,18,0.3888888888888889,-0.008828482829412015,0.8810577392578133,0.4806823730468747,0.6111111111111112,0.006561935483871185,0.24034118652343725,0.4806823730468745,0.5555555555555556,0.40726470947265625,0.8145294189453125,False,False,False,False,0.9528785503526949,0.669887136905751,0.9528785503526949,1.0,False
REACTOME_KIDNEY_DEVELOPMENT,45,0.4444444444444444,-0.008760826858823706,0.8143509827644986,0.551484329802521,0.4888888888888889,-0.0028233064516128437,0.617004087877606,1.0,0.5555555555555556,0.2757421649012599,0.5514843298025198,True,False,False,False,0.9919146069216969,1.0,1.0,1.0,False
REACTOME_NEUREXINS_AND_NEUROLIGINS,54,0.4074074074074074,-0.010373126405882598,0.9331628823179133,0.22032849417660516,0.5555555555555556,0.005792620967742098,0.24830871765895735,0.4966174353179147,0.5555555555555556,0.24830871765895735,0.4966174353179147,False,False,False,False,0.7378528981121056,0.6884326352026119,0.7378528981121056,1.0,False
REACTOME_NOREPINEPHRINE_NEUROTRANSMITTER_RELEASE_CYCLE,18,0.3888888888888889,-0.01409767642156878,0.8810577392578133,0.4806823730468747,0.7222222222222222,0.03525048387096803,0.04812622070312501,0.09625244140625001,0.5555555555555556,0.40726470947265625,0.8145294189453125,False,False,True,False,0.9528785503526949,0.21162075229458083,0.9528785503526949,1.0,False
REACTOME_PHOSPHOLIPASE_C_MEDIATED_CASCADE_FGFR2,18,0.5,0.001299688235293284,0.5927352905273445,1.0,0.6111111111111112,0.0043687500000002336,0.24034118652343725,0.4806823730468745,0.5555555555555556,0.40726470947265625,0.8145294189453125,True,False,False,False,1.0,0.669887136905751,1.0,1.0,False
REACTOME_PLASMA_LIPOPROTEIN_ASSEMBLY_REMODELING_AND_CLEARANCE,72,0.4166666666666667,-0.010706341211765138,0.9375408998156818,0.1945051658673975,0.5833333333333334,0.010736612903225919,0.09725258293369914,0.19450516586739827,0.5555555555555556,0.2047896979635383,0.4095793959270766,False,False,False,False,0.7228224149262408,0.3551244143362951,0.7228224149262408,1.0,False
REACTOME_RESOLUTION_OF_SISTER_CHROMATID_COHESION,117,0.5128205128205128,0.0026836836039208136,0.4267042229477801,0.8534084458955602,0.6324786324786325,0.017947741935484186,0.0026596396743508327,0.005319279348701665,0.5555555555555556,0.1335911524951986,0.2671823049903972,True,False,True,False,1.0,0.023784271949162637,1.0,1.0,False
REACTOME_RNA_POLYMERASE_III_CHAIN_ELONGATION,18,0.3888888888888889,-0.010209137184314267,0.8810577392578133,0.4806823730468747,0.7222222222222222,0.07181052419354876,0.04812622070312501,0.09625244140625001,0.5555555555555556,0.40726470947265625,0.8145294189453125,False,False,True,False,0.9528785503526949,0.21162075229458083,0.9528785503526949,1.0,False
REACTOME_SYNTHESIS_OF_PA,36,0.3888888888888889,-0.02618338644705902,0.933750918018631,0.2429849540349095,0.5,0.0010340322580646478,0.5660302997857799,1.0,0.5555555555555556,0.30885965851484826,0.6177193170296965,False,False,False,False,0.7593883652939916,1.0,1.0,1.0,False
KEGG_LONG_TERM_DEPRESSION,65,0.4153846153846154,-0.0070386992627452325,0.931983802561069,0.2145391940081826,0.6461538461538462,0.0158075806451616,0.012405987285776196,0.024811974571552393,0.5538461538461539,0.22851039270529871,0.45702078541059743,False,False,True,False,0.7374603036255373,0.0766295167514349,0.7374603036255373,1.0,False
REACTOME_PROTEIN_PROTEIN_INTERACTIONS_AT_SYNAPSES,85,0.4235294117647059,-0.006303286949020093,0.9358017985367786,0.19276043534155354,0.5647058823529412,0.009592016129032552,0.13899964454027264,0.2779992890805453,0.5529411764705883,0.19283471005963587,0.38566942011927174,False,False,False,False,0.7180554605614269,0.4533349402848726,0.7180554605614269,1.0,False
REACTOME_DAG_AND_IP3_SIGNALING,38,0.42105263157894735,-0.006486140290196335,0.8720624602283332,0.41769219083653303,0.5526315789473685,0.029592217741935826,0.3135512850785737,0.6271025701571474,0.5526315789473685,0.3135512850785737,0.6271025701571474,False,False,False,False,0.9063695397066046,0.8052772745635703,0.9063695397066046,1.0,False
KEGG_DILATED_CARDIOMYOPATHY,87,0.41379310344827586,-0.011409453866666848,0.9571555128203741,0.13290188519545754,0.5172413793103449,0.007921774193548583,0.41518650484285935,0.8303730096857187,0.5517241379310345,0.19559548265036775,0.3911909653007355,False,False,False,False,0.6327344075109776,0.9509878651012077,0.9509878651012077,1.0,False
REACTOME_RECOGNITION_OF_DNA_DAMAGE_BY_PCNA_CONTAINING_REPLICATION_COMPLEX,29,0.5862068965517241,0.012316039850979833,0.2291291598230583,0.4582583196461166,0.6896551724137931,0.041112419354838954,0.03071417286992053,0.06142834573984106,0.5517241379310345,0.35553555190562963,0.7110711038112593,True,False,True,False,0.935561140887916,0.14925094204486883,0.935561140887916,1.0,False
REACTOME_ANTIVIRAL_MECHANISM_BY_IFN_STIMULATED_GENES,136,0.5808823529411765,0.015745490570587464,0.03567663397663084,0.07135326795326168,0.6911764705882353,0.0501491935483874,4.834579926071898e-06,9.669159852143797e-06,0.5514705882352942,0.1324464952029084,0.2648929904058168,True,True,True,False,0.48347990182123857,0.00013818108443245498,0.48347990182123857,1.0,False
KEGG_ARACHIDONIC_ACID_METABOLISM,49,0.5510204081632653,0.0033891518235293194,0.28408620642458593,0.5681724128491719,0.673469387755102,0.012939758064516076,0.010647057070693711,0.021294114141387422,0.5510204081632653,0.28408620642458593,0.5681724128491719,True,False,True,False,1.0,0.06878500509164977,1.0,1.0,False
REACTOME_E3_UBIQUITIN_LIGASES_UBIQUITINATE_TARGET_PROTEINS,49,0.5102040816326531,0.0035862579058815063,0.5000000000000048,1.0,0.673469387755102,0.0354931451612905,0.010647057070693711,0.021294114141387422,0.5510204081632653,0.28408620642458593,0.5681724128491719,True,False,True,False,1.0,0.06878500509164977,1.0,1.0,False
REACTOME_TP53_REGULATES_TRANSCRIPTION_OF_CELL_CYCLE_GENES,49,0.4897959183673469,-0.002546044490196234,0.6122751726592233,1.0,0.6530612244897959,0.027659112903226115,0.022192080493575232,0.044384160987150464,0.5510204081632653,0.28408620642458593,0.5681724128491719,False,False,True,False,1.0,0.11785794099966306,1.0,1.0,False
REACTOME_IMMUNOREGULATORY_INTERACTIONS_BETWEEN_A_LYMPHOID_AND_A_NON_LYMPHOID_CELL,118,0.4745762711864407,-0.0038818333450982637,0.7402545906216473,0.6454967635577976,0.5677966101694916,0.017155000000000337,0.08352555708689834,0.16705111417379667,0.5508474576271186,0.15561549666065413,0.31123099332130827,False,False,False,False,1.0,0.3175715270036666,1.0,1.0,False
HALLMARK_MTORC1_SIGNALING,187,0.6203208556149733,0.02890190329803912,0.0006161812479714658,0.0012323624959429316,0.7379679144385026,0.06568669354838728,2.662347301138112e-11,5.324694602276224e-11,0.5508021390374331,0.09396663137071037,0.18793326274142075,True,True,True,False,0.05098089062163917,4.405484165672749e-09,0.05098089062163917,1.0,False
REACTOME_BLOOD_GROUP_SYSTEMS_BIOSYNTHESIS,20,0.25,-0.01768656309607851,0.994091033935549,0.04138946533203137,0.5,0.00635068548387126,0.5880985260009778,1.0,0.55,0.41190147399902427,0.8238029479980485,False,False,False,False,0.389624705840679,1.0,1.0,1.0,False
REACTOME_CYTOSOLIC_TRNA_AMINOACYLATION,20,0.35,-0.011792509382353968,0.9423408508300802,0.2631759643554693,0.6,0.07124241935483897,0.2517223358154302,0.5034446716308604,0.55,0.41190147399902427,0.8238029479980485,False,False,False,False,0.7797052886849448,0.693007901754565,0.7797052886849448,1.0,False
REACTOME_NEGATIVE_REGULATION_OF_MET_ACTIVITY,20,0.55,0.006955036607841677,0.41190147399902427,0.8238029479980485,0.6,0.03812108870967751,0.2517223358154302,0.5034446716308604,0.55,0.41190147399902427,0.8238029479980485,True,False,False,False,1.0,0.693007901754565,1.0,1.0,False
REACTOME_NOTCH4_INTRACELLULAR_DOMAIN_REGULATES_TRANSCRIPTION,20,0.45,-0.0076810373921572875,0.7482776641845718,0.8238029479980488,0.8,0.03918612903225832,0.005908966064453131,0.011817932128906262,0.55,0.41190147399902427,0.8238029479980485,False,False,True,False,1.0,0.04455105349314303,1.0,1.0,False
REACTOME_SIGNALING_BY_FGFR4,40,0.475,-9.501507843204899e-05,0.6820859986855652,0.8746293123804036,0.725,0.046884032258064666,0.0032132880478456614,0.006426576095691323,0.55,0.3179140013144149,0.6358280026288298,False,False,True,False,1.0,0.027487831978928432,1.0,1.0,False
REACTOME_SYNTHESIS_SECRETION_AND_INACTIVATION_OF_GLUCAGON_LIKE_PEPTIDE_1_GLP_1,20,0.6,0.006668889958823542,0.2517223358154302,0.5034446716308604,0.55,0.01322798387096792,0.41190147399902427,0.8238029479980485,0.55,0.41190147399902427,0.8238029479980485,True,False,False,False,0.9781178385290734,0.9479300469241811,0.9781178385290734,1.0,False
REACTOME_VXPX_CARGO_TARGETING_TO_CILIUM,20,0.3,-0.02393720119607861,0.9793052673339864,0.11531829833984392,0.75,0.11510447580645178,0.02069473266601564,0.04138946533203128,0.55,0.41190147399902427,0.8238029479980485,False,False,True,False,0.6017309009744578,0.11276832907347178,0.6017309009744578,1.0,False
REACTOME_INTRINSIC_PATHWAY_FOR_APOPTOSIS,51,0.5294117647058824,0.00045454896078361146,0.38988396527652247,0.7797679305530449,0.5882352941176471,0.020120887096774363,0.13121876785551667,0.26243753571103334,0.5490196078431373,0.28792467386591325,0.5758493477318265,True,False,False,False,1.0,0.4360513984537425,1.0,1.0,False
REACTOME_NEUROTRANSMITTER_RELEASE_CYCLE,51,0.4117647058823529,-0.01288033192941189,0.9196101990939712,0.2624375357110343,0.5490196078431373,0.015974838709677672,0.28792467386591325,0.5758493477318265,0.5490196078431373,0.28792467386591325,0.5758493477318265,False,False,False,False,0.7797052886849448,0.7657266739024597,0.7797052886849448,1.0,False
REACTOME_ACTIVATION_OF_MATRIX_METALLOPROTEINASES,31,0.45161290322580644,-0.004537353035294142,0.7634351700544333,0.720100131817159,0.5806451612903226,0.0021913709677420607,0.23656482994556394,0.4731296598911279,0.5483870967741935,0.3600500659085799,0.7201001318171598,False,False,False,False,1.0,0.669450787892757,1.0,1.0,False
REACTOME_PHASE_0_RAPID_DEPOLARISATION,31,0.3548387096774194,-0.008205955694118038,0.9646222270093832,0.14961278438568065,0.5483870967741935,0.01117274193548403,0.3600500659085799,0.7201001318171598,0.5483870967741935,0.3600500659085799,0.7201001318171598,False,False,False,False,0.6587991514125772,0.8850644309746484,0.8850644309746484,1.0,False
REACTOME_RESPONSE_TO_ELEVATED_PLATELET_CYTOSOLIC_CA2,124,0.5161290322580645,0.0034784891392148944,0.39387329120118647,0.7877465824023729,0.6129032258064516,0.07534330645161291,0.0074923094316665965,0.014984618863333193,0.5483870967741935,0.16162382359250171,0.32324764718500343,True,False,True,False,1.0,0.05317341050374668,1.0,1.0,False
REACTOME_TRANSCRIPTIONAL_REGULATION_OF_BROWN_AND_BEIGE_ADIPOCYTE_DIFFERENTIATION,31,0.5161290322580645,8.046292156830507e-05,0.4999999999999987,0.9999999999999974,0.6451612903225806,0.04585217741935539,0.07480639219284035,0.1496127843856807,0.5483870967741935,0.3600500659085799,0.7201001318171598,True,False,False,False,1.0,0.292133371977818,1.0,1.0,False
REACTOME_OLFACTORY_SIGNALING_PATHWAY,84,0.4880952380952381,-0.0028597690980392424,0.628177906947425,0.9132023622246362,0.4642857142857143,-0.00323439516128999,0.7773976654767468,0.585646794721246,0.5476190476190477,0.22260233452329714,0.4452046690465943,True,False,False,False,1.0,0.7691201013381778,1.0,1.0,False
REACTOME_RND1_GTPASE_CYCLE,42,0.5714285714285714,0.011449859768627217,0.22039953367129753,0.44079906734259505,0.6428571428571429,0.031572338709677676,0.044214773493877105,0.08842954698775421,0.5476190476190477,0.32198447818518594,0.6439689563703719,True,False,True,False,0.9278123203680004,0.20030439173595044,0.9278123203680004,1.0,False
REACTOME_G_ALPHA_S_SIGNALLING_EVENTS,148,0.44594594594594594,-0.00374628003529404,0.9189642159847509,0.21744554778291683,0.5067567567567568,0.0004672177419357093,0.4672624927085696,0.9345249854171392,0.5472972972972973,0.1426083435906504,0.2852166871813008,False,False,False,False,0.7378528981121056,1.0,1.0,1.0,False
REACTOME_CELLULAR_RESPONSE_TO_STARVATION,106,0.5566037735849056,0.013986020199998624,0.14264221093283574,0.2852844218656715,0.7830188679245284,0.13756923387096798,1.8936137999662692e-09,3.7872275999325385e-09,0.5471698113207547,0.1910629052646202,0.3821258105292404,True,False,True,False,0.8065056544478201,1.751035819733515e-07,0.8065056544478201,1.0,False
REACTOME_CELL_CELL_JUNCTION_ORGANIZATION,86,0.45348837209302323,-0.009584102090196245,0.8340828227000666,0.45054757600160206,0.6511627906976745,0.015001854838709984,0.0033369615711124744,0.006673923142224949,0.5465116279069767,0.2252737880008018,0.4505475760016036,False,False,True,False,0.9327301742513864,0.027977085812206984,0.9327301742513864,1.0,False
REACTOME_MITOCHONDRIAL_BIOGENESIS,86,0.3372093023255814,-0.02477323549215739,0.9991972175352465,0.0033532746580679684,0.6511627906976745,0.045589475806452034,0.0033369615711124744,0.006673923142224949,0.5465116279069767,0.2252737880008018,0.4505475760016036,False,False,True,False,0.10202523906305991,0.027977085812206984,0.10202523906305991,1.0,False
KEGG_VIRAL_MYOCARDITIS,66,0.5606060606060606,0.003853835086274052,0.19452623027389873,0.38905246054779746,0.5303030303030303,0.00956983870967771,0.3561154413186785,0.712230882637357,0.5454545454545454,0.2692913876229755,0.538582775245951,True,False,False,False,0.8812542766298813,0.880902397722994,0.8812542766298813,1.0,False
REACTOME_BETA_OXIDATION_OF_VERY_LONG_CHAIN_FATTY_ACIDS,11,0.2727272727272727,-0.08361885027450991,0.9672851562500003,0.22656250000000067,0.5454545454545454,0.11391104838709713,0.5,1.0,0.5454545454545454,0.5,1.0,False,False,False,False,0.7378528981121056,1.0,1.0,1.0,False
REACTOME_COMPLEX_III_ASSEMBLY,22,0.5909090909090909,0.023258045207841947,0.26173353195190396,0.5234670639038079,0.6818181818181818,0.0960717338709679,0.06690025329589823,0.13380050659179646,0.5454545454545454,0.4159059524536129,0.8318119049072258,True,False,False,False,0.9919146069216969,0.26862630442184454,0.9919146069216969,1.0,False
REACTOME_ENDOSOMAL_VACUOLAR_PATHWAY,11,0.6363636363636364,0.041014694054901615,0.2744140625000004,0.5488281250000008,0.7272727272727273,0.12782806451612908,0.11328125000000024,0.22656250000000047,0.5454545454545454,0.5,1.0,True,False,False,False,0.9919146069216969,0.3909508781558735,0.9919146069216969,1.0,False
REACTOME_ERYTHROCYTES_TAKE_UP_CARBON_DIOXIDE_AND_RELEASE_OXYGEN,11,0.6363636363636364,0.029351263972548808,0.2744140625000004,0.5488281250000008,0.5454545454545454,0.017121693548387537,0.5,1.0,0.5454545454545454,0.5,1.0,True,False,False,False,0.9919146069216969,1.0,1.0,1.0,False
REACTOME_FCGR_ACTIVATION,11,0.45454545454545453,-0.006345973807843393,0.7255859374999999,1.0,0.5454545454545454,0.0039591935483877655,0.5,1.0,0.5454545454545454,0.5,1.0,False,False,False,False,1.0,1.0,1.0,1.0,False
REACTOME_GP1B_IX_V_ACTIVATION_SIGNALLING,11,0.6363636363636364,0.016825076431372397,0.2744140625000004,0.5488281250000008,0.9090909090909091,0.08619362903225813,0.005859375000000013,0.011718750000000026,0.5454545454545454,0.5,1.0,True,False,True,False,0.9919146069216969,0.04439006024096396,0.9919146069216969,1.0,False
REACTOME_INITIAL_TRIGGERING_OF_COMPLEMENT,22,0.3181818181818182,-0.024053954396078568,0.9737606048583971,0.13380050659179663,0.4090909090909091,-0.014899112903225806,0.8568606376647941,0.5234670639038088,0.5454545454545454,0.4159059524536129,0.8318119049072258,True,False,False,False,0.6327344075109776,0.7161794816856287,0.7161794816856287,1.0,False
REACTOME_LONG_TERM_POTENTIATION,22,0.5909090909090909,0.005650748201960676,0.26173353195190396,0.5234670639038079,0.5909090909090909,0.017968508064516407,0.26173353195190396,0.5234670639038079,0.5454545454545454,0.4159059524536129,0.8318119049072258,True,False,False,False,0.9919146069216969,0.7161794816856287,0.9919146069216969,1.0,False
REACTOME_LOSS_OF_FUNCTION_OF_MECP2_IN_RETT_SYNDROME,11,0.18181818181818182,-0.04648565949411822,0.9941406250000006,0.06542968750000026,0.6363636363636364,0.19821072580645188,0.2744140625000004,0.5488281250000008,0.5454545454545454,0.5,1.0,False,False,False,False,0.4654093608597304,0.7392954691516723,0.7392954691516723,1.0,False
REACTOME_NEGATIVE_REGULATION_OF_FGFR2_SIGNALING,33,0.48484848484848486,-5.339874510131015e-06,0.6358337595593176,0.9999999999999988,0.7575757575757576,0.047577500000000314,0.002275692066177723,0.004551384132355446,0.5454545454545454,0.36416624044068147,0.7283324808813629,False,False,True,False,1.0,0.020920397239949595,1.0,1.0,False
REACTOME_NOTCH4_ACTIVATION_AND_TRANSMISSION_OF_SIGNAL_TO_THE_NUCLEUS,11,0.6363636363636364,0.07171966214509726,0.2744140625000004,0.5488281250000008,0.5454545454545454,0.03448911290322591,0.5,1.0,0.5454545454545454,0.5,1.0,True,False,False,False,0.9919146069216969,1.0,1.0,1.0,False
REACTOME_RECYCLING_PATHWAY_OF_L1,44,0.45454545454545453,-0.010537659305882904,0.7743095838019377,0.6515878272089153,0.7272727272727273,0.06885306451612921,0.0018288834139639424,0.003657766827927885,0.5454545454545454,0.32579391360445825,0.6515878272089165,False,False,True,False,1.0,0.018081790734285015,1.0,1.0,False
REACTOME_RHO_GTPASES_ACTIVATE_KTN1,11,0.6363636363636364,0.00757400320392148,0.2744140625000004,0.5488281250000008,0.7272727272727273,0.025426854838709746,0.11328125000000024,0.22656250000000047,0.5454545454545454,0.5,1.0,True,False,False,False,0.9919146069216969,0.3909508781558735,0.9919146069216969,1.0,False
REACTOME_SARS_COV_2_TARGETS_HOST_INTRACELLULAR_SIGNALLING_AND_REGULATORY_PATHWAYS,11,0.45454545454545453,-0.010402617109804824,0.7255859374999999,1.0,0.7272727272727273,0.432545564516129,0.11328125000000024,0.22656250000000047,0.5454545454545454,0.5,1.0,False,False,False,False,1.0,0.3909508781558735,1.0,1.0,False
REACTOME_SIGNALING_BY_FGFR4_IN_DISEASE,11,0.45454545454545453,-0.006205555654901974,0.7255859374999999,1.0,0.7272727272727273,0.029786532258064925,0.11328125000000024,0.22656250000000047,0.5454545454545454,0.5,1.0,False,False,False,False,1.0,0.3909508781558735,1.0,1.0,False
REACTOME_SPHINGOLIPID_CATABOLISM,11,0.6363636363636364,0.050849725509803746,0.2744140625000004,0.5488281250000008,0.5454545454545454,0.0030755645161290555,0.5,1.0,0.5454545454545454,0.5,1.0,True,False,False,False,0.9919146069216969,1.0,1.0,1.0,False
REACTOME_TANDEM_PORE_DOMAIN_POTASSIUM_CHANNELS,11,0.45454545454545453,-0.010830406137255114,0.7255859374999999,1.0,0.7272727272727273,0.03253403225806472,0.11328125000000024,0.22656250000000047,0.5454545454545454,0.5,1.0,False,False,False,False,1.0,0.3909508781558735,1.0,1.0,False
REACTOME_TRAF6_MEDIATED_IRF7_ACTIVATION_IN_TLR7_8_OR_9_SIGNALING,11,0.5454545454545454,0.0053615430588218205,0.5,1.0,0.45454545454545453,-0.010454354838709025,0.7255859374999999,1.0,0.5454545454545454,0.5,1.0,False,False,False,False,1.0,1.0,1.0,1.0,False
REACTOME_TRIGLYCERIDE_BIOSYNTHESIS,11,0.2727272727272727,-0.033397797549019864,0.9672851562500003,0.22656250000000067,0.5454545454545454,0.009652741935484238,0.5,1.0,0.5454545454545454,0.5,1.0,False,False,False,False,0.7378528981121056,1.0,1.0,1.0,False
HALLMARK_E2F_TARGETS,189,0.5502645502645502,0.009657084909803824,0.09514574207296284,0.19029148414592567,0.6137566137566137,0.018871290322581086,0.0010829860805504662,0.0021659721611009325,0.544973544973545,0.1222104458663978,0.2444208917327956,True,False,True,False,0.7139336827622796,0.011863791767423922,0.7139336827622796,1.0,False
REACTOME_HEME_SIGNALING,46,0.41304347826086957,-0.013317858776470539,0.9080375893115163,0.30199561318966484,0.6521739130434783,0.024353508064516187,0.027038015929435038,0.054076031858870076,0.5434782608695652,0.3293690385118313,0.6587380770236626,False,False,True,False,0.8219748857070005,0.1368881192949175,0.8219748857070005,1.0,False
REACTOME_AURKA_ACTIVATION_BY_TPX2,70,0.44285714285714284,-0.009756287217647354,0.8590105391031563,0.4029630750460739,0.6428571428571429,0.04267088709677454,0.011231447746254362,0.022462895492508725,0.5428571428571428,0.27520625591123116,0.5504125118224623,False,False,True,False,0.8942565883894386,0.07104964127610405,0.8942565883894386,1.0,False
REACTOME_PLASMA_LIPOPROTEIN_CLEARANCE,35,0.45714285714285713,-0.008304375141176748,0.7502200833987452,0.7358788008568803,0.5714285714285714,0.013033064516128911,0.249779916601256,0.499559833202512,0.5428571428571428,0.3679394004284411,0.7358788008568822,False,False,False,False,1.0,0.6912923043964339,1.0,1.0,False
KEGG_CELL_CYCLE,118,0.5677966101694916,0.00904369384313708,0.08352555708689834,0.16705111417379667,0.6864406779661016,0.04247556451612936,3.145945284416304e-05,6.291890568832608e-05,0.5423728813559322,0.20374276724444149,0.40748553448888297,True,False,True,False,0.6899561990553106,0.0006593901316136573,0.6899561990553106,1.0,False
REACTOME_CELLULAR_SENESCENCE,142,0.4154929577464789,-0.014688966274510135,0.9822312689614836,0.05320840694727715,0.5915492957746479,0.01469745967741972,0.017768731038572468,0.035537462077144935,0.5422535211267606,0.17799991295756337,0.35599982591512674,False,False,True,False,0.43753026127750777,0.09922715876602457,0.43753026127750777,1.0,False
REACTOME_REGULATION_OF_TP53_ACTIVITY,155,0.45161290322580644,-0.006803844690196083,0.9007081973459895,0.2607320880006049,0.6,0.02851580645161316,0.00784680936186017,0.01569361872372034,0.5419354838709678,0.16756760054161932,0.33513520108323863,False,False,True,False,0.7797052886849448,0.05494514172313669,0.7797052886849448,1.0,False
REACTOME_DECTIN_2_FAMILY,24,0.4166666666666667,-0.005422618682353102,0.8462718725204479,0.5412561893463135,0.4583333333333333,-0.0034554435483867777,0.7293719053268445,0.8388197422027591,0.5416666666666666,0.4194098711013804,0.8388197422027608,True,False,False,False,0.9919146069216969,0.9555250976396666,0.9919146069216969,1.0,False
REACTOME_SARS_COV_1_HOST_INTERACTIONS,72,0.5138888888888888,0.002920704013725292,0.45314716235154145,0.9062943247030829,0.8055555555555556,0.1491700403225812,8.232150057984375e-08,1.646430011596875e-07,0.5416666666666666,0.277998858880488,0.555997717760976,True,False,True,False,1.0,4.1082348860798215e-06,1.0,1.0,False
REACTOME_SIGNALING_BY_NTRK2_TRKB,24,0.5416666666666666,0.023027953860784066,0.4194098711013804,0.8388197422027608,0.6666666666666666,0.03617129032258106,0.07579481601715092,0.15158963203430184,0.5416666666666666,0.4194098711013804,0.8388197422027608,True,False,False,False,1.0,0.293110580022045,1.0,1.0,False
REACTOME_SARS_COV_2_INFECTION,257,0.5097276264591439,0.0029326459843136386,0.40151145189544923,0.8030229037908985,0.7198443579766537,0.0505383870967743,6.108045545230698e-13,1.2216091090461396e-12,0.5408560311284046,0.10605410418392644,0.21210820836785288,True,False,True,False,1.0,1.600307932850443e-10,1.0,1.0,False
REACTOME_MUSCLE_CONTRACTION,196,0.41836734693877553,-0.007128132076470656,0.9909056002238581,0.026555543190384494,0.5204081632653061,0.0020082661290325605,0.3085942311728834,0.6171884623457669,0.5408163265306123,0.141973880498184,0.283947760996368,False,False,False,False,0.33835419093423036,0.7959148997600866,0.7959148997600866,1.0,False
REACTOME_EXTENSION_OF_TELOMERES,50,0.34,-0.025474107060784977,0.9923266610837043,0.03283913756426903,0.64,0.032789798387097,0.03245432353613682,0.06490864707227365,0.54,0.3359055168826889,0.6718110337653778,False,False,True,False,0.36612144858887175,0.15530653454735796,0.36612144858887175,1.0,False
KEGG_AXON_GUIDANCE,126,0.42857142857142855,-0.00957216079019627,0.9549385670771345,0.12957613928638725,0.5714285714285714,0.016602822580645438,0.06478806964319368,0.12957613928638737,0.5396825396825397,0.21139556707294266,0.4227911341458853,False,False,False,False,0.6327344075109776,0.2614809896767663,0.6327344075109776,1.0,False
REACTOME_REGULATION_OF_HSF1_MEDIATED_HEAT_SHOCK_RESPONSE,76,0.5263157894736842,0.0146977275274503,0.36550444111131003,0.7310088822226201,0.7236842105263158,0.033594516129032484,6.031455799895206e-05,0.00012062911599790413,0.5394736842105263,0.28328672119934617,0.5665734423986923,True,False,True,False,1.0,0.0011355028164593132,1.0,1.0,False
KEGG_OOCYTE_MEIOSIS,102,0.43137254901960786,-0.005703986943137512,0.931450597121987,0.19778986306808438,0.6176470588235294,0.021320403225806816,0.011148830912346414,0.022297661824692828,0.5392156862745098,0.24421723226631473,0.48843446453262945,False,False,True,False,0.7268804961276545,0.07081196846144874,0.7268804961276545,1.0,False
KEGG_TIGHT_JUNCTION,128,0.421875,-0.010025142774510507,0.968495608695844,0.09269003089838054,0.5859375,0.00950975806451668,0.03150439130416794,0.06300878260833588,0.5390625,0.2132197482220192,0.4264394964440384,False,False,True,False,0.5402786986854268,0.15261911596348846,0.5402786986854268,1.0,False
REACTOME_RHO_GTPASES_ACTIVATE_FORMINS,128,0.5078125,0.0008210570313724307,0.4648069539150017,0.9296139078300034,0.65625,0.02493983870967761,0.0002578918353207033,0.0005157836706414066,0.5390625,0.2132197482220192,0.4264394964440384,True,False,True,False,1.0,0.003719320780955464,1.0,1.0,False
HALLMARK_G2M_CHECKPOINT,195,0.5333333333333333,0.006306799376470228,0.19510429204717378,0.39020858409434755,0.676923076923077,0.0287983064516123,4.3479852012372354e-07,8.695970402474471e-07,0.5384615384615384,0.15803656305952252,0.31607312611904503,True,False,True,False,0.881780079752743,1.5712718934126286e-05,0.881780079752743,1.0,False
KEGG_GLYCOSPHINGOLIPID_BIOSYNTHESIS_LACTO_AND_NEOLACTO_SERIES,26,0.19230769230769232,-0.02157621892745105,0.9997332394123166,0.0024939179420471395,0.5769230769230769,0.01731495967741973,0.27859854698181374,0.5571970939636275,0.5384615384615384,0.42250949144363786,0.8450189828872757,False,False,False,False,0.0852269348890892,0.7473667506065037,0.7473667506065037,1.0,False
REACTOME_ACTIVATION_OF_BAD_AND_TRANSLOCATION_TO_MITOCHONDRIA,13,0.5384615384615384,0.04238315176470554,0.4999999999999993,0.9999999999999986,0.6923076923076923,0.1895637903225809,0.1334228515625,0.266845703125,0.5384615384615384,0.4999999999999993,0.9999999999999986,True,False,False,False,1.0,0.4360513984537425,1.0,1.0,False
REACTOME_COMPLEX_IV_ASSEMBLY,39,0.48717948717948717,-0.016389078450980782,0.6253706876195811,1.0,0.6410256410256411,0.027780000000000082,0.0540645107030287,0.1081290214060574,0.5384615384615384,0.3746293123804216,0.7492586247608432,False,False,False,False,1.0,0.22955607476635534,1.0,1.0,False
REACTOME_DISSOLUTION_OF_FIBRIN_CLOT,13,0.5384615384615384,0.005145783215685476,0.4999999999999993,0.9999999999999986,0.6923076923076923,0.03534782258064534,0.1334228515625,0.266845703125,0.5384615384615384,0.4999999999999993,0.9999999999999986,True,False,False,False,1.0,0.4360513984537425,1.0,1.0,False
REACTOME_EFFECTS_OF_PIP2_HYDROLYSIS,26,0.2692307692307692,-0.03463578987451006,0.9953223466873259,0.028959274291992385,0.34615384615384615,-0.005381370967741713,0.9622406512498943,0.168637543916704,0.5384615384615384,0.42250949144363786,0.8450189828872757,True,False,False,False,0.3448786302046366,0.31939544462296227,0.3448786302046366,1.0,False
REACTOME_FORMATION_OF_AXIAL_MESODERM,13,0.46153846153846156,-0.015107667172549355,0.7094726562499986,0.9999999999999977,0.6153846153846154,0.06925185483870973,0.29052734374999983,0.5810546874999997,0.5384615384615384,0.4999999999999993,0.9999999999999986,False,False,False,False,1.0,0.7657266739024597,1.0,1.0,False
REACTOME_INDUCTION_OF_CELL_CELL_FUSION,13,0.38461538461538464,-0.025005102439215863,0.866577148437498,0.5810546874999991,0.5384615384615384,0.0012820161290321378,0.4999999999999993,0.9999999999999986,0.5384615384615384,0.4999999999999993,0.9999999999999986,False,False,False,False,1.0,1.0,1.0,1.0,False
REACTOME_MITOTIC_TELOPHASE_CYTOKINESIS,13,0.38461538461538464,-0.004111645980392344,0.866577148437498,0.5810546874999991,0.5384615384615384,0.019998467741936074,0.4999999999999993,0.9999999999999986,0.5384615384615384,0.4999999999999993,0.9999999999999986,False,False,False,False,1.0,1.0,1.0,1.0,False
REACTOME_RESOLUTION_OF_D_LOOP_STRUCTURES_THROUGH_SYNTHESIS_DEPENDENT_STRAND_ANNEALING_SDSA,26,0.2692307692307692,-0.029856714682353493,0.9953223466873259,0.028959274291992385,0.5769230769230769,0.006820201612903594,0.27859854698181374,0.5571970939636275,0.5384615384615384,0.42250949144363786,0.8450189828872757,False,False,False,False,0.3448786302046366,0.7473667506065037,0.7473667506065037,1.0,False
REACTOME_RESPONSE_OF_EIF2AK4_GCN2_TO_AMINO_ACID_DEFICIENCY,52,0.6153846153846154,0.016245444411763035,0.06317353790696183,0.12634707581392365,0.8461538461538461,0.5877894354838711,2.0196608696565689e-07,4.0393217393131377e-07,0.5384615384615384,0.33890431957123646,0.6778086391424729,True,False,True,False,0.6226257152962006,8.466418365600337e-06,0.6226257152962006,1.0,False
REACTOME_SIGNALING_BY_ERBB2_IN_CANCER,26,0.5769230769230769,0.032428858378430805,0.27859854698181374,0.5571970939636275,0.5,-0.00017637096774152441,0.577490508556371,1.0,0.5384615384615384,0.42250949144363786,0.8450189828872757,False,False,False,False,0.9953566269441163,1.0,1.0,1.0,False
REACTOME_SIGNALING_BY_FGFR3,39,0.4358974358974359,-0.006205555654901974,0.8316081824050369,0.5223973804968411,0.7435897435897436,0.0481610483870969,0.0016889239559532262,0.0033778479119064525,0.5384615384615384,0.3746293123804216,0.7492586247608432,False,False,True,False,0.9919146069216969,0.01696478248407969,0.9919146069216969,1.0,False
REACTOME_TRAFFICKING_AND_PROCESSING_OF_ENDOSOMAL_TLR,13,0.5384615384615384,0.0016393801607833339,0.4999999999999993,0.9999999999999986,0.8461538461538461,0.09575983870967758,0.011230468749999969,0.022460937499999938,0.5384615384615384,0.4999999999999993,0.9999999999999986,True,False,True,False,1.0,0.07104964127610405,1.0,1.0,False
REACTOME_GLYCEROPHOSPHOLIPID_BIOSYNTHESIS,119,0.40336134453781514,-0.01819629115294056,0.9863104487495822,0.04326826257461068,0.5126050420168067,0.0007699193548389369,0.4273150210899039,0.8546300421798078,0.5378151260504201,0.23174408831139442,0.46348817662278885,False,False,False,False,0.3981046306062776,0.9665312419472358,0.9665312419472358,1.0,False
KEGG_EPITHELIAL_CELL_SIGNALING_IN_HELICOBACTER_PYLORI_INFECTION,67,0.582089552238806,0.017280478156862872,0.11077436482240252,0.22154872964480504,0.6567164179104478,0.020919274193548738,0.006966937512143629,0.013933875024287258,0.5373134328358209,0.31270341447081457,0.6254068289416291,True,False,True,False,0.7378528981121056,0.050470164834515135,0.7378528981121056,1.0,False
REACTOME_COPII_MEDIATED_VESICLE_TRANSPORT,67,0.6417910447761194,0.026068181905881702,0.013559996201562667,0.027119992403125334,0.6567164179104478,0.09483145161290372,0.006966937512143629,0.013933875024287258,0.5373134328358209,0.31270341447081457,0.6254068289416291,True,True,True,False,0.33835419093423036,0.050470164834515135,0.33835419093423036,1.0,False
REACTOME_THE_ROLE_OF_GTSE1_IN_G2_M_PROGRESSION_AFTER_G2_CHECKPOINT,67,0.582089552238806,0.008198037956860943,0.11077436482240252,0.22154872964480504,0.835820895522388,0.1632755645161291,1.0728980157916331e-08,2.1457960315832662e-08,0.5373134328358209,0.31270341447081457,0.6254068289416291,True,False,True,False,0.7378528981121056,7.84463107360208e-07,0.7378528981121056,1.0,False
REACTOME_GOLGI_ASSOCIATED_VESICLE_BIOGENESIS,54,0.5370370370370371,0.017571935615685833,0.3417446141176564,0.6834892282353128,0.7037037037037037,0.07983116935483897,0.0019191329401629837,0.0038382658803259675,0.5370370370370371,0.3417446141176564,0.6834892282353128,True,False,True,False,1.0,0.018622697419359322,1.0,1.0,False
REACTOME_BILE_ACID_AND_BILE_SALT_METABOLISM,41,0.43902439024390244,-0.010102165509804216,0.8255555602754553,0.5327092552361072,0.7073170731707317,0.012185000000000503,0.0057538948676665,0.011507789735333,0.5365853658536586,0.3776143287523125,0.755228657504625,False,False,True,False,0.9919146069216969,0.04408641356851318,0.9919146069216969,1.0,False
REACTOME_GPER1_SIGNALING,41,0.5853658536585366,0.006746763996078438,0.17444443972453708,0.34888887944907415,0.4634146341463415,-0.005613467741935434,0.7336453723819385,0.7552286575046243,0.5365853658536586,0.3776143287523125,0.755228657504625,False,False,False,False,0.8575663495949543,0.9055831041931889,0.9055831041931889,1.0,False
REACTOME_NEGATIVE_REGULATION_OF_MAPK_PATHWAY,41,0.4634146341463415,-0.0038948707843135394,0.7336453723819385,0.7552286575046243,0.6829268292682927,0.051872016129032326,0.013766577914793725,0.02753315582958745,0.5365853658536586,0.3776143287523125,0.755228657504625,False,False,True,False,1.0,0.08291901884162269,1.0,1.0,False
REACTOME_RHOF_GTPASE_CYCLE,41,0.5365853658536586,0.018850670878431015,0.3776143287523125,0.755228657504625,0.7073170731707317,0.06686379032258105,0.0057538948676665,0.011507789735333,0.5365853658536586,0.3776143287523125,0.755228657504625,True,False,True,False,1.0,0.04408641356851318,1.0,1.0,False
REACTOME_MITOTIC_PROMETAPHASE,192,0.4739583333333333,-0.0028974386686274776,0.7863227053016602,0.516109634132891,0.59375,0.015524919354838785,0.005672745651461421,0.011345491302922842,0.5364583333333334,0.17408558356590237,0.34817116713180474,False,False,True,False,0.991839052392304,0.04373701406523403,0.991839052392304,1.0,False
REACTOME_HOMOLOGY_DIRECTED_REPAIR,110,0.4090909090909091,-0.010620643872549587,0.9776189529214901,0.0695651963362292,0.6,0.021380040322581097,0.022381047078486246,0.04476209415697249,0.5363636363636364,0.25234240379398953,0.5046848075879791,False,False,True,False,0.47963372210768546,0.11846129968814942,0.47963372210768546,1.0,False
REACTOME_NUCLEAR_ENVELOPE_NE_REASSEMBLY,69,0.5072463768115942,0.0026836836039208136,0.5000000000000049,1.0,0.7971014492753623,0.06959951612903283,3.460958460029822e-07,6.921916920059644e-07,0.5362318840579711,0.31522824589340265,0.6304564917868053,True,False,True,False,1.0,1.3433646170782422e-05,1.0,1.0,False
KEGG_HISTIDINE_METABOLISM,28,0.32142857142857145,-0.044260402600000304,0.9821509309112947,0.08715855330228726,0.5714285714285714,0.0068440725806455036,0.2857940942049005,0.571588188409801,0.5357142857142857,0.4252770096063585,0.850554019212717,False,False,False,False,0.5189895673908923,0.7627645434466953,0.7627645434466953,1.0,False
REACTOME_DOWNREGULATION_OF_ERBB2_SIGNALING,28,0.5357142857142857,0.006955036607841677,0.4252770096063585,0.850554019212717,0.5,-0.00041681451612886854,0.5747229903936334,1.0,0.5357142857142857,0.4252770096063585,0.850554019212717,False,False,False,False,1.0,1.0,1.0,1.0,False
REACTOME_NEGATIVE_REGULATION_OF_FGFR3_SIGNALING,28,0.39285714285714285,-0.009566496647059077,0.9075333289802002,0.3449284508824315,0.7857142857142857,0.06805056451612931,0.0018595829606056057,0.0037191659212112115,0.5357142857142857,0.4252770096063585,0.850554019212717,False,False,True,False,0.8498864024877469,0.018286532206248877,0.8498864024877469,1.0,False
REACTOME_TRANSCRIPTIONAL_REGULATION_OF_PLURIPOTENT_STEM_CELLS,28,0.5,0.0007295146254900625,0.5747229903936334,1.0,0.4642857142857143,-0.009577379032257645,0.714205905795092,0.850554019212717,0.5357142857142857,0.4252770096063585,0.850554019212717,False,False,False,False,1.0,0.962614051981563,1.0,1.0,False
KEGG_MELANOMA,71,0.5633802816901409,0.0074110895176470685,0.1712354992099348,0.3424709984198696,0.7183098591549296,0.035573467741935705,0.00015158170677924995,0.0003031634135584999,0.5352112676056338,0.3176538210438335,0.635307642087667,True,False,True,False,0.8498864024877469,0.002431494316907969,0.8498864024877469,1.0,False
HALLMARK_UV_RESPONSE_UP,157,0.5605095541401274,0.011851431772548686,0.07530707346734762,0.15061414693469524,0.6687898089171974,0.030482500000000357,1.4115441730112845e-05,2.823088346022569e-05,0.535031847133758,0.21245578006693872,0.42491156013387743,True,False,True,False,0.6613559748082148,0.0003336763067629683,0.6613559748082148,1.0,False
KEGG_INTESTINAL_IMMUNE_NETWORK_FOR_IGA_PRODUCTION,43,0.4186046511627907,-0.010346080368627518,0.8889735899219903,0.3603776529357691,0.46511627906976744,-0.005750564516128744,0.7288079940717592,0.7607916425613457,0.5348837209302325,0.3803958212806726,0.7607916425613452,True,False,False,False,0.8612526119094086,0.9108640229295014,0.9108640229295014,1.0,False
KEGG_VASOPRESSIN_REGULATED_WATER_REABSORPTION,43,0.4418604651162791,-0.00470487410196066,0.8198111735321174,0.5423840118564857,0.6744186046511628,0.04432685483871004,0.015769748676575674,0.03153949735315135,0.5348837209302325,0.3803958212806726,0.7607916425613452,False,False,True,False,0.9919146069216969,0.09181498118361837,0.9919146069216969,1.0,False
REACTOME_INTERLEUKIN_2_FAMILY_SIGNALING,43,0.4418604651162791,-0.006205555654901974,0.8198111735321174,0.5423840118564857,0.5348837209302325,0.003375887096774527,0.3803958212806726,0.7607916425613452,0.5348837209302325,0.3803958212806726,0.7607916425613452,False,False,False,False,0.9919146069216969,0.9108640229295014,0.9919146069216969,1.0,False
REACTOME_SUMOYLATION_OF_DNA_REPLICATION_PROTEINS,43,0.5348837209302325,0.007709507521568304,0.3803958212806726,0.7607916425613452,0.6744186046511628,0.026697338709677602,0.015769748676575674,0.03153949735315135,0.5348837209302325,0.3803958212806726,0.7607916425613452,True,False,True,False,1.0,0.09181498118361837,1.0,1.0,False
HALLMARK_DNA_REPAIR,144,0.4791666666666667,-0.002032503007843264,0.7200894311445928,0.6770697943668282,0.6666666666666666,0.04960733870967779,3.899556948424295e-05,7.79911389684859e-05,0.5347222222222222,0.2266858497154865,0.453371699430973,False,False,True,False,1.0,0.0007859107080670502,1.0,1.0,False
REACTOME_O_LINKED_GLYCOSYLATION_OF_MUCINS,58,0.4827586206896552,-0.0007016090647062854,0.6529979529619249,0.8956832138895764,0.5344827586206896,0.005198145161290523,0.3470020470380598,0.6940040940761196,0.5344827586206896,0.3470020470380598,0.6940040940761196,False,False,False,False,1.0,0.8651660871432674,1.0,1.0,False
REACTOME_PEROXISOMAL_PROTEIN_IMPORT,58,0.43103448275862066,-0.016184983825490593,0.881476442618627,0.35814330180613224,0.6206896551724138,0.018356209677419688,0.043474449864954856,0.08694889972990971,0.5344827586206896,0.3470020470380598,0.6940040940761196,False,False,True,False,0.8612526119094086,0.1975197548777718,0.8612526119094086,1.0,False
REACTOME_RHOQ_GTPASE_CYCLE,58,0.4482758620689655,-0.01795290268823557,0.820928349096919,0.5118423084381621,0.7068965517241379,0.06753072580645203,0.0011162758099714488,0.0022325516199428975,0.5344827586206896,0.3470020470380598,0.6940040940761196,False,False,True,False,0.984842238512596,0.012143844797751678,0.984842238512596,1.0,False
HALLMARK_SPERMATOGENESIS,131,0.44274809160305345,-0.006888658180393058,0.919059237708062,0.2211160191630027,0.4961832061068702,-0.0007678225806451253,0.569315534474445,1.0,0.5343511450381679,0.24236010906427563,0.48472021812855126,True,False,False,False,0.7378528981121056,1.0,1.0,1.0,False
REACTOME_PROTEIN_FOLDING,88,0.5568181818181818,0.0058118355784312365,0.16869951842656614,0.3373990368531323,0.6590909090909091,0.050585080645161484,0.0018732546734906966,0.003746509346981393,0.5340909090909091,0.29714414757348484,0.5942882951469697,True,False,True,False,0.8498864024877469,0.01834739156839486,0.8498864024877469,1.0,False
KEGG_NOTCH_SIGNALING_PATHWAY,45,0.4444444444444444,-0.006363931705882463,0.8143509827644986,0.551484329802521,0.6888888888888889,0.05160854838709707,0.00804718001563747,0.01609436003127494,0.5333333333333333,0.3829959121223969,0.7659918242447938,False,False,True,False,0.9919146069216969,0.055956265537549885,0.9919146069216969,1.0,False
REACTOME_ACYL_CHAIN_REMODELLING_OF_PI,15,0.4666666666666667,-0.004146855937255131,0.6963806152343749,0.9999999999999998,0.6666666666666666,0.01706572580645177,0.1508789062499999,0.3017578124999998,0.5333333333333333,0.49999999999999983,0.9999999999999997,False,False,False,False,1.0,0.4786713231584257,1.0,1.0,False
REACTOME_BETA_DEFENSINS,15,0.5333333333333333,0.004079913070588146,0.49999999999999983,0.9999999999999997,0.6,0.008745241935484309,0.3036193847656248,0.6072387695312496,0.5333333333333333,0.49999999999999983,0.9999999999999997,True,False,False,False,1.0,0.7841819539583625,1.0,1.0,False
REACTOME_CLASS_C_3_METABOTROPIC_GLUTAMATE_PHEROMONE_RECEPTORS,30,0.43333333333333335,-0.0062816012470589735,0.8192026959732248,0.5846647117286976,0.3,-0.0328583064516126,0.9919375991448849,0.04277394525706797,0.5333333333333333,0.42776777595281984,0.8555355519056397,True,False,False,False,1.0,0.11553374904486446,1.0,1.0,False
REACTOME_DEFECTIVE_GALNT3_CAUSES_HFTC,15,0.4,-0.004335195607843318,0.8491210937499997,0.6072387695312499,0.4666666666666667,-0.0027362096774188258,0.6963806152343749,0.9999999999999998,0.5333333333333333,0.49999999999999983,0.9999999999999997,True,False,False,False,1.0,1.0,1.0,1.0,False
REACTOME_DEFECTS_OF_CONTACT_ACTIVATION_SYSTEM_CAS_AND_KALLIKREIN_KININ_SYSTEM_KKS,15,0.3333333333333333,-0.017757610776470926,0.9407653808593748,0.30175781249999994,0.6666666666666666,0.03600612903225864,0.1508789062499999,0.3017578124999998,0.5333333333333333,0.49999999999999983,0.9999999999999997,False,False,False,False,0.8219748857070005,0.4786713231584257,0.8219748857070005,1.0,False
REACTOME_DOWNSTREAM_SIGNALING_OF_ACTIVATED_FGFR2,30,0.4666666666666667,-9.501507843204899e-05,0.70766764413566,0.8555355519056387,0.6666666666666666,0.016866653225806844,0.04936857335269498,0.09873714670538997,0.5333333333333333,0.42776777595281984,0.8555355519056397,False,False,True,False,1.0,0.21497426052574,1.0,1.0,False
REACTOME_GAP_JUNCTION_TRAFFICKING_AND_REGULATION,45,0.4444444444444444,-0.006629971905882492,0.8143509827644986,0.551484329802521,0.7777777777777778,0.052484354838710015,0.00012354389230040435,0.0002470877846008087,0.5333333333333333,0.3829959121223969,0.7659918242447938,False,False,True,False,0.9919146069216969,0.002002175244291089,0.9919146069216969,1.0,False
REACTOME_NEGATIVE_REGULATION_OF_FGFR4_SIGNALING,30,0.4666666666666667,-0.003766787713725858,0.70766764413566,0.8555355519056387,0.7333333333333333,0.04786927419354861,0.008062400855124077,0.016124801710248153,0.5333333333333333,0.42776777595281984,0.8555355519056397,False,False,True,False,1.0,0.055956265537549885,1.0,1.0,False
REACTOME_P75NTR_SIGNALS_VIA_NF_KB,15,0.5333333333333333,0.0053615430588218205,0.49999999999999983,0.9999999999999997,0.6,0.011373306451613368,0.3036193847656248,0.6072387695312496,0.5333333333333333,0.49999999999999983,0.9999999999999997,True,False,False,False,1.0,0.7841819539583625,1.0,1.0,False
REACTOME_PHOSPHOLIPASE_C_MEDIATED_CASCADE_FGFR4,15,0.4666666666666667,-5.339874510131015e-06,0.6963806152343749,0.9999999999999998,0.5333333333333333,0.002515725806451761,0.49999999999999983,0.9999999999999997,0.5333333333333333,0.49999999999999983,0.9999999999999997,False,False,False,False,1.0,1.0,1.0,1.0,False
REACTOME_PKA_ACTIVATION_IN_GLUCAGON_SIGNALLING,15,0.5333333333333333,0.006746763996078438,0.49999999999999983,0.9999999999999997,0.6,0.06388169354838752,0.3036193847656248,0.6072387695312496,0.5333333333333333,0.49999999999999983,0.9999999999999997,True,False,False,False,1.0,0.7841819539583625,1.0,1.0,False
REACTOME_REGULATION_OF_MRNA_STABILITY_BY_PROTEINS_THAT_BIND_AU_RICH_ELEMENTS,75,0.5333333333333333,0.0053615430588218205,0.3222319569471062,0.6444639138942124,0.7333333333333333,0.11542991935483884,3.24745009827582e-05,6.49490019655164e-05,0.5333333333333333,0.3222319569471062,0.6444639138942124,True,False,True,False,1.0,0.0006761578217867006,1.0,1.0,False
REACTOME_RUNX2_REGULATES_BONE_DEVELOPMENT,30,0.5333333333333333,0.005998644507842807,0.42776777595281984,0.8555355519056397,0.6,0.03289903225806484,0.18079730402678423,0.36159460805356847,0.5333333333333333,0.42776777595281984,0.8555355519056397,True,False,False,False,1.0,0.5449920650625213,1.0,1.0,False
REACTOME_SYNTHESIS_OF_PROSTAGLANDINS_PG_AND_THROMBOXANES_TX,15,0.6,0.016717552415686066,0.3036193847656248,0.6072387695312496,0.6666666666666666,0.012939758064516076,0.1508789062499999,0.3017578124999998,0.5333333333333333,0.49999999999999983,0.9999999999999997,True,False,False,False,1.0,0.4786713231584257,1.0,1.0,False
REACTOME_TRANSCRIPTIONAL_REGULATION_BY_E2F6,30,0.5666666666666667,0.020007663827450832,0.29233235586434875,0.5846647117286975,0.7,0.029777661290322728,0.02138697262853407,0.04277394525706814,0.5333333333333333,0.42776777595281984,0.8555355519056397,True,False,True,False,1.0,0.11553374904486446,1.0,1.0,False
REACTOME_YAP1_AND_WWTR1_TAZ_STIMULATED_GENE_EXPRESSION,15,0.6,0.005152434482352808,0.3036193847656248,0.6072387695312496,0.4,-0.010228225806451044,0.8491210937499997,0.6072387695312499,0.5333333333333333,0.49999999999999983,0.9999999999999997,False,False,False,False,1.0,0.7841819539583625,1.0,1.0,False
REACTOME_SARS_COV_2_HOST_INTERACTIONS,167,0.5209580838323353,0.004195839098038601,0.3212844046694078,0.6425688093388155,0.7125748502994012,0.05107975806451618,1.9128038278256603e-08,3.8256076556513206e-08,0.5329341317365269,0.21956446439014882,0.43912892878029763,True,False,True,False,1.0,1.227317394833444e-06,1.0,1.0,False
REACTOME_AMYLOID_FIBER_FORMATION,62,0.41935483870967744,-0.012178028376471348,0.9190592972371898,0.25285439418810796,0.5645161290322581,0.011419677419355116,0.18707585620239459,0.37415171240478917,0.532258064516129,0.35176833567763305,0.7035366713552661,False,False,False,False,0.7748286699097577,0.5628387482299795,0.7748286699097577,1.0,False
REACTOME_SIGNALING_BY_FGFR_IN_DISEASE,62,0.45161290322580644,-0.00506063699215833,0.8129241437975937,0.52577336017564,0.6612903225806451,0.027732177419355047,0.007567040498723479,0.015134080997446958,0.532258064516129,0.35176833567763305,0.7035366713552661,False,False,True,False,0.9919146069216969,0.053462416467385664,0.9919146069216969,1.0,False
REACTOME_ADIPOGENESIS,109,0.46788990825688076,-0.009637652913725727,0.778165249398799,0.5657001139736129,0.6788990825688074,0.039408467741935994,0.0001187340073137387,0.0002374680146274774,0.5321100917431193,0.2828500569868073,0.5657001139736146,False,False,True,False,1.0,0.001954448790546568,1.0,1.0,False
REACTOME_L1CAM_INTERACTIONS,111,0.40540540540540543,-0.00910171768627447,0.9818467544293413,0.0571636452466015,0.6216216216216216,0.04395451612903257,0.006616803879413216,0.013233607758826432,0.5315315315315315,0.2846101139017873,0.5692202278035746,False,False,True,False,0.4532182396356795,0.04849238087849686,0.4532182396356795,1.0,False
REACTOME_ACTIVATION_OF_THE_MRNA_UPON_BINDING_OF_THE_CAP_BINDING_COMPLEX_AND_EIFS_AND_SUBSEQUENT_BINDING_TO_43S,32,0.59375,0.008891849172547508,0.18854279373772315,0.3770855874754463,0.8125,0.41279201612903227,0.000267526367679234,0.000535052735358468,0.53125,0.4300250329542872,0.8600500659085744,True,False,True,False,0.8808717407967036,0.0037409093799612558,0.8808717407967036,1.0,False
REACTOME_HDR_THROUGH_HOMOLOGOUS_RECOMBINATION_HRR,64,0.40625,-0.01987083143921629,0.9482890608419903,0.16864291143970936,0.625,0.019710282258065058,0.02997059478350086,0.05994118956700172,0.53125,0.353990377067393,0.707980754134786,False,False,True,False,0.6899561990553106,0.14631607142752595,0.6899561990553106,1.0,False
REACTOME_TRIGLYCERIDE_METABOLISM,32,0.4375,-0.01218735679803953,0.811457206262269,0.5966148958541402,0.53125,0.012107903225806696,0.4300250329542872,0.8600500659085744,0.53125,0.4300250329542872,0.8600500659085744,False,False,False,False,1.0,0.9698699451996262,1.0,1.0,False
REACTOME_RAC1_GTPASE_CYCLE,177,0.4180790960451977,-0.010943086623529627,0.9880681020281488,0.035028154191210026,0.5706214689265536,0.01403693548387153,0.03546910728047466,0.07093821456094931,0.5310734463276836,0.2261791511818598,0.4523583023637196,False,False,True,False,0.36919390272937036,0.16619206153474267,0.36919390272937036,1.0,False
KEGG_JAK_STAT_SIGNALING_PATHWAY,145,0.4482758620689655,-0.007658372200000176,0.9081268793441842,0.24488359344376873,0.5172413793103449,0.003375887096774527,0.3699407873591512,0.7398815747183024,0.5310344827586206,0.2532982092854485,0.506596418570897,False,False,False,False,0.7613352361898916,0.903724813875036,0.903724813875036,1.0,False
REACTOME_TRANSPORT_OF_BILE_SALTS_AND_ORGANIC_ACIDS_METAL_IONS_AND_AMINE_COMPOUNDS,81,0.37037037037037035,-0.01115474320392161,0.9930002631399881,0.025654357971696073,0.49382716049382713,-0.001999596774193535,0.5878433924473886,0.9999999999999815,0.5308641975308642,0.32849623379317094,0.6569924675863419,True,False,False,False,0.3332946341446796,1.0,1.0,1.0,False
HALLMARK_COMPLEMENT,198,0.5202020202020202,0.0020803602607837265,0.3094854994166582,0.6189709988333164,0.5555555555555556,0.010671491935484032,0.06769564874366295,0.1353912974873259,0.5303030303030303,0.21722318993711778,0.43444637987423557,True,False,False,False,1.0,0.2711275409555112,1.0,1.0,False
REACTOME_TRANSCRIPTIONAL_REGULATION_OF_WHITE_ADIPOCYTE_DIFFERENTIATION,83,0.43373493975903615,-0.013927006231372555,0.9062700660169078,0.27226894597204926,0.6867469879518072,0.038993467741935975,0.0004387758900014274,0.0008775517800028548,0.5301204819277109,0.3304418238806084,0.6608836477612168,False,False,True,False,0.788226119830684,0.005656045006557541,0.788226119830684,1.0,False
REACTOME_ACETYLCHOLINE_NEUROTRANSMITTER_RELEASE_CYCLE,17,0.4117647058823529,-0.01288033192941189,0.8338470458984406,0.6290588378906263,0.6470588235294118,0.03407516129032299,0.1661529541015627,0.3323059082031254,0.5294117647058824,0.5000000000000017,1.0,False,False,False,False,1.0,0.5192692720629355,1.0,1.0,False
REACTOME_AZATHIOPRINE_ADME,17,0.35294117647058826,-0.006849093556862943,0.9282684326171906,0.33230590820312556,0.5882352941176471,0.024092741935484246,0.3145294189453131,0.6290588378906262,0.5294117647058824,0.5000000000000017,1.0,False,False,False,False,0.8498864024877469,0.8052772745635703,0.8498864024877469,1.0,False
REACTOME_CA_DEPENDENT_EVENTS,34,0.4411764705882353,-0.00507535218431391,0.804235847434032,0.6075913612730822,0.5588235294117647,0.029592217741935826,0.3037956806365412,0.6075913612730824,0.5294117647058824,0.4320831202203426,0.8641662404406852,False,False,False,False,1.0,0.7841819539583625,1.0,1.0,False
REACTOME_FCGR3A_MEDIATED_IL10_SYNTHESIS,34,0.47058823529411764,-0.004814579854902079,0.6962043193634624,0.8641662404406848,0.5882352941176471,0.04020891129032284,0.19576415256597177,0.39152830513194353,0.5294117647058824,0.4320831202203426,0.8641662404406852,False,False,False,False,1.0,0.5773756995003896,1.0,1.0,False
REACTOME_INHIBITION_OF_THE_PROTEOLYTIC_ACTIVITY_OF_APC_C_REQUIRED_FOR_THE_ONSET_OF_ANAPHASE_BY_MITOTIC_SPINDLE_CHECKPOINT_COMPONENTS,17,0.35294117647058826,-0.03686369023529479,0.9282684326171906,0.33230590820312556,0.8235294117647058,0.04926483870967778,0.006362915039062509,0.012725830078125017,0.5294117647058824,0.5000000000000017,1.0,False,False,True,False,0.8498864024877469,0.04696010535871486,0.8498864024877469,1.0,False
REACTOME_ISG15_ANTIVIRAL_MECHANISM,68,0.5882352941176471,0.0146977275274503,0.09090502726780024,0.18181005453560048,0.7058823529411765,0.033594516129032484,0.000457195360643794,0.000914390721287588,0.5294117647058824,0.3581503800771807,0.7163007601543614,True,False,True,False,0.6970863554389365,0.005796057313968098,0.6970863554389365,1.0,False
REACTOME_SIGNALING_BY_NTRK3_TRKC,17,0.5882352941176471,0.005985155392157049,0.3145294189453131,0.6290588378906262,0.5882352941176471,0.029786532258064925,0.3145294189453131,0.6290588378906262,0.5294117647058824,0.5000000000000017,1.0,True,False,False,False,1.0,0.8052772745635703,1.0,1.0,False
REACTOME_SMAD2_SMAD3_SMAD4_HETEROTRIMER_REGULATES_TRANSCRIPTION,34,0.5294117647058824,0.00135515779803883,0.4320831202203426,0.8641662404406852,0.5294117647058824,0.00898153225806464,0.4320831202203426,0.8641662404406852,0.5294117647058824,0.4320831202203426,0.8641662404406852,True,False,False,False,1.0,0.9731155658830638,1.0,1.0,False
REACTOME_TRANSCRIPTIONAL_ACTIVATION_OF_MITOCHONDRIAL_BIOGENESIS,51,0.35294117647058826,-0.025298762701961824,0.9879535461507386,0.048873892318268504,0.5882352941176471,0.017304677419354934,0.13121876785551667,0.26243753571103334,0.5294117647058824,0.38988396527652247,0.7797679305530449,False,False,False,False,0.4235913622510318,0.4360513984537425,0.4360513984537425,1.0,False
REACTOME_DNA_DOUBLE_STRAND_BREAK_REPAIR,138,0.41304347826086957,-0.009898031747059239,0.9835262457521416,0.049848080809159936,0.6376811594202898,0.027261451612903352,0.0007699274842618098,0.0015398549685236196,0.5289855072463768,0.27570663983326177,0.5514132796665235,False,False,True,False,0.4282031859672099,0.008908961224693108,0.4282031859672099,1.0,False
KEGG_PROSTATE_CANCER,87,0.5057471264367817,0.0010718623450978113,0.49999999999997885,0.9999999999999577,0.6781609195402298,0.0481610483870969,0.0005843187487191357,0.0011686374974382715,0.5287356321839081,0.3341424983593901,0.6682849967187802,True,False,True,False,1.0,0.007148241813124369,1.0,1.0,False
KEGG_ADHERENS_JUNCTION,70,0.5,3.857101960703783e-05,0.5475127367702582,1.0,0.6285714285714286,0.043341209677419515,0.020695714336957133,0.041391428673914266,0.5285714285714286,0.36010138617642456,0.7202027723528491,True,False,True,False,1.0,0.11276832907347178,1.0,1.0,False
KEGG_GLYCEROPHOSPHOLIPID_METABOLISM,70,0.4857142857142857,-0.003848839372549445,0.6398986138235564,0.9049745264594485,0.5,0.00015354838709706676,0.5475127367702582,1.0,0.5285714285714286,0.36010138617642456,0.7202027723528491,False,False,False,False,1.0,1.0,1.0,1.0,False
KEGG_OXIDATIVE_PHOSPHORYLATION,106,0.49056603773584906,-0.007783904403921728,0.6145405045314777,0.9226851594413255,0.7735849056603774,0.1360124596774197,6.684094825170755e-09,1.336818965034151e-08,0.5283018867924528,0.3137154885393289,0.6274309770786578,False,False,True,False,1.0,5.253698532584214e-07,1.0,1.0,False
REACTOME_MITOCHONDRIAL_PROTEIN_IMPORT,53,0.5471698113207547,0.006776386172548599,0.2915660771305873,0.5831321542611746,0.6415094339622641,0.025462741935484156,0.026719405268855367,0.05343881053771073,0.5283018867924528,0.3919231511047492,0.7838463022094984,True,False,True,False,1.0,0.1359317316590312,1.0,1.0,False
REACTOME_DUAL_INCISION_IN_GG_NER,36,0.4722222222222222,-0.008620867292157284,0.6911403414851519,0.8679394004284389,0.7222222222222222,0.047060120967742376,0.005665492091793549,0.011330984183587097,0.5277777777777778,0.4339697002142202,0.8679394004284404,False,False,True,False,1.0,0.04373701406523403,1.0,1.0,False
REACTOME_ANCHORING_OF_THE_BASAL_BODY_TO_THE_PLASMA_MEMBRANE,91,0.43956043956043955,-0.010349899078431696,0.8959127888094965,0.2944697845685655,0.6483516483516484,0.04291548387096829,0.003052760537262672,0.006105521074525344,0.5274725274725275,0.3376112299580612,0.6752224599161224,False,False,True,False,0.8219748857070005,0.02644043837232463,0.8219748857070005,1.0,False
REACTOME_HEMOSTASIS,569,0.48154657293497366,-0.002308172835294258,0.82180546269828,0.40180224930438413,0.5676625659050967,0.014922822580645307,0.0007104211408064679,0.0014208422816129357,0.5272407732864675,0.10423706135507094,0.20847412271014187,False,False,True,False,0.8942565883894386,0.008428543647907679,0.8942565883894386,1.0,False
REACTOME_ADAPTIVE_IMMUNE_SYSTEM,714,0.49019607843137253,-0.0024854179725491265,0.7127088928918776,0.6266344567649458,0.6106442577030813,0.028100806451613263,1.8288118687294029e-09,3.6576237374588058e-09,0.5266106442577031,0.08305095380502285,0.1661019076100457,False,False,True,False,1.0,1.7423589440258312e-07,1.0,1.0,False
REACTOME_ACYL_CHAIN_REMODELLING_OF_PS,19,0.5263157894736842,0.013162259498039027,0.5000000000000013,1.0,0.5789473684210527,0.002275645161290585,0.3238029479980474,0.6476058959960947,0.5263157894736842,0.5000000000000013,1.0,True,False,False,False,1.0,0.8216597808764017,1.0,1.0,False
REACTOME_CELLULAR_HEXOSE_TRANSPORT,19,0.5263157894736842,0.007564576678431112,0.5000000000000013,1.0,0.7894736842105263,0.028880080645161364,0.00960540771484377,0.01921081542968754,0.5263157894736842,0.5000000000000013,1.0,True,False,True,False,1.0,0.06398178359209494,1.0,1.0,False
REACTOME_CELL_SURFACE_INTERACTIONS_AT_THE_VASCULAR_WALL,133,0.48872180451127817,-0.00018469028235396697,0.6355730306632623,0.8624034912672679,0.631578947368421,0.024934677419355285,0.0015246636926417496,0.0030493273852834992,0.5263157894736842,0.30152319456446747,0.6030463891289349,False,False,True,False,1.0,0.01587265778034987,1.0,1.0,False
REACTOME_DISEASES_ASSOCIATED_WITH_N_GLYCOSYLATION_OF_PROTEINS,19,0.5263157894736842,0.017176469356862435,0.5000000000000013,1.0,0.7894736842105263,0.05689508064516174,0.00960540771484377,0.01921081542968754,0.5263157894736842,0.5000000000000013,1.0,True,False,True,False,1.0,0.06398178359209494,1.0,1.0,False
REACTOME_PROCESSING_OF_INTRONLESS_PRE_MRNAS,19,0.5789473684210527,0.015328940207843825,0.3238029479980474,0.6476058959960947,0.7368421052631579,0.06376766129032276,0.031784057617187486,0.06356811523437497,0.5263157894736842,0.5000000000000013,1.0,True,False,True,False,1.0,0.1531613418241824,1.0,1.0,False
REACTOME_PROCESSIVE_SYNTHESIS_ON_THE_C_STRAND_OF_THE_TELOMERE,19,0.21052631578947367,-0.04525499569411789,0.9977874755859404,0.019210815429687594,0.6842105263157895,0.03413112903225829,0.0835342407226563,0.1670684814453126,0.5263157894736842,0.5000000000000013,1.0,False,False,False,False,0.2822374005184009,0.3175715270036666,0.3175715270036666,1.0,False
REACTOME_PROTEIN_HYDROXYLATION,19,0.3684210526315789,-0.021834960443137513,0.9164657592773461,0.35928344726562617,0.7368421052631579,0.04846177419354874,0.031784057617187486,0.06356811523437497,0.5263157894736842,0.5000000000000013,1.0,False,False,True,False,0.8612526119094086,0.1531613418241824,0.8612526119094086,1.0,False
REACTOME_SEMA4D_INDUCED_CELL_MIGRATION_AND_GROWTH_CONE_COLLAPSE,19,0.47368421052631576,-0.007390783298039319,0.6761970520019551,1.0,0.5263157894736842,0.00975137096774213,0.5000000000000013,1.0,0.5263157894736842,0.5000000000000013,1.0,False,False,False,False,1.0,1.0,1.0,1.0,False
REACTOME_POTENTIAL_THERAPEUTICS_FOR_SARS,99,0.47474747474747475,-0.006204354105882645,0.7266432582005987,0.687885343579694,0.6464646464646465,0.03340927419354851,0.00232032704421712,0.00464065408843424,0.5252525252525253,0.34394267178984667,0.6878853435796933,False,False,True,False,1.0,0.021206709962263447,1.0,1.0,False
REACTOME_SENSORY_PERCEPTION_OF_TASTE,40,0.35,-0.009348129458823726,0.9807613458578804,0.08069046775199054,0.425,-0.016838749999999722,0.8659063744725977,0.42959050784337804,0.525,0.43731465619020155,0.8746293123804031,True,False,False,False,0.4974330012005064,0.6229854966141977,0.6229854966141977,1.0,False
REACTOME_CELLULAR_RESPONSES_TO_STIMULI,682,0.5087976539589443,0.0027658162392152842,0.33681572159093764,0.6736314431818753,0.7052785923753666,0.05468500000000032,1.101633575221927e-27,2.203267150443854e-27,0.5249266862170088,0.1031639700764466,0.2063279401528932,True,False,True,False,1.0,3.4635359604977386e-24,1.0,1.0,False
REACTOME_VESICLE_MEDIATED_TRANSPORT,635,0.4881889763779528,-0.0016359124196079888,0.7372501509871077,0.5785373384290023,0.6456692913385826,0.04031322580645186,9.651655742624664e-14,1.9303311485249327e-13,0.5244094488188976,0.11690952243038855,0.2338190448607771,False,False,True,False,1.0,2.7586186958919947e-11,1.0,1.0,False
KEGG_GLYCOSAMINOGLYCAN_BIOSYNTHESIS_CHONDROITIN_SULFATE,21,0.2857142857142857,-0.039969677584313766,0.9866981506347678,0.07835388183593771,0.7619047619047619,0.05785798387096844,0.013301849365234363,0.026603698730468726,0.5238095238095238,0.5000000000000008,1.0,False,False,True,False,0.4926892089843763,0.08104847752770705,0.4926892089843763,1.0,False
KEGG_TASTE_TRANSDUCTION,42,0.40476190476190477,-0.009348129458823726,0.9179252991084486,0.279956238528938,0.40476190476190477,-0.016838749999999722,0.9179252991084486,0.279956238528938,0.5238095238095238,0.4388071643761586,0.8776143287523172,True,False,False,False,0.7989100572765933,0.45546109450923306,0.7989100572765933,1.0,False
REACTOME_CARDIAC_CONDUCTION,126,0.4603174603174603,-0.005711626974509915,0.83643851639161,0.4227911341458819,0.5079365079365079,0.0020082661290325605,0.4645298433158989,0.9290596866317978,0.5238095238095238,0.32808911080171854,0.6561782216034371,False,False,False,False,0.9063695397066046,1.0,1.0,1.0,False
REACTOME_DEFENSINS,21,0.42857142857142855,-0.006250317298039244,0.8083448410034197,0.6636238098144559,0.5238095238095238,0.0016245967741939068,0.5000000000000008,1.0,0.5238095238095238,0.5000000000000008,1.0,False,False,False,False,1.0,1.0,1.0,1.0,False
REACTOME_INFLAMMASOMES,21,0.47619047619047616,-0.0036015759764710074,0.6681880950927742,1.0,0.6666666666666666,0.012606290322580944,0.09462356567382803,0.18924713134765606,0.5238095238095238,0.5000000000000008,1.0,False,False,False,False,1.0,0.3463288596955941,1.0,1.0,False
REACTOME_NEF_MEDIATES_DOWN_MODULATION_OF_CELL_SURFACE_RECEPTORS_BY_RECRUITING_THEM_TO_CLATHRIN_ADAPTERS,21,0.5238095238095238,0.00474420685490155,0.5000000000000008,1.0,0.5238095238095238,0.010793548387097111,0.5000000000000008,1.0,0.5238095238095238,0.5000000000000008,1.0,True,False,False,False,1.0,1.0,1.0,1.0,False
REACTOME_NITRIC_OXIDE_STIMULATES_GUANYLATE_CYCLASE,21,0.14285714285714285,-0.028541238047059228,0.999889373779299,0.0014896392822265627,0.5238095238095238,0.0008529838709681655,0.5000000000000008,1.0,0.5238095238095238,0.5000000000000008,1.0,False,False,False,False,0.05854282379150392,1.0,1.0,1.0,False
REACTOME_OPIOID_SIGNALLING,84,0.4642857142857143,-0.003603942715686509,0.7773976654767468,0.585646794721246,0.6071428571428571,0.03409532258064556,0.031486128518086756,0.06297225703617351,0.5238095238095238,0.371822093052619,0.743644186105238,False,False,True,False,1.0,0.15261911596348846,1.0,1.0,False
REACTOME_PCNA_DEPENDENT_LONG_PATCH_BASE_EXCISION_REPAIR,21,0.38095238095238093,-0.030178793164705946,0.9053764343261742,0.38331031799316473,0.7619047619047619,0.03413112903225829,0.013301849365234363,0.026603698730468726,0.5238095238095238,0.5000000000000008,1.0,False,False,True,False,0.8808717407967036,0.08104847752770705,0.8808717407967036,1.0,False
REACTOME_REGULATION_OF_SIGNALING_BY_CBL,21,0.6666666666666666,0.008548530156861533,0.09462356567382803,0.18924713134765606,0.6666666666666666,0.02829790322580685,0.09462356567382803,0.18924713134765606,0.5238095238095238,0.5000000000000008,1.0,True,False,False,False,0.7117140920538645,0.3463288596955941,0.7117140920538645,1.0,False
REACTOME_TRIGLYCERIDE_CATABOLISM,21,0.5238095238095238,0.012221666643137143,0.5000000000000008,1.0,0.5238095238095238,0.015946451612903756,0.5000000000000008,1.0,0.5238095238095238,0.5000000000000008,1.0,True,False,False,False,1.0,1.0,1.0,1.0,False
REACTOME_VOLTAGE_GATED_POTASSIUM_CHANNELS,42,0.42857142857142855,-0.005915106298039545,0.8600218807355324,0.4407990673425947,0.6190476190476191,0.01661258064516171,0.08207470089155296,0.1641494017831059,0.5238095238095238,0.4388071643761586,0.8776143287523172,False,False,False,False,0.9278123203680004,0.313539319080246,0.9278123203680004,1.0,False
REACTOME_XENOBIOTICS,21,0.7142857142857143,0.022805776290195885,0.03917694091796873,0.07835388183593746,0.5238095238095238,0.005374838709677454,0.5000000000000008,1.0,0.5238095238095238,0.5000000000000008,1.0,True,True,False,False,0.4926892089843763,1.0,1.0,1.0,False
KEGG_ERBB_SIGNALING_PATHWAY,86,0.47674418604651164,-0.004394408356862776,0.7049821944257405,0.7465343822890811,0.5813953488372093,0.015584475806451946,0.08028920956699227,0.16057841913398455,0.5232558139534884,0.3732671911445404,0.7465343822890808,False,False,False,False,1.0,0.30859324557288964,1.0,1.0,False
REACTOME_GENE_SILENCING_BY_RNA,88,0.4090909090909091,-0.009631084998039757,0.9653269781575073,0.10929542977731872,0.6136363636363636,0.0283119354838707,0.02110530581120314,0.04221061162240628,0.5227272727272727,0.3746645016011569,0.7493290032023138,False,False,True,False,0.5792960122688614,0.1148011790145721,0.5792960122688614,1.0,False
REACTOME_NONHOMOLOGOUS_END_JOINING_NHEJ,44,0.36363636363636365,-0.009349405868627541,0.975616617047763,0.09614175442061544,0.6590909090909091,0.029377500000000063,0.024383382952237475,0.04876676590447495,0.5227272727272727,0.4401979106403364,0.8803958212806728,False,False,True,False,0.549581228906209,0.12692277483747452,0.549581228906209,1.0,False
KEGG_RENAL_CELL_CARCINOMA,67,0.47761194029850745,-0.003040453145098269,0.6872965855291536,0.8071946913669966,0.6865671641791045,0.05052193548387165,0.0015326588348043124,0.0030653176696086248,0.5223880597014925,0.40359734568350053,0.8071946913670011,False,False,True,False,1.0,0.01590323226608831,1.0,1.0,False
KEGG_MATURITY_ONSET_DIABETES_OF_THE_YOUNG,23,0.13043478260869565,-0.021747511831372583,0.9999669790268002,0.0004882812500000012,0.5217391304347826,0.0068957258064517085,0.5000000000000028,1.0,0.5217391304347826,0.5000000000000028,1.0,False,False,False,False,0.028428819444444513,1.0,1.0,1.0,False
KEGG_PYRIMIDINE_METABOLISM,92,0.391304347826087,-0.015792880590196935,0.985991549020518,0.04701156164485303,0.6086956521739131,0.023832379032258134,0.023505780822426485,0.04701156164485297,0.5217391304347826,0.377325874805247,0.754651749610494,False,False,True,False,0.4153526692972989,0.12322129189153218,0.4153526692972989,1.0,False
REACTOME_CALNEXIN_CALRETICULIN_CYCLE,23,0.6086956521739131,0.008548530156861533,0.2024364471435556,0.4048728942871112,0.5652173913043478,0.008504838709677547,0.3388197422027608,0.6776394844055216,0.5217391304347826,0.5000000000000028,1.0,True,False,False,False,0.8942565883894386,0.8476652193571775,0.8942565883894386,1.0,False
REACTOME_FRS_MEDIATED_FGFR1_SIGNALING,23,0.391304347826087,-0.007528235552941585,0.8949801921844535,0.40487289428711204,0.6956521739130435,0.02312516129032308,0.046569824218750146,0.09313964843750029,0.5217391304347826,0.5000000000000028,1.0,False,False,True,False,0.8942565883894386,0.2085691272702998,0.8942565883894386,1.0,False
REACTOME_INCRETIN_SYNTHESIS_SECRETION_AND_INACTIVATION,23,0.5652173913043478,0.006302229796078396,0.3388197422027608,0.6776394844055216,0.5217391304347826,8.145161290325307e-05,0.5000000000000028,1.0,0.5217391304347826,0.5000000000000028,1.0,True,False,False,False,1.0,1.0,1.0,1.0,False
REACTOME_NOTCH3_ACTIVATION_AND_TRANSMISSION_OF_SIGNAL_TO_THE_NUCLEUS,23,0.5652173913043478,0.008548530156861533,0.3388197422027608,0.6776394844055216,0.6086956521739131,0.024315887096774833,0.2024364471435556,0.4048728942871112,0.5217391304347826,0.5000000000000028,1.0,True,False,False,False,1.0,0.5937128636374429,1.0,1.0,False
REACTOME_NUCLEOTIDE_SALVAGE,23,0.13043478260869565,-0.04572224938431408,0.9999669790268002,0.0004882812500000012,0.5217391304347826,0.0007366129032258643,0.5000000000000028,1.0,0.5217391304347826,0.5000000000000028,1.0,False,False,False,False,0.028428819444444513,1.0,1.0,1.0,False
REACTOME_PI_3K_CASCADE_FGFR2,23,0.5217391304347826,0.002604716345096699,0.5000000000000028,1.0,0.6521739130434783,0.010608145161290609,0.10501980781555229,0.21003961563110457,0.5217391304347826,0.5000000000000028,1.0,True,False,False,False,1.0,0.3719577273807009,1.0,1.0,False
REACTOME_RETROGRADE_TRANSPORT_AT_THE_TRANS_GOLGI_NETWORK,46,0.5,0.008823520550979862,0.558502043938808,1.0,0.717391304347826,0.06213286290322603,0.0022669307910945565,0.004533861582189113,0.5217391304347826,0.4414979560612031,0.8829959121224062,True,False,True,False,1.0,0.020920397239949595,1.0,1.0,False
REACTOME_SEMA4D_IN_SEMAPHORIN_SIGNALING,23,0.5217391304347826,0.0011125860901948703,0.5000000000000028,1.0,0.5652173913043478,0.023397338709677737,0.3388197422027608,0.6776394844055216,0.5217391304347826,0.5000000000000028,1.0,True,False,False,False,1.0,0.8476652193571775,1.0,1.0,False
REACTOME_SARS_COV_INFECTIONS,372,0.4946236559139785,-0.0008999441254910149,0.6022531805324153,0.8764203591638844,0.7043010752688172,0.04508927419354887,9.980125582381186e-16,1.996025116476237e-15,0.521505376344086,0.21838938220052978,0.43677876440105956,False,False,True,False,1.0,5.229585805167742e-13,1.0,1.0,False
REACTOME_MITOTIC_METAPHASE_AND_ANAPHASE,211,0.4834123222748815,-0.0026645358431373624,0.709042503516094,0.6796647802150465,0.7061611374407583,0.04986387096774214,9.546969907807171e-10,1.9093939815614342e-09,0.5213270142180095,0.2909574964838937,0.5819149929677874,False,False,True,False,1.0,9.682475287143788e-08,1.0,1.0,False
REACTOME_PROCESSING_OF_DNA_DOUBLE_STRAND_BREAK_ENDS,71,0.4084507042253521,-0.009525502494118283,0.9520381842945879,0.15391276932645528,0.6338028169014085,0.030929435483871025,0.015963581041606074,0.03192716208321215,0.5211267605633803,0.40629432470308074,0.8125886494061615,False,False,True,False,0.668372578401071,0.09226010807869392,0.668372578401071,1.0,False
REACTOME_REGULATION_OF_RUNX3_EXPRESSION_AND_ACTIVITY,48,0.5208333333333334,0.004087469270587476,0.4427167486432525,0.885433497286505,0.7916666666666666,0.12349487903225809,3.084820388821174e-05,6.169640777642348e-05,0.5208333333333334,0.4427167486432525,0.885433497286505,True,False,True,False,1.0,0.0006509178055338101,1.0,1.0,False
REACTOME_SEPARATION_OF_SISTER_CHROMATIDS,169,0.4970414201183432,-0.0010528727098041354,0.5611050264075824,0.9999999999999613,0.6923076923076923,0.04897677419354879,3.136093927422833e-07,6.272187854845667e-07,0.5207100591715976,0.3222711060301479,0.6445422120602958,False,False,True,False,1.0,1.2324849134771736e-05,1.0,1.0,False
REACTOME_BIOSYNTHESIS_OF_THE_N_GLYCAN_PRECURSOR_DOLICHOL_LIPID_LINKED_OLIGOSACCHARIDE_LLO_AND_TRANSFER_TO_A_NASCENT_PROTEIN,73,0.5068493150684932,0.00552159961960785,0.5000000000000274,1.0,0.6027397260273972,0.023524274193548727,0.050321838760120384,0.10064367752024077,0.5205479452054794,0.4075606176125215,0.815121235225043,True,False,False,False,1.0,0.21822325663699102,1.0,1.0,False
REACTOME_TRANSCRIPTIONAL_REGULATION_BY_TP53,342,0.49122807017543857,-0.0016648154058829696,0.6474470965583833,0.7869235462855134,0.6198830409356725,0.03280181451612925,5.4177801848602045e-06,1.0835560369720409e-05,0.52046783625731,0.24106772395683515,0.4821354479136703,False,False,True,False,1.0,0.00014941667457193405,1.0,1.0,False
HALLMARK_KRAS_SIGNALING_DN,196,0.413265306122449,-0.008954389460784426,0.9938885262166051,0.018188799552191985,0.5051020408163265,0.0007380241935486785,0.47154044628257846,0.9430808925651569,0.5204081632653061,0.3085942311728834,0.6171884623457669,False,False,False,False,0.27759993102957087,1.0,1.0,1.0,False
REACTOME_CELL_CELL_COMMUNICATION,148,0.4391891891891892,-0.011188687025490444,0.9409803766091742,0.1620715680305773,0.6891891891891891,0.02098625000000059,2.4026353770847677e-06,4.805270754169535e-06,0.5202702702702703,0.3406085434469803,0.6812170868939607,False,False,True,False,0.6899561990553106,7.787510954179908e-05,0.6899561990553106,1.0,False
KEGG_GALACTOSE_METABOLISM,25,0.48,-0.0007495312196092417,0.6549810171127328,1.0,0.8,0.05904475806451631,0.0020386576652526808,0.0040773153305053616,0.52,0.49999999999999983,0.9999999999999997,False,False,True,False,1.0,0.01948188358527182,1.0,1.0,False
REACTOME_DOWNSTREAM_SIGNALING_OF_ACTIVATED_FGFR3,25,0.36,-0.007528235552941585,0.9461239278316504,0.2295229434967046,0.68,0.029786532258064925,0.05387607216835011,0.10775214433670022,0.52,0.49999999999999983,0.9999999999999997,False,False,False,False,0.7378528981121056,0.22955607476635534,0.7378528981121056,1.0,False
REACTOME_INSULIN_PROCESSING,25,0.48,-0.017630552756863774,0.6549810171127328,1.0,0.48,-0.004004435483870604,0.6549810171127328,1.0,0.52,0.49999999999999983,0.9999999999999997,True,False,False,False,1.0,1.0,1.0,1.0,False
REACTOME_INTERLEUKIN_20_FAMILY_SIGNALING,25,0.44,-0.010337968094117862,0.7878218889236452,0.6900379657745355,0.52,0.01572540322580674,0.49999999999999983,0.9999999999999997,0.52,0.49999999999999983,0.9999999999999997,False,False,False,False,1.0,1.0,1.0,1.0,False
REACTOME_SIGNALING_BY_ERYTHROPOIETIN,25,0.44,-0.006205555654901974,0.7878218889236452,0.6900379657745355,0.68,0.02829790322580685,0.05387607216835011,0.10775214433670022,0.52,0.49999999999999983,0.9999999999999997,False,False,False,False,1.0,0.22955607476635534,1.0,1.0,False
REACTOME_SIGNALING_BY_VEGF,100,0.45,-0.012274667231372771,0.8643734879630735,0.368201617326689,0.65,0.05313935483870996,0.0017588208614850432,0.0035176417229700863,0.52,0.38217671720132806,0.7643534344026561,False,False,True,False,0.8730210293175793,0.01755470726510786,0.8730210293175793,1.0,False
REACTOME_INFLUENZA_INFECTION,102,0.5686274509803921,0.01627505879215609,0.09889493153404175,0.1977898630680835,0.7941176470588235,0.23855020161290352,8.549325871346402e-10,1.7098651742692804e-09,0.5196078431372549,0.3833021306259268,0.7666042612518535,True,False,True,False,0.7268804961276545,8.959693513171028e-08,0.7268804961276545,1.0,False
REACTOME_INTEGRATION_OF_ENERGY_METABOLISM,102,0.4117647058823529,-0.007504900192157061,0.9702997315482866,0.09183767826908198,0.6176470588235294,0.028892298387096973,0.011148830912346414,0.022297661824692828,0.5196078431372549,0.3833021306259268,0.7666042612518535,False,False,True,False,0.5402786986854268,0.07081196846144874,0.5402786986854268,1.0,False
REACTOME_INTERLEUKIN_4_AND_INTERLEUKIN_13_SIGNALING,106,0.42452830188679247,-0.010155467780392873,0.9508787477888322,0.14478233933005957,0.660377358490566,0.020374879032258444,0.0006201198571988631,0.0012402397143977263,0.5188679245283019,0.3854594954685759,0.7709189909371518,False,False,True,False,0.6520052823153416,0.007469949544188604,0.6520052823153416,1.0,False
KEGG_RNA_POLYMERASE,27,0.37037037037037035,-0.015029853733333789,0.9389609396457744,0.24778856337070618,0.7777777777777778,0.08397129032258091,0.002962306141853349,0.005924612283706698,0.5185185185185185,0.5000000000000037,1.0,False,False,True,False,0.7622771460249522,0.025870806972185915,0.7622771460249522,1.0,False
REACTOME_CARDIOGENESIS,27,0.37037037037037035,-0.009845791921568987,0.9389609396457744,0.24778856337070618,0.4074074074074074,-0.013328225806451367,0.8761057183146547,0.44206833839416815,0.5185185185185185,0.5000000000000037,1.0,True,False,False,False,0.7622771460249522,0.636384091534462,0.7622771460249522,1.0,False
REACTOME_DOWNSTREAM_SIGNALING_OF_ACTIVATED_FGFR4,27,0.4444444444444444,-0.00018469028235396697,0.7789658308029237,0.7011080384254504,0.6296296296296297,0.025798548387097164,0.12389428168535326,0.2477885633707065,0.5185185185185185,0.5000000000000037,1.0,False,False,False,False,1.0,0.41749584310691384,1.0,1.0,False
REACTOME_G1_S_SPECIFIC_TRANSCRIPTION,27,0.7407407407407407,0.02766634418823502,0.00957864522933966,0.01915729045867932,0.5555555555555556,0.020120887096774363,0.3505540192127257,0.7011080384254514,0.5185185185185185,0.5000000000000037,1.0,True,True,False,False,0.2822374005184009,0.8712583686994544,0.8712583686994544,1.0,False
REACTOME_GENE_AND_PROTEIN_EXPRESSION_BY_JAK_STAT_SIGNALING_AFTER_INTERLEUKIN_12_STIMULATION,27,0.5555555555555556,0.011077165431372564,0.3505540192127257,0.7011080384254514,0.7407407407407407,0.09905040322580716,0.00957864522933966,0.01915729045867932,0.5185185185185185,0.5000000000000037,1.0,True,False,True,False,1.0,0.06398178359209494,1.0,1.0,False
REACTOME_HSF1_ACTIVATION,27,0.4444444444444444,-0.010687813117648024,0.7789658308029237,0.7011080384254504,0.7777777777777778,0.07068048387096801,0.002962306141853349,0.005924612283706698,0.5185185185185185,0.5000000000000037,1.0,False,False,True,False,1.0,0.025870806972185915,1.0,1.0,False
REACTOME_INTERLEUKIN_RECEPTOR_SHC_SIGNALING,27,0.37037037037037035,-0.013443950274509908,0.9389609396457744,0.24778856337070618,0.5555555555555556,0.02829790322580685,0.3505540192127257,0.7011080384254514,0.5185185185185185,0.5000000000000037,1.0,False,False,False,False,0.7622771460249522,0.8712583686994544,0.8712583686994544,1.0,False
REACTOME_TNFS_BIND_THEIR_PHYSIOLOGICAL_RECEPTORS,27,0.4074074074074074,-0.011960815043137469,0.8761057183146547,0.44206833839416815,0.5185185185185185,5.0564516129165786e-05,0.5000000000000037,1.0,0.5185185185185185,0.5000000000000037,1.0,False,False,False,False,0.9278123203680004,1.0,1.0,1.0,False
REACTOME_RESPIRATORY_SYNCYTIAL_VIRUS_INFECTION_PATHWAY,110,0.5363636363636364,0.0074097774764698456,0.25234240379398953,0.5046848075879791,0.6727272727272727,0.03907939516129047,0.00018562560153942659,0.00037125120307885317,0.5181818181818182,0.3875014914153014,0.7750029828306028,True,False,True,False,0.9781178385290734,0.0028749107942855037,0.9781178385290734,1.0,False
REACTOME_TRANSCRIPTIONAL_REGULATION_BY_RUNX2,110,0.5,-0.00027120699215703705,0.5379513041008456,1.0,0.6909090909090909,0.09219524193548434,3.846409424291622e-05,7.692818848583244e-05,0.5181818181818182,0.3875014914153014,0.7750029828306028,False,False,True,False,1.0,0.0007802007245143781,1.0,1.0,False
REACTOME_GAMMA_CARBOXYLATION_HYPUSINYLATION_HYDROXYLATION_AND_ARYLSULFATASE_ACTIVATION,56,0.42857142857142855,-0.015975528458824065,0.8855972293828379,0.3496819529836932,0.6607142857142857,0.03795451612903269,0.011120694736430263,0.022241389472860525,0.5178571428571429,0.44692654741751786,0.8938530948350357,False,False,True,False,0.8575663495949543,0.07081196846144874,0.8575663495949543,1.0,False
REACTOME_IRON_UPTAKE_AND_TRANSPORT,56,0.5892857142857143,0.016579164388235215,0.11440277061717997,0.22880554123435995,0.7142857142857143,0.05084995967741947,0.0009207773942463014,0.0018415547884926028,0.5178571428571429,0.44692654741751786,0.8938530948350357,True,False,True,False,0.7378528981121056,0.010302221094342959,0.7378528981121056,1.0,False
REACTOME_CYTOKINE_SIGNALING_IN_IMMUNE_SYSTEM,711,0.5218002812939522,0.004006952262744966,0.13026851292694397,0.26053702585388794,0.6104078762306611,0.01812758064516147,2.13154622721074e-09,4.26309245442148e-09,0.5175808720112518,0.18404679860073084,0.3680935972014617,True,False,True,False,0.7797052886849448,1.9147375252430192e-07,0.7797052886849448,1.0,False
KEGG_GLYCOLYSIS_GLUCONEOGENESIS,58,0.3448275862068966,-0.016409171380391864,0.9940359301421038,0.02474603584244037,0.6206896551724138,0.013226895161290681,0.043474449864954856,0.08694889972990971,0.5172413793103449,0.4478416069447876,0.8956832138895752,False,False,True,False,0.32417306953596886,0.1975197548777718,0.32417306953596886,1.0,False
KEGG_THYROID_CANCER,29,0.3793103448275862,-0.03324803802353013,0.9319770261645247,0.2649308964610078,0.7241379310344828,0.03772250000000038,0.01205977238714687,0.02411954477429374,0.5172413793103449,0.4999999999999964,0.9999999999999928,False,False,True,False,0.7797052886849448,0.07478486072029539,0.7797052886849448,1.0,False
REACTOME_EGR2_AND_SOX10_MEDIATED_INITIATION_OF_SCHWANN_CELL_MYELINATION,29,0.3448275862068966,-0.021176421952941678,0.9692858271300718,0.1360459476709354,0.6206896551724138,0.03272508064516158,0.13246544823050396,0.2649308964610079,0.5172413793103449,0.4999999999999964,0.9999999999999928,False,False,False,False,0.6327344075109776,0.4360513984537425,0.6327344075109776,1.0,False
REACTOME_EPH_EPHRIN_SIGNALING,87,0.5172413793103449,0.002306753399999784,0.41518650484285935,0.8303730096857187,0.6091954022988506,0.03696217741935533,0.02650155650548011,0.05300311301096022,0.5172413793103449,0.41518650484285935,0.8303730096857187,True,False,True,False,1.0,0.1357017811941848,1.0,1.0,False
REACTOME_SIGNALING_BY_ALK,29,0.4482758620689655,-0.009004263188235712,0.7708708401769345,0.7110711038112594,0.5862068965517241,0.025798548387097164,0.2291291598230583,0.4582583196461166,0.5172413793103449,0.4999999999999964,0.9999999999999928,False,False,False,False,1.0,0.6537042454479993,1.0,1.0,False
REACTOME_SIGNALING_BY_PDGF,58,0.5,-0.0004994003862749926,0.5521583930551971,1.0,0.7758620689655172,0.06975318548387113,1.5057954814559369e-05,3.0115909629118738e-05,0.5172413793103449,0.4478416069447876,0.8956832138895752,False,False,True,False,1.0,0.0003506830365701826,1.0,1.0,False
REACTOME_SLC_MEDIATED_TRANSMEMBRANE_TRANSPORT,234,0.4188034188034188,-0.010286086637254974,0.9946837634005308,0.015393815947983386,0.5170940170940171,0.005788790322580735,0.3236650272606924,0.6473300545213848,0.5170940170940171,0.3236650272606924,0.6473300545213848,False,False,False,False,0.24443513808313014,0.8216597808764017,0.8216597808764017,1.0,False
REACTOME_PROTEIN_LOCALIZATION,147,0.4897959183673469,-0.006227462400000022,0.6292040287769237,0.8690499708342118,0.6598639455782312,0.042853225806452136,6.567997419434505e-05,0.0001313599483886901,0.5170068027210885,0.37079597122308366,0.7415919424461673,False,False,True,False,1.0,0.0012218807033551528,1.0,1.0,False
REACTOME_MEMBRANE_TRAFFICKING,598,0.4916387959866221,-0.001239888823529742,0.6735630431979956,0.7128785249825781,0.6505016722408027,0.04180060483870994,8.1985176535574e-14,1.63970353071148e-13,0.5167224080267558,0.2186016258721827,0.4372032517443654,False,False,True,False,1.0,2.5776139502784466e-11,1.0,1.0,False
REACTOME_CYTOSOLIC_SENSORS_OF_PATHOGEN_ASSOCIATED_DNA,60,0.4166666666666667,-0.010234519709804308,0.9224990479984054,0.24506083302295495,0.6,0.042929032258064825,0.07750095200163323,0.15500190400326647,0.5166666666666667,0.44871091349573344,0.8974218269914669,False,False,False,False,0.7613352361898916,0.2986066091827633,0.7613352361898916,1.0,False
REACTOME_AMINO_ACID_TRANSPORT_ACROSS_THE_PLASMA_MEMBRANE,31,0.3548387096774194,-0.01787352669803941,0.9646222270093832,0.14961278438568065,0.45161290322580644,-0.0014129032258062661,0.7634351700544333,0.720100131817159,0.5161290322580645,0.4999999999999987,0.9999999999999974,True,False,False,False,0.6587991514125772,0.8850644309746484,0.8850644309746484,1.0,False
REACTOME_ANTIMICROBIAL_PEPTIDES,62,0.4032258064516129,-0.005704378323529449,0.9510227797402343,0.16188140552559596,0.5645161290322581,0.003922500000000156,0.18707585620239459,0.37415171240478917,0.5161290322580645,0.4495381568264247,0.8990763136528493,False,False,False,False,0.6899561990553106,0.5628387482299795,0.6899561990553106,1.0,False
REACTOME_CITRIC_ACID_CYCLE_TCA_CYCLE,31,0.3870967741935484,-0.022945327262745476,0.925193607807157,0.28104151505976793,0.5483870967741935,0.04426879032258085,0.3600500659085799,0.7201001318171598,0.5161290322580645,0.4999999999999987,0.9999999999999974,False,False,False,False,0.7989100572765933,0.8850644309746484,0.8850644309746484,1.0,False
REACTOME_DISEASES_OF_CARBOHYDRATE_METABOLISM,31,0.3548387096774194,-0.021281425282353703,0.9646222270093832,0.14961278438568065,0.7741935483870968,0.06816749999999987,0.0016634464263915974,0.003326892852783195,0.5161290322580645,0.4999999999999987,0.9999999999999974,False,False,True,False,0.6587991514125772,0.016925163639401882,0.6587991514125772,1.0,False
REACTOME_MAPK_TARGETS_NUCLEAR_EVENTS_MEDIATED_BY_MAP_KINASES,31,0.3225806451612903,-0.017724067043137774,0.9852753132581684,0.0707555459812281,0.5483870967741935,0.020787661290323122,0.3600500659085799,0.7201001318171598,0.5161290322580645,0.4999999999999987,0.9999999999999974,False,False,False,False,0.4815052739501768,0.8850644309746484,0.8850644309746484,1.0,False
REACTOME_TRAFFICKING_OF_AMPA_RECEPTORS,31,0.45161290322580644,-0.0052042275960786505,0.7634351700544333,0.720100131817159,0.6129032258064516,0.0158075806451616,0.14052075752988424,0.2810415150597685,0.5161290322580645,0.4999999999999987,0.9999999999999974,False,False,False,False,1.0,0.45546109450923306,1.0,1.0,False
HALLMARK_P53_PATHWAY,192,0.453125,-0.006114824609804225,0.9149260702017705,0.2197716110508749,0.6979166666666666,0.0547854435483871,2.089524409798307e-08,4.179048819596614e-08,0.515625,0.3591594271088279,0.7183188542176558,False,False,True,False,0.7378528981121056,1.3138929488811754e-06,0.7378528981121056,1.0,False
REACTOME_CELL_CYCLE_MITOTIC,481,0.47193347193347196,-0.003597424525490441,0.899168695967784,0.23578789831763106,0.6611226611226612,0.036362661290322944,7.060806019855384e-13,1.4121612039710768e-12,0.5155925155925156,0.26164597810752427,0.5232919562150485,False,False,True,False,0.7488052043541739,1.7076287789557944e-10,0.7488052043541739,1.0,False
REACTOME_BACTERIAL_INFECTION_PATHWAYS,66,0.5151515151515151,0.0063863162882344445,0.45107925004835375,0.9021585000967075,0.6666666666666666,0.04834701612903235,0.00460524484727731,0.00921048969455462,0.5151515151515151,0.45107925004835375,0.9021585000967075,True,False,True,False,1.0,0.036748451268629086,1.0,1.0,False
REACTOME_RESOLUTION_OF_D_LOOP_STRUCTURES,33,0.3333333333333333,-0.027455657223530185,0.9824589833151538,0.08014331245794905,0.5757575757575758,0.007998467741935793,0.2434251208323983,0.4868502416647966,0.5151515151515151,0.4999999999999995,0.999999999999999,False,False,False,False,0.4974330012005064,0.6772819291124428,0.6772819291124428,1.0,False
REACTOME_RHO_GTPASES_ACTIVATE_WASPS_AND_WAVES,33,0.48484848484848486,-0.0021262446274522627,0.6358337595593176,0.9999999999999988,0.7272727272727273,0.10058419354838738,0.006765493424609311,0.013530986849218623,0.5151515151515151,0.4999999999999995,0.999999999999999,False,False,True,False,1.0,0.049466770527841104,1.0,1.0,False
REACTOME_TRANSCRIPTIONAL_REGULATION_BY_NPAS4,33,0.42424242424242425,-0.009036549454902173,0.8518968157004551,0.4868502416647962,0.5454545454545454,0.00792346774193557,0.36416624044068147,0.7283324808813629,0.5151515151515151,0.4999999999999995,0.999999999999999,False,False,False,False,0.9602617062698373,0.8910028482066167,0.9602617062698373,1.0,False
REACTOME_HEDGEHOG_OFF_STATE,101,0.48514851485148514,-0.003390362858823829,0.6545867880020204,0.8423820985077425,0.7128712871287128,0.09227306451612952,1.1184791328086188e-05,2.2369582656172376e-05,0.5148514851485149,0.42119104925387096,0.8423820985077419,False,False,True,False,1.0,0.0002754640427648416,1.0,1.0,False
REACTOME_MAPK_FAMILY_SIGNALING_CASCADES,303,0.45874587458745875,-0.004949205043137346,0.9324339402014887,0.16786241187900075,0.6204620462046204,0.039829354838709585,1.6264243020978506e-05,3.252848604195701e-05,0.5148514851485149,0.3229419976103544,0.6458839952207088,False,False,True,False,0.6899561990553106,0.00037599102983791485,0.6899561990553106,1.0,False
REACTOME_G2_M_DNA_DAMAGE_CHECKPOINT,68,0.38235294117647056,-0.014633327937255327,0.9807699733255669,0.06811867428410162,0.6617647058823529,0.03851850806451654,0.005168830596847864,0.010337661193695728,0.5147058823529411,0.45179867284177166,0.9035973456835433,False,False,True,False,0.4717293214740429,0.04093401359317301,0.4717293214740429,1.0,False
REACTOME_DNA_REPAIR,280,0.425,-0.010302669027451156,0.9949743885099933,0.01413186539000548,0.6535714285714286,0.03798923387096814,1.5396262466820674e-07,3.079252493364135e-07,0.5142857142857142,0.33789070559814927,0.6757814111962985,False,False,True,False,0.23487115375805115,6.630938245984137e-06,0.23487115375805115,1.0,False
REACTOME_EARLY_SARS_COV_2_INFECTION_EVENTS,35,0.37142857142857144,-0.029554752972549385,0.9552344605326657,0.17546524899080476,0.8,0.09701314516129075,0.00025413022376597166,0.0005082604475319433,0.5142857142857142,0.5000000000000007,1.0,False,False,True,False,0.6939395657941977,0.0036819604770516818,0.6939395657941977,1.0,False
REACTOME_TRANSCRIPTIONAL_REGULATION_BY_VENTX,35,0.42857142857142855,-0.009036549454902173,0.8447476704604927,0.49955983320251024,0.8,0.04471282258064512,0.00025413022376597166,0.0005082604475319433,0.5142857142857142,0.5000000000000007,1.0,False,False,True,False,0.9781178385290734,0.0036819604770516818,0.9781178385290734,1.0,False
HALLMARK_UNFOLDED_PROTEIN_RESPONSE,109,0.5779816513761468,0.017948810823529768,0.0625022706629137,0.1250045413258274,0.7522935779816514,0.10184588709677424,6.303857660858806e-08,1.2607715321717612e-07,0.5137614678899083,0.42409739179826444,0.8481947835965289,True,False,True,False,0.6198963374265005,3.2988238603781094e-06,0.6198963374265005,1.0,False
KEGG_LEUKOCYTE_TRANSENDOTHELIAL_MIGRATION,109,0.5045871559633027,0.00019762281568593,0.4999999999999813,0.9999999999999626,0.6605504587155964,0.03237016129032294,0.0005164678108178111,0.0010329356216356221,0.5137614678899083,0.42409739179826444,0.8481947835965289,True,False,True,False,1.0,0.006418082202415802,1.0,1.0,False
REACTOME_SIGNALING_BY_RECEPTOR_TYROSINE_KINASES,516,0.4689922480620155,-0.005475544074510735,0.9268887312140249,0.1722880308317644,0.6143410852713178,0.0322203225806453,1.1562832577114824e-07,2.3125665154229648e-07,0.5135658914728682,0.28358285481704726,0.5671657096340945,False,False,True,False,0.6939395657941977,5.346109650360148e-06,0.6939395657941977,1.0,False
HALLMARK_FATTY_ACID_METABOLISM,148,0.3918918918918919,-0.02394768013137274,0.9967601670868658,0.0105826434028534,0.6216216216216216,0.01542447580645201,0.0019322906085732037,0.0038645812171464074,0.5135135135135135,0.40266047832010826,0.8053209566402165,False,False,True,False,0.2117456896551729,0.01869268207185893,0.2117456896551729,1.0,False
REACTOME_APOPTOTIC_CLEAVAGE_OF_CELLULAR_PROTEINS,37,0.4594594594594595,-0.012486713843137433,0.744312109207386,0.742829358729068,0.6756756756756757,0.01830983870967745,0.02351551371975805,0.0470310274395161,0.5135135135135135,0.5000000000000008,1.0,False,False,True,False,1.0,0.12322129189153218,1.0,1.0,False
REACTOME_NS1_MEDIATED_EFFECTS_ON_HOST_PATHWAYS,37,0.5405405405405406,0.01568635975686198,0.3714146793645346,0.7428293587290692,0.7027027027027027,0.036362661290322944,0.010036925959866464,0.02007385191973293,0.5135135135135135,0.5000000000000008,1.0,True,False,True,False,1.0,0.06601693560213423,1.0,1.0,False
REACTOME_PLATELET_AGGREGATION_PLUG_FORMATION,37,0.32432432432432434,-0.018541029984313697,0.9899630740401342,0.04703102743951604,0.5405405405405406,0.03758532258064555,0.3714146793645346,0.7428293587290692,0.5135135135135135,0.5000000000000008,1.0,False,False,False,False,0.4153526692972989,0.9052153115675169,0.9052153115675169,1.0,False
REACTOME_SIGNALING_BY_RETINOIC_ACID,37,0.40540540540540543,-0.03332438028235295,0.9061292205005894,0.32400860008783594,0.40540540540540543,-0.006430725806451008,0.9061292205005894,0.32400860008783594,0.5135135135135135,0.5000000000000008,1.0,True,False,False,False,0.8498864024877469,0.5113870676085122,0.8498864024877469,1.0,False
REACTOME_TRNA_AMINOACYLATION,37,0.4594594594594595,-0.008757433725491013,0.744312109207386,0.742829358729068,0.4594594594594595,-0.02061999999999995,0.744312109207386,0.742829358729068,0.5135135135135135,0.5000000000000008,1.0,True,False,False,False,1.0,0.9052153115675169,1.0,1.0,False
REACTOME_DRUG_ADME,76,0.4473684210526316,-0.006545386580392346,0.8490637547565104,0.4221911049923188,0.5131578947368421,0.002701370967742113,0.45438846263775456,0.9087769252755091,0.5131578947368421,0.45438846263775456,0.9087769252755091,False,False,False,False,0.9063695397066046,1.0,1.0,1.0,False
REACTOME_TP53_REGULATES_METABOLIC_GENES,76,0.5,9.046380391309998e-06,0.5456115373622626,1.0,0.618421052631579,0.03916149193548404,0.025226205123609364,0.05045241024721873,0.5131578947368421,0.45438846263775456,0.9087769252755091,True,False,True,False,1.0,0.12980554649529924,1.0,1.0,False
KEGG_HUNTINGTONS_DISEASE,156,0.4166666666666667,-0.011960557215686788,0.9848448421781362,0.044980164189044436,0.7115384615384616,0.07410580645161334,6.400389805440989e-08,1.2800779610881977e-07,0.5128205128205128,0.4051379386458625,0.810275877291725,False,False,True,False,0.4040503891724449,3.2988238603781094e-06,0.4040503891724449,1.0,False
REACTOME_GLUCAGON_LIKE_PEPTIDE_1_GLP1_REGULATES_INSULIN_SECRETION,39,0.48717948717948717,-0.0058781668470589184,0.6253706876195811,1.0,0.5128205128205128,0.012901129032258131,0.500000000000001,1.0,0.5128205128205128,0.500000000000001,1.0,False,False,False,False,1.0,1.0,1.0,1.0,False
REACTOME_CLASS_I_MHC_MEDIATED_ANTIGEN_PROCESSING_PRESENTATION,355,0.49577464788732395,-0.00026902805490222614,0.5840440645817674,0.9154837777519093,0.6338028169014085,0.03634475806451653,2.6144774232429325e-07,5.228954846485865e-07,0.5126760563380282,0.3355955701679164,0.6711911403358328,False,False,True,False,1.0,1.0675216907371142e-05,1.0,1.0,False
REACTOME_PEPTIDE_HORMONE_METABOLISM,82,0.5,-0.0002595095078433674,0.543921696223671,1.0,0.524390243902439,0.00046209677419378954,0.37032642067287036,0.7406528413457407,0.5121951219512195,0.4560783037762778,0.9121566075525556,False,False,False,False,1.0,0.903964492698373,1.0,1.0,False
REACTOME_SIGNALING_BY_INSULIN_RECEPTOR,82,0.4878048780487805,-9.501507843204899e-05,0.6296735793270796,0.9121566075525556,0.6829268292682927,0.030037540322581158,0.0006101910343387322,0.0012203820686774644,0.5121951219512195,0.4560783037762778,0.9121566075525556,False,False,True,False,1.0,0.0073786177383114385,1.0,1.0,False
REACTOME_MITOCHONDRIAL_PROTEIN_DEGRADATION,86,0.4418604651162791,-0.013742360478431657,0.882310068894498,0.33183435459992355,0.6744186046511628,0.045133266129032706,0.0008027824647821492,0.0016055649295642984,0.5116279069767442,0.45710581854123966,0.9142116370824793,False,False,True,False,0.8498864024877469,0.00921148930392364,0.8498864024877469,1.0,False
REACTOME_RAC3_GTPASE_CYCLE,90,0.4777777777777778,-0.009825617284314475,0.7007941408832637,0.7520332015986232,0.6111111111111112,0.014121774193548776,0.022298762313958585,0.04459752462791717,0.5111111111111111,0.45806443850566114,0.9161288770113223,False,False,True,False,1.0,0.11822480390402326,1.0,1.0,False
REACTOME_TGF_BETA_RECEPTOR_SIGNALING_ACTIVATES_SMADS,45,0.4666666666666667,-0.018541029984313697,0.7242578350987436,0.7659918242447964,0.6444444444444445,0.07955733870967746,0.0362271300812724,0.0724542601625448,0.5111111111111111,0.5000000000000014,1.0,False,False,True,False,1.0,0.16923937143465145,1.0,1.0,False
HALLMARK_INTERFERON_ALPHA_RESPONSE,94,0.5957446808510638,0.022992587856862416,0.03948777400054218,0.07897554800108436,0.6170212765957447,0.02279875000000011,0.014883205043956549,0.029766410087913097,0.5106382978723404,0.4589615336578893,0.9179230673157786,True,True,True,False,0.49461976676376346,0.0879563846958635,0.49461976676376346,1.0,False
HALLMARK_HEME_METABOLISM,194,0.5,-0.0005305683470592298,0.5286055001466801,1.0,0.6185567010309279,0.0283302419354842,0.0005889699561435423,0.0011779399122870847,0.5103092783505154,0.41476728527708734,0.8295345705541747,False,False,True,False,1.0,0.007177215279516655,1.0,1.0,False
REACTOME_TRANSCRIPTIONAL_ACTIVITY_OF_SMAD2_SMAD3_SMAD4_HETEROTRIMER,49,0.5102040816326531,0.0005069289294113216,0.5000000000000048,1.0,0.5918367346938775,0.03077040322580657,0.12643486508380314,0.2528697301676063,0.5102040816326531,0.5000000000000048,1.0,True,False,False,False,1.0,0.42514568537270275,1.0,1.0,False
KEGG_PARKINSONS_DISEASE,100,0.47,-0.007783904403921728,0.7579407931963452,0.6172994135892453,0.8,0.11362544354838722,5.579544528625957e-10,1.1159089057251914e-09,0.51,0.4602053813064064,0.9204107626128128,False,False,True,False,1.0,6.048995861379314e-08,1.0,1.0,False
REACTOME_CELL_CYCLE,608,0.4506578947368421,-0.0063732720803926154,0.9933497223772862,0.016651190285846357,0.6546052631578947,0.035461774193548345,1.0471614045754658e-14,2.0943228091509316e-14,0.5098684210526315,0.32777703018676707,0.6555540603735341,False,False,True,False,0.25662422675833796,4.115344319981581e-12,0.25662422675833796,1.0,False
REACTOME_O_LINKED_GLYCOSYLATION,104,0.4230769230769231,-0.008250343188235636,0.9524781626003416,0.14095628821231307,0.5480769230769231,0.011932782258064583,0.18879196164905657,0.37758392329811313,0.5096153846153846,0.4609744138132385,0.921948827626477,False,False,False,False,0.6498518506832767,0.5663758849471697,0.6498518506832767,1.0,False
REACTOME_ION_TRANSPORT_BY_P_TYPE_ATPASES,53,0.5283018867924528,0.00636323917254881,0.3919231511047492,0.7838463022094984,0.4528301886792453,-0.0026343548387091145,0.7949486418126512,0.583132154261177,0.5094339622641509,0.49999999999999784,0.9999999999999957,False,False,False,False,1.0,0.7664579820222159,1.0,1.0,False
REACTOME_TNF_SIGNALING,55,0.5272727272727272,0.0053615430588218205,0.39385309483502273,0.7877061896700455,0.5818181818181818,0.029892822580645694,0.1403048588491778,0.2806097176983556,0.509090909090909,0.5000000000000016,1.0,True,False,False,False,1.0,0.45546109450923306,1.0,1.0,False
REACTOME_TRANSLATION,226,0.5619469026548672,0.006915645737253624,0.03612879145049492,0.07225758290098984,0.6814159292035398,0.09800439516129042,2.5685644100840012e-08,5.1371288201680023e-08,0.5088495575221239,0.420941330852654,0.841882661705308,True,True,True,False,0.48388009598107273,1.5529935587123269e-06,0.48388009598107273,1.0,False
REACTOME_INNATE_IMMUNE_SYSTEM,961,0.4755463059313215,-0.0038948707843135394,0.9392580099221697,0.1378021316983127,0.619146722164412,0.02863935483870999,7.374213610962032e-14,1.4748427221924063e-13,0.5088449531737773,0.3028936351875349,0.6057872703750699,False,False,True,False,0.6390116549550076,2.5760586214294032e-11,0.6390116549550076,1.0,False
REACTOME_CA2_PATHWAY,59,0.423728813559322,-0.009036549454902173,0.9037367711192611,0.29759520828442554,0.4406779661016949,-0.007342177419354518,0.8512023958577791,0.43499280512214944,0.5084745762711864,0.4999999999999957,0.9999999999999915,True,False,False,False,0.8219748857070005,0.6290788313266042,0.8219748857070005,1.0,False
REACTOME_POSITIVE_EPIGENETIC_REGULATION_OF_RRNA_EXPRESSION,59,0.4915254237288136,-1.6907529412552025e-05,0.6025781730085641,0.9999999999999923,0.711864406779661,0.05124959677419387,0.0007735834651212527,0.0015471669302425054,0.5084745762711864,0.4999999999999957,0.9999999999999915,False,False,True,False,1.0,0.008908961224693108,1.0,1.0,False
REACTOME_SYNTHESIS_OF_SUBSTRATES_IN_N_GLYCAN_BIOSYTHESIS,59,0.4745762711864407,-0.008663974862745574,0.6985383993714195,0.7948436539828555,0.5932203389830508,0.021818548387096962,0.09626322888073047,0.19252645776146093,0.5084745762711864,0.4999999999999957,0.9999999999999915,False,False,False,False,1.0,0.3519204553500193,1.0,1.0,False
HALLMARK_ADIPOGENESIS,195,0.48205128205128206,-0.003040453145098269,0.7165847463254844,0.6675464173424898,0.6564102564102564,0.039609596774194206,7.458715040767579e-06,1.4917430081535159e-05,0.5076923076923077,0.4430808925652451,0.8861617851304902,False,False,True,False,1.0,0.00019541833406811057,1.0,1.0,False
KEGG_PPAR_SIGNALING_PATHWAY,65,0.47692307692307695,-0.006227462400000022,0.6899276174593594,0.8043170001934119,0.6615384615384615,0.014902500000000263,0.006251273068244986,0.012502546136489972,0.5076923076923077,0.5000000000000075,1.0,False,False,True,False,1.0,0.046827495381271046,1.0,1.0,False
REACTOME_PHOSPHOLIPID_METABOLISM,199,0.4472361809045226,-0.012716211447058767,0.9406760870152497,0.15608547576771728,0.5678391959798995,0.009582661290323214,0.032522506678179595,0.06504501335635919,0.507537688442211,0.44365152099075356,0.8873030419815071,False,False,True,False,0.672236624402333,0.1553707987160125,0.672236624402333,1.0,False
REACTOME_RHOB_GTPASE_CYCLE,67,0.44776119402985076,-0.0062843067921584325,0.8357839686513775,0.4638176178968535,0.6119402985074627,0.016950403225806595,0.04321861713673404,0.08643723427346808,0.5074626865671642,0.49999999999998473,0.9999999999999695,False,False,True,False,0.9432358283749724,0.1969265685186838,0.9432358283749724,1.0,False
KEGG_REGULATION_OF_ACTIN_CYTOSKELETON,203,0.4827586206896552,-0.0011781493019609422,0.7127138520424479,0.6737740741736589,0.6305418719211823,0.029786532258064925,0.00012194413653633742,0.00024388827307267484,0.5073891625615764,0.4442053244755005,0.888410648951001,False,False,True,False,1.0,0.001996835235782525,1.0,1.0,False
REACTOME_MITOTIC_G1_PHASE_AND_G1_S_TRANSITION,138,0.572463768115942,0.00933230625686192,0.05272701288820513,0.10545402577641026,0.7028985507246377,0.0724628225806454,1.0437879849196208e-06,2.0875759698392416e-06,0.5072463768115942,0.46610124375246936,0.9322024875049387,True,False,True,False,0.5792960122688614,3.646299360652542e-05,0.5792960122688614,1.0,False
REACTOME_TRANSCRIPTION_COUPLED_NUCLEOTIDE_EXCISION_REPAIR_TC_NER,69,0.4782608695652174,-0.001574537537254981,0.6847717541066071,0.8099490529189374,0.7681159420289855,0.07625427419354852,4.547531527593182e-06,9.095063055186364e-06,0.5072463768115942,0.5000000000000049,1.0,False,False,True,False,1.0,0.00013238369558104596,1.0,1.0,False
REACTOME_CELL_DEATH_SIGNALLING_VIA_NRAGE_NRIF_AND_NADE,71,0.4225352112676056,-0.008588037509804108,0.9230436153367715,0.2350975624083409,0.5211267605633803,0.00822935483870973,0.40629432470308074,0.8125886494061615,0.5070422535211268,0.4999999999999996,0.9999999999999992,False,False,False,False,0.7481242269350442,0.9449743517210566,0.9449743517210566,1.0,False
REACTOME_DDX58_IFIH1_MEDIATED_INDUCTION_OF_INTERFERON_ALPHA_BETA,73,0.5616438356164384,0.0053615430588218205,0.17459091908530366,0.34918183817060733,0.5616438356164384,0.011373306451613368,0.17459091908530366,0.34918183817060733,0.5068493150684932,0.5000000000000274,1.0,True,False,False,False,0.8575663495949543,0.5313783636052224,0.8575663495949543,1.0,False
REACTOME_REGULATION_OF_INSULIN_SECRETION,73,0.410958904109589,-0.008205955694118038,0.949678161239935,0.15971168311802747,0.6027397260273972,0.031370887096774734,0.050321838760120384,0.10064367752024077,0.5068493150684932,0.5000000000000274,1.0,False,False,False,False,0.6843190469701984,0.21822325663699102,0.6843190469701984,1.0,False
REACTOME_PHASE_II_CONJUGATION_OF_COMPOUNDS,79,0.4177215189873418,-0.018849189380392387,0.9426698221270947,0.17661055306016218,0.6329113924050633,0.030852177419354965,0.011909896429000606,0.02381979285800121,0.5063291139240507,0.4999999999999987,0.9999999999999974,False,False,True,False,0.6939395657941977,0.07428492519543592,0.6939395657941977,1.0,False
REACTOME_PLATELET_ACTIVATION_SIGNALING_AND_AGGREGATION,245,0.4857142857142857,-0.00285177912156874,0.6953145927827575,0.7015611407884917,0.5714285714285714,0.03582048387096818,0.014817150851648047,0.029634301703296093,0.5061224489795918,0.4491804104656023,0.8983608209312046,False,False,True,False,1.0,0.08787277099984084,1.0,1.0,False
REACTOME_RAC2_GTPASE_CYCLE,83,0.4457831325301205,-0.01975497052549144,0.8638655270139796,0.3799993964119181,0.5542168674698795,0.01403693548387153,0.18999969820595922,0.37999939641191843,0.5060240963855421,0.5000000000000021,1.0,False,False,False,False,0.8808717407967036,0.5694557208384516,0.8808717407967036,1.0,False
REACTOME_SIGNALING_BY_TGF_BETA_RECEPTOR_COMPLEX,91,0.4835164835164835,-0.004317500831373031,0.6623887700420337,0.8340810393050233,0.6483516483516484,0.040472016129032555,0.003052760537262672,0.006105521074525344,0.5054945054945055,0.500000000000047,1.0,False,False,True,False,1.0,0.02644043837232463,1.0,1.0,False
REACTOME_MITF_M_DEPENDENT_GENE_EXPRESSION,93,0.5161290322580645,0.001518036541176191,0.41792306731574547,0.8358461346314909,0.6236559139784946,0.039271209677419455,0.011009294186961763,0.022018588373923526,0.5053763440860215,0.500000000000003,1.0,True,False,True,False,1.0,0.07035207504838979,1.0,1.0,False
REACTOME_PROGRAMMED_CELL_DEATH,196,0.49489795918367346,-0.0011238385196079854,0.5848037206730343,0.9430808925651598,0.6530612244897959,0.046785967741935955,1.0912783183788018e-05,2.1825566367576036e-05,0.5051020408163265,0.47154044628257846,0.9430808925651569,False,False,True,False,1.0,0.00027229992325261535,1.0,1.0,False
REACTOME_CHROMOSOME_MAINTENANCE,101,0.40594059405940597,-0.013445401274509963,0.9769779665353296,0.07275700687752357,0.6435643564356436,0.030929435483871025,0.002538690559724054,0.005077381119448108,0.504950495049505,0.5000000000000006,1.0,False,False,True,False,0.48388009598107273,0.023001853371102093,0.48388009598107273,1.0,False
REACTOME_MITOTIC_SPINDLE_CHECKPOINT,101,0.43564356435643564,-0.006803844690196083,0.9183603690742878,0.23230046428473722,0.6336633663366337,0.01883177419354849,0.004667524060322314,0.009335048120644628,0.504950495049505,0.5000000000000006,1.0,False,False,True,False,0.7434831253655797,0.037137732361302425,0.7434831253655797,1.0,False
REACTOME_RHO_GTPASE_CYCLE,432,0.4722222222222222,-0.004733359841176593,0.8854956196860787,0.26845161070449775,0.6296296296296297,0.03077733870967784,3.946858636940806e-08,7.893717273881613e-08,0.5046296296296297,0.4426277571896001,0.8852555143792002,False,False,True,False,0.7814924667175379,2.297948806396647e-06,0.7814924667175379,1.0,False
REACTOME_NEDDYLATION,230,0.45217391304347826,-0.008820568501960998,0.9354031638741263,0.16600415196554283,0.6956521739130435,0.04904669354838721,1.392842045415105e-09,2.78568409083021e-09,0.5043478260869565,0.4737231023126969,0.9474462046253938,False,False,True,False,0.6899561990553106,1.3684673096203406e-07,0.6899561990553106,1.0,False
REACTOME_G2_M_CHECKPOINTS,133,0.42857142857142855,-0.009474495407843004,0.9587543537375024,0.11824011046976951,0.7142857142857143,0.061125161290322985,4.1249999944819024e-07,8.249999988963805e-07,0.5037593984962406,0.5000000000000405,1.0,False,False,True,False,0.6086066750919111,1.5080232537966397e-05,0.6086066750919111,1.0,False
KEGG_WNT_SIGNALING_PATHWAY,143,0.4125874125874126,-0.0037570397607842518,0.985334202733254,0.04437293451220791,0.5734265734265734,0.01597379032258065,0.047041665122616434,0.09408333024523287,0.5034965034965035,0.49999999999999595,0.9999999999999919,False,False,True,False,0.4009879371942559,0.21038263889830167,0.4009879371942559,1.0,False
REACTOME_G_ALPHA_I_SIGNALLING_EVENTS,288,0.4444444444444444,-0.005474669913725596,0.9741794800407039,0.06755991734205982,0.4895833333333333,-0.0032970967741933555,0.6599692865704807,0.7683380076782829,0.5034722222222222,0.4765124979528486,0.9530249959056972,True,False,False,False,0.4699300445208763,0.9153224859022547,0.9153224859022547,1.0,False
KEGG_CHEMOKINE_SIGNALING_PATHWAY,173,0.5028901734104047,0.00028037446274492735,0.4999999999999864,0.9999999999999728,0.5838150289017341,0.013525806451612978,0.016484878205441117,0.032969756410882234,0.5028901734104047,0.4999999999999864,0.9999999999999728,True,False,True,False,1.0,0.09475037857021365,1.0,1.0,False
KEGG_ENDOCYTOSIS,177,0.3898305084745763,-0.017163896498039427,0.9987284921105963,0.004156412582174696,0.615819209039548,0.024066048387097094,0.0012715078894658485,0.002543015778931697,0.5028248587570622,0.5000000000000311,1.0,False,False,True,False,0.11462948384523901,0.013476130314308516,0.11462948384523901,1.0,False
REACTOME_CELL_CYCLE_CHECKPOINTS,247,0.44129554655870445,-0.007827488458823832,0.9719696427979264,0.07460133697216308,0.680161943319838,0.039271209677419455,7.592630048932928e-09,1.5185260097865856e-08,0.5020242914979757,0.49999999999999795,0.9999999999999959,False,False,True,False,0.4926892089843763,5.683625922344078e-07,0.4926892089843763,1.0,False
REACTOME_M_PHASE,343,0.4489795918367347,-0.005870379360785099,0.9741205318431102,0.06622657125793799,0.6676384839650146,0.040472016129032555,2.600435061552766e-10,5.200870123105532e-10,0.5014577259475219,0.4999999999999109,0.9999999999998218,False,False,True,False,0.46685278034743727,3.406569930634123e-08,0.46685278034743727,1.0,False
HALLMARK_MITOTIC_SPINDLE,198,0.4444444444444444,-0.00663494736470595,0.9490478227741389,0.13539129748732745,0.6414141414141414,0.03229987903225852,4.197267485787882e-05,8.394534971575764e-05,0.5,0.5283158185976323,1.0,False,False,True,False,0.6327344075109776,0.0008352030997036139,0.6327344075109776,1.0,False
KEGG_AMINOACYL_TRNA_BIOSYNTHESIS,36,0.4444444444444444,-0.01017583134313807,0.7974838769296183,0.6177193170296952,0.3888888888888889,-0.020833185483870583,0.933750918018631,0.2429849540349095,0.5,0.5660302997857799,1.0,True,False,False,False,1.0,0.4107229545622347,1.0,1.0,False
KEGG_AMINO_SUGAR_AND_NUCLEOTIDE_SUGAR_METABOLISM,40,0.45,-0.013603568337255225,0.7852047460782913,0.6358280026288302,0.65,0.047798749999999945,0.040345233875995326,0.08069046775199065,0.5,0.5626853438097785,1.0,False,False,True,False,1.0,0.18490585321593195,1.0,1.0,False
KEGG_ARGININE_AND_PROLINE_METABOLISM,50,0.32,-0.029783008176471067,0.9966997760166137,0.015346677832630324,0.62,0.02874540322580666,0.059460226279719385,0.11892045255943877,0.5,0.5561375863296183,1.0,False,False,False,False,0.24443513808313014,0.2437326615690192,0.24443513808313014,1.0,False
KEGG_MISMATCH_REPAIR,22,0.45454545454545453,-0.025118481515686793,0.7382664680480944,0.8318119049072269,0.6818181818181818,0.032789798387097,0.06690025329589823,0.13380050659179646,0.5,0.5840940475463855,1.0,False,False,False,False,1.0,0.26862630442184454,1.0,1.0,False
KEGG_PENTOSE_AND_GLUCURONATE_INTERCONVERSIONS,14,0.21428571428571427,-0.04283602717058836,0.9935302734375019,0.05737304687500014,0.7142857142857143,0.05453120967741955,0.08978271484375025,0.1795654296875005,0.5,0.6047363281250012,1.0,False,False,False,False,0.4532182396356795,0.3340554502588767,0.4532182396356795,1.0,False
KEGG_PENTOSE_PHOSPHATE_PATHWAY,24,0.375,-0.012627650170588443,0.9242051839828502,0.30745625495910656,0.7083333333333334,0.06557915322580676,0.031957328319549505,0.06391465663909901,0.5,0.5805901288986216,1.0,False,False,True,False,0.8219748857070005,0.1531613418241824,0.8219748857070005,1.0,False
KEGG_TYPE_I_DIABETES_MELLITUS,38,0.47368421052631576,-0.00845833180196091,0.6864487149214238,0.8714146793645329,0.5,-0.0023975806451608963,0.5642926603177315,1.0,0.5,0.5642926603177315,1.0,True,False,False,False,1.0,1.0,1.0,1.0,False
REACTOME_ACTIVATED_PKN1_STIMULATES_TRANSCRIPTION_OF_AR_ANDROGEN_RECEPTOR_REGULATED_GENES_KLK2_AND_KLK3,20,0.35,-0.010122496274509982,0.9423408508300802,0.2631759643554693,0.65,0.024502137096774432,0.13158798217773446,0.2631759643554689,0.5,0.5880985260009778,1.0,False,False,False,False,0.7797052886849448,0.4360513984537425,0.7797052886849448,1.0,False
REACTOME_ACTIVATED_TAK1_MEDIATES_P38_MAPK_ACTIVATION,20,0.55,0.006955036607841677,0.41190147399902427,0.8238029479980485,0.45,-0.006424435483870533,0.7482776641845718,0.8238029479980488,0.5,0.5880985260009778,1.0,False,False,False,False,1.0,0.9479300469241811,1.0,1.0,False
REACTOME_ACTIVATION_OF_ATR_IN_RESPONSE_TO_REPLICATION_STRESS,36,0.3611111111111111,-0.01680050530784402,0.9673773323884228,0.1324981639627369,0.75,0.05785185483870983,0.001966586511116474,0.003933173022232948,0.5,0.5660302997857799,1.0,False,False,True,False,0.6327344075109776,0.01890809783165197,0.6327344075109776,1.0,False
REACTOME_ACTIVATION_OF_IRF3_IRF7_MEDIATED_BY_TBK1_IKK_IKBKE,16,0.5625,0.0024433881607846494,0.4018096923828125,0.803619384765625,0.5625,0.05634951612903255,0.4018096923828125,0.803619384765625,0.5,0.5981903076171879,1.0,True,False,False,False,1.0,0.9378542485906181,1.0,1.0,False
REACTOME_ACTIVATION_OF_KAINATE_RECEPTORS_UPON_GLUTAMATE_BINDING,28,0.5,0.0015105380490192835,0.5747229903936334,1.0,0.5,0.0003439919354840267,0.5747229903936334,1.0,0.5,0.5747229903936334,1.0,True,False,False,False,1.0,1.0,1.0,1.0,False
REACTOME_AFLATOXIN_ACTIVATION_AND_DETOXIFICATION,16,0.375,-0.026077077147059025,0.894943237304688,0.45449829101562467,0.625,0.031078991935484017,0.22724914550781222,0.45449829101562444,0.5,0.5981903076171879,1.0,False,False,False,False,0.9327301742513864,0.648929440033208,0.9327301742513864,1.0,False
REACTOME_ASSEMBLY_OF_ACTIVE_LPL_AND_LIPC_LIPASE_COMPLEXES,18,0.2222222222222222,-0.025025483792157105,0.9962310791015635,0.03088378906250002,0.6111111111111112,0.010216814516129534,0.24034118652343725,0.4806823730468745,0.5,0.5927352905273445,1.0,False,False,False,False,0.3492756575989211,0.669887136905751,0.669887136905751,1.0,False
REACTOME_B_WICH_COMPLEX_POSITIVELY_REGULATES_RRNA_EXPRESSION,44,0.45454545454545453,-0.0020930144568633673,0.7743095838019377,0.6515878272089153,0.6363636363636364,0.029863870967741662,0.04807087721030764,0.09614175442061527,0.5,0.5598020893596648,1.0,False,False,True,False,1.0,0.21162075229458083,1.0,1.0,False
REACTOME_CALCITONIN_LIKE_LIGAND_RECEPTORS,10,0.3,-0.008659519309805465,0.9453124999999984,0.3437499999999999,0.6,0.026847822580645594,0.3769531249999994,0.7539062499999988,0.5,0.6230468749999987,1.0,False,False,False,False,0.8498864024877469,0.905378628724216,0.905378628724216,1.0,False
REACTOME_CARGO_TRAFFICKING_TO_THE_PERICILIARY_MEMBRANE,50,0.48,-0.0054305584705885085,0.6640944831173284,0.8877248273408018,0.66,0.05080185483871001,0.016419568782134547,0.032839137564269094,0.5,0.5561375863296183,1.0,False,False,True,False,1.0,0.09454784661360992,1.0,1.0,False
REACTOME_CASPASE_MEDIATED_CLEAVAGE_OF_CYTOSKELETAL_PROTEINS,12,0.5,-0.0031289672843140244,0.6127929687499988,1.0,0.6666666666666666,0.036151612903225924,0.19384765625000006,0.3876953125000001,0.5,0.6127929687499988,1.0,False,False,False,False,1.0,0.5727979617011283,1.0,1.0,False
REACTOME_CELLULAR_RESPONSE_TO_HYPOXIA,66,0.5151515151515151,0.004087469270587476,0.45107925004835375,0.9021585000967075,0.7727272727272727,0.11532875000000005,5.04806367555694e-06,1.009612735111388e-05,0.5,0.5489207499516557,1.0,True,False,True,False,1.0,0.0001417063588924198,1.0,1.0,False
REACTOME_CELL_JUNCTION_ORGANIZATION,112,0.42857142857142855,-0.01166712052549055,0.9461088601726675,0.15606630199377294,0.6785714285714286,0.017505161290322674,9.911849927729535e-05,0.0001982369985545907,0.5,0.5376124531714107,1.0,False,False,True,False,0.672236624402333,0.0017028883154525498,0.672236624402333,1.0,False
REACTOME_CLASS_I_PEROXISOMAL_MEMBRANE_PROTEIN_IMPORT,20,0.55,0.003676000574509195,0.41190147399902427,0.8238029479980485,0.75,0.09733350806451618,0.02069473266601564,0.04138946533203128,0.5,0.5880985260009778,1.0,True,False,True,False,1.0,0.11276832907347178,1.0,1.0,False
REACTOME_COBALAMIN_CBL_VITAMIN_B12_TRANSPORT_AND_METABOLISM,20,0.4,-0.026036734521568874,0.8684120178222675,0.5034446716308608,0.7,0.031944838709677306,0.05765914916992178,0.11531829833984356,0.5,0.5880985260009778,1.0,False,False,False,False,0.9781178385290734,0.2394720805683409,0.9781178385290734,1.0,False
REACTOME_COHESIN_LOADING_ONTO_CHROMATIN,10,0.4,-0.0043807466294119475,0.8281249999999983,0.7539062499999992,0.5,-0.0039796774193544375,0.6230468749999987,1.0,0.5,0.6230468749999987,1.0,True,False,False,False,1.0,1.0,1.0,1.0,False
REACTOME_CONDENSATION_OF_PROMETAPHASE_CHROMOSOMES,10,0.6,0.015040057245097431,0.3769531249999994,0.7539062499999988,0.5,-0.0026202016129030677,0.6230468749999987,1.0,0.5,0.6230468749999987,1.0,False,False,False,False,1.0,1.0,1.0,1.0,False
REACTOME_COSTIMULATION_BY_THE_CD28_FAMILY,64,0.46875,-0.004686251556862993,0.7338456119861034,0.7079807541347833,0.53125,0.02264697580645171,0.353990377067393,0.707980754134786,0.5,0.5496733768740028,1.0,False,False,False,False,1.0,0.8777174649052709,1.0,1.0,False
REACTOME_CYTOPROTECTION_BY_HMOX1,52,0.4423076923076923,-0.016444103768628274,0.8341251183152671,0.4884556693799026,0.75,0.03853262096774232,0.00020477072689129445,0.0004095414537825889,0.5,0.5550580173617397,1.0,False,False,True,False,0.9622209426882291,0.0030951882949337966,0.9622209426882291,1.0,False
REACTOME_DEGRADATION_OF_BETA_CATENIN_BY_THE_DESTRUCTION_COMPLEX,76,0.4473684210526316,-0.00781857720392209,0.8490637547565104,0.4221911049923188,0.7368421052631579,0.11257596774193573,2.1844661031122153e-05,4.3689322062244306e-05,0.5,0.5456115373622626,1.0,False,False,True,False,0.9063695397066046,0.00048365925550597217,0.9063695397066046,1.0,False
REACTOME_DISASSEMBLY_OF_THE_DESTRUCTION_COMPLEX_AND_RECRUITMENT_OF_AXIN_TO_THE_MEMBRANE,28,0.39285714285714285,-0.022314745517647217,0.9075333289802002,0.3449284508824315,0.6071428571428571,0.04229983870967793,0.17246422544121584,0.3449284508824317,0.5,0.5747229903936334,1.0,False,False,False,False,0.8498864024877469,0.5264344900846433,0.8498864024877469,1.0,False
REACTOME_DISEASES_OF_HEMOSTASIS,18,0.3333333333333333,-0.022337465303921812,0.9518737792968758,0.23788452148437514,0.7222222222222222,0.047720080645161665,0.04812622070312501,0.09625244140625001,0.5,0.5927352905273445,1.0,False,False,True,False,0.7509125858904372,0.21162075229458083,0.7509125858904372,1.0,False
REACTOME_DISEASES_OF_MITOTIC_CELL_CYCLE,34,0.5294117647058824,0.006857374856862665,0.4320831202203426,0.8641662404406852,0.7352941176470589,0.06357044354838737,0.004520592745393534,0.009041185490787067,0.5,0.567916879779661,1.0,True,False,True,False,1.0,0.03616474196314827,1.0,1.0,False
REACTOME_DNA_DAMAGE_RECOGNITION_IN_GG_NER,36,0.4722222222222222,-0.006012946807843752,0.6911403414851519,0.8679394004284389,0.6944444444444444,0.07307387096774218,0.014408359827939405,0.02881671965587881,0.5,0.5660302997857799,1.0,False,False,True,False,1.0,0.08628549199817427,1.0,1.0,False
REACTOME_DUAL_INCISION_IN_TC_NER,56,0.4642857142857143,-0.0027750732235295823,0.7477981199886006,0.6888797607233518,0.7142857142857143,0.06027350806451631,0.0009207773942463014,0.0018415547884926028,0.5,0.5530734525825,1.0,False,False,True,False,1.0,0.010302221094342959,1.0,1.0,False
REACTOME_ERK_MAPK_TARGETS,22,0.2727272727272727,-0.025040289015686428,0.9915497303009022,0.05247879028320305,0.5,0.00982693548387153,0.5840940475463855,1.0,0.5,0.5840940475463855,1.0,False,False,False,False,0.43753026127750777,1.0,1.0,1.0,False
REACTOME_ERYTHROPOIETIN_ACTIVATES_RAS,14,0.2857142857142857,-0.02674075960588297,0.9713134765625019,0.1795654296875005,0.5,-0.0013821370967739693,0.6047363281250012,1.0,0.5,0.6047363281250012,1.0,True,False,False,False,0.6939395657941977,1.0,1.0,1.0,False
REACTOME_ER_QUALITY_CONTROL_COMPARTMENT_ERQC,18,0.6111111111111112,0.006955036607841677,0.24034118652343725,0.4806823730468745,0.5555555555555556,0.005494354838709966,0.40726470947265625,0.8145294189453125,0.5,0.5927352905273445,1.0,True,False,False,False,0.9528785503526949,0.9449743517210566,0.9528785503526949,1.0,False
REACTOME_FGFR2_LIGAND_BINDING_AND_ACTIVATION,20,0.4,-0.008828482829412015,0.8684120178222675,0.5034446716308608,0.6,0.0043687500000002336,0.2517223358154302,0.5034446716308604,0.5,0.5880985260009778,1.0,False,False,False,False,0.9781178385290734,0.693007901754565,0.9781178385290734,1.0,False
REACTOME_FLT3_SIGNALING_IN_DISEASE,26,0.46153846153846156,-0.002522654074510191,0.7214014530181951,0.8450189828872761,0.8076923076923077,0.04357366935483922,0.0012469589710235676,0.002493917942047135,0.5,0.577490508556371,1.0,False,False,True,False,1.0,0.013289623745417277,1.0,1.0,False
REACTOME_FORMATION_OF_DEFINITIVE_ENDODERM,16,0.625,0.006342994999999828,0.22724914550781222,0.45449829101562444,0.5,-0.00033697580645134927,0.5981903076171879,1.0,0.5,0.5981903076171879,1.0,False,False,False,False,0.9327301742513864,1.0,1.0,1.0,False
REACTOME_FOXO_MEDIATED_TRANSCRIPTION_OF_CELL_DEATH_GENES,16,0.3125,-0.01663220874509843,0.9615936279296879,0.21011352539062492,0.6875,0.11506967741935512,0.10505676269531242,0.21011352539062483,0.5,0.5981903076171879,1.0,False,False,False,False,0.7327063217909919,0.3719577273807009,0.7327063217909919,1.0,False
REACTOME_GLUCAGON_SIGNALING_IN_METABOLIC_REGULATION,30,0.6333333333333333,0.007441761807843012,0.10024421103298746,0.20048842206597492,0.4666666666666667,-0.005459516129032007,0.70766764413566,0.8555355519056387,0.5,0.5722322240471894,1.0,False,False,False,False,0.7268804961276545,0.9668597322758188,0.9668597322758188,1.0,False
REACTOME_GLUCURONIDATION,10,0.3,-0.02564576923333378,0.9453124999999984,0.3437499999999999,0.8,0.06617588709677441,0.05468750000000005,0.1093750000000001,0.5,0.6230468749999987,1.0,False,False,False,False,0.8498864024877469,0.22955607476635534,0.8498864024877469,1.0,False
REACTOME_HCMV_EARLY_EVENTS,78,0.5256410256410257,0.00984790334902009,0.36717101651493705,0.7343420330298741,0.6923076923076923,0.04297754032258089,0.0004505017602609961,0.0009010035205219922,0.5,0.5450267740627609,1.0,True,False,True,False,1.0,0.005757632253091755,1.0,1.0,False
REACTOME_HEME_BIOSYNTHESIS,14,0.42857142857142855,-0.00565869195294139,0.7880249023437517,0.7905273437500014,0.5,-0.0035395161290318793,0.6047363281250012,1.0,0.5,0.6047363281250012,1.0,True,False,False,False,1.0,1.0,1.0,1.0,False
REACTOME_HORMONE_LIGAND_BINDING_RECEPTORS,12,0.5,-0.0007510945411766034,0.6127929687499988,1.0,0.5,0.00048379032258115135,0.6127929687499988,1.0,0.5,0.6127929687499988,1.0,False,False,False,False,1.0,1.0,1.0,1.0,False
REACTOME_INTERACTIONS_OF_REV_WITH_HOST_CELLULAR_PROTEINS,34,0.5294117647058824,0.011953460001960207,0.4320831202203426,0.8641662404406852,0.6764705882352942,0.024728588709677597,0.028806336456909814,0.05761267291381963,0.5,0.567916879779661,1.0,True,False,True,False,1.0,0.14285034987464423,1.0,1.0,False
REACTOME_INTERLEUKIN_17_SIGNALING,68,0.45588235294117646,-0.004188354464705914,0.8019375798515103,0.5446122234192757,0.4852941176470588,-0.0017641532258060523,0.6418496199228524,0.9035973456835394,0.5,0.5482013271582614,1.0,True,False,False,False,0.9919146069216969,1.0,1.0,1.0,False
REACTOME_MAP3K8_TPL2_DEPENDENT_MAPK1_3_ACTIVATION,14,0.6428571428571429,0.00560032784117594,0.21197509765625067,0.42395019531250133,0.5714285714285714,0.011993669354838876,0.395263671875001,0.790527343750002,0.5,0.6047363281250012,1.0,True,False,False,False,0.9063695397066046,0.926012656017141,0.926012656017141,1.0,False
REACTOME_MITOCHONDRIAL_FATTY_ACID_BETA_OXIDATION_OF_SATURATED_FATTY_ACIDS,10,0.4,-0.025696352192156893,0.8281249999999983,0.7539062499999992,0.7,0.0811378629032258,0.17187499999999986,0.3437499999999997,0.5,0.6230468749999987,1.0,False,False,False,False,1.0,0.5264344900846433,1.0,1.0,False
REACTOME_MITOCHONDRIAL_TRNA_AMINOACYLATION,18,0.5555555555555556,0.005338173115685962,0.40726470947265625,0.8145294189453125,0.2777777777777778,-0.03815802419354815,0.9845581054687508,0.09625244140625018,0.5,0.5927352905273445,1.0,False,False,False,False,1.0,0.21162075229458083,1.0,1.0,False
REACTOME_MYOGENESIS,28,0.2857142857142857,-0.03933518233725538,0.9937295243143957,0.03569813817739459,0.6428571428571429,0.10667612903225816,0.09246667101979189,0.18493334203958378,0.5,0.5747229903936334,1.0,False,False,False,False,0.36919390272937036,0.3420178984543832,0.36919390272937036,1.0,False
REACTOME_NEUROTRANSMITTER_CLEARANCE,10,0.3,-0.008361628974510017,0.9453124999999984,0.3437499999999999,0.4,-0.006608790322580682,0.8281249999999983,0.7539062499999992,0.5,0.6230468749999987,1.0,True,False,False,False,0.8498864024877469,0.905378628724216,0.905378628724216,1.0,False
REACTOME_NF_KB_ACTIVATION_THROUGH_FADD_RIP_1_PATHWAY_MEDIATED_BY_CASPASE_8_AND_10,12,0.5,-0.004086437539216111,0.6127929687499988,1.0,0.6666666666666666,0.07217266129032275,0.19384765625000006,0.3876953125000001,0.5,0.6127929687499988,1.0,False,False,False,False,1.0,0.5727979617011283,1.0,1.0,False
REACTOME_NUCLEAR_EVENTS_MEDIATED_BY_NFE2L2,86,0.6046511627906976,0.01186426488823505,0.03307629873069553,0.06615259746139106,0.7558139534883721,0.08218633064516162,1.0765894461732973e-06,2.1531788923465945e-06,0.5,0.5428941814587898,1.0,True,True,True,False,0.46685278034743727,3.7195573832624686e-05,0.46685278034743727,1.0,False
REACTOME_NUCLEOTIDE_CATABOLISM,34,0.4117647058823529,-0.015963264531372198,0.8852594934869586,0.39152830513194314,0.4411764705882353,-0.006295201612902979,0.804235847434032,0.6075913612730822,0.5,0.567916879779661,1.0,True,False,False,False,0.881780079752743,0.7841819539583625,0.881780079752743,1.0,False
REACTOME_ORGANIC_ANION_TRANSPORTERS,12,0.3333333333333333,-0.023567608654902174,0.9270019531249984,0.3876953125000003,0.3333333333333333,-0.019321088709677033,0.9270019531249984,0.3876953125000003,0.5,0.6127929687499988,1.0,True,False,False,False,0.8808717407967036,0.5727979617011283,0.8808717407967036,1.0,False
REACTOME_PARASITE_INFECTION,56,0.5178571428571429,0.0018853357803917722,0.44692654741751786,0.8938530948350357,0.625,0.05876040322580685,0.04071340730475381,0.08142681460950763,0.5,0.5530734525825,1.0,True,False,True,False,1.0,0.18632161945581657,1.0,1.0,False
REACTOME_PHOSPHORYLATION_OF_THE_APC_C,16,0.375,-0.01270417602941273,0.894943237304688,0.45449829101562467,0.875,0.044868427419355164,0.0020904541015624957,0.004180908203124991,0.5,0.5981903076171879,1.0,False,False,True,False,0.9327301742513864,0.01976817774139576,0.9327301742513864,1.0,False
REACTOME_PI3K_EVENTS_IN_ERBB4_SIGNALING,10,0.7,0.04192627444509757,0.17187499999999986,0.3437499999999997,0.2,-0.052622298387096464,0.9892578124999983,0.109375,0.5,0.6230468749999987,1.0,False,False,False,False,0.8498864024877469,0.22955607476635534,0.8498864024877469,1.0,False
REACTOME_PI_3K_CASCADE_FGFR3,18,0.3888888888888889,-0.008266249370588648,0.8810577392578133,0.4806823730468747,0.6666666666666666,0.029189193548387532,0.11894226074218746,0.23788452148437492,0.5,0.5927352905273445,1.0,False,False,False,False,0.9528785503526949,0.40340287785699863,0.9528785503526949,1.0,False
REACTOME_PI_3K_CASCADE_FGFR4,20,0.5,0.001299688235293284,0.5880985260009778,1.0,0.6,0.016010161290322934,0.2517223358154302,0.5034446716308604,0.5,0.5880985260009778,1.0,True,False,False,False,1.0,0.693007901754565,1.0,1.0,False
REACTOME_POST_TRANSLATIONAL_PROTEIN_MODIFICATION,1324,0.47658610271903323,-0.004653115305882717,0.9583288779006265,0.09361628442469533,0.6261329305135952,0.02981459677419399,1.7821781068179757e-20,3.5643562136359515e-20,0.5,0.5109618554035038,1.0,False,False,True,False,0.5410470555721363,1.1206335935671431e-17,0.5410470555721363,1.0,False
REACTOME_PRE_NOTCH_PROCESSING_IN_GOLGI,18,0.4444444444444444,-0.005604124756862821,0.7596588134765634,0.8145294189453127,0.7222222222222222,0.04600020161290368,0.04812622070312501,0.09625244140625001,0.5,0.5927352905273445,1.0,False,False,True,False,1.0,0.21162075229458083,1.0,1.0,False
REACTOME_PROTEIN_METHYLATION,14,0.5,0.007416394974508732,0.6047363281250012,1.0,0.7142857142857143,0.0394187500000006,0.08978271484375025,0.1795654296875005,0.5,0.6047363281250012,1.0,True,False,False,False,1.0,0.3340554502588767,1.0,1.0,False
REACTOME_PURINERGIC_SIGNALING_IN_LEISHMANIASIS_INFECTION,26,0.5,0.000131949805882217,0.577490508556371,1.0,0.5384615384615384,0.008486169354838993,0.42250949144363786,0.8450189828872757,0.5,0.577490508556371,1.0,True,False,False,False,1.0,0.9584197987725811,1.0,1.0,False
REACTOME_RAS_ACTIVATION_UPON_CA2_INFLUX_THROUGH_NMDA_RECEPTOR,18,0.4444444444444444,-0.011635647731372656,0.7596588134765634,0.8145294189453127,0.6111111111111112,0.026456370967742164,0.24034118652343725,0.4806823730468745,0.5,0.5927352905273445,1.0,False,False,False,False,1.0,0.669887136905751,1.0,1.0,False
REACTOME_RECEPTOR_TYPE_TYROSINE_PROTEIN_PHOSPHATASES,20,0.45,-0.010713904013725663,0.7482776641845718,0.8238029479980488,0.45,-0.00600919354838705,0.7482776641845718,0.8238029479980488,0.5,0.5880985260009778,1.0,True,False,False,False,1.0,0.9479300469241811,1.0,1.0,False
REACTOME_RECYCLING_OF_BILE_ACIDS_AND_SALTS,16,0.375,-0.015426768598039209,0.894943237304688,0.45449829101562467,0.5,-0.010046008064515928,0.5981903076171879,1.0,0.5,0.5981903076171879,1.0,True,False,False,False,0.9327301742513864,1.0,1.0,1.0,False
REACTOME_REGULATED_NECROSIS,56,0.48214285714285715,-0.0029166995254904203,0.6555601196383427,0.8938530948350373,0.5892857142857143,0.03367576612903225,0.11440277061717997,0.22880554123435995,0.5,0.5530734525825,1.0,False,False,False,False,1.0,0.39346790313720686,1.0,1.0,False
REACTOME_REGULATION_OF_GENE_EXPRESSION_IN_LATE_STAGE_BRANCHING_MORPHOGENESIS_PANCREATIC_BUD_PRECURSOR_CELLS,16,0.3125,-0.014961819262746204,0.9615936279296879,0.21011352539062492,0.6875,0.017593427419355014,0.10505676269531242,0.21011352539062483,0.5,0.5981903076171879,1.0,False,False,False,False,0.7327063217909919,0.3719577273807009,0.7327063217909919,1.0,False
REACTOME_REGULATION_OF_RUNX2_EXPRESSION_AND_ACTIVITY,64,0.53125,0.005239712074509002,0.353990377067393,0.707980754134786,0.71875,0.11679330645161322,0.0003086891320335734,0.0006173782640671468,0.5,0.5496733768740028,1.0,True,False,True,False,1.0,0.004256660662778749,1.0,1.0,False
REACTOME_REGULATION_OF_TBK1_IKK_IKBKE_MEDIATED_ACTIVATION_OF_IRF3_IRF7,12,0.5833333333333334,0.0046611874549014115,0.38720703124999967,0.7744140624999993,0.5833333333333334,0.09456350806451636,0.38720703124999967,0.7744140624999993,0.5,0.6127929687499988,1.0,True,False,False,False,1.0,0.9153224859022547,1.0,1.0,False
REACTOME_REGULATION_OF_TLR_BY_ENDOGENOUS_LIGAND,20,0.4,-0.012284825603921625,0.8684120178222675,0.5034446716308608,0.5,0.0012428629032260313,0.5880985260009778,1.0,0.5,0.5880985260009778,1.0,False,False,False,False,0.9781178385290734,1.0,1.0,1.0,False
REACTOME_REGULATION_OF_TP53_ACTIVITY_THROUGH_ASSOCIATION_WITH_CO_FACTORS,14,0.14285714285714285,-0.039278378162745625,0.9990844726562521,0.012939453125000073,0.6428571428571429,0.05292290322580664,0.21197509765625067,0.42395019531250133,0.5,0.6047363281250012,1.0,False,False,False,False,0.22600911458333459,0.6165122174202147,0.6165122174202147,1.0,False
REACTOME_REPRESSION_OF_WNT_TARGET_GENES,14,0.2857142857142857,-0.03500551308431503,0.9713134765625019,0.1795654296875005,0.6428571428571429,0.03829383064516144,0.21197509765625067,0.42395019531250133,0.5,0.6047363281250012,1.0,False,False,False,False,0.6939395657941977,0.6165122174202147,0.6939395657941977,1.0,False
REACTOME_RESPONSE_OF_EIF2AK1_HRI_TO_HEME_DEFICIENCY,14,0.5714285714285714,0.018524463509802535,0.395263671875001,0.790527343750002,0.9285714285714286,0.09717278225806456,0.0009155273437500041,0.0018310546875000082,0.5,0.6047363281250012,1.0,True,False,True,False,1.0,0.010302221094342959,1.0,1.0,False
REACTOME_RESPONSE_OF_MTB_TO_PHAGOCYTOSIS,22,0.5,0.001983871433332394,0.5840940475463855,1.0,0.7272727272727273,0.13444963709677452,0.02623939514160144,0.05247879028320288,0.5,0.5840940475463855,1.0,True,False,True,False,1.0,0.1345785617050488,1.0,1.0,False
REACTOME_RHOJ_GTPASE_CYCLE,54,0.42592592592592593,-0.01812781328039239,0.8898357529116608,0.3408909412200874,0.7037037037037037,0.06420540322580692,0.0019191329401629837,0.0038382658803259675,0.5,0.5540384244476035,1.0,False,False,True,False,0.8498864024877469,0.018622697419359322,0.8498864024877469,1.0,False
REACTOME_RHOV_GTPASE_CYCLE,36,0.4444444444444444,-0.009412993588236062,0.7974838769296183,0.6177193170296952,0.6666666666666666,0.04795887096774233,0.03262266761157666,0.06524533522315332,0.5,0.5660302997857799,1.0,False,False,True,False,1.0,0.1553707987160125,1.0,1.0,False
REACTOME_RNA_POLYMERASE_III_TRANSCRIPTION_INITIATION_FROM_TYPE_3_PROMOTER,28,0.39285714285714285,-0.017728405694118345,0.9075333289802002,0.3449284508824315,0.6071428571428571,0.06042883064516138,0.17246422544121584,0.3449284508824317,0.5,0.5747229903936334,1.0,False,False,False,False,0.8498864024877469,0.5264344900846433,0.8498864024877469,1.0,False
REACTOME_RND3_GTPASE_CYCLE,42,0.47619047619047616,-0.0028173833784316004,0.6780155218148155,0.877614328752315,0.6428571428571429,0.03238822580645189,0.044214773493877105,0.08842954698775421,0.5,0.5611928356238438,1.0,False,False,True,False,1.0,0.20030439173595044,1.0,1.0,False
REACTOME_ROLE_OF_SECOND_MESSENGERS_IN_NETRIN_1_SIGNALING,10,0.4,-0.012182891511764792,0.8281249999999983,0.7539062499999992,0.7,0.026878145161290654,0.17187499999999986,0.3437499999999997,0.5,0.6230468749999987,1.0,False,False,False,False,1.0,0.5264344900846433,1.0,1.0,False
REACTOME_RRNA_PROCESSING_IN_THE_MITOCHONDRION,10,0.2,-0.021538350088235507,0.9892578124999983,0.109375,0.7,0.10437225806451647,0.17187499999999986,0.3437499999999997,0.5,0.6230468749999987,1.0,False,False,False,False,0.5792960122688614,0.5264344900846433,0.5792960122688614,1.0,False
REACTOME_RUNX3_REGULATES_NOTCH_SIGNALING,14,0.42857142857142855,-0.0076810373921572875,0.7880249023437517,0.7905273437500014,0.7857142857142857,0.06536439516129061,0.02868652343750004,0.05737304687500008,0.5,0.6047363281250012,1.0,False,False,True,False,1.0,0.14285034987464423,1.0,1.0,False
REACTOME_SENESCENCE_ASSOCIATED_SECRETORY_PHENOTYPE_SASP,60,0.4166666666666667,-0.010967629252941268,0.9224990479984054,0.24506083302295495,0.65,0.03494891129032279,0.013670066934039535,0.02734013386807907,0.5,0.5512890865043051,1.0,False,False,True,False,0.7613352361898916,0.08291901884162269,0.7613352361898916,1.0,False
REACTOME_SEROTONIN_NEUROTRANSMITTER_RELEASE_CYCLE,18,0.4444444444444444,-0.00730514261176472,0.7596588134765634,0.8145294189453127,0.7222222222222222,0.04027044354838736,0.04812622070312501,0.09625244140625001,0.5,0.5927352905273445,1.0,False,False,True,False,1.0,0.21162075229458083,1.0,1.0,False
REACTOME_SEROTONIN_RECEPTORS,12,0.4166666666666667,-0.001740998180392184,0.8061523437499982,0.7744140624999993,0.25,-0.00934790322580618,0.9807128906249984,0.14599609375000017,0.5,0.6127929687499988,1.0,True,False,False,False,1.0,0.2858105347135744,1.0,1.0,False
REACTOME_SHC1_EVENTS_IN_ERBB2_SIGNALING,22,0.36363636363636365,-0.00639208581372554,0.9330997467041006,0.2862787246704094,0.3181818181818182,-0.011961935483870739,0.9737606048583971,0.13380050659179663,0.5,0.5840940475463855,1.0,True,False,False,False,0.8065056544478201,0.26862630442184454,0.8065056544478201,1.0,False
REACTOME_SHC_MEDIATED_CASCADE_FGFR3,18,0.2222222222222222,-0.011600075974509922,0.9962310791015635,0.03088378906250002,0.6111111111111112,0.0043687500000002336,0.24034118652343725,0.4806823730468745,0.5,0.5927352905273445,1.0,False,False,False,False,0.3492756575989211,0.669887136905751,0.669887136905751,1.0,False
REACTOME_SHC_MEDIATED_CASCADE_FGFR4,20,0.35,-0.00686689560392178,0.9423408508300802,0.2631759643554693,0.55,0.001963064516129276,0.41190147399902427,0.8238029479980485,0.5,0.5880985260009778,1.0,False,False,False,False,0.7797052886849448,0.9479300469241811,0.9479300469241811,1.0,False
REACTOME_SIGNALING_BY_FGFR,88,0.4431818181818182,-0.005798806045098947,0.8796034377305358,0.3373990368531313,0.6931818181818182,0.04786927419354861,0.0001870110074724674,0.0003740220149449348,0.5,0.5424067475785844,1.0,False,False,True,False,0.8498864024877469,0.0028821696445756736,0.8498864024877469,1.0,False
REACTOME_SIGNALING_BY_FGFR2,72,0.4583333333333333,-0.0010252935745099076,0.7952103020364649,0.5559977177609717,0.7361111111111112,0.049341491935484275,3.7779057422157326e-05,7.555811484431465e-05,0.5,0.5468528376484605,1.0,False,False,True,False,0.9953566269441163,0.0007712815359432638,0.9953566269441163,1.0,False
REACTOME_SIGNALING_BY_HEDGEHOG,138,0.47101449275362317,-0.00503302788039231,0.7781424982366334,0.5514132796665244,0.6811594202898551,0.06325580645161324,1.251815448916998e-05,2.503630897833996e-05,0.5,0.53389875624749,1.0,False,False,True,False,0.9919146069216969,0.00030274675164577243,0.9919146069216969,1.0,False
REACTOME_SIGNALING_BY_NOTCH1_HD_DOMAIN_MUTANTS_IN_CANCER,14,0.6428571428571429,0.010737420429411178,0.21197509765625067,0.42395019531250133,0.7142857142857143,0.03409951612903278,0.08978271484375025,0.1795654296875005,0.5,0.6047363281250012,1.0,True,False,False,False,0.9063695397066046,0.3340554502588767,0.9063695397066046,1.0,False
REACTOME_SIGNALING_BY_PDGFR_IN_DISEASE,20,0.45,-0.005556443550980522,0.7482776641845718,0.8238029479980488,0.75,0.03617129032258106,0.02069473266601564,0.04138946533203128,0.5,0.5880985260009778,1.0,False,False,True,False,1.0,0.11276832907347178,1.0,1.0,False
REACTOME_SIGNALING_BY_WNT_IN_CANCER,32,0.28125,-0.022314745517647217,0.9964998166542424,0.020061607006937095,0.53125,0.018733427419354985,0.4300250329542872,0.8600500659085744,0.5,0.5699749670457054,1.0,False,False,False,False,0.2920078353231955,0.9698699451996262,0.9698699451996262,1.0,False
REACTOME_SIGNALLING_TO_RAS,20,0.15,-0.029598312943137632,0.9997987747192404,0.0025768280029296836,0.65,0.026144435483871215,0.13158798217773446,0.2631759643554689,0.5,0.5880985260009778,1.0,False,False,False,False,0.08618667277883962,0.4360513984537425,0.4360513984537425,1.0,False
REACTOME_SIGNAL_REGULATORY_PROTEIN_FAMILY_INTERACTIONS,14,0.5,-0.002131408301960829,0.6047363281250012,1.0,0.8571428571428571,0.07018383064516151,0.006469726562500025,0.01293945312500005,0.5,0.6047363281250012,1.0,False,False,True,False,1.0,0.047525281103972146,1.0,1.0,False
REACTOME_SYNDECAN_INTERACTIONS,26,0.5,-0.004596221188236038,0.577490508556371,1.0,0.7692307692307693,0.07882677419354855,0.00467765331268313,0.00935530662536626,0.5,0.577490508556371,1.0,False,False,True,False,1.0,0.037137732361302425,1.0,1.0,False
REACTOME_SYNTHESIS_OF_LEUKOTRIENES_LT_AND_EOXINS_EX,18,0.5,-0.0056963212019609825,0.5927352905273445,1.0,0.3333333333333333,-0.006948427419354325,0.9518737792968758,0.23788452148437514,0.5,0.5927352905273445,1.0,True,False,False,False,1.0,0.40340287785699863,1.0,1.0,False
REACTOME_SYNTHESIS_OF_PE,12,0.5,-0.010333974113725431,0.6127929687499988,1.0,0.5,-0.004408266129031982,0.6127929687499988,1.0,0.5,0.6127929687499988,1.0,True,False,False,False,1.0,1.0,1.0,1.0,False
REACTOME_SYNTHESIS_OF_PIPS_AT_THE_GOLGI_MEMBRANE,16,0.5,0.0010086583764704693,0.5981903076171879,1.0,0.75,0.065756411290323,0.03840637207031257,0.07681274414062514,0.5,0.5981903076171879,1.0,True,False,True,False,1.0,0.17783451220775068,1.0,1.0,False
REACTOME_SYNTHESIS_SECRETION_AND_DEACYLATION_OF_GHRELIN,18,0.5555555555555556,0.0022754857098038015,0.40726470947265625,0.8145294189453125,0.3888888888888889,-0.007556975806451947,0.8810577392578133,0.4806823730468747,0.5,0.5927352905273445,1.0,False,False,False,False,1.0,0.669887136905751,1.0,1.0,False
REACTOME_SYNTHESIS_SECRETION_AND_INACTIVATION_OF_GLUCOSE_DEPENDENT_INSULINOTROPIC_POLYPEPTIDE_GIP,12,0.5833333333333334,0.009411796000000033,0.38720703124999967,0.7744140624999993,0.5833333333333334,0.005080403225806654,0.38720703124999967,0.7744140624999993,0.5,0.6127929687499988,1.0,True,False,False,False,1.0,0.9153224859022547,1.0,1.0,False
REACTOME_S_PHASE,150,0.52,0.004944048354901291,0.34161588005208227,0.6832317601041645,0.7,0.060438427419354956,5.294273763817588e-07,1.0588547527635175e-06,0.5,0.5325192572428892,1.0,True,False,True,False,1.0,1.891499626527556e-05,1.0,1.0,False
REACTOME_TBC_RABGAPS,42,0.5952380952380952,0.015358276441175779,0.13997811926446915,0.2799562385289383,0.7142857142857143,0.04488995967741978,0.0039579486674483485,0.007915897334896697,0.5,0.5611928356238438,1.0,True,False,True,False,0.7989100572765933,0.03232153405313665,0.7989100572765933,1.0,False
REACTOME_TICAM1_TRAF6_DEPENDENT_INDUCTION_OF_TAK1_COMPLEX,10,0.5,-0.0006476812960796042,0.6230468749999987,1.0,0.6,0.04258512096774236,0.3769531249999994,0.7539062499999988,0.5,0.6230468749999987,1.0,False,False,False,False,1.0,0.905378628724216,1.0,1.0,False
REACTOME_TRANSCRIPTION_OF_THE_HIV_GENOME,66,0.5606060606060606,0.011166755315686148,0.19452623027389873,0.38905246054779746,0.5454545454545454,0.020083427419354836,0.2692913876229755,0.538582775245951,0.5,0.5489207499516557,1.0,True,False,False,False,0.8812542766298813,0.7349410787210373,0.8812542766298813,1.0,False
REACTOME_TRANS_GOLGI_NETWORK_VESICLE_BUDDING,70,0.5428571428571428,0.02228293063333308,0.27520625591123116,0.5504125118224623,0.7285714285714285,0.07983116935483897,8.302091030150906e-05,0.00016604182060301812,0.5,0.5475127367702582,1.0,True,False,True,False,0.9919146069216969,0.0014915299542168255,0.9919146069216969,1.0,False
REACTOME_UNWINDING_OF_DNA,12,0.25,-0.05544949983333362,0.9807128906249984,0.14599609375000017,0.5833333333333334,0.025630846774193847,0.38720703124999967,0.7744140624999993,0.5,0.6127929687499988,1.0,False,False,False,False,0.6520052823153416,0.9153224859022547,0.9153224859022547,1.0,False
REACTOME_UREA_CYCLE,10,0.2,-0.0749621590450982,0.9892578124999983,0.109375,0.5,-0.004472903225806084,0.6230468749999987,1.0,0.5,0.6230468749999987,1.0,True,False,False,False,0.5792960122688614,1.0,1.0,1.0,False
REACTOME_VEGFR2_MEDIATED_CELL_PROLIFERATION,18,0.3888888888888889,-0.03463578987451006,0.8810577392578133,0.4806823730468747,0.6666666666666666,0.05093528225806477,0.11894226074218746,0.23788452148437492,0.5,0.5927352905273445,1.0,False,False,False,False,0.9528785503526949,0.40340287785699863,0.9528785503526949,1.0,False
REACTOME_WNT_LIGAND_BIOGENESIS_AND_TRAFFICKING,24,0.2916666666666667,-0.011057050219607891,0.9886720776557933,0.06391465663909907,0.375,-0.0060656854838709185,0.9242051839828502,0.30745625495910656,0.5,0.5805901288986216,1.0,True,False,False,False,0.4654093608597304,0.4867283311135109,0.4867283311135109,1.0,False
REACTOME_VIRAL_INFECTION_PATHWAYS,688,0.5116279069767442,0.0015080063176464557,0.2837209884907098,0.5674419769814196,0.7020348837209303,0.055249919354839,4.523861252233305e-27,9.04772250446661e-27,0.498546511627907,0.5455238792484182,0.9695919877237449,True,False,True,False,1.0,7.111509888510755e-24,1.0,1.0,False
REACTOME_SIGNALING_BY_RHO_GTPASES_MIRO_GTPASES_AND_RHOBTB3,638,0.46865203761755486,-0.005142233247058925,0.9477643033785852,0.12251472252038245,0.6347962382445141,0.027531451612903383,4.85744053693006e-12,9.71488107386012e-12,0.49843260188087773,0.5472655895415209,0.9684238232703474,False,False,True,False,0.6133539611529976,8.484329471171172e-10,0.6133539611529976,1.0,False
REACTOME_RHO_GTPASE_EFFECTORS,257,0.47470817120622566,-0.003450845670588766,0.80873038925991,0.4542000187372942,0.6342412451361867,0.025426854838709746,9.96349967358113e-06,1.992699934716226e-05,0.4980544747081712,0.5496260126107686,0.9999999999999217,False,False,True,False,0.9327301742513864,0.0002526229272075732,0.9327301742513864,1.0,False
REACTOME_INFECTIOUS_DISEASE,862,0.511600928074246,0.0017691379901955237,0.2587816386029718,0.5175632772059436,0.6728538283062645,0.04735471774193557,8.111858519235406e-25,1.6223717038470813e-24,0.4976798143851508,0.5676068635815644,0.9186212522572244,True,False,True,False,0.9919146069216969,6.375920796119029e-22,0.9919146069216969,1.0,False
HALLMARK_ESTROGEN_RESPONSE_LATE,195,0.39487179487179486,-0.016216603156862693,0.998728588137254,0.0040606331324243156,0.6,0.01887895161290319,0.003178403168736444,0.006356806337472888,0.49743589743589745,0.5569191074348562,1.0,False,False,True,False,0.11445606606347215,0.027303004269145843,0.11445606606347215,1.0,False
REACTOME_NEUROTRANSMITTER_RECEPTORS_AND_POSTSYNAPTIC_SIGNAL_TRANSMISSION,193,0.46632124352331605,-0.004275299525490359,0.8432117659579221,0.38776287826419775,0.5751295336787565,0.01671677419354855,0.02178703924277747,0.04357407848555494,0.49740932642487046,0.5572110002934251,0.9999999999999737,False,False,True,False,0.8808717407967036,0.11609907013439383,0.8808717407967036,1.0,False
REACTOME_APOPTOSIS,165,0.49696969696969695,-0.0009481058901960882,0.5618346580519692,0.9999999999999653,0.6484848484848484,0.04475951612903285,8.426656430566804e-05,0.00016853312861133608,0.49696969696969695,0.5618346580519692,0.9999999999999653,False,False,True,False,1.0,0.0015053072623694335,1.0,1.0,False
HALLMARK_APOPTOSIS,153,0.5686274509803921,0.011097444313725247,0.052795938565005016,0.10559187713001003,0.6797385620915033,0.0694487903225808,5.153139500479127e-06,1.0306279000958254e-05,0.49673202614379086,0.5641910799796059,1.0,True,False,True,False,0.5792960122688614,0.0001433758459248352,0.5792960122688614,1.0,False
REACTOME_SENSORY_PERCEPTION,280,0.375,-0.012794521625490206,0.9999900070996874,3.418612407196829e-05,0.5071428571428571,0.0010467741935485388,0.4288776216329665,0.857755243265933,0.49642857142857144,0.5711223783669555,0.9523598320676355,False,False,False,False,0.005374058704113415,0.9686718695503209,0.9686718695503209,1.0,False
REACTOME_HIV_LIFE_CYCLE,139,0.5179856115107914,0.0008545972980375481,0.36726965863652195,0.7345393172730439,0.6187050359712231,0.03413112903225829,0.003217405269798239,0.006434810539596478,0.49640287769784175,0.567313244548666,1.0,True,False,True,False,1.0,0.027487831978928432,1.0,1.0,False
REACTOME_SIGNALING_BY_NTRKS,133,0.40601503759398494,-0.012301710258823779,0.9880994503326403,0.037028510064153156,0.6240601503759399,0.029786532258064925,0.0026628701418909824,0.005325740283781965,0.49624060150375937,0.5687982543664531,1.0,False,False,True,False,0.37592876395753555,0.023784271949162637,0.37592876395753555,1.0,False
REACTOME_NEURONAL_SYSTEM,393,0.4351145038167939,-0.007153692149019926,0.9956846176864673,0.011568197919026265,0.5623409669211196,0.011156129032258337,0.007679768118880537,0.015359536237761075,0.4961832061068702,0.5799369207643691,0.9196573080642197,False,False,True,False,0.2117456896551729,0.054016087171723515,0.2117456896551729,1.0,False
REACTOME_NERVOUS_SYSTEM_DEVELOPMENT,502,0.4581673306772908,-0.005425968962745199,0.9725736031792771,0.06715517647001301,0.6274900398406374,0.04760040322580662,6.051162439541003e-09,1.2102324879082006e-08,0.4960159362549801,0.5882811285464513,0.8935016875644513,False,False,True,False,0.4699300445208763,5.00654071313603e-07,0.4699300445208763,1.0,False
REACTOME_KERATINIZATION,113,0.46017699115044247,-0.007072223956862998,0.8265534474523523,0.45185326866574904,0.5221238938053098,0.0015199193548388493,0.353441130745986,0.706882261491972,0.49557522123893805,0.5745650387432848,1.0,False,False,False,False,0.9327301742513864,0.8777174649052709,0.9327301742513864,1.0,False
KEGG_OLFACTORY_TRANSDUCTION,103,0.44660194174757284,-0.006339692403921672,0.8815490611098225,0.3244787802880513,0.4854368932038835,-0.00266572580645126,0.6531570174877354,0.8438976552528288,0.49514563106796117,0.5780511723735504,0.9999999999999655,True,False,False,False,0.8498864024877469,0.9584197987725811,0.9584197987725811,1.0,False
REACTOME_ESTROGEN_DEPENDENT_GENE_EXPRESSION,103,0.47572815533980584,-0.0042431371960784375,0.7226994666675391,0.6936859650244591,0.6116504854368932,0.0287983064516123,0.014841107315812814,0.02968221463162563,0.49514563106796117,0.5780511723735504,0.9999999999999655,False,False,True,False,1.0,0.08787277099984084,1.0,1.0,False
REACTOME_HCMV_INFECTION,101,0.46534653465346537,-0.002542565992157044,0.7869199922665067,0.5507089135982725,0.693069306930693,0.05025790322580671,6.541115533457326e-05,0.00013082231066914652,0.49504950495049505,0.5788089507461301,1.0,False,False,True,False,0.9919146069216969,0.0012218807033551528,0.9919146069216969,1.0,False
HALLMARK_IL2_STAT5_SIGNALING,196,0.4642857142857143,-0.005219337956863383,0.8580261195017691,0.3531408551066446,0.5816326530612245,0.024331491935484346,0.013277771595192094,0.02655554319038419,0.49489795918367346,0.5848037206730343,0.9430808925651598,False,False,True,False,0.8612526119094086,0.08104847752770705,0.8612526119094086,1.0,False
REACTOME_ANTIGEN_PROCESSING_CROSS_PRESENTATION,93,0.6021505376344086,0.015958374490196516,0.030692949352229548,0.061385898704459096,0.6774193548387096,0.11439314516129066,0.00040500438693117914,0.0008100087738623583,0.4946236559139785,0.5820769326842604,1.0,True,True,True,False,0.4654093608597304,0.005305557468798447,0.4654093608597304,1.0,False
REACTOME_METABOLISM_OF_NUCLEOTIDES,91,0.3956043956043956,-0.020484245243137182,0.982275202560333,0.058573528410193955,0.5494505494505495,0.012606290322580944,0.20090639803496055,0.4018127960699211,0.4945054945054945,0.5829594803475824,1.0,False,False,False,False,0.4603879333041245,0.5908790602637194,0.5908790602637194,1.0,False
REACTOME_VISUAL_PHOTOTRANSDUCTION,91,0.2857142857142857,-0.022192480564706032,0.99998985835549,5.311762926784624e-05,0.5494505494505495,0.004331774193548136,0.20090639803496055,0.4018127960699211,0.4945054945054945,0.5829594803475824,1.0,False,False,False,False,0.006491507717470498,0.5908790602637194,0.5908790602637194,1.0,False
REACTOME_RSV_HOST_INTERACTIONS,89,0.5056179775280899,0.0026430323294113142,0.4999999999999964,0.9999999999999928,0.6741573033707865,0.038993467741935975,0.0006676311828109537,0.0013352623656219074,0.4943820224719101,0.5838711229887068,0.9999999999999934,True,False,True,False,1.0,0.00795088044983954,1.0,1.0,False
REACTOME_TRANSCRIPTIONAL_REGULATION_BY_RUNX3,89,0.43820224719101125,-0.009474495407843004,0.8984415906317452,0.289096080696058,0.7640449438202247,0.10198750000000047,2.993335414020532e-07,5.986670828041064e-07,0.4943820224719101,0.5838711229887068,0.9999999999999934,False,False,True,False,0.8129857582364994,1.1923522834410327e-05,0.8129857582364994,1.0,False
REACTOME_CYCLIN_A_CDK2_ASSOCIATED_EVENTS_AT_S_PHASE_ENTRY,77,0.6103896103896104,0.012495235337254634,0.033774625729514084,0.06754925145902817,0.7532467532467533,0.11522758064516125,4.8875353939870045e-06,9.775070787974009e-06,0.4935064935064935,0.5900535481254872,1.0,True,True,True,False,0.4699300445208763,0.00013843613764590216,0.4699300445208763,1.0,False
REACTOME_TELOMERE_MAINTENANCE,77,0.33766233766233766,-0.018052827741177033,0.9986004730613806,0.005870707889737417,0.6883116883116883,0.04535282258064569,0.000631613435523935,0.00126322687104787,0.4935064935064935,0.5900535481254872,1.0,False,False,True,False,0.1464881397248765,0.007552530382770381,0.1464881397248765,1.0,False
REACTOME_SIGNALING_BY_NOTCH4,75,0.5066666666666667,0.00036763957254862603,0.49999999999998695,0.9999999999999739,0.7466666666666667,0.09227306451612952,1.1214821079484646e-05,2.242964215896929e-05,0.49333333333333335,0.5912230747244925,0.9999999999999741,True,False,True,False,1.0,0.0002754640427648416,1.0,1.0,False
REACTOME_DEVELOPMENTAL_BIOLOGY,1169,0.4422583404619333,-0.007855765427451103,0.999965819620313,8.736887858504174e-05,0.602224123182207,0.023397338709677737,1.4255323790595925e-12,2.851064758119185e-12,0.49272882805816937,0.7007061885410173,0.6398287784629243,False,False,True,False,0.00858399232098035,3.201338428402399e-10,0.00858399232098035,1.0,False
KEGG_COMPLEMENT_AND_COAGULATION_CASCADES,67,0.34328358208955223,-0.017553194905882648,0.9966292763184159,0.013933875024287345,0.5223880597014925,0.00462870967741967,0.40359734568350053,0.8071946913670011,0.4925373134328358,0.596402654316469,0.9999999999999653,False,False,False,False,0.23487115375805115,0.9413279338493514,0.9413279338493514,1.0,False
REACTOME_EUKARYOTIC_TRANSLATION_INITIATION,65,0.5846153846153846,0.013456654549018555,0.10726959700409054,0.21453919400818108,0.8153846153846154,0.48992435483870955,1.393117171232202e-07,2.786234342464404e-07,0.49230769230769234,0.5978414999033105,1.0,True,False,True,False,0.7374603036255373,6.168958290639497e-06,0.7374603036255373,1.0,False
REACTOME_SELENOAMINO_ACID_METABOLISM,65,0.49230769230769234,-0.00014587180392337806,0.5978414999033105,1.0,0.7538461538461538,0.4277852419354843,2.5423835243951002e-05,5.0847670487902005e-05,0.49230769230769234,0.5978414999033105,1.0,False,False,True,False,1.0,0.0005550870694929302,1.0,1.0,False
REACTOME_NUCLEAR_EVENTS_KINASE_AND_TRANSCRIPTION_FACTOR_ACTIVATION,61,0.39344262295081966,-0.017724067043137774,0.9639112807495385,0.12373144253809257,0.639344262295082,0.03272508064516158,0.019808507449249918,0.039617014898499836,0.4918032786885246,0.6009236863471394,1.0,False,False,True,False,0.6174788179996239,0.10887753045531773,0.6174788179996239,1.0,False
REACTOME_HOST_INTERACTIONS_OF_HIV_FACTORS,120,0.525,0.005344266362743508,0.32413002591048035,0.6482600518209607,0.75,0.08152580645161323,1.8863766531774422e-08,3.7727533063548844e-08,0.49166666666666664,0.6078359113338201,0.9273150210898201,True,False,True,False,1.0,1.227317394833444e-06,1.0,1.0,False
REACTOME_REGULATION_OF_PTEN_GENE_TRANSCRIPTION,59,0.4406779661016949,-0.015322630529411994,0.8512023958577791,0.43499280512214944,0.7457627118644068,0.0570217741935487,0.00010186092870392701,0.00020372185740785402,0.4915254237288136,0.6025781730085641,0.9999999999999923,False,False,True,False,0.9215750534393785,0.0017404932600279702,0.9215750534393785,1.0,False
REACTOME_ANTIGEN_PROCESSING_UBIQUITINATION_PROTEASOME_DEGRADATION,287,0.4529616724738676,-0.00782238011764752,0.9508976076331246,0.12470144137132468,0.6341463414634146,0.035061935483871425,3.215423584532615e-06,6.43084716906523e-06,0.4912891986062718,0.6383599152240508,0.8133958458047407,False,False,True,False,0.6198963374265005,9.814846359000526e-05,0.6198963374265005,1.0,False
REACTOME_SIGNALING_BY_NOTCH1_PEST_DOMAIN_MUTANTS_IN_CANCER,57,0.47368421052631576,-0.009637652913725727,0.7016791198134759,0.7913664277791984,0.7017543859649122,0.04388314516129073,0.001600771883725249,0.003201543767450498,0.49122807017543857,0.604316786110426,1.0,False,False,True,False,1.0,0.016447146413177068,1.0,1.0,False
REACTOME_METABOLISM_OF_CARBOHYDRATES,273,0.34798534798534797,-0.024964220325490255,0.9999998503247204,5.736398806192204e-07,0.6959706959706959,0.045104919354838825,4.051045908111874e-11,8.102091816223747e-11,0.4908424908424908,0.641712386442718,0.8087638468605118,False,False,True,False,0.0002920776893011776,6.3682441675518664e-09,0.0002920776893011776,1.0,False
KEGG_HEDGEHOG_SIGNALING_PATHWAY,53,0.2641509433962264,-0.017245918901960967,0.9998657299405873,0.0008023308868949693,0.5094339622641509,0.009985967741935461,0.49999999999999784,0.9999999999999957,0.49056603773584906,0.6080768488952473,0.9999999999999983,False,False,False,False,0.0382201258848149,1.0,1.0,1.0,False
REACTOME_SIGNALING_BY_PTK6,53,0.5283018867924528,0.008548530156861533,0.3919231511047492,0.7838463022094984,0.5471698113207547,0.006747338709677399,0.2915660771305873,0.5831321542611746,0.49056603773584906,0.6080768488952473,0.9999999999999983,True,False,False,False,1.0,0.7664579820222159,1.0,1.0,False
REACTOME_SIGNALING_BY_TYPE_1_INSULIN_LIKE_GROWTH_FACTOR_1_RECEPTOR_IGF1R,53,0.41509433962264153,-0.009004263188235712,0.9155110888561375,0.27167916606550474,0.6226415094339622,0.010608145161290609,0.04918532422024571,0.09837064844049143,0.49056603773584906,0.6080768488952473,0.9999999999999983,False,False,True,False,0.787969832204748,0.21497426052574,0.787969832204748,1.0,False
REACTOME_TRANSMISSION_ACROSS_CHEMICAL_SYNAPSES,257,0.43190661478599224,-0.008792165537254999,0.9877304062627619,0.033730379034652355,0.5680933852140078,0.014892661290323163,0.01686518951732661,0.03373037903465322,0.490272373540856,0.6458590977815923,0.8030229037908888,False,False,True,False,0.36919390272937036,0.09658316182600159,0.36919390272937036,1.0,False
REACTOME_APOPTOTIC_EXECUTION_PHASE,51,0.49019607843137253,-0.006654883725490271,0.6101160347234386,0.9999999999999628,0.6470588235294118,0.01830983870967745,0.024436946159134252,0.048873892318268504,0.49019607843137253,0.6101160347234386,0.9999999999999628,False,False,True,False,1.0,0.12699133673441004,1.0,1.0,False
KEGG_MTOR_SIGNALING_PATHWAY,49,0.3673469387755102,-0.018856222337255084,0.9778079195064364,0.08543313315739572,0.5918367346938775,0.04261645161290352,0.12643486508380314,0.2528697301676063,0.4897959183673469,0.6122751726592233,1.0,False,False,False,False,0.5145627790169581,0.42514568537270275,0.5145627790169581,1.0,False
KEGG_FOCAL_ADHESION,194,0.44329896907216493,-0.006006394931372644,0.9507868058358846,0.13141731350101438,0.6958762886597938,0.042821169354839025,2.4731858150041842e-08,4.9463716300083684e-08,0.4896907216494845,0.6401439530997202,0.8295345705541777,False,False,True,False,0.6327344075109776,1.5246463141908148e-06,0.6327344075109776,1.0,False
REACTOME_NEGATIVE_REGULATION_OF_NOTCH4_SIGNALING,47,0.5319148936170213,0.002847948874509755,0.38543349728650805,0.7708669945730161,0.7872340425531915,0.15708991935483885,4.9244392464231074e-05,9.848878492846215e-05,0.48936170212765956,0.6145665027134789,0.9999999999999912,True,False,True,False,1.0,0.0009616420491151708,1.0,1.0,False
REACTOME_P75_NTR_RECEPTOR_MEDIATED_SIGNALLING,92,0.4673913043478261,-0.004165900141177119,0.7671462771134603,0.6024122776961448,0.5434782608695652,0.00980133064516155,0.2328537228865309,0.4657074457730618,0.4891304347826087,0.6226741251947442,0.9170405196524655,False,False,False,False,1.0,0.6631269064812075,1.0,1.0,False
REACTOME_SLC_TRANSPORTER_DISORDERS,92,0.5,-0.00042708643921590423,0.5414797401737586,1.0,0.4891304347826087,-0.00017379032258053103,0.6226741251947442,0.9170405196524655,0.4891304347826087,0.6226741251947442,0.9170405196524655,True,False,False,False,1.0,1.0,1.0,1.0,False
REACTOME_FORMATION_OF_TC_NER_PRE_INCISION_COMPLEX,45,0.5111111111111111,0.0008545972980375481,0.5000000000000014,1.0,0.7555555555555555,0.07651137096774216,0.0004120411797998716,0.0008240823595997432,0.4888888888888889,0.617004087877606,1.0,True,False,True,False,1.0,0.00537534219622737,1.0,1.0,False
REACTOME_PKMTS_METHYLATE_HISTONE_LYSINES,45,0.4222222222222222,-0.013331539035294408,0.8836534040458484,0.3712980344710111,0.6222222222222222,0.030929435483871025,0.06757822542283569,0.13515645084567138,0.4888888888888889,0.617004087877606,1.0,False,False,False,False,0.8790369129343818,0.2710024754201472,0.8790369129343818,1.0,False
REACTOME_RHO_GTPASES_ACTIVATE_PKNS,45,0.4,-0.006937696898039553,0.9324217745771685,0.2326931919083112,0.6,0.027825564516129102,0.11634659595415571,0.23269319190831142,0.4888888888888889,0.617004087877606,1.0,False,False,False,False,0.7434831253655797,0.39846808026129144,0.7434831253655797,1.0,False
REACTOME_UNFOLDED_PROTEIN_RESPONSE_UPR,90,0.5444444444444444,0.02431948739803819,0.23039623635949502,0.46079247271899004,0.7,0.08858979838709688,9.38778980896518e-05,0.0001877557961793036,0.4888888888888889,0.623983399200724,0.9161288770113228,True,False,True,False,0.9395146136371626,0.001625386150932417,0.9395146136371626,1.0,False
REACTOME_DISEASES_OF_SIGNAL_TRANSDUCTION_BY_GROWTH_FACTOR_RECEPTORS_AND_SECOND_MESSENGERS,444,0.47297297297297297,-0.0048182744980399045,0.8822949982216461,0.2750219887486399,0.6328828828828829,0.03825431451612913,1.1720632088552826e-08,2.3441264177105652e-08,0.48873873873873874,0.6991527534562122,0.6693390534707868,False,False,True,False,0.7947326586633492,8.207786764780821e-07,0.7947326586633492,1.0,False
KEGG_VALINE_LEUCINE_AND_ISOLEUCINE_DEGRADATION,43,0.27906976744186046,-0.04774306914902002,0.9990430194993697,0.005401572654591334,0.6046511627906976,0.010664596774193562,0.11102641007801167,0.22205282015602334,0.4883720930232558,0.619604178719329,1.0,False,False,False,False,0.13920118381996027,0.39001903160365214,0.39001903160365214,1.0,False
REACTOME_SIGNALING_BY_FGFR2_IN_DISEASE,43,0.5116279069767442,0.002604716345096699,0.5000000000000009,1.0,0.6976744186046512,0.0325798387096779,0.006859092529339275,0.01371818505867855,0.4883720930232558,0.619604178719329,1.0,True,False,True,False,1.0,0.050034772418196476,1.0,1.0,False
KEGG_ALDOSTERONE_REGULATED_SODIUM_REABSORPTION,41,0.4634146341463415,-0.006204354105882645,0.7336453723819385,0.7552286575046243,0.5365853658536586,0.0026982258064517078,0.3776143287523125,0.755228657504625,0.4878048780487805,0.6223856712476797,0.999999999999991,False,False,False,False,1.0,0.9055831041931889,1.0,1.0,False
KEGG_GLUTATHIONE_METABOLISM,41,0.5609756097560976,0.0015932530901957669,0.26635462761805384,0.5327092552361077,0.6341463414634146,0.05215782258064573,0.05863760297870539,0.11727520595741078,0.4878048780487805,0.6223856712476797,0.999999999999991,True,False,False,False,0.9919146069216969,0.24289410245724607,0.9919146069216969,1.0,False
REACTOME_AMINE_LIGAND_BINDING_RECEPTORS,41,0.36585365853658536,-0.0035291412705882133,0.9702080559909445,0.11727520595741031,0.3902439024390244,-0.00994435483870953,0.941362397021287,0.211023597608798,0.4878048780487805,0.6223856712476797,0.999999999999991,True,False,False,False,0.6064362623850297,0.37231099376097776,0.6064362623850297,1.0,False
REACTOME_HOMOLOGOUS_DNA_PAIRING_AND_STRAND_EXCHANGE,41,0.34146341463414637,-0.026344946027451195,0.9862334220851985,0.05958388801809561,0.6097560975609756,0.014599677419355164,0.10551179880439923,0.21102359760879846,0.4878048780487805,0.6223856712476797,0.999999999999991,False,False,False,False,0.46140823627806055,0.37231099376097776,0.46140823627806055,1.0,False
REACTOME_NGF_STIMULATED_TRANSCRIPTION,39,0.48717948717948717,-0.00555903171372555,0.6253706876195811,1.0,0.7435897435897436,0.04609919354838715,0.0016889239559532262,0.0033778479119064525,0.48717948717948717,0.6253706876195811,1.0,False,False,True,False,1.0,0.01696478248407969,1.0,1.0,False
HALLMARK_ALLOGRAFT_REJECTION,193,0.5492227979274611,0.005623354976470481,0.09747986766180855,0.1949597353236171,0.5544041450777202,0.007343951612903757,0.07489169777802841,0.14978339555605683,0.48704663212435234,0.6670334770471912,0.7734911416953293,True,False,False,False,0.7228224149262408,0.292133371977818,0.7228224149262408,1.0,False
REACTOME_NEUTROPHIL_DEGRANULATION,448,0.48214285714285715,-0.002517739758824214,0.7890476011149685,0.4785619715073335,0.6607142857142857,0.04632709677419375,4.733004976614155e-12,9.46600995322831e-12,0.48660714285714285,0.7304322301287517,0.6033212932394463,False,False,True,False,0.9528785503526949,8.484329471171172e-10,0.9528785503526949,1.0,False
REACTOME_DEPOSITION_OF_NEW_CENPA_CONTAINING_NUCLEOSOMES_AT_THE_CENTROMERE,37,0.4864864864864865,-0.0012449872274514356,0.6285853206354668,1.0,0.5675675675675675,0.0074704032258067175,0.25568789079261534,0.5113757815852307,0.4864864864864865,0.6285853206354668,1.0,False,False,False,False,1.0,0.703309473886249,1.0,1.0,False
KEGG_CHRONIC_MYELOID_LEUKEMIA,72,0.5555555555555556,0.0068640737333330905,0.2047896979635383,0.4095793959270766,0.7083333333333334,0.04373068548387133,0.0002674821008249518,0.0005349642016499036,0.4861111111111111,0.6380259271265438,0.9062943247030814,True,False,True,False,0.9030277845685336,0.0037409093799612558,0.9030277845685336,1.0,False
REACTOME_HIV_INFECTION,214,0.5280373831775701,0.0040157856960781,0.22608107162280455,0.4521621432456091,0.677570093457944,0.06461504032258095,1.1108194993206002e-07,2.2216389986412004e-07,0.48598130841121495,0.6838048543417756,0.7325958519969584,True,False,True,False,0.9327301742513864,5.212561949050696e-06,0.9327301742513864,1.0,False
HALLMARK_CHOLESTEROL_HOMEOSTASIS,70,0.38571428571428573,-0.03668954227058862,0.9793042856630255,0.07223792719176082,0.6714285714285714,0.033482540322580905,0.002791333675511638,0.005582667351023276,0.4857142857142857,0.6398986138235564,0.9049745264594485,False,False,True,False,0.48388009598107273,0.024582501612909213,0.48388009598107273,1.0,False
KEGG_SPHINGOLIPID_METABOLISM,35,0.4857142857142857,-0.0027113976078434517,0.6320605995715601,0.9999999999999994,0.6,0.011029032258064788,0.15525232953950785,0.3105046590790157,0.4857142857142857,0.6320605995715601,0.9999999999999994,False,False,False,False,1.0,0.4910596821652039,1.0,1.0,False
KEGG_PANCREATIC_CANCER,68,0.5441176470588235,0.0037033167509801187,0.27230611170963853,0.5446122234192771,0.6764705882352942,0.049968185483871524,0.002451691258178035,0.00490338251635607,0.4852941176470588,0.6418496199228524,0.9035973456835394,True,False,True,False,0.9919146069216969,0.022277795710149546,0.9919146069216969,1.0,False
REACTOME_SIGNALING_BY_NUCLEAR_RECEPTORS,235,0.48936170212765956,-0.001574537537254981,0.6522042891374841,0.7942124764454721,0.5617021276595745,0.012001854838710148,0.033772023735834544,0.06754404747166909,0.4851063829787234,0.6990696663806564,0.6955914217250414,False,False,True,False,1.0,0.15920153417330177,1.0,1.0,False
KEGG_GRAFT_VERSUS_HOST_DISEASE,33,0.45454545454545453,-0.0082887007490197,0.7565748791676008,0.7283324808813625,0.48484848484848486,-0.005750564516128744,0.6358337595593176,0.9999999999999988,0.48484848484848486,0.6358337595593176,0.9999999999999988,True,False,False,False,1.0,1.0,1.0,1.0,False
REACTOME_ANTIGEN_ACTIVATES_B_CELL_RECEPTOR_BCR_LEADING_TO_GENERATION_OF_SECOND_MESSENGERS,33,0.3939393939393939,-0.020012217560784414,0.918622171273454,0.29620636859908744,0.6666666666666666,0.02829790322580685,0.04007165622897445,0.0801433124579489,0.48484848484848486,0.6358337595593176,0.9999999999999988,False,False,True,False,0.8219748857070005,0.18418901635072465,0.8219748857070005,1.0,False
REACTOME_DAP12_INTERACTIONS,33,0.42424242424242425,-0.0021262446274522627,0.8518968157004551,0.4868502416647962,0.696969696969697,0.0425560483870972,0.017541016684845055,0.03508203336969011,0.48484848484848486,0.6358337595593176,0.9999999999999988,False,False,True,False,0.9602617062698373,0.09851270053475951,0.9602617062698373,1.0,False
REACTOME_DIFFERENTIATION_OF_KERATINOCYTES_IN_INTERFOLLICULAR_EPIDERMIS_IN_MAMMALIAN_SKIN,33,0.6060606060606061,0.011716838270588217,0.14810318429954358,0.29620636859908717,0.45454545454545453,-0.0028233064516128437,0.7565748791676008,0.7283324808813625,0.48484848484848486,0.6358337595593176,0.9999999999999988,False,False,False,False,0.8219748857070005,0.8910028482066167,0.8910028482066167,1.0,False
REACTOME_FGFR2_MUTANT_RECEPTOR_ACTIVATION,33,0.5151515151515151,0.002604716345096699,0.4999999999999995,0.999999999999999,0.6666666666666666,0.0325798387096779,0.04007165622897445,0.0801433124579489,0.48484848484848486,0.6358337595593176,0.9999999999999988,True,False,True,False,1.0,0.18418901635072465,1.0,1.0,False
REACTOME_MITF_M_REGULATED_MELANOCYTE_DEVELOPMENT,132,0.5,0.0002600481176465427,0.5346577672372755,1.0,0.6060606060606061,0.032834395161290456,0.009215285835191577,0.018430571670383155,0.48484848484848486,0.6682073198309003,0.7941225170089052,True,False,True,False,1.0,0.06244150574534983,1.0,1.0,False
REACTOME_NONSENSE_MEDIATED_DECAY_NMD,66,0.6212121212121212,0.019535266176468585,0.032008752068613165,0.06401750413722633,0.803030303030303,0.3875132661290326,3.618587618708582e-07,7.237175237417164e-07,0.48484848484848486,0.6438845586813298,0.902158500096703,True,True,True,False,0.4654093608597304,1.370703550990335e-05,0.4654093608597304,1.0,False
KEGG_GLIOMA,64,0.515625,0.0029832089666664958,0.4503266231260311,0.9006532462520622,0.71875,0.04646028225806488,0.0003086891320335734,0.0006173782640671468,0.484375,0.6460096229326406,0.9006532462520597,True,False,True,False,1.0,0.004256660662778749,1.0,1.0,False
KEGG_MELANOGENESIS,95,0.4,-0.004519221486274583,0.9801958811646814,0.06421280662712713,0.49473684210526314,-0.000600080645161264,0.5812219646354371,0.9999999999999541,0.4842105263157895,0.6591287470408755,0.837556070729033,True,False,False,False,0.4654093608597304,1.0,1.0,1.0,False
KEGG_CYSTEINE_AND_METHIONINE_METABOLISM,31,0.5161290322580645,0.00427699300392131,0.4999999999999987,0.9999999999999974,0.5806451612903226,0.022061209677419473,0.23656482994556394,0.4731296598911279,0.4838709677419355,0.6399499340914175,0.9999999999999968,True,False,False,False,1.0,0.669450787892757,1.0,1.0,False
REACTOME_PRE_NOTCH_EXPRESSION_AND_PROCESSING,62,0.3709677419354839,-0.011111295598039462,0.984992067825454,0.05589722669971101,0.6612903225806451,0.029863870967741662,0.007567040498723479,0.015134080997446958,0.4838709677419355,0.6482316643223563,0.8990763136528461,False,False,True,False,0.45294041428837994,0.053462416467385664,0.45294041428837994,1.0,False
REACTOME_REGULATION_OF_PYRUVATE_METABOLISM,31,0.5161290322580645,0.0053615430588218205,0.4999999999999987,0.9999999999999974,0.45161290322580644,-0.006430725806451008,0.7634351700544333,0.720100131817159,0.4838709677419355,0.6399499340914175,0.9999999999999968,False,False,False,False,1.0,0.8850644309746484,1.0,1.0,False
REACTOME_SIGNALING_BY_INTERLEUKINS,426,0.49295774647887325,-0.0009028646823533116,0.6327298515955736,0.8086205273845668,0.596244131455399,0.016144919354838798,4.1483222787504505e-05,8.296644557500901e-05,0.4835680751173709,0.766290470494903,0.5288402966966246,False,False,True,False,1.0,0.0008307213531459502,1.0,1.0,False
REACTOME_RRNA_PROCESSING,151,0.4900662251655629,-0.00014587180392337806,0.6275430608745246,0.8707787409560993,0.7152317880794702,0.10034056451612947,6.158921755443867e-08,1.2317843510887733e-07,0.48344370860927155,0.6872481880551528,0.7449138782509861,False,False,True,False,1.0,3.2988238603781094e-06,1.0,1.0,False
KEGG_ETHER_LIPID_METABOLISM,29,0.4482758620689655,-0.013366554517647091,0.7708708401769345,0.7110711038112594,0.6206896551724138,0.004907661290322782,0.13246544823050396,0.2649308964610079,0.4827586206896552,0.6444644480943627,0.9999999999999919,False,False,False,False,1.0,0.4360513984537425,1.0,1.0,False
REACTOME_ENDOSOMAL_SORTING_COMPLEX_REQUIRED_FOR_TRANSPORT_ESCRT,29,0.3793103448275862,-0.009493266243137238,0.9319770261645247,0.2649308964610078,0.6206896551724138,0.057724677419355004,0.13246544823050396,0.2649308964610079,0.4827586206896552,0.6444644480943627,0.9999999999999919,False,False,False,False,0.7797052886849448,0.4360513984537425,0.7797052886849448,1.0,False
REACTOME_GENERATION_OF_SECOND_MESSENGER_MOLECULES,29,0.5172413793103449,0.005623354976470481,0.4999999999999964,0.9999999999999928,0.5517241379310345,0.047514193548387235,0.35553555190562963,0.7110711038112593,0.4827586206896552,0.6444644480943627,0.9999999999999919,True,False,False,False,1.0,0.8801604529065351,1.0,1.0,False
REACTOME_GLUTATHIONE_CONJUGATION,29,0.3448275862068966,-0.023962631050980683,0.9692858271300718,0.1360459476709354,0.6551724137931034,0.05215782258064573,0.06802297383546782,0.13604594767093564,0.4827586206896552,0.6444644480943627,0.9999999999999919,False,False,False,False,0.6327344075109776,0.27174616231094134,0.6327344075109776,1.0,False
REACTOME_METABOLIC_DISORDERS_OF_BIOLOGICAL_OXIDATION_ENZYMES,29,0.3448275862068966,-0.022210436376470848,0.9692858271300718,0.1360459476709354,0.7241379310344828,0.032646370967741964,0.01205977238714687,0.02411954477429374,0.4827586206896552,0.6444644480943627,0.9999999999999919,False,False,True,False,0.6327344075109776,0.07478486072029539,0.6327344075109776,1.0,False
REACTOME_REGULATION_OF_LIPID_METABOLISM_BY_PPARALPHA,114,0.35964912280701755,-0.02115495960196128,0.9990666408863978,0.0035046837846089284,0.631578947368421,0.014002419354839077,0.0031758119599510737,0.006351623919902147,0.4824561403508772,0.6801153156785618,0.7788760920027468,False,False,True,False,0.10202523906305991,0.027303004269145843,0.10202523906305991,1.0,False
KEGG_ACUTE_MYELOID_LEUKEMIA,56,0.44642857142857145,-0.009247515496078999,0.825159023508172,0.5044037600228359,0.7142857142857143,0.04271306451612931,0.0009207773942463014,0.0018415547884926028,0.48214285714285715,0.6555601196383427,0.8938530948350373,False,False,True,False,0.9781178385290734,0.010302221094342959,0.9781178385290734,1.0,False
HALLMARK_TGF_BETA_SIGNALING,54,0.5185185185185185,0.0032088223274500077,0.44596157555235877,0.8919231511047175,0.6666666666666666,0.09879915322580676,0.009917163364033775,0.01983432672806755,0.48148148148148145,0.6582553858823067,0.8919231511047201,True,False,True,False,1.0,0.06536595726734212,1.0,1.0,False
KEGG_CYTOKINE_CYTOKINE_RECEPTOR_INTERACTION,243,0.49794238683127573,-0.00020921298431387635,0.551027016430421,0.9999999999999488,0.51440329218107,0.0009554032258069509,0.3501976339044296,0.7003952678088592,0.48148148148148145,0.7393586831252392,0.607902678089642,False,False,False,False,1.0,0.8712583686994544,1.0,1.0,False
KEGG_O_GLYCAN_BIOSYNTHESIS,27,0.48148148148148145,-0.0007628310156870821,0.6494459807872827,1.0,0.48148148148148145,-0.000842903225806501,0.6494459807872827,1.0,0.48148148148148145,0.6494459807872827,1.0,True,False,False,False,1.0,1.0,1.0,1.0,False
REACTOME_COMPLEMENT_CASCADE,54,0.37037037037037035,-0.012604392874510003,0.979888217952106,0.07590472948909864,0.5185185185185185,0.005570080645161603,0.44596157555235877,0.8919231511047175,0.48148148148148145,0.6582553858823067,0.8919231511047201,False,False,False,False,0.4926892089843763,0.9993607936825487,0.9993607936825487,1.0,False
REACTOME_INSULIN_RECEPTOR_SIGNALLING_CASCADE,54,0.4074074074074074,-0.009566496647059077,0.9331628823179133,0.22032849417660516,0.6296296296296297,0.016866653225806844,0.037952364744549216,0.07590472948909843,0.48148148148148145,0.6582553858823067,0.8919231511047201,False,False,True,False,0.7378528981121056,0.1762514545891621,0.7378528981121056,1.0,False
REACTOME_RNA_POLYMERASE_III_TRANSCRIPTION_INITIATION_FROM_TYPE_1_PROMOTER,27,0.3333333333333333,-0.020008088137255645,0.9738805070519523,0.12207812070846646,0.6296296296296297,0.054930403225806376,0.12389428168535326,0.2477885633707065,0.48148148148148145,0.6494459807872827,1.0,False,False,False,False,0.6131207851556207,0.41749584310691384,0.6131207851556207,1.0,False
REACTOME_TOLL_LIKE_RECEPTOR_CASCADES,162,0.4506172839506173,-0.009177363100000321,0.9092550630356451,0.2385004996757849,0.5864197530864198,0.01469725806451643,0.016786126060083013,0.03357225212016603,0.48148148148148145,0.7087621349433635,0.6945673674329867,False,False,True,False,0.7513482675156992,0.09630580352719159,0.7513482675156992,1.0,False
REACTOME_SIGNALING_BY_ROBO_RECEPTORS,160,0.5375,0.005344266362743508,0.1922835757388795,0.384567151477759,0.70625,0.13937427419354842,9.384557590197126e-08,1.8769115180394253e-07,0.48125,0.7099353968476501,0.6927623491186395,True,False,True,False,0.8808717407967036,4.53923831747381e-06,0.8808717407967036,1.0,False
REACTOME_TRANSPORT_OF_SMALL_MOLECULES,692,0.4638728323699422,-0.006363913439215916,0.9737720988499664,0.06242637574719682,0.5722543352601156,0.011778346774194134,8.181189484659845e-05,0.0001636237896931969,0.48121387283236994,0.8476466646020386,0.341936422609642,False,False,True,False,0.4654093608597304,0.0014868011410271995,0.4654093608597304,1.0,False
REACTOME_PEPTIDE_LIGAND_BINDING_RECEPTORS,183,0.5081967213114754,0.00019869983137232698,0.4412590347295261,0.8825180694590522,0.4808743169398907,-0.0020409677419350875,0.7228067043304864,0.6574989153776724,0.4808743169398907,0.7228067043304864,0.6574989153776724,False,False,False,False,1.0,0.832867280397825,1.0,1.0,False
KEGG_ENDOMETRIAL_CANCER,52,0.40384615384615385,-0.015510861005883314,0.9368264620930539,0.2116085687615206,0.7307692307692307,0.03776322580645187,0.0005975601600036839,0.0011951203200073679,0.4807692307692308,0.661095680428778,0.8898839652765526,False,False,True,False,0.7327063217909919,0.007253780475102634,0.7327063217909919,1.0,False
REACTOME_DEADENYLATION_DEPENDENT_MRNA_DECAY,52,0.46153846153846156,-0.0020223009333348134,0.7557721653100645,0.6778086391424759,0.75,0.06553052419354877,0.00020477072689129445,0.0004095414537825889,0.4807692307692308,0.661095680428778,0.8898839652765526,False,False,True,False,1.0,0.0030951882949337966,1.0,1.0,False
REACTOME_ION_HOMEOSTASIS,52,0.5384615384615384,0.005533972507842842,0.33890431957123646,0.6778086391424729,0.5576923076923077,0.0057054435483874025,0.2442278346899498,0.4884556693798996,0.4807692307692308,0.661095680428778,0.8898839652765526,True,False,False,False,1.0,0.6789145112866509,1.0,1.0,False
REACTOME_GLOBAL_GENOME_NUCLEOTIDE_EXCISION_REPAIR_GG_NER,77,0.4805194805194805,-0.002490468478431547,0.6756044188446919,0.8198929037490646,0.7142857142857143,0.04876741935483906,0.00010840192920873969,0.00021680385841747938,0.4805194805194805,0.6756044188446919,0.8198929037490646,False,False,True,False,1.0,0.0018387846381120528,1.0,1.0,False
KEGG_LINOLEIC_ACID_METABOLISM,25,0.56,0.006909883082352757,0.345018982887268,0.690037965774536,0.68,0.011649596774193543,0.05387607216835011,0.10775214433670022,0.48,0.6549810171127328,1.0,True,False,False,False,1.0,0.22955607476635534,1.0,1.0,False
REACTOME_DAP12_SIGNALING,25,0.44,-0.001920586219608022,0.7878218889236452,0.6900379657745355,0.72,0.0425560483870972,0.02164262533187862,0.04328525066375724,0.48,0.6549810171127328,1.0,False,False,True,False,1.0,0.11609907013439383,1.0,1.0,False
REACTOME_DEFECTIVE_INTRINSIC_PATHWAY_FOR_APOPTOSIS,25,0.48,-0.025793724611764927,0.6549810171127328,1.0,0.76,0.11942395161290356,0.007316648960113497,0.014633297920226994,0.48,0.6549810171127328,1.0,False,False,True,False,1.0,0.05228078256953826,1.0,1.0,False
REACTOME_FRS_MEDIATED_FGFR2_SIGNALING,25,0.4,-0.007528235552941585,0.8852385282516482,0.4243562221527105,0.68,0.010608145161290609,0.05387607216835011,0.10775214433670022,0.48,0.6549810171127328,1.0,False,False,False,False,0.9063695397066046,0.22955607476635534,0.9063695397066046,1.0,False
HALLMARK_MYOGENESIS,198,0.35858585858585856,-0.027532018919608003,0.9999772783085161,8.394534971575495e-05,0.6262626262626263,0.02602048387096815,0.00023354268744740255,0.0004670853748948051,0.4797979797979798,0.7387319889545935,0.6189709988333206,False,False,True,False,0.00858399232098035,0.0034584320980413493,0.00858399232098035,1.0,False
REACTOME_DEATH_RECEPTOR_SIGNALING,148,0.4864864864864865,-0.0018764005235295264,0.6593914565530611,0.8053209566402131,0.5472972972972973,0.013280927419355194,0.1426083435906504,0.2852166871813008,0.4797297297297297,0.7174140450058556,0.6812170868939574,False,False,False,False,1.0,0.46109647047324087,1.0,1.0,False
KEGG_PATHWAYS_IN_CANCER,317,0.4668769716088328,-0.003040453145098269,0.8917360063554224,0.2612726775481099,0.6151419558359621,0.029786532258064925,2.447793864973981e-05,4.895587729947962e-05,0.4794952681388013,0.7841361135150743,0.5003814794445035,False,False,True,False,0.7797052886849448,0.0005381723015019717,0.7797052886849448,1.0,False
REACTOME_SIGNALING_BY_NOTCH1,73,0.4520547945205479,-0.009653532866666797,0.8254090809147508,0.482788556844052,0.6712328767123288,0.04210951612903263,0.0023131469609478576,0.004626293921895715,0.4794520547945205,0.6800135341230653,0.8151212352250446,False,False,True,False,0.955848377026259,0.021202723163906895,0.955848377026259,1.0,False
REACTOME_SIGNALING_BY_GPCR,653,0.42879019908116384,-0.006425149988235606,0.9998853930761078,0.0003112243606801896,0.48392036753445633,-0.0018201612903224022,0.8053528492134455,0.4338493751284441,0.4793261868300153,0.8634064429920086,0.308933252533195,True,False,False,False,0.02329736642805991,0.628581767467202,0.628581767467202,1.0,False
REACTOME_DISEASES_OF_DNA_REPAIR,48,0.3541666666666667,-0.02690030162549069,0.9853475266397289,0.05946337525376995,0.5833333333333334,0.008958467741935804,0.15616340373663412,0.31232680747326824,0.4791666666666667,0.6672670939616857,0.8854334972865098,False,False,False,False,0.46140823627806055,0.493444966178872,0.493444966178872,1.0,False
REACTOME_IRS_MEDIATED_SIGNALLING,48,0.4166666666666667,-0.009566496647059077,0.9032936735690256,0.31232680747326863,0.6458333333333334,0.016866653225806844,0.029731687626885012,0.059463375253770025,0.4791666666666667,0.6672670939616857,0.8854334972865098,False,False,True,False,0.8293542928175309,0.14567009636772382,0.8293542928175309,1.0,False
REACTOME_STABILIZATION_OF_P53,48,0.5416666666666666,0.005344266362743508,0.33273290603830724,0.6654658120766145,0.8125,0.1420125000000001,7.610913055344766e-06,1.5221826110689532e-05,0.4791666666666667,0.6672670939616857,0.8854334972865098,True,False,True,False,1.0,0.0001977579392231731,1.0,1.0,False
REACTOME_REGULATION_OF_INSULIN_LIKE_GROWTH_FACTOR_IGF_TRANSPORT_AND_UPTAKE_BY_INSULIN_LIKE_GROWTH_FACTOR_BINDING_PROTEINS_IGFBPS,119,0.42016806722689076,-0.010092275807843023,0.9668543343736479,0.0985236274022624,0.6050420168067226,0.017108548387097258,0.013689551250465731,0.027379102500931462,0.4789915966386555,0.708753104421422,0.714026312484823,False,False,True,False,0.5550942512861072,0.08291901884162269,0.5550942512861072,1.0,False
REACTOME_ANTI_INFLAMMATORY_RESPONSE_FAVOURING_LEISHMANIA_PARASITE_INFECTION,71,0.5211267605633803,0.0035294828666664613,0.40629432470308074,0.8125886494061615,0.5352112676056338,0.013658306451613617,0.3176538210438335,0.635307642087667,0.4788732394366197,0.6823461789561659,0.812588649406161,True,False,False,False,1.0,0.8119590740312925,1.0,1.0,False
HALLMARK_PROTEIN_SECRETION,94,0.5851063829787234,0.029142338588234448,0.06068555648621631,0.12137111297243262,0.7446808510638298,0.08070403225806463,1.1013799157751855e-06,2.202759831550371e-06,0.4787234042553192,0.6968520311530447,0.7571890741424362,True,False,True,False,0.6131207851556207,3.7638461469534604e-05,0.6131207851556207,1.0,False
REACTOME_G_ALPHA_Z_SIGNALLING_EVENTS,46,0.5217391304347826,0.0044254621137252695,0.4414979560612031,0.8829959121224062,0.34782608695652173,-0.01418483870967715,0.9870519591033956,0.0540760318588699,0.4782608695652174,0.6706309614881805,0.8829959121224102,False,False,False,False,1.0,0.1368881192949175,1.0,1.0,False
REACTOME_RAF_INDEPENDENT_MAPK1_3_ACTIVATION,23,0.5217391304347826,0.01446584647058623,0.5000000000000028,1.0,0.782608695652174,0.08515499999999966,0.005311012268066423,0.010622024536132845,0.4782608695652174,0.6611802577972447,1.0,True,False,True,False,1.0,0.04174455642700209,1.0,1.0,False
REACTOME_METABOLISM_OF_AMINO_ACIDS_AND_DERIVATIVES,295,0.43389830508474575,-0.009474495407843004,0.990144865131637,0.026767434717786823,0.6237288135593221,0.03513879032258069,1.265246707108148e-05,2.530493414216296e-05,0.47796610169491527,0.7924733267629746,0.48482391340156555,False,False,True,False,0.33835419093423036,0.00030365920970595547,0.33835419093423036,1.0,False
REACTOME_KEAP1_NFE2L2_PATHWAY,113,0.5575221238938053,0.008548530156861533,0.12943100008265918,0.25886200016531835,0.7433628318584071,0.08217532258064555,1.1003865310823499e-07,2.2007730621646998e-07,0.4778761061946903,0.7136717621030457,0.7068822614919714,True,False,True,False,0.7797052886849448,5.212561949050696e-06,0.7797052886849448,1.0,False
REACTOME_SIGNALING_BY_ALK_IN_CANCER,90,0.4777777777777778,-0.009020406321568943,0.7007941408832637,0.7520332015986232,0.6888888888888889,0.04042342741935493,0.0002189610983170758,0.0004379221966341516,0.4777777777777778,0.7007941408832637,0.7520332015986232,False,False,True,False,1.0,0.003278160443375649,1.0,1.0,False
KEGG_INSULIN_SIGNALING_PATHWAY,134,0.43283582089552236,-0.011975385180392269,0.9498171492512617,0.14166174981277177,0.6268656716417911,0.026409233870967986,0.002093766917266154,0.004187533834532308,0.47761194029850745,0.7272328167600556,0.6659501639012294,False,False,True,False,0.6498518506832767,0.01976817774139576,0.6498518506832767,1.0,False
KEGG_NEUROACTIVE_LIGAND_RECEPTOR_INTERACTION,266,0.4473684210526316,-0.0027891342372550177,0.9624056228399704,0.09764485501292375,0.45112781954887216,-0.004372499999999628,0.9511775724933847,0.12515357836206015,0.4774436090225564,0.7872712141709071,0.5000971262869333,True,False,False,False,0.5521500434543746,0.2538599034647207,0.5521500434543746,1.0,False
REACTOME_HIV_TRANSCRIPTION_INITIATION,44,0.5909090909090909,0.013617029313725375,0.14560761827294738,0.29121523654589476,0.5227272727272727,0.01701834677419369,0.4401979106403364,0.8803958212806728,0.4772727272727273,0.674206086395543,0.8803958212806716,True,False,False,False,0.8160255826205821,0.9878531270900911,0.9878531270900911,1.0,False
REACTOME_RNA_POLYMERASE_I_TRANSCRIPTION_INITIATION,44,0.6136363636363636,0.009772678556862582,0.08708557363536361,0.17417114727072722,0.7272727272727273,0.05535124999999999,0.0018288834139639424,0.003657766827927885,0.4772727272727273,0.674206086395543,0.8803958212806716,True,False,True,False,0.6939395657941977,0.018081790734285015,0.6939395657941977,1.0,False
HALLMARK_ESTROGEN_RESPONSE_EARLY,195,0.4,-0.015297959466666764,0.9979696834338906,0.006356806337472944,0.6256410256410256,0.02890451612903258,0.00027658384350173775,0.0005531676870034755,0.47692307692307695,0.7629930577929662,0.5668305073492362,False,False,True,False,0.15373691634626874,0.0038476973626967413,0.15373691634626874,1.0,False
REACTOME_MATERNAL_TO_ZYGOTIC_TRANSITION_MZT,65,0.38461538461538464,-0.009174467211765718,0.9768232628335604,0.08168153394154186,0.6307692307692307,0.02067056451612906,0.02317673716645599,0.04635347433291198,0.47692307692307695,0.6899276174593594,0.8043170001934119,False,False,True,False,0.5015756693597805,0.12185227700892583,0.5015756693597805,1.0,False
REACTOME_LEISHMANIA_INFECTION,151,0.5033112582781457,0.001518036541176191,0.500000000000008,1.0,0.5629139072847682,0.013658306451613617,0.0713590380914839,0.1427180761829678,0.4768211920529801,0.7424187486144709,0.6255036238897301,True,False,False,False,1.0,0.2843508438018066,1.0,1.0,False
REACTOME_DEUBIQUITINATION,237,0.4641350210970464,-0.007827488458823832,0.8788736485566564,0.2986470873124842,0.6244725738396625,0.037803951612903355,7.67393416612823e-05,0.0001534786833225646,0.4767932489451477,0.7821204450962909,0.5160563640013709,False,False,True,False,0.8219748857070005,0.001402723780134137,0.8219748857070005,1.0,False
REACTOME_RNA_POLYMERASE_II_TRANSCRIPTION,1222,0.47708674304418985,-0.004972349590196521,0.9485288558671343,0.11559970235005486,0.5900163666121113,0.017596129032258493,1.6782094857419272e-10,3.3564189714838544e-10,0.4762684124386252,0.9542939124392272,0.10294228826380772,False,False,True,False,0.6017309009744578,2.512519344367914e-08,0.6017309009744578,1.0,False
HALLMARK_IL6_JAK_STAT3_SIGNALING,84,0.5357142857142857,0.006881536729411569,0.29282339736062396,0.5856467947212479,0.5595238095238095,0.014490725806451943,0.16306708559599878,0.32613417119199756,0.47619047619047616,0.7071766026394201,0.743644186105236,True,False,False,False,1.0,0.513710337789399,1.0,1.0,False
HALLMARK_WNT_BETA_CATENIN_SIGNALING,42,0.38095238095238093,-0.0219408948313727,0.9557852265061245,0.16414940178310555,0.6666666666666666,0.03776322580645187,0.02177926096192107,0.04355852192384214,0.47619047619047616,0.6780155218148155,0.877614328752315,False,False,True,False,0.6899561990553106,0.11609907013439383,0.6899561990553106,1.0,False
REACTOME_CYTOSOLIC_SULFONATION_OF_SMALL_MOLECULES,21,0.42857142857142855,-0.006465245078431596,0.8083448410034197,0.6636238098144559,0.5714285714285714,0.013916451612903356,0.3318119049072274,0.6636238098144548,0.47619047619047616,0.6681880950927742,1.0,False,False,False,False,1.0,0.8352414964197943,1.0,1.0,False
REACTOME_C_TYPE_LECTIN_RECEPTORS_CLRS,126,0.48412698412698413,-0.003495969417647418,0.6719108891982835,0.7893959446881439,0.6746031746031746,0.06719266129032282,5.5105655559177406e-05,0.00011021131111835481,0.47619047619047616,0.7334736248662178,0.6561782216034336,False,False,True,False,1.0,0.0010564157382808156,1.0,1.0,False
REACTOME_PARACETAMOL_ADME,21,0.5238095238095238,0.0003814565686274486,0.5000000000000008,1.0,0.5714285714285714,0.01235080645161317,0.3318119049072274,0.6636238098144548,0.47619047619047616,0.6681880950927742,1.0,True,False,False,False,1.0,0.8352414964197943,1.0,1.0,False
REACTOME_TP53_REGULATES_TRANSCRIPTION_OF_ADDITIONAL_CELL_CYCLE_GENES_WHOSE_EXACT_ROLE_IN_THE_P53_PATHWAY_REMAIN_UNCERTAIN,21,0.38095238095238093,-0.011250817400000557,0.9053764343261742,0.38331031799316473,0.7142857142857143,0.09804935483871,0.03917694091796873,0.07835388183593746,0.47619047619047616,0.6681880950927742,1.0,False,False,True,False,0.8808717407967036,0.18060454874793794,0.8808717407967036,1.0,False
REACTOME_AEROBIC_RESPIRATION_AND_RESPIRATORY_ELECTRON_TRANSPORT,225,0.4577777777777778,-0.010312714274511373,0.9088515015453846,0.23006418625551478,0.6533333333333333,0.04857516129032302,2.4702771764135466e-06,4.940554352827093e-06,0.47555555555555556,0.7881131544581513,0.5050737415102962,False,False,True,False,0.7380834710074882,7.925052492494072e-05,0.7380834710074882,1.0,False
REACTOME_ADORA2B_MEDIATED_ANTI_INFLAMMATORY_CYTOKINES_PRODUCTION,40,0.625,0.00998363877450965,0.0769299720814146,0.1538599441628292,0.45,-0.008830685483870757,0.7852047460782913,0.6358280026288302,0.475,0.6820859986855652,0.8746293123804036,False,False,False,False,0.668372578401071,0.8119590740312925,0.8119590740312925,1.0,False
REACTOME_DISORDERS_OF_TRANSMEMBRANE_TRANSPORTERS,160,0.50625,0.0002048109078429288,0.4685100846065988,0.9370201692131976,0.56875,0.016662137096774533,0.04828467669588852,0.09656935339177704,0.475,0.7615589206373683,0.5801292063047049,True,False,True,False,1.0,0.21202098258641552,1.0,1.0,False
REACTOME_GLUCOSE_METABOLISM,80,0.4375,-0.007036742566666868,0.890740980260641,0.31430657986393246,0.7125,0.05033608870967751,9.155828206487315e-05,0.0001831165641297463,0.475,0.711784686905799,0.7375543089843094,False,False,True,False,0.8332039520170351,0.0016081521721338613,0.8332039520170351,1.0,False
REACTOME_REGULATION_OF_BETA_CELL_DEVELOPMENT,40,0.2,-0.01933970154117654,0.9999788614886513,0.00018216582975583056,0.625,0.01571588709677431,0.0769299720814146,0.1538599441628292,0.475,0.6820859986855652,0.8746293123804036,False,False,False,False,0.015071825493482401,0.29677034628707666,0.29677034628707666,1.0,False
REACTOME_VASOPRESSIN_REGULATES_RENAL_WATER_HOMEOSTASIS_VIA_AQUAPORINS,40,0.575,0.0065244968960784175,0.21479525392168883,0.42959050784337766,0.5,0.00720491935483887,0.5626853438097785,1.0,0.475,0.6820859986855652,0.8746293123804036,True,False,False,False,0.9125895653105274,1.0,1.0,1.0,False
KEGG_SPLICEOSOME,118,0.5084745762711864,0.004216005901959428,0.4633521114738679,0.9267042229477358,0.711864406779661,0.07327108870967772,2.3622352850085457e-06,4.7244705700170914e-06,0.4745762711864407,0.7402545906216473,0.6454967635577976,True,False,True,False,1.0,7.736320558402987e-05,1.0,1.0,False
REACTOME_G1_S_DNA_DAMAGE_CHECKPOINTS,59,0.576271186440678,0.008548530156861533,0.1487976041422128,0.2975952082844256,0.7966101694915254,0.11542991935483884,2.5628146248443664e-06,5.125629249688733e-06,0.4745762711864407,0.6985383993714195,0.7948436539828555,True,False,True,False,0.8219748857070005,7.977712059911571e-05,0.8219748857070005,1.0,False
REACTOME_NEGATIVE_EPIGENETIC_REGULATION_OF_RRNA_EXPRESSION,59,0.5254237288135594,0.0008545972980375481,0.39742182699142725,0.7948436539828545,0.6101694915254238,0.024598225806451747,0.05873867512252866,0.11747735024505732,0.4745762711864407,0.6985383993714195,0.7948436539828555,True,False,False,False,1.0,0.24299262445425013,1.0,1.0,False
REACTOME_METABOLISM_OF_LIPIDS,704,0.40198863636363635,-0.01592029849803936,0.9999999261460119,2.2273901216180758e-07,0.6150568181818182,0.015092258064516438,5.501273462100724e-10,1.1002546924201448e-09,0.4744318181818182,0.9184386569312476,0.18709305965182166,False,False,True,False,0.00017507286355918075,6.048995861379314e-08,0.00017507286355918075,1.0,False
REACTOME_UCH_PROTEINASES,78,0.5,-0.00027120699215703705,0.5450267740627609,1.0,0.6923076923076923,0.11481036290322597,0.0004505017602609961,0.0009010035205219922,0.47435897435897434,0.7142066409984944,0.7343420330298737,False,False,True,False,1.0,0.005757632253091755,1.0,1.0,False
REACTOME_RESPIRATORY_ELECTRON_TRANSPORT,135,0.45185185185185184,-0.016389078450980782,0.8859482609669699,0.3016825027456223,0.6814814814814815,0.06758556451612907,1.4954801795062689e-05,2.9909603590125378e-05,0.4740740740740741,0.7543687711085173,0.6057422651905353,False,False,True,False,0.8219748857070005,0.0003506830365701826,0.8219748857070005,1.0,False
REACTOME_APC_C_MEDIATED_DEGRADATION_OF_CELL_CYCLE_PROTEINS,76,0.5131578947368421,0.004087469270587476,0.45438846263775456,0.9087769252755091,0.8026315789473685,0.10149600806451621,4.92142370736745e-08,9.8428474147349e-08,0.47368421052631576,0.7167132788006697,0.7310088822226168,True,False,True,False,1.0,2.7145537080637304e-06,1.0,1.0,False
REACTOME_GLYCOSPHINGOLIPID_BIOSYNTHESIS,19,0.5263157894736842,0.015519472686274238,0.5000000000000013,1.0,0.5263157894736842,0.019227741935484224,0.5000000000000013,1.0,0.47368421052631576,0.6761970520019551,1.0,True,False,False,False,1.0,1.0,1.0,1.0,False
REACTOME_RAB_REGULATION_OF_TRAFFICKING,114,0.4824561403508772,-0.0013015446352946133,0.6801153156785618,0.7788760920027468,0.6403508771929824,0.03594052419354867,0.0017523418923044672,0.0035046837846089344,0.47368421052631576,0.743872563885118,0.6397693686429894,False,False,True,False,1.0,0.01754574174969823,1.0,1.0,False
REACTOME_REGULATION_OF_EXPRESSION_OF_SLITS_AND_ROBOS,114,0.5701754385964912,0.008022255539214686,0.07988075389251362,0.15976150778502723,0.7456140350877193,0.22032028225806466,7.337845633443457e-08,1.4675691266886914e-07,0.47368421052631576,0.743872563885118,0.6397693686429894,True,False,True,False,0.6843190469701984,3.720997850249392e-06,0.6843190469701984,1.0,False
REACTOME_ROLE_OF_LAT2_NTAL_LAB_ON_CALCIUM_MOBILIZATION,19,0.3684210526315789,-0.015774667341176597,0.9164657592773461,0.35928344726562617,0.47368421052631576,-0.00417467741935473,0.6761970520019551,1.0,0.47368421052631576,0.6761970520019551,1.0,True,False,False,False,0.8612526119094086,1.0,1.0,1.0,False
REACTOME_SUMOYLATION_OF_TRANSCRIPTION_FACTORS,19,0.42105263157894735,-0.013217011803921565,0.8203582763671896,0.6476058959960952,0.631578947368421,0.03814508064516141,0.17964172363281283,0.35928344726562567,0.47368421052631576,0.6761970520019551,1.0,False,False,False,False,1.0,0.5435934351314382,1.0,1.0,False
REACTOME_FCERI_MEDIATED_NF_KB_ACTIVATION,74,0.527027027027027,0.003701938429411658,0.36377354174474485,0.7275470834894897,0.6756756756756757,0.08117891129032294,0.0016861166670740777,0.0033722333341481554,0.47297297297297297,0.7193096278505295,0.7275470834894938,True,False,True,False,1.0,0.01696478248407969,1.0,1.0,False
REACTOME_HATS_ACETYLATE_HISTONES,91,0.3516483516483517,-0.025358238176470746,0.9984436550758969,0.006105521074525284,0.6153846153846154,0.01640370967741978,0.017724797439760992,0.035449594879521984,0.4725274725274725,0.7351989522619454,0.6752224599161204,False,False,True,False,0.1499668613930273,0.09915794154912555,0.1499668613930273,1.0,False
REACTOME_TNFR2_NON_CANONICAL_NF_KB_PATHWAY,91,0.4725274725274725,-0.007827488458823832,0.7351989522619454,0.6752224599161204,0.6483516483516484,0.04170951612903256,0.003052760537262672,0.006105521074525344,0.4725274725274725,0.7351989522619454,0.6752224599161204,False,False,True,False,1.0,0.02644043837232463,1.0,1.0,False
KEGG_DNA_REPLICATION,36,0.3611111111111111,-0.03300813838431364,0.9673773323884228,0.1324981639627369,0.7222222222222222,0.03426786290322585,0.005665492091793549,0.011330984183587097,0.4722222222222222,0.6911403414851519,0.8679394004284389,False,False,True,False,0.6327344075109776,0.04373701406523403,0.6327344075109776,1.0,False
REACTOME_ASSOCIATION_OF_TRIC_CCT_WITH_TARGET_PROTEINS_DURING_BIOSYNTHESIS,36,0.5277777777777778,0.00040052340196038323,0.4339697002142202,0.8679394004284404,0.7222222222222222,0.06712681451612927,0.005665492091793549,0.011330984183587097,0.4722222222222222,0.6911403414851519,0.8679394004284389,True,False,True,False,1.0,0.04373701406523403,1.0,1.0,False
REACTOME_HDR_THROUGH_SINGLE_STRAND_ANNEALING_SSA,36,0.3055555555555556,-0.017760491441177487,0.9943345079082061,0.028816719655878863,0.6111111111111112,0.012624556451613346,0.12149247701745491,0.24298495403490983,0.4722222222222222,0.6911403414851519,0.8679394004284389,False,False,False,False,0.3448786302046366,0.4107229545622347,0.4107229545622347,1.0,False
KEGG_INOSITOL_PHOSPHATE_METABOLISM,53,0.39622641509433965,-0.00964766843921619,0.9508146757797512,0.1689778222877192,0.7358490566037735,0.047961532258064585,0.00040116544344748185,0.0008023308868949637,0.4716981132075472,0.7084339228694083,0.7838463022094994,False,False,True,False,0.6899561990553106,0.005277255875309134,0.6899561990553106,1.0,False
REACTOME_NUCLEOTIDE_BINDING_DOMAIN_LEUCINE_RICH_REPEAT_CONTAINING_RECEPTOR_NLR_SIGNALING_PATHWAYS,53,0.5471698113207547,0.008548530156861533,0.2915660771305873,0.5831321542611746,0.5849056603773585,0.012179354838709652,0.13583958303275165,0.2716791660655033,0.4716981132075472,0.7084339228694083,0.7838463022094994,True,False,False,False,1.0,0.44348873214431067,1.0,1.0,False
HALLMARK_MYC_TARGETS_V1,176,0.5113636363636364,0.0009769561647048931,0.41058863873465445,0.8211772774693089,0.7897727272727273,0.12205770161290344,2.1130779812014797e-15,4.2261559624029594e-15,0.4715909090909091,0.7964563827479293,0.49762937022336445,True,False,True,False,1.0,9.49073881842493e-13,1.0,1.0,False
REACTOME_RHOG_GTPASE_CYCLE,70,0.5,-0.00222755286078448,0.5475127367702582,1.0,0.5714285714285714,0.014121774193548776,0.1409894608968258,0.2819789217936516,0.4714285714285714,0.7247937440887496,0.7202027723528525,False,False,False,False,1.0,0.4565096447575904,1.0,1.0,False
REACTOME_TRNA_PROCESSING,104,0.4423076923076923,-0.0065812077450983775,0.8989134469519554,0.2806903290341909,0.625,0.04823141129032288,0.006918097533374259,0.013836195066748517,0.47115384615384615,0.7536774667567867,0.6241435158447023,False,False,True,False,0.7989100572765933,0.05034837649289044,0.7989100572765933,1.0,False
REACTOME_SIGNALING_BY_TGFB_FAMILY_MEMBERS,155,0.44516129032258067,-0.012133136619609233,0.9260011844883059,0.19858360530805,0.6,0.03617370967741936,0.00784680936186017,0.01569361872372034,0.47096774193548385,0.7890305834935266,0.5206333734262453,False,False,True,False,0.7268804961276545,0.05494514172313669,0.7268804961276545,1.0,False
KEGG_PRIMARY_IMMUNODEFICIENCY,34,0.4117647058823529,-0.016637152039215817,0.8852594934869586,0.39152830513194314,0.5294117647058824,0.00795209677419393,0.4320831202203426,0.8641662404406852,0.47058823529411764,0.6962043193634624,0.8641662404406848,False,False,False,False,0.881780079752743,0.9731155658830638,0.9731155658830638,1.0,False
REACTOME_CELLULAR_RESPONSE_TO_CHEMICAL_STRESS,187,0.5401069518716578,0.0053615430588218205,0.15296482165057415,0.3059296433011483,0.7272727272727273,0.05839201612903241,2.0336236366690334e-10,4.067247273338067e-10,0.47058823529411764,0.8098745427256109,0.4647069046029165,True,False,True,False,0.8219748857070005,2.9062330516761095e-08,0.8219748857070005,1.0,False
REACTOME_CIRCADIAN_CLOCK,68,0.4117647058823529,-0.013299117405882457,0.9428728465750681,0.181810054535599,0.7058823529411765,0.08401891129032263,0.000457195360643794,0.000914390721287588,0.47058823529411764,0.7276938882903933,0.7163007601543574,False,False,True,False,0.6970863554389365,0.005796057313968098,0.6970863554389365,1.0,False
REACTOME_FORMATION_OF_SENESCENCE_ASSOCIATED_HETEROCHROMATIN_FOCI_SAHF,17,0.29411764705882354,-0.04748218520392164,0.9754791259765658,0.1434631347656256,0.5882352941176471,0.03610911290322607,0.3145294189453131,0.6290588378906262,0.47058823529411764,0.6854705810546903,1.0,False,False,False,False,0.6517461643473793,0.8052772745635703,0.8052772745635703,1.0,False
REACTOME_NUCLEAR_PORE_COMPLEX_NPC_DISASSEMBLY,34,0.5588235294117647,0.0146977275274503,0.3037956806365412,0.6075913612730824,0.6764705882352942,0.030527903225806535,0.028806336456909814,0.05761267291381963,0.47058823529411764,0.6962043193634624,0.8641662404406848,True,False,True,False,1.0,0.14285034987464423,1.0,1.0,False
REACTOME_SIGNALLING_TO_ERKS,34,0.38235294117647056,-0.007604909421568843,0.9392752575222434,0.22948101302609,0.6764705882352942,0.03042830645161313,0.028806336456909814,0.05761267291381963,0.47058823529411764,0.6962043193634624,0.8641662404406848,False,False,True,False,0.7378528981121056,0.14285034987464423,0.7378528981121056,1.0,False
REACTOME_TRANSPORT_OF_THE_SLBP_DEPENDANT_MATURE_MRNA,34,0.5588235294117647,0.02391961874509766,0.3037956806365412,0.6075913612730824,0.6764705882352942,0.04297754032258089,0.028806336456909814,0.05761267291381963,0.47058823529411764,0.6962043193634624,0.8641662404406848,True,False,True,False,1.0,0.14285034987464423,1.0,1.0,False
REACTOME_CHROMATIN_MODIFYING_ENZYMES,217,0.4147465437788018,-0.013307295650980412,0.9951348501443628,0.01434327656537717,0.6221198156682027,0.027659112903226115,0.00019566968807306322,0.00039133937614612644,0.4700460829493088,0.8290313425612569,0.41535525707719173,False,False,True,False,0.23487115375805115,0.0030009048746424912,0.23487115375805115,1.0,False
KEGG_FC_GAMMA_R_MEDIATED_PHAGOCYTOSIS,83,0.4819277108433735,-0.0037570397607842518,0.6695581761193979,0.8264047244491957,0.5783132530120482,0.021912741935484422,0.09372993398309676,0.18745986796619352,0.46987951807228917,0.7447950291593879,0.6608836477612126,False,False,False,False,1.0,0.3459903056813012,1.0,1.0,False
KEGG_TGF_BETA_SIGNALING_PATHWAY,83,0.4457831325301205,-0.009333849894118479,0.8638655270139796,0.3799993964119181,0.6144578313253012,0.037994677419355395,0.023762444628266433,0.047524889256532865,0.46987951807228917,0.7447950291593879,0.6608836477612126,False,False,True,False,0.8808717407967036,0.12430802980244537,0.8808717407967036,1.0,False
REACTOME_DISEASES_OF_METABOLISM,232,0.3275862068965517,-0.026096277543137574,0.9999999611670417,1.632013091527448e-07,0.6508620689655172,0.0286754435483874,2.5225888832466223e-06,5.045177766493245e-06,0.4698275862068966,0.8376352935287618,0.39343380459860466,False,False,True,False,0.00017507286355918075,7.977712059911571e-05,0.00017507286355918075,1.0,False
KEGG_PURINE_METABOLISM,149,0.3624161073825503,-0.029153140980392414,0.9997321618552519,0.0009833332636449647,0.5973154362416108,0.023418870967742363,0.010741675388860884,0.021483350777721767,0.4697986577181208,0.7936287205879275,0.5123564769095247,False,False,True,False,0.04416571115571098,0.06878500509164977,0.06878500509164977,1.0,False
REACTOME_DISEASES_ASSOCIATED_WITH_O_GLYCOSYLATION_OF_PROTEINS,64,0.375,-0.010328694649019778,0.9836171204506203,0.05994118956700191,0.53125,0.00398733870967768,0.353990377067393,0.707980754134786,0.46875,0.7338456119861034,0.7079807541347833,False,False,False,False,0.46189975489866175,0.8777174649052709,0.8777174649052709,1.0,False
REACTOME_GLUCAGON_TYPE_LIGAND_RECEPTORS,32,0.46875,-0.006363773303921716,0.7016925520729221,0.8600500659085736,0.4375,-0.0057948387096769475,0.811457206262269,0.5966148958541402,0.46875,0.7016925520729221,0.8600500659085736,True,False,False,False,1.0,0.7809499144933463,1.0,1.0,False
REACTOME_HIV_ELONGATION_ARREST_AND_RECOVERY,32,0.4375,-0.010352626680393351,0.811457206262269,0.5966148958541402,0.65625,0.09605584677419401,0.05509208259172696,0.11018416518345392,0.46875,0.7016925520729221,0.8600500659085736,False,False,False,False,1.0,0.23033179211222016,1.0,1.0,False
KEGG_MAPK_SIGNALING_PATHWAY,254,0.41338582677165353,-0.011107828827451153,0.9976731983897223,0.006857741197080862,0.6220472440944882,0.01876161290322574,6.027924113009381e-05,0.00012055848226018762,0.468503937007874,0.856951168748871,0.3466296314376908,False,False,True,False,0.15853484061486933,0.0011355028164593132,0.15853484061486933,1.0,False
REACTOME_DNA_DAMAGE_TELOMERE_STRESS_INDUCED_SENESCENCE,47,0.3404255319148936,-0.02189506642745151,0.9906880816924857,0.039986056826051705,0.6170212765957447,0.030929435483871025,0.07193254422027373,0.14386508844054746,0.46808510638297873,0.7199676852098865,0.7708669945730195,False,False,False,False,0.389624705840679,0.28447285412395046,0.389624705840679,1.0,False
REACTOME_SIGNALING_BY_NOTCH3,47,0.48936170212765956,-0.0026681123529412286,0.6145665027134789,0.9999999999999912,0.6808510638297872,0.025557499999999955,0.009311918307503157,0.018623836615006314,0.46808510638297873,0.7199676852098865,0.7708669945730195,False,False,True,False,1.0,0.06296058313718264,1.0,1.0,False
KEGG_COLORECTAL_CANCER,62,0.46774193548387094,-0.011937586145098725,0.7371133199121678,0.7035366713552629,0.6774193548387096,0.04878774193548415,0.003574366916581482,0.007148733833162964,0.46774193548387094,0.7371133199121678,0.7035366713552629,False,False,True,False,1.0,0.02980851349000578,1.0,1.0,False
REACTOME_CLASS_A_1_RHODOPSIN_LIKE_RECEPTORS,308,0.4707792207792208,-0.0027891342372550177,0.8605235880115794,0.3327210453188516,0.4707792207792208,-0.0028879435483868256,0.8605235880115794,0.3327210453188516,0.4675324675324675,0.8842930761046588,0.2789528239772685,True,False,False,False,0.8498864024877469,0.5194016715404515,0.8498864024877469,1.0,False
REACTOME_SUMOYLATION,169,0.4437869822485207,-0.006034282070588339,0.938158684897676,0.16597930888289839,0.621301775147929,0.02103798387096789,0.0010006711143039058,0.0020013422286078116,0.46745562130177515,0.8219979367476302,0.44185016848815467,False,False,True,False,0.6899561990553106,0.011038982397794666,0.6899561990553106,1.0,False
REACTOME_BIOLOGICAL_OXIDATIONS,182,0.43956043956043955,-0.01346802312941216,0.9560299942978269,0.11931902228045031,0.6098901098901099,0.021036048387097037,0.001861224652035509,0.003722449304071018,0.46703296703296704,0.832374077103482,0.4149313989921428,False,False,True,False,0.6089918929378827,0.018286532206248877,0.6089918929378827,1.0,False
KEGG_BASAL_TRANSCRIPTION_FACTORS,30,0.6333333333333333,0.03006948895098001,0.10024421103298746,0.20048842206597492,0.36666666666666664,-0.0147350806451612,0.9506314266473139,0.20048842206597484,0.4666666666666667,0.70766764413566,0.8555355519056387,False,False,False,False,0.7268804961276545,0.36344024806382624,0.7268804961276545,1.0,False
KEGG_GLYCOSPHINGOLIPID_BIOSYNTHESIS_GANGLIO_SERIES,15,0.6,0.016069616415685942,0.3036193847656248,0.6072387695312496,0.4666666666666667,-0.005290161290322264,0.6963806152343749,0.9999999999999998,0.4666666666666667,0.6963806152343749,0.9999999999999998,False,False,False,False,1.0,1.0,1.0,1.0,False
KEGG_GLYOXYLATE_AND_DICARBOXYLATE_METABOLISM,15,0.4,-0.005463565278432673,0.8491210937499997,0.6072387695312499,0.4,-0.014996612903225306,0.8491210937499997,0.6072387695312499,0.4666666666666667,0.6963806152343749,0.9999999999999998,True,False,False,False,1.0,0.7841819539583625,1.0,1.0,False
KEGG_OTHER_GLYCAN_DEGRADATION,15,0.2,-0.06604131148235355,0.9963073730468748,0.035156250000000056,0.6,0.015282016129032612,0.3036193847656248,0.6072387695312496,0.4666666666666667,0.6963806152343749,0.9999999999999998,False,False,False,False,0.36919390272937036,0.7841819539583625,0.7841819539583625,1.0,False
KEGG_PEROXISOME,75,0.44,-0.011484255474510109,0.8759771290537143,0.355699239081476,0.6266666666666667,0.01834903225806472,0.018477452013683757,0.036954904027367515,0.4666666666666667,0.7556585145484094,0.64446391389421,False,False,True,False,0.8612526119094086,0.10281966217879952,0.8612526119094086,1.0,False
KEGG_TERPENOID_BACKBONE_BIOSYNTHESIS,15,0.13333333333333333,-0.07748362725882457,0.9995117187499997,0.007385253906250018,0.6666666666666666,0.012859516129032258,0.1508789062499999,0.3017578124999998,0.4666666666666667,0.6963806152343749,0.9999999999999998,False,False,False,False,0.16124471028645873,0.4786713231584257,0.4786713231584257,1.0,False
KEGG_VASCULAR_SMOOTH_MUSCLE_CONTRACTION,105,0.42857142857142855,-0.004146855937255131,0.9410000092470837,0.1715646971542405,0.580952380952381,0.023001854838710076,0.05899999075292983,0.11799998150585966,0.4666666666666667,0.7824427525538622,0.5583942911655909,False,False,False,False,0.6939395657941977,0.24312485976256512,0.6939395657941977,1.0,False
REACTOME_ASSEMBLY_OF_THE_HIV_VIRION,15,0.3333333333333333,-0.036481612588236303,0.9407653808593748,0.30175781249999994,0.7333333333333333,0.08333209677419351,0.059234619140624965,0.11846923828124993,0.4666666666666667,0.6963806152343749,0.9999999999999998,False,False,False,False,0.8219748857070005,0.24312485976256512,0.8219748857070005,1.0,False
REACTOME_DEPOLYMERIZATION_OF_THE_NUCLEAR_LAMINA,15,0.26666666666666666,-0.03896127094901955,0.9824218749999997,0.11846923828124988,0.6666666666666666,0.039271209677419455,0.1508789062499999,0.3017578124999998,0.4666666666666667,0.6963806152343749,0.9999999999999998,False,False,False,False,0.6086066750919111,0.4786713231584257,0.6086066750919111,1.0,False
REACTOME_DOWNREGULATION_OF_SMAD2_3_SMAD4_TRANSCRIPTIONAL_ACTIVITY,30,0.43333333333333335,-0.008225318725491131,0.8192026959732248,0.5846647117286976,0.7,0.17759262096774214,0.02138697262853407,0.04277394525706814,0.4666666666666667,0.70766764413566,0.8555355519056387,False,False,True,False,1.0,0.11553374904486446,1.0,1.0,False
REACTOME_FORMATION_OF_ATP_BY_CHEMIOSMOTIC_COUPLING,15,0.4,-0.010312714274511373,0.8491210937499997,0.6072387695312499,0.9333333333333333,0.3457039516129035,0.00048828124999999864,0.0009765624999999973,0.4666666666666667,0.6963806152343749,0.9999999999999998,False,False,True,False,1.0,0.00611616035856572,1.0,1.0,False
REACTOME_MRNA_DECAY_BY_5_TO_3_EXORIBONUCLEASE,15,0.5333333333333333,0.017623637043136738,0.49999999999999983,0.9999999999999997,0.8,0.07327104838709704,0.017578125000000014,0.03515625000000003,0.4666666666666667,0.6963806152343749,0.9999999999999998,True,False,True,False,1.0,0.09851270053475951,1.0,1.0,False
REACTOME_REGULATION_OF_PYRUVATE_DEHYDROGENASE_PDH_COMPLEX,15,0.4666666666666667,-0.008070870674509265,0.6963806152343749,0.9999999999999998,0.2,-0.036428145161290046,0.9963073730468748,0.035156250000000056,0.4666666666666667,0.6963806152343749,0.9999999999999998,True,False,False,False,1.0,0.09851270053475951,1.0,1.0,False
REACTOME_REGULATION_OF_TP53_ACTIVITY_THROUGH_ACETYLATION,30,0.4,-0.010020135011765276,0.8997557889670215,0.3615946080535678,0.7333333333333333,0.059399354838710026,0.008062400855124077,0.016124801710248153,0.4666666666666667,0.70766764413566,0.8555355519056387,False,False,True,False,0.8612526119094086,0.055956265537549885,0.8612526119094086,1.0,False
REACTOME_SIGNALING_BY_MET,75,0.4666666666666667,-0.0021262446274522627,0.7556585145484094,0.64446391389421,0.68,0.04619056451612902,0.0012221142496074756,0.002444228499214951,0.4666666666666667,0.7556585145484094,0.64446391389421,False,False,True,False,1.0,0.013113744712511614,1.0,1.0,False
REACTOME_SPECIFICATION_OF_THE_NEURAL_PLATE_BORDER,15,0.4666666666666667,-0.009798320580392499,0.6963806152343749,0.9999999999999998,0.3333333333333333,-0.012437822580645037,0.9407653808593748,0.30175781249999994,0.4666666666666667,0.6963806152343749,0.9999999999999998,True,False,False,False,1.0,0.4786713231584257,1.0,1.0,False
REACTOME_MYD88_INDEPENDENT_TLR4_CASCADE,103,0.47572815533980584,-0.006656905650981029,0.7226994666675391,0.6936859650244591,0.5631067961165048,0.014703387096774712,0.11845093889014181,0.23690187778028363,0.46601941747572817,0.7846554668459088,0.5546010666648514,False,False,False,False,1.0,0.40340287785699863,1.0,1.0,False
REACTOME_INTRACELLULAR_SIGNALING_BY_SECOND_MESSENGERS,294,0.48639455782312924,-0.0033367743803922965,0.700132672644327,0.683162608005277,0.6054421768707483,0.03230673387096804,0.0001788095129921815,0.000357619025984363,0.46598639455782315,0.8896968086985644,0.26778718446148264,False,False,True,False,1.0,0.0027830549942941514,1.0,1.0,False
REACTOME_DISEASES_OF_PROGRAMMED_CELL_DEATH,58,0.46551724137931033,-0.006406480715686441,0.744078845780904,0.6940040940761207,0.6896551724137931,0.037844475806451935,0.0026774298254001352,0.0053548596508002705,0.46551724137931033,0.744078845780904,0.6940040940761207,False,False,True,False,1.0,0.02384657045625503,1.0,1.0,False
REACTOME_HDACS_DEACETYLATE_HISTONES,43,0.5116279069767442,8.046292156830507e-05,0.5000000000000009,1.0,0.7209302325581395,0.030929435483871025,0.002700786327295674,0.005401572654591348,0.46511627906976744,0.7288079940717592,0.7607916425613457,True,False,True,False,1.0,0.0239190766563876,1.0,1.0,False
REACTOME_TRANSCRIPTIONAL_REGULATION_OF_GRANULOPOIESIS,43,0.46511627906976744,-0.0023977521725490874,0.7288079940717592,0.7607916425613457,0.627906976744186,0.0287983064516123,0.06314473719271553,0.12628947438543106,0.46511627906976744,0.7288079940717592,0.7607916425613457,False,False,False,False,1.0,0.25529254907389204,1.0,1.0,False
REACTOME_NEGATIVE_REGULATION_OF_THE_PI3K_AKT_NETWORK,114,0.49122807017543857,-0.0010657922509811968,0.6105619539986831,0.9254349612567788,0.5,-0.0006151612903221713,0.537282519371667,1.0,0.4649122807017544,0.8003134065597736,0.5122548722298765,True,False,False,False,1.0,1.0,1.0,1.0,False
REACTOME_NUCLEOTIDE_EXCISION_REPAIR,99,0.45454545454545453,-0.005392056435295921,0.8425600544811955,0.42152334361577376,0.7272727272727273,0.06926427419354883,3.4503495428861842e-06,6.9006990857723685e-06,0.46464646464646464,0.7892383281921199,0.546713483598816,False,False,True,False,0.9063695397066046,0.00010331332345556346,0.9063695397066046,1.0,False
REACTOME_RNA_POLYMERASE_I_TRANSCRIPTION_TERMINATION,28,0.6071428571428571,0.009130798994117444,0.17246422544121584,0.3449284508824317,0.6428571428571429,0.04702669354838727,0.09246667101979189,0.18493334203958378,0.4642857142857143,0.714205905795092,0.850554019212717,True,False,False,False,0.8498864024877469,0.3420178984543832,0.8498864024877469,1.0,False
REACTOME_THE_ROLE_OF_NEF_IN_HIV_1_REPLICATION_AND_DISEASE_PATHOGENESIS,28,0.4642857142857143,-0.004188280962745754,0.714205905795092,0.850554019212717,0.6428571428571429,0.05961282258064539,0.09246667101979189,0.18493334203958378,0.4642857142857143,0.714205905795092,0.850554019212717,False,False,False,False,1.0,0.3420178984543832,1.0,1.0,False
HALLMARK_HYPOXIA,194,0.44329896907216493,-0.013656331333334071,0.9507868058358846,0.13141731350101438,0.7422680412371134,0.09604250000000004,4.7529352331569026e-12,9.505870466313805e-12,0.4639175257731959,0.8592617104679975,0.3506696731741288,False,False,True,False,0.6327344075109776,8.484329471171172e-10,0.6327344075109776,1.0,False
REACTOME_GPCR_LIGAND_BINDING,429,0.4568764568764569,-0.0037637997882353745,0.96678432969265,0.0820735364852291,0.46153846153846156,-0.004451129032257639,0.9497128976509731,0.12225175533079184,0.46386946386946387,0.938874122334495,0.147415143251457,True,False,False,False,0.5020217873726853,0.24829426276486405,0.5020217873726853,1.0,False
REACTOME_METABOLISM_OF_RNA,632,0.4920886075949367,-0.001009135292157398,0.6691291374607543,0.7203736111011201,0.7056962025316456,0.07560290322580661,6.968468723248102e-26,1.3936937446496203e-25,0.46360759493670883,0.9692702792253605,0.07336960407877938,False,False,True,False,1.0,7.30295522196401e-23,1.0,1.0,False
KEGG_STEROID_HORMONE_BIOSYNTHESIS,41,0.36585365853658536,-0.022210436376470848,0.9702080559909445,0.11727520595741031,0.6585365853658537,0.015877096774193803,0.029791944009047847,0.05958388801809569,0.4634146341463415,0.7336453723819385,0.7552286575046243,False,False,True,False,0.6064362623850297,0.14567009636772382,0.6064362623850297,1.0,False
REACTOME_INTEGRIN_CELL_SURFACE_INTERACTIONS,82,0.43902439024390244,-0.004513806023529506,0.8878777358469135,0.32029336363799626,0.7073170731707317,0.05778403225806484,0.00011098201749668395,0.0002219640349933679,0.4634146341463415,0.78014728540705,0.5811144541766122,False,False,True,False,0.8476450633652023,0.0018387846381120528,0.8476450633652023,1.0,False
REACTOME_RNA_POLYMERASE_I_PROMOTER_ESCAPE,41,0.5365853658536586,0.007627181996078076,0.3776143287523125,0.755228657504625,0.6341463414634146,0.0287983064516123,0.05863760297870539,0.11727520595741078,0.4634146341463415,0.7336453723819385,0.7552286575046243,True,False,False,False,1.0,0.24289410245724607,1.0,1.0,False
REACTOME_TRANSPORT_OF_MATURE_MRNAS_DERIVED_FROM_INTRONLESS_TRANSCRIPTS,41,0.5365853658536586,0.013709095298038619,0.3776143287523125,0.755228657504625,0.6829268292682927,0.04959241935483884,0.013766577914793725,0.02753315582958745,0.4634146341463415,0.7336453723819385,0.7552286575046243,True,False,True,False,1.0,0.08291901884162269,1.0,1.0,False
HALLMARK_COAGULATION,136,0.39705882352941174,-0.014953756909804067,0.99369774356509,0.020260011254246403,0.5661764705882353,0.012968991935483967,0.07231823257875938,0.14463646515751877,0.4632352941176471,0.827203717069541,0.4403825433795239,False,False,False,False,0.2921902540520674,0.2856388482759039,0.2921902540520674,1.0,False
REACTOME_FORMATION_OF_THE_CORNIFIED_ENVELOPE,95,0.4421052631578947,-0.00897500992156882,0.8909731590647075,0.3048851907022642,0.5368421052631579,0.0020461290322583026,0.26919701314607386,0.5383940262921477,0.4631578947368421,0.7940449631594751,0.5383940262921487,False,False,False,False,0.8219748857070005,0.7349410787210373,0.8219748857070005,1.0,False
REACTOME_GLYCOSPHINGOLIPID_METABOLISM,54,0.3888888888888889,-0.010656447445098232,0.9620476352554145,0.13367423536410092,0.5555555555555556,0.019657258064516223,0.24830871765895735,0.4966174353179147,0.46296296296296297,0.7516912823410051,0.6834892282353139,False,False,False,False,0.6327344075109776,0.6884326352026119,0.6884326352026119,1.0,False
REACTOME_SIGNALING_BY_WNT,266,0.37593984962406013,-0.010176030878432,0.9999817787426953,6.217470999694927e-05,0.5676691729323309,0.02554637096774208,0.015840024521740177,0.03168004904348035,0.462406015037594,0.9011020804301157,0.24398110770717332,False,False,True,False,0.00698133172251459,0.09188383228109062,0.09188383228109062,1.0,False
KEGG_ALZHEIMERS_DISEASE,145,0.4413793103448276,-0.008101158596078281,0.9326572984095299,0.18374624131167466,0.7172413793103448,0.07733112903225847,8.483883409934741e-08,1.6967766819869482e-07,0.46206896551724136,0.8405052625920203,0.40636805135938175,False,False,True,False,0.7027958426811497,4.167707725130441e-06,0.7027958426811497,1.0,False
KEGG_BASAL_CELL_CARCINOMA,52,0.2692307692307692,-0.019512526415686418,0.9997952292731246,0.0011951203200073755,0.46153846153846156,-0.0035472580645156573,0.7557721653100645,0.6778086391424759,0.46153846153846156,0.7557721653100645,0.6778086391424759,True,False,False,False,0.050776463325718765,0.8476652193571775,0.8476652193571775,1.0,False
KEGG_PYRUVATE_METABOLISM,39,0.3076923076923077,-0.023646481317647107,0.9952623478602642,0.023702702470473014,0.5897435897435898,0.013688064516129202,0.16839181759496585,0.3367836351899317,0.46153846153846156,0.7388013097515818,0.7492586247608424,False,False,False,False,0.3157682057930812,0.5241820539787848,0.5241820539787848,1.0,False
KEGG_T_CELL_RECEPTOR_SIGNALING_PATHWAY,104,0.4326923076923077,-0.013690693001960878,0.9295218558938909,0.20217310609618375,0.6057692307692307,0.03574802419354874,0.019478966700656873,0.038957933401313746,0.46153846153846156,0.811208038350991,0.49264506648652173,False,False,True,False,0.7306117765131054,0.10744187948572843,0.7306117765131054,1.0,False
REACTOME_ACYL_CHAIN_REMODELLING_OF_PE,26,0.46153846153846156,-0.010110392943137536,0.7214014530181951,0.8450189828872761,0.5384615384615384,0.003467258064516414,0.42250949144363786,0.8450189828872757,0.46153846153846156,0.7214014530181951,0.8450189828872761,False,False,False,False,1.0,0.9584197987725811,1.0,1.0,False
REACTOME_BUDDING_AND_MATURATION_OF_HIV_VIRION,26,0.38461538461538464,-0.022329787396078726,0.915681228041657,0.32693958282471,0.6923076923076923,0.1535012096774197,0.03775934875011474,0.07551869750022948,0.46153846153846156,0.7214014530181951,0.8450189828872761,False,False,True,False,0.8498864024877469,0.17587465551164555,0.8498864024877469,1.0,False
REACTOME_CREB1_PHOSPHORYLATION_THROUGH_NMDA_RECEPTOR_MEDIATED_ACTIVATION_OF_RAS_SIGNALING,26,0.34615384615384615,-0.020914585790196057,0.9622406512498943,0.168637543916704,0.5769230769230769,0.026456370967742164,0.27859854698181374,0.5571970939636275,0.46153846153846156,0.7214014530181951,0.8450189828872761,False,False,False,False,0.6899561990553106,0.7473667506065037,0.7473667506065037,1.0,False
REACTOME_CS_DS_DEGRADATION,13,0.07692307692307693,-0.09360858209411771,0.999877929687498,0.00341796875,0.6153846153846154,0.016513064516129335,0.29052734374999983,0.5810546874999997,0.46153846153846156,0.7094726562499986,0.9999999999999977,False,False,False,False,0.10202523906305991,0.7657266739024597,0.7657266739024597,1.0,False
REACTOME_DEACTIVATION_OF_THE_BETA_CATENIN_TRANSACTIVATING_COMPLEX,39,0.3333333333333333,-0.027161279854901972,0.9881486487647656,0.05325191409792756,0.6153846153846154,0.024635887096774334,0.09979543345980374,0.19959086691960748,0.46153846153846156,0.7388013097515818,0.7492586247608424,False,False,False,False,0.43753026127750777,0.36344024806382624,0.43753026127750777,1.0,False
REACTOME_DISEASES_ASSOCIATED_WITH_GLYCOSYLATION_PRECURSOR_BIOSYNTHESIS,13,0.46153846153846156,-0.0007495312196092417,0.7094726562499986,0.9999999999999977,0.5384615384615384,0.023524274193548727,0.4999999999999993,0.9999999999999986,0.46153846153846156,0.7094726562499986,0.9999999999999977,False,False,False,False,1.0,1.0,1.0,1.0,False
REACTOME_EARLY_PHASE_OF_HIV_LIFE_CYCLE,13,0.5384615384615384,0.028331959180390227,0.4999999999999993,0.9999999999999986,0.7692307692307693,0.0700351612903231,0.04614257812499994,0.09228515624999988,0.46153846153846156,0.7094726562499986,0.9999999999999977,True,False,True,False,1.0,0.20783992209885388,1.0,1.0,False
REACTOME_ERKS_ARE_INACTIVATED,13,0.3076923076923077,-0.006803844690196083,0.953857421874998,0.26684570312500017,0.5384615384615384,0.03132298387096803,0.4999999999999993,0.9999999999999986,0.46153846153846156,0.7094726562499986,0.9999999999999977,False,False,False,False,0.7797052886849448,1.0,1.0,1.0,False
REACTOME_ESR_MEDIATED_SIGNALING,169,0.5029585798816568,0.0015831445294115704,0.4999999999999802,0.9999999999999604,0.5680473372781065,0.020787661290323122,0.04514525772925901,0.09029051545851802,0.46153846153846156,0.8592607791470548,0.3560041265046613,True,False,True,False,1.0,0.20422545367020192,1.0,1.0,False
REACTOME_FGFR2C_LIGAND_BINDING_AND_ACTIVATION,13,0.3076923076923077,-0.010128730105882444,0.953857421874998,0.26684570312500017,0.5384615384615384,0.002515725806451761,0.4999999999999993,0.9999999999999986,0.46153846153846156,0.7094726562499986,0.9999999999999977,False,False,False,False,0.7797052886849448,1.0,1.0,1.0,False
REACTOME_FGFR3_LIGAND_BINDING_AND_ACTIVATION,13,0.3076923076923077,-0.010128730105882444,0.953857421874998,0.26684570312500017,0.5384615384615384,0.002515725806451761,0.4999999999999993,0.9999999999999986,0.46153846153846156,0.7094726562499986,0.9999999999999977,False,False,False,False,0.7797052886849448,1.0,1.0,1.0,False
REACTOME_HIV_TRANSCRIPTION_ELONGATION,39,0.5384615384615384,0.01063441599215681,0.3746293123804216,0.7492586247608432,0.6666666666666666,0.07625427419354852,0.02662595704896376,0.05325191409792752,0.46153846153846156,0.7388013097515818,0.7492586247608424,True,False,True,False,1.0,0.1359317316590312,1.0,1.0,False
REACTOME_MITOCHONDRIAL_IRON_SULFUR_CLUSTER_BIOGENESIS,13,0.46153846153846156,-0.0024685595647059785,0.7094726562499986,0.9999999999999977,0.6923076923076923,0.05236282258064524,0.1334228515625,0.266845703125,0.46153846153846156,0.7094726562499986,0.9999999999999977,False,False,False,False,1.0,0.4360513984537425,1.0,1.0,False
REACTOME_MRNA_CAPPING,26,0.6538461538461539,0.02548255953921488,0.08431877195835176,0.16863754391670352,0.7307692307692307,0.08011278225806472,0.014479637145996179,0.028959274291992358,0.46153846153846156,0.7214014530181951,0.8450189828872761,True,False,True,False,0.6899561990553106,0.08654748894869199,0.6899561990553106,1.0,False
REACTOME_M_DECAY_DEGRADATION_OF_MATERNAL_MRNAS_BY_MATERNALLY_STORED_FACTORS,26,0.5,0.012278816358823235,0.577490508556371,1.0,0.6538461538461539,0.010937983870967945,0.08431877195835176,0.16863754391670352,0.46153846153846156,0.7214014530181951,0.8450189828872761,True,False,False,False,1.0,0.31939544462296227,1.0,1.0,False
REACTOME_NUCLEOTIDE_BIOSYNTHESIS,13,0.38461538461538464,-0.03064277364705905,0.866577148437498,0.5810546874999991,0.6153846153846154,0.028656290322580904,0.29052734374999983,0.5810546874999997,0.46153846153846156,0.7094726562499986,0.9999999999999977,False,False,False,False,1.0,0.7657266739024597,1.0,1.0,False
REACTOME_PRC2_METHYLATES_HISTONES_AND_DNA,26,0.5,0.004617434229412028,0.577490508556371,1.0,0.5769230769230769,0.01779641129032266,0.27859854698181374,0.5571970939636275,0.46153846153846156,0.7214014530181951,0.8450189828872761,True,False,False,False,1.0,0.7473667506065037,1.0,1.0,False
REACTOME_SCF_SKP2_MEDIATED_DEGRADATION_OF_P27_P21,52,0.5769230769230769,0.007018575290195501,0.16587488168474773,0.33174976336949547,0.8076923076923077,0.16018274193548399,4.531635958482451e-06,9.063271916964901e-06,0.46153846153846156,0.7557721653100645,0.6778086391424759,True,False,True,False,0.8498864024877469,0.00013238369558104596,0.8498864024877469,1.0,False
REACTOME_UBIQUINOL_BIOSYNTHESIS,13,0.07692307692307693,-0.050002562741176856,0.999877929687498,0.00341796875,0.6153846153846154,0.02440830645161316,0.29052734374999983,0.5810546874999997,0.46153846153846156,0.7094726562499986,0.9999999999999977,False,False,False,False,0.10202523906305991,0.7657266739024597,0.7657266739024597,1.0,False
REACTOME_GASTRULATION,115,0.4434782608695652,-0.007855765427451103,0.9042520324398564,0.2630539575429348,0.6173913043478261,0.029798629032258224,0.00748233556841208,0.01496467113682416,0.4608695652173913,0.8244373151222804,0.45581402955519157,False,False,True,False,0.7797052886849448,0.05317341050374668,0.7797052886849448,1.0,False
REACTOME_TRANSCRIPTIONAL_REGULATION_BY_RUNX1,178,0.47752808988764045,-0.004710347739215904,0.7499726969992037,0.5999362771492881,0.6123595505617978,0.031049435483871117,0.0016748570902765478,0.0033497141805530956,0.4606741573033708,0.8695853323695903,0.3298754764930379,False,False,True,False,1.0,0.01696478248407969,1.0,1.0,False
REACTOME_EPH_EPHRIN_MEDIATED_REPULSION_OF_CELLS,50,0.48,-0.001435301021569238,0.6640944831173284,0.8877248273408018,0.54,0.01104334677419368,0.3359055168826889,0.6718110337653778,0.46,0.7600561691508486,0.6718110337653816,False,False,False,False,1.0,0.8428467239259169,1.0,1.0,False
HALLMARK_KRAS_SIGNALING_UP,198,0.5050505050505051,0.0008045659882351186,0.47168418140239776,0.9433683628047955,0.5303030303030303,0.006165120967742279,0.21722318993711778,0.43444637987423557,0.4595959595959596,0.8865472237252858,0.28639562989179784,True,False,False,False,1.0,0.628867135508562,1.0,1.0,False
REACTOME_RESOLUTION_OF_ABASIC_SITES_AP_SITES,37,0.43243243243243246,-0.028302503007843118,0.8379956999560827,0.5113757815852296,0.7567567567567568,0.04535282258064569,0.001281603996176287,0.002563207992352574,0.4594594594594595,0.744312109207386,0.742829358729068,False,False,True,False,0.984842238512596,0.013476130314308516,0.984842238512596,1.0,False
REACTOME_TCF_DEPENDENT_SIGNALING_IN_RESPONSE_TO_WNT,172,0.4011627906976744,-0.009717986747059114,0.9962830674434561,0.011642176555511058,0.6046511627906976,0.03776322580645187,0.003716932556524265,0.00743386511304853,0.45930232558139533,0.8736687733462206,0.32157393688808694,False,False,True,False,0.2117456896551729,0.0305917171667861,0.2117456896551729,1.0,False
REACTOME_PHASE_I_FUNCTIONALIZATION_OF_COMPOUNDS,98,0.47959183673469385,-0.002821616764706247,0.693132766184963,0.7620362195292824,0.5918367346938775,0.00767625000000049,0.04270529455640433,0.08541058911280866,0.45918367346938777,0.8183229061680095,0.47969249956751,False,False,True,False,1.0,0.1948700233459147,1.0,1.0,False
REACTOME_SEMAPHORIN_INTERACTIONS,61,0.4262295081967213,-0.01158262962352942,0.899984315743449,0.3056774198631179,0.639344262295082,0.023397338709677737,0.019808507449249918,0.039617014898499836,0.45901639344262296,0.7786869975267646,0.6089207154048298,False,False,True,False,0.8219748857070005,0.10887753045531773,0.8219748857070005,1.0,False
REACTOME_METABOLISM_OF_STEROIDS,146,0.3287671232876712,-0.027275366739215826,0.9999899241708946,4.266345800702123e-05,0.6917808219178082,0.01760939516129062,2.0534424461624013e-06,4.106884892324803e-06,0.4589041095890411,0.8590317329351493,0.36267876308772473,False,False,True,False,0.00609699599882158,6.795813737615359e-05,0.00609699599882158,1.0,False
REACTOME_SYNTHESIS_OF_DNA,109,0.46788990825688076,-0.007827488458823832,0.778165249398799,0.5657001139736129,0.7522935779816514,0.08219733870967767,6.303857660858806e-08,1.2607715321717612e-07,0.45871559633027525,0.8309072939016402,0.4436695012023255,False,False,True,False,1.0,3.2988238603781094e-06,1.0,1.0,False
KEGG_NICOTINATE_AND_NICOTINAMIDE_METABOLISM,24,0.4166666666666667,-0.008945925309804658,0.8462718725204479,0.5412561893463135,0.625,0.025391451612903588,0.15372812747955353,0.30745625495910706,0.4583333333333333,0.7293719053268445,0.8388197422027591,False,False,False,False,0.9919146069216969,0.4867283311135109,0.9919146069216969,1.0,False
REACTOME_ACYL_CHAIN_REMODELLING_OF_PC,24,0.4166666666666667,-0.015111100186274935,0.8462718725204479,0.5412561893463135,0.5416666666666666,0.003467258064516414,0.4194098711013804,0.8388197422027608,0.4583333333333333,0.7293719053268445,0.8388197422027591,False,False,False,False,0.9919146069216969,0.9555250976396666,0.9919146069216969,1.0,False
REACTOME_AQUAPORIN_MEDIATED_TRANSPORT,48,0.5208333333333334,0.004255762717646857,0.4427167486432525,0.885433497286505,0.5208333333333334,0.012299798387097065,0.4427167486432525,0.885433497286505,0.4583333333333333,0.7645604931891388,0.6654658120766159,True,False,False,False,1.0,0.9927970454596189,1.0,1.0,False
REACTOME_CHONDROITIN_SULFATE_DERMATAN_SULFATE_METABOLISM,48,0.25,-0.05320264974509807,0.9998888775186828,0.0007172696733945756,0.75,0.06455387096774264,0.0003586348366972891,0.0007172696733945783,0.4583333333333333,0.7645604931891388,0.6654658120766159,False,False,True,False,0.03637251376052493,0.004818580882804603,0.03637251376052493,1.0,False
REACTOME_FC_EPSILON_RECEPTOR_FCERI_SIGNALING,120,0.4583333333333333,-0.00724219705490243,0.8423483495838107,0.4114232202639148,0.7,0.07352314516129069,6.94850606051321e-06,1.389701212102642e-05,0.4583333333333333,0.8423483495838107,0.4114232202639148,False,False,True,False,0.9058225521776947,0.00018668242645019688,0.9058225521776947,1.0,False
REACTOME_GLUTAMATE_NEUROTRANSMITTER_RELEASE_CYCLE,24,0.375,-0.017046599780392333,0.9242051839828502,0.30745625495910656,0.6666666666666666,0.03525048387096803,0.07579481601715092,0.15158963203430184,0.4583333333333333,0.7293719053268445,0.8388197422027591,False,False,False,False,0.8219748857070005,0.293110580022045,0.8219748857070005,1.0,False
REACTOME_REGULATION_OF_ENDOGENOUS_RETROELEMENTS_BY_THE_HUMAN_SILENCING_HUB_HUSH_COMPLEX,24,0.4166666666666667,-0.0026034948274513765,0.8462718725204479,0.5412561893463135,0.7083333333333334,0.05545145161290323,0.031957328319549505,0.06391465663909901,0.4583333333333333,0.7293719053268445,0.8388197422027591,False,False,True,False,0.9919146069216969,0.1531613418241824,0.9919146069216969,1.0,False
REACTOME_TRANSCRIPTIONAL_AND_POST_TRANSLATIONAL_REGULATION_OF_MITF_M_EXPRESSION_AND_ACTIVITY,48,0.4791666666666667,-0.0025169432392162993,0.6672670939616857,0.8854334972865098,0.5625,0.020333145161290717,0.23543950681085418,0.47087901362170836,0.4583333333333333,0.7645604931891388,0.6654658120766159,False,False,False,False,1.0,0.6692783086919761,1.0,1.0,False
REACTOME_VEGFR2_MEDIATED_VASCULAR_PERMEABILITY,24,0.375,-0.02793371713333534,0.9242051839828502,0.30745625495910656,0.6666666666666666,0.11540088709677448,0.07579481601715092,0.15158963203430184,0.4583333333333333,0.7293719053268445,0.8388197422027591,False,False,False,False,0.8219748857070005,0.293110580022045,0.8219748857070005,1.0,False
REACTOME_RAB_GEFS_EXCHANGE_GTP_FOR_GDP_ON_RABS,83,0.4457831325301205,-0.005196025176470744,0.8638655270139796,0.3799993964119181,0.6265060240963856,0.037157419354838905,0.013767089006147279,0.027534178012294557,0.4578313253012048,0.8100003017940451,0.5104099416812329,False,False,True,False,0.8808717407967036,0.08291901884162269,0.8808717407967036,1.0,False
REACTOME_ION_CHANNEL_TRANSPORT,177,0.4745762711864407,-0.00393918138039232,0.7738208488182026,0.5477509096395773,0.5875706214689266,0.01204290322580693,0.011931897971913212,0.023863795943826423,0.4576271186440678,0.8854892188332263,0.2926371081880494,False,False,True,False,0.9919146069216969,0.07428492519543592,0.9919146069216969,1.0,False
KEGG_VEGF_SIGNALING_PATHWAY,70,0.4142857142857143,-0.01412177834117663,0.9401953321850407,0.1882162030230256,0.7571428571428571,0.04409758064516141,9.599846200160594e-06,1.9199692400321188e-05,0.45714285714285713,0.7985184624769455,0.5504125118224655,False,False,True,False,0.7117140920538645,0.0002453814345797147,0.7117140920538645,1.0,False
REACTOME_CLATHRIN_MEDIATED_ENDOCYTOSIS,140,0.4714285714285714,-0.004133915339216355,0.7765051933628939,0.5542689157763061,0.6142857142857143,0.03399116935483879,0.0042782739805378635,0.008556547961075727,0.45714285714285713,0.8640789818791202,0.35258382707226893,False,False,True,False,0.9948581296635512,0.03440126187931213,0.9948581296635512,1.0,False
REACTOME_COOPERATION_OF_PDCL_PHLP1_AND_TRIC_CCT_IN_G_PROTEIN_BETA_FOLDING,35,0.5428571428571428,0.005321441360784078,0.3679394004284411,0.7358788008568822,0.45714285714285713,-0.005613467741935434,0.7502200833987452,0.7358788008568803,0.45714285714285713,0.7502200833987452,0.7358788008568803,False,False,False,False,1.0,0.8995345839401366,1.0,1.0,False
REACTOME_GLYCOSPHINGOLIPID_CATABOLISM,35,0.3142857142857143,-0.024849438737255074,0.9916630760999402,0.040959591511637104,0.5714285714285714,0.03990290322580674,0.249779916601256,0.499559833202512,0.45714285714285713,0.7502200833987452,0.7358788008568803,False,False,False,False,0.389624705840679,0.6912923043964339,0.6912923043964339,1.0,False
REACTOME_INTERACTIONS_OF_VPR_WITH_HOST_CELLULAR_PROTEINS,35,0.5142857142857142,0.013709095298038619,0.5000000000000007,1.0,0.7142857142857143,0.036362661290322944,0.00833692390006037,0.01667384780012074,0.45714285714285713,0.7502200833987452,0.7358788008568803,True,False,True,False,1.0,0.057355117596914224,1.0,1.0,False
REACTOME_REPRODUCTION,105,0.3142857142857143,-0.018932205960785174,0.9999609578817,0.00017835722231013815,0.5523809523809524,0.00718032258064554,0.16456856308307138,0.32913712616614277,0.45714285714285713,0.8354314369169428,0.4351144948923027,False,False,False,False,0.015071825493482401,0.5174035623331764,0.5174035623331764,1.0,False
HALLMARK_XENOBIOTIC_METABOLISM,197,0.467005076142132,-0.008229414764705976,0.8407278459742492,0.39262604468046913,0.6142131979695431,0.026507741935483917,0.0008253693435676254,0.0016507386871352507,0.45685279187817257,0.9002179233165516,0.2542469517320688,False,False,True,False,0.8829873279509264,0.009436222604278597,0.8829873279509264,1.0,False
REACTOME_PI_METABOLISM,81,0.5061728395061729,0.0010718623450978113,0.49999999999999073,0.9999999999999815,0.654320987654321,0.02829790322580685,0.0036377510181542128,0.0072755020363084255,0.4567901234567901,0.812912791197632,0.5052364407669235,True,False,True,False,1.0,0.03017701636168033,1.0,1.0,False
KEGG_UBIQUITIN_MEDIATED_PROTEOLYSIS,127,0.5118110236220472,0.004555927984313561,0.42961390782998626,0.8592278156599725,0.7086614173228346,0.035013548387096846,1.4360152434035824e-06,2.872030486807165e-06,0.4566929133858268,0.8565426963984555,0.3749570506813311,True,False,True,False,1.0,4.815321551353122e-05,1.0,1.0,False
REACTOME_ABC_FAMILY_PROTEINS_MEDIATED_TRANSPORT,92,0.4891304347826087,-0.004401175911764961,0.6226741251947442,0.9170405196524655,0.6630434782608695,0.05113903225806482,0.0011573007607127365,0.002314601521425473,0.45652173913043476,0.8259293548403865,0.46570744577306183,False,False,True,False,1.0,0.01250955493179777,1.0,1.0,False
REACTOME_TRANSCRIPTIONAL_REGULATION_BY_SMALL_RNAS,57,0.43859649122807015,-0.002542565992157044,0.8553781264455109,0.427042856503267,0.6666666666666666,0.036362661290322944,0.008174051948688291,0.016348103897376582,0.45614035087719296,0.786478571748392,0.5966417603730989,False,False,True,False,0.9096360032833817,0.056481800717969204,0.9096360032833817,1.0,False
REACTOME_ABC_TRANSPORTER_DISORDERS,68,0.5147058823529411,0.0015294354294116427,0.45179867284177166,0.9035973456835433,0.6764705882352942,0.07910391129032288,0.002451691258178035,0.00490338251635607,0.45588235294117646,0.8019375798515103,0.5446122234192757,True,False,True,False,1.0,0.022277795710149546,1.0,1.0,False
KEGG_DORSO_VENTRAL_AXIS_FORMATION,22,0.45454545454545453,-0.004999685915686371,0.7382664680480944,0.8318119049072269,0.6363636363636364,0.03852258064516156,0.14313936233520455,0.2862787246704091,0.45454545454545453,0.7382664680480944,0.8318119049072269,False,False,False,False,1.0,0.46109647047324087,1.0,1.0,False
KEGG_SULFUR_METABOLISM,11,0.2727272727272727,-0.044043996796078795,0.9672851562500003,0.22656250000000067,0.6363636363636364,0.013916451612903356,0.2744140625000004,0.5488281250000008,0.45454545454545453,0.7255859374999999,1.0,False,False,False,False,0.7378528981121056,0.7392954691516723,0.7392954691516723,1.0,False
REACTOME_AUF1_HNRNP_D0_BINDS_AND_DESTABILIZES_MRNA,44,0.5681818181818182,0.006779790507841382,0.2256904161980636,0.4513808323961272,0.7954545454545454,0.16240282258064523,5.3022333133867885e-05,0.00010604466626773577,0.45454545454545453,0.7743095838019377,0.6515878272089153,True,False,True,False,0.9327301742513864,0.001022712977747734,0.9327301742513864,1.0,False
REACTOME_BIOTIN_TRANSPORT_AND_METABOLISM,11,0.09090909090909091,-0.06707618981176475,0.9995117187500003,0.011718750000000026,0.45454545454545453,-0.0027249999999998283,0.7255859374999999,1.0,0.45454545454545453,0.7255859374999999,1.0,True,False,False,False,0.2117456896551729,1.0,1.0,1.0,False
REACTOME_CD28_CO_STIMULATION,33,0.45454545454545453,-0.0082887007490197,0.7565748791676008,0.7283324808813625,0.5757575757575758,0.06760709677419388,0.2434251208323983,0.4868502416647966,0.45454545454545453,0.7565748791676008,0.7283324808813625,False,False,False,False,1.0,0.6772819291124428,1.0,1.0,False
REACTOME_CD28_DEPENDENT_PI3K_AKT_SIGNALING,22,0.5,-0.0013359789490197168,0.5840940475463855,1.0,0.5,0.021851733870968237,0.5840940475463855,1.0,0.45454545454545453,0.7382664680480944,0.8318119049072269,False,False,False,False,1.0,1.0,1.0,1.0,False
REACTOME_CHROMATIN_MODIFICATIONS_DURING_THE_MATERNAL_TO_ZYGOTIC_TRANSITION_MZT,22,0.3181818181818182,-0.02334935149215734,0.9737606048583971,0.13380050659179663,0.5909090909090909,0.024689153225806615,0.26173353195190396,0.5234670639038079,0.45454545454545453,0.7382664680480944,0.8318119049072269,False,False,False,False,0.6327344075109776,0.7161794816856287,0.7161794816856287,1.0,False
REACTOME_FRS_MEDIATED_FGFR4_SIGNALING,22,0.36363636363636365,-0.008266249370588648,0.9330997467041006,0.2862787246704094,0.6363636363636364,0.016010161290322934,0.14313936233520455,0.2862787246704091,0.45454545454545453,0.7382664680480944,0.8318119049072269,False,False,False,False,0.8065056544478201,0.46109647047324087,0.8065056544478201,1.0,False
REACTOME_GLUTATHIONE_SYNTHESIS_AND_RECYCLING,11,0.5454545454545454,0.0003814565686274486,0.5,1.0,0.7272727272727273,0.06785395161290328,0.11328125000000024,0.22656250000000047,0.45454545454545453,0.7255859374999999,1.0,True,False,False,False,1.0,0.3909508781558735,1.0,1.0,False
REACTOME_GPVI_MEDIATED_ACTIVATION_CASCADE,33,0.5757575757575758,0.00489455558823518,0.2434251208323983,0.4868502416647966,0.6363636363636364,0.061221612903226356,0.081377828726545,0.16275565745309,0.45454545454545453,0.7565748791676008,0.7283324808813625,True,False,False,False,0.9602617062698373,0.3120145042881189,0.9602617062698373,1.0,False
REACTOME_IRAK1_RECRUITS_IKK_COMPLEX,11,0.5454545454545454,0.0053615430588218205,0.5,1.0,0.5454545454545454,0.022494838709677556,0.5,1.0,0.45454545454545453,0.7255859374999999,1.0,True,False,False,False,1.0,1.0,1.0,1.0,False
REACTOME_LYSINE_CATABOLISM,11,0.18181818181818182,-0.05613179629411833,0.9941406250000006,0.06542968750000026,0.7272727272727273,0.023429193548387753,0.11328125000000024,0.22656250000000047,0.45454545454545453,0.7255859374999999,1.0,False,False,False,False,0.4654093608597304,0.3909508781558735,0.4654093608597304,1.0,False
REACTOME_MET_ACTIVATES_RAS_SIGNALING,11,0.45454545454545453,-0.00018469028235396697,0.7255859374999999,1.0,0.6363636363636364,0.029786532258064925,0.2744140625000004,0.5488281250000008,0.45454545454545453,0.7255859374999999,1.0,False,False,False,False,1.0,0.7392954691516723,1.0,1.0,False
REACTOME_NOD1_2_SIGNALING_PATHWAY,33,0.6060606060606061,0.00898857430196064,0.14810318429954358,0.29620636859908717,0.5454545454545454,0.006876532258064857,0.36416624044068147,0.7283324808813629,0.45454545454545453,0.7565748791676008,0.7283324808813625,True,False,False,False,0.8219748857070005,0.8910028482066167,0.8910028482066167,1.0,False
REACTOME_NRAGE_SIGNALS_DEATH_THROUGH_JNK,55,0.38181818181818183,-0.010943086623529627,0.9709679266037994,0.10478948242660367,0.4909090909090909,-0.001230887096773596,0.6061469051649802,1.0,0.45454545454545453,0.790622905865494,0.5900533317766374,True,False,False,False,0.5792960122688614,1.0,1.0,1.0,False
REACTOME_P2Y_RECEPTORS,11,0.5454545454545454,0.005128518615686195,0.5,1.0,0.36363636363636365,-0.004264596774193247,0.88671875,0.548828125000001,0.45454545454545453,0.7255859374999999,1.0,False,False,False,False,1.0,0.7392954691516723,1.0,1.0,False
REACTOME_PEPTIDE_HORMONE_BIOSYNTHESIS,11,0.36363636363636365,-0.014898053929412196,0.88671875,0.548828125000001,0.7272727272727273,0.01934169354838744,0.11328125000000024,0.22656250000000047,0.45454545454545453,0.7255859374999999,1.0,False,False,False,False,0.9919146069216969,0.3909508781558735,0.9919146069216969,1.0,False
REACTOME_REGULATION_BY_C_FLIP,11,0.36363636363636365,-0.02245620589803924,0.88671875,0.548828125000001,0.5454545454545454,0.006335241935484322,0.5,1.0,0.45454545454545453,0.7255859374999999,1.0,False,False,False,False,0.9919146069216969,1.0,1.0,1.0,False
REACTOME_REGULATION_OF_GENE_EXPRESSION_BY_HYPOXIA_INDUCIBLE_FACTOR,11,0.36363636363636365,-0.007024735388235432,0.88671875,0.548828125000001,0.7272727272727273,0.09528588709677421,0.11328125000000024,0.22656250000000047,0.45454545454545453,0.7255859374999999,1.0,False,False,False,False,0.9919146069216969,0.3909508781558735,0.9919146069216969,1.0,False
REACTOME_SIGNALING_BY_ACTIVATED_POINT_MUTANTS_OF_FGFR1,11,0.36363636363636365,-0.007528235552941585,0.88671875,0.548828125000001,0.5454545454545454,0.002515725806451761,0.5,1.0,0.45454545454545453,0.7255859374999999,1.0,False,False,False,False,0.9919146069216969,1.0,1.0,1.0,False
REACTOME_TGFBR3_PTM_REGULATION,11,0.2727272727272727,-0.07057143092549067,0.9672851562500003,0.22656250000000067,0.6363636363636364,0.08464193548387239,0.2744140625000004,0.5488281250000008,0.45454545454545453,0.7255859374999999,1.0,False,False,False,False,0.7378528981121056,0.7392954691516723,0.7392954691516723,1.0,False
REACTOME_TRANSPORT_OF_NUCLEOSIDES_AND_FREE_PURINE_AND_PYRIMIDINE_BASES_ACROSS_THE_PLASMA_MEMBRANE,11,0.36363636363636365,-0.007116533788235237,0.88671875,0.548828125000001,0.7272727272727273,0.02343733870967774,0.11328125000000024,0.22656250000000047,0.45454545454545453,0.7255859374999999,1.0,False,False,False,False,0.9919146069216969,0.3909508781558735,0.9919146069216969,1.0,False
HALLMARK_OXIDATIVE_PHOSPHORYLATION,185,0.4486486486486487,-0.012008471176470779,0.929381220494911,0.18555890492458432,0.7027027027027027,0.10572596774193571,1.742949527277892e-08,3.485899054555784e-08,0.4540540540540541,0.9072205475377273,0.23937768210631394,False,False,True,False,0.7062920061536235,1.165921981651424e-06,0.7062920061536235,1.0,False
REACTOME_TOLL_LIKE_RECEPTOR_TLR1_TLR2_CASCADE,108,0.4537037037037037,-0.009177363100000321,0.8551008922974935,0.3865726089882705,0.5555555555555556,0.011776330645161509,0.1448991077025331,0.2897982154050662,0.4537037037037037,0.8551008922974935,0.3865726089882705,False,False,False,False,0.8808717407967036,0.46533482596196535,0.8808717407967036,1.0,False
REACTOME_SIGNALING_BY_NOTCH,181,0.44751381215469616,-0.006647310517647657,0.9315474693286485,0.18076160320204804,0.6850828729281768,0.04388314516129073,3.515111594421305e-07,7.03022318884261e-07,0.4530386740331492,0.9096191983990316,0.23424519083526035,False,False,True,False,0.6964638241020086,1.3477452259586077e-05,0.6964638241020086,1.0,False
KEGG_AUTOIMMUNE_THYROID_DISEASE,42,0.4523809523809524,-0.00538419482941189,0.779600466328704,0.6439689563703715,0.47619047619047616,-0.0028187499999997633,0.6780155218148155,0.877614328752315,0.4523809523809524,0.779600466328704,0.6439689563703715,True,False,False,False,1.0,0.9854355177133162,1.0,1.0,False
REACTOME_TCR_SIGNALING,104,0.5480769230769231,0.005492449017646151,0.18879196164905657,0.37758392329811313,0.6730769230769231,0.06723544354838747,0.0002671420949900958,0.0005342841899801916,0.4519230769230769,0.859654835482952,0.3775839232981131,True,False,True,False,0.8808717407967036,0.0037409093799612558,0.8808717407967036,1.0,False
KEGG_BASE_EXCISION_REPAIR,31,0.3870967741935484,-0.02919818806666743,0.925193607807157,0.28104151505976793,0.6774193548387096,0.03077040322580657,0.035377772990614134,0.07075554598122827,0.45161290322580644,0.7634351700544333,0.720100131817159,False,False,True,False,0.7989100572765933,0.1660115198246132,0.7989100572765933,1.0,False
KEGG_GNRH_SIGNALING_PATHWAY,93,0.34408602150537637,-0.017955898952941397,0.999143617788806,0.0034618534914423707,0.6344086021505376,0.01706572580645177,0.006200301398968803,0.012400602797937607,0.45161290322580644,0.8501341515514891,0.40692436804614296,False,False,True,False,0.10202523906305991,0.04663575980468401,0.10202523906305991,1.0,False
REACTOME_APC_C_CDH1_MEDIATED_DEGRADATION_OF_CDC20_AND_OTHER_APC_C_CDH1_TARGETED_PROTEINS_IN_LATE_MITOSIS_EARLY_G1,62,0.46774193548387094,-0.003997246027451385,0.7371133199121678,0.7035366713552629,0.8225806451612904,0.11532875000000005,1.3878184320715373e-07,2.7756368641430746e-07,0.45161290322580644,0.8129241437975937,0.52577336017564,False,False,True,False,1.0,6.168958290639497e-06,1.0,1.0,False
REACTOME_G_PROTEIN_BETA_GAMMA_SIGNALLING,31,0.5483870967741935,0.003153473827450664,0.3600500659085799,0.7201001318171598,0.5161290322580645,0.0018442741935485764,0.4999999999999987,0.9999999999999974,0.45161290322580644,0.7634351700544333,0.720100131817159,True,False,False,False,1.0,1.0,1.0,1.0,False
REACTOME_NUCLEAR_IMPORT_OF_REV_PROTEIN,31,0.5161290322580645,0.013709095298038619,0.4999999999999987,0.9999999999999974,0.6774193548387096,0.03082637096774203,0.035377772990614134,0.07075554598122827,0.45161290322580644,0.7634351700544333,0.720100131817159,True,False,True,False,1.0,0.1660115198246132,1.0,1.0,False
REACTOME_N_GLYCAN_TRIMMING_IN_THE_ER_AND_CALNEXIN_CALRETICULIN_CYCLE,31,0.6451612903225806,0.0053615430588218205,0.07480639219284035,0.1496127843856807,0.5483870967741935,0.008504838709677547,0.3600500659085799,0.7201001318171598,0.45161290322580644,0.7634351700544333,0.720100131817159,True,False,False,False,0.6587991514125772,0.8850644309746484,0.8850644309746484,1.0,False
REACTOME_RIPK1_MEDIATED_REGULATED_NECROSIS,31,0.41935483870967744,-0.011865659588235282,0.8594792424701133,0.473129659891128,0.7096774193548387,0.06677822580645176,0.014724686741828917,0.029449373483657833,0.45161290322580644,0.7634351700544333,0.720100131817159,False,False,True,False,0.9528785503526949,0.08751307205351629,0.9528785503526949,1.0,False
REACTOME_SIGNAL_AMPLIFICATION,31,0.6129032258064516,0.00859982993725484,0.14052075752988424,0.2810415150597685,0.5161290322580645,0.023381612903226233,0.4999999999999987,0.9999999999999974,0.45161290322580644,0.7634351700544333,0.720100131817159,True,False,False,False,0.7989100572765933,1.0,1.0,1.0,False
REACTOME_PLATELET_HOMEOSTASIS,82,0.4024390243902439,-0.011393699886274655,0.9700958308327924,0.09703091129729348,0.4634146341463415,-0.005459516129032007,0.78014728540705,0.5811144541766122,0.45121951219512196,0.8398533181809505,0.43970542918579736,True,False,False,False,0.5506591789146041,0.7657266739024597,0.7657266739024597,1.0,False
REACTOME_DEFECTIVE_CFTR_CAUSES_CYSTIC_FIBROSIS,51,0.5490196078431373,0.005326989666665196,0.28792467386591325,0.5758493477318265,0.7450980392156863,0.11542991935483884,0.0003105217281138447,0.0006210434562276894,0.45098039215686275,0.7994690044860002,0.5758493477318299,True,False,True,False,1.0,0.004263232808689641,1.0,1.0,False
HALLMARK_GLYCOLYSIS,193,0.41450777202072536,-0.01646114070980431,0.9929106112786313,0.02101408025484925,0.7046632124352331,0.06277443548387111,6.229336910734895e-09,1.245867382146979e-08,0.45077720207253885,0.9251083022219432,0.19495973532361624,False,False,True,False,0.29625822368421084,5.021803909577054e-07,0.29625822368421084,1.0,False
KEGG_NOD_LIKE_RECEPTOR_SIGNALING_PATHWAY,60,0.5666666666666667,0.008630687656862588,0.18314700335165185,0.3662940067033037,0.55,0.007807822580645655,0.25947900159483467,0.5189580031896693,0.45,0.8168529966483867,0.5189580031896701,True,False,False,False,0.8698099373679659,0.7131136197676226,0.8698099373679659,1.0,False
KEGG_NUCLEOTIDE_EXCISION_REPAIR,40,0.475,-0.0018864214196079362,0.6820859986855652,0.8746293123804036,0.625,0.0251500403225809,0.0769299720814146,0.1538599441628292,0.45,0.7852047460782913,0.6358280026288302,False,False,False,False,1.0,0.29677034628707666,1.0,1.0,False
REACTOME_CONSTITUTIVE_SIGNALING_BY_ABERRANT_PI3K_IN_CANCER,80,0.5375,0.006420118282353042,0.2882153130941921,0.5764306261883843,0.4875,-0.0020858064516126474,0.6312228455078362,0.9110721212260793,0.45,0.8428467100680246,0.4340422553454719,False,False,False,False,1.0,1.0,1.0,1.0,False
REACTOME_DIGESTION_AND_ABSORPTION,20,0.5,-0.0006783667176472339,0.5880985260009778,1.0,0.55,0.0016366532258064435,0.41190147399902427,0.8238029479980485,0.45,0.7482776641845718,0.8238029479980488,False,False,False,False,1.0,0.9479300469241811,1.0,1.0,False
REACTOME_FORMATION_OF_THE_URETERIC_BUD,20,0.35,-0.014990949878431192,0.9423408508300802,0.2631759643554693,0.4,-0.011249233870967427,0.8684120178222675,0.5034446716308608,0.45,0.7482776641845718,0.8238029479980488,True,False,False,False,0.7797052886849448,0.693007901754565,0.7797052886849448,1.0,False
REACTOME_FRS_MEDIATED_FGFR3_SIGNALING,20,0.25,-0.011600075974509922,0.994091033935549,0.04138946533203137,0.7,0.027792540322581043,0.05765914916992178,0.11531829833984356,0.45,0.7482776641845718,0.8238029479980488,False,False,False,False,0.389624705840679,0.2394720805683409,0.389624705840679,1.0,False
REACTOME_PRESYNAPTIC_FUNCTION_OF_KAINATE_RECEPTORS,20,0.6,0.0058118355784312365,0.2517223358154302,0.5034446716308604,0.45,-0.005459516129032007,0.7482776641845718,0.8238029479980488,0.45,0.7482776641845718,0.8238029479980488,False,False,False,False,0.9781178385290734,0.9479300469241811,0.9781178385290734,1.0,False
REACTOME_DNA_REPLICATION,129,0.4573643410852713,-0.007827488458823832,0.8546560726096396,0.3786876626931234,0.7441860465116279,0.07183379032258087,1.2737804434253859e-08,2.5475608868507717e-08,0.4496124031007752,0.8912193730802784,0.2906878547807366,False,False,True,False,0.8808717407967036,8.706012422020463e-07,0.8808717407967036,1.0,False
REACTOME_RUNX1_REGULATES_GENES_INVOLVED_IN_MEGAKARYOCYTE_DIFFERENTIATION_AND_PLATELET_FUNCTION,49,0.32653061224489793,-0.026505876843137464,0.9953003792380752,0.021294114141387363,0.5510204081632653,0.011645403225806688,0.28408620642458593,0.5681724128491719,0.4489795918367347,0.8041985447262631,0.5681724128491749,False,False,False,False,0.29625822368421084,0.7601421557437431,0.7601421557437431,1.0,False
REACTOME_ERCC6_CSB_AND_EHMT2_G9A_POSITIVELY_REGULATE_RRNA_EXPRESSION,29,0.4827586206896552,-0.0012449872274514356,0.6444644480943627,0.9999999999999919,0.7586206896551724,0.04585217741935539,0.004065029323101013,0.008130058646202027,0.4482758620689655,0.7708708401769345,0.7110711038112594,False,False,True,False,1.0,0.032838282829524335,1.0,1.0,False
REACTOME_EXPORT_OF_VIRAL_RIBONUCLEOPROTEINS_FROM_NUCLEUS,29,0.4827586206896552,-0.0010528727098041354,0.6444644480943627,0.9999999999999919,0.6206896551724138,0.012171451612903506,0.13246544823050396,0.2649308964610079,0.4482758620689655,0.7708708401769345,0.7110711038112594,False,False,False,False,1.0,0.4360513984537425,1.0,1.0,False
REACTOME_GABA_RECEPTOR_ACTIVATION,58,0.5517241379310345,0.0058118355784312365,0.25592115421908057,0.5118423084381611,0.4827586206896552,-0.005459516129032007,0.6529979529619249,0.8956832138895764,0.4482758620689655,0.820928349096919,0.5118423084381621,False,False,False,False,0.984842238512596,1.0,1.0,1.0,False
REACTOME_REGULATION_OF_RAS_BY_GAPS,58,0.5,-0.000997446311764961,0.5521583930551971,1.0,0.7413793103448276,0.11774229838709682,0.00015347350777327988,0.00030694701554655977,0.4482758620689655,0.820928349096919,0.5118423084381621,False,False,True,False,1.0,0.002449343697660873,1.0,1.0,False
REACTOME_TIGHT_JUNCTION_INTERACTIONS,29,0.3103448275862069,-0.01478154539607885,0.9879402276128456,0.06142834573984095,0.6551724137931034,0.016894919354838743,0.06802297383546782,0.13604594767093564,0.4482758620689655,0.7708708401769345,0.7110711038112594,False,False,False,False,0.4654093608597304,0.27174616231094134,0.4654093608597304,1.0,False
REACTOME_POST_TRANSLATIONAL_MODIFICATION_SYNTHESIS_OF_GPI_ANCHORED_PROTEINS,85,0.4470588235294118,-0.006471568541177308,0.8610003554597048,0.38566942011927,0.5294117647058824,0.006613225806452294,0.33232274520659993,0.6646454904131999,0.4470588235294118,0.8610003554597048,0.38566942011927,False,False,False,False,0.8808717407967036,0.83585816874364,0.8808717407967036,1.0,False
REACTOME_DEGRADATION_OF_AXIN,47,0.48936170212765956,-0.003390362858823829,0.6145665027134789,0.9999999999999912,0.7446808510638298,0.15708991935483885,0.0005442691032371212,0.0010885382064742424,0.44680851063829785,0.8091533011683844,0.5600646295802042,False,False,True,False,1.0,0.006684304924130895,1.0,1.0,False
REACTOME_NOTCH1_INTRACELLULAR_DOMAIN_REGULATES_TRANSCRIPTION,47,0.3829787234042553,-0.026505876843137464,0.9605296531592449,0.14386508844054746,0.723404255319149,0.054846048387096655,0.0015438382307593004,0.003087676461518601,0.44680851063829785,0.8091533011683844,0.5600646295802042,False,False,True,False,0.6517461643473793,0.01596653749180013,0.6517461643473793,1.0,False
REACTOME_TOLL_LIKE_RECEPTOR_9_TLR9_CASCADE,103,0.44660194174757284,-0.009031089058823908,0.8815490611098225,0.3244787802880513,0.5533980582524272,0.014401854838710116,0.1622393901440251,0.3244787802880502,0.44660194174757284,0.8815490611098225,0.3244787802880513,False,False,False,False,0.8498864024877469,0.511615489080055,0.8498864024877469,1.0,False
REACTOME_RRNA_MODIFICATION_IN_THE_NUCLEUS_AND_CYTOSOL,56,0.44642857142857145,-0.007859792974509944,0.825159023508172,0.5044037600228359,0.6428571428571429,0.04147637096774251,0.02202327305107578,0.04404654610215156,0.44642857142857145,0.825159023508172,0.5044037600228359,False,False,True,False,0.9781178385290734,0.1171593409011544,0.9781178385290734,1.0,False
KEGG_NEUROTROPHIN_SIGNALING_PATHWAY,121,0.45454545454545453,-0.008588037509804108,0.8623733327988247,0.36336326054811147,0.5950413223140496,0.021454435483871343,0.022525869862868367,0.045051739725736735,0.4462809917355372,0.8985378547243049,0.2752533344024047,False,False,True,False,0.8641558934669156,0.11902745352749268,0.8641558934669156,1.0,False
REACTOME_SPHINGOLIPID_METABOLISM,101,0.48514851485148514,-0.0027113976078434517,0.6545867880020204,0.8423820985077425,0.6039603960396039,0.01965451612903253,0.023022033464671535,0.04604406692934307,0.44554455445544555,0.8838497678576326,0.31972732070026233,False,False,True,False,1.0,0.12124166367324508,1.0,1.0,False
HALLMARK_TNFA_SIGNALING_VIA_NFKB,198,0.6111111111111112,0.023935942384312653,0.0010818716930623062,0.0021637433861246124,0.6818181818181818,0.04333500000000025,1.6957740920435878e-07,3.3915481840871756e-07,0.4444444444444444,0.9490478227741389,0.13539129748732745,True,True,True,False,0.08098582388066407,7.204748304574378e-06,0.08098582388066407,1.0,False
KEGG_BIOSYNTHESIS_OF_UNSATURATED_FATTY_ACIDS,18,0.5,-0.0069743458156862745,0.5927352905273445,1.0,0.6111111111111112,0.029023225806451676,0.24034118652343725,0.4806823730468745,0.4444444444444444,0.7596588134765634,0.8145294189453127,False,False,False,False,1.0,0.669887136905751,1.0,1.0,False
KEGG_NON_SMALL_CELL_LUNG_CANCER,54,0.48148148148148145,-0.003151542125490243,0.6582553858823067,0.8919231511047201,0.7407407407407407,0.056295241935484214,0.000267717751428525,0.00053543550285705,0.4444444444444444,0.82955452938992,0.49661743531791697,False,False,True,False,1.0,0.0037409093799612558,1.0,1.0,False
REACTOME_ADRENALINE_NORADRENALINE_INHIBITS_INSULIN_SECRETION,27,0.5185185185185185,0.005321441360784078,0.5000000000000037,1.0,0.4074074074074074,-0.0069610483870964045,0.8761057183146547,0.44206833839416815,0.4444444444444444,0.7789658308029237,0.7011080384254504,False,False,False,False,1.0,0.636384091534462,1.0,1.0,False
REACTOME_HCMV_LATE_EVENTS,63,0.38095238095238093,-0.009493266243137238,0.9785217272378011,0.07692583360960936,0.6507936507936508,0.03082637096774203,0.01128748633662857,0.02257497267325714,0.4444444444444444,0.8432484733517702,0.44996253629022337,False,False,True,False,0.4926892089843763,0.07111794998468983,0.4926892089843763,1.0,False
REACTOME_IRAK4_DEFICIENCY_TLR2_4,18,0.5555555555555556,0.020335482207842946,0.40726470947265625,0.8145294189453125,0.4444444444444444,-0.0250630645161287,0.7596588134765634,0.8145294189453127,0.4444444444444444,0.7596588134765634,0.8145294189453127,False,False,False,False,1.0,0.9449743517210566,1.0,1.0,False
REACTOME_KERATAN_SULFATE_KERATIN_METABOLISM,36,0.2777777777777778,-0.05889604224117673,0.9980334134888831,0.011330984183587129,0.7222222222222222,0.07340935483870997,0.005665492091793549,0.011330984183587097,0.4444444444444444,0.7974838769296183,0.6177193170296952,False,False,True,False,0.2117456896551729,0.04373701406523403,0.2117456896551729,1.0,False
REACTOME_MECP2_REGULATES_NEURONAL_RECEPTORS_AND_CHANNELS,18,0.5,-0.0011652102666667398,0.5927352905273445,1.0,0.6111111111111112,0.03787197580645171,0.24034118652343725,0.4806823730468745,0.4444444444444444,0.7596588134765634,0.8145294189453127,False,False,False,False,1.0,0.669887136905751,1.0,1.0,False
REACTOME_METABOLISM_OF_AMINE_DERIVED_HORMONES,18,0.5555555555555556,0.006366005586274282,0.40726470947265625,0.8145294189453125,0.5555555555555556,0.014420483870967888,0.40726470947265625,0.8145294189453125,0.4444444444444444,0.7596588134765634,0.8145294189453127,True,False,False,False,1.0,0.9449743517210566,1.0,1.0,False
REACTOME_ORC1_REMOVAL_FROM_CHROMATIN,63,0.5079365079365079,0.002847948874509755,0.49999999999999695,0.9999999999999939,0.7777777777777778,0.1200546774193548,5.5615115002244085e-06,1.1123023000448817e-05,0.4444444444444444,0.8432484733517702,0.44996253629022337,True,False,True,False,1.0,0.0001520468883191786,1.0,1.0,False
REACTOME_O_GLYCOSYLATION_OF_TSR_DOMAIN_CONTAINING_PROTEINS,36,0.3333333333333333,-0.016537688531372826,0.98559164017206,0.06524533522315325,0.5,-0.0010544354838706235,0.5660302997857799,1.0,0.4444444444444444,0.7974838769296183,0.6177193170296952,True,False,False,False,0.4654093608597304,1.0,1.0,1.0,False
REACTOME_PROCESSING_OF_CAPPED_INTRONLESS_PRE_MRNA,27,0.48148148148148145,-0.006102648596079736,0.6494459807872827,1.0,0.7407407407407407,0.09160766129032281,0.00957864522933966,0.01915729045867932,0.4444444444444444,0.7789658308029237,0.7011080384254504,False,False,True,False,1.0,0.06398178359209494,1.0,1.0,False
REACTOME_REGULATION_OF_CHOLESTEROL_BIOSYNTHESIS_BY_SREBP_SREBF,54,0.25925925925925924,-0.02854298857451037,0.9999124366327607,0.0005354355028570528,0.6666666666666666,0.017190322580645456,0.009917163364033775,0.01983432672806755,0.4444444444444444,0.82955452938992,0.49661743531791697,False,False,True,False,0.0290324045979877,0.06536595726734212,0.06536595726734212,1.0,False
REACTOME_REGULATION_OF_MITF_M_DEPENDENT_GENES_INVOLVED_IN_APOPTOSIS,18,0.3888888888888889,-0.018645069835294292,0.8810577392578133,0.4806823730468747,0.5,0.0023583467741939623,0.5927352905273445,1.0,0.4444444444444444,0.7596588134765634,0.8145294189453127,False,False,False,False,0.9528785503526949,1.0,1.0,1.0,False
REACTOME_RHO_GTPASES_ACTIVATE_CIT,18,0.5,-0.0005068292686286962,0.5927352905273445,1.0,0.5,0.0037299596774195854,0.5927352905273445,1.0,0.4444444444444444,0.7596588134765634,0.8145294189453127,False,False,False,False,1.0,1.0,1.0,1.0,False
REACTOME_RORA_ACTIVATES_GENE_EXPRESSION,18,0.1111111111111111,-0.05249944225294145,0.9999275207519539,0.0013122558593749976,0.6666666666666666,0.055073991935483985,0.11894226074218746,0.23788452148437492,0.4444444444444444,0.7596588134765634,0.8145294189453127,False,False,False,False,0.05289400540865376,0.40340287785699863,0.40340287785699863,1.0,False
REACTOME_PROCESSING_OF_CAPPED_INTRON_CONTAINING_PRE_MRNA,268,0.48880597014925375,-0.0015164319568630649,0.6654864671577849,0.7601095068930619,0.7089552238805971,0.07327108870967772,2.9578475396714692e-12,5.9156950793429384e-12,0.44402985074626866,0.9709640071709238,0.07628879979290656,False,False,True,False,1.0,6.199648443151399e-10,1.0,1.0,False
KEGG_CALCIUM_SIGNALING_PATHWAY,169,0.3727810650887574,-0.011133964580392277,0.999666143180851,0.0011697855781307466,0.47928994082840237,-0.002531048387096414,0.7307865171401661,0.644542212060297,0.4437869822485207,0.938158684897676,0.16597930888289839,True,False,False,False,0.050776463325718765,0.8216597808764017,0.8216597808764017,1.0,False
KEGG_NATURAL_KILLER_CELL_MEDIATED_CYTOTOXICITY,115,0.5739130434782609,0.003967515133333283,0.0676752049174077,0.1353504098348154,0.5565217391304348,0.006335241935484322,0.13152697877146693,0.26305395754293387,0.4434782608695652,0.9042520324398564,0.2630539575429348,True,False,False,False,0.6327344075109776,0.4360513984537425,0.6327344075109776,1.0,False
REACTOME_PI3K_AKT_SIGNALING_IN_CANCER,106,0.5094339622641509,0.0030913369862737112,0.4613425797206626,0.9226851594413252,0.5,-0.0006151612903221713,0.5386574202793911,1.0,0.44339622641509435,0.8967508963201951,0.2852844218656718,False,False,False,False,1.0,1.0,1.0,1.0,False
REACTOME_SENSORY_PROCESSING_OF_SOUND,70,0.37142857142857144,-0.011555947060784513,0.9887685522537282,0.04139142867391438,0.5571428571428572,0.02299967741935524,0.20148153752303632,0.40296307504607265,0.44285714285714284,0.8590105391031563,0.4029630750460739,False,False,False,False,0.389624705840679,0.5920167794134825,0.5920167794134825,1.0,False
REACTOME_G_ALPHA_Q_SIGNALLING_EVENTS,201,0.40298507462686567,-0.011718596345098212,0.9976699740126473,0.00720382862209868,0.43283582089552236,-0.004937580645161041,0.9759992669730514,0.06640168631276068,0.4427860696517413,0.9548808323576895,0.12050284465324038,True,False,False,False,0.16124471028645873,0.15720399229466836,0.16124471028645873,1.0,False
REACTOME_FORMATION_OF_PARAXIAL_MESODERM,61,0.4918032786885246,-0.003390362858823829,0.6009236863471394,1.0,0.7540983606557377,0.11522758064516125,4.418778163779342e-05,8.837556327558684e-05,0.4426229508196721,0.8471612900684413,0.44262600494647103,False,False,True,False,1.0,0.0008737508520076888,1.0,1.0,False
REACTOME_RNA_POLYMERASE_I_TRANSCRIPTION,61,0.5409836065573771,0.006189887619606909,0.30446035770241364,0.6089207154048273,0.7049180327868853,0.04585217741935539,0.0009340505154876185,0.001868101030975237,0.4426229508196721,0.8471612900684413,0.44262600494647103,True,False,True,False,1.0,0.010376872157926051,1.0,1.0,False
REACTOME_CHEMOKINE_RECEPTORS_BIND_CHEMOKINES,52,0.5961538461538461,0.006212116103921479,0.10580428438075988,0.21160856876151976,0.6153846153846154,0.009715524193548822,0.06317353790696183,0.12634707581392365,0.4423076923076923,0.8341251183152671,0.4884556693799026,True,False,False,False,0.7327063217909919,0.25529254907389204,0.7327063217909919,1.0,False
REACTOME_DEGRADATION_OF_GLI1_BY_THE_PROTEASOME,52,0.5384615384615384,0.005344266362743508,0.33890431957123646,0.6778086391424729,0.7884615384615384,0.14777540322580657,1.7943958064759316e-05,3.588791612951863e-05,0.4423076923076923,0.8341251183152671,0.4884556693799026,True,False,True,False,1.0,0.00040586909464462796,1.0,1.0,False
KEGG_ABC_TRANSPORTERS,43,0.4418604651162791,-0.009776861180392516,0.8198111735321174,0.5423840118564857,0.4883720930232558,-0.002883306451612746,0.619604178719329,1.0,0.4418604651162791,0.8198111735321174,0.5423840118564857,True,False,False,False,0.9919146069216969,1.0,1.0,1.0,False
REACTOME_RND2_GTPASE_CYCLE,43,0.4883720930232558,-0.004335195607843318,0.619604178719329,1.0,0.7209302325581395,0.06686379032258105,0.002700786327295674,0.005401572654591348,0.4418604651162791,0.8198111735321174,0.5423840118564857,False,False,True,False,1.0,0.0239190766563876,1.0,1.0,False
REACTOME_RNA_POLYMERASE_II_PRE_TRANSCRIPTION_EVENTS,77,0.5064935064935064,4.504750980314359e-05,0.5000000000000112,1.0,0.5454545454545454,0.011794596774193544,0.24719113684775348,0.49438227369550697,0.44155844155844154,0.872847666926168,0.36203179773966554,True,False,False,False,1.0,0.686544994919909,1.0,1.0,False
REACTOME_METABOLISM_OF_VITAMINS_AND_COFACTORS,188,0.35106382978723405,-0.02307419561176491,0.9999859412066238,5.368295186203338e-05,0.6329787234042553,0.026418548387097292,0.0001635652386358133,0.0003271304772716266,0.44148936170212766,0.9534043930387175,0.12540008404533007,False,False,True,False,0.006491507717470498,0.002571245551354985,0.006491507717470498,1.0,False
REACTOME_CARGO_RECOGNITION_FOR_CLATHRIN_MEDIATED_ENDOCYTOSIS,102,0.43137254901960786,-0.008989492370589163,0.931450597121987,0.19778986306808438,0.5980392156862745,0.024165524193548935,0.029700268451717034,0.05940053690343407,0.4411764705882353,0.9011050684659617,0.27601389249250113,False,False,True,False,0.7268804961276545,0.14567009636772382,0.7268804961276545,1.0,False
REACTOME_DISEASES_OF_GLYCOSYLATION,136,0.35294117647058826,-0.023878024578431405,0.9998007167565841,0.0007634094904780845,0.6470588235294118,0.03252834677419385,0.0003817047452390392,0.0007634094904780784,0.4411764705882353,0.9276817674212218,0.19818134136296262,False,False,True,False,0.0375024912197359,0.005050094512402353,0.0375024912197359,1.0,False
REACTOME_COMPLEX_I_BIOGENESIS,59,0.4067796610169492,-0.017607758815686554,0.9412613248774628,0.19252645776146163,0.7966101694915254,0.17359701612903244,2.5628146248443664e-06,5.125629249688733e-06,0.4406779661016949,0.8512023958577791,0.43499280512214944,False,False,True,False,0.7180554605614269,7.977712059911571e-05,0.7180554605614269,1.0,False
REACTOME_CYTOCHROME_P450_ARRANGED_BY_SUBSTRATE_TYPE,59,0.5423728813559322,0.0017886883333329828,0.30146160062857186,0.6029232012571437,0.6271186440677966,0.01140362903225847,0.033722305950394264,0.06744461190078853,0.4406779661016949,0.8512023958577791,0.43499280512214944,True,False,True,False,1.0,0.15920153417330177,1.0,1.0,False
REACTOME_BETA_CATENIN_INDEPENDENT_WNT_SIGNALING,134,0.43283582089552236,-0.007433093860784532,0.9498171492512617,0.14166174981277177,0.6044776119402985,0.04211875000000027,0.009668424106883466,0.01933684821376693,0.44029850746268656,0.9291691250936058,0.1948566595070747,False,False,True,False,0.6498518506832767,0.0642653813785235,0.6498518506832767,1.0,False
REACTOME_CASPASE_ACTIVATION_VIA_EXTRINSIC_APOPTOTIC_SIGNALLING_PATHWAY,25,0.44,-0.003319585192156906,0.7878218889236452,0.6900379657745355,0.52,0.006335241935484322,0.49999999999999983,0.9999999999999997,0.44,0.7878218889236452,0.6900379657745355,False,False,False,False,1.0,1.0,1.0,1.0,False
REACTOME_CONSTITUTIVE_SIGNALING_BY_AKT1_E17K_IN_CANCER,25,0.44,-0.013529945400000215,0.7878218889236452,0.6900379657745355,0.52,0.02794879032258091,0.49999999999999983,0.9999999999999997,0.44,0.7878218889236452,0.6900379657745355,False,False,False,False,1.0,1.0,1.0,1.0,False
REACTOME_ENDOGENOUS_STEROLS,25,0.4,-0.022210436376470848,0.8852385282516482,0.4243562221527105,0.8,0.032646370967741964,0.0020386576652526808,0.0040773153305053616,0.44,0.7878218889236452,0.6900379657745355,False,False,True,False,0.9063695397066046,0.01948188358527182,0.9063695397066046,1.0,False
REACTOME_REGULATION_OF_ENDOGENOUS_RETROELEMENTS_BY_PIWI_INTERACTING_RNAS_PIRNAS,50,0.44,-0.011279099872549185,0.8388818398212421,0.47988766169834135,0.68,0.05034911290322602,0.007673338916315189,0.015346677832630377,0.44,0.8388818398212421,0.47988766169834135,False,False,True,False,0.9528785503526949,0.054016087171723515,0.9528785503526949,1.0,False
REACTOME_RESOLUTION_OF_AP_SITES_VIA_THE_MULTIPLE_NUCLEOTIDE_PATCH_REPLACEMENT_PATHWAY,25,0.4,-0.028302503007843118,0.8852385282516482,0.4243562221527105,0.72,0.031448467741935715,0.02164262533187862,0.04328525066375724,0.44,0.7878218889236452,0.6900379657745355,False,False,True,False,0.9063695397066046,0.11609907013439383,0.9063695397066046,1.0,False
REACTOME_SYNTHESIS_OF_IP3_AND_IP4_IN_THE_CYTOSOL,25,0.24,-0.013319729003922094,0.9979613423347479,0.014633297920227046,0.56,0.0028180645161295613,0.345018982887268,0.690037965774536,0.44,0.7878218889236452,0.6900379657745355,False,False,False,False,0.23714994155254554,0.8609045096806116,0.8609045096806116,1.0,False
REACTOME_TGFBR3_EXPRESSION,25,0.4,-0.023251214701960933,0.8852385282516482,0.4243562221527105,0.48,-0.007285161290322223,0.6549810171127328,1.0,0.44,0.7878218889236452,0.6900379657745355,True,False,False,False,0.9063695397066046,1.0,1.0,1.0,False
REACTOME_TNFR1_INDUCED_PROAPOPTOTIC_SIGNALING,25,0.4,-0.01292601194509807,0.8852385282516482,0.4243562221527105,0.56,0.03208911290322626,0.345018982887268,0.690037965774536,0.44,0.7878218889236452,0.6900379657745355,False,False,False,False,0.9063695397066046,0.8609045096806116,0.9063695397066046,1.0,False
REACTOME_GABA_B_RECEPTOR_ACTIVATION,41,0.5609756097560976,0.006746763996078438,0.26635462761805384,0.5327092552361077,0.4878048780487805,-0.00530556451612858,0.6223856712476797,0.999999999999991,0.43902439024390244,0.8255555602754553,0.5327092552361072,False,False,False,False,0.9919146069216969,1.0,1.0,1.0,False
REACTOME_GLYCOSAMINOGLYCAN_METABOLISM,123,0.2764227642276423,-0.047925286686274625,0.999999862767052,7.432002272294595e-07,0.7560975609756098,0.060480322580645327,5.418957211837046e-09,1.0837914423674093e-08,0.43902439024390244,0.9255918768807863,0.20664710898494287,False,False,True,False,0.0002920776893011776,4.6046490470312627e-07,0.0002920776893011776,1.0,False
REACTOME_MAPK6_MAPK4_SIGNALING,82,0.4878048780487805,-0.0022827401078438087,0.6296735793270796,0.9121566075525556,0.7073170731707317,0.12349487903225809,0.00011098201749668395,0.0002219640349933679,0.43902439024390244,0.8878777358469135,0.32029336363799626,False,False,True,False,1.0,0.0018387846381120528,1.0,1.0,False
REACTOME_MEIOTIC_RECOMBINATION,41,0.34146341463414637,-0.02189506642745151,0.9862334220851985,0.05958388801809561,0.6097560975609756,0.013531612903225843,0.10551179880439923,0.21102359760879846,0.43902439024390244,0.8255555602754553,0.5327092552361072,False,False,False,False,0.46140823627806055,0.37231099376097776,0.46140823627806055,1.0,False
REACTOME_INTERLEUKIN_1_FAMILY_SIGNALING,139,0.5323741007194245,0.004006952262744966,0.24878207079831954,0.4975641415966391,0.6330935251798561,0.025681129032258256,0.0010735486931626077,0.0021470973863252155,0.43884892086330934,0.9367385275137367,0.17453244937060206,True,False,True,False,0.9777135382373957,0.011801528291270066,0.9777135382373957,1.0,False
REACTOME_BASE_EXCISION_REPAIR,57,0.3333333333333333,-0.02919818806666743,0.9962459122329501,0.016348103897376554,0.7192982456140351,0.03474983870967733,0.0006317797362177513,0.0012635594724355026,0.43859649122807015,0.8553781264455109,0.427042856503267,False,False,True,False,0.25662422675833796,0.007552530382770381,0.25662422675833796,1.0,False
REACTOME_HEDGEHOG_LIGAND_BIOGENESIS,57,0.5263157894736842,0.005326989666665196,0.39568321388959843,0.7913664277791969,0.7368421052631579,0.11439314516129066,0.00023000250432440012,0.00046000500864880025,0.43859649122807015,0.8553781264455109,0.427042856503267,True,False,True,False,1.0,0.003427146320359782,1.0,1.0,False
REACTOME_MEIOSIS,73,0.3013698630136986,-0.020121379796079437,0.9998143299420865,0.0009142745821631665,0.6164383561643836,0.013531612903225843,0.030185018669965754,0.06037003733993151,0.4383561643835616,0.8791776384296736,0.3491818381706095,False,False,True,False,0.04227175421060287,0.14713441658662377,0.14713441658662377,1.0,False
HALLMARK_NOTCH_SIGNALING,32,0.5625,0.00519752030392181,0.2983074479270704,0.5966148958541408,0.6875,0.0477458467741939,0.02505122986622141,0.05010245973244282,0.4375,0.811457206262269,0.5966148958541402,True,False,True,False,1.0,0.1291165027859018,1.0,1.0,False
KEGG_ADIPOCYTOKINE_SIGNALING_PATHWAY,64,0.390625,-0.019677664805882865,0.9700294052165316,0.10342187831608465,0.609375,0.015173024193548707,0.051710939158042375,0.10342187831608475,0.4375,0.8697822617117023,0.38173279479334765,False,False,False,False,0.5765219599747698,0.22363025132446387,0.5765219599747698,1.0,False
REACTOME_ABERRANT_REGULATION_OF_MITOTIC_EXIT_IN_CANCER_DUE_TO_RB1_DEFECTS,16,0.3125,-0.0312896133725495,0.9615936279296879,0.21011352539062492,0.875,0.06357044354838737,0.0020904541015624957,0.004180908203124991,0.4375,0.7727508544921882,0.803619384765625,False,False,True,False,0.7327063217909919,0.01976817774139576,0.7327063217909919,1.0,False
REACTOME_DIGESTION,16,0.5625,0.004345580380391876,0.4018096923828125,0.803619384765625,0.5,0.00020576612903251907,0.5981903076171879,1.0,0.4375,0.7727508544921882,0.803619384765625,True,False,False,False,1.0,1.0,1.0,1.0,False
REACTOME_ELEVATION_OF_CYTOSOLIC_CA2_LEVELS,16,0.3125,-0.013307384086274595,0.9615936279296879,0.21011352539062492,0.375,-0.02263959677419341,0.894943237304688,0.45449829101562467,0.4375,0.7727508544921882,0.803619384765625,True,False,False,False,0.7327063217909919,0.648929440033208,0.7327063217909919,1.0,False
REACTOME_FATTY_ACID_METABOLISM,160,0.3625,-0.023026780756862972,0.9998280712134484,0.0006293470747506929,0.6375,0.021443427419355104,0.0003146735373753476,0.0006293470747506952,0.4375,0.951715323304114,0.1328225331475212,False,False,True,False,0.03297778671693631,0.0042828294437579776,0.03297778671693631,1.0,False
REACTOME_SIGNALING_BY_FLT3_ITD_AND_TKD_MUTANTS,16,0.4375,-0.01634164564901999,0.7727508544921882,0.803619384765625,0.875,0.04063036290322605,0.0020904541015624957,0.004180908203124991,0.4375,0.7727508544921882,0.803619384765625,False,False,True,False,1.0,0.01976817774139576,1.0,1.0,False
REACTOME_SOMITOGENESIS,48,0.5416666666666666,0.004150297607842343,0.33273290603830724,0.6654658120766145,0.7708333333333334,0.12349487903225809,0.00011112248131084288,0.00022224496262168575,0.4375,0.8438365962633595,0.47087901362170975,True,False,True,False,1.0,0.0018387846381120528,1.0,1.0,False
REACTOME_SUMOYLATION_OF_SUMOYLATION_PROTEINS,32,0.5,0.006328111294117242,0.5699749670457054,1.0,0.625,0.019434395161290554,0.10766357486136183,0.21532714972272365,0.4375,0.811457206262269,0.5966148958541402,True,False,False,False,1.0,0.37862894783458795,1.0,1.0,False
REACTOME_SWITCHING_OF_ORIGINS_TO_A_POST_REPLICATIVE_STATE,80,0.4875,-0.0028527972333334583,0.6312228455078362,0.9110721212260793,0.775,0.09744762096774207,4.0713333124976236e-07,8.142666624995247e-07,0.4375,0.890740980260641,0.31430657986393246,False,False,True,False,1.0,1.5059143452344151e-05,1.0,1.0,False
REACTOME_SYNTHESIS_OF_PIPS_AT_THE_EARLY_ENDOSOME_MEMBRANE,16,0.3125,-0.034333597709804715,0.9615936279296879,0.21011352539062492,0.625,0.005647338709677599,0.22724914550781222,0.45449829101562444,0.4375,0.7727508544921882,0.803619384765625,False,False,False,False,0.7327063217909919,0.648929440033208,0.7327063217909919,1.0,False
REACTOME_TICAM1_RIP1_MEDIATED_IKK_COMPLEX_RECRUITMENT,16,0.5,-0.003782234443138125,0.5981903076171879,1.0,0.6875,0.06642225806451638,0.10505676269531242,0.21011352539062483,0.4375,0.7727508544921882,0.803619384765625,False,False,False,False,1.0,0.3719577273807009,1.0,1.0,False
REACTOME_EPIGENETIC_REGULATION_OF_GENE_EXPRESSION,197,0.4365482233502538,-0.013307295650980412,0.9681544869685713,0.08702126865821048,0.6040609137055838,0.0287983064516123,0.002127612041002061,0.004255224082004122,0.4365482233502538,0.9681544869685713,0.08702126865821048,False,False,True,False,0.5189895673908923,0.02002758160751641,0.5189895673908923,1.0,False
HALLMARK_PANCREAS_BETA_CELLS,39,0.3333333333333333,-0.007227234854902029,0.9881486487647656,0.05325191409792756,0.5897435897435898,0.013688064516129202,0.16839181759496585,0.3367836351899317,0.4358974358974359,0.8316081824050369,0.5223973804968411,False,False,False,False,0.43753026127750777,0.5241820539787848,0.5241820539787848,1.0,False
REACTOME_HEDGEHOG_ON_STATE,78,0.46153846153846156,-0.006594335058823896,0.7858964821412427,0.5715867180030916,0.717948717948718,0.09657717741935495,7.474076936188939e-05,0.00014948153872377878,0.4358974358974359,0.8936585900746333,0.30816823194369075,False,False,True,False,1.0,0.0013741811630045627,1.0,1.0,False
REACTOME_SMOOTH_MUSCLE_CONTRACTION,39,0.358974358974359,-0.02814528211764714,0.9733740429510387,0.10812902140605726,0.6153846153846154,0.04415072580645235,0.09979543345980374,0.19959086691960748,0.4358974358974359,0.8316081824050369,0.5223973804968411,False,False,False,False,0.5792960122688614,0.36344024806382624,0.5792960122688614,1.0,False
REACTOME_TRANSPORT_OF_MATURE_TRANSCRIPT_TO_CYTOPLASM,78,0.5128205128205128,0.00392238179999898,0.45497322593728207,0.9099464518745641,0.6666666666666666,0.05142439516129052,0.002167440441753775,0.00433488088350755,0.4358974358974359,0.8936585900746333,0.30816823194369075,True,False,True,False,1.0,0.020281049847838895,1.0,1.0,False
REACTOME_EXTRACELLULAR_MATRIX_ORGANIZATION,294,0.43537414965986393,-0.010499286682353552,0.9886138191697913,0.030762507774934923,0.6462585034013606,0.036042258064516296,2.9960505849822387e-07,5.992101169964477e-07,0.43537414965986393,0.9886138191697913,0.030762507774934923,False,False,True,False,0.3492756575989211,1.1923522834410327e-05,0.3492756575989211,1.0,False
KEGG_NITROGEN_METABOLISM,23,0.43478260869565216,-0.02406394005882377,0.7975635528564496,0.6776394844055222,0.4782608695652174,-0.002787096774193136,0.6611802577972447,1.0,0.43478260869565216,0.7975635528564496,0.6776394844055222,True,False,False,False,1.0,1.0,1.0,1.0,False
KEGG_TOLL_LIKE_RECEPTOR_SIGNALING_PATHWAY,92,0.4673913043478261,-0.004391575139216646,0.7671462771134603,0.6024122776961448,0.5543478260869565,0.009099233870968317,0.17407064515960466,0.3481412903192093,0.43478260869565216,0.9125080507685114,0.25132210347485345,False,False,False,False,1.0,0.5308226075478149,1.0,1.0,False
REACTOME_ADP_SIGNALLING_THROUGH_P2Y_PURINOCEPTOR_1,23,0.5652173913043478,0.006302229796078396,0.3388197422027608,0.6776394844055216,0.5217391304347826,0.02449120967741975,0.5000000000000028,1.0,0.43478260869565216,0.7975635528564496,0.6776394844055222,True,False,False,False,1.0,1.0,1.0,1.0,False
REACTOME_BBSOME_MEDIATED_CARGO_TARGETING_TO_CILIUM,23,0.6086956521739131,0.005027957278430941,0.2024364471435556,0.4048728942871112,0.6521739130434783,0.050006048387097046,0.10501980781555229,0.21003961563110457,0.43478260869565216,0.7975635528564496,0.6776394844055222,True,False,False,False,0.8942565883894386,0.3719577273807009,0.8942565883894386,1.0,False
REACTOME_INOSITOL_PHOSPHATE_METABOLISM,46,0.32608695652173914,-0.023664657005882443,0.9943242042816242,0.025896081793235066,0.6739130434782609,0.0263044354838712,0.01294804089661759,0.02589608179323518,0.43478260869565216,0.8490021934051807,0.46139118213677005,False,False,True,False,0.33367738179479933,0.07982086388032492,0.33367738179479933,1.0,False
REACTOME_INTERLEUKIN_7_SIGNALING,23,0.43478260869565216,-0.015774667341176597,0.7975635528564496,0.6776394844055222,0.4782608695652174,-0.0027956451612903303,0.6611802577972447,1.0,0.43478260869565216,0.7975635528564496,0.6776394844055222,True,False,False,False,1.0,1.0,1.0,1.0,False
REACTOME_RNA_POLYMERASE_III_TRANSCRIPTION_TERMINATION,23,0.30434782608695654,-0.03312323556470626,0.9826551675796565,0.09313964843750042,0.782608695652174,0.07769379032258114,0.005311012268066423,0.010622024536132845,0.43478260869565216,0.7975635528564496,0.6776394844055222,False,False,True,False,0.5402786986854268,0.04174455642700209,0.5402786986854268,1.0,False
REACTOME_TELOMERE_EXTENSION_BY_TELOMERASE,23,0.34782608695652173,-0.017703864756863107,0.9534301757812556,0.21003961563110465,0.6521739130434783,0.06138483870967776,0.10501980781555229,0.21003961563110457,0.43478260869565216,0.7975635528564496,0.6776394844055222,False,False,False,False,0.7327063217909919,0.3719577273807009,0.7327063217909919,1.0,False
REACTOME_POTASSIUM_CHANNELS,99,0.47474747474747475,-0.0019449243529415065,0.7266432582005987,0.687885343579694,0.5757575757575758,0.01608000000000055,0.07953482594061914,0.15906965188123828,0.43434343434343436,0.9204651740593874,0.22762615711004544,False,False,False,False,1.0,0.3060679225915625,1.0,1.0,False
REACTOME_SYNTHESIS_OF_PIPS_AT_THE_PLASMA_MEMBRANE,53,0.5283018867924528,0.00455494064705887,0.3919231511047492,0.7838463022094984,0.6415094339622641,0.02829790322580685,0.026719405268855367,0.05343881053771073,0.4339622641509434,0.8641604169672447,0.4101027163746915,True,False,True,False,1.0,0.1359317316590312,1.0,1.0,False
REACTOME_MRNA_SPLICING,203,0.4827586206896552,-0.0024873734980395967,0.7127138520424479,0.6737740741736589,0.7142857142857143,0.08397129032258091,4.391489275590997e-10,8.782978551181994e-10,0.43349753694581283,0.9754392602696111,0.06776079349098517,False,False,True,False,1.0,5.5227369129832374e-08,1.0,1.0,False
REACTOME_FCERI_MEDIATED_CA_2_MOBILIZATION,30,0.4,-0.018182880905882715,0.8997557889670215,0.3615946080535678,0.6333333333333333,0.05911806451612939,0.10024421103298746,0.20048842206597492,0.43333333333333335,0.8192026959732248,0.5846647117286976,False,False,False,False,0.8612526119094086,0.36344024806382624,0.8612526119094086,1.0,False
REACTOME_REGULATION_OF_ENDOGENOUS_RETROELEMENTS,90,0.4444444444444444,-0.00812817793921602,0.8769467751418913,0.3428331194208032,0.6333333333333333,0.04099060483870995,0.007433376472813336,0.014866752945626671,0.43333333333333335,0.9148788024769963,0.24610644971628856,False,False,True,False,0.8498864024877469,0.05299441186060119,0.8498864024877469,1.0,False
REACTOME_REGULATION_OF_GLUCOKINASE_BY_GLUCOKINASE_REGULATORY_PROTEIN,30,0.4666666666666667,-0.0017977193509805898,0.70766764413566,0.8555355519056387,0.6333333333333333,0.010908225806451947,0.10024421103298746,0.20048842206597492,0.43333333333333335,0.8192026959732248,0.5846647117286976,False,False,False,False,1.0,0.36344024806382624,1.0,1.0,False
REACTOME_FORMATION_OF_INCISION_COMPLEX_IN_GG_NER,37,0.5135135135135135,0.0008545972980375481,0.5000000000000008,1.0,0.6486486486486487,0.03634475806451653,0.049435874796472656,0.09887174959294531,0.43243243243243246,0.8379956999560827,0.5113757815852296,True,False,True,False,1.0,0.21497426052574,1.0,1.0,False
KEGG_SMALL_CELL_LUNG_CANCER,81,0.5432098765432098,0.005743444384313481,0.252618220383463,0.505236440766926,0.6666666666666666,0.044591290322581245,0.0017981738594120128,0.0035963477188240256,0.43209876543209874,0.9089616265295618,0.266412309671314,True,False,True,False,0.9781178385290734,0.01789069181642838,0.9781178385290734,1.0,False
REACTOME_FORMATION_OF_THE_BETA_CATENIN_TCF_TRANSACTIVATING_COMPLEX,44,0.29545454545454547,-0.03280344821568772,0.9981711165860366,0.009559878856634993,0.5454545454545454,0.026230725806451718,0.32579391360445825,0.6515878272089165,0.4318181818181818,0.8543923817270528,0.45138083239612586,False,False,False,False,0.2002821063032391,0.826045213203562,0.826045213203562,1.0,False
REACTOME_METABOLISM_OF_POLYAMINES,51,0.5294117647058824,0.004593024023529341,0.38988396527652247,0.7797679305530449,0.7843137254901961,0.15708991935483885,2.8519058187014752e-05,5.7038116374029504e-05,0.43137254901960786,0.8687812321444458,0.40106199102792517,True,False,True,False,1.0,0.0006183718547584441,1.0,1.0,False
REACTOME_NUCLEAR_ENVELOPE_BREAKDOWN,51,0.43137254901960786,-0.01022562054117734,0.8687812321444458,0.40106199102792517,0.6862745098039216,0.030229435483871036,0.005486781449860054,0.010973562899720108,0.43137254901960786,0.8687812321444458,0.40106199102792517,False,False,True,False,0.8942565883894386,0.04291154447353236,0.8942565883894386,1.0,False
REACTOME_NON_INTEGRIN_MEMBRANE_ECM_INTERACTIONS,58,0.46551724137931033,-0.014678324223529578,0.744078845780904,0.6940040940761207,0.7586206896551724,0.07685991935483888,5.0248349634572966e-05,0.00010049669926914593,0.43103448275862066,0.881476442618627,0.35814330180613224,False,False,True,False,1.0,0.0009751901929080086,1.0,1.0,False
REACTOME_PTEN_REGULATION,128,0.46875,-0.0075850887117652815,0.7867802517779948,0.536268714071111,0.7265625,0.10259931451612933,1.4916209710738782e-07,2.9832419421477564e-07,0.4296875,0.9536549845508218,0.13262480132498244,False,False,True,False,0.9919146069216969,6.513411573689268e-06,0.9919146069216969,1.0,False
KEGG_APOPTOSIS,84,0.4642857142857143,-0.008598893545098282,0.7773976654767468,0.585646794721246,0.6309523809523809,0.036422580645161615,0.010691594968572825,0.02138318993714565,0.42857142857142855,0.9221717681430415,0.22986440696912994,False,False,True,False,1.0,0.06878500509164977,1.0,1.0,False
REACTOME_ADP_SIGNALLING_THROUGH_P2Y_PURINOCEPTOR_12,21,0.6666666666666666,0.00859982993725484,0.09462356567382803,0.18924713134765606,0.38095238095238093,-0.017941854838709328,0.9053764343261742,0.38331031799316473,0.42857142857142855,0.8083448410034197,0.6636238098144559,False,False,False,False,0.7117140920538645,0.5727792964688735,0.7117140920538645,1.0,False
REACTOME_AKT_PHOSPHORYLATES_TARGETS_IN_THE_CYTOSOL,14,0.42857142857142855,-0.008872653037255778,0.7880249023437517,0.7905273437500014,0.5714285714285714,0.03273971774193575,0.395263671875001,0.790527343750002,0.42857142857142855,0.7880249023437517,0.7905273437500014,False,False,False,False,1.0,0.926012656017141,1.0,1.0,False
REACTOME_BRANCHED_CHAIN_AMINO_ACID_CATABOLISM,21,0.2857142857142857,-0.05412138734509849,0.9866981506347678,0.07835388183593771,0.5714285714285714,0.022059838709677315,0.3318119049072274,0.6636238098144548,0.42857142857142855,0.8083448410034197,0.6636238098144559,False,False,False,False,0.4926892089843763,0.8352414964197943,0.8352414964197943,1.0,False
REACTOME_CLASS_B_2_SECRETIN_FAMILY_RECEPTORS,91,0.4175824175824176,-0.006955132941179429,0.9535265284411186,0.14179337454476074,0.4835164835164835,-0.003147177419354558,0.6623887700420337,0.8340810393050233,0.42857142857142855,0.9291033127277137,0.20817442238119432,True,False,False,False,0.6498518506832767,0.9528890943223086,0.9528890943223086,1.0,False
REACTOME_DEFECTS_IN_VITAMIN_AND_COFACTOR_METABOLISM,21,0.19047619047619047,-0.034003184184313986,0.9992551803588888,0.007197380065917977,0.5714285714285714,0.012692903225806712,0.3318119049072274,0.6636238098144548,0.42857142857142855,0.8083448410034197,0.6636238098144559,False,False,False,False,0.16124471028645873,0.8352414964197943,0.8352414964197943,1.0,False
REACTOME_EICOSANOID_LIGAND_BINDING_RECEPTORS,14,0.2857142857142857,-0.010734386343137347,0.9713134765625019,0.1795654296875005,0.5714285714285714,0.016050927419355338,0.395263671875001,0.790527343750002,0.42857142857142855,0.7880249023437517,0.7905273437500014,False,False,False,False,0.6939395657941977,0.926012656017141,0.926012656017141,1.0,False
REACTOME_ERBB2_REGULATES_CELL_MOTILITY,14,0.5,0.009723618474509676,0.6047363281250012,1.0,0.21428571428571427,-0.035482661290322286,0.9935302734375019,0.05737304687500014,0.42857142857142855,0.7880249023437517,0.7905273437500014,False,False,False,False,1.0,0.14285034987464423,1.0,1.0,False
REACTOME_FGFR1C_LIGAND_BINDING_AND_ACTIVATION,14,0.2857142857142857,-0.011600075974509922,0.9713134765625019,0.1795654296875005,0.5714285714285714,0.01754778225806483,0.395263671875001,0.790527343750002,0.42857142857142855,0.7880249023437517,0.7905273437500014,False,False,False,False,0.6939395657941977,0.926012656017141,0.926012656017141,1.0,False
REACTOME_GLUTAMATE_AND_GLUTAMINE_METABOLISM,14,0.2857142857142857,-0.02548678428627549,0.9713134765625019,0.1795654296875005,0.5714285714285714,0.026583830645161677,0.395263671875001,0.790527343750002,0.42857142857142855,0.7880249023437517,0.7905273437500014,False,False,False,False,0.6939395657941977,0.926012656017141,0.926012656017141,1.0,False
REACTOME_GOLGI_CISTERNAE_PERICENTRIOLAR_STACK_REORGANIZATION,14,0.6428571428571429,0.02644117541372522,0.21197509765625067,0.42395019531250133,0.7857142857142857,0.1339033467741934,0.02868652343750004,0.05737304687500008,0.42857142857142855,0.7880249023437517,0.7905273437500014,True,False,True,False,0.9063695397066046,0.14285034987464423,0.9063695397066046,1.0,False
REACTOME_INTERLEUKIN_10_SIGNALING,42,0.5714285714285714,0.008070128439215198,0.22039953367129753,0.44079906734259505,0.5238095238095238,0.002784072580645652,0.4388071643761586,0.8776143287523172,0.42857142857142855,0.8600218807355324,0.4407990673425947,True,False,False,False,0.9278123203680004,0.9854355177133162,0.9854355177133162,1.0,False
REACTOME_KERATAN_SULFATE_BIOSYNTHESIS,28,0.32142857142857145,-0.05593158765490207,0.9821509309112947,0.08715855330228726,0.75,0.07340935483870997,0.00627047568559641,0.01254095137119282,0.42857142857142855,0.8275357745587762,0.5715881884098001,False,False,True,False,0.5189895673908923,0.046827495381271046,0.5189895673908923,1.0,False
REACTOME_MATURATION_OF_SARS_COV_2_NUCLEOPROTEIN,14,0.42857142857142855,-0.02028885082353011,0.7880249023437517,0.7905273437500014,0.7142857142857143,0.027178225806451857,0.08978271484375025,0.1795654296875005,0.42857142857142855,0.7880249023437517,0.7905273437500014,False,False,False,False,1.0,0.3340554502588767,1.0,1.0,False
REACTOME_MISMATCH_REPAIR,14,0.42857142857142855,-0.025118481515686793,0.7880249023437517,0.7905273437500014,0.7142857142857143,0.032789798387097,0.08978271484375025,0.1795654296875005,0.42857142857142855,0.7880249023437517,0.7905273437500014,False,False,False,False,1.0,0.3340554502588767,1.0,1.0,False
REACTOME_NCAM_SIGNALING_FOR_NEURITE_OUT_GROWTH,63,0.2698412698412698,-0.021323591043137496,0.9999414722918459,0.0003367093494662289,0.6507936507936508,0.047686612903226004,0.01128748633662857,0.02257497267325714,0.42857142857142855,0.8963160500715696,0.31350305329645145,False,False,True,False,0.02405941351640508,0.07111794998468983,0.07111794998468983,1.0,False
REACTOME_NOTCH_HLH_TRANSCRIPTION_PATHWAY,28,0.2857142857142857,-0.029900029847058973,0.9937295243143957,0.03569813817739459,0.8571428571428571,0.08916487903225837,8.999556303024224e-05,0.00017999112606048448,0.42857142857142855,0.8275357745587762,0.5715881884098001,False,False,True,False,0.36919390272937036,0.0015895845515004586,0.36919390272937036,1.0,False
REACTOME_PEROXISOMAL_LIPID_METABOLISM,28,0.39285714285714285,-0.014480537943137825,0.9075333289802002,0.3449284508824315,0.6071428571428571,0.023760443548387078,0.17246422544121584,0.3449284508824317,0.42857142857142855,0.8275357745587762,0.5715881884098001,False,False,False,False,0.8498864024877469,0.5264344900846433,0.8498864024877469,1.0,False
REACTOME_RNA_POLYMERASE_II_TRANSCRIPTION_TERMINATION,63,0.49206349206349204,-0.004828313305882443,0.5993467537479641,0.9999999999999979,0.6825396825396826,0.09994266129032287,0.002576198521045998,0.005152397042091996,0.42857142857142855,0.8963160500715696,0.31350305329645145,False,False,True,False,1.0,0.023207931662374264,1.0,1.0,False
REACTOME_SARS_COV_1_TARGETS_HOST_INTRACELLULAR_SIGNALLING_AND_REGULATORY_PATHWAYS,14,0.5,-0.001731862664706177,0.6047363281250012,1.0,0.6428571428571429,0.44358080645161263,0.21197509765625067,0.42395019531250133,0.42857142857142855,0.7880249023437517,0.7905273437500014,False,False,False,False,1.0,0.6165122174202147,1.0,1.0,False
REACTOME_SHC1_EVENTS_IN_ERBB4_SIGNALING,14,0.42857142857142855,-0.0026082336176476337,0.7880249023437517,0.7905273437500014,0.2857142857142857,-0.048264919354838426,0.9713134765625019,0.1795654296875005,0.42857142857142855,0.7880249023437517,0.7905273437500014,True,False,False,False,1.0,0.3340554502588767,1.0,1.0,False
REACTOME_SUMOYLATION_OF_DNA_METHYLATION_PROTEINS,14,0.42857142857142855,-0.019092873996078535,0.7880249023437517,0.7905273437500014,0.7142857142857143,0.019669233870968014,0.08978271484375025,0.1795654296875005,0.42857142857142855,0.7880249023437517,0.7905273437500014,False,False,False,False,1.0,0.3340554502588767,1.0,1.0,False
REACTOME_SUMOYLATION_OF_RNA_BINDING_PROTEINS,42,0.47619047619047616,-0.0017977193509805898,0.6780155218148155,0.877614328752315,0.6666666666666666,0.02198729838709708,0.02177926096192107,0.04355852192384214,0.42857142857142855,0.8600218807355324,0.4407990673425947,False,False,True,False,1.0,0.11609907013439383,1.0,1.0,False
REACTOME_SYNTHESIS_OF_VERY_LONG_CHAIN_FATTY_ACYL_COAS,21,0.2857142857142857,-0.02148418806666661,0.9866981506347678,0.07835388183593771,0.6666666666666666,0.024072016129032384,0.09462356567382803,0.18924713134765606,0.42857142857142855,0.8083448410034197,0.6636238098144559,False,False,False,False,0.4926892089843763,0.3463288596955941,0.4926892089843763,1.0,False
REACTOME_TRAF6_MEDIATED_INDUCTION_OF_TAK1_COMPLEX_WITHIN_TLR4_COMPLEX,14,0.6428571428571429,0.006955036607841677,0.21197509765625067,0.42395019531250133,0.5,0.0008625000000003135,0.6047363281250012,1.0,0.42857142857142855,0.7880249023437517,0.7905273437500014,True,False,False,False,0.9063695397066046,1.0,1.0,1.0,False
REACTOME_VIRAL_MESSENGER_RNA_SYNTHESIS,42,0.5,0.006328111294117242,0.5611928356238438,1.0,0.6904761904761905,0.05033608870967751,0.009760236391230168,0.019520472782460337,0.42857142857142855,0.8600218807355324,0.4407990673425947,True,False,True,False,1.0,0.06473878315195707,1.0,1.0,False
REACTOME_G_ALPHA_12_13_SIGNALLING_EVENTS,75,0.41333333333333333,-0.010943086623529627,0.9473288655626733,0.16542794172425113,0.48,-0.00209685483870949,0.6777680430528692,0.8175538505509633,0.4266666666666667,0.9172860291378482,0.24804574189251913,True,False,False,False,0.6899561990553106,0.9477836674528867,0.9477836674528867,1.0,False
REACTOME_RUNX1_REGULATES_TRANSCRIPTION_OF_GENES_INVOLVED_IN_DIFFERENTIATION_OF_HSCS,75,0.5066666666666667,0.0008545972980375481,0.49999999999998695,0.9999999999999739,0.68,0.08217532258064555,0.0012221142496074756,0.002444228499214951,0.4266666666666667,0.9172860291378482,0.24804574189251913,True,False,True,False,1.0,0.013113744712511614,1.0,1.0,False
REACTOME_DECTIN_1_MEDIATED_NONCANONICAL_NF_KB_SIGNALING,54,0.5555555555555556,0.005344266362743508,0.24830871765895735,0.4966174353179147,0.7962962962962963,0.11774229838709682,7.0065287280926304e-06,1.4013057456185261e-05,0.42592592592592593,0.8898357529116608,0.3408909412200874,True,False,True,False,0.9770746036542702,0.00018668242645019688,0.9770746036542702,1.0,False
HALLMARK_UV_RESPONSE_DN,141,0.4397163120567376,-0.013217011803921565,0.935371168211265,0.17762983675111876,0.6595744680851063,0.044648790322580956,9.409041967865773e-05,0.00018818083935731545,0.425531914893617,0.9682314006664898,0.09176922936811155,False,False,True,False,0.6939395657941977,0.001625386150932417,0.6939395657941977,1.0,False
REACTOME_UB_SPECIFIC_PROCESSING_PROTEASES,160,0.45625,-0.00799706502745141,0.8822087867653705,0.3040598777154075,0.64375,0.04226790322580671,0.00017192878655417936,0.0003438575731083587,0.425,0.9761165019858642,0.06868229204120643,False,False,True,False,0.8219748857070005,0.0026892741538623874,0.8219748857070005,1.0,False
KEGG_ALLOGRAFT_REJECTION,33,0.45454545454545453,-0.01071384647058837,0.7565748791676008,0.7283324808813625,0.5454545454545454,0.006335241935484322,0.36416624044068147,0.7283324808813629,0.42424242424242425,0.8518968157004551,0.4868502416647962,False,False,False,False,1.0,0.8910028482066167,1.0,1.0,False
HALLMARK_BILE_ACID_METABOLISM,111,0.4774774774774775,-0.008304375141176748,0.7153898860982153,0.7043793154248892,0.5675675675675675,0.004800483870968055,0.0918285859508874,0.1836571719017748,0.42342342342342343,0.9564554363881264,0.1284754320857576,False,False,False,False,1.0,0.3412636811224468,1.0,1.0,False
REACTOME_SUMOYLATION_OF_DNA_DAMAGE_RESPONSE_AND_REPAIR_PROTEINS,71,0.39436619718309857,-0.01022562054117734,0.9715926610335798,0.09592363141082243,0.6338028169014085,0.017277258064516555,0.015963581041606074,0.03192716208321215,0.4225352112676056,0.9230436153367715,0.2350975624083409,False,False,True,False,0.549581228906209,0.09226010807869392,0.549581228906209,1.0,False
KEGG_CYTOSOLIC_DNA_SENSING_PATHWAY,45,0.4444444444444444,-0.005388420635294745,0.8143509827644986,0.551484329802521,0.5333333333333333,0.00840838709677493,0.3829959121223969,0.7659918242447938,0.4222222222222222,0.8836534040458484,0.3712980344710111,False,False,False,False,0.9919146069216969,0.9153224859022547,0.9919146069216969,1.0,False
REACTOME_PYRUVATE_METABOLISM,45,0.4888888888888889,-0.005754887443137438,0.617004087877606,1.0,0.5333333333333333,0.0040509677419358365,0.3829959121223969,0.7659918242447938,0.4222222222222222,0.8836534040458484,0.3712980344710111,False,False,False,False,1.0,0.9153224859022547,1.0,1.0,False
REACTOME_DNA_REPLICATION_PRE_INITIATION,102,0.4411764705882353,-0.008820568501960998,0.9011050684659617,0.27601389249250113,0.7647058823529411,0.09115080645161316,3.839715076513425e-08,7.67943015302685e-08,0.4215686274509804,0.9540811608654628,0.1370988057560337,False,False,True,False,0.7959704310632252,2.277747962369473e-06,0.7959704310632252,1.0,False
REACTOME_INTERLEUKIN_1_SIGNALING,102,0.5490196078431373,0.00560032784117594,0.18647183404181258,0.37294366808362517,0.6764705882352942,0.06151798387096823,0.00023430217458104562,0.00046860434916209124,0.4215686274509804,0.9540811608654628,0.1370988057560337,True,False,True,False,0.8808717407967036,0.0034584320980413493,0.8808717407967036,1.0,False
REACTOME_METABOLISM_OF_WATER_SOLUBLE_VITAMINS_AND_COFACTORS,121,0.35537190082644626,-0.025309523627451244,0.9995084857514637,0.0018730949300322709,0.6528925619834711,0.02890451612903258,0.0004915142485634754,0.0009830284971269509,0.4214876033057851,0.9657031809397186,0.10136765353309728,False,False,True,False,0.07181720073196902,0.006132225386839551,0.07181720073196902,1.0,False
REACTOME_G_BETA_GAMMA_SIGNALLING_THROUGH_CDC42,19,0.631578947368421,0.008136759619607586,0.17964172363281283,0.35928344726562567,0.3684210526315789,-0.017941854838709328,0.9164657592773461,0.35928344726562617,0.42105263157894735,0.8203582763671896,0.6476058959960952,False,False,False,False,0.8612526119094086,0.5435934351314382,0.8612526119094086,1.0,False
REACTOME_SIGNALING_BY_NODAL,19,0.3684210526315789,-0.026179356380392378,0.9164657592773461,0.35928344726562617,0.42105263157894735,-0.032300161290322295,0.8203582763671896,0.6476058959960952,0.42105263157894735,0.8203582763671896,0.6476058959960952,True,False,False,False,0.8612526119094086,0.8216597808764017,0.8612526119094086,1.0,False
REACTOME_CLEC7A_DECTIN_1_SIGNALING,88,0.5340909090909091,0.0022502099176467637,0.29714414757348484,0.5942882951469697,0.75,0.09986322580645164,1.4396953747684271e-06,2.8793907495368543e-06,0.42045454545454547,0.9453522851113818,0.1654405129339987,True,False,True,False,1.0,4.815321551353122e-05,1.0,1.0,False
HALLMARK_INFLAMMATORY_RESPONSE,200,0.55,0.006379775649019375,0.08948201976662144,0.17896403953324289,0.54,0.006151411290322798,0.1444102485873749,0.2888204971747498,0.42,0.9903015277297834,0.028125407232925774,True,False,False,False,0.6939395657941977,0.4642390813483708,0.6939395657941977,1.0,False
HALLMARK_APICAL_JUNCTION,193,0.43523316062176165,-0.0082887007490197,0.9695039215693876,0.08380154521018603,0.6424870466321243,0.02351096774193557,4.5885067317916085e-05,9.177013463583217e-05,0.41968911917098445,0.9894929598725477,0.030549749610095454,False,False,True,False,0.5086333168741792,0.000901641572797051,0.5086333168741792,1.0,False
KEGG_LEISHMANIA_INFECTION,62,0.5806451612903226,0.011622204127450717,0.1264271970940537,0.2528543941881074,0.5483870967741935,0.009374435483871187,0.2628866800878217,0.5257733601756434,0.41935483870967744,0.9190592972371898,0.25285439418810796,True,False,False,False,0.7748286699097577,0.7187093236487925,0.7748286699097577,1.0,False
REACTOME_SIGNALING_BY_BMP,31,0.45161290322580644,-0.011402456101960926,0.7634351700544333,0.720100131817159,0.6451612903225806,0.03979491935483914,0.07480639219284035,0.1496127843856807,0.41935483870967744,0.8594792424701133,0.473129659891128,False,False,False,False,1.0,0.292133371977818,1.0,1.0,False
KEGG_PHOSPHATIDYLINOSITOL_SIGNALING_SYSTEM,74,0.3918918918918919,-0.009404498894117912,0.9763035122480037,0.08050685743008476,0.6486486486486487,0.03230673387096804,0.007039990714765201,0.014079981429530403,0.4189189189189189,0.9349111598404647,0.2006782031293906,False,False,True,False,0.4974330012005064,0.05076543763124264,0.4974330012005064,1.0,False
REACTOME_RNA_POLYMERASE_II_TRANSCRIBES_SNRNA_GENES,74,0.527027027027027,0.0031026439254900695,0.36377354174474485,0.7275470834894897,0.5405405405405406,0.01295858870967743,0.2806903721494988,0.5613807442989976,0.4189189189189189,0.9349111598404647,0.2006782031293906,True,False,False,False,1.0,0.7523363427434138,1.0,1.0,False
REACTOME_SIGNALING_BY_THE_B_CELL_RECEPTOR_BCR,103,0.49514563106796117,-0.003390362858823829,0.5780511723735504,0.9999999999999655,0.7087378640776699,0.08217532258064555,1.3588206562849857e-05,2.7176413125699715e-05,0.4174757281553398,0.9621904462068369,0.11446824201255293,False,False,True,False,1.0,0.0003236463744969694,1.0,1.0,False
KEGG_GLYCOSAMINOGLYCAN_BIOSYNTHESIS_HEPARAN_SULFATE,24,0.2916666666666667,-0.0373144245333335,0.9886720776557933,0.06391465663909907,0.7916666666666666,0.056187177419354944,0.003305375576019281,0.006610751152038562,0.4166666666666667,0.8462718725204479,0.5412561893463135,False,False,True,False,0.4654093608597304,0.027860860083122302,0.4654093608597304,1.0,False
KEGG_NON_HOMOLOGOUS_END_JOINING,12,0.4166666666666667,-0.010479163768627751,0.8061523437499982,0.7744140624999993,0.6666666666666666,0.06272221774193579,0.19384765625000006,0.3876953125000001,0.4166666666666667,0.8061523437499982,0.7744140624999993,False,False,False,False,1.0,0.5727979617011283,1.0,1.0,False
REACTOME_CD28_DEPENDENT_VAV1_PATHWAY,12,0.4166666666666667,-0.0052074726882359815,0.8061523437499982,0.7744140624999993,0.5,0.030394314516129353,0.6127929687499988,1.0,0.4166666666666667,0.8061523437499982,0.7744140624999993,False,False,False,False,1.0,1.0,1.0,1.0,False
REACTOME_DEGRADATION_OF_DVL,48,0.5208333333333334,0.004087469270587476,0.4427167486432525,0.885433497286505,0.7708333333333334,0.14794092741935505,0.00011112248131084288,0.00022224496262168575,0.4166666666666667,0.9032936735690256,0.31232680747326863,True,False,True,False,1.0,0.0018387846381120528,1.0,1.0,False
REACTOME_G_BETA_GAMMA_SIGNALLING_THROUGH_PI3KGAMMA,24,0.5833333333333334,0.0051079984745096285,0.27062809467315696,0.5412561893463139,0.5,0.02795802419354889,0.5805901288986216,1.0,0.4166666666666667,0.8462718725204479,0.5412561893463135,True,False,False,False,0.9919146069216969,1.0,1.0,1.0,False
REACTOME_IRE1ALPHA_ACTIVATES_CHAPERONES,48,0.5833333333333334,0.05334883880196026,0.15616340373663412,0.31232680747326824,0.6666666666666666,0.12484193548387129,0.014652473360264626,0.029304946720529253,0.4166666666666667,0.9032936735690256,0.31232680747326863,True,False,True,False,0.8293542928175309,0.08741437617584817,0.8293542928175309,1.0,False
REACTOME_MOLECULES_ASSOCIATED_WITH_ELASTIC_FIBRES,36,0.5,-0.004753759343137413,0.5660302997857799,1.0,0.75,0.043349516129032685,0.001966586511116474,0.003933173022232948,0.4166666666666667,0.8785075229825448,0.4050322461407622,False,False,True,False,1.0,0.01890809783165197,1.0,1.0,False
REACTOME_MRNA_SPLICING_MINOR_PATHWAY,48,0.4166666666666667,-0.0068654880392167205,0.9032936735690256,0.31232680747326863,0.7916666666666666,0.13585165322580645,3.084820388821174e-05,6.169640777642348e-05,0.4166666666666667,0.9032936735690256,0.31232680747326863,False,False,True,False,0.8293542928175309,0.0006509178055338101,0.8293542928175309,1.0,False
REACTOME_REGULATION_OF_GLYCOLYSIS_BY_FRUCTOSE_2_6_BISPHOSPHATE_METABOLISM,12,0.4166666666666667,-0.005127345180392425,0.8061523437499982,0.7744140624999993,0.6666666666666666,0.07581995967741963,0.19384765625000006,0.3876953125000001,0.4166666666666667,0.8061523437499982,0.7744140624999993,False,False,False,False,1.0,0.5727979617011283,1.0,1.0,False
REACTOME_REVERSIBLE_HYDRATION_OF_CARBON_DIOXIDE,12,0.6666666666666666,0.017022165147058555,0.19384765625000006,0.3876953125000001,0.4166666666666667,-0.04674310483870926,0.8061523437499982,0.7744140624999993,0.4166666666666667,0.8061523437499982,0.7744140624999993,False,False,False,False,0.8808717407967036,0.9153224859022547,0.9153224859022547,1.0,False
REACTOME_TELOMERE_C_STRAND_SYNTHESIS_INITIATION,12,0.16666666666666666,-0.046166411217648085,0.9968261718749984,0.03857421875000003,0.5833333333333334,0.025480201612903205,0.38720703124999967,0.7744140624999993,0.4166666666666667,0.8061523437499982,0.7744140624999993,False,False,False,False,0.38137529481132104,0.9153224859022547,0.9153224859022547,1.0,False
REACTOME_SUMOYLATION_OF_CHROMATIN_ORGANIZATION_PROTEINS,53,0.4716981132075472,-0.002542565992157044,0.7084339228694083,0.7838463022094994,0.6415094339622641,0.026697338709677602,0.026719405268855367,0.05343881053771073,0.41509433962264153,0.9155110888561375,0.27167916606550474,False,False,True,False,1.0,0.1359317316590312,1.0,1.0,False
REACTOME_MITOTIC_PROPHASE,94,0.425531914893617,-0.006592484121568926,0.9393144435138249,0.17966501480803973,0.6914893617021277,0.03717423387096791,0.0001308416161884685,0.000261683232376937,0.4148936170212766,0.9605122259994989,0.12137111297243208,False,False,True,False,0.6939395657941977,0.0021095694425463845,0.6939395657941977,1.0,False
REACTOME_EXTRA_NUCLEAR_ESTROGEN_SIGNALING,70,0.5571428571428572,0.00998363877450965,0.20148153752303632,0.40296307504607265,0.5428571428571428,0.011489516129032592,0.27520625591123116,0.5504125118224623,0.4142857142857143,0.9401953321850407,0.1882162030230256,True,False,False,False,0.8942565883894386,0.7407949217336565,0.8942565883894386,1.0,False
REACTOME_BASE_EXCISION_REPAIR_AP_SITE_FORMATION,29,0.2413793103448276,-0.043812087850982145,0.998842149972908,0.008130058646202027,0.6896551724137931,0.03474983870967733,0.03071417286992053,0.06142834573984106,0.41379310344827586,0.8675345517694885,0.45825831964611574,False,False,True,False,0.17507468755930938,0.14925094204486883,0.17507468755930938,1.0,False
REACTOME_THROMBIN_SIGNALLING_THROUGH_PROTEINASE_ACTIVATED_RECEPTORS_PARS,29,0.4827586206896552,-0.002043289203921683,0.6444644480943627,0.9999999999999919,0.5172413793103449,0.03582048387096818,0.4999999999999964,0.9999999999999928,0.41379310344827586,0.8675345517694885,0.45825831964611574,False,False,False,False,1.0,1.0,1.0,1.0,False
KEGG_TYPE_II_DIABETES_MELLITUS,46,0.34782608695652173,-0.017026539554902097,0.9870519591033956,0.0540760318588699,0.6304347826086957,0.0228370564516132,0.05190267775205438,0.10380535550410876,0.41304347826086957,0.9080375893115163,0.30199561318966484,False,False,False,False,0.44045348229089887,0.22415112479733373,0.44045348229089887,1.0,False
REACTOME_MEIOTIC_SYNAPSIS,46,0.2391304347826087,-0.020585940986274982,0.9999217913957483,0.000535585072100282,0.6521739130434783,0.0283119354838707,0.027038015929435038,0.054076031858870076,0.41304347826086957,0.9080375893115163,0.30199561318966484,False,False,True,False,0.0290324045979877,0.1368881192949175,0.1368881192949175,1.0,False
REACTOME_CELL_EXTRACELLULAR_MATRIX_INTERACTIONS,17,0.47058823529411764,-0.014326863486274502,0.6854705810546903,1.0,0.7058823529411765,0.04589411290322609,0.07173156738281275,0.1434631347656255,0.4117647058823529,0.8338470458984406,0.6290588378906263,False,False,False,False,1.0,0.2843935029654014,1.0,1.0,False
REACTOME_DETOXIFICATION_OF_REACTIVE_OXYGEN_SPECIES,34,0.6470588235294118,0.0256289175823527,0.060724742477760024,0.12144948495552005,0.6470588235294118,0.022636290322580997,0.060724742477760024,0.12144948495552005,0.4117647058823529,0.8852594934869586,0.39152830513194314,True,False,False,False,0.6131207851556207,0.247624630804251,0.6131207851556207,1.0,False
REACTOME_DNA_METHYLATION,17,0.35294117647058826,-0.013307295650980412,0.9282684326171906,0.33230590820312556,0.5882352941176471,0.022061209677419473,0.3145294189453131,0.6290588378906262,0.4117647058823529,0.8338470458984406,0.6290588378906263,False,False,False,False,0.8498864024877469,0.8052772745635703,0.8498864024877469,1.0,False
REACTOME_LYSOSOME_VESICLE_BIOGENESIS,34,0.5,-0.0021581156411768516,0.567916879779661,1.0,0.6176470588235294,0.051111129032258285,0.11474050651304485,0.2294810130260897,0.4117647058823529,0.8852594934869586,0.39152830513194314,False,False,False,False,1.0,0.39346790313720686,1.0,1.0,False
REACTOME_TRAFFICKING_OF_GLUR2_CONTAINING_AMPA_RECEPTORS,17,0.4117647058823529,-0.0052042275960786505,0.8338470458984406,0.6290588378906263,0.6470588235294118,0.0158075806451616,0.1661529541015627,0.3323059082031254,0.4117647058823529,0.8338470458984406,0.6290588378906263,False,False,False,False,1.0,0.5192692720629355,1.0,1.0,False
KEGG_FC_EPSILON_RI_SIGNALING_PATHWAY,73,0.4246575342465753,-0.010402617109804824,0.9201441584410418,0.24164472314076416,0.6301369863013698,0.01706572580645177,0.017207956834088243,0.034415913668176486,0.410958904109589,0.949678161239935,0.15971168311802747,False,False,True,False,0.7593883652939916,0.09836693870249716,0.7593883652939916,1.0,False
REACTOME_ASYMMETRIC_LOCALIZATION_OF_PCP_PROTEINS,56,0.4642857142857143,-0.0034043218725492916,0.7477981199886006,0.6888797607233518,0.7321428571428571,0.11774229838709682,0.00034278207818919966,0.0006855641563783993,0.4107142857142857,0.9295522882007767,0.22880554123436136,False,False,True,False,1.0,0.00464528816304674,1.0,1.0,False
REACTOME_REGULATION_OF_ENDOGENOUS_RETROELEMENTS_BY_KRAB_ZFP_PROTEINS,56,0.4107142857142857,-0.02268896156274551,0.9295522882007767,0.22880554123436136,0.6071428571428571,0.02865705645161273,0.07044771179924157,0.14089542359848314,0.4107142857142857,0.9295522882007767,0.22880554123436136,False,False,False,False,0.7378528981121056,0.2810756420010349,0.7378528981121056,1.0,False
KEGG_LYSOSOME,117,0.4188034188034188,-0.015428858517647331,0.9680020446766037,0.09567271500960338,0.7008547008547008,0.07807330645161287,8.252066739717485e-06,1.650413347943497e-05,0.41025641025641024,0.9792496056460076,0.06399591064679584,False,False,True,False,0.549581228906209,0.00021265981827599815,0.549581228906209,1.0,False
REACTOME_TAK1_DEPENDENT_IKK_AND_NF_KAPPA_B_ACTIVATION,39,0.5641025641025641,0.008548530156861533,0.261198690248421,0.522397380496842,0.5384615384615384,0.011373306451613368,0.3746293123804216,0.7492586247608432,0.41025641025641024,0.900204566540199,0.33678363518993104,True,False,False,False,0.9919146069216969,0.905378628724216,0.9919146069216969,1.0,False
REACTOME_TRANSPORT_OF_VITAMINS_NUCLEOSIDES_AND_RELATED_MOLECULES,39,0.5128205128205128,1.2045364705535327e-05,0.500000000000001,1.0,0.6410256410256411,0.018237258064516326,0.0540645107030287,0.1081290214060574,0.41025641025641024,0.900204566540199,0.33678363518993104,True,False,False,False,1.0,0.22955607476635534,1.0,1.0,False
KEGG_PROXIMAL_TUBULE_BICARBONATE_RECLAMATION,22,0.45454545454545453,-0.006006916341176629,0.7382664680480944,0.8318119049072269,0.4090909090909091,-0.015174193548386734,0.8568606376647941,0.5234670639038088,0.4090909090909091,0.8568606376647941,0.5234670639038088,True,False,False,False,1.0,0.7161794816856287,1.0,1.0,False
REACTOME_ASSEMBLY_OF_THE_ORC_COMPLEX_AT_THE_ORIGIN_OF_REPLICATION,22,0.36363636363636365,-0.01394665449215725,0.9330997467041006,0.2862787246704094,0.7727272727272727,0.04113495967741945,0.00845026969909663,0.01690053939819326,0.4090909090909091,0.8568606376647941,0.5234670639038088,False,False,True,False,0.8065056544478201,0.05763047274177831,0.8065056544478201,1.0,False
REACTOME_COMMON_PATHWAY_OF_FIBRIN_CLOT_FORMATION,22,0.3181818181818182,-0.014317329525490455,0.9737606048583971,0.13380050659179663,0.5454545454545454,0.01410931451612939,0.4159059524536129,0.8318119049072258,0.4090909090909091,0.8568606376647941,0.5234670639038088,False,False,False,False,0.6327344075109776,0.9509878651012077,0.9509878651012077,1.0,False
REACTOME_G_PROTEIN_ACTIVATION,22,0.5454545454545454,0.0058118355784312365,0.4159059524536129,0.8318119049072258,0.5,0.00701806451612943,0.5840940475463855,1.0,0.4090909090909091,0.8568606376647941,0.5234670639038088,True,False,False,False,1.0,1.0,1.0,1.0,False
REACTOME_INSERTION_OF_TAIL_ANCHORED_PROTEINS_INTO_THE_ENDOPLASMIC_RETICULUM_MEMBRANE,22,0.5,-0.0006370597039228251,0.5840940475463855,1.0,0.7272727272727273,0.12497278225806463,0.02623939514160144,0.05247879028320288,0.4090909090909091,0.8568606376647941,0.5234670639038088,False,False,True,False,1.0,0.1345785617050488,1.0,1.0,False
REACTOME_INTRINSIC_PATHWAY_OF_FIBRIN_CLOT_FORMATION,22,0.3181818181818182,-0.02800789373137262,0.9737606048583971,0.13380050659179663,0.5454545454545454,0.006128548387097191,0.4159059524536129,0.8318119049072258,0.4090909090909091,0.8568606376647941,0.5234670639038088,False,False,False,False,0.6327344075109776,0.9509878651012077,0.9509878651012077,1.0,False
REACTOME_THE_CANONICAL_RETINOID_CYCLE_IN_RODS_TWILIGHT_VISION,22,0.3181818181818182,-0.01587240253137278,0.9737606048583971,0.13380050659179663,0.5454545454545454,0.001147862903226038,0.4159059524536129,0.8318119049072258,0.4090909090909091,0.8568606376647941,0.5234670639038088,False,False,False,False,0.6327344075109776,0.9509878651012077,0.9509878651012077,1.0,False
REACTOME_THROMBOXANE_SIGNALLING_THROUGH_TP_RECEPTOR,22,0.5909090909090909,0.007219494707842991,0.26173353195190396,0.5234670639038079,0.45454545454545453,-0.005459516129032007,0.7382664680480944,0.8318119049072269,0.4090909090909091,0.8568606376647941,0.5234670639038088,False,False,False,False,0.9919146069216969,0.9509878651012077,0.9919146069216969,1.0,False
REACTOME_SENSORY_PROCESSING_OF_SOUND_BY_OUTER_HAIR_CELLS_OF_THE_COCHLEA,49,0.3673469387755102,-0.009753573690196424,0.9778079195064364,0.08543313315739572,0.5510204081632653,0.013341048387097012,0.28408620642458593,0.5681724128491719,0.40816326530612246,0.9237961140192721,0.2528697301676066,False,False,False,False,0.5145627790169581,0.7601421557437431,0.7601421557437431,1.0,False
REACTOME_ACTIVATION_OF_ANTERIOR_HOX_GENES_IN_HINDBRAIN_DEVELOPMENT_DURING_EARLY_EMBRYOGENESIS,76,0.3684210526315789,-0.01147247428235307,0.9922798689895623,0.02862665550873806,0.6710526315789473,0.05090645161290319,0.0019181178758073776,0.003836235751614755,0.40789473684210525,0.9576769536645975,0.13538510529943196,False,False,True,False,0.3448786302046366,0.018622697419359322,0.3448786302046366,1.0,False
REACTOME_FGFR2_ALTERNATIVE_SPLICING,27,0.4444444444444444,-0.001574537537254981,0.7789658308029237,0.7011080384254504,0.7407407407407407,0.13775129032258063,0.00957864522933966,0.01915729045867932,0.4074074074074074,0.8761057183146547,0.44206833839416815,False,False,True,False,1.0,0.06398178359209494,1.0,1.0,False
REACTOME_FORMATION_OF_RNA_POL_II_ELONGATION_COMPLEX,54,0.48148148148148145,-0.003483296986275451,0.6582553858823067,0.8919231511047201,0.6296296296296297,0.028869677419355075,0.037952364744549216,0.07590472948909843,0.4074074074074074,0.9331628823179133,0.22032849417660516,False,False,True,False,1.0,0.1762514545891621,1.0,1.0,False
REACTOME_UPTAKE_AND_ACTIONS_OF_BACTERIAL_TOXINS,27,0.4444444444444444,-0.008447369541176907,0.7789658308029237,0.7011080384254504,0.6666666666666666,0.059532419354838835,0.061039060354233315,0.12207812070846663,0.4074074074074074,0.8761057183146547,0.44206833839416815,False,False,False,False,1.0,0.24826236190648063,1.0,1.0,False
KEGG_RIG_I_LIKE_RECEPTOR_SIGNALING_PATHWAY,64,0.5,-0.0002014674686278686,0.5496733768740028,1.0,0.5,0.0002378225806453885,0.5496733768740028,1.0,0.40625,0.9482890608419903,0.16864291143970936,False,False,False,False,1.0,1.0,1.0,1.0,False
REACTOME_SUMOYLATION_OF_UBIQUITINYLATION_PROTEINS,37,0.4864864864864865,-0.0010528727098041354,0.6285853206354668,1.0,0.6486486486486487,0.03082637096774203,0.049435874796472656,0.09887174959294531,0.40540540540540543,0.9061292205005894,0.32400860008783594,False,False,True,False,1.0,0.21497426052574,1.0,1.0,False
REACTOME_NCAM1_INTERACTIONS,42,0.2619047619047619,-0.02836786915490206,0.9995296629858802,0.002887247974285867,0.6666666666666666,0.0587483870967742,0.02177926096192107,0.04355852192384214,0.40476190476190477,0.9179252991084486,0.279956238528938,False,False,True,False,0.09455737115786216,0.11609907013439383,0.11609907013439383,1.0,False
REACTOME_SCF_BETA_TRCP_MEDIATED_DEGRADATION_OF_EMI1,47,0.5106382978723404,0.002847948874509755,0.49999999999999306,0.9999999999999861,0.8085106382978723,0.15708991935483885,1.2452015312191985e-05,2.490403062438397e-05,0.40425531914893614,0.9280674557797151,0.2429602172833244,True,False,True,False,1.0,0.00030274675164577243,1.0,1.0,False
REACTOME_NUCLEAR_RECEPTOR_TRANSCRIPTION_PATHWAY,52,0.40384615384615385,-0.021584673480392384,0.9368264620930539,0.2116085687615206,0.5,-0.0013379435483867408,0.5550580173617397,1.0,0.40384615384615385,0.9368264620930539,0.2116085687615206,True,False,False,False,0.7327063217909919,1.0,1.0,1.0,False
REACTOME_TP53_REGULATES_TRANSCRIPTION_OF_DNA_REPAIR_GENES,57,0.49122807017543857,-0.0008466049725491462,0.604316786110426,1.0,0.6666666666666666,0.0696363709677422,0.008174051948688291,0.016348103897376582,0.40350877192982454,0.9444194404480266,0.18485048241642382,False,False,True,False,1.0,0.056481800717969204,1.0,1.0,False
HALLMARK_ANGIOGENESIS,35,0.4857142857142857,-0.003405672976470692,0.6320605995715601,0.9999999999999994,0.6285714285714286,0.03882750000000036,0.08773262449540227,0.17546524899080454,0.4,0.912267375504598,0.3105046590790154,False,False,False,False,1.0,0.3311300977353478,1.0,1.0,False
KEGG_ALPHA_LINOLENIC_ACID_METABOLISM,15,0.5333333333333333,0.007535496435294062,0.49999999999999983,0.9999999999999997,0.8666666666666667,0.01508104838709678,0.0036926269531250026,0.007385253906250005,0.4,0.8491210937499997,0.6072387695312499,True,False,True,False,1.0,0.030471441313976402,1.0,1.0,False
KEGG_GLYCOSAMINOGLYCAN_BIOSYNTHESIS_KERATAN_SULFATE,15,0.4,-0.024117110058823533,0.8491210937499997,0.6072387695312499,0.6,0.04455862903225807,0.3036193847656248,0.6072387695312496,0.4,0.8491210937499997,0.6072387695312499,False,False,False,False,1.0,0.7841819539583625,1.0,1.0,False
REACTOME_ACTIVATED_NTRK2_SIGNALS_THROUGH_FRS2_AND_FRS3,10,0.3,-0.017740999415686857,0.9453124999999984,0.3437499999999999,0.7,0.027792540322581043,0.17187499999999986,0.3437499999999997,0.4,0.8281249999999983,0.7539062499999992,False,False,False,False,0.8498864024877469,0.5264344900846433,0.8498864024877469,1.0,False
REACTOME_APOPTOTIC_CLEAVAGE_OF_CELL_ADHESION_PROTEINS,10,0.6,0.006522154721568512,0.3769531249999994,0.7539062499999988,0.8,0.01733862903225833,0.05468750000000005,0.1093750000000001,0.4,0.8281249999999983,0.7539062499999992,True,False,False,False,1.0,0.22955607476635534,1.0,1.0,False
REACTOME_FGFR2B_LIGAND_BINDING_AND_ACTIVATION,10,0.5,-0.005983936692157522,0.6230468749999987,1.0,0.7,0.016866653225806844,0.17187499999999986,0.3437499999999997,0.4,0.8281249999999983,0.7539062499999992,False,False,False,False,1.0,0.5264344900846433,1.0,1.0,False
REACTOME_GAB1_SIGNALOSOME,15,0.8,0.03854151652548991,0.017578125000000014,0.03515625000000003,0.6,0.04589411290322609,0.3036193847656248,0.6072387695312496,0.4,0.8491210937499997,0.6072387695312499,True,True,False,False,0.36919390272937036,0.7841819539583625,0.7841819539583625,1.0,False
REACTOME_GLUCOCORTICOID_BIOSYNTHESIS,10,0.2,-0.025963088935294386,0.9892578124999983,0.109375,0.8,0.01760939516129062,0.05468750000000005,0.1093750000000001,0.4,0.8281249999999983,0.7539062499999992,False,False,False,False,0.5792960122688614,0.22955607476635534,0.5792960122688614,1.0,False
REACTOME_INTERACTION_WITH_CUMULUS_CELLS_AND_THE_ZONA_PELLUCIDA,10,0.4,-0.005641656119607897,0.8281249999999983,0.7539062499999992,0.4,-0.022083588709677207,0.8281249999999983,0.7539062499999992,0.4,0.8281249999999983,0.7539062499999992,True,False,False,False,1.0,0.905378628724216,1.0,1.0,False
REACTOME_KERATAN_SULFATE_DEGRADATION,15,0.2,-0.09048581921960863,0.9963073730468748,0.035156250000000056,0.8,0.27894588709677476,0.017578125000000014,0.03515625000000003,0.4,0.8491210937499997,0.6072387695312499,False,False,True,False,0.36919390272937036,0.09851270053475951,0.36919390272937036,1.0,False
REACTOME_MATURATION_OF_SARS_COV_1_NUCLEOPROTEIN,10,0.4,-0.025418338958823533,0.8281249999999983,0.7539062499999992,0.6,0.01446818548387111,0.3769531249999994,0.7539062499999988,0.4,0.8281249999999983,0.7539062499999992,False,False,False,False,1.0,0.905378628724216,1.0,1.0,False
REACTOME_METABOLISM_OF_FAT_SOLUBLE_VITAMINS,45,0.35555555555555557,-0.016230222384314194,0.9821510982224068,0.07245426016254458,0.6444444444444445,0.020358387096774493,0.0362271300812724,0.0724542601625448,0.4,0.9324217745771685,0.2326931919083112,False,False,True,False,0.48388009598107273,0.16923937143465145,0.48388009598107273,1.0,False
REACTOME_MET_ACTIVATES_RAP1_AND_RAC1,10,0.7,0.02078852850784285,0.17187499999999986,0.3437499999999997,0.5,0.025498830645161695,0.6230468749999987,1.0,0.4,0.8281249999999983,0.7539062499999992,True,False,False,False,0.8498864024877469,1.0,1.0,1.0,False
REACTOME_MITOCHONDRIAL_TRANSLATION,90,0.4666666666666667,-0.010427532239216433,0.7696037636405405,0.5984117182335436,0.6222222222222222,0.0455362096774198,0.013150832565561432,0.026301665131122864,0.4,0.9777012376860773,0.07254953219246504,False,False,True,False,1.0,0.08091236318224099,1.0,1.0,False
REACTOME_NFE2L2_REGULATING_TUMORIGENIC_GENES,10,0.4,-0.0076810373921572875,0.8281249999999983,0.7539062499999992,0.6,0.0014450403225808523,0.3769531249999994,0.7539062499999988,0.4,0.8281249999999983,0.7539062499999992,False,False,False,False,1.0,0.905378628724216,1.0,1.0,False
REACTOME_NICOTINATE_METABOLISM,30,0.4,-0.006781401545098237,0.8997557889670215,0.3615946080535678,0.6666666666666666,0.024973467741935727,0.04936857335269498,0.09873714670538997,0.4,0.8997557889670215,0.3615946080535678,False,False,True,False,0.8612526119094086,0.21497426052574,0.8612526119094086,1.0,False
REACTOME_NOTCH3_INTRACELLULAR_DOMAIN_REGULATES_TRANSCRIPTION,25,0.4,-0.006363931705882463,0.8852385282516482,0.4243562221527105,0.76,0.0312881451612903,0.007316648960113497,0.014633297920226994,0.4,0.8852385282516482,0.4243562221527105,False,False,True,False,0.9063695397066046,0.05228078256953826,0.9063695397066046,1.0,False
REACTOME_PURINE_RIBONUCLEOSIDE_MONOPHOSPHATE_BIOSYNTHESIS,10,0.5,0.014682887047058332,0.6230468749999987,1.0,0.7,0.05974318548387136,0.17187499999999986,0.3437499999999997,0.4,0.8281249999999983,0.7539062499999992,True,False,False,False,1.0,0.5264344900846433,1.0,1.0,False
REACTOME_RECEPTOR_MEDIATED_MITOPHAGY,10,0.5,0.007912536137254164,0.6230468749999987,1.0,0.5,0.025825846774193816,0.6230468749999987,1.0,0.4,0.8281249999999983,0.7539062499999992,True,False,False,False,1.0,1.0,1.0,1.0,False
REACTOME_REGULATION_OF_CDH11_GENE_TRANSCRIPTION,10,0.5,-0.0029074492921574704,0.6230468749999987,1.0,0.7,0.03581443548387118,0.17187499999999986,0.3437499999999997,0.4,0.8281249999999983,0.7539062499999992,False,False,False,False,1.0,0.5264344900846433,1.0,1.0,False
REACTOME_REGULATION_OF_COMMISSURAL_AXON_PATHFINDING_BY_SLIT_AND_ROBO,10,0.6,0.01290284982156841,0.3769531249999994,0.7539062499999988,0.4,-0.027878427419354368,0.8281249999999983,0.7539062499999992,0.4,0.8281249999999983,0.7539062499999992,False,False,False,False,1.0,0.905378628724216,1.0,1.0,False
REACTOME_RETINOID_CYCLE_DISEASE_EVENTS,10,0.3,-0.0261839245313728,0.9453124999999984,0.3437499999999999,0.3,-0.01754040322580608,0.9453124999999984,0.3437499999999999,0.4,0.8281249999999983,0.7539062499999992,True,False,False,False,0.8498864024877469,0.5264344900846433,0.8498864024877469,1.0,False
REACTOME_RHOU_GTPASE_CYCLE,40,0.425,-0.012976630262746041,0.8659063744725977,0.42959050784337804,0.675,0.04712346774193557,0.019238654142099798,0.038477308284199596,0.4,0.9230700279185656,0.2681872510547649,False,False,True,False,0.9125895653105274,0.10657060083479777,0.9125895653105274,1.0,False
REACTOME_RNA_POLYMERASE_III_TRANSCRIPTION,40,0.3,-0.026621837815686864,0.9967867119521346,0.0165890033749745,0.65,0.06396887096774218,0.040345233875995326,0.08069046775199065,0.4,0.9230700279185656,0.2681872510547649,False,False,True,False,0.25662422675833796,0.18490585321593195,0.25662422675833796,1.0,False
REACTOME_SIGNALING_BY_HIPPO,20,0.55,0.013313200607843082,0.41190147399902427,0.8238029479980485,0.75,0.07487967741935496,0.02069473266601564,0.04138946533203128,0.4,0.8684120178222675,0.5034446716308608,True,False,True,False,1.0,0.11276832907347178,1.0,1.0,False
REACTOME_THYROXINE_BIOSYNTHESIS,10,0.5,-0.021829522470588444,0.6230468749999987,1.0,0.7,0.025497903225806806,0.17187499999999986,0.3437499999999997,0.4,0.8281249999999983,0.7539062499999992,False,False,False,False,1.0,0.5264344900846433,1.0,1.0,False
REACTOME_TRNA_PROCESSING_IN_THE_NUCLEUS,55,0.509090909090909,0.0006908822431366084,0.5000000000000016,1.0,0.6,0.025319435483871076,0.08850068238517943,0.17700136477035885,0.4,0.9476052587867021,0.17700136477035971,True,False,False,False,1.0,0.3336284717254246,1.0,1.0,False
REACTOME_UNBLOCKING_OF_NMDA_RECEPTORS_GLUTAMATE_BINDING_AND_ACTIVATION,20,0.55,0.002270582905882174,0.41190147399902427,0.8238029479980485,0.65,0.026456370967742164,0.13158798217773446,0.2631759643554689,0.4,0.8684120178222675,0.5034446716308608,True,False,False,False,1.0,0.4360513984537425,1.0,1.0,False
REACTOME_VLDLR_INTERNALISATION_AND_DEGRADATION,15,0.4,-0.01657890831372712,0.8491210937499997,0.6072387695312499,0.7333333333333333,0.06562209677419381,0.059234619140624965,0.11846923828124993,0.4,0.8491210937499997,0.6072387695312499,False,False,False,False,1.0,0.24312485976256512,1.0,1.0,False
REACTOME_STIMULI_SENSING_CHANNELS,101,0.39603960396039606,-0.012647186678431371,0.9859552660261124,0.0460440669293429,0.6039603960396039,0.00580500000000056,0.023022033464671535,0.04604406692934307,0.39603960396039606,0.9859552660261124,0.0460440669293429,False,False,True,False,0.41125723416435817,0.12124166367324508,0.41125723416435817,1.0,False
REACTOME_ELASTIC_FIBRE_FORMATION,43,0.4186046511627907,-0.018541029984313697,0.8889735899219903,0.3603776529357691,0.7441860465116279,0.04506822580645206,0.0009569805006322092,0.0019139610012644183,0.3953488372093023,0.936855262807286,0.22205282015602354,False,False,True,False,0.8612526119094086,0.010594178499956568,0.8612526119094086,1.0,False
REACTOME_FORMATION_OF_FIBRIN_CLOT_CLOTTING_CASCADE,38,0.34210526315789475,-0.022337465303921812,0.9832237801601857,0.07295138851623043,0.5263157894736842,0.006128548387097191,0.4357073396822661,0.8714146793645322,0.39473684210526316,0.9283466728520562,0.25587507954332955,False,False,False,False,0.48388009598107273,0.9798740171395169,0.9798740171395169,1.0,False
REACTOME_ACTIVATION_OF_THE_PRE_REPLICATIVE_COMPLEX,33,0.45454545454545453,-0.014586013333334088,0.7565748791676008,0.7283324808813625,0.696969696969697,0.05697758064516163,0.017541016684845055,0.03508203336969011,0.3939393939393939,0.918622171273454,0.29620636859908744,False,False,True,False,1.0,0.09851270053475951,1.0,1.0,False
REACTOME_FCERI_MEDIATED_MAPK_ACTIVATION,33,0.24242424242424243,-0.026477735643138003,0.9993406364228566,0.004551384132355419,0.5454545454545454,0.009788467741935994,0.36416624044068147,0.7283324808813629,0.3939393939393939,0.918622171273454,0.29620636859908744,False,False,False,False,0.12126738739089353,0.8910028482066167,0.8910028482066167,1.0,False
REACTOME_INHIBITION_OF_DNA_RECOMBINATION_AT_TELOMERE,33,0.2727272727272727,-0.018932205960785174,0.9977243079338212,0.013530986849218574,0.7575757575757576,0.09559790322580666,0.002275692066177723,0.004551384132355446,0.3939393939393939,0.918622171273454,0.29620636859908744,False,False,True,False,0.2312033839888217,0.020920397239949595,0.2312033839888217,1.0,False
REACTOME_RECOGNITION_AND_ASSOCIATION_OF_DNA_GLYCOSYLASE_WITH_SITE_CONTAINING_AN_AFFECTED_PURINE,23,0.13043478260869565,-0.04427119872549046,0.9999669790268002,0.0004882812500000012,0.6521739130434783,0.030929435483871025,0.10501980781555229,0.21003961563110457,0.391304347826087,0.8949801921844535,0.40487289428711204,False,False,False,False,0.028428819444444513,0.3719577273807009,0.3719577273807009,1.0,False
REACTOME_SIGNALING_BY_TGFBR3,46,0.3695652173913043,-0.026160923835294277,0.972961984070578,0.10380535550410862,0.5434782608695652,0.010202258064516499,0.3293690385118313,0.6587380770236626,0.391304347826087,0.9480973222479586,0.18392482137699362,False,False,False,False,0.5766149076058613,0.8337651023198048,0.8337651023198048,1.0,False
REACTOME_TRAF6_MEDIATED_NF_KB_ACTIVATION,23,0.4782608695652174,-0.024891091407843735,0.6611802577972447,1.0,0.6521739130434783,0.014691129032258148,0.10501980781555229,0.21003961563110457,0.391304347826087,0.8949801921844535,0.40487289428711204,False,False,False,False,1.0,0.3719577273807009,1.0,1.0,False
REACTOME_ACTIVATION_OF_SMO,18,0.2222222222222222,-0.015059325086274567,0.9962310791015635,0.03088378906250002,0.7222222222222222,0.043163387096774496,0.04812622070312501,0.09625244140625001,0.3888888888888889,0.8810577392578133,0.4806823730468747,False,False,True,False,0.3492756575989211,0.21162075229458083,0.3492756575989211,1.0,False
REACTOME_ATTACHMENT_AND_ENTRY,18,0.3333333333333333,-0.04373804171960789,0.9518737792968758,0.23788452148437514,0.8333333333333334,0.09176608870967753,0.003768920898437502,0.007537841796875004,0.3888888888888889,0.8810577392578133,0.4806823730468747,False,False,True,False,0.7509125858904372,0.030938609150620123,0.7509125858904372,1.0,False
REACTOME_GASTRIN_CREB_SIGNALLING_PATHWAY_VIA_PKC_AND_MAPK,18,0.2222222222222222,-0.024725342443137517,0.9962310791015635,0.03088378906250002,0.5,0.00013830645161336426,0.5927352905273445,1.0,0.3888888888888889,0.8810577392578133,0.4806823730468747,False,False,False,False,0.3492756575989211,1.0,1.0,1.0,False
REACTOME_PHASE_4_RESTING_MEMBRANE_POTENTIAL,18,0.5,0.0006461409333327027,0.5927352905273445,1.0,0.6666666666666666,0.031762016129032344,0.11894226074218746,0.23788452148437492,0.3888888888888889,0.8810577392578133,0.4806823730468747,True,False,False,False,1.0,0.40340287785699863,1.0,1.0,False
REACTOME_RMTS_METHYLATE_HISTONE_ARGININES,36,0.5277777777777778,0.0029201803549017778,0.4339697002142202,0.8679394004284404,0.6388888888888888,0.029863870967741662,0.06624908198136836,0.13249816396273673,0.3888888888888889,0.933750918018631,0.2429849540349095,True,False,False,False,1.0,0.26703476121720787,1.0,1.0,False
REACTOME_SIGNALING_BY_FLT3_FUSION_PROTEINS,18,0.3888888888888889,-0.00557738034901966,0.8810577392578133,0.4806823730468747,0.7777777777777778,0.04063036290322605,0.015441894531249983,0.030883789062499965,0.3888888888888889,0.8810577392578133,0.4806823730468747,False,False,True,False,0.9528785503526949,0.09057708284748124,0.9528785503526949,1.0,False
REACTOME_SIGNAL_TRANSDUCTION_BY_L1,18,0.2222222222222222,-0.019118278666666842,0.9962310791015635,0.03088378906250002,0.6111111111111112,0.023374637096774474,0.24034118652343725,0.4806823730468745,0.3888888888888889,0.8810577392578133,0.4806823730468747,False,False,False,False,0.3492756575989211,0.669887136905751,0.669887136905751,1.0,False
REACTOME_SPHINGOLIPID_DE_NOVO_BIOSYNTHESIS,36,0.5833333333333334,0.023053011215685842,0.20251612307038178,0.40503224614076355,0.6944444444444444,0.04151129032258098,0.014408359827939405,0.02881671965587881,0.3888888888888889,0.933750918018631,0.2429849540349095,True,False,True,False,0.8942565883894386,0.08628549199817427,0.8942565883894386,1.0,False
REACTOME_SNRNP_ASSEMBLY,49,0.46938775510204084,-0.002542565992157044,0.7159137935754245,0.7754496546815771,0.673469387755102,0.03082637096774203,0.010647057070693711,0.021294114141387422,0.3877551020408163,0.9572834334213138,0.15240777196147978,False,False,True,False,1.0,0.06878500509164977,1.0,1.0,False
REACTOME_COLLAGEN_DEGRADATION,62,0.4838709677419355,-0.00320478653137264,0.6482316643223563,0.8990763136528461,0.6451612903225806,0.05313262096774217,0.015007932174533637,0.030015864349067275,0.3870967741935484,0.9720513866501324,0.09795444051950687,False,False,True,False,1.0,0.08823458352802828,1.0,1.0,False
REACTOME_MITOCHONDRIAL_FATTY_ACID_BETA_OXIDATION,31,0.2903225806451613,-0.03857659725098065,0.9946630797348889,0.02944937348365773,0.7741935483870968,0.029891048387096858,0.0016634464263915974,0.003326892852783195,0.3870967741935484,0.925193607807157,0.28104151505976793,False,False,True,False,0.3480783091451876,0.016925163639401882,0.3480783091451876,1.0,False
REACTOME_TNFR1_INDUCED_NF_KAPPA_B_SIGNALING_PATHWAY,31,0.5161290322580645,0.0053615430588218205,0.4999999999999987,0.9999999999999974,0.5483870967741935,0.03208911290322626,0.3600500659085799,0.7201001318171598,0.3870967741935484,0.925193607807157,0.28104151505976793,True,False,False,False,1.0,0.8850644309746484,1.0,1.0,False
REACTOME_ECM_PROTEOGLYCANS,75,0.32,-0.036542959313725865,0.999460242246641,0.0024442284992149577,0.72,0.07924169354838738,8.815461501514315e-05,0.0001763092300302863,0.38666666666666666,0.9815225479862905,0.0639499164670649,False,False,True,False,0.0852269348890892,0.0015658650260316953,0.0852269348890892,1.0,False
HALLMARK_EPITHELIAL_MESENCHYMAL_TRANSITION,197,0.49238578680203043,-0.0013020216980394444,0.612130641646565,0.8867367256095487,0.7208121827411168,0.09679911290322588,2.344174469979236e-10,4.688348939958472e-10,0.38578680203045684,0.9995010881921633,0.0016507386871352436,False,False,True,False,1.0,3.204384579832486e-08,1.0,0.8649870720588676,False
REACTOME_DOWNSTREAM_SIGNALING_EVENTS_OF_B_CELL_RECEPTOR_BCR,70,0.5428571428571428,0.003701938429411658,0.27520625591123116,0.5504125118224623,0.7285714285714285,0.11774229838709682,8.302091030150906e-05,0.00016604182060301812,0.38571428571428573,0.9793042856630255,0.07223792719176082,True,False,True,False,0.9919146069216969,0.0014915299542168255,0.9919146069216969,1.0,False
REACTOME_PCP_CE_PATHWAY,83,0.4578313253012048,-0.0024381612627457153,0.8100003017940451,0.5104099416812329,0.6867469879518072,0.08217532258064555,0.0004387758900014274,0.0008775517800028548,0.3855421686746988,0.9862329109938572,0.047524889256532525,False,False,True,False,0.984842238512596,0.005656045006557541,0.984842238512596,1.0,False
REACTOME_APOPTOSIS_INDUCED_DNA_FRAGMENTATION,13,0.6153846153846154,0.026295928627449477,0.29052734374999983,0.5810546874999997,0.46153846153846156,-0.007345483870967555,0.7094726562499986,0.9999999999999977,0.38461538461538464,0.866577148437498,0.5810546874999991,False,False,False,False,1.0,1.0,1.0,1.0,False
REACTOME_CARNITINE_METABOLISM,13,0.15384615384615385,-0.05325355010196105,0.9982910156249981,0.02246093749999998,0.6153846153846154,0.06531314516129039,0.29052734374999983,0.5810546874999997,0.38461538461538464,0.866577148437498,0.5810546874999991,False,False,False,False,0.30438442887931005,0.7657266739024597,0.7657266739024597,1.0,False
REACTOME_CHOLESTEROL_BIOSYNTHESIS,26,0.07692307692307693,-0.07074723532549096,0.9999995976686568,1.0490417480468825e-05,0.6153846153846154,0.010197379032258244,0.16346979141235482,0.32693958282470964,0.38461538461538464,0.915681228041657,0.32693958282471,False,False,False,False,0.00194282135074506,0.5144634876881317,0.5144634876881317,1.0,False
REACTOME_DEFECTS_IN_COBALAMIN_B12_METABOLISM,13,0.3076923076923077,-0.026763945415686503,0.953857421874998,0.26684570312500017,0.6153846153846154,0.021228548387097035,0.29052734374999983,0.5810546874999997,0.38461538461538464,0.866577148437498,0.5810546874999991,False,False,False,False,0.7797052886849448,0.7657266739024597,0.7797052886849448,1.0,False
REACTOME_ERBB2_ACTIVATES_PTK6_SIGNALING,13,0.5384615384615384,0.012659935007842871,0.4999999999999993,0.9999999999999986,0.23076923076923078,-0.03289685483870939,0.9887695312499981,0.09228515625,0.38461538461538464,0.866577148437498,0.5810546874999991,False,False,False,False,1.0,0.20783992209885388,1.0,1.0,False
REACTOME_MET_PROMOTES_CELL_MOTILITY,39,0.4358974358974359,-0.006933406360784386,0.8316081824050369,0.5223973804968411,0.6923076923076923,0.07208403225806462,0.011851351235236528,0.023702702470473055,0.38461538461538464,0.9459354892969739,0.19959086691960667,False,False,True,False,0.9919146069216969,0.07428492519543592,0.9919146069216969,1.0,False
REACTOME_NEGATIVE_REGULATION_OF_TCF_DEPENDENT_SIGNALING_BY_WNT_LIGAND_ANTAGONISTS,13,0.3076923076923077,-0.01666304463137276,0.953857421874998,0.26684570312500017,0.3076923076923077,-0.02347387096774152,0.953857421874998,0.26684570312500017,0.38461538461538464,0.866577148437498,0.5810546874999991,True,False,False,False,0.7797052886849448,0.4360513984537425,0.7797052886849448,1.0,False
REACTOME_PURINE_SALVAGE,13,0.15384615384615385,-0.05376619587451183,0.9982910156249981,0.02246093749999998,0.6153846153846154,0.03153766129032262,0.29052734374999983,0.5810546874999997,0.38461538461538464,0.866577148437498,0.5810546874999991,False,False,False,False,0.30438442887931005,0.7657266739024597,0.7657266739024597,1.0,False
REACTOME_REGULATION_OF_NPAS4_GENE_EXPRESSION,13,0.38461538461538464,-0.03350959490196083,0.866577148437498,0.5810546874999991,0.5384615384615384,0.012001854838710148,0.4999999999999993,0.9999999999999986,0.38461538461538464,0.866577148437498,0.5810546874999991,False,False,False,False,1.0,1.0,1.0,1.0,False
REACTOME_TRYPTOPHAN_CATABOLISM,13,0.46153846153846156,-0.008877110949020495,0.7094726562499986,0.9999999999999977,0.46153846153846156,-0.0034966129032257846,0.7094726562499986,0.9999999999999977,0.38461538461538464,0.866577148437498,0.5810546874999991,True,False,False,False,1.0,1.0,1.0,1.0,False
HALLMARK_PEROXISOME,102,0.39215686274509803,-0.014015322896078822,0.9888511690876572,0.03706676743856108,0.5980392156862745,0.018356209677419688,0.029700268451717034,0.05940053690343407,0.38235294117647056,0.9935397740444409,0.022297661824692908,False,False,True,False,0.37592876395753555,0.14567009636772382,0.37592876395753555,1.0,False
REACTOME_HEPARAN_SULFATE_HEPARIN_HS_GAG_METABOLISM,55,0.2,-0.05527305743921605,0.9999989713677461,8.699371704778876e-06,0.7818181818181819,0.07108000000000023,1.6526882366030262e-05,3.3053764732060524e-05,0.38181818181818183,0.9709679266037994,0.10478948242660367,False,False,True,False,0.00194282135074506,0.00037652549390434164,0.00194282135074506,1.0,False
REACTOME_ACTIVATION_OF_GENE_EXPRESSION_BY_SREBF_SREBP,42,0.14285714285714285,-0.050268295913726196,0.9999997783147606,2.828877768479267e-06,0.5714285714285714,0.007193991935484256,0.22039953367129753,0.44079906734259505,0.38095238095238093,0.9557852265061245,0.16414940178310555,False,False,False,False,0.0008893991704098814,0.6363049897727819,0.6363049897727819,1.0,False
REACTOME_SIRT1_NEGATIVELY_REGULATES_RRNA_EXPRESSION,21,0.38095238095238093,-0.013307295650980412,0.9053764343261742,0.38331031799316473,0.6190476190476191,0.0287983064516123,0.19165515899658228,0.38331031799316456,0.38095238095238093,0.9053764343261742,0.38331031799316473,False,False,False,False,0.8808717407967036,0.5727792964688735,0.8808717407967036,1.0,False
REACTOME_RAB_GERANYLGERANYLATION,58,0.5,0.0018850393862740508,0.5521583930551971,1.0,0.6379310344827587,0.0280313306451614,0.023970162035833124,0.04794032407166625,0.3793103448275862,0.976029837964152,0.08694889972991017,True,False,True,False,1.0,0.12518636119710855,1.0,1.0,False
REACTOME_SUMOYLATION_OF_INTRACELLULAR_RECEPTORS,29,0.41379310344827586,-0.009653532866666797,0.8675345517694885,0.45825831964611574,0.5517241379310345,0.01906927419354861,0.35553555190562963,0.7110711038112593,0.3793103448275862,0.9319770261645247,0.2649308964610078,False,False,False,False,0.935561140887916,0.8801604529065351,0.935561140887916,1.0,False
KEGG_PROTEASOME,37,0.5405405405405406,0.004297190321568435,0.3714146793645346,0.7428293587290692,0.7837837837837838,0.1677157258064516,0.0003764485300052932,0.0007528970600105864,0.3783783783783784,0.950564125203528,0.18774155899882286,True,False,True,False,1.0,0.005015060077697635,1.0,1.0,False
KEGG_PANTOTHENATE_AND_COA_BIOSYNTHESIS,16,0.3125,-0.033015950298039345,0.9615936279296879,0.21011352539062492,0.6875,0.04249741935483915,0.10505676269531242,0.21011352539062483,0.375,0.894943237304688,0.45449829101562467,False,False,False,False,0.7327063217909919,0.3719577273807009,0.7327063217909919,1.0,False
KEGG_RIBOFLAVIN_METABOLISM,16,0.25,-0.028993220435294287,0.9893646240234378,0.0768127441406251,0.5,-0.006040604838709384,0.5981903076171879,1.0,0.375,0.894943237304688,0.45449829101562467,True,False,False,False,0.4926892089843763,1.0,1.0,1.0,False
KEGG_STEROID_BIOSYNTHESIS,16,0.1875,-0.04056802068627483,0.9979095458984379,0.02127075195312503,0.4375,-0.005181129032257826,0.7727508544921882,0.803619384765625,0.375,0.894943237304688,0.45449829101562467,True,False,False,False,0.29625822368421084,0.9378542485906181,0.9378542485906181,1.0,False
REACTOME_CONVERSION_FROM_APC_C_CDC20_TO_APC_C_CDH1_IN_LATE_ANAPHASE,16,0.3125,-0.04441526921372599,0.9615936279296879,0.21011352539062492,0.8125,0.044868427419355164,0.010635375976562516,0.02127075195312503,0.375,0.894943237304688,0.45449829101562467,False,False,True,False,0.7327063217909919,0.06878500509164977,0.7327063217909919,1.0,False
REACTOME_CROSS_PRESENTATION_OF_SOLUBLE_EXOGENOUS_ANTIGENS_ENDOSOMES,40,0.5,-0.00027120699215703705,0.5626853438097785,1.0,0.825,0.16240282258064523,2.1138511328899452e-05,4.2277022657798904e-05,0.375,0.9596547661239849,0.1538599441628296,False,False,True,False,1.0,0.0004713438270784389,1.0,1.0,False
REACTOME_DEGRADATION_OF_THE_EXTRACELLULAR_MATRIX,136,0.47058823529411764,-0.00416557406666682,0.779808728310219,0.5485023614867252,0.5955882352941176,0.025852701612903137,0.015836831695541596,0.03167366339108319,0.375,0.9987206325501659,0.004481251675252544,False,False,True,False,0.9919146069216969,0.09188383228109062,0.9919146069216969,1.0,False
REACTOME_GRB2_EVENTS_IN_ERBB2_SIGNALING,16,0.4375,-0.0056186663039216374,0.7727508544921882,0.803619384765625,0.3125,-0.02250596774193526,0.9615936279296879,0.21011352539062492,0.375,0.894943237304688,0.45449829101562467,True,False,False,False,1.0,0.3719577273807009,1.0,1.0,False
REACTOME_HYALURONAN_METABOLISM,16,0.3125,-0.03545202741372582,0.9615936279296879,0.21011352539062492,0.6875,0.026106209677419556,0.10505676269531242,0.21011352539062483,0.375,0.894943237304688,0.45449829101562467,False,False,False,False,0.7327063217909919,0.3719577273807009,0.7327063217909919,1.0,False
REACTOME_OTHER_INTERLEUKIN_SIGNALING,24,0.375,-0.016229663143137507,0.9242051839828502,0.30745625495910656,0.5833333333333334,0.007059798387097019,0.27062809467315696,0.5412561893463139,0.375,0.9242051839828502,0.30745625495910656,False,False,False,False,0.8219748857070005,0.7373091244821538,0.8219748857070005,1.0,False
REACTOME_PI3K_EVENTS_IN_ERBB2_SIGNALING,16,0.5625,0.030052949684313265,0.4018096923828125,0.803619384765625,0.3125,-0.011961935483870739,0.9615936279296879,0.21011352539062492,0.375,0.894943237304688,0.45449829101562467,False,False,False,False,1.0,0.3719577273807009,1.0,1.0,False
REACTOME_SEMA3A_PAK_DEPENDENT_AXON_REPULSION,16,0.3125,-0.02654107019803935,0.9615936279296879,0.21011352539062492,0.8125,0.07577838709677445,0.010635375976562516,0.02127075195312503,0.375,0.894943237304688,0.45449829101562467,False,False,True,False,0.7327063217909919,0.06878500509164977,0.7327063217909919,1.0,False
HALLMARK_HEDGEHOG_SIGNALING,35,0.4857142857142857,-0.002083639835294495,0.6320605995715601,0.9999999999999994,0.4857142857142857,-0.004846774193548054,0.6320605995715601,0.9999999999999994,0.37142857142857144,0.9552344605326657,0.17546524899080476,True,False,False,False,1.0,1.0,1.0,1.0,False
REACTOME_CONDENSATION_OF_PROPHASE_CHROMOSOMES,27,0.4074074074074074,-0.0046041291960789415,0.8761057183146547,0.44206833839416815,0.7407407407407407,0.03798580645161287,0.00957864522933966,0.01915729045867932,0.37037037037037035,0.9389609396457744,0.24778856337070618,False,False,True,False,0.9278123203680004,0.06398178359209494,0.9278123203680004,1.0,False
KEGG_SNARE_INTERACTIONS_IN_VESICULAR_TRANSPORT,38,0.5,0.0025219781960785087,0.5642926603177315,1.0,0.6052631578947368,0.02180846774193585,0.12793753977166444,0.2558750795433289,0.3684210526315789,0.9635243057418826,0.1433066542958836,True,False,False,False,1.0,0.4297389156432831,1.0,1.0,False
REACTOME_IKK_COMPLEX_RECRUITMENT_MEDIATED_BY_RIP1,19,0.5789473684210527,0.0053615430588218205,0.3238029479980474,0.6476058959960947,0.5789473684210527,0.040472016129032555,0.3238029479980474,0.6476058959960947,0.3684210526315789,0.9164657592773461,0.35928344726562617,True,False,False,False,1.0,0.8216597808764017,1.0,1.0,False
REACTOME_LDL_CLEARANCE,19,0.3157894736842105,-0.014053234545098044,0.9682159423828152,0.16706848144531314,0.631578947368421,0.013033064516128911,0.17964172363281283,0.35928344726562567,0.3684210526315789,0.9164657592773461,0.35928344726562617,False,False,False,False,0.6899561990553106,0.5435934351314382,0.6899561990553106,1.0,False
REACTOME_RHO_GTPASES_ACTIVATE_PAKS,19,0.3684210526315789,-0.007254547094117603,0.9164657592773461,0.35928344726562617,0.6842105263157895,0.05669677419354867,0.0835342407226563,0.1670684814453126,0.3684210526315789,0.9164657592773461,0.35928344726562617,False,False,False,False,0.8612526119094086,0.3175715270036666,0.8612526119094086,1.0,False
REACTOME_SIGNALING_BY_FGFR2_IIIA_TM,19,0.5263157894736842,0.002604716345096699,0.5000000000000013,1.0,0.7368421052631579,0.1476112096774199,0.031784057617187486,0.06356811523437497,0.3684210526315789,0.9164657592773461,0.35928344726562617,True,False,True,False,1.0,0.1531613418241824,1.0,1.0,False
KEGG_FRUCTOSE_AND_MANNOSE_METABOLISM,30,0.4,-0.01809148504705889,0.8997557889670215,0.3615946080535678,0.7666666666666667,0.06990762096774222,0.00261143967509271,0.00522287935018542,0.36666666666666664,0.9506314266473139,0.20048842206597484,False,False,True,False,0.8612526119094086,0.023458189538547086,0.8612526119094086,1.0,False
REACTOME_FORMATION_OF_THE_EARLY_ELONGATION_COMPLEX,30,0.5666666666666667,0.011166755315686148,0.29233235586434875,0.5846647117286975,0.6666666666666666,0.09605584677419401,0.04936857335269498,0.09873714670538997,0.36666666666666664,0.9506314266473139,0.20048842206597484,True,False,True,False,1.0,0.21497426052574,1.0,1.0,False
REACTOME_HS_GAG_BIOSYNTHESIS,30,0.3,-0.051599172062745335,0.9919375991448849,0.04277394525706797,0.8666666666666667,0.06395294354838725,2.9738061130046902e-05,5.9476122260093804e-05,0.36666666666666664,0.9506314266473139,0.20048842206597484,False,False,True,False,0.3981046306062776,0.0006360303686589623,0.3981046306062776,1.0,False
REACTOME_INTRA_GOLGI_TRAFFIC,41,0.4634146341463415,-0.004729217549020739,0.7336453723819385,0.7552286575046243,0.6585365853658537,0.037557983870968155,0.029791944009047847,0.05958388801809569,0.36585365853658536,0.9702080559909445,0.11727520595741031,False,False,True,False,1.0,0.14567009636772382,1.0,1.0,False
KEGG_VALINE_LEUCINE_AND_ISOLEUCINE_BIOSYNTHESIS,11,0.09090909090909091,-0.04507742141176526,0.9995117187500003,0.011718750000000026,0.5454545454545454,0.002629677419355294,0.5,1.0,0.36363636363636365,0.88671875,0.548828125000001,False,False,False,False,0.2117456896551729,1.0,1.0,1.0,False
REACTOME_ADVANCED_GLYCOSYLATION_ENDPRODUCT_RECEPTOR_SIGNALING,11,0.45454545454545453,-0.010301126470589166,0.7255859374999999,1.0,0.9090909090909091,0.20686967741935475,0.005859375000000013,0.011718750000000026,0.36363636363636365,0.88671875,0.548828125000001,False,False,True,False,1.0,0.04439006024096396,1.0,1.0,False
REACTOME_FATTY_ACIDS,11,0.6363636363636364,0.0016497090627446056,0.2744140625000004,0.5488281250000008,0.36363636363636365,-0.011816693548386801,0.88671875,0.548828125000001,0.36363636363636365,0.88671875,0.548828125000001,False,False,False,False,0.9919146069216969,0.7392954691516723,0.9919146069216969,1.0,False
REACTOME_FERTILIZATION,22,0.36363636363636365,-0.007358511229412022,0.9330997467041006,0.2862787246704094,0.5454545454545454,0.005634395161290613,0.4159059524536129,0.8318119049072258,0.36363636363636365,0.9330997467041006,0.2862787246704094,False,False,False,False,0.8065056544478201,0.9509878651012077,0.9509878651012077,1.0,False
REACTOME_HYALURONAN_UPTAKE_AND_DEGRADATION,11,0.2727272727272727,-0.06604131148235355,0.9672851562500003,0.22656250000000067,0.7272727272727273,0.05708645161290333,0.11328125000000024,0.22656250000000047,0.36363636363636365,0.88671875,0.548828125000001,False,False,False,False,0.7378528981121056,0.3909508781558735,0.7378528981121056,1.0,False
REACTOME_PREGNENOLONE_BIOSYNTHESIS,11,0.45454545454545453,-0.0366006711098045,0.7255859374999999,1.0,0.7272727272727273,0.032646370967741964,0.11328125000000024,0.22656250000000047,0.36363636363636365,0.88671875,0.548828125000001,False,False,False,False,1.0,0.3909508781558735,1.0,1.0,False
REACTOME_PRESYNAPTIC_DEPOLARIZATION_AND_CALCIUM_CHANNEL_OPENING,11,0.09090909090909091,-0.0383936351725491,0.9995117187500003,0.011718750000000026,0.5454545454545454,0.011156129032258337,0.5,1.0,0.36363636363636365,0.88671875,0.548828125000001,False,False,False,False,0.2117456896551729,1.0,1.0,1.0,False
REACTOME_SIGNALING_BY_LEPTIN,11,0.5454545454545454,0.02223633386274515,0.5,1.0,0.45454545454545453,-0.0047645967741938855,0.7255859374999999,1.0,0.36363636363636365,0.88671875,0.548828125000001,False,False,False,False,1.0,1.0,1.0,1.0,False
REACTOME_SIGNALING_BY_LTK,11,0.45454545454545453,-0.00018469028235396697,0.7255859374999999,1.0,0.5454545454545454,0.003375887096774527,0.5,1.0,0.36363636363636365,0.88671875,0.548828125000001,False,False,False,False,1.0,1.0,1.0,1.0,False
REACTOME_SUMOYLATION_OF_IMMUNE_RESPONSE_PROTEINS,11,0.36363636363636365,-0.03700092214509809,0.88671875,0.548828125000001,0.8181818181818182,0.06919508064516147,0.03271484375000009,0.06542968750000018,0.36363636363636365,0.88671875,0.548828125000001,False,False,True,False,0.9919146069216969,0.1553707987160125,0.9919146069216969,1.0,False
REACTOME_TYPE_I_HEMIDESMOSOME_ASSEMBLY,11,0.2727272727272727,-0.0344853985411767,0.9672851562500003,0.22656250000000067,0.9090909090909091,0.04308629032258086,0.005859375000000013,0.011718750000000026,0.36363636363636365,0.88671875,0.548828125000001,False,False,True,False,0.7378528981121056,0.04439006024096396,0.7378528981121056,1.0,False
KEGG_SYSTEMIC_LUPUS_ERYTHEMATOSUS,69,0.4057971014492754,-0.0082887007490197,0.9544067547165054,0.14803218069276125,0.5507246376811594,0.013531612903225843,0.2351842659290747,0.4703685318581494,0.36231884057971014,0.9922838512731605,0.029493493531317326,False,False,False,False,0.6587991514125772,0.6691577665891502,0.6691577665891502,1.0,False
REACTOME_A_TETRASACCHARIDE_LINKER_SEQUENCE_IS_REQUIRED_FOR_GAG_SYNTHESIS,25,0.2,-0.047925286686274625,0.9995447397232062,0.004077315330505369,0.76,0.07124975806451683,0.007316648960113497,0.014633297920226994,0.36,0.9461239278316504,0.2295229434967046,False,False,True,False,0.11445606606347215,0.05228078256953826,0.11445606606347215,1.0,False
REACTOME_POSTMITOTIC_NUCLEAR_PORE_COMPLEX_NPC_REFORMATION,25,0.52,0.01568635975686198,0.49999999999999983,0.9999999999999997,0.76,0.026697338709677602,0.007316648960113497,0.014633297920226994,0.36,0.9461239278316504,0.2295229434967046,True,False,True,False,1.0,0.05228078256953826,1.0,1.0,False
REACTOME_COLLAGEN_FORMATION,89,0.3707865168539326,-0.021377695964706272,0.9947265513844404,0.019186608660146535,0.7415730337078652,0.09458282258064524,2.845124590806738e-06,5.690249181613476e-06,0.3595505617977528,0.997227520482321,0.010546897231105285,False,False,True,False,0.2822374005184009,8.769678150486651e-05,0.2822374005184009,1.0,False
REACTOME_DEGRADATION_OF_CYSTEINE_AND_HOMOCYSTEINE,14,0.21428571428571427,-0.05621773434509832,0.9935302734375019,0.05737304687500014,0.5714285714285714,0.05115685483871003,0.395263671875001,0.790527343750002,0.35714285714285715,0.910217285156252,0.4239501953125009,False,False,False,False,0.4532182396356795,0.926012656017141,0.926012656017141,1.0,False
REACTOME_LAMININ_INTERACTIONS,28,0.42857142857142855,-0.008226418833333382,0.8275357745587762,0.5715881884098001,0.7142857142857143,0.04727483870967772,0.017849069088697295,0.03569813817739459,0.35714285714285715,0.9564207233488484,0.18493334203958353,False,False,True,False,1.0,0.09949906598380194,1.0,1.0,False
REACTOME_PROLONGED_ERK_ACTIVATION_EVENTS,14,0.5714285714285714,0.024628776566666045,0.395263671875001,0.790527343750002,0.7857142857142857,0.12751536290322582,0.02868652343750004,0.05737304687500008,0.35714285714285715,0.910217285156252,0.4239501953125009,True,False,True,False,1.0,0.14285034987464423,1.0,1.0,False
REACTOME_RETROGRADE_NEUROTROPHIN_SIGNALLING,14,0.14285714285714285,-0.04590405564117654,0.9990844726562521,0.012939453125000073,0.7857142857142857,0.0437328225806455,0.02868652343750004,0.05737304687500008,0.35714285714285715,0.910217285156252,0.4239501953125009,False,False,True,False,0.22600911458333459,0.14285034987464423,0.22600911458333459,1.0,False
REACTOME_SEMA3A_PLEXIN_REPULSION_SIGNALING_BY_INHIBITING_INTEGRIN_ADHESION,14,0.35714285714285715,-0.012556986633333475,0.910217285156252,0.4239501953125009,0.7142857142857143,0.03553540322580675,0.08978271484375025,0.1795654296875005,0.35714285714285715,0.910217285156252,0.4239501953125009,False,False,False,False,0.9063695397066046,0.3340554502588767,0.9063695397066046,1.0,False
REACTOME_TP53_REGULATES_TRANSCRIPTION_OF_GENES_INVOLVED_IN_G1_CELL_CYCLE_ARREST,14,0.5714285714285714,0.02214248031764686,0.395263671875001,0.790527343750002,0.5,-0.014202379032257757,0.6047363281250012,1.0,0.35714285714285715,0.910217285156252,0.4239501953125009,False,False,False,False,1.0,1.0,1.0,1.0,False
REACTOME_DISEASES_OF_IMMUNE_SYSTEM,31,0.45161290322580644,-0.005843186200000296,0.7634351700544333,0.720100131817159,0.5806451612903226,0.011373306451613368,0.23656482994556394,0.4731296598911279,0.3548387096774194,0.9646222270093832,0.14961278438568065,False,False,False,False,1.0,0.669450787892757,1.0,1.0,False
REACTOME_FOXO_MEDIATED_TRANSCRIPTION_OF_CELL_CYCLE_GENES,17,0.5294117647058824,0.0022033866666663383,0.5000000000000017,1.0,0.8235294117647058,0.12102032258064535,0.006362915039062509,0.012725830078125017,0.35294117647058826,0.9282684326171906,0.33230590820312556,True,False,True,False,1.0,0.04696010535871486,1.0,1.0,False
REACTOME_INWARDLY_RECTIFYING_K_CHANNELS,34,0.5588235294117647,0.0058118355784312365,0.3037956806365412,0.6075913612730824,0.4411764705882353,-0.005459516129032007,0.804235847434032,0.6075913612730822,0.35294117647058826,0.9711936635430936,0.12144948495551994,False,False,False,False,1.0,0.7841819539583625,1.0,1.0,False
REACTOME_PURINE_CATABOLISM,17,0.35294117647058826,-0.05419176181568666,0.9282684326171906,0.33230590820312556,0.5294117647058824,2.500000000110121e-06,0.5000000000000017,1.0,0.35294117647058826,0.9282684326171906,0.33230590820312556,False,False,False,False,0.8498864024877469,1.0,1.0,1.0,False
REACTOME_REPLACEMENT_OF_PROTAMINES_BY_NUCLEOSOMES_IN_THE_MALE_PRONUCLEUS,17,0.17647058823529413,-0.02480363655686317,0.9988250732421908,0.012725830078125017,0.5882352941176471,0.013531612903225843,0.3145294189453131,0.6290588378906262,0.35294117647058826,0.9282684326171906,0.33230590820312556,False,False,False,False,0.22600911458333459,0.8052772745635703,0.8052772745635703,1.0,False
REACTOME_RUNX1_INTERACTS_WITH_CO_FACTORS_WHOSE_PRECISE_EFFECT_ON_RUNX1_TARGETS_IS_NOT_KNOWN,34,0.4117647058823529,-0.015043314174509968,0.8852594934869586,0.39152830513194314,0.6470588235294118,0.09218923387096772,0.060724742477760024,0.12144948495552005,0.35294117647058826,0.9711936635430936,0.12144948495551994,False,False,False,False,0.881780079752743,0.247624630804251,0.881780079752743,1.0,False
KEGG_ECM_RECEPTOR_INTERACTION,80,0.35,-0.0288143562313728,0.9975659229252114,0.00968284992305736,0.75,0.058216733870968054,4.290279933524652e-06,8.580559867049305e-06,0.35,0.9975659229252114,0.00968284992305736,False,False,True,False,0.2002821063032391,0.000127251321801901,0.2002821063032391,1.0,False
REACTOME_DEFECTIVE_B4GALT7_CAUSES_EDS_PROGEROID_TYPE,20,0.25,-0.05358860186470604,0.994091033935549,0.04138946533203137,0.8,0.10253048387096819,0.005908966064453131,0.011817932128906262,0.35,0.9423408508300802,0.2631759643554693,False,False,True,False,0.389624705840679,0.04455105349314303,0.389624705840679,1.0,False
REACTOME_NEGATIVE_REGULATION_OF_NMDA_RECEPTOR_MEDIATED_NEURONAL_TRANSMISSION,20,0.5,-0.0020601896176472506,0.5880985260009778,1.0,0.55,0.026456370967742164,0.41190147399902427,0.8238029479980485,0.35,0.9423408508300802,0.2631759643554693,False,False,False,False,1.0,0.9479300469241811,1.0,1.0,False
REACTOME_REGULATION_OF_GENE_EXPRESSION_IN_BETA_CELLS,20,0.1,-0.032149884921568714,0.9999799728393575,0.00040245056152343723,0.65,0.017919637096774382,0.13158798217773446,0.2631759643554689,0.35,0.9423408508300802,0.2631759643554693,False,False,False,False,0.02636051177978514,0.4360513984537425,0.4360513984537425,1.0,False
REACTOME_REGULATION_OF_PTEN_STABILITY_AND_ACTIVITY,60,0.5166666666666667,0.004087469270587476,0.44871091349573344,0.8974218269914669,0.7333333333333333,0.16240282258064523,0.0001970216213630575,0.000394043242726115,0.35,0.9932553531344428,0.027340133868079118,True,False,True,False,1.0,0.0030069707648808387,1.0,1.0,False
REACTOME_ZBP1_DAI_MEDIATED_INDUCTION_OF_TYPE_I_IFNS,20,0.35,-0.021067928603921808,0.9423408508300802,0.2631759643554693,0.6,0.03499040322580687,0.2517223358154302,0.5034446716308604,0.35,0.9423408508300802,0.2631759643554693,False,False,False,False,0.7797052886849448,0.693007901754565,0.7797052886849448,1.0,False
REACTOME_ABORTIVE_ELONGATION_OF_HIV_1_TRANSCRIPT_IN_THE_ABSENCE_OF_TAT,23,0.4782608695652174,-0.001574537537254981,0.6611802577972447,1.0,0.6956521739130435,0.13775129032258063,0.046569824218750146,0.09313964843750029,0.34782608695652173,0.9534301757812556,0.21003961563110465,False,False,True,False,1.0,0.2085691272702998,1.0,1.0,False
KEGG_ASTHMA,26,0.5,-0.006918306386274957,0.577490508556371,1.0,0.5384615384615384,0.0043728629032260356,0.42250949144363786,0.8450189828872757,0.34615384615384615,0.9622406512498943,0.168637543916704,False,False,False,False,1.0,0.9584197987725811,1.0,1.0,False
REACTOME_SULFUR_AMINO_ACID_METABOLISM,26,0.2692307692307692,-0.039669755964706024,0.9953223466873259,0.028959274291992385,0.5384615384615384,0.040027862903226165,0.42250949144363786,0.8450189828872757,0.34615384615384615,0.9622406512498943,0.168637543916704,False,False,False,False,0.3448786302046366,0.9584197987725811,0.9584197987725811,1.0,False
REACTOME_MET_ACTIVATES_PTK2_SIGNALING,29,0.41379310344827586,-0.021377695964706272,0.8675345517694885,0.45825831964611574,0.7931034482758621,0.14021564516129037,0.0011578500270843356,0.0023157000541686712,0.3448275862068966,0.9692858271300718,0.1360459476709354,False,False,True,False,0.935561140887916,0.01250955493179777,0.935561140887916,1.0,False
KEGG_ALANINE_ASPARTATE_AND_GLUTAMATE_METABOLISM,32,0.34375,-0.036669676162746224,0.9749487701337708,0.11018416518345373,0.625,0.022095846774193847,0.10766357486136183,0.21532714972272365,0.34375,0.9749487701337708,0.11018416518345373,False,False,False,False,0.5792960122688614,0.37862894783458795,0.5792960122688614,1.0,False
REACTOME_DISEASES_ASSOCIATED_WITH_GLYCOSAMINOGLYCAN_METABOLISM,41,0.1951219512195122,-0.0672861117647058,0.9999873395981843,0.00011222142620681414,0.8048780487804879,0.15544064516129066,5.6110713103407375e-05,0.00011222142620681475,0.34146341463414637,0.9862334220851985,0.05958388801809561,False,False,True,False,0.010377181293947754,0.001069164133315835,0.010377181293947754,1.0,False
REACTOME_REGULATION_OF_MITF_M_DEPENDENT_GENES_INVOLVED_IN_PIGMENTATION,41,0.5121951219512195,0.0010795476352940831,0.4999999999999965,0.999999999999993,0.5853658536585366,0.037880564516129624,0.17444443972453708,0.34888887944907415,0.34146341463414637,0.9862334220851985,0.05958388801809561,True,False,False,False,1.0,0.5313783636052224,1.0,1.0,False
KEGG_B_CELL_RECEPTOR_SIGNALING_PATHWAY,71,0.43661971830985913,-0.006205555654901974,0.8824512187958287,0.3424709984198687,0.647887323943662,0.042301048387096724,0.008497326286718152,0.016994652573436304,0.3380281690140845,0.9979674419376796,0.008554538502693493,False,False,True,False,0.8498864024877469,0.05782596070441963,0.8498864024877469,1.0,False
KEGG_CIRCADIAN_RHYTHM_MAMMAL,12,0.4166666666666667,-0.005070426756863349,0.8061523437499982,0.7744140624999993,0.9166666666666666,0.18145048387096802,0.0031738281249999926,0.006347656249999985,0.3333333333333333,0.9270019531249984,0.3876953125000003,False,False,True,False,1.0,0.027303004269145843,1.0,1.0,False
KEGG_ONE_CARBON_POOL_BY_FOLATE,15,0.4,-0.005463565278432673,0.8491210937499997,0.6072387695312499,0.8,0.05255629032258108,0.017578125000000014,0.03515625000000003,0.3333333333333333,0.9407653808593748,0.30175781249999994,False,False,True,False,1.0,0.09851270053475951,1.0,1.0,False
REACTOME_ANCHORING_FIBRIL_FORMATION,15,0.4666666666666667,-0.00017226858823541822,0.6963806152343749,0.9999999999999998,0.6,0.04308629032258086,0.3036193847656248,0.6072387695312496,0.3333333333333333,0.9407653808593748,0.30175781249999994,False,False,False,False,1.0,0.7841819539583625,1.0,1.0,False
REACTOME_APOPTOTIC_FACTOR_MEDIATED_RESPONSE,18,0.6111111111111112,0.025517515733332295,0.24034118652343725,0.4806823730468745,0.5,0.02208165322580708,0.5927352905273445,1.0,0.3333333333333333,0.9518737792968758,0.23788452148437514,True,False,False,False,0.9528785503526949,1.0,1.0,1.0,False
REACTOME_ASSEMBLY_OF_COLLAGEN_FIBRILS_AND_OTHER_MULTIMERIC_STRUCTURES,60,0.4,-0.024791213074510002,0.9537695094635749,0.15500190400326702,0.7666666666666667,0.0987952016129032,2.111852281134054e-05,4.223704562268108e-05,0.3333333333333333,0.9968911986703755,0.013489293731192464,False,False,True,False,0.6712479148571233,0.0004713438270784389,0.6712479148571233,1.0,False
REACTOME_BMAL1_CLOCK_NPAS2_ACTIVATES_CIRCADIAN_GENE_EXPRESSION,27,0.2962962962962963,-0.044802981266666736,0.9904213547706682,0.05223898589611091,0.7407407407407407,0.07957459677419414,0.00957864522933966,0.01915729045867932,0.3333333333333333,0.9738805070519523,0.12207812070846646,False,False,True,False,0.43753026127750777,0.06398178359209494,0.43753026127750777,1.0,False
REACTOME_CASPASE_ACTIVATION_VIA_DEATH_RECEPTORS_IN_THE_PRESENCE_OF_LIGAND,15,0.4,-0.02245620589803924,0.8491210937499997,0.6072387695312499,0.5333333333333333,0.006335241935484322,0.49999999999999983,0.9999999999999997,0.3333333333333333,0.9407653808593748,0.30175781249999994,False,False,False,False,1.0,1.0,1.0,1.0,False
REACTOME_COLLAGEN_BIOSYNTHESIS_AND_MODIFYING_ENZYMES,66,0.3333333333333333,-0.023684336541176666,0.9978637974841812,0.009210489694554668,0.696969696969697,0.0903009274193542,0.0009291151537829064,0.0018582303075658129,0.3333333333333333,0.9978637974841812,0.009210489694554668,False,False,True,False,0.19566067297080997,0.010358645544303042,0.19566067297080997,1.0,False
REACTOME_CROSSLINKING_OF_COLLAGEN_FIBRILS,18,0.4444444444444444,-0.0013940232764706006,0.7596588134765634,0.8145294189453127,0.6666666666666666,0.08485762096774199,0.11894226074218746,0.23788452148437492,0.3333333333333333,0.9518737792968758,0.23788452148437514,False,False,False,False,1.0,0.40340287785699863,1.0,1.0,False
REACTOME_DEADENYLATION_OF_MRNA,21,0.2857142857142857,-0.009895661325490676,0.9866981506347678,0.07835388183593771,0.7619047619047619,0.05779000000000049,0.013301849365234363,0.026603698730468726,0.3333333333333333,0.9608230590820334,0.18924713134765622,False,False,True,False,0.4926892089843763,0.08104847752770705,0.4926892089843763,1.0,False
REACTOME_GAP_JUNCTION_DEGRADATION,12,0.3333333333333333,-0.03050248778823677,0.9270019531249984,0.3876953125000003,1.0,0.3679143548387097,0.00024414062500000016,0.0004882812500000003,0.3333333333333333,0.9270019531249984,0.3876953125000003,False,False,True,False,0.8808717407967036,0.0035701308139535035,0.8808717407967036,1.0,False
REACTOME_MATURATION_OF_TCA_ENZYMES_AND_REGULATION_OF_TCA_CYCLE,18,0.3333333333333333,-0.027956480268627883,0.9518737792968758,0.23788452148437514,0.5555555555555556,0.03629092741935504,0.40726470947265625,0.8145294189453125,0.3333333333333333,0.9518737792968758,0.23788452148437514,False,False,False,False,0.7509125858904372,0.9449743517210566,0.9449743517210566,1.0,False
REACTOME_NICOTINAMIDE_SALVAGING,18,0.4444444444444444,-0.010215104072549386,0.7596588134765634,0.8145294189453127,0.6666666666666666,0.021483951612903316,0.11894226074218746,0.23788452148437492,0.3333333333333333,0.9518737792968758,0.23788452148437514,False,False,False,False,1.0,0.40340287785699863,1.0,1.0,False
REACTOME_NUCLEOTIDE_LIKE_PURINERGIC_RECEPTORS,15,0.5333333333333333,0.005128518615686195,0.49999999999999983,0.9999999999999997,0.4,-0.004264596774193247,0.8491210937499997,0.6072387695312499,0.3333333333333333,0.9407653808593748,0.30175781249999994,False,False,False,False,1.0,0.7841819539583625,1.0,1.0,False
REACTOME_PASSIVE_TRANSPORT_BY_AQUAPORINS,12,0.3333333333333333,-0.019865119562745275,0.9270019531249984,0.3876953125000003,0.6666666666666666,0.01979322580645173,0.19384765625000006,0.3876953125000001,0.3333333333333333,0.9270019531249984,0.3876953125000003,False,False,False,False,0.8808717407967036,0.5727979617011283,0.8808717407967036,1.0,False
REACTOME_PLATELET_CALCIUM_HOMEOSTASIS,27,0.4444444444444444,-0.0048443178078431785,0.7789658308029237,0.7011080384254504,0.37037037037037035,-0.0201937096774193,0.9389609396457744,0.24778856337070618,0.3333333333333333,0.9738805070519523,0.12207812070846646,True,False,False,False,1.0,0.41749584310691384,1.0,1.0,False
REACTOME_PROSTACYCLIN_SIGNALLING_THROUGH_PROSTACYCLIN_RECEPTOR,18,0.6111111111111112,0.007219494707842991,0.24034118652343725,0.4806823730468745,0.3888888888888889,-0.006720040322580484,0.8810577392578133,0.4806823730468747,0.3333333333333333,0.9518737792968758,0.23788452148437514,False,False,False,False,0.9528785503526949,0.669887136905751,0.9528785503526949,1.0,False
REACTOME_SHC1_EVENTS_IN_EGFR_SIGNALING,12,0.5,0.012147161809803343,0.6127929687499988,1.0,0.5,-0.000499032258064332,0.6127929687499988,1.0,0.3333333333333333,0.9270019531249984,0.3876953125000003,False,False,False,False,1.0,1.0,1.0,1.0,False
REACTOME_TRANSCRIPTIONAL_REGULATION_OF_TESTIS_DIFFERENTIATION,12,0.5,-0.009049260482353157,0.6127929687499988,1.0,0.6666666666666666,0.022407943548387182,0.19384765625000006,0.3876953125000001,0.3333333333333333,0.9270019531249984,0.3876953125000003,False,False,False,False,1.0,0.5727979617011283,1.0,1.0,False
REACTOME_METABOLISM_OF_STEROID_HORMONES,34,0.35294117647058826,-0.01855424515294152,0.9711936635430936,0.12144948495551994,0.7352941176470589,0.021907500000000392,0.004520592745393534,0.009041185490787067,0.3235294117647059,0.9878467449452761,0.05761267291381973,False,False,True,False,0.6131207851556207,0.03616474196314827,0.6131207851556207,1.0,False
REACTOME_VITAMIN_B5_PANTOTHENATE_METABOLISM,19,0.2631578947368421,-0.03313406140000012,0.990394592285159,0.06356811523437508,0.631578947368421,0.02890451612903258,0.17964172363281283,0.35928344726562567,0.3157894736842105,0.9682159423828152,0.16706848144531314,False,False,False,False,0.4654093608597304,0.5435934351314382,0.5435934351314382,1.0,False
REACTOME_CRMPS_IN_SEMA3A_SIGNALING,16,0.3125,-0.04079576838039227,0.9615936279296879,0.21011352539062492,0.75,0.014576048387097106,0.03840637207031257,0.07681274414062514,0.3125,0.9615936279296879,0.21011352539062492,False,False,True,False,0.7327063217909919,0.17783451220775068,0.7327063217909919,1.0,False
REACTOME_FORMATION_OF_WDR5_CONTAINING_HISTONE_MODIFYING_COMPLEXES,42,0.21428571428571427,-0.0436628292352947,0.9999656144425457,0.00027153923429068516,0.6190476190476191,0.030194838709677315,0.08207470089155296,0.1641494017831059,0.30952380952380953,0.996042051332553,0.01952047278246037,False,False,False,False,0.021342983815247855,0.313539319080246,0.313539319080246,1.0,False
REACTOME_ACTIVATION_OF_RAC1,13,0.38461538461538464,-0.006205555654901974,0.866577148437498,0.5810546874999991,0.46153846153846156,-0.012657096774193147,0.7094726562499986,0.9999999999999977,0.3076923076923077,0.953857421874998,0.26684570312500017,True,False,False,False,1.0,1.0,1.0,1.0,False
REACTOME_PLATELET_ADHESION_TO_EXPOSED_COLLAGEN,13,0.46153846153846156,-0.02700378356862794,0.7094726562499986,0.9999999999999977,0.6923076923076923,0.0808762903225809,0.1334228515625,0.266845703125,0.3076923076923077,0.953857421874998,0.26684570312500017,False,False,False,False,1.0,0.4360513984537425,1.0,1.0,False
REACTOME_SYNTHESIS_OF_PC,26,0.38461538461538464,-0.0192734251823531,0.915681228041657,0.32693958282471,0.6923076923076923,0.022399919354839065,0.03775934875011474,0.07551869750022948,0.3076923076923077,0.9855203628540128,0.07551869750022944,False,False,True,False,0.8498864024877469,0.17587465551164555,0.8498864024877469,1.0,False
REACTOME_WNT5A_DEPENDENT_INTERNALIZATION_OF_FZD2_FZD5_AND_ROR2,13,0.46153846153846156,-0.011912643254902797,0.7094726562499986,0.9999999999999977,0.6923076923076923,0.061775322580645387,0.1334228515625,0.266845703125,0.3076923076923077,0.953857421874998,0.26684570312500017,False,False,False,False,1.0,0.4360513984537425,1.0,1.0,False
REACTOME_RHO_GTPASES_ACTIVATE_NADPH_OXIDASES,23,0.34782608695652173,-0.035722005321568925,0.9534301757812556,0.21003961563110465,0.5217391304347826,0.014054919354839192,0.5000000000000028,1.0,0.30434782608695654,0.9826551675796565,0.09313964843750042,False,False,False,False,0.7327063217909919,1.0,1.0,1.0,False
REACTOME_FATTY_ACYL_COA_BIOSYNTHESIS,33,0.24242424242424243,-0.031992508729412436,0.9993406364228566,0.004551384132355419,0.696969696969697,0.02890451612903258,0.017541016684845055,0.03508203336969011,0.30303030303030304,0.9932345065753897,0.03508203336969021,False,False,True,False,0.12126738739089353,0.09851270053475951,0.12126738739089353,1.0,False
KEGG_AMYOTROPHIC_LATERAL_SCLEROSIS_ALS,50,0.36,-0.02052276550000033,0.9835804312178844,0.06490864707227365,0.7,0.026898709677419523,0.003300223983405522,0.006600447966811044,0.3,0.9986989142716584,0.006600447966811021,False,False,True,False,0.4654093608597304,0.027860860083122302,0.4654093608597304,1.0,False
REACTOME_ACTIVATION_OF_THE_AP_1_FAMILY_OF_TRANSCRIPTION_FACTORS,10,0.2,-0.025849584460785193,0.9892578124999983,0.109375,0.9,0.16246084677419398,0.01074218750000001,0.02148437500000002,0.3,0.9453124999999984,0.3437499999999999,False,False,True,False,0.5792960122688614,0.06878500509164977,0.5792960122688614,1.0,False
REACTOME_ASPARTATE_AND_ASPARAGINE_METABOLISM,10,0.5,-0.003127912823529591,0.6230468749999987,1.0,0.6,0.006501330645161534,0.3769531249999994,0.7539062499999988,0.3,0.9453124999999984,0.3437499999999999,False,False,False,False,1.0,0.905378628724216,1.0,1.0,False
REACTOME_FORMATION_OF_APOPTOSOME,10,0.5,-0.007434040784314191,0.6230468749999987,1.0,0.6,0.06154693548387133,0.3769531249999994,0.7539062499999988,0.3,0.9453124999999984,0.3437499999999999,False,False,False,False,1.0,0.905378628724216,1.0,1.0,False
REACTOME_MITOCHONDRIAL_CALCIUM_ION_TRANSPORT,20,0.45,-0.01552933991372587,0.7482776641845718,0.8238029479980488,0.65,0.0907852016129035,0.13158798217773446,0.2631759643554689,0.3,0.9793052673339864,0.11531829833984392,False,False,False,False,1.0,0.4360513984537425,1.0,1.0,False
REACTOME_RHOBTB3_ATPASE_CYCLE,10,0.5,0.000632116384313465,0.6230468749999987,1.0,0.8,0.054076048387096995,0.05468750000000005,0.1093750000000001,0.3,0.9453124999999984,0.3437499999999999,True,False,False,False,1.0,0.22955607476635534,1.0,1.0,False
REACTOME_SIGNAL_ATTENUATION,10,0.3,-0.010764093092156984,0.9453124999999984,0.3437499999999999,0.6,0.033652983870967976,0.3769531249999994,0.7539062499999988,0.3,0.9453124999999984,0.3437499999999999,False,False,False,False,0.8498864024877469,0.905378628724216,0.905378628724216,1.0,False
REACTOME_SLBP_DEPENDENT_PROCESSING_OF_REPLICATION_DEPENDENT_HISTONE_PRE_MRNAS,10,0.4,-0.008129306698040555,0.8281249999999983,0.7539062499999992,0.7,0.12793641129032263,0.17187499999999986,0.3437499999999997,0.3,0.9453124999999984,0.3437499999999999,False,False,False,False,1.0,0.5264344900846433,1.0,1.0,False
REACTOME_STAT5_ACTIVATION_DOWNSTREAM_OF_FLT3_ITD_MUTANTS,10,0.4,-0.029671951290196508,0.8281249999999983,0.7539062499999992,0.9,0.041647983870968075,0.01074218750000001,0.02148437500000002,0.3,0.9453124999999984,0.3437499999999999,False,False,True,False,1.0,0.06878500509164977,1.0,1.0,False
REACTOME_OTHER_SEMAPHORIN_INTERACTIONS,17,0.29411764705882354,-0.013531343643137529,0.9754791259765658,0.1434631347656256,0.6470588235294118,0.01974879032258103,0.1661529541015627,0.3323059082031254,0.29411764705882354,0.9754791259765658,0.1434631347656256,False,False,False,False,0.6517461643473793,0.5192692720629355,0.6517461643473793,1.0,False
REACTOME_HS_GAG_DEGRADATION,24,0.20833333333333334,-0.0626397032137257,0.9992280602455152,0.006610751152038573,0.8333333333333334,0.08714935483870972,0.0007719397544860836,0.001543879508972167,0.2916666666666667,0.9886720776557933,0.06391465663909907,False,False,True,False,0.15510598225380054,0.008908961224693108,0.15510598225380054,1.0,False
REACTOME_LYSOSPHINGOLIPID_AND_LPA_RECEPTORS,14,0.35714285714285715,-0.017669349254902274,0.910217285156252,0.4239501953125009,0.5,0.0002524193548390065,0.6047363281250012,1.0,0.2857142857142857,0.9713134765625019,0.1795654296875005,False,False,False,False,0.9063695397066046,1.0,1.0,1.0,False
REACTOME_SYNTHESIS_OF_IP2_IP_AND_INS_IN_THE_CYTOSOL,14,0.21428571428571427,-0.040033829947059146,0.9935302734375019,0.05737304687500014,0.7857142857142857,0.053039758064516634,0.02868652343750004,0.05737304687500008,0.2857142857142857,0.9713134765625019,0.1795654296875005,False,False,True,False,0.4532182396356795,0.14285034987464423,0.4532182396356795,1.0,False
REACTOME_COLLAGEN_CHAIN_TRIMERIZATION,43,0.32558139534883723,-0.018395074078432,0.9931409074706626,0.031539497353151286,0.6744186046511628,0.08651024193548251,0.015769748676575674,0.03153949735315135,0.27906976744186046,0.9990430194993697,0.005401572654591334,False,False,True,False,0.35414349885109875,0.09181498118361837,0.35414349885109875,1.0,False
REACTOME_ESTROGEN_DEPENDENT_NUCLEAR_EVENTS_DOWNSTREAM_OF_ESR_MEMBRANE_SIGNALING,22,0.5,0.0022630982627445204,0.5840940475463855,1.0,0.5909090909090909,0.06281209677419372,0.26173353195190396,0.5234670639038079,0.2727272727272727,0.9915497303009022,0.05247879028320305,True,False,False,False,1.0,0.7161794816856287,1.0,1.0,False
REACTOME_KILLING_MECHANISMS,11,0.2727272727272727,-0.013472555180392625,0.9672851562500003,0.22656250000000067,0.45454545454545453,-0.004411209677419151,0.7255859374999999,1.0,0.2727272727272727,0.9672851562500003,0.22656250000000067,True,False,False,False,0.7378528981121056,1.0,1.0,1.0,False
REACTOME_MUCOPOLYSACCHARIDOSES,11,0.18181818181818182,-0.03081453069019658,0.9941406250000006,0.06542968750000026,0.9090909090909091,0.1633575806451613,0.005859375000000013,0.011718750000000026,0.2727272727272727,0.9672851562500003,0.22656250000000067,False,False,True,False,0.4654093608597304,0.04439006024096396,0.4654093608597304,1.0,False
REACTOME_SARS_COV_2_MODULATES_AUTOPHAGY,11,0.09090909090909091,-0.06918572831372619,0.9995117187500003,0.011718750000000026,0.8181818181818182,0.05330104838709725,0.03271484375000009,0.06542968750000018,0.2727272727272727,0.9672851562500003,0.22656250000000067,False,False,True,False,0.2117456896551729,0.1553707987160125,0.2117456896551729,1.0,False
REACTOME_PROCESSING_OF_SMDT1,15,0.4,-0.054182695360784516,0.8491210937499997,0.6072387695312499,0.7333333333333333,0.21929911290322568,0.059234619140624965,0.11846923828124993,0.26666666666666666,0.9824218749999997,0.11846923828124988,False,False,False,False,1.0,0.24312485976256512,1.0,1.0,False
REACTOME_RESPIRATORY_SYNCYTIAL_VIRUS_RSV_ATTACHMENT_AND_ENTRY,23,0.391304347826087,-0.017955898952941397,0.8949801921844535,0.40487289428711204,0.6956521739130435,0.0148445967741943,0.046569824218750146,0.09313964843750029,0.2608695652173913,0.9946889877319395,0.034689664840698395,False,False,True,False,0.8942565883894386,0.2085691272702998,0.8942565883894386,1.0,False
KEGG_GLYCOSAMINOGLYCAN_DEGRADATION,20,0.1,-0.039584674709804646,0.9999799728393575,0.00040245056152343723,0.85,0.08714935483870972,0.0012884140014648429,0.0025768280029296858,0.25,0.994091033935549,0.04138946533203137,False,False,True,False,0.02636051177978514,0.013502578735351553,0.02636051177978514,1.0,False
REACTOME_CYTOCHROME_C_MEDIATED_APOPTOTIC_RESPONSE,12,0.5833333333333334,0.020162893749019386,0.38720703124999967,0.7744140624999993,0.5,0.024947379032258566,0.6127929687499988,1.0,0.25,0.9807128906249984,0.14599609375000017,True,False,False,False,1.0,1.0,1.0,1.0,False
REACTOME_THE_ACTIVATION_OF_ARYLSULFATASES,12,0.4166666666666667,-0.018326815276471085,0.8061523437499982,0.7744140624999993,0.5,0.013195564516129226,0.6127929687499988,1.0,0.25,0.9807128906249984,0.14599609375000017,False,False,False,False,1.0,1.0,1.0,1.0,False
KEGG_GLYCOSYLPHOSPHATIDYLINOSITOL_GPI_ANCHOR_BIOSYNTHESIS,25,0.36,-0.0230250515686272,0.9461239278316504,0.2295229434967046,0.64,0.023524274193548727,0.114761471748352,0.229522943496704,0.24,0.9979613423347479,0.014633297920227046,False,False,False,False,0.7378528981121056,0.39346790313720686,0.7378528981121056,1.0,False
REACTOME_SIGNALING_BY_ACTIVIN,17,0.35294117647058826,-0.025969302137255366,0.9282684326171906,0.33230590820312556,0.5294117647058824,0.008402661290322851,0.5000000000000017,1.0,0.23529411764705882,0.993637084960941,0.04904174804687516,False,False,False,False,0.8498864024877469,1.0,1.0,1.0,False
REACTOME_ACETYLCHOLINE_BINDING_AND_DOWNSTREAM_EVENTS,13,0.3076923076923077,-0.03508805671372552,0.953857421874998,0.26684570312500017,0.6153846153846154,0.02314467741935511,0.29052734374999983,0.5810546874999997,0.23076923076923078,0.9887695312499981,0.09228515625,False,False,False,False,0.7797052886849448,0.7657266739024597,0.7797052886849448,1.0,False
REACTOME_SYNTHESIS_OF_GLYCOSYLPHOSPHATIDYLINOSITOL_GPI,18,0.3888888888888889,-0.011796732115686714,0.8810577392578133,0.4806823730468747,0.5,0.0029348790322584768,0.5927352905273445,1.0,0.2222222222222222,0.9962310791015635,0.03088378906250002,False,False,False,False,0.9528785503526949,1.0,1.0,1.0,False
REACTOME_DEFECTIVE_EXT2_CAUSES_EXOSTOSES_2,14,0.2857142857142857,-0.07780031887647089,0.9713134765625019,0.1795654296875005,0.9285714285714286,0.14470455645161318,0.0009155273437500041,0.0018310546875000082,0.21428571428571427,0.9935302734375019,0.05737304687500014,False,False,True,False,0.6939395657941977,0.010302221094342959,0.6939395657941977,1.0,False
REACTOME_EICOSANOIDS,10,0.5,-0.006162006478431468,0.6230468749999987,1.0,0.5,-0.0018947177419348549,0.6230468749999987,1.0,0.2,0.9892578124999983,0.109375,True,False,False,False,1.0,1.0,1.0,1.0,False
REACTOME_HIGHLY_CALCIUM_PERMEABLE_POSTSYNAPTIC_NICOTINIC_ACETYLCHOLINE_RECEPTORS,10,0.4,-0.023493513486274493,0.8281249999999983,0.7539062499999992,0.6,0.02619842741935504,0.3769531249999994,0.7539062499999988,0.2,0.9892578124999983,0.109375,False,False,False,False,1.0,0.905378628724216,1.0,1.0,False
REACTOME_METABOLISM_OF_FOLATE_AND_PTERINES,15,0.4,-0.005463565278432673,0.8491210937499997,0.6072387695312499,0.6666666666666666,0.04219233870967777,0.1508789062499999,0.3017578124999998,0.2,0.9963073730468748,0.035156250000000056,False,False,False,False,1.0,0.4786713231584257,1.0,1.0,False
REACTOME_WNT5A_DEPENDENT_INTERNALIZATION_OF_FZD4,15,0.2,-0.01657890831372712,0.9963073730468748,0.035156250000000056,0.7333333333333333,0.04210951612903263,0.059234619140624965,0.11846923828124993,0.2,0.9963073730468748,0.035156250000000056,False,False,False,False,0.36919390272937036,0.24312485976256512,0.36919390272937036,1.0,False
REACTOME_RIP_MEDIATED_NFKB_ACTIVATION_VIA_ZBP1,16,0.375,-0.021067928603921808,0.894943237304688,0.45449829101562467,0.6875,0.06642225806451638,0.10505676269531242,0.21011352539062483,0.1875,0.9979095458984379,0.02127075195312503,False,False,False,False,0.9327301742513864,0.3719577273807009,0.9327301742513864,1.0,False
REACTOME_ANDROGEN_BIOSYNTHESIS,11,0.2727272727272727,-0.013114011478431607,0.9672851562500003,0.22656250000000067,0.7272727272727273,0.015877096774193803,0.11328125000000024,0.22656250000000047,0.18181818181818182,0.9941406250000006,0.06542968750000026,False,False,False,False,0.7378528981121056,0.3909508781558735,0.7378528981121056,1.0,False
REACTOME_REDUCTION_OF_CYTOSOLIC_CA_LEVELS,11,0.6363636363636364,0.008273571901960826,0.2744140625000004,0.5488281250000008,0.36363636363636365,-0.0201937096774193,0.88671875,0.548828125000001,0.18181818181818182,0.9941406250000006,0.06542968750000026,False,False,False,False,0.9919146069216969,0.7392954691516723,0.9919146069216969,1.0,False
REACTOME_TRP_CHANNELS,28,0.2857142857142857,-0.016206909939215856,0.9937295243143957,0.03569813817739459,0.75,0.04053584677419366,0.00627047568559641,0.01254095137119282,0.17857142857142858,0.9999100044369617,0.0009122341871261487,False,False,True,False,0.36919390272937036,0.046827495381271046,0.36919390272937036,0.7170160710811528,False
REACTOME_PRESYNAPTIC_NICOTINIC_ACETYLCHOLINE_RECEPTORS,12,0.25,-0.038054048670588314,0.9807128906249984,0.14599609375000017,0.5833333333333334,0.017355161290322715,0.38720703124999967,0.7744140624999993,0.16666666666666666,0.9968261718749984,0.03857421875000003,False,False,False,False,0.6520052823153416,0.9153224859022547,0.9153224859022547,1.0,False
REACTOME_RESPONSE_TO_METAL_IONS,10,0.1,-0.14271971605882355,0.9990234374999984,0.02148437500000002,0.8,0.7562150806451611,0.05468750000000005,0.1093750000000001,0.1,0.9990234374999984,0.02148437500000002,False,False,False,False,0.29625822368421084,0.22955607476635534,0.29625822368421084,1.0,False
