gene,effect
HNRNPM,0.4000505769230772
CMBL,0.6070494230769241
ZFYVE16,0.5997369230769234
SDS,0.3849463461538471
SEC22C,0.07480000000000149
TMEM17,0.08832307692307732
HILPDA,0.6647340384615382
LMAN2,-0.32025192307692135
MBTD1,0.710566153846155
PRR11,0.7393180769230772
C5orf24,0.3636517307692319
UBALD1,0.3208298076923088
AP4S1,0.4999376923076923
LOC387930///RPL13AP7///RPL13A,1.192126923076923
LOC100506844,0.10670442307692325
EIF3K,0.566653653846154
RPL18,1.1725251923076927
FLJ23865,0.4707844230769235
MAGIX,0.7147936538461533
MYO3B,0.9625567307692303
TMC6,0.8345155769230771
ERVV-1,-0.30554576923076926
LNPK,0.5881988461538458
MTHFR,0.8264398076923073
LINC01426,0.14116576923076987
SH2D3C,0.7044221153846159
DRAXIN,0.9464290384615388
SLC35E1,0.3214923076923083
LINC00483,0.6504580769230768
PRB2///PRB1,-0.5740257692307674
PPM1H,0.7301807692307694
ZNF160,0.47185538461538473
LINC00638,0.44045576923076946
RPL34,1.51877
USP28,0.10507884615384655
SSMEM1,0.13381192307692408
DCN,2.1360059615384612
TPT1P4///TPT1,1.8470480769230762
LOC101928303,0.8414471153846154
LOC100130654,0.6322771153846157
KLHL24,0.20070961538461649
HAUS2,0.040206153846154426
ITGAL,0.9776259615384615
FLJ12151,0.5323215384615391
FLVCR2,0.5988853846153851
OCIAD1,0.4125028846153853
FLJ14311,0.4369357692307695
FAM63A,0.16940173076923096
RPS13,1.4449073076923074
HSH2D,0.35323576923076944
ZNF721,0.4731409615384619
CRYZL1,0.8459846153846149
ITGB5,0.005104230769232335
RPS10,1.4036190384615386
SSTR2,0.6672038461538455
ENO1,1.5781657692307691
RPL10P15///RPL10P8///RPL10P6///RPL10P16///RPL10,1.440961923076923
RBSN///COX2,2.0778601923076923
DMKN,-0.5009194230769218
TMEM63A,0.7203575000000007
WWP2,0.9876419230769239
KBTBD6,0.7163200000000002
CHST5,0.8611846153846154
APOBEC3C,0.6217088461538463
NUMBL,0.2442026923076923
RPL39,1.6759207692307685
LOC654780,0.4091113461538463
TPT1,1.827743269230769
RPS4XP11///RPS4X,1.8056228846153837
LOC100131541,0.42100423076923
EEF1D,1.577782884615385
ARHGAP44,0.5813203846153844
RAB42,0.7028719230769236
MT2A,1.615214423076923
UBE2I,0.7293105769230775
PTMA,0.9976349999999996
LOC100133315///ATP13A5///C10orf54///ATP6,1.8718871153846146
LOC647070,-0.5413824999999995
ZNF713,0.9494653846153845
RPL37A///PLK1,1.4564671153846154
RPL31,1.6097213461538458
SPARC,2.3906884615384607
CLU,1.3852605769230764
PIF1,0.6423819230769231
ARHGAP29,0.716866730769231
CNOT3,-0.725782499999999
LOC440552///COX3,1.2686724999999999
CDK13,0.5583694230769234
ATP5G2,1.0056532692307687
ANAPC16,0.35466576923077003
RABGAP1,0.7333221153846154
EMP1,0.7785730769230772
ZNF808,0.30513019230769267
TSR1,0.36932250000000033
GLTSCR2,1.4564363461538457
EEF1G,1.885761538461539
TMEM67,0.4914876923076921
LOC101929165,0.5145830769230768
RPL10AP6///RPL10A,1.7166121153846152
ZBED4,0.5842623076923078
EXOC3L2,0.4280746153846155
RPL32,1.550429423076923
RPL37,1.4452574999999994
TRIP11,0.31810307692307727
BGN,1.4309757692307694
RPL6P27///RPL6,1.956823076923076
RPS27AP16///CEP97///UBC///UBB///RPS27A,1.4318211538461536
HNRNPA3,0.9426951923076925
MGP,1.920712499999999
RACK1,0.951441153846153
RPL23P6///RPL23,1.5073503846153842
MT1X,1.073003076923077
UBR4,0.6027026923076921
THEM4,0.39606211538461555
RPS2,1.8159776923076918
C6orf89,0.3144200000000007
METTL7A,0.46624615384615403
LAMP1,1.304113461538461
SH3KBP1///ND3,1.1116432692307694
RPL37A,1.8204669230769226
RFC2,0.5564142307692308
SYNRG,0.7354271153846156
PDE4C,0.4446803846153849
LINC01234,0.5092419230769232
EMC1,0.4562846153846157
COX1,1.5578184615384616
EEF2,1.304544423076923
RPS23,1.2117853846153843
RNH1,1.3210088461538465
PCDHGA8,0.601989807692308
LOC100132535///CERCAM,-0.4646305769230761
ACAN,1.3699017307692303
RPL12,1.5188749999999995
RPS27,1.3540959615384613
FGFBP2,1.627770576923077
NSUN4,0.655109423076923
COMP,1.6076821153846148
NNMT,1.4235546153846148
RPL23AP42///RPL23A,1.9884482692307688
DUSP19,0.27001961538461555
MED13L,0.34191057692307747
FBXW12,0.28509480769230783
GTF2H3,0.29362076923076924
RPS4X,1.5176474999999998
HNRNPM///COL2A1,2.091042692307691
PDLIM7,0.8479336538461537
CILP,1.9259534615384613
LINC00937,0.6928340384615382
VEGFA,1.0168253846153843
PNO1,-0.000691346153845536
ARSK,0.7725771153846154
RPL7A,1.8092019230769225
CENPBD1,0.2150909615384617
UACA,-0.06881038461538408
SDCBPP2,0.6442148076923083
ARNT,0.44223442307692357
ZBTB7A,-0.4698586538461524
RRP12,0.43145423076923084
COLCA1,0.2357492307692312
OPHN1,0.48093980769230804
SLF2,0.7026517307692306
SPATS2L,0.7610761538461539
ZC3H7B,0.6671290384615386
LOC100133131,0.3683032692307694
PIGT,0.5426671153846149
RPL36,1.2721926923076925
LOC101928902,0.3954223076923077
CAPZB,1.5074303846153838
ACTG1,1.691149615384615
ATP6V0E1,1.236835192307692
FAU,1.2949959615384614
USP34,0.4302742307692311
DIP2A,0.4897930769230774
CD6,0.19639307692307698
TMEM156,0.5391599999999999
NOTCH2NL,1.4174196153846157
RPS20,1.2897742307692295
MRI1,0.38519788461538546
PRKDC,0.25587884615384693
VCX2,-0.7011919230769222
RAB11B,-0.27552615384615303
MDN1,0.3937751923076927
ZNF391///RPL35A,1.855211923076922
TMEM241,0.25158115384615426
RPL11,1.2154853846153844
LOC100509814,0.15345980769230771
CD81,1.7641128846153846
CALR,1.688913269230769
HTRA1,1.965077307692307
FAM45A,0.058702500000000074
RNF187,0.6282396153846156
RPS16,1.1800899999999996
LOC100132620///LOC100132540///NPIPB5///LOC729978///NPIPA2///LOC613037///NPIPB3///NPIPA1,1.1783107692307693
NOMO3///NOMO2///NOMO1,1.21858423076923
RPL9,1.196806346153846
ATP8B1,0.43580288461538497
HTRA4,0.6129482692307694
PAPSS2,1.6692832692307689
NR3C1,1.3775859615384618
RPL5,1.3721405769230766
GSK3A,-0.40665519230769154
TAPT1-AS1,0.9475726923076924
PSAP,1.4545142307692303
FMOD,1.9174705769230767
FXYD6,1.4948453846153844
EIF3L,1.2866246153846153
RGPD6///RGPD8///RGPD5,-0.4745263461538452
FN1,1.7635605769230756
FGFR1,0.28269326923076954
MYL6B///MYL6,1.7049507692307693
LOC100130553///RPS18,1.2222905769230763
COL3A1,1.5422692307692303
MEGF8,0.4938275000000002
LUM,2.1220705769230763
MALAT1,0.3619115384615389
PPIA,1.1191701923076922
C4orf46///TOMM7,1.4060571153846144
OGFOD2///ARL6IP4,1.2466419230769232
FRMD4B,0.20571692307692324
MMP14,0.14120211538461572
LOC51145,0.32978134615384647
TCTN1,-0.20598980769230713
RBPJ,0.3921990384615384
TNXB///ATF6B,0.2707665384615388
SPATA5L1,0.643900384615385
LOC255177,0.38447923076923146
EEF1A1,1.1140486538461536
COL11A1,1.1785661538461525
CCDC152,0.4881936538461537
FAM162A,1.190983846153846
RPL27,1.2071207692307688
OGN,2.007367692307692
PTK6,0.619716346153846
FAM129B,0.332109230769231
HNRNPA1,1.454789615384615
DLGAP4,0.48085076923076975
ADGRV1,0.571733653846154
RPS11,1.4272180769230765
TIMP3,1.6548898076923069
RPL7,1.0891715384615384
ABI3BP,1.5810915384615378
H19,2.663468653846153
TGOLN2,0.2470088461538466
RHOB,-0.4325946153846144
CTSB,0.8434590384615384
PPP1R3C,0.9926871153846152
RPL21P16///RPL21P119///RPL21,0.888966538461538
RPL22,0.8890724999999994
TMEM184A,0.18355942307692352
SERPINE1,0.5545336538461537
CEP97///UBC///UBB///RPS27A,1.0727373076923072
ZKSCAN1,0.3347815384615385
RPL19,1.453782692307692
RPS15A,1.9598067307692302
DDR1-AS1,0.4159703846153848
RPS6,0.7632813461538461
RPS24,1.0158049999999992
MXRA7,1.132370384615385
PSMD4,0.9771167307692301
RPLP1,1.3061503846153841
LOC100289058,0.5018373076923075
EPN1,-0.39977653846153766
SETDB2,0.26490115384615454
LOC100133315,1.0783234615384616
OAZ1,2.2087442307692298
C2orf40,1.9434415384615376
MT1E,2.0838774999999994
NDUFB4,1.8387786538461535
RPS28,1.6241503846153846
LOC100130394///TMA7,1.8997776923076912
HNRNPH1,1.6129261538461535
PAX1,1.6092080769230765
TRPM3,0.44808673076923083
CEBPD,1.3932655769230762
RPL41,1.453669615384615
GTF2IP7,0.06861942307692327
RPL30,1.6588461538461534
RPS7,1.671865384615384
NACA2///NACAP1///NACA,1.1569649999999998
RPL15,1.1628626923076921
FTH1P20///LOC642567///FTH1P16///FTH1P3///FTH1,1.295067692307693
AEBP1,1.85658923076923
SLC36A2///RPL24,1.8657098076923069
CPE,0.797784230769231
RPS8,1.3928532692307694
ISLR,1.2957261538461533
PRO2964,0.049655576923077024
KIAA1328,0.14673750000000044
CYB5R3,1.2754515384615381
NAPB,0.2806875000000002
PABPC4,1.379005384615384
NFIC,1.231546923076923
TUBA1B,1.4313892307692309
ALMS1,0.4148434615384621
DDX59,0.13082249999999992
C2orf15,0.25621711538461595
CFL1,1.5204894230769228
R3HDM4,-0.23464153846153823
HMGN2,1.3901117307692303
RPS3A,0.89742
TBX6,0.7803082692307695
WDR4,0.48982538461538466
BEX3,1.107360961538461
MORF4L1,1.5147167307692295
C9orf66,-0.1937317307692303
ITM2B,1.0199386538461535
RPL13,1.0598098076923077
APP,0.5284188461538464
NME1-NME2///NME2///NME1,0.5055869230769229
JUND,1.8129617307692305
XBP1,1.3542253846153847
TMEM150B,0.5857876923076927
RPL27A,1.235928269230769
CDS2,0.33418307692307714
ZNF611,0.17923192307692334
CRYBB2P1,-0.29088576923076864
PXDN,0.8284015384615386
RPS17,1.306385384615384
UNC5B///DCAF6///ND4,0.9195471153846153
MUC3B///MUC3A,-0.3318573076923069
NRP2,0.5686184615384614
UBA52,1.6988571153846148
NPM1,1.0403673076923068
PLOD2,2.2066215384615377
LOC101927228,0.2909559615384618
LOC100129266,0.17945134615384625
ND2,1.2362138461538457
SUMO2P17///SUMO2,1.7819401923076914
NEAT1,0.8526876923076919
SUMO2,1.9136192307692308
UBC///UBB///RPS27A,1.0849824999999997
GDI2,1.632831153846153
BCL6,1.0414288461538463
C1orf61,0.08447480769230832
NUCB1,1.7597849999999995
PGM1,1.7912148076923067
RAB29,0.1664336538461543
NOS3,-0.8982684615384604
FHL1,1.1953340384615379
GSTP1,1.8573346153846146
RPS25,0.8058596153846153
FLJ11996,0.2729332692307695
SLAMF6,0.5712780769230769
GATA2,-0.3346424999999995
DARS,0.7255611538461536
GULP1,0.3090184615384619
PTRF,1.3384032692307692
SEC14L2,0.5333909615384614
UBC,0.6637980769230768
ANP32B,0.3068613461538464
DSTN,1.5321409615384614
LDHA,1.7988396153846142
NUCKS1,0.5305696153846149
ANGPTL2,1.7011696153846148
PRG4,1.4326242307692307
ARPC2,1.5563625
CTNNB1,1.1781259615384616
GRK7,0.14339999999999994
RPS17P5///RPS17P16///RPS17,1.5270523076923075
RPS14,1.4550330769230768
SND1,1.0607757692307689
F13A1,1.892622692307691
LPCAT3,-0.3167276923076916
RPL14,1.5407794230769227
FTL,1.8306071153846146
SSBP1,1.2556228846153834
SEC11A,1.005672884615384
RPS15,1.093039423076923
DBT,0.9045671153846154
LOC730004///RPL22,1.2353869230769232
CLN8,0.37023403846153863
CIRBP,0.9873211538461537
COX7C,0.9406903846153839
C14orf184,-0.24404346153846088
CHI3L1,0.9786498076923076
RPL10,1.6370057692307687
EIF4A2,1.0137844230769226
RPS21,1.5689411538461528
RPS29,1.5530557692307685
TAP1,0.5160655769230771
EIF3E,0.33532288461538484
LTBP2,1.8421892307692302
WIPI2,-0.08650038461538433
RPS3AP5///RPS3A,0.6305344230769233
SRP14,0.9999401923076919
PLXND1,0.1400517307692312
SAT1,1.1885325
CALM3///CALM2///CALM1,1.719300576923076
LOC653881///RPL3,1.4262788461538458
EIF1,1.540278653846153
FSTL1,1.5158465384615378
LINC00474,-0.29649346153846073
ATF4,0.5659273076923074
KRBA2,0.5317630769230768
ZBTB4,0.3696325000000001
TMEFF2,1.214283076923077
GOLGA4,0.6251378846153848
HLA-C,1.181885192307692
RPLP0,1.5913036538461531
PRELP,1.819199807692307
RPL8,1.3021501923076924
NLN,0.5863721153846158
S100A10,0.9103100000000001
ATP5G3,1.4826669230769225
RPS2P5///RPS2P29///RPS2P48///RPS2P21///RPS2P17///RPS2P55///LOC148430///RPS2,0.7298763461538464
FAM46A,1.1142517307692301
TUBB4B,0.9677994230769229
SNORA33///RPS12,1.5548334615384614
ZFAS1,0.9253340384615383
NUDCD2,0.07947576923076957
COX7A2,1.5922149999999995
ADAT1,0.29136230769230786
LAPTM4A,1.0605999999999993
FTX,0.29057923076923087
GAPDH,1.5644246153846146
H3F3AP4///H3F3B///H3F3A,1.2620509615384619
KDELR1,0.7365184615384615
TMEM151B,0.38862653846153866
PCOLCE2,1.823061730769231
CKAP4,2.1547759615384607
RPL18AP3///RPL18A,1.292889615384615
HNRNPA2B1,1.0661301923076922
SKP1,1.7442451923076918
MZT2B,0.6043876923076923
TTC3,1.220275
POLR1E,-0.17713634615384544
SNHG3,0.3375986538461544
DNER,1.3098263461538457
SORBS2,0.5310271153846158
STK24,0.7772405769230767
NAT16,0.6009692307692309
SERPING1,1.866274423076923
RPS4XP17///RPS4XP7///RPS4XP6///RPS4XP13///RPS4XP16///RPS4X,0.7806967307692306
WHAMMP3,0.09184596153846201
MORF4L2,1.32044673076923
GABARAPL2,1.6199030769230764
RGS11,0.06367423076923083
SOX9,1.2500124999999995
HSP90AA1,1.6851142307692295
GPX3,0.8241705769230769
GLG1,0.5622821153846154
JTB,1.8339830769230763
TTC9B,0.5736048076923077
RPL24,1.1716165384615382
GSDMB,0.38513057692307706
TNKS2,1.049585769230769
MTCH1,1.1586003846153843
FOXC1,1.4383803846153842
EIF3H,0.4921473076923075
MIPEPP3,0.4701678846153845
RPS27L,1.2561376923076921
PYHIN1,0.28556711538461527
PMP22,1.481313846153846
RPL4,0.5658878846153845
ORMDL3,1.1325038461538457
HUWE1,0.9356942307692304
TNIP3,0.07082480769230816
DST,1.0456326923076924
GADD45B,0.9173482692307692
ANXA2,0.9133501923076923
LUC7L3,0.02066980769230775
LOC100133864///NOMO3///NOMO2///NOMO1,0.47588173076923096
ZNF224,0.2723842307692308
MAP2K2,1.0410521153846153
BTF3,-0.579391346153845
HMGB1,-0.12299903846153813
USP22,0.4041292307692309
ANKH,0.9239949999999998
VPS13D,0.3180817307692309
HDGF,1.2373644230769232
NDRG1,0.8261755769230771
NACAP1,0.5896234615384617
FUT6,0.45071461538461527
ARHGEF12,0.04990750000000032
COL1A1,1.4535286538461534
SF3B5,1.3066557692307685
PTTG1IP,2.0952098076923065
XPNPEP1,0.8297896153846153
LOC100508226///MAGI1-IT1///MAGI1,0.3245261538461541
CTDNEP1,1.393327884615384
LOC729173,-0.12071423076923037
ZBTB20,0.814393076923077
PLIN5,-0.012304615384614623
TMED10,0.653958076923077
PRR13,1.9310234615384616
FUS,1.6891073076923067
TWSG1,0.9879053846153842
PSMF1,0.9294909615384613
RGCC,1.6825594230769232
RGPD6///RGPD8///RGPD4///RGPD5///GCC2,0.5149623076923079
CHAD,1.2881173076923071
SNRPG,0.6775549999999999
NDUFS8,0.5379724999999999
COL1A2,1.9218801923076918
PTPRO///ND5,0.9655355769230768
MTMR9,0.2889542307692308
RPL35,1.5843528846153843
PIGS,0.7371578846153851
SAMMSON,0.07304115384615405
BCAT1,0.9711605769230762
CDK2AP1,1.7397836538461526
WAC,0.6008226923076921
GSPT1,0.34866057692307706
DMWD,0.5667698076923074
YWHAG,1.2660976923076919
FBXL18,0.05751384615384634
BHLHE40,1.1854655769230769
ATP5J2,2.182712307692307
RPS19,1.4418913461538458
MXRA5,1.8146898076923075
COL9A3,1.1820159615384604
PFDN5,0.930658269230769
TSPAN13,0.922184423076923
TSC22D3,1.0843126923076918
ACTN1,1.1551867307692305
SQSTM1,1.2643042307692298
CDK5RAP3,0.5023151923076924
PP12708,0.24574442307692337
RAN,1.3237026923076916
JUNB,1.3225457692307692
NUCB2,0.5170046153846153
KLF3-AS1,0.6210461538461541
MYSM1,0.32491903846153836
KIAA0930,0.06504461538461587
ASPN,1.5946375
TFR2,0.23225423076923046
DPYSL2,0.869835
RASEF,0.1654378846153847
CLTA,1.4546090384615376
PGAM1,1.5149457692307693
COPB1,1.3556853846153842
LOC51336,0.4789517307692309
PAM,1.8545640384615378
TUBA1A,1.5652569230769227
SRRM2,1.1640388461538456
LOC100129292,1.2095817307692298
PARK7,1.0672569230769227
TRIM65,0.004896923076923576
RPL13A,1.0406694230769231
SUMF2,1.0930326923076923
AP3S1,1.5530799999999996
ARF4,1.5746459615384603
ASPHD1,-0.019675384615384064
PTP4A1,0.9601921153846149
NFAT5,1.1744328846153844
RPS9,0.7612096153846152
LRP10///RAB13,0.9458730769230764
BLOC1S5,0.7718451923076921
NORAD,0.9123732692307692
NFKB2,0.22750384615384656
COL6A3,0.9905109615384609
RNF130,1.3356226923076917
RPL38,1.1949449999999997
CREB3L2,1.1461799999999998
ZFAND5,0.6540984615384613
DAZAP2,0.8440340384615382
MT1G,1.7946780769230763
LOC728987,0.2352940384615387
LOC100130542///BRK1,1.3479459615384608
EWSR1,1.0162011538461537
CD99,1.7780253846153837
IGFBP7,1.1905526923076921
MBNL1,0.9405417307692303
NR1D1///THRA,0.6606138461538461
IPP,0.49714788461538506
RPS26P25///RPS26P11///RPS26,1.1376405769230764
TMED2,1.374420961538461
LGALS3,0.578019423076923
SET,1.4234465384615382
MAT2A,1.4272363461538458
SENP3,-0.49620749999999947
SYDE2,0.03407250000000013
CHRD,0.2865553846153844
SNHG5,0.19702288461538456
EIF3CL///EIF3C,0.6490721153846152
CAV1,0.913915769230769
HIF1A,1.0638434615384609
ESD,0.8049473076923074
MFGE8,1.2612174999999999
PRRC2B,1.1235030769230767
SLC25A6,1.2531582692307692
PRRC2C,-0.21705653846153808
TGFBR3,0.5478436538461536
PHYKPL,1.1567790384615382
FBXO34,0.24630576923076924
ATP5E,0.5770944230769227
RLIM,1.2141580769230758
VAPA,1.390707884615384
U2AF1,0.7176224999999998
SSR3,0.42954230769230795
SUMO2P6///LOC100127918///SUMO4///SUMO2,1.2374623076923077
CYTL1,1.6269867307692305
RPL27AP6///RPL27A,0.3120984615384617
GAS5,0.8078873076923074
DAD1,1.5901142307692298
SBDSP1///SBDS,0.3847786538461539
PLS3,1.2765753846153844
IFNL1///IFNL3///IFNL2,0.6594744230769233
LOC642346,-0.2250165384615383
RPS3,0.5932626923076922
UQCRB,0.6354357692307689
CRTAC1,0.8939594230769226
PNISR,1.040302115384615
TGFBI,1.596515384615384
HNRNPC,-0.4889817307692301
RAC1,0.9660588461538462
LCTL,0.12629249999999978
H2AFV,0.31627211538461536
LOC100132804///EEF1A1P29///LOC728672///EEF1A1P24///EEF1A1P22///EEF1A1P9///EEF1A1P17///EEF1A1P35///EEF1A1,0.700785769230769
PHF24,-0.03067999999999957
ATF7IP,0.3981096153846153
OPA3,0.5129663461538457
SSR1,1.2203565384615382
KCNK3,0.35281461538461517
CC2D1A,-0.07997076923076847
H2AFJ,0.5981575
LOC100132620///LOC100132540///NPIPA1,1.531581346153846
DUSP1,0.8922790384615381
SUN1,1.0796778846153847
YWHAQ,1.06753923076923
LOC729164,0.17653500000000025
HBA2///HBA1,0.6664630769230767
ECH1,0.5010150000000003
TPM3,1.7269115384615377
SCRG1,2.1508157692307686
SF1,1.3016357692307685
SLC2A4RG,1.038000961538461
SULF2,0.6688017307692309
C1orf43,0.9730405769230762
CASC3,0.9991907692307691
SH3BGRL3,1.7230099999999995
HBB,1.0189261538461534
KCNMA1,1.093739615384615
B2M,1.6447030769230766
ARL3,0.9116067307692305
DAGLB,-0.44447192307692246
S100A4,1.3531749999999994
SHROOM1,0.03966153846153912
HNRNPK,0.5594738461538462
NDFIP1,0.7445173076923077
AP3D1,1.1980374999999996
TMEM45A,1.489522692307692
LSM1,0.38998788461538475
NAA38,1.437444807692307
C6orf62,0.5752711538461537
HINT1,1.0178794230769228
PFKFB3,0.7994755769230766
XYLT1,1.552083461538461
TMA7,1.759606923076922
ATPIF1,0.46240557692307693
UNC5B,1.115989615384615
MIF-AS1///MIF,1.4570042307692306
TUBA1C,1.5148642307692302
TNNT3,0.3017244230769232
CD55,1.8205926923076912
GTF2IP4///GTF2IP1///GTF2I,1.1511321153846152
NCKAP1,0.6759665384615384
IDH1,1.6831674999999988
MINK1,-0.24382326923076858
ATP5L,0.5315334615384616
MT1M,1.4902336538461536
CD59,0.8015176923076919
PLA2G2A,1.460802884615384
GABARAPL3///GABARAPL1,1.0212665384615385
ERH,1.6927559615384615
HAPLN1,0.842503653846154
MEDAG,0.8385186538461539
PYY,-0.14395326923076882
SAFB2,0.36706230769230785
CTGF,1.5272984615384613
TTBK2,-0.0530923076923073
ANXA1,0.5616725
PABPC3,0.24555500000000022
ZBTB8B,0.47692923076923077
RPL3,0.2591794230769233
TMEM92,0.2594721153846153
CEP170B,2.3639165384615386
CAPZA1,1.4941069230769228
CYGB,0.20837519230769252
DDX49,-0.1379738461538463
HSPA1B///HSPA1A,2.416000769230768
COL11A2,1.3887196153846144
CCNL2,0.734818461538461
IVNS1ABP,0.6050807692307689
RPLP2,0.8051936538461538
TNFAIP6,1.0120992307692307
MUC3A,0.13359250000000067
IER2,1.6875451923076925
HYPK,1.009193461538461
SPG21,0.327853653846154
RTN4,1.2536011538461536
ATM,0.38607596153846124
CARF,0.4207292307692305
NPIPB5///LOC613037///NPIPB3,0.7257563461538461
TRIM29,-0.5127636538461534
USP32P2,0.1880565384615384
MEF2A,0.3371707692307692
HIST2H4B///HIST4H4///HIST2H4A///HIST1H4L///HIST1H4E///HIST1H4B///HIST1H4H///HIST1H4C///HIST1H4J///HIST1H4K///HIST1H4F///HIST1H4D///HIST1H4A///HIST1H4I,1.0024684615384611
MIA,1.5418636538461532
KCNK5,0.6304336538461538
IFITM2,2.2185048076923066
GJA1,1.112063461538461
PLOD1,0.7570423076923073
UQCR10,0.6710092307692304
OSBPL10,0.04765500000000047
PYM1,0.006147115384615542
GPSM1,0.5436407692307694
RAB5B,0.11359980769230837
PRDX2,1.3159255769230769
SNRNP70,1.167109807692308
SERP1,1.6459949999999997
CHI3L2,1.1207501923076924
CHD9,0.28452269230769245
BNIP3,1.042046346153846
ACTB,0.6360111538461536
NDUFAB1,1.1119392307692304
POGZ,-0.257567307692307
GABARAPL1,0.8982740384615384
TMED9,1.3741471153846145
TCF7L2,1.7988021153846145
CD99L2,1.1531665384615382
ATG3,-0.3628469230769229
SUMF1,0.8111728846153845
SRSF3,0.6314146153846151
ASAH1,0.9203448076923074
SERPINA1,0.7451844230769229
SERPINA3,1.4184065384615383
PSMB1,0.45576365384615397
KYAT3///RBMX,0.5826859615384615
ADAM33,-0.0725815384615382
SF3B1,0.1935203846153846
PSMA4,1.316050576923077
DYNLL1,0.939976153846154
MRC2,1.2201121153846148
PTMAP7,-0.02603326923076899
BET1L,0.8757163461538461
USMG5,1.0075148076923073
HNRNPUL1,1.6647386538461526
RHEB,0.7620425
MRPL23,0.23454153846153844
LTBP3,1.1069099999999998
GBA2,1.154507884615384
PABPN1,0.5893969230769227
WSB1,0.3486894230769233
FOXP1,1.459086346153846
MCOLN2,0.22903153846153856
DYNLT3,0.47605653846153834
BNIP3L,1.4521071153846146
RPS2P35///RPS2P5///RPS2P12///RPS2P29///RPS2P48///RPS2P20///RPS2P18///RPS2P21///RPS2P8///RPS2P17///RPS2P11///RPS2P55///LOC148430///RPS2,1.2927011538461535
INPP5B,0.86753673076923
SNX3,0.2891792307692308
CFLAR,0.9488036538461536
N4BP2L2,0.4845021153846151
PGK1,1.0634198076923074
PDGFRA,1.0832878846153842
MEIOC,-0.2168413461538456
CD151,1.7418055769230762
GHITM,0.7593848076923077
REXO2,1.164288461538461
RPS5,0.9851130769230767
PSD3,0.36174826923076925
TXNDC5,0.40947192307692326
NCK2,0.29038423076923076
NACA,0.22653596153846173
UNC93A,0.30841480769230806
RAB5A,0.9147851923076921
SRGN,1.373816153846154
KTN1,0.8611907692307692
LINC00537,-0.07678557692307675
EFCAB6,0.33897403846153873
RPL21,0.2175396153846156
CDC42,1.371168076923076
MATR3,0.9379988461538459
TXNL1,0.9431930769230767
COLGALT1,0.483888269230769
COL8A1,0.26920807692307674
DDOST,0.7568223076923076
CD63,1.5019196153846148
FBL,1.1786432692307691
QKI,1.456537115384615
XPOT,0.24549903846153873
AKAP13,0.4469159615384616
PLAC9,1.6177509615384609
TRAM1,1.1985153846153842
PACSIN2,1.537049038461538
NDUFS5,0.8663648076923072
LOC101928844,-0.18088192307692247
MRPL20,0.5263573076923078
SUN2,1.2939774999999993
REEP6,0.1331948076923085
SHISA5,1.2835573076923077
EIF4E,0.7104049999999998
MAGED1,0.9871399999999995
AKR1C2,1.6078173076923075
DCHS1,1.2535232692307687
TARDBP,0.25597480769230785
VCAN,0.36335711538461535
NCL,0.9811192307692308
LOC101927588,0.33855307692307696
CTSA,0.5481540384615383
YWHAB,1.0614111538461537
PMEPA1,0.993842692307692
OST4,0.5934230769230768
ARID1A,1.883758653846153
PRDX4,0.5441655769230768
RAB12,0.08844634615384621
EIF3F,0.5875386538461538
DYNC1LI2,1.0504461538461536
GBE1,0.6528449999999999
EML2,0.03861576923076933
DNAJC1,-0.3071549999999998
LOC643287,-0.011714423076922907
ITGA10,0.960751346153846
XIST,1.444155961538461
ZNF7,-0.017088269230768994
LENG8,0.6331453846153847
CD164,1.4223536538461534
TPM2,0.7752828846153845
CSDE1,1.1726411538461534
CSRP1,0.7689980769230769
FOSL2,1.2156105769230763
ATP1B3,-0.05406269230769236
HBP1,0.6432798076923079
CHP1,0.24408403846153875
TRPS1,0.9397971153846154
ZNF252P,0.10256076923076944
COX4I1,0.20745173076923054
TMED7,1.627297692307692
TNPO1,0.3785059615384617
COL27A1,1.0844180769230765
COX19,0.07041096153846146
SARAF,0.42286596153846157
LPP,1.201958269230769
CCDC88A,0.45600211538461527
EIF4H,1.037925769230769
TMEM184B,0.7200594230769227
ZC3H11A,0.7854900000000002
TCF4,1.1797501923076918
HNRNPDL,0.8610705769230768
TMBIM1,0.7319880769230768
RBM39,0.07489269230769248
PDE4DIP,1.1440403846153844
KANK1,1.3450353846153846
RECK,0.09739173076923109
RPL10A,0.44898269230769206
RAX2,-0.14753846153846137
NCBP1,-0.10464634615384551
PSMB5,1.1675032692307683
GOLGA3,0.6852701923076924
NOP56,0.5709224999999994
EIF3I,-0.39628230769230677
MIA3,0.1559284615384617
NUDT7,0.2039311538461542
RBM26,0.20008865384615382
CSNK1E,0.17285634615384604
AUTS2,0.8184517307692306
PLA2G4B///JMJD7///JMJD7-PLA2G4B,0.8629740384615381
SEC62,-0.32667596153846135
NDEL1,0.9158028846153846
NSA2,0.6419082692307692
SNF8,0.1595069230769231
SNRPN,0.1110305769230772
IFITM3,1.524174423076923
USP9X,0.5658698076923077
LOC642533,-0.3221603846153838
NAP1L1,0.8518565384615381
CD47,0.313846730769231
CSNK1A1,0.5411113461538457
RAB1B,0.8574482692307691
PSMA2,0.3564926923076925
UGDH,1.211415576923077
NEURL1,0.48388134615384637
HP1BP3,1.0856401923076922
ARL6IP5,1.2087586538461537
OMD,0.43296634615384616
MBTPS1,0.5440115384615383
VKORC1,1.2898234615384614
CHD2,0.24004634615384593
SRPX2,1.1730823076923074
SEC13,1.499721153846154
NKTR,0.704948269230769
RBM34,0.2474913461538461
ADAR,1.6613884615384609
PTBP1,1.4884507692307687
MAPK6,0.07075384615384649
RAB6C///RAB6A,0.2818298076923078
CCNI,0.3295009615384616
SSPN,0.4669850000000005
SIDT2,1.6429019230769228
BAALC,0.40355826923076904
PAFAH1B2,0.1841425000000001
GAS1,0.9599923076923075
CANX,1.5044936538461533
SLC30A9,0.17756326923076957
LOC642469///DVL1,1.2540542307692304
SSR4,1.70121673076923
TMEM87A,1.0715249999999996
EID1,0.6449436538461542
PRDX6,0.7152969230769229
PSMG2,1.6254713461538461
FOXN3,0.788126346153846
APOC1,-0.06974576923076918
HK1,1.2457317307692306
LOC100132134///GUSBP9///GUSBP3///LOC643373///GUSBP2///SMA5///SMA4,-0.6843051923076917
MYL12B,1.0206936538461535
RRAGA,0.8064232692307692
ACLY,1.5627273076923072
ECM2,0.6152476923076924
YIPF5,0.9188276923076922
REEP5,1.3931015384615382
G3BP1,0.15791115384615395
YTHDC1,0.01807692307692287
NECTIN1,-0.1107892307692306
NFKBIZ,1.0461638461538458
TBCA,0.9358267307692307
HSPB1,1.4330874999999996
ACKR3,0.7454444230769228
EIF5A,0.5768507692307694
MARVELD1,0.19587711538461533
SRSF1,0.19444865384615417
SNRPE,0.21616826923076923
TBL1XR1,1.5872044230769224
HIPK3,1.5078632692307687
PRPF40A,1.051495961538461
UQCRH,0.9815871153846151
PLPPR2,-0.12508192307692248
C14orf166,1.1042430769230764
LINC00671,0.0947934615384618
TXNIP,0.45539653846153827
TDRKH,-0.04453999999999967
SNHG6,0.8586888461538457
EIF4G2,0.17128211538461544
PPARD,-0.1310705769230765
HOXC4,0.6392319230769232
ARGLU1,0.18364750000000032
MGEA5,0.5846326923076925
EGR1,2.0713751923076917
IL27RA,0.1727328846153851
TTL,0.3338696153846157
SERPINE2,0.6360611538461538
ARHGEF1,0.19325500000000018
GOLGA7,0.9164909615384615
TIMMDC1,2.059896346153845
DDX5,0.9785042307692305
CLIC1,1.4465907692307691
LOC149401,0.1627896153846157
SCAF11,0.19325192307692332
KIAA0894,-0.09475423076923038
PIK3CD-AS1,0.05937230769230792
LOC100134190///LRP1,2.293540576923076
SEPT7,0.7496846153846152
EPS8L2,1.096228461538461
CELF1,1.2291082692307693
TUBB2A,1.1538299999999992
TAF1D,0.4124021153846152
RPL6,0.39246788461538484
ANKRD12,0.19616326923077032
SNURF///SNRPN,0.07537000000000041
SEC61G,0.2335632692307693
FUBP1,0.16712019230769246
MTFR1L,1.228416346153846
IQGAP1,0.6006530769230768
GOLGA6L2,-0.22653307692307664
SRSF9,0.8384715384615381
PXYLP1,1.604894615384615
ENO2,0.7854507692307693
GID8,0.753580192307692
MRPS21,0.9084571153846148
BOC,1.234088653846154
RUVBL1,1.2557069230769224
HSP90B1,0.9933880769230764
LOC440982,1.6588205769230764
ALDOA,0.7216234615384614
RBM5,1.132952692307692
LYRM7,0.04017461538461543
RNASEK,1.312782884615384
ANKH///TSPAN3,0.7247098076923076
COX7B,0.3162473076923077
FRG1,-0.07417557692307661
WDR62,0.06408576923076949
DYNLRB1,1.4454405769230767
POMP,0.29403769230769244
SLC20A1,0.6025607692307692
KRAS,-0.466795384615384
AMZ2,-0.07671557692307643
KIZ,0.46513499999999985
ACADVL,0.9733663461538457
MT1HL1///MT1M///MT1H///MT1E,0.7825455769230766
UFC1,0.5507730769230771
SDHA,1.1091194230769228
LOC100134045///TNS3,1.2334038461538455
BTG1,0.7028928846153847
RPL28,0.7733924999999997
KDSR,1.1988344230769226
ZRSR1,0.052042307692307416
TMSB10,0.981926923076923
IRF2BPL,1.1321640384615383
PTP4A2,0.08886057692307725
IK,0.4981867307692308
SERPINB6,0.8615784615384616
C1S,0.9504536538461534
TUBD1,0.23992269230769234
EZH1,-0.2196001923076919
ZIC1,0.8009628846153838
MKNK2,0.7875728846153844
SGK1,1.2587071153846152
CUTA,1.0121128846153844
BZW1,0.712885961538462
NDUFB8,1.4649042307692302
CDO1,0.28461134615384626
COPA,0.07145269230769268
RAB1A,-0.05782519230769199
GOLGA8IP,0.422490576923077
SON,1.220165192307692
PPP1R3E,0.31808192307692335
ZNF395,0.5483694230769232
INO80B///WBP1,0.18930692307692318
PAFAH2,-0.0640128846153842
EEF1B2,0.435296923076923
CCND2,1.2212353846153838
S100A13,0.819375384615384
ND6,0.31925788461538485
DHPS,0.8570063461538455
RHOT2,0.7966717307692305
HAB1,0.1003546153846156
PSMC1,0.6295236538461538
SRSF5,0.22223288461538493
PSMC5,0.9160084615384614
ASPH,1.0297976923076921
OAT,0.30077230769230795
STK4,0.5614773076923076
TRPC1,0.372950384615385
AK2,0.42958711538461547
RANBP9,0.7186403846153846
HSPD1,0.16820653846153857
KMT2E,0.133670576923077
MCL1,1.3868969230769224
S100A6,0.32799769230769227
ATXN3,-0.10571057692307635
SART3,1.2268634615384613
HSPE1,0.5428238461538463
HSPA8,0.24662903846153855
LSP1,0.6840955769230769
CALU,0.5499728846153847
SMA5,0.041170769230769594
COA1,0.5540438461538459
TRIM13,0.006301923076923408
PPP3CA,0.9388553846153846
ZNF146,0.029956153846154365
NPTN,0.7263161538461538
LRIG1,0.7620432692307691
SNRNP200,0.49943807692307707
DPT,1.3028938461538455
SASH1,0.4591923076923076
PTMAP8///LOC728026///LOC643287///PTMAP7///PTMA,-0.29354230769230744
LITAF,0.6406298076923075
CTSK,0.5244373076923075
ERGIC1,1.0786398076923076
DYNLT1,0.965014615384615
LOC202181,-0.11908673076923057
FAM127A,1.1525005769230767
CUL5,0.43932461538461504
ASS1,0.588143269230769
PDCD5,0.45037019230769243
SNX5,-0.020148076923076536
GYPC,0.24236884615384627
MMADHC,0.598458076923077
STK38L,0.647495576923077
INSIG1,0.04565634615384637
GBP2,0.41246538461538435
GOLGB1,0.3954967307692309
TMEM59,0.8212723076923074
CNBP,-0.2089003846153843
INHBA,0.9483973076923075
MRPL33,1.2172463461538456
SRP54,0.1424276923076925
ANK3,0.3209903846153842
CHCHD2,1.4653538461538456
EPG5,0.2992617307692312
RAB11FIP1,-0.1680871153846151
DEK,0.5418903846153846
LRPAP1,1.4631811538461537
SOX13,-0.4902676923076915
NDUFAF3,1.5910567307692298
TMBIM6,0.5442134615384616
SERF2,0.4935773076923077
SNRPD2,0.37262057692307704
C20orf24,1.2007048076923073
FGFR3,1.386500384615384
RNF13,0.4839274999999997
CHMP5,0.43847115384615376
SMARCE1,0.5562998076923078
PDCD4,0.2785684615384616
SCARA3,0.6906342307692307
HNRNPU,0.33717423076923125
LRP11,0.9274686538461534
KRR1,0.05621769230769239
LOC729660///LOC729218///GTF2IP20///LINC01000///LOC401357///LINC00999,0.1673774999999999
ETS1,0.44916288461538456
PID1,1.0727415384615382
LRRIQ1,-0.047954038461538145
BOLA2B///BOLA2,0.8164642307692308
HNRNPR,0.5031753846153845
WTAP,0.7556026923076921
AGTRAP,0.8059494230769229
ENAH,0.5986719230769232
FAM134B,1.0097205769230766
LRP10,1.3398603846153843
C11orf24,1.0364624999999992
SLC26A2,0.9907542307692303
HLA-F,2.222253269230768
PSMA3,0.2638571153846158
UBE2D3,0.46772865384615353
ISOC2,0.9535476923076921
DNAJC25-GNG10///DNAJC25///GNG10,0.9847719230769231
NRN1,1.2591167307692306
HIVEP2,0.23329115384615381
POLR2F,1.2950126923076917
DOCK5,0.2094088461538462
DDX3X,0.6873948076923074
TRMT112,1.192983076923076
MEG3,0.5690223076923078
ACTR10,0.4128340384615385
HYI,1.2903590384615384
MPHOSPH8,0.034842884615384685
PTPN18,-0.11262826923076906
ATP6V0C,0.9338299999999999
EIF5,0.3956276923076921
NCOA4,1.0200336538461536
HSF1,0.9603886538461535
CPSF3L,0.5781798076923074
SEC22B,-0.5211874999999996
UFL1,0.3117419230769231
XRCC2,-0.1882561538461534
STRAP,0.3948530769230769
MRPL4,0.08691096153846185
PITRM1,0.5391748076923079
NDUFA5,-0.03433173076923044
TEX36-AS1,0.1967432692307694
C2///CFB,1.021195192307692
GTF3C1,0.9169655769230766
SLC5A3,0.5602188461538461
NDUFA1,0.8033890384615384
MAPK1IP1L///FCF1,0.4022419230769229
DUSP14,0.3804180769230769
DRG1,0.4926524999999998
GDI1,1.0714174999999997
NPIPA2///NPIPA1,1.3073038461538453
TMEM109,0.8735415384615385
SNRPF,0.29386980769230775
JAK2,-0.09194749999999963
DNASE2,0.06988846153846173
CCDC47,0.8653953846153846
DEGS1,1.4267080769230764
SOD1,0.40595615384615413
COX5A,0.8610398076923077
CPAMD8,0.18195211538461517
CA9,1.2233584615384612
PICALM,0.8133636538461536
SUSD5,0.7255390384615381
SNW1,0.4622796153846156
SLC50A1,0.8100967307692307
HNRNPD,0.32990980769230804
CHMP4B,0.37048038461538446
RSU1,0.025814615384615713
GPX8,0.8709442307692304
COL8A2,1.1930148076923068
CXorf21,-0.1143969230769227
LOC155060,-0.15790480769230758
SEC63,0.06585826923076954
DAB2IP,1.317698846153846
SNHG8,0.7656311538461539
FGG,0.22152711538461556
UBR2,-0.09459153846153813
TMEM263,0.3148703846153848
IER5,0.3855276923076923
LOC100130291///DSTNP2///DSTN,0.7187207692307694
RDH11,0.10716423076923114
LOC100131401///BTF3L4,0.06834750000000009
RPL17,0.047606730769230866
LINC01121,-0.0938288461538461
TRA2B,0.9677534615384616
C6orf48,1.5635209615384609
SERTAD4,0.472886923076923
TIMP2,0.6523825
SOD2,1.3556907692307687
LOC100133662///RPS4Y1,0.17640019230769266
MYLK,0.5208798076923075
KIAA1841,0.1831167307692311
TNPO3,-0.142627115384615
EFR3A,-0.30622365384615385
RYBP,0.7176521153846148
APOE///APOC1,-0.09079576923076908
DDX19A,0.36701980769230774
COL2A1,0.7593005769230768
LOC100133665///TALDO1,0.7820771153846154
RRBP1,0.9248142307692309
EIF4B,0.8747542307692305
ISCU,0.22382173076923104
CHSY1,1.358549423076923
KRT10,0.4189621153846154
PDGFRB,0.4571844230769232
COL5A1,1.1471751923076918
ATP5B,0.8225284615384616
NPC2,0.6871959615384613
MT1F,1.1272440384615383
ZNF83,0.05523519230769249
FNDC3B,0.16943519230769244
ARL5B,0.8579021153846154
PPP1R2P4///KIAA0226L,1.5455032692307682
XRCC5,0.5857767307692306
NBPF10///NBPF8///AE01///NBPF9///NBPF15///NBPF11///NBPF12///NBPF1///NBPF14,0.1261315384615384
LOC101927043,-0.3941890384615381
TCF25,0.508961153846154
FAM153B,-0.2801026923076921
TNC,0.04978788461538501
HACD3,0.7726434615384613
DDAH2,0.340191923076923
ACTG1P17,-0.09908673076923039
TCEAL4,1.1230023076923075
SEPT9,0.022268846153846247
ITIH5,0.6596551923076919
THBS2,1.5210290384615381
HERPUD1,0.4491051923076921
SCIN,0.4983238461538463
ELP2,0.411298269230769
PTGS2,0.3669017307692308
GINS4,-0.16113961538461533
LECT1,0.9492673076923075
KLF10,0.37810365384615396
NDUFC2,0.7817821153846153
CEP164,-0.8818576923076922
PRKACA,0.8662001923076924
EIF5B,-0.011877499999999713
B4GALT2,1.2189875
LOXL4,0.3737025
RPS10P9///RPS10P4///RPS10P13///RPS10P22///RPS10P11///RPS10P29///RPS10P7///RPS10P3///RPS10P5///RPS10,0.21381307692307716
ORMDL1,1.1100686538461542
ADH5,0.034029423076923235
SMOC1,0.6360278846153844
LASP1,1.594922499999999
ATP5J,0.3103198076923078
PSMA7,0.2798686538461539
TFG,0.24579615384615408
MOV10,0.1919759615384617
PPIB,0.741242692307692
HMGN1P38///HMGN1,0.4331269230769232
ARID2,1.8310075000000001
LMO4,0.40937000000000007
NEMF,-0.1813634615384612
LOC653972///CBX3,0.17954134615384645
TMBIM4,0.4852999999999999
SHMT2,1.2329251923076916
TGFBR1,0.7555644230769231
HCG2P7,0.1830725000000002
SRPRA,1.4672136538461538
PMS2P9///PMS2P2///PMS2P1,-0.03055134615384611
ATXN10,0.7892971153846151
LRRC25,0.16766076923076942
SCFD1,0.17496942307692315
GRB2,1.343452692307692
ARHGEF7,-0.09595711538461534
SSR2,0.14568615384615416
MAP1A,0.031673846153846184
RPN1,0.8388686538461538
GREB1,-0.0019917307692306186
ACSL3,0.7361657692307692
TSPO,1.2337346153846154
CPSF7,0.8733107692307692
SDC2,0.2704263461538464
LRRC1,0.7179474999999995
FCER1A,0.03858461538461557
SKIV2L2,0.19952019230769238
ZMIZ1,1.2276248076923078
ENPP1,0.7592615384615382
HDDC2,0.5065296153846154
TMEM47,0.06385615384615383
POFUT2,1.0037094230769232
PDS5A,0.9504882692307689
UQCR11,0.8307230769230768
WHAMMP2,-0.4301873076923071
RAB3GAP2,0.4631021153846151
CMPK1,0.42424269230769224
FNIP2,1.2533169230769226
C5orf15,0.7476157692307694
CFAP157,-0.4072761538461534
SYPL1,0.2709428846153848
IRF2BP2,0.09913826923076927
MFN2,0.6938899999999998
NDUFV2,0.014195576923077114
DDX24,0.1962315384615386
DSN1,0.1506926923076927
C2CD2,1.1485098076923075
TNFSF11,0.5724594230769229
RBBP7,1.1585634615384617
DNAH3,0.178601923076923
TCEAL9,0.32328788461538455
ENTPD4///LOXL2,1.3599911538461533
CDIPT,1.2365434615384612
AGO4,-0.09186173076923038
AKR1C1,0.7759517307692305
RPL26P33///RPL26P16///RPL26P37///RPL26P19///RPL26P12///RPL26,-0.0199853846153843
PCOLCE,0.9474030769230768
SLC2A1-AS1,-0.24913557692307678
CCT5,1.4446734615384613
P4HA1,0.7120215384615382
NDUFA6,0.6616057692307691
GPBP1,0.893167692307692
NRBF2,0.12078769230769262
KLC1,-0.05062442307692263
C5orf56,-0.025570192307692325
SF3B2,1.1911636538461536
PDK4,0.11882730769230773
MFAP3L,0.7020798076923075
NBPF10///NBPF8///AE01///NBPF9///NBPF15///NBPF11///NBPF12///NBPF3///NBPF1///NBPF14,0.5401961538461543
GABARAP,0.9780042307692303
CSPG4,0.24086692307692326
PROCR,0.8950463461538457
AHNAK2,0.005438269230769472
GPX4,0.550241153846154
TPI1,0.8146828846153842
PDLIM5,1.5061057692307687
RSL24D1,0.3797682692307691
IFITM1,0.7133899999999996
KLHDC10,1.0111738461538455
TTC9C,-0.025573269230769136
NCOR2,0.565118846153846
UBL5,0.31766365384615375
MRPL57,0.9259976923076917
TSPAN6,0.8654769230769231
DGCR2,1.0103184615384613
ANXA5,0.9743303846153843
SARS,0.5164826923076925
NPDC1,0.9870805769230768
RTCA,-0.06090403846153818
APOL2,0.02029269230769268
CREG1,0.41112019230769253
MTA1,0.8439296153846151
HSPG2,0.8010367307692308
NDUFB3,1.008632115384615
CD44,0.7440030769230769
HPF1,0.38071211538461536
EI24,0.9793248076923076
ADM,-0.15009115384615365
HLA-C///HLA-B,0.6695905769230768
QARS,0.9334467307692308
UBE2R2,0.4000019230769233
CNIH1,0.27742576923076934
CCPG1,0.23153826923076937
BAMBI,0.40052499999999996
EIF4A1,0.1499776923076926
CNOT7,1.3426719230769226
THBS1,0.36614499999999994
ATP1B1,0.7846805769230767
DCAF8,1.2139965384615379
DOPEY2,-0.004174423076922769
SLC39A6,1.228909999999999
RPL36AL,0.3057921153846156
SH3BP5,0.14447884615384635
PCBP2,0.915104423076923
SOWAHC,-0.04014096153846111
TMEM30A,0.10672903846153861
NPR1,-0.07332980769230765
RPLP0P6///RPLP0,0.10416076923076946
CHTOP,-0.20001538461538454
THY1,0.868635
PLEC,1.6498894230769223
DKK3,0.29727480769230774
SNORA37,-0.39158615384615375
RALBP1,0.7024536538461537
RPL3P7,0.15100192307692295
DNAJC15,0.4434773076923075
DDX21,0.3390494230769234
CTBP2,0.026035576923076568
EPB41L1,0.2513528846153846
HBD///HBB,-0.02088884615384602
MAF,0.9256657692307692
CCT8,0.2546669230769232
KPNB1,0.3046182692307694
ANAPC5,0.6343144230769233
RPL35A,1.3556988461538462
IMPDH2,0.3815038461538459
NOVA1,0.9681801923076919
PDLIM4,1.8331440384615378
PRNP,0.4822769230769231
NOP58,0.2498294230769229
ITGA11,0.8837276923076921
C14orf2,0.5275348076923075
ZFAND6,1.057266538461538
LNPEP,-0.15277134615384594
DCAKD,0.5433699999999997
IFFO1,0.30161326923076914
HOXC6///HOXC4,1.464797692307692
PLIN3,-0.11762288461538428
ING5,0.36438634615384596
DSP,1.2562015384615381
HIGD1A,0.4044774999999999
ATP6AP1,0.9917378846153847
NDUFB1,0.8448217307692306
SMG1,-0.055481730769230735
ARL1,0.549218846153846
FAM120A,-0.09307557692307662
TSPAN2,0.8886796153846153
ARMCX7P///ARMCX6,0.7928367307692303
CPSF2,-0.08520019230769213
CCDC14,1.0124865384615382
SOBP,0.39460461538461533
PSMC1P9///PSMC1,-0.09296576923076892
MBD4,0.059908269230769313
ATP1A1,0.861564807692307
ELP3,0.04667961538461547
FOXO3,0.6151853846153845
PTDSS1,0.5872376923076924
LGALS1,0.7723230769230766
PSMB7,0.4801275000000004
FOXO1,1.1003442307692297
DNAAF5,0.8371957692307689
SPAG9,0.17054173076923104
SMAD6,1.1753171153846154
VDAC2,0.8760476923076923
PHF3,-0.03692711538461512
CCDC53,0.5775034615384615
LARP6,0.335378653846154
N4BP2,0.230539423076923
GATC,0.13170000000000043
PDHA1,-0.02971769230769209
SYNCRIP,-0.2694428846153843
SLC25A37,0.27960230769230787
FGD2,0.22293711538461505
BPHL,0.19225307692307708
ZC3H14,0.34271538461538487
COX7A2L,0.531765769230769
XRCC6,-0.10008249999999985
GPRC5C,0.4137550000000002
ADAM9,-0.21671461538461523
IQSEC1,0.1715107692307693
YIPF6,0.07633692307692332
DHRS3,0.45163442307692314
MSN,0.7330746153846149
MTDH,-0.05599384615384604
ATP5O,0.1344346153846156
LENG9,0.6282919230769234
RABAC1,0.7889094230769228
HERC2P9///HERC2P2///HERC2P3,0.041561538461538795
TIMM21,-0.15212961538461492
PCM1,0.7478213461538459
CAV2,0.37386057692307717
RAI14,0.3898792307692309
NT5E,0.1804436538461539
TPD52,1.017993076923077
NEBL,0.38367230769230787
HES1,0.21386211538461558
LOC90834,0.08408769230769217
SHMT1,-0.15637173076923025
UBA2,0.41920230769230793
MARCH6,0.4188698076923076
MGC70870,-0.09679692307692275
UBE4B,0.39333019230769234
TMEM106A,1.183187115384615
ZNF791,-0.138711923076923
PFN2,1.160108076923077
KCTD20,0.4747178846153847
ZBTB1,0.0639546153846153
SEPW1,0.5064624999999998
APOO,0.4421855769230772
SMARCA2,0.7451082692307688
ZDHHC7,0.5257073076923078
SNHG12,0.003950192307692461
PDGFC,1.0134574999999997
IPO5,0.4887667307692307
RUNX1,0.1253973076923077
SRP68,0.24717634615384632
LOC730658///ANKRD36///ANKRD36B,-0.11544326923076863
RPL29P4///RPL29,0.36449500000000007
CCT4,0.07624711538461566
YME1L1,0.7338963461538461
ECI2,0.339744615384615
CYLD,-0.039732692307692004
IRAK1,0.42250903846153853
FAM129A,0.533363269230769
RHOBTB3,0.6770223076923078
PPP1CB,0.03126653846153867
TOMM6///PRICKLE4,0.8176617307692304
CCDC90B,0.9052540384615381
ATP8B2,0.3639036538461537
CLDN19,-0.047748653846153594
LMAN1,0.8072461538461538
LOC153682,0.0011884615384616822
ZNF71,-0.14019807692307673
TOMM20,0.251688653846154
ATP6V1G1,0.994572307692307
SIGLEC11,0.019874615384615588
TMEM230,1.1425913461538457
EFHC1,-0.039487307692307516
CD9,0.25475076923076906
LOC653888///ARPC1B,0.9675498076923077
GSN,-0.6717338461538456
INTS4,0.027690384615385106
HNRNPA3///HNRNPA3P1,0.4772896153846153
TGIF1,-0.261331538461538
TIMP1,0.42922500000000013
CCT3,0.8126817307692309
SP140L,-0.09365115384615356
RPL36AP37///RPL36A,0.31962788461538477
BMI1,1.1350765384615382
UMAD1,0.645799423076923
C9orf3,1.0761965384615377
CEP135,-0.22757826923076882
MAP4K4,0.01954096153846151
RNF20,-0.0947126923076918
SMA4,-0.0601036538461534
HNRNPH3,0.3019001923076923
NPIPB15,0.009067692307692192
CASP6,0.6150101923076922
NET1,-0.04170384615384585
CRTAP,1.8715765384615375
MGC4771,-0.15844499999999964
THOC2,0.17001250000000026
TOP1,0.09983673076923123
MRPL3,0.7456751923076923
SYS1,0.17070307692307704
AK4P3///AK4,0.14497442307692315
CEBPB,0.2546967307692305
SERPINA5,0.6888811538461536
DCTN2,-0.05286173076923046
TCEAL2,1.580400961538461
KDELR2,0.7118713461538462
RPN2,1.0017765384615382
ICAM4,-0.044652499999999935
PLCG1,0.7069896153846154
FOS,0.3896492307692309
ANKRD19P,0.7726549999999996
SEC23A,0.20334076923076932
MDH2,0.352938846153846
RAD23B,-0.1879834615384611
TAPBP,1.0307194230769234
WHRN,0.8643330769230768
RAP1BL///RAP1B,0.6161001923076923
SMC1A,-0.11571769230769197
COLGALT2,0.8163578846153846
PSMC4,-0.0056044230769228
TIMM17A,0.5135182692307694
KHDRBS1,-0.2719138461538457
PSMB4,0.741800192307692
GNL3,-0.11065480769230734
SETD7,0.4057680769230767
MYO9A,0.318745576923077
NFIX,0.9171478846153845
PPWD1,-0.3140886538461535
RPL23A,0.8024671153846155
MAP2K7,-0.1012901923076921
SLU7,0.15915423076923096
LOC100133465///HAB1,0.06103076923076956
MUM1,0.6264121153846156
DGKD,0.6433330769230767
HSPA5,0.16122250000000019
MYO1D,0.4042726923076924
IKZF1,-0.13287173076923056
SPIRE1,0.4412953846153847
PAF1,0.8904542307692307
LINC01000,-0.1065244230769228
PSMD1,0.4499005769230772
SUGT1,0.1728801923076925
ZFR,0.10405653846153862
GPATCH8,0.11526480769230793
PTPN11,0.42323038461538476
ARHGEF2,0.24036442307692324
PABPC1,0.03303442307692326
DENND5A,0.3660925000000001
RBX1,0.145731346153846
NINJ1,0.743055769230769
CROCCP2,0.13386826923076942
PGRMC1,0.47660096153846154
DHX37,-0.07797826923076868
KCTD18,-0.19136038461538446
ACVR1,0.7503574999999997
AFF1,0.3765773076923078
COX5B,0.6821282692307692
GMFB,0.14158134615384627
HEATR5B,-0.0262757692307692
VGLL4,0.3836911538461543
FADS1,-0.23019884615384575
FERMT2,0.9306801923076922
ARCN1,-0.07777730769230731
COX6C,-0.1054501923076921
PHF10,-0.0034026923076921896
SPATS2,-0.0355011538461535
GLUL,-0.05659999999999935
CCT7,0.5050973076923078
SERTAD2,0.43404480769230736
RCN1,0.4097001923076923
MRPS18B,0.7246317307692308
CHST1,0.8429984615384616
SDC4,0.8422298076923078
USP12,-0.05010019230769204
EMC4,0.34736673076923086
DLEU2,0.2608282692307692
SDHAP1,0.10730826923076957
MYO10,0.7185578846153846
DUT,0.14980596153846176
TMEM92-AS1,-0.12378538461538428
ARL5A,0.4160882692307694
LINC00674,0.5310546153846155
HLA-A,1.050346346153846
BNIP1,0.6564192307692307
AHCYL1,0.5460267307692305
FTH1,-0.09152576923076906
PTEN,0.527534423076923
IGFBP5,0.8613784615384614
COPB2,0.26803961538461546
RIOK3,-0.07793730769230742
RAB28,1.2034130769230764
SPOCD1,-0.16420288461538451
SEPT2,0.6521507692307693
COL25A1,0.11581307692307692
TMSB4XP6///TMSB4XP8///TMSB4XP2///TMSB4XP1///TMSB4X,0.08173134615384624
MBD1,-0.07165288461538419
SERBP1,0.4720398076923078
CSAD,-0.1461730769230768
SRPRB,0.5997315384615384
GUSB,0.898677884615384
SGCB,0.8190205769230765
IL10RB,-0.04108961538461527
LRRFIP1,-0.1184082692307688
SEC31A,0.2885415384615385
TULP3,0.6972361538461536
RREB1,0.09463961538461554
C16orf58,0.927069615384615
DIAPH1,-0.1019553846153842
HSPB2,0.4901878846153844
UBE2Q1,0.20616250000000066
CCDC80,0.35300519230769223
TXN,0.025745769230769454
CEP44,-0.24433115384615348
NARS,1.2492646153846148
C1orf56,0.03819865384615416
CNPY2,0.3771582692307692
PDHX,0.06452807692307701
KMT5B,0.3325101923076923
ELMOD2,0.05160076923076926
UAP1,0.4688253846153847
SRP9P1///SRP9,-0.006552884615384375
ANO10,0.17869307692307698
SOCS2-AS1,0.2647844230769234
ABI2,0.10511692307692344
HOXB6,0.4088875
B4GALT1,0.0491619230769233
ITM2A,0.8299396153846152
ALDH1B1,0.17096923076923093
TMEM267,0.45583134615384613
PFN1,0.15221865384615393
EIF3M,0.2865707692307693
SMN2///SMN1,0.15167634615384643
ATP5I,0.548478269230769
ZNF445///DENND3,-0.04043480769230759
TAF7,0.42403615384615395
EIF2AK1,0.928296538461538
IGF2BP3,0.20921750000000008
SLC1A4,0.6507146153846152
NIFK,-0.2669448076923073
SSB,0.3203184615384616
SKAP2,-0.14604692307692274
SLC25A3,0.28929903846153826
HSD17B12,0.4206082692307691
ETF1,-0.012675192307692214
STAT2,0.3250734615384614
ENOSF1,0.24806480769230793
FRZB,0.3858173076923077
HSBP1,-0.004177499999999744
CARS2,0.159475576923077
CASP2,0.049998269230769325
GNA13,0.25132307692307715
TRIP6,1.9604874999999995
ABL2,-0.06505903846153809
ATXN2L,1.0102994230769227
KIF5B,-0.015257115384615228
VSIG10,0.031360000000000436
KLF13,0.26593115384615396
DAP,0.6124898076923077
SCD,0.12521692307692334
FUT4,0.22020846153846138
GOLGA8A,0.7582799999999997
PPP6C,1.2289055769230768
SH3PXD2A,0.5145903846153848
ZRANB2,-0.24340461538461514
GOLGA2,0.2397686538461538
ZNF292,0.24446865384615388
FMO5,0.10143076923076948
TSPAN31,1.4193626923076914
AKAP11,-0.14493019230769172
SPCS2P4///SPCS2,0.6332307692307693
CSTB,0.3049044230769229
RAB10,0.9887423076923073
SDHAP2,-0.6901259615384612
PDXP,0.774656923076923
S100A11,0.29968596153846155
ZNF428,0.20285903846153874
SAP30L,1.225757692307692
AP2S1,1.5842907692307688
ALDH2,-0.20030365384615376
LOC105375531,0.041828846153846216
KDELR3,0.5164507692307692
COX7A1,0.839240769230769
AK1,1.2843013461538462
EHMT2,0.6414528846153846
TMEM14C,-0.06710961538461527
LOC643287///PTMAP7///PTMA,-0.2527075
SEP15,0.11531115384615388
LIMS1,0.7376798076923078
SFPQ,0.6834932692307695
NR2F2,0.8621015384615388
DHX36,-0.04822519230769218
BIRC2,0.4588157692307693
LOC727820,0.47138788461538444
PPP1CC,0.3060867307692307
PPP1R12A,0.10872711538461564
INTS7,0.005080961538461671
EDF1,0.07888730769230794
NQO2,0.10405384615384632
CLSTN1,0.6267003846153844
RHOC,0.6827548076923076
SMOC2,1.3308909615384619
GTF3C5,1.1618044230769229
BROX,0.3260803846153848
ANXA2P2,0.09613846153846166
C21orf33,0.6248473076923075
MRPS6,0.8078411538461534
TACC1,0.0843969230769232
RAB31,-0.1524715384615384
RBM25,-0.006972115384615092
METTL5,-0.04500903846153805
PROSC,0.007419230769231061
GAREM1,-0.06545346153846099
CTBP1-AS2,0.030742307692308294
FKSG49,-0.052703269230769026
PDCD6IP,0.09494596153846172
MPC1,0.1708871153846155
WWP1,-0.008434038461538371
ACBD3,0.24584634615384626
FAM20C,1.1670396153846152
LOC101926997,-0.16515884615384582
SLC39A8,0.05387826923076955
MARS,0.2756478846153849
DCAF13,0.28387461538461567
NDUFA4,0.4226221153846152
ADAM30,0.20832903846153844
PGRMC2,0.8173044230769229
IARS2,-0.18784942307692254
HECTD1,0.6058144230769232
RPL14P1///RPL14,0.20583846153846186
SEMA3D,0.003274230769230869
IARS,0.6314046153846153
NDUFS6,0.6035255769230771
PTGER3,-0.2253721153846149
TRIM64EP,-0.057575192307692064
SRRT,1.050570384615384
VAPB,0.23088076923076933
GPBP1L1,-0.06397961538461508
QRSL1,0.043738269230769594
MAGEH1,0.3254211538461539
SEC24C,0.7833399999999998
HEBP2,0.15472192307692323
AP2A1,0.006167500000000225
EMD,0.6532665384615384
KPNA4,0.49345653846153836
FBN1,0.619795576923077
CD82,0.07860500000000037
TRA2A,-0.001993076923076622
CD109,0.6068340384615385
GAS7,0.6091563461538461
IER3,1.1285261538461533
TAX1BP3,0.7776515384615382
MRFAP1,0.3526900000000001
HNRNPAB,0.41790903846153826
HCFC1R1,0.4324188461538462
CLTC,0.8519596153846153
PRR14,0.7445642307692308
ZNF330,0.10828615384615418
CLDN12,0.1417305769230773
FKBP2,0.5347982692307693
BLZF1,0.19956038461538464
SPHK2,0.4541142307692308
FAXDC2,0.28850076923076945
UBE2E3,0.4288840384615384
ANKRD10,0.15677211538461544
FRY,0.35045923076923075
GFPT2,1.1325017307692302
RAB3IP///MRPL51,0.06932615384615406
RNF126,0.19371230769230807
ATP6AP2,0.3597371153846155
GLS,0.27651711538461526
FAM114A1,0.5926084615384616
POLR3F,-0.1979126923076919
ENTPD1-AS1,-0.13683307692307667
CSGALNACT1,0.3923811538461539
CHD4,1.128693269230769
PLEKHH1,-0.07875096153846109
PLAGL1,0.7316884615384613
EBP,0.4092611538461538
POLH,-0.05831557692307649
PGAP3,0.031828269230769514
SLC39A1,0.33587096153846147
C20orf203,-0.2551199999999993
MAT2B,0.7597590384615384
UBXN6,0.8768923076923072
AFTPH,0.7069403846153844
SNX9,0.10803269230769252
TMEM39A,0.04512942307692325
ISG20L2,-0.20237134615384547
JAK1,0.2780051923076923
FAM208A,0.44048653846153824
DECR1,-0.03307692307692288
LINC00957,0.05766480769230797
MVP,0.7660419230769229
SRSF7,0.5757603846153845
PPM1F,0.12494826923076927
ARL17A,-0.004275961538461273
RPS7P11///RPS7,0.44774403846153843
PTGIS,0.8318915384615384
AKR1C2///AKR1C1,0.5088669230769228
ERGIC3,0.188065576923077
HAX1,-0.1452046153846151
VOPP1,0.968894423076923
PCMT1,0.341791730769231
TOP2B,0.33278730769230774
FARP1,-0.31435673076923043
PRKD2,0.1647763461538463
PRDX1,0.13043750000000004
WDR61,0.9114138461538464
IER3IP1,0.24256000000000003
HCG11,0.02061000000000029
CDC42EP5,1.0989905769230766
AAMDC,0.26477038461538466
IFT122,-0.20386480769230736
LSS,0.16767615384615414
AHSA1,1.2782324999999997
SAP18,0.903545576923077
YWHAZ,0.6444951923076924
PIN4,0.23493038461538476
GCOM1///POLR2M,0.3308136538461539
SMIM7,0.20884384615384644
H1F0,0.3207959615384617
CAPZA2,0.19144846153846173
SNAI2,0.4221732692307693
ASAP2,0.22755596153846164
IMPDH1,0.8777032692307689
PPFIBP1,-0.03966519230769203
SMS,0.36031230769230793
CDKN2C,0.32529153846153874
POLR3GL,0.34570403846153835
PIH1D1,0.3454063461538463
TIPRL,-0.14915057692307648
UBQLN2,-0.22199423076923072
ATP5F1,0.4616759615384615
COL10A1,0.6145259615384616
OLA1,0.8085432692307691
PEX26,0.837366730769231
YIPF2,0.027057884615384727
NBPF10///NBPF8///AE01///NBPF9///NBPF11///NBPF12///NBPF1///NBPF14,0.8334699999999999
GNB1,1.3030338461538455
PEX16,-0.5139399999999994
UBLCP1,0.584969038461538
IDS,0.7442940384615383
PSMD5-AS1,0.09275884615384639
NCBP3,0.5046621153846156
PITHD1,0.3466426923076923
IPO7,0.5152999999999998
PTGES3,0.06441326923076957
TOMM22,1.0968830769230764
CRYAB,0.33803134615384656
LOC101928405,-0.1401567307692303
WDR6,0.32577942307692315
PHF1,0.5796998076923077
EIF3G,1.0277349999999996
PFKL,0.7711563461538463
CAPNS1,0.9082580769230769
LOC727751///GOLGA2P10,0.5908130769230775
LOC100133459///NBPF10///NBPF8///AE01///NBPF9///NBPF15///NBPF11///NBPF12///NBPF1///NBPF14,0.030918653846153932
TUG1,0.23638500000000018
RSBN1,-0.18783826923076913
LOC284950,0.05090807692307721
SNU13,0.21475480769230768
SOCS3,-0.11621557692307652
F2R,-0.10089673076923053
CNOT2,0.38938000000000006
NONO,0.43072923076923086
SACM1L,0.7208744230769231
NDUFB2,0.5098278846153845
FUNDC2,0.05912326923076942
NFIL3,0.2823925000000001
HEXB,0.10682596153846134
LMNA,0.5765209615384614
VIMP,0.4664459615384615
SLC44A1,0.00040576923076949807
RBBP6,0.4500094230769231
PHF2,1.007889038461538
EXOSC9,0.013758461538461561
NAE1,0.11999730769230812
LOC101928933,-0.036790769230769
CTTN,0.43752269230769214
RDH14,0.06257192307692339
HDGFRP2,0.39065057692307703
USPL1,0.04691942307692292
DCAF7,0.07136826923076915
VCL,0.4523444230769232
MCUB,0.17398653846153836
C19orf43,1.2206607692307687
UBXN4,0.3048834615384618
CHMP2A,0.39888038461538444
LOC100128155///VAV2,-0.271935192307692
UBE2K,-0.07068269230769207
NTN5,-0.03370076923076902
LOC100133216///LOC100132072///CBWD7///CBWD6///CBWD3///CBWD5///CBWD2///CBWD1,-0.0035511538461536893
CTNNBL1,0.3922025000000003
LBHD1,0.3620421153846156
PSMA5,0.611758076923077
CYFIP1,0.5792565384615384
PHB2,0.8735886538461536
NFATC2,0.6793278846153846
GS1-124K5.11,-0.05703673076923073
FLJ45482,0.011281730769230947
C21orf62-AS1,-0.10617326923076904
KIF1B,0.049330769230769254
ORAI2,-0.1672336538461539
LOC105373958,-0.12196480769230732
CDH19,-0.0016736538461537167
CHST10,0.010377115384615335
C5orf45,0.13863865384615381
NRBP2,1.076500769230769
SEC24A,0.6066253846153843
HSDL1,0.04259961538461544
PHLDA2,0.05549596153846171
PABPC1///PABPC3,-0.05320615384615347
SAMD4B,1.0019792307692308
KCNH6,-0.14702942307692288
SMARCA4,0.23995557692307687
MOCS1,0.12534711538461576
MON2,0.05107461538461554
TOB1,-0.03269288461538429
SHFM1,0.6648107692307694
FGFRL1,1.0974186538461537
MIR100HG,0.7052469230769227
METTL22,-0.2706111538461535
FLII,0.7983899999999998
CLIC4,0.7909930769230766
KLHL21,0.27884038461538474
A2M,-0.022422499999999835
PIGB,-0.022043846153845723
UGGT2,0.06524730769230788
OSBPL5,0.8925207692307685
RHOQP2///RHOQP3///RHOQ,0.05565846153846176
FLRT2,1.0885355769230765
OSBPL9,0.5860905769230768
PDXDC1,-0.20542653846153827
TMED3,0.2826213461538463
COPG1,0.2501471153846152
RFC1,0.16946846153846173
UGP2,0.11352788461538459
TSKU,0.3756609615384616
LAMB2,1.0009594230769228
ERP44,0.48072250000000005
CUL4A,0.12080846153846152
B4GALT4,0.017116153846154235
ESYT2,0.19361480769230793
SIRPA,0.7316471153846149
SOX7,-0.08972076923076898
IMP3,0.15453461538461546
CHPT1,0.6324798076923078
EIF4EBP1,0.47411288461538453
SDCBP,0.42644038461538464
DYNC1H1,0.10450269230769278
SDHB,-0.002471153846153646
COPS8,0.22418038461538453
SVIL,0.20204173076923085
EIF4EBP2,0.04323730769230813
MCM3,-0.048138269230768804
FAM98A,0.7454092307692307
BCLAF1,0.6308363461538459
YES1,0.34309019230769233
VASN,0.5737923076923077
USP33,-0.07189884615384572
SNRPA1,-0.2371065384615381
ZNF664,0.9799178846153844
DKFZP547J0410,-0.06886461538461525
SPIN1,0.3854286538461539
LINC00504,-0.13676653846153813
PPIC,0.6794623076923074
CAB39,0.05561096153846168
AFG3L2,0.7975942307692305
DENND4C,-0.054668269230769166
OTUD4,-0.09559980769230758
CYP1A2,0.03624403846153873
ZFP36,0.9961409615384612
LINC00260,0.06425576923076952
NREP,0.984376538461538
COPS9,0.6462901923076921
ZNF302,0.16654576923076952
UBA6,0.2617015384615386
VPS35,0.12481865384615362
HNRNPA0,0.10422442307692331
OPTN,0.42890519230769225
NDUFB11,0.7403517307692303
GLO1,0.16680692307692332
MED7,-0.14230173076923058
DGCR8,-0.08928038461538432
GPR161,0.26026442307692327
SLC40A1,1.163017692307692
RIMS1,-0.06475461538461505
CCT2,1.2065917307692304
PDIA4,0.6399465384615384
HECA,-0.04411596153846126
UBL3,0.044593269230769374
CTNNA1,0.3789853846153845
RASA1,0.5677584615384615
YTHDF2,-0.16636057692307665
GTPBP2,0.8742344230769229
RNF11,0.5546598076923075
SESN2,0.9813165384615384
DENR,0.49385038461538466
LTN1,0.4656357692307691
STOM,0.9047236538461536
WIPF1,0.10374788461538482
ZMIZ2,0.6780567307692303
MDH1,0.13499711538461576
ARMCX3,0.3902755769230769
SLC14A1,0.617302115384615
CDKN1B,-0.15993288461538435
NAV1,0.7111559615384616
KCTD10,0.5582282692307692
DLG1,0.9830173076923074
RPARP-AS1,-0.2678667307692305
ALDOC,0.3121261538461543
CFDP1,0.10404846153846159
CYR61,0.8657786538461534
ZNF37A,-0.06549288461538437
MIB1,0.4030025
TRIM4,-0.07124192307692274
SH3D19,0.22964115384615413
C14orf1,0.10051096153846156
STAT1,1.208000192307692
ATXN2,0.1261626923076925
RHCE,0.029406346153846515
FTSJ1,0.024884038461538322
PHTF2,0.4349636538461538
B4GALT7,1.1357740384615382
NDUFC1,0.5413901923076924
C19orf44,0.09132653846153854
SLC28A2,-0.2676082692307688
TSR3,0.43521115384615383
PLP2,0.468243846153846
DAB2,0.595896923076923
APLP2,0.9200124999999999
CYCS,0.003019807692308094
ZNF350,-0.10905269230769206
FAM98B,-0.04040461538461501
HK2,0.18538230769230776
PRDX3,0.09218961538461581
CAPRIN2,0.19324307692307685
RCAN1,0.7355465384615382
TXNDC17,-0.009682307692307485
MALSU1,0.4730896153846153
CUX1,0.44149019230769243
MEA1,0.39204865384615367
AAMP,0.06967403846153884
TGFBR2,0.2326746153846154
SEPT6,0.17190096153846185
RGS2,0.561710769230769
PROS1,0.562871153846154
CALM3,0.5620224999999999
MKLN1,0.4085701923076925
EMC7,0.8569217307692306
WASF2,0.37492192307692296
SGSM1,0.05505211538461551
MTMR3,0.036893653846154166
PARL,0.36045057692307697
MRPL55,0.23767730769230783
PATJ,-0.037682884615384306
PURA,0.1286625000000001
MAP3K3,0.5267432692307691
TRIOBP,0.5556730769230767
HPRT1,0.720155576923077
SLC25A36,0.5477230769230769
RANBP6,0.37119923076923084
DDX6,0.40251461538461536
MZT2A,0.3658811538461538
NLRP1,0.6627882692307692
USP47,-0.045313846153846135
PAN3,0.5808092307692307
SDHC,0.26232788461538464
TNPO2,1.188689038461538
C11orf57,0.03871019230769258
TMEM243,0.004302115384615629
LCMT1,0.3841282692307693
ZNF852,-0.15188788461538377
CHMP4A,0.4841669230769232
RNF24,0.3316921153846151
SLC29A1,1.1371363461538457
HOXC10,0.46133211538461544
VEZF1,0.756493269230769
HNF1A,0.030794230769231025
SFN,-0.2023530769230768
FLJ40473,0.5440588461538459
EIF3D,0.19066000000000008
AKR1B1,0.584767692307692
YWHAE,0.6465474999999997
SCML2,0.08451884615384646
THUMPD1,0.18199769230769242
LOC654342,-0.09102673076923083
ZMYM2,-0.2322813461538459
S100A7A,-0.0002936538461536681
GPANK1,0.6024080769230767
C17orf62,0.8727538461538461
CYP1B1,1.16826
ELOF1,0.9796259615384615
TPM1,-0.3078521153846148
FASTK,0.3733542307692309
CCDC130,1.4105761538461534
METAP2,0.3021926923076925
GUK1,0.18743192307692325
BCL2,0.38799500000000026
ADAM28,0.014613461538462134
GTF2A2,0.5533490384615385
PSMC2,0.030334038461538718
BSDC1,0.4051030769230771
TRAPPC2B///TRAPPC2,-0.22955461538461522
GCAT,0.023979038461538746
LOC727737///ATG4B,0.031391153846153944
ARHGAP1,0.7672336538461536
HEIH///LINC00847,0.6842394230769231
NCBP2,0.3525521153846154
ENDOD1,0.2144880769230768
ASUN,0.542078076923077
GGNBP2,0.02719134615384648
GLYATL1,-0.16525384615384583
CSE1L,-0.15252288461538463
FLJ13769,-0.14538692307692275
AKT1S1,0.1605673076923079
C17orf89,0.4585294230769234
ZNF600///ZNF611,-0.08350230769230725
SLC39A14,0.09540653846153868
TOMM70,0.5862859615384614
LOC283731,-0.06032096153846116
TRIM39-RPP21///RPP21,0.39226461538461543
UXT,0.5753009615384614
PABPC1L,0.3445344230769232
C19orf12,0.23597249999999995
OXR1,-0.09489846153846111
PPCS,0.0076988461538462635
THAP5,-0.05645826923076909
MTMR14,-0.13883769230769186
SF3A1,0.7090088461538463
FLOT1,1.1257548076923074
MPC2,0.1640153846153846
LOC100133459///NBPF10///NBPF8///AE01///NBPF9///NBPF15///NBPF11///NBPF12///NBPF3///NBPF1///NBPF14,-0.18178865384615356
STXBP3,0.39868961538461545
IL13RA1,0.23632000000000014
ATP5H,0.021398846153846383
MIR210HG,0.9425276923076917
TRIM33,0.5729821153846153
KCMF1,0.4433792307692307
WIPF2,-0.018651538461538057
MRPL45,-0.23126192307692287
ZNF451,0.6964734615384611
TCAF1,-0.009397115384614988
NFE2L1,0.9995534615384614
ITSN2,0.3547917307692309
PNMA1,0.10200596153846185
UHRF2,0.47229846153846167
TDP2,-0.016513461538461012
ALKBH4,0.05888019230769256
ZNF148,0.2605342307692307
PAK2,0.8956478846153847
SAMD4A,0.9309292307692305
SPCS1,0.29189076923076934
CBR4,0.5453044230769232
CCT6A,0.06994500000000028
TSC2,-0.10166865384615323
WDR75,0.10859711538461543
CFAP20,0.3564201923076921
SPAG7,0.5775411538461536
GAGE12D///GAGE8///GAGE12F///GAGE2A///GAGE12H///GAGE12E///GAGE12B///GAGE12C///GAGE2D///GAGE12G///GAGE2B///GAGE2E///GAGE12I///GAGE7///GAGE6///GAGE5///GAGE4///GAGE3///GAGE2C,-0.03197038461538442
TMEM182,-0.06792019230769224
SELK,0.2620180769230771
NDUFV1,1.075901538461538
PCNP,0.3521325
SMNDC1,0.5727513461538463
ABHD2,0.47611346153846146
USO1,-0.22385423076923067
SS18///SSX1,0.035839423076923456
CCNB1IP1,0.3674219230769231
WDR45B,0.34428615384615396
LUC7L2,0.12056673076923106
NADK2,-0.0063182692307691465
SPOCK1,0.5469598076923078
STK26,0.4689753846153845
NKAP,0.713092115384615
GLTP,0.7776467307692305
DHFR,-0.04643403846153813
ARFGAP3,0.052763653846153925
BLOC1S6,0.06818480769230788
PNN,-0.06843673076923049
SMC5,-0.15177019230769218
DIS3,0.14158153846153856
BTN3A2,0.005790961538461902
TIGD7,-0.030117115384614934
YTHDF3,1.0033378846153846
RASSF1,-0.0463328846153844
RITA1,0.34855500000000006
EBNA1BP2,0.2116276923076924
ZRSR2///ZRSR1,0.10711788461538457
PDK1,-0.12006057692307666
ACAT2,-0.10614211538461502
IST1,0.8478996153846152
HMBOX1,-0.2035076923076919
PRELID1,0.7167313461538459
ZCCHC7,0.380271923076923
LTA4H,0.04090057692307706
MKRN1,1.1761013461538457
CYSTM1,0.3662986538461537
CLECL1,-0.11936653846153791
PPHLN1,0.7208709615384618
ZMAT3,-0.018319615384615157
CYP17A1,-0.0535434615384614
LOC100134401,0.33934961538461544
P4HA2,0.617615576923077
TBL1X,-0.3877567307692303
KIF13B,0.28792769230769244
NCK1,0.3852467307692308
ITM2C,0.18682903846153862
FAM35A,-0.10783461538461515
ATF2,0.21655442307692327
PCMTD1,0.17697038461538478
SUCO,0.4274682692307692
POSTN,-0.05895153846153837
CAPN2,-0.04241519230769205
ROMO1,0.31101846153846174
MED14,0.23444346153846166
PTPRE,-0.025622115384615264
SMC3,-0.020455769230768833
RPL3P7///RPL3,0.0018450000000000577
TINF2,0.3008401923076924
FOLH1B,-0.06656461538461522
TAZ,-0.060634230769230565
KLF6,0.2348205769230769
MAPK14,0.6877028846153844
LRP12,0.29195846153846183
KLHL2,0.13666442307692325
AMOTL2,1.109883269230769
MRPL18,0.11865923076923075
NCLN,-0.06263480769230736
TM9SF3,0.02279846153846153
RAD17,0.19023192307692316
GALNT15,0.44932211538461553
PLAUR,0.14913288461538496
DNAJB14,0.06292442307692318
PAIP1,-0.014593461538461173
SLC37A3,0.0023876923076925913
TCTN2,1.085465769230769
COL5A2,0.04022403846153867
RPL7AP11///RPL7AP36///RPL7AP70///RPL7AP62///RPL7AP30///RPL7AP53///RPL7AP66///RPL7A,0.49116692307692333
BICD2,0.2018275000000002
TMX1,0.06374865384615405
KAT8,0.07854692307692349
HN1L,0.39257500000000006
HDAC10,-0.021391923076922732
LARP7,-0.11181942307692268
POLR2G,0.9491861538461532
CHST6,0.9729332692307691
TRIM36,-0.03815846153846143
FTO,0.29909576923076925
CERS5,0.6162761538461536
KLK4,-0.4002034615384611
PPT1,0.7504546153846154
ZNF829,-0.09903807692307647
RAF1,0.40372980769230776
LOC101927490,-0.06329749999999956
SCML2///SCML1,0.5609732692307692
TVP23C///TVP23B,-0.13406038461538416
DIO2,0.2662603846153848
THOC7,0.05989115384615409
NXPH4,1.3525019230769224
SLC35E2B///SLC35E2,0.4795798076923078
DPYSL3,0.43364365384615394
ZCRB1,0.1527444230769232
CDON,0.33553634615384603
SIGMAR1///SNU13,0.6810065384615384
CWC22,-0.03057884615384571
SH3YL1,0.6431536538461536
SLIRP,0.23381346153846178
SNRPB2,0.035888653846154035
POFUT1,0.4769192307692306
BUB3,1.2123246153846148
UBAP2,0.35905384615384633
MTIF3,0.003699038461538603
SDHD,-0.047354807692307245
VPS53,-0.2142934615384614
DDX18,-0.22757999999999948
NXT2,0.3464880769230767
LOC286437,0.2342940384615389
ESF1,0.4692123076923074
S100B,0.9158199999999997
KIAA1191,0.8932599999999999
RYK,0.15156557692307693
ARFGEF1,0.030867692307692384
LAMTOR5,0.2861284615384617
UROD,0.8812290384615385
FDPS,0.4282048076923076
PNRC2,-0.12613519230769216
LMO7,0.01702711538461573
NME2///NME1,0.19961403846153872
GNL2,0.24849961538461543
YPEL5,0.5163338461538461
PAIP2,-0.14803538461538449
C16orf52,0.14052076923076914
SMG1P1///SMG1P5///BOLA2///SMG1P2///NPIPB4///SMG1,0.03417096153846167
ZNF554,-0.05308057692307685
MAP3K2,-0.10447730769230741
NDUFB9,0.20477153846153873
LOC284600,-0.06346596153846128
PRELID3B,0.07915057692307706
FBXL3,-0.11765480769230728
COPRS,0.5186713461538465
HHIPL2,0.8534840384615381
MORC4,0.36293269230769226
ARFGEF2,0.579781346153846
SLC16A1,0.5100457692307693
PTPRD,-0.13084307692307656
UFM1,0.23917365384615394
PKD1,0.9420161538461534
FAM20B,0.43003942307692306
SMAD5,0.23617173076923098
FEM1A,0.4051144230769229
CYB5B,0.8725636538461539
MAVS,0.6087665384615385
FNTA,0.11361807692307715
TBL2,0.6866705769230769
TBC1D22A,0.3142409615384615
PHPT1,1.0501251923076917
GARS,0.3592080769230771
EIF3A,-0.05858307692307654
PDIA6,0.6610388461538462
TCEB2,0.28805250000000016
PCSK7,-0.06442038461538428
GALNT11,0.23849230769230764
LOC728522///HNRNPA3///HNRNPA3P1,-0.029933076923076694
LRRC37A2,-0.12674480769230734
CDC42BPA,-0.007313076923076815
INPPL1,1.1749726923076917
RAB11FIP5,0.36408884615384635
NDUFA13,0.5264207692307689
SMAD9,0.5508171153846153
EPB41L2,0.5791565384615385
UBE3A,0.21635346153846158
UBE2Q2,0.1518075000000003
FASTKD5,0.49341269230769225
PSMD10,0.13636384615384634
CRNDE,0.6077521153846155
RBFOX2,-0.08538673076923045
COMMD6,-0.06851019230769177
RXRA,0.48940942307692314
PPP1R8,0.33039192307692317
KYAT3,0.011598269230769473
DFFA,0.040746923076923125
DKFZP586B0319,0.17916557692307727
MGC12488,-0.16463346153846128
IL1R1,0.07795846153846173
ASH1L,0.23910788461538451
SLC38A6,0.6249851923076922
SIPA1L3,0.8027909615384615
AAED1,0.16218173076923093
DDX17,-0.1571261538461536
CYP27C1,0.29001826923076934
RRP1B,0.1379042307692313
ANXA4,0.5614249999999998
CSGALNACT2,0.12166750000000032
ALKBH5,0.5687028846153843
RNF146,-0.21738519230769213
RSRP1,0.0343559615384618
CRBN,0.07901749999999999
TRO,0.06460442307692336
MCFD2,-0.1651888461538458
H2AFY,0.6509128846153844
DNAJA1,0.018963653846154064
CNRIP1,0.004797692307692529
DYNC1I2,0.31538711538461534
ZNF503,0.703221346153846
ANAPC13,0.5619307692307692
STX8,0.3994584615384616
WDR59,-0.14845288461538428
LRRC8A,0.4700628846153843
ACTR2,0.009681538461538844
NEK7,0.09193692307692328
LOC100129104,0.07813230769230782
ANKRA2,-0.08608173076923042
NPC1,0.47407057692307686
ABCD3,0.1447494230769231
NDUFB6,0.40014826923076946
C2CD5,0.48322538461538445
MTR,-0.03681173076923049
DCDC2,0.057549230769230846
CASKIN1,-0.09156769230769231
IKBKAP,0.6960878846153846
ABCC1,0.32631288461538444
ANKRD17,0.18419788461538483
ADPGK,0.7438211538461537
RPL23AP32,0.07750480769230783
FAM50A,0.21493769230769244
LUC7L,0.27675519230769235
PET100,-0.054328269230768826
COX11,0.709730769230769
LOX,0.21129769230769238
NFX1,-0.22671884615384588
PGGHG,0.3259305769230769
GALNT1,0.6772773076923074
ADD3,0.0390350000000004
SPG11,-0.3426905769230763
EPRS,-0.15397653846153825
ARMC1,0.06001865384615391
TMEM261,0.9984051923076921
GINS3,0.24427519230769262
CACYBP,0.09901519230769243
TAB3,-0.25193961538461523
RNASET2,0.03826403846153868
PHIP,-0.08306403846153845
DDX1,-0.10299923076923026
LOC285074,-0.11555057692307671
BBX,0.024810769230769344
POU5F1B///POU5F1,0.4532057692307693
DNAJB6,0.3578642307692307
UBE2G2,-0.11120942307692294
SSBP3-AS1,-0.1464913461538459
AIG1,0.05488615384615405
SLC30A5,-0.07893403846153814
SEPT5///GP1BB,0.3426932692307695
SYNJ2BP,0.2096428846153845
ASMTL-AS1,-0.004403461538461172
RB1CC1,-0.013389038461538338
ACAA1,-0.30085634615384604
ANKRD11,0.06184038461538484
COX16,0.9928828846153844
SLC25A26,0.10665557692307694
DUX4L2///DUX4L3///DUX4L5///DUX4L6///DUX4L7///DUX4L1,-0.04767249999999994
SRP72,0.2953453846153846
ZSWIM8,0.6037213461538461
FGF5,-0.18488538461538434
ANTXR1,0.20874480769230797
HPR///HP,-0.11193269230769178
KRCC1,0.005576346153846177
PSMG1,0.1330286538461543
ANP32A-IT1,-0.06905634615384594
SIPA1L2,-0.08676730769230796
RRM1,0.191171923076923
NIPSNAP1,-0.11864423076923053
MSH2,-0.04282384615384584
PSMD7,0.7850484615384612
SUCLG2,0.07791903846153851
MYDGF,0.5961284615384617
LOC100131941,0.0060892307692310904
PHF11,0.026816730769230957
DHX29,-0.048823653846153676
CCND1,0.9009194230769231
CAMLG,0.04617788461538491
SRSF11,0.2892328846153846
ALG12,0.030323846153846215
ARPC5L,0.3527134615384618
LOC340085,-0.2440267307692302
PPP6R2,0.35952423076923085
TXNDC15,0.0874730769230769
TMEM258,0.24121134615384626
CBLB,0.12280192307692331
MRPS11,-0.16750999999999958
DGUOK,0.5943742307692307
LIMCH1,0.17363750000000006
FILIP1,-0.17408711538461527
MAOB,1.0811692307692302
PROM2,0.1806561538461539
MGLL,0.07537346153846176
KDM4C,0.05756923076923124
YAP1,0.4766063461538461
TOR1AIP1,0.6071963461538462
AVL9,-0.1193384615384612
PPP1R12C,0.41002250000000007
MUT,0.04976269230769258
LONP2,-0.11513961538461508
AP5S1,0.05044750000000025
ATG9A,-0.49786865384615314
VSTM4,0.00463288461538491
CA11,0.2018003846153848
SIL1,0.9519753846153841
FZD8,1.0502101923076919
COPS2,0.5718534615384614
GNAI3,0.5798621153846152
DAZAP1,0.9794934615384617
ZNF230,-0.12137134615384577
SF3B6,0.18091846153846164
POLR1D,0.7156821153846153
CFAP97,0.7024492307692303
SH3BGRL,0.40112538461538483
PRKXP1,0.03882250000000025
ARHGEF26,-0.09171288461538435
PER3,0.18612846153846171
RPL36A,-0.03259576923076898
FAM160B2,0.9124023076923075
ARHGEF40,0.17417115384615403
MBP,0.8005880769230767
GTF2H2C///GTF2H2B///GTF2H2,-0.004617115384615381
WDR90,0.29664788461538477
WBP4,-0.012731153846153384
JADE1,0.2451251923076923
CAP1,0.4813340384615381
RBM17,0.1946788461538463
EIF1AX,0.42543307692307697
ERGIC2,-0.01516788461538443
MYLK3,-0.04559057692307681
ITGAV,0.030356153846154157
PPP2CA,0.39373038461538473
HEATR6,1.0063107692307687
LGMN,0.40390365384615406
ZNF268,0.37656557692307696
NIPSNAP3A,0.05643942307692325
SYT7,-0.095328269230769
TGFB1I1,1.1430976923076919
TIMM8B,-0.015991923076922727
TRAC///TRAJ17///TRAV20///TRD///TRA,-0.02249076923076901
BIVM,-0.017708269230768892
IGBP1,0.40776942307692293
TAF15,-0.03857615384615345
TRMT11,0.04997826923076956
PSME4,0.22119461538461574
APMAP,0.759150769230769
SRGAP3,-0.1412459615384613
SEMA3C,0.1271663461538462
SERF1B///SERF1A,0.1366976923076926
LIMA1,0.18917173076923088
GSTO1,-0.002886346153846015
SLAIN2,0.07720500000000004
IBTK,-0.1473648076923075
SOX8,0.724185
MBNL2,-0.00010826923076890071
XIAP,-0.4887030769230765
MANF,0.7866146153846151
KIAA0506,-0.06105173076923015
LTV1,-0.04719423076923068
NOA1,0.06135673076923086
RUNX3,1.3456586538461532
RING1,0.06009211538461545
KIDINS220,0.3067159615384617
MDFIC,0.25662865384615374
GRTP1,-0.0710771153846151
ANXA11,0.5532796153846155
ARAF,0.7409894230769234
ZFP36L1,0.4005819230769231
ARIH1,0.15105499999999997
CFAP70,-0.054566923076922826
ZCCHC8,0.13045788461538443
ZNF131,0.595176153846154
CMTM7,0.10052826923076934
ZFP14,-0.2912588461538458
LRRN2,-0.040614807692307374
GRN,0.3332326923076923
EPAS1,0.13307942307692328
ZFP36L2,0.16294884615384636
CPQ,-0.34266403846153826
NUP58,-0.19941711538461507
COX6B1,0.05908653846153859
TNFRSF11B,0.38313730769230775
SMAD3,0.6880907692307692
RNPC3,-0.029586153846153634
ANKRD28,-0.0694092307692308
PCDH15,-0.05795384615384578
HTRA2,0.5503394230769227
LAPTM4B,0.37223019230769244
AKAP9,-0.05489846153846112
WDR82,0.3398621153846154
LINC00493,0.3195513461538462
TNS1,-0.31717403846153797
COPS5,0.11410750000000028
PRKCDBP,-0.0076009615384612355
FBXO2,1.035440576923077
SHTN1,0.23806307692307713
RASAL2,-0.05469788461538435
WBP11,0.7889271153846154
WHSC1L1,0.07443846153846168
TAOK1,-0.07560711538461497
SNAP23,0.5035265384615384
SMCR5,-0.007768846153845801
DIP2C,0.2690988461538464
RAB8A,0.14315288461538483
ZDHHC16,0.3917605769230769
NBAS,0.06135788461538476
GLMP,-0.28149653846153827
MANBA,0.28453634615384604
IDH2,1.3627024999999997
FAM43B,0.05951538461538513
CHMP3,0.1542053846153848
TUBB6,0.30286769230769245
FASTKD1,0.6143528846153845
ARHGAP35,-0.061286538461537955
TAF11,0.43304596153846175
TIMM8A,-0.44144403846153796
ANKRD65,-0.14192499999999975
MPI,0.02189865384615418
FBXO7,0.19131249999999994
ZNF90,-0.025900769230769092
TMEM181,0.14528192307692334
FKBP10,1.090641538461538
KIAA1656,-0.16403288461538432
TGM2,0.19741442307692317
MRPS5,0.2406194230769232
FUCA2,0.51976
TMEM14B,0.1284494230769233
ZFHX4-AS1,-0.007897499999999873
GALNT6,-0.08435115384615359
STEAP3,0.8593836538461535
TLCD2,0.12744711538461528
MMP3,0.0922234615384616
IL21R-AS1,-0.09150903846153834
ARMC10,-0.04771711538461527
MRPS15,0.7910438461538459
FNDC1,0.8748959615384616
NCOA6,0.21991903846153857
C19orf53,0.41744153846153825
LEPROT///LEPR,0.45991884615384615
TCEB1,0.3198684615384617
PPP1R15B,-0.030682307692307287
SLC38A1,0.980933076923077
INGX,-0.019939423076922737
PREPL,0.23678788461538458
MPZL1,0.22404365384615413
OGFRL1,0.5355657692307692
JUN,0.24230980769230803
ST13,1.0099799999999997
GTF2IRD2,0.7848923076923072
EOGT,-0.040344230769230396
SLC38A2,-0.03159980769230744
EMSY,-0.29314499999999954
ADIRF,0.49625999999999987
MRPL32,0.22372384615384633
IQCA1,0.06071461538461556
CSMD2-AS1,-0.02848692307692307
TMEM57,0.008811153846154272
AKT3,0.18384538461538474
PIAS1,0.14306865384615414
NOL3,0.5678142307692307
LOC100133581,-0.012374615384615158
PTPN9,0.7793219230769229
PMS1,0.054188076923076575
LINC00824,-0.13735692307692274
SOX6///C11orf58,0.8941905769230769
HGS,0.00867480769230809
TBC1D23,0.20992961538461555
EIF2D,0.3883871153846153
ATRAID,0.5222828846153845
WNK1,-0.036342307692307334
RMDN2,-0.04501019230769187
NPAS3,0.4650763461538462
ANKRD9,0.6969924999999998
TMEM248,1.4496288461538451
EXOSC8,0.22934307692307696
RPS10P5,0.3709967307692308
FAM53C,0.15551788461538488
NDUFB5,0.4920432692307691
NAA50,-0.07786692307692274
NOL7,0.02977057692307698
RABL2A///RABL2B,0.1943605769230773
PRMT2,-0.07319211538461466
AKIRIN1,0.6038867307692305
DYSF,0.035704038461539
PPP1CA,0.2501725000000002
CACNG4,0.0871219230769234
TRIP12,0.08160076923076953
MICU2,0.3377436538461538
ZCCHC17,0.3654000000000001
FAHD2A,0.0287796153846156
SLC16A3,0.43696884615384624
BIRC6,-0.020207499999999788
SFT2D1,0.554498269230769
UBE2A,0.3442384615384616
ZNF622,-0.21643423076923046
POU2F3,0.04717096153846181
RPL29P11///RPL29P4///RPL29,0.26628807692307704
PLK3,0.19063346153846178
DENND5B,-0.02481788461538435
EMC2,-0.3394621153846151
ROBO3,0.7062586538461542
SIAH1,-0.14732846153846113
HTR7,-0.014059807692307566
PMPCB,0.4422925
S100A1,0.41173903846153825
ADAMTS10,0.013636153846154039
THADA,-0.05320807692307661
MAPRE1,0.354909423076923
EFS,1.51212673076923
CD276,0.23086903846153836
FBXO11,0.6834719230769228
ITPR3,1.0156061538461534
RBL2,0.27906538461538477
SPAG16,0.2697132692307693
GGPS1,0.3602582692307692
TANK,-0.13273807692307663
FAM3C,0.5048526923076923
FAM21D///FAM21A///FAM21C,0.24396250000000003
ABLIM3,0.44694750000000016
MYL6B,0.7957238461538461
CASP4,0.009234038461538847
KIAA1429,-0.23446634615384593
TTC17,0.03676423076923099
GLRX,0.09710461538461546
CSNK2A2,0.5323330769230767
ITFG1,0.3113828846153847
SLC23A2,0.022784230769230942
JAGN1,0.16734596153846185
NUPR1,0.1579713461538462
PELI1,0.12232269230769258
CCAR1,0.15131076923076942
PLCD3,0.8956248076923075
GNG11,0.17236884615384632
GTF2H2C_2///GTF2H2C///GTF2H2B///GTF2H2,0.03357250000000022
ESYT1,0.5709328846153845
KANSL1,0.45179692307692315
TAX1BP1,-0.006563269230769035
ZNF486,-0.05480576923076907
FLJ35934,-0.0942213461538463
RTCB,0.1545226923076925
RBM12///CPNE1,-0.061409230769230695
HSPA4,-0.01976615384615375
NANS,0.1227253846153848
ZFHX3,0.011723076923077103
POLR2B,0.19075173076923058
EXOSC6,0.09163096153846154
SNRPD1,0.35647038461538477
SOCS6,0.01281115384615421
POLR3C,0.016360576923076936
PUM1,0.1348198076923078
SRCIN1,0.20001576923076933
SMURF2,-0.11919730769230728
C6orf50,-0.0265536538461536
VTA1,0.3006196153846155
ATP9A,0.7006680769230769
BAG5,-0.00796384615384606
FAM3A,0.32064961538461545
METTL10,0.024660961538461524
MTHFD1,0.12734750000000017
LINC00673,0.3240175000000001
MRPL42,0.3602738461538463
SEMA4C,1.010651538461538
SRSF8,-0.03958269230769214
SEPP1,0.3519890384615384
SLPI,0.473804423076923
ALCAM,-0.06275999999999964
PCYOX1,-0.051701923076923006
LOC100129436,-0.13239269230769185
MTMR2,0.026781153846153934
SIAE,-0.1273507692307688
FAM103A1,-0.015163076923076736
MELTF,0.2499013461538463
C11orf58,0.075130576923077
RNGTT,0.05122673076923079
PLA2G4A,0.48643461538461524
PFKP,0.3018644230769231
NAV2,0.24342673076923083
DHX57,-0.2531392307692304
EIF2S1,0.09199230769230801
BMS1P20///NCAPD2///FADS1,0.3866419230769229
RUFY1,1.050374038461538
CENPB,0.8176424999999999
ADAM3A,-0.2380449999999995
BNIP2,0.13507019230769254
REEP3,-0.05416346153846147
LAMTOR1,0.5941253846153841
CLUAP1,-0.10928807692307678
SLC5A12,-0.10229461538461522
PANK2,0.6229744230769233
VAMP3,0.4965649999999998
BOD1,0.08726019230769254
ANKRD36B,-0.043657307692307475
ZNF876P,-0.029249423076922704
DEFA1B///DEFA3///DEFA1,0.023524807692307758
GRINA,-0.07928480769230754
ZNF843,0.13124250000000012
BAZ2B,-0.1084240384615383
PRKAR1A,0.33898961538461564
CTSD,0.7099467307692308
SH3KBP1,0.04955326923076935
EIF1AXP1///EIF1AX,0.16858788461538465
JMJD1C,0.1284569230769234
COX6A1,0.14287807692307727
SRRM1,0.6896901923076922
PLSCR4,0.08909038461538472
AKR1E2,-0.2449792307692305
FRG1JP///FRG1,-0.046229038461538204
ADD1,1.0508142307692303
PPP2CB,0.47566942307692306
STUB1,0.5367063461538462
METTL14,0.07517250000000017
GOLPH3,0.4196294230769229
SERPINB1,0.8495484615384615
AKR1A1,0.4814703846153846
TMCO1,0.34635250000000006
DDX50,0.5113838461538461
ATP2A2,0.34314557692307684
PKIG,0.3857103846153849
SEC24D,0.03898596153846176
TIMM44,-0.07699192307692283
CD58,0.19439115384615407
ZNRD1ASP,-0.14657673076923047
SCP2,0.06554980769230774
DYNC2LI1,0.043406153846154025
SAR1A,0.23205288461538479
TLX1NB,-0.5935513461538457
CD84,-0.09682307692307665
CDC42SE1,0.9734665384615381
SPTLC3,0.0394688461538466
GALNT2,0.1414251923076924
BRD4,-0.14410096153846122
PEBP1,0.1512021153846155
MTOR,-0.20904346153846112
STK3,0.10691692307692299
CBX1,0.6148738461538462
GADD45A,0.054103076923077136
NUP43,0.6046065384615387
TPP1,0.6444132692307695
BICDL1,-0.19696115384615362
PLRG1,0.7632926923076919
DCAF6,0.19671750000000005
DOLK,0.29858019230769245
ZC3H7A,0.14887769230769246
COL15A1,0.10740826923076906
MMP13,0.08655576923076928
LINC00663,0.008827500000000708
ARF1,0.25164326923076946
NRDC,0.0651544230769231
CWC15,0.099435
KIAA0391///PSMA6,0.5715288461538459
MRPL58,0.5847898076923077
MAN2B2,-0.1720799999999998
POTEF///POTEE///POTEKP///ACTB,0.12246153846153841
GOSR1,0.3617586538461538
HOOK2,0.10313442307692346
AGPAT4,0.46923538461538467
SNAPC3,-0.04415038461538434
RTN4IP1,-0.030672307692307475
SLC22A17,0.983934230769231
HSPA9,-0.021331730769230502
YEATS4,0.014057307692308004
PPA1,0.11461115384615396
DNAJC19,0.23135942307692306
NDRG2,0.26249365384615403
TRIM11,0.9722498076923074
NFATC2IP,0.23200288461538457
C14orf132,-0.04484596153846119
SLC6A15,-0.12768134615384585
KLHL42,0.14744134615384608
SCPEP1,-0.058304423076923045
MAGEF1,0.2414073076923077
MMAB,0.2836730769230769
CHORDC1,-0.07140038461538445
DPY19L3,0.18216423076923083
TMEM212,-0.06896884615384588
C17orf58,0.16149250000000004
C7orf49,-0.04377846153846114
GBP1,-0.07612730769230741
TTLL3,-0.08677423076923058
ZDHHC8,1.3514728846153836
CLINT1,0.18617365384615395
RBBP5,-0.11147403846153821
PVR,-0.05338192307692263
SDHAP3///SDHAP1///SDHA,-0.14537019230769208
DHTKD1,0.010020961538461718
MRPS22,0.03676115384615425
STAG1,0.008899807692308038
APRT,0.18914076923076947
NMRK1,0.3420917307692309
GNA12,0.5748023076923077
EIF2A,0.37698057692307707
MSH3,-0.08236634615384576
MTHFD2,0.15829884615384623
CEBPE,-0.21079403846153819
KDM2A,0.18348769230769243
GTPBP6,0.5378090384615387
MRPS33,0.5158371153846153
KAT14,-0.10244903846153824
CCSER2,0.009889807692308074
MATN2,0.5562830769230769
MCUR1,0.0021886538461539365
ATP11B,0.33688461538461556
PERP,0.07690903846153856
TIAL1,0.023082307692307524
NCKIPSD,0.33319423076923094
IBSP,0.016024038461538475
SERINC3,-0.018292884615384277
PSMD6,0.05722307692307706
KIF13A,0.2281763461538463
GTF2F2,-0.0819982692307688
BRD7,-0.09259653846153841
TXNL4A,0.8139399999999996
MTRF1L,0.00288942307692336
SMIM15,-0.24867576923076878
PSPH,0.5812659615384616
LOC732160///NDUFA10,0.08598307692307701
LDHB,0.008083076923077264
PDCD7,0.23771711538461543
IKBKB,0.4803424999999998
GGCT,0.0791438461538462
KCND3,-0.1596742307692305
PSMB6,0.42523461538461554
DEXI,1.0857578846153841
LGALS8,-0.013256730769230543
AMBP,0.018907115384615807
STARD7,0.6703580769230768
PRPS2,0.7275394230769231
POLR1B,-0.07831173076923048
VTI1A,0.35277173076923074
ATP13A1,-0.3534796153846148
LOC102723648,0.0022538461538463618
DCLRE1C,-0.06348730769230752
A4GALT,0.149097307692308
KCTD3,0.10602134615384633
LOC100128402,0.08863211538461556
ARMCX1,0.2241951923076923
CHCHD1,0.07256173076923099
RAP1GDS1,0.12741288461538472
PLOD3,0.826871346153846
CASC4,0.4350080769230772
ZAK,0.2792257692307694
FBXW4,0.7462198076923074
GNL3L,-0.05647557692307678
WDFY2,-0.11591999999999957
ARID4B,-0.07092807692307686
PTTG1,0.7320055769230769
CDC25B,0.6014205769230769
MEF2D,0.8044463461538457
EDIL3,0.008585384615384821
FAM177A1,0.35828346153846147
TRIM56,0.1958623076923079
HAUS1,0.0689915384615388
MCOLN3,-0.06614403846153828
GTF2IRD1,0.014127884615384757
SLC35B3,-0.0013796153846150256
DHCR7,0.6021138461538463
CAMK1D,0.6689065384615386
RRM2B,-0.0890192307692305
NF1,-0.13400326923076908
LINC00998,0.257630576923077
CYB5R1,-0.03667634615384591
MRPL36,0.288181153846154
PIGP,0.390883076923077
DHX9,0.26230865384615387
CTSL,0.22912442307692304
SLC2A10,0.3637325000000002
ARHGAP33,0.0693569230769234
PITPNB,0.13280519230769233
DCAF16,-0.014508461538461371
GLIPR1,-0.039537884615384135
FXYD5,0.3749188461538462
P3H4,0.3442107692307693
C1QTNF3///AMACR,0.3897830769230771
PLEKHF2,-0.10570576923076877
RPL7AP11///RPL7AP36///RPL7AP62///RPL7AP30///RPL7AP53///RPL7AP66///RPL7A,0.11168307692307704
WWC3,0.026239230769231195
PPP4R2,0.19508057692307698
C6orf120,-0.02693788461538439
PIGX,-0.0941532692307691
MAGEA12,-0.07405711538461529
NDUFAF7,0.10289423076923071
CERK,0.26538788461538476
RPL39L,1.0231990384615386
C11orf31,-0.0032713461538460653
APH1A,0.27327538461538475
SVEP1,-0.057876923076922895
ILF2,0.3863894230769232
HECTD2,0.22398615384615395
BRD8,0.2260586538461538
DNAJB9,0.5368753846153845
TDG,-0.21152826923076873
NIFK-AS1,0.03726019230769254
SF3A2,1.095895384615384
RBM41,-0.1509188461538459
KLHL23,0.07739461538461583
CDK2AP2,0.09268288461538483
CDC16,0.6596173076923074
PFDN4,0.006697500000000186
ZNF665,-0.08900173076923053
TMEM55A,0.18790076923076937
MBD2,0.02295538461538489
KDM4B,-0.10155326923076886
RAP1A,0.3846596153846155
PRB3,-0.23784634615384595
TRAF3,0.09650461538461565
HEY1,-0.30968846153846114
YY1,0.253943076923077
TJP1,0.19449326923076898
DDX39B,-0.008148653846153884
TPGS2,0.537555576923077
WDR41,0.13071134615384608
AKAP17A,0.1518201923076925
FOXJ3,0.4671634615384616
MRPL43,0.311131923076923
LOC100131507,-0.05625480769230746
TMEM214,0.8264940384615379
AKT2,0.8209624999999996
CTSF,0.704763461538461
C10orf10,-0.016481153846153528
PDXDC2P///PDXDC1,0.07898884615384649
CRIP1,0.18955250000000015
ZDHHC2,0.15424269230769247
DAG1,1.0076334615384615
NPTN-IT1,0.4180184615384615
SLC17A1,-0.010301153846153672
ALOXE3,-0.28794499999999956
PIN1,0.036637307692308115
C14orf37,-0.054540576923076664
SULT1A4///SULT1A3,0.4575919230769233
PSMG4,0.5211842307692306
LOC728866///MAGT1,0.31111230769230785
SMIM3,0.346339423076923
SNRPC,0.18140019230769236
LPAR4,0.02844615384615408
SAMD9,-0.17143653846153814
AARS,0.5284928846153846
ACOT13,-0.13958903846153822
SCEL,-0.09996692307692302
TBATA,-0.010222115384615092
ANXA7,0.04557326923076945
NPIPB5///NPIPB6///SMG1P1///NPIPB7///NPIPB15///NPIPB3,-0.03317461538461507
CREB3,0.10158480769230786
WLS,0.32555903846153833
HOXB7,0.050608653846154046
GNS,1.046279038461538
SNRNP35,-0.06844153846153801
RGS3,0.561649423076923
ODF2L,-0.10183403846153816
ZNF440,-0.08833826923076887
STC2,0.40702576923076905
TADA2A,-0.0775380769230765
VPS33A,0.03962076923076928
NSMCE1,0.2555878846153849
FKBP3,0.03354423076923113
METTL9,0.1956271153846154
KIAA1143,0.04250384615384636
MIR21///VMP1,0.49077999999999994
DHX15,0.09543000000000006
COX6B2,-0.01801269230769194
HMGN3,0.5737971153846151
KCTD4,0.1322225000000002
RARS2,-0.07094749999999994
NSRP1,-0.04403807692307669
YEATS2,0.00013250000000010346
CAND1,0.20213519230769256
PCF11,-0.028768653846153538
HERC1,0.492109423076923
MRM2,0.2872598076923078
MAX,0.8752742307692307
RAP1GAP2,-0.10434288461538414
SPOP,-0.1501492307692306
TMEM43,0.22967365384615407
ARHGAP30,0.04387807692307708
PPP2R5C,-0.048874807692307294
CCNG2,-0.14425557692307686
SPTBN1,0.5461115384615383
ZNF625,0.02563269230769239
CCNB2,-0.06483903846153816
TYW3,-0.3690767307692305
ZNF521,0.21855903846153862
RNPS1,0.2723601923076925
RAE1,0.40551211538461535
EBAG9,0.24407884615384612
TRPC4AP,0.8175180769230767
LATS2,0.4058428846153844
NHP2,0.33984000000000003
ZNF24,0.32772423076923074
LINC01550,-0.010522692307692044
CYB5D2,0.609851923076923
STK35,0.18685865384615394
KIAA0907,0.13757519230769238
LOC729580,-0.1258742307692305
HM13,-0.02607480769230768
SENP6,-0.06873576923076886
ZNF169,-0.0853853846153843
LRRFIP2,-0.4829436538461531
C2orf74,-0.15638538461538434
GON4L,-0.21078653846153805
HERPUD2,0.12798980769230772
C8orf88,0.14630326923076933
C19orf52,0.11915346153846157
SERINC1,0.0563650000000001
BNC2,1.1394719230769232
UBP1,0.4066467307692309
RAB4A,0.4813759615384616
GLYR1///SEPT6,0.31686096153846155
BTAF1,0.3753657692307691
CUL3,0.701095769230769
AXL,-0.04490269230769204
GFPT1,0.34285173076923064
RNF139,0.32061500000000004
TUBB2B,0.4638071153846153
CEBPZ,-0.1207776923076921
ATP11A,-0.027856730769230464
TAMM41,-0.06511865384615369
LTBP1,0.5302334615384616
LHFPL2,0.00808903846153833
CAT,0.06194211538461556
XRN1,-0.2371792307692305
GPX1,0.9255749999999998
COG1,1.2600624999999996
SUCLG1,-0.17108749999999961
CCNH,-0.03670769230769222
MKNK1,0.058593461538461844
CD24,0.014945961538461979
RAB23,-0.08096346153846133
PDZD11,0.04534000000000018
GNAQ,0.0595353846153846
SLC43A3,0.9035567307692307
KIAA0492,-0.08620307692307667
WISP3,0.06992384615384643
DBF4B,-0.07767288461538432
ZNF462,0.345218653846154
SBF2,0.010458076923077313
PEX1,0.2045923076923077
MYCT1,-0.08136115384615354
TSPYL2,0.5440267307692307
MGST3,0.1480048076923079
NOL10,-0.043146153846153536
SLC30A7,0.10988057692307719
PI4KAP1///PI4KAP2///PI4KA,0.785792692307692
CLCN3,0.4420590384615383
ZNF692,0.2691121153846156
HS3ST1,0.14413557692307702
ERBIN,0.17039673076923084
TTF1,0.4192444230769231
FAM49B,-0.2388819230769228
RWDD1,0.07283961538461542
CACNB2,0.013804230769230798
LOC100130308///KIAA0391///PSMA6,-0.04121999999999961
TSN,0.1367090384615385
PCK2,0.3545221153846155
HADHA,0.4780007692307691
RETSAT,0.19986173076923097
ARHGAP12,0.09062500000000027
DMTF1,-0.08525788461538428
LOC100134611///LOC100130456,-0.07077326923076899
SNCA,0.01725384615384634
RNF14,-0.03764903846153827
PJA2,0.06383711538461545
MYO1C,-0.031145192307691902
XPNPEP3,0.2937207692307694
CCDC84,0.5703736538461537
HNRNPA1P36///HNRNPA1P41///HNRNPA1P59///HNRNPA1P51///HNRNPA1P22///HNRNPA1P53///HNRNPA1P33///HNRNPA1P50///HNRNPA1P27///HNRNPA1P10///HNRNPA1P52///HNRNPA1P12///LOC642817///HNRNPA1P30///HNRNPA1P39///HNRNPA1P56///HNRNPA1L2///HNRNPA1P60///HNRNPA1,0.1561684615384617
VAMP4,0.13361807692307703
SEC11C,0.11674307692307709
GTPBP8,0.678513269230769
AQP3,0.22285173076923076
RHOQ,-0.07495096153846113
PALLD,0.31479557692307697
UBE2V2,-0.006234423076922837
NAA20,-0.034328461538461405
CYHR1,0.8297186538461537
ITGBL1,0.4380423076923079
RANBP10,-0.0906653846153843
COL6A2,1.288700961538461
SYTL4,-0.18055788461538447
GAB2,-0.04295076923076918
UQCRC2,0.18201500000000015
ATP5C1,0.038196923076923135
ALDH1L2,0.0014826923076925044
ZBTB18,0.4228382692307692
FASTKD2,0.1249117307692308
ME1,0.2612657692307693
SCHIP1,0.18877346153846167
TRPM7,0.009493461538461973
RNF34,0.20856211538461536
YIPF4,-0.22523057692307652
CNOT1,-0.10518403846153833
ATAD1,0.5048317307692309
PTK2,0.4750088461538462
FAAP24,-0.03402269230769191
CEP57,0.187268653846154
CDC34,0.0798590384615387
POLR2J2,-0.194748269230769
GNPNAT1,0.4903825000000001
SCAF8,-0.09162903846153841
MIR22HG,0.13151423076923094
MESDC2,0.27938653846153877
CDK6,0.276326730769231
WWTR1,-0.014186923076922897
COA1///CNN2,0.36093730769230764
NDUFA12,0.25700288461538495
KANSL3,0.1828603846153849
DVL3,0.013265961538461745
NAB1,0.4859099999999996
CITED4,0.45782423076923084
LOC100133166///NBR1,-0.05061038461538464
PM20D2,0.1381365384615386
SLC1A2,0.0749673076923079
ARHGAP31,0.4272061538461538
LOC652607///PABPC1P4///PABPC1///PABPC3,0.2915951923076925
HGSNAT,0.4146021153846154
AK3,0.059801346153846545
SLC25A42,-0.023096730769230574
C1orf210,-0.05605884615384574
SUZ12P1///SUZ12,-0.007464615384615121
MCCC1,-0.0187696153846152
MARK3,-0.16957634615384581
LOC100129015,0.041138461538461624
HMGB2,0.008615384615384695
TMEM50A,0.40921673076923076
WDR77,0.019275192307692653
SETD3,0.9242792307692301
ASAP1,-0.30031269230769186
DPY30,0.027260961538461706
CBX5,0.006975961538461758
RBM3,0.17199384615384614
AASS,0.020179230769231032
SPATA45,-0.2040815384615382
MRPL15,0.1420250000000002
EXOC7,1.060735192307692
LOC55338,0.2593621153846155
DNAJC2,0.007324807692307881
RALGAPA1,0.09023403846153867
RPUSD3,0.18578173076923105
QSOX1,0.8147261538461535
GLA,0.3750113461538463
MED29,-0.12382634615384583
PPFIA1,0.5229346153846155
DDX47,0.4929859615384615
NGRN,0.3825575
CCDC144A,-0.003381153846153537
ZNF337,0.6875134615384613
ATF1,0.38499865384615406
UBE3D,-0.012259038461538252
TCF12,-0.10238384615384571
DNMBP,-0.19167134615384587
PDCL,-0.0667469230769229
LOC100130220///DDX3Y///DDX3X,-0.14051384615384566
EPB41L4A,-0.15881153846153823
ACAD11///NPHP3,-0.06467730769230746
PAGR1,0.06630576923076942
ARHGEF10,0.0025878846153849296
RBMS2,0.09590365384615411
MRS2,-0.11011326923076908
PLEKHB2,0.08024153846153866
KYAT1,-0.1588955769230767
MITD1,-0.04821942307692286
NT5C2,0.42561557692307667
RIN2,0.19059807692307687
USP48,-0.2680703846153843
AMD1,0.1957625000000003
ALG13,-0.00634461538461505
UQCRQ,0.8535432692307692
AP2M1,0.5302817307692308
RIN3,-0.07867576923076898
SQLE,-0.15351019230769195
SLC23A3,0.016595000000000262
CDC20B,-0.12929807692307657
UBAC2,0.2702032692307692
PHF21A,0.2729534615384615
HOXB2,0.7086459615384612
DDAH1,-0.08359249999999979
ROBO1,-0.16736442307692276
ATP13A3,0.1279913461538464
C21orf58,-0.011399423076922714
ANKIB1,-0.02726538461538436
NEFL,-0.1362598076923072
ZNF518A,-0.2573821153846151
SOX4,0.06288884615384624
SYNC,0.7129951923076924
INPP4A,0.338990384615385
RPF1,0.5005807692307691
BCL3,-0.013355192307692176
STX7,0.8760849999999999
RNF216,-0.1764936538461535
PRPF38B,-0.07864365384615375
CEP295,0.029443653846154192
RHOA,0.15587038461538472
FOXG1,0.09635500000000036
OLFML2B,0.1206526923076923
API5,0.040921346153846336
ZNF280D,0.057178846153846344
DYRK2,0.09674519230769253
IFT172,0.007187307692307965
NMD3,0.17536019230769231
FCGRT,0.13339653846153846
OR7E2P,0.036780384615385145
CAST,-0.009907692307691838
LRFN4,0.044433269230769366
EPS15,-0.2717880769230766
HSPA2,0.3157163461538462
MLPH,0.3079526923076923
BACE2,0.6095988461538463
CNOT4,0.009982307692308097
EFCAB14,0.18731057692307698
CNP,0.4249996153846157
TMEM2,-0.20242730769230746
UNC13C,-0.10624423076923062
FGF1,0.26796326923076924
KLHDC3,0.867744038461538
RRN3,0.06533153846153879
NECAP2,0.3033336538461539
TMIGD2,0.07638019230769247
ASB8,-0.2778615384615381
PPIP5K2,0.004711730769230936
SCAMP1,0.7801367307692306
IFT57,-0.05323692307692288
NUMB,-0.10242346153846124
ZMYM4,0.40196826923076945
STAM2,-0.06912576923076907
AZIN1,0.11687307692307691
NBPF10///NBPF8///AE01///NBPF9///NBPF11///NBPF12///NBPF3///NBPF1///NBPF14,0.022235769230769187
CXorf40B///CXorf40A,-0.031172307692307607
LOC100131844///ANAPC11,0.6144688461538462
ERAP2,-0.08470749999999966
SECISBP2L,0.3900715384615384
MAFB,0.3194703846153845
NAA16,0.513486730769231
BPGM,0.537848269230769
C9orf142,0.34489019230769224
ARPC3,-0.05521576923076914
ARPP19,0.07403961538461562
IFT20,0.38752365384615367
DOCK7,0.01840423076923095
SLC9A6,0.6121263461538461
HSD17B7,-0.30185096153846147
ANKRD37,0.4541823076923076
FAM122B,0.018982692307692582
DNASE1L1,0.46254000000000006
TCP1,-0.03710153846153809
TBC1D9B,-0.0702361538461533
TPR,0.054626346153846324
MAPRE2,0.5300451923076922
BCAP29,0.2315832692307694
CFD,0.6975603846153846
SGCE,0.02635923076923092
TOP3B,0.09465884615384647
NUTF2,0.49145288461538456
PHKB,-0.06084423076923044
SPEN,0.3223017307692309
SYCE1,-0.037688076923076554
CCNG1,0.37484096153846147
ZNF629,0.5144328846153845
NME4,1.1296986538461529
TBC1D12,0.04963807692307738
LAP3,-0.03239961538461498
HSD17B4,0.3632265384615388
NAT9,0.3883892307692307
EXOC1,-0.21388615384615345
KCNA6,-0.27442749999999955
LINC00969,-0.17262346153846142
PM20D2///COPS2,-0.04399634615384598
CBX7,0.6439067307692307
LOXL3,-0.01999326923076892
RANBP2,-0.035547884615384176
DIP2B,-0.07659442307692287
ACYP1,-0.00185749999999977
TTC19,0.2970776923076922
LRPPRC,0.3707615384615385
HTATSF1,0.06624730769230792
PRINS,0.011066730769230947
PRPS1,0.7990390384615386
TCEAL1,-0.0038246153846150342
ACP1,-0.1039746153846151
COA3,-0.03773826923076894
SUB1,-0.1036990384615382
TIMP4,1.2481280769230765
FAM135A,0.06512673076923106
GNPAT,0.3395473076923078
NOC2L,-0.060180961538461336
SATB1,-0.24369788461538436
ZNF430,-0.005302499999999796
WASH7P///WASH5P///WASH2P///WASH3P,0.20137480769230776
BFSP1,0.2022363461538461
UBE2N,-0.12453153846153793
MPHOSPH10,0.6968838461538459
YKT6,0.01696173076923126
DPM1,-0.029424038461538325
NADK,0.3892436538461537
MAP4K5,-0.2280538461538458
ALPK1,-0.09007673076923046
LDOC1,0.6359857692307691
IMP4,0.09405442307692309
ANK2,0.19475076923076945
NXPE1,-0.2997080769230767
MRPL16,0.2622526923076924
RBM27,-0.3207894230769227
HSPB11,0.5517825
MGAT4EP,-0.5351119230769226
NASP,0.023650384615384764
ALS2CR11,-0.043815384615384576
RPL21P68,0.025392307692308026
RNF103,0.11752307692307713
ZNHIT3,0.10171788461538477
CPTP,0.9590092307692307
IREB2,-0.04112442307692287
FCRL5,-0.021035961538461174
SYMPK,0.742021923076923
PSIP1,0.2968336538461541
TRMT6,0.06701596153846179
DUSP6,0.1212151923076925
GALNT4,0.2385338461538463
ALG5,0.038732307692307955
SPTLC1,0.019767884615384656
SIPA1L1,0.053964038461538744
ENOX2,-0.13572480769230727
DOCK10,-0.06736326923076905
RAB27A,-0.045923846153845996
ISCA1,-0.04003057692307672
CNTLN,-0.07535634615384591
TOR4A,-0.14456076923076908
NDUFS4,0.3680363461538464
SURF4,-0.21107653846153818
WIPI1,0.024031153846154056
MFSD14B,0.22825442307692306
IRS2,0.2979936538461539
JAG1,-0.24627192307692272
C21orf59,0.2588511538461538
CADM1,0.20804365384615398
TSPAN4,0.17770692307692323
FMNL1,0.04133019230769248
CEP41,0.009703461538461768
SENP7,0.48782615384615374
MMP27,-0.010235961538461298
UNC119B,-0.014404423076922905
CP,-0.10948096153846125
POLR2C,0.27622230769230777
ZNF426,-0.0017065384615381415
PIEZO1,0.037147307692307736
PP2D1,-0.07721730769230753
FAT1,0.3321467307692306
CARD16,-0.5763613461538456
ZBED5,0.24909769230769252
FAF2,-0.06332076923076899
ATG12,0.10515211538461564
TPCN2,-0.47446173076923054
CAMSAP2,0.4068003846153846
FRG1JP,0.02116519230769257
EDEM3,0.169033076923077
EEF2K,0.3963263461538462
MRPS10,0.12077057692307702
MRPL13,-0.04599826923076885
LOC648517///AKR1C3///AKR1C2///AKR1C1,0.05724000000000002
PTPN4,-0.0010542307692305013
UBTD2,0.1824219230769231
RPL7L1,0.0848096153846155
PSME1,0.29564326923076933
NFIB,0.1256417307692309
U2AF2,0.4076082692307692
PKM,0.22496192307692317
TMEM237,-0.17942346153846112
VIM,-0.004694807692307521
WDR91,0.739493846153846
NFIA,-0.005902307692307419
MOB2,0.49726634615384613
MEIS3,-0.023705769230768836
ADH4,-0.03722115384615379
INHBC,0.30452653846153865
FAM126B,-0.003165576923076595
LDLRAD3,0.7452919230769228
SATB2,-0.14520999999999978
RUFY2,0.24322288461538458
TM2D1,0.3562178846153846
TSC22D1,0.17691519230769243
CHD1L,0.7730884615384613
PUM2,0.10913192307692329
GOLGA5,0.06319711538461538
LOC100507351,-0.13543923076923023
FAM13B,0.11760615384615407
DHX40,0.8328688461538462
CREB5,0.3319851923076926
HSPA13,0.16396461538461543
ELF2,-0.13911749999999964
FBXW7,-0.15915230769230745
DCTN4,0.18347423076923106
C6orf203,0.048842884615384864
CS,0.3890571153846157
LOC100130173///PCNX4,0.07966403846153869
CUL9,0.6767821153846151
PIK3C2A,0.2406282692307693
GLRX2,-0.08098653846153818
U2SURP,-0.06426961538461497
KRT18P33,-0.043854038461538215
CD8B,0.08147384615384652
RAD21,0.025308076923077343
HEATR3,-0.03304365384615351
EMILIN3,0.6936553846153846
GLRX3P2///GLRX3,0.009572500000000358
TES,0.3276519230769229
TGS1,0.21613153846153874
WDR11,0.09959980769230793
TPPP3,0.2895100000000002
PLXDC2,0.0012644230769233054
GOLIM4,0.11166923076923094
PHLDB1,1.0308919230769227
HYI-AS1,-0.13266826923076883
WDR26,0.22198807692307687
MACF1,0.6347544230769226
LOC105377832,0.029150769230769622
UBR3,0.01873730769230789
TYMP,0.20305634615384607
TMX3,0.49379384615384614
EDRF1,0.015942115384615593
SMIM10L2A///CT55,0.43752076923076955
ARL4C,0.05645461538461572
NUP50,-0.012530192307692029
SNORD104,0.7764346153846152
KAT6A,0.16940192307692317
ORM2///ORM1,-0.039736923076922746
WDR46,0.00365250000000026
BRIX1,-0.07128596153846138
CSPP1,-0.118317692307692
CREBZF,0.018895192307692474
ZNF33B///ZNF33A,-0.12317942307692288
HADHB,-0.04585615384615373
DCBLD2,-0.009655961538461176
MINA,-0.13135499999999994
MTFP1,0.02864884615384645
ZNF398,0.09919076923076948
BDH2,0.2601619230769232
CUL4B,-0.13093807692307666
NFKBIA,0.04473307692307718
TMEM11,0.03255634615384613
CHST3,0.5392301923076921
THRAP3,-0.06908249999999981
C5orf22,0.4217723076923078
ADAMTS5,-0.0012471153846152186
COPS6,0.5308998076923075
SPATA9,-0.030481923076922754
JMJD6,0.25412153846153857
WASH7P///WASH2P///WASH3P,0.21309769230769235
WDR83,0.2537550000000002
TSTA3,0.04057653846153852
BCAR1,0.4142726923076922
CCDC59,0.16141750000000032
SMIM14,0.17599134615384632
LIN7C,0.09263923076923081
LOC728678,-0.030728269230768983
ZNF236,-0.19159499999999938
KRT7,-0.08845615384615328
PPP4R1,0.2642321153846153
NAXD,0.535122307692308
SERINC5,-0.07278153846153841
RER1,0.8409530769230764
TMEM198B,-0.07993692307692271
NCOR1,0.2263363461538463
RRS1,-0.15750442307692292
MTM1,0.0021630769230771806
CCDC97,0.657419423076923
SPRTN,-0.05378211538461501
LINC00102,-0.08931192307692294
CHMP2B,0.297754230769231
PKD1L1,-0.1022946153846152
CSNK2A1,0.00896865384615382
NUP37,0.07457076923076966
NUS1,0.045017884615384966
CTR9,0.19780288461538503
NUDT21,0.3473134615384618
IFNGR2,0.33483923076923094
ODC1,0.5247621153846155
LOC100133298///GLIDR,0.03534557692307723
SLC38A4,-0.20953942307692247
CYP4A22///CYP4A11,0.08610499999999993
BCAS2,0.3006424999999998
ZNF385A,1.3177298076923079
ZDHHC17,0.018982692307692416
UBAP2L,0.8064450000000002
C1orf27,-0.16402423076923053
MKX,0.012959423076923476
AKAIN1,-0.16804346153846106
ITGA4,-0.2725192307692305
RASD1,0.8641765384615382
PCCB,0.009922884615384972
CISD2,-0.02362980769230749
ENY2,-0.026995769230769132
C3orf62///USP4,-0.014062692307692025
ERCC5,-0.12360980769230741
DDX46,0.03674788461538487
DVL2,0.2750863461538459
HLA-E,0.02368730769230777
USE1,0.013165576923076981
DDX3Y,-0.19635442307692286
ATP5A1,0.05363192307692336
SNHG7,-0.3162751923076919
HDLBP,0.8170705769230767
SERINC2,-0.1846623076923073
DBI,-0.029191730769230574
DNAJB2,0.49105692307692317
NDUFA2,0.15690269230769227
MCM3AP,0.017423846153846307
TDRD3,0.18939884615384617
STK38,-0.0385580769230766
LRRC2,-0.04527999999999975
GCC2,0.3412428846153847
DHRS4-AS1,-0.060534230769230306
P4HB,0.04120153846153867
VPS29,-0.08923749999999989
NRK,0.02859096153846184
AKR7A2,0.8715559615384613
ARHGAP26-AS1,-0.0024778846153843113
VPS26A,0.22418173076923084
PEA15,0.6598005769230768
SLC33A1,0.3898411538461538
AURKAIP1,0.031555576923077124
AHCTF1,0.07432442307692325
BRD7P3,-0.3261798076923075
GALNT7,0.16148442307692337
PHF20L1,-0.12719884615384583
HLA-DQB1,-0.00812153846153813
TRAPPC3,0.7814986538461536
DROSHA,-0.16718711538461492
PTPN13,0.39545942307692306
ERN2,0.07292903846153846
LOC283140,0.05561692307692331
ST20///BCL2A1,0.22013192307692298
GNAI2,-0.19836923076923027
EXTL2,-0.1265892307692305
MTBP,-0.024482307692307467
SMDT1,0.7530134615384614
ZBED1,-0.1676834615384613
FAM76B,-0.05188384615384576
NUAK1,0.28469961538461536
SCARF2,0.05353442307692338
METRN,0.02488519230769246
BLVRA,0.2372134615384615
DCK,-0.08835865384615366
DDX60L,-0.036906346153845686
ACTR3,0.17060961538461547
PHYH,0.8795580769230769
SLBP,0.12674692307692312
ATRX,-0.04319269230769192
TTC1,0.13641288461538503
FBXO28,0.6667826923076922
ARPC5,-0.029767884615384262
ABCB7,-0.058593653846153615
NARF,-0.12265249999999958
SPATA31A5///SPATA31A3///SPATA31A1///SPATA31A6///SPATA31A7,-0.06001365384615378
DYRK4,0.4800198076923077
SNTB2,-0.06882538461538476
NEDD4,-0.03641461538461495
SLC2A12,0.08203519230769246
LINC00566,0.009156730769231342
TRIM44,0.16968076923076933
WDR60,0.35677403846153843
RIC8A,0.7375444230769229
RBP4,0.4941753846153845
OFD1,0.32563192307692307
TCEAL8,0.1882828846153849
TNRC6A,0.26592769230769225
SRI,-0.19524846153846143
GUCD1,0.6517882692307693
SUCLA2,0.09502692307692331
ZNF652,-0.252787115384615
FAM81B,-0.012309230769230567
PHGDH,0.25763307692307696
RAPGEF4,-0.0803880769230765
LCOR,0.03135961538461557
MZT1,0.28042115384615407
DNAJC22,0.0192882692307695
FTSJ3,0.12040807692307685
GRK5,0.29676596153846146
BCAP31,0.5957967307692306
ZFHX2,0.07732326923076938
PXDC1,0.1907361538461541
LOC727815,-0.003013461538461408
USP16,-0.03253403846153813
CCND3,0.26148000000000005
LAMTOR4,0.46391461538461537
CXCL14,0.06512442307692325
ZNF277,-0.1117484615384613
ZNF101,0.038763461538461864
COMMD5,0.017415384615384975
ZHX2,0.5898132692307692
MFF,-0.3431928846153842
HLA-F-AS1,-0.09436480769230765
TSNAX,0.25195269230769246
LRRC47,0.14771269230769257
FDFT1,0.157967307692308
RALGAPB,-0.37129423076923046
SPAG11A///SPAG11B,-0.08401846153846121
KAT6B,0.41078903846153864
COL16A1,-0.09964615384615369
TWF1,0.15617730769230762
SDAD1,-0.020235961538461092
LAMP2,0.174411153846154
IFI16,0.037496346153846324
DCUN1D4,0.3320003846153844
MAFG,-0.03370596153846144
FLJ30679,-0.017212884615384175
LOC100133811///LOC100133661///LOC100133484///ZNF749///RNASE2///HLA-DRB5///HLA-DRB4///HLA-DRB3///HLA-DRB2///HLA-DRB1,-0.0019817307692304546
RRAGD,0.001262307692307965
GPR180,-0.12450230769230772
PON2,0.47640596153846176
ICK,-0.10469615384615369
OSBPL8,-0.024489230769230604
HERC4,0.06890403846153884
DNM1L,0.07121057692307727
LOC100134159///CCDC144CP///CCDC144B///CCDC144A,-0.02477749999999982
CTDSP2,0.5317355769230768
CALD1,-0.005932884615384347
TRAPPC11,0.16917846153846175
RECQL,-0.07767826923076894
KXD1,0.15684403846153866
ABCA5,0.11663846153846147
THAP2,-0.04199249999999979
HMGA1,-0.06463173076923036
TMEM9,0.8034890384615383
MAGOHB,0.14008038461538447
PSMA1,-0.048304423076923016
GRB10,0.1889
ASB3,0.11977288461538493
DLC1,0.6838232692307692
SMG1P1,0.03319615384615376
COX20,0.07196230769230773
MYO1B,-0.05114923076923055
SIGLEC8,-0.05019865384615374
PRSS23,0.10198326923076917
BMP1,-0.003155384615384457
YY1AP1,0.1844915384615386
MRPL17,0.2376080769230771
IFT27,0.35774423076923073
ATP6V1E1,0.5919771153846154
UFSP2,-0.008077884615384428
POLR2K,0.2857555769230768
TMX4,0.2202613461538462
RIF1,0.17124730769230778
GPR107,0.16763365384615384
SENP5,0.08663480769230769
CBFA2T2,0.05363865384615392
SMURF1,-0.07016365384615346
FAM91A1,-0.03643730769230763
NR4A2,-0.17489461538461534
EVI2B///EVI2A,-0.09481499999999989
C20orf194,0.18514519230769244
WIZ,0.4951599999999999
KDM3A,0.17396769230769238
KIAA0586,-0.05429653846153836
SHC4,0.028444615384615686
ATP5SL,0.11301711538461583
CAPG,0.14035288461538475
ERO1A,-0.038611538461538294
SLC29A2,-0.34132269230769163
CHCHD3,0.09514519230769242
ENSA,0.08415365384615418
NFKBIB,-0.41981076923076893
ZNF766,0.13079615384615403
ALG2,0.4900249999999998
LSM5,0.04744480769230787
AAK1,-0.012779999999999965
HSP90AB1,0.06467019230769228
GOLGA8DP///GOLGA8F///GOLGA8CP///GOLGA8EP///GOLGA8G,0.00913903846153874
LZTR1,1.0785867307692305
NSUN2,0.12197807692307737
FAM222B,0.49861653846153803
LILRB1,-0.004747884615384195
RNF181,0.2390776923076923
CCNL1,0.049607115384615465
SLC35G2,-0.07563788461538443
PLXNA1,0.42867096153846174
LINC00184,-0.06814980769230751
FKBP7,0.07982384615384626
COPZ1,0.19683653846153856
ZNF107,-0.18382288461538432
KLHDC2,0.20578019230769248
MIEN1,0.5927865384615387
COX8A,0.07326846153846164
STRN3,0.1433836538461542
BMS1,-0.003675384615384552
PAK1IP1,0.010085961538462015
IRAK4,-0.06392403846153827
FAM8A1,0.5473463461538457
ANTXR2,0.46845615384615386
OMA1,-0.021172307692307497
CHST15,0.31436480769230774
CAPN3,0.5182971153846152
FAHD1,-0.1406696153846152
MSRB1,0.23328749999999993
SUPT5H,0.30755634615384625
LOC643187,-0.015507884615384328
SERPINF1,0.08404557692307715
DYRK1B,0.02590057692307707
MYH8,-0.07128884615384563
DOK4,0.4256988461538463
UBE2L3,0.0438361538461539
HNRNPCL3///HNRNPCL2///HNRNPC,0.21015653846153848
IFI6,0.35952038461538466
DNAJC7,-0.10233903846153836
MARCKS,0.3744719230769233
HIF1AN,0.060324807692307775
TMEM165,-0.11494519230769205
SUV39H2,-0.07898653846153815
FKBP11,0.2275871153846155
DTX3L,0.2218421153846153
COX17,0.3605905769230767
IDH3A,-0.0334217307692304
BBIP1,0.13361519230769245
POLR3A,-0.1700732692307689
SCYL1,0.7410301923076921
PSMG3,0.14381038461538492
SH2D3A,0.030383846153846376
NXN,0.19568269230769236
OBSL1,0.8480017307692305
MYB,-0.2781942307692304
ARF6,-0.06076115384615347
LEPROT,0.026674807692307803
VBP1,0.29751192307692315
PSMC6,0.10167519230769252
GLI3,0.46324961538461523
IGSF9B,-0.4642232692307686
ERRFI1,-0.07621346153846136
GPN3,-0.04747365384615356
TM4SF1,0.24443326923076947
RANBP1,0.05391750000000011
DNAJB1,0.21008000000000013
SGIP1,-0.04752346153846117
THBS3,0.14282903846153852
RPA3,0.5185669230769233
TRIM38,-0.05486461538461491
CDK2,0.18497192307692328
IGLL5///IGLJ3///IGLV3-19,-0.0016911538461536106
TMED8,0.5856959615384614
CLDND1,0.11195192307692316
MEIS2,-0.04687692307692291
BASP1,0.5003144230769233
PPP1R15A,0.18774942307692324
RPS4XP17///RPS4XP7///RPS4XP13///RPS4X,0.11871769230769252
ZNF106,0.08049653846153851
ARL8B,0.1818007692307693
SPP1,-0.028408461538461334
METTL26,0.6338511538461536
C14orf119,0.31218750000000006
ELOVL5,0.3657721153846152
SIGMAR1,0.33177230769230764
FBXL17,-0.0720701923076922
GEM,-0.2712830769230767
HLA-DPB1,0.2682071153846155
SUMO2///SUMO3,0.14543615384615394
BRAP,0.007936730769231138
TRIM2,0.5143032692307693
KIAA0040,-0.016277692307692146
WRB,0.14999230769230784
BCL2L13,0.18485923076923114
PRCP,0.19246288461538474
SMARCA1,0.28125403846153835
ACER3,-0.10690557692307656
PTGDS,0.10959461538461546
PDS5B,0.25969288461538476
LARP1,0.43424076923076926
WDR45,0.3107426923076924
TREM1,0.5965671153846152
MYO15A,0.0883176923076926
UBE2D4,-0.020249230769230634
F8A3///F8A2///F8A1,0.4292323076923078
TARS,0.035085192307692484
MRPL40,-0.21561499999999975
FOXRED2,-0.06046403846153802
C8orf34,-0.1349730769230765
LAMTOR3,0.20317634615384633
SLC16A4,0.37660249999999995
EIF3J,0.11946461538461539
SEPT11,-0.13412711538461505
ADGRG2,-0.11826557692307668
LPAR5,-0.08060403846153805
ANO6,-0.012336153846153873
EEA1,-0.02944461538461505
UBE4A,0.004325576923077158
CNTRL,-0.016469807692307395
EMC8,0.10679711538461566
NIT2,0.48471903846153835
MAGEB18,-0.009559807692307713
AQP5,0.10576326923076936
KPNA6,0.1051053846153847
BBS2,-0.03696461538461504
PIK3C3,0.2106375000000001
NBEAP1,-0.08306384615384611
SEC61A1,0.2525071153846156
UBASH3B,-0.004438076923076638
MTHFD1L,-0.018457115384615395
ZNF333,0.42481942307692305
PRO2949,-0.3758288461538455
NAAA,0.1781523076923078
ITGB1,-0.016199615384615212
ZCCHC24,0.681149423076923
REM1,0.042975576923077255
EXT2,0.3123913461538462
FLJ12120,-0.09802961538461506
RAPGEF2,0.13886673076923098
SLC25A24,-0.008283076923076813
HDAC9,0.16555461538461536
TRAPPC4,0.7230357692307694
LOC283788,0.04970538461538484
WNT16,0.015020576923077003
PNRC1,0.19407307692307701
LOC100287166,-0.21528769230769215
RABGGTB,0.0822257692307693
MOB1B,-0.11313269230769187
LOC728844///HNRNPA1,0.07076596153846178
IFI44,-0.1224523076923075
KLF7,0.1573626923076923
NFE2L2,0.04385403846153868
SART1,0.029161538461538603
FLYWCH2,0.16693076923076944
POLI,-0.006033269230768938
GBAS,0.1768026923076923
HDGFRP3,-0.20407403846153824
MEIS3P1///IL6ST,-0.03332038461538439
PDZD2,0.09396961538461543
RAD18,-0.10966346153846127
SECISBP2,0.005961923076923201
CYBRD1,-0.02835288461538453
MAFF,0.11272346153846165
ELF1,0.14921173076923114
FAM179B,0.06387192307692349
CLEC2D,0.012008076923077439
NAPEPLD,-0.19584365384615354
CWC27,0.013960769230769363
FAM193B,-0.018455961538461574
TTC37,0.11576480769230785
FAM186A,0.012376923076923408
ABCB9,0.356911923076923
ENTPD4,0.3804078846153848
TPD52L1,0.7465771153846152
LOC442113,-0.12725980769230746
RWDD3,0.0627823076923079
EPS8,0.27410653846153854
LOC93622,0.29587153846153846
TRIO,0.01753269230769275
BLCAP,0.5344517307692308
KIAA0196,0.10758442307692327
RND3,-0.12452442307692303
CES2,0.8267640384615383
MED4,0.11848153846153864
ERN1,0.7270799999999998
GBP4///SEC62///FTL,-0.0566938461538461
PBRM1,-0.07143942307692289
PLGRKT,0.05686096153846158
VMP1,0.3658230769230772
NSUN5,-0.03591846153846119
UTP18,-0.10279134615384605
LIPJ,-0.07792096153846124
GLT8D2,-0.025633269230768987
CCDC91,0.006624230769230958
RFPL2,-0.050625576923076614
LGALSL,0.3576442307692308
MGC24103,0.06582403846153877
SPATA6L,0.1257161538461543
SFXN1,0.09066057692307708
LOC100129488,-0.03932596153846133
OSBP,-0.03117038461538442
HARS,0.28457692307692317
RMND1,0.007408461538461917
PSMD11,0.14187750000000005
SLC25A23,0.12176173076923093
FAM134A,-0.03879326923076917
SRSF10,0.03950346153846144
LSM14A,0.05587057692307724
CTB-12O2.1,-0.22095999999999993
MEOX1,0.08155134615384627
MAGED2,0.34506826923076916
NSMAF,0.20183230769230776
GOLT1B,0.0317446153846157
NIPBL,0.2292207692307694
HEXA,-0.09658519230769196
WDR89,-0.04128307692307676
FAM228B,0.08121884615384647
YTHDF1,0.1893730769230772
MGAT1,0.2729694230769232
ZBTB21,0.2167696153846154
RHOT1,0.34932365384615394
MST1L///MST1,-0.22301999999999983
TMEM254,0.14650538461538473
TRAM2,0.037154807692307855
MORC3,0.0017709615384616311
RALA,0.8214465384615383
ZNF417,0.08890730769230769
FBXO3,0.08056423076923143
TYW1,0.18103615384615399
CETN2,0.05468403846153874
ZNF706,-0.002293076923076914
SLC39A9,0.31904192307692303
WIF1,0.24974000000000005
F5,0.31359211538461557
LOC100131955///KCNJ15,-0.17744288461538438
MYO19,-0.05132596153846106
ART1,-0.01364884615384579
CDCA7L,-0.250613269230769
EBF2,0.12287057692307692
C18orf32,0.22509269230769233
CILP2,0.29333480769230785
DPP8,0.3618603846153846
LOC100132357,-0.04229653846153812
ABCD4,-0.08920288461538417
ZNF362,-0.030493653846153483
KIF21A,0.08033096153846178
KIF3B,-0.07933403846153829
ZC3H15,0.13076057692307708
CSTF3,-0.05911923076923046
WDR76,0.032314230769231116
MAP3K8,-0.2846498076923074
HDAC7,0.07169788461538491
IGFBP3,0.27036961538461546
TNFSF10,-0.034202115384615206
ESR1,0.018867692307692686
PTX3,-0.03660711538461528
NUP85,0.15806576923076926
PRKAR2A,0.527691923076923
TUBGCP3,0.2827490384615385
ALOX15,-0.027238846153846107
HIVEP1,0.02313288461538475
PODNL1,0.3136392307692309
LINC01530,-0.37699442307692244
CAPN15,0.9795278846153844
NBL1,0.48140769230769226
FHAD1,0.8124265384615384
SESTD1,-0.16399865384615364
FRY-AS1,-0.06243173076923066
ZNF44,-0.17580442307692265
PAPOLA,0.1774103846153846
RAPGEF3,0.1432734615384621
RBM6,0.129956730769231
TFB2M,0.236514807692308
ARV1,0.24513115384615397
XYLB,-0.07011442307692296
RAB18,-0.03951307692307675
LOC100131861///SAMM50,0.3220423076923075
MEX3C,-0.45602269230769177
CWF19L1,0.9957561538461536
C1RL,0.3159873076923078
JOSD1,0.2997557692307692
PLEKHN1,0.002960000000000072
DYM,0.1069338461538462
DERL1,-0.05637788461538435
GOPC,-0.4091394230769226
EMC3,0.41005846153846154
RBM46,-0.02478826923076891
LOC105369662,0.26166326923076905
VDR,0.06628269230769265
TSC1,-0.11373961538461509
NDUFB4P12///NDUFB4,0.19439096153846155
LOC101929741,-0.050680576923076856
PWP1,0.3383882692307691
LINC01105,0.20535211538461576
WDR54,-0.03819615384615372
ALDH18A1,0.01745788461538494
FAM188A,-0.01859461538461511
MUS81,0.45081942307692313
GMEB2,0.23557750000000002
WBSCR17,0.32580038461538485
PSMD9,0.24836711538461573
SSX1,-0.09169769230769208
USP7,0.08910038461538464
TMEM128,0.5865713461538463
ITGB8,-0.039656538461538327
ZCCHC6,0.5337778846153847
MTIF2,0.06639000000000014
LOC728216///BCRP3,-0.3233023076923072
ZNF704,0.4588613461538463
LY6G5B///CSNK2B,0.2929267307692309
COCH,-0.33303461538461493
OTUD5,-0.0468074999999998
RAB14,-0.18240249999999983
AGT,0.044297884615384836
HOXB4,0.05483596153846195
IFT80,0.1576748076923078
MFSD1,0.40868865384615394
KPNA2,0.1637369230769231
RTN3,0.49177038461538447
ANKHD1,-0.16763653846153828
CDK5RAP2,0.14650230769230793
MRPS27,0.2471748076923078
PCDHGA1///PCDHGA2///PCDHGA3///PCDHGA4///PCDHGA5///PCDHGA6///PCDHGA7///PCDHGA9///PCDHGA10///PCDHGA11///PCDHGB1///PCDHGB2///PCDHGB3///PCDHGB5///PCDHGB6///PCDHGB7///PCDHGC4///PCDHGC5///PCDHGA12///PCDHGA8///PCDHGB4///PCDHGC3,0.7410484615384614
AGK,0.04503826923076961
MED17,0.06791134615384639
KCNA4,0.0007276923076927579
ARRDC2,-0.2307532692307689
EIF2S3,0.13293788461538464
TATDN3,-0.0025021153846152954
ECHS1,0.18275942307692336
NEDD9,0.05100634615384626
LOC647109///LINC01192,-0.06607538461538437
LRRC37A7P,-0.23033538461538428
PIP4K2C,0.4234296153846155
LOC440983,-0.01031269230769207
FAM32A,0.11168807692307726
ELK3,0.3511896153846152
TECPR1,0.16602173076923069
ACAD10,0.7584578846153844
RAB6A,-0.006353269230768974
USP14,0.7185759615384611
FAM58A,-0.6979619230769228
C1orf198,0.49514769230769234
EED,0.1880188461538463
MYO7B,-0.02088153846153826
MAPK4,0.24564653846153922
MSH6,0.2939440384615387
FURIN,0.003032500000000101
CEP104,-0.0325430769230764
UTP6,-0.08076980769230735
TPRKB,0.02051173076923111
LOC145845,0.03640788461538468
GLT8D1,0.28576250000000014
LSM3,0.017469230769231098
HSBP1L1,0.06446730769230799
C5orf63,0.03811288461538504
ZNF682,-0.014682692307692166
FIP1L1,0.07864461538461552
MAP4K3,-0.003326730769230599
LIG4,-0.11080019230769217
AP4B1,0.01544653846153875
TMEM209,-0.0022757692307688337
TCERG1,-0.19241134615384578
POLK,0.4265563461538462
DERL2,-0.02966596153846154
FOXP2,0.008120961538461995
PPP1R12B,0.03807923076923122
XPO1,-0.06704038461538446
MIRLET7BHG///PRR34-AS1,-0.04382673076923072
RRAS2,-0.4314830769230767
TMEM123,0.018974230769230944
ZNF77,-0.17723846153846118
MRFAP1L1,0.05721923076923108
DIDO1,1.0297011538461536
ATIC,0.400684423076923
CYP4F2///CYP4F3,-0.19104346153846127
GPLD1,0.011360192307692578
JKAMP,-0.08210538461538432
HIST2H2AA4///HIST2H2AA3,0.4168307692307692
SLC30A6,-0.03883480769230753
NBPF10,0.23970730769230786
ZNF25,0.00478326923076952
ATP5G1,0.4045336538461538
TMEM60,-0.04017788461538451
VPS11,0.6756632692307691
EXOSC1,0.06248730769230784
C1orf131,-0.305727692307692
LOC145474,-0.024341346153846064
CSTF2T,0.0003259615384618634
LOC100996716,0.0647298076923077
COPS4,-0.033793269230769016
DNM1P34///DNM1P33,0.42714634615384606
SSH2,-0.00030826923076880273
NRP1,0.02879250000000003
TPT1-AS1,-0.09254673076923074
TMEM168,0.04839211538461566
MRPS26,0.03369826923076954
RPL7P12///RPL7P32///RPL7P24///RPL7P20///RPL7P26///RPL7P23///RPL7P8///RPL7P48///RPL7,0.008228653846154062
SUGP1,0.7248517307692306
RGPD2///RGPD6///RGPD8///RGPD3///RGPD7///RGPD1///RGPD4///RGPD5,-0.3829696153846151
CDK5RAP1,0.18764692307692327
CPSF6,0.3367390384615385
GNAS,0.20790115384615404
NUDCD1,-0.03276846153846135
ZYG11B,0.24996230769230732
SS18L2,0.4429242307692307
ASXL2,0.15945423076923057
NKX3-2,0.45756365384615405
SETD2,-0.0936092307692303
SAR1B,0.3865732692307692
DMXL2,-0.012773076923076514
SOGA1,-0.047769230769230606
GATAD1,-0.10997173076923054
SMYD3,0.3442021153846155
KCTD9,0.06694884615384639
ZNF790-AS1,0.1342784615384617
CEP192,0.06334923076923109
GPR132,-0.21063653846153832
ANGEL2,0.07833903846153863
LRRC75A-AS1,-0.029431153846153576
HMGCS1,0.08618384615384626
ZNF12,0.0725984615384617
HDAC1,0.5211644230769228
ST8SIA4,-0.06318038461538446
H2AFZ,-0.03349076923076885
EEFSEC,0.07310826923076953
PPIH,-0.1513109615384614
TMEM14A,0.09714134615384645
PREX2,0.08678038461538495
NUP160,-0.14115096153846116
SMAP1,0.18750288461538453
SULF1,0.5739632692307691
PDE1C,-0.16218826923076898
DCP1A,0.07582653846153874
GPSM2,0.15879192307692333
HOXA9,0.1561563461538462
KANK2,0.3750980769230769
ZFX,-0.038366923076922896
LOC100132881///LOC728715///OVOS///OVOS2,0.46562307692307703
INTU,-0.12985423076923072
RNF5,0.5157576923076922
NR1D2,-0.09986038461538446
SDR39U1,0.8563384615384612
FLCN,-0.06824288461538448
CCNA2,0.014142115384615694
SNRK,-0.08199192307692285
HEMK1,0.569598076923077
ANKRD30B,-0.06622134615384558
ABHD14B///TMEM231,-0.1717059615384611
FRA10AC1,-0.11214153846153817
B3GALNT2,0.4752759615384614
WDR1,0.29522500000000007
LIFR,-0.14275653846153813
CFHR1///CFH,-0.009025192307692038
ZNF207,-0.1575294230769227
LDHC,-0.2875717307692303
C1D,0.2003698076923079
GSTM3,-0.2862655769230766
DR1,0.10319846153846159
TTC27,0.04839134615384632
THOC1,-0.13273480769230747
SYS1-DBNDD2///DBNDD2,0.0623726923076924
HMG20A,0.16720576923076955
PELO,0.30359307692307697
ARHGAP5,0.17656961538461538
EIF4A1///CD68,-0.01746519230769206
HEXIM1,0.0847717307692309
ANKRD27,0.2650994230769232
KLHDC1,0.046660576923077186
IL6ST,-0.06290249999999943
HERC3,-0.18020076923076908
IGL,0.25903000000000026
IDH3G,-0.031135769230768894
RNF6,-0.03849192307692283
ALDH3A2,0.497461346153846
PPP2R3C,0.059405000000000235
CASS4,-0.07244923076923039
KIAA0825,0.003760769230769281
LINC00675,-0.365125192307692
ITGAE,0.17551576923076942
CARS,-0.11881134615384593
UNC13A,0.20231307692307673
EVI5,-0.12561826923076888
EDEM1,-0.17238269230769204
ASB5,-0.061347499999999784
MRPS30,-0.31525749999999997
CMTM6,0.6277486538461536
DNAJC21,-0.05789961538461509
LPIN2,0.19749480769230776
COPZ2,0.8432349999999995
CDC42EP4,0.0621178846153848
KCNK6,-0.05398711538461491
CRYZ,0.086928076923077
SIX1,0.2722688461538462
SOX11,-0.02345538461538446
GLTSCR1L,0.014495961538461622
PIK3R1,0.028393269230769468
ACTR3B,0.0017971153846154462
ID2B,0.31928807692307704
DUSP11,0.45628557692307703
ULK3,1.0187640384615384
ARL11,-0.02532442307692283
SRPK1,0.05124500000000011
TMEM9B,0.09893250000000008
RAB15,0.5769761538461535
COA4,0.2977263461538462
SFR1,0.2721490384615387
NGDN,0.4718611538461539
PAFAH1B1,0.1876051923076924
ABI1,0.201428653846154
RAB22A,-0.08078461538461511
LYPLAL1,-0.04342134615384571
RFPL1,-0.14439461538461515
CDPF1,0.013198653846153818
MNT,0.3258767307692308
SAV1,0.15380615384615406
UTP20,0.06892211538461557
DAAM1,-0.19442038461538452
ANKRD46,-0.07307115384615367
LARP1B,0.05943807692307717
CMTR2,-0.2194146153846151
PTS,-0.2037928846153843
FABP5P2///FABP5P7///FABP5,-0.008143461538461428
TRIP4,0.006059230769230954
CES1P1,-0.13578249999999972
KIAA1033,0.24042211538461564
DCTD,0.2616975
MGC72080,-0.12719519230769208
SPPL3,0.06926038461538493
FGGY,-0.16199173076923043
CFH,0.12827538461538474
GORASP2,0.20946826923076914
SYNJ2,-0.18251307692307628
AGAP5///AGAP9///BMS1P5,-0.03538346153846125
ZNF227,-0.129328846153846
IGFBP6,0.4417815384615384
CREBL2,0.03351461538461551
HAP1,0.0421036538461545
CCDC28A,0.107211730769231
IFT46,0.040033461538461636
RAB34,0.4706098076923077
TMEM234,0.1662725000000002
C19orf68,-0.1222655769230766
WDR37,0.04242442307692305
HSCB,-0.08122673076923059
PER2,0.372758269230769
SRXN1,0.20833903846153856
PSMB3,0.03811307692307704
POM121L10P///POM121L8P///POM121L9P,-0.1232467307692305
KCNT2,-0.1990486538461536
TMEM179B,0.0563090384615387
NIF3L1,0.5739769230769232
CCNY,-0.07993730769230717
CGNL1,-0.025575961538461537
RALGDS,0.18442384615384652
B3GNT9,0.07220192307692326
PURB,0.08438096153846175
NOSIP,0.09659519230769242
PS1TP4,0.3054755769230769
SRGAP1,0.0035684615384617363
STT3A,0.17369480769230808
MYO6,-0.001618076923076679
EZR,0.2749623076923075
LOC100128223///TARDBP,0.18856769230769246
PMS2CL///PMS2,-0.05107999999999981
GAK,0.2789646153846156
KCNJ5,-0.023183269230768848
OGG1,0.35505538461538516
CEP112,-0.09676692307692272
HNRNPLL,0.07893153846153869
LRCH3,-0.12742999999999965
PGP,-0.23613461538461494
EMP2,0.27570423076923084
FOXF1,0.23442269230769247
TMEM186,0.17096865384615395
SPN,0.1079540384615388
PPA2,-0.04529538461538442
LOC101928837,-0.07217153846153818
USP32P2///USP32P1///USP32///CCDC144A,-0.0038815384615383613
ORC3,0.21701519230769242
MAP4K2,-0.02940307692307675
CRLF1,0.4205553846153846
SLC12A1,-0.07542576923076898
CCDC113,-0.278996923076923
PDPK1,0.3197344230769232
SP4,0.046025000000000205
ARMC5,0.08835846153846162
UTRN,0.03925346153846163
BCL2L1,0.08968134615384642
PSMA3-AS1,-0.06659153846153823
SLC17A9,0.6281701923076922
STAU1,0.016052307692307796
PSG10P///PSG5,-0.08409230769230745
FBXO46,1.3380328846153842
FLT1,0.14269230769230773
KCNIP2,0.12214500000000014
PRMT9,-0.0973023076923074
KIF1BP,0.06806538461538485
MAP2K3,0.7016355769230769
GFOD1,0.1953746153846155
HOMER1,0.3267911538461539
TNFRSF10B,0.13731884615384646
LOC100130175///BBIP1,-0.26957269230769193
ARL4D,0.21151576923076962
PKI55,0.2567801923076924
HS2ST1,0.02119519230769254
HHAT,0.2531748076923077
DLD,-0.09436557692307669
MBIP,-0.02175538461538419
GNG5,-0.009394615384615251
DDX42,0.25959442307692315
ATG2B,-0.09770884615384597
PIM2,0.35968596153846133
TERF2IP,0.06313519230769232
CERS2,0.3347125000000001
MAB21L3,-0.053154038461538274
SWAP70,-0.012491346153845874
MRPL9,0.5813371153846153
FADD,0.09721076923076936
GTPBP4,0.30125115384615375
YWHAH,-0.29628576923076877
MRPL27,-0.008853461538461482
RPSAP19///RPSAP58///RPSAP15///RPSA,0.003800000000000051
PER1,0.3950751923076925
STK39,0.12050480769230777
C20orf181,0.009039807692307989
CLK3,0.0012348076923079491
KCNK1,0.07022653846153845
MYCBP2,-0.14643173076923055
CATSPER2,-0.10565384615384589
UAP1L1,0.3727821153846153
GBP4,-0.022330192307692034
LIN52,-0.0038309615384613913
ZNF449,-0.11111326923076918
FANCL,0.012988846153846531
TNRC6C,-0.003829807692307479
IGLV1-36///IGLV1-44///IGL,0.012201153846154125
LILRB2,-0.09968249999999965
MAP9,0.0022792307692309876
RSF1,0.054989615384615324
FEZ2,0.21859096153846172
ATG10,0.152321730769231
IDI1,-0.03346403846153823
CST3,0.1093617307692309
PSMD8,0.03643288461538493
BMS1P20,0.3114853846153847
TPM3P9///TPM3,-0.04904807692307667
RPL26L1,0.3909536538461539
PPM1A,-0.00463519230769214
ZFYVE21,0.5339742307692306
FEM1B,0.04966269230769243
COL6A1,0.1886484615384614
LOC100133719///DALRD3,0.8635661538461535
CARMN,-0.08467038461538447
RCN3,-0.03748480769230737
SLC44A5,0.06241461538461557
NPAS2,0.04068692307692339
MAPKAPK5-AS1,0.04738865384615391
DSE,0.034522500000000095
ROCK2,0.07958557692307731
CHPF,0.4075621153846155
SNRPD3,0.09192403846153849
ZNF844,0.07912711538461588
SYNM,0.3257851923076923
TRAPPC10,0.510753269230769
SMCHD1,-0.07768615384615335
MAP1LC3B,0.008807884615385144
SLF1,-0.012254999999999868
TMEM231///CHST5,-0.11382461538461529
ARL6IP6,-0.01703211538461502
IPPK,0.1289546153846155
WARS2,0.3474721153846155
CRY1,0.38689923076923066
LOC101929181,0.13880230769230795
IMMT,0.14327269230769243
COIL,0.0815671153846157
PPP4R3A,-0.08058365384615362
MORF4///MORF4L1,-0.03347153846153833
HERC2P7,0.027966923076923382
CADM2-AS1,-0.08122230769230757
MECOM,0.0023861538461540234
ABRACL,0.0069548076923077575
MLLT10,-0.04263230769230764
MED23,0.05671653846153856
NUDT15,-0.008748076923076874
ERCC3,0.479676923076923
CYTH2,0.35292423076923074
KLK7,-0.042456538461538365
SVIP,-0.020494999999999625
EIF4G1,-0.05470269230769185
RPS6KB1,-0.10703942307692263
OGFOD3,0.2576771153846156
DIO3OS,0.5658823076923075
ATP6V1H,-0.11090576923076909
TAOK3,-0.07262596153846149
LDLR,0.3399790384615386
AMPD2,0.5542405769230767
LOC100134365,-0.15283692307692265
PTH1R,0.6338048076923076
SRPK2,0.11488769230769268
ACAA2,0.12955557692307684
WRNIP1,0.3074307692307691
BPTF,0.06162269230769234
ANKRD20A8P///ANKRD20A4///LOC728371///ANKRD20A2///ANKRD20A3///ANKRD20A9P///ANKRD20A1,5.8653846154163185e-05
ZBP1,-0.09868346153846107
LOC731602///METTL17,0.832380769230769
VNN1,0.026737307692307716
MRPS14,-0.10826576923076897
LOC100506675,-0.5878405769230763
TRIM31,-0.14290615384615352
TNS2,0.7636817307692306
PRUNE1,0.24785096153846167
R3HCC1,0.438031923076923
TBCK,0.1326775000000001
EIF1B,0.28016326923076945
PTENP1///PTEN,-0.031049230769230607
SETD1A,0.7175824999999998
MACC1,-0.045540192307692094
SPARCL1,0.09228307692307716
FAM13C,0.058630576923077035
NELFA,0.5765678846153844
CDC27,0.009535384615384926
HCG18,-0.03451480769230715
PDLIM3,-0.009276923076922962
EIF2S2,0.001960192307692318
ITPR2,0.22712557692307722
CYP51A1,-0.12423961538461514
FBXW2,-0.0011830769230766684
ANKRD44,-0.002271923076922842
RSRC1,-0.03811057692307679
KCTD12,-0.03311749999999979
ETFA,0.019648269230769407
NIPAL1,-0.028474999999999737
SCUBE1,0.008229230769231119
TSPAN12,-0.11496673076923025
RB1,0.1012598076923079
NYNRIN,-0.08823999999999958
ARHGEF6,-0.1576719230769229
FXR1,0.0804725000000003
ATXN7,-0.15923019230769203
LOC100134331///IGHV4-31///IGHM///IGHG4///IGHG3///IGHG1///IGHD///IGHA2///IGHA1///IGH,0.11158365384615411
NSUN6,-0.20880788461538438
STXBP1,0.19164192307692332
KIAA0368,0.008595576923077233
UTP14A,-0.06208980769230748
ATXN1,0.19048653846153826
SLC4A7,0.15251192307692343
CMSS1,-0.019525576923076958
HS3ST4,0.021514615384615722
CCDC92,0.4201392307692309
SNX13,-0.2682840384615382
PRICKLE1,0.0696390384615387
LMBRD1,0.010332500000000168
C9orf78,0.06953634615384637
TATDN1,0.050218653846153934
DUSP22,0.8296963461538457
WDR83OS,0.14571557692307713
RASSF8,0.23006826923076912
TXNRD1,0.045402884615384664
RRP1,0.010078653846154096
TNKS,0.4650274999999997
TGFA,0.27378942307692317
TMEM204,-0.00404192307692277
TM9SF1,0.3190871153846154
RPL32P3,-0.04456980769230762
MORF4,-0.2109834615384613
DSPP,-0.011529999999999763
RILPL1,0.10853288461538484
CAMTA1,-0.09316192307692284
SUGT1P1///SUGT1,-0.03650115384615371
PCGF2,0.35009596153846145
HLF,-0.13694923076923066
ARL6IP1,-0.07634499999999979
RPS16P5///ELOVL5,0.45243076923076925
PIAS2,-0.017661730769230635
SPON2,0.06541019230769236
USP1,0.011195384615384774
CSTF3-AS1,-0.01931942307692299
VPS13B,0.02878730769230795
DUSP16,0.15618596153846165
ASNSD1,0.040677884615384935
CMC1,0.010836538461538604
PRKRAP1///PRKRA,0.07938288461538479
SFXN5,-0.007513269230769141
SLC6A6,-0.10199711538461523
SLC35F5,-0.10289038461538444
ADAMTS6,0.057765000000000066
ASCC3,0.2887034615384615
ACRC,0.041105192307692315
STYX,-0.09334365384615373
SPATA5,0.030135384615384987
CLASP1,0.2681136538461538
MRPL30,-0.007778846153845807
TMEM189-UBE2V1///UBE2V1,0.48537634615384617
MAN1A1,-0.025075576923076652
CHST12,0.3988786538461539
UNG,0.3688915384615386
TXNDC12,0.6582055769230767
CXXC5,0.40304980769230797
DYNC1LI1,-0.011034999999999642
PIGC,0.4300121153846155
MRPS24,0.15815653846153852
MRPS36,0.2691634615384617
ANKRD50,-0.09255365384615324
PHF20,-0.0009326923076920644
SYNJ1,-0.036059807692307246
FAM173B,-0.06078326923076923
HPS1,0.4777217307692308
CLIP1,0.06094942307692328
IKBKG,0.7894174999999998
SYNPO,0.4122984615384614
URM1,0.6146055769230768
FAM220A,0.15375192307692298
GOLGA6L9///GOLGA6L5P,0.06235384615384628
MAPK1,0.5358811538461538
AVPI1,0.0344503846153848
CARD8,0.039451730769231086
TRIT1,0.11227057692307686
RAD21-AS1,-0.05043442307692276
RPS6KA3,0.024694615384615416
PAXIP1-AS1,0.9365932692307691
RFFL,0.0541505769230771
TNRC18///TNRC18P2,-0.08681557692307665
CD226,-0.05794884615384584
SLC7A2,-0.13047923076923054
ARHGDIB,0.3277075
KMT2D,0.29589923076923097
ZSCAN29,-0.017083653846153592
TRIB1,0.5221196153846156
FGF2,-0.1444174999999999
KIAA0895,-0.010511730769230622
GTF2H2,0.07355442307692325
RAD50,0.015131153846154016
SLC25A4,0.10343596153846184
MXI1,0.26213903846153846
LARP4,0.31944923076923093
LOC440895,0.03416807692307718
MTERF4,-0.026490769230768686
SELT,-0.08368249999999976
RGL2,0.4128421153846155
NEK1,0.18481788461538468
TAF1C,0.30200903846153854
CIB1,0.26691596153846164
YLPM1,-0.051835769230768984
GLMN,-0.295714615384615
ARHGAP27,-0.1128028846153844
TEX9,-0.09275615384615347
MAPK8IP1,-0.04740730769230735
PSMD2,0.23843365384615406
RNF10,0.08236500000000009
TOX4,0.0958713461538464
SEPSECS,-0.034511346153845934
PTBP3,0.0003744230769233028
FRMD4A,-0.161302692307692
FKBP14,0.11956692307692328
USF2,0.057236923076923164
NAF1,-0.02412557692307672
RGS1,0.029090769230769427
AASDHPPT,-0.05022423076923056
CNOT6,-0.033981153846153654
RPA1,0.2707786538461539
CEP126,-0.06389673076923048
FAP,0.09082538461538477
SLC25A38,0.2596126923076923
FCGR2B,-0.3870301923076918
P4HTM,0.6475436538461536
FAM206A,-0.03089634615384595
VDAC1,0.05053500000000026
ZNF675,-0.09210980769230753
ATP5D,0.42507788461538487
SHOC2,0.02120461538461561
NDUFS3,-0.022368653846153653
SCAF4,-0.003482115384614866
TLDC1,0.1247607692307693
MGST1,0.08749576923076907
FARSB,-0.09132999999999994
TCEA1,0.07647038461538472
MN1,0.2180149999999999
H1FX,1.0023971153846145
DDR2,0.0832800000000001
C16orf62,0.732724423076923
GATSL3,0.01819500000000017
STRA13,0.046884038461538505
GNL3LP1,0.41599538461538477
EME1,0.5047163461538461
KLF9,-0.1920148076923072
WDR33,0.17025750000000026
PTGDR,0.03460923076923112
NIPAL3,-0.0672946153846153
BTBD1,0.02244250000000028
FGFR2,0.2625996153846155
RHBDD1,-0.05589865384615346
PAPSS1,0.3219376923076923
C11orf68,0.7911901923076925
SCG5,0.1407028846153847
GNG12,-0.005417692307692158
NUP54,0.02479557692307695
ASNS,0.2274623076923078
FAM65C,0.32548249999999995
ST3GAL1,-0.12462134615384608
EIF2AK4,-0.1878317307692303
MFSD4A,0.17016634615384674
PNPLA8,-0.0638153846153844
FABP2,-0.022253461538461125
ERAP1,-0.10122980769230726
ECM1,0.015255000000000267
TP53I13,0.2943769230769232
EXOSC10,0.11617961538461545
POU6F1,0.17863903846153836
LINC01420,0.22172923076923082
TBPL1,0.21043211538461548
ZNF408,0.006275576923077194
NAPG,0.0002386538461540388
HERC2,0.1831713461538462
IGLV3-19///IGL,-0.007186538461538125
OSGEP,0.052836153846154074
MRPS23,0.016918269230769743
UBA3,-0.15639384615384583
LRRC8D,0.18592980769230785
CTHRC1,0.13070711538461555
DKFZp566H0824,-0.014122499999999635
DOCK9,0.034184999999999875
OSTC,0.23444134615384615
GLS2,-0.02185249999999962
LOC101927018,-0.0350615384615381
CLPX,-0.08597846153846124
NHLRC3,-0.05141711538461498
TBC1D20,0.7881432692307688
COMMD3,0.272623653846154
PMP2,0.0508134615384616
BET1,-0.014496730769230705
GLIDR,0.04041557692307741
LINC00301,-0.05736942307692276
STX16,-0.0099717307692306
PNPLA2,-0.03008230769230763
WSB2,-0.09026288461538456
SCML1,-0.10296249999999971
HNRNPH2,-0.05694980769230739
LINC00342,0.1501976923076923
CLEC3B,0.6020215384615384
ING1,0.10482980769230794
LAMB4,-0.007600961538460936
GALK2,-0.011398269230768941
MUC20,0.07706038461538459
NUP62,0.20104769230769254
XYLT2,0.4380894230769233
CDR1,-0.07235115384615355
USP15,7.557692307709292e-05
LOC100133946///MTCP1,0.05276942307692336
TPM4,-0.1250205769230765
GLB1,0.27840134615384604
FAM219A,0.553480576923077
GRAMD1C,0.036869615384615986
TM2D3,0.005819038461538765
DUSP12,0.02466730769230788
RWDD4,-0.18816807692307688
HPS4,0.26468307692307685
VWC2,0.051334230769230826
AHI1,0.19867557692307705
WDR12,0.4501696153846154
LDOC1L,-0.05491788461538464
DYRK1A,0.07120307692307705
LTB,-0.023505961538461424
SMARCA5,-0.01599384615384603
PAN2,0.2664553846153846
LOC729083,0.003819423076923507
PPP1R14B,-0.12462230769230745
SPANXC,-0.03094999999999982
CSNK1G3,0.48454384615384605
MINOS1,0.028040769230769307
COL4A1,-0.05480788461538446
RHOBTB1,0.17053923076923078
LOC283922,-0.1673149999999998
PDXK,0.3360503846153845
SPIN3,-0.1802492307692304
MRPL35,-0.022656538461538343
LINC01279,0.008990576923077165
LOC652494///IGHV4-31///IGHM///IGHG3///IGHG2///IGHG1///IGHD///IGHA1,-0.025108461538461333
GTF2F1,0.018160192307692342
SNRPA,0.7827638461538461
EXOC6,0.0035807692307694484
TRIM25,0.06769576923076931
MAP4,-0.1745773076923073
AGA,0.4969507692307694
KATNBL1,0.0011030769230770128
EIF2B3,0.055194230769230836
MIA2,-0.15742846153846124
DSG2,-0.12646153846153826
CPNE3,0.16825346153846152
PTPN12,0.016299230769231045
TPP2,-0.011717692307692162
EIF4G3,0.08433673076923079
PRDX5,-0.11921346153846119
OR1F1,-0.2392324999999996
POLR2J,0.5884028846153841
TENM2,-0.01129634615384596
LOC401052,-0.019306923076923017
TPMT,0.05863346153846176
ADI1,0.05291096153846192
AIF1,0.06709923076923084
NOM1,-0.06667499999999957
SNX18,0.4078909615384616
ATP2C1,0.024270000000000323
TMEM126A,0.20781019230769235
TP53BP1,-0.008787692307692288
NOP10,0.4047507692307689
TET2,-0.0757153846153844
SMIM11A,-0.17790499999999976
SPATA21,0.08034653846153855
PPP1R11,0.7330134615384613
LAPTM5,-0.05563288461538435
IFNA21///IFNA17///IFNA16///IFNA10///IFNA7///IFNA5///IFNA4,0.008913269230769414
IFI27L2,0.6695559615384612
LOC84843,-0.08095980769230714
HPCAL1,0.16745865384615374
NDC80,0.018301923076923573
PCYT1A,0.41764173076923083
NPHP1,-0.011806346153845975
PPIL4,-0.3022174999999997
AUP1,0.23430461538461572
LOC101928314,-0.08960211538461535
GOLGA2P5,0.13355750000000033
CAND2,0.3858134615384616
NPLOC4,0.6159209615384612
TAF9,-0.045318461538461495
MARCH7,0.07799326923076945
S100A8,-0.1151805769230771
SLC35C2,0.5121059615384612
CDV3,-0.1101375
TTC30A,-0.010984999999999768
NBPF10///NBPF11,-0.045555769230769025
LDLRAD4,0.0773936538461541
CFAP36,-0.011325576923076716
CYP27A1,0.13055076923076936
EBPL,0.2502103846153848
B3GNT6,-0.03806173076923057
NSF,0.280214230769231
PITPNA,0.18213884615384626
AOC3,-0.1524840384615378
DPP9,-0.006749999999999649
PEX3,0.14644788461538494
NUP35,0.20810903846153853
RBM7,0.3635459615384617
CRELD2,0.4521696153846154
ZNF639,0.08474057692307704
UBFD1,0.02518403846153875
TKT,0.3452069230769231
ZC3H4,-0.01817153846153806
COG5,0.08955673076923071
GSTK1,0.22589634615384632
BCAN,0.04305288461538485
CMAS,-0.04394673076923051
SNX6,0.17546134615384637
ELMO1,0.21711942307692314
STX12,-0.08022076923076898
KLHL22,0.022674038461538547
LOC100128288,0.03124653846153831
CYB5D1,0.6787380769230766
NECTIN2,0.39825461538461565
CYB561,0.11058961538461541
RMND5A,-0.07969980769230725
RAB7A,0.0965151923076925
IPMK,-0.03328865384615368
CLK1,0.0037407692307696834
UBTF,-0.025495576923076635
GNB4,-0.03837673076923053
INTS8,0.01433634615384635
NFYC,0.24321903846153853
SIK3,0.001061153846154275
PAPOLG,0.17166884615384626
PBXIP1,0.4154596153846155
FH,0.0946282692307695
TMEM106B,0.20904961538461553
ZNF204P,0.5146988461538462
FAM102A,0.590073653846154
RFC5,0.06590788461538473
ZNF142,0.1287388461538463
METTL3,-0.01675942307692287
LOC732402///HACD3,-0.1350844230769228
LOC652779///LOC652001///KIR2DL5B///KIR3DP1///KIR3DL3///KIR2DL5A///KIR3DL2///KIR3DL1///KIR2DL1,-0.2991348076923071
CTDSP1,0.24431269230769234
PHRF1,0.4701492307692308
TRUB2,-0.05018307692307668
CPM,-0.01332942307692303
BCL6B,-0.02057230769230751
FNIP1,0.07664846153846196
PKD2,-0.0019088461538460256
RC3H2,-0.3093186538461533
ZFYVE1,0.22982115384615368
PDE4B,-0.00459153846153816
LRRC59,0.18871019230769265
LOC728687///LOC389906,0.044393653846154034
FUT7,0.024020961538461734
NCOA1,-0.04939038461538426
CCDC25,-0.13799096153846138
AGL,-0.027605961538461295
RSRC2,0.0181563461538462
NDUFA7,0.2733455769230769
YAF2,0.11286999999999982
KRIT1,-0.09365692307692289
NID2,0.25394673076923074
LOC653904///MZT2A///MZT2B,0.02192019230769248
REL,-0.14353942307692286
PACSIN3,0.6686457692307689
LZIC,-0.014493846153845939
KRT8P12,0.10693730769230773
ULK2,0.03589903846153874
UBE2L6,0.015575192307692602
TWIST1,0.0048980769230773085
TCEANC,-0.07649307692307675
C8orf33,0.05947230769230783
ERP29,-0.011317307692307401
ERLEC1,-0.0149898076923076
HIPK1-AS1,-0.025616538461538167
CD1E,0.24562634615384632
MAGEA5,-0.20871115384615346
FLAD1,-0.21134423076923034
MIR4435-2HG,-0.12000326923076889
TMEM208,-0.052005192307692114
NGLY1,-0.07331730769230736
SLC26A4,0.20283423076923082
GPR89B,-0.5758274999999999
RLF,-0.05109384615384606
ANKRD29,-0.10777307692307676
C3orf58,0.1456188461538461
TERF1P4///TERF1P5///TERF1,0.11748865384615388
GRAMD1A,0.042269807692308
MGC27345,-0.09643884615384607
AFF4,-0.000273076923076865
DPH6-AS1,0.16964903846153873
TNIP1,0.33933576923076925
NBR1,-0.1543909615384612
APPL1,-0.017124807692307377
VN1R3,-0.08899980769230725
COL4A3BP,0.045228653846153884
ICMT,-0.16142384615384614
NAA60,0.32712826923076915
PSMD12,-0.029734615384615186
LMF2,0.947555769230769
TUBGCP5,-0.0526161538461537
LINC00923,-0.0036155769230765368
SKIL,-0.04058326923076898
DHX16,0.12219153846153866
NNT-AS1,0.12451423076923096
MARK4,0.3650917307692308
HOTAIRM1///HOXA2,0.6554853846153845
SCAMP2,0.34673884615384626
LOC729088,1.0015684615384615
KLF12,-0.09587923076923073
CLNS1A,0.07421634615384619
ING3,0.006732500000000158
SNRPN///IPW,-0.060191730769230685
STXBP5-AS1,-0.00302865384615368
C12orf4,-0.008830576923076618
SLC24A1,-0.002659615384615014
DNAJC14///SARNP,0.1402336538461539
LRP8,-0.1413230769230768
SNX7,0.07109115384615397
CPEB2,-0.138648269230769
NUDT12,-0.021482115384615367
DIXDC1,-0.050782499999999814
PAPD4,-0.057871153846153656
TOM1L2,0.28901038461538453
WWOX,1.1932665384615382
FAM111B,-0.01592788461538426
TSHZ2,-0.03360923076923066
S100A2,0.3004698076923078
BTF3L4,0.15386057692307706
KDM2B,0.3189990384615386
VPS13A,-0.07294192307692289
AHSA2,0.0215088461538465
ZNF443,-0.059696730769230405
CMTR1,0.17139557692307664
KIAA0556,0.1892832692307693
PHF2P1,-0.10330749999999962
PCGF1,-0.09044038461538438
LAMC1,0.20308096153846153
TM7SF3,-0.1216717307692307
ID2B///ID2,-0.1071471153846153
FAM122C,-0.05252461538461519
CLASP2,-0.206285192307692
CDKL1,0.26085096153846155
LINC01085,-0.032632307692307544
DLEU2L///DLEU2,-0.012777115384615356
FAM136A,0.006099807692307919
ACVR2A,-0.18192057692307645
EIF3LP3///EIF3L,0.18114884615384622
DNALI1,-0.03985307692307663
ATRNL1,0.0062013461538465205
PYROXD1,0.10325442307692308
AMOTL1,0.17927692307692333
C12orf65,-0.02350038461538438
MARCH8,0.3285734615384619
LIMD1,0.11792576923076917
SEC14L1,-0.20671134615384573
LOC105369974,0.06992153846153876
RNF44,0.14957096153846142
KLHL5,-0.07284865384615348
ITPK1,0.9109944230769229
MANEAL,0.08836423076923088
TBC1D5,0.3836961538461537
ENPP2,0.005453076923076877
GJA5,-0.06896692307692288
MAP3K7,0.004273846153846426
LOC338667,-0.03186153846153832
LOC728554///THOC3,-0.15767480769230735
MCM9,-0.08157884615384586
SRGAP2C,0.31351826923076914
RPL18AP3///RPL18AP6///RPL18A,0.8182000000000001
EFR3B,-0.1849553846153843
PTGER2,0.24202269230769247
C7orf73,-0.009074999999999644
LGSN,-0.03612846153846132
PLIN2,0.16414461538461556
MCTP2,0.4783228846153845
GK3P///GK,-0.1314942307692306
MALL,0.16464269230769252
ZNF382,-0.015544038461538366
WDR73,-0.19582499999999978
KBTBD7,0.32270980769230767
LOC440434,-0.2190965384615381
GJD4,0.20937403846153851
TCEAL3,0.6100976923076923
ARMT1,-0.05128403846153815
STEAP2,0.08123846153846186
COG6,-0.01422788461538438
PARG,-0.11762134615384587
ZRANB1,-0.09729923076923058
BCL10,0.34751250000000017
ATP5S,0.0018330769230771539
ALS2,-0.09447019230769187
PSME3,0.027061730769231095
HLA-B,0.0736411538461539
ALG10B,-0.25577865384615367
NPR2,-0.025625192307692148
AHNAK,0.6854803846153844
CDH11,0.1981375
ARHGAP26,-0.037846923076922855
ARRDC4,-0.19359384615384595
GTF2B,-0.011395192307692273
RBM8A,-0.025490192307692255
MMRN1,-0.10174653846153828
COMT,0.05504846153846169
PRKD3,-0.13449846153846096
CCDC30,-0.12039653846153825
FYTTD1,-0.12871846153846123
SREK1,0.33069115384615405
ZNF800,0.023479807692307605
TTC39B,-0.24690038461538422
RORA,-0.022947499999999836
SRF,0.21287615384615377
GTPBP10,-0.19502730769230742
STX1A,0.6990792307692306
POU2F1,0.5580801923076925
RRP7BP///RRP7A,0.7994392307692304
SLC16A7,-0.14746461538461503
CISD1,0.016779423076923247
MAGED4///MAGED4B,0.5270628846153845
RGS10,0.011238653846154112
CGGBP1,-0.03949999999999986
GTPBP3,0.475819230769231
RELL1,0.1327948076923079
XPO6,0.3024798076923077
ZNF570,-0.035676346153845635
CCDC50,0.36089980769230756
CIAO1,-0.026266538461538196
TMEM44,-0.006786346153845838
NDUFAF5,0.21313173076923092
DTD1,0.037737115384615695
HIGD2A,-0.013078461538461202
PLSCR1,0.0780457692307693
R3HDM1,-0.28142384615384597
FAM156B///FAM156A,0.7054282692307692
LOC728032,-0.017564230769230613
SLC2A11,0.7388153846153845
LOC100133502///JAM3,0.072389807692308
VAT1,-0.18657173076923061
RFWD2,0.06741173076923088
AUH,0.38402192307692307
STARD3NL,-0.13743788461538423
HINT2,0.2245776923076923
CEP63,0.04638903846153871
ZEB1,0.02157115384615402
ANKMY2,0.03635557692307695
DAP3,-0.023014615384615255
KDM5A,-0.15157365384615365
PELP1,0.02589173076923103
MZF1,0.14743942307692304
FBXL7,0.40500307692307685
NUB1,0.46878923076923096
EMG1,0.33679557692307693
ST3GAL4,0.004277692307692521
TANC1,0.06784826923076971
COG4,0.2809417307692309
SFTA1P,0.1378296153846157
SLC35B1,0.22534346153846163
CEP290,-0.005518269230769162
PPP2R3A,-0.02087807692307679
HAGH,0.5280559615384616
VPS45,0.5559149999999999
GNA14,0.008469807692308134
PLEKHJ1,-0.13205999999999968
TEF,0.10210000000000014
KCNA10,-0.7240811538461533
SHROOM3,0.12206865384615405
MFSD10,0.368090576923077
ZNF680,-0.03409192307692293
LOC728061,0.2564990384615385
RNASE4,0.07405807692307714
LOC100505658,0.05492750000000005
DEPDC4,-0.1619723076923076
POM121L8P,-0.30256961538461513
DPY19L4,-0.020351923076922684
SLC9A5,0.007272692307692368
SUPT20H,0.08097769230769236
LOC101928535,-0.03909230769230747
KNG1,-0.1518967307692305
PTPN2,-0.08613269230769209
EPM2A,0.1129828846153844
C1GALT1,0.025071153846154024
APTX,-0.1674790384615383
ZXDC,0.2909157692307692
NDUFA9,0.338135576923077
NCCRP1,-0.34507557692307667
SUPT4H1,0.031883269230769465
CCDC8,0.6527598076923077
MTX2,0.22293557692307717
RUFY3,0.5132953846153845
KPNA3,-0.0854605769230765
ATXN7L3B,-0.32656480769230756
AGGF1,0.043467500000000124
FTCD,0.0755011538461542
FBXO9,-0.07593596153846122
ITPRIPL2,0.05948673076923093
CD302,0.26629884615384636
VPS13C,-0.038222307692307556
MAD2L1,0.14306192307692325
INMT,-0.1193778846153844
SNAPC5,0.9185919230769228
SPRR4,-0.13024249999999976
FLJ14031,-0.13469865384615354
AIMP2,0.013885192307692378
PAWR,-0.1229846153846151
ABCC4,-0.054127499999999884
COG8///PDF,-0.034725384615384276
TMEM52B,0.00546865384615414
SUPT20H///DES,-0.045148269230768985
CCDC142,-0.02362480769230754
GOLGA8F///GOLGA8G,-0.057876923076922625
CDC42BPG,-0.08707019230769177
RNASEH2A,0.08745634615384645
FZD4,-0.145747115384615
OTUD6B,-0.049809615384615036
CNDP2,0.0468088461538463
CAPN13,-0.13541384615384605
EFCAB11,-0.1689855769230765
MIF4GD,0.6851848076923075
EMC6,0.5280180769230769
GOLPH3L,0.2054188461538463
SHISA6,-0.13631076923076907
ZNF334,0.1868611538461539
BHMT2,0.15073692307692332
PTPRM,-0.07917307692307668
POMT2,0.3413023076923079
CEP68,0.39727115384615364
DDX20,-0.016497499999999544
MYOF,0.0007128846153849622
SNHG10,-0.0015128846153844664
DDIT4,-0.2156880769230767
C11orf49,0.13537096153846165
FGFR1OP2,-0.023462307692307425
HDAC2,0.114623076923077
KIAA0753,-0.07343192307692288
SRCAP,0.11933500000000016
NDUFS2,0.03814865384615403
PDIA3,-0.012056538461538221
LOC100133859,0.07434711538461562
PSME2,-0.012287499999999766
UTP14C,0.24032865384615382
PSG3,0.052533076923076974
FNBP4,-0.16212653846153827
C17orf75,-0.023945384615384258
STMN1,0.049457500000000126
METTL16,0.14771692307692297
MTMR11,0.37435115384615386
EGR2,0.22698615384615387
MAN2A2,0.13537307692307704
INTS12,-0.24722615384615357
ZDHHC20,-0.07264115384615358
SLK,-0.3388223076923072
POLG,0.004995576923077042
GIMAP7,-0.009819807692307348
LOC729162///LOC389906,-0.328810961538461
MLF2,0.39616
ZNF765,0.06408288461538479
LEF1,0.16313173076923104
ACBD5,0.16091673076923074
INTS6-AS1,0.053319038461538806
TAGLN2,0.22261884615384642
CBX6,1.0737424999999996
SEC24B,0.060128076923077284
ADSS,0.13128942307692315
G2E3,0.12574923076923097
LOC100288590,-0.04423269230769219
MLLT1,0.9401153846153846
ZBTB38,-0.02535096153846137
PLD3,0.09267250000000007
PJA1,0.4624126923076921
PTPRF,0.23270153846153863
APOL1,-0.009343846153845953
WDR34,0.13012153846153848
MTCH2,0.2763167307692308
ACTR3BP2,0.15340750000000017
VPS16,0.15628673076923097
LOC101928327,-0.045290576923076684
PDE3B,-0.13763057692307662
OARD1,0.0014499999999999986
ALDH6A1,-0.26737115384615356
BACE1,0.05908192307692328
USP6,0.5052353846153843
UTP3,-0.035526538461538255
SLC6A10P,-0.3397424999999995
GCLM,0.013103076923077224
TP53,0.7819305769230765
VPS51,0.39736692307692306
VPS8,-0.0020049999999997284
RCL1,-0.15879307692307673
IAH1,0.1557780769230769
LZTS2,0.060850192307692424
ZMYND11,0.0434350000000003
KDELC2,0.027612884615384765
LOC101927040,0.0202967307692308
PCNX1,-0.01944192307692276
TLE4,0.08903769230769248
CHD7,0.051456730769230866
EGFR,-0.01675942307692272
TCEAL7,-0.004163461538461348
DDHD1,-0.10756865384615355
EHHADH,-0.018772499999999935
CPN2,0.1602309615384616
C2orf42,0.3283619230769232
RAB9A,0.08833038461538485
GTF2E2,0.6366948076923077
TBC1D4,0.3752355769230771
NT5DC2,-0.1071486538461535
ZNF830,-0.1772924999999997
PPP3CB,0.11253769230769242
MICAL3,-0.12016384615384576
KCNS2,0.06484692307692307
SSX4B///SSX4,-0.08274711538461531
FYN,0.055421923076923285
M1AP,0.016192692307692495
REV1,-0.10188519230769195
TMEM126B,0.08051192307692333
FANCM,0.004911730769230706
FGF22,-0.05031749999999964
LOC100996255,0.00469000000000017
PUF60,-0.033886538461538426
CFAP43,-0.13151673076923034
NSL1,0.2897436538461538
CASP8AP2,0.005434230769231003
CACUL1,-0.014569038461538272
MXD4,0.7848998076923075
PPP2R5A,-0.01921903846153813
RBM10,0.16697442307692326
NFU1,-0.030937884615384277
ORM1,-0.08193115384615347
TSPYL1,0.07497557692307727
LILRA6///LILRB3,-0.01926865384615364
SCD5,-0.0768578846153846
RBM26-AS1,-0.11106769230769227
KIAA1462,0.08321788461538461
POLR2L,0.43216980769230773
LCMT2,0.04432384615384619
CRLF3,0.8113838461538461
TMEM19,0.11548673076923059
SESN3,0.09069384615384636
LOC101928618,0.016351730769231205
SLC25A32,0.22689999999999988
FSD1L,-0.024218461538461192
TGFB2,0.026438269230769456
LOC100190986,-0.1330607692307689
SETX,0.050621153846154246
FAM172A,0.5611940384615385
ZNF232,0.4299546153846155
MTPAP,-0.013599038461538187
MTERF2,-0.053798269230769115
ZSCAN30,0.1924028846153847
IMPACT,0.028779807692308132
LPCAT1,0.05245692307692321
DNAJC10,0.00022000000000017017
TECRL,-0.039699038461538314
BTBD7,0.0001182692307693264
SS18L1,0.2490707692307691
EPYC,0.3758453846153847
MB21D2,-0.0014909615384614402
ID4,0.29551365384615386
TEX10,-0.0656907692307689
EXT1,0.30766557692307683
LOC100288152,-0.2187751923076922
EXD2,0.05827307692307724
RNF135,0.25306288461538456
SPTY2D1,-0.018740769230768953
TOB2,0.15872903846153877
DOPEY1,0.3267613461538463
SNAP47,0.8063340384615383
APOPT1,0.07418384615384656
KBTBD2,-0.26052038461538424
FRMD6-AS1,-0.15746365384615343
CHM,-0.04394153846153803
LOC106146153,0.0030355769230771697
GALNT16,1.3438259615384616
AZI2,-0.07634884615384605
GPAT3,-0.04171673076923069
AARSD1,-0.3215196153846152
GAPVD1,-0.025860769230768865
POGK,-0.030034615384615108
EIF2AK2,0.18886807692307694
PAK3,0.022921538461538757
ZNF384,0.23647269230769236
LOC105372526,0.42772653846153846
SLC11A2,0.27031442307692305
IFNAR2,0.04158942307692331
CLOCK,-0.03903499999999977
PRDM13,0.2363598076923078
ZSCAN18,0.04751403846153869
SNAI1,-0.08464192307692271
UBA1,0.3592450000000002
POLR3B,0.051847884615384636
HCFC2,-0.015899038461538312
PSAT1,0.6359253846153845
CLYBL,-0.0525569230769229
NDN,-0.10687749999999975
FAM198B,-0.10661980769230757
SGSM2,0.6907023076923078
RAP2A,-0.03711730769230754
NOP2,0.5744690384615387
UBE3B,0.009993846153846325
DDX54,0.061048846153846245
B3GNT2,0.07051903846153876
TCF3,0.3532024999999999
PALM2-AKAP2,-0.07965442307692285
EML1,0.023252115384615604
MEMO1,0.010063461538461702
RIOK2,-0.11224788461538435
TMEM251,-0.05052711538461521
USP24,-0.055684038461538375
TIMM10,-0.005805384615384441
UQCRC1,0.10719000000000015
CNIH4,0.2477440384615386
FOSB,0.48864807692307693
ZC4H2,0.09622038461538503
HAUS4,0.311873076923077
MOGS,0.3952996153846153
FRK,-0.029343846153846043
PANX3,-0.061962692307692094
LOC400692,-0.1031251923076922
LRMP,-0.1072630769230766
LOC648556,-0.09454884615384572
CENPQ,-0.10254423076923044
SMCR8,-0.03451346153846151
BAG1,0.1428934615384616
ZSCAN12,0.2605194230769232
CALHM2,0.18428711538461548
SH3GL1P1,0.026432307692308137
GNG7,0.12909942307692326
HNRNPA1P36///HNRNPA1P59///HNRNPA1P51///HNRNPA1P22///HNRNPA1P53///HNRNPA1P33///HNRNPA1P50///HNRNPA1P10///HNRNPA1P52///HNRNPA1P12///LOC642817///HNRNPA1P30///HNRNPA1P39///HNRNPA1P56///HNRNPA1L2///HNRNPA1P60///HNRNPA1,-0.06174269230769208
GNA11,-0.0681932692307692
GTF2H5,0.047555961538461484
RMDN1,0.01629865384615412
DNAAF2,0.02274403846153862
GRIA4,0.08225980769230803
MINPP1,0.12245750000000004
MFAP3,-0.06695942307692289
ADSSL1,-0.14142288461538446
PNPLA4,0.11801192307692311
PSG7///PSG4///PSG1,-0.14031461538461534
ARL4A,-0.12295749999999997
UBXN1,0.5846369230769232
IL7,-0.012810384615384534
RAB11FIP3,0.09838730769230802
GIGYF2,-0.004416346153845812
CTSLP8,-0.014854999999999861
TNRC6B,0.1456667307692309
GPR157,0.5993821153846154
LOC647506///IGKV1-5///IGKC,-0.05376288461538436
UQCC2,0.018807884615384726
GABRG2,-0.0924299999999996
DEF8,0.12057499999999985
ALYREF,0.42683596153846154
APEH,-0.33106711538461514
MRPS25,-0.04847673076923044
PPP6R3,0.0853376923076924
TPST1,0.17602519230769242
CBX3,0.04289076923076941
HIPK2,0.2740601923076924
ZFHX4,-0.1076671153846151
GAB1,-0.03995865384615335
ITSN1,0.17521326923076913
FAM65B,-0.055887884615384464
LOC100131845///IGHV4-31///IGHA1,0.15561923076923107
ADAMTS1,-0.03826326923076886
PNMAL1,0.2397480769230771
LBR,0.04911519230769253
IL1RAP,-0.16720057692307666
NDUFAF2,-0.22599423076923053
ATP6V1A,0.06872634615384615
HEATR5A,0.10857826923076953
MT3,0.06380096153846179
KLF5,-0.004663269230769172
PPARA,0.3286403846153844
PRKAG2,-0.028955576923076605
LOC105375172,-0.16109846153846136
ALDH1A3,-0.5824932692307685
TRIQK,-0.02690019230769197
TCAIM,-0.19047076923076925
BANF1,0.4291423076923074
FBXO21,-0.006003653846153468
KIAA1257,0.056643461538461774
SSBP4,0.3116934615384616
UHRF1BP1L,-0.0029717307692306684
CTBP1,0.45731211538461536
MRPL34,0.4288146153846155
GPR4,0.01898634615384623
KANSL1L,-0.2796676923076922
TBC1D13,0.12235673076923105
NDUFA3,0.030159230769230952
TBC1D8B,0.06398519230769258
DHRS7,-0.07565557692307674
CBS,0.15476557692307671
LOC101927363,-0.024131923076923023
PDZRN3,0.008268461538461844
SLFN5,0.0060119230769235255
UQCRFS1,0.046200192307692504
RAB4B,0.3984321153846155
REST,0.06953961538461569
HSPH1,0.018666538461538686
NOTCH1,0.02310788461538472
FBXW5,0.5824528846153846
TF,-0.18295557692307668
HHIPL1,-0.061644230769230694
TMTC1,0.15033480769230775
PLAA,0.11230250000000035
MMRN2,-0.03208980769230757
IGHG1,0.10355134615384627
C7orf50,0.06334480769230778
ATP6V1F,0.4883759615384615
SS18,-0.14160711538461507
BRD2,0.08553692307692323
ANKRD13A,0.022114807692307916
REPS1,-0.26883346153846116
LOC729732///FAM93B///LINC00937///OR7E140P,-0.07891634615384582
SNX2,0.2727913461538464
LPGAT1,0.019067307692307953
CFAP69,-0.23201057692307678
ETV6,-0.3135138461538461
PRPF40B,0.16112980769230778
SERPINI1,0.082034230769231
PEX12,-0.04079807692307655
HTATSF1P2,-0.0697538461538458
TTC14,-0.04208153846153802
SLC10A7,-0.023063653846153595
VWA3B,-0.07800211538461539
LCA5,0.03191826923076937
SHISA3,-0.0372309615384613
ACTR8,0.01916076923076954
BAALC-AS2,0.014323076923077282
POLE3,0.178623076923077
QTRT2,0.00916307692307718
KLHDC4,-0.06376153846153812
MTFR1,0.07143980769230782
DCUN1D1,-0.0654811538461537
VPS4B,-0.0030349999999999427
LMCD1,-0.11504807692307663
FKBP1A,0.21818326923076944
TRIM73,0.1608351923076922
MAP2K4,-0.1490651923076919
SUPT7L,0.05450057692307711
ILK,0.028842500000000177
PECR,-0.18497403846153831
LRRC40,0.04909442307692324
SEMA5A,0.00863384615384642
NUDCD3,0.15526211538461537
RNF217-AS1,0.09349269230769254
DECR2,0.3110871153846157
ZNF274,0.013298653846154253
ID2,-0.01753134615384597
AGBL3,-0.036266346153845996
TMEM147,0.19636076923076942
ECHDC1,0.06697750000000025
RFPL3S,-0.04160153846153814
KLHL25,0.09292942307692326
ARHGAP42,0.03033076923076937
HTR7P1,-0.04321711538461509
RRM2,0.011179230769230917
PAXBP1,0.1434853846153847
MTX3,-0.1289674999999998
PRPF38A,0.04801250000000028
ANHX,-0.1181592307692308
CCDC102B,0.030447115384615597
POGLUT1,0.4093782692307692
LOC107105282,0.09996519230769259
PPP1R3D,0.08643576923076941
GAR1,-0.0002511538461536138
LRIG3,-0.020523653846153653
MYOZ2,0.0941688461538464
RBBP9,0.30323173076923093
LOC400622,0.07689442307692329
LOC100133951///GPI,0.4210809615384617
CHMP1A,0.3776667307692307
NRAP,-0.1395342307692306
PIGR,0.13697288461538493
NTRK2,-0.07145038461538433
PRKACB,0.16793769230769248
PPP1R2,-0.05049423076923068
CYC1,0.21956749999999992
KIF24,-0.03237249999999965
SLC25A29,-0.01640326923076899
ENKD1,0.13469903846153847
ENOPH1,0.010117692307692697
VPS37A,0.09749903846153883
SFXN3,0.1294775
GK5,-0.2998749999999996
LOC100132181,-0.014639615384615135
SLC17A2,-0.1879948076923074
IMMP2L,-0.08058173076923025
NUP153,-0.01153096153846128
C4orf48,0.3853590384615384
LOC105376323,0.09020576923076945
TEX2,0.36468615384615416
ZNF117,0.11335173076923102
UBE2D2,0.025187884615384678
PDPN,-0.057599615384615166
SPG7,0.6493286538461535
TBC1D15,-0.0010680769230767171
TPD52L3,-0.02164942307692277
PYCR1,0.5213625
DPY19L2P4///DPY19L2,-0.011211346153845999
RBM48,-0.08050576923076906
MSMO1,-0.011391153846153652
STK19,0.18164192307692298
DERA,0.4445673076923078
FLI1,-0.09938749999999962
HAS2,0.008035769230769423
CPEB4,-0.13629865384615358
CRIPT,0.27851615384615397
PIK3R4,-0.20739499999999975
IGIP,-0.008435576923076808
SLC25A33,-0.12118557692307672
ZNF316,0.1196782692307691
MCMBP,-0.027296538461538282
NEDD4L,-0.07226365384615364
EHD1,-0.08465692307692266
TM2D2,0.071453653846154
RNF38,0.14933750000000026
FAM214A,-0.14903519230769194
DNASE1,0.04181211538461577
SNHG1,0.4919023076923077
IFNA21///IFNA17///IFNA10///IFNA7///IFNA4,0.0014892307692311872
HNF4A-AS1,-0.2427876923076917
YAE1D1,0.11920596153846152
BPY2,-0.011418461538461275
TMEM18,0.08742942307692347
ANXA8L1///ANXA8,0.20346557692307685
KIF23,-0.0022494230769227954
CALCR,-0.18683576923076894
PKN2,0.35751846153846145
TIA1,0.02280115384615422
MED21,0.1820644230769232
IGFBP2,-0.014150576923076563
TOMM5///SHB,0.22609403846153844
VCP,0.4463557692307691
UBE2B,0.10026365384615393
UBQLN1,-0.10503115384615355
CHCHD6,-0.11160365384615345
CMC2,0.4626409615384614
ZNF711,-0.009683846153846045
PFDN2,0.3041636538461539
MAP3K6,0.15624038461538478
CHSY3,-0.036242499999999615
SLC25A43,0.04385711538461556
AKAP10,0.00016019230769258742
ZFP42,-0.056112500000000023
COBLL1,0.17716923076923097
EBF1,-0.029228269230768888
IQCC,0.06136634615384639
MYLIP,0.00043692307692328207
CDK8,-0.12938596153846132
SNCAIP,-0.06499269230769227
LSM8,-0.06586403846153831
SMU1,-0.23400249999999972
SP100,0.027861538461538642
ELAVL1,0.2308053846153848
OVCH1-AS1,0.035566923076923364
ATF6,0.12208019230769243
UBE2J2,0.27389615384615396
ZNF33A,0.06974903846153864
PTGS1,-0.21252423076923052
SAE1,0.14807826923076908
CSRNP1,0.04328480769230771
ZNF568,-0.06709865384615349
NRG1,-0.13540999999999975
IKZF5,0.0004917307692310679
EIF2B1,0.2776615384615385
ATL2,0.24955096153846154
PPP2R2A,-0.02508788461538432
HEATR1,-0.009866346153845958
ZNF573,-0.030768269230769054
PTPRA,-0.04436076923076883
TCTN3,0.4925344230769229
GMDS,0.22719384615384622
SYCP1,-0.012678846153845787
MAPK8,0.026384038461538757
CCNT2,-0.10219096153846119
LOC101928583,-0.08930884615384604
PDCD10,0.03197596153846161
RFK,0.014079038461538788
EPHB3,0.31303538461538466
SLC35D1,0.1432796153846153
RGS12,-0.1180874999999996
CYTH3,0.10658807692307709
OGT,0.1703573076923078
VPS4A,0.22488288461538467
CNKSR1,0.283845576923077
PRAME,-0.0177338461538458
PAPPA,0.7938869230769231
LTBR,-0.00030538461538432576
ZDHHC21,-0.014053653846153515
NAA10,0.19946442307692314
DNAJB11,0.041204230769230785
PYGL,-0.005177499999999696
TMEM70,0.0492061538461538
INTS10,-0.07464326923076901
FUBP3,0.044901346153846146
DDX39A,0.3916328846153845
HCCS,-0.012400576923076832
HYMAI,0.2734063461538463
CYBB,-0.005477115384615141
EYS,-0.1427471153846151
FAM135B,-0.07848961538461535
LRRC19,0.0061667307692311
IGLL3P,-0.22878692307692286
SMIM8,-0.1202336538461533
NAGK,0.35739173076923086
RNMT,0.050632884615384614
EIF3B,-0.025653076923076956
ADRM1,0.23788519230769226
PIGK,0.1580271153846155
PODXL,-0.012938846153846082
NAMPT,0.012405384615384788
AIMP1,0.024174038461538542
BECN1,0.06470634615384634
FAM168A,-0.032604615384615274
PROSER1,0.15841134615384636
NKIRAS1,-0.09016596153846103
ZNF441,-0.027190769230768897
MRGBP,0.3159053846153848
ZNF322,-0.0032955769230768434
CRISPLD2,-0.053200576923076795
CTSC,-0.06978211538461512
MAPKAP1,0.06390923076923087
FIS1,0.07284846153846156
EFCAB12,0.11320865384615415
LOC150776///SMPD4,-0.024353076923076537
NOP16,0.44254519230769246
MRPS31,-0.04715365384615341
ZNF785,0.04961096153846153
TAF3,-0.0394663461538458
PDGFD,0.015239230769230857
RRN3P3,-0.004805192307692174
LOC100132323///EXD3,0.7383223076923076
CREM,-0.04798884615384579
MED13,-0.027515576923076733
TRAPPC13,-0.0321430769230767
CCDC85A,-0.051353846153845986
FAM213A///TMEM254,-0.0482890384615382
CXorf38,0.0457225000000004
CYB561A3,0.22751884615384646
COL24A1,-0.03926173076923065
HAPLN3,0.15802826923076943
ZNF432,0.38527288461538495
MDM4,-0.000760961538461234
CAMTA2,0.49565134615384604
VDAC3,-0.005019615384615406
ARMC4,-0.21273326923076893
EMC10,0.15970692307692336
DKK1,0.17417692307692317
TTN,-0.04763769230769212
DICER1-AS1,-0.07221192307692287
MOB1A,-0.12539096153846147
NBPF10///NBPF1,0.26297076923076923
BEND5,-0.0670080769230767
HACD2,0.007788653846153893
CARNMT1,-0.03667999999999982
RAB33B,-0.043759230769230405
SNX17,0.32865211538461525
LOC101927124,-0.12157423076923042
RPF2,-0.03931057692307666
ARID5B,-0.07960326923076878
CNOT11,0.20617153846153866
RAB2A,-0.06254576923076909
IQCK,0.16614423076923107
RPL23AP87///RPL23AP82///RPL23AP7,-0.089748846153846
LOC100132134///GUSBP3,0.06071076923076949
IRF8,-0.03405903846153816
APLNR,0.01731076923076944
DDIT3,0.30943807692307707
CDK16,0.19671000000000005
R3HDM2,0.12869307692307722
WDR35,-0.045171538461538166
ZBTB16,0.25740634615384617
LRCH4,-0.00232461538461515
NT5DC4,-0.13143961538461524
F13B,0.021165769230769373
HELQ,-0.5264407692307689
ARFIP1,0.1847784615384616
PPME1,0.3833509615384616
MTUS1,0.044885384615384674
MEX3A,-0.03157730769230737
BRD9,-0.007544230769230556
ZC3HAV1,0.3125459615384618
MSI2,-0.04361019230769231
BBS4,-0.0027021153846151415
SURF2,0.09400865384615405
CKLF,0.39082865384615384
TMED4,0.47037173076923094
C3orf79,-0.03670115384615341
STARD10,0.00043711538461551133
MRPL48,0.3879003846153847
LOC649305,-0.032529423076923004
ELOVL6,0.001290769230769316
NOL4L,0.16381442307692298
COL18A1,0.2970250000000003
AKAP5,-0.12227980769230735
NAP1L4,0.19342634615384646
ZMPSTE24,0.06487557692307695
LANCL1,0.10747384615384636
C11orf95,0.08768942307692348
THUMPD2,-0.0008099999999996889
NOCT,0.14355865384615385
UBE2H,0.0015623076923079729
YBEY,-0.09787884615384597
CTU2,-0.23172076923076879
ADAMTS9,0.0010503846153849018
CABP4,-0.057738076923076725
LOC100134711///LOC100132740///STAG3L2///STAG3L3///STAG3L1///STAG3,0.05210403846153857
DDX58,0.03525769230769259
CCDC15,0.01610750000000013
HMGN4,0.16850250000000017
TTC26,-0.11166692307692282
CHML,-0.04282307692307659
LOC101928277,-0.13440538461538418
ZNF259P1///ZPR1,0.04235000000000022
MRPL44,-0.17955365384615385
DEFB119,-0.03982730769230731
PTDSS2,0.2223828846153846
HSDL2,0.08852961538461558
MPG,0.3022311538461539
OTUD7B,0.15192442307692328
ANGPTL4,0.4317436538461539
CCDC18-AS1,0.2522638461538461
ZNF580,0.7513173076923075
C1orf52,0.18007173076923091
THAP9,-0.017160769230769108
PCGF5,-0.04313423076923043
CHKB,0.2950703846153846
NUDC,0.02364653846153884
CLMN,-0.06140826923076915
BLID,-0.021559807692307368
ELAC2,0.040514038461538567
ADGRE2,0.08891596153846164
DMD,-0.07010269230769206
CDKN1C,0.4887721153846155
SSU72,0.4935048076923077
HCRTR2,-0.034102307692307536
KIAA1549,-0.07373903846153798
PRPSAP1,0.10893365384615389
CEP152,0.12775942307692323
LOC101927292,-0.13565461538461504
FBXO8,-0.13985749999999983
AGFG1,0.03514961538461542
SPIDR,-0.008391923076922915
ZMYND8,-0.20143384615384577
ADPRHL2,0.6724461538461538
USP3,0.1741438461538463
PI4K2B,0.04100500000000036
MAML3,0.11770211538461552
ZNF32,0.21690826923076928
FOXJ2,0.07903634615384633
PCDH18,-0.057271730769230644
KRT40,-0.009879999999999788
WDR7,0.058570576923077024
ALG6,0.021390769230769508
CDH5,0.00012730769230782717
PTPRK,0.6428278846153845
SLC25A13,-0.005959230769230516
FAM161A,-0.01923038461538444
TMEM108,-0.12973038461538455
RFPL3,-0.02638173076923048
NELFE,0.1293567307692308
MDGA2,-0.11046173076923055
GPC6,0.08843500000000014
FRYL,-0.026348076923076832
SKP2,0.4007303846153846
LRRC15,0.24248038461538454
PAPD7,0.0005644230769232131
BMP2,0.20764038461538467
ARSJ,-0.030376153846153695
KIAA1614,0.13803038461538486
HRG,-0.4015619230769228
NUDT19,-0.04061826923076916
GFM1,-0.10907980769230766
NUDT9,-0.06929576923076895
SCNM1,0.08317557692307717
ADGRA3,0.17633192307692314
MAGEA4,0.0046005769230771845
CLCC1,0.25138519230769246
UTP11,-0.23333442307692284
USP53,-0.03573538461538434
AIDA,-0.01899307692307684
TMEM170A,-0.009285961538461451
C14orf28,0.6226792307692309
KMT5C,-0.05404980769230757
LOC644450,-0.033677500000000096
UBE3C,0.0022211538461539577
UBE2E1,-0.024442499999999787
PDE7A,-0.03394230769230754
RPGR,-0.04485615384615368
C17orf67,0.09972673076923091
SSX5,0.07561538461538476
KLHL28,0.0024323076923079947
SELENBP1,0.48959173076923085
AKT1,-0.004636923076922793
UVRAG,0.03984211538461547
MOB4,0.0713155769230768
SAMM50,0.10149538461538471
KMT2C,-0.000519230769230623
G0S2,0.47700269230769216
MAML1,0.18085153846153865
TUBA4A,0.3889059615384616
TUBB///TUBBP1,0.26245519230769215
FCRLA,-0.0994942307692305
STEAP1,0.15533096153846165
VEZT,-0.07003846153846129
BAG4,0.1611184615384614
UBE2D1,-0.008295961538461396
SC5D,0.0608842307692309
KLF3,-0.052530576923076666
FCHSD2,0.0613238461538465
RNF114,0.11332826923076926
PPM1L,-0.046840384615384444
C21orf2,0.7009290384615383
ZNF552,0.007971923076923482
KRT222,-0.05751711538461543
TCIRG1,0.14395865384615397
FKBP8,0.2229375
IKZF2,0.032930576923077166
TMEM167A,-0.013508846153845995
DIMT1,0.4918771153846155
ESM1,-0.11263711538461509
PXK,-0.005452499999999618
IRAK3,-0.08437730769230735
TOPORS,-0.1749530769230768
TTC25,0.0074228846153848674
PIK3CD-AS2,-0.1429623076923073
FAHD2CP///FAHD2B,-0.07962115384615373
NR2F6,0.5081101923076923
PDE8A,0.060771346153846405
KLHL34,0.12807884615384635
DNAJB4,0.006035576923077035
SLC16A11,-0.018520384615384498
METRNL,0.01998923076923074
LSG1,0.435736153846154
THAP1,0.07265365384615395
EMBP1,-0.04973384615384595
BACH1,0.021630192307692354
COPS3,-0.008634807692307473
ELL,0.2744615384615385
RBM11,-0.07392538461538455
BLOC1S4,0.6051348076923075
SLC38A10,0.41724269230769234
FRMD6,0.014300384615384744
SETBP1,0.823056923076923
SH3RF1,-0.1134173076923078
ZMYM5,-0.02917711538461519
SMIM10L1,-0.010527692307691969
HOXB3,0.021472307692307985
GSTT1,-0.09014115384615382
PHF14,-0.010348269230769196
DMXL1,-0.018738461538461357
RAB40C,-0.46723884615384587
SFSWAP,0.16501480769230797
ZNF738,0.0005846153846156009
ARAP1,0.35496884615384605
VPS36,-0.09948403846153825
HSPA14,0.04049000000000035
OR5AK4P,-0.040489615384614985
PHF6,-0.05624096153846137
HMGA2,0.2496188461538464
LOC100129513,0.017349038461538648
HAUS7///TREX2,0.16594519230769253
PPIG,2.6923076923372307e-05
SEPHS2,0.11787615384615399
CDKN2AIP,-0.15997865384615348
GOLM1,0.2765559615384616
LOC650293,-0.19478173076923042
RAPGEF6,-0.008441153846153794
ZFP69,0.062455000000000295
DKK2,-0.14956730769230742
ZBTB5,0.15009557692307712
USP13,-0.07183096153846157
TUSC2,-0.011164807692307646
KHDRBS3,-0.04233942307692307
HIBCH,0.021953846153846397
CFI,-0.04734499999999995
ATP8B3,0.015403076923077137
SORBS1,0.12987153846153843
RAB40B,0.1152138461538465
HMGXB3,0.018864230769230814
PLEKHA1,-0.1699978846153843
TMEM245,0.48591307692307695
EIF1AD,0.005984807692308002
TRMT1L,0.013689615384615638
ATF5,0.05381961538461556
RCBTB1,-0.23239461538461506
TNFSF13B,0.16292307692307695
ANKRD6,0.03735519230769262
SSBP2,0.36474769230769255
FAM201A,0.011333653846153943
TRAPPC12,-0.08749807692307664
CLCN7,0.2614488461538462
LOC401320,-0.030882115384615116
HSD17B7P2///HSD17B7,-0.01856230769230738
SLMAP,-0.0066465384615383444
FAM199X,-0.19305615384615352
MET,0.042749423076923226
SCRIB,0.316398076923077
LYZ,-0.19889923076923047
RUBCN,-0.08253019230769218
ZNF492,-0.08079923076923042
DNAJC18,-0.14093576923076878
UPF2,0.1276476923076926
KLHL3,-0.01831249999999981
RNF219,0.012651923076923257
KLHL20,0.026129038461538596
EPPK1,-0.2044982692307689
SCAND2P,-0.08149730769230719
LHFP,0.3368198076923077
FOXK2,-0.11092596153846139
PACRG,0.20031057692307708
DDX60,0.02575096153846183
PARD3,0.009786346153846496
MED1,0.07093711538461553
APC,-0.01826230769230745
CCDC174,0.0022436538461539494
TRIM32,0.1825553846153847
PDHB,-0.08112384615384581
NUDT5,-0.011243076923076824
SLC6A1,0.030059230769231032
GSK3B,-0.09250942307692289
BORCS7,0.2520417307692307
NABP1,0.05481615384615386
TTC33,0.011872115384615597
P3H2,0.44452384615384616
ETFB,0.04446211538461542
DNAJC25,0.18099730769230782
LOC285097,-0.04164269230769185
TSSC4,0.2650373076923078
ZNF365,0.08439288461538465
ZNRF2P1,-0.1860226923076921
SMG8,0.0285525000000004
KIAA2013,0.1168801923076924
LYRM2,0.16457673076923082
LINC00485,-0.09938653846153798
EFCAB2,-0.06246884615384582
NUPL2,-0.022969230769230495
RHBDF2,0.14916519230769226
ADAMTS2,0.05661230769230802
SPOCK3,-0.006185384615384605
CCDC148-AS1,-0.01617846153846107
N4BP1,-0.3930926923076918
EFL1,-0.009815384615384367
AFF3,0.23031980769230773
SETD1B,0.14850403846153848
HEXDC,0.03856173076923087
SYF2,0.12899769230769237
GPATCH11,-0.0193780769230767
USP32,-0.16770057692307655
SPRED1,-0.30706307692307677
MANEA,0.033588653846154115
LOC105374928,-0.06576865384615348
TBX22,-0.08194846153846128
PHC3,-0.045968846153846214
LSM7,-0.048730769230768696
PDIA5,-0.010934038461538245
TRAPPC5,0.5383578846153846
CEP170,0.20993019230769236
TXN2,0.13748711538461533
LOC729589,0.13333711538461562
RPEL1///RPE,-0.06354673076923079
NPEPPS,-0.02383230769230765
GLRX5,0.08812480769230782
PDGFRL,0.30699826923076906
GPR1,-0.07015961538461508
LOC101927314,-0.023337307692307446
PDCD6,0.7565792307692307
CXCL5,0.07650269230769262
DRD1,-0.2088734615384613
SLITRK6,-0.08277211538461521
DGCR14,-0.002413269230768939
DESI2,0.24308365384615396
TNIP2,0.41376519230769243
RGS13,0.018591730769230957
ACOT7,0.1520778846153847
FADS2,0.06470519230769237
ZNF608,0.07194942307692345
FKBP4,0.6438355769230769
PARP1,0.03207538461538486
FAM129C,0.13647576923076937
ZNF264,-0.24962365384615345
PKP4,0.07643499999999995
APPBP2,0.049213461538461775
THRSP,0.06471576923076972
ZNF763,-0.13620999999999972
CCNC,-0.03625288461538463
EFTUD2,-0.013435769230769052
DENND4A,-0.35939326923076875
TXNDC9,0.0346323076923079
RALB,0.10627096153846172
MTHFSD,0.017209230769231126
ZNF585A,0.1116840384615386
TTC4,0.3123636538461538
TMCC3,0.05607846153846179
SCG3,0.003443846153846479
LINC00624,-0.022214038461538115
RWDD2A,0.000673846153846433
RGS5,-0.020619423076923032
SDHCP2///LOC642502///SDHC,-0.5200136538461535
SOCS5,0.01213730769230809
TRAK2,0.06697038461538504
EDNRA,-0.15585711538461525
C12orf57,-0.00018673076923067267
SPECC1L,0.35494711538461526
WAPL,-0.20870519230769197
LOC101927196,-0.010044038461538415
MOB3B,-0.06805980769230736
LPAR1,0.06803403846153872
MLH1,0.3586692307692307
ZCCHC10,0.10110884615384637
SHPK///TRPV1,-0.166866346153846
CD2AP,-0.007151730769230589
MCM8-AS1,-0.0028496153846152717
MAPKAPK5,-0.0824792307692307
HSD17B7P2,-0.025320769230768942
FAM92A1,0.015503076923077038
LINC01115,-0.09491615384615378
QSER1,-0.07075326923076898
KIF18A,-0.030601923076922683
CHUK,-0.07500230769230756
PWWP2A,-0.1663334615384613
STRIP1,0.4219009615384614
CLK4,0.01213403846153853
ADCY7,0.027498076923077246
SLC31A1,0.18510615384615406
PALMD,-0.019229615384615352
LOXL1,0.4577115384615382
ORC2,0.0234096153846155
LOC100132726,0.02392153846153854
RNF19A,-0.07733076923076918
LOC401134,-0.03499961538461498
MAGEB6,-0.02968499999999973
DLL4,0.07213384615384619
NDUFA8,0.011471730769230842
CCDC107,-0.04893057692307684
FAM84A,-0.0032559615384610847
PECAM1,-0.02278346153846119
TMOD1,-0.2965382692307689
NEK8,0.00015826923076951268
SH3GL1P3,-0.05396961538461503
NSUN3,-0.16931499999999972
MICALL2,0.5189411538461542
PCDHAC1,0.02754711538461568
ACSL1,-0.051038653846153664
DPH5,0.01695096153846184
ARMC8,-0.044904615384615196
IMPG2,0.02413346153846164
SERPINB9,-0.14191846153846135
PTCD3,0.24373076923076922
ST6GALNAC2,0.3059934615384615
PUS3,-0.01874903846153823
ST3GAL6,-0.08425942307692277
ATP6V0A1,0.2417467307692304
GREM1,0.6509186538461539
CDR2,0.36327961538461534
PTPA,0.05775730769230768
MKI67,-0.039562692307692125
LOC101927164,-0.07173519230769222
LOC105372762,-0.11992519230769202
DGCR11,-0.05035096153846148
GCN1,0.022402307692307926
SNHG17,0.22000365384615403
GINM1,0.03174250000000015
PLA2G12A,-0.09340903846153814
LOC642426,-0.04114211538461509
GSS,0.650383076923077
CEBPZOS,-0.053470384615384225
LOC105371307,-0.37466153846153794
MSANTD3///TMEFF1,0.02000865384615394
WDR20,-0.05109499999999957
NT5DC1,-0.030791346153845763
BRF1,0.084251153846154
RAB39B,0.008095000000000359
BUD31,0.016797500000000177
LOC730107///GCSH,-0.024211538461538316
HACD1,0.10319596153846151
PPP2R5E,-0.02809057692307674
CELF5,-0.10562057692307669
FCHO2,0.005555576923077181
ARFGAP1,0.4205649999999999
EIF4ENIF1,0.053195192307692686
TRIM49,-0.013043076923076689
TSPY4///TSPY2///TSPY1,0.07517730769230785
GMNN,-0.04685980769230737
BRCC3,0.01880961538461562
ANKRD36BP2,-0.06400423076923062
CXCL12,-0.010632884615384643
KRTCAP2,0.27355557692307697
UBE2E2,0.36847423076923064
RAB24,0.02889211538461566
GSAP,-0.04045788461538457
SDCCAG8,-0.3951890384615379
RABGAP1L,0.014624423076923373
RALY,0.02449134615384637
MYH10,-0.15516480769230734
PDCD2,0.0016188461538464078
ZNF140,0.08662596153846155
RPA2,0.722810769230769
PGF,-0.31525519230769194
RBM4,0.25531673076923067
PBDC1,0.14222173076923103
XAF1,0.00219980769230779
ZNF559,0.03338038461538464
MTHFS,0.07287576923076948
TIMM13,0.33779807692307684
ERLIN2,0.027894423076923244
FUT1,-0.05332846153846137
DPH7,0.25499961538461546
HELZ2,-0.002615961538461205
ALDH7A1,-0.004717115384615407
PSMD13,0.22284403846153855
ROR1,-0.005191153846153487
MFSD6,-0.015030384615384343
SEC61B,0.17163307692307714
NBN,0.03762519230769249
PDE10A,-0.03733961538461505
CBLL1,-0.1463028846153846
RERE,0.8024519230769228
C22orf39,-0.03564403846153819
EIF1AY,-0.05811115384615361
LOC100129701,-0.20022730769230743
LOC728073,-0.6546982692307688
TFEC,-0.044987692307691965
SIGLEC6,0.06221557692307709
LYRM5,0.15761288461538464
RICTOR,-0.145538461538461
EIF4A3,0.00912115384615403
NECAP1,0.0052069230769234325
DLG5-AS1,-0.05276461538461493
TXLNGY,-0.10657115384615368
BOLA1,0.008530384615384847
EFHD1,0.19182634615384625
SLC35C1,0.4511425
HAT1,-0.04626076923076908
SRSF6,-0.006548269230768889
VGLL3,0.01520903846153875
RRP15,-0.30832730769230726
NCS1,0.08747173076923115
TRAF3IP2,-0.010979615384615286
TRIM5,-0.08784442307692263
LYAR,-0.01194403846153825
GAA,0.28177903846153834
KCNMB2-AS1,-0.032097692307692244
HIRA,0.059469038461538594
NOL8,0.2755103846153846
SBSPON,-0.14469442307692287
PMS2P1,0.06517403846153849
ZNF283,0.010978076923077066
GTF2A1,-0.055289038461538334
CELA3B///CELA3A,-0.19124423076923036
CYFIP2,-0.01296749999999969
LOC727869,0.09173942307692322
PGM3,0.033153653846153965
TMOD3,-0.021796923076922835
RNF149,-0.052354807692307215
PSMD14,0.13056769230769227
ZNF678,-0.025430576923076573
ATP6AP1L,-0.06593942307692283
CXCL2,-0.009482307692307398
VCPKMT,-0.057475576923076775
CD14,0.12926980769230778
PLEKHA5,-0.00036596153846135617
COL4A2,0.09662173076923102
UCMA,-0.09677211538461508
STX4,0.14057365384615392
LOC727881///ABCC11,-0.1984709615384614
BRAF,0.05622384615384625
SPDEF,-0.14816557692307641
CAPRIN1,0.06305134615384615
FAM200B,-0.11252403846153816
LOC101929054,-0.13334615384615353
HFE,0.04124403846153875
CHADL,0.13764634615384627
ACTL6A,0.25423480769230794
LONRF1,-0.05835365384615349
CSDC2,0.2585073076923076
SH3BP4,0.033932884615384844
ZNF417///ZNF587,-0.0287713461538459
NFYB,-0.09743249999999991
RINT1,0.03030730769230792
ZMYM6,0.19234615384615408
GGCX,-0.006102692307692061
HCFC1,0.6770925
CETN3,0.03240211538461545
MBOAT2,0.056131346153846476
SLC25A5,0.04149230769230794
FAM192A,0.4568269230769229
ZDHHC3,0.11059769230769254
IGSF6,0.03936903846153868
ZNF654,-0.2768021153846151
CRHR1-IT1,-0.14579826923076905
BHLHE41,0.11731500000000035
ELL2,-0.05143307692307686
BFAR,0.04025096153846166
FAM171B,-0.03308653846153805
MIR3945HG,-0.18457519230769215
SYDE1,0.27061788461538483
KCNS3,0.36580730769230757
COMMD7,0.09967961538461553
TRAPPC3L,0.04107884615384625
SPICE1,-0.0244155769230769
KPNA5,0.009380576923077304
RAB3IP,0.03146038461538495
SLC9A7,-0.03641423076923069
LOC642852,0.029095192307692423
ACTN4,0.39250942307692305
ATP6V0D2,-0.05028423076923045
YBX1,0.018905192307692418
CDK10,0.18543480769230797
IFT52,-0.02492076923076922
PQBP1,0.09064538461538477
TCTA,0.1253869230769233
CENPJ,-0.04903923076923053
IL16,-0.3941953846153843
CCDC86,0.4669511538461539
CFAP57,-0.011721923076922783
FAM13A-AS1,0.15763711538461572
KIAA0232,-0.10427192307692307
NAALAD2,-0.056008269230769014
EXOC5,0.014733653846153976
RNASEH2B,-0.09369769230769195
TP73-AS1,0.11009153846153852
ATMIN,-0.0229499999999998
PPP2R1B,-0.03388557692307673
VAC14,-0.15362365384615348
FCF1,-0.06416096153846136
HNMT,0.18724192307692347
TXNDC11,0.211033076923077
PRKRA,0.06117269230769243
PCGF3,0.010682500000000168
RACGAP1,0.09652653846153882
POP4,0.19460326923076932
RSBN1L,0.06843557692307704
MAN1A2,-0.09461269230769193
PTGR1,-0.00350173076923052
PDSS2,0.01556346153846177
DLX6,0.04301192307692339
MMS19,0.06934730769230776
ADAMTS19,0.04038250000000022
TAF2,0.10386000000000023
MR1,-0.5291449999999996
PLEKHO2,0.9196653846153844
ZNF667,-0.19947365384615345
DNAJA3,0.061067115384615664
CTTNBP2NL,0.006677884615384938
SPAM1,-0.009389999999999808
C1QBP,-0.03086211538461521
ZGPAT///LIME1,-0.28087692307692286
RBPMS,-0.19943499999999975
NCKAP5L,0.1767213461538462
CHURC1,0.03990269230769245
CAMKMT,0.001757692307692493
APBB2,-0.12639269230769226
GTF2E1,-0.013803076923076836
ELOVL1,0.1327367307692311
DNAJC8,0.17473115384615376
CALCRL,-0.05197692307692288
LOC100505797,0.052700576923077065
BCL2L11,-0.1265319230769226
MOAP1,0.05974115384615408
KIAA1211L,-0.08903807692307661
ZNF496,-0.0674153846153843
NSUN5P2///NSUN5P1///NSUN5,0.4691709615384614
MFN1,-0.13201999999999975
CCL2,-0.06567615384615358
CEMP1,0.062080192307692454
ITGB3,0.04711846153846171
ALDOB,0.028515384615384783
SAFB,0.08493980769230795
ALG14,0.0949490384615385
LHFPL3-AS1,-0.024085192307691974
TRNT1,-0.028501538461538224
POLDIP2,0.21863615384615395
ZNF528,0.04160173076923076
TLR4,-0.1370184615384614
CD36,0.02900153846153841
PRPF3,-0.2691855769230766
LOC145783,-0.32483211538461515
DDB1,0.1923730769230769
NSMCE4A,0.20496500000000012
ZBTB3,-0.05254826923076893
C11orf54,0.008858076923077031
SLC35D2,0.05337596153846166
LOC54073,0.030296153846154087
BRWD3,-0.28660076923076877
UNC50,0.07526923076923103
COL4A3,0.09627403846153862
AMZ2P1,0.000698076923076989
ZNF577,-0.04499999999999974
TMEM161B-AS1,-0.026279230769230548
LOC389906,0.013522692307692647
BMP6,0.04069480769230792
ZNF318,0.04674980769230802
PQLC3,0.030982115384615525
THSD7A,-0.03076423076923044
ZFY,-0.07344788461538443
INSR,-0.020134423076923022
C17orf99,0.21160384615384636
IL17A,-0.388137692307692
DMP1,0.016064038461538633
PRRG1,-0.032030576923076835
KLHL14,0.0281055769230772
MANSC1,0.2063726923076924
RPP38,0.23793596153846183
FGB,-0.03960519230769199
AATF,-0.2626488461538459
SNX14,-0.015702692307692164
LINC00320,-0.022643076923076967
DDI2///RSC1A1,-0.062087499999999816
RAP2C,0.055308076923076946
ZNHIT6,0.00284423076923096
TOP3A,0.22696961538461533
SCAMP1-AS1,0.03250326923076957
FAM208B,0.18772403846153868
DNTTIP2,0.0024163461538462697
EPN2,0.07046500000000029
MUC6,-0.11202480769230747
LOC100294145,0.1678525000000002
PRRX1,0.036869807692307716
PPFIBP2,0.10528615384615402
TMEM41B,0.03408019230769264
CKMT2-AS1,0.03630269230769283
FLJ22596,-9.999999999808724e-06
CDYL,0.011572307692307802
NDFIP2,0.0899671153846155
PHF8,0.4996176923076924
ZNF91,-0.007344807692307552
TAF6,0.25628826923076914
PIK3CB,-0.051012884615384425
PTGFRN,-0.08042499999999966
CRLS1,-0.11910634615384606
ZNF555,-0.16115442307692276
LOC100133930///D2HGDH,0.11574115384615388
CNEP1R1,0.017074230769230727
TCOF1,0.0027240384615386266
PPP2R2C,-0.016811730769230763
MSRB3,-0.015905576923076797
LOC101929645,0.015869038461538518
SETP4,-0.00634115384615362
NELFB,0.8123630769230769
FCRL4,-0.04164749999999979
IGFBP4,0.00022211538461570487
RAB11FIP4,-0.03765442307692288
DCXR,0.033053653846153906
RAD23A,0.18049884615384637
FAM149B1,-0.07145038461538443
RALGPS1,-0.04871807692307674
EPHA7,-0.030677692307692236
MAP1B,-0.024915384615384374
TMA16,-0.1789790384615383
GNPTAB,0.16338000000000022
GGA3,0.157798653846154
ACOXL,-0.3812728846153841
CLEC2B,-0.16956634615384591
DDO,0.17650673076923107
TMEFF1,-0.027745961538461605
LOC105374042,-0.022445576923076485
ACSL4,-0.12273634615384624
BAIAP2-AS1,0.177353076923077
IQCB1,-0.1482111538461537
KIAA1671,-0.032859807692307355
BMP2K,0.05165192307692335
RABGEF1,0.32863826923076933
CRIM1,-0.04253999999999983
LINC01494,-0.010151923076922876
RSPH3,-0.08034807692307652
CSNK1D,0.4248048076923078
EGFEM1P,-0.03126884615384594
GBAP1///GBA,0.2685576923076925
TMEM175,0.4089509615384616
FBXL5,0.409811346153846
PRPF4B,0.13476961538461557
KIF1C,0.02921000000000026
LOC284926,-0.08791461538461524
MIR181A2HG,-0.2956896153846151
SF3A3,0.29231019230769245
ZNRD1,-0.009213269230769183
GPNMB,-0.3291251923076918
CD83,-0.04564519230769231
IRX2,0.07753557692307712
FOXR2,0.043807307692307916
FUT8,0.3813182692307693
LSM11,0.22857884615384622
SLC37A1,-0.032004423076922764
TAB2,0.07876903846153868
ADGRF1,-0.14783442307692274
AACS,0.0391565384615386
LOC100130220///DDX3Y,-0.10496673076923055
ATOX1,0.05570019230769247
BRD1,0.07668269230769252
MBD3,0.018474038461538837
GCNT1,0.05922288461538477
RAB11A,0.17281615384615395
ZNF814,0.19870788461538477
IL33,-0.1830284615384613
ABCE1,-0.06951826923076895
ZMYM1,-0.1970421153846152
MAGI2-AS3,0.2925544230769233
RFTN2,0.02622711538461576
STAG2,-0.10180365384615354
GLB1L,0.05171096153846158
IFT74,-0.22280807692307658
IFNA17,-0.08720423076923058
SUN3,-0.04942653846153831
HHIP,-0.09375038461538421
MNDA,-0.03112000000000002
CBFB,0.37902615384615396
PPID,0.012509230769230908
ELK1,0.032279615384615705
LOC105375640,0.03364730769230789
PLEKHA8,-0.06955730769230754
GTSE1-AS1,0.06198730769230782
SUSD6,0.09358423076923084
ERC1,-0.009919423076922847
NMT1,0.057332115384615606
ZNF546,-0.03257557692307691
PPP4R3B,0.10232038461538466
PPT2,0.33641807692307696
SNAPC1,-0.08416711538461531
ANKMY1,-0.0861396153846149
MRE11A,0.03702115384615409
GNL1,0.021150769230769362
GJA3,-0.039870769230768946
GAP43,0.011848269230769386
DKFZP434L187,-0.04975115384615369
DNAJC24,-0.012917499999999768
ZNF92,-0.0135492307692306
NAPA,0.13047423076923098
AP3B1,0.10658230769230775
ZNHIT1,0.25519942307692306
LINC01547,-0.08945557692307667
NENF,0.253229807692308
LINC00461,0.0705538461538465
GDF5,0.042259615384615735
MIER3,-0.049459807692307456
LOC729179///LINC00623,0.2153201923076925
C10orf90,-0.17752711538461508
TRUB1,0.3213651923076924
LOC100131014,0.0016776923076925211
RRN3P1///RRN3P2///RRN3,0.10878096153846172
TFB1M,-0.06266634615384592
WWC2,-0.012909423076922872
PTGR2,-0.032728269230768915
NAA15,0.013659615384615574
LAMB1,0.030864038461538616
PPFIA4,0.286215
TTLL5,0.047895769230769436
SLC25A20,-0.009989230769230426
SOX17,0.014185961538461831
GNG8,-0.034943653846153576
TLK1,0.008043461538461652
SLC35A5,0.05575673076923081
MOXD1,0.6303448076923076
AEBP2,-0.08509653846153821
MID1,0.6904211538461538
PIWIL1,0.05585769230769249
MIR4435-2HG///LINC00152,0.2806359615384616
AP1S2,-0.1076411538461536
CDKAL1,0.05476999999999986
TRAPPC2L,0.1433713461538464
LOC400590,-0.028671153846153492
C4orf3,-0.06920788461538453
CD2BP2,0.04147192307692327
C6orf47,0.14919000000000016
HPS3,-0.07101942307692291
ABCA13,-0.02737480769230736
NEO1,0.600026923076923
PIGH,0.02396942307692324
APOD,0.05437115384615407
ATG14,0.005111346153846277
MLKL,-0.10629269230769199
KIFC3,0.670941923076923
FRG1BP,-0.2818646153846152
SLC6A4,-0.10447307692307649
MUC5AC,0.00300288461538473
C3orf67,-0.03071173076923072
EDC4,0.29177250000000005
BEND6,-0.04130346153846132
ZNF658B///ZNF658,0.14669096153846178
PRKCZ,0.4196755769230769
ICAM3,0.2973717307692306
S100PBP,0.10342057692307731
PIKFYVE,0.03398192307692322
NIPSNAP3B,-0.09643096153846126
TAF10,0.5107713461538463
DKFZP586K1520,-0.03822673076923067
ARF3,0.3709278846153844
CELF2,-0.03331461538461521
HDAC8,0.016373269230769538
SQRDL,-0.03749038461538442
PRDM5,-0.1376611538461535
BSCL2,0.2822751923076924
CEP162,-0.003130961538461163
CNTNAP5,0.005459615384615664
SMAD7,0.011435192307692486
KIAA0408,0.02913788461538485
STARD13,0.17538480769230783
LOC284513,-0.21651211538461496
TCF20,0.15218038461538483
SPIRE2,0.0032803846153847877
LOC100288238,0.08533076923076974
CCDC37-AS1,-0.04991480769230755
MEFV,-0.003912692307692235
LOC101929125,0.15596403846153853
DIABLO,0.5254794230769229
GGT6,0.5646924999999998
LACC1,-0.09606134615384597
GSTZ1,-0.1648461538461537
GGA1,0.42166884615384614
FAM186B,-0.06648365384615364
NLK,0.3699365384615384
LINC00189,-0.1590149999999996
ZNF281,0.15510076923076938
OR8G2,0.051748846153846395
EPB41L4B,-0.09270615384615359
ITPR1,-0.04609807692307678
DAXX,0.9902832692307689
PPIL1,0.10210307692307696
NCEH1,0.08629057692307734
ZNF300P1,0.003958461538461908
SMC4,-0.24372942307692289
BICD1,0.24241884615384615
RNF113A,0.2938296153846153
SREK1IP1,-0.12654499999999982
OGFOD1,-0.029617692307692223
FAM133B,0.013703461538461801
TFPI,-0.003796730769230543
CLDN18,0.04982384615384636
LOC101929144,-0.0015269230769225071
KRT18,0.07113076923076955
STRN,0.011698461538461682
GPALPP1,-0.02042576923076904
PDCL2,-0.10203557692307655
PINK1,0.10776865384615433
LOC102546226,-0.0029117307692306067
MND1,-0.09657653846153841
G3BP2,0.02676615384615419
GYPA,-0.03515538461538433
ILKAP,0.10398269230769241
MTMR12,0.4545511538461539
IKBIP,-0.0015457692307689452
CCDC71L,-0.07010673076923035
LOC100129112,-0.04131211538461528
BBS1,0.5300173076923074
SLC39A7,0.20978942307692325
DONSON,-0.0668680769230767
DNTTIP1,0.3439665384615385
DLG5,0.08420519230769238
ZFYVE26,0.7383765384615385
CDK19,0.13020365384615382
RAB11FIP2,-0.0068076923076921085
SCN9A,-0.10338538461538417
LOC283357,0.28028634615384623
CHID1,0.6800094230769229
SIK2,-0.0427934615384615
IL11,0.07085576923076942
MEGF11,-0.017416346153845977
GDPD3,0.01659480769230775
PLPP5,0.17944807692307704
DENND4B,0.5815992307692308
ESCO2,-0.010739423076922739
AGAP5,-0.026132499999999788
RALGAPA2,-0.26202038461538435
STAM,-0.16007807692307657
ZNF385D,0.4678142307692307
SIX4,-0.05912711538461499
MUC4,0.0019259615384616155
STK11,0.5279026923076919
NMT2,0.027419615384615577
GPR37,-0.0222234615384614
TM9SF2,0.08368461538461554
DPP3,0.23823826923076927
TMEM101,0.05316865384615384
ZNF80,-0.2920486538461535
MAP7D2,-0.09113730769230742
DHDDS,0.3775273076923078
LOC101927610,-0.01472846153846123
COQ10B,0.33430942307692313
FAM66D///FAM66C,-0.1577371153846153
RET,-0.08843980769230704
LOC728408///FAM133B,0.07519500000000029
FIBP,0.2650498076923079
ADH7,-0.0745865384615381
SPRR2G,-0.015209999999999587
APOLD1,-0.04740499999999975
CCDC171,0.0626178846153848
CDK12,-0.0032709615384612797
ASF1A,0.011887884615384751
SNAPIN,0.13523634615384636
FAN1,0.18090634615384626
PDCL3P4///PDCL3,0.061358846153846354
SLCO3A1,0.12864749999999983
MYO5A,-0.0504023076923075
HHLA1,-0.09640038461538421
FOCAD,0.11204384615384637
DKFZP564C152,-0.060434230769230574
MAP1LC3A,0.11551269230769243
KCNJ10,-0.07734692307692272
ARHGAP21,-0.05378307692307662
BAG6,-0.07636942307692274
SGSM3,0.22150019230769244
CRTC3,0.2817386538461539
ZNF215,0.01687192307692313
COMMD8,0.2069563461538463
HS3ST3A1,0.3163196153846154
DUSP4,0.014006346153846164
PPP6R1,-0.04508769230769227
PUS10,0.008151923076923185
PLEKHM1,0.03708442307692336
DCP2,0.015628269230769362
DEPDC1B,-0.07308557692307673
TCFL5,-0.32328634615384605
LOC105370737,-0.1078446153846152
KIAA0509,-0.08707384615384585
VHL,-0.04950211538461503
MRPS9,-0.022631153846153707
RBM22,-0.028749038461538267
GPC1,0.25587346153846136
ARL17A///NBR2,-0.3251188461538459
IFT88,-0.0011830769230768692
PHC1P1///PHC1,-0.06169692307692271
STX18,0.03706384615384629
PCSK1,-0.07582346153846119
LINC00341,-0.07343634615384582
RAPH1,0.005291153846153931
GGT2///GGTLC3///GGT4P///GGTLC1///GGTLC2///GGT3P///GGT1,0.0938265384615386
ARHGEF10L,0.18508346153846184
ABHD6,0.2645926923076923
ATAD2,-0.06864230769230772
CLUH,0.1877663461538466
SKIV2L,0.3991898076923077
ADCY9,0.04572000000000028
ZNF638,-0.003639423076922924
CPPED1,0.02078115384615404
C21orf91,-0.13894615384615347
MLEC,0.24509596153846144
LNX1,0.042764615384615706
HELZ,0.038311730769230896
OXA1L,0.07043615384615402
POLR2J4,0.021625384615384817
CASD1,-0.023649807692307366
SSFA2,-0.018194230769230563
SIRT5,0.009814038461538693
CENPL,-0.056190576923076684
DTX3,0.017116538461538582
CLDN1,0.0009198076923078579
MGC10814,-0.005908846153845911
LOC143286,0.02972865384615403
C12orf43,-0.0027419230769230732
HBE1,0.2261857692307695
CDC42SE2,0.16928557692307708
STRBP,-0.009256153846153657
C9orf85,0.12558442307692338
ARMCX2,-0.014272499999999862
RGPD2///RGPD6///RGPD8///RGPD3///RGPD1///RGPD5///RANBP2,-0.01944211538461531
MAMDC2,-0.02302942307692292
PSEN1,-0.06747326923076895
RPL7AP36,0.21594846153846164
ADGRG7,-0.08167576923076895
DDX43,-0.01973423076923057
PCDHGB7,-0.019543846153846026
QRICH1,0.2303586538461541
SNPH,0.05911461538461547
LACTB2,-0.030043269230769137
ERVH-6,0.5570053846153844
CACNA1A,0.3701198076923078
TRPC7,0.016293653846154176
BOD1L1,-0.026923653846153493
NXF1,0.34551942307692307
NHLRC2,-0.6122959615384611
SNX4,-0.03956442307692277
ALPK3,0.32741057692307685
USP6NL,-0.015821153846153624
BIRC3,-0.024950769230769134
SLC39A10,0.0031144230769232883
CCNJ,0.14787461538461563
FGD4,0.0033665384615386785
MRPL24,-0.04103480769230752
RARB,0.2560680769230769
ABCC6,-0.12977384615384574
RALGPS2,-0.09776115384615378
GTPBP1,0.6154675
LYST,0.06667346153846183
SNX15///ARL2,0.2543730769230772
CDK7,-0.012879038461538211
HMGCLL1,-0.02529076923076896
C4orf32,-0.05657346153846133
SPAST,0.23588788461538482
EGF,-0.012360384615384322
CDC26P1///CDC26,-0.02817846153846125
HYAL1,-0.0017301923076920775
CKAP2,-0.03189038461538436
HSF2,-0.03614288461538459
ELOVL4,0.1701450000000001
RCHY1,-0.12353249999999984
MTO1,-0.02042384615384593
GLOD5,0.0029821153846157893
CTCF,0.10818923076923091
ZNF26,-0.09293269230769198
RBM18,-0.005837499999999875
DHX32,0.030974423076923222
LCLAT1,-0.0028978846153843124
NAA40,0.0566100000000001
CDAN1,-0.2129801923076922
CNOT6L,-0.002627115384615084
C1orf109,0.02790269230769254
SEPT8,-0.21823057692307676
HAUS6,0.06456115384615405
FOXD1,0.2553136538461539
SYCP2,0.03651634615384659
TMEM223,0.33610634615384627
SOS2,-0.1599371153846154
AGTPBP1,0.05780846153846175
FLNB,0.07996865384615386
BAG3,0.36836903846153846
NUP205,0.011782307692307741
HIST1H2AM,-0.057761538461538246
LYRM1,0.008060192307692615
AGPAT3,0.03641230769230773
ABCC10,-0.18351461538461525
GLRA3,-0.18602769230769198
AFDN,-0.12638403846153803
LOC100134159///CCDC144B///CCDC144A,-0.14988576923076877
CIR1,0.17258153846153856
PIGY,-0.02708442307692303
SIVA1,0.06216019230769259
DNTT,0.10722769230769255
NRDE2,0.024110576923076946
CDADC1,-0.15887230769230754
CCDC191,0.0009192307692309716
ACSBG1,-0.1089976923076923
KARS,-0.12174038461538457
SDCCAG3,0.2400786538461539
LOC441245,-0.014658269230769062
DACH1,-0.14716499999999957
ZMYM3,-0.08067269230769211
LOC90462,-0.07351019230769222
SNX19,-0.08684057692307666
MED6,0.19164903846153863
LOC101929210,-0.15500442307692297
ACADM,0.1308948076923077
HMGB1P37///HMGB1P10///HMGB1P1///HMGB1,0.002605192307692547
USP8,0.03192096153846169
TUFM,0.27693807692307676
CDC14B,-0.11065461538461514
LHX4,-0.2035271153846149
FAM114A2,-0.024152692307692077
HNF4A,0.04910365384615403
ZNF569,0.0186103846153847
MTHFD2L,-0.04692538461538418
NIT1,0.059692500000000086
GALNT10,0.14294230769230817
DICER1,0.05339230769230776
TRAPPC6B,0.20366615384615394
SEPT10,-0.008255192307692349
SMCO4,0.07257096153846143
USP4,0.03203499999999995
ETS2,-0.03228942307692293
IL6R,-0.009154230769230597
WDR19,0.2822476923076924
TBCB,0.04306884615384645
ABCB5,0.0017005769230771786
CAMK1,-0.02295365384615373
TASP1,-0.06822403846153827
GDF2,0.0002967307692310871
MGRN1,1.1835592307692306
GAPDHP32,-0.03977230769230734
BCL2L2,0.1830236538461539
MPHOSPH6,0.0716269230769234
FLJ32255,0.03404000000000006
PI4KB,0.008519615384615577
TSGA10,0.1437026923076923
CRISP1,-0.014648653846153823
ABHD10,0.17000653846153865
CLCA4,-0.027763269230769112
MDM2,0.12999211538461558
ZNF81,-0.11479057692307665
ERMARD,0.02185403846153851
TNFRSF1A,0.7745184615384612
ILF3,0.24099865384615382
FBLN1,-0.09913557692307673
PBX1,0.090351730769231
LOC729353///LOC728125///LOC727751///LOC388161///GOLGA2P7///GOLGA2P10,0.03776711538461558
SLC25A44,-0.022915769230769142
SLC2A3P1,-0.10446269230769217
MIOS,0.0014648076923078424
TYMS,0.14164500000000016
ANKRD36///ANKRD36B,-0.03564326923076896
ZNF502,0.009165961538461815
TBC1D1,-0.027113653846153624
GALE,0.8052263461538464
ISG20,-0.24310346153846152
IWS1,-0.1545823076923074
LSM12,0.029726346153846474
TADA2B,0.16096153846153866
CHD3,0.08717384615384623
CCM2,0.266891730769231
RAPGEF5,0.029188653846154017
TRMT13,-0.08744365384615356
CLEC7A,-0.0676569230769228
VEPH1,-0.13774173076923066
WDR48,-0.11924403846153821
LYRM2///ZC3H11A,0.04812903846153855
CD93,-0.054547499999999735
CREB1,-0.10233480769230738
LOC90246,-0.004529807692307403
MVB12B,0.42624980769230775
PLXNA4,0.07008134615384624
ANKRD13C,-0.05790865384615374
VAMP2,0.09040019230769247
HMGB4,-0.02880173076923044
STARD4,-0.05253807692307676
CDC37L1,0.3306703846153846
PCBP1,-0.01575423076923063
CLCN5,-0.057124615384615406
UBXN10,0.026441730769231047
ABHD17A,0.027107692307692534
IGF2BP2,0.12206538461538456
SGO2,-0.030243269230769056
ADAM12,-0.07838692307692294
MYL12A,0.06592653846153865
ANKRD1,-0.014463653846153762
TRPV3,-0.11653000000000001
GRIK2,0.014720192307692422
TROVE2,-0.05498230769230743
TBX18,-0.0003757692307691245
ZNF37BP///ZNF37A,-0.023839999999999598
CBWD7///CBWD6///CBWD3///CBWD5///CBWD2///CBWD1,0.013143653846154051
C18orf54,-0.03690673076923061
IQCE,-0.005115192307692145
BOD1L2,0.05860365384615404
SCYL2,0.01988326923076945
LINC01134,-0.057811923076922726
POF1B,-0.0043267307692306375
SDPR,-0.04551653846153814
TRMT61A,-0.23509365384615363
EPM2AIP1,0.38979499999999995
RNF141,0.08559365384615401
OAZ2,0.0717317307692309
TNFRSF12A,0.5300882692307689
AGPAT2,-0.01819192307692285
RBBP4,0.2821338461538462
PSMD5,0.12275538461538477
ALAD,-0.007071923076922821
SH2D4A,-0.012805192307692037
MICAL1,-0.0580424999999999
PATZ1,0.09064480769230795
TMEM138,0.04972923076923103
BUD13,0.04426538461538495
CKS1B,0.23619038461538464
OSBPL1A,0.09288807692307707
EPHB4,-0.05214115384615359
AP2B1,0.045653653846153885
PPP1R1A,0.22464576923076954
TMEM5,-0.06666423076923055
FRRS1L,0.007426730769231014
CCDC189,0.054109807692307936
CSF2RB,0.015190192307692722
ZNF260,-0.003893653846153922
SNX24,0.04822576923076942
PDE7B,0.015405000000000304
NFATC3,0.47386
DAPP1,-0.024729807692307502
HNRNPF,-0.015925576923076702
SERPINI2,-0.37637673076923045
ATL3,0.10859692307692326
C6orf106,0.027345961538461715
OSGIN2,-0.005747884615384331
ALDH1A1,-0.030611538461538322
CCDC141,-0.040832115384615106
PCAT4,-0.008626346153845731
INSIG2,0.030857307692307864
FZD9,0.2387178846153846
HIC2,0.09964788461538486
MGA,0.0047994230769231525
PLEKHG4,0.004319615384615683
TAF5L,-0.020352884615384405
CEP95,-0.0004694230769230052
TPCN1,0.6045975000000002
PRRC2A,-0.026905192307691922
DNAJC14,-0.005378461538461534
PCAT7,0.17581557692307706
KIAA1147,-0.17362749999999974
RCOR1,-0.05142057692307674
NHSL1,0.13840961538461546
FDX1,-0.0003723076923076665
CHCHD7,-0.19311134615384598
TRIM62,0.018382692307692274
EIF4E2,-0.012357499999999865
JRKL,-0.13399249999999974
ATOH8,0.011988653846154121
KDELC1,0.28616384615384644
PLEKHA2,0.08658384615384643
GUCA1C,-0.1540269230769227
FGF9,0.009655000000000314
IDE,-0.11789461538461524
MBNL3,0.012182115384615782
NOL9,-0.2674765384615381
CROCC,-0.22921019230769205
RBM15B,0.1953309615384617
ECHDC2,-0.21623288461538465
SLC37A2,-0.14074769230769213
FGF7P3///FGF7P6///FGF7,0.03417615384615399
DMRT3,-0.04810076923076909
M6PR,0.023447307692307965
EXOSC3,-0.008733846153846049
IQCH,-0.0878374999999998
KCNB2,0.00361230769230807
TAF8,0.058419230769230945
ZBTB43,0.02805711538461557
COG7,0.03155615384615403
LOC652494///IGHM///IGHG3///IGHG2///IGHG1///IGHA1///IGH,-0.2135336538461535
HIF3A,0.01392115384615402
COQ5,0.18458942307692316
GEMIN5,-0.07687749999999968
CNPY4,0.15407903846153861
NIP7,-0.012233461538461237
MRPS35,0.04566557692307705
RXRB,0.14901346153846132
PIGA,-0.201536923076923
EFCAB13,-0.018100769230769014
IFNGR1,-0.13555442307692295
DNMT1,0.11817711538461532
CEP120,-0.020832307692307424
PTPMT1///KBTBD4,-0.027539038461538073
CACHD1,-0.010987884615384505
EIF3C,-0.06577057692307665
EIF2B5,-0.11788884615384589
KLHL18,-0.014596730769230324
ISM1,-0.002456730769230648
KCNQ5,0.32452711538461554
NRAV,-0.056903269230769146
STK17A,0.14877365384615399
GTF2I,-0.03547192307692296
SLC25A17,0.17512480769230776
EIF2B2,0.08022730769230796
MRPL22,0.11000884615384637
MYRIP,-0.03994634615384567
ITGA6,-0.008439615384615186
DBR1,-0.0006707692307690628
CYTH1,0.008984615384615533
PEX13,0.010995192307692348
ZNF621,0.12316384615384644
ELAC1,-0.055194230769230704
ATP2B1,-0.08771903846153824
PARVB,0.08647230769230778
SLIT2,-0.02528076923076911
HPGD,0.08172269230769243
LOC100131004///KIAA1671,0.12775038461538474
SCAMP3,0.11666096153846146
VAMP7,-0.12000019230769239
ARHGEF28,0.34468538461538467
PROK2,-0.026944038461538304
TSPYL4,0.0989075000000001
ZNF793,-0.1125248076923075
OSER1-AS1,-0.006377692307692092
TRABD,0.7305880769230766
TAF1A,-0.05008769230769199
DPP4,-0.08140230769230725
GLDN,0.054692884615384844
CENPBD1P1,0.034889038461538645
MAK16,0.13641288461538478
PRR14L,0.4619542307692308
TAF9B,-0.1102467307692303
ZNF483,-0.13965076923076905
ARHGDIA,-0.016026923076922835
SCNN1G,0.02351807692307723
VTI1B,0.2162630769230772
C14orf105,-0.04056192307692285
FBXO42,-0.0066213461538459275
CDC7,0.003953653846154056
TAF4B,-0.012166346153846035
F8,-0.06850807692307671
PRPF31,0.017846153846153852
NOS1AP,-0.12900557692307682
MERTK,0.20910173076923094
KIF11,0.0015926923076925099
ERG,-0.056378076923076684
ERI1,-0.016266730769230606
PDE6B,-0.06324999999999978
TFPT,0.16195442307692332
RNF138,-0.09706653846153822
ENPP5,-0.2024248076923074
CDK17,-0.17238557692307666
MTRF1,-0.009099807692307447
C5AR1,-0.04101134615384577
LINC00691,0.015057307692307818
POP5,0.0499363461538463
EPDR1,0.5144255769230768
EXOSC7,0.10029173076923067
HOXB5,0.08475269230769236
STAMBP,0.030884038461538425
FGF13-AS1,-0.05929269230769223
SNN,0.23391019230769228
RPE65,0.033182500000000184
SPG20,-0.04549499999999988
ADAM10,-0.2243753846153844
PPM1B,-0.031886730769230515
CUL2,-0.11557211538461516
APOL6,-0.014605961538461519
TOR1B,0.08339903846153872
TOPBP1,-0.043629038461538386
UCHL3,0.0255948076923079
PTRH2,-0.013469038461538385
ZNF43,-0.028671730769230273
SCOC,-0.14243826923076888
SMAD4,-0.053479038461538536
CYP4V2,0.11119307692307709
NOTCH2,0.02925153846153851
TLE2,0.08372365384615398
ATG5,-0.008585192307692032
C2CD3,0.1668796153846155
SGCD,0.11116634615384637
LRRC41,0.13594634615384638
ADNP,-0.06620653846153836
DSC3,0.008692500000000178
UFD1L,-0.09732749999999993
DPH3,0.008187692307692581
ZPR1,0.24272615384615392
GRAMD3,-0.008485576923076575
TRMT10C,0.2625451923076925
DCLK3,-0.019597884615384368
C2orf68,0.15847634615384631
TTC7A,-0.054967884615384266
LOC91548,-0.11165769230769204
EXOC6B,0.009873653846154073
NUDT6,0.20270423076923075
SGTA,-0.22910365384615353
GNE,0.06245749999999995
ANKS1A,-0.0003426923076921158
IRGQ,0.10196346153846184
YBX3,0.009702884615384972
LY6H,0.023375000000000295
LINC00526,0.10594673076923088
PPP1R3B,-0.008927115384615185
DCTN3,0.22670346153846177
LMBRD2,-0.04908153846153799
RSPH10B2///RSPH10B,0.010943269230769435
LOC100133775///CCZ1B///CCZ1,-0.01519749999999976
SLC22A7,-0.054849230769230366
WDFY3,0.4678417307692307
CCDC181,-0.17589749999999976
SLC27A4,0.4125684615384618
GSKIP,0.004099423076923434
ZDHHC13,-0.004774230769230503
AGPS,-0.09430980769230758
RHBDL2,-0.0948980769230767
PIBF1,0.08049903846153852
LOC100128405,0.2812096153846156
PELI2,0.038623846153846224
AEN,0.37171788461538463
TMPRSS12,-0.04195730769230745
IPO5P1,0.4369084615384615
LBH,0.08296288461538462
HIST1H2AB///HIST1H2AE,0.15341653846153874
PRPSAP2,-0.2563009615384616
ZNF136,-0.07507365384615361
PELI3,-0.01231461538461525
PHC2,-0.12549019230769204
DNAJA2,-0.010990769230769307
LOC101927709,-0.02834980769230729
THYN1,0.2004501923076924
ITGB3BP,0.39395615384615373
DDR1,0.321248653846154
PAK5,-0.005668269230768941
GET4,0.5239482692307692
SNX27,0.047510961538461766
ZFP30,-0.018339423076922858
ST6GALNAC6,0.23849153846153848
LINC01004,-0.02095576923076911
FMR1NB,-0.06047788461538429
C2orf47,0.1904559615384617
SEL1L,0.08323307692307694
FAF1,0.0762957692307694
LRRC8E,-0.07438749999999979
PRKCSH,0.06005230769230786
RPL34-AS1,-0.06920365384615378
DCAF5,-0.056588269230769164
HS6ST3,0.030646730769230912
TRIB2,-0.045875384615384415
ZFAND1,0.18332365384615396
SIRPB2,-0.007324999999999696
MIR205HG,-0.10444634615384596
NHEJ1,0.33410865384615385
ADARB1,0.4161082692307691
DBF4,0.01315634615384639
FAM216A,0.07359365384615407
DLSTP1///DLST,0.06809346153846182
ANAPC10,-0.022881153846153638
SACS,-0.0685911538461538
TSPAN9,1.105960576923077
LINC00661,-0.05137903846153808
ARSD,0.15137826923076936
ZMYND15,-0.08553384615384596
LOC100127974,-0.1043794230769227
C16orf72,0.04602961538461549
PRDM4,0.00788942307692309
KLK9///KLK8,0.06334115384615432
CCDC186,-0.06782134615384591
PRO0478,0.3927973076923075
HADH,0.049448269230769344
FAM105A,0.025709038461538658
PPM1K,-0.12468653846153827
ATR,0.12167576923076953
IGSF3,0.05458403846153887
ANGPTL1,0.00143980769230786
GGA2,0.13205442307692328
MRPS28///TPD52,0.06055288461538464
ELP6,0.2511480769230769
TMEM107,0.049875192307692426
TGDS,0.018467500000000334
MEOX2,-0.08309461538461514
LINC00862,-0.14313807692307653
ZNF839,0.04661384615384647
METAP1,0.04505076923076937
DNPH1,0.40436673076923085
ZBTB11,0.08141038461538488
TFAM,-0.0026307692307689493
BEX2,-0.08330557692307675
VSIG8///C1orf204,-0.02391692307692292
MPZL2,0.1512138461538464
LINC00161,0.04085365384615405
FZD1,0.05554384615384617
BHLHB9,0.011843653846154155
ZNF263,-0.0008530769230767389
NDUFV3,0.15738807692307685
YIF1A,-0.08736615384615351
ZNF233,-0.0023711538461536176
ALG9,0.3514571153846153
SHPRH,0.03071500000000024
RBFOX3,-0.11604961538461529
TMEM38B,-0.06657884615384636
ERMP1,0.053361153846153954
MYCBP,-0.05301269230769183
GCH1,0.3681378846153845
USP36,0.03538961538461574
ABHD1,0.028243269230769384
ZFYVE28,-0.05118269230769224
WASL,0.03972307692307706
CCDC3,0.21710923076923075
LDAH,-0.01831307692307663
APOC2,0.01643884615384615
HYAL2,0.2825617307692311
NAP1L3,-0.10713403846153824
PRDM2,0.029294038461538687
CEPT1,0.1283975000000003
WNT4,0.09460057692307687
MTF2,-0.02122307692307677
EGOT,-0.0491040384615381
ZNF221,-0.11905942307692272
GJB2,-0.05167288461538455
TNFSF14,-0.18631249999999988
PCID2,0.0035505769230770147
SLC39A3,0.08541615384615397
LRRC57,-0.040759807692307394
SMAD2,0.13375711538461563
NT5C,-0.04044807692307675
HBS1L,-0.1282967307692304
SYNE2,0.02034846153846175
VCAM1,0.047469230769230895
HOPX,0.01072846153846169
DUSP18,0.09296000000000021
ZNF251,-0.026640769230769242
DSEL,0.20338019230769247
SNRNP40,0.03745000000000008
TLE1,0.009882692307692452
DOCK8,0.02192346153846184
BMS1P6,-0.1507524999999996
UBXN7,-0.026324999999999675
PLBD1,0.3516442307692308
CAMKK1,0.1265805769230769
RBM15,0.04222942307692332
MMD,-0.06270269230769207
IGK///IGKC,-0.008585961538461155
UBE2F,0.009033846153846463
POTEKP,-0.07003499999999956
BLOC1S2,-0.03556057692307693
LINC00550,0.06622365384615408
PTPN21,-0.09460519230769185
SLCO1B7///SLCO1B3///SLCO1B1,-0.013093653846153635
LINC00475,-0.2479694230769229
LEMD3,-0.0922999999999998
RAB30-AS1,0.01127961538461556
BTBD3,0.03559403846153868
RAPGEF1,0.37109961538461533
VKORC1L1,-0.007017307692307606
SUMO1,0.050976346153846226
POLR3G,0.0859098076923077
CNN3,-0.044215769230769045
MIEF1,0.10202000000000033
DENND1B,0.006176346153846173
ALDH3B1,0.04951980769230773
MCM6,-0.24189153846153777
FAM200A,-0.039414038461538285
HMGCR,-0.0050007692307690215
DDX53,-0.046988076923076785
ADGB,-0.005837884615384367
DKFZP434I0714,0.3385053846153847
FAM53B-AS1,-0.09628326923076903
ZNF286A,-0.08655403846153817
ATE1,0.005402307692308025
NUS1P2///NUS1///NUS1P3,-0.06255442307692304
LOC100134331///LOC642131///IGHV4-31///IGHM///IGHG4///IGHG3///IGHG1///IGHD///IGHA2///IGHA1///IGH,0.045010192307692286
DTNBP1,-0.3585367307692302
GTF3A,-0.07774423076923055
DKFZP586I1420,0.053929038461538584
ICE1,0.1428584615384617
PREB,-0.0584405769230767
NRAS,0.0317046153846155
POTED,-0.013253461538461377
WDR74,-0.0037898076923074593
RIC8B,-0.05820942307692272
SEMG2,0.009214807692307918
NEDD1,0.3595134615384617
MEGF9,-0.010122307692307457
GM2A,0.379903076923077
FLJ16734,0.026406923076923435
PTPMT1,0.023321730769231063
PA2G4,0.1963767307692309
NIPA1,-0.0730107692307691
LPA,-0.021465192307691994
CDKN1A,0.22338942307692317
ZNF397,0.04737076923076941
KIAA0391,0.20225826923076926
MSRB2,-0.20987480769230737
PPTC7,-0.0009896153846152052
IMPA1,0.18657673076923065
PIP4K2B,-0.030554038461538296
LURAP1L-AS1,-0.06370807692307653
FOXA2,0.06092115384615421
EGLN1,0.006077115384615688
UPB1,-0.0216949999999999
ASPSCR1,0.16138076923076922
COL13A1,0.1514148076923078
NCAPD3,0.009275000000000064
USP32P2///USP32///USP6,-0.029274615384615243
LLPH,-0.053214423076922965
LOC253573,-0.1427582692307689
ZNF536,-0.03303980769230756
MYNN,-0.010817692307691883
PKNOX1,-0.07456307692307673
LOC100131613,-0.09951557692307653
SENP8,-0.03525596153846134
MALT1,-0.20795480769230743
AMY2A///AMY1C///AMY1B///AMY1A,-0.002703653846153653
ZNF770,-0.03118269230769218
SCMH1,0.3219301923076925
LONP1,-0.1915751923076921
FSCN1,0.16159557692307683
CYP7B1,-0.03562019230769195
DEFB1,-0.04519826923076909
TRMT2B,0.020925576923077095
ASB13,0.39608423076923077
MTERF1,-0.013190769230769235
THOC5,0.17192211538461524
IDH3B,0.27742942307692336
LOC105370832,-0.057065192307691845
EID2,-0.15958942307692303
PDCD2L,-0.03649903846153831
KIR3DX1,-0.148393269230769
TNFAIP8,-0.010723076923076821
PHLDB2,0.004748076923077102
ALPK2,0.461028653846154
BRWD1,-0.06684557692307674
MS4A4A,-0.06971884615384594
CFHR3,-0.051617499999999664
TRMT61B,0.20865115384615393
ANG,0.05230807692307713
ZNF718,0.0790692307692311
CEP97,0.09803019230769244
VPS54,-0.13287307692307657
LOC105375839,-0.20565749999999988
TRAPPC9,0.27322807692307716
GUCY1A3,0.07401538461538482
LINC00470,-0.20116038461538432
NMI,0.03340923076923101
LOC101927237,-0.0037571153846149836
SMARCAD1,-0.0050409615384613
LINC00997,-0.09190173076923049
MIIP,0.03371826923076936
DIS3L2,-0.315114615384615
CUBN,-0.047478076923076686
ZNF852///ZKSCAN7,-0.134622692307692
COMMD5///ZNF7,0.017961538461538643
ZNF710,0.07408500000000036
CDC5L,0.11196615384615405
WHAMMP2///WHAMMP3,0.0038542307692312015
NOLC1,0.013261923076923114
ALG8,0.04421500000000024
SNORD114-3,-0.14425903846153815
RGP1,0.060934423076923316
NUDT11,-0.06126192307692288
STON1,0.16182999999999992
ZNF485,-0.14653288461538427
LIX1L,-0.002933461538461387
KIF16B,-0.0550644230769228
CBY1,0.3024165384615385
HPCAL4,0.10976480769230809
SCRN3,0.14620365384615408
TUBG1,-0.32308153846153825
LOC653972///CBX3P9///CBX3,-0.08511249999999962
ENTPD1,-0.12205634615384586
OR7A10,-0.045323653846153604
C3orf14,-0.10236615384615352
POLR3H,0.24077403846153855
C8orf4,0.03493980769230784
EXOC2,0.11752134615384645
DEPTOR,-0.18697519230769216
LINC01222,-0.06595865384615308
GABBR1,0.3535032692307692
C6orf132,-0.023332692307692186
SCARF1,-0.15530673076923057
SIK1,-0.03257326923076919
SIRT1,-0.13833230769230742
SRP19,0.015321153846154014
ACOT11,-0.026324423076922773
PACRGL,-0.014161730769230402
STAT3,-0.1009582692307688
GCC1,-0.14134749999999982
NUBP1,0.0942678846153845
PRKRIP1///PMS2P3,-0.053046346153845965
SLC9A3R2,0.5520375000000001
PDP1,0.003009615384615476
CGREF1,0.002930192307692558
LOC100507494,0.004402692307692464
LOC105372550,-0.06334730769230741
GS1-24F4.2,0.033825769230769284
FKBP15,0.027911923076923185
IL31RA,-0.006878653846153622
MEIS3P1,0.07016423076923102
LINC01355,-0.06797711538461522
MKRN2,0.062468076923077216
XRCC1,0.45962346153846145
ZNF410,-0.14309846153846137
LYRM4,-0.03508173076923055
ICE2,-0.05100403846153837
TTC31,0.045341730769230884
TUT1,-0.0175799999999997
CGRRF1,0.0656561538461539
MITF,-0.1301673076923076
TMEM259,0.3330436538461541
GTSF1L,-0.0033549999999999158
COL12A1,-0.08899288461538447
ERLIN1,0.05021442307692325
AGAP5///AGAP7P///AGAP14///AGAP9///AGAP6///AGAP11///AGAP4,0.021395384615384722
LOC105376037,-1.4230769230640588e-05
RAD54B,0.048103846153846275
FAIM,-0.02828999999999976
PCDHB13,-0.03549403846153837
IL5,-0.01963192307692305
KRT25,-0.16287692307692284
PPP3CC,-0.003435384615384484
GALC,0.3365567307692308
TIFA,-0.04766807692307667
GPRASP1,0.21899807692307702
GBP5,-0.09248423076923044
TRMT5///HMGN2,-0.0036151923076920113
ABCC13,0.2541784615384617
NCAPG,-0.009195961538461509
LOC158434,-0.027917499999999797
LINC00424,0.08228692307692344
SAMD12,0.1390903846153847
FABP3,-0.35208019230769216
IDI2///GTPBP4,-0.0007432692307689985
LINC01477,-0.10918538461538435
LOC105371622,-0.10362192307692294
CXCR4,0.07874365384615403
RPE,-0.010722307692307661
KIF3A,-0.06692096153846129
FAM175A,0.007479038461538563
SRSF4,-0.004194038461538407
MCEMP1,0.12991711538461576
SLC22A3,-0.03442480769230742
AKAP1,0.364743076923077
DRAP1,0.171766153846154
GSTA4,0.35291653846153836
CDK14,0.053395192307692435
FYB,0.13192211538461548
CDC42EP3,0.32346384615384627
UBR5,-0.027587115384615304
LOC100128343,-0.09651596153846119
GPD2,-0.4430296153846148
MARK1,-0.16253192307692285
IGF2R,0.41206326923076925
LINC00623///LINC01138///LINC00869,0.08389019230769242
EPC2,-0.008127499999999916
HN1,-0.071335192307692
C9orf163,0.07466615384615397
C12orf76,-0.02145519230769221
SLC19A2,-0.05242173076923047
GID4,-0.016133461538461374
LSM4,0.48597807692307693
PPIL3,0.1746598076923078
TRAK1,-0.014938653846153558
GPR146,-0.007022884615384051
MCCC2,0.02231346153846169
TNIK,-0.02760153846153822
DHFR2,-0.056805192307692064
WDFY1,-0.0750180769230767
ABAT,-0.1602378846153844
MPLKIP,-0.2594180769230766
STX17,-0.06971634615384585
ZNF271P,0.12546115384615414
RUNX1-IT1,-0.05552596153846141
TRIP10,0.8316844230769229
KDM6A,-0.10740134615384599
PWP2,-0.024623653846153438
MAML2,0.3526932692307693
ADAM3B,0.020628076923077367
LOC728323,-0.040697115384614985
LOC647506///IGK///IGKV1-5///IGKC,-0.0858865384615381
PARP2,-0.1992119230769229
GPN1,0.06653403846153873
C18orf50,-0.32713499999999995
TRIM16L///TRIM16,-0.33476615384615355
CDHR3,-0.21123288461538428
RCN2,-0.020886153846153662
PTER,-0.02399326923076873
CPSF3,-0.00690692307692286
NEUROD2,0.06838250000000018
RBMX,0.01509288461538493
DCLK2,-0.04226384615384583
TRIM37,-0.09136288461538443
HEBP1,-0.013942307692307568
ESCO1,-0.06751538461538423
CAPS2,-0.014925769230769182
OLFM1,0.06589423076923097
C11orf87,-0.09173057692307655
INO80D,-0.027914423076923055
FSBP///RAD54B,-0.06858134615384588
ZNF556,0.008776730769230853
ZNF267,0.04827057692307717
VSX1,0.037097307692308006
LOC100132910///GALNT2,0.5363013461538461
ATP7A,-0.0021090384615382353
MPP1,-0.04824961538461498
UBA5,0.011209038461538751
LINC00938,-0.04267249999999989
ATPAF1,0.32299942307692314
VWA8,0.020256346153846246
OTUB2,-0.014362499999999848
SIRT2,0.0690150000000002
FMR1,-0.021245192307692107
GSR,-0.05832173076923035
TULP4,-0.07449749999999974
CYP26B1,-0.05484634615384574
PLXNB2,-0.006457307692307535
TEKT4P2///LOC728312,0.3132157692307694
LZTFL1,0.12086653846153857
UGT2A3,-0.15293980769230744
TCL6,0.01939096153846164
TXLNB,0.06178134615384641
CCHCR1,0.22547461538461563
ZCWPW1,0.13822596153846167
IGLV4-60,-0.18646326923076895
CHERP,0.06318557692307698
PFDN1,0.08266326923076944
SPATA20,0.2838396153846155
SLCO4C1,-0.05522288461538446
SAP30,-0.04851057692307656
ARNTL2,0.03410557692307715
CAAP1,-0.027391730769230366
CAPS,-0.15106923076923046
KIAA1109,0.04832903846153851
DPAGT1,0.18560807692307713
ABCA1,0.03444384615384618
TRD///TRA,0.34306403846153843
KRT18P65///KRT18P13///KRT18P17///KRT18P19///KRT18,-0.15160115384615364
SEPHS1,0.047491346153846266
ARHGAP20,0.010715384615384817
DTD2,-0.04905057692307655
SLC46A3,0.5602715384615384
HECTD4,0.2955867307692307
SDF4,0.26377269230769235
TUBB,0.002902500000000164
MIR137HG,-0.011853269230769119
ZFP82,0.06831557692307721
TPBG,0.0007013461538462258
C5orf47,-0.14644576923076905
C8orf59,-0.06126230769230752
ZNF493///ZNF738///ZNF273,-0.006955192307692202
EVI2B,-0.06853519230769202
GPATCH2L,-0.03210538461538443
TMEM161B,-0.019232115384615302
C12orf29,-0.011092692307691745
STAB1,0.033212500000000394
LOC399716,-0.03337807692307673
GKAP1,0.16368576923076933
PDE4D,0.32884057692307694
HHCM,-0.18429480769230724
PRPF18,0.14799615384615405
ZNF226,0.06073423076923075
ADPRM,0.13504634615384623
EIF2AK3,0.1331755769230771
LINC00662,-0.06117596153846112
SLC46A1,0.31742576923076926
MRPL46,0.03417076923076933
LILRA4,0.02738019230769265
ACOX1,-0.01003326923076899
DCAF10,0.07552000000000023
ENTPD7,0.013040384615385016
SKI,0.34854769230769234
SEMA6A,-0.09961230769230724
TECR,0.05657230769230777
ELK4,-0.03577423076923051
PDLIM2,0.3581875
GCFC2,0.21597250000000026
KMT2A,0.0814194230769233
ARHGEF3,-0.058129423076923016
PRKCE,-0.02860192307692275
MAEA,0.1334651923076924
UBE2W,-0.027272115384615183
GDF11,-0.02120557692307658
CHAC1,0.8745746153846155
PLCD4,-0.04649403846153819
TMEM222,-0.21913442307692294
DENND6A,-0.0796305769230765
TTC23L,-0.13377153846153841
SBNO1,-0.0517324999999997
C14orf79,0.09172923076923091
CGA,-0.07197211538461505
TNFAIP1,0.11711557692307722
ACTR6,-0.003911346153846255
NCOA2,0.003702115384615698
SLC43A1,-0.0029217307692305334
LOC221272,-0.03971923076923058
TTF2,-0.11477115384615354
ICA1L,0.04363711538461555
LOC728198///TAF9B,-0.019134999999999736
OSBPL3,-0.012961538461538523
RAC2,-0.08043980769230734
THTPA,0.30830519230769227
ADGRF5,0.015010384615384929
SYK,-0.20039019230769203
WDR47,0.23306192307692306
TMED5,0.05291442307692301
IGHV4-31///IGHM///IGHG3///IGHG1///IGHD///IGHA1///IGH,-0.1473073076923073
SPINT2,0.20488057692307704
MED28,-0.020280384615384305
KIAA1654,-0.03587692307692283
ABR,-0.033408269230769165
RNASEK///C17orf49,0.34100730769230786
KDM3B,-0.10572692307692273
MOCS2,0.055094038461538694
ATG16L1,-0.02585346153846117
TMEM26-AS1,0.06016250000000009
WBSCR22,0.014208269230769371
GPR183,-0.19016326923076882
TMEM59L,-0.09497076923076876
UNC79,0.048794423076923304
LOC100132077,-0.042621730769230565
PLB1,0.020230192307692407
COX15,-0.07141134615384602
PGGT1B,0.002190769230769409
RPAP3,-0.03538980769230769
SLC22A24,0.015432115384615482
EFEMP1,0.01711269230769245
RNASEL,-0.03294692307692279
CC2D2A,-0.034753269230768755
ATP1B4,0.027717884615384766
PTCH1,0.06304403846153865
ATP1A3,-0.06609999999999971
THAP12,-1.653846153816081e-05
LINC01553,-0.07361249999999987
AP5M1,0.012361153846153874
CFL2,0.14273384615384627
DUBR,0.027272307692307922
RDX,-0.012696153846153658
TMX2,0.2803601923076925
LINC01360,-0.02977230769230735
EEF1E1,0.07222788461538457
ANO1,-0.04419442307692271
TMEM184C,-0.0024948076923074903
SYBU,0.04323846153846187
EFNA1,0.03655692307692327
DCAF1,0.025085192307692614
POU1F1,-0.45673365384615333
USP11,0.0606690384615383
COG3,-0.06816346153846108
ARFGEF3,-0.046954230769230484
CELF6,-0.05953557692307641
C4orf47,-0.013101538461538272
FAM171A2,0.017484038461538617
DDX41,0.02811115384615394
ZNF471,0.012879230769231243
TCTEX1D1,0.038496538461538575
HIST1H3J,-0.07237038461538439
LOC652708///CES1,-0.02104134615384585
CCL13,-0.08848596153846133
OSBP2,-0.03288749999999964
LOC100129410,0.037162884615385
CLPTM1L,-0.12466673076923057
SRA1,0.013353846153846239
HR,0.06574884615384645
LOC100134331///IGHM///IGHD,0.023006346153846353
NUDT4P1///NUDT4,-0.199359423076923
WDR53,-0.14360634615384593
ANPEP,0.10284788461538477
FBXW11,0.011868846153846289
NME7,-0.034824807692307634
EIF3LP3,0.16202096153846174
GHDC,-0.06815826923076895
HTATIP2,-0.12159903846153838
MPP7,-0.05307807692307672
NXT1,0.03751230769230799
OR5H1,-0.1044448076923074
NARS2,0.01518211538461549
BAHD1,-0.22161307692307666
COX18,-0.015438461538461254
FTH1P5,-0.030252115384615023
GEN1,-0.08651826923076883
DOCK1,-0.061268076923076606
KLHL7,-0.02536173076923041
ACKR4,-0.06916980769230752
BAZ2A,-0.10736346153846145
P3H1,-0.044900769230769
ZNF701,0.037093846153846394
ZEB2,-0.009431153846153653
LOC100134053///LOC441259///PMS2P12///POLR2J2///POLR2J4,-0.028237692307692006
RANBP3,0.33107307692307675
EP400,-0.06813884615384601
NOD1,-0.27437788461538415
ITGB1BP1,0.16002115384615387
ZNF200,0.4397388461538462
MEPE,-0.0068617307692306504
IQUB,-0.0448748076923075
ORC4,0.18062153846153844
ITPKB,-0.0450019230769228
RELA,0.01470788461538485
TNFSF9,0.27007557692307693
GPRASP2,0.008508846153846316
HOOK3,0.019920192307692555
ANKAR,-0.05056884615384605
COL14A1,-0.3219417307692304
LINGO3,-0.004408076923076668
SGK3,0.13933346153846166
LOC727895///LOC401218///FAM58A,-0.03668846153846136
DEPDC7,0.0033357692307694965
ZNF626,-0.09460692307692287
SURF1,0.08666826923076941
TSPYL5,0.0062476923076924375
ABHD12,0.23704961538461547
DIAPH2-AS1,0.026696346153846116
TEX26-AS1,-0.3751969230769229
APAF1,0.0037869230769233
SOX6,0.0069563461538463996
FMNL2,0.2983180769230771
LOC100133999///EVA1B,0.02202942307692328
CDKN2B,-0.032950384615384465
BRMS1L,-0.08183730769230745
INPP1,0.030423653846153965
UBAC1,0.30589961538461546
RSPH6A,0.04067173076923084
C1GALT1C1,0.002735384615384621
SGPP1,0.06284211538461544
TMEM63B,0.041323076923077164
SLC4A1AP,-0.030231538461538286
SEMA3E,-0.07524423076923074
NR2E3,-0.09166980769230733
RNF182,0.24013153846153873
FAM182B///FAM182A,-0.2828461538461535
SLC9A9,-0.09588365384615363
ZC3H18,0.23159557692307703
PEMT,0.12267865384615409
CHAF1A,-0.05392480769230754
MTAP,0.013611153846153958
CD74,-0.1445038461538459
LOC100129884,0.0065498076923077506
RIT1,-0.0020653846153843827
RGSL1,-0.193105769230769
PMS2P2,-0.17297019230769176
ZBTB8OS,-0.06314076923076915
APLF,-0.2587274999999998
MUSK,-0.09742730769230762
GOT2,0.13813403846153857
ACTR1B,0.7016903846153844
UGT2B15,0.0054813461538465455
RGS6,-0.08035423076923041
PAH,-0.040283846153846094
KLHL9,-0.015312692307691972
LARGE-AS1,-0.13575038461538444
DUSP23,0.08116423076923096
CARM1,0.1751090384615386
LOC100132553///CP,0.02313211538461565
PCDHGA1,-0.030609999999999797
ANKRD26,-0.0765559615384613
TFRC,-0.05254519230769213
JAG2,0.015710961538461733
FAHD2B///FAHD2A,-0.046383653846153707
MPDZ,-0.04423980769230723
ENGASE,0.009082115384615834
PDE12,-0.006976538461538085
FBF1,0.21772000000000022
SHQ1,-0.002557884615384412
LOC100130285,0.10266384615384641
HIST1H2BC///HIST1H2BI///HIST1H2BE///HIST1H2BF///HIST1H2BG,0.22132788461538466
UBL4A,0.0324123076923081
CPLX3///LMAN1L,0.09846211538461559
LOC652637///WHAMMP3,0.04949923076923098
ZMIZ1-AS1,-0.025942692307692347
S100A9,-0.012422499999999887
FUNDC1,-0.053263076923076795
TRNAU1AP,-0.2094117307692304
AGPAT5,0.04569230769230785
PDE6C,-0.3259011538461534
POLB,-0.01687999999999989
SLC16A14,-0.05972807692307673
UQCC1,0.366450576923077
YTHDC2,-0.027001538461538462
KCNJ3,0.14275615384615412
PI4K2A,-0.06701903846153821
LOC654342///LOC645166///LSP1,0.008543846153846315
KCNA3,-0.015713461538461433
AP1AR,0.01654538461538474
KIAA0485,0.14784942307692303
KIAA1217,0.06944384615384631
TLK2,0.005247692307692707
MGAT2,0.013096923076923114
LINC00599,-0.04303653846153823
RPH3AL,0.17751769230769252
LOC285593,-0.06778403846153844
DSC2,-0.37387153846153814
FSCB,-0.052589807692307186
HIP1,-0.013899615384614978
CHD1,-0.10919249999999968
FNDC3A,-0.020426538461538368
CKAP5,0.15573134615384632
DCTN1-AS1,0.03274692307692334
OTOP2,-0.023656538461538295
AP1G1,-0.04312692307692298
BIN2,-0.004956923076922892
PLEKHS1,0.04742596153846156
RGPD6///RGPD7///RGPD5,-0.05524788461538433
CDKL5,-0.1100609615384613
ZBTB24,-0.10642423076923074
ZNF304,-0.10939673076923075
COMMD10,-0.041663076923076824
C10orf11,0.016164423076923198
SRPX,-0.04818173076923047
LOC101927138,-0.03353038461538449
ACO1,-0.056883846153845855
DPPA3P2///DPPA3,0.019380192307692674
NELFCD,-0.11814346153846117
ETNK1,-0.11614615384615352
CCDC85C,-0.06157961538461493
RGL1,0.2200976923076924
LINC00328,-0.022664423076923068
MEX3D,0.0007969230769234504
LOC339568,-0.013298846153846145
PARVA,-0.040195769230769104
HIP1R,0.024297500000000288
CEP70,0.012751538461538654
MYD88,0.2006009615384615
VPS50,0.0068540384615385745
FBXL14,-0.06219326923076896
TMEM136,0.036948076923076924
LINC01289,-0.14280903846153845
LTBP4,0.2728330769230771
TIGD2,-0.06509634615384581
NALCN,-0.08669269230769219
LOC100133233///TRAF3IP3,-0.17974153846153829
TRGV5,-0.22659307692307665
FAM166A,0.05211750000000012
PLXNC1,-0.1131649999999997
BOLA3,0.26564519230769235
TRPC4,-0.38245596153846095
IGSF11-AS1,-0.23932192307692285
RPS6KA5,-0.2304836538461534
NPIPB5///LOC729978///NPIPB1P,0.0034582692307692834
SPATA13,0.00659730769230774
SOCS7,0.042066730769230974
TMEM69,0.37125346153846167
INTS3,0.008932307692307864
NR2F2-AS1,0.04131711538461529
PRKAB2,0.20408461538461564
IMPAD1,-0.015004615384615165
SH3BP2,-0.07531038461538454
APLN,0.05529153846153868
WRN,-0.05902442307692276
CEP350,0.111236153846154
EMP3,0.15452326923076917
RUSC1,0.6437917307692308
SNAPC2,0.6178511538461537
TAT,-0.03221519230769205
LOC729120///THEM4,0.0353721153846155
ANAPC4,0.015146730769231087
XAB2,0.20300384615384612
ERCC1,0.04328076923076943
ZNF177,-0.0449930769230767
APITD1///CORT,0.07477326923076938
NCAM2,-0.13098057692307669
VPS37C,0.18802500000000003
ALG3,0.7355994230769227
SPTSSA,-0.004150961538461531
STXBP4,-0.09742788461538426
EHMT1,-0.12571076923076888
PPP1R21,0.03696192307692351
PRKCH,-0.0450615384615382
LOC101929713,-0.025835576923076743
KDM5D,-0.0764398076923075
RYR2,-0.1258678846153844
SLC31A2,-0.039607115384615185
LINC00337,-0.012735576923076777
CYSLTR2,0.046734423076923264
FBXO40,-0.08431076923076895
OTUD6B-AS1,0.0032723076923079674
CALCOCO2,-0.1645257692307693
HMCN1,-0.016320192307692123
LOC100130429,-0.016055384615384336
GPX2,0.06562442307692329
LAMA3,0.09938884615384604
LRIG2,-0.10395788461538442
BLOC1S3,0.14970269230769248
CYP2A13,0.028860961538461554
KLF2,-0.11929211538461501
NEURL4///GPS2,0.8917786538461535
ANP32E,-0.04439730769230759
FLVCR1,0.008860769230769481
ULK1,-0.014627499999999969
PMCHL1,0.00972884615384631
PI16,-0.2384732692307691
PIK3CG,-0.03347923076923047
MORC1,-0.102960192307692
ADO,-0.00784826923076893
LOC100134361,-0.010619615384615108
FAM117B,-0.004097692307692012
RABL6,0.290026346153846
LOC115110,-0.15681980769230724
METTL13,0.025423461538461693
MIER1,-0.0861286538461536
ST7L,-0.11953461538461524
KCTD15,0.0984448076923077
PANK1,-0.058921346153846026
TRIM24,0.04497211538461567
TCP10L///C21orf59,0.07807134615384632
MMAA,-0.021960769230768982
LINC00643,-0.09193403846153814
LOC100130224///UTY,-0.10453038461538428
FXR2,0.03250807692307707
MTERF3,0.025271730769230883
B3GNT7,0.14676807692307703
MIR99AHG,0.1393284615384616
FOXK1,-0.04947692307692287
TMEM100,0.14271500000000023
SLC2A5,0.14193519230769244
PARP15,0.03045134615384635
ZNF189,-0.07075499999999979
GALNT13,-0.033431538461538575
TRIM8,0.0413132692307694
MCTS1,-0.01277942307692311
ZNF229,-0.05546615384615376
TMEM164,-0.12027307692307664
TMEM144,-0.11525807692307655
ZNF248,-0.015459999999999745
MAPK1IP1L,0.12272269230769248
LZTS1,-0.056208846153845936
LOC101929305,-0.05265365384615366
GMCL1,-0.08466749999999978
MFSD11,-0.04346365384615366
LOC441454,0.004165961538461673
SLC7A1,-0.01345788461538444
RP9P///RP9,-0.12201288461538468
ZNF672,0.2814944230769228
AP3M2,0.18071865384615413
NFATC4,0.31437326923076925
FBXO33,-0.08994596153846145
TNKS1BP1,0.1637201923076923
CPNE1,0.6119642307692308
CA13,-0.09656365384615354
TOP2A,-0.06643884615384577
PDXDC2P,-0.10669846153846134
MAGI1,-0.02299596153846144
NT5C3A,0.347915769230769
LOC150596,-0.06942038461538447
SCN3A,0.06913480769230802
KRTAP4-5,-0.040624807692307426
RASSF3,-0.0013844230769229442
AHR,-0.03508403846153822
SRSF2,-0.006125192307692012
PAGE4,0.004054807692307757
LRRC37BP1///LRRC37B,-0.09350903846153809
LMNB1,-0.03067173076923072
ZCCHC11,0.21392903846153843
TUBB3,0.05989923076923095
TTC12,-0.22413403846153834
GPR155,-0.01590134615384586
BDP1,-0.02551499999999989
POP7,0.3224136538461537
ZFP90,0.04551115384615389
SLC39A13,0.007562115384615466
FLJ21272,-0.10417807692307668
PHLDA1,0.07815807692307693
LINC01487,0.00104692307692335
C19orf70,0.00041115384615402503
ST18,-0.04475596153846123
TMEM116,0.0561609615384616
CCDC36,0.1155609615384617
CLEC14A,0.02343269230769242
PLCD1,0.3252382692307692
KCNAB1,-0.023133653846153665
HCG9,0.16151442307692312
PIWIL4,-0.07806384615384605
HOXD4,0.5552786538461539
ZNF445,-0.0743063461538457
RTF1,-0.0005167307692304706
CLNK,-0.18642557692307646
ZNF532,0.1683515384615385
CDIP1,0.21390173076923105
ENG,0.38910384615384613
NAT10,-0.10148153846153811
LOC100130691,0.013116923076923139
ZNF317,0.010164615384615697
MTMR6,-0.02740057692307661
HTR2B,-0.12994653846153853
PCDHGA4,0.02998576923076937
AGO1,0.5319799999999998
ZNF419,0.0190278846153848
TJP2,-0.0004573076923074453
GJA10,-0.2185451923076919
MFSD14A,0.06466653846153843
BAGE,-0.24417134615384573
DPY19L1,-0.09686153846153825
CHRM1,-0.4504567307692303
ITCH,0.03873480769230783
LOC100506974,0.06529807692307703
GAS2L3,-0.05357346153846136
ZNF720,-0.004017307692307428
TARS2///EMX1,-0.010688269230769166
ZNF750,0.007177692307692435
LOC645513,-0.08490346153846129
DUOX1,0.09171980769230782
BRSK2,-0.06793192307692285
TXNL4B,-0.36438673076923067
DFNA5,0.21588807692307685
LOC340017,-0.02959461538461497
ACOT9,0.17960384615384622
HARS2,0.004608269230769325
C1orf50,-0.03057326923076899
ARHGEF15,0.025767307692308006
PAXIP1,0.3331471153846156
N4BP2L1,0.06673307692307721
CYP3A5,-0.07372423076923043
FAM204A,-0.10756903846153812
SPNS1///LAT,0.11199096153846182
LOC101928658,0.09021653846153865
LOC100130134,-0.0004684615384613516
RNF7,0.020070769230769708
NWD2,-0.08286288461538445
ELMO2,0.11807999999999994
ANP32A,-0.07412673076923036
GLCCI1,-0.08735538461538435
TBCE,0.02568826923076951
LOC105373738,-0.05390923076923055
LOC105378470,-0.024120769230769182
STPG2,-0.06009326923076929
EPHA3,0.005490769230769578
MCHR2-AS1,-0.0633990384615385
CHST11,-0.1741703846153843
POLR2I,0.1974565384615385
XRCC4,0.026722884615384752
LOC100131110,-0.08054961538461503
TOR1A,-0.014100576923076563
KCNG1,0.43292403846153826
SNHG21,0.28922442307692314
MAP3K13,-0.10668634615384577
LOC100287497,-0.206311346153846
SPIN4,0.21023788461538465
AGO4///AGO3,-0.033980769230769065
MYOT,-0.03161999999999954
MMP9,-0.014658269230769069
ATP10A,0.4622648076923076
BRI3,0.08544634615384619
SSRP1,-0.02827346153846143
ANKRD31,-0.03886884615384592
LOC100507006,-0.09042596153846123
STK25,0.14415173076923096
TMF1,0.05843788461538477
CAB39L,0.09032307692307713
ERVMER61-1,-0.00844999999999978
ZNF879,0.018099423076923353
SLA,0.08704269230769253
SLC4A2,0.012547500000000133
INPP5A,0.07006557692307695
GRIPAP1,-0.02646596153846142
C1QTNF7,0.018921923076923242
NAT1,-0.053738846153846
USP38,-0.004232884615384534
INPP5F,0.01623288461538483
ZNF804B,-0.024660384615384532
PRTFDC1,0.03210250000000008
PDIK1L,-0.06271807692307688
RNLS,0.04515519230769256
ZCCHC5,-0.013974230769230595
TRIAP1,0.11292269230769246
ADAM17,0.025211538461538688
BAZ1A,-0.01761384615384596
ENTPD3-AS1,-0.1044251923076919
MRPL19,0.003598846153846532
MLLT3,0.05888846153846169
MRPL39,0.04984711538461543
GRTP1-AS1,-0.13052057692307678
EGLN1///SCAND2P,0.1854348076923078
ACAT1,-0.022097884615384474
UGT8,-0.3296699999999998
NRG1-IT1,-0.059754038461538296
ARVCF,0.018519807692307915
DNAJB7,-0.04393057692307691
ZNF182,-0.017244230769230456
LINC01362,-0.04230326923076908
WFDC13,-0.017441153846153728
HIVEP3,0.04023961538461573
TARDBPP1,0.0120376923076926
OBSCN,0.036722115384615665
RNF168,-0.02736038461538449
FOXD3,0.0037498076923079926
MIR503HG,-0.007126346153845857
CEP89,-0.039210961538461264
RSPRY1,0.009902500000000224
LARS,-0.21017480769230734
RPP30,0.0063009615384616875
ARHGEF18,0.6677811538461537
LOC728701///LOC728649,-0.13573749999999993
HELLS,-0.03747961538461492
OXSR1,0.014816346153846348
TPH2,0.048480192307692495
CACNA1I,0.3521521153846152
TERF1,0.09902596153846173
TBX15,-0.02224903846153833
LOC105378568,0.07445403846153849
C1orf56///MLLT11,0.009813846153846095
MS4A6A,0.016794423076923203
LMO2,-0.012132115384615217
SEPT7P9,0.047760192307692545
BCORL1,0.015403653846153874
MIR4697HG,-0.010747499999999854
LINC00564,0.0038792307692309897
ZNF175,0.35029730769230755
SLFN13,-0.06203134615384587
DSTYK,0.036166538461538604
TRIM39,0.07888153846153863
ZCWPW2,-0.18741173076923048
ZHX3,0.03674615384615384
PRPF6,0.01667769230769254
PSMB10///CTRL,-0.002630961538461134
LEKR1,0.04939423076923097
OSTM1,-0.008939038461538368
LOC102467079,0.015952115384615755
FAM196A,-0.06981999999999974
DTWD1,-0.1744028846153842
CHIC2,0.23132634615384634
SAC3D1,0.0015161538461538066
LINC01492,-0.03962346153846152
BHLHE22,0.01717557692307748
C1orf226,0.09837230769230776
MRPL1,-0.015699038461538275
CCDC68,-0.13496076923076922
RWDD2B,0.08222250000000024
MDH1B,-0.04324192307692287
ZNF253,0.011437115384615677
LOC100134089,-0.49900865384615317
TMEM117,0.014961730769230968
RNF145,0.06460500000000025
LOC645984,-0.007341153846153588
CABIN1,-0.0016298076923074848
CD46,-0.035942307692307336
LOC285535,0.34095788461538473
ZBTB14,-0.033330384615384324
UTP23,-0.002365961538461468
HOXC13,-0.01376403846153825
CHRM3-AS2,-0.062172692307692144
HHEX,-0.00758903846153836
PRRG4,0.1476807692307692
HS3ST3B1,0.028862500000000034
GIT1,-0.12328038461538415
BBS7,-0.014672884615384406
NUDT22,0.2314426923076923
CLEC12B,0.06974942307692314
RSL1D1,0.00039846153846183276
LGR4,-0.05227230769230756
GART,-0.06450557692307667
LOC646736,-0.01584576923076913
GIMAP6,-0.014475769230768957
KAT2B,-0.032994999999999546
HSPA12B,0.03966980769230779
MTSS1,-0.21891826923076865
FASTKD3,0.02075980769230801
BST1,-0.029820384615384315
ZNF789,0.05750711538461546
PRCC,-0.004920961538461388
CRISPLD1,0.13540884615384643
LINC00856,0.015080576923076997
LAMTOR2,-0.015410576923076643
GPR137,-0.021650384615384342
LRRC17,0.005997884615384761
IPO11,-0.019379999999999946
HRASLS2,-0.13436249999999972
PKIB,-0.2556342307692304
GTDC1,-0.03530038461538448
DKC1,-0.009946538461538354
EIF6,0.3281540384615384
LGI2,0.18068230769230784
LOC645321,-0.05742288461538437
DLGAP1,-0.07147423076923057
GABARAPL3,0.0030942307692310906
CWH43,-0.13588326923076918
HIST1H1C,0.06950134615384618
IBA57,-0.2556280769230764
DNMT3A,0.013585000000000213
LACE1,0.05435038461538478
RBL1,0.005147307692307789
FAM189B,0.31141653846153816
GORASP1,0.2818167307692309
LOC101929570,-0.001467115384615085
MYCN,-0.02554038461538423
FOXRED1,-0.010698076923076777
HOXA5,-0.0645611538461536
BANK1,-0.05373153846153826
UCHL5,0.015464807692307741
LOC284669,-0.03837365384615367
COA7,-0.01202961538461511
SLC35A1,0.023964038461538745
ZNF404,-0.006399999999999681
LRRC4,-0.019183461538461424
NRIP1,-0.0019215384615383305
TCEB3,0.03837942307692325
CLIP4,-0.06710211538461502
HIST1H2BK,0.25515884615384626
ERCC6L2,-0.13411826923076875
UBR1,0.01722769230769258
FEN1,0.053892692307692516
KIN,-0.11898730769230745
PMAIP1,0.007373846153846554
DPH2,0.1267098076923078
FAM57A,0.12130903846153866
PLCB1,-0.009578269230768974
SPSB1,0.04264423076923099
LOC101926959,-0.011781730769230484
SACS-AS1,-0.01481826923076881
GPATCH2,-0.029437692307692175
MCM8,-0.021457499999999803
PPP2R2B,0.012248461538461944
SNAP29,-0.012088076923076655
FAT4,0.025559615384615476
FYCO1,-0.006302499999999684
PPIAL4C///PPIAL4A///PPIAL4G,0.07845403846153873
TSSC1,-0.012338076923076863
NOTCH3,0.1214625000000001
ZFP69B,-0.4661211538461534
C2orf69,-0.0375278846153845
DNAJC16,0.1852246153846154
GTF3C3,-0.06684442307692301
CD4,-0.06807461538461516
ABL1,0.0628605769230772
MTRR,-0.0041996153846153
PRKRIP1,0.2041646153846156
TMEM260,-0.2071124999999997
LOC101928741,-0.009568461538461154
CAMK2D,0.032569615384615454
ZFP37,-0.062368653846153525
PLD2,-0.15338076923076893
SLC9A1,-0.010768076923076679
XPA,-0.11962461538461501
MT1H,0.1770111538461541
NLRP14,-0.031009038461538324
ETV5,-0.02795576923076898
PRO1804,0.007132884615384944
XPO5,0.07189173076923097
TMC5,-0.11879826923076908
DDX10,0.07105519230769242
TIAM1,-0.07866961538461516
NPM1P8///NPM1P25,-0.16496749999999974
KLRC2///KLRC1,-0.037718653846153714
KIF26B,0.0074726923076924474
MBLAC2,0.012657500000000271
OSBPL6,-0.11517903846153835
DLX6-AS1,-0.06161269230769214
FCN2,-0.20331865384615355
POM121L9P,-0.18119999999999975
LOC339666,-0.015357307692307141
ZNF846,-0.18251096153846136
VPS72,0.10465769230769235
CWF19L2,-0.07745153846153828
NR2C2,-0.11879730769230744
MGC39584,0.04110519230769242
RCBTB2,0.04581307692307721
GPER1,-0.10515961538461517
PTCD1,0.3725607692307693
SPHAR///RAB4A,0.04514211538461559
LIPA,-0.07083961538461503
PCDHB16,0.13074884615384613
THSD1P1///THSD1,0.016730192307692324
WDFY3-AS2,-0.030981538461538193
LOC728743,0.029208269230769243
ECD,-0.09564442307692292
DNAJC9,-0.013268653846153777
DNAJA4,-0.4262284615384613
CMAHP,0.009221538461538734
KAT2A,0.42636769230769217
POU5F1P4,-0.03464615384615361
ACAP2,-0.09176365384615362
TTC30B,0.006207692307692536
LINC01527,-0.2126569230769231
DHRS12,-0.04984173076923056
ZMAT2,0.10222961538461554
MIR17HG,0.08461230769230783
PREX1,0.12367865384615408
LOC101928995,-0.1868830769230764
UBXN2A,-0.11006230769230745
NPR3,0.08186903846153863
ARMC9,0.007216730769230913
OXSM,-0.025316153846153523
LINC01241,-0.10217846153846115
LOC100289230,0.01608250000000008
ANKRD39,0.13708192307692335
LINC00551,0.0033026923076923927
CTDSPL,-0.013689999999999874
PDAP1,-0.09749403846153809
NAP1L2,-0.048849807692307665
ATP6V1D,0.09762461538461552
MLK7-AS1,-0.31239807692307653
CCDC24,-0.00704115384615359
RECQL4,0.163586730769231
HELB,0.08277480769230808
PCP4L1,0.08357000000000014
GLIS2,1.068844423076923
SLC4A4,-0.07012653846153817
TP63,-0.05881442307692258
ARHGEF11,-0.019855769230769038
DESI1,-0.016707692307692208
SNX25,-0.03832942307692309
LYPLA1,-0.00030346153846142414
VMA21,-0.023135192307692214
ACTA2,0.008126346153846364
SOX15,0.18949384615384623
ZBTB47,0.008953461538461665
IFT81,-0.4243969230769228
NAT6///IFRD2,0.08774384615384638
ALPPL2///ALPP,0.03949596153846186
TMTC3,0.0009938461538464025
REPIN1,0.48762730769230755
SP2,-0.2498015384615382
LYVE1,0.31290961538461537
SLC6A8,0.025452115384615566
LINC01267,0.010079038461538674
TCP11L2,0.0218744230769233
SLC25A28,-0.005003269230769113
CDHR2,0.11825250000000012
SLC17A5,-0.013630576923076712
RBM28,-0.05299326923076913
LHPP,0.22353615384615416
HMCES,0.20259788461538475
ZNF138,-0.025668076923076863
AVEN,0.01085230769230795
LOC645468///IGF2BP3,-0.21803288461538434
LOC401585,-0.033655192307691914
VWF,0.026747500000000122
FAM89B,0.46304057692307676
ANKHD1-EIF4EBP3///ANKHD1///EIF4EBP3,-0.037737499999999834
HEY2,0.0056973076923079475
PRRC1,-0.05440826923076927
VIPAS39,0.17970096153846157
TBK1,-0.031682884615384536
TCN2,-0.00042403846153810115
DLGAP1-AS1,0.006882692307692604
NFYA,-0.10757076923076915
PIK3CA,0.05806384615384641
RMST,-0.06290980769230775
TRD,0.6333984615384615
LOC284023,-0.028611730769230546
LAYN,0.06705038461538497
PARD3B,-0.033460384615384586
TRIM10,0.14093461538461557
SYCE1L,-0.1325982692307688
LOC645166,-0.1193284615384612
FHL2,0.10964846153846171
FAM120AOS,0.02726692307692331
ZGRF1,-0.012781923076922979
TIMM9,-0.21665326923076886
PCBD2,0.17062461538461546
IKZF3,-0.1773617307692306
F3,-0.10616115384615364
TRIM23,0.010715961538461646
PALB2,0.3415009615384616
FAAP20,0.06153692307692314
OAS2,-0.023040769230769118
HINT3,-0.13956557692307686
PLA2G3,-0.00968711538461525
AKAP14,-0.053359615384615214
GRIA3,-0.046963269230769
SLC7A11,0.2718509615384619
TRIM14,-0.10418711538461536
SFMBT2,-0.07322326923076898
TSC22D2,-0.07650346153846113
NRG2,-0.03557057692307677
ANKFY1,0.1702809615384617
ADAM22,0.022631923076923313
ADH1B,-0.09772711538461507
CDKN3,-0.02017211538461539
SPCS3,-0.012575576923076861
ARHGAP24,0.0011367307692309642
NUBP2,0.6703757692307688
RUNX1T1,0.013811730769230897
GAD1,0.024669807692308112
ARID3B,-0.33895153846153825
ESRRA,-0.03240711538461524
AGPAT1,0.3100434615384616
C2orf76,0.022572115384615576
JPX,0.001176923076923274
UCP3,-0.05439884615384594
SLC8A1,-0.06816326923076885
LOC105378577,-0.04663999999999989
LOC100996286,0.10330288461538467
KNOP1,0.022162500000000328
RNF144A,0.005777884615384632
ZNRF3,-0.10151461538461501
ATCAY,-0.23027615384615377
POMGNT2,0.021616923076923096
BTBD16,-0.05683519230769205
SEMA3A,0.0040988461538463035
CXCL8,-0.09831692307692279
CHPF2,0.3222169230769231
SNX16,-0.02379115384615362
SEPT4,-0.13371711538461525
PTGER4,-0.25156903846153816
TRDMT1,0.04861903846153858
CCNDBP1,0.053149230769230935
BCKDK,0.18405596153846182
ZNF143,0.25231096153846144
SPRYD3,0.23635000000000025
TMEM185A,0.11601326923076945
C5,-0.047360576923076624
ZNF823,-0.027687307692307365
ZHX1,-0.011049230769230515
CEP57L1,-0.0032436538461537434
TOR1AIP2,0.030584423076923318
C8orf44///SGK3,-0.03330326923076916
TRAP1,-0.035520576923076544
POLR2D,0.09592173076923101
PAQR3,-0.04716211538461505
UBXN2B,-0.15378538461538435
BCR,-0.03200153846153829
TNFRSF10A,-0.005329038461538284
RAD9B,-0.038770384615384346
TSNAXIP1,-0.07099326923076911
MAGEA2B///MAGEA2,0.012808269230769399
SH2D1A,-0.005886346153846154
TAB1,-0.0018882692307689412
ZNF331,-0.3272988461538458
SPDL1,-0.08320269230769221
FMO3,-0.024044807692307588
RNF165,-0.012695384615384352
GRSF1,0.08219807692307693
KIAA0355,0.03711153846153845
ZSCAN26,-0.14939211538461494
LOC642846///DDX12P///DDX11,-0.29188365384615345
LILRA2,0.03187269230769249
ZBTB44,-0.027942884615384456
LINC00690,0.03343076923076941
NAV3,0.04322134615384631
MMGT1,-0.054928846153845856
CSRNP3,-0.10861365384615344
PRMT6,-0.04267615384615353
PP7080,0.050738269230769344
LOC400627,-0.09210634615384589
JADE2,0.07204076923076944
TMPRSS13,-0.2589530769230764
TSEN34,0.5328832692307692
TTC38,0.0671707692307695
NCAPG2,0.029480192307692422
ETV1,0.021687884615384682
NFE2L3,-0.0262955769230766
PHF23,0.021770384615384795
USP46,0.14091326923076927
FLJ22763,-0.06318730769230756
PTOV1-AS2,-0.11310961538461524
PHACTR2,-0.00857692307692289
HRAS,-0.0005523076923076556
CREB3L1,0.5170511538461536
CSRP2,0.042454423076923285
CLDN10-AS1,-0.0075148076923076765
WARS,0.2375853846153846
SHCBP1L,-0.0991367307692305
ADTRP,0.017968846153846283
BCAR3,-0.03404942307692283
LRP1,-0.12030980769230759
ZNF205,-0.03637596153846152
PCNPP3///PCNP,0.139759807692308
OSER1,-0.136699423076923
SLC25A53,-0.02177865384615352
FILIP1L,0.011708269230769251
FBXL4,0.006666153846153976
C8orf76,0.025554230769231013
PTPN22,-0.12515961538461529
ZNF547,-0.014256346153845972
ARPP21,-0.03120365384615366
LSM6,0.04698653846153871
SLC35F2,0.06687807692307708
TNP2,-0.10024269230769192
TBX5,-0.2650315384615382
LRRC61,-0.05757615384615362
KCTD21,-0.27798038461538443
GPR137C,-0.03908057692307653
ZNF100,0.1947930769230771
TMEM44-AS1,-0.06651461538461521
NPEPL1,-0.026264230769230634
DLX1,-0.0694492307692304
CNOT9,-0.025807115384615317
PPIF,0.10483634615384607
PRKG2,-0.03423596153846124
ADAMTS7,0.13526250000000012
LOC729218,0.061989038461538574
CMPK2,-0.031449038461538084
LOC100133516///CSF2RA,-0.11214173076923058
AADAT,0.1251815384615386
CENPC,-0.02019653846153839
NEK11,-0.027844615384615197
TICAM1,0.20783423076923083
BIN3-IT1,0.7604532692307688
TRPM1,-0.26980903846153786
CCDC183,0.010639230769231187
SAMD15,0.02102807692307701
CYP3A43,0.05658634615384641
SNX22,-0.09592403846153816
EXOC8,0.04838826923076953
ECE1,0.09621500000000012
THAP6,-0.015103653846153796
WDPCP,0.040005384615384915
LOC730324///LOC441259///PMS2P12///PMS2///PMS2P5///PMS2P2///PMS2P1,0.06854596153846165
TNFRSF9,-0.06841846153846151
TMEM74,0.10506826923076919
AES,0.24027884615384615
RAB43,0.481604230769231
PCDH17,-0.3745082692307686
RUNDC3A-AS1,-0.07150019230769218
CASC15,0.08798711538461572
SUDS3,-0.05404576923076905
HDHD2,-0.0049076923076924175
MRC1,-0.01651173076923047
NUDT2,-0.07322730769230751
ANGPT2,-0.00971730769230748
POLD3,0.11039019230769254
CELSR1,-0.02299673076923062
FRS2,0.019337307692307775
TBC1D3H///TBC1D3///TBC1D3D///LOC653498///LOC653380///TBC1D3C///TBC1D3B///TBC1D3F,0.29270923076923094
ZNF516,-0.01999884615384603
SND1-IT1,-0.004965961538461259
MED30,-0.1277911538461535
SDHAF2,-0.018787115384614965
MOK,0.41066673076923094
STEAP4,-0.10261173076923036
ZNF883,-0.03552326923076899
GDF10,0.02450384615384629
GFM2,0.05720807692307695
NDUFA10,-0.010656346153846094
LINC01016,-0.09560557692307657
F2RL1,0.03314750000000019
CLPP,0.0997413461538463
LOC100133847///CHMP5,-0.08701788461538432
LOC729436,-0.013647115384614918
MAPK3,0.3368211538461539
LMF1,0.03348711538461559
KPNA1,0.04907384615384623
MRPL37,-0.15133192307692298
THEM5,0.05968115384615402
PRKAA1,-0.019910192307692143
LINC00615,-0.005188461538461288
ABCC5,0.10629076923076931
DPP7,-0.0037507692307691297
HSPB8,0.0426344230769234
C16orf70,-0.07793980769230725
DMRT2,0.08415326923076938
C4orf33,0.059980961538461795
SLC13A3,-0.009090769230768908
BZW2,-0.03867153846153822
IGHD,0.050345000000000174
WDHD1,-0.14969461538461523
KIAA1549L,-0.22080942307692286
N6AMT1,-0.05291403846153818
NPSR1-AS1,0.07028576923076944
TIAM2,-0.055129615384615194
USP45,-0.10546961538461523
MME,-0.08402173076923049
DKFZP761C1711,-0.011873846153846034
TET1,-0.06568750000000007
VNN2,-0.0465899999999999
TMEM154,-0.09610480769230743
DCAF12,0.11818538461538464
ZNF30,0.026352884615384868
MUC15,0.07078423076923102
PPIP5K1,0.01771269230769247
PLAT,0.03597307692307716
ATG7,0.03971730769230781
TESK1,-0.05673538461538435
AQP6,0.0036378846153845984
C1orf123,0.04043596153846161
IRS1,-0.07935423076923045
LOC100288637///OTUD7A,0.03961230769230781
CCDC126,0.12158288461538472
NUBPL,0.005230961538461895
SNUPN,0.3662775000000001
RBFA,-0.07748057692307668
TRMO,-0.01097480769230749
SCNN1A,-0.13058423076923054
SETD6,0.2578782692307691
CACNA1C,-0.03081461538461522
LOC645188,0.07688788461538502
TBP,-0.03364519230769192
LOC100130207,-0.11779826923076894
H6PD,0.15075865384615406
FIGN,0.3368976923076924
CCDC121,-0.036032115384615156
HOXA7,0.21433557692307717
ZNF687,0.11062288461538494
NCKAP5,0.07400326923076933
WNT5A,-0.07110403846153826
CSNK1G1,0.03176076923076952
DZIP1,0.013108461538461761
ARHGAP32,0.050129038461538426
FHOD1,-0.08962596153846156
UNK,-0.17067307692307682
FAM111A,-0.0677536538461536
POLR1C,-0.029717499999999827
DTNA,-0.11468884615384574
MARVELD2,-0.09062749999999976
RNF170,-0.107506538461538
TSTD2,0.05964923076923089
DZIP3,0.12657461538461556
AMIGO3///GMPPB,0.05492038461538474
NEURL4,0.2247126923076927
AAGAB,-0.14605557692307655
CTBS,-0.007742499999999651
TMEM65,-0.04307230769230736
ST6GALNAC5,-0.005095384615384224
TFAP4,-0.13169653846153806
CCDC51,0.03759692307692302
ZC3H13,-0.06556538461538425
NEK2,0.09162538461538486
RFX7,-0.02187596153846143
STOX2,0.13128923076923102
IGFN1,-0.08196788461538423
XPR1,-0.10679038461538426
LOC101926915,-0.06566942307692278
ACSL6,-0.04010173076923047
LOC100132218///LOC728555,-0.10978230769230757
OXTR,-0.08322769230769224
CENPN,-0.008142884615384574
FOLR1,-0.13273730769230743
OSCAR,-0.19377115384615357
ACOT8,0.4520463461538461
GGTA1P,-0.0457067307692305
FAM101B,-0.06112634615384609
RERG,-0.005415192307692141
TMEM106C,0.0027563461538463287
LOC101927636,-0.20151788461538414
PCDH1,0.12218692307692328
HOXA10,-0.08391711538461534
LRRC39,0.043038461538461616
GPHN,-0.07663346153846105
B3GAT2,-0.0189588461538459
AQP4,-0.03894749999999974
SFTPC,-0.22542173076923055
FAM19A4,0.13129769230769242
LOC401261,-0.15907249999999992
LAMC2,0.01585961538461543
GLIS3,0.004757307692307658
CA3,-0.23463653846153815
TSPAN32,0.07757596153846164
TBX18-AS1,0.0026867307692309606
CFHR2,-0.0468851923076922
ERICH1,-0.010064807692307607
VN1R95P,-0.12269192307692296
STAC,-0.4441282692307687
ZC3HC1,0.022691538461538697
GANC,0.028166346153846146
MIGA1,-0.010662884615384447
RNF111,-0.012020769230769123
MCM3AP-AS1,-0.012550961538461516
DNAJB12,-0.13121384615384607
GGH,-0.04002249999999986
LOC101927494,-0.01766653846153801
TRPC6,-0.1667794230769228
LOC283475,0.008810192307692628
DGKE,-0.05065365384615375
KIF5A,-0.08676499999999993
AKAP8L,-0.0068728846153843105
ONECUT2,-0.03365749999999983
MRPL47,-0.008360961538461465
AFAP1,0.007445769230769301
MAP3K4,0.02093769230769241
SLC24A4,-0.1325524999999995
RPL29P11///RPL29P15///RPL29P9///RPL29P26///RPL29P6///RPL29P4///RPL29P31///RPL29P12///RPL29,-0.01992942307692294
ZBTB26,0.11173192307692305
SUZ12P1,0.17704326923076952
GALM,0.17852730769230782
LOC100132874,0.24290461538461547
CCDC34,0.02234961538461574
ANKRD35,0.023814615384615462
THBS4,0.51955
ZNF606,-0.2321863461538459
REXO4,0.1998025000000001
STT3B,-0.013781923076923067
GLE1,0.16751711538461556
MAD2L1BP,-0.16832692307692274
TRMT2A,0.05701557692307708
GPR153,0.000290961538461896
NHLRC4,0.02989192307692307
FRMPD4,-0.31476230769230723
KBTBD8,-0.20443923076923054
MCF2L,-0.06440057692307655
PIGU,0.18436307692307702
TRIM6-TRIM34///TRIM6///TRIM34,0.0648196153846155
LOC100289333,-0.38235442307692263
PSMC3IP,0.009303076923077127
CIAPIN1,0.26586230769230756
HESX1,0.019854615384615696
FBXO18,0.010387692307692528
LOC100506999,-0.15591249999999965
ANGPTL3,-0.19460249999999985
OLMALINC,0.03941980769230771
TMEM135,-0.05700538461538444
ICAM1,-0.026635576923076977
EREG,-0.050619038461538195
SLC1A5,-0.012352499999999733
GORAB,-0.07991288461538439
ZNF688,-0.10670057692307641
SYAP1,-0.0005405769230766181
LINS1,-0.05365442307692284
MBNL1-AS1,-0.05153826923076893
PAX8-AS1,0.4480236538461539
SALL3,-0.03231423076923049
TBC1D2B,-0.1633746153846152
LOC442497///SLC3A2,0.019283269230769444
MMP28,0.02707692307692341
ZNF84,0.14829730769230792
DLG2,-0.06770076923076898
TRAF3IP3,-0.028022692307692332
ADAT2,0.21385557692307713
SLC36A4,0.0020294230769232658
RNF213,-0.1286834615384612
POC1B,0.007967115384615454
MEI1,-0.07230942307692273
HUS1,0.0894705769230771
ZNF287,-0.052115192307692106
LINC00639,-0.37727865384615344
ATP6V1C1,0.018110961538461652
TBC1D32,-0.1791124999999998
AMIGO2,0.0013967307692309093
EP300,-0.0703109615384612
C11orf65,-0.04106403846153842
TMEM94,-0.17397384615384584
JADE3,0.10842403846153859
RPTOR,0.3775523076923079
FUT8-AS1,0.18319865384615383
STXBP6,-0.024233269230769062
AHCYL2,0.12649076923076955
MRPL49,0.06950980769230783
RSAD2,0.01622615384615413
PTPN14,-0.2092774999999999
LOC101928031,0.1335755769230771
ZC2HC1A,-0.00807038461538453
USP25,-0.014811538461538154
SLITRK4,-0.06855538461538432
RABEP1,0.03043384615384661
AHCY,0.07365846153846169
ALDH9A1,0.03397250000000018
MAGI2,-0.09368365384615342
IMMP1L,0.018828846153846255
KIAA1683,0.0058428846153849
RAD51L3-RFFL///RFFL,-0.008725576923076642
TRIM35,0.20354500000000017
CCDC58,0.16290596153846149
LOC652276,0.010041730769231094
MEGF10,-0.03136557692307686
MPV17,0.29563288461538473
AMMECR1L,0.07043173076923084
NETO2,0.02810826923076925
LRRIQ3,-0.08882115384615369
CASC22,-0.07475999999999972
LOC648987,-0.010278269230769087
BTC,-0.058304038461538185
GABPB2,0.09247076923076927
LOC102546299,0.010023076923077426
CCDC7,-0.029114230769230486
ADCY4,0.4155200000000001
LOC100506473,0.03242711538461568
CNST,0.027632692307692504
GDPD1,-0.19564846153846116
OIP5-AS1,-0.07275711538461498
BEND2,-0.25914499999999957
ZNF655,0.06532230769230789
CYB5A,-0.03326365384615383
PAX5,-0.017518461538461635
UGGT1,0.016849230769230786
LAT2,-0.06907865384615346
LOC732419///ATAD3B,-0.029207307692307557
LINC00664,-0.11452923076923069
SF3B3,0.3900011538461539
LY96,-0.02325115384615392
CEP19///MAP3K7CL,-0.1176153846153845
GAS2L1,0.06421903846153863
NNT,0.12395846153846164
LRRC31,0.01268596153846162
ADK,-0.0031455769230765533
CCDC57,-0.10789192307692273
ABCA17P,-0.06185230769230747
MED8,0.04109480769230787
LOC105377925,-0.03002038461538411
CANT1,0.25245038461538466
LINC00944,-0.2612098076923075
NTN4,-0.009392499999999762
TAGAP,0.012202115384615572
TOR3A,0.0013323076923077786
NECAB1,-0.015267115384615256
BUB1,0.007426346153846301
F11,-0.020598653846153656
PAICS,0.09572173076923066
MFAP5,0.012563269230769412
FANCB,-0.25473846153846147
DPF3,-0.05990192307692275
SPAG8,-0.026832884615384283
ABHD18,0.3739305769230771
DNAJC13,0.0010348076923077383
TSG101,0.02631173076923091
STON1-GTF2A1L///STON1///GTF2A1L,0.014685961538461696
ARHGAP18,-0.0242711538461536
FKTN,0.053136730769230894
CPEB3,0.0006150000000000983
KRT79,0.23052192307692337
C9orf40,-0.031789423076922965
AMPD3,-0.07504653846153819
SLC13A1,-0.06614403846153834
DNAH6,-0.056172307692307376
TMPO,-0.004923461538461208
CDH7,-0.07751461538461507
KCNN4,-0.004183461538461273
ZNF786,-0.004734615384615046
BLM,-0.0699901923076921
ZNF41,-0.04933461538461516
LOC100130216///USP9Y,0.00919557692307716
TERB2,0.011467115384615856
TP53I3,-0.05699730769230739
ATP6V1B2,0.0249007692307695
SENP2,-0.02833596153846113
PRKG1-AS1,-0.06752903846153842
SRD5A3,-0.012894999999999848
TNK2,-0.021334615384614994
LINC01146,-0.19193096153846137
LOC154761,0.0034294230769232777
C16orf45,0.00889846153846175
FAM110C,-0.128219423076923
CUL7,-0.004133846153845888
LOC391132,0.07357307692307719
FBXO31,0.09900173076923069
ARRB1,0.028091538461538623
ACSS3,-0.005255192307692003
HNRNPUL2,0.013451923076923252
OTX2,-0.3284211538461535
PART1,0.021920192307692443
LINC00437,-0.018814230769230514
NPL,0.05388423076923071
ST7-AS2,-0.09090019230769236
DTX2P1-UPK3BP1-PMS2P11,0.03795961538461572
TSR2,0.10357519230769242
PTBP2,-0.004516538461538347
BRD3,0.40575480769230765
RANGRF,0.27381269230769234
PRKCQ-AS1,-0.12965019230769215
SLC17A8,0.015009807692307817
LOC105378732,-0.07161557692307667
PKP1,0.0361123076923078
RBMS3,-0.22183884615384575
C16orf87,-0.06559538461538442
SORT1,-0.10781384615384593
C3orf18,-0.18748749999999972
TMEM192///ZNF320,-0.09269019230769208
IL18,-0.24645346153846137
MECP2,0.2603665384615385
CCSAP,-0.045710384615384465
NAA35,-0.059422115384615226
LOC102723448,-0.01496884615384602
TECTB,-0.04043923076923062
C7orf34,0.00040980769230791747
SPPL2A,0.012788269230769502
PIP5K1A,-0.014354038461538203
LOC101928748,-0.338753846153846
SGTB,0.10850538461538449
PKHD1L1,-0.027556923076922916
RAB28P5,0.0728500000000001
GPC2,-0.006339423076922802
USP39,0.07390596153846173
TRIM74///TRIM73,0.21316576923076924
GHR,0.12085211538461549
SLC2A13,-0.025100192307692223
DIRAS2,-0.2143753846153844
VSTM2A,-0.16167326923076883
T,-0.009967115384615387
LIPT1,-0.012470384615384567
SMIM12,0.031257692307692556
LOC100128484,-0.01294865384615364
UST,0.048265769230769556
LOC105370829,-0.14249634615384596
IRF3,-0.03955134615384606
PBX3,0.0627100000000002
SCN2A,0.08027346153846183
SLC25A14,-0.10273461538461502
WDR5,-0.1956730769230765
C8orf44,-0.051336153846153705
ALB,-0.10369307692307676
LOC730074///TMEM242,0.023494230769230833
NEGR1,0.06104653846153867
MRPL10,0.3617663461538461
TTC23,0.036570769230769296
BCKDHA,0.6435173076923075
NPTX2,-0.1532934615384612
PGAP1,0.1064655769230771
LOC257152,-0.039634999999999844
PBOV1,-0.2329942307692306
MLXIP,0.24690634615384616
TDP1,0.44613538461538466
FAM222A-AS1,-0.1654548076923074
AOX1,-0.1450646153846152
KITLG,0.01201326923076954
CIPC,-0.032129999999999756
PES1,-0.016339423076922842
ZNF649-AS1,-0.04279326923076912
LRRC4C,-0.28336519230769186
LOC283585,-0.059021730769230715
ABLIM1,0.10407076923076926
ART5,-0.016917692307692085
IGLV2-11///IGLV2-18///IGLV2-23///IGLC1///IGL,-0.10340326923076895
DYNC2H1,0.02339711538461571
WHSC1,0.024928076923077122
MED11,0.284955
IGLL5///IGLV@,-0.15897673076923047
FAR1,-0.13185769230769206
KATNA1,-0.008712692307692203
CLN5,0.19602211538461548
GLB1L3,0.040076538461538726
YARS,-0.2579171153846152
ECSIT,0.2802709615384616
FAM104A,-0.027311923076923084
MAP1LC3C,0.014260384615384895
DHRSX,-0.06305211538461515
CSNK1A1P1,0.04333115384615415
GRHL1,-0.03590749999999971
GNPTG,-0.21739634615384584
ARRDC3,-0.013433461538461328
BMP8B,0.006413653846154066
LPL,-0.16612557692307664
MARCH5,-0.00039096153846147083
NUDT16,-0.060629230769230644
FOPNL,-0.0034615384615381017
UBR7,0.012972884615384745
NDUFB7,-0.05424346153846139
HCK,0.04832057692307691
EZH2,-0.09033461538461496
ATXN1L,-0.09325499999999971
LINC00652,-0.042435384615384465
IQGAP3,-0.001166730769230769
NIN,0.229821153846154
ZNF587,-0.026758653846153356
GCA,-0.004917499999999902
SHISA4,-0.014208653846153397
C12orf73,-0.07046096153846126
MCM7,0.15857096153846165
FLJ13773,-0.08369019230769204
MCF2,-0.023799038461538333
ZNF507,0.042718461538461844
FKBPL,0.21355423076923083
ROR1-AS1,-0.010278461538461365
PLA2R1,-0.30502326923076895
TENM3,-0.1193957692307691
LINC00869,-0.008022307692307695
CHCHD4,-0.20470480769230764
ZNF423,-0.11152826923076914
PNPLA7,0.03744423076923111
DCUN1D2,-0.21937519230769206
FAM160B1,0.06022807692307704
MAGEA9B///MAGEA9,-0.07837461538461507
CYP39A1,-0.003975192307691866
FAM9C,0.001533846153846395
MAP7,-0.12554653846153827
FCGR2A,-0.04700923076923065
NUSAP1,-0.13165538461538417
SPTSSB,0.11442903846153876
ZNF707,-0.07114519230769221
SMPD1,0.008908653846154028
SIKE1,-0.047722115384614926
ZZEF1,-0.02577249999999988
ZNF697,-0.05085019230769207
GPR65,-0.22537634615384597
IPO9,-0.03934999999999982
LINC00963,0.0006184615384614283
PLA2G15,0.2348225
SLC35D3,0.05705038461538477
ZFAND4,0.11607480769230781
PSG1,0.010481538461538598
ENOX1,-0.11251615384615365
PRF1,0.11615711538461534
LOC79160,0.3025746153846156
COPE,0.14107961538461558
TGFB1,0.09556750000000011
COLEC12,0.009739615384615654
PCYOX1L,0.21580134615384625
ALG10,0.046095769230769225
ZNF826P,0.05788346153846174
LATS1,0.003919423076923401
IQCF3,-0.05141884615384582
CCAR2,0.042889807692307685
ZZZ3,0.12640403846153833
NPY1R,-0.08489980769230736
ANKRD54,0.4237042307692309
PDSS1,0.007823846153846544
MIS18BP1,-0.17737019230769205
CDC42EP2,0.3064453846153846
FBXL2,0.3052719230769231
LOC101927830///TMLHE-AS1,0.04521750000000031
ID3,0.14883519230769218
PYCR2,0.1584436538461539
KY,0.06716500000000017
OCRL,-0.010019999999999774
VPS26B,0.00215980769230792
TRIM61,0.07031365384615398
C3orf38,-0.004739615384615142
TSEN2,0.1943032692307694
AMMECR1,0.04319403846153885
SIN3A,-0.05630057692307662
LOC202451,-0.030164999999999848
FLG,-0.10598480769230732
ZBTB8B///ZBTB8A,-0.3838794230769226
VLDLR,-0.04617846153846144
LOC102723809,0.007406346153846375
CEBPG,-0.18908096153846118
LOC100289518,0.06377153846153863
SPNS2,-0.038503269230768966
CACFD1,0.2947440384615383
MRPS18A,-0.1439811538461536
ASH1L-AS1,0.141532307692308
TIPARP,0.2021686538461539
GNAT1,-0.03641769230769222
RFXANK,0.04089615384615411
NRXN1,-0.017479038461538313
ZNF22,0.019306346153846413
AMER2,0.01879538461538485
IGHA2///IGHA1///IGH,-0.1974551923076919
SEPT7P2,-0.06507499999999972
ZNF431,0.17185692307692346
KIF2A,-0.12649153846153827
A2M-AS1,-0.11255134615384615
DIRC1,0.0002650000000003832
PMVK,0.15390538461538478
KIAA1586,0.06992692307692319
ACVR1C,-0.1395576923076921
YPEL2,-0.020099999999999642
PYCR2///LEFTY1,0.0838769230769231
BTNL9,-0.002425576923076552
TSPAN10,0.6640536538461538
SPRY2,0.08721115384615384
LINC00632,0.0037438461538464567
GPR85,-0.05655076923076904
HSD17B11,0.05217423076923087
SLC35A3,-0.13799307692307683
DDX27,0.013695769230769534
SMYD2,-0.08764653846153841
GSTCD,-0.017954999999999763
WFDC11,0.06926634615384647
KIF5C,0.01742865384615392
DNAH14,-0.09353980769230738
SLC26A7,-0.035703653846153816
IGHMBP2,0.12762769230769241
LIN9,-0.014794999999999739
MFSD12,0.03559269230769259
KLHL8,0.017985961538461704
TGIF2,-0.16798846153846114
MST1R,0.006027115384615555
MYBL1,0.0049617307692310176
NRCAM,0.01719442307692347
GYG1,-0.010814615384615256
SLC39A12,-0.1271276923076921
PKD1L2,-0.03355596153846122
C9orf64,-0.05536403846153816
LRRC8C,-0.3161738461538457
UHRF1BP1,-0.03384730769230734
DLEU7-AS1,-0.3381717307692306
MPPE1,0.26031096153846167
GH1///CSH2///CSH1,0.15731346153846176
LOC730101,-0.19235980769230732
LOC101927460,-0.07338923076923044
SCFD2,0.005689807692307941
UEVLD,0.05863673076923085
CDC40,-0.0031878846153843257
CA6,-0.05107019230769196
LOC284242,0.07282730769230797
RGS18,-0.33201961538461505
ACADL,0.03492903846153863
ADAM29,0.09626326923076949
RAB21,-0.018773846153845992
SPO11,-0.030498846153845925
USP10,0.01772980769230788
RPL22L1,-0.0208238461538461
PEX11A,0.10541730769230784
DHX34,0.037314423076923474
MPHOSPH9,0.24110134615384635
COQ4,-0.07565769230769219
SLC51B,-0.13045115384615347
TINAG,-0.020196153846153565
HLA-DRA,0.08240480769230775
TDRP,-0.03168307692307669
ABHD17B,0.0352028846153848
FAM96B,0.020384807692307754
LOC100133761,0.09836942307692312
BMPR1B,-0.1023309615384613
DMPK,0.0008053846153847595
JHDM1D-AS1,-0.0912513461538459
RPIA,-0.31140192307692277
SPRY1,0.023770576923077075
LOC105377458,0.043278461538461814
NPRL2,-0.09024942307692281
STK32A,0.01679615384615397
SLC35A2,0.0800038461538461
HOTAIR,0.01135403846153871
PCDHB14,-0.04539634615384573
LINC00982,-0.44985596153846086
FAM221A,0.014486730769231043
BCOR,0.03286173076923088
DDRGK1,-0.1798613461538459
FAM173A,0.056337884615384526
LOC102723757,0.0014759615384615896
MSS51,0.21553653846153864
DNAJC6,-0.00665115384615375
LINC01220,-0.009697884615384256
SPATA6,-0.13976038461538445
DDX55,0.02246211538461558
SYT12,0.06499038461538469
SELE,-0.017055192307692254
KYNU,0.02388730769230792
MSANTD2,0.01469134615384637
DCUN1D5,0.01385750000000002
INHBA-AS1,-0.08312942307692281
UPF3A,0.009695961538461752
PHF12,0.08737211538461544
PIGF,0.2745994230769232
L2HGDH,0.16052750000000005
GALNTL6,-0.041371153846153794
DDX56,0.4207119230769229
GRWD1,0.11667961538461549
ANKRD36,-0.012412115384615256
CAMSAP1,0.16582980769230798
LRRC69,-0.05782019230769208
ZNF506,0.002709038461538597
NDST1,0.068425
FAM107B,0.057884615384615534
B4GALNT3,-0.002755192307692145
FAM45A///FAM45BP,0.005170769230769459
RGPD4-AS1,-0.11751076923076909
LPCAT2,-0.03549288461538456
AMACR,0.19749038461538468
CARD19,0.2148303846153847
RNF207,0.18776192307692313
PHAX,-0.09936115384615359
LOC101927647,0.13894000000000004
LINC01128,0.0351840384615385
RFC4,0.015448653846154025
CTSO,-0.0642923076923075
LOC100133481,0.4050211538461538
PCSK5,-0.015578653846153888
FST,-0.08553980769230732
RDH13,-0.07081307692307671
METTL21A,0.5420186538461539
ZNF273,0.00977730769230791
TCEA3,0.010792884615384768
EPSTI1,0.02440788461538477
LOC101928539,-0.20304173076923063
LOC100129932,0.07224192307692318
SLC27A2,-0.0946899999999998
CUEDC2,-0.006186923076922746
DIEXF,0.11027500000000012
SLC22A23,0.05581576923076948
ZDHHC4,0.1288717307692308
LOC728835///CCL4L1///CCL4L2///CCL4,-0.061942692307692115
PLAC4,0.009171538461538592
KDM5B,-0.010278653846153826
SLC15A1,-0.015469230769230492
FGD6,-0.07055884615384601
CTSS,-0.21212903846153816
WASF1,-0.0079032692307691
MXD1,-0.0800667307692304
CD200,-0.043996153846153754
HABP4,-0.33928019230769224
ZFC3H1,-0.04723480769230753
PCBP1-AS1,-0.03536499999999983
NUFIP2,-0.043879807692307406
MCAM,-0.0028040384615381133
LOC101928012,0.1778534615384616
RPS12,0.14284557692307712
ARF5,0.08712750000000008
CCR6,0.03335038461538473
PPIL2,0.025484807692307692
CPT2,-0.0870661538461537
BRINP3,0.0020661538461542385
RIN1,0.02938461538461553
CASZ1,0.10237134615384638
TMEM133,-0.04703538461538427
NMB,0.010744615384615418
PNPT1,0.002370000000000107
MYH14,0.05648596153846188
PAAF1,-0.09371615384615364
FBXL12,0.17208500000000013
SNTG1,-0.009722115384615131
DEUP1,-0.144718269230769
ITGA5,-0.05476980769230763
LOC728804,-0.06808211538461535
RAP2B,-0.008720192307692182
CPOX,0.05804153846153884
LOC150005,0.017293846153846312
SNHG16,0.015449423076923256
GALNS,0.18352980769230795
LOC202025,-0.048659423076923065
CARMIL1,0.13512230769230782
DNAJC28,-0.039022884615384466
ST8SIA3,-0.03695288461538463
ATP11C,-0.002431153846153618
PLCXD1,0.00281538461538496
MESDC1,0.6040986538461537
FAM217B,0.14795384615384627
LOC101928865,-0.02886365384615361
PRUNE2,0.10097596153846167
LOC100129550,-0.05292807692307664
SDHAF4,0.14355019230769261
KLF11,-0.27811249999999965
LOC101928614,-0.017350961538461357
KDM7A,-0.0006053846153843294
LPAR6,-0.005677499999999854
KEAP1,0.22314461538461547
ZNF561,-0.09256961538461511
MST1L,-0.13862192307692278
DCAF12L2,0.13232038461538487
NGF,0.04418576923076928
SLC2A3,0.05718384615384624
PRKAA2,0.1418767307692308
SAMD8,0.08338000000000008
COPS7A,0.1325019230769234
RHOU,-0.017817884615384288
RNF169,0.004852500000000372
RHBDL3,0.02547230769230783
DOCK11,-0.06671519230769192
LOC101928271,-0.07183288461538431
SIM1,-0.42738038461538436
FLJ14082,-0.06273923076923033
KDR,-0.00485653846153817
SLC22A5,-0.2129111538461537
PARD6B,0.027558269230769712
SLC41A2,0.00819692307692329
DNAJC30,-0.2671146153846154
RNPEPL1,0.06405423076923109
SEZ6L2,-0.06087634615384592
SENP1,-0.06827115384615343
PPP1R7,0.0891951923076927
LINC01021,-0.03394519230769202
LOC105378382,-0.07218480769230749
ERO1B,0.032899230769230986
MKL2,-0.11423019230769232
MED9,0.05444711538461563
MRPL50,0.04658903846153873
BBS10,0.1682859615384616
ZBTB17,0.02387673076923115
GRM8,-0.07454403846153812
COG2,0.019891538461538395
LRP3,0.07925076923076932
NOL6,0.04537538461538485
MEAF6,0.011817884615384812
WDR86-AS1,-0.20634326923076857
TRAF7,0.4382061538461536
NSD1,-0.10919230769230721
PRDM9,0.016882115384615766
SLC25A31,-0.015378653846153861
CDC23,0.09527846153846155
DIRC2,-0.0006361538461537972
PDZD4,0.04213865384615395
DISP1,0.15260461538461542
ZNF197,0.13148269230769227
GPR75,0.017527500000000425
ZFPM2,-0.011545192307692137
LINC00290,0.009610000000000273
FUZ,-0.029295384615384425
IFI44L,-0.013868076923076747
LOC101928298,-0.09515903846153798
NDUFAF1,0.11247019230769251
CLUL1,-0.049059038461538175
THNSL1,-0.04194423076923055
MMP8,-0.12129538461538439
NYAP1,-0.0040430769230766035
OR5K1,-0.19590115384615342
RCOR3,-0.1707011538461536
KAZALD1,0.2870423076923078
PRKCI,-0.048490384615384415
USP3-AS1,1.2884615384804479e-05
NUP155,0.1886701923076924
RGS16,0.05289673076923094
C1orf174,0.029020192307692608
HYOU1,-0.026718653846153597
MSL3,-0.00042115384615385554
GXYLT1,-0.11366884615384582
POLR3D,0.11611115384615395
PPP4R3CP,-0.025323269230769146
PLEKHA3,0.01663250000000006
LEAP2,0.03945019230769237
NOL11,0.12140019230769267
CFB,-0.010197692307692165
HOXA4,0.03294692307692332
ST6GAL1,0.026204423076923448
ZNF575,0.01291365384615409
DBP,0.07409846153846164
XG,-0.31332326923076925
EHD4,-0.004333653846153738
ANKHD1-EIF4EBP3///EIF4EBP3,-0.12754673076923057
C2orf27A,0.052083269230769474
LOC105375273,-0.04609942307692293
ITIH4,0.11042884615384645
EPHA1-AS1,-0.001740576923076906
FAM227B,-0.05551730769230746
HACE1,-0.013922115384615387
LINC00692,0.07262750000000012
TNFRSF19,0.002052692307692433
CREBRF,0.054824615384615465
PCDHB19P,-0.04193769230769203
CROT,0.12706711538461551
TMEM229B,-0.009691538461538259
C22orf46,0.019822884615384808
ZNF37BP,-0.00835230769230741
EVL,0.11580096153846171
CPNE8,0.02359596153846196
BLVRB,-0.0079190384615385
TFIP11,0.015434423076923175
VCPIP1,0.5148503846153845
LOC730102,-0.03307096153846143
GNRH1,-0.04398499999999968
LOC284930,-0.17072403846153827
NKRF,-0.161231346153846
GYPE,-0.001592692307692014
PANX1,-0.030264999999999962
TBL1Y,0.0711640384615387
LOC100506107,0.10396692307692343
ARMCX5,-0.00932903846153822
JAZF1,-0.04146384615384593
SULT1E1,-0.08407826923076886
GSTA3,-0.009725192307692
SLC35E3,0.010131923076923257
ACACA,0.014601538461538796
GTF3C6,-0.07452634615384605
NOTCH4,0.02309134615384631
KCNIP4,-0.22952634615384573
DYDC1,-0.0064103846153845
TBX3,-0.01979134615384604
LOC389834,0.027467115384615434
CXorf57,-0.022396153846153604
TNFAIP8L2,0.02752750000000041
SYNGAP1,-0.023627884615384523
MGAT4D,-0.08785384615384587
MGC45922,0.38222711538461535
ORC1,0.08327115384615395
LOC339622,0.005655961538461598
LOC100128819///KRTAP3-2,0.02135673076923096
CCDC12,0.07494115384615406
MROH9,-0.12194846153846098
KIAA1524,-0.007899807692307395
SLC9C2,-0.010165961538461277
ZFP41,0.03288807692307709
LOC339593,-0.03178846153846136
BMS1P5,-0.03429749999999997
TCP11L1,0.032598269230769514
OR8G1,0.02071923076923112
AKIRIN2-AS1,0.06575634615384619
HSFX2,0.14824692307692316
GPCPD1,-0.05790057692307675
NUP133,-0.018280961538461572
MARC2,0.052628461538461686
SNRNP27,0.042347884615385044
C11orf21,0.3497980769230771
WDR44,0.17791288461538476
RECQL5,-0.0881323076923076
BMPR2,0.0058542307692308285
GABRG1,-0.07128153846153833
TEFM,-0.012039038461538185
DNAJC11,-0.03771884615384605
LUZP1,-0.10220346153846128
PCDHB11,-0.1134873076923073
FKBP9,0.035682307692307604
ARL6,-0.04147653846153849
KCTD5,0.29377557692307693
BLOC1S1,0.07798153846153862
DUSP10,0.2545025000000002
KAT7,0.03376750000000025
IFNK,-0.0774567307692305
ZNF394,0.048799038461538574
DHX35,-0.24521326923076872
SOS1,0.009089038461538869
SGPL1,-0.0664590384615383
ADCY1,-0.07759807692307671
ACTR1A,0.07720596153846154
PDZD8,-0.049045384615384435
MYBBP1A,0.003267115384615338
MASTL,0.016469038461538726
PTPRJ,-0.006793269230768948
UNC80,-0.026290961538461388
CKB,0.010635000000000143
MLYCD,0.18568230769230795
USP43,-0.10384653846153816
SYT13,-0.01974423076923065
RIPK2,-0.10518038461538458
SMARCD2,0.28660192307692306
SERGEF,-0.3607040384615381
MED31,0.11823865384615406
PARP10,0.2416046153846154
TRRAP,-0.09256134615384591
SOX9-AS1,0.07464230769230773
CHRNB2,0.1109901923076926
SLC25A30,-0.06645961538461492
WT1,-0.03174153846153824
CHD8,0.07778750000000001
C8orf46,-0.052050961538461324
SAMSN1,-0.008336538461538222
PNLIPRP2,-0.0032111538461538336
LOC100130703,6.076923076938941e-05
HDAC5,-0.02103557692307666
LOC100507053,-0.0028653846153843194
ESR2,-0.043049038461538236
ERBB2,-0.03394884615384611
LOC374443,-0.10565499999999979
RNF126P1,-0.10343596153846132
FAM72A///FAM72B,-0.011468846153845837
SPTBN4,0.09643269230769241
OSTF1,0.43982288461538466
RABGGTA,0.3290001923076923
ZNF124,-0.0011734615384614553
TRADD,0.13128500000000018
DNASE1L3,0.014701346153846247
FAH,0.03593038461538482
SLCO2B1,0.024622307692307784
ME2,0.06452249999999993
STX2,-0.09071615384615357
C1orf145,-0.03278884615384613
ARHGEF37,-0.10708999999999963
NAALADL2,-0.03224884615384593
LINC01278,-0.11263961538461514
FXYD3,0.03827673076923088
PRSS35,-0.018400384615384444
TAF1,-0.14576346153846137
MRPS18C,-0.05118115384615378
PDK3,-0.011120769230768773
WFS1,-0.009802307692307622
RNU6-501P,0.027873653846154197
KIAA0430,-0.013778269230769118
ZBTB40,-0.022822692307692176
WDR17,-0.067242692307692
OVOL2,-0.2171742307692304
LOC162137,0.06728865384615418
LINC00959,-0.2622084615384613
ANKZF1,-0.0330340384615383
PXMP2,0.16240576923076927
SPTLC2,0.06844115384615403
PRO1596,-0.0826157692307689
UBN2,-0.04135019230769214
BAD,0.013977500000000075
GLUD2,-0.10344384615384603
MAZ,0.004846923076923191
TPTEP1,0.34421980769230787
SHC1,-0.05395115384615351
FKBP1B,-0.1839480769230767
CD48,0.1358471153846154
CPVL,0.01323269230769251
C6orf52,-0.029551346153846126
MAPRE3,0.02647615384615406
SPIN2B///SPIN2A,0.014858076923077055
ZNF616,0.011504423076923424
SIM2,-0.006352115384615191
CAMK2N1,-0.028755576923076943
FAM169A,-0.003924807692307561
NDUFB10,0.04903538461538484
TTI1,-0.2345619230769228
TESMIN,-0.13102096153846116
CCK,-0.0014959615384614303
RBMS1,-0.000299038461538403
LOC100129386,-0.03763461538461508
CTNNA3,-0.3071501923076921
GALNT3,-0.21799403846153817
RIC1,-0.0035044230769229077
OTUD1,-0.02892865384615376
GRAMD4,-0.03916365384615361
TNP1,0.06378500000000044
EXPH5,-0.3232830769230767
ATF3,0.05841769230769232
WDR92///PPP3R1,0.030695576923077096
VSIG1,0.013208653846154158
ERVK13-1,0.3202413461538463
SH3GLB1,-0.035864230769230634
ZBTB10,0.03701730769230783
MAGEB3,0.020163461538461925
MRM3,0.07967750000000004
IL22RA2,-0.08684807692307644
PAX6,0.00662884615384614
ZNF407,-0.0009573076923074371
TPH1,-0.18970846153846108
TMEM185B,0.08795153846153872
HMGCL,0.0022826923076924204
ASAP3,0.11115000000000014
STX6,-0.05237096153846148
LOC284632,0.11367269230769242
HBEGF,-0.0008526923076921333
ATP10B,-0.3306134615384615
SALL2,0.34052711538461544
OSBPL2,-0.012097307692307487
STYK1,0.04290307692307719
PRIM1,0.018675961538461752
CDCA4,-0.07902807692307667
RCC1L,0.010239615384615559
EPB41L5,0.043480961538461906
PCDHGA10,0.0004055769230771118
PPM1J,0.32026673076923073
NPHS1,-0.33738057692307666
INTS2,-0.004130961538461483
LOC101929378,-0.11365384615384581
SLC25A16,0.058130192307692445
MYO15B,0.16967596153846182
PSPC1,-0.08123788461538442
LINC00317,0.036479230769230986
EMCN,-0.0049749999999999395
IFT22,0.12204442307692327
HIBADH,-0.06577173076923057
SETDB1,-0.1165515384615383
PITPNA-AS1,-0.054526538461538536
OR1C1,0.06814038461538485
PCDHA9,-0.09267211538461514
CORO1B,0.4360684615384617
IGLL1,0.13253750000000022
PIGL,-0.00038249999999974795
RAI1,-0.10043365384615381
LOC100505851,-0.07349730769230739
SLC24A3,-0.2243823076923074
BTN3A1,-0.041067307692307466
PILRA,-0.09904019230769226
PRLHR,-0.09274999999999979
MAMSTR,-0.04733461538461529
LOC728705,0.04545615384615395
DDIT4L,-0.04035749999999964
HPS5,-0.07161442307692284
PKIA,-0.004718461538461397
FIGNL1,0.1254694230769232
SHARPIN,0.0333501923076925
DLG3,-0.10315384615384592
LINC01013,-0.040409038461538115
KIF9,-0.0035182692307690437
LRP6,0.00795211538461555
SYNE1,0.04303615384615392
BEST4,0.19664500000000013
FAM69C,0.008894615384615672
HAS3,0.04172288461538485
ZC3H8,-0.07638423076923066
RGL3,0.009853461538461672
DNAJC27-AS1,0.015107307692307862
LINC00312,-0.0062984615384612105
GP6,0.09560326923076944
IGHV3OR16-6,-0.029846346153845803
DLX2,-0.37210519230769196
LINC00636,0.008220384615384841
SEMA4B,-7.692307691967197e-06
SSH1,0.051282692307692564
MTMR1,0.08468096153846189
EVC,0.07517461538461542
ATXN7L3,0.3105084615384617
C12orf60,-0.034023846153846224
GPATCH4,0.09753538461538479
TIGD6,0.01221500000000016
STYXL1,-0.017377692307692216
LUNAR1,-0.044174807692307444
LMOD3,0.0618944230769232
OR2B6,0.011446538461538815
ZNF460,0.01631653846153891
NUMA1,0.005512307692307996
PCDH7,-0.0036857692307689593
MROH7,0.04892884615384619
LOC100128443///MAST4,-0.012451346153845896
DCAF17,0.3340026923076925
KLF15,-0.1559474999999995
LOC101929621,-0.03693942307692294
LMBR1,-0.013132692307692055
P2RY1,0.0075446153846156815
ECT2,-0.10765999999999971
SHANK2-AS2,-0.05662346153846161
ING2,-0.004854615384615177
MYEF2,-0.013824615384615331
BBS5///DTD2,-0.054624999999999764
PAPD5,0.02064884615384642
THUMPD3,-0.0454878846153844
LRRC58,-0.46154288461538406
PEX5L,-0.034530576923076706
CEP78,0.012951923076923264
RHBDD3,0.17047173076923075
MYO1E,0.20134576923076924
LYN,-0.010558461538461412
SNRNP48,0.048491346153846454
SELM,-0.08473634615384587
PSMB2,0.03260942307692302
MCRIP1,-0.018658461538461367
LOC654841,0.03719653846153861
PSMD6-AS2,0.014089807692307839
KIR2DS2///KIR2DS5///KIR2DS4///KIR2DS1,-0.1686517307692306
ZFAND3,0.451051923076923
UBN1,0.006625961538461662
KIAA0754,0.04713057692307718
FAS,-0.13313173076923068
FGR,-0.3052384615384613
PDE4A,0.2148582692307692
NCOA3,-0.38551480769230734
ZFP91,0.0486303846153848
LOC403312,-0.047019999999999694
PRR5,-0.004278461538461396
ZNF133,0.23923442307692297
ZWILCH,0.39933365384615366
GPR137B,0.012026730769231048
NTPCR,0.01380461538461538
FAM175B,-0.06195211538461515
MGC32805,-0.07444884615384606
PEX11B,0.08504807692307721
RABL3,-0.10768153846153809
DNAJC12,-0.08074019230769201
PEG10,-0.044801538461538316
IGKC,0.01699673076923094
INPP5K,0.09005749999999998
AP1S1,0.21702250000000012
ERBB3,0.15212346153846165
CHMP7,-0.14619346153846144
FLJ21369,-0.0653790384615383
LINC00515,0.14265173076923093
TTC7B,-0.06067230769230754
SGMS2,-0.07155615384615363
MIS12,0.07089000000000006
LNP1,-0.03197865384615349
PIGV,0.0010934615384615449
RHO,0.12972788461538498
NF2,0.06706096153846172
ZNF23,-0.11128923076923035
CA12,-0.0756971153846151
SMG9,0.04911423076923093
EFCC1,-0.11390134615384613
LINC01097,-0.023021730769230586
NLRP11,-0.07102653846153846
RAD21L1,-0.03470480769230721
ECSCR,-0.010822692307692096
DCBLD1,0.003467307692307798
MSX1,0.1309034615384619
RNF217,-0.02603711538461529
PIKFYVE///SMR3B,-0.006830192307692012
CORO1C,0.04866096153846165
RHOJ,0.10560173076923081
WIPF3,-0.014310961538461646
LYNX1,0.2267642307692308
CDC14A,-0.03249519230769216
GTF3C4,-0.1343184615384614
LOC100133916///MED18,0.23729730769230772
ARHGAP39,0.07582961538461559
LHFPL5,0.020365000000000303
LOC101928002,-0.028638846153846174
GATAD2A,0.07029826923076962
GEMIN6,0.06520846153846162
NFXL1,0.08426961538461539
RHOBTB2,0.11187730769230797
BCCIP,0.008530384615384683
ANKS1B,-0.010813653846153822
HAUS3,-0.007068461538461296
EIF2B4,0.024795384615384875
LOC728114,-0.010904615384615285
ANLN,-0.05147230769230716
CHD6,-0.0336480769230766
LINC01343,-0.05078499999999965
CA2,-0.0563849999999996
DCLK1,-0.1256674999999997
SNED1,0.11797192307692307
ENPEP,-0.014065769230769125
ZNF79,-0.018376923076922725
PNP,0.048869038461538644
USF3,0.018841923076923357
PXDNL,-0.02890115384615364
GIN1,-0.051121923076923016
GFOD2,0.012748076923077032
ZDHHC9,0.2164090384615384
HS1BP3,0.0017488461538462798
NUP98,-0.0926857692307691
SLTM,0.09690403846153867
PIK3CD,0.04586288461538497
UBE2DNL,-0.08498192307692286
ATP10D,-0.0916930769230767
ABCB4///ABCB1,-0.0009911538461536628
C18orf8,-0.010312499999999721
PIGM,-0.026986346153846198
SLC4A10,0.03785519230769232
GGT2///GGTLC3///GGT3P,0.11751673076923101
FAM53A,0.30489173076923076
SMAD1,-0.0741846153846154
ABCB6,0.192890576923077
C2orf49,0.050183076923077094
DNAH8,-0.04790461538461523
APOL5,0.06093980769230781
KALRN,0.37288365384615385
PEX7,-0.044015384615384325
LOC441666,-0.11580326923076885
PMS2P5,0.022566923076923397
GNAL,-0.14669230769230746
ERMAP,0.0863971153846155
ARHGAP22,0.07230865384615394
PKNOX2,0.009007884615384869
AKIP1,0.11662750000000002
PLEK2,-0.012743076923076874
WDCP,-0.056440961538461364
TTC28,-0.07241134615384599
RNF17,0.016402307692307914
MEIOB,-0.06452346153846152
PBK,0.03313346153846171
SPR,-0.006015576923076641
BTG2,0.3726499999999999
LINC00968,0.03178596153846173
PLCB4,-0.2421038461538458
RRP8,0.021911538461538697
LOC730909,0.10573557692307706
ECHDC3,-0.06360461538461508
KIR3DS1///KIR2DL2///KIR2DL1,0.2988767307692309
GATM,0.0030853846153848885
HOMER3,0.3040340384615386
KHSRP,0.22026250000000028
ARIH2,0.05139730769230797
CTSH,0.10046999999999998
LOC100129917,0.23547384615384626
DDX31,0.019767884615384576
LPP-AS2,-0.019264230769230617
SAP30BP,0.006399807692307915
RHBDF1,0.4331207692307692
PDE5A,0.26750846153846164
KCTD6,0.07706365384615407
CLDN11,-0.05651730769230749
GIMAP2,0.05451423076923092
ATP6V0A2,-0.026916730769230655
MPP5,0.029318461538461613
UPRT,0.006665576923077192
PPP1R13L,0.34796653846153847
FKBP5,-0.29681499999999994
NRTN,0.19942326923076953
GOSR2,-0.014669038461538407
PAK4,-0.030268269230769033
FSTL4,0.006634807692307909
ZNF250,0.11491423076923092
WDR11-AS1,-0.0005463461538459713
MRPL11,0.020446730769231054
LOC642103///MGAM,-0.05390365384615371
ZNF19,0.03233596153846165
RUSC1-AS1,0.1907846153846155
CNTN6,-0.14386423076923047
ADGRL4,-0.018417884615384565
LRRC42,-0.043085576923076664
NPAT,-0.01562942307692286
GADD45GIP1,-0.06917346153846127
LINC01006,-0.034328269230768954
TMEM26,-0.06268384615384594
TMEM134,0.13749076923076936
KMT5A,0.15320230769230783
RMI1,0.11051826923076938
STAU2,0.006299807692308012
MMP15,-0.11913403846153839
LOC414300,-0.009469230769230546
LOC100134410///POU6F2,-0.0456030769230768
TSFM,0.09708365384615404
RASL12,0.2697736538461537
FLJ11827,-0.06648980769230742
NCOA5,-0.10169499999999977
MRPL2,0.4732269230769229
ACVR2B,0.045454230769230976
TOMM40L,0.04845711538461548
LOC286161,0.0047444230769232735
POLD4,-0.08381384615384603
LIN54,-0.11553730769230756
LINC00597,0.018092500000000254
UXS1,-0.003254615384615304
PIP4K2A,-0.016273461538461268
RNF180,-0.13668403846153826
INVS,0.00244230769230803
SMUG1,0.058178846153846234
SORL1,0.15043980769230791
PPP1R17,-0.12837807692307662
NT5C1B,-0.049690576923076706
ASCC1,0.1979851923076922
FECH,-0.05798634615384588
EVX1,-0.047469423076922965
PCDH12,0.09232865384615394
LOC643102///KLHL12,-0.09507538461538433
PARM1,0.0886321153846157
CYP19A1,-0.013925192307692024
TAOK2,-0.034594999999999786
LOC101927829,0.02373634615384641
PTPRO,-0.05640749999999982
MAGEA2B///MAGEA6///MAGEA3///MAGEA2,-0.011573653846153595
DEFB132,0.021413461538461694
TMEM33,0.002884423076923291
MKL1,0.030013846153846144
COLQ,0.05146500000000033
MYC,0.061245192307692466
LINC01339,-0.0576009615384614
PIGN,-0.04340923076923068
LINC00314,-0.018438269230769154
THRA,-0.016336730769230562
ZNF493,-0.2479953846153843
UPF3B,0.12828980769230788
COX10,-0.015994038461538348
SP3,0.09502442307692324
YIF1B,-0.029587307692307326
SUGP2,-0.08464788461538425
LEPR,-0.15497096153846132
LOC100134685,0.06771192307692335
ADGRL3,-0.08659903846153819
NBPF3,0.5639576923076923
CYLC2,0.003292115384615785
P2RY10,-0.10983019230769196
HIST2H2BE,0.03055615384615408
CPSF4,0.05051634615384638
OXCT1,-0.004137115384615349
MYO1G,-0.006656538461538224
CHN1,-0.25872942307692287
APCDD1L-AS1,0.028769423076923373
OGFR,0.03158115384615406
SUFU,0.28926711538461525
ROCK1,0.007520576923077321
SDHAF1,0.1547009615384616
INO80E,0.031151538461538637
LIPE-AS1,-0.03510326923076898
LOC57399,-0.14419980769230745
SYT6,0.009799230769231082
PPP4R4,0.05899653846153856
STIM2,-0.23486923076923033
LOC284578,-0.3023998076923073
LOC101927256,-0.014789230769230527
SEC31B,0.5133817307692303
FLG-AS1,-0.06618403846153817
LOC101929660,-0.10574788461538441
ZEB1-AS1,-0.01669980769230732
LOC101930164,-0.006699807692307529
LOC101928809,-0.017698846153845916
GABRB1,0.09932480769230778
MYPN,-0.016522307692307555
NCAM1,-0.23500423076923044
FCGR2C,0.008140384615384945
SHANK2,-0.11254615384615374
TRAJ17///TRAV20///TRD///TRA,0.09651750000000035
BCDIN3D,-0.008853846153845968
FNBP1,0.1325359615384617
QPCT,-0.008801923076922801
DIAPH2,0.03643115384615415
U2AF1L4,0.2734380769230768
MBTPS2,0.00681250000000015
LOC100132773///LOC100131868///LOC100129064///PPP4R2,-0.14470961538461527
FEZ1,0.11560134615384628
NEDD8,-0.006817115384615336
KCCAT333,-0.21509269230769212
HACL1,-0.09418346153846133
SPOPL,-0.008972499999999873
C7orf25,-0.009128846153845984
PTGFR,-0.04885499999999974
GLCE,0.10137692307692332
NCOA7,-0.005479999999999755
UROC1,-0.08544403846153811
LINC00868,0.01823884615384648
SDC1,-0.0038955769230769595
SNHG5///SNORD50A,-0.019912115384615427
DCAF4,0.04191634615384638
DSCR8,-0.2697521153846147
SCART1,-0.1500113461538458
FZD3,-0.048770769230769034
ZNF367,-0.04378576923076897
SFRP4,-0.10999730769230757
CYSLTR1,0.06204692307692324
C6orf223,0.04682346153846195
INTS9,-0.11967846153846129
GPD1,0.11720211538461567
DSCC1,-0.01275038461538434
STIM1,0.28810038461538473
KMT2B,0.011245576923077101
PNMA2,0.427546923076923
ST3GAL4-AS1,-0.013256538461538233
ADPRH,0.05532038461538496
FLJ40288,-0.1120184615384613
PMCHL2,-0.014608076923076698
NFATC1,0.20109942307692305
WDYHV1,0.016066538461538653
SLC30A1,-0.06592865384615353
PI15,0.028253269230769373
MIR3976HG,0.006178269230769394
RHNO1,-0.005231730769230679
DCLRE1B,-0.16358211538461506
SLC28A3,0.07897807692307719
TBRG1,-0.04115980769230747
ZNF579,-0.2315861538461536
SPATA7,0.0234675000000002
ZCCHC14,-0.001599807692307443
TRIML1,0.004231346153846275
MAN2A1,0.010224423076923303
PIEZO2,-0.22718038461538428
SUCLG2P2///SUCLG2,-0.0643605769230766
ANKLE1,0.051211923076923425
STOX1,-0.17788519230769215
GUSBP11,0.000325769230769441
STC1,-0.0016601923076920795
RBSN,-0.05146749999999979
STAMBPL1,-0.02975615384615364
WDR13,0.15150884615384608
TXLNA,0.08322288461538482
POC1A,-0.2144490384615383
NDNF,-0.004402307692307421
UTP4,0.09585423076923112
LINC00466,-0.12122230769230741
SCLT1,-0.23487480769230754
C3AR1,0.017459807692307823
LOC101929441,-0.021203076923076703
LOC100133581///CT45A2///CT45A1///CT45A6///CT45A5///CT45A3,0.14019538461538478
IRAK2,0.0107938461538462
PF4V1,0.12578307692307708
LOC400655,0.0017192307692310267
OLFM4,-0.030835192307692133
KRT78,-0.2354567307692304
TMEM127,0.09921903846153857
SDF2L1,-0.023450576923076734
CCDC82,0.019011538461538524
HSPA12A,-0.00980769230769218
HAUS5,0.07544942307692319
C19orf54,0.06703903846153868
TMEM87B,-0.010030576923076713
LINC00906,0.03827826923076953
TIGD4,-0.10155999999999979
GJA9///MYCBP,0.08989980769230774
C7orf57,-0.027008269230769138
DKFZp434L192,0.031869807692307905
PPP1R26-AS1,-0.006688846153845772
KCNV1,0.03510730769230799
ZSWIM6,-0.008298461538461461
LIPI,-0.10600576923076899
GPR176,-0.081610769230769
METTL2A///METTL2B,0.016536923076923095
UPF1,0.8717751923076923
ZSCAN32,-0.014608076923076628
KLKB1,-0.11321134615384598
ABHD13,-0.10072403846153843
MOSPD2,-0.07238461538461528
OVCA2///DPH1,-0.057313653846153806
PRR29,-0.00031423076923046305
ATN1,0.13465788461538472
PFAS,-0.3338759615384612
NGEF,-0.03401173076923069
SNX29,0.03398903846153863
RAD51C,-0.03767269230769202
SUCNR1,-0.018439807692307474
TMEM216,0.2270786538461539
TMPRSS11B,0.059017500000000146
CCDC69,-0.05759038461538449
LINC00334,0.017754038461538613
PMCHL2///PMCHL1,-0.09939538461538452
FBRSL1,0.037809615384615594
FBXO38,-0.0009396153846152073
POLE,0.10401846153846159
AOC2,0.3807128846153847
STAG3L1,-0.011943846153845855
NR5A2,-0.054825769230769046
TPD52L2,0.15574057692307716
POLR2E,0.16678807692307698
MAPK10,0.039177307692307754
FAM104B,-0.00022903846153840606
CRYL1,0.19203326923076916
AGAP1,-0.136628846153846
COA5,-0.041842692307692095
RAB32,0.02563153846153873
PCIF1,0.07361865384615406
BMT2,0.007034615384615632
FGF13,0.047125961538461686
FCHO2///GH2///GH1///CSHL1///CSH2///CSH1,0.07302038461538485
SLIT3,0.009163461538461766
SSH3,0.1794353846153847
C20orf202,0.029322884615384917
CINP,-0.1082257692307692
IDNK,-0.03411884615384586
DTYMK,0.018957307692307874
TTI2,0.027501153846153894
ANKRD30BP3,-0.018235961538461454
CCNB1,0.013903846153846227
VPS41,-0.03885384615384591
LINC00462,-0.008121923076922836
MAGOH,0.1924569230769233
ZAN,0.07580192307692325
ZCCHC2,-0.04219999999999972
TUBGCP2,-0.024660576923076622
MRPS2,0.13950673076923079
LOC284454,0.35692730769230757
C2orf82,0.2444500000000003
CD163,0.0009975000000003972
ZNF771,0.05589846153846174
LOC105376714///SLC30A4,0.05386634615384651
LRRN4CL,0.5890580769230768
CARHSP1,0.020629615384615732
NISCH,0.006481346153846211
PTGIR,0.003249230769231029
NDP,0.014230576923077316
PIM1,0.0642151923076924
GRAP,-0.21832173076923064
KIF14,-0.10106923076923044
TNNI3K///FPGT,-0.07101596153846136
TRAPPC6A,0.16165673076923073
IQCG,0.02693019230769257
ZNF18,-0.008504999999999706
LYSMD3,-0.07130519230769217
C10orf55,-0.1227732692307688
EHD2,-0.13801884615384602
SLC25A27,-0.3036640384615382
C17orf64,-0.011716923076922766
FAM169B,-0.024944423076922705
ZNF777,0.26923134615384625
ASB7,0.1310603846153847
NUDT3,-0.0313419230769228
LOC101929964,-0.022782692307692212
SLC12A2,-0.008427692307692154
MAST3,0.181400576923077
TTC28-AS1,-0.14222115384615355
MAP2K6,0.052827115384615604
CFAP61,-0.16161346153846132
PEX10,0.4287734615384614
EME2,0.0917632692307694
CPEB2-AS1,0.06301942307692328
EPS8L1,-0.026996346153845933
RPL36AP51///RPL36A,-0.04117346153846117
ZNF804A,-0.12018384615384596
FIBIN,-0.0027948076923075722
KIAA1024,-0.10459788461538416
LOC286114,0.034371153846153996
SUMO4,0.2404934615384617
EDEM2,0.006741923076922936
PTAR1,-0.04412980769230741
TBX1,0.213738076923077
ZMYND19,-0.24051865384615367
ZCCHC3,0.06752211538461553
PADI1,-0.05066288461538452
ABCB10,0.010107115384615496
NID1,-0.009060192307692087
TMCC1,-0.012619038461538133
GALNT18,0.08402307692307726
WDR36,-0.2013365384615382
ABHD12B,0.03213096153846174
INTS6,-0.07149211538461504
ZNF322P1,-0.005553461538461303
RBM23,-0.020260192307691948
ARHGAP8,0.021980000000000065
LOC285378,-0.06370326923076908
HOOK1,-0.10137076923076903
CALML4,0.034418846153846244
LOC100130283///PMM2,0.40547538461538446
B3GALT4,0.0663282692307693
SFRP2,-0.028935961538461414
GPRC5B,-0.20920269230769178
NXPE3,-0.00645038461538431
USP37,-0.020435384615384515
DSC1,0.00938423076923092
HLTF,-0.021070192307692064
C8orf34-AS1,0.144333653846154
RASGRP3,-0.07325326923076901
NECAB3,-0.16633846153846132
DACT1,-0.06601480769230737
ZNF266,-0.006414615384615183
LINC01579,-0.011572307692307451
SMYD5,-0.07233076923076902
ABO,0.04585153846153875
CTNND1,0.017259615384615526
ADGRG1,-0.004944807692307422
SPRY4,0.0037467307692308598
GMFG,0.026940769230769518
HKR1,-0.07862653846153841
NKAPL,-0.034477499999999654
GPM6B,-0.056814230769230416
RAD51B,-0.011807884615384566
PREP,-0.12874596153846124
TRAFD1,-0.00800192307692303
DZANK1,0.09897788461538475
SLC22A6,-0.026570384615384465
RCCD1,-0.09714519230769231
PAPLN,-0.005198653846153689
CKMT2,0.11895807692307683
MYLK4,-0.23705326923076925
HTR1F,-0.010772499999999451
F11R,0.006368269230769411
LARP4B,0.23233653846153848
CLIC5,0.01123942307692339
MDFI,0.0263903846153849
EPB41,-0.1984242307692305
LRRN1,0.020320961538461677
ZNF20,0.36435557692307685
MFAP1,0.022943461538461662
BTBD10,0.05355173076923107
NPC1L1,0.0677478846153849
DNAJC5,0.1683898076923078
NEMP2,-0.149219615384615
ERCC6,-0.2173576923076917
NAIP,0.07551884615384637
APOBEC3G,-0.008513461538461251
ZNF518B,0.002724807692308056
MTUS2,-0.09497499999999957
NDRG3,0.052375192307692504
LOC105373150,-0.15109769230769193
VWA5A,0.15063903846153842
FUT2,0.15044076923076924
LOC100505549,-0.04064384615384582
TM4SF18,-0.010933076923076589
GP1BA,0.11105403846153847
DISC1FP1,-0.20637346153846114
FAM49A,-0.09558596153846133
EFNB2,-0.056815576923076545
PIR,-0.04462057692307682
MRPS17,-0.024550769230769015
AKAP6,0.10971038461538485
TMIE,0.06917442307692336
CYP2U1,0.21379480769230813
PTPDC1,0.0024184615384617173
GSTM4,0.025636730769230877
RAVER2,-0.09304192307692274
AQP1,0.013721153846154008
FUCA1,0.03621865384615394
STARD8,-0.06147153846153819
LOC101929064,-0.06305230769230762
LOC728052,0.015386346153846172
ABHD3,0.03062096153846165
MDP1///CHMP4A,-0.03259980769230747
ZNF326,-0.07377057692307673
FAM214B,0.029832499999999984
LOC643201,-0.19731942307692252
TMPRSS15,0.01946903846153847
COQ2,0.044556153846153995
UBE2S,0.032318269230769435
ADIPOR1,0.025812884615384724
ZNF391,-0.2617440384615384
MAATS1,-0.06426557692307665
LOC441601,0.11135269230769239
SLC20A2,-0.03778865384615365
ZNF677,-0.23190903846153824
LOC100129455,0.02972153846153857
C6orf163,-0.05934923076923044
DNAH7,0.04885576923076926
TRAM1L1,-0.05809230769230761
PEX14,0.3854113461538461
LOC100133039,0.008178846153846233
KCNJ15,0.0008959615384619198
OIT3,-0.05839192307692274
LOC100287590,0.01327615384615409
ZNF184,0.019092692307692474
LOC101928708,0.2760701923076925
ZNF614,-0.04123826923076918
LOC101928101,0.11771269230769238
HSD17B10,0.1986628846153847
LINC00327,-0.062428461538461016
RUVBL2,-0.1393617307692306
LOC105369266,-0.09749980769230746
RASGRF2,0.027336346153846572
WNK2,0.22856230769230781
PPRC1,0.010663076923077065
CTSV,0.16881807692307713
PINX1,0.06849153846153862
CEMIP,-0.027299038461538357
BAGE2///BAGE3///BAGE4///KMT2C,0.05881519230769245
C1QTNF1,-0.0030832692307688606
ATP9B,-0.0064680769230767415
MOSPD1,-0.17361307692307637
PRKCA,-0.008151153846153692
SGF29,0.040943269230769214
EIF5A2,0.10586269230769245
TMEM167B,0.058781923076923245
SLC7A5P2,-0.017231730769230513
ARHGEF26-AS1,0.012411538461538734
LOC101927746,-0.027251923076922743
CFAP74,-0.020797115384615126
SCGB2A2,-0.0464461538461537
ZNF217,-0.05388999999999991
IL17D,-0.29985153846153817
TUSC3,-0.09595653846153826
CLIP3,0.030598846153846417
TEX30,-0.03196576923076888
CUTC,0.02322365384615405
ELP4,0.003580961538461721
SSX2IP,-0.012392115384615156
LOC100996342,0.26911730769230774
UBE2G1,-0.0041623076923074905
CCDC146,-0.009950961538461471
LOC100129285///SPTSSB,-0.02892615384615357
NIPAL2,0.04381903846153869
GBP3,-0.0006040384615383478
PLEKHM2,0.24743076923076912
GVINP1,-0.0458930769230766
PITPNM2,-0.006980192307692342
CD22,0.02713269230769255
DGKB,0.07482173076923092
MDM1,0.05029250000000026
PRB1,0.031899423076923165
CD69,0.05463500000000033
SETP4///SET,-0.04077173076923043
LRCH2,-0.017851153846153617
SYTL2,0.0028551923076924578
CST5,0.10941903846153847
SLC6A17,-0.048600961538461156
HDAC3,0.06522269230769236
KLK2,0.023371538461538652
CFAP58,-0.12346653846153817
NEXN,-0.024342115384615122
GMEB1,-0.013982884615384404
NAA25,0.019101923076923148
ZBTB20-AS1,-0.0029821153846152307
ZFAND2B,-0.04435576923076916
TSPAN5,-0.00633903846153831
PCNX2,-0.010477499999999798
UGCG,0.05426326923076924
PRLR,-0.047876153846153686
LETM1,-0.1035861538461537
ICA1,-0.03550596153846141
GABPB1,0.007275000000000062
TOMM40,0.3885696153846155
XRN2,0.10008923076923076
ZBTB46,0.45224288461538437
PEF1,-0.00165192307692296
REV3L,0.010571923076923255
KLRA1P,-0.040783461538461296
RPS28P6,0.0050532692307694105
JRK,0.0367369230769231
ABCB1,-0.023633269230768996
LAMA4,0.01627442307692325
EBF3,-0.12635769230769223
ROBO2,0.03184788461538487
NGFR,-0.06691923076923059
IL18R1,-0.10718423076923048
GABRB2,-0.019871730769230624
PTPN20,-0.005026730769230715
RASA3,0.09604365384615413
PRPF8,-0.04733634615384597
PLXNA3,-0.003504038461538304
RNF185,0.06775115384615396
ZNF385B,0.04113653846153852
RAB17,0.31920403846153855
ACBD6,0.19273692307692314
MARC1,-0.004084807692307657
HIPK1,-0.09918076923076904
AKR1C3,-0.0005715384615382528
TMEM50B,0.07941365384615412
TIMM10B,-0.015250576923076738
S1PR5,0.10881538461538481
TMUB2,-0.007279423076922828
DCTN6,0.038707115384615534
LOC440981,0.03458615384615417
P2RY12,-0.10269057692307663
CARD11,0.11527365384615419
RDH10,-0.12494057692307664
SOX2-OT,-0.007126538461538262
AKAP7,-0.01641999999999973
SLC2A9,0.04494730769230782
CCDC144CP,-0.0461732692307691
B4GALT5,0.06722269230769262
TAPT1,-0.06192115384615372
DAND5,-0.28092134615384573
SLC7A6,0.04849826923076954
PSG9,0.028682884615384808
GLYAT,-0.07245461538461524
GPN2,0.2309819230769232
SMARCC2,-0.04377942307692275
TMEM161A,0.038109423076923325
SULT1A4///SULT1A3///SULT1A1///SULT1A2,0.01125692307692313
LOC200830,-0.12648153846153817
GIMAP4,0.1453075000000004
CASP9,0.06768903846153866
DCPS,-0.005204423076922781
LXN,-0.010725576923076748
CDK1,0.05597019230769259
IQCJ-SCHIP1-AS1,-0.057231346153845994
OCA2,-0.014753653846153576
DDB2,0.07065942307692327
HOXD12,-0.057990576923076964
SLC12A9,0.17327326923076936
CDCA2,-0.004399038461538033
JPH1,-0.0502855769230766
CEP76,-0.1433044230769228
PTPRC,-0.036435384615384536
LOC105373495,-0.06428538461538437
LINC00623,-0.2906009615384611
CCR1,-0.2530009615384615
ZIM3,0.04296288461538499
C1orf122,0.012180192307692437
RAB30,0.0025315384615385954
NEMP1,-0.060006346153846035
MSX2,-0.10757557692307664
CYP2A13///CYP2A7///CYP2A6,0.05587576923076923
CDH13,0.004569038461538642
SI,-0.055521346153845956
LOC441204,0.03189384615384621
SLC45A4,0.0979263461538462
SCAP,0.42544153846153826
MARCH1,-0.061349230769230614
ZNF576,-0.02928269230769212
LOC100996681,-0.10320307692307669
DPH6,-0.052565384615384396
ABCA9,-0.13517865384615374
MAN1B1,0.1574267307692308
RBKS,-0.1529478846153843
HMGN5,-0.06319365384615352
RUNX2,-0.4361761538461536
LOC100131178///PQLC1,0.0990632692307694
DPF2,0.20707019230769244
METTL8,0.02065461538461551
LOC153910,0.15597192307692326
LYPLA2,0.42547807692307715
LINC01094,0.010007500000000242
DSCR3,0.04420076923076942
KRT19P2,0.030188653846153945
RASA2,-0.15297903846153818
RBM43,-0.03809230769230748
LINC00507,-0.016936730769230534
SLC44A2,0.28786711538461546
C1QB,-0.03851673076923054
LYPLA2P1,0.11611461538461543
VAMP8,-0.22311365384615356
SCAMP5,0.03755076923076952
BAP1,0.07754788461538477
CPS1-IT1,-0.006157692307692091
IL26,-0.008750961538461064
LPCAT4,-0.11451749999999958
BTN2A2,-0.30789192307692276
LOC101928211,-0.015326730769230468
GTF2H1,-0.004504038461538459
ADCYAP1R1,-0.19274038461538417
LOC100134722///RASA4DP///RASA4,-0.17998019230769213
CCDC93,0.07133807692307687
MAGI2-IT1,0.04634173076923105
LMNTD1,0.004691346153846388
HSPA6,-0.1345180769230766
CLP1,0.11094403846153858
MRPS34,0.3170817307692307
ZNF490,-0.01238269230769201
GNRH2,0.010817692307692448
OR5P2,0.0366494230769231
AGAP2,0.0670350000000002
TAF1B,0.01013615384615397
AGO2,-0.01686384615384602
PTPN6,0.04840211538461542
RBAK,0.1338871153846156
NUP214,0.2450900000000002
ANGEL1,0.017447115384615637
SLC25A12,-0.0045063461538458974
TAGLN,-0.0609026923076921
NDUFAF4,-0.09557230769230746
CTTNBP2,-0.10334788461538436
ZNF442,0.003600769230769334
RNFT1,-0.012988653846153674
CADPS,0.005753269230769326
PITPNM1,0.05128980769230779
ZNF529-AS1,0.00447057692307716
GAS8,-0.3320492307692305
CLCA2,0.0322615384615386
YRDC,-0.009748461538461387
CBFA2T3,0.016609230769230973
ACSM3,-0.041034038461538025
VRK1,0.0857628846153848
TRBC1///TRBC2,-0.007036153846153517
RAB3GAP1,0.019112884615384917
ODF2,-0.01317307692307693
LOC100132430,-0.009003076923076819
CD209,-0.13611096153846144
SUSD3,-0.3855949999999996
LOC440173,-0.04898576923076902
PDPR,0.06608923076923104
FGF7,-0.05530480769230719
NELL1,0.003789230769230861
HCN3,0.16057711538461547
TMED1,0.06549865384615386
ZDHHC22,-0.14741826923076895
NR2C1,0.030917884615384816
LOC284798,-0.010117692307692062
SURF6,0.003529423076923198
AGR2,-0.024329038461538145
GON7,-0.021784807692307537
KDM6B,0.3539963461538461
ZNF600,-0.03432096153846138
GOLGA8B///GOLGA8A,-0.10461442307692288
LINC01296,-0.21709865384615373
LOC100133686,0.006785961538461813
INO80,0.08221980769230772
MS4A2,-0.222205192307692
LINC00598,0.03396423076923085
BIN3,0.120475576923077
TAS2R45,-0.4020138461538459
PLEKHH2,-0.12044538461538452
CSMD1,-0.08198865384615366
FZD7,0.0025967307692308377
LILRA6///LILRA4///LILRB3,-0.01716557692307676
DEF6,-0.13994942307692287
RPAP2,-0.09752096153846128
ASXL1,-0.015403269230769068
APELA,0.012853076923077206
RIPK3,0.3953619230769232
CXCR2,-0.01953307692307658
INSL6,-0.12349423076923076
RRAGC,-0.038625576923076756
BBC3,0.06082750000000032
CCL7,0.010934038461538786
GNG2,-0.02198653846153816
ZNF740,-0.15157038461538447
IPO8,-0.16639692307692278
ABCC9,-0.027244230769230632
SNX29P2,-0.05566923076923051
LGALS12,0.03199730769230801
EAF2,-0.016196730769230717
LRRC10B,-0.07768749999999983
GCSAML,-0.001362692307692043
SFT2D2,-0.026789230769230656
CECR2,0.08224730769230777
PKDREJ,-0.08158865384615356
TNFRSF10D,0.022114038461538463
NKX2-1,0.02861576923076939
GUCY1B3,0.046464423076923236
PLPP1,-0.005623653846153722
TRHDE,0.07261250000000014
MPEG1,-0.05529403846153826
AKAP8,0.004296538461538808
TANC2,-0.045467692307691945
AKAP12,-9.019230769216895e-05
PRPF4,-0.00238038461538427
KCNH7,0.03099365384615398
ZCCHC4,-0.07858807692307677
CDH24,-0.002961346153845797
LOC158863,0.18947230769230763
NXPH2,-0.14481461538461507
ZNF581,0.0613842307692306
DYX1C1,0.03514596153846179
CCL20,-0.05941269230769199
FER1L4,0.30241884615384623
CPD,-0.007686923076922976
RBBP8,0.023707692307692645
DLL1,-0.011345576923076714
ACSM5,0.012122307692307844
C9orf152,-0.3075571153846151
LOC100128500,0.004615769230769337
MORN2,0.05881403846153883
NETO1,0.06224211538461549
RABEPK,0.01812711538461546
HOXC9,-0.060687115384615194
CTNNAL1,0.009080000000000159
KRT8,-0.03917769230769202
LOC729034///LOC653498///LOC440434///TBC1D3F///NPEPPS,0.05276326923076938
KCP,-0.14891692307692272
LOC152048,-0.019358653846153675
PTGES2,0.13266557692307707
SVOP,0.12587000000000004
PFDN6,-0.029276346153845806
FLJ36840,0.05507865384615397
PCDHB12,-0.04405096153846148
LOC100289045,-0.06347865384615356
SMC6,-0.05413749999999971
MKKS,-0.016885769230769027
FOXA1,0.1410840384615386
PRDM15,-0.037900961538461134
TRIM72,0.027939038461538602
PARP8,-0.0331017307692307
MDC1,0.4295505769230769
METTL1,0.5864734615384617
LOC101928443,-0.08454019230769215
LOC101927365,-0.052236730769230334
ZNF623,0.18443480769230752
POU5F1P3,0.09234134615384638
CCBE1,0.03451750000000021
LEPROTL1,-0.027003461538461237
C3orf33,-0.041908076923076645
ITFG2,0.09583576923076934
CA5BP1,-0.050545576923076804
FAM210A,-0.030507692307691958
PLK2,0.01949634615384645
ABLIM2,-0.23925961538461518
FTCDNL1,-0.017373846153846195
PPP4R1L,-0.2196880769230765
ERCC8,0.06114980769230771
TST,0.46595999999999976
APOM,0.0197826923076924
FBLN2,0.07855807692307713
LST1,-0.18074326923076872
PZP,0.002145000000000108
PRKAG2-AS1,-0.13704115384615354
COMMD9,0.177276923076923
FAM155A,0.057116153846153796
LOC101929076,-0.07479615384615364
FAM26E,-0.08918942307692267
TBCEL,0.01577346153846157
EXOC4,0.17203326923076953
UBE2J1,-0.01256384615384598
BCKDHB,0.01142769230769256
PIGG,0.06437750000000023
ZNF557,0.396465
KCNH5,0.04681634615384632
C7orf26,0.26188115384615385
LOC101927623,-0.14040807692307647
TNFRSF10C,-0.06888403846153826
NUTM1,-0.10861173076923043
NSAP11,-0.40496384615384584
SNORD116@,0.0907575000000003
IER5L,0.3875559615384615
BRINP1,0.013093076923077181
PABPC4L,-0.09616692307692284
FLJ38773,0.08069192307692326
BMP3,-0.23761942307692283
KRBOX4,0.19058211538461542
GPR108,0.1821073076923079
CLEC11A,0.8301826923076918
KLHL31,-0.5132836538461534
HLA-DPA1,-0.02189076923076892
ARL14EP,-0.025865192307692148
GK,-0.05349115384615377
NQO1,-0.04996615384615367
F2RL2,-0.22498519230769198
EDNRB,-0.09731807692307688
ZNF778///FLJ12986,0.07335826923076932
KERA,0.016557884615384696
ZNF780A,0.15807634615384608
FBXO45,0.14514557692307697
KIF1A,0.005645769230769459
ZNF594,-0.020733076923076906
STARD9,-0.15752730769230736
GABPA,-0.07965211538461521
KIF26A,0.4488150000000002
AP4E1,-0.03178326923076913
PTAFR,-0.19584653846153824
ZNF562,-0.027253846153845997
CNR1,0.02368961538461568
TBCD,0.00204250000000025
TTPAL,-0.020525769230768775
AGER,0.07085692307692343
PTGES,0.1338653846153847
RPS3AP44///RPS3AP20///RPS3AP5///RPS3AP49///RPS3AP47///RPS3A,-0.207598846153846
LOC283588,-0.013762115384615218
CNTNAP2,0.007274423076923468
PHLDA3,0.03929596153846159
EPOR,0.0068955769230770025
RPAIN,-0.049195192307692114
EBLN2,0.17601692307692302
USP31,-0.04158788461538449
DPPA4,-0.01576211538461519
ANKRD22,-0.029322307692307623
CRELD1,0.02484038461538449
TMEM150C,0.012101923076923263
SHKBP1,-0.046064999999999995
KLHL15,0.10735788461538474
PISD,0.02136461538461568
LVRN,-0.19654807692307694
KNSTRN,-0.013919615384615093
SYT1,-0.012230576923076794
PLGLB1///PLGLB2,0.024046538461538675
CD52,0.25152596153846163
KLRC4,-0.009549038461538107
RMND5B,0.052156923076923274
CARTPT,-0.017631153846153536
PTPN7,0.08622326923076938
GIGYF1,-0.10833538461538444
NSMCE2,0.058287115384615486
NLRP10,-0.0029407692307689606
METTL25,-0.2805598076923073
LOC101928823,0.015426730769231147
POLR2H,0.0057146153846154
EHD3,0.09855269230769248
AACSP1,0.011702307692308046
RFX3,0.02796980769230797
UBXN8,-0.06383076923076907
DCAF15,0.08133519230769248
RGS9,-0.0896407692307689
GZMA,-0.04243999999999984
COMMD2,-0.14918730769230742
ZNF99,-0.08209442307692301
ZNF222,-0.13950711538461524
CNKSR3,0.002327500000000154
RC3H1,-0.36048615384615357
SEMA3B,-0.025535384615384432
CLEC4E,-0.17844730769230743
HHLA2,0.1193907692307695
PAPPA2,-0.027444615384615123
SRFBP1,-0.02778884615384601
SMARCAL1,0.040133076923076993
MAP2K5,-0.011291923076922995
FAM118B,-0.01191288461538454
CACNA2D4,-0.07883769230769198
NKAIN2,0.031558076923077015
BRF2,-0.21069846153846142
PRSS1,0.02320942307692325
PON1,-0.023246923076923023
TSPAN14,0.14533403846153853
IGHE,0.010355576923077122
PIH1D2,-0.06663730769230723
VWA5B2,0.004618461538461723
SPINK13,0.06709961538461555
MFSD6L,0.030190769230769337
ADIPOR2,0.4525809615384615
PDX1,0.1638338461538462
AFM,0.036435769230769334
TOM1L1,-0.10532519230769231
FAM21A///FAM21C,0.0452615384615386
THSD7B,-0.004687884615384545
CT45A2///CT45A1///CT45A6///CT45A5///CT45A3,-0.1179603846153845
TMEM174,-0.12194673076923047
AMZ2P1///AMZ2,-0.03853499999999994
LOC100133684///GAS6,0.3072551923076923
BCAS1,0.010633653846154098
SCML4,0.06062826923076935
FBLN7,-0.07706480769230757
CT47A1///CT47A2///CT47A3///CT47A4///CT47A5///CT47A6///CT47A8///CT47A9///CT47A10///CT47A7///CT47A11,0.1407623076923078
C3orf70,-0.05611249999999987
ASTN1,-0.010715384615384342
KLHL6,-0.012236346153846018
RAB9B,0.11744326923076935
LOC729725,-0.00016346153846130096
LOC100506699,-0.3532963461538458
ZSCAN25,-0.19951480769230742
NPIPB1P///NPIPA2///NPIPB3,-0.007156923076922699
ABHD5,0.009978076923077265
FAM63B,-0.0200457692307691
C3orf52,-0.04728769230769208
TMEM56,0.015431730769230939
CHAMP1,0.049793076923077016
GIMAP1,-0.09485730769230752
STIP1,0.027618653846154067
LINC00560,-0.15091019230769223
TSPAN3,0.016215769230769304
ANKFN1,-0.4180326923076921
LRWD1,-0.02403923076923065
AKR1C3///AKR1C2///AKR1C1,0.0017819230769230325
AGBL4,-0.03265134615384569
CENPH,-0.011422115384615182
MPRIP,-0.0333590384615382
TTC41P,-0.02500711538461501
EPHB1,-0.119906346153846
RNF144B,0.014980000000000236
NEK3,0.08569480769230813
FAM205BP,-0.030804999999999853
SGK494,0.06697096153846165
EXOSC4,-0.18501288461538418
IL6,-0.030821923076922927
FLOT2,0.035140769230769385
USB1,-0.16787480769230737
APBB1IP,0.0046700000000001515
EML4,-0.01867980769230738
RBM24,-0.11120403846153808
LOC105375240,-0.10793461538461495
HMGXB4,0.08434826923076941
DNAJC27,-0.046844230769230666
ERF,0.45960692307692325
YARS2,-0.08972596153846114
TAF12,0.0037905769230769286
ZDHHC6,0.00019442307692315076
PTPRS,0.05919596153846196
EML4///ALK,-0.24818192307692288
IKZF4,0.16354269230769242
MPST,0.05047903846153865
URI1,-0.14406769230769215
RSAD1,-0.006829999999999925
KIF6,0.026936730769231067
LOC729162///LOC728687///LOC389906,-0.022395192307692185
AGTR2,-0.08581403846153828
RSPH4A,0.020148846153846264
RFTN1,-0.030664423076922718
FAM219B,-0.025133653846153924
KIR2DS3,-0.029529999999999845
JAKMIP1,-0.0009474999999998446
LINC00308,-0.05584730769230749
KMO,-0.005426730769230486
LOC652821///VCY1B///VCX3A///VCY,-0.12930192307692298
FAM65A,0.06632884615384631
HKDC1,0.08925153846153873
LOC100134109,0.054495192307692654
CHDH,0.13494846153846163
XKRY2///XKRY,-0.018427115384615125
LOC284379,-0.030683846153845888
AVIL,0.033262500000000084
SCAPER,0.08227423076923131
ELOVL2,0.002176538461538675
CENPK,0.02217576923076937
CCL16,0.020312884615384948
HSD17B14,-0.010255576923076624
CTRB2,-0.021542307692307267
PROCA1,0.028694038461538746
SEH1L,-0.011259807692307467
ITLN1,0.025358653846154076
GMCL1P1///GMCL1,-0.020974038461538322
PRMT3,0.04287730769230772
UBE2Z,0.012077692307692565
VPS28,0.030631923076923202
COL23A1,-0.13151615384615345
SF3B4,0.1143484615384617
CYP4F30P,-0.16728846153846127
IGLV2-18///IGLV3-19///IGL,0.03969903846153875
RNASE1,-4.4230769229333e-06
LPXN,-0.03943134615384589
UIMC1,-0.037172499999999664
PLA2G1B,0.002621923076923377
SLC5A7,-0.02158480769230744
C3orf80,-0.03808730769230755
AGRN,0.32397403846153844
PLAG1,0.09476903846153854
IGF1R,-0.10799057692307668
ZNF324,-0.016489230769230537
SPATA17,-0.06394403846153804
DIS3L,-0.04481173076923036
MNAT1,0.0006638461538464852
ZNF592,-0.16446461538461518
LOC101929631,-0.012221923076922717
NECTIN3,-0.005996346153846074
KCTD17,0.0022169230769233405
OFCC1,-0.11317019230769206
RBP1,-0.02002499999999966
ATP2B4,0.09879826923076941
ANAPC10P1///ANAPC10,-0.016775576923076716
MROH1,-0.01139480769230773
NUDT13,0.019456153846154012
GNB5,0.4050444230769229
WDR43,0.046365769230769474
FBXO4,0.09307673076923093
FAM60A,-0.07200403846153831
PCDH11Y///PCDH11X,-0.025273461538461352
WDR18,0.21353134615384617
TMEM104,0.3162696153846154
NUTM2A-AS1,-0.17749423076923068
KIAA1456,-0.07367057692307656
KIAA2026,-0.0002838461538460406
KIRREL2,-0.08484384615384598
FUT9,-0.029064615384615387
ZNF550,-0.010014038461538205
SCCPDH,-0.0533286538461539
PCDH11Y,0.014789807692307977
IRAK1BP1,0.00852153846153877
PDLIM1,0.002931538461538811
EPS15L1,0.03214211538461548
CD300LG,0.03493730769230787
POPDC3,0.11388865384615375
UBAP1,0.05314173076923081
C2,-0.03843903846153812
SLC25A45,0.003271538461538464
NSUN5P2,0.291838076923077
MOB3A,-0.21798807692307676
OPRM1,0.001255384615384902
TMEM206,-0.011702500000000114
CLDN10,0.017959807692308077
SH3PXD2B,-0.008623269230768874
USP18,-0.04594692307692276
MRPL45P2,0.028574807692307955
FAM209B,0.02730365384615404
SULT1B1,-0.024273269230769046
DHRS4L2///DHRS4,0.023640192307692574
SDK2,-0.10443153846153834
COQ8A,0.05859980769230782
RHBG,-0.03364596153846126
SLFN11,-0.02610076923076913
IL17RD,-0.06188346153846157
RSPO2,0.0880515384615385
CDY1,-0.0676717307692305
CARD14,-0.044639423076923083
ADAM18,-0.012433653846153733
PLEKHA8///PLEKHA8P1,-0.07542384615384594
TSPYL6,-0.005576538461538548
FAM83B,-0.1456349999999996
CEACAM1,-0.0958392307692306
TMEM170B,-0.03302653846153815
TOE1,-0.0013905769230767606
TTC8,-0.004646923076922828
C17orf77,-0.01878999999999987
TRMT10B,-0.058810769230768764
RAG2,0.004198076923077057
LINC00905,-0.0913551923076922
ROPN1L,-0.011849615384615484
LANCL2,0.19139596153846167
EFCAB7,0.08643826923076939
MBD6,-0.044525384615384224
KRTAP19-1,0.12129750000000053
CNPPD1,0.02326634615384629
KATNB1,-0.055353653846153546
LOC100130219,-0.1768755769230766
BTN2A1,-0.006782884615384282
LRRCC1,0.12288711538461555
ZNF544,0.06978634615384642
NR2F1,-0.04950076923076913
LINC01350,-0.13261442307692275
RRNAD1,0.12470826923076939
GRIP1,-0.01558038461538419
RPL13P5,0.08045884615384624
SETD5,0.0007015384615386889
GCNT7,-0.03472134615384595
MFNG,0.12001076923076943
C15orf59,0.025721346153846393
XPO7,0.038163076923077355
RABEP2,0.014043076923077128
ATAD5,0.17888480769230775
PI4KAP1///PI4KA,0.41562846153846134
CARD6,-0.052854230769230556
GABRB3,-0.14906557692307634
ZNF792,0.009930192307692584
SEL1L3,0.14114173076923087
FLJ10038,-0.14085192307692282
CCDC43,0.01821326923076939
HOXB9,-0.04456538461538437
CTPS2,0.23903711538461528
SLC26A3,0.04483865384615371
ARHGEF5,0.006989038461538726
SPAG4,0.0008682692307694896
RNF125,-0.04549903846153836
IFIT5,0.10000365384615367
AP1S3,-0.03624634615384595
ZNF582,0.02531711538461561
LOC100996579,-0.33585115384615355
STEAP1B,0.037368076923077156
LOC101928797,-0.014670576923076634
BHMG1,0.05301980769230779
ZNF593,0.13303846153846163
MPZL3,-0.02435788461538436
CSNK2A3///CSNK2A1,0.06961365384615396
GRHPR,-0.03779596153846145
NRBP1,0.0761621153846155
COTL1,-0.09754673076923054
IFRD1,-0.003840961538461204
MOCOS,0.03111423076923104
SLC25A21,0.07957211538461556
ST8SIA1,-0.028297499999999767
CPNE4,0.05535884615384635
RPRD2,0.007547692307692427
ZKSCAN2,0.1560586538461539
FIGF,-0.17843230769230733
C19orf24,0.6050415384615384
LOC100128692,-0.1942405769230766
FAM3B,-0.02923307692307665
MLLT6,0.10297788461538483
PAOX,0.341634807692308
H2AFY2,0.051550769230769344
KLK3,0.012960384615384873
LNX2,-0.01194557692307666
DKFZP434H168,0.05454019230769241
SEMA4D,0.060119038461538536
ST6GALNAC4,0.08255288461538463
LOC157860,-0.10926307692307646
CTCFL,0.018467500000000196
C6orf141,0.026571153846153817
BBOX1,-0.15138249999999964
TRIM42,-0.06141250000000002
SPTBN5,0.04659000000000008
MID1IP1,0.10823307692307706
USH1C,-0.5750442307692303
TFAP2C,-0.03236596153846131
POMGNT1,0.2188876923076923
FOXE1,0.010908461538461634
TRPM5,0.021630769230769533
SLIT1-AS1,0.06658961538461544
DNAJC4,-0.20433115384615344
LACTB,-0.016207884615384565
DLX4,-0.00732807692307674
RUNDC3B,-0.24867999999999996
CCNYL1,-0.024612307692307427
CHIC1,0.015042692307692476
ALKBH8,-0.029630769230769148
TAS2R19,-0.04248596153846118
ZNF529,-0.13754826923076885
HMGN3-AS1,-0.046118076923076734
SLC7A8,-0.009904999999999681
DDX25,-0.12690269230769205
TMEM183A,-0.0007274999999996573
LILRB4,-0.18855230769230755
NOV,-0.08815999999999963
BTF3P11,-0.0646280769230765
GLTSCR1,0.09910865384615408
GPM6A,-0.02914096153846136
DNM2,0.37822769230769243
ENC1,0.1251117307692308
SEMA6D,-0.11856538461538467
EDDM3A,0.011309807692307659
GLT1D1,-0.002104423076922716
BRS3,-0.022784038461538526
ASPM,-0.022984999999999818
TP53BP2,-0.0017596153846151613
XKR8,0.0033157692307693725
KIAA1551,-0.004598269230768831
FGF12,0.010264615384615507
TOX,-0.16854192307692262
PDK2,-0.07114538461538457
LOC102724927,0.06969519230769257
ZNF500,-0.05339326923076919
GALNT5,-0.01895173076923068
LRRC14,0.0802615384615387
COQ8B,-0.24656692307692282
TMEM187,0.023744423076923225
SYT9,-0.10040096153846131
SNORA71A,-0.058682692307692116
SYNPO2,-0.10043442307692313
ST6GAL2,-0.10409057692307662
CKM,0.008328269230769637
LOC643923,-0.34477923076923045
UMPS,-0.058947499999999896
RSC1A1,-0.07218192307692287
SCARB2,-0.1532651923076921
VAC14-AS1,-0.11511903846153827
NEBL-AS1,0.2814653846153846
EAF1,-0.07456307692307691
SRC,0.09945711538461528
PGM2,0.03698500000000024
LOC105370629,0.07281115384615386
L1TD1,-0.08290384615384587
BPNT1,-0.03745423076923067
COQ10A,0.309195384615385
SPHKAP,-0.1539590384615384
COL21A1,-0.10526923076923057
USP46-AS1,-0.04700173076923065
PPIE,-0.03631942307692295
ST3GAL2,-0.06822711538461519
DOCK4,-0.17725615384615342
FAM181A-AS1,-0.047184423076922694
CRHR1,0.3157017307692308
SMARCD1,0.38443692307692306
NOC3L,-0.001606923076922641
SLAIN1,0.019177884615384756
C20orf187,-0.46817480769230724
SGK2,-0.03145769230769213
ZNF700,0.019547692307692426
DEPDC1,-0.09384307692307645
LOC100130227///TMSB4Y,0.0032982692307693697
EEF1A2,0.07853019230769244
FAM102B,-0.048032692307692054
LOC646934,0.10234057692307705
RNF123,0.14486365384615402
IMMP1LP1///IMMP1L,-0.08654730769230752
LOC727818,0.04247134615384637
LEP,-0.005945576923077013
ZUFSP,0.04891923076923108
SRBD1,-0.31573346153846155
ATP6V1B1,0.009555192307692566
ZNF821,-0.07996711538461522
FAXC,-0.045053076923076724
ANKRD49,-0.03365365384615367
SDHAF3,0.03185538461538504
VIPR1,-0.31437961538461506
METTL15,0.033129230769231036
FAM193A,0.17432711538461543
NSFP1,-0.08699519230769225
LOC100129105,-0.07073288461538428
LOC100134366///LOC100134363///PLGLA///PLGLB1///PLGLB2,-0.012027692307692173
ANKS6,0.0936494230769234
NDUFS1,0.002176346153846263
GOLGA1,0.18274480769230783
HLA-DOA,0.061825576923077
SUMO3,0.19758173076923097
MIR9-3HG,0.019328846153846307
PGM5,0.05996576923076946
BST2,-0.16782749999999977
SESN1,0.009495769230769419
IGDCC3,0.02881846153846163
FAM150B,-0.06123211538461503
STAT6,-0.012454423076922915
PLXDC1,-0.044341538461538266
LINC00616,-0.05206365384615346
ATP6,-0.000732692307692227
POU5F1P4///POU5F1P3///POU5F1B///POU5F1,-0.12158211538461515
PPEF2,0.05343653846153874
AP3M1,0.014974230769230759
SLFNL1,-0.11220499999999976
CXCL11,-0.06903730769230755
CCDC140,-0.03270499999999987
TFPI2,-0.024875769230768976
OR9A1P,-0.035981730769230585
C12orf40,-0.006744038461538232
CLCN4,0.08795057692307716
ZC3H12D///PPIL4,-0.012297884615384289
SPTB,-0.008131153846153689
RBM12B,-0.006153461538461274
TIE1,-0.17657249999999974
MRTO4,-0.0840657692307692
NUP93,0.10922596153846174
GDAP2,-0.14711788461538441
SLC18A2,-0.011225576923076876
RRP36,-0.0026749999999998234
LOC100131354,-0.06708423076923076
CCDC106,-0.05011557692307664
PPP3CB-AS1,0.05870173076923082
SNORA68,-0.0728488461538458
BCL7B,0.08862384615384626
LCNL1,-0.044338076923076834
PHLPP1,-0.18962923076923036
MFSD4B,-0.1304659615384613
MAF1,0.23896038461538474
LSAMP,0.06613076923076941
PPP1R3A,0.09951980769230785
THCAT158,0.010928076923077156
LOC90768,0.01142923076923121
TRMT44,0.15128653846153878
SMIM19,-0.01231692307692289
POU6F2-AS2,-0.10193249999999998
PFKM,0.06543365384615393
LOC101928045,-0.031906153846153786
LOC101928510,-0.024771923076923077
MIR4500HG,-0.008931538461538244
LOC101928020,-0.045393076923076835
ZSCAN21,-0.09469057692307661
POLE4,0.06361269230769238
SASS6,0.001050384615384813
NXPH1,-0.20566288461538448
LOC100128164,-0.032465769230769013
HFM1,-0.12904461538461529
SVBP,0.021021346153846234
RBP7,-0.015381153846153678
PAM16,0.02944365384615403
LOC105372695,0.0018219230769232126
TRIM6,-0.1554575
GABRA6,-0.07588269230769193
HECTD3,0.10769634615384623
DIRAS3,0.04656192307692319
KLK8,-0.002263653846153609
PDCL3,0.0007240384615387787
LOC100129592,0.022747692307692503
ZNF547///TRAPPC2B///TRAPPC2,0.0749596153846156
DLEU1,0.03817269230769251
KAZN,0.018763076923076945
ALX1,-0.12797365384615353
WFDC1,-0.02120038461538431
LOC100127938,0.019977692307692585
KLF16,0.6555265384615384
SLC9A3R1,0.3998459615384611
FEM1C,-0.04311826923076894
LOC101927768,-0.01494423076923058
ITGA2B,-0.0755674999999997
ROPN1,0.09359057692307696
SERPINB10,-0.11859153846153837
MARCKSL1,0.02678653846153861
PTPN3,-0.11113538461538426
NOP14-AS1,0.010771346153846369
KLRB1,-0.014287884615384267
ARNTL,0.0713207692307693
TMEM177,0.032626346153846346
TNAP,0.015398076923077014
FAM210B,0.019448461538461827
RIPK4,0.04023096153846168
JMJD1C-AS1,0.0017778846153845835
LOC440871///IGK///IGKV3-20///IGKV3D-11///IGKV3D-15,0.12370250000000027
LINC01432,-0.2648274999999997
ST3GAL3,0.06287961538461541
ASH2L,-0.004442884615384616
PITPNC1,-0.12059096153846124
OSCP1,-0.018280961538461312
RAD54L2,0.09667115384615377
UNC13B,0.125885576923077
NBEA,-0.052044230769230454
MGC13053,-0.12204288461538437
PSG6,-0.0010105769230766377
PLCG2,0.17719115384615383
ZNF512B,0.059948846153846276
ZNF736,-0.09293384615384576
EPB41L4A-AS1,-0.1252061538461537
NEU3,-0.0745901923076922
MAPK9,-0.06718980769230755
TBC1D9,-0.0003592307692306789
PMM1,0.024167500000000185
SPACA1,-0.08860865384615361
RGR,-0.0063007692307689165
HRH2,-0.04535134615384611
STK33,-0.010720192307692205
LOC101927305,0.002084999999999938
PIP5K1C,0.031621923076923374
IGH,0.0019605769230772035
ANKDD1A,-0.04513769230769205
MUC13,-0.04885249999999961
P2RX4,-0.016079423076923005
LINC00685,0.02849557692307701
GEMIN2,-0.025339230769230496
ZNF670,-0.01728230769230748
SYTL3,-0.007005384615384627
LOC102723665///LCOR,0.04306826923076936
ARHGEF17,0.09943846153846182
PDE3A,-0.01820230769230759
AGBL2,-0.01189269230769193
TMEM98,0.019472884615384732
C1orf21,-0.010918461538461342
C5orf42,-0.017980576923076676
TAC4,0.10111250000000027
LRRC37BP1,0.012658653846154028
TCP10L,-0.12437288461538436
IFIT2,-0.04550230769230743
AIFM1,0.1296332692307693
LOC285928,-0.033141730769230514
ZNF853,0.29287096153846176
CH25H,-0.0030015384615383837
HLA-J///HLA-H///HLA-G///HLA-B///HLA-A,0.029359230769231203
C10orf126,-0.04049884615384592
ESRRG,-0.13080115384615382
RIMKLB,-0.001039423076923181
PARP4,-0.049782692307691924
IL11RA,-0.08858903846153826
LOC100129852,0.048125192307692334
LOC106699570,-0.02731865384615373
PLEKHG1,-0.029500961538461486
AICDA,0.08245826923076939
ADAMTSL4,0.11058711538461534
CNPY3,-0.006930576923076604
LOC101928401,-0.1185709615384614
LOC391142,0.10065807692307692
SEC16B,-0.05528096153846149
MS4A1,-0.025822499999999575
METTL18,-0.003979615384615092
MICALL1,-0.009426538461538396
LOC105370580,0.041099423076923214
GTSE1,-0.036923269230769176
ZNF17,-0.037492499999999714
GALT,-0.03346346153846139
WASIR2///WASIR1,0.053314230769230794
GGACT,-0.02812942307692285
SPEG,0.1763792307692309
DOK5,0.04257903846153867
DYNLRB2,0.02228076923076956
JAKMIP2,-0.02803153846153816
TCAP,0.19250365384615398
CHMP4C,-0.036811346153846236
POLR1A,0.11573057692307712
TANGO2,0.2464451923076923
UPP2,-0.004474230769230597
ZADH2,0.04312538461538491
POMT1,0.058926153846153836
LOC100128868,-0.14866288461538424
ADGRL2,0.001644807692307962
LUZP6///MTPN,-0.007407115384615098
TRAC///TRAJ17///TRAV20///TRA,-0.08342673076923059
ZSWIM1,0.23322692307692305
EYA4,0.05848576923076931
IRX3,0.0016709615384618791
OPN3,-0.15227999999999953
LINC00899,0.09340038461538464
BCO2,-0.05123519230769197
COASY,0.05634961538461533
STAG3L4,-0.12214980769230754
C11orf74,0.06088423076923087
PRPF39,0.0204207692307693
MST1,-0.1602942307692306
TPSB2///TPSAB1,0.06954692307692328
TRPM8,-0.005377499999999764
SYCP3,-0.02134538461538444
FAM124A,-0.06373153846153819
LINC00238,-0.009624038461538286
LYG1,-0.36328442307692277
CASKIN2,0.05747269230769243
CASK,0.07807134615384632
ZNF436,0.25504038461538464
CBL,0.012865961538461682
NAGLU,0.004825576923077146
ARAP2,0.3713248076923077
ACADSB,-0.09220173076923041
CALR3,-0.012864038461538224
MPP6,-0.09180326923076886
OTUB1,0.05735596153846156
GPAT4,-0.017608076923076827
LOC100130868,0.15354403846153877
LOC100134025///SPEF2,0.006409615384615549
ARHGAP11A,-0.0698309615384613
TSSK2,-0.0305844230769229
SLC1A3,-0.08155846153846134
FAM207A,-0.04605980769230724
CD5L,-0.09675038461538442
PTRH1,-0.045275192307692114
LOC654056///SIRPA///SIRPG///SIRPB1,0.0217417307692309
CCRL2,-0.08239923076923053
PARP6,0.03440865384615401
LOC400748,0.02422365384615403
PCDHB9,-0.1417840384615383
CBWD6///CBWD3///CBWD5///CBWD2///CBWD1,0.018543653846153953
ARHGAP17,-0.30365961538461506
IRF2,0.03681903846153882
ASB1,-0.09920634615384621
DRC3,0.053250384615384984
EFEMP2,0.052671346153846305
KRT81,0.01919576923076948
FCGR1CP///FCGR1B///FCGR1A,-0.1778740384615383
DDHD2,-0.04212576923076912
TCF7L1,-0.0759269230769229
MDGA1,-0.3291230769230768
DENND3,-0.09705557692307679
MYO5B,-0.09620730769230752
LOC102606465,0.031329615384615574
CDKN2AIPNL,0.09578711538461532
SLC17A4,-0.05146423076923062
LINC00463,-0.1743249999999997
BICC1,0.07188865384615421
LYPLA2P1///LYPLA2P2///LYPLA2,0.0763565384615387
TFDP2,-0.17842115384615345
PEPD,-0.04749961538461515
TSHR,0.0006880769230770117
AK9,-0.0107809615384613
NUP88,-0.0021405769230767205
VPS39,0.007187500000000298
LEMD2,0.061687307692307604
PCMTD2,0.046889615384615835
CCDC83,0.041102307692307924
RBM47,0.04762923076923085
HJURP,-0.0025707692307690164
LOC101927359,-0.17213153846153798
CREBBP,-0.0026349999999996923
C4BPA,0.06947653846153867
LINC01563,-0.0015799999999999155
SH3RF3-AS1,0.3272648076923078
HS6ST2,-0.008837115384615169
IGSF10,0.10725692307692326
CNIH3,0.14337403846153873
COLCA2,-0.05422673076923075
FAM170A,0.04312480769230791
LINC00565,-0.08596865384615353
LOC101926960,0.04475211538461564
KNTC1,0.008546923076923337
PRDM10,-0.013996346153845813
PPM1M,0.2731148076923079
POLA2,0.0017651923076925815
OLFM3,-0.013710192307692026
APOBEC3A,-0.0019501923076923051
CASP7,0.005077884615384851
PLSCR3,-0.06061961538461513
MAK,-0.008017692307692163
TRMT1,-0.013659999999999834
JAML,-0.055058846153845944
LOC643355,-0.059964807692307526
SLC25A46,0.17133576923076937
HINFP,0.027316923076923252
NTMT1,-0.014851346153845974
SNX12,0.09147884615384637
ZNF618,0.014519807692307828
DCTPP1,0.03704538461538483
WNT5B,0.06556442307692317
MAGEB2,0.060545961538461875
CDH2,-0.07894403846153826
SLC51A,-0.040455192307692026
EVA1B,-0.014082884615384426
IGKV4-1,0.030603653846153902
PIK3R5,0.07642903846153876
DNM3,-0.09386096153846132
ITGA9-AS1,0.023245576923077344
HEG1,-0.014920769230769026
CASC11,-0.15399634615384614
FAM9B///FAM9A,-0.0604657692307691
AKNAD1,-0.05401134615384591
PLGLB2,0.00747500000000036
MYF6,0.015135769230769439
HMOX2,0.015115576923077129
TTLL9,0.03823365384615428
FBXO44,0.3394069230769231
ZDHHC5,0.05903750000000007
LOC101927358,-0.11230115384615352
TUBE1,0.12492519230769245
LINC00487,-0.03513346153846132
ACTN2,0.043154423076923236
SCN7A,0.035350192307692464
CLIP2,-0.05563480769230761
LRCH1,0.17862826923076947
AGAP5///AGAP9///AGAP11///AGAP4,0.014817115384615387
GABRA2,0.18971942307692333
SH2D1B,-0.11620711538461515
FOLH1B///FOLH1,-0.051837884615384376
LOC105378052,0.00846076923076957
HSF4,0.11397076923076924
LRRC49,0.014735961538461555
BNC1,-0.014364423076923058
SLC5A6,0.6396684615384614
NEUROD1,-0.019973076923076913
C17orf80,0.018920576923077023
ZC3H12C,-0.1327592307692306
BCL11B,-0.25136596153846125
MICB,-0.09155807692307658
CDK5R1,0.08289519230769248
FGFR1OP,-0.16910961538461503
CACNG1,-0.013730769230769104
ZNF609,0.031080384615384645
NABP2,-0.028540769230768925
FAM86B3P,0.2523125
KNL1,-0.08967980769230736
LOC730124,-0.22785019230769188
UBQLN4,0.06220634615384614
TMEM143,0.10177865384615396
TTC39C,-0.010920576923076753
WDR72,-0.060014230769230695
GIMAP5,-0.12872711538461515
STRC,0.084789807692308
FOXO6,0.06460000000000045
SPDYE1,-0.1361559615384612
PYGB,-0.0732280769230768
LYPLA2P1///LYPLA2,0.05620673076923077
SPATA22,-0.029533846153846098
ENTPD6,0.16019307692307697
IFIT1,0.005522500000000038
EHBP1,-0.11740846153846149
NNAT,-0.0704340384615383
AQR,-0.07472249999999955
CYP2C8,-0.057364807692307555
LOC105374989,0.1444421153846156
LINC01310,0.0548011538461542
BCAT2,-0.0337780769230768
RCC1,0.0030619230769231395
SLC27A3,0.03964365384615387
SMPD3,-0.2000707692307686
MTF1,-0.0795876923076921
SRGAP2D///SRGAP2C///SRGAP2B///SRGAP2,-0.09627269230769224
LRR1,0.10438500000000014
CCT6P1,0.06902346153846174
VPS18,0.03884019230769247
KCNC2,0.04157461538461563
FAM96A,-0.04543653846153826
LINC01520,-0.00735307692307667
LINC01106,-0.07561249999999976
ZNF396,0.012958846153846466
BEX4,0.07472173076923103
LOC100133578///ASMTL,-0.06226326923076907
CXorf56,0.026231730769230893
BDNF-AS,-0.01568076923076902
PXN,0.0808036538461541
POLA1,0.08006653846153854
SRSF12,0.030478653846154027
FBXO41,0.13665846153846165
FGF18,-0.010789230769230723
LOC105372793,-0.19371769230769176
TIAF1,0.0315315384615387
NOX4,0.00429980769230791
OPA1,-0.09078499999999978
WBP1L,0.0408509615384618
SP1,-0.02798057692307667
SLC35B4,-0.017796346153845916
ZNF624,-0.009850192307692048
ZNF827,-0.05289942307692294
SLC6A12,0.08813557692307684
REEP1,0.05694346153846178
LINC01139,-0.021459999999999705
FSTL3,0.05890500000000032
SCARB1,0.0067255769230768914
VASP,0.14670692307692315
GJC1,-0.006684038461538148
CLDN14,-0.07440807692307673
TP53TG1,0.05908269230769266
PCSK6,0.15716903846153849
LOC646044///SSBP4,0.2692073076923078
NDUFAF6,0.022850769230769227
LOC101927066,-0.13033288461538456
PAQR9,-0.005767307692307561
CYYR1,0.0425801923076926
SARDH,-0.033995576923076455
NCALD,0.05108634615384652
LINC00895,0.002857115384615399
ZMYND10,-0.06813288461538454
KLHL4,-0.05030384615384577
HOXD8,0.518213846153846
PCDHB3,-0.01611230769230747
CRISP3,-0.01632115384615365
LOC101928622,-0.00012615384615371765
LOC730324///LOC441259///PMS2P5///PMS2P2///PMS2P1,0.053885192307692405
NPTXR,-0.014126346153845892
C18orf25,-0.013043076923076645
LOC100506990,-0.020266153846153805
MAPK11,0.05855365384615408
LOC440731,0.11236826923076935
PLCL1,-0.008401346153846011
TDO2,-0.040709807692307386
AFP,-0.012071538461538401
GABRQ,0.20170596153846138
ZMAT1,-0.040592884615384385
RFX4,-0.0654311538461536
TATDN2,-0.003061346153846016
LINC01393,-0.01348442307692281
ZNF781,-0.24051903846153827
PYCARD,0.0090865384615386
ZNF415,0.015860769230769664
LMLN,0.0004907692307694499
PARPBP,0.04732057692307701
KMT2E-AS1,-0.020216538461538303
SPANXB1,-0.025935192307692256
LOC340090,-0.10512134615384604
BIN1,-0.022439230769230753
GDAP1,-0.015624423076922944
SKA3,-0.06952576923076909
RSU1P2,-0.004896153846153569
TIGAR,-0.12418788461538452
PHKA2,-0.07643711538461521
TRDN,0.007928076923077135
KCNJ8,-0.10386980769230747
DNAH5,0.21272730769230758
PWWP2B,0.11244038461538489
GCLC,0.013033461538461862
LINC00423,-0.01958576923076903
ZRSR2,-0.03465884615384602
TMEM219,-0.036773653846153505
CWC25,0.05196596153846173
ANKRD20A8P///ANKRD20A4///LOC728371///LOC647595///ANKRD20A2///ANKRD20A3///ANKRD20A1,-0.037359999999999664
AGPAT4-IT1,-0.05156980769230751
CXADR,-0.014212307692307573
PIPOX,-0.0024180769230769
SCAF1,0.2017674999999999
HEMGN,-0.031618461538461304
HIST1H1A,-0.0414165384615384
CTSZ,-0.11537634615384595
LOC101928441,-0.018200384615384278
LOC100134355///PRIM2,-0.051981923076922766
RGN,-0.03755615384615354
LOC151657,-0.10783826923076915
USP42,0.11567269230769246
LIN37,-0.08097461538461513
AK5,-0.27484846153846115
STX5,-0.06795307692307677
ZNF439,-0.05464807692307646
SCARA5,-0.1342988461538459
TWISTNB,-0.052740961538461244
OXCT2,0.06520480769230788
KLHL13,-0.018395961538461347
THRB,-0.13427807692307656
CEACAM6,-0.06803711538461536
HACD4,0.039635384615384815
CTD-2297D10.2,0.07412615384615394
PFKFB4,0.05656115384615401
L3MBTL2,0.23505346153846163
HMCN2,0.07784442307692342
BAIAP2L1,0.21749211538461535
ATAD3C,-0.16370519230769223
PPP1R9B,0.33677480769230783
RPRD1A,0.021525384615384717
DYNC1I1,-0.03825942307692284
CENPU,0.05859000000000029
CCNYL2,0.029712884615384922
LOC103611081,0.10478326923076933
LOC646470,0.022005961538461544
ZYX,-0.009598846153845994
TIFAB,-0.15968942307692288
MGST2,0.020062884615384777
CCT8L2,0.023482115384615563
KCNMB2,0.007717692307692514
SLC44A4,-0.09343403846153837
LOC728105///LOC643670///LINC00266-1,0.05148326923076952
FAM234B,-0.061419999999999864
AMFR,-0.08033365384615375
ZNF644,0.04633000000000009
SLCO5A1,0.003219230769230994
EP300-AS1,0.14025211538461546
PHOSPHO2,-0.059795576923076604
TGFB3,0.11071269230769235
EDN1,0.11038807692307717
CSF1,-0.07828730769230749
BLNK,-0.023040192307691994
MYADML2,0.08043807692307717
CD40,-0.10388865384615359
LINC00032,0.00454576923076942
UCHL1,-0.020748461538461247
MIR4307HG,-0.11025288461538452
SETMAR,-0.09603423076923098
FLJ37035,-0.010481923076922995
STIL,0.07264788461538475
LOC100132566///LOC100132025///LOC100131452///LOC729272///LOC338999,-0.020833269230769186
KATNAL1,0.0014671153846154193
GPATCH1,-0.03423865384615381
LOC440895///LIMS3,-0.09760730769230735
SOX5,-0.057859615384615454
UTP15,-0.04732634615384585
DCAF4L2,-0.008654615384615318
RPS6KA2,0.05244557692307711
CYP2E1,0.03512250000000027
HIST1H2BA,-0.12237461538461517
PAQR7,0.010804423076923175
CFAP221,-0.07287730769230741
LOC728196,0.0256667307692309
LINC00323,-0.19293307692307635
ZNF345,0.0051390384615386
COL9A2,0.03022288461538478
C9orf116,-0.03378269230769203
ANKRD53,0.1511930769230772
ZNF567,-0.01443576923076902
PLCXD3,-0.005014230769230686
IRS4,0.0476359615384616
TRAM2-AS1,0.0037726923076924677
FOXJ1,0.018359807692307734
BRIP1,-0.00992807692307662
PARD6A,0.03708961538461542
LOC101928167,-0.012478461538461329
BABAM1,0.1950525
NRG4,-0.24732942307692285
ABCA7,-0.11595288461538437
PGBD2,-0.027169038461538297
TAS2R10,-0.0775284615384613
DCD,-0.039290576923076866
LINC01093,-0.15178653846153828
CNTNAP3B///LOC653355///CNTNAP3,-0.17697634615384564
LOC100996624,-0.057892499999999646
EVA1A,0.07118692307692326
LRRC28,0.031551538461538464
TMEM246,0.1825092307692311
LOC100507654,0.05776000000000031
C15orf41,0.03328423076923086
ANKRD18A,-0.011728076923076593
RPL10P16,0.23259307692307696
SIMC1,-0.08000499999999965
ZNF503-AS1,0.28156576923076954
URB1,-0.1245949999999996
LOC101927143,0.09509326923076925
CCDC6,-0.07942826923076919
LOC105373860,-0.029899230769230654
TNFAIP8L1,0.01898846153846174
KIAA0508,-0.10370134615384592
THBD,-0.08505846153846137
TRIM69,0.06529480769230794
MAPT,0.050085576923077024
VSIG2,0.09126000000000029
RBMY1E,-0.020520576923076767
CCDC85B,0.10942846153846154
NTAN1,0.030329615384615267
KANSL2,-0.025174038461538057
LOC100129166,0.06121115384615402
RASAL3,-0.00048173076923070207
DTWD2,-0.11431865384615324
HOXA13,-0.09804326923076892
TMEM200A,0.023325000000000286
PDILT,-0.0710842307692306
BBS5,-0.12728499999999973
SCN1B,0.5672640384615386
ERVW-1,-0.04578288461538453
DHCR24,0.06556153846153857
IGLON5,0.13705057692307696
CD7,0.03979576923076938
LOC101927972,0.11653884615384616
LOC441025,-0.00918115384615345
C3,-0.17571769230769213
L3HYPDH,-0.015043461538461261
PACS1,0.17693846153846157
LOC100132686,0.05480596153846177
PEX5,-0.010074999999999683
IGFBP1,0.16045076923076926
FBXW9,0.1647492307692309
RSPH14,-0.0954630769230766
KCNB1,-0.005314615384615024
DACT3-AS1,-0.18296826923076884
EML5,0.04674480769230819
SLC13A4,-0.004591346153845863
ZNF213-AS1,0.272595769230769
TNXB,0.05887519230769254
NCAPD2,-0.2925267307692304
PCDHGA3,0.001719807692307773
LOC101929454,0.07919192307692344
ACAD9,0.19236230769230772
RTKN,-0.048606346153845924
LOC101928516,-0.15514307692307647
TINAGL1,0.04947173076923092
PCGF6,-0.07808942307692282
C9orf84,-0.14301192307692304
PER4,0.06581769230769223
HECW2,-0.02817230769230765
ZNF202,-0.11148711538461514
LOC101928858,-0.062385576923076766
FBXO43,-0.24043403846153794
SMYD1,-0.009373269230769093
FAM53B,0.023238846153846367
BORCS7///AS3MT,-0.03558749999999973
PPBP,-0.11589076923076891
CABLES2,0.14562019230769235
SYNE3,-0.011775192307692146
ZNF468,0.23723653846153842
SNX21,-0.007364807692307825
SNX15,-0.08366730769230726
STOML2,0.03596673076923075
LOC101929536,-0.002316923076923035
IGF1,-0.13376211538461516
ADGRG6,0.07247923076923092
PLSCR2,0.047299615384615475
LOC100134764///HOXA-AS3,0.08368519230769239
SPATA18,0.0033323076923078444
ANGPT1,0.1504913461538462
KCNA2,-8.269230769228742e-05
PNKD,0.13744134615384637
ZNF3,0.013663846153846375
NEK6,-0.07614749999999967
GRIK1,-0.0058540384615382215
VAV3,0.11070076923076932
COL7A1,0.17770634615384634
TLE3,-0.07719134615384615
ADCY6,0.052489807692307905
KLHL29,0.1815313461538461
TM6SF1,-0.10678826923076887
HRES1,-0.1308892307692306
BCL2L14,-0.032268269230769
HLCS,-0.014409230769230556
RGMA,0.5521055769230768
RAB3B,0.012385576923077153
PLCG1-AS1,-0.03361076923076915
PRO2012,0.030909423076923213
CHMP1B,-0.06693961538461506
KCNJ13,0.0194994230769232
IFIH1,-0.01286846153846146
SUSD1,-0.09172576923076904
LOC653602,-0.06083326923076907
LOC101928590,0.1497825000000003
HSPB1P1///HSPB1,0.3067286538461539
LOC100128862,-0.06035384615384596
PGBD1,0.07351538461538482
MPV17L,-0.0013249999999998983
CYTIP,-0.016337692307692067
GCM2,-0.03091923076923052
ETFDH,-0.017060961538461237
SLC26A11,-0.11124211538461523
ZNF180,-0.030602115384615255
TEAD4,0.12046615384615392
LOC729623///PRKAR1B,-0.3440682692307689
TTC9,0.024849807692307765
CHN2,0.15311538461538488
ZNF275,0.01377384615384617
FAM216B,0.01809557692307703
TRIM22,0.07253980769230768
LOC101927406,0.025201923076923337
LOC100131612///MED27,0.6410559615384613
NBAT1,-0.01910788461538447
DNM1,0.07827865384615414
NPIPB5///NPIP///LOC729978///NPIPB1P///NPIPA2///SMG1P1///NPIPB7///NPIPB3,-0.011051923076922956
LOC100128751,0.010638653846154048
LRRC8B,-0.09718096153846122
GPR63,-0.1259223076923075
POP1,-0.005441346153846229
CCNE2,-0.011662307692307467
REEP4,0.17460038461538466
PDE11A,0.026286346153846358
IL15,-0.06459884615384591
ADAM23,-0.019367884615384502
KIAA1755,0.03960692307692319
BACH2,-0.0314894230769229
PTCHD1,-0.0070059615384612355
TNFAIP3,0.020560000000000245
KLHL36,-0.024777307692307623
ZNF501,-0.01246134615384593
SLC4A3,-0.06899634615384594
CLK2,0.21012211538461562
MIPOL1,0.027955192307692417
LOC100133862///IGHG1///IGHA1,-0.0016874999999997252
CYP2C9,0.004855961538461695
CASC18,0.10510903846153855
LOC100130815,-0.07676557692307681
CYP2J2,-0.13950826923076903
LINC00928,-0.06055538461538425
SNTB1,0.04204076923076961
SLCO6A1,0.06203750000000013
SDR9C7,0.03243096153846176
ITGA8,-0.006928461538461232
STRADA,-0.10525499999999995
TFDP1,0.024758269230769556
LINC01191,0.011105000000000427
SCG2,-0.025590769230768997
CD180,0.06652480769230766
KRT37,-0.02725326923076889
ZNF674,0.07745673076923092
MIS18A,-0.06727807692307677
SUPT16H,-0.07482096153846148
FRMD3,-0.27360923076923055
SERAC1,0.008571346153846393
TMEM254-AS1,0.017899807692307992
FANCD2,0.00010596153846176545
CD80,-0.028174615384615204
ATP1A2,-0.03551557692307681
MFSD8,0.03462903846153871
CHL1,-0.2211434615384613
TC2N,0.0952592307692309
TMC1,-0.12030211538461519
KANSL1-AS1,0.029812307692307978
RTKN2,-0.018093846153846033
SLC12A8,-0.07274134615384595
LINC01330,0.04226788461538497
KIT,0.020340961538461825
ADGRL1,0.10311480769230776
PHLPP2,-0.0480711538461536
CCDC154,-0.1062942307692307
KCNRG,0.002020769230769496
OBFC1,-0.038246538461538436
GPC3,-0.02517596153846131
MON1B,-0.02037461538461528
PWAR5,-0.034461153846153635
LOC101927843,0.020940192307692458
C2CD4A,0.03853730769230799
RPRD1B,0.18769942307692325
OR2W1,-0.026257115384615226
SPATA31D1,-0.02657576923076915
EFCAB3,-0.010586153846153442
MURC,0.00531538461538485
FAM126A,-0.041665961538461194
PIK3R3,-0.031410384615384486
LOC729439///AFDN-AS1,0.029801923076923267
ZNF48,-0.18818730769230757
MCMDC2,-0.0029167307692303922
ATG101,-0.03719442307692289
PLXNA2,-0.01207865384615368
CNTNAP3B///LOC653355///CNTNAP3P2///CNTNAP3,-0.003578269230768885
HLA-DRB1,-0.014511346153845866
A1BG-AS1,-0.1622013461538458
NPTX1,0.0700976923076925
MAGEE1,-0.001462692307692086
LOC100131015,-0.13290865384615375
C8A,-0.052581730769230714
LOC100131707///FRG1JP,0.051564423076923056
FAM226B,-0.035255192307692015
SCRN1,0.016704038461538742
MVK,-0.024687307692307522
CACNA2D3,-0.18248576923076887
CAMK1G,-0.07925538461538457
PDP2,-0.021598846153846017
CAGE1,0.09542230769230792
LPIN1,0.008185961538461772
AHDC1,-0.3635686538461536
CEP128,0.033700000000000396
LOC101927587,-0.048293269230768876
RAB40A,0.36332615384615385
KCNMB3,-0.23667884615384577
PBLD,-0.1629624999999997
LOC101929529,-0.01947884615384584
MGAM2,-0.03309288461538434
CNTNAP4,-0.00948615384615363
SNORD8,-0.1512561538461537
RBM42,0.05553923076923098
BAHCC1,-0.11504384615384602
TMOD2,-0.01166749999999962
PTK2B,0.03832192307692338
NCR3LG1,-0.20034365384615366
LOC100506476,-0.12588249999999984
MAGEB4,-0.011328653846153666
LOC100133905///TLK1,-0.05073865384615358
ZNF354A,-0.02057211538461524
GDF7,0.022467692307692383
SNX1,-0.04286596153846126
TBC1D16,0.12550269230769237
LOC101928205,0.0034063461538464458
C10orf35,-0.09054557692307645
LINC00954,-0.021919807692307572
DDX23,-0.03737173076923045
GTF2H2B,-0.01959903846153833
TMEM115,-0.012642307692307371
CDYL2,-0.16311846153846107
SEC61A2,-0.007269038461538282
LILRB5,-0.008083461538461288
KCND2,-0.08015653846153833
RABIF,-0.027966730769230532
MYO3A,-0.04321788461538419
SRRM4,-0.015056730769230609
CTD-3080P12.3,-0.014903846153846077
GPR26,-0.03841615384615339
FLJ14327,0.045162307692307994
TARSL2,-0.12705596153846124
LOC283112,-0.1291648076923076
XKR6,0.012819615384615627
ARL13B,-0.08282134615384597
RGS14,0.017474807692307925
PRDM10///FABP1,0.029927115384615458
ZNF691,-0.06026980769230741
B4GAT1,0.33011673076923076
SRR,0.18224884615384646
SEZ6,-0.073804615384615
SUZ12,-0.045721153846153655
LBX1,0.016832307692307914
DRP2,-0.02343596153846133
P2RY6,0.12992596153846142
APBA2,0.05098538461538488
ADAMTS17,-0.034676730769230474
MIAT,-0.04554192307692289
CNTROB,0.09824288461538472
IFI27,-0.012474230769230798
LLGL1,0.27594519230769243
TMEM71,-0.004363269230769015
PCDHA5,-0.06903923076923044
HOXC8,0.00451038461538496
RPUSD4,0.043547692307692516
ZNF684,-0.034224230769230486
ABRA,0.02180153846153865
GIPC2,-0.20720865384615347
FCHSD1,-0.06495173076923053
CYP2R1,0.063706153846154
SH3BGR,-0.0753603846153845
LONRF2,-0.11798269230769223
HTR6,-0.06646749999999986
TPTE2P1,0.024493653846154078
MAD2L2,0.052605961538461754
LINC01122,-0.02466711538461511
ZBTB37,0.05231903846153876
FRMD8P1///FRMD8,-0.0009965384615382633
LOC105379143,-0.0029073076923075616
LOC100130331,-0.04826519230769198
AKTIP,0.0007211538461539618
DET1,4.653846153864467e-05
VWDE,-0.143456346153846
SNRPB,0.18675461538461555
CRISP2,-0.14528423076923064
RGS20,-0.03547423076923066
KRT20,-0.04762499999999958
LOC728883,0.029720961538461613
PEX19,0.15967442307692317
HOXD1,0.06541076923076956
TEAD3,0.006720961538461813
GALR1,-0.07783076923076906
IGHV7-81,0.024518846153846318
CACNA1E,-0.013640192307691978
RAD1,-0.01741711538461536
C1R,0.028219038461538705
LOC105371226,0.08754576923076925
PLN,-0.011084999999999786
C15orf48,0.13592250000000025
BANP,0.15833923076923082
LOC100130705,-0.009755961538461127
SARNP,-0.01041692307692286
COL9A1,0.32962096153846165
RMDN3,0.014092115384615524
NPAS1,-0.006903846153845959
TNFSF12-TNFSF13///TNFSF12///TNFSF13,-0.030094038461538263
ACP2,-0.022174423076923185
BPESC1,0.044640192307692415
BCL2L10,-0.02054365384615382
SMIM20,-0.040393461538461316
PAG1,-0.04022788461538438
CSTF2,-0.03149596153846139
THAP3,-0.047293461538461354
LOC101929550,0.007612115384615774
PLAU,-0.044412115384615085
ATP8A1,0.15916596153846155
ITGA9,0.05242230769230788
TAF13,-0.0997034615384615
TUFT1,-0.18841980769230746
PCDH10,-0.0012667307692304584
PKIA-AS1,-0.016562307692307397
PLA2G4C,-0.05960211538461531
ADM2,0.03495423076923103
PLA2G16,-0.023495576923076716
BRWD1-IT2,-0.03669596153846141
AKR1C4,0.003238076923077271
PTHLH,0.0039036538461542088
HGF,-0.06645307692307666
TP53RK,0.11095269230769249
ATF6B,0.014409807692308003
BTG3,-0.03601903846153826
NFIA-AS2,-0.004802115384615058
DNAJC3,-0.0961807692307691
VWA9,-0.008773846153845995
MRPL52,-0.00857269230769217
SAXO2,-0.010080384615384415
CDH1,-0.01015615384615358
RASL10B,0.18749038461538498
AJUBA,0.12742615384615397
CATSPERB,-0.014096346153845633
LOC100132181///LOC389831,0.024685384615384845
LOC643449,0.10437942307692316
MSR1,0.0013050000000002055
CABP7,-0.1945355769230768
HCN1,-0.11288730769230744
CASQ2,-0.06935365384615355
MIR4290HG,-0.03351673076923045
LMOD2,0.040602307692307785
RAB8B,0.07297096153846179
CDRT1,0.00931634615384628
ORF1,-0.007018846153845981
ARHGAP28,-0.007439615384615261
GAD2,-0.018943653846153822
WDR3,-0.04237192307692289
COQ7,-0.057420769230768984
ANKEF1,0.03354923076923086
HIST1H1T,-0.014833076923076484
LINC00574,-0.37263692307692264
GBF1,0.03581326923076929
FLNA,0.04268576923076934
RNF112,0.01713288461538486
SGMS1,-0.009289615384615339
CAMK4,-0.05834596153846125
GLRX3,-0.02620076923076894
MEG9,0.22579230769230774
SNX10,-0.03873884615384604
SNRNP25,0.22541557692307712
MSTN,0.025271730769231032
NTF3,-0.18193365384615354
LINC01583,-0.10921538461538409
PRSS33,-0.04372980769230752
LINC01592,-0.06999269230769208
KCNC3,-0.03337903846153828
RRS1-AS1,0.03825115384615418
HIST1H3E,0.05403980769230777
PEAR1,0.034468461538461705
GNB2,-0.0125423076923074
MCF2L2,-0.022048846153845898
WDR49,-0.10244999999999975
SLAMF8,-0.0244323076923075
PA2G4P4///PA2G4,-0.03191903846153832
LIFR-AS1,0.05022730769230771
GUF1,-0.0264392307692307
ADAM8,0.005593846153846287
WFDC10A,-0.03341653846153816
HEPH,0.032714230769230926
PASD1,-0.04286884615384588
CC2D1B,0.037611538461538585
LOC105378997,-0.04580211538461529
SLC19A1,-0.08749057692307685
IL36RN,-0.012171153846153531
FER,-0.054279038461538205
CDKL3,0.16750807692307712
DRG2,0.1424417307692308
RHAG,-0.02968288461538439
LOC100310756,0.09200500000000017
TSPAN11,0.059988653846154004
ARL8A,-0.023262692307692186
PHACTR1,0.030259615384615638
TMCO5A,-0.03216480769230738
PLEKHA6,-0.06596807692307678
LINC01354,0.01592211538461558
E2F3,-0.011353269230769058
LAMA5,0.2611211538461537
AK8,-0.10172442307692288
ADORA2B,-0.0120628846153845
CUL1,-0.011222307692307632
GPR82,0.03413173076923091
C5orf64,-0.05641788461538452
LINC01057,0.06846365384615394
SAT2,0.04793442307692318
FAM159A,-0.04380442307692277
DUS4L,0.11884269230769251
CCDC39,-0.015439807692307617
CCDC159,-0.013720961538461276
ZNF280B,-0.01029884615384598
PDE9A,-0.02776134615384597
GRM5,-0.18645884615384595
TMC8,0.014618461538461901
TSLP,-0.09246230769230736
MMP1,-0.013597499999999728
LOC100129087///PYM1,-0.14289942307692274
ADAMTSL3,-0.008468076923076691
TSPY4///TSPY3///TSPY1,-0.07852038461538456
MTA3,0.012907692307692377
DDX52,0.11817230769230778
SYT16,-0.0649949999999999
C10orf25,-0.13268538461538415
GSTM2///GSTM1,0.26090249999999987
LCA5L,-0.001071730769230592
PSEN2,0.21063653846153843
SORCS2,0.06823211538461554
DOHH,0.10321961538461547
SLC25A15,0.020981730769231054
LOC148413,0.052969615384615566
GLUD1,0.029544807692307953
RAB3IL1,-0.10001807692307663
KRTAP5-AS1,0.09787423076923099
UROS,-0.023660384615384576
PPP2R2D,-0.07438249999999995
ADAMTS20,-0.14706557692307684
C15orf40,0.10417057692307714
LOC100133558///UBE2V1P2///TMEM189-UBE2V1///UBE2V1,-0.1017067307692303
OSGEPL1,-0.005672692307692086
PKD2L2,-0.023695576923076805
UBE2C,0.024123846153846377
HNRNPA1P36///HNRNPA1P59///HNRNPA1P51///HNRNPA1P22///HNRNPA1P53///HNRNPA1P50///HNRNPA1P27///HNRNPA1P10///HNRNPA1P52///HNRNPA1P12///LOC642817///HNRNPA1P30///HNRNPA1P39///HNRNPA1P56///HNRNPA1L2///HNRNPA1P60///HNRNPA1,0.007553461538461793
POU3F2,-0.11848307692307652
SPATA31C2,-0.022080576923076644
CAPSL,-0.014369807692307484
SLC16A1-AS1,-0.36964923076923034
SNORA21,-0.0029042307692303867
CENPI,-0.09277615384615355
NAB2,0.018166538461538404
ZNF663P,-0.11479211538461506
STX17-AS1,-0.006143461538461293
ZNF347,-0.02110615384615368
MIB2,0.08672807692307707
FAM57B,-0.002574807692307346
SEC24B-AS1,-0.42824538461538436
MRPL21,-0.0008438461538459107
ANKRD40,0.04891307692307712
SPC24,0.09575730769230782
RHOXF2B///RHOXF2,0.06092307692307718
TRIM59,-0.014620576923076738
SAMD5,-0.023709615384615305
ADCY2,-0.028864999999999846
ZNF768,-0.03412711538461515
C10orf76,0.04892711538461542
BRCA1,-0.01454903846153813
LOC100131610///CLIC5,-0.014736538461538306
SLC4A9,0.03685211538461553
ADD2,-0.1454346153846151
INTS5,0.4475961538461537
PLD1,-0.22878749999999942
UBE2QL1,-0.11505692307692268
MMP21,-0.13540980769230734
LOC100134367///RAB12,-0.1267546153846151
SRD5A2,-0.025848461538461258
ETV7,-0.14890288461538417
RIPK1,0.024731346153846357
IL2,-0.02808115384615365
LINC01365,-0.10800865384615345
POPDC2///COX17,0.2996432692307691
NOXA1,-0.21381326923076904
ERCC6L,0.006829423076923453
PGLS,0.00905269230769258
PCTP,0.009209038461538824
GPAM,-0.02014903846153801
LOC440434///NPEPPS,0.05654307692307715
SLC15A2,-0.05053423076923042
OAS1,-0.24135346153846132
LCP1,0.008123076923077259
LOC730202,-0.09031846153846136
DPY19L2,-0.00905346153846123
CBR1,-0.053948461538461334
LOC100133128///DEFB108P1///DEFB108B,-0.001444999999999796
KIAA0101,-0.010754423076922799
CCDC150,-0.01064442307692298
CYP7A1,0.02680192307692346
MAPKAPK3,0.01320096153846177
CTD-2194D22.4,0.006023461538461687
PPOX,0.0882976923076923
ZBTB39,0.03817961538461542
WISP1-OT1///WISP1,0.007360769230769588
CDK4,0.17230153846153862
ZSCAN9,-0.012522884615384306
CCDC62,0.031833269230769484
NPM2,0.07570653846153855
LINC00202-1,0.002096730769231136
COL4A6,-0.02277692307692276
SPTAN1,-0.048655961538461336
IFNB1,-0.20477769230769213
AGTR1,0.03372980769230784
NIM1K,-0.07023980769230735
NHS,0.029569423076923
TOX3,0.005025576923077071
BCL7A,0.15612096153846192
MYOM1,-0.195526923076923
KIAA0484,0.04444576923076932
NADK2-AS1,-0.005491730769230869
PPP1R1C,-0.012001346153845837
ADAMTSL1,-0.007369230769230698
HOXD13,-0.1003048076923076
DCT,-0.07201884615384595
RAVER1,-0.20122423076923046
EEF1AKMT1,-0.05816115384615372
PNPO,0.09316846153846148
LLGL1///FLII,0.493755576923077
SOX1,0.0037203846153849827
DBIL5P,0.09507615384615418
MBOAT1,-0.2725403846153842
RP2,-0.018744423076922933
GRPEL1,-0.0002659615384611899
MGME1,0.001611538461538551
TNFAIP2,0.267578653846154
PLEKHF1,-0.25577826923076896
SLC38A9,-0.06409903846153832
LINC01541,-0.11085999999999967
MMP10,-0.08576038461538456
BORCS8-MEF2B,0.007129230769230891
FXN,0.15687480769230788
VASH1,0.014641730769230933
LOC100130872,0.09572423076923135
TMEM196,-0.040729423076922885
FFAR4,-0.04840961538461515
SLC18B1,-0.0716228846153843
ZDBF2,0.0686494230769233
NCF4,-0.2653996153846153
ARSB,-0.09753480769230763
CXXC4,0.0752646153846155
KIAA1324,-0.07401769230769206
C4orf46,-0.03185557692307692
ETAA1,0.0071638461538466
TPST2,0.264053076923077
SGSH,0.05505980769230805
AXIN2,-0.1936144230769227
CUZD1,-0.16050076923076886
TRNP1,0.009465961538461708
DLEC1,-0.09553884615384586
LCORL,-0.011985576923076762
AP5B1,0.034463269230769596
CFAP54,-0.005706346153845968
LOC100130089///FBXL17,-0.05797365384615347
RGPD2///RGPD1,0.06318423076923112
IGSF5,-0.011652115384615198
CD1D,-0.005018653846153713
WNT11,-0.10713096153846137
LINGO1,-0.009118846153845868
KHNYN,-0.06201788461538442
P4HA3,-0.02567480769230762
GPKOW,-0.04228749999999998
CEP57L1///CEP57L1P1,0.031707500000000326
RNF8,-0.336080192307692
TMEM80,0.3667913461538462
GSE1,-0.09013576923076916
FBXO15,-0.1632849999999998
LOC648921,0.031177307692308084
ZNF645,-0.06386653846153832
IL17RB,-0.04786115384615363
POLG2,-0.08285403846153826
PIP5K1B,0.08068884615384625
C3orf62,-0.01121653846153839
DCTN1,0.025808846153846245
LOC285147,0.09176307692307707
FZD6,-0.05735692307692303
CYP4X1,0.05980134615384631
HEYL,0.08813788461538495
SMG6,0.1652819230769232
CLCA3P,0.04414288461538477
SRGAP2,-0.030169615384615135
IFT43,0.1937746153846157
MS4A7,0.04768942307692322
LRRC37A3,-0.01903384615384596
CLEC12A,-0.14345019230769201
CD70,-0.07339769230769215
TRA,-0.003513653846153617
CYP20A1,0.04166673076923094
TEPSIN,0.06129019230769252
LOC644656,-0.04435730769230747
DSTNP2,0.03191769230769266
DOK6,-0.12307942307692293
LINC01305,-0.053611346153846
LOC339352,4.038461538499014e-05
SLC25A5-AS1,0.017169038461538597
MCC,0.006659807692307881
ZSCAN16,0.016526538461538575
CD200R1,0.16872692307692316
CEP85L,-0.002208461538461251
AMDHD1,0.023351346153846295
CLDN15,0.1881173076923079
KHDC1///SPA17,0.039653076923077124
SLX4IP,0.0011032692307695487
SUCLG2-AS1,-0.02731846153846132
CCS,-0.04542788461538441
RPL5P1///RPL5P34///SNORA66///RPL5,0.07344500000000016
RNF220,0.026646538461538645
LOC101929019,0.08565750000000028
FCER1G,-0.06044423076923065
SERPINB2,-0.09622903846153823
CCDC129,0.017253076923077183
AP3S2,0.14101788461538467
XIRP2,-0.009583461538461334
LOC100272217,-0.04900173076923075
LRAT,-0.26246461538461535
ULK4,-0.00024057692307666686
SYT17,0.1510409615384618
PLEKHG4B,-0.010172884615384374
DZIP1L,0.009700576923077135
WFDC8,-0.01762519230769232
LOC100129525,-0.04344230769230769
NEU1,0.17792961538461555
CALN1,-0.06436019230769227
ZFP64,-0.06733115384615375
FAM76A,0.059751923076923064
KLHDC8B,-0.11456923076923023
RPL13AP17,0.0006375000000001787
SEMA7A,0.04747500000000057
OCLN,0.0010542307692309114
SEC14L4,0.042478461538461736
TAS2R8,-0.06968326923076894
APOBEC3B,0.12347692307692333
NLRC4,-0.09886423076923055
CAPN7,0.0020511538461540618
EFCAB1,-0.008062884615384439
BATF2,-0.19288173076923057
OLFML3,0.1335448076923078
PRADC1,0.18298134615384626
ARG1,-0.016667884615384404
DTHD1,-0.019934230769230676
PCNX4,0.10287846153846161
PRDM16,0.04536423076923091
PTN,-0.023554038461538123
VPREB1,0.05022596153846169
NRXN3,-0.006584807692307763
B3GNT5,0.03654788461538494
PGM2L1,-0.0987426923076921
LOC100507564,0.07624442307692332
FAM120C,0.1099371153846156
NEXN-AS1,0.04667000000000011
TSPOAP1,-0.017142115384615443
LINC00094,0.04030846153846171
LOC100287015,-0.0188026923076921
JAM2,0.12756692307692322
SEC22A,-0.07823249999999982
RFWD3,-0.007460576923076867
QDPR,-0.15640653846153832
ADGRD2,0.11491961538461554
POLDIP3,-0.014720576923076682
LOC439933,-0.030226153846153583
EGLN3,0.032882692307692515
MYH6,-0.048982884615384414
CDCA5,0.09891711538461573
WDR78,-0.016736730769230632
PUM3,-0.08165634615384612
NUP107,0.04918480769230783
LOC100131298,-0.12420384615384605
ELF4,0.09585307692307701
LOC283075,0.05145096153846184
DPPA2,0.09626980769230767
SEC14L1P1,-0.015507884615384167
CTDSPL2,-0.04372826923076917
CCT6B,-0.06690673076923048
GRK3,0.08147538461538457
HCP5,-0.006834807692307487
LOC100134722///RASA4DP///RASA4CP///RASA4,-0.0007398076923076874
C11orf70,0.07434288461538488
SPATA19,-0.04117173076923069
ZSWIM7,-0.033081538461538294
PRR15,0.05985307692307729
C1orf54,-7.961538461501977e-05
NEPRO,0.01633230769230787
MAB21L1,-0.0031617307692306386
FZD5,-0.09873365384615392
MPPED2,-0.17085288461538436
ANXA3,-0.11733423076923054
H1FOO,-0.08645192307692282
INIP,-0.013457307692307555
ATP1A4,-0.2970717307692306
BPI,-0.16380442307692272
ATRIP///TREX1,0.04826557692307738
YPEL3,-0.15896057692307658
EAPP,0.0785071153846154
ZNF586,-0.029598461538461497
KHDRBS2,0.17497826923076942
SH2B1,0.1624175
AIM1L,0.0483576923076923
STXBP5,-0.02076846153846129
MIR2052HG,-0.023962499999999654
TMEM132A,-0.08999346153846118
HAO1,-0.006782884615384261
ZNF564,-0.01740711538461538
LOC100507250,-0.040170769230769114
PARP11,-0.004136153846153831
LOC100131081,0.13515999999999995
ZNF45,0.015084807692307864
CACNA1D,-0.0017769230769229065
ZFP91-CNTF///ZFP91,0.009723653846153818
ZNF511,-0.01082942307692311
CYTH4,-0.14548596153846113
NLGN1,-0.041705192307692276
C11orf1,-0.028439807692307598
GLOD4,-0.0035382692307689713
LMNB2,-0.0010473076923073923
LOC105372255,-0.010874999999999713
ALG1,-0.002782499999999831
VAMP1,0.44064653846153834
TRMT12,0.0471348076923079
LARGE1,0.182878653846154
SIX6,-0.008184615384615212
OAS3,-0.09778384615384576
PRIM2,0.004939615384615713
TEX19,0.023181346153846413
ZNF627,0.07593211538461543
HCLS1,0.2600482692307692
DUSP3,-0.02393634615384589
NPY6R,-0.013261730769230456
TCF24,-0.03696480769230736
CCR5,0.004143269230769348
SRD5A3-AS1,-0.018097692307692172
ATAD3B,-0.11001673076923059
CBX8,0.1428757692307695
SMPDL3A,0.020126730769230876
ATF7IP2,-0.031039038461538316
HIST3H3,0.1581113461538462
BYSL,0.08540269230769232
RTBDN,0.2290203846153847
HNRNPL,-0.04771115384615364
SPIC,0.03073788461538472
CCDC71,0.022057500000000188
FCGR2C///FCGR2A,-0.026331346153846014
PLEKHG5,-0.12600403846153815
MYO7A,0.0854309615384617
FOXN2,-0.007596730769230653
CSN2,-0.004465384615384441
LINC00472,-0.1572355769230767
ANKRD60,0.03595634615384639
TRABD2A,-0.028262884615384235
LOC100132418,-0.14585153846153823
TMEM131,-0.026118076923076664
LOC100130428,-0.28368711538461494
SLC9A2,-0.05984903846153805
LRP2,-0.01314038461538449
LOC100129198,-0.010174999999999915
LOC100133555,-0.30974076923076876
CCDC167,-0.007490384615384237
MX1,-0.0013865384615383387
YOD1,0.0021298076923078313
LINC01428,-0.030619423076922794
TMEM257,0.02012711538461545
RBCK1,-0.08599076923076905
NIPA2,0.10284442307692325
RAMP2-AS1,-0.06316826923076925
BMPR1A,-0.15180269230769214
FARS2,-0.10443038461538455
GEMIN7,-0.016014999999999908
CNTFR-AS1,-0.04417692307692276
CR2,0.004304807692307876
ACAP1,-0.10075519230769193
KRTAP9-8///KRTAP9-2,-0.03816461538461514
TBXA2R,0.0814313461538464
UNC119,0.24116384615384637
TXNDC16,0.04499365384615385
USP49,0.0131594230769236
SIX3,0.020419038461538606
GOT1L1,-0.064716346153846
LOC100132279///WTAP,-0.09919961538461496
MARK2,0.036729038461538535
KIAA2022,-0.056136923076922696
HPSE,0.02727096153846176
ZNF514,0.10877423076923097
FLJ31104,-0.014885576923076724
C1orf162,0.17234596153846185
LOC101927592,0.007344807692307941
KRT82,0.11461692307692324
FAM26F,0.04342961538461554
C17orf96,-0.0059709615384613375
LINC00051,0.015103076923077347
TERT,-0.0337815384615382
LINC00880,-0.046560576923076774
ZNF185,0.0500690384615386
LIG3,0.06840461538461536
MLXIPL,-0.017149423076922826
HSPBP1,0.10943346153846167
EDC3,0.21442730769230783
CPT1A,0.02738346153846185
ZDHHC11,0.03970769230769237
MUM1L1,0.09319134615384643
ROM1,0.01982673076923081
ERBB4,-0.084555192307692
MYF5,0.040037500000000205
MED12L,-0.02249365384615368
GLRB,-0.31875326923076897
ZNF354C,-0.02796269230769221
SIGLEC7,0.10771634615384629
C14orf159,0.01730826923076938
TLR1,0.11566096153846184
GFER,0.06172480769230776
PLCE1,-0.06867134615384586
ATAD2B,0.062164038461538555
KLF8,0.05647961538461558
LMBR1L,0.011174038461538591
LINC01206,-0.008840769230768956
P2RY2,0.1379501923076922
THUMPD3-AS1,0.03269596153846161
PYGO1,0.06370769230769256
LOC101929528,-0.316137307692307
CCL21,-0.007636346153846129
ZNF320,-0.06329557692307683
SORD,-0.04134692307692293
CENPO,0.006057692307692485
DENND2A,-0.02307519230769223
AFAP1L1,-0.11899499999999988
KIAA1211,-0.016036538461538206
RIMBP3B///RIMBP3C///RIMBP3,-0.021144999999999782
C9,-0.062482692307692086
OR2A9P///OR2A20P///OR2A5,-0.2143948076923075
C4orf19,-0.18839865384615342
NUDT16P1,-0.004914807692307447
CDK11A,-0.010145769230768993
NTS,-0.03305557692307668
LOC101929460,0.1365973076923078
FBXL19,0.061709038461538746
PRELID2,-0.016199807692307496
PARP12,-0.056887499999999806
LOC100131447///CDC14C///CDC14B,0.0008701923076925327
LOC439911,-0.12621249999999962
NATD1,0.13967057692307705
LOC642131///IGHM///IGHG1///IGHA2///IGHA1///IGH,0.01465173076923082
FANK1,-0.03162096153846134
C18orf21,0.025296153846154055
TAF6L,-0.08838596153846141
FRAS1,-0.009164615384615311
JAK3,0.052790769230769335
PALM2-AKAP2///PALM2///AKAP2,-0.31455615384615343
ESRRB,0.012278653846154487
PAGE2B///PAGE2///PAGE5,-0.002011923076922948
C12orf10,0.3199578846153845
HCRP1,0.04920173076923094
ATP13A4,-0.00731230769230762
CXorf23,-0.01564307692307682
YWHAEP7,-0.20016384615384572
RASSF4,-0.0035382692307688542
LOC105372840,-0.06503346153846133
SHCBP1,-0.07601999999999985
DAPL1,-0.08521942307692289
GUCY1A2,-0.06712076923076897
NUP188,0.011284807692307814
SLC35F3,0.022616346153846254
NPY2R,-0.01942346153846148
CYCSP52///CYCS,-0.019358076923076582
BAG2,-0.04354711538461521
PLCXD2,-0.03538423076923045
LOC105372069,-0.09763346153846124
NCF2,-0.09970788461538466
LILRA1,-0.017930192307692133
FCAMR,-0.029240192307691985
ADCK2,0.005392307692307841
FBXO22,0.30473846153846174
ASB12,0.14789461538461554
FANCE,0.13156846153846177
IL4I1///NUP62,-0.09355634615384598
FMN2,0.026616923076923298
ASPRV1,0.09441057692307726
RASSF7,0.1185250000000001
PIGW,0.015482115384615823
LINC01270,0.09834923076923102
JSRP1,0.1681798076923079
KCNG4,-0.031012884615384394
ASB6,-0.05123076923076906
LINC00408,-0.10471499999999981
IL1B,-0.02557057692307648
MMP11,-0.05264634615384595
CDC123,0.003921730769230966
CERCAM,0.2379505769230771
ROGDI,0.31152230769230776
LOC153577,-0.020168846153846044
BDH1,0.13465269230769236
LOC105376944,-0.0021953846153846207
HBD,-0.011413076923076623
TLN1,0.22221153846153843
CEACAM3,-0.14413019230769217
CUEDC1,0.12372576923076924
LINC00441,0.07400673076923082
SNAP25,0.01864615384615402
LINC01089,-0.2817446153846152
PNPLA6,0.15567269230769257
FGF14-AS2,-0.11270557692307677
SLC35G3,-0.05994711538461535
CCNT1,-0.185340961538461
B3GALNT1,-0.09081865384615358
HSD17B6,-0.05816826923076906
MTSS1L,0.14875538461538484
FGFBP3,-0.09377749999999974
NES,0.0950438461538462
SLC35F4,0.08603480769230787
E2F7,-0.05479846153846144
MAN1C1,-0.06674692307692283
EFNA5,0.03363711538461545
NDST2,0.05439326923076955
ADAM2,-0.1761338461538458
CSF1R,0.009921538461538865
MAPKAPK2,-0.05209346153846131
NAGPA,-0.015254038461538322
LINC01116,0.0008413461538464415
LOC654056///SIRPB1,0.00807942307692331
LACTB2-AS1,-0.20647288461538443
FAM149A,-0.1424998076923074
IRF6,-0.06384019230769221
WDSUB1,-0.010268269230769084
TCEB3CL///TCEB3C,0.13565269230769267
LOC101929680,0.03452961538461563
LOC100133958///KCNN3,0.009598846153846425
STMN4,-0.034707499999999655
KLRK1///KLRC4,-0.3079498076923072
TMEM64,-0.031780961538461105
HMGB3P1,-0.06138249999999974
ZNF558,-0.0321267307692307
CYP2C18,-0.06414211538461509
BTD,-0.010450769230769014
LOC101928495,0.016162692307692652
MICU3,0.011180000000000268
HIST1H2AH///HIST1H2AG///HIST1H2AM///HIST1H2AL///HIST1H2AJ///HIST1H2AK///HIST1H2AI,-0.022079999999999968
CNTN5,-0.12781076923076928
LY6E,0.08554634615384621
FABP4,0.003774615384615364
HES6,-0.015728076923076706
HSPBAP1,0.12661096153846174
LOC100132167,0.035559615384615724
CLDND2,-0.04821596153846133
FLJ37453,-0.012984615384615173
FAR2,-0.1354098076923074
KCNE2,-0.009299999999999677
KDM4A,0.005268846153846503
LINC01533,-0.08742519230769216
INVS///WSB1,-0.03052096153846121
SAMD3,-0.10823288461538463
PCNA,0.004870961538461671
LOC646383,0.11562346153846179
PRR26,-0.35282538461538415
AATK,0.0032573076923078453
ZNF660,0.010810961538461799
GABRG3,-0.032166923076922656
PRKCA-AS1,0.029342115384615487
MELK,-0.04976249999999975
ZNF212,0.08710692307692312
LOC103344931,0.07642057692307709
XCL2///XCL1,-0.04429711538461513
COQ3,-0.012683269230769048
SERPINA10,0.022470576923077145
TET3,-0.0075601923076921655
SCO2,0.10720615384615383
FGF10,0.004065576923077016
OMG,0.005586730769230831
ATP2A1-AS1,0.03965096153846161
MRPL53,-0.014152499999999709
TACC2,0.04936346153846167
TIMELESS,-0.06144384615384577
DHX38,-0.3075196153846152
GMPS,-0.023017499999999826
IL3RA,0.03746596153846167
HOXB-AS3,-0.2308549999999997
SERTAD1,0.17518903846153874
CCDC13,0.0006026923076926302
TRAT1,0.00540865384615405
C12orf74,-0.012707692307692284
OGFOD2,0.18385596153846157
POT1-AS1,-0.016425769230768886
FAM110B,-0.12216384615384591
NBEAL1,-0.009721538461538153
MLF1,-0.008719038461538329
CLEC10A,0.18997115384615412
ARHGAP5-AS1,-0.013540961538461327
C2orf83,-0.07641711538461515
NACAD,0.032273269230769557
WWC2-AS2,-0.07251038461538455
TECPR2,0.04592788461538482
MFSD9,-0.0063874999999999245
TACR1,-0.06748153846153797
DPY19L1P1,-0.007449038461538383
HMGB3P30,-0.05180326923076863
ORMDL2,0.011067115384615533
KIF3C,-0.042597307692307476
PAXIP1-AS2,0.07091634615384629
TBC1D22B,0.11793115384615402
DGKA,0.028229615384615544
RHD///RHCE,0.005309423076923251
C1orf168,0.009764615384615462
INPP4B,-0.025848461538461518
EML6,0.002400576923076921
CLGN,-0.009504038461538111
C11orf71,0.10962711538461545
OSTM1-AS1,-0.04950596153846125
RNF214,0.005691730769230765
DNAJC9-AS1,0.18670442307692306
SPON1,-0.0024355769230768845
BRI3BP,-0.0644651923076922
FBXO5,-0.12077423076923037
PF4,-0.01066442307692287
LINC01568,-0.07985307692307664
LOC100506286,0.06290942307692306
FBXO30,-0.06366365384615366
ADAM32,-0.005651153846153437
TBX18///PMS2P5///PMS2P1,-0.03298999999999981
PLPPR4,-0.056576923076922914
CDC73,-0.028948461538461256
LOC153811,0.00935961538461552
FARSA,-0.004501538461538164
LOC100131895///KRTAP5-7///KRTAP5-6///KRTAP5-5///KRTAP5-4///KRTAP5-3///KRTAP5-8///KRTAP5-9,0.3614078846153848
CHRNA6,0.002893076923077252
C17orf98,-0.04466769230769221
NFIA-AS1,0.015335769230769444
C9orf43,-0.019900576923076792
ITGB1BP2,-0.1600226923076923
RND2,-0.009091923076922625
CASP8,0.04337346153846163
COA6,-0.020928076923076848
PPAT,-0.008369999999999747
MED20,-0.006295961538461276
TYK2,0.26504403846153846
ZNF747,0.02250153846153865
CYP26A1,0.0835038461538462
NELL2,-0.052929807692307464
MORF4L2-AS1,-0.0024555769230765636
PCDHB10,-0.1188374999999997
MXD3,-0.03819442307692274
MTG2,0.08030211538461547
CPSF1,0.1746436538461539
SORBS3,0.013476923076923391
C12orf75,-0.008749807692307642
GPR141,-0.0011578846153844026
WRAP73,0.022290576923077215
ZW10,0.0645446153846155
HDAC11,0.222038076923077
SOS1-IT1,-0.48675288461538424
LRRC38,0.03265615384615417
RNFT2,-0.1129894230769229
LOC101928134,0.11715557692307704
ZNF473,-0.0998869230769229
SOAT1,-0.017675384615384468
LINC00889,0.002266538461538723
HAL,-0.07443019230769218
ZBTB2,0.011632500000000103
GNAI1,-0.0028073076923073237
AXDND1,-0.09993788461538436
NADSYN1,-0.013303653846153587
LOC728353,0.07072500000000012
CCDC144NL-AS1,-0.206018269230769
KIAA1161,-0.1344499999999998
TFAP2A,-0.040331538461538155
HLA-DQA1,-0.010918846153845939
C1orf116,-0.03769019230769199
MGAT3,0.01855269230769249
MYO18B,0.002718461538461549
C7orf73///SLC13A4,0.4523136538461541
PRO1848,-0.05773576923076892
POU5F1B,-0.1649932692307689
DGCR6L///DGCR6,0.09092442307692328
C21orf62,-0.019534230769230644
LOC286177,0.05770423076923093
RAB27B,-0.08418076923076896
LOC100130175,-0.03903499999999968
FAM213B,-0.0009461538461538158
EPHA5,-0.0036111538461536894
LMAN2L,-0.016275384615384494
ALKBH1,0.007662692307692497
LOC652900///SEZ6L2,-0.20321826923076888
PSENEN,0.06187403846153876
ACACB,-0.024127884615384516
SLC38A7,0.05527942307692323
RCAN2,9.000000000020646e-05
KIR3DL2,-0.037231346153845775
TTK,-0.0747467307692305
SLC22A16,0.05335153846153886
RPL7P12///RPL7P32///RPL7P24///RPL7P20///RPL7P26///RPL7P23///RPL7P58///RPL7P8///RPL7P48///RPL7,-0.07017173076923068
MSL2,-0.05073230769230742
LDB2,0.007697884615384678
PODN,0.01501115384615409
MYO9B,-0.19138596153846107
APOOL,-0.03368596153846142
LOC100131053,-0.004076346153845843
MRPS12,-0.05618384615384592
ANKRD45,-0.12270134615384584
LOC105371708,-0.04770634615384579
LOC100506406,0.004528461538461869
ADAM7,-0.0052407692307691826
STON2,0.016773269230769553
ASRGL1,-0.07385557692307683
LOC100130648///SSX2B///SSX3///SSX2,-0.1418784615384615
NPRL3,0.10003076923076926
CRK,-0.09096249999999984
GPR22,-0.02882461538461517
LOC730184,-0.00543249999999983
AQP12B///AQP12A,0.0008967307692308857
PLEKHG6,-0.012998461538461377
STUM,-0.03527692307692298
TBXAS1,-0.00984384615384601
APPL2,-0.016864038461538264
MFHAS1,0.005217884615384794
GPX7,-0.008797307692307542
IGHG1///IGHA1,-0.013340576923076754
GPRIN3,0.03503788461538494
LOC100130349,0.07307923076923105
GUSBP3///SMA5///SMA4,-0.023587692307692122
SNCB,0.01151557692307719
ZCCHC9,0.01651788461538479
PDE6D,-0.024956923076922804
DOCK3,-0.017278269230769156
EMILIN2,0.012605769230769427
LOC100129899,0.003265769230769287
GAGE8///GAGE12F///GAGE2A///GAGE2D///GAGE12J///GAGE12G///GAGE2B///GAGE10///GAGE2E///GAGE12I///GAGE7///GAGE6///GAGE5///GAGE4///GAGE3///GAGE2C///GAGE1,-0.29625673076923065
PSMA8,-0.021529615384615206
CCR8,0.0032867307692308607
LOC101927523,-0.17521576923076904
TMEM255A,-0.03316211538461507
ENTHD1,-0.07885192307692294
KIAA1107,0.11789326923076933
SLC6A14,-0.08623999999999997
CDKL2,-0.0685855769230769
C15orf31,-0.0015938461538458869
ESRP2,0.04968538461538456
FABP3P2,-0.034075192307692355
TXK///SFTPB,0.0027565384615387397
OR2L13,-0.026466346153845795
TBX10,0.08830634615384622
TYW5,0.06176480769230793
LOC101927411,-0.006899999999999776
PSMD3,0.19695000000000001
SIRT6,0.06839903846153858
LOC101929153,-0.09537692307692273
MAP3K11,-0.06332076923076896
TEX15,-0.051767499999999855
KCNK10,-0.011202692307692082
ADORA1,-0.05421096153846136
RAG1,0.001195000000000072
TRBV16,-0.07757865384615366
ALG10B///ALG10,-0.05168153846153817
LOC644732///ATP7A,0.0071663461538462245
SPESP1///NOX5,-0.011390384615384412
CYP4F29P,0.1498382692307696
ZNF85,-0.058292307692307456
KRT23,-0.05962173076923057
CNOT8,-0.029988269230769027
DPYD,0.035119615384615596
UVSSA,0.07124230769230773
C19orf60,-0.0003001923076921749
TPRG1L,0.2753734615384616
SLC1A1,-0.052020576923076725
WFDC12,0.18484480769230785
NMRAL1,0.10292153846153831
ARG2,-0.18289903846153846
ZNF358,0.03379461538461562
AMBRA1,0.048746538461538716
DPY19L2P2,0.011889038461538513
RNF25,-0.06798480769230753
LOC646014,0.14031942307692338
CMKLR1,-0.008927692307692078
SOCS1,-0.0955094230769228
KRI1,-0.004376730769230403
CCEPR,-0.011625576923076808
PACRG-AS2,0.0762776923076926
LOC730057,0.022214807692307718
TMCO3,0.047638461538461685
LOC101926913,-0.005140961538461227
SPNS1,0.008132500000000153
WNT6,-0.033148846153845994
MACROD1,-0.04247057692307694
LOC100131283,-0.07386519230769206
TNFSF8,0.010112884615384796
MGAT4A,-0.07154538461538441
LOC644215,0.0031098076923080265
ACSL5,-0.07337307692307687
ST5,0.0179011538461539
GNGT1,-0.03757807692307661
RASIP1,-0.006512692307692057
C1orf74,-0.054728846153845795
DTNB,-0.001248653846153775
CCZ1B,0.14089365384615407
SALL1,-0.19115403846153817
LOC642980,-0.09779192307692279
HIST1H2AK,-0.11406769230769187
ALMS1-IT1,-0.10613826923076917
ZNF484,-0.11274442307692285
RPL15P22,0.1341544230769232
OTX2-AS1,-0.009120576923076598
LOC105369477,-0.0441396153846152
ABCC2,-0.0010773076923074232
LOC390933,-0.18421499999999996
NOP9,0.005784807692307887
PCDHB17P,-0.033329038461538375
SAA2,0.04928750000000016
CEP131,-0.1684873076923075
PLEK,0.07667961538461557
SRRD,0.23992673076923082
SAP130,0.20200769230769258
TNFRSF11A,-0.01780019230769215
ZNF195,0.00034942307692325327
TMTC2,-0.031112884615384608
SERPINB3,0.033246538461538584
RAD51,-0.058884230769230446
MLX,-0.36970999999999954
LINC00486,-0.02539750000000008
LOC728830///CCL3L3///CCL3L1///CCL3,0.03989480769230775
CLPTM1,0.11854961538461545
CENPA,-0.052476538461538144
TCAF2,0.12133750000000003
INSC,0.05961653846153843
ADAMTS18,-0.11965730769230755
LOC390998,0.07051211538461562
OR2H1,-0.03634499999999984
TYR,-0.014176730769230681
ID2-AS1,0.004592500000000289
LOC105376805,0.3373538461538463
CCDC87,-0.007387884615384407
LOC100131040///TRIM36,-0.022038076923077
LRIF1,0.10266942307692314
CCL8,-0.17708461538461515
TBC1D8,0.08860442307692311
LOC105375677,0.004126730769230862
DDX28,-0.09999749999999981
NLRC5,0.050355576923077135
ZNF705G,-0.018093269230769097
SPRY4-IT1,-0.00323384615384591
ULBP3,0.00267865384615392
PPARGC1A,-0.04100269230769219
ZNF674///KRBOX4,-0.056482307692307575
PRKCB,-0.043203076923076685
BTRC,0.007659230769230815
SKA2,-0.008219230769230583
CMTM4,0.0014296153846156637
LOC644617,0.026582692307692647
NFKBID,0.0056809615384615705
POT1,-0.00023269230769220283
MTTP,-0.17074749999999989
HDC,-0.2592705769230767
LINC01555,-0.0306438461538458
LINC01003,-0.04110749999999985
ZSWIM2,-0.007955961538461249
MPV17L2,-0.014888846153845841
SLC25A41,-0.030473076923076905
PTTG2,-0.04568846153846126
LOC100132207,-0.003341538461538387
TEX11,-0.10248346153846155
ZFP28,-0.0024842307692304073
LOC400541,-0.04129326923076897
ALDH1L1,0.07695865384615398
PRR18,0.08861096153846178
DDT,-0.09527326923076895
LOC646268,0.07589826923076949
WEE1,-0.3641330769230765
LRRC37A4P,-0.024329999999999786
PEG3,-0.14859423076923076
AGBL5,-0.1496496153846152
LOC654188///LOC643997///LOC440063///PPIAP31///LOC402644///LOC391532///LOC342541///LOC256374///LOC202227///LOC131691///LOC128192///PPIA,0.07513903846153883
SLC12A7,0.1967026923076924
SOCS4,-0.010770384615384505
LINC01532,0.1479517307692309
SKA1,-0.00200173076923054
RNASEH1,0.004828653846154124
SPATA2L,0.056534038461538524
MAP3K5,-0.010186538461538223
LOC100130100,-0.020088461538461538
NSMCE3,0.018420576923077216
FLJ41455,-0.07649615384615369
ZBTB41,-0.010640384615384477
CALCA,-0.04353730769230756
ID1,0.10369769230769255
C4orf17,-0.18218980769230742
CRYGC,0.09026865384615386
PARN,0.04876519230769252
B4GALT3,0.05278826923076948
GLP1R,-0.15262038461538424
LOC652637///WHAMMP2///WHAMMP3,-0.057952115384615234
ARSG///GK3P///GK,-0.12630884615384586
PIGO,-0.02662961538461514
LOC101928820,-0.055486153846153685
SMIM17,-0.0015848076923074964
ITPA,0.039462500000000116
RNF128,0.08470865384615417
D21S2090E,0.059640192307692526
SLC7A6OS,0.00469326923076963
VGLL2,0.037129230769230914
SOSTDC1,-0.08947903846153825
CITED2,-0.00907499999999998
CSPG5,-0.1023619230769225
TRIM7,0.013229230769230858
MADD,0.21707750000000015
ACYP2,0.03467192307692322
SPRED3,0.25384173076923083
MCRS1,-0.12421115384615354
EGFLAM-AS2,-0.009325384615384362
OVOL1,-0.11416749999999974
TMED6,-0.09579057692307659
HOXB13,0.0733363461538464
PLCL2,-0.11900038461538444
DYRK3,0.005141346153846359
LHFPL4,0.09099480769230775
LINC01560,0.1687628846153847
CORO6,-0.28624615384615354
DDA1,0.016425192307692543
APIP,-0.0024378846153844226
ZNF57,-0.04629615384615374
FAM83A,-0.02825461538461515
PTPRG,0.0904344230769234
CACNG8,-0.02034057692307678
VRK2,-0.06618903846153838
LOC647131,-0.06571076923076878
AATBC,0.012297500000000416
TM9SF4,-0.002612884615384385
ZNF335,0.051188076923076954
FOLR2,0.07818346153846176
AUNIP,0.046948076923077044
EFHC2,-0.030869807692307558
OTP,-0.08332038461538425
LINC00397,0.02095442307692304
CST1,0.07571653846153863
FPGS,0.06293826923076917
TECTA,-0.10475884615384583
TNR,-0.01977653846153842
FSIP1,0.00614365384615403
ADGRF3,-0.05061519230769198
TLL2,-0.0494686538461535
ZPLD1,-0.07529365384615365
MAN2B1,0.020273653846153983
TRPV5,0.0321944230769233
NEIL2,-0.07157288461538429
PRIMA1,-0.22105326923076887
GATA2-AS1,0.01445307692307722
GRIA2,-0.006919615384615244
IGHV4-31///IGHM///IGHG4///IGHG2///IGHG1///IGH,-0.014172499999999968
ANAPC1,0.1938328846153845
HYALP1,-0.0831490384615383
LINC01208,0.013155000000000206
POLR2A,0.023465000000000045
LINC01104,-0.0005455769230768696
PSCA,0.036140000000000234
HECTD2-AS1,-0.047370961538461376
CHRM3,0.04716346153846182
LOC644135,-0.09293326923076899
LINC00343,0.03788038461538479
SH3D21,0.0925328846153846
RSPH10B2,-0.018951730769230603
CECR5,-0.1708453846153842
ARMC2,0.012094807692307908
NPNT,0.0034967307692309975
DHRS1,-0.018135384615384394
CDH8,-0.031781346153846125
ACP5,0.020928846153846416
ASB14,0.22420134615384638
UG0898H09,0.024003846153846285
FMC1,-0.002922115384615031
OCLM,-0.011012692307692057
MIR21,0.03686096153846177
LOC105372779///LOC100128198,0.05378134615384633
PCDHA10,-0.06323769230769202
ZNF709,-0.009681923076922859
LINC01257,-0.012153461538461472
UNC5C,0.2581898076923078
PATL1,-0.0708913461538458
ELAVL4,-0.0331240384615384
LINC00558,0.10419538461538484
AZGP1P1,0.15744961538461533
GUCA1A,0.041756538461538435
ZNF239,-0.16218076923076902
ATL1,-0.024541153846153713
NFAM1,-0.11126634615384608
POLR3E,0.006924038461538674
CLMP,-0.11868115384615373
C16orf71,-0.37857942307692277
LOC644669///ANKRD30BL///ANKRD30BP2,-0.006605961538461248
MGC16275,0.025889230769230956
GARNL3,-0.107242692307692
VTCN1,0.02096326923076948
S1PR1,-0.05258480769230752
GPSM3,0.06272596153846169
SREBF2,-0.0076507692307689135
ATG4A,-0.03140442307692301
HLA-DQA2///HLA-DQA1,0.015314038461538525
LCN10,-0.08099153846153813
EIF4E3,0.01598096153846184
LIN7A,-0.013671538461538315
HUNK,-0.1805415384615382
LETMD1,0.04373403846153848
ZNF850,0.08924749999999998
ZNF132,0.015802500000000084
PHF13,0.07743153846153868
ABCC3,0.05245519230769261
MATN3,0.10183076923076928
ZNF862,-0.022502307692307533
SPSB4,0.012477692307692726
WNT3,-0.012672307692307525
LOC114224,-0.014880769230769213
B3GLCT,-0.053050384615384256
ACSF2,0.012354615384615627
NCR3,0.03028442307692321
LOC728997///ACSL6,0.040235961538461554
SFRP1,-0.07110557692307672
LOC100506368,-0.02924634615384599
C5orf30,0.005326538461538688
LOC729810,-0.019107884615384412
UBE2CP4,0.0040628846153847615
SLC36A1,-0.0019186538461536892
FBXL16,-0.06894807692307656
WDR63,0.008393653846154014
LOC105376379,0.00033192307692350524
TRMT5,0.026039038461538575
CSTA,-0.006496153846153637
GSDMD,0.17991192307692336
ZNF571,-0.06197096153846139
GPR34,-0.3168413461538458
LOC100134077///ADCY8,-0.08781923076923061
KLF4,-0.044590192307692
KCNJ16,-0.12568769230769203
HAPLN4///TM6SF2,0.21876711538461543
TFAP2B,-0.0914407692307689
BAZ1B,0.0859065384615386
MXRA8,-0.0007628846153845299
BHMT,-0.23567096153846098
NXNL2,-0.008334807692307544
FBXO10,0.05321230769230786
IL17RA,0.10115653846153884
IGHV4-31///IGHM///IGHG1///IGHD///IGHA1,-0.07791038461538441
EPB41L3,-0.06480423076923061
LINC01231,0.03075365384615407
SSNA1,-0.08608076923076906
P2RY14,-0.009179230769230459
FGF4,0.061787884615384786
DAGLA,-0.1698586538461535
PGBD3///ERCC6,-0.05561788461538453
ANAPC7,-0.1477103846153845
DPH3P1,-0.04748461538461528
FCN1,-0.056004615384615236
NUP62CL,-0.08301076923076912
SGPP2,-0.31297596153846124
CPS1,0.02321365384615393
PRND,-0.029499230769230576
TAF5,-0.03718653846153811
CR1,0.030361730769230794
CAP2,-0.13302057692307656
IPO13,0.20724730769230795
IFNA6,-0.04818961538461514
SRRM3,-0.03233750000000018
TSPAN33,0.02977403846153855
TEP1,-0.0502359615384614
PGM5P1,-0.019537884615384287
LOC102724938,0.013857115384615563
SLC26A6,0.38701903846153846
STAT5A,-0.005293653846153383
LOC101927278,-0.002064038461538228
LOC100134937,0.018469615384615393
LOC100130288,-0.06806499999999994
IFNW1,0.09189788461538485
LONRF3,0.0539663461538464
PTPN1,0.00413500000000011
NLGN4X,-0.030257500000000045
LOC101927869,-0.09809461538461517
RIPPLY2,0.05517750000000012
CSRNP2,0.04954153846153854
MAP7D3,0.040383846153846305
MORN4,0.019898653846154246
EPHA4,-0.24864153846153825
PGR,-0.040842884615384406
RARS,0.12694615384615382
PCDHB8,-0.005336346153845815
LINC00202-2,-0.205981923076923
RARRES3,-0.03673076923076903
ATRN,-0.018120192307692295
WFDC2,0.08496423076923092
MYH1,-0.037187692307692144
ZNF319,-0.0015469230769228415
BMX,0.13590692307692329
ZFP1,-0.012300384615384453
PPFIA2,-0.005621538461538111
ITPRIP,-0.3870317307692303
CEP55,-0.06766365384615348
LINC01184,-0.003607499999999647
FAM162B,-0.03795865384615356
PARP14,-0.07194711538461528
GHSR,-0.019308461538461382
ROPN1B///ROPN1,-0.044936346153846084
TMEM45B,0.01407480769230798
COBL,-0.008747692307692102
CENPW,-0.048566730769230564
POR,-0.1517778846153845
TRPA1,-0.015890961538461063
KCNE3,-0.14230538461538458
HEXA-AS1,-0.10727519230769196
SYNPO2L,-0.008189230769230681
AREG,-0.013084999999999895
HSD17B8,0.06598634615384649
LOC100129444,-0.018538461538461528
CHRM5,0.03037096153846177
TAL1,-0.01625326923076911
LOC100133660,-0.02671211538461511
KIR2DL4,0.02592750000000034
CFAP44,0.06949576923076946
BCL9,0.0002171153846155982
ZC2HC1B,-0.1433815384615382
ZNF551,-0.04897115384615388
C14orf93,-0.04487596153846144
MTMR7,-0.010488653846153426
PEX2,0.009352307692307783
CIB2,0.1297307692307695
LOC101928389,0.001831153846153976
HSPD1P4///HSPD1,-0.013904807692307697
FASLG,-0.00821730769230735
CASC23,0.07937750000000021
ZNF112,-0.06728307692307675
KCNQ1OT1,-0.06566749999999975
SMARCC1,-0.05111057692307659
FLJ12825,-0.01007249999999995
PRRG3,-0.006309423076922792
RPL7P12///RPL7P24///RPL7P20///RPL7P26///RPL7P23///RPL7P8///RPL7P48///RPL7,0.012311346153846225
KLHL11,0.05168461538461557
PIH2,0.019025192307692455
ELOVL7,-0.003179615384614997
HLA-DRB5///HLA-DPB1,0.027830000000000216
EGFLAM-AS4,-0.04328019230769214
C16orf54,-0.05174038461538455
FAM95B1///CYP4F59P///LOC644587///FAM95A,-0.07564288461538438
PATE1,0.07173576923076937
B3GALT1,0.05183519230769231
FLJ41278///TBC1D30,-0.0318273076923073
SOD3,0.6798273076923077
SMG7-AS1,-0.14626749999999974
PLA2G7,-0.008485576923076716
RBFOX1,-0.036274999999999925
LARS2,0.028944038461538577
MMP20,-0.03795288461538445
MEPCE,0.16399750000000013
TMEM221,-0.07858923076923036
LINC01186,0.008866730769231005
MIDN,-0.04460480769230769
ANKHD1///EIF4EBP3,-0.009217884615384421
FBRS,-0.04823019230769237
TOLLIP,0.06849307692307716
TPPP,-0.0587111538461534
UGT2B17,0.07806769230769235
LOC644620,0.03074365384615401
SLC52A1,0.05126653846153872
TTTY7,-0.17233865384615388
DUOXA1,-0.030524230769230706
C1GALT1C1L,-0.0016099999999999574
LOC100131540///SHC3,0.04046250000000022
ADH1C,-0.06804173076923073
RAB35,0.08068538461538471
SLC8A1-AS1,-0.09521057692307663
OR1J4,-0.007824230769230738
LOC728613,-0.0824105769230767
CSN1S1,-0.012274423076922775
LOC100130503///ARPP21,0.05281288461538483
TOX2,-0.014264038461538276
ALAS1,0.027350000000000128
KCNJ6,0.09768096153846166
FGL2,0.001149615384615479
LOC401324,-0.04618134615384599
SLC3A1,0.012599615384615664
LINC00844,-0.036078269230769046
MAP7D1,-0.03181730769230734
RNF152,-0.07474307692307655
LOC440871///IGK///IGKV3-20///IGKV3D-11///IGKV3D-15///IGKC,-0.06980346153846138
HERC2P1,-0.12918499999999952
MUC7,0.09062057692307707
EGFLAM,-0.11992999999999981
LOC101927870,0.09288307692307714
LINC00403,-0.06966269230769191
SELO,0.15343134615384624
HOMER2,-0.005267499999999741
CYLC1,0.1285942307692311
LOC401098,0.008182500000000157
LINC00896,0.003082500000000408
RDH5,-0.035076538461538395
PFKFB2,0.006700000000000151
FAR2P1,0.07400250000000014
SHE,0.023049423076923283
PC,0.04548442307692306
TSHZ1,-0.0436824999999997
DIAPH3,-0.07221365384615382
LOC101928418,-0.029697499999999787
TERB1,-0.010201730769230501
FAM85A,0.1373440384615387
C2orf73,-0.01361557692307671
CALML6,0.01931269230769252
DNM1P35,0.0050246153846157425
C5orf49,-0.008063653846153668
LOC729224,-0.28727346153846134
PIGZ,-0.14766961538461526
CAMKK2,0.1318044230769232
BARD1,-0.0065903846153844625
RFXAP,-0.157892692307692
CERS6,-0.02651173076923042
WDR55,-0.1406309615384612
METTL23,-0.008549807692307565
ZKSCAN4,0.009088846153846362
LOC613037,0.04248480769230791
G6PC,0.007836346153846322
TESPA1,-0.003335576923076563
STS,-0.006105961538461496
LRRD1,0.006425000000000112
MPZ,-0.07913519230769199
ANO4,0.06677269230769216
VPS25,0.013424615384615365
PPM1D,0.0015582692307695872
INSM1,-0.03676115384615358
FGF7P3,0.056113269230769515
EGLN2,-0.03918538461538461
PRR5-ARHGAP8///PRR5,-0.06147192307692282
SARM1,-0.08016038461538429
PGAP2,0.014528076923077084
GHET1,-0.11435230769230748
LINC01600,0.025825192307692372
JAKMIP3,-0.021503076923076878
GTF3C2,0.02875326923076945
PARP9,0.03674961538461552
CA4,-0.2418417307692306
LOC100131402,-0.012703653846153788
LOC727901///VWA1,0.08354596153846151
NCAPH2,0.17730576923076946
TMEM218,-0.17197326923076908
GPR83,-0.028082307692307455
ATP6V1E2,-0.024526730769230655
PROX1-AS1,0.04604923076923109
DDX19A///DDX19B,0.012934423076923362
MIR34AHG,-0.01997653846153821
LOC101929147,-0.15541980769230754
MRPS16,0.020985384615384874
MAL2,-0.03804519230769209
SPRYD7,-0.06449749999999978
ACOT1///ACOT2,-0.005425769230769146
MNS1,-0.007329615384615225
MSC-AS1,0.08608653846153845
MAPK8IP2,0.05522961538461573
FUT6///FUT5///FUT3,0.010998653846153936
TMEM213,0.0016996153846156297
STK24-AS1,0.15684307692307714
SLC6A11,-0.03714365384615346
NUP210,-0.2674411538461535
ZNF93,-0.07258115384615364
CTNS,-0.11977557692307673
C2orf50,-0.006725384615384311
HNF4G,-0.05263269230769213
MGC12935,0.07353269230769227
EGR3,0.050388653846153895
ABCA8,-0.16969826923076875
PAK1,-0.05376826923076905
LOC100132552///HGD,0.021948846153846405
CRH,-0.02514673076923063
MGMT,-0.010061730769230816
RPS6KC1,0.08528923076923096
MED19,0.07562115384615412
TDRD6,0.03451788461538504
TRAF3IP1,-0.025710769230769072
ADAM15,-0.0024915384615383255
SCRN2,0.06204019230769255
PFN4,0.08444096153846137
VGLL1,-0.24390596153846128
KRT4,-0.10031
IL34,-0.057118269230768966
LOC440934,-0.009805576923076808
BRMS1,0.046687692307692666
A4GNT,-0.01772692307692288
SH3TC2,-0.012010769230768744
LOC101927282,-0.08880884615384604
CLSTN3,-0.07241423076923059
CA8,-0.031421538461538175
ZKSCAN5,0.000962692307692517
TPPP2,-0.055883846153846034
LOC101926984,-0.07632576923076892
CD163L1,-0.0699134615384612
CCNK,-0.08170365384615351
SPRR2B,-0.09230980769230768
POLD1,-0.09313961538461525
BRPF1,-0.0545332692307691
MOGAT2,-0.0554798076923076
GFRA2,0.07779769230769247
PCDHGC5,0.024451730769231156
ZNF254,-0.0579651923076919
GAB3,-0.06367076923076923
FAM71B,-0.23191615384615366
EN2,0.012080000000000042
SYP,-0.11551615384615353
EPS15P1,-0.11414807692307644
KCTD16,-0.014931346153846201
LMO3,-0.03173557692307689
NUFIP1,-0.03383269230769206
SPATA2,0.015234807692307858
OSTCP1,0.09424596153846172
FHDC1,-0.18400634615384592
GIPR,-0.009699615384615282
ESRP2///NFATC3,-0.009093461538461264
PPAN,0.024390000000000286
NSUN7,0.02157173076923097
GRIA1,-0.01939730769230742
NTRK3,-0.2338542307692305
SLC7A7,-0.0012699999999998912
ZER1,-0.10525980769230747
TOB1-AS1,-0.09876788461538442
SLC52A2,0.22626884615384604
KIF20B,-0.0160259615384612
SGCZ,-0.008342884615384306
LOC100130547///CYSRT1,-0.026566538461538235
CEBPA-AS1,0.02686557692307717
RGL4,-0.06417096153846129
HEATR4,0.03408000000000023
EYA1,-0.09833730769230721
DNMT3B,0.02322980769230793
LOC101929312,-0.04588826923076871
LOC101927839,0.061103076923077114
HLA-DMB,-0.07689692307692277
FMNL3,-0.013800961538461253
RAB5C,-0.016288846153845894
TTC39A,-0.019484038461538226
PPP1R9A,-0.09368230769230755
TRAPPC8,-0.013214230769230473
TREML3P,0.01000365384615413
MMP2,-0.05009980769230761
CCL15///CCL14,-0.04709019230769218
PHF5A,-0.02195692307692283
IFI35,0.036570192307692526
RFC3,-0.08088134615384589
ZDHHC1,-0.022276153846153616
S100A11P1///S100A11,-0.018285576923076648
C8orf48,-0.060175384615384526
FAM218A,-0.005160576923076882
RGMB,0.04891519230769255
TSHB,-0.19174749999999993
CSNK1G2,0.05559942307692317
CCP110,0.009418269230769424
ALPI,-0.13266423076923056
KSR2,-0.11731865384615377
EEPD1,0.011142692307692416
ZKSCAN7,0.10024384615384614
STRIP2,-0.008513269230769203
RIMS2,-0.006681730769230379
CRKL,-0.010540769230769093
PRKY///PRKX,0.09093000000000007
ZNF75A,-0.040138461538461415
TP53TG3HP,-0.07653423076923055
KRTAP9-4///KRTAP9-9,-0.08848923076923056
SERPINB13,-0.1136234615384611
UHMK1,-0.07299826923076906
IFNA21,-0.298973461538461
BCL2L15,0.0311415384615387
CCDC138,-0.019444999999999858
LRTOMT,0.001021153846154104
SORCS1,-0.04364442307692305
PROM1,0.023135769230769345
LOC729652,-0.039107307692307504
LOC100134331///LOC100133862///LOC642131///IGHV4-31///IGHM///IGHG4///IGHG3///IGHG1///IGHD///IGHA1///IGH,0.0057203846153847685
CDK15,-0.34604288461538424
TRIM26,-0.0674674999999997
METTL6,-0.02060480769230745
LILRA3,-0.04603346153846152
TRAV12-2,0.0006919230769233623
TTTY15,-0.006553461538461337
INPP5E,0.0398330769230773
PNMT,-0.11123115384615367
DBNL,0.14440134615384628
HRH1,-0.07729826923076914
OSBPL11,0.00041211538461541364
COMMD4,-0.0010978846153845325
C9orf135,0.021269038461538735
MARCH9,-0.18614384615384583
ZSCAN16-AS1,-0.12143788461538446
SMIM4,0.007783653846153957
THNSL2,0.021591923076923418
AMELX,-0.07234115384615372
TJAP1,-0.007819423076922826
FAT3,0.026461730769230953
UPK3B,-0.034047115384614975
GSTA1,-0.06990115384615354
PIK3C2G,0.040149230769230985
B3GALT2,-0.01719730769230764
NFASC,0.01337730769230809
SAMHD1,-0.027497115384615304
RPS10P9///RPS10P4///RPS10P13///RPS10P22///RPS10P11///RPS10P29///RPS10P3///RPS10,-0.05708846153846113
CYP11B1,-0.033047499999999674
SPX,-0.013107499999999932
FRG1HP,0.0294273076923079
MBD3L1,-0.0020734615384612877
NEK9,0.005479807692307765
SYT11,0.011008076923077216
UBE2NL,0.07395807692307725
LOC100131655,-0.19528711538461513
AIF1L,0.0475598076923078
TCAM1P,-0.28530499999999986
CDH12,0.0120234615384619
PHB,0.029368653846154
RIOK1,0.15294557692307703
NHSL2,-0.00815557692307681
AMN,0.09163557692307685
LOC101929718,-0.02185442307692284
SLC25A39,-0.10137999999999987
GSDMC,-0.1373086538461536
ALDH5A1,-0.0019967307692307424
ARL2BP,0.0063273076923077275
ZNF641,0.002976346153846168
MYCL,0.015417307692307558
SALL4,-0.03730499999999972
TMEM132B,-0.05905788461538424
IL12B,-0.012298269230768946
ACP6,-0.3204638461538458
RXFP1,-0.007003076923076912
LOC105369507,-0.10427846153846143
TMTC4,-0.0006257692307689714
PTTG3P///PTTG2///PTTG1,-0.13883576923076904
RBM33,-0.3168605769230765
HIST1H2BH,0.007866730769230772
STRADB,-0.0026557692307690997
MATN4,0.15522192307692306
LOC100133918///NCOR1P1///NCOR1,-0.05686576923076894
LOC100132784///LOC100132357,-0.16712326923076917
DRAM2,-0.0007261538461536714
C10orf128,-0.002834230769230639
MBD5,-0.0009942307692305417
CDH22,-0.009919423076922805
HNRNPA1L2,-0.03073461538461531
NOVA2,-0.10232576923076905
RARG,0.0018786538461539471
PRR16,-0.01637249999999994
PAQR4,0.010807500000000124
SSTR1,-0.019372499999999602
VAV1,0.03713923076923094
PRR34,-0.0777398076923074
C19orf25,-0.19738192307692273
PITX2,-0.009666153846153588
C7,0.0014238461538463264
LIME1,0.029242307692308026
GLIPR2,0.03553596153846178
HYLS1,-0.06533326923076894
OCR1,-0.08732326923076901
LOC100130100///LOC652493///LOC650405///LOC647506///IGKV1-5///IGKC,-0.12251846153846128
HIST1H2BD,0.14742288461538472
LOC286059,-0.00048326923076891454
ADH6,-0.026871730769230655
E4F1,0.024599615384615626
LOC200609,-0.07655173076923075
RNF26,0.024005961538461774
LOC284788,0.0018355769230773934
ADRB1,0.023298653846153962
LOC101928273,-0.11176346153846123
LOC729143,0.00691692307692335
SLC35F6,0.0037763461538466
SLC7A13,-0.018326346153845995
LOC100129406,-0.04189673076923072
PLTP,0.17986115384615387
STK17B,-0.1623248076923076
TTLL7,-0.010339807692307296
LINC01580,0.016141153846154135
PRKD1,0.029645576923077226
MYOZ3,-0.11796269230769199
SUGT1P3,-0.05211038461538427
TMPRSS5,0.0651617307692308
TLR8-AS1,-0.09398865384615354
ESYT3,-0.00958403846153811
NLGN2,-0.018747884615384416
DKFZP434A062,-0.04854673076923054
KDM4D,-0.06080999999999968
LOC101929657,-0.05352038461538448
LOC729324,-0.031095192307692032
OTULIN,-0.1242532692307691
DPP10-AS1,-0.14394153846153818
UNGP2,0.005403076923077162
PAX4,-0.03445865384615378
MIXL1,-0.03174788461538446
RNF212,0.017364230769230923
TMEM68,0.0334263461538464
ANO8,0.01596519230769262
LINC00347,-0.010396730769230311
RPL23AP82///RPL23AP7,-0.24867346153846115
LRRN3,-0.026712884615384423
TPSG1,0.014740192307692532
IFIT3,0.05472788461538486
MOB3C,-0.05549038461538471
NR4A1,0.053692500000000046
FERMT1,0.016271346153846577
RNPC3///AMY2B,0.09168384615384627
LIX1,-0.28328923076923035
RIT2,-0.19018634615384614
LOC100132798,0.02434038461538487
LOC100133019,-0.006746153846153402
ASIC2,-0.06909365384615371
CSMD2,0.022713461538461613
STXBP2,0.008442307692307775
LOC440896,-0.007149999999999736
GOT1,-0.03790653846153817
TTC29,-0.08259173076923056
ETFBKMT,-0.010237499999999728
RSPH1,-0.02023153846153809
NT5C3B,-0.0021732692307692243
FAM217A,-0.03551211538461522
IGSF8,-0.0521059615384611
TGFBRAP1,-0.012692884615384453
MAP2,-0.004222499999999652
ZNF563,-0.11276576923076909
MIR155HG,-0.014217692307691982
AFF2,-0.0033123076923076947
MYOM3,0.07131576923076942
FLRT3,0.17002153846153856
TMEM203,-0.0023588461538460725
LOC339978,-0.1154340384615381
LOC349160,-0.02949153846153811
KLHL1,-0.017157499999999576
JMY,-0.0025640384615381786
HOXC-AS3,0.011742692307692624
FNDC4,0.34215057692307693
FAM46C,-0.023075192307691984
PPP2R5D,0.04386634615384644
LOXHD1,-0.12440730769230735
CENPF,-0.07102903846153828
GPR135,0.04096692307692319
EPHA2,0.010273846153846498
LINC00622,0.3107571153846155
MED25,0.1910609615384615
MCTP1,-0.03626307692307679
ACOX3,0.007984807692307975
PERM1,-0.0168167307692306
CRCP,0.1540236538461539
GUSBP1,-0.022526346153845994
TIGD1,0.2038026923076924
LINC01227,0.00971557692307721
ALS2CR12,0.008613461538461781
RASGRP2,-0.06875307692307683
SCN1A,-0.16309269230769205
OSR2,0.007115192307692729
PTGER1,-0.0016873076923073606
LOC286087,0.05049250000000007
FGA,-0.15838461538461518
LOC285389,-0.06592346153846135
LINC01297,-0.11070249999999965
RBMX2,-0.0032919230769230664
METTL4,0.08541384615384626
MIPEP,0.07533519230769233
NANP,0.04577576923076952
ADRB3,0.1761442307692308
TRIM28,0.2521138461538462
TCP10,-0.05740923076923046
CLN6,0.1477869230769232
MYL9,-0.009421153846153694
GYS1,-0.15548673076923053
ENPP4,-0.014259230769230604
LINC00536,0.02727307692307691
E2F4,0.1288551923076925
LOC105377105,-0.06024634615384598
LINC01088,-0.057736538461538305
SYNPR,0.01992173076923087
STAM-AS1,-0.012118269230768927
CCDC124,0.1288876923076925
LOC100128239,0.024200769230769276
C7orf31,-0.21407807692307662
COL5A3,-0.07891807692307667
MFAP2,-0.004577884615384589
VNN3,0.12804942307692344
TAAR1,-0.004568076923076778
IRF5,0.1612401923076926
RUNDC1,-0.05399038461538434
FRMD7,0.007904038461538618
MGC34796,0.1463651923076923
KDM1B,-0.00286538461538421
CLTB,0.077885384615385
LINC00917,0.05905019230769258
LOC100506497,-0.18935807692307666
SLC13A2,-0.00846942307692291
KDM1A,-0.05948019230769234
IFNAR1,0.010766153846153986
IKBKE,-0.02288749999999988
CARD16///CASP1,0.02079961538461561
PTPRB,-0.011473076923076647
MDS2,-0.029183653846153634
PSAPL1,-0.0656044230769229
ZNF479,0.0037707692307695417
ASB17,-0.030184807692307743
LINC01209,-0.027317884615384445
TAS2R50,-0.2618392307692304
LOC100505609,-0.05657788461538434
LHX8,0.012388076923077177
LOC100132735,-0.01870942307692298
KCNA5,-0.05578288461538449
C19orf45,0.06376750000000017
LOC731157,-0.02641769230769202
ERICH3,-0.023459038461538215
PSD4,0.05719711538461545
ZNF366,0.028912692307692504
LAGE3,0.055294038461538374
UGT2A1,-0.05371846153846122
RAB3D,-0.012198461538461327
ITK,0.055315000000000204
CLHC1,-0.08517557692307674
LOC100134089///PPP2R3B,-0.15154173076923053
MIEF2,0.042430961538461764
LL22NC03-63E9.3,0.015252307692307872
ARHGEF38,-0.0021498076923076744
TP73,-0.047853461538461414
CCDC74B///CCDC74A,0.04701692307692336
LINC00326,0.013261153846153914
CSTF1,0.05676346153846174
LOC152225,-0.01834307692307668
SLC16A9,0.04797653846153852
IRF4,-0.017372115384615142
RANGAP1,-0.04378326923076919
LOC100506730,0.029739423076923364
SEC23IP,-0.09419499999999983
PRH1-TAS2R14///PRH1,0.03562576923076932
LOC100507642,0.07787884615384637
CELF4,-0.0738824999999997
SFRP5,0.48761884615384593
SCARNA17,0.14629403846153863
CLDN9,0.07001173076923072
SFXN4,-0.04079711538461526
GUCY2F,-0.013754615384615077
GNRHR2,0.009060769230769575
LOC283177,-0.3488442307692302
ATP6V0B,0.010175384615384935
LOC105374366,-0.2823557692307689
CFC1B///CFC1,0.07162557692307701
FAM107A,0.1653207692307695
LOC727916,-0.0126034615384614
GLIS1,-0.007827499999999958
DHX8,-0.014228269230769114
LINC01111,-0.04330076923076914
LOC101928751,0.07116403846153882
LOC100507557,-0.18814403846153802
FAM171A1,-0.004681923076922804
TIMM22,0.017378461538461898
ESAM,0.0009107692307693101
CROCCP3,-0.07364980769230745
ATG13,0.02114903846153881
ARID4A,0.009700192307692526
LINC00276,0.07304923076923076
NSG1///GPS2,0.265023076923077
LOC286238,-0.04481019230769215
LOC399900,-0.0025123076923076813
IGF2BP1,-0.08291653846153832
SMG1P5,-0.15991115384615354
OLR1,-0.03204576923076897
ADAT3,0.0037334615384617357
FCRL1,-0.23652692307692286
KIF22,-0.027947115384615116
RTTN,0.15377711538461558
DCAF11,-0.0024536538461535696
CYP3A4,-0.058665192307692154
RNF121,0.04078538461538467
SSC5D,0.25680653846153845
PRKACG,-0.04762442307692302
LOC100130987///RAD9A,-0.04539288461538427
LOC643194,-0.05618153846153823
STX10,0.30588711538461544
TTLL3///ARPC4,0.044892884615384814
TSPAN7,-0.003780192307692061
ANO2,-0.01829519230769196
ADAM20,-0.21216173076923028
PLG,-0.02506249999999963
LOC728105///LOC643670///LINC01000,0.09757846153846164
LOC100129562,-0.012854807692307565
SERPINH1,0.002840961538461766
CCDC66,0.14096846153846157
FMN1,0.014117884615384872
ANKS4B,-0.13815519230769188
SNTN,0.038691538461538603
TNFRSF1B,-0.016934615384615145
PRR5L,0.06384788461538472
LMTK3,-0.07942903846153815
OPRK1,-0.14960480769230744
NKD1,0.08881307692307706
PCNT,-0.016101538461538202
MFSD7,0.08369057692307713
CCDC112,0.03553403846153865
GPR87,-0.06533096153846146
CYP4A22,-0.06828423076923067
IFNL3,0.08096384615384619
PSTPIP2,-0.11726480769230764
NRF1,-0.000905961538461328
GPR173,0.012369038461538619
ZNF880,-0.017827307692307514
LINC01007,0.024806730769230855
LINC00528,-0.06438923076923055
LOC105376292,0.01691211538461562
RASSF5,-0.015639615384615144
SLC48A1,-0.0022849999999998405
SNX20,-0.04109307692307679
TMEM189///UBE2V1,-0.040612115384615136
TMEM268,-0.006394230769230601
NPSA,-0.0434667307692305
ENTPD5,-0.014296538461538317
ALKBH7,0.03205057692307706
TADA1,0.1729461538461539
NDUFA11///FUT5,-0.001978653846153602
TEK,-0.007739423076922772
PQLC2L,0.03500500000000011
ATP7B,0.0001294230769232235
TBC1D14,-0.0037503846153843054
ZDHHC18,0.03368249999999989
RPLP2P1,-0.01295249999999995
HOXD10,-0.02290365384615349
EFCAB5,-0.13305634615384598
TSEN15,-0.005253269230769217
MS4A12,-0.22929942307692272
PGAM2,0.07998538461538479
GADL1,-0.050578269230769114
TARBP1,-0.006250961538461447
ZNF235,0.010166153846153908
PHF7,-0.004941730769230527
TAF7L,-0.11066769230769223
PRR4///PRH2///PRH1///PRB4///PRB1,-0.16479846153846106
EID3,-0.007645961538461446
ADAMTS4,0.05780538461538467
FLJ26850,-0.10501211538461515
UPP1,0.0076288461538462325
AMT,0.02077846153846171
FAM27C,0.01711403846153867
CFHR3///CFHR4,-0.13891826923076908
NOD2,-0.03545288461538438
CCDC169///SOHLH2,0.07918230769230787
PCDH9,0.05770000000000011
CHAC2,-0.0025371153846152615
ZBED3-AS1,0.09710230769230797
GRIN2B,0.11727230769230765
PUS7L,0.03313192307692313
SLC35B2,0.01946307692307709
GATA4,-0.1493809615384613
CABS1,0.0014353846153849822
TRIM71,-0.01217884615384592
NOL12,0.08069576923076972
NANOS1,0.11267000000000015
LILRP2,0.04028038461538459
IL1A,-0.04256269230769221
ARL16,0.07121153846153867
SLC26A4-AS1,-0.2834346153846151
TRMT10A,-0.004028076923076682
APOE,0.0209984615384618
ADGRF4,-0.1204957692307691
LOC646762,-0.09764749999999979
LOC101929224,-0.006080192307691971
RPL7L1///WAC-AS1,0.003257884615384794
TMEM163,-0.007881730769230724
NPIPB4,-0.002358461538461434
LOC283484,-0.0873138461538457
THAP7,0.06342538461538465
LOC100130648///SSX2B///SSX2,0.08320480769230788
HPYR1,-0.07475999999999991
CCDC160,-0.006114423076922806
TCHP,0.2249419230769231
LOC100128727,-0.010028653846153581
ZNRF4,-0.008127499999999718
ARHGEF16,-0.07973423076923057
DSCAM,-0.013775769230769033
KREMEN1,-0.017527307692307592
ZNF10,-0.16208865384615365
C6orf118,-0.0019517307692306688
SLCO2A1,0.0029280769230769915
HS6ST1,0.012435961538461887
SLC7A5,0.1544740384615384
ERFE,0.031121346153846294
MARCH3,-0.0019084615384614822
SLC19A3,0.015117307692307772
CADPS2,-0.0008546153846153103
CYB561D2,0.04986865384615401
OR1E1,-0.009212884615384226
LOC105375075,-0.03805384615384594
LOC102723694,0.011540576923077221
EMILIN1,0.021596153846154032
CALM2,0.01199576923076955
RFT1,0.010273076923077067
PLPP6,0.011245961538461658
MYT1L,0.0025853846153849505
HOXA-AS2,-0.07746115384615358
ADGRD1,-0.19244999999999962
PTMS,0.04288846153846156
FBLIM1,-0.017482499999999616
HRK,-0.05505269230769213
LOC285819,-0.06734442307692289
LYPD6B,-0.05667173076923057
CD99P1,0.12028403846153854
PLS1,0.11301076923076947
SPAG5,0.015938076923077145
KLK10,-0.010479615384615166
LRSAM1,0.014106346153846322
FBXL19-AS1,0.01098788461538493
RNF115,-0.39990711538461504
PP14571,-0.018259230769230514
ZC3H12B,-0.03486134615384595
FOXS1,0.033063269230769535
NCDN,-0.009672692307692013
TEX22,0.04946096153846147
ART4,0.028357115384615755
CCDC26,-0.026598846153845817
LOC100288860,0.02802865384615408
LOC729680,0.001446346153846223
LINC00029,-0.059573461538461436
BTBD8,0.059383269230769205
PCDHB6,-0.046173076923076595
SLC28A1,0.08467942307692303
SLC15A4,-0.06978499999999974
FAM20A,-0.09747730769230747
USP27X,-0.010049807692307598
C22orf29,-0.056154615384615254
NRG3,-0.11600076923076882
C19orf47,0.019476923076923426
THRA1/BTR,0.003740769230769548
FCMR,0.06327807692307705
RNASE6,-0.037143269230769056
MSL1,-0.10159230769230762
ZCCHC13,0.027785576923077294
SEMA3F,0.010465192307692548
OPCML,-0.020549807692307537
CAMK2G,0.11326576923076936
LRRC75B,-0.11637346153846133
BTBD11,0.09312153846153844
XAGE1B///XAGE1E,-0.03057307692307669
LOC653071,0.007367692307692519
PRICKLE2-AS3,-0.12599365384615363
IL17F,0.000280576923077223
APEX1,0.035717307692307874
KIAA1958,-0.02068519230769224
PCDH8,0.01041615384615405
FBXL21,-0.08960442307692287
LOC100132319,-0.04940384615384611
MATN1-AS1,0.05190403846153867
ITGB4,-0.32897884615384615
B3GAT3,0.005479038461538621
POLD2,0.10944249999999997
ACER2,0.025242307692308032
LOC286052,-0.011411923076922955
LOC286178,-0.05021538461538434
C14orf113,-0.012185384615384338
ZNF530,0.024632307692307925
NRSN2,-0.09175884615384584
SCYL3,0.07805288461538479
LOC105370943,0.008868653846154085
RPGRIP1L,-0.20403538461538437
EARS2,0.08712346153846166
ZNF257,-0.0029390384615382336
EQTN,0.0029715384615386065
CACNB1,-0.027340769230768953
LSM14B,-0.014589038461538473
CERS1,0.1130515384615385
KIFC1,-0.001130384615384448
CDH10,0.12196769230769253
CEP170P1///CEP170,-0.08191038461538447
LOC100128434,-0.0011265384615383508
C1orf186,0.041355192307692544
SP3P,-0.015869423076922864
ZNF589,0.046038269230769265
FAM133A,-0.03177038461538434
PNMA3,0.012341730769230955
OR4C1P,0.01806230769230793
AADACP1,-0.4058065384615381
TNFSF12,-0.3155613461538459
SLC11A1,-0.07977288461538438
ETV3,0.005428269230769602
TMEM40,-0.08101115384615351
MED27,0.0457338461538463
THSD4,-0.018260961538461472
MIRLET7DHG,0.11186769230769242
ABCA11P,-0.08243192307692294
SPANXA2-OT1,-0.01017192307692288
CMIP,-0.019805192307692246
MCPH1,0.00974269230769242
USP27X-AS1,-0.03350711538461531
BRK1,-0.0819369230769227
CXCR6,-0.006518653846153694
NANOS3,-0.03531749999999983
LINC00588,0.07076346153846179
SNHG24,-0.0416409615384613
DGCR10,-0.013076923076922941
NCAPH,-0.02075249999999991
LOC283454,0.01567346153846177
GNG4,-0.22933288461538393
CCZ1B///CCZ1,0.01533615384615405
HSPA4L,-0.001291346153846049
LINC00853,0.004174999999999986
CHRDL1,0.12509923076923088
FAM174B,-7.807692307693786e-05
TRIM52,-0.029473846153845965
GABRA5,-0.08486288461538422
IGLV2-14///IGLC2///IGL,0.07670038461538463
LOC730034,0.00018346153846164975
AREL1,-0.0024017307692305607
PLAGL2,0.00305153846153835
GNL3LP1///ERCC8,-0.03793365384615356
ZC3HAV1L,-0.03306019230769191
TNNT2,-0.09449096153846122
ADRA1A,-0.18862173076923042
BUB1B,-0.07487826923076915
TNFSF18,-0.009979807692307576
MICALCL,0.0018048076923079628
FOXC2,0.035317884615384876
CASP1,0.0005673076923079995
SERPINB5,-0.026382499999999854
MUC3,-0.006648653846153577
OR1Q1,-0.2276611538461537
DTX4,0.07745288461538491
OVGP1,0.24081596153846155
C22orf34,-0.19882692307692282
NKIRAS2,0.2174317307692309
SMG5,-0.004700576923076688
MRO,-0.03358076923076908
EGFL7,-0.05745749999999983
FLJ31356,-0.09336346153846115
LOC100131720///CC2D2B,-0.15413499999999966
CNTN1,0.0421842307692308
ALOX5,-0.0021151923076921444
C10orf53,-0.37392596153846136
ORC5,-0.013667884615384568
DSCR4,-0.10386096153846135
MYH11,-0.07417999999999988
INPP5D,-0.10365269230769211
LOC100133409///ACTR3B,-0.018818461538461208
TMEM86A,-0.08292442307692281
ARHGEF39,-0.022274423076922976
IL4R,-0.12329615384615368
TRIB3,0.15815115384615377
LINC00950,-0.034506538461538366
LOC101929261,-0.3092249999999997
SP110,0.06197500000000004
PPP1R13B,-0.07757423076923055
ASCC2,0.04527211538461565
LOC338694,-0.04849576923076909
PIFO,-0.005001538461538231
LOC389328,-0.07263019230769208
ADAMTS3,0.01559346153846157
LOC100127998///SNTG1,-0.061078846153846095
SERPINB7,-0.047314615384615295
TFE3,-0.06275230769230754
ZNF599,-0.010572692307692255
MYT1,-0.006035769230769195
LOC100130992,0.00017692307692339054
SDF2,0.019668269230769357
CTAGE5,-0.03304211538461505
TNRC6C-AS1,-0.18727711538461514
LGI1,-0.004606346153845996
MB21D1,-0.13654442307692288
RUSC2,0.023816153846154153
CNN1,-0.001215192307692233
TSC22D4,0.1824132692307692
CDRT4,-0.02726192307692299
LOC100128729///LOC731082///TLK2,0.08001346153846164
DPM2,0.016941153846153904
PHACTR2-AS1,-0.021721923076922816
C11orf96,0.05457903846153879
PRMT8,-0.04518730769230753
WDTC1,0.002572500000000158
IRGM,-0.07647403846153808
CNPY1,-0.11768788461538464
NPY4R,-0.2761946153846151
EPHB2,-0.0015955769230768548
LINC01410,0.00035057692307692453
LOC100505534,0.004602692307692483
HRCT1,0.13188442307692314
DPP10,-0.0401128846153844
LINC01133,-0.015240961538461294
LOC729461,0.011208846153846388
SEC14L3,-0.047982499999999775
PSD2,-0.08184884615384619
LOC100129175,0.03808769230769245
CHFR,0.0058363461538465155
ZNF134,0.048604230769230886
LINC01242,-0.029742115384615277
GAS2,-0.001795576923076778
ZNF540,-0.0032142307692304387
CFAP206,-0.0695936538461536
ATP2C2,0.013549807692307922
LOC389641,-0.02561557692307689
LOC100128309,-0.07725634615384593
MIR663AHG,-0.14551346153846154
RBM4B,0.20160442307692317
LOC101929133,-0.040731923076922694
LINC00879,-0.07294615384615352
MFSD2A,-0.08563346153846142
CLSPN,-0.0408728846153844
CORIN,-0.008755769230768966
FTHL17,0.008680000000000089
EVPL,-0.09939730769230777
LOC727933,-0.04545423076923057
SNHG4,-0.2715073076923072
LOC107984534,-0.1941163461538459
TRIM45,0.0366963461538461
PRO2958,-0.011793653846153478
SOX30,0.019515769230769312
KIAA0141,0.05124788461538492
APOA4,-0.036954230769230316
ESX1,-0.053961923076922776
CCM2L,0.029170192307692418
PCED1B-AS1,-0.1425663461538459
EXO1,-0.00025596153846151173
CYP11B2///CYP11B1,0.06933096153846181
MANBAL,-0.011916923076922836
LOC285000,-0.11721980769230764
ST7-OT4,-0.036554615384615095
TRAF3IP2-AS1,0.08818519230769263
HDAC4,0.11750307692307681
LOC441242,-0.09689826923076901
ZNF225,0.05139038461538492
RPS6KA6,0.03278211538461538
LOC101928047,0.05773346153846153
SPAG17,0.019083653846154014
PRICKLE2,0.08824596153846181
MTFR2,-0.002886923076922986
MROH8,-0.030217692307692116
NANOG,-0.06385557692307675
LIG1,-0.055523461538461605
HOXD3,-0.0007786538461535079
RBM19,-0.043890576923076796
LOC652494///IGHM///IGHG3///IGHG1///IGHA1,-0.12658038461538448
ASPHD2,0.13225403846153858
C14orf39,-0.03173557692307677
ARR3,-0.030857499999999833
TLR7,0.087926153846154
MUTYH,0.017654038461538596
LINC00167,-0.11471576923076914
KIAA0319L,0.009655769230769301
TMEM238,0.049071730769230944
DISC1,0.03195192307692327
PRDM1,-0.06510730769230741
SLFN12,-0.02736634615384595
PIK3R2,0.07251192307692317
GRK6,0.21451750000000028
ZNRF1,0.01652500000000001
AARS2,-0.021027115384615193
HDHD3,-0.013765576923076698
LINC00092,-0.08027076923076909
PCAT18,0.004090192307692844
PIK3R6,-0.034761538461538385
RAD9A,0.08283230769230798
UBE2V1P2///TMEM189-UBE2V1///UBE2V1,0.04535423076923099
LOC101928955,0.005588653846153912
GAPLINC,0.04503769230769252
LINC00488,-0.07840557692307655
STAU2-AS1,-0.04523403846153825
ANKUB1,-0.2400148076923074
SAMD9L,-0.19949576923076898
RHOV,0.021152692307692653
LOC101928505,-0.0003330769230766508
LINC01351,0.03729019230769237
LOC101928207,-0.011541153846153627
CREG2,-0.031171538461538258
HSPB7,0.07115942307692338
C16orf78,-0.18047038461538445
PLEKHO1,-0.004975576923076668
ABHD14A,0.06077461538461558
PTH,-0.07167538461538454
ASB9,-0.0736015384615384
PAQR5,0.05397692307692334
MGAT4C,-0.031819230769230517
LOC100240728,-0.01586999999999992
PTTG3P,-0.10671249999999984
CD28,-0.07356865384615353
NACC2,0.0008982692307694127
C17orf51,0.005496923076923402
XRRA1,0.07935730769230767
TEX41,-0.061438846153845754
LOC151121,-0.06635653846153827
C2orf81,0.08456076923076923
OR2A9P///OR2A20P,0.0241915384615388
VANGL2,-0.09943807692307663
PROP1,0.07771365384615384
GAPT,-0.13792615384615362
TTTY4C///TTTY4B///TTTY4,-0.031134999999999968
BBOF1,-0.006114807692307495
ASCL2,0.047037692307692586
ICAM2,0.04976750000000011
ZNF566,-0.02637846153846138
CALB1,-0.1601911538461537
IL20RA,-0.06396307692307678
PCDHB7,-0.061613846153845735
LOC105376997,0.03534384615384626
LOC101927877,0.005830961538461795
SPRN,-0.12710519230769218
METTL21B,-0.013073269230769251
LOC283713,-0.042927307692307626
BBS12,0.01705211538461569
LY9,0.008231538461538701
CCL28,0.11625596153846147
GBA3,-0.015900192307692
TNS3,-0.10274096153846139
RNF40,0.013500192307692602
MID2,0.035738461538461615
SAMD14,0.014760000000000153
HTR2A,-0.011047884615384486
SYNGR1,0.23021230769230777
LOC101928201,0.013607884615384758
SLC45A3,0.13784461538461554
IL12RB1,-0.03788961538461504
KHDC1L///KHDC1,-0.0056599999999997624
MSRA,-0.0921463461538459
LOC100130360,-0.05769288461538445
LOC101929319,-0.1515373076923073
GPR1-AS,0.0194988461538463
C10orf54,-0.13017403846153816
FGFR4,-0.03512249999999973
FSHB,0.06835269230769277
BMPER,0.013228461538461685
SAGE1,-0.09531346153846156
STGC3,-0.008041730769230456
HLA-DRB4,0.01966711538461554
SPAG5-AS1,-0.016047692307692193
IQCF5,0.008051730769230896
FLJ31713,0.029557307692307966
TJP3,0.022512307692307786
OSBPL7,0.06809884615384633
TMEM232,-0.01880923076923052
UST-AS1,-0.12351249999999989
DUS2,-0.01918749999999981
SPATA16,0.024197500000000195
GRPEL2,-0.027774615384615182
LOC100506606,-0.01924538461538441
BCL7C,-0.006939038461538429
LOC100130054,0.1308098076923078
TMEM30B,-0.010961346153845992
AOAH,-0.07718442307692296
FAM3D,0.016521153846154
LOC105375026,-0.0961636538461536
HMOX1,0.014802692307692525
ALPPL2,-0.1449949999999996
SIAH3,-0.0906344230769226
SFI1,-0.3057355769230767
LOC101928185,-0.07188557692307668
MMP24,0.06277538461538464
CASP5,-0.03856019230769208
LINC00477,-0.00664653846153837
RAD52,0.01017923076923098
LINC-PINT,0.006942692307692375
DTL,-0.05463499999999976
RSPH9,0.07629423076923096
LKAAEAR1,0.010525961538461697
TBC1D10A,-0.0023530769230767786
LOC729970,-0.03306499999999972
PAIP2B,0.02369192307692335
PTCD2,-0.0909205769230766
LOC283482,0.027962307692307835
CD19,0.004039615384615766
TTPA,-0.024848461538461493
C8orf58,0.04360326923076946
S100Z,0.02114442307692334
KCNQ2,0.12059288461538464
TMSB15B///TMSB15A,-0.0017909615384614312
ZNF300,-0.003291538461538374
AKR1D1,0.04491634615384646
MED26,0.15036557692307712
PCBD1,-0.09267980769230748
APOB,-0.028986923076922508
TP53TG5,-0.05894999999999986
TYROBP,-0.003440384615384572
SLC4A8,0.018831923076923253
NFKBIL1,0.008480576923077004
MAP3K1,-0.03761653846153829
RCSD1,0.042443846153846235
KIR2DS5///KIR2DS1,-0.14825884615384605
ATF7,0.014108846153846308
LYRM4-AS1,-0.0809176923076922
LYPD4,0.05598500000000007
GPR160,0.01721769230769239
GDE1,-0.033450769230769124
TRPC5,-0.0004359615384613432
PRKCQ,-0.02360211538461525
DPY19L2P3,0.043979423076923416
PCDHGA3///PCDHGA4///PCDHGA6,-0.0329634615384615
OR10D3,-0.005806538461538267
BBS9,0.020268269230769426
PCP2,0.01854634615384638
TLL1,-0.05154596153846142
ACADS,0.05767634615384626
DCLRE1A,-0.11061249999999989
MLST8,-0.10224211538461522
LOC728867,-0.029966538461538503
MYH3,-0.026309807692307424
CHST9,-0.019472692307692087
ZXDB,-0.042707884615384384
CCDC88C,-0.016731346153845958
GNAT2,0.025436923076923152
GCNT4,0.0032973076923078284
CPA6,-0.014029999999999748
KIAA1652,-0.02896749999999982
DGCR5,0.12309576923076927
KCNC4,-0.019134807692307756
DAB1-AS1,-0.05141249999999982
DNAL1,-0.09454096153846143
C4orf36,0.007216730769230907
WHAMM,0.1367076923076925
RRN3P1,-0.00021384615384597766
CTNNBIP1,0.2536567307692308
MYO18A///TIAF1,0.24701769230769238
C1RL-AS1,-0.25168076923076904
LOC93444,0.023068076923077135
AJAP1,-0.04060673076923048
STARD13-AS,-0.016924423076922997
TXNRD2,0.04171692307692317
LINC00355,-0.09125153846153829
LINC01448,0.07087480769230797
SAA3P,-0.11102211538461539
ANKLE2,0.05512096153846177
CLTCL1,0.05827615384615394
MAMLD1,-0.010694615384615106
TOP1MT,-0.1965224999999998
GRK2,0.09377307692307686
GATM-AS1,-0.2240894230769228
RBMY3AP,0.034339038461538754
BAK1,0.05854980769230825
BCL2A1,-0.07684826923076889
KCNJ9,0.09779038461538474
SNX33,0.009775384615384854
LRFN5,-0.0242176923076921
LOC101927131,-0.037278076923076796
NDUFS7,0.22992615384615395
GOLGA6A,0.0640088461538462
TMEM178B,-0.30342499999999983
ZNF816,0.16571730769230777
XKR4,-0.2732380769230767
ABCB4,0.03291634615384624
C1QTNF1-AS1,-0.0021174999999997854
TFCP2,-0.14402692307692272
IGLJ3///ARFRP1,0.0211351923076924
CDC37,0.028985961538461565
CEACAM4,0.009496538461538662
MYCBPAP,-0.04070384615384578
LRRC75A,-0.06241480769230757
ARHGEF4,0.21501365384615395
GRIK5,-0.030213461538461415
IL7R,0.004571153846154118
GLUD2///GLUD1,-0.0013046153846152848
CCDC134,0.07251057692307697
MKRN3,0.059806538461538446
SPAG11A,0.11166673076923099
HTT,-0.016454230769230648
CYP3A7,-0.009844999999999863
RNPEP,0.03928961538461556
UGT2B4,-0.05796230769230752
KIR2DL3,0.007133653846154109
SPOUT1,0.19514365384615395
PCSK9,0.03217269230769252
CHRDL2,-0.011704423076922826
SLC9B1,0.05070019230769254
FAM47B,-0.004359230769230612
FRG2EP,0.004260961538461647
HIKESHI,-0.03860846153846135
TAAR8,-0.04005596153846135
COPG2,-0.017864423076923024
LOC101927416,-0.33543692307692297
BID,-0.0911209615384612
LINC00907,-0.002601923076922729
KLHL41,-0.018979615384615223
LINC00930,-0.2755705769230767
CFTR,-0.007488269230769034
TNNC1,-0.0590388461538459
KCNH3,-0.1560988461538461
KIF15,0.011064615384615426
BDKRB2,-0.01213942307692277
CXorf36,0.00017076923076951055
SAPCD1///MSH5,0.005162115384615253
TMEM173,0.13351884615384638
CSN1S2AP,-0.03095557692307679
CARMIL3,-0.05193673076923054
ATP6V1C2,0.04291269230769252
LCP2,-0.0526359615384614
FBXL13,0.03159826923076942
LRRC3B,0.02001730769230789
CCDC110,-0.0058313461538459285
HELLPAR///IGF1,0.05367653846153859
IFNE,-0.23918884615384586
PTPRU,-0.0016676923076920588
GIMAP8,-0.12471269230769201
CD274,-0.18650307692307666
C3orf30,-0.011357115384615302
FGF14,0.011108076923077243
LOC101928324,-0.008645961538461543
OTUD3,0.05860038461538489
LOC729570,0.0886603846153847
NCSTN,-0.27882865384615374
TAL2,-0.07425711538461527
LAIR1,0.012694038461538586
IGLV1-44,-0.005086346153845949
TUBGCP4,-0.16816557692307665
ILVBL,0.15407846153846175
WDR64,-0.017628653846153794
SULT2A1,-0.03842326923076926
ATXN7L1,0.0031501923076925945
CNR2,0.08419134615384637
ABHD17C,-0.03378711538461532
ARL15,-0.2388359615384612
OR10D1P,0.03890923076923085
LINC01087,-0.01300192307692297
LINC01056,0.020770576923077072
PI3,0.010484807692307878
NR1H2,0.0399488461538464
PLCZ1,-0.10730730769230729
LOC728730,-0.016276923076922935
MAGEB1,-0.01367615384615354
MBOAT7,0.23077615384615385
ADAMTS8,0.02715211538461555
DHX58,0.02663903846153876
LOC101928973,-0.04520807692307667
SIRT3,-0.05286884615384612
ADARB2,0.07478211538461563
TCEB3B,0.0022013461538463092
ZNF346,0.03250653846153862
GINS2,0.010568269230769431
C1orf112,-0.033539038461538245
DEFB118,-0.0020342307692305267
NXPH3,0.014638461538461437
MIR124-2HG,-0.14575711538461505
RAB6B,0.06583173076923102
RPS2P45,0.016517115384615737
LOC105370962,0.16359673076923098
LRRTM4,0.007099230769230931
DANCR,-0.024436538461538173
CDC45,0.07853980769230787
SPATA33,-0.012520192307692055
ARPC1A,-0.004343269230769111
NAA11,0.025953076923077145
SLC30A10,0.06555961538461566
CISD3,-0.009577884615384202
GPR39,0.004983653846153916
PGAM5,-0.03610499999999988
EPT1,0.02956846153846155
NEURL3,0.20095673076923085
C7orf33,0.11040615384615411
CLIC3,0.5598661538461533
BNIPL,-0.03456038461538431
SERPINB9P1,-0.08705557692307675
UBE2U,-0.03484230769230751
AOX3P-AOX2P,-0.07515634615384592
FLJ42627,-0.0345044230769229
COL4A4,-0.1735224999999998
ADAMTS9-AS1,-0.11637192307692275
TRIM66,-0.02842384615384607
LILRA5,-0.07898673076923053
ZNF259P1,-0.015860384615384394
C12orf54,-0.20287211538461514
SH3GL3,-0.0498978846153843
SNORD89,-0.24724846153846136
MRPL54,-0.034236346153845826
SMARCB1,-0.0077480769230768316
ATP6V1G3,0.03632961538461562
KIAA0513,0.017849230769230763
STAP2,-0.027540384615384373
CBX3P2,-0.06052230769230741
FCGBP,-0.03754769230769201
SMG1P1///SMG1P2,-0.013516923076922727
GATAD2B,-0.004982884615384426
EFHB,0.0257859615384617
TAF1A-AS1,0.025527307692307807
LINC00307,-0.005598076923076676
H1FX-AS1,-0.1121440384615382
SGCG,0.05258634615384635
NEK4,0.0037178846153846892
DHH,-0.02936980769230733
ADORA3,0.021101730769230793
C11orf80///RCE1,-0.008729038461538316
FLJ37786,0.014217692307692369
PIN1P1,-0.1989292307692305
PFKFB1,-0.16235211538461508
LINC01213,0.056406346153846224
FOXL1,-0.003058461538461398
LTA,0.01137692307692315
SMIM21,0.02406961538461555
WDR70,0.007896153846153945
UGT2B28,0.010004038461538798
WFIKKN2,-0.009826923076923011
LCAT,-0.1397930769230769
CASR,-0.025153269230768802
CHST2,-0.01162153846153854
ADAMTS12,0.019618846153846167
LOC100996419,-0.14944211538461516
ADAD1,0.02661961538461544
ZNF732,-0.013070384615384378
BTN2A3P,-0.10466192307692251
ZNF343,0.0005901923076925738
NTN1,-0.025033076923076714
SLC6A9,0.009726538461538526
GCNT2,-0.0015859615384615279
PRKG1,-0.06964038461538442
TMPRSS11D,-0.06793134615384601
DNAH1,0.02324634615384618
C20orf166-AS1,-0.07003615384615365
ATP2A1,-0.12359192307692274
HIST1H2AI,-0.05565788461538432
INSL4,0.046264230769230974
EFNA4,-0.0008999999999998351
CCDC153,0.14453038461538487
LOC102724449,0.003448076923076971
LOC554174,-0.09061423076923056
LOC100128661,-0.046307115384614975
GMIP,0.20357346153846148
LDLRAP1,-0.06928538461538464
TAF4,-0.0771834615384612
LINC00271,-0.03432480769230741
C1QTNF9B-AS1,-0.06230019230769233
SPC25,-0.12153730769230746
IGDCC4,-0.00853576923076924
TMEM199,0.00908884615384652
DMRT1,-0.016300576923076886
ARHGEF9,0.060512115384615615
LOC100506860,-0.0071861538461535784
ARID5A,-0.023574230769230656
C3orf36,0.05169076923076926
SMR3B,-0.10425711538461524
LOC105375875,0.03393423076923094
LOC101927849,-0.010948653846153455
FNTB,0.004140192307692314
ANKRD20A11P,-0.005237884615384496
EXO5,0.04146730769230779
STK31,-0.0005882692307690379
LOC100133920,0.019132307692307948
ZNF671,0.07344865384615393
LOC101927657,0.013282884615384957
STMN2,0.056621923076923174
TSPAN17,0.038359038461538826
LOC729446,-0.017579038461538413
SP2-AS1,-0.0474886538461537
ZNRF2,-0.06880249999999975
GEMIN8,-0.11392230769230748
LHX6,0.03906596153846178
AGR3,-0.035108653846153755
LOC729776,0.09652423076923088
LINC00115,0.03902038461538473
GABBR2,0.0536723076923077
POM121,0.020319807692308154
FBXO25,0.001104230769230829
B4GALT6,0.02700038461538466
LOC107985971,-0.0788380769230768
USHBP1,0.07176019230769219
KCNE4,-0.04479038461538439
PCDHGC3,-0.21683403846153798
CCL23,-0.04450653846153833
TEX12,-0.029543076923076884
LINC01618,0.03794173076923082
FUT11,0.001202500000000263
GFI1,-0.00935788461538452
IFI30,0.019842115384615625
TRIM15,-0.032080576923076684
GGT7,0.151776346153846
CLCNKB///CLCNKA,0.09512269230769234
LOC646588,-0.017591923076922894
LINC00476,-0.19279538461538442
ORC6,0.02501846153846175
NTN3,-0.08557288461538434
CCDC61,-0.1677869230769228
EPB41L4A-AS2,0.040267115384615575
NDC1,0.009467692307692312
COL22A1,-0.07691576923076884
LINC00841,-0.08223730769230742
ESPN,-0.08749692307692285
KIAA1644,0.05724442307692324
DEPDC1-AS1,0.010171346153846296
CBX2,-0.04464730769230737
LOC648998,0.013655384615384868
MUC16,-0.008914615384615316
RBP5,-0.11597538461538456
LOC401442,-0.0004211538461534253
LINC00305,0.007843076923077015
PHKG2,-0.026415961538461364
KIZ-AS1,-0.05633461538461509
ASB15,0.010867692307692385
C18orf12,0.012786730769230863
CCDC157,-0.024156346153846157
BVES,-0.07063923076923045
GPR45,0.018918653846153915
STX19,-0.009112307692307503
TNN,-0.17994942307692283
PCCA,-0.04261461538461498
CAPZA3,-0.002837115384614878
GRIN3A,0.05411403846153872
REG4,-0.18005019230769204
TTC13,-0.35761673076923056
MOSPD3,0.11404884615384629
NEFM,-0.002985384615384407
GXYLT2,0.0738030769230771
TBCCD1,-0.009721153846153723
FCRLB,0.06000000000000026
MMP16,-0.03824365384615362
MYH16,-0.005595961538461176
AAR2,0.10019384615384634
JUP,0.10492173076923085
LINC00242,-0.07385846153846144
LDB1,-0.08527038461538437
AASDH,0.04330230769230788
LINC01504,-0.02582269230769192
USP21,-0.10747788461538439
AKIRIN2,-0.0032686538461537736
FAM117A,-0.003864999999999877
OR3A2,0.08947192307692314
INTS1,-0.06958230769230746
ZG16B,-0.03708365384615366
GZF1,0.09783423076923088
VSNL1,0.012524807692307701
SLC47A2,-0.14818346153846107
TCL6///TCL1B,-0.04867807692307692
LOC100131741,0.05484634615384638
NUDT1,-0.00017288461538440115
RASSF6,-0.02115115384615374
FOXP4,0.11996076923076941
CA1,0.0037613461538463437
YJEFN3,0.010420000000000058
TNFSF15,-0.008857499999999642
ERV3-1,-0.08431019230769211
RAD23BP1///RAD23B,-0.08883192307692281
NUDT10,0.11684788461538469
FAM189A1,0.053580192307692495
LOC283214,-0.11921980769230732
ZNF542P,0.01933557692307705
SMIM13,-0.06593192307692262
LINC00619,-0.011860384615384684
IGHV3-47,0.017424615384615667
PANK3,0.01988884615384648
ZNF548,0.019283076923077295
LINC01361,-0.042606153846153856
GRID1-AS1,-0.02138769230769213
SDE2,-0.0418571153846153
KRT18P44,-0.10296134615384606
THAP11,0.069052307692308
BEND7,0.02803192307692314
GLYCTK,-0.02027038461538456
DUSP15,0.05488173076923086
CACNB4,0.038105000000000055
LOC101927450,0.0020715384615384216
AIM1,-0.07298942307692279
METAP1D,-0.003107692307692119
GJA8,-0.13098211538461518
SLC6A2,-0.06197615384615374
FBXO32,0.03668134615384631
ZDHHC15,-0.009499038461538344
FAM83C,-0.062008653846153464
LOC100653233,-0.08593365384615366
ELF5,0.019096538461538772
NDRG4,0.023994230769231087
NEB,0.008763269230769234
ADSL,0.07708826923076939
LCT,0.04211500000000043
C9orf38,-0.004503461538461462
ZNF114,0.022971346153846266
THOP1,0.21795230769230775
AFG3L1P,-0.02802096153846118
LOC101927339,-0.023068653846153704
LOC100506403,-0.03898249999999979
LINC01425,-0.10332115384615348
LOC100133471///MED15P9,0.030554038461538542
ESRG,-0.06416519230769242
LOC101927809,0.17852980769230778
LOC100147773,0.003685961538461729
GNPDA1,-0.01059057692307688
FRMPD2B///FRMPD2,-0.1457228846153846
SCN8A,0.01584134615384622
LOC100507384,-0.17070249999999973
MAPT-AS1,0.0633263461538464
LINC01281,-0.11338115384615366
SZT2,0.008897307692307866
PALM2///AKAP2,0.11356480769230781
FAM178B,0.10211096153846161
KLK14,0.14328442307692318
BCAS3,0.19809442307692313
TLR10,-0.1775276923076922
HIST1H2AC,-0.07893711538461524
IRF9,0.049516538461538674
CORO1A,0.01614230769230802
LOC100131480,0.06511673076923108
LINC00358,-0.06384192307692285
LOC440864,-0.014989615384615032
SFMBT1,0.07590269230769253
PARP16,-0.029043076923076963
THAP10,0.07675865384615395
C20orf144,-0.2616253846153845
C11orf97,-0.05967692307692292
TOPORS-AS1,-0.03194153846153838
ARHGAP6,0.02648500000000012
LOC100130964,-0.07753576923076892
PHTF1,-0.003162307692307567
GALP,0.012825000000000142
DGCR6,-0.2648865384615381
PIP,-0.004403269230769037
PVT1,-0.05293538461538451
ZNF649,-0.004195576923076637
SIGLEC10,-0.013436730769230527
MAPK13,-0.12332442307692287
FHL3,0.02394538461538479
NAG18,-0.046544807692307656
CXCL10,-0.014621923076923013
ANO5,0.002459615384615729
DNASE2B,0.018356923076923274
CD3G,0.006804230769230985
TRIM67,0.06200000000000014
OR51E2,-0.10104653846153808
NAV2-AS4,-0.14198365384615377
THG1L,-0.003696346153845853
LOC728944///THAP4,0.09023769230769227
MAP3K14,0.1783307692307693
ABCG1,-0.03696461538461511
FAM221B,-0.33357326923076897
MLN,-0.42530499999999943
TBC1D31,-0.11694538461538442
LOC101928231,-0.02312346153846129
HTRA3,-0.010709807692307342
CDH6,-0.008539615384615265
GAL3ST1,-0.0025711538461536984
PCDHA2,0.0008390384615386779
MB,-0.07919923076923059
CRB1,-0.0074307692307690925
TBC1D7,-0.0023894230769230364
ZNF74,0.06245038461538483
ZIC3,-0.2205249999999997
CIB4,0.05721269230769247
IL12RB2,-0.10379788461538442
PPEF1,-0.05574634615384577
TFDP3,0.02964173076923093
MAP3K12,-0.003190961538461435
C1orf228,0.07834019230769237
FAM19A2,-0.043095769230769104
TRIM9,-0.03993749999999984
ST14,0.005219038461538592
ANKRD44-IT1,-0.005611923076922838
CDCA7,-0.06149615384615362
GLDC,-0.004196538461538192
PLD5,-0.021667115384615045
PNLIP///COL1A2,-0.06015307692307671
WBP2///UNC13A,-0.09310442307692272
ADGRA2,-0.10134788461538409
DSG4,0.014990961538461729
TREML4,-0.1114699999999999
DQX1,-0.08429769230769223
IQGAP2,-0.06490826923076899
ZNF33B,-0.1103892307692304
PCLO,-0.08889749999999967
ADGRB3,-0.029304423076922975
RAD51D,0.004308653846154218
USP30-AS1,-0.01949038461538449
RNF43,-0.02652999999999987
CDH9,-0.014016346153845921
SLC6A13,-0.14180980769230742
LOC553137,0.034217884615384775
CFHR5,-0.004385769230768933
TRIM55,-0.053353461538461544
LOC101929511,0.027378076923077095
C4orf45,-0.049579807692307444
NSFL1C,0.007891730769230951
C19orf66,0.00672134615384639
ANAPC15,0.15852115384615395
LOC101927967,-0.014575769230768967
LOC285043,-0.005306153846153506
TTC32,-0.07003826923076907
FAM196B,-0.1280038461538458
FHOD3///TPGS2,-0.016634807692307574
KLHDC7A,-0.17765038461538432
PDZD9,-0.09978192307692275
RPAP1,0.33517192307692295
SUSD2,0.06832692307692313
NLRP7,0.08643346153846149
GNAT3,-0.133933269230769
LOC730631,-0.06091807692307687
LOC100131039,0.13683057692307682
DAPK2,-0.25843019230769215
ZBTB34,-0.011979038461538246
LOC285181,0.013290769230769467
ACAP3,0.13927730769230764
LOC100131508,-0.10014115384615378
CLIC1P1,0.001995576923077126
SERINC2///SEL1L3,-0.02934076923076887
PRKX,-0.05105230769230743
LOC101928767,0.01026230769230767
CLDN20,0.0291653846153849
LOC100128398,-0.0943103846153844
PCDHA1///PCDHA2///PCDHA3///PCDHA4///PCDHA5///PCDHA6///PCDHA7///PCDHA8///PCDHA10///PCDHA11///PCDHA12///PCDHA13///PCDHAC1///PCDHAC2///PCDHA9,-0.028674999999999656
LOC339803,0.24848942307692326
TMEM120A,-0.03250384615384593
Dbpht2,0.029893846153846312
LOC285422,0.009671923076923277
CCL1,-0.058596923076922776
LOC100129624,-0.0002975000000000394
WTIP,-0.07881423076923041
PML,0.042949423076923225
CD79B,-0.05511461538461511
FBXO27,-0.06979884615384588
TOMM34,-0.02955807692307675
LOC153546,-0.09010923076923054
JAM3,-0.00882173076923052
CPXCR1,-0.03315403846153827
POLQ,-0.0444128846153845
LOC286272,-0.015001923076922748
MRVI1,0.0030067307692310343
ZNF354B,0.11701788461538484
LOC101928306,-0.009016538461538395
USH2A,-0.0660001923076921
WDR92,0.002392884615384668
LOC101929269,-0.02032788461538449
NMNAT1,0.03793692307692319
KLLN,-0.02606250000000013
COQ9,0.22000307692307705
LENG1,-0.2717332692307689
LOC105376100,-0.09953076923076899
ITPK1-AS1,-0.02882153846153835
KSR1,0.014954423076923228
ETV2,0.03498884615384625
AGO3,-0.0765998076923077
LOC284112,0.17994365384615396
LOC105379045,0.012819615384615787
LOC727961,0.05420500000000022
GP2,0.022490961538461782
ARHGAP36,0.03869173076923077
SPINK2,0.0020492307692308274
MAGI2-AS2,-0.006245384615384425
C10orf113,-0.004468461538461453
SLC34A2,-0.04078961538461527
MPP4,0.027614038461538426
FNBP1L,0.0043842307692308425
BCL11A,0.07655673076923085
ZRANB3,-0.026942307692307606
RILPL2,0.011004615384615642
JDP2,-0.019213461538461336
LINC00494,0.05063269230769259
CLEC1A,-0.14449480769230766
FOXM1,-0.005260576923076737
PSMB8,0.02903153846153871
SUPV3L1,-0.00925692307692286
MRRF,-0.05052865384615358
HTR1E,-0.1245101923076925
TPTE,0.06612711538461549
PBX2,0.10765230769230792
SULT1C4,0.03092538461538505
RHPN2,-0.04142634615384606
SLC30A2,-0.2468699999999997
LOC142937,-0.10753865384615362
DNAH11,-0.0026763461538459694
SCN11A,-0.011879230769230519
WISP1,-0.041121730769230695
FAM229B,0.07549269230769237
LOC100133583///HLA-DQB1,-0.1774567307692305
ZDHHC14,0.056739423076923236
MYCNOS,-0.08733596153846136
ACTL10,-0.09655807692307684
ELP5,0.0023528846153847427
DLGAP2-AS1,-0.003998076923076811
SMOX,0.2064403846153846
PTPRZ1,-0.01826884615384597
NEUROD6,0.08646480769230781
FMO1,-0.1380484615384614
IL12A-AS1,-0.10085634615384573
LOC105375483,-0.11886038461538467
ACKR2,0.004605384615384758
HBG2///HBG1,0.008672499999999904
TACR2,0.01491653846153892
NOSTRIN,0.03208000000000006
ARHGAP10,0.001794807692307795
GP5,0.04477942307692343
RALY-AS1,-0.09601384615384603
HAND2-AS1,-0.06744615384615375
BRCA2,-0.015162692307692157
MAP6,0.02352153846153853
RP1,-0.00823884615384613
EPPIN,-0.0013838461538460045
PDE8B,-0.03795596153846118
ANXA6,-0.013603269230769087
LINC00935,-0.0067805769230766515
LINC00563,-0.012769999999999922
ADCY10P1,-0.09105153846153813
TMEM247,0.012056923076923208
CCDC77,-0.16766730769230767
CD86,-0.01064480769230755
SIX2,-0.10742903846153828
SULT1C2,-0.15350057692307673
TMEM255B,0.06737500000000014
SLC25A22,0.07611807692307712
CBR3,0.02940980769230778
CNGB1,-0.0062684615384614156
LOC101928161,-0.0520761538461537
ZNF420,-0.006976923076922883
OR1J2,0.032980576923077064
MTFMT,-0.0009811538461537688
DAAM2,-0.005511923076922777
RASGEF1B,-0.02818846153846114
CHGB,-0.013143653846153635
ATPAF2,0.0018534615384617086
KL,-0.13035134615384578
MS4A3,-0.025989999999999784
FKBP1C///FKBP1A,-0.03610076923076917
SLC6A20,-0.017655769230769145
CERS3,-0.0010123076923075323
MRPL28,0.027280769230769348
CD33,-0.01287096153846126
FIGLA,-0.32354442307692277
NAA30,-0.06405788461538443
MDP1,-0.12258884615384591
SIGLEC1,-0.08417980769230742
PSG5,-0.010521923076922877
TDH,0.01789884615384618
WNT7B,-0.09589461538461515
SV2A,-0.24150269230769195
LOC340107,-0.006423461538461105
ZCCHC12,-0.2582163461538457
CIZ1,0.021311153846154042
RTEL1,0.004584615384615566
ARHGAP19,-0.17123269230769175
SAYSD1,0.02887307692307702
LOC101927286,-0.08729615384615355
C16orf46,-0.11960403846153804
ST6GALNAC1,-0.14552999999999974
SCRT1,-0.024683076923076978
MEF2C,-0.06860192307692307
ZNF256,-0.015147884615384608
BEND4,-0.1274709615384612
UBOX5,-0.10120980769230746
ZNF480,0.0127325000000003
LOC100133585///RABEP2,0.06991788461538483
LOC101927502,-0.024960961538461234
PHBP19,-0.060478653846153786
CAV3,-0.11517500000000003
RCC2,-0.07016249999999968
SLC26A9,0.07249173076923104
BTK,-0.0046382692307691065
CLSTN2-AS1,-0.06725365384615382
PTPRN2,-0.08472403846153817
PILRB,-0.002058269230769018
TMEM51,0.015280384615384758
GRAMD2,-0.015160192307692328
LEO1,-0.02361461538461535
LOC105377938,-0.02123019230769218
PSMB8-AS1///TAP1,0.025470576923077054
ZNF717,-0.026762692307692088
NOL4,-0.012650192307692184
RAI2,0.018237692307692566
GK2,0.03573923076923068
GATA6,0.003996538461538611
KIAA0319,-0.05642326923076898
FLJ10232,-0.4213574999999993
LOC101927244,-0.06298134615384592
GREM2,-0.006116730769230675
LOC100131813,0.007215769230769615
PLXNB1,-0.012879999999999897
LAX1,0.013545192307692524
DDX10P2///DDX10,0.0016053846153848779
PLXNB3,0.03186019230769242
TRPM6,-0.03758634615384595
HAGHL,0.174090576923077
MZB1,0.010172307692307996
LINC01296///DUXAP10,0.03940519230769239
LOC105369860,-0.04796730769230753
LOC101928107,0.0949209615384615
ISM2,-0.06027038461538435
PHKA1,-0.010467692307692041
GRIK1-AS1,0.005645576923077016
LOC100131139///LINC01296,-0.005029230769230554
LOC100129038,-0.2205876923076921
PASK,-0.0997065384615383
ITGB2,0.07338903846153866
CDCP1,0.08479480769230767
FBXL15,0.026242115384615308
EID2B,-0.02993865384615362
LOC105378828,0.010554230769230956
N4BP3,-0.0703449999999998
SLC25A40,-0.017429615384615117
GOLGA2P3Y///GOLGA2P2Y,-0.007505576923076858
GSTT2B///GSTT2,0.22573615384615384
TRIM58,-0.00026961538461528435
P3H3,0.0008490384615385941
ZSCAN4,-0.015593076923076843
NCR1,0.007071346153846548
LOC731852,-0.034482115384615084
TBX4,-0.004219807692307514
SERHL2///SERHL,-0.03769269230769217
ACSS1,-0.026298461538461375
CCDC173,-0.006166538461538224
FAM124B,0.023138653846153986
OR5L2,0.07008596153846194
TMPRSS3,-0.0051934615384611835
EPHA6,-0.15339134615384595
MAOA,0.007173846153846412
CEP19,-0.012901153846153816
PDZD3,-0.027740769230768975
CAMP,5.384615384648031e-05
GDA,0.07523115384615404
CCDC38,-0.05041249999999971
USP35,0.0958525000000002
SCTR,-0.02226365384615361
CCDC18,-0.04239442307692279
DKFZP434C153,0.08478269230769266
TIMM23,0.011154423076923119
FDXR,0.2392501923076925
GPR20,-0.036491923076922804
GALNT12,-0.016764038461538375
DAPK1-IT1,-0.005351730769230548
IQCH-AS1,0.03941788461538466
ZBED8,0.026938461538461755
CCDC28B,0.0069707692307693775
LOC101928907,0.019529423076923246
LOC100130468,-0.00239538461538448
MIR3663HG,-0.16477365384615383
KIAA1324L,-0.01642538461538439
OK/SW-CL.58,-0.09254403846153836
MMP19,0.009414038461538654
ZC3H6,-0.05056846153846137
COMMD1,-0.001170384615384333
LOC284561,0.0022273076923077922
TMEM41A,-0.015554807692307496
HECW1-IT1,0.005011538461538684
LOC157273,-0.021305576923076705
GC,0.008866153846154018
ZNF598,0.06269865384615395
TAS2R3,-0.42602769230769205
FAM228A///FAM228B,0.007910000000000094
DENND2D,0.025056730769231112
DKFZp547J222,-0.04615903846153813
CYP2D6,-0.1514867307692306
CD79A,0.039418846153846464
TICAM2///TMED7,0.0002942307692310135
DLAT,-0.04451865384615362
UMOD,0.143602307692308
PRPH2,0.1550882692307693
DDX4,-0.023833846153845997
PLLP,-0.004562692307691994
TRANK1,-0.10023961538461519
GNAZ,-0.014531923076922845
FAM155A-IT1,-0.0243517307692307
B3GALT5-AS1,0.1361784615384617
DOK3,-0.02679519230769206
LOC101927257,-0.1176878846153845
APBB1,-0.014009999999999726
PDE6A,-0.32450846153846125
FCRL2,-0.07835749999999966
FLJ30719,0.018045576923077362
XPO4,0.02939576923076933
CYP4F3,0.048376538461538686
LOC100130778,-0.09090538461538444
NICN1,0.14667269230769242
LOC100131496,0.010547307692308088
LOC101928553,-0.006329038461538285
LY86-AS1,-0.018146730769230485
LINC01252,0.01858384615384634
ZNF746,-0.03165807692307682
TAP2,-0.008615961538461503
IFT140,-0.05251384615384589
LOC100049716,-0.01025134615384611
MREG,-0.1533759615384613
ZFAND2A,0.04149653846153879
SH3GLB2,0.1182240384615385
GDPD2,-0.20006903846153803
EGR4,-0.18035365384615354
ELMOD3,0.05484557692307706
MYOM2,0.13713423076923087
RFX1,0.03110769230769245
ENAM,-0.15967442307692256
LOC100506530,0.01754326923076955
SLC22A15,-0.0006201923076922663
EPHX4,-0.011834807692307506
IL13RA2,-0.3118153846153843
TUBA4B,-0.036608461538461395
SWI5,-0.004918076923076606
SPACA9,-0.02709846153846134
LOC101929552,0.08599211538461556
ANKRD23,0.023453269230769114
HIST1H1E,-0.009959615384615195
SNTG2,-0.09510480769230734
AGBL1,-0.07724326923076907
MAGI3,-0.06392192307692261
MIR3681HG,-0.003934807692307578
C14orf80,-0.0181749999999998
LOC728904,-0.036653653846153704
EHF,0.01752038461538487
LOC283665,-0.032649807692307534
SHOX2,0.19922596153846167
AMER3,0.016159615384615494
NLRX1,0.3098382692307694
KIAA1661,-0.0661215384615383
HRASLS5,0.01812307692307713
CA14,0.16855192307692335
ETHE1,0.0266519230769231
C1QTNF5///MFRP,0.03042634615384628
CARS2///ING1,0.024563076923077125
S100A5,-0.12080096153846145
ELAVL2,-0.03298173076923069
LOC646522,0.005285576923077142
LINC01260,-0.02158807692307662
UNC5D,0.05820326923076939
DRICH1,-0.06709384615384602
DHX30,0.08460403846153845
TNRC18,0.027808076923076897
FREM3,0.012533461538461554
LOC100506071,-0.055364999999999984
C10orf91,-0.019628653846153695
CIB3,0.04554576923076928
AP2A2,0.06694057692307709
LGALS3BP,-0.012939038461538238
PKD2L1,-0.08002615384615365
RAB3A,0.18737192307692327
GRAP2,0.13423326923076925
ZNF155,-0.005010384615384417
SLC35E4,-0.003728461538461436
DNAAF1,0.07385423076923082
EXD1,-0.14726442307692275
FGD5,-0.005328269230769028
FBXL20,0.010617500000000146
LRP2BP,0.3131444230769231
LRRK1,0.04180673076923077
PURG,-0.0451180769230769
SEMA4F,-0.2935244230769229
DBIL5P2,0.026238076923077103
LMTK2,-0.004030961538461479
GPC4,-0.030845384615384323
LHX3,-0.017632115384615094
DRAIC,-0.048555192307692
LOC100130357,-0.09226211538461514
LOC101929705,-0.005246153846153799
OLFML2A,-0.004258076923076814
SLC2A2,-0.04458192307692301
PARTICL,-0.023607884615384284
IFNA13///IFNA1,-0.33681057692307653
CHKA,-0.04913788461538445
B9D1,0.12106480769230796
RASGRP4,0.027073076923077182
FMO6P,-0.09805730769230737
ZWINT,-0.047201153846153636
FAM9A,-0.017101923076922754
PPP1R16B,-0.03169403846153808
DSCAML1,0.030570961538461658
C10orf12,0.0015390384615385764
PLK4,-0.032289423076923
TEKT3,0.04643500000000017
TEAD1,-0.028003846153845706
C1orf53,-0.02792923076923056
LOC101928978,-0.04211730769230749
CCDC94,0.1665088461538462
SPAG1,0.09169730769230787
IL21R,0.006626346153846447
ZNF2,-0.03449269230769216
XPC,-0.16371442307692277
MCEE,-0.0033536538461537463
PLIN1,0.02175576923076968
RCE1,-0.009494999999999849
RNF31///IRF9,0.01599961538461564
LOC100130264,-0.05879192307692281
TNFSF13,0.012436923076923153
LINC01049,-0.118935192307692
LOC101927516,-0.0349832692307689
KBTBD11,0.01597807692307726
ETNPPL,-0.015326923076922943
LYPD8,-0.05009057692307652
POU3F3,0.005882307692307778
CDKN2B-AS1,-0.0034326923076920374
GZMB,-0.09864480769230759
LINC00592,0.009097500000000133
LINC01607,0.020914807692308024
VANGL1,-0.01571384615384599
OR2H2,0.015598269230769388
TESK2,-0.11612326923076889
PRIMPOL,0.06737480769230779
ZNF276,0.10049019230769253
TRIM27,-0.022029615384615318
CEP85,0.0695448076923079
KBTBD12,0.11532519230769248
LOC101926967,0.04784480769230803
LINC01102,-0.019565384615384394
PRAMEF10,-0.13362326923076887
ESRP1,-0.02492403846153817
MAU2,0.0362550000000003
MCM10,0.00156500000000009
SMNP,-0.10614403846153815
TP53INP1,0.020631346153846274
BTN3A2///BTN3A3,0.06265557692307715
PTGDR2,0.0808488461538463
C1orf64,0.01977038461538467
ABTB2,0.22550980769230775
KCNJ2-AS1,0.0259884615384616
DNM1P33,-0.0015192307692306272
LOC387826,0.12898403846153852
INTS6L,-0.18594846153846117
LINC01537,-0.01644519230769214
SLC10A4,-0.03942423076923045
ZNF208,0.0117142307692308
SBK1,-0.042595961538461215
C11orf42,0.04073326923076927
CXCL3,0.00915942307692323
TRBV27,-0.14968903846153847
NINL,-0.03551615384615356
SULT1A2,0.04544788461538453
NDUFV2-AS1,0.07130365384615393
NACC1,0.028703846153846073
LOC727893///PDE4DIP,-0.003579038461538252
TRPV1,-0.0022263461538458477
FAM83D,-0.09893634615384604
KCNH8,-0.024306730769230653
TLX1,0.01524942307692323
GUSBP2,-0.041004615384615216
GMDS-AS1,0.009384807692307762
OSMR,0.031076923076923252
LINC01616,0.05626211538461579
LACRT,-0.020511923076922827
LINC00667,-0.022863076923076712
AKNA,0.0033586538461539365
GCSAML-AS1,0.022445769230769557
DMAP1,0.009317692307692402
ANOS1,-0.152561346153846
ODF4,0.051002692307692346
FAM43A,0.30671019230769236
GRM3,0.010635000000000144
POC5,0.02110115384615411
UNKL,-0.025011730769230585
CCDC102A,0.019621153846153844
RNF157,0.010843269230769535
LOC440792,0.053355576923077054
RIBC1,0.03678788461538479
FUT10,-0.06122230769230761
FCAR,0.015758076923077242
FAM160A1,-0.05772384615384588
NLGN4Y,-0.08522038461538435
AQP9,-0.09160076923076894
LOC101930421,-0.018511730769230662
APC2,-0.12481576923076883
C18orf8///NPC1,-0.06380596153846138
RNF133,-0.09947538461538435
PXMP4,0.14299500000000015
CYP2A7P1,-0.07740903846153839
XXYLT1,0.0336388461538464
LOC285766,-0.042331923076922885
GSPT2,0.049587500000000125
NLE1,0.045830000000000176
GRHL2,-0.013740961538461419
PKP2,-0.003998846153845997
TVP23C,-0.07512307692307689
NME3,0.13804307692307702
KIAA1468,-0.13234673076923043
PPP1R2P9,-0.033902115384615114
FAM69A,-0.04506865384615367
ZNF157,0.05934096153846177
CYP2W1,9.615384616150998e-07
CACNG5,-0.028161346153845936
LINGO2,-0.018628653846153684
ARHGAP9,0.017535384615384886
RFX5,-0.024303653846153715
LOC100126784,0.09269076923076948
NIPAL4,0.060867884615384824
WWC1,-0.007747115384615111
NBPF6,-0.05672153846153832
KCNIP1,0.03672057692307715
MED22,0.003463653846154085
THEMIS,0.0003173076923079494
ELL3,-0.12410307692307672
STAB2,-0.004814423076922881
SRD5A1,-0.10711403846153822
FGF20,-0.06889096153846118
FANCC,-0.03752826923076892
SIMC1///LOC202181,0.04098730769230799
IGHM///IGHG1///IGHA1,-0.07741538461538439
ACSM1,0.1261396153846157
LINC00261,-0.021177499999999735
GATA6-AS1///LOC728473,-0.5163407692307689
SCLY,0.4827782692307691
RPP25L,0.166352307692308
FGL1,-0.0052367307692306134
NR4A3,-0.05864365384615342
SPECC1,0.015253269230769192
DPYS,-0.03125711538461505
BVES-AS1,-0.12865384615384617
ABHD4,0.07233942307692307
CYP1B1-AS1,0.013195000000000165
CNNM4,0.02414038461538467
CHRNA3,-0.10315596153846142
RFPL1S///RFPL3S,0.05129826923076952
S100P,-0.0071088461538459154
CRHBP,-0.09368999999999984
TRAF5,0.07081269230769231
EYA3,0.1008363461538462
UCN2,0.13575057692307718
EIF1B-AS1,0.013205576923077117
FBXO36,-0.005696346153845715
OLAH,0.001788269230769595
EFHD2,-0.11168365384615345
C17orf78,-0.005600769230769092
ZNF561-AS1,-0.07592634615384576
CNBD1,-0.05384980769230743
KATNAL2,-0.03502442307692282
KCNV2,-0.02919153846153828
NOB1,0.004079807692307986
SBDSP1,0.013338076923077095
LOC100128612///FLJ12547,-0.035227307692307405
VWA8-AS1,0.0049544230769234705
SLC39A11,0.1631221153846155
LOC401463,-0.051220961538461375
EPC1,-0.00492999999999959
ALDH8A1,-0.05850596153846121
KRT17,0.10805653846153858
LINC00410,0.05420192307692319
MYO5C,0.12272307692307696
DAPK1,0.007241538461538737
SERP2,-0.01088673076923057
C10orf88,-0.06121019230769222
CBR3-AS1,0.037349230769230954
LRRC7,0.028171538461538807
ZNF702P,-0.0221978846153843
PDYN,0.01887692307692322
NAALADL2-AS3,-0.14441038461538455
LOC100421171,0.01670769230769259
XCR1,0.0010696153846157061
MTCL1,-0.009036923076923048
ADGRB1,-0.059470192307692134
LGALS14,-0.14145192307692286
ARNT2,-0.004068846153846042
LINC01314,-0.06599749999999986
LOC100126582///FGF7P3///LOC403323///FGF7P6,0.018701730769231113
LINC01204,-0.01594269230769193
PROSER2-AS1,0.007148846153846462
LINC00514,0.10753384615384627
AQP2,0.026119423076923456
PHOX2A,0.08617903846153849
CADM4,0.006218269230769326
LOC100506470,0.1418336538461538
PDRG1,0.03116230769230811
HIST1H2BJ,-0.008915384615384526
HR44,-0.03528442307692287
HIRIP3,-0.13338865384615353
C19orf33,0.016709038461538712
NUP210P1,0.01036596153846165
MAGEA8,0.008668461538461666
DNAH12,-0.07323884615384584
LOC100133811///LOC100133661///LOC100133484///ECRP///ZNF749///RNASE2///HLA-DRB5///HLA-DRB4///HLA-DRB3///HLA-DRB2///HLA-DRB1,0.01558038461538487
RERGL,-0.025574230769230693
WSCD2,0.030420769230769338
DNAH10,0.0602198076923077
C10orf82,-0.003976538461538182
FOXF2,0.010272884615384718
TRIM52-AS1,0.1242107692307693
TRERF1,0.0041242307692309806
LOC339468,-0.10820884615384609
TPRG1,-0.036907692307692114
HOXA6,0.012824615384615707
L3MBTL4,0.003355000000000091
HORMAD2,0.10908096153846182
GNG13,-0.055391538461538097
HCG4,-0.12143884615384602
ASB2,-0.022372692307692114
SYN1,-0.09462653846153836
CLIC6,0.004181923076923416
TAC1,-0.18761730769230736
EXOC3L4,0.033351923076923314
LOC101929745,-0.123683269230769
LRRC63,-0.0634019230769228
HLA-G,-0.017672692307691803
LOC401433///NUB1,-0.42223096153846107
DOCK2,0.11167942307692338
LOC100133953///ADCY2,0.012423076923077144
UTS2,-0.023215769230768943
FZR1,0.2029759615384616
LOC93463,0.04906230769230767
LOC652494///IGHV4-31///IGHM///IGHG3///IGHG2///IGHG1///IGHA2///IGHA1///IGH,-0.005253461538461331
TRIM68,0.08943942307692326
LIN28B,-0.0052749999999998146
GRM7,-0.12440596153846144
NUTM2B-AS1///NUTM2A-AS1,0.013972884615384908
LOC101928333,-0.0053126923076921625
ATP8B5P,-0.09110538461538431
SERPINB11,0.06905500000000027
LOC100134445,0.06744192307692326
LOC400620,-0.016612884615384595
ISM1-AS1,-0.023819230769230565
KIF20A,-0.009254423076922893
CEACAM5,-0.01698846153846145
MAP3K9,-0.1343176923076922
LOC151878,-0.0026669230769229297
KDM5C,0.11445307692307713
ACTRT3,-0.00015461538461496822
ODAM,0.021505961538461876
PLEKHM3,-0.01024038461538425
RARRES2,0.10875961538461536
CXorf51A,-0.021444230769230518
TMEM151B///SPATS1,-0.0020876923076923043
RBM45,0.03594346153846173
SYNE4,-0.013974230769230633
SPATA32,-0.007839615384615053
PLEKHA4,0.016209615384615385
C15orf32,-0.03892846153846115
LOC1720,-0.3018463461538458
LOC285957,-0.010472499999999644
CFAP52,0.07294519230769242
REPS2,0.005295961538461864
MSANTD4,0.04004192307692324
LRRC66,0.0181809615384617
LOC105379362,-0.010135384615384546
LRP1B,-0.05205980769230744
DHDH,0.032713653846154093
ADGRE3,0.0012480769230770812
PNLIPRP1,-0.21988153846153824
LURAP1L,-0.1516751923076922
UPK2,-0.009958461538461291
TUBG2,-0.023178076923076756
COL28A1,-0.11721807692307669
DIRC3,0.014771538461538596
ZNF491,-0.08945153846153818
SEC23B,-0.005152307692307353
LRP5L,-0.1384217307692306
ARHGDIG,0.0037624999999999456
GABRG3-AS1,0.037084038461538966
LOC100128259///LOC346887,0.03589615384615421
S1PR2,-0.026571923076922827
IL1F10,-0.0213776923076921
IFNA10,-0.11655403846153821
SLC22A4,-0.00816730769230756
DGKH,-0.012269999999999852
C1orf101,-0.07887307692307668
TTTY9B///TTTY9A,-0.029641153846153893
LOC728475,-0.009261923076922644
ADGRG3,-0.008050769230768993
METTL2B,-0.28001615384615364
MAP3K19,0.0031080769230770943
KIFAP3,-0.06239615384615372
FANCD2OS,-0.04555826923076904
CSMD3,0.052397884615384874
GALNTL5,-0.010079999999999851
MLIP,-0.1423617307692306
ZNF527,-0.03780846153846136
IYD,0.013040961538461699
NFS1,0.055940769230769405
OLFML1,0.07829923076923084
KBTBD4,-0.030676923076922637
EFCAB8,-0.05600249999999984
PTP4A3,-0.04117288461538422
TTTY6,0.004088461538461544
S100A14,-0.014021153846153456
RANBP3L,-0.03774480769230727
LINC00310,0.0010334615384615634
PAN3-AS1,-0.031248076923076785
ARSF,-0.06384692307692282
LINC00644,0.014461538461538508
APOC4///APOC2,-0.09728480769230757
TUBGCP6,-0.10205499999999984
TMEM27,-0.02803903846153822
LOC101929504,-0.23295596153846135
ZNF519,0.041151730769231114
SMG7,0.0747469230769233
TFEB,-0.03259788461538433
LINC01440,-0.03189269230769226
LOC100506274,-0.0630565384615382
LRBA,-0.013872499999999954
ECE2,-0.18692788461538443
LY86,0.006247115384615575
APOBR,0.07306326923076945
SPAG6,-0.11248942307692279
POU2F2,-0.1532938461538459
SLAMF1,-0.04926403846153829
PRPF19,0.03824807692307694
HDDC3,0.008645576923077058
SLCO1A2,-0.019218846153846184
DBN1,0.22519153846153858
SNX31,-0.06276134615384611
GHRLOS,0.0036115384615386364
TRBV7-8,-0.056234807692307806
SNORA17B,-0.07093134615384607
LY75,-0.04225980769230749
LINC00839,0.015150384615384933
FZD10,-0.013114807692307601
STK10,0.006814423076923312
PRKAB1,0.1331263461538463
SLC16A6,0.014729423076923095
SOX12,-0.015536346153845991
TLR5,0.0003671153846154945
ANKRD33,-0.0769798076923075
LOC730168,-0.1139536538461534
ZNF572,0.14832673076923092
TUBA3FP,-0.019909807692307588
INA,-0.09625711538461507
TPX2,-0.21242115384615362
LOC105374290,0.005115000000000067
PLPP7,0.07633057692307695
DEPDC5,0.09355038461538479
LOC646241,-0.020223846153845933
LINC00587,-0.004009038461538171
TUB,0.07170211538461566
LRRTM2,0.029059615384615507
LOC101929488,-0.14506038461538434
GBGT1,0.025807307692307914
CCDC122,-0.21856826923076886
R3HCC1L,0.09590730769230783
IP6K2,0.04923769230769241
LOC100505878,-0.02645538461538427
CSF3R,-0.24431615384615382
IL17RC,0.08670576923076934
LRRTM1,0.17186846153846155
L3MBTL1,-0.00846499999999982
IQCD,-0.05849596153846129
BRSK1,0.04828019230769223
IL23A,0.035823846153846275
ANXA13,0.03786096153846187
LOC105371703,0.02003115384615398
SIGLEC17P,-0.1261569230769228
CCDC117,-0.004801923076923107
GIT2,-0.002858076923076622
CATIP-AS1,-0.2974730769230767
EVC2,0.03565019230769236
GPR6,-0.09209730769230744
CTLA4,-0.009161538461538186
GATB,-0.09162576923076918
CDH26,0.2526763461538463
DARS2,-0.016158653846153503
LOC102724708,-0.04155673076923066
LOC643733,0.0164276923076924
MYADM,0.0504886538461539
DHRS7B,-0.004555961538461478
SV2B,0.021988461538461634
MGC57346,-0.1687140384615381
RASGRF1,-0.02416961538461507
ZNF584,-0.026026346153845994
GJB6,-0.0024528846153844246
LCN2,0.000733461538461764
CIITA,0.023451923076923186
FXYD2,0.00024000000000006598
LOC100134331///IGHM///IGHG1///IGHA2///IGHA1///IGH,-0.07299692307692288
CMTM3,-0.09821749999999971
SZRD1,0.027177307692307872
LOC643406///LINC00654,-0.0423946153846151
C5orf51,-0.0017809615384615234
SNCG,0.01772692307692337
APCDD1,-0.07222846153846113
RADIL,-0.04607480769230742
FAM209A,-0.0024515384615381905
P2RX6,-0.02528499999999992
DUSP9,0.08567865384615402
IGHV4-31///IGHM///IGHG3///IGHG1///IGHA1,0.022497692307692475
NARFL,-0.039529038461538435
FAM66D,-0.13112557692307691
ASB4,-0.018929423076922875
SLC7A14,-0.14164192307692305
LOC727924///OR4N4,0.019591730769230948
FAM120B,0.009927884615384613
PPP3R2,-0.09351038461538437
RPTN,-0.03406596153846129
TRAF4,0.051355384615384685
TIRAP,-0.026338653846153668
FAM66C,-0.000655576923076782
DNAJB8-AS1,-0.017135576923076715
OR2F1,0.06113211538461529
LOC100131914,-0.02694461538461531
LOC101930105,-0.019830576923076725
KCNIP3,-0.13339403846153836
CT83,-0.008413846153845963
NBR2,-0.017568461538461214
IGLJ3,-0.0027323076923075245
PTENP1,-0.09054903846153833
C15orf52,0.014439230769230989
POU5F2,-0.05348519230769193
TOM1,0.22314634615384626
KRTAP9-8,0.0052338461538463405
DEFB124,-0.019696923076922924
LOC101929586,-0.03330423076923052
LOC101059948,-0.03565865384615364
CCDC27,0.03072769230769246
PRSS27,-0.07051999999999972
RRAS,0.09259653846153869
SLC25A3P1,-0.009014615384615303
C22orf31,-0.0028419230769228844
ASZ1,-0.026054038461538337
MAMDC2-AS1,-0.20100730769230735
NUF2,-0.019230576923076545
FAM167A,-0.08045865384615362
AURKA,-0.0009757692307690532
STBD1,0.020539230769231073
CX3CR1,-0.03576653846153826
KCNK15,0.5333082692307692
PGS1,-0.12558711538461495
C1QA,0.055117692307692534
EPCAM,-0.11244865384615381
LOC105373942,-0.059358076923076646
RS1,-0.007823653846153494
ZMAT4,0.009499423076923193
DPCD,0.029591923076923196
FAM50B,-0.04383096153846136
LOC100507201,0.012311153846153961
LINC01500,-0.02845115384615363
HAVCR1P1,-0.032204615384615366
INPP5J,-0.018255000000000014
HILS1,0.0073365384615386164
ARAP3,0.06989557692307724
LINC00557,-0.04853903846153843
ST6GALNAC3,-0.034113461538461384
CAND1.11,0.023746346153846316
ACPP,0.19113442307692333
LIAS,0.030214615384615305
HORMAD1,-0.17562038461538432
CMTM2,-0.057670384615384374
TRBV25-1,0.008195769230769354
LOC286154,0.02315076923076923
ITGA2,-0.024491153846153604
CHEK1,0.01489250000000035
CARD8-AS1,0.004184807692307839
LINC01619,-0.05920865384615354
TDRD9,0.013224038461538537
DSG3,0.07645173076923087
LOC283485,0.025526538461538614
LOC401176,-0.02756711538461526
HAGLR,-0.034999423076922644
LOC728613///RGS8,-0.108209423076923
LYPD6,-0.03806711538461523
HOXA3,-0.023395384615384297
KRTAP4-3,-0.024114230769230537
B3GNT3,0.05236634615384639
DLGAP1-AS3,0.015012307692308014
ZNF470,-0.019344615384615082
PTCRA,0.19961076923076926
C6orf15,-0.003954230769230596
LOC101929963,0.0017530769230771725
C2orf71,-0.119703269230769
MAN2C1,0.11595711538461553
KCNQ1DN,0.009410769230769373
LOC100133623///LOC649970///CKMT1A///CKMT1B,0.007502692307692524
FAM184A,0.014002307692307927
PTPRN,0.07382461538461567
DCC,-0.2867396153846151
LOC100507073,-0.07229596153846152
F11-AS1,-0.03416192307692281
MAST2,0.044076538461538535
LOC100134695///LOC100132964///LOC100132080,-0.03246019230769201
SIN3B,0.04870519230769242
RBM14,0.03664153846153875
SNX8,0.04610634615384633
TTC22,0.053090192307692304
LRTM1,-0.026775769230769207
LINC01107,-0.12343057692307662
GABRA1,-0.055104038461538246
LOC647323,0.006826923076923444
LOC101928386,-0.06238192307692262
OBP2A///OBP2B,0.04966096153846154
FICD,0.16555173076923074
LOC100129282,0.029136346153846453
FGF23,-0.1594192307692305
LOC101929977,0.07572153846153869
WISP2,0.20382192307692312
WDR27,0.12111057692307699
VEGFC,-0.01095903846153834
TMEM119,-0.01825711538461507
BTBD9,0.06150538461538481
RPA4,-0.024188653846153648
TTTY11,-0.08709807692307646
NR2E1,0.022115384615384745
A2ML1,-0.0006863461538459464
CRIPAK,0.02157865384615398
FIG4,0.12389134615384652
MCM5,0.12000961538461533
IGFBP7-AS1,-0.005277115384615336
LINC00910,0.021586538461538688
GAN,0.022137115384615456
LDB3,0.1579244230769233
LOC400796,-0.020076346153845858
ELF3,0.022965192307692565
NHEG1,0.039797307692307764
PTOV1,0.008196346153846405
SSBP3,-0.00932788461538442
ST8SIA5,-0.026320192307691965
LINC00867,-0.1121630769230769
WDR5B,0.04667192307692303
CKS2,0.00039673076923089055
NRGN,-0.004740769230769061
SPATA25,0.10676403846153874
TBC1D24,0.0011188461538463338
LOC101929450,-0.029223846153845916
C3orf53,-0.108502115384615
LOC101929288,0.035802115384615564
SEC16A,-0.02332365384615381
TIMM17B,-0.0588201923076922
PRKCD,-0.008574038461538319
SPEF2,0.021492884615384594
ARHGAP23,-0.012366730769230526
TRAPPC1,0.04077057692307701
USP30,-0.01241942307692304
INF2,0.006663461538461771
YPEL1,-0.0039903846153845155
NDOR1,0.16322038461538466
ENPP3,0.04733576923076933
LINC00672,0.23829307692307697
NOG,0.08812769230769239
DDC-AS1,0.011150961538461554
HRH4,0.02867730769230794
FAM47A,-0.004885576923076471
COL4A5,0.10940769230769243
CXCL1,-0.0019251923076919447
LOC101927901,0.007573846153846338
MRPL14,-0.004028461538461363
LOC101929073,-0.07128480769230738
COQ6,0.03910173076923091
CCDC65,-0.02747288461538451
LOC101927204,-0.054610961538461344
TLR3,0.062035961538461644
TEAD2,-0.2817234615384613
SPACA6,0.0444442307692308
LOC105369705,-0.07321884615384587
ZNF767P,0.06509038461538479
PCED1A,-0.028770961538461218
LGR5,-0.019827692307692282
BCORP1,-0.014735192307691864
MYO1A,0.05257326923076945
PHF21B,0.0034905769230771004
LINC00521,-0.07031865384615345
LOC285857,-0.030306730769230537
CRNKL1,0.2335357692307694
STAP1,0.0739332692307693
MASP1,-0.010813076923076922
LOC101928728,0.007458653846153939
LRRK2,0.017108846153846228
TYRP1,-0.09923846153846134
PPP1R26,0.05301750000000008
ARRB2,0.027959807692307787
ANO3,0.005266538461538714
ZMAT5,0.04168384615384621
LEF1-AS1,-8.038461538461831e-05
TUSC1,-0.03133634615384588
CLYBL-AS2,-0.004254999999999818
PRO2214,-0.21646230769230737
ACTG2,-0.04767076923076903
LINC01142,-0.009411538461538391
ALDH1A2,0.06256173076923105
PAX7,-0.010794615384615472
LOC105379499///FLJ45482,0.0325505769230771
FPR3,-0.01560865384615367
BIRC7,0.24747346153846186
ACOT12,-0.005349423076922982
MSH4,-0.15089269230769203
FRMD8,-0.022188653846153705
LINC00354,-0.007509999999999724
MOG,0.03092826923076944
LOC643517,0.04381999999999992
PRSS2///PRSS1,-0.009788269230768998
OLIG2,-0.047005192307692054
SNX30,-0.0033494230769230537
GRAPL,-0.029473076923076633
LOC100130452,0.032540961538461734
LOC100129129,0.02323519230769225
ITGAM,-0.013873461538461297
PHLDB3,-0.03607423076923063
PPP1R3F,-0.08131999999999992
CNNM2,-0.005641346153845997
ASIC1,-0.07738134615384597
RTEL1///TNFRSF6B,-0.017580769230769126
LINC00559,-0.055459999999999725
LIMK1,0.20522423076923077
ZPBP,-0.036321153846153476
LOC105370424,-0.32666307692307667
CPEB1,0.3035457692307695
DKFZP434K028,-0.0855255769230766
CPXM2,-0.014566153846153515
VPS33B,0.2315986538461538
CCDC88B,0.058250000000000184
PNKP,0.06931250000000025
ZNF681,0.03974423076923079
ZNF585A///ZNF585B,0.007331730769230929
PKN3,0.05917173076923082
TMEM200B,0.012542884615384662
KIAA0100,0.09475307692307704
SEMA3G,0.103981153846154
ZNF674-AS1,-0.04083346153846136
GMPPA,0.1021203846153847
LOC102725116,0.028171730769230813
LOC101930114,-0.2167082692307691
DENND2C,-0.03439865384615373
SPI1,0.05122173076923074
CDCA3,0.13940307692307705
IGHM,0.043373846153846395
LOC100505942,-0.07160173076923053
GCG,-0.08262346153846127
TPRA1,-0.06309269230769222
GABRD,-0.07292365384615365
TDRG1,-0.10300730769230741
HMBS,-0.04988173076923042
CRIP3,-0.005123653846153649
SRGAP1///SLC4A1,-0.005026346153845918
PIWIL2,0.09519076923076938
ACVR2B-AS1,0.00438269230769236
LOC285178,0.019424807692307755
RGS4,-0.07369673076923043
ISG15,-0.004027692307692253
LOC652494///IGHM,-0.13823788461538433
KDM8,0.030145769230769608
SCN2B,-0.20193019230769182
FAM9B,-0.05109519230769207
TTLL6,-0.034261730769230475
CYP11A1,0.11715903846153859
COX14,-0.008395576923076733
PRORSD1P,-0.11817365384615365
LOC100420758,0.10001519230769249
TLE6,0.016203076923077098
CYP4A11,-0.03143961538461517
ZNF329,-0.020283653846153795
SCN10A,-0.07583423076923058
LOC101927331,0.007240961538461805
FAM64A,0.11910019230769246
LRRC27,0.043932884615384686
ISOC1,-0.0010586538461536878
LOC100128551///ZDHHC14,0.01685192307692318
MAP3K10,-0.011880576923076784
CD300A,0.02420942307692314
ZSCAN23,-0.01075903846153815
LOC554206,0.03136903846153856
NMNAT3,-0.03262942307692274
CRAT37,0.10444307692307726
C5orf58,-0.01166615384615359
PSTK,-0.021890961538461453
LINC01333,-0.050127692307692026
LOC100130998,0.0873346153846156
FANCF,0.005853269230769183
PRR12,0.3836821153846154
PRR3,0.04380788461538469
LOC285889,-0.07435923076923044
LOC100507670///ZNF687,0.022881346153846422
STX3,-0.1517780769230766
LOC101927495,0.06361230769230768
IFNA7,-0.02093346153846126
LINC00960,0.10347750000000024
LOC100129673,-0.11395480769230754
C14orf81,-0.09409461538461525
CTXN3,-0.054969230769230465
PCDH20,0.04935211538461561
ZGLP1,-0.06766826923076905
GPBAR1,-0.05555711538461511
DIAPH3-AS1,-0.05713519230769215
CMTM1,-0.0259655769230768
EPHA10,-0.028065384615384444
RTP1,-0.014724807692307523
LOC650656,0.011141730769231164
LINC00909,0.0022676923076924813
WWTR1-AS1,-0.005170000000000022
COLEC11,-0.1143188461538459
ZBTB11-AS1,-0.04674307692307676
KCNQ1-AS1,-0.0021036538461536645
KIF28P,0.04084000000000019
IVL,-0.31126634615384574
DCAF4L1,-0.0010865384615381033
RAMP1,0.0445975000000002
OR1E2///OR1E1,-0.006010769230769232
TRPC5OS,-0.006744999999999859
NDE1,-0.03380115384615356
RCVRN,0.03650634615384623
AKAP4,-0.014128653846153728
TLR6,-0.03183942307692306
GHRL,-0.08926519230769223
SNHG17///SNORA71B,0.046865576923077114
SETD9,-0.01960576923076903
CCSER1,-0.0013923076923074793
BCS1L,0.08252500000000028
C1orf115,-0.02395326923076888
EYA2,0.15628365384615397
SLC37A4,0.07168903846153873
LINC00545,0.1301784615384614
LOC284898,-0.10424576923076911
SLC41A1,-0.0750592307692307
CAMK2N2,0.0007121153846153978
LOC105371352,-0.17074826923076905
TBC1D10B,0.4719148076923074
VRK3,-0.013699423076922986
SMAP2,-0.02329480769230749
CYP2A6,0.054275192307692594
KCNN2,-0.03586692307692305
LOC100505666,-0.016992499999999692
LARGE2,0.106566923076923
LOC389765///KIF27,0.03417711538461571
CDY1B///CDY2B///CDY2A///CDY1,0.016871346153846205
HSPA1L,-0.005422884615384455
LOC101927865,0.012066153846154169
LINC00284,0.2697930769230769
PDE6G,0.045435576923077085
FOXH1,0.02376961538461554
ZNF596,-0.015118269230769142
CBLN4,-0.09226365384615363
SEMA4G,-0.03094134615384601
ATP4B,0.03764750000000005
CSH1,-0.043572884615384604
MEP1B,0.007778846153846243
FNDC8,0.05717730769230765
LOC339260,-0.0007930769230767736
SMIM2-AS1,-0.04346980769230746
LOC100134295///SLCO4A1,-0.010699807692307568
NACA2,-0.09804365384615356
GIMAP1-GIMAP5///GIMAP1///GIMAP5,0.0713098076923078
APOH,-0.03805038461538452
SORCS3,-0.009440769230768975
HYAL4,0.06136403846153849
ECI1,0.10039903846153853
MEX3B,0.03360057692307711
H1FNT,0.00954596153846173
APOL3,-0.014899038461538228
NEIL1,0.23117673076923098
LOC100134226,-0.0356986538461536
RTP5,0.0399038461538467
MARVELD3,0.00114692307692324
CCDC127,-0.0066657692307690655
DMGDH,0.0035573076923080676
TUBB1,-0.003406730769230329
LOC101927165,0.01761576923076938
PCDH11X,0.0028046153846156634
PRKY,-0.014898461538461433
EHBP1L1,-0.011496538461538386
ENPP7,-0.066982692307692
SIGLEC9,-0.009050576923076738
SOCS2,-0.007367499999999884
LOC257396,-0.0549351923076923
PGK2,-0.000753076923076657
LINC00838,0.019597884615384677
PRCD,-0.002825769230769109
IGLV6-57,-0.010510769230769079
LOC101060019,-0.05496076923076917
RILP,0.00666000000000027
IQSEC2,0.061628653846153875
PRKAR2B,-0.0329282692307691
PIH1D3,0.0007332692307693561
SLC4A5,-0.2114055769230767
AP5Z1,-0.004355384615384395
MARCH11,-0.10618307692307671
MS4A15,-0.07702038461538434
MSTO1,0.07902711538461536
TNFRSF14,0.04900807692307719
SLC6A16,0.018600384615384893
HHLA3,-0.06725634615384601
LOC100130315,0.006668269230769679
NLRP2,0.018122307692307837
ADIG,0.07301500000000023
URGCP,0.09051730769230805
IFNA8,-0.08666307692307673
CTNNA2,-0.014317692307692113
FLT4,0.0019350000000001972
LYZL2///LYZL1,0.03855096153846149
GAL3ST4,-0.028967692307691997
NOTCH2NL///NBPF14///NOTCH2,0.04589634615384613
NMU,-0.027909230769230724
LOC101929413,-0.02475307692307666
LOC100131731,-0.027633846153846075
LINC01538,-0.0272109615384613
C11orf88,-0.0223061538461536
SLC46A2,-0.030249230769230678
RPP14,0.025432115384615515
SERPINA7,0.031394807692307895
WFDC21P,-0.009826538461538453
LOC105274304,-0.11500692307692258
TK2,-0.0016492307692306978
LOC100129098,0.003445192307692569
LOC100507506,-0.04105557692307666
FLJ27354,-0.016769038461538165
WDR81,-0.05481423076923051
OR13C4,-0.006969230769230542
RND1,-0.010858461538461199
SLC22A18,0.18745153846153856
CYB5R4,0.10744192307692316
SLIT1,-0.08214711538461507
RXFP2,0.10149980769230779
MIP,0.1297826923076923
TSHZ3,0.09161288461538483
HMX2,0.0922330769230772
CRTAM,0.035774423076923204
PAX8,0.03069115384615393
LOC153684,0.02143326923076931
DNAH12///ASB14,0.05707019230769248
LINC00421,0.059048269230769376
IL10RA,-0.04778961538461515
LOC101928162,0.0286759615384616
TM4SF20,-0.014489230769230492
HPS6,0.02645557692307721
LOC101927814,0.023500576923076905
LOC100133503///LRRC37A17P///LRRC37A2///LRRC37A3///LRRC37BP1///LRRC37B///LRRC37A4P///LRRC37A,0.019812884615384926
ZNF75D,0.02307538461538463
MSTO2P///MSTO1,-0.10481788461538433
CHL1-AS1,0.09953423076923083
LOC105377143,-0.0028748076923076744
DNAH9,0.12401961538461566
LOC101928196,0.009882307692307876
REG1A,0.013902884615384881
ISCA2,0.00833769230769247
LOC101927478,0.0197915384615386
KIAA0922,0.016137307692307944
TAPBPL,0.003889615384615914
LOC101928861,0.06712519230769237
CGN,-0.0161698076923072
FAM167B,-0.10388211538461532
RIPPLY3,-0.019921538461537998
GJB3,0.0775782692307693
REG3G///REG3A,-0.017715961538461437
RIBC2,-0.00328384615384619
RBM20,-0.0029692307692305276
RAB43///ISY1,-0.017701730769230605
GJD3,0.051221538461538575
GVQW2,-0.009647115384615107
LINC00884,-0.03229423076923058
C16orf74,0.015814807692307878
TRABD2B,-0.05480999999999995
GUSBP4,-0.0016500000000000028
IGSF9,0.0012161538461540843
SH3BP5-AS1,0.05079384615384628
EDN3,0.02253538461538478
C1orf127,-0.0008178846153844326
LOC100131512,0.05764403846153862
PRSS12,0.01893923076923113
NBPF1,0.10380653846153862
LGI4,-0.0569376923076921
LOC100131763,0.0016615384615385758
HLA-J,0.023419807692307795
PRAC1,-0.04539269230769219
ERI2,0.02819788461538464
HERC2P3,0.11606923076923094
C20orf197,-0.07767384615384582
LOC105377348,-0.08061673076923066
HMGB1P37///HMGB1P10///CTCFL///HMGB1P1///HMGB1,-0.007249807692307517
AK7,-0.040387692307692215
MUC12,-0.12296423076923074
B3GALT6,-0.09162096153846105
CUX2,-0.017699807692307615
EPR1,-0.0383921153846153
IGLV2-11///IGLV2-18///IGLV2-23,0.03397000000000014
DDX11L2,0.013975000000000253
KCNJ1,-0.2097448076923075
PRO0471,-0.008554038461538387
PPP1R10,-0.00507423076923064
OR2S2,0.007445576923077054
FAM229A,0.0159013461538462
MISP3,0.09626365384615393
HNF1B,-0.10115923076923061
CGB8///CGB7///CGB5///CGB3,0.027539615384615527
OR1G1,-0.06481769230769215
ELMSAN1,0.0036403846153849184
TRIM43B///TRIM43,-0.005631730769230572
ZNF549,0.05056730769230768
GKN1,0.002557692307692524
LINC01103,-0.15435307692307687
TMEM74B,0.13029250000000017
CLEC4D,-0.07282288461538439
ADAM21,-0.0845551923076921
PCDH19,-0.02677038461538429
C17orf100,0.014873461538462019
LOC105370549,0.0029321153846155494
DAZL,-0.03524807692307707
CTIF,-0.16219615384615374
FHL5,-0.10320288461538459
GRIN1,-0.006036730769230515
SECTM1,-0.011621538461538383
LOC100130353,-0.005015769230769054
TCEA2,-0.042446346153846036
NEGR1-IT1,0.08200269230769244
GOLGA7B,0.03998211538461556
LOC100132409,-0.005456346153846038
C6orf58,-0.02968153846153821
LRRC34,-0.0010367307692306475
INO80C,-0.09537749999999984
SHBG,-0.004713076923076811
LOC285500,-0.15363788461538436
LOC105369739,0.026972307692307868
SERPIND1,-0.10168807692307676
TBX19,0.10563480769230789
ZNF214,0.026497115384615643
EXOSC5,0.030008653846154032
MSMB,-0.0366526923076921
KCTD2,-0.14909346153846134
LOC728445,-0.026747499999999702
LOC100507283,0.030787115384615493
UBTD1,0.021030000000000177
TMEM37,0.027522115384615593
ANKRD55,-0.17299942307692298
RIDA,-0.005514615384615312
SKIDA1,0.00021115384615405023
CDS1,-0.11763942307692304
TICRR,-0.009871923076922987
GAFA3,-0.052212115384615176
TMCO4,0.10742692307692314
CTBP1-AS,-0.031811730769230724
LRRC23,-0.05537634615384587
LINC00607,-0.04377576923076886
LOC100129069,-0.005625384615384366
ARL14,0.032202692307692356
NEU4,0.009562307692308043
SLAMF7,-0.027190192307691968
CNTN4,0.04954903846153855
MTMR9LP,-0.04465730769230748
EMID1,-0.06869384615384608
CD34,0.01990019230769256
CCKBR,-0.020972115384615207
LOC100996251,0.03875538461538476
GFRA4,-0.11507538461538425
CLVS2,-0.022162692307692126
LOC101927379,-0.05211480769230764
ARID1B,-0.0032061538461536435
DPYSL4,0.052131153846153876
LOC105377276,-0.018983846153845758
IL22,0.08491115384615397
CACNA2D1,-0.021366923076922877
ATP2B2,-0.04445384615384598
LOC100128943,-0.007256346153846183
MGARP,-0.028096923076922853
RAD51AP1,-0.019001346153845782
GBP1P1,-0.11953211538461511
SUOX,0.22729730769230772
BRPF3,-0.07126288461538427
ASCL3,-0.025768461538461324
FAM153A,-0.03741807692307683
OGDH,-0.03606134615384568
MOGAT1,0.04137076923076952
E2F8,-0.03518057692307682
LOC101929497,0.04958903846153855
TIPIN,0.002390576923077152
PARVG,0.04831134615384611
ABCA12,-0.10790519230769216
SNAI3-AS1,-0.00912134615384614
ASXL3,0.0041375000000000925
DEFB114,-0.013616923076923063
ZNF669,-0.015608076923076671
LOC101928651,0.007294807692307703
NEURL1B,0.016010576923077193
PRAM1,-0.13310019230769202
CMYA5,-0.21328249999999965
LOC284244,-0.02339423076923062
NOX1,0.027305000000000263
LINC00052,-0.001057307692307408
EDAR,-0.1310749999999999
DIRAS1,-0.01102903846153813
SNIP1,0.005481346153846249
ZDHHC23,0.05304038461538459
TNFRSF21,-0.0033199999999999836
FAM181B,0.011120576923077117
ANGPT4,0.014352692307692398
DPCR1,-0.008154807692307451
GPHA2,-0.06868653846153826
LOC101927876,-0.04962730769230756
SMIM10L2A,-0.01808903846153838
OVOL1-AS1,-0.0944919230769229
LOC730217,0.014948269230769471
TBC1D19,0.2860711538461539
RD3,0.026746153846154058
SLC29A3,0.013820961538461763
FLJ31958,0.01604442307692327
SEC1P,-0.0795476923076921
FAM47C///FAM47A,-0.003375769230768976
HIGD1B,-0.06149653846153823
DHRS2,0.062190384615384633
C12orf66,0.02156173076923111
FREM2,-0.20982826923076905
SEZ6L,0.030965576923077054
ZSCAN5A,0.030765576923076944
S100A16,-0.02221846153846138
ATXN8///KLHL1,0.017376538461538766
ANKRD13D,0.1622801923076924
LOC729285,-0.020915384615384534
LOC339807,0.03243057692307709
F2,0.07121557692307724
GAS1RR,0.02211865384615413
FLJ35700,-0.06955153846153829
HERC6,0.0026469230769232276
FSIP2,-0.0391319230769229
CCDC78,0.016827692307692457
TTTY8B///TTTY8,-0.04923692307692296
INO80B,-0.03447730769230738
LOC100128198,-0.003651346153845835
DTX2,-0.10103557692307673
LSM10,-0.12266749999999982
CCDC170,0.00675442307692314
ADNP2,-0.056534038461538205
RASGEF1A,0.11104500000000016
LHX9,-0.11441673076923062
LOC100130757///C10orf71,0.13319538461538474
LOC100129546,-0.00680499999999973
PDHA2,-0.009679615384615299
UBE2T,0.015555769230769529
PRPS1L1,-0.0151157692307691
IL20RB,-0.06994288461538452
CLIP1-AS1,-0.13460403846153823
GK3P,-0.014916153846153715
CADM2,-0.19498038461538447
ANKRD26P3,0.07834769230769237
TYRO3,9.134615384641246e-05
GPR55,-0.04275615384615374
LOC284120,-0.004626923076922934
C15orf57,-0.02045326923076914
KCNMB4,0.0858788461538462
MGC16025,-0.023926346153845965
ATG4B,0.08170192307692323
MRPL41,0.17417615384615387
LINC00689,-0.00916980769230745
LINC01341,-0.11822903846153832
HAVCR1,-0.17188846153846107
TDRD7,-0.0024680769230765983
RNF122,0.0788748076923079
ZFP57,0.0006711538461542407
MGC14738,-0.007800961538461222
BFSP2,0.003698846153846424
LINC01554,0.05647019230769239
LOC105378311,-0.04566923076923063
RBP2,-0.027909230769230593
ANGPTL6,-0.0311249999999999
GHRH,0.04866596153846172
MAS1,-0.002825192307692194
SFTPB,0.0035042307692307573
MACROD2,-0.017720769230769148
GSG2,0.0028021153846156032
LOC101929279,-0.017941346153845742
IL1RL1,-0.03774999999999984
GGT1,0.04769923076923106
CALCB,-0.11388461538461524
RAPGEF4-AS1,-0.013925384615384555
SIGLEC16,-0.0061982692307689866
NLRP13,-0.012076538461538156
LOC284294,0.00869942307692331
AGAP4,-0.019377692307692207
CDX1,-0.05305788461538424
TCEB3CL///TCEB3C///TCEB3B,-0.0059003846153844585
MGC27382,-0.00970423076923074
ZNF784,-0.043890769230769136
PLP1,-0.007666923076922801
PANX2,0.0105726923076925
LOC101928284,0.0719390384615384
EMX2OS,-0.05400153846153831
ZIC2,-0.009470961538461355
SH2B3,-0.001004999999999769
PTPRT,0.025032884615384776
SYN2,0.08874384615384624
IL36B,0.005079807692307791
RBM14-RBM4///RBM4,-0.010810576923076659
HLA-DMA,-0.009819999999999595
MILR1,-0.06589711538461519
ACER1,-0.09053192307692288
SLC47A1,0.13681884615384646
VIL1,-0.11541346153846144
TACSTD2,-0.009728076923076576
LOC100127955,0.018516346153846373
LOC105377421,0.006412884615384812
LYZL4,-0.05620076923076923
WNT8B,0.06122192307692346
LOC100131637,0.09571615384615383
OR2M4,-0.2564359615384614
CD160,0.03053403846153865
PGPEP1,0.014792307692307945
SLC16A10,-0.08628288461538466
MEIS1,0.005431923076923222
LOC101927648,-0.01122596153846129
LOC440602,0.04616038461538458
LOC100134053///POLR2J3///POLR2J2///POLR2J4///POLR2J,-0.017310384615384526
RHPN1,0.0014824999999999526
LOC100129449,-0.024747692307692287
LOC100132853,7.769230769259848e-05
BOLA2,-0.019987115384615336
ITGB7,-0.004599999999999726
TMEM178A,-0.062008653846153616
ALDOAP2,-0.12329365384615373
CTPS1,0.09212730769230784
TBRG4,0.003369230769230879
LOC100133773///RPL21P80///RPL21P87///RPL21P37///RPL21P18///RPL21P16///RPL21P14///RPL21P134///RPL21P45///RPL21P119///RPL21P93///RPL21P98///RPL21P82///RPL21P46///RPL21P61///RPL21P69///RPL21P19///RPL21P62///RPL21P29///RPL21P44///RPL21P39///RPL21P97///RPL21,-0.09420211538461501
LOC285556,-0.006357692307692252
ZNF780B,-0.004987115384615087
TTYH3,-0.03800096153846132
ST3GAL5,0.0725796153846155
EMC3-AS1,-0.059831346153846166
LRFN2,-0.09547519230769225
RIMBP2,-0.10771999999999964
S100A3,-0.012652692307692148
SEMA6C,-0.026326538461538384
SLITRK5,-0.04765749999999981
MOBP,0.02556846153846184
RHNO1///IGHG1,-0.09600634615384593
GNGT2,0.13575403846153877
HAMP,0.1467657692307694
TUSC8,0.006994038461538732
TCEB1P3,-0.13286326923076883
LOC645261,0.00273326923076928
MATN1,0.0017948076923077574
ANXA9,-0.0019244230769228472
L3MBTL3,-0.056489423076922854
SPATA24,0.15055307692307723
ANGPTL7,-0.04086249999999982
C15orf61,-0.049049615384615226
STK40,0.028099615384615365
SMAGP,-0.026700384615384296
RNF4,0.00020750000000024915
GCM1,0.023967115384615267
ALMS1P1,0.07235096153846182
LOH12CR2,0.05436615384615398
RGS22,-0.04113903846153835
ZNF793-AS1,-0.02347769230769203
INSL5,-0.2238955769230766
CCDC60,0.011679038461538813
C17orf47,-0.006713846153846149
HGH1,-0.23288384615384597
DDC,-0.019803269230768923
LOC100129965///PRDM11,0.022657500000000275
VN1R4,0.11293230769230779
SIGLECL1,-0.1037824999999997
KRT5,0.02973096153846168
LOC100134317,0.011374423076923016
SYNDIG1,-0.010342307692307614
KLRF1,-0.002815384615384255
LOC101929628,-0.0006848076923074572
CEP83,0.003775769230769432
CNTN3,-0.008390769230768811
ACIN1,0.04099115384615404
C1orf220,-0.08505499999999983
C14orf169,-0.12229461538461525
FAM86JP///FAM86HP///FAM86DP///FAM86FP///FAM86C2P///FAM86GP///FAM86EP///EEF2KMT///FAM86B1///FAM86C1,-0.07856884615384593
LINC01585,-0.005403461538461207
MFI2-AS1,-0.003951346153845988
FLG2,-0.03552096153846135
ACAD8,0.017184038461538553
ART3,-0.07275057692307697
TMEM256,-0.007611153846153666
AADAC,0.02422096153846173
PTPRH,-0.07677346153846143
LOC101927752,-0.03426499999999963
GNB3,0.5093519230769231
LINC01346,0.022912307692307836
CES5A,0.01815788461538484
ZNF708,-0.013374807692307604
BDNF,-0.019068846153845787
HMP19,-0.0025859615384613995
PLPP3,-0.0004744230769229822
PTPRR,-0.04747096153846129
DMBT1,-0.01602923076923076
OR1F2P,-0.048465384615384334
PCDHB2,-0.02613211538461521
ULBP2,0.006039807692307938
LOC101928557,0.003914230769230876
FSTL5,-0.020357692307692337
SEMA6B,-0.07049692307692283
LPAR3,-0.12198923076923056
GANAB,-0.024256538461538295
DNM1P41,0.0980903846153846
PRCAT47,0.11368115384615397
SOWAHA,0.02997519230769237
MTURN,0.08119269230769263
LOC101928525,0.02988615384615404
ERMN,0.00762153846153867
JAZF1-AS1,-0.00024365384615363862
LOC100128922,-0.02979865384615362
HNRNPA1P36///HNRNPA1P59///HNRNPA1P6///HNRNPA1P51///HNRNPA1P53///HNRNPA1P50///HNRNPA1P27///HNRNPA1P10///HNRNPA1P52///HNRNPA1P12///LOC642817///HNRNPA1P30///HNRNPA1P39///HNRNPA1P56///HNRNPA1L2///HNRNPA1,-0.022450769230768913
LOC101928937,0.06987596153846166
STAG3,-0.14903749999999982
KLK11,-0.06434730769230743
LOC440302,-0.19062096153846117
OR7E24,-0.011994999999999869
COPG2IT1,-0.04243211538461516
TMEM183B///TMEM183A,0.10483846153846157
NR6A1,-0.0036065384615383282
LOC101928580,-0.15635826923076887
PSMC3,0.04126826923076942
LOC107985428///LINC00659,-0.0077030769230767345
LSAMP-AS1,-0.018094807692307514
ATG4C///CTR9,-0.03716057692307684
METTL21EP,-0.12672326923076888
IMPG1,-0.05468634615384579
GPR174,0.033432115384615504
RNF126P1///RNF126,0.06554769230769238
CBARP,0.0043232692307691705
AURKC,-0.09434423076923039
CNTNAP1,-0.2679580769230765
MIR646HG,-0.027074423076922784
RNF32,-0.02156461538461525
NLRC3,-0.015506538461538303
TRPM2,-0.0005367307692304976
MTMR8,-0.04468019230769212
LOC101927123,-0.027024999999999737
LOC285696,-0.07690442307692291
TNS4,-0.045046153846153784
RAB20,0.07702211538461554
TM6SF2,-0.030117884615384283
LOC731477,0.09315269230769246
INAFM2,0.013977500000000307
GRP,0.007275961538461666
CDA,0.13509634615384636
FAM71F2,0.17864653846153833
FAIM2,-0.22046749999999982
LOC100128008,0.024040192307692096
C9orf131,-0.02829980769230742
PGM5-AS1,-0.019047692307692165
LOC100996385,-0.018114230769230546
STARD7-AS1,0.04304403846153846
IDO1,-0.006313076923076891
TMEM176B,0.008838461538461614
PIK3IP1,0.0020286538461539733
KRT19///JUP,-0.057555576923076945
TTTY10,-0.014319038461538253
FLT3LG,0.03351519230769244
RCAN3,0.0015953846153849561
BOLA3-AS1,-0.08058576923076928
ZNF35,-0.059238461538461365
C16orf92,-0.06635538461538461
LEMD1-AS1,-0.01940076923076914
MESP1,0.0640563461538464
LAMA2,0.12444288461538469
TMEM171,0.009144615384615737
SH3RF3,0.012916153846154032
ARSE,0.07787326923076937
SH3GL2,-0.0031369230769228754
LINC00467,0.0059490384615387215
LOC101928326,-0.0009842307692305263
LOC100130536,0.0036113461538462167
MSI1,-0.08159096153846145
ISL2,-0.025688461538461344
PLCE1-AS2,-0.08297153846153822
LOC100507336,0.028616730769230974
LOC550113,-0.02404307692307674
TEX264,0.005059230769231028
LETM2,-0.006177307692307449
SCYL3///HTN3///HTN1,-0.07004269230769217
LOC100506858,-0.17968249999999997
LOC101928460,-0.028838461538461306
LOC340074,-0.062334615384615245
LOC100130979,0.0767028846153846
KPTN,-0.055479038461538024
GLYATL2,-0.01736019230769211
LINC01020,0.004295384615384888
ME3,-0.08710788461538453
RNASE3,-0.016478653846153535
ZNF211,0.0426688461538463
PLEKHA7,0.0532140384615387
LOC81691,0.011760769230769304
LOC101929607,-0.06267749999999973
ADAP2,-0.018039615384615158
CHORDC1///NAALAD2,0.03525288461538501
LOC101926892,-0.020945769230769035
LOC102724094,0.07699076923076938
LOC105377924,-0.4329499999999999
KRT74,0.02067576923076928
JMJD4,-0.014424615384615272
HNRNPA3P1,0.019087500000000247
CLIC2,-0.008247307692307611
RBPMS2,0.014079038461538696
ADHFE1,0.07375057692307697
AVPR1A,-0.0031090384615381967
SLC14A2-AS1,0.09469538461538497
FAM19A5,-0.04387519230769191
CDC25A,0.045703653846153935
SH3GL1,0.04318480769230788
NCKAP1L,0.0627865384615387
UHRF1,-0.08585096153846127
MYH7B,-0.07864134615384599
GRIN2A,-0.02727923076923039
ZNF280A,0.06995019230769264
SIGLEC15,-0.041052692307692075
VASH2,-0.09330192307692298
JPH4,0.10298538461538476
KIAA0087,-0.09834576923076908
C11orf80,-0.1386949999999999
ZDHHC24,-0.05191519230769206
LOC100131721,-0.029417692307691916
LOC100129699,-0.009928269230769145
FBP2,0.08926115384615395
ANKRD20A5P,0.07082423076923071
GCK,-0.002805384615384539
FRRS1,0.008797692307692636
CDH18,0.02819115384615393
NUDT17,0.12610942307692308
PCGEM1,-0.011858269230769122
HEXIM2,0.008431153846153873
YIPF1,0.004529038461538497
MYL2,0.019984423076923254
LYZ///EIF4G2,-0.056263846153845824
ERC2-IT1,-0.02780192307692284
HLA-DPB2,0.0005907692307693706
IAPP,0.028461153846154105
CD3EAP,0.18600634615384626
KRT24,-0.05881346153846143
C4BPB,0.04309480769230773
NOP14,0.23824923076923077
ACOD1,-0.045954230769230525
LOXL1-AS1,-0.02040826923076902
MEP1A,-0.01330403846153824
LOC101927851,-0.05184211538461508
TDRD12,-0.027372884615384462
FLYWCH1,-0.044697692307692154
LINC00951,-0.015042692307692267
FAM118A,0.05784538461538478
ARHGEF19,0.003537115384615621
NR0B1,-0.013339807692307554
FAM212A,0.14095557692307698
OR7E35P///OR7E18P///OR7E47P,-0.10265923076923071
ZNF818P,0.08039057692307731
ADGRE5,0.008794807692307846
EIF3J-AS1,-0.013415576923076827
KCNJ4,0.10900384615384623
RPGRIP1,0.0011169230769232572
PARS2,0.0075780769230771525
TEX36,-0.05376076923076915
COPS7B,0.15922442307692325
KLF1,-0.027172692307692276
CACNA1G-AS1,0.02687173076923091
C15orf62,0.014944615384615677
MAP4K1,-0.08018692307692289
SCUBE3,-0.019591346153845994
TK1,-0.016147884615384626
BMF,0.047996153846154015
SERTAD3,0.03198230769230781
BGLT3,-0.026720576923076767
LOC101928663,0.018828461538461874
AFAP1L2,-0.0429555769230768
LOC648390,0.011210961538461758
LOC283352,0.04201634615384636
SDR42E1,0.057595576923077256
KCNA7,0.007878846153846502
PCDHB2///PCDHB3,0.002286538461538652
FAM163A,-0.001917115384615223
PCA3,-0.30005038461538447
PSG11,-0.06731730769230745
RNF166,-0.0026665384615382004
UNC45A,-0.09012634615384607
PEAK1,0.001945769230769444
SLAMF9,-0.08647634615384585
LOC105376689,0.004922307692307866
LRRC36,0.0024455769230770177
KIAA1804,0.01584461538461554
LOC100287210,-0.1241859615384612
B3GNT4,0.04874788461538482
TBR1,-0.00782076923076912
WDR24,0.007733653846154179
GPR68,0.0001794230769228836
ORAOV1,-0.04485538461538432
ABHD16A,0.004977115384615496
ACO2,0.004144615384615614
PAMR1,-0.0051290384615383195
DEFB106B///DEFB106A,0.003078269230769385
SNAPC4,-0.07014653846153826
TDGF1P3///TDGF1,0.0014398076923077593
PEBP4,-0.04345884615384586
APOBEC3F,-0.025246923076922997
PPARGC1B,-0.018673076923076765
UGT1A6///UGT1A7///UGT1A8///UGT1A10,-0.223196538461538
IL10,0.004165961538461643
TBC1D25,-0.01174749999999976
LOC400548,-0.02226403846153807
MRLN,-0.004840576923076867
ACTR5,0.02160076923076931
FAM234A,0.1012396153846156
RGS7,-0.026279038461538323
LOC101929762,-0.011926538461538336
AP1G2,0.1377938461538463
INSM2,0.10116211538461538
MTG1,0.011759807692307882
CST4,0.036439038461538564
TXK,0.0021761538461540423
FPR1,0.03646519230769263
NXF5,0.0004069230769232415
LOC100131795///NMNAT2,-0.003427307692307406
LOC100130623,-0.011710576923076742
DEFB121,0.014112115384615589
MYRF,-0.03845480769230757
POLRMT,0.04725557692307719
C19orf48,0.022021153846153947
TYRO3P,-0.11615461538461509
SLC12A6,-0.009857115384615103
THPO,-0.09178192307692291
C7orf62,0.036903653846153996
MDK,0.0094673076923077
FREM1,-0.0043205769230766425
TRBC1,-0.026137692307692077
LINC00856///LINC00595,0.04370538461538473
MAEL,-0.05385096153846141
LOC100131622///PABPC5,-0.04217769230769218
PLCH1,-0.010564230769230612
OR2C3,-0.027205961538461308
HOXA2,-0.031021538461538156
MYH9,-0.018751153846153723
LINC00311,0.09345499999999995
AIFM2,0.04942711538461542
CACNA1G,0.20211365384615404
IGHM///IGHG1,0.02696615384615401
LOC101928476,-0.03558115384615356
LINC00529,0.005936346153846403
LOC101929315,-0.00368673076923056
KHK,0.012747307692307773
KLK12,0.030010961538461712
ZNF610,0.12933057692307712
C20orf141,-0.08050384615384584
SPRR2C,-0.05814442307692274
AMER1,0.04498942307692332
ABCB11,-0.12422615384615379
C1orf134,0.01873134615384635
LOC105376530,-0.09782134615384606
KRTAP4-4,-0.03353538461538457
DLX5,-0.03552038461538443
PYROXD2,0.06622230769230769
SLC16A12-AS1,0.04825519230769279
CLDN23,-0.013418846153845832
BOK,0.01590076923076953
ZC3H12A,0.13779192307692303
CST2,0.05446692307692324
RGMB-AS1,0.026231153846154008
NAGA,-0.041449807692307425
SMG1P1///SMG1P5///SMG1P2///SMG1,0.01808096153846172
RPUSD2,-0.231554615384615
LOC157562,-0.05398249999999984
SV2C,-0.00113999999999974
PDE1A,-0.0087442307692307
ZDHHC19,-0.01877365384615358
ZBED5-AS1,-0.0032140384615383854
PCDHB1,0.1292034615384616
LOC101928255,0.02253211538461552
TCEB3C,0.0025244230769230604
C17orf105,-0.014212115384615262
FANCA,0.06497346153846165
SCT,0.017082500000000188
FOXN4,-0.14014249999999992
DLG4,-0.14627230769230723
PTPRG-AS1,0.03201038461538469
DAO,0.014348076923076918
ING4,-0.012520576923076612
PPP4C,0.05656211538461555
LOC100132503///RNF208,0.09693788461538473
FAM212B,-0.06438961538461516
RFX2,0.014642884615384646
BRDT,-0.009195384615384328
ZNF34,0.060395576923077184
SPRY3,0.07160249999999996
LOC101929747,-0.011121346153845973
UTF1,-0.05576692307692268
GIPC3,-0.04549326923076918
ITGA7,0.02748288461538492
CLEC4A,0.10046673076923113
HVCN1,0.05195230769230773
ABCF2,0.033743269230769375
ZBTB6,0.02977096153846162
FAM213A,-0.007823653846153526
CCL27,-0.0894055769230767
HAR1A,0.005604230769231047
CCL18,-0.0024861538461535735
CNTNAP3P2,-0.0009794230769228065
LOC101928361,0.036068653846154014
SH3PXD2A-AS1,-0.1841423076923076
E2F5,-0.04465403846153821
LINC00567,-0.20485807692307675
LOC732087,-0.0016307692307690343
SWT1,0.005657115384615499
POMC,0.022432884615384566
JAKMIP2-AS1,-0.03315326923076892
MIR924HG,-0.06562711538461523
GRB14,-0.043301153846153635
LOC101926963,0.011510961538461574
PRL,0.024078653846154086
MAGEA10,0.11826865384615405
REC114,0.017882500000000152
DLGAP5,0.027359038461538747
ILF3-AS1,0.04969269230769246
LOC101927641,-0.008532307692307544
CEP72,0.0845275000000002
LOC574538,0.015524615384615519
APOBEC3D,0.022957692307692436
LOC100421494,0.015803076923076996
SYVN1,-0.03958269230769209
GP1BB,-0.06986173076923068
LOC401222///LOC401220,-0.14250769230769234
NEK10,0.01784173076923103
LOC283861,0.22540076923076935
UMODL1,-0.027681730769230396
CASC10,-0.00523807692307687
ABCC8,-0.14974788461538444
TPTE2P6,-0.008392115384615133
IDO2,-0.014501730769230465
LHX2,-0.2309299999999997
LOC221814,-0.005599423076923021
KIF18B,0.08809442307692321
LAIR2,-0.027035384615384222
WNK3,-0.015124038461538456
TRIM50,0.1365230769230768
TTTY14,-0.11685288461538469
LINC00683,-0.032745769230769134
LOC100134306///MYT1L,-0.05460884615384596
CD300C,-0.05153980769230739
LINC00958,-0.03738153846153837
LOC100133072///BORCS8-MEF2B,-0.033723653846153355
CRYBG3,-0.025606153846153588
BTNL3,0.0019288461538463232
TWF2,-0.010659423076922993
TSACC,-0.039706153846153475
SPHK1,-0.24243038461538435
CMA1,-0.1582678846153842
AADACL2,-0.04198615384615366
C1orf234,0.021398653846153987
BSPRY,-0.09165615384615387
CDC6,-0.04866076923076898
DNAI1,0.03113557692307729
SELL,0.10746596153846186
PRMT5-AS1,0.1507771153846154
LOC100128554,-0.02475057692307653
LOC729815,-0.009184807692307435
CCDC40,0.08226153846153855
COL6A5,-0.0970525
LOC283335,0.005299230769231097
HAUS8,0.02429942307692298
DAPK3,0.050998461538461756
CACTIN,0.11538134615384635
LOC100506895,0.058921346153846435
GATA3,0.013924230769230985
LOC286297,0.04278942307692341
BFSP2-AS1,0.019276153846154224
DNAJC17,-0.07191211538461513
BMP10,-0.0136103846153846
SNHG11,-0.008616730769230809
CHD5,0.11672750000000032
PRSS50,0.0030467307692309117
TNK1,-0.03835230769230739
MYOC,0.00307884615384621
CLLU1,0.023148653846153985
ST20-AS1,-0.04423999999999989
ACVR1B,-0.10086923076923054
CARD18,-0.05822019230769208
CATSPER1,6.173076923101906e-05
MC2R,-0.029470384615384627
LCN6,0.14082538461538477
ATP2B3,-0.0001407692307689671
IRF7,0.061286153846154
SLITRK2,-0.029369423076922998
CST9,-0.06371557692307683
CIDEC,0.017803846153846132
LOC100506498,-0.012169807692307594
TENM4,0.003175000000000231
APOF,-0.040341538461538345
WDR38,-0.027024615384615067
LOC100289361,-0.14021173076923085
TMPRSS2,-0.0025946153846153138
FAM182B,-0.04284711538461517
LOC105372404,0.003994230769230846
FOXL2,-0.004484230769230429
LCE1B,0.054405192307692536
LOC100506122,-0.05302884615384609
LOC286359,-0.0566046153846154
RBMXL2,0.06614576923076933
KCNG3,0.0023559615384618434
SPRR1A,-0.046447692307692044
KCTD14,-0.11401192307692284
ITIH3,0.008649038461538817
DUSP2,0.06525538461538476
LOC101929505,-0.0019396153846151034
BCHE,-0.032131923076922975
ABHD11,0.09701153846153868
LOC283270,-0.04302249999999986
LOC101929897,-0.08090615384615359
CCL11,0.02009211538461559
LOC100505824,-0.03480269230769213
RASSF2,-0.0022019230769228983
PAGE1,0.03603903846153849
CASP3,-0.04482288461538448
RORB,0.029842307692307772
ALKBH3-AS1,-0.007540769230769005
ACTC1,-0.0028196153846152365
LOC642361,0.006870961538461753
ERICH5,-0.08578134615384607
CDC42BPB,0.06515346153846166
KCTD7,-0.0903232692307691
NPB,0.012739423076923339
PUDP,0.05065403846153862
PIK3C2B,-0.06758903846153845
WNT9A,0.037273076923077145
STXBP5L,0.0230282692307692
PRKAG1,-0.03382326923076912
ZNF510,-0.00019096153846141992
LINC01169,-0.017955384615384474
C9orf16,0.33297269230769244
INTS4P1,0.09406365384615405
NDST4,-0.09324846153846124
IGHV4-31,0.09609711538461567
LOC100134333///LOC100130525///KIAA0895L///EXOC3L1,0.16335173076923085
WSCD1,0.03448480769230769
PHACTR4,-0.03673134615384603
GPS1,0.3969905769230768
ACOX2,0.00869423076923096
ASCL1,0.02612442307692344
AZIN2,0.08705557692307692
ACTR3C,-0.0235617307692306
TLR8,0.010495576923077173
NSMF,-0.09445980769230729
C3orf20,-0.03593403846153802
LINC01207,0.03691019230769234
CHTF18,-0.3432019230769227
NRIP3,-0.0012309615384612914
LOC105369230///HLA-DRB5///HLA-DRB4///HLA-DRB3///HLA-DRB1,0.011188653846154223
SLC2A8,0.017145192307692514
LOC100128146///ANP32AP1///ANP32C///ANP32D///ANP32A,0.009268846153846334
IGF2BP2-AS1,-0.11791288461538446
RTN4R,-0.028994615384615303
HEATR9,-0.04257423076923066
MMP17,-0.11954038461538453
WRAP53,0.021834230769230856
ALDH4A1,0.18412211538461562
FMO2,0.03204000000000021
ZNF70,0.004770769230769366
TMEM161BP1,-0.06448192307692271
TMEM160,-0.21916865384615355
CCDC168,-0.17274192307692285
PVRL3-AS1,-0.006521730769230608
PWRN1,-0.031850384615384336
RNF186,-0.009950384615384535
AGMAT,0.016154423076923153
LOC101927650,-0.02684403846153822
ATP11A-AS1,-0.01637538461538454
DRD2,0.02961038461538485
CEP250,0.0009151923076923175
LOC100506557,-0.00571673076923048
SPACA7,0.014301730769231065
CDH4,-0.02966269230769219
BIK,0.04271500000000016
ZIK1,-0.024758461538461212
LOC101927690,-0.020916730769230753
UQCC3,-0.06524519230769191
BEST1,-0.10971923076923056
LIMD1-AS1,0.1258430769230771
TAS2R13,-0.11547576923076884
GGT2///GGT3P///GGT1,-0.057583076923076675
OOSP2,-0.24957788461538438
TSIX,-0.01837903846153842
TTYH2,-0.07850115384615372
POMZP3///ZP3,-0.006317307692307595
APBA1,-0.10455711538461508
PCDHGA11,0.014599038461538628
NPY5R,0.06532884615384617
LOC101928225,-0.03651692307692288
SLC25A10,0.004980769230769492
PP12613,-0.11313923076923055
ARFIP2,-0.00576749999999985
APOL4,-0.024177884615384237
RBMY1J///RBMY1E///RBMY1D///RBMY1B///RBMY1F///RBMY3AP///RBMY1A1,0.024703846153846427
GLRA2,0.0013613461538462869
CXCL6,0.01217538461538476
ZNF503-AS2,-0.06895884615384597
GABPB1-AS1,0.013393461538461663
BRE,0.2316171153846155
ARL10,0.1235969230769231
LOC728842,-0.10924269230769199
TMEM198,-0.05137653846153846
ZFR2,0.08436461538461565
LTB4R,-0.016062307692307543
FRMPD3,0.03489115384615396
LINC01539,-0.026109038461538333
GTSF1,-0.027934423076922926
ATG4D,0.11895115384615394
FER1L5,-0.04545057692307681
AQP7,-0.025425384615384374
IMPA2,0.012328076923076916
LINC01138,-0.026035192307692186
HTR3A,0.013995576923076994
GYPB,-0.23188961538461494
GDF15,-0.06107769230769219
NKAIN3,0.010079615384615524
SARS2,-0.005841538461538131
GPR19,-0.008110961538461373
LOC388456,0.0386282692307694
FANCG,0.10227538461538468
LOC648390///UBB,-0.02311596153846136
TRAC///TRAV20///TRA,-0.00966942307692283
KIF2B,-0.007913269230769137
ASL,-0.030906923076922728
GABRA4,0.03612942307692328
LEFTY2,-0.019508076923076854
LINC01465,0.006372307692307836
NPHP3,-0.008025384615384554
F7,0.01243692307692313
CCDC105,0.05288730769230784
DUSP21,-0.029190769230769027
SIDT1,-0.01698615384615379
LINC00673///LOC284072,-0.019699423076922903
ZNF512,-0.0847686538461536
PRMT5,0.0437100000000001
LSMEM1,0.033117115384615606
LOC642502///SDHC,-0.030022115384615328
SELPLG,-0.14245499999999975
KLRG2,-0.08147826923076912
RBP3,-0.03772230769230743
TENM1,0.019274615384615428
FAM174A,-0.004253461538461389
FAM93B///LINC00937///OR7E140P,-0.013931346153846108
FLJ21408,-0.0021342307692305356
LY6K,-0.11550999999999996
SMIM2,-0.035231346153845926
BEX5,0.1658617307692309
LOC101927790,-0.009479423076923071
KRTAP19-3,0.12280153846153859
NRM,-0.0017205769230768078
LEMD1,0.056063653846154075
ASB16-AS1,0.005151923076923352
LOC101927348,-0.1004748076923073
SCN4B,-0.041327499999999656
CPED1,0.034994615384615485
RARRES1,-0.017048653846153665
PMPCA,-0.05131884615384608
LOC105373460,-0.03046153846153824
SYTL5,-0.024234807692307497
ZNF689,-0.022652307692307586
LOC105374809,0.053822692307692536
LOC101927313,0.0028180769230770684
PLVAP,-0.02735384615384573
MSANTD1,-0.08495980769230749
DHRS9,-0.03498499999999964
IFNL2,-0.12632519230769224
LUZP4,-0.11421711538461508
ZNF831,0.028715576923077083
LOC100127940,-0.06776999999999977
ZBTB49,0.0008590384615387739
LOC100134197///DTX2,0.043354423076923276
HNCAT21,-0.05416769230769201
SFTA2,-0.019363653846153718
LOC730200,0.034355576923077204
CTRC,-0.14509596153846097
C15orf39,-0.0008319230769227115
MYL4,0.024437115384615554
C4B///C4A,0.16459173076923092
CCDC158,0.07995423076923075
SRMS,0.01742884615384645
LOC100132502///RIIAD1,0.061197692307692446
TGM5,-0.0026980769230766713
ZNF775,-0.014329999999999744
FRAT2,0.12306000000000009
TRIM48,-0.04904980769230754
CCDC185,0.0024476923076924622
KRT14,0.0016300000000001968
LOC286382,0.0283026923076923
GDPD5,0.14901557692307707
CORO2A,0.0033775000000003897
NSG1,0.008043076923077364
LHFPL3-AS2,0.01613692307692323
LOC651198,-0.09801749999999995
OXNAD1,-0.047008846153846
CLASRP,0.03186692307692312
BPIFA4P,0.004026153846154201
LINC01558,-0.07083903846153838
CDRT15,0.03242557692307731
LYRM9,-0.14748730769230745
GDNF,0.08211865384615413
DCTN5,0.022824230769230968
MYL1,0.001461153846154159
GLRA1,-0.0573821153846153
SETD4,0.014979615384615626
MKNK1-AS1,0.024382884615384726
LINC01523,-0.028621153846153585
LOC390705,-0.040242499999999765
LOC105378948,0.07230307692307703
LINC01588,-0.024560384615384127
SLC26A1,-0.022429038461538105
TAF1L,-0.03491384615384583
DCST2,-0.12694788461538434
PRX,0.17419634615384605
OTOS,0.054165769230769344
FAM84B,0.005995384615384613
C1orf87,0.009426538461538542
TEX261,-0.012313846153846193
ARHGEF7-IT1,0.017255576923077103
LPAL2,0.010502307692308052
IPO4,-0.0008540384615381827
ZNF582-AS1,0.03415326923076952
TUBA3D///TUBA3C,-0.004266153846153634
LOC105372547,-0.01687038461538442
LINC00939,-0.0789248076923076
LOC100130332,-0.023465384615384267
C2orf88,0.025935576923077217
PRMT1,-0.011379038461538349
XGY2,-0.07883403846153818
KCNQ3,0.027255384615384837
IRF2BP1,-0.022499807692307482
CAPN1,0.38192288461538476
KCNH1,-0.03318134615384611
LRP4,-0.012736153846153704
TRIM51,-0.021081346153845746
PPP5C,0.0388725000000002
NUDT18,0.05852153846153846
LOC100133748,-0.024962884615384283
NEFH,-0.0009673076923076313
LOC100132005,-0.09006384615384605
PPP1R14C,0.06687865384615387
ACVRL1,-0.07050173076923053
AMELY,-0.03346115384615388
TRHR,-0.11365519230769187
ZNF285,-0.1345149999999997
TTLL1,0.0002623076923079972
LOC100128175,0.04802134615384652
CRYGN,0.05533673076923119
RYR3,0.08160769230769255
SPSB2,-0.09204673076923056
ZNF695,0.037559615384615636
MYO1F,-0.015903076923076676
HMGCS2,-0.013160576923076742
LOC388942,0.013769230769230676
DFFB,0.1571523076923078
FGF19,0.0027480769230770843
SNAP91,0.1189684615384617
PPP2R1A,0.12341442307692324
TUBA8,-0.007441153846153578
SMC2,-0.06270346153846117
TAAR9,-0.061427499999999725
LOC440117,0.0022003846153847064
RANBP17,-0.06391269230769209
REC8,0.0013513461538462261
ACSM2B///ACSM2A,0.010495769230769239
PRR20E///PRR20D///PRR20C///PRR20B///PRR20A,-0.14282749999999955
EPHB6,-0.08932846153846144
LRRC74A,-0.04767249999999959
ZNF607,0.020071153846154016
MTMR10,0.015042692307692342
CEACAM7,-0.015452307692307498
PVALB,-0.18204961538461506
SP5,0.18298211538461548
GABRR2,-0.049306346153845944
ARHGEF34P,-0.009994230769230531
IGHV3-75,-0.15251769230769205
AZGP1,-0.0003596153846152342
USP19,0.20412442307692302
MIR7515HG,-0.13072384615384577
ZBTB33,-0.0897961538461537
MICU1,-0.06573230769230753
ITIH2,-0.0028946153846150955
ELMOD1,0.009666346153846338
LDLRAD4-AS1,-0.011299038461538048
ANGPTL8,-0.06530576923076882
C16orf82,-0.002955961538461517
GATA5,0.010973846153846516
HTR4,-0.005313461538461356
LOC107984678,0.010026923076923355
ARHGAP4,0.1526094230769232
SMIM1,-0.0815149999999997
GLIPR1L1,-0.12042923076923054
SAPCD2,0.0032726923076923688
VIT,-0.0047709615384613
WDR31,0.016015961538461645
DNPEP,-0.14629692307692277
SH3TC1,0.10548038461538459
PNLIPRP3,-0.008691538461538193
SLC23A1,-0.010954423076922903
ZSCAN22,-0.0004853846153844161
C8orf37,-0.07043807692307683
LYL1,0.007694807692307807
TUBBP5,0.014475000000000075
RPS10-NUDT3///NUDT3,-0.04300346153846132
CAMSAP3,-0.009121730769230585
CYB5R2,-0.005275769230769083
LOC100129720,-0.02589711538461532
SPINK1,-0.008613269230769197
CRLF2,-0.022837307692307563
WDFY4,-0.010543461538461344
LOC101928961,-0.040762884615384444
ERAL1,-0.008417307692307426
LOC729397,-0.04178865384615371
ATAT1,0.0022144230769232344
LOC157931,0.0026600000000002685
EFCAB10,-0.013826346153845903
ADAL,0.10923903846153862
HTR2C,-0.004834423076922937
ABCC11,-0.16790961538461538
LOC105378130,0.023972500000000178
DKFZp564H213,0.032336153846153876
EGFL6,-0.00039788461538438786
C11orf52,0.01608865384615412
MAPK8IP3,0.019849615384615493
GBX2,0.02062288461538467
RIPPLY1,-0.04047230769230778
NOS2,0.0011159615384616602
CT62,-0.0006351923076921795
JPH3,-0.018779038461538073
OCM///OCM2,-0.013322499999999543
DIO3,0.010585961538461707
FAM71F1,0.04108134615384613
LINC00226,-0.10485038461538435
LOC101927402,0.04520480769230772
PAX3,-0.02005134615384569
FLJ12078,0.016919807692307776
SPRR1B///SPRR1A,-0.03669288461538428
WDR88,-0.07194499999999966
CHAF1B,0.013553653846154094
SYNDIG1L,0.012373653846154057
CCDC115,0.07845134615384632
LOC728777,-0.056754807692307466
DOCK4-AS1,-0.1520078846153843
SAA2///SAA1,-0.015955769230769266
MS4A5,0.0010930769230770377
MLANA,0.046889230769230995
EMX2,-0.0072976923076923505
RNF31,-0.015418269230768986
CLEC3A,-0.07817115384615364
CHRNA5,-0.02293076923076904
IZUMO2,-0.06158980769230752
LOC731484,-0.014257115384615415
RNF41,-0.02831538461538432
RAB2B,0.019714615384615296
MAP1LC3B2,-0.0024890384615381283
LOC652493,0.016649038461538705
POLR3K,0.02757173076923089
ATP1B2,-0.043166346153845944
VARS,0.15086519230769244
DPEP1,-0.05457653846153823
USP44,0.003202884615384679
RASL11B,0.07933807692307727
CD101,0.005966153846154219
RAMP2,0.06049596153846183
KLB,-0.3028549999999997
BAIAP3,0.10414384615384624
DEDD,0.0022173076923078026
FBXO39,-0.012577692307692217
TRAF2,-0.036030384615384416
NAV2-IT1,-0.02810519230769191
C2CD4B,-0.0024109615384615285
KNDC1,-0.04622826923076912
MC5R,-0.17376480769230732
GPR101,0.055295769230769405
LOC100132947,0.017759230769231003
CDR2L,-0.15304634615384588
CST13P,-0.1319734615384614
CLEC4C,-0.009951923076922943
PPP1R37,0.006486923076923164
LOC101928449,0.002317115384615621
LOC101927943,-0.12377423076923053
HOXA1,0.05532749999999998
HDAC6,-0.060391153846153504
MYCNUT,0.06054365384615392
XKRX,-0.013823076923076296
LOC101929122,0.020981538461538718
CDK18,0.10690961538461553
LOC100128570,-0.08456480769230756
LOC100130415,0.08136250000000021
HYKK,0.004422884615384703
SLC12A5,0.006066923076923337
FAM131C,0.011170192307692612
CYP1A1,-0.0022361538461536192
PRY2///PRY,0.014446346153846242
ZC2HC1B///LTV1,0.004071923076923252
SLC22A18AS,-0.039148076923076834
SLC14A2,-0.03070019230769215
OR51B4,-0.07578423076923063
DUX4L2///DUX4L3///DUX4L5///DUX4L6///DUX4L7///HPX-2///LOC652291///LOC652119///LOC651709///DUX4L12///DUX1///DUX3///DUX5///DUX4L1///ASMTL,0.002259423076923351
GRID1,0.002961346153846482
LINC00927,-0.09798076923076891
LOC101927021,0.03470134615384621
LOC101927769,-0.03483673076923063
PLA2G12B,0.009987115384615514
APCDD1L,-0.009297115384615041
IRF1,0.0030836538461540045
HIST1H2BB,0.03610519230769262
TMEM31,-0.34503211538461503
PON3,0.017978846153846303
ACOT4,-0.02296576923076902
LINC01512,0.0008753846153848233
TNNI3K,0.03032557692307709
ANKRD30BP2,-0.0004938461538459377
ZNF416,-0.39295365384615344
BLMH,-0.004594038461538193
GAGE1,-0.40261326923076896
DMRTC2,0.11567134615384625
DDX51,-0.03782884615384572
IL23R,0.008008653846154108
LRRC6,0.02296846153846173
KIAA1210,0.007625384615384717
NR1H4,-0.017740769230768883
C10orf71-AS1,-0.0008224999999997712
APBB3,0.12680442307692327
C20orf173,-0.15052653846153816
NAT6,0.12829903846153862
IDI2,-0.08374461538461506
BCO1,0.03189038461538482
DSG1,0.0001575000000004812
OTC,0.04241057692307706
TP53INP2,-0.010526346153845975
ADRA1D,0.010395576923076926
FZD10-AS1,0.01804673076923087
PPP1R36,0.06777538461538475
GSN-AS1,-0.04852615384615358
FAM160A2,0.1281348076923078
GABRR3,0.07843769230769235
DHX33,-0.000269615384615346
ISPD-AS1,0.023476346153846257
MGC4859,-0.02524192307692279
PPDPF,0.04702211538461533
BBOX1-AS1,0.012303076923077052
TMOD4,-0.07811769230769211
CASC1,-0.05605057692307676
ACBD4,0.1556171153846156
DNAH17,0.16069576923076914
RHOF,0.05120269230769262
RETN,-0.025746153846153697
NPEPL1///STX16,0.6654778846153847
DISP3,0.011429423076923231
AMOT,0.016236923076923298
LOC101929340,-0.047176730769230325
KLHL12,-0.007179807692307617
GRIK4,-0.0030890384615382964
C17orf53,0.09995903846153845
LOC100499484-C9ORF174,-0.13105730769230745
ZNF32-AS3,-0.062434038461538235
ALPL,-0.16981711538461508
C2CD2L,-0.05616615384615357
RGS19,0.03437480769230792
ANKRD13B,0.030914423076923166
LOC644613,-0.016998076923076887
LOC105370613,0.006405576923077099
C20orf27,0.003589807692307893
ASTN2,0.003012115384615656
SCAI///GOLGA1,-0.005684038461538349
LINC00302,-0.004133653846153903
MIRLET7BHG,-0.10163403846153811
NPHP3-AS1,-0.08788192307692276
FRAT1,-0.026221923076923004
LOC100134221///ZFP1,-0.025486538461538207
TMCO6,0.12367403846153883
LOC643623,0.02417865384615387
CPT1B///CHKB,-0.009939423076922723
SPTA1,-0.032017115384615234
LOC101928909,-0.06553826923076898
C12orf42,-0.08096346153846133
ENDOU,0.041475384615384824
ARRDC1-AS1,-0.03773384615384605
CENPV,-0.1268528846153844
VENTXP1,0.011065769230769342
LOC102724002,0.005065961538461553
LAMB3,0.01466134615384655
GPC5,0.011399807692307884
STAT5B,0.12396173076923084
MRAS,0.000514423076923202
MRAP,0.08097596153846162
CA5B,-0.007008653846153538
TTLL4,-0.013490192307692205
DGKK,0.03567423076923079
MED12,0.10484173076923102
ZNF444,0.054030192307692466
KBTBD3,-0.002002692307692045
OTOR,-0.10938788461538439
MACROD2-AS1,-0.09658788461538409
SGO1,-0.14928096153846127
RAB40AL,0.11715057692307701
MEST,-0.05662365384615382
LINC00996,-0.019407692307692348
PLEKHB1,0.018418653846153904
FJX1,-0.0028090384615383278
UGT3A1,0.1892067307692308
HRAT13,-0.004496730769230597
WFDC9,-0.042764230769230624
MOCS3,-0.0023196153846152157
ASMTL,0.030996153846154013
GAS2L2,-0.005205961538461321
LOC100129951,0.005304423076923248
MFSD5,-0.1314084615384612
ZNF703,-0.01394423076923048
CRX,0.004624423076923343
FAM41AY1,0.047754230769230875
FDCSP,0.07148384615384624
MROH2A,-0.11555019230769205
ASGR2,-0.0035749999999997537
TG,0.039946153846154
RMI2,0.0685
CECR9,-0.012389230769230656
LOC101928123,-0.33474692307692266
LINC01565,-0.05602653846153823
LOC727901,-0.025354230769230428
LOC101927420,-0.03289096153846118
LINC00452,0.0053613461538463345
ZNF805,0.06955134615384626
CCDC125,0.0747361538461539
IL18BP,-0.038855384615384334
CTNND2,-0.15358730769230738
LOC107984282,-0.017718846153845974
AGAP5///AGAP9///AGAP4,0.015391538461538654
LOC647115,0.03413519230769244
SOHLH2,-0.02653019230769217
RFPL1S,-0.008429423076922793
LOC729291,-0.03617153846153823
CYP4Z2P,0.00792903846153864
OPRL1,0.016440000000000236
TEX13B,0.006064230769230924
LOC101928597,-0.013220576923076778
TGM3,-0.12169615384615351
PARK2,0.026268076923077064
DPF1,-0.0013580769230767138
LOC100996583,0.002605769230769396
LYSMD2,0.0063238461538464505
LURAP1,0.05976346153846162
LOC100130356///PAQR3,-0.039445576923076674
LOC100129029,-0.004311346153845787
ATP8B4,-0.009192884615384372
MAP2K1,-0.004287692307692213
VENTX,0.0582225000000001
DUOX2,0.0011823076923076006
PDE2A,0.009194423076923057
IFNA4,-0.02027980769230735
CFC1,0.042598653846154175
HCN2,0.004788076923077095
TRPC3,0.010508461538461807
ATP1A1-AS1,0.018130961538461863
HIST1H1B,-0.014711153846153523
LOC729314,-0.06507442307692302
MED16,-0.062477115384615346
CHMP6,-0.17398500000000008
LOC101928491,-0.015843653846153414
HS3ST2,0.029913846153846298
CLEC12B///CLEC12A,0.015782307692307783
ACTL6B,-0.05348423076923044
OR4D1,0.0014913461538463596
DCSTAMP,-0.02050673076923058
ZIC4,0.013190961538461726
LOC646903,0.003855576923077149
HIST1H2BC,0.008599230769231176
PIDD1,0.02438230769230763
APCS,0.0033638461538463365
LINC01226,0.1342765384615386
IL36G,-0.03346769230769219
LOC100128718,-0.004234230769230682
ERICH1-AS1,0.14059365384615388
LOC642131///IGHV1OR21-1///IGHV4-31///IGHV7-81///IGHM///IGHG1///IGHA2///IGHA1,-0.053104230769230765
RHOG,0.00173250000000013
CRADD,-0.08491730769230764
CTSE,0.007972115384615605
TBX2,-0.011678269230768992
C1orf35,-0.09170711538461487
ZNF296,-0.05380846153846119
LOC102723409,-0.030542884615384396
TMEM125,-0.10198442307692285
FBXW10,-0.17237884615384583
CCDC148,-0.009097884615384329
APH1B,-0.051127692307691985
CCDC89,-0.03158519230769215
LOC728283,-0.08005519230769195
SNHG22,0.2218988461538461
OR1A2,0.06159519230769241
DPPA5,0.022637115384615582
NPPA,-0.12289307692307667
VAT1L,-0.005547499999999733
DNAJC5B,-0.017027115384615085
MEF2C-AS1,-0.03979826923076915
EXOSC2,-0.03635769230769217
LOC100131180,-0.014031346153845796
LOC729307,-0.06451884615384602
PHF23///NUP98,-0.1119999999999999
HFE2,-0.012933653846153647
PIK3IP1-AS1,0.004870000000000278
MYEOV,0.0600275000000002
GTF3C2-AS1,-2.2692307692035315e-05
LINC00460,-0.10557692307692294
LINC01449,-0.08362846153846144
SATB2-AS1,-0.00016634615384612637
PKP3,-0.15661749999999958
LINC01193,0.00768826923076942
LOC101928417,-0.012424423076923053
PRR4,-0.08082807692307664
LOC101929174,0.030662884615384786
OR51B6,0.0020234615384617047
HLA-DRB6,-0.005065384615384469
LOC284912,0.046456153846154195
CLVS1,0.015499615384615424
ROS1,0.004669807692307953
KLK15,0.018734807692307794
LOC286254,-0.0498496153846153
CETN1,0.1947584615384617
ZNF653,0.005324230769231051
KIR2DS4,-0.15421769230769197
UCP2,0.04638711538461549
RORC,0.0031565384615387243
FGF11,-0.27017384615384576
LOC400464,-0.022670576923076696
COL18A1-AS1,0.03449384615384626
RAET1E,-0.004816538461538188
KRTAP1-5,-0.03166442307692288
LOC648795///LOC440302,-0.010635384615384443
MMD2,0.1097303846153849
PGD,0.0029019230769232983
LOC730496,0.004414038461538734
MCM4,-0.009791153846153705
CBX4,0.006146730769230878
LRRC55,0.007879038461538576
FAR2P2///LOC150519,-0.0066884615384612935
ALAS2,0.010935576923076997
SBF1,0.053288076923077236
CLC,-0.02109442307692311
FIBCD1,0.002128653846153981
PICALM///MLLT10,-0.03994538461538451
TMEM169,-0.29991538461538436
HSD11B1,-0.02409480769230749
TEX33,-0.06549269230769199
LINC00877,-0.0606684615384611
LINC00967,0.07650019230769256
MBLAC1,-0.1438169230769229
PLD4,-0.15004057692307676
VIPR2,0.051456730769230984
LOC729683,0.010761923076923243
CATR1,-0.04169884615384595
OXLD1,0.0815975
CD8A,0.0269974999999999
MOP-1,-0.005033269230769014
TWIST2,-0.03666980769230748
PLA2G6,0.01709192307692328
CAPN10-AS1,0.09471749999999982
SCN5A,-0.061294038461538185
LIMK2,0.25386346153846173
GRM6,0.000876346153846351
LOC652565///CD8BP///CD8B,-0.06491730769230734
C20orf96,-0.20447980769230736
LOC729870,0.005563846153846544
CTAGE11P,-0.037808846153846
FLJ38576,0.009691538461538677
NLGN3,-0.05654134615384579
DMBX1,-0.2694330769230766
TBL3,0.01000807692307713
TBC1D26///ZNF286A,0.004971923076923215
OBP2A,-0.0015674999999998772
TMEM141///CCDC183,0.1005409615384616
DACH2,0.0513148076923079
LOC339874,-0.2985140384615381
CALHM1,-0.2167763461538459
DCUN1D3,0.012746346153846184
PKHD1,-0.12686461538461513
LOC101930028,-0.008534423076922863
SIGIRR,0.035827115384615665
LCK,-0.09365076923076888
VSTM1,0.028233653846154005
CERS4,-0.056349999999999636
RUNDC3A,0.018085769230769412
HYDIN,0.04660923076923095
POU2AF1,-0.08037019230769217
TRIM41,-0.04248461538461522
MARCH2,-0.0667071153846152
ANXA2P3,0.030801730769230918
LOC730909///HERC2P10,-0.006418461538461528
CDKN2A,0.02254730769230797
GCDH,-0.06093846153846115
TMEM108-AS1,0.020096153846153823
PSMG3-AS1,0.090749807692308
NR1H3,-0.23148788461538436
LOC100129973,-0.022509999999999867
HRH3,-0.013207692307692136
LOC400940,0.023136538461538743
TRIL,-0.03779019230769215
PPM1E,-0.04009499999999969
FAHD2CP,-0.009021923076922832
SENCR,-0.011918076923076759
DAW1,0.01143942307692311
RRAGB,-0.006169230769230726
HSF2BP,-0.015614615384615147
ADAM5,-0.012611538461538358
TSGA13,-0.027236538461538343
CRTC2,0.011715961538461885
PAPOLB,0.009373461538461697
GNA14-AS1,-0.006423461538461388
AHSP,-0.029468269230769034
DIO1,-0.0897305769230768
SP8,-0.05919249999999996
KRT72,0.021879230769231015
RPS27P6///RPS27P29///RPS27P21///RPS27P7///RPS27P23///RPS27P13///RPS27,0.06495019230769256
TBC1D17,0.14976096153846158
XK,0.012079807692307966
ZBTB25,0.038570192307692416
LINC00645,-0.021023653846153602
LOC101929188,0.04273576923076931
ALK,0.010190769230769184
CECR3,-0.024494038461538296
ATG2A,0.1061025
C5orf46,-0.07892153846153824
ZNFX1,0.0037378846153848064
PROX1,-0.06736019230769205
PRH2///PRH1///PRB4,0.010055192307692525
ZAR1,0.012100000000000027
GINS1,-0.0016286538461536258
PRO1483,0.0032784615384617815
CREB3L4,0.028719615384615618
DUS1L,0.06810173076923098
MAGEA11,-0.011106923076922919
LPAR2,0.06540038461538471
LOC100129022,-0.06491096153846146
MISP,-0.06564519230769206
ILDR1,-0.003997884615384392
GNG3,-0.014417499999999929
LOC732447///DAZ4///DAZ2///DAZ3///DAZ1,-0.011999038461538278
CSF2,-0.0020124999999996344
IL24,-0.008560192307692291
CD53,-0.007492692307691964
ATP23,0.03498923076923099
LOC100130744,-0.056617307692307384
FN3K,0.011916538461538539
NXNL1,-0.15205288461538438
LINC00210,-0.006127884615384478
LOC730125,0.09204673076923095
MRGPRX4,0.052405769230769235
GMCL1P1,0.006823076923077017
FAM138C///FAM138B///FAM138A///FAM138F,-0.00030134615384598106
C1orf158,-0.05193730769230737
ADRB2,0.20854038461538485
LOC283387,-0.037016923076923045
SMIM5,-0.04549096153846148
LOC100131613///AHSG,-0.031891923076923
TMEM51-AS1,-0.014570769230769033
LOC100132740///STAG3L2///STAG3L3///STAG3L1,0.2596392307692309
CD27,-0.042660769230769086
LINC00887,0.10109730769230785
NME5,-0.020380192307692238
TMEM54,0.011890961538461673
ATP13A5,-0.09242288461538438
SLX1A///SLX1B,0.04124384615384641
MYOCD,0.009138076923077177
FAM81A,-0.20718673076923033
CD3D,0.006323076923076994
DDX19B,-0.012084999999999936
ICOSLG,-0.12263307692307684
LINC00648,-0.03725249999999999
CD72,0.00768576923076941
SYT14,-0.02635961538461531
ZBBX,-0.010717884615384409
DFNB59,-0.01624211538461512
OR1D2,-0.06763692307692276
FRMD5,-0.022842884615384567
LOC101928009,-0.06336076923076912
ELFN2,-0.08569942307692285
KRTAP4-1,0.010965769230769421
EP400NL,0.011796346153846391
CA7,0.029543461538461543
FLJ33360,-0.000993269230769027
CELF2-AS1,0.03461942307692329
LGALS8-AS1,-0.020321538461538145
OTOGL,0.014291346153846462
CCER1,-0.05181980769230734
LOC102724612,0.026380769230769433
LOC100133577,0.09769846153846179
LOC729766,-0.08619038461538442
PROSER2,-0.05088884615384595
DEFB122,-0.011809230769230582
CLEC1B,0.054811346153846356
PITPNM3,-0.1730334615384612
TERF2,-0.01908499999999976
CYP4F2,-0.029106153846153667
NAALADL1,-0.0452207692307691
CD244,-0.0041351923076922955
TLR2,0.04738307692307703
CDT1,-0.14506557692307656
UNC45B,-0.00556230769230752
LINC00698,-0.1322728846153842
LOC100506314,-0.0528446153846151
BSN-AS2,0.023005769230769493
CYP2A7///CYP2A6,0.004905000000000251
LOC102723701,0.005659038461538599
SCO1,0.022505576923076982
BCAS4,-0.006349807692307602
GSTTP1,-0.026044038461538365
ORAI3,0.031798461538461636
PPL,-0.066249423076923
WNK4,-0.016467692307692242
LOC105371920,0.07257980769230774
RPS11P6,0.08990711538461552
CLPB,0.05675384615384618
LOC400794,0.05631230769230794
IL21,-0.010779038461538212
DLG1-AS1,-0.06565711538461526
GATSL2,0.010362115384615532
LOC400756,-0.04822230769230729
LOC100129206,0.14505423076923082
OLIG3,0.00402346153846183
SULT1A1///SULT1A2,-0.075153269230769
FCGR3B,-0.012087692307692162
GAL,-0.008826538461538143
CHRAC1,-0.029782115384615216
RHOD,0.09836519230769233
C15orf49,0.022684999999999927
ANKRD18EP,0.006651538461538738
SLC25A18,-0.023825961538461466
MBL2,0.005999423076923304
POC1B///GALNT4,-0.08274173076923068
CACNA1H,0.04404500000000024
ILDR2,-0.0014607692307691165
NME6,0.1733990384615387
AP3B2,-0.004958653846153674
SLC8A3,-0.002422307692307544
LOC105378589,0.07962557692307719
MGC40069///TRAV8-3,-0.03341499999999981
KCNN1,0.05578480769230802
HIC1,0.026138076923077163
FAM134C,-0.004295769230769042
LOC101927766,-0.007632499999999702
LOC285423,-0.01594038461538455
LOC285812,0.00639730769230779
CMTM8,-0.024456346153846023
DKFZP564M1462,0.03607673076923075
IVD,-0.2121236538461535
LOC100131303,0.019379999999999967
UCN,0.1464767307692309
GYG2,0.007003846153846365
ASPA,-0.15606461538461527
GALNT8,-0.14466634615384596
GPRIN1,-0.150271923076923
BPIFC,-0.07916461538461535
GPR182,-0.014398653846153743
MIR4458HG,-0.017035192307692033
UBIAD1,-0.09876788461538458
LINC00610,0.027899423076923155
TRIM40,-0.03261480769230769
GYS2,-0.006067499999999882
OR6W1P,-0.0042005769230767966
TCTE3,-0.014122692307691982
FABP7,0.009186538461538541
FAM83C-AS1,4.288461538479664e-05
TRIP13,-0.0885069230769229
KRTDAP,-0.006220961538461354
CSHL1,0.023135000000000287
UBE2O,-0.03275807692307696
LOC100128840,-0.020449230769230616
FAT2,0.016352884615384915
LOC100129448///WSCD2,0.005546730769231088
LOC731484///DIS3L2,-0.02492807692307683
CHST7,-0.02104807692307663
LOC254896///TNFRSF10C,-0.03512153846153814
LINC01181,0.016427307692307748
MAP6D1,-0.06924480769230754
CNBD2,-0.15020480769230765
ZNF135,0.05598634615384627
PRSS54,0.031178076923077138
ZNF141,0.00907384615384626
CDKN2A-AS1,0.013037692307692632
HOGA1,0.005380961538461527
OR11A1,0.012483846153846153
C1QTNF2,-0.006902307692307306
ZNF578,0.08684461538461542
CASC2,-0.04512519230769197
KRT73,-0.07522749999999986
LIM2,-0.15548115384615352
HOXB8,0.016118846153846456
PHF19,-0.04664442307692284
SYT15,0.011465769230769373
RASGRP1,-0.005869807692307598
SMPD2,-0.14914096153846126
SSU72P8,-0.038931153846153636
C2orf70,0.025737500000000125
CYP24A1,-0.06070884615384604
NR2F1-AS1,-0.04377230769230745
C5orf17,0.005647884615384876
ADAMTS13,0.381523653846154
NUS1P3,-0.031157115384615117
SYT4,-0.024604038461538354
FAM78A,-0.01100730769230754
FAM78B,-0.007817692307692265
LOC100289061,-0.10585346153846142
RBM38,-0.07611499999999982
LOC101928847,0.012331730769231091
TRIM63,-0.0637111538461536
ZNF595,0.014541923076923402
DKK4,-0.14711384615384593
FBN2,-0.03252903846153826
KIAA1659,-0.10548576923076931
PCSK1N,0.03126692307692326
FAM127C///FAM127B,0.044677499999999884
CXXC1P1,-0.009913076923076749
NPIPB7///PDXDC2P///NPIPA1,0.022651153846154112
PRDM14,-0.11236230769230766
LOC650024///CT55,0.04067307692307711
C19orf18,-0.04186269230769202
LINC00865,0.019047500000000276
IL37,0.040460961538461675
CTAG1A///CTAG2///CTAG1B,-0.11231192307692303
FLJ41170,0.07302365384615397
FRMD1,-0.021839807692307284
INHBE,-0.030124615384615187
DUSP8,0.059848653846154024
ZNF837,-0.06672596153846139
CD300LF,0.052985000000000136
NLRP3,0.015015961538461868
C12orf45,0.05719211538461554
TNFRSF25,0.0395113461538462
LOC101927513,0.08246115384615386
LRTM2,-0.043221346153845895
PDGFA,0.07971057692307704
LOC105370612,0.004016538461538727
BCRP7///BCRP6///BCRP3///BCRP1///BCRP2///BCR,-0.08754749999999974
ABCC6P1,0.0814167307692308
ACSBG2,0.0022196153846155103
VN1R108P,0.058807884615384734
DEFB4A,0.14035711538461548
LOC100507534,-0.06091461538461499
MSC,-0.10396423076923039
SAMD10,-0.011361153846153901
SIRPD,-0.10810942307692291
SNX32,-0.2037340384615383
LOC731884,0.01557423076923089
LOC284395,-0.06842461538461511
ZFYVE19,0.13764057692307702
RPRML,0.0061792307692309974
LOC101927310,0.00013019230769262133
CREB3L3,-0.024863076923076783
LINC00293,-0.0755724999999998
LOC400684,-0.008380769230768925
OCIAD2,-0.01120057692307681
FBLN5,0.0035023076923081063
ADIPOQ,-0.014589230769230733
CRACR2A,-0.0739423076923075
PHACTR3,0.0039042307692310763
CTC1,0.032209230769230955
SLC10A2,-0.030487692307692032
ANXA2R,-0.034989038461538204
SHC2,0.04650923076923091
PRAMEF12,-0.02064519230769211
CCR2,-0.042510384615384395
HOTTIP,0.035523653846153976
ASTE1,0.010878269230769299
LOC101928111,-0.13307096153846126
LINC00324,0.007653653846154011
PACRG-AS1,0.0032305769230770907
KCNJ12,0.009502500000000367
AQP4-AS1,-0.04010442307692295
SPRR3,-0.190643269230769
NFE4,0.02992519230769237
MLH3,0.024377500000000198
CARD10,0.10067596153846156
PRAP1,0.00562826923076939
LINC00479,0.0030038461538464526
GAMT,0.09648250000000021
DUSP13,-0.003588653846153716
CCL19,0.0032011538461540596
NSDHL,0.021142692307692407
MROH2B,0.09083134615384642
TMEM130,0.035107115384615646
IL19,0.025130384615384683
FLJ14126,0.019079615384615677
TCP11,0.06402192307692346
KCNK13,0.15629942307692307
LOC284648,0.042600769230769414
LOC643406,0.13247153846153858
ACMSD,-0.009742884615384487
ZNF219,-0.1274611538461535
C10orf67,0.21440173076923089
CD81-AS1,-0.02984173076923029
GH2///GH1///CSHL1///CSH2///CSH1,-0.04914749999999997
FAM223B,-0.10402134615384603
MRPS7,-0.003435192307692179
SFXN2,0.010658269230769426
TBX5-AS1,-0.13446326923076907
CNIH2,-0.003556346153845783
SERTM1,-0.014325576923076785
LOC645478,-0.07200846153846134
SPRED2,-0.04542615384615369
IFNLR1,-0.03805788461538448
FCGR3B///FCGR3A,-0.07994365384615365
ALKBH6,0.03897346153846165
NBPF6///NBPF22P///NBPF4,-0.07074461538461521
ZNF613,0.0016609615384617826
DGCR9,-0.30180038461538455
ANKRD18B,0.010873076923077088
ATOH7,-0.03617499999999971
GNRHR,-0.013837307692307713
PP13439,0.11583692307692324
FLJ14100,0.0328913461538462
CYP4B1,-0.10522826923076921
SLC38A3,0.031416346153846274
JOSD2,0.11188596153846146
DMRTC1B///DMRTC1,-0.12064653846153832
TNNI2,-0.10064307692307663
DLK2,-0.13896807692307658
LOC105374419,0.00938846153846166
SCAMP4,0.0009059615384617805
HID1,-0.05356288461538429
ZNF962P///LOC727867,-0.04128403846153835
NECAB2,-0.080741346153846
FAM230C,0.024580384615384674
ARX,-0.03918884615384598
LINC00309,0.03561403846153876
KCNU1,-0.13067999999999996
HOXA11,-0.10655499999999969
LOC100134123,0.014736923076923468
SIRPB1,-0.022109999999999852
ZFYVE27,-0.0681217307692305
PCSK2,-0.0071384615384614295
LOC100130458,-0.04254173076923063
KIF21B,-0.023164807692307617
LCN12,-0.06011615384615357
BTBD6,-0.036891923076922885
LIPH,0.02295730769230768
ASF1B,0.004851538461538695
TSPEAR,-0.079408269230769
OAF,-0.007747307692307508
TMPRSS11E,-0.03404961538461516
SPACA3,0.08871019230769245
LOC100506083,-0.11420423076923053
PKLR,0.015128269230769388
CDK11A///CDK11B,0.050290000000000244
XIRP1,-0.07610711538461534
KLF14,-0.04802538461538449
XCL1,-0.0064730769230768774
SUSD4,0.004852692307692338
LOC100129064///LOC731489,-0.30373019230769216
C1QTNF6,-0.029820384615384433
FBXO17,0.02088884615384647
PCSK4,0.002357115384615436
MED10,-0.016853269230769054
BTBD19,0.3072640384615384
LINC01254,0.004530192307692521
DEFB107B///DEFB107A,-0.11689442307692278
LINC01561,-0.10204711538461542
YPEL4,0.10741730769230803
GUCY2C,0.013950000000000292
RXRG,0.036610769230769266
TTBK1,-0.03068826923076901
NKX3-1,-0.001985961538461278
DMRTB1,-0.10700865384615368
WEE2-AS1,-0.06988903846153798
DND1,0.047828653846153986
FAM168B,-0.13202961538461522
MRGPRG-AS1,0.008168653846153996
SMTN,-0.019397115384615173
GPR89A///GPR89B,-0.002739807692307373
LOC401317,-0.0024355769230768364
LOC101928725,0.006729423076923251
LOC727944,-0.050724230769230744
PDC,-0.021748269230769106
ACE2,-0.17647634615384572
FMO9P,-0.005486346153845962
BEAN1,0.03141250000000017
HIST1H3H,0.04733923076923078
LOC149684,-0.07107999999999982
LAG3,0.22050634615384612
CNGA4,0.04988192307692325
SLC41A3,0.013323846153846365
CNKSR2,-0.014564423076922932
MINCR,-0.20435019230769189
MECR,-0.024448461538461367
MUC19,-0.09713019230769193
IGLV2-23,0.12421192307692329
FOXD4,-0.08736884615384598
KRT16,-0.03390346153846162
CATX-1,-0.03714326923076921
ACY3,0.13494403846153857
LINC01192,-0.09117576923076914
CAPN11,-0.031014999999999703
RPS6KB2,-0.09087192307692289
SLC44A3,-0.0017155769230769733
LOC100133109,-0.0830667307692305
PRRT2,-0.08229961538461501
TESC,0.025729615384615503
C12orf49,0.017073846153846443
GPR158,0.012231538461538502
TEX28,0.2314734615384616
SIRPG,-0.0007092307692306694
CCNB3,-0.012307115384615071
SSSCA1///LYPLA1,0.01738019230769271
FBXO24,0.06755538461538468
ZNF438,0.008772115384615543
LOC101929116,0.06377942307692312
AKR1B10,0.0009592307692309321
LOC100128325,0.07545096153846148
TMEM159,-0.1640848076923075
PROX2,0.01614250000000008
SPZ1,-0.031402499999999924
S100G,-0.04549096153846136
MYH2,0.0020515384615387836
SEL1L2,-0.04495076923076917
LY6D,-0.029742692307692217
LOC284219,-0.0031744230769229563
ZSCAN12P1,-0.019699615384615083
FETUB,0.030119807692307935
C2orf80,-0.014797884615384494
LOC105369921,0.0038042307692309403
SFT2D3,-0.09535076923076884
POLR2M,-0.0014101923076919286
AA06,-0.04536557692307674
SULT2B1,-0.0009128846153844847
B3GNTL1,0.015089615384615397
TCHH,0.02904461538461543
SFTPA2///SFTPA1///SFTPA2B,-0.031007692307692205
GATA1,-0.051314230769230425
TMEM201,0.05801884615384604
SLC12A3,0.061057692307692486
SLC35G1,-0.161901346153846
TRPC2,-0.047028269230769096
DES,0.04705576923076926
KIRREL,0.06335115384615404
LOC101929162,-0.10171076923076905
TSTD1,0.06869038461538463
LINC01613,0.011223076923076978
SH2D4B,0.053796538461538555
HMX1,0.11346000000000005
LINC00908,-0.01138384615384589
POM121L2,0.0065032692307692135
ZBTB46-AS1,-0.08611076923076924
CABP2,-0.043534038461538076
SCGB1D1,0.005928076923077195
UBAC2-AS1,-0.04166153846153818
ZBTB7C,0.01574250000000006
FAM188B,0.021422500000000105
ALDH16A1,-0.06249057692307659
ZNF778,0.005165192307692499
CCNE1,-0.11097076923076903
CHKB-AS1,0.01643653846153858
LOC100132884,-0.009771730769230557
FAM131B,-0.042690384615384463
NPVF,-0.09595173076923044
CHRNA10,-0.008938269230769071
CCL26,-0.02955576923076905
CST8,-0.06826442307692289
TMEM42,-0.096075769230769
NDST3,-0.005825192307692056
CPNE2,-0.10904980769230763
MCOLN1,0.06454211538461552
C15orf54,-0.03640057692307678
LOC100507140,-0.007204807692307635
PPCDC,0.08501788461538486
KRTAP10-11,-0.14091634615384607
BGLAP,-0.013522692307692192
ARMC7,0.0013459615384617295
MORC2,0.005049230769231011
NANOGNB,-0.0716996153846153
SMARCD3,0.13950634615384605
RHEBL1,0.05797673076923092
LOC101929517,0.10695826923076938
SPCS2,-0.031734038461538175
ZBED2,0.036386730769231074
IGF2-AS,0.05372923076923087
IL12A,-0.012033653846153729
PPP1R32,0.0849582692307693
LOC100132276///KRTAP3-3,-0.0073917307692305855
C1QC,-0.0006834615384613968
SNORA28,0.03981365384615397
TCEANC2,0.016985769230769318
PRAF2,0.08344038461538478
OIP5,-0.015450576923076761
ZNF205-AS1,0.05724038461538479
SHF,0.0463786538461541
CD38,0.018427307692307875
NODAL,-0.061916730769230405
C10orf99,-0.033323846153845954
MARCH4,-0.02185711538461512
APTR,-0.0032194230769230277
NEUROD4,-0.04699923076923066
C3P1,0.02690903846153871
CDC42-IT1,-0.04681673076923058
CD2,-0.012184615384615132
SERPINC1,-0.027137884615384356
LOC100129620,-0.038302115384615205
BAIAP2,-0.050185769230768756
LOC400958,0.007004038461538619
SPPL2B,-0.19177076923076886
SPATA12,-0.008765192307691943
MAG,-0.05295134615384607
C14orf181,-0.015996730769230656
CLDN4,-0.050511153846153616
LOC105369187,-0.01600307692307669
ETV4,0.02899211538461551
RGS8,-0.036689999999999806
RPS19BP1,-0.03270192307692301
ADAM19,-0.004314423076922824
STX18-AS1,0.05347480769230796
LOC101928985,-0.026912884615384384
KCNN3,-0.022951923076922905
PRR4///PRH2///PRH1,-0.09697442307692292
PHOSPHO1,-0.03419076923076904
FAM110A,0.026630000000000147
PROC,-0.008150769230769135
LOC105374690,-0.19810942307692275
HIST1H2AG///HIST1H2AM///HIST1H2AL///HIST1H2AJ///HIST1H2AK///HIST1H2AI,-0.029775192307691947
VWA3A,-0.02895634615384604
LINC00970,-0.016511346153845974
IL15RA,-0.002268846153846053
C8orf60,0.05690461538461541
LOC100130548,0.03949980769230777
TBL1Y///TBL1X,-0.004870576923076693
UGT1A3///UGT1A1///UGT1A4///UGT1A9///UGT1A5///UGT1A6///UGT1A7///UGT1A8///UGT1A10,0.015295384615384818
HBM,-0.0037773076923076393
SAA4,-0.04110499999999981
ENTPD3,0.017057115384615507
PCDHB5,-0.0011217307692307486
OR2L2,-0.05266038461538432
FNDC5,0.029689230769231172
PDZRN4,-0.03939999999999989
EXOC3-AS1,0.09917115384615402
APOC3,-0.051333269230769155
RIMS3,0.04706788461538482
NRXN2,-0.007338846153846143
LRRC18,-0.0014017307692307448
APBA3,0.029787307692307658
ABCA6,-0.005359230769230588
CSK,0.1876407692307694
CAPN10,-0.04129019230769205
LINC00920,0.020006346153846662
PTH2,0.061442115384615574
KIRREL3-AS3,-0.02204173076923063
OR10H1,0.01840884615384617
P2RX7,-0.0748884615384613
LOC105377468,0.04885115384615405
BREA2,0.062060384615384795
PPM1G,0.018366153846154035
LOC729446///ARID1B,0.013387500000000286
EFNA2,-0.023959038461538327
DLGAP2,0.009602307692307917
CCDC169,-0.03922403846153844
CCDC120,-0.002346730769230593
HEPACAM2,0.060221346153846285
AIM2,-0.05406249999999991
CCDC114,-0.02852711538461509
SLC5A4,-0.00254538461538447
C1QTNF9,0.02113250000000029
HMHB1,0.01726000000000008
LFNG,0.15770807692307676
PUS7,0.0237673076923078
DGKI,0.0026365384615386536
SPINK7,-0.03847019230769211
CDX2,-0.0021915384615383425
RNF144A-AS1,-0.053999230769230584
TAS2R4,-0.03026423076923068
PRR5-ARHGAP8///PRR5///ARHGAP8,-0.0638521153846153
CCNO,0.0398425000000001
LINC01587,-0.10518442307692295
LOC652147,0.10376596153846164
PCDHAC1///PCDHAC2,-0.03267557692307676
SFTA3,-0.09361269230769208
ESPNL,0.10976192307692284
CNGB3,0.002405961538461672
PRICKLE3,-0.019706153846153665
HUS1B,0.015387500000000338
GALNT14,0.023052115384615633
LINC00561,-0.025515384615384547
WNT2B,0.06978500000000021
LINC01095,0.017510000000000157
LINC01468,0.013406153846154052
CDNF,-0.03452999999999985
TBX21,-0.001761730769230684
LOC101060391,-0.03558788461538441
RSPO1,-0.04513576923076916
LOC100133229,0.034098269230769425
LOC285191,-0.08082538461538451
FAM224A///FAM224B,0.08826826923076934
LOC105371809,0.02332365384615396
HSF5,-0.08191788461538452
PAGE2B///PAGE2,0.009292307692307876
CELA2B,-0.11342519230769198
BPIFA2,-0.1318642307692308
PNLDC1,0.05785961538461559
ATXN3L,-0.008616538461538224
KCTD19,0.0007384615384616093
NGB,0.016549038461538743
HOXB-AS4,0.0019303846153848074
ZFYVE9,0.09558326923076937
LINC00540,0.02070692307692313
LOC101929172,-0.033744615384615206
RPL23AP53,0.010079807692307848
PRR30,0.08014153846153858
FAM153C///FAM153A///FAM153B,-0.11767134615384607
KRTAP4-12,-0.06952749999999987
RPS6KA2-AS1,-0.12360057692307656
NPFFR2,-0.08937115384615373
EOMES,-0.10247230769230747
SLC25A34,0.028197307692307574
LOC105369748,0.009874423076923315
FAM27E3,-0.011941153846153473
RAB9BP1,0.00018019230769248604
RPL17P7///RPL17P18///RPL17P16///RPL17P36///RPL17P22///RPL17P39///RPL17P34///RPL17P25///RPL17,0.05647423076923089
S1PR3,-0.02847038461538449
NT5DC3,-0.017262307692307577
GPR88,-0.05618134615384606
PMS2P3,-0.023955384615384403
CATSPER2P1///CATSPER2,-0.10148999999999961
UPK1B,0.15645057692307707
CETP,0.011714423076923242
STPG1,0.05639365384615405
LOC730015///LOC441178,0.008204230769230918
LOC729070,-0.009895961538461227
ZNF597,-0.012187115384615145
LINC00934,-0.005591730769230441
LOC642620,0.020812692307692227
GREB1L,-0.004561730769230785
HPCA,-0.039004807692307276
SLX4,-0.0029884615384615345
RRH,-0.007481346153846194
POLL,0.08724346153846166
IL1RAPL1,-0.019788269230769144
LINC00936,-0.06706192307692282
HIST1H3F///HIST1H3B///HIST1H3H///HIST1H3J///HIST1H3G///HIST1H3I///HIST1H3E///HIST1H3C///HIST1H3D///HIST1H3A///HIST1H2AD,-0.039984038461538134
TRHDE-AS1,0.021124615384615554
LOC652637///WHAMMP2///WHAMMP3///WHAMM,-0.008146730769230727
FAM167A-AS1,-0.009492307692307488
OPN5,-0.012148653846153582
LINC00339,0.04789442307692318
FLJ13310,-0.018789807692307627
ACTA1,-0.038662499999999954
LINC00642,-0.06217442307692259
LOC100129268,-0.15716480769230734
GFRA1,-0.1024953846153843
ADAM21P1///ADAM21,-0.052097884615384386
ZNF341,0.02076538461538484
DANT2,-0.024129615384615218
CNGA3,-0.03213153846153826
ABI3,-0.05999846153846133
FDXACB1,-0.013828076923076768
RASL10A,-0.037766538461538254
DEFB125,0.03189134615384622
LRFN3,0.29153711538461535
LOC100131532,0.20571096153846155
LOC100506098,0.0994950000000002
TMEM114,-0.005816730769230664
C1orf94,-0.04124192307692275
D21S2088E,-0.03602519230769197
MADCAM1,-0.021056153846153686
LIF,-0.003436538461538244
CIAPIN1P///CIAPIN1,-0.016810576923076807
VARS2,-0.010758269230769163
HGC6.3,-0.051758653846153545
LINC00964,-0.007890576923076655
TMEM97,0.029608269230769372
ISYNA1,0.12651000000000023
RNASEH2CP1,-0.0309173076923075
NMNAT2,0.027872115384615582
ZNF583,-0.015437692307692019
PCDHB18P,0.0650790384615387
GH1,-0.020974423076922842
SLC26A8,0.04299230769230787
TOLLIP-AS1,-0.13391096153846133
SPRNP1,-0.13249884615384586
C9orf72,-0.015103653846153458
RTFDC1,-0.03231134615384596
SLN,0.01239826923076943
ATP2A3,0.06814153846153848
KCNQ1,-0.029816346153846072
FRS3,0.030419038461538744
AOC4P,0.0014178846153846691
PTOV1-AS1,-0.014131923076922915
KRT80,0.07275230769230798
OS9,-0.04635038461538456
PMS2P5///PMS2P1,-0.008062692307691998
NUDT16L1,0.07675788461538482
TGM1,0.04720903846153872
L1CAM,0.0005901923076924602
LIPF,-0.005247692307692173
LOC101929260,-0.022761538461538368
PRAMEF13///PRAMEF2///PRAMEF1,-0.06975730769230766
DHRS13,-0.017854230769230737
RAB7B,-0.08057423076923073
LAS1L,-0.20947846153846128
RSG1,0.07795384615384623
C11orf94,0.006532692307692531
GUCY1B2,0.08793730769230791
LINC01098,-0.020243846153846203
LOC101927253,-0.09215038461538441
UBE2NL///UBE2N,0.04897615384615387
LOC101927640,-0.022017499999999766
LOC105374676,-0.02081769230769207
FAM185BP///FAM185A,-0.08327519230769219
LOC100128079,0.0025019230769233627
PPARG,0.026042115384615504
LOC642696,0.03323423076923101
RAB3C,-0.057889230769230554
EXTL1,0.008041538461538504
LOC101928893,-0.11141326923076879
RPL10AP6///RPL10AP9///RPL10A,-0.022178461538461255
LOC643287///PTMA,0.005068653846154044
LOC102800447,-0.020276730769230873
LOC101928988,-0.09469826923076914
SASH3,-0.05024384615384597
ALOX5AP,0.02927250000000029
HMMR-AS1,0.08098134615384618
LCN15,-0.05009980769230759
SLC5A1,-0.06336673076923055
PCP4,-0.025594807692307375
LOC728084,0.007272692307692382
TMEM8A,0.018247692307692173
RLN3///IL27RA,-0.07173423076923052
FAM83H,-0.029531153846153527
ZPBP2,0.014989038461538573
PAQR6,-0.022099999999999773
IGLV4-3,-0.0017688461538461105
LOC100131347,-0.14606307692307668
ZNF446,0.10645442307692314
TEN1///CDK3,-0.04045596153846129
RAD54L,-0.05768423076923047
CDH23,0.018125000000000138
OR3A1,-0.09324461538461522
RIMKLA,-0.049255961538461325
RDH16,0.050340000000000155
ACTBP9,-0.02412576923076903
LOC100506207,0.007621538461538638
LOC105372482,-0.11339788461538437
OR7D2,-0.05390153846153853
LOC642131///IGHG1,-0.02336249999999971
CLCNKB,0.06519442307692312
GAFA1,0.030576538461538585
LOC105371401,-0.008522307692307433
NTM,0.12378346153846158
GZMK,0.10130000000000032
HARBI1,0.009513269230769355
ADRA2A,-0.026199230769230673
LOC100506142,0.07175346153846171
CTRL,0.15538673076923093
LINC01029,0.003607115384615525
CLDN6,0.0342315384615387
NAT14,0.00044538461538484974
CAPN14,-0.14401269230769217
BIRC5,-0.00233096153846133
TMEM140,-0.0054021153846151165
HTR1B,0.0717969230769231
ZNF165,-0.027414807692307558
N4BP2L2-IT2,-0.06591499999999995
ZFAT,0.008713461538461916
KLRC3,-0.09860442307692292
LOC284336///POU2F2,-0.05954288461538435
SMC1B,0.02842826923076944
LINC01012,-0.1733449999999999
ZFP91-CNTF///ZFP91///CNTF,-0.02099346153846153
OR51B2,-0.08576442307692282
PNCK,-0.013443076923076763
LOC101929148,0.019400961538461648
PLCH1-AS1,-0.009728269230769115
LOC105370178,-0.02179673076923048
ZIM2///PEG3,0.06204423076923083
ABTB1,0.027775000000000254
KCNAB2,-0.08887942307692284
CDC25C,-0.1159353846153843
ZMYND12,0.007195576923077241
JPH2,0.018339230769231087
LOC284570,-0.09088846153846132
GPR143,0.017142307692307738
ZNF474,0.0018096153846157957
DDI1,-0.04588365384615354
MIR4300HG,-0.04048557692307684
KCNK2,0.005837692307692514
LOC101929526,0.00783596153846182
UCK1,-0.17818384615384583
SUGT1P1,0.020497500000000165
RNF148,-0.027617307692307375
FOXO4,0.23305807692307706
LOC100127971,-0.011195961538461226
LCE2B,-0.14615884615384586
TCAF1P1///TCAF1,-0.057286923076922715
AHRR///PDCD6,-0.06955749999999987
SERPINB12,-0.029535769230769036
SIAH2,-0.004439615384615185
TCF21,-0.01408903846153837
TRBV10-2,-0.015858846153845866
ZNF436-AS1,0.005631538461538477
LOC152286,0.03648211538461539
TRPM4,0.006215000000000111
LINC01590,0.013360769230769431
HES2,0.04985653846153854
SERPINB4///SERPINB3,0.012161730769231029
CCZ1,0.02020000000000018
GPD1L,-0.040676923076922784
ITPR1-AS1,0.004841153846153952
LOC101928309,0.023491923076923223
PSG4,-0.017291153846153668
CDC20,0.023902692307692264
KANK4,0.054390769230769416
DUSP5,-0.021454999999999783
CFAP65,0.06312134615384622
FAM198A,-0.017878461538461232
DYDC2,-0.002283653846153633
LINC00471,0.017815961538461784
MAPKBP1,0.02478692307692328
RGS9BP,-0.05811653846153824
CECR1,0.0004600000000001832
CRP,-0.19985692307692285
SLC30A4,-0.008155576923076512
PLCB2,-0.06305038461538445
IQCF2,-0.015309230769230468
UBD///GABBR1,-0.006726538461538504
MAGEC2,0.0626984615384616
VSIG4,-0.017892307692307454
PHOX2B,-0.0057365384615383295
CRAMP1,-0.05621846153846131
LOC100134017,-0.03571615384615361
ZKSCAN3,0.11732519230769232
TYMSOS,0.005707884615384859
LINC01312,-0.040526153846153774
MYBPH,0.029726153846154055
ZNF630,-0.07442519230769216
KIF27,-0.011843846153846059
SLC16A2,0.021069615384615836
RHPN1-AS1,-0.0023859615384613907
TTTY2B///TTTY2,-0.06044807692307672
LOC101926948,0.1047594230769233
RELN,-0.11445673076923066
GRHL3,-0.051078653846153683
C1orf216,-0.0549417307692307
RAP1GAP,0.05138326923076946
OR7C1,0.0233796153846156
ARID3A,-0.15120480769230749
TMEM132C,-0.026147307692307553
TSKS,0.04816730769230793
C10orf2,0.025568653846153908
OVAAL,-0.12149115384615364
LOC101927438,-0.019979999999999824
MPL,0.03216653846153873
LOC101929748,-0.0005817307692306365
HOXD9,-0.008884615384615272
CLEC5A,0.023941346153846334
PDCD11,-0.005963076923076647
LINC01545,0.0057315384615385405
DHODH,-0.05181807692307696
PTCHD3P1,-0.012337115384615472
PACSIN1,0.04809846153846154
TMEM220,0.0026476923076924723
NCR2,-0.044627692307692
LOC653786///OTOA,-0.08527076923076882
C7orf69,-0.0007053846153845717
OR5J2,-0.008732884615384547
LL22NC03-75H12.2,-0.1629986538461534
SAG,0.03274326923076923
DOCK6,0.06770192307692323
LOC102723722,-0.0022878846153844877
LINC00708,-0.008075384615384458
C3orf35,0.022248461538461776
IL17C,-0.06906903846153828
BORCS5,-0.009475384615384316
F9,0.039077500000000244
ENDOG,-0.06279749999999994
MRPL12,0.031117115384615576
MEIG1,-0.053757499999999965
C12orf80,-0.07221923076923041
LOC100133920///LOC286297,0.10827307692307715
QPRT,-0.05312999999999977
TMEM95,-0.01263096153846129
CRYGS,0.003340000000000332
RAB38,0.17091576923076934
BOLL,0.02306634615384635
ATAD3C///ATAD3A,0.008561153846154052
ERC2,-0.03299307692307654
DOK1,-0.050749230769230505
MRPL38,0.07577019230769251
FOXN3-AS1,-0.0034240384615383274
YBX1P2///YBX1,-0.04320826923076902
RPS6KA1,-0.03299173076923045
LINC00458,0.009466538461538613
CLCN1,0.04644788461538478
UCKL1,0.09649153846153856
LOC339975,-0.09855942307692306
WBSCR28,-0.009817884615384399
LOC646670///LOC440292///COMMD4,-0.008229038461538357
VMO1,-0.20285134615384587
GABRR1,-0.06185211538461515
PLPP4,-0.0006886538461537154
CD1C,0.009630192307692357
CRTC1,0.05106461538461544
FEZF2,-0.0577351923076919
NKX6-3,-0.07353865384615357
HHIP-AS1,-0.00014326923076923474
LAMP5,-0.01693865384615361
CTSG,-0.0075038461538460026
SRM,0.0022665384615387267
EPN3,0.008951538461538776
CELP,0.035553076923077055
CABYR,0.02061076923076923
C5orf34,-0.0009671153846151653
LOC728173,-0.1477571153846151
LOC101929622,-0.0007155769230767673
TBC1D26,0.061928653846154084
VSTM2A-OT1,-0.15816673076923052
LOC100507277,-0.07694980769230751
CCDC81,0.0020871153846153817
LOC105376081,-0.049966346153845945
PRRX2,0.06503557692307697
LOC101928526,0.02765096153846178
FLJ46875,-0.005081923076923061
CA10,0.011446923076923136
ABCF1,0.058153269230769425
NKAIN4,0.11507653846153873
LOC652493///LOC650405///LOC647506///IGK///IGKC,0.002900576923077
SCNN1D,-0.0015455769230766202
ACOT6,0.0015742307692310443
TDRD1,-0.014587307692307516
FAM71A,-0.0467503846153844
PRM1,-0.010432307692307553
PPBPP2,0.006767692307692544
CRIP2,-0.0032699999999998472
FBP1,-0.040750769230769104
RSPO3,0.015070961538461514
ADARB2-AS1,0.05129961538461552
LOC646778,-0.13789153846153832
SYNGR3,-0.06444461538461517
PLEKHG2,-0.14173903846153826
CFAP45,0.2153863461538461
CEACAM8,0.011580769230769537
TRAF1,-0.04096038461538443
SMCO3,-0.026176538461538328
BATF,-0.04789846153846129
LRRC2-AS1,0.011322307692307848
ADGRF2,-0.03520096153846138
TSC22D1-AS1,-0.04100999999999966
LOC101927958,0.15595576923076937
NINJ2,0.041268653846153955
LINC00623///LINC00869,-0.18108903846153826
LVCAT1,-0.06879846153846143
PLA1A,0.0271948076923078
LOC100133236,-0.027978269230768918
ZNF668,-0.014965576923076655
CAPN6,0.1640451923076925
GBX1,0.022115192307692464
CHRNA4,0.026045769230769265
GPR50,-0.014681923076922848
IQCF1,-0.15340096153846114
PPP2R5B,0.32281730769230776
LOC105371414,0.005699230769230971
HMGB3,0.03483769230769235
TGM7,0.046815961538461806
GFAP,-0.11762634615384573
LINC01405,-0.05693653846153803
FBXO6,-0.09049499999999981
RPP25,0.09258153846153859
STX11,0.0014436538461539549
LGR6,-0.030997115384615064
ADA,-0.008253461538461347
LOC105375773,-0.19296384615384624
LOC731915///LOC648897///ABCD1,-0.03697115384615362
TTLL7-IT1,0.12397480769230769
LOC101928140,-0.007597884615384493
LOC105377443,0.000682115384615646
MGC12916,-0.12365153846153824
USP51,-0.013791923076922941
TP53I11,0.014697500000000042
FXYD1,-0.016708269230768867
CXCL13,-0.021946538461538392
BTG4,0.0005617307692309743
MICAL2,-0.05300442307692304
LOC100134333///LOC100130525///EXOC3L1,0.007331153846154123
NTHL1,-0.004889807692307561
LOC101927038,0.019491346153846227
VPS37B,0.0455180769230769
C7orf71,0.05090846153846179
CAPN12,-0.0013517307692304647
SLC9A8,-0.06268249999999977
GFRA3,0.0757069230769233
FHOD3,0.060307115384615466
SPINK4,-0.003940192307692182
ZNF513,0.009271346153846493
KRT76,-0.08107826923076876
VPS9D1,-0.014505961538461436
LAMC3,0.03216807692307688
OR10A3,-0.1063544230769228
PIK3AP1,-0.005758269230769108
MAP10,0.0021513461538463473
ZFP2,0.00784576923076934
TELO2,0.06862365384615389
C2orf72,0.24137846153846138
LOC101930452,0.004778653846153874
ACSS2,0.01593019230769245
RPP40,-0.0011632692307690987
LOC100130856///PSPN,0.02259365384615398
CASC17,-0.017553846153845958
LOC100129857,0.04727576923076942
PHYHIPL,0.022925192307692587
HLA-DOB,0.05164076923076935
C14orf91,-0.027865576923076892
IFNA14,-0.0020832692307690024
ITGA3,0.06809096153846174
LINC01118,-0.1219603846153846
C17orf74,-0.009489423076922939
SOX2,-0.16524211538461503
MCRIP2,0.06777423076923085
FAM131A,0.0019361538461540124
BORA,-0.016164423076923003
LINC01091,-0.21577884615384593
ZNF461,-0.05047076923076914
CAPNS2,-0.16842134615384588
CTAGE1,-0.031828653846153604
LOC101927543,0.027905961538461685
KCND1,0.013165576923077071
CCKAR,-0.06062807692307664
RNF167,0.11423423076923071
OAZ3,-0.09091153846153824
ODF3,0.01620384615384625
FARP2,-0.011809807692307724
CALCOCO1,-0.016649038461538434
CORT,0.013574230769231053
NPM3,0.010615192307692438
FBXL6,0.02224942307692311
ZSCAN20,-0.03499673076923038
CDH15,0.1342215384615387
HCAR1,0.02237384615384621
CXorf40A,0.04245000000000029
LOC645485,-0.05732057692307693
TEC,0.006927692307692425
TOX4P1///TOX4,-0.018616153846153845
LINC00158,-0.03969923076923062
SCN3B,0.08133442307692337
LOC338620,0.056313269230769444
CCNF,0.006665384615384776
LTF,-0.08195365384615334
GGTLC1,0.004286730769230874
RAB26,0.07239192307692327
LMO7DN,-0.028160576923076653
KIR2DS2///KIR3DL3///KIR2DS5///KIR2DS4,0.025667500000000096
CORO7,-0.08120211538461541
WFDC10B,-0.38069576923076887
DIO2-AS1,-0.0009542307692306408
COL20A1,0.08593807692307709
LOC100506175,0.01133384615384631
TMEM110,0.001163076923077124
CPXM1,-0.07729384615384594
LOC100506489,0.048648653846153994
LOC101928098,-0.006242499999999722
LRRC71,-0.1005069230769229
LOC100133820///HYDIN,-0.033317499999999826
C7orf43,-0.07962634615384612
LOC100507600,0.02212403846153857
PQLC2,-0.04739403846153819
LOC100505912,-0.01722769230769221
SLC22A8,0.006012692307692368
TBC1D30,-0.009876730769230471
MTMR4,0.0027190384615385175
GPR150,0.045326923076923306
GSG1,0.002682500000000142
ADCY3,0.0038694230769232237
LOC100131756,-0.009399038461538464
RNF150,0.02551442307692329
FDX1L,0.016807692307692315
PINLYP,-0.0003501923076921029
TEX37,-0.26659942307692264
LOC340184,-0.006934230769230534
SCGB1C2///SCGB1C1,0.0052865384615386184
PRELID3A,-0.0452751923076922
UGT1A9///UGT1A6///UGT1A8,0.007508076923077153
KLHL26,0.03665115384615399
TXNDC8,-0.0014673076923074773
RELL2,0.09245673076923082
FAM46D,-0.009347692307692293
LOC100133781,0.049679807692307766
ULBP1,0.001956346153846343
CACNG2,-0.1575890384615381
FDPSP2,-0.017060576923076894
GADD45G,0.019781923076923228
AGAP5///AGAP7P///AGAP9///AGAP6///AGAP11///AGAP4,0.00011211538461552181
RLN1,-0.013427115384615444
FAM110D,-0.002398846153846025
TXNDC2,-0.007167884615384417
C7orf13,-0.1687828846153843
RAC3,0.019009230769231063
ACTRT2,-0.06774519230769217
ZNF16,-0.1416361538461537
MATK,0.09346250000000027
CEBPA,-0.00889692307692283
C9orf47,0.008457500000000276
DOC2B,0.010287115384615535
OR2B3,0.029677884615384603
TYSND1,-0.04651019230769234
GPHB5,-0.00322173076923044
GNAO1,-0.007624230769230417
LINC01342,-0.04418365384615368
LOC101930370,0.003395384615384772
UTY,-0.0813598076923077
CD96,0.0282171153846155
FGF6,-0.009987884615384517
HPGDS,-0.0798105769230768
SLCO1C1,0.014650384615384848
EDDM3B,-0.05968326923076913
FAM98C,0.03058096153846173
PCDHGB8P,0.03406250000000024
PSORS1C3,0.027885769230769367
FAM87B///FAM87A,-0.07865615384615375
C16orf86,-0.12715365384615374
RDM1,0.13210442307692324
LOC100131904,-0.0008630769230767983
CCDC149,-0.0402117307692305
GRAMD1B,0.00515192307692306
LINC01120,-0.014048846153846242
SLC10A1,0.03451326923076943
SDCBP2,-0.030050384615384347
RNF19B,0.006959807692308024
CDCA8,-0.02237826923076908
ASGR1,0.12017288461538467
CNTFR,0.056207307692307897
TRAF6,-0.01472749999999982
RPS8P10///RPS8,0.13388788461538464
FAAH2,0.028342692307692402
XAGE2,-0.014172115384615326
GAS6-AS1,-0.06703903846153812
TROAP,-0.008273076923076687
TXLNG,0.0069786538461539035
LOC375196,0.01422653846153853
EPHA8,-0.03719403846153837
LINC00491,-0.0725246153846151
ABCG5,0.009680192307692587
LOC400965,-0.24440096153846141
GZMH,0.020835769230769376
LINC01082,0.053505192307692476
PIAS3,0.0393688461538462
TACO1,0.08563884615384636
LOC101927531,0.09116480769230786
LINC00473,9.903846153870666e-05
KCNAB3,0.049280192307692275
MAGEA1,-0.04701076923076897
BLK,0.012370384615385002
PCK1,0.05378365384615398
TONSL,-0.004902499999999853
CPA1,-0.07466692307692273
C5AR2,0.24698865384615395
TKFC,0.07082038461538473
FAM13A,0.049940769230769164
PIANP,-0.06770403846153829
E2F2,-0.08787115384615363
MTNR1A,-0.013085384615384202
LINC01215,-0.1654792307692305
DNAJB13,-0.12288865384615365
YBX2,0.06807384615384614
TCF4-AS1,-0.10795326923076896
KRTAP7-1,-0.013550769230769042
TP53AIP1,-0.011354038461538275
MGC20647,-0.04278538461538456
LIN7B,0.08043096153846163
LOC497256,0.20052634615384635
NME8,-0.004764038461538419
ALKBH2,0.14637557692307704
LOC100505978,-0.0016576923076922186
KCNK17,0.1801286538461537
LINC00572,-0.006820384615384464
LOC100134440///PGBD5,-0.023670769230768978
IL13,0.05156769230769247
NKX2-2,-0.08507903846153826
STK32C,-0.015488076923076539
LBP,-0.23302346153846135
LOC102723704,0.0031780769230771075
C22orf23,0.026295192307692516
SMAD5-AS1,-0.09870538461538425
DNAJC3-AS1,-0.023602499999999877
PMF1,0.05688000000000019
CORO2B,-0.11938461538461526
GUSBP5,-0.016826153846153623
LEFTY1,-0.049999423076923025
SLC4A11,-0.009285961538461285
DAOA,-0.03730519230769228
PITRM1-AS1,0.0874896153846157
LOC100130370,-0.013475769230769182
LOC389247,-0.028735192307692337
TMLHE,-0.025544230769230368
LMX1B,-0.09787538461538459
TISP43,-0.005417884615384544
RASSF9,-0.002501346153846015
MAPK7,-0.011805384615384325
NDUFA11,-0.02112673076923039
MMP12,-0.23492557692307672
NR3C2,-0.03763826923076907
LINC01516,-0.10245519230769193
NLRP5,-0.005596923076922948
TAS1R1,-0.02094173076923067
ZNF154,0.1248171153846155
GJC2,0.007184423076923341
GHRHR,0.09225730769230811
TTC21A,-0.08065134615384587
LOC105377776,-0.02403192307692316
CCDC137,-0.005256346153846007
HIST1H1D,-0.04281846153846146
LOC727773///ING5,-0.0012207692307689363
UCK2,-0.03538365384615355
DAB1,-0.10364653846153819
PLPPR5,0.03455000000000034
SSUH2,0.014333653846154072
LOC100130837,-0.012919423076922811
IL2RA,0.03792442307692328
SHISA2,0.008857115384615595
IL1RL2,0.1597886538461542
CASP14,0.04593442307692338
VTN,0.01217038461538504
CSRP3,0.030214423076923416
HSD3BP5///HSD3B2///HSD3B1,-0.009356153846153781
LOC151760,-0.0671663461538459
PCDHB4,0.009771923076923247
TMEM132E,0.054958461538461845
ADAMTS14,0.053295576923077
PNMA6B///PNMA6A,-0.013857307692307693
MUC3B,0.11946903846153856
LOXL2,0.04515884615384645
POLN,-0.012766153846153733
CST7,0.021141538461538576
ARRDC1,0.07887134615384635
LOC100129865,0.018226538461538593
TMEM120B,0.009045000000000117
SCOC-AS1,0.05602519230769251
NHLH2,-0.06134096153846131
GRIN2C,-0.039509230769230665
LRRC73,-0.014650192307692239
MCAT,0.10307384615384621
RPH3A,-0.007623269230769084
LOC100128093,-0.05045730769230748
FGF17,0.016206730769230872
H2AFX,-0.005736730769230561
SLC2A6,0.0032700000000003534
PRTG,0.002891153846154166
TMEM35A,0.00550519230769233
LHCGR,-0.029949999999999775
AMIGO1,-0.08833076923076895
PALD1,0.0008786538461541339
VILL,0.05956615384615389
FLJ33534,-0.11155461538461511
LOC148709,-0.05832673076923058
TLDC2,-0.005285192307692071
C6orf136,0.0036282692307692634
CCNT2-AS1,-0.009696153846153736
MARCO,0.027972115384615567
CST9L,-0.04123769230769196
SLC4A1,0.0640605769230771
TMUB1,0.07949192307692309
C9orf135-AS1,-0.03269711538461512
ANKRD24,-0.07877269230769204
ALOX12P2,-0.05474096153846132
GUCA2A,0.10333442307692307
HRASLS,0.005444807692307996
COX4I2,0.08622653846153872
ANKRD20A13P///LOC728783///ANKRD20A4///LOC727770///ANKRD20A7P///LOC647595///LOC643187///ANKRD20A2///ANKRD20A3///ANKRD20A11P///ANKRD20A9P///ANKRD20A1,0.03590250000000024
TCF7,-7.846153846124247e-05
LINC00313,0.0008032692307695138
F10,0.00037307692307710647
RBMY1J///RBMY1E///RBMY1D///RBMY1B///RBMY1F///RBMY3AP///RBMY1HP///RBMY1A1,-0.0562744230769229
LOC100133105,-0.0724278846153845
PADI2,-0.007649423076923049
LINC00589,-0.1223711538461536
LINC00961,-0.014616346153846263
FABP1,-0.0020451923076921313
SCUBE2,0.03667884615384623
TEX43,-0.006423076923076793
RRN3P2,0.028501346153846405
NFKB1,-0.12848557692307677
LOC105374325,0.038493846153846316
MTX1,0.1305938461538463
CCNJL,0.17771980769230794
LIPC-AS1,-0.1296996153846152
MFSD13A,-0.02050749999999983
SLC26A6///CELSR3,0.020678269230769337
SMCO1,-0.06375019230769224
SH3RF2,-0.05846519230769203
TMEM99,0.009503076923077053
IGLV3-19///IGLC1///IGL,-0.0038648076923075082
FKBP6,-0.006989230769230395
SLC12A4,-0.006812884615384506
RTN2,0.007072115384615496
FAM170B,-0.01176557692307675
IQSEC3,0.015068461538461546
SUPT6H,0.03427038461538478
RGS17,-0.04189461538461516
RBAKDN///RBAK,0.028095769230769528
KIF2C,-0.020853269230769
ERCC4,-0.02216634615384574
LOC729887,0.00022134615384645197
DCHS2,0.0027646153846154777
ANKRD33B,-0.027392499999999622
LOC728485,-0.18985576923076883
CAD,0.0044192307692310015
CHAT,-0.0455005769230768
TH2LCRR,-0.006492307692307343
LOC728946///KRTAP1-1,-0.006369807692307372
HAPLN2,-0.05170499999999981
LOC105372520,0.004873846153846281
DCST1,-0.026779038461538382
DENND6B,0.031619230769230976
IFNG,-0.035620576923076935
SMPDL3B,-0.1056223076923077
AKR1C6P,0.010237692307692406
ADCY10,-0.0017649999999998485
DKFZp779M0652,-0.06849788461538452
BMP5,-0.25912423076923047
CTB-49A3.2,0.015203461538461468
STRN4,0.053074423076923206
LOC401913,0.013379807692308005
LOC100996349,-0.0027490384615382855
PRRG2,0.04545634615384622
GSTO2,0.06578519230769259
LOC100134331///IGHA2,-0.01790019230769194
FUT5,-0.0015263461538459354
HCG26,0.0842923076923079
ENPP6,-0.00885461538461523
TANGO6,0.06753096153846166
LOC101928135,0.015375192307692442
TRPV6,0.12109346153846187
NFRKB,-0.0222640384615383
LIPC,-0.13375307692307678
LOC100134722,-0.022440384615384633
FLJ35816,0.11250519230769251
LOC101928700,-0.0024784615384612864
DPM3,0.14560846153846158
C19orf81,-0.003865384615384513
FLJ10246,-0.0734803846153845
SUN5,-0.030104615384615268
LOC283516,-0.06355711538461525
ALDH3A1,-0.025405576923076607
LINC01514,-0.05867403846153825
SIPA1,0.009758076923076994
MAP3K14-AS1,-0.07018711538461525
ENO3,-0.07390153846153837
IL1RN,0.00755096153846187
LOC100134040,-0.1667553846153843
TNFRSF8,-0.006955576923076641
LINC01551,-0.19603634615384574
MUC1,0.01613923076923091
FAM89A,-0.053472307692307694
SHROOM2,0.060215769230769475
CACNA1B,-0.09282384615384598
ZSCAN2,0.009749423076923273
KIAA1614-AS1,0.11195865384615399
LOC149703,-0.04861230769230758
SNORA74A,-0.005881538461538152
CYB5RL,0.004380576923077198
TMEM155,0.07278750000000017
CHRNE,0.017763846153846304
CAPN8,0.012790961538461768
DBH-AS1,0.007141153846153929
SYCP2L,-0.010600961538461387
OR7E104P,0.06585788461538503
ZNF764,0.029016923076923145
FGFBP1,0.031161538461538643
TEKT1,-0.07782115384615361
BEST3,-0.00040057692307672463
GPR35,0.2573365384615386
DEFB127,-0.005793461538461352
LECT2,-0.002748653846153748
MAB21L2,-0.003941153846153822
WT1-AS,0.010641153846153925
LOC101930081,0.04089500000000005
CLRN1-AS1,-0.0025888461538458806
HSD3B2,0.030421346153846573
SDCBP2-AS1,0.10837788461538483
CLCA1,-0.07311807692307665
LOC105378349,-0.0054111538461537835
CLCN6,-0.018288653846153514
C3orf56,0.024864615384615363
CCDC190,-0.03199692307692293
QRFPR,0.021430384615384747
LOC105374895,0.008789423076923247
LOC100131928,-0.04044134615384593
LOC643072,-0.0024384615384612637
RGAG1,0.022335384615384795
TRBV24-1,-0.1295267307692306
LOC100134119,-0.007979807692307326
LOC100286925,0.0037080769230772113
ENTPD2,-0.025264423076922966
KCNK9,0.001920000000000297
HES4,0.027721730769231064
ADRA2C,-0.0099167307692309
SLC35G4///SLC35G6///SLC35G3///SLC35G5,0.010096923076923187
SPIB,-0.070910769230769
CPA4,0.0006863461538463665
RARA-AS1,0.007776153846153912
NEIL3,-0.1297036538461536
BAIAP2L2,0.032229807692307814
SVOPL,-0.11589307692307675
DEGS2,0.0006888461538463515
TACC3,-0.08636173076923073
C14orf180,0.007981346153846191
TCN1,0.019108846153846514
MGC40069,0.028224807692307733
SLC24A2,-0.014826538461538271
ABCD2,-0.03575480769230745
SEMA4A,0.0021553846153847898
PAQR8,-0.00032923076923070357
SLC1A6,0.025271730769230984
PDZK1IP1,-0.0013974999999998032
HSFY2///HSFY1,0.0010117307692309849
LINC00656,-0.03511576923076924
LOC100129476,-0.00807211538461514
RPUSD1,0.3339717307692308
RTP3,0.18288326923076934
KCNE5,0.005274615384615621
MYL5,-0.03429807692307666
LUZP2,-0.037539423076922825
CNTD1,-0.06950230769230759
CECR7,-0.052795192307692126
FAM99B///FAM99A,0.00297692307692327
TMC7,-0.00045076923076909774
TSPAN8,-0.0020576923076922214
CYP4F11,-0.15004019230769203
GS1-600G8.3,-0.02615096153846133
ITGB6,0.0011415384615385779
TMEM86B,-0.018430384615384484
NOXRED1,-0.02087019230769218
OR7A5,0.0032450000000001826
C15orf56,-0.10860057692307669
LOC101927059,-0.002995961538461337
LY6G6E,-0.11130596153846131
RTN1,-0.015234999999999903
PSTPIP1,0.004049807692307809
ANKRD18B///ANKRD18A,-0.17560249999999974
FAM86C1,-0.07759288461538447
JARID2,-0.1252996153846152
IFITM10,-0.05148288461538451
TBC1D29,-0.11087538461538438
KLK1,0.0196475000000003
KCNJ11,0.036556346153846286
MAP1S,-0.010502115384615082
TUSC5,-0.08709999999999979
OR2J3,-0.11073788461538424
MRAP2,0.02903769230769266
CDK5,-0.0033857692307692473
LOC692247,0.15808884615384616
SUCLA2-AS1,-0.046643269230768954
LOC200772,-0.004861153846153669
SIT1,0.07351711538461544
CCDC70,-0.12866346153846142
CCR9,0.0013278846153847736
SCGB2A1,-0.022669615384615118
TCF19,-0.03869942307692289
LINC01114,0.017154807692308073
CRYGD,-0.0025038461538460224
PALM2,-0.007758846153846004
HAVCR2,0.008915384615384844
LOC100127972,-0.33837692307692296
RGS7BP,-0.2547063461538458
LOC100132051,-0.006654807692307546
SREBF1,-0.008219230769230493
LOC220077,0.022433461538461624
NOS1,0.023266346153846443
WNT8A,-0.07851346153846145
SNHG15,0.008284230769230983
SLCO4A1-AS1,-0.07195903846153821
WNT2,0.06767769230769258
SLC17A3,-0.012981346153846168
PPIL6,-0.0069061538461538
FASN,0.030939807692307933
ERVMER34-1,-0.062487307692307585
SOX3,0.0019726923076924287
LOC101930149,0.009220192307692434
ATP6V0A4,-0.02267557692307653
SP7,-0.007691153846153482
OSM,-0.09160730769230759
ZNF615,-0.000134807692307607
SCAND1,-0.0017867307692306334
FRMPD1,-0.026152499999999874
PRR15L,-0.07902519230769196
NRSN1,-0.3214140384615384
CKAP2L,-0.04148615384615366
SSX4B///SSX6///SSX4///SSX1,0.10431557692307723
LOC439938,-0.021518076923076626
KCNC1,-0.021875769230769088
SUPT3H,0.02682942307692315
MYBPC2,0.025961730769230716
FRMD8P1,0.05969557692307704
LINC00527,-0.005147115384615218
TLN2,0.013719423076923006
ADORA2A,0.004590576923077204
LOC100130423///SUGT1P3,0.02444865384615393
LOC100129447,-0.06183788461538456
FOXN3-AS2,0.008929807692307768
LOC100132249,0.05164480769230769
TIGD5,0.023565961538461733
LINC01366,-0.11631942307692307
MAFG-AS1,0.0665955769230771
TMEM129,0.03201769230769246
PCBP2P2///PCBP2,0.00014538461538488652
RAB40AL///RAB40A,0.016723076923077115
UBE2E2-AS1,-0.017908846153845862
SLC17A6,-0.02097153846153823
SCGB1D2,0.0009503846153846477
LOC100506885,-0.004620769230769077
NR1I2,0.006808653846153929
GJB4,0.002683846153846411
KRT19,0.013412884615384925
LCN1,-0.034276923076923045
AGAP3,-0.02070826923076917
SPIN2A,0.04020211538461539
ANKRD30A,0.014776730769230875
IGHV4-31///IGHM///IGHG1///IGHA1,-0.013464230769230546
OPLAH,0.04582730769230782
GLI2,-0.020077499999999925
LOC100287290,0.02476288461538483
NLRP9,-0.020173461538461484
NUTM2F,-0.014697884615384396
RBMY2FP,-0.008611538461538353
ATP13A4-AS1,0.13289519230769245
OGDHL,-0.2514530769230767
GIF,-0.04258249999999993
SLC25A25,-0.022495192307692164
TMEM55B,0.0030603846153847993
CCL25,0.06208692307692314
LOC100288721,0.009746346153846475
NXF3,0.0036565384615386684
ISLR2,0.02048307692307698
TNFRSF17,-0.04773249999999997
BPIFB6,-0.01780615384615373
FUOM,-9.499999999984491e-05
SSR4P1,0.046474807692307815
B4GALNT1,-0.07209365384615347
STKLD1,-0.007978653846153984
SHANK3,-0.0064246153846152084
LOC105376072,-0.013584615384615127
COMTD1,0.16333903846153852
SUGCT,0.04781192307692323
NAPRT,-0.10990442307692296
LOC253805,-6.538461538309383e-06
LL0XNC01-116E7.2,0.08941403846153864
KIRREL3,-0.009623076923076698
NOTUM,0.058183461538461774
LOC100129380,0.0033082692307692036
MIR600HG,0.012593076923077125
CRHR2,-0.005886923076922889
DRAM1,-0.0173684615384612
LOC732419///ATAD3C///ATAD3B///ATAD3A,-0.07204999999999971
SMIM22,0.030198269230769247
TBC1D8///RPL31,-0.0871990384615382
CHST4,-0.05664423076923056
KCTD11,-0.03236192307692273
SMYD4,0.040334038461538615
DAOA-AS1,-0.008210961538461469
CPNE6,0.17365673076923085
PANK4,0.018919807692307986
LOC101927447,-0.055761153846153814
KISS1,0.02044192307692344
LOC100288798,-0.050519807692307656
CALML3,0.017838076923077175
LOC101928886,-0.0005253846153843657
LOC283728,-0.13867288461538446
TSNARE1,-0.009864615384615276
VWCE,0.005156153846153948
MIGA2,0.05847134615384646
LOC147343,-0.013684230769230563
ERVH48-1,0.005432115384615582
CELF3,0.01172192307692338
GPRC6A,-0.1184221153846151
LOC100128653,0.01651038461538474
TBX20,-0.012394038461538382
LOC100129890,-0.011677884615384406
LINC00593,0.010655769230769201
MESP2,-0.06303596153846136
ANKRD20A2///ANKRD20A3///ANKRD20A1,-0.00330999999999973
ANKRD2,-0.0026549999999996724
IFFO2,0.0015323076923077694
ALKBH3,0.0011988461538462332
CELSR2,0.12315307692307714
LOC100134497///LOC100131851///LOC646674///LOC401002///SSBP3,-0.004391346153845977
CFAP126,0.008346346153846258
LOC254028,-0.025406346153845915
LINC01511,-0.0276803846153843
LOC101928716,-0.008143461538461296
C4orf22,0.014420384615384895
FAM30A,-0.03615230769230757
LOC101929717,-0.08277788461538434
LINC00330,0.08681057692307707
SH3BP5L,0.0655048076923078
LINC00710,-0.04541557692307659
PMS2P2///PMS2P1,-0.019418269230768875
RNASE7,-0.012274230769230546
PRSS21,-0.01989326923076905
EDA,-0.02369634615384596
LOC101929524,-0.03797211538461508
IPW,-0.004833461538461427
KRTAP5-9,-0.01805057692307662
RPL23,-0.010788269230769233
SYNGR2,0.10921096153846183
SLC25A11,0.018612307692307727
C2orf16,-0.019754230769230555
EVA1C,0.03413923076923078
ITGAD,0.014432500000000192
TMEM192,0.01643288461538483
CTRB2///CTRB1,0.021633269230769213
E2F6,-0.00847653846153822
INS,-0.0592982692307692
LOC101929164,0.0056998076923077705
POLR2J3///POLR2J2///POLR2J4,-0.0869376923076922
MAT1A,-0.028555769230768854
SMR3A///SMR3B,-0.005717692307692115
LOC440704,-0.00454769230769229
LINC01296///DUXAP10///DUXAP8,-0.04964673076923076
LINC01119,-0.015698461538461442
CCDC22,-0.014130192307692224
PRSS53,0.026261730769231054
DLL3,-0.12442365384615338
AQP8,0.060825192307692344
LOC101060553,-0.009086538461538193
STRA6,0.006217500000000242
LOC100130502,-0.0012232692307691945
LOC105372607,0.2519034615384617
LOC101928850,-0.09771980769230744
ASAP1-IT1,-0.027769999999999708
RFX6,0.02555192307692323
LOC105374587,0.006638461538461707
TGM4,0.14928346153846192
LOC100419741,-0.13207576923076902
STAR,-0.08632711538461513
NKX6-1,-0.04840999999999972
FLRT1,-0.054891153846153555
SCP2D1,0.007535384615384714
MPPED1,-0.019071538461538237
CPA5,0.02077903846153864
STAT4,-0.026415961538461253
BSND,0.018855769230769488
SEPT1,-0.028432499999999753
LOC102546294,-0.04566326923076906
TIGIT,-0.004744423076922832
GRM1,0.010825961538461756
IGHV4-31///IGHA1,-0.041167692307691905
TTC16,-0.0795724999999998
LOC100133441///GALNT9,0.005048846153846334
KRT27,-0.05625711538461537
ZNF137P,0.04488557692307694
LINC00929,-0.00939423076923074
ASMT,-0.01848346153846119
LOC90784,-0.0032107692307691785
DDIAS,0.006270384615384947
TREH,0.0063590384615386285
LOC284661,0.0007905769230771187
SIX5,0.0328251923076925
DEFB104B///DEFB104A,-0.06831365384615375
LOC100506585,0.01668192307692325
LOC730961,0.09448019230769247
LINC00858,-0.02066826923076895
LIMD2,0.03034673076923086
DNAH2,0.0092198076923079
MS4A14,0.021687692307692415
METTL17,0.06989634615384621
LINC01424,-0.07010288461538443
CXXC1,0.10848153846153855
RAB39A,-0.0629521153846151
CX3CL1,0.08477346153846183
ARFGAP2,0.020000769230769256
LOC286149,0.030256923076923212
FAM71C,0.1274144230769231
LMAN1L,0.08215961538461561
LINC01304,-0.03781884615384603
TTLL11,0.019312500000000097
LINC00924,-0.006301730769230693
HK3,0.005599230769230872
JCHAIN,-0.035921346153845866
LOC100270804,-0.15940576923076918
LOC646870,-0.04205884615384599
CTRB1,-0.0829144230769228
SCGB2B2,0.02998423076923102
LZTS3,0.19503230769230792
TMEM72,-0.04852153846153819
LOC100507424,-0.011326538461538442
PRAC2,-0.023589423076922803
TTC21B,-0.03136788461538452
ERI3,0.07960769230769246
GPR156,-0.08146596153846136
LOC152274,-0.007316923076922942
GRIK3,0.06523653846153862
UNC13D,0.0022267307692309503
HDX,-0.030580384615384468
LOC439985,-0.01931423076923063
LOC644090,-0.09173423076923069
HCG4B,-0.055546923076923
C10orf107,0.011580384615384803
LOC101929109,-0.0222253846153845
HMG20B,-0.027650576923076587
C14orf178,-0.08957403846153827
AGXT,-0.08971288461538443
FANCI,-0.023130769230769174
ADAM6,0.024702500000000065
SAXO1,0.019911730769230866
LOC284014,-0.10746461538461526
DCAF12L1,0.0499792307692309
GPR162,0.13802923076923096
UBL7-AS1,-0.1785557692307689
SUV39H1,0.010111730769230954
LOC100505515,-0.15150826923076904
TTTY1B///TTTY1,0.02121019230769255
DCP1B,0.38344480769230765
HSFY1,0.008167500000000284
TRPM2-AS,0.020263653846154007
LMOD1,-0.0008734615384614338
GNB1L,-0.052158653846153535
ZSWIM8///SAT1,0.05158423076923084
LINC01197,0.06648750000000016
LOC101930071///LIPE-AS1,0.09245057692307722
IDUA,0.06905442307692342
PDZK1,0.0032915384615386485
NAT6///HYAL3,0.023442115384615582
LINC00921,-0.15005307692307657
GH2,-0.003046153846153479
INHA,0.0042461538461540105
RTN4RL1,-0.1793165384615381
WDR86,-0.005521730769230626
PTPN5,-0.04366192307692256
SHANK2-AS3,-0.10260249999999958
CSNK1G2-AS1,0.016854807692308012
LOC401312,-0.06693711538461526
EMC9,0.0027813461538462847
STK32B,-0.0038644230769229767
GIP,-0.009151923076922914
LOC102723831,-0.07763846153846149
EPHX2,-0.01687403846153837
ZNF782,0.004536346153846252
LOC730909///HERC2,-0.010452499999999653
TMEM25,-0.008254999999999832
SERPINA9,0.005232500000000278
SDK1,0.011973653846153993
ST7,-0.2520859615384613
INSRR,0.02981096153846171
LOC100505920,-0.003031346153845995
LINC01569,-0.016945769230768966
LOC101927058,-0.021363076923076846
ALS2CL,-0.0752617307692305
SBSN,-0.08768557692307676
RLBP1,-0.03441480769230753
C8orf49,-0.03359634615384602
VN1R1,-0.05405576923076928
NEUROG1,-0.09932576923076893
KLHDC7B,-0.011262499999999741
LOC286071,0.01278250000000023
SPTBN2,-0.024872307692307565
RLN2,-0.01001538461538432
LOC100130938,-0.018202307692307518
URB2,0.008978269230769349
CDSN,0.037987115384615466
FAM46B,0.023199807692307717
LY6G6D,-0.08105365384615376
PNMAL2,-0.019926730769230374
ZYG11A,-0.06280826923076882
LINC00612,-0.06824711538461516
LOC101928504,-0.03499884615384609
CTD-2350J17.1,0.0047832692307694805
FKRP,0.10556596153846176
MAGEL2,-0.014197884615384281
COX8C,-0.009533269230769017
KCNJ18///KCNJ12,-0.048618076923076715
NTRK3-AS1,-0.09776846153846121
FGD1,-0.0021238461538459585
ZNF733P///ZNF727///ZNF479,-0.09587749999999982
MCU,-0.07490384615384592
PLA2G2D,0.019541730769231047
SNORD123,0.003742500000000055
TCONS_00029157,-0.14817442307692288
LINC01622,-0.0012528846153843688
ACTL7A,-0.00971019230769197
ZNF788,-0.02862249999999991
DMC1,-0.001856923076922771
ZBTB45,-0.21013576923076902
LOC105375115,-0.0013030769230766828
NUP210L,0.000448461538461993
BRAT1,0.002251346153846305
ZNF280C,0.004348461538461855
RFNG,0.05107538461538455
KAT5,-0.04930192307692274
FZD2,0.07015673076923083
CFC1B,-0.06792596153846138
STARD3,-0.04035269230769209
CCL5,0.0007538461538460914
ADAMDEC1,-0.01776019230769221
PLAC8,-0.01674480769230762
CCR3,-0.029166346153845977
KLRD1,0.00423192307692343
OR5P3///OR5P2,-0.02118346153846119
TLX2,-0.0128455769230769
ZNF425,-0.02016653846153831
DGAT2,0.0414955769230771
SPOCK2,-0.03830365384615355
TTTY5,0.012385961538461667
LINC01490,-0.08720307692307674
LOC100422212,-0.016330192307692178
DGKZ,-0.05167903846153821
MAGEC3,0.10473442307692309
HOMEZ,-0.11565249999999976
CABP1,-0.0655203846153844
USP5,0.003601346153846434
LOC149351,0.009529423076923296
WDR25,0.07423865384615407
LOC105374428,-0.043672692307692204
CATSPERG,-0.04133326923076904
LOC145694,0.09766480769230808
LOC219688,-0.08592326923076903
SPINT3,-0.034780576923076775
SPATA42,-0.04141461538461519
ACD,0.12463653846153873
MORN1,-0.0031578846153845195
GJB1,0.004904038461538602
ERVFC1-1,-0.02970384615384602
TRA///KIFC3,-0.009484807692307643
HSAJ2425,-0.004853076923076765
SDC3,0.15453250000000002
HUMBINDC,0.03345961538461562
LINC01395,-0.0011009615384614366
TMEM217,-0.07594826923076878
LRRC37A,-0.010007692307692053
LOC338963,-0.0034015384615382316
GAB4,-0.0769578846153845
MEGF6,0.06283884615384637
LINC00608,0.02653019230769272
KLC2,0.5821934615384613
LOC652526///PDE4DIP,-0.00883442307692293
LOC440862,-0.004393461538461211
C2orf54,0.08698711538461572
VRTN,-0.027905384615384315
ZNF414,0.0024957692307693217
TRPT1,0.04902403846153865
LINC00445,0.007912307692307764
NR1I3,-0.015623653846153992
PPIEL,-0.022856923076922792
NLRP12,0.02999596153846162
APOA2,0.023566538461538476
CLDN7,0.007054807692307878
NDUFA6-AS1,-0.028343461538461203
CCDC136,0.012187692307692368
SLC25A19,-0.08340673076923047
LINC00851,-0.0028748076923073053
LOC101928191,-0.09409538461538437
PLPPR1,-0.006515384615384481
ZFPM1,-0.041725769230768955
KIF9-AS1,-0.012259615384615223
CDH20,0.07302250000000009
AGFG2,-0.07926865384615375
SST,-0.03406903846153833
C3orf22,0.018199230769230773
SPATA4,0.015088269230769268
AGAP11///AGAP4,-0.028835769230769193
MPP2,0.0015232692307694709
GUCA2B,-0.026196923076922857
ZKSCAN8,-0.014640576923076748
AKAP3,0.22934884615384638
BMP7,-0.07557134615384602
CFAP161,0.11659500000000025
OR8D2,0.09687250000000003
CFAP46,-0.009362884615384481
IP6K1,0.09007692307692311
NKX2-8,-0.06972115384615363
LOC100505716,-0.040052884615384324
C11orf86,-0.033837499999999986
IL2RB,-0.033193846153845984
CLCF1,-0.06374134615384593
LOC339988,0.2712482692307693
SPTY2D1-AS1,0.07336615384615387
LINC00926,-0.029754230769230495
TMEM8B,-0.04158288461538429
ACRBP,-0.16365538461538448
FOXD2,-0.0663896153846154
CHRNB3,0.04065826923076934
LSM2,-0.003981153846153629
FAM223A///FAM223B,0.02005173076923104
PRSS8,-0.04426442307692294
LOC283674,-0.0005826923076921345
DDX11,-0.01048538461538448
PLEKHG3,-0.03574519230769205
LOC105379178,-0.007753269230768833
LOC101928435,-0.005806153846153692
STMN3,-0.020632692307691988
PENK,-0.0014013461538459019
TUBB7P,0.00417557692307704
OPRPN,0.005074038461538709
TMEM150A,-0.05755115384615388
LINC00911,-0.10082038461538456
SPAG11B,-0.002165576923076762
GRPR,0.045142500000000155
NAXE,0.0014982692307692698
RNASE11,-0.007705576923076702
YDJC,-0.032956923076922974
PRC1,0.0029471153846156325
GMPR2,-0.036301153846153573
LCE3D,-0.11966826923076886
CHST13,0.016632500000000192
SNTA1,0.00883807692307716
TMPRSS6,-0.021123653846153504
TSSK6,-0.021386923076922772
LOC81787,0.08201807692307694
PYDC1,0.0031807692307692743
ZSWIM3,-0.030730769230769044
LOC101928335,-0.007595576923076697
SSTR5-AS1,-0.0050115384615383295
LAMA1,-0.02024057692307682
QSOX2,-0.014914807692307634
ZNF174,-0.010931923076922846
CD247,0.042192884615384896
CHST14,0.0011994230769232339
TSPEAR-AS2,-0.031525769230769204
GLYR1,-0.004673461538461435
LINC01521,-0.025330576923076845
ANKRD7,-0.06451134615384593
LOC101928288,-0.05672076923076915
SMIM24,0.04935480769230763
EXD3,0.007870961538461877
RGAG4,0.021561538461538517
LOC101927044,0.10742750000000005
SERPINB8,0.006135192307692526
LOC100505727,-0.04144211538461511
OLIG1,-0.1330178846153844
LOC100130051,-0.10463461538461526
C11orf16,0.027736346153846347
FNDC10,0.006290769230769587
TTTY12,-0.04616153846153834
HCN4,-0.042855384615384434
NPAP1,-0.04852826923076905
SFTPA2///SFTPA2B,-0.02270173076923067
FLJ11710,-0.003901538461538535
SLC5A2,-0.32236942307692296
TUBAL3,-0.042500961538461376
KCNJ2,-0.07399192307692279
MAGI1-IT1,-0.020638653846153664
LOC147004,0.000677884615384911
COL26A1,0.03216403846153861
CYP2B6,0.1975311538461541
ODF3B,0.008718461538461736
TKTL1,-0.010740576923076655
HECW1,-0.020539423076922823
SRRM5,-0.10850499999999978
CSTL1,-0.011877307692307642
DLEU7,-0.004744423076922866
CD248,0.12518000000000004
LOC652494///SCFV///IGHM,-0.02319865384615361
MFSD14C,-0.007799230769230646
TTLL2,-0.011096730769230869
CYBA,-0.022731346153846144
MYBPC1,0.019163653846153872
PDE6H,0.097835
LOC100996345,-0.00029288461538440536
LOC158402,-0.06795403846153829
ADORA2A-AS1,-0.001185576923076778
LOC145678,-0.14015346153846128
KIR2DL5B///KIR2DL5A///KIR2DS5///KIR2DS1,-0.0015348076923074987
PACS2,-0.08802249999999978
SPATC1L,0.0037326923076924897
LHFPL1,-0.0696436538461539
TPT1P8,0.04613538461538494
CYP2C19,-0.01858596153846132
CLEC4G,0.03599346153846169
CCDC172,-0.020256538461538253
FABP6,-0.018854807692307594
DHRS11,0.007510000000000221
SLC5A11,0.0680723076923079
TEX101,0.0014953846153848104
LINC00535,-0.03324288461538436
PDCD1LG2,-0.013153461538461262
VEGFB,-0.007376153846153608
FAM225B///FAM225A,-0.005937115384615295
INHBB,-0.03149807692307703
LCN8,0.06526000000000017
SLC52A3,-0.06937326923076911
GBAT2,-0.08493749999999996
SOX10,0.035924038461538556
FER1L6-AS1,-0.006966538461538307
HIST1H2BN,-0.03424846153846138
RPS6KA4,-0.012765576923076515
AIPL1,0.006150961538461544
ARSA,0.0465265384615386
CHRNA9,0.03737596153846166
RNF175,0.012901730769230716
MAST4,-0.12979307692307676
ZNF646,-0.016762692307692065
TFAP2A-AS1,-0.011263269230769098
SLITRK3,0.009505576923077125
PLA2G10,0.024568653846153893
FCHO2///GH1///CSH2///CSH1,0.006452884615384844
DKFZp434E1119,0.005059230769230795
C1QTNF3,-0.017964230769230524
LOC100131062///PTP4A3,0.007377692307692448
FAM106A,0.03254269230769234
LOC100133461,-0.07858980769230742
TMEM62,-0.004936730769230631
MUC5B///MUC5AC,0.0029173076923080703
DEAF1,0.02795634615384633
FOLH1,0.0019959615384616603
LINC00518,0.02072442307692333
ARTN,-0.05533999999999997
TFAP2D,-0.005758653846153778
NAT8L,0.011480961538461676
SNHG20,-0.011555576923076722
LOC100130950,-0.010913076923076756
LOC400927///CSNK1E,0.03804403846153846
LOC100130389,0.07153961538461541
PNPLA5,-0.0319963461538461
KLRG1,0.025765384615384773
SERPINA2,-0.09814884615384604
LOC105377134,0.006334038461538553
LOC105373876,-0.002199999999999929
SLC7A10,0.0008411538461540328
LOC101928727,0.03137423076923099
KTI12,-0.042107115384615104
FCHO1,0.049624423076923135
NAT2,0.05339788461538491
LOC100134286///ATP2B2,-0.0030707692307689483
LOC157503,-0.05084384615384575
TRH,0.024090769230769474
DENND1A,-0.011717115384615
TMEM147-AS1,-0.2037071153846152
ASNA1,-0.11129057692307691
XDH,-0.006599423076922805
BAX,-0.0679984615384615
NPFF,0.04171615384615395
SLC25A35,-0.034096346153845984
STOML3,0.03944769230769235
LEXM,0.010860961538461658
ERP27,-0.014038076923076803
LOC100131662,0.0753400000000001
SEPT12,0.001800961538461885
GIPC1,0.026940192307692762
NAIF1,-0.005670576923076862
NYX,-0.03394596153846142
C8orf31,0.1092161538461538
CYP4F8,-0.017409999999999905
MCM2,0.413636923076923
TTLL13P///NGRN,-0.2026703846153845
LINC01282,-0.04554019230769213
ANKRD30BP1///PRED4///ANKRD30B///ANKRD30A,-0.07494999999999993
LCE1E,-0.00445269230769203
TUBA3C,0.04852230769230799
LIFR-AS1///LIFR,-0.019878269230768835
SPDYA,-0.09583557692307658
ZIC5,-0.004285192307692165
FCER2,-0.11842403846153811
DNAL4,-0.03276076923076892
AD7C-NTP,-0.0014509615384614284
CD5,0.10219615384615374
GPR3,-0.0021632692307691635
CAMK2B,-0.0036228846153843817
SOGA3,0.009273269230769378
LINC01125,0.019531538461538676
DNA2,-0.18730115384615378
HIST1H4L,0.05039750000000005
SGCA,-0.02136673076923069
NCK1-AS1,-0.134580769230769
LINC01442,-0.016403846153845842
RHBDD2,0.17704615384615388
LOC100129907,-0.0026923076923075747
ZC2HC1C,0.015987307692307873
LOC100134558,0.04038230769230793
GOLGA6A///GOLGA6B,0.016100384615384763
ACTA2-AS1,-0.052183846153845984
IL18RAP,0.003952692307692415
NLRP4,-0.03793942307692282
TNFRSF18,-0.0047461538461536276
ADPRHL1,-0.27932826923076876
CCDC177,-0.007493269230769107
B3GAT1,0.015485961538461754
SIRT4,-0.09695269230769223
LMNTD2,0.032059807692307936
LOC145945,0.012336538461538671
PRSS37,-0.034415961538461354
RHOH,-0.06738807692307672
DEC1,-0.034550192307692254
LOC400043,0.04578480769230798
HIPK4,0.0038092307692309687
LOC285835,0.014334230769230748
CD320,0.09238134615384629
NFKBIE,-0.040419038461538395
TMEM235,-0.11261173076923053
SLC15A3,-0.15862826923076898
MGC15885,0.039405192307692447
LOC729839,-0.023931538461538455
SLA2,0.0897657692307692
C20orf85,0.0072884615384614816
LAD1,0.014949423076923358
FLJ23519///RNH1,-0.05693269230769222
LOC100129286,-0.06911499999999969
ANKRD52,-0.02979557692307671
CASP10,-0.013918846153846151
SHB,-0.012075384615384361
TNFRSF13C,0.003642692307692495
IGSF1,-0.005172115384615377
LOC100133197///PDXK,0.013912500000000121
KCNMB1,0.062035769230769505
ZBTB7B,-0.029375961538461413
LOC101928043,0.031193461538461757
ARHGAP15,-0.025126153846153645
GPR18,-0.11799134615384614
NUAK2///AKIP1,0.08053596153846165
CADM3,-0.003333653846153601
FMO4,0.006293076923076962
BORCS6,-0.15473961538461528
DUSP26,-0.0038763461538458854
OR12D3///OR5V1,-0.018127692307692123
LOC399884,0.06589269230769222
LOC374890,-0.010433653846153601
CXCR5,-0.00981096153846126
FUK,-0.09637249999999993
RAX,-0.032031153846153744
MMP26,-0.0192623076923077
ZNF836,-0.11487249999999989
ZNF560,0.018900961538461592
MS4A8,-0.03869980769230764
VWA1,0.02710153846153848
LOC101929151,-0.05247961538461498
SLC35A4,-0.099680192307692
PABPC1L2B///PABPC1L2A,-0.007315576923076745
WTH3DI///RAB6C///RAB6A,-0.05845365384615362
HMGN2P46,-0.0008105769230765725
CHTF8,-0.006325961538461348
MIR548XHG,0.015103461538461812
FOXP3,-0.03058346153846108
DEFB103A///DEFB103B,-0.14237692307692276
OR2J1///OR2J2,0.0221748076923079
DUSP28,0.3566303846153847
ZNF383,-0.08379826923076894
SYT2,0.008532884615384593
WNT10A,-0.0013224999999998767
LOC101929084,-0.008927692307692062
LOC285638,0.031044807692307733
TMEM91,0.0903732692307695
GAFA2,-0.042660192307692184
TARP///TRGC2,-0.007500192307692265
HSD11B1L,0.040315961538461814
TMEM39B,-0.0029615384615382825
KCTD1,-0.0038434615384613222
ALOX12-AS1,-0.004015576923076802
RASD2,0.00298711538461552
LOC101927468,-0.05691961538461527
KIR3DL1,-0.039465576923076895
FA2H,-0.011742307692307535
LOC100133967///ESPNP,-0.060955384615384425
BTNL8,0.007786153846154168
DEFB105B///DEFB105A,-0.1516028846153842
EFNA3,0.39589730769230774
OR1D4///OR1D5,-0.10549038461538447
TAS2R7,-0.20960230769230745
ALOX15B,0.16331923076923072
DLGAP3,-0.22439749999999958
MYBL2,-0.027065192307692058
C11orf84,-0.0983821153846153
MYL10,-0.06345346153846126
NAP1L5,-0.025583461538461336
LOC147791,0.021231153846154177
TMEM205,0.004981538461538799
EXOG,0.12028788461538467
KRBOX1-AS1,0.023607500000000253
TMCC2,0.07999596153846146
KRT12,-0.01315769230769239
CFAP100,0.004534038461538742
C18orf33,0.0026348076923079404
C8orf22,-0.05709442307692296
LINC00304,-0.09557980769230752
PMCH,-0.0019386538461534375
FIRRE,-0.019642692307692222
UBE2M,-0.0249617307692306
RPPH1,-0.04054269230769198
ZNF776,0.005167500000000203
FAM205C,-0.0032044230769227664
HNRNPCL3///HNRNPCL2///HNRNPCL1///HNRNPC,-0.013725192307692105
LOC101929384,-0.006105961538461495
CES4A,-0.05202173076923046
BARX2,0.1003286538461541
LOC100127891,-0.022757692307692087
KLK13,-0.0029365384615382835
ZNF286B///FOXO3,0.013856538461538519
ATP12A,-0.004011923076923157
LOC283038,-0.005653269230769051
LINC01416,-0.040814423076922915
ANP32C,0.03348980769230783
LOC100133444///SLC34A3,0.15118173076923083
CARD9,-0.006866538461538192
APTR///RSBN1L,-0.12441057692307662
LOC100133772///SLC16A5,0.04117903846153862
SLC39A4,0.008699230769230867
FOXI1,0.10324980769230806
DOT1L,-0.09355269230769228
FNDC7,-0.1358603846153845
ANK1,-0.004479230769230691
MYO16,0.01718153846153861
PHEX,-0.027982307692307466
VAMP5,-0.011472884615384498
KANK3,-0.2822117307692305
DPYSL5,0.0052803846153847145
HCRTR1,-0.003269230769230632
LOC100129026,-0.017727500000000004
TADA3,0.030674038461538673
TMEM253,0.005894230769230955
MAMDC4,-0.004054230769230519
CTAGE8///CTAGE4///CTAGE11P///CTAGE15///CTAGE6,0.0026636538461540385
MYH13,-0.07169269230769189
SHISA8,-0.016134999999999743
ZBTB48,-0.008063076923076833
ITGB2-AS1,-0.08103173076923069
AGXT2,-0.18829096153846123
FN3KRP,-0.040098653846153555
BOP1,-0.025443076923076655
AGAP11,0.0047094230769232455
P2RY8,0.004944807692307673
MIR7-3HG,0.00321634615384639
HOXC12,-0.07823230769230745
NTF4,-0.033511923076922974
TSPOAP1-AS1,-0.0006082692307690177
LINC01018,-0.027695961538461256
LCMT1-AS2,-0.0331678846153844
TAS2R40,-0.035571153846153586
GNAS-AS1,-0.022066730769230776
LOC105379477,-0.042907884615384424
TMEM75,-0.032889423076922705
LOC101927553,-0.032190961538461474
USP26,0.00630365384615413
C22orf42,-0.052357499999999904
CDHR5,-0.0017480769230767265
LINC00668,-0.1825265384615384
C6orf1,-0.07799673076923058
SPP2,-0.11145096153846139
CASC6,0.0014971153846156167
GCC2-AS1,-0.00935788461538436
AKIP1///ADORA2A,0.02305384615384624
FAM69B,-0.08488288461538439
TPRXL,-0.06615211538461503
MYL7,-0.0016494230769229343
P2RX2,-0.003115576923076794
LOC100128993,-0.018542115384615167
C2CD4C,-0.003154615384615154
GDF3,0.004022500000000251
PEX5L-AS2,-0.049763653846153694
CCIN,0.018275384615384804
LINC01019,-0.02975769230769206
FAM183CP,-0.03427384615384594
LOC101928446,-0.028171730769230737
ZNF14,-0.0034582692307690605
CST11,0.02753519230769243
LOC101929007,0.014066538461538686
TRBV7-4///TRBV7-6///TRBV7-7///TRBV7-8,-0.051798653846153724
ATG9B,-0.07149346153846141
RELB,0.04524557692307714
KIAA1522,-0.002602884615384334
C11orf44,-0.05545596153846151
LOC101927534,-0.039805576923076756
C11orf63,0.008192692307692487
TMEM105,-0.08410826923076878
AMPH,-0.030468269230768896
LINC00544,-0.009970576923076617
OSR1,-0.00038173076923058303
FAM19A1,-0.0013217307692305373
MYOD1,-0.02898749999999975
LOC100130987,-0.09676461538461507
LOC101929034,-0.031939999999999774
NPPB,0.04146403846153881
SLC35G3///SLC35G5,-0.020872115384615187
REG1B,-0.11525269230769206
C11orf45,-0.013137307692307717
LOC101927027,-0.007898076923076784
ANAPC2,-0.0003028846153844933
POM121L8P///POM121L9P,-0.23594038461538444
BCDIN3D-AS1,0.0068165384615385015
LOC100506405,0.018152884615384727
ZSWIM4,-0.004581923076923038
APOBEC1,-0.0016492307692303966
SH3GL1P2,0.009592500000000136
RYR1,-0.006088846153845956
SSX3,0.015543076923077175
CLEC16A,0.05110326923076945
LOC101928731,-0.005838461538461563
RDH8,0.001432884615384967
CHEK2,-0.003154230769230607
TPO,0.00406557692307705
TSPAN16,0.01677923076923087
TAAR2,0.013279807692307735
CDK3,-0.009282884615384445
LOC100507391,-0.05311980769230729
SEMG1,0.029267500000000047
PARD6G,-0.0573198076923074
FGF10-AS1,-0.03103269230769229
SLC22A2,-0.008661346153845813
HSD11B2,-0.017456730769230627
CEACAM21,-0.01626519230769208
ESPL1,0.049161923076923256
ASIC5,-0.008276346153846115
TIMM50,0.002800192307692647
ATP8A2,-0.006849615384615133
HSPB6,-0.0896071153846152
LINC00992,-0.06173923076923057
LOC101928087,0.005878846153846303
PDDC1,0.12640153846153865
LOC286299,0.18159346153846156
C11orf53,-0.0110698076923075
RASA4CP///RASA4,0.10500788461538463
NBEAL2,0.06401730769230785
LMX1A,-0.09063499999999984
STATH,0.13032653846153852
H2BFXP,-0.012997115384615131
SLC27A6,0.007169615384615521
LINC00582,-0.03318884615384602
EFNB3,-0.1541617307692304
CHP2,0.02234673076923109
PUSL1,-0.06942903846153825
EPHA5-AS1,-0.033520384615384514
VARS2///GTF2H4,0.06259826923076928
FGF16,-0.027502692307692228
C21orf91-OT1,0.02037730769230774
TTLL12,-0.008958846153845878
CHODL,-0.06781576923076911
LOC100287525,0.026972884615384895
GNLY,0.021420000000000328
IFNA16,-0.048918846153845896
PLAC8L1,-0.04938384615384618
SLC1A7,-0.04871038461538433
LINC00606,0.0024121153846157406
LOC143188,-0.03641307692307645
KCTD13,0.11811634615384636
LRG1,0.02723480769230776
LOC100132634///LOC283112,-0.0760084615384614
PCYT2,-0.011520384615384523
CRY2,0.1428403846153847
LOC101928132,-0.030435192307692104
DSCR9,0.03767500000000023
GPRIN2,0.10008769230769253
LOC100499489,-0.005817307692307399
POLR2J3///POLR2J2///POLR2J4///POLR2J,0.01064230769230785
CABLES1,-0.00321057692307689
ZNF787,0.033991346153846455
PDIA2///ARHGDIG,-0.0034405769230767417
PRDM8,0.06994153846153847
SCGB1A1,-0.005055576923076811
MVB12A,0.10218288461538459
SLC16A8,0.011227499999999951
LOC101929726,-0.08078211538461504
AMHR2,0.017885576923076855
IBA57-AS1,-0.00252019230769212
OR2L1P,0.1014007692307694
CIDEB,0.014779807692307665
CSN3,0.07029903846153882
CRB3,0.06348673076923086
AMBN,-0.0013357692307691136
ZNF628,-0.03037499999999983
C12orf77,-0.005247884615384546
BTBD18,-0.007119038461538323
DUSP7,0.005501153846153978
SLC6A19,-0.05876769230769225
UBA7,0.0052067307692308384
STOML1,0.03417538461538476
LOC646865,-0.016622692307692272
CLEC2L,0.0012886538461539551
TAS2R14,-0.011955961538461282
LOC101929681,0.05619038461538486
KHDC1,-0.0013078846153842692
NTSR2,-0.037086153846153616
HS3ST5,-0.004389999999999829
LOC100128552,-0.013434423076922894
CLDN5,0.001003269230769428
USP29,0.0012319230769231454
TSPOAP1-AS1///SUPT4H1,0.026506346153846217
SDR16C5,0.04103942307692323
LINC00852,0.012991153846153942
NFE2,0.0017142307692310564
FGF14-IT1,0.012269615384615393
ZNF418,-0.00949846153846145
LOC285095,0.00042769230769246626
LOC441178,0.030533461538461804
LOC100506813,0.03850134615384642
RBM12B-AS1,0.009404807692307797
KLC3,-0.032615192307692074
LINC01467,-0.001418461538461389
TNNI3,0.08112653846153835
PCDHGC4///PCDHGA12,0.007208653846153829
SYCE3,0.061895384615384554
LOC101928851,-0.0007292307692307104
LOC284865,0.032067499999999895
LIMS2,0.19355519230769247
SPINK6,-0.08379769230769217
C6orf201,-0.027067115384615276
LOC440149,0.0036284615384615847
GCGR,0.004543846153846325
LOC101929549,0.01794076923076954
LOC100130797,-0.0029107692307691934
LOC100131170,-0.0802632692307691
WNT9B,-0.027520384615384332
GATS,-0.050519038461538074
LOC730236,0.017945769230769355
WFIKKN1,-0.01181711538461522
CYP51A1-AS1,0.0029951923076924317
LOC280665,-0.03765634615384595
LINC00900,-0.012419230769230473
THEG,-0.002147307692307569
MAGEE2,0.05877365384615414
YIPF3,-0.008119807692307314
LOC101928760,-0.007881153846153567
ALX3,0.01821769230769257
LOC105373418,-0.003642692307692059
LOC100129014,-0.030678076923076808
KRTAP2-3///LOC728934///LOC728285///LOC644350///KRTAP2-4,-0.024362307692307683
GZMM,-0.025788846153846124
TRIM21,0.057174038461538665
LINC01482,0.0223444230769232
SNHG9,-0.012123269230769134
LOC100128361,-0.005758653846153683
PHYHIP,0.10136634615384608
HSD17B1,0.039893461538461676
LINC00396,-0.03507865384615363
MORN5,-0.03576807692307659
CRYBA1,-0.025284230769230705
LYG2,-0.03754249999999974
TIFAB///DCANP1,-0.1337115384615382
SMCP,-0.052252499999999785
IL22RA1,0.01904942307692314
KCNF1,0.15626653846153857
NKX2-3,-0.05550730769230777
GJA4,-0.004391730769230513
POU4F2,0.031759423076923234
SLC2A14///SLC2A3,0.022610000000000168
MYH15,-0.0906351923076919
MAP3K7CL,-0.0014438461538459106
LOC100507403,-0.016471153846153812
OR10J1,-0.06219230769230752
HES7,0.014048846153846333
CSH2,0.007169615384615513
FLJ37201,-0.01085211538461528
RBPMS-AS1,-0.18722980769230735
LOC146513,-0.007446923076922871
IGHA1,-0.005139999999999744
TMEM121,0.06189750000000004
HCAR3,-0.048986730769230595
ADGRG5,0.04307807692307702
CRACR2B,0.03876230769230789
ARHGAP22-IT1,0.0004790384615386729
IL9,-0.0028917307692304275
FAM24A,-0.020966153846153496
ITGAX,-0.022752307692307534
WAS,-0.016733076923076868
CTH,-0.02624826923076879
TRIM16L,-0.02641557692307686
CDC42EP1,-0.0023603846153844358
SLC39A5,-0.01264692307692307
RBBP4P4,-0.004916730769230689
UBALD2,-0.01141499999999981
DLG3-AS1,-0.07547288461538426
KCNQ4,-0.0028073076923075327
LOC101928238,-0.031225576923076676
HABP2,-0.019933269230769116
SLC9B2,0.00283884615384645
LOC100996263,0.013383269230769462
SLC5A9,0.0032751923076924706
LOC101929123,-0.007233269230769178
CLDN16,-0.0068071153846150445
H2BFS,-0.018426923076922508
PP2672,0.021180192307692573
LOC285692,0.15752557692307712
KLHL35,0.08083038461538468
CDC37P1,0.055475000000000135
FOXA3,0.3446661538461538
KRT31,-0.004545192307692188
STK36,0.005472115384615544
IL1R2,0.014682500000000164
NOX3,0.04966730769230774
SLC6A3,0.025127692307692382
CNFN,-0.07394961538461525
ABCD1,0.12658461538461566
ABCA2,-0.07955980769230758
LOC100505685,-0.03559500000000007
DEFB126,-0.07216230769230764
APLP1,-0.03518499999999998
GPR62,0.07027903846153878
CRYM,0.0059338461538462565
CELA1,0.22477826923076935
TBCC,-0.0010361538461537373
LOC100133536///LOC729915///POM121L3P///POM121L10P///POM121L4P///POM121L8P///POM121L9P///POM121L1P,0.08547557692307703
LHX5,0.011752692307692523
LRRC32,-0.12834326923076902
COL6A6,0.009350769230769346
APOBEC2,-0.019891923076922967
FAM212B-AS1,-0.17470403846153815
PRSS30P,-0.04189096153846137
LOC100505664,-0.0975184615384614
BPIFA1,-0.005288846153846029
PKDCC,0.006228269230769435
LOC652993,-0.0002782692307691806
LOC727770,-0.061971153846153676
LINC01224,-0.006612307692307446
TEX26,0.021578269230769342
LOC102725068,-0.10435846153846134
ERICH4,0.03890980769230798
KNCN,-0.03698846153846143
LDHD,0.0275023076923077
TMEM139,-0.028924615384615073
LRFN1,0.0064563461538462005
ZC3H3,0.10860096153846155
ARPIN,0.058822884615384666
PGLYRP4,0.07139980769230804
ST8SIA2,0.050589038461538734
CHCHD5,-0.036756923076922875
LOC728210,-0.02860576923076898
NR5A1,0.008917692307692585
FLNC,0.002025192307692308
MNX1,-0.007881153846153687
LELP1,0.0012055769230770652
DPP10-AS3,-0.006155961538461332
S100A7,0.003350769230769444
IL5RA,0.03525692307692324
LINC01268,0.005398076923077084
LOC100131311,0.01769096153846177
WBSCR27,-0.05551326923076906
LOC100133153,0.01174288461538464
LOC105370475,-0.014326346153846096
LINC00922,-0.08005942307692272
LOC105371038,0.045095000000000204
ROBO4,0.02944000000000018
HENMT1,-0.017427692307692214
GRK4,-0.015407115384615094
FUT6///FUT3,0.06940403846153864
PAFAH1B3,-0.010740576923076771
MORN3,-0.026163653846153566
LOC105372969,-0.06129211538461518
METTL12,0.14029384615384619
DPY19L2P1///DPY19L2P4///DPY19L2P2///DPY19L2,-0.0344280769230766
ADAMTSL5,0.009024615384615527
NAPSB,0.14209615384615376
ZNF696,0.01641903846153864
SLC7A9,-0.03384788461538443
EBF4,0.11834423076923102
ATP6V0E2,0.0028046153846155693
C14orf56,-0.05329365384615365
LOC105370746,0.04313250000000009
MCHR2,-0.01186403846153817
TNFSF4,-0.06497249999999985
CALHM3,0.003991346153846167
TTLL10,0.12306980769230778
ABCG2,-0.013678076923076815
PATL2,-0.002830961538461402
KIF12,0.00933115384615384
ELFN1-AS1,0.1290600000000001
SYCE2,-0.009895769230769201
KLHL10,0.004744615384615544
LOC100996654,0.02190057692307711
TVP23A,0.05122557692307694
ELOVL3,-0.05395961538461528
HSPA7///HSPA6,0.03976153846153845
DGAT1,0.0005586538461541715
OR5E1P,-0.12713307692307677
DLGAP4-AS1,0.0079028846153848
FAAH,0.0370286538461539
FOSL1,0.014405000000000168
CEL,-0.053213653846153536
LINC00163,-0.022062307692307513
CLEC4GP1,0.1066550000000002
LOC101929902,-0.10431211538461503
DGKG,-0.014045384615384598
RNASEH2C,0.06395057692307697
LOC100130725///PAGE2B///PAGE2,-0.004857307692307525
BMP15,-0.03815403846153811
SNAI3,0.02388250000000026
DOC2A,0.019611730769230992
LOC728613///PDCD6,-0.004324038461538269
LOC100131701,-0.005368653846153523
SMG1P2,-0.039348846153845964
SLC30A8,-0.0042165384615380766
IQCF6,0.0172321153846155
SNHG19,-0.031018076923077006
IGFBPL1,-0.0010319230769229148
LOC283868,-0.033775192307692124
CRYGA,0.04912480769230782
LOC101927723,-0.007883269230769159
DCX,0.0448353846153849
GPR37L1,-0.07880692307692286
RTP4,-0.014865192307692322
DLX3,0.0025884615384616995
LOC101928812,-0.018012692307692178
PAX9,0.03018903846153871
NRL,-0.10108307692307683
TNNC2,-0.05957519230769217
LOC101929297,0.002144807692307906
OXGR1,0.02053730769230793
LOC100128909,0.045867115384615485
LGALS9,0.0072917307692308446
LOC388780,-0.03534730769230746
TAS2R39,-0.3504324999999995
CST6,-0.001645961538461305
LINC00282,-0.012661538461538505
EPN2-AS1,-0.13055826923076894
SLC22A1,-0.06438307692307683
LINC01180,-0.006060961538461237
LRP5,0.026183461538461714
HSD3B1,-0.002538461538461449
XAGE3,-0.04165884615384598
UCA1,-0.00986076923076921
AURKB,-0.30406307692307655
OPRD1,0.10312769230769253
SHC3,-0.045741346153846014
FUT3,0.023489807692307924
LOC151484,-0.02881134615384608
BCL9L,0.1578851923076924
C16orf91,0.007928653846154026
FLJ31945,-0.006452115384615104
EDA2R,0.059700384615384745
RBM17P4,0.009060384615384888
EPO,0.007525769230769333
PRDM11,0.03312557692307702
SAAL1,-0.034130192307692125
MYBPC3,-0.01734461538461513
CKAP2///SHB,0.07115403846153857
BEND3,-0.018810961538461245
LOC100133283,0.00147403846153862
DKKL1,0.002377500000000316
AVPR1B,-0.07178038461538451
C7orf77,-0.08533076923076924
LOC100133724,-0.02796519230769236
MORC2-AS1,0.10473423076923093
LINC00628,-0.06478403846153806
TFCP2L1,-0.09724961538461521
SLC26A10,0.02557826923076941
PLD6,0.05090692307692333
CIC,0.017919807692307763
LOC105374768,-0.004694230769230822
LOC101928068,0.0015780769230770398
NYAP2,-0.017749230769230698
STK16,0.05137038461538464
PGBD4,-0.05576884615384601
LOC440346,0.04712250000000014
FLJ25758,0.04108000000000033
CXCL17,-0.011727115384614996
INS-IGF2///IGF2,0.03985326923076947
TDRD5,0.09001019230769243
TSPAN1,0.02724903846153868
CIRBP-AS1,-0.059900384615384265
MCHR1,0.03779961538461551
LOC729124,-0.051341346153845925
GAST,0.00999865384615419
SLC6A10PB///SLC6A10P///SLC6A8,-0.006552307692307619
LOC644222,0.026985384615384737
LOC101928778,0.023792884615384875
WDR87,-0.014177115384615233
LOC100507291,0.016818269230769463
PXT1,-0.09933442307692278
OR52A1,0.026691346153846367
HSPB9,0.002603269230769195
LOC643659,-0.021990576923076762
GCSAM,-0.012882884615384357
AHSG,-0.009021730769230529
HOXB1,0.06653788461538478
FOXN1,0.009995961538461778
PRSS55,0.045773076923076965
GPR17,-0.01632499999999988
C8orf82,0.001190961538461636
RPS17P5,0.009950961538461726
ALDH1L1-AS2,0.003251538461538637
ADAM11,-0.04649980769230775
DNMT3L,-0.01863923076923062
GPT2,0.004629807692307856
EXOC3,-0.007410384615384437
PIGQ,0.12619423076923114
KIF19,0.11773326923076938
LOC101928283,-0.030647499999999953
SLC2A1,0.04906384615384617
AIP,0.0021034615384615727
OR4D2,-0.05065538461538438
LOC105371967,-0.011775769230769222
ZAP70,-0.08380480769230753
PRSS47,0.03426673076923087
ALOX12,0.12850211538461545
ZNF321P,-0.009859807692307529
ADAD2,0.09783519230769236
BAAT,0.07620442307692339
HSD17B3,0.11999538461538474
SNX11,-0.001064230769230643
LOC105377371,-0.04946192307692298
KDF1,0.013506346153846266
SELP,0.003050576923077013
LOC100505918,0.02955192307692328
FLJ20712,-0.029312499999999766
LOC283856,-0.048624423076922774
MMP7,0.006516153846154172
LOC100132810///LOC441179,-0.01883865384615366
NXPE4,-0.18347711538461525
DPEP2,-0.03678480769230762
ZNF28,0.01284711538461551
LINC00116,0.005201153846153853
LINC00870,-0.010419423076922755
LINC00955,-0.0259369230769229
MPO,0.05210365384615381
CCDC42,0.006817500000000404
S100A12,0.00039250000000041026
CFP,-0.016534807692307616
NMUR2,-0.03954923076923056
KRTAP4-2,0.03161653846153862
LOC728956///LOC728951///LOC728946///KRTAP1-5///KRTAP1-1///KRTAP1-3,0.032623269230769567
TSSK1B///TSSK1A,-0.003366730769230565
GPIHBP1,0.002813846153846422
LOC100132861,0.039244615384615426
SLC6A7,-0.0018340384615382786
URB1-AS1,-0.02544230769230738
PAEP,0.02804750000000005
LOC105376975,0.048920192307692456
CCDC9,0.13507500000000006
RASAL1,-0.08171346153846126
AP1B1,0.03681769230769249
ARMC3,0.07349980769230786
LOC100130648///SSX2B///SSX4B///SSX7///SSX3///SS18///SSX4///SSX5///SSX2///SSX1,0.016600000000000094
CASP16P,-0.11344461538461519
LOC728805,-0.029256538461538396
DNAJB5,-0.05040807692307654
NUDT9P1,-0.055014615384615356
HAO2,-0.044299807692307513
CACNG3,0.024352500000000166
FAM179A,0.018675000000000205
GKN2,-0.00016192307692306808
ATP6V0E2-AS1,-0.04887365384615356
CLRN1,0.01171019230769239
SPEM1,0.006652307692307778
LGALS2,0.021946538461538566
FOXP1-AS1,-0.032648461538461654
LINC01225,-0.0010744230769229003
LOC100131043,0.052976346153846256
LINC00901,0.02974153846153864
MIR31HG,-0.028147307692307458
C9orf57,-0.25719596153846097
LOC100130476,0.0009740384615387249
SLC25A2,-0.010069423076922983
PSKH2,-0.016079807692307498
GAGE12D///GAGE12F///GAGE2A///GAGE12H///GAGE12E///GAGE12B///GAGE12C///GAGE12G///GAGE2B///GAGE2E///GAGE12I///GAGE7///GAGE6///GAGE5///GAGE4///GAGE2C,-0.009820961538461563
ZC3H10,0.00745115384615425
CPB1,0.07434038461538475
IZUMO1,0.003844615384615377
DUSP27,0.0016623076923077081
LOC105371374,-0.022635961538461376
POU3F1,-0.02042384615384606
LOC283045,0.04645846153846146
MKS1,-0.040631730769230615
IL25,-0.07093807692307669
CCDC151,-0.003742692307692246
LOC100132356,0.02577211538461566
HOXB-AS1,0.03173096153846186
TDRD10,-0.04069211538461526
STARD5,-0.02611365384615382
CLEC4M,0.03390500000000026
IGSF22,-0.027579038461538294
DMRTA2,0.002608653846154027
WFDC3,-0.07151711538461505
AR,-0.02550461538461523
LOC101928943,-0.007864230769230738
CPO,0.026472884615384704
BTLA,-0.07524673076923066
KRT15,-0.03107326923076903
CHRND,0.13791057692307704
FAM101A,-0.04053038461538434
PLA2G5,-0.006451923076922876
CACNG6,-0.000812692307692315
ADCYAP1,-0.08365269230769198
LINC01158,0.0158007692307693
PCDHB15,0.01857692307692337
PLEKHH3,0.01873057692307707
RRP9,0.11091846153846148
KRT85,0.004635192307692424
KCNJ14,-0.004961923076922861
USP40,-0.00851730769230756
TPK1,-0.0718365384615384
EBI3,-0.029947499999999683
LOC732445///CHRFAM7A///CHRNA7,-0.0031703846153843364
PPY2P,0.007938076923077044
EGFL8///PPT2,0.01608980769230771
LOC729866,-0.08388019230769195
HLX,-0.008244038461538395
ZSCAN1,-0.0029955769230767927
LRRC46,-0.019657307692307596
PSMB9,-0.0209257692307691
LOC100130741,0.0200301923076923
LOC730098,-0.008108846153845897
QPCTL,-0.18025711538461525
ACTL9,0.016259807692307834
CCNA1,-0.07793307692307677
PYGO2,-0.00985365384615379
GLB1L2,0.01875846153846164
DEFA4,-0.031913269230769065
NCAN,-0.01772269230769209
NCBP2-AS2,0.010131153846154222
KEL,-0.011743461538461172
SAMD11,-0.05845019230769213
GATA3-AS1,-0.01426730769230759
LINC01069,-0.0769009615384615
LOC105379186,-0.02527230769230756
CADM3-AS1,0.04380865384615401
RPS10P7,-0.18124423076923063
IFNA2,0.005087500000000043
SFTPD,7.692307692329904e-05
FSD1,-0.005089038461538181
SLC34A1,-0.009745192307692212
ANXA2P1,0.012668846153846265
C1orf68,-0.012907692307692242
CFLAR-AS1,0.033196730769231
ALLC,-0.0007211538461536805
C11orf40,0.0016150000000002976
SLC32A1,-0.09936673076923065
HYPM,0.009349615384615378
KCNMA1-AS1,0.008749230769231113
PITX1,-0.19719865384615362
AGAP5///AGAP9,-0.2118678846153843
PNPLA1,-0.0626821153846152
PUS1,-0.0026703846153845944
LOC101929229,-0.011377115384615258
KLHDC9,0.007067500000000011
SLC45A2,0.0033176923076927195
ALPP,0.00416384615384647
CLSTN2,-0.002125576923076906
TRPV2,-0.18990865384615363
FAM187B,0.014935384615384847
IL20,-0.031239230769230682
LOC389199,0.03007634615384631
KLC4,0.035306346153846306
C15orf65,-0.01059480769230726
C16orf89,-0.17488711538461535
CATSPER3,-0.0032696153846151956
LOC100128286,-0.006547115384615297
FAM109A,0.06910807692307694
KIFC2,0.003852115384615715
LOC339862,-0.02594961538461499
FLVCR1-AS1,0.005388461538461615
LOC731139,0.026577692307692462
DEDD2,0.02801653846153866
METTL7B,0.0015605769230770173
CSAG3,-0.053948846153845924
ASB10,-0.014334807692307508
SPATA8,0.0015942307692310223
LIPG,-0.016454999999999772
P2RY13,-0.006154038461538441
ICOS,-0.018002115384615214
GABRA3,0.013018846153846114
LOC101928429,-0.007212499999999667
FAM86B1,-0.022996730769230603
LOC100134495,-0.0034846153846152467
REM2,0.016470384615384942
SSC4D,-0.10166923076923037
GPR52,0.006065769230769462
TRBV21-1,-0.10372057692307671
NECTIN4,-0.03803115384615361
LOC100128185,-0.008049999999999878
HSPC102,0.007879230769231079
ABT1,-0.033664807692307584
LINC00543,0.013443653846153952
HTR1D,-0.007534038461538415
WASH5P///WASH3P,0.07322980769230786
DDN,0.0017144230769231853
PPFIA3,-0.09048788461538441
B4GALNT2,-0.0635596153846151
THOC6,-0.04991596153846142
CCR10,-0.002394999999999735
KRTAP9-3,0.00187019230769247
LOC340581,-0.021163846153845745
BARHL1,-0.06557115384615364
BTBD2,0.07750173076923075
GRM2,0.10293269230769213
LOC100131316,0.09840923076923103
OR12D3,-0.018006730769230615
CDX4,-0.0036001923076920757
LOC101927815,0.05755500000000016
SPINT1,0.0005784615384616106
CGB2///CGB1///CGB8///CGB7///CGB5///CGB3,-0.07650807692307665
SYN3,-0.010266923076922976
FFAR3,0.021783269230769477
VIP,0.005666730769230994
ZNF565,0.007105192307692623
SNORA65,-0.008670384615384533
C19orf84,-0.06396076923076895
LINC01187,-0.002909423076922759
LOC100134128,-0.046799615384615204
ZBTB22,-0.00825249999999973
SSX2,0.15793269230769233
LINGO1-AS1,-0.015675576923076643
MIER2,-0.004282692307691988
REN,-0.01534557692307683
ZNF543,0.009702692307692462
LOC157740,0.016264038461538555
LOC646548,0.0018305769230769623
GLI1,-0.08833576923076895
LOC283194,0.0020425000000002273
HIST3H2A,0.07628000000000015
ANKRD42,-0.0042290384615384586
PSRC1,-0.0809824999999998
ANKRD30BL,0.0010486538461540686
ARMC6,-0.043890961538461476
LOC79999,-0.016070961538461354
UBQLNL,0.027673076923077026
ATG16L2,-0.027642499999999768
LOC100134142///FAAP20,-0.016879038461538452
RDH12,-0.0025484615384614435
MYH4,-0.005904615384615246
LOC100130212,0.01887423076923091
KRBA1,-0.014455769230768915
SH2B2,-0.02320730769230736
RAB33A,0.013857692307692557
LOC101929002,-0.019489423076922887
LOC91450,0.03237846153846166
LOC101929473,0.0035153846153847183
LOC400768,0.022276730769230844
OR10A4,0.10936826923076945
FAM83G,-0.0020946153846150687
LOC100505853,-0.0851109615384613
MTA2,0.04770730769230793
POLE2,-0.001893846153846013
LINC00555,-0.04597865384615342
MIR1-1HG,-0.0052707692307689975
SAMD13,-0.07907807692307675
CTSW,-0.03141461538461522
LOC728288,-0.004750384615384438
MRGPRX1///MRGPRX3,-0.07365326923076922
CPA2,-0.03469230769230741
RPL7AP9,0.01921019230769238
IGLV2-14///IGLV7-43///IGLV7-46///IGLC2///IGL,0.0014911538461540666
CAPN9,-0.010301153846153644
NOX5,0.06488269230769247
C2orf61,0.014664038461538631
FAM71E1,-0.02075596153846143
ABCC12,0.12447596153846172
LINC00298,0.0012178846153845966
MUSTN1,0.02080365384615391
ZNF311,-0.008330192307692165
LOC100134081,-0.056101730769230536
SPATA31A5///SPATA31A3///SPATA31A1///SPATA31C2///SPATA31A6///SPATA31A7,-0.02257423076923065
ACCS,-0.0002398076923076434
GABRP,0.028970961538461612
POTEM,-0.01563769230769213
NUDT14,0.22344961538461525
PRKAR1AP1,-0.008360961538461232
KRT71,-0.005611923076922984
LOC644852,-0.0009098076923074263
CRYGB,-0.008765961538461533
TSEN54,-0.008060769230769146
LOC100129648,0.002797500000000122
CHRNA2,-0.15897076923076897
TNK2-AS1,-0.03235634615384605
KCNA1,-0.00104019230769226
LINC01165,-0.13547442307692276
IFNL3///IFNL2,0.012518269230769376
LINC00556,-0.06360923076923074
CXorf65,-0.01032038461538462
MMEL1,-0.04454865384615377
FAM83F,-0.010487692307692302
LOC105373065,0.020452307692307978
TTC5,-0.013009038461538173
DLGAP1-AS2,-0.01388403846153814
C12orf56,0.02214692307692326
SLC5A5,0.008367884615384518
MYH7,-0.03997692307692288
SCAI,-0.027682115384615322
HIST1H4G,0.02812096153846167
LOC441052,-0.006768846153845824
LOC100129837,-0.024065769230768926
SEC14L5,0.05341711538461544
LOC729296,-0.00530557692307679
HCG22,-0.08718288461538438
LOC645757,-0.004078653846153605
C1orf159,0.018730961538461672
BPIFB2,-0.01579903846153843
CRAT,0.0752773076923078
LOC649034///PGA4///PGA3///PGA5,0.020553846153846474
CCDC33,0.04795192307692315
OR1I1,-0.041290192307692125
SLC43A2,-0.0032615384615383458
LOC100131861,-0.07292826923076894
PLEKHM1P1,-0.00014134615384591126
SMTNL1,-0.005750192307692168
LINC01136,-0.026282307692307445
SMO,0.044981923076923176
ABCA3,0.0674771153846155
CIART,-0.0037196153846151786
LZTS1-AS1,-0.015654230769230722
HEPACAM,-0.0012278846153845294
LYSMD4,-0.11177211538461519
EN1,-0.0651088461538459
LOC105371046,-0.04882769230769183
PIRT,0.009140576923077149
MEN1,0.009158269230769362
NKD2,-0.0229221153846153
LOC100130850///KRT17P5,-0.036229230769230396
LOC101927432,-0.012488076923076906
REG3A,-0.018833461538461476
KRTAP17-1,-0.023766923076922863
C7orf61,0.007954423076923242
SH2D5,0.00016326923076923224
SLC24A5,-0.006369807692307676
SH2D2A,-0.06604923076923051
SMPX,-0.04462192307692299
LRRC3DN,-0.004788653846153764
LPO,-0.03275711538461528
POM121L10P,0.01917076923076944
TPGS1,-0.02381288461538459
C22orf24,-0.010024423076922988
PORCN,0.05342365384615407
LOC284630,-0.02298711538461518
RALYL,-0.0038626923076922792
PDGFB,-0.002682692307692251
LOC284933,-0.00692730769230775
LINC00112,-0.04621307692307664
PRR7-AS1,-0.025013269230769047
LOC728853,-0.07561211538461513
ZBTB9///SYNGAP1,-0.10871538461538456
DNAI2,0.003204038461538774
PYGM,0.026789230769231027
EPHX3,-0.06100923076923043
LOC100132345,0.025240961538461632
CPLX1,0.01379769230769265
ADGRE1,-0.010013846153845977
DDI2,-0.07417230769230765
DRC7,-0.00655865384615362
NLRP2B,-0.013226153846153776
APOA5,0.004450769230769355
NHLH1,0.01108769230769231
GNMT,-0.08493923076923063
C8B,-0.03611403846153835
NPCDR1,-0.004067307692307574
LOC105372881,0.029400576923077064
TMSB15B,-0.032225192307692316
LOC554207,-0.01285192307692305
PIM3,-0.02972115384615373
CSPG4P5///CSPG4P1Y///CSPG4P2Y,-0.01653942307692289
PEX6,-0.08304826923076897
SLC7A11-AS1,-0.0643044230769228
SLC17A7,-0.056501538461538235
FAM90A7P///FAM86B3P///DEFB109P1///FAM90A1,-0.014380576923076796
ABHD14B,0.0212517307692309
ECEL1,-0.07455673076923044
YY2,-0.04492865384615371
SHROOM4,0.00029038461538487395
TEPP,0.05449980769230782
CDH17,0.005754423076923267
KCNH2,0.011827307692307994
LOC100133911///GRIK4,0.0007292307692311181
ZFP41///GLI4,0.013749230769230843
P2RX5,-0.04225499999999973
LRRC74B,-0.11074961538461507
ASB11,0.05262153846153858
LOC100132788,-0.05432884615384592
CERS1///GDF1,-0.013830576923076567
PKMYT1,-0.09934519230769202
MX2,0.0024994230769231516
LINC00705,0.005930576923077168
MYL12B///MYL12A,0.003916153846154125
RAB25,0.020218076923076995
PRM3,0.07095019230769244
BMP8A,-0.011310769230769057
GLIS3-AS1,0.12621711538461564
PWRN2,-0.06337019230769206
TKTL2,0.043754615384615766
ZSWIM8-AS1,-0.013163461538461419
LINC00886,-0.055863846153845875
TTR,0.004915192307692573
SPACA4,-0.024122307692307464
FHIT,0.003044999999999991
KRT2,-0.050213269230769
FGF21,0.07303826923076931
LOC102724250,-0.007610961538461536
ELN,0.06091634615384637
TNFRSF4,-0.05893923076923068
PKN1,0.056946346153846396
LOC100130642,0.08699211538461572
CCR7,-0.02029384615384612
S1PR4,-0.009346923076922775
MRGPRX1,0.013457115384615742
SH2D6,-0.11223615384615361
LOC105375527,0.011204423076923107
MGAT5,-0.011735192307692238
KRTAP8-1,0.1099978846153849
CMTM1///RHOQ,0.02394230769230771
ZBED6CL,0.00843634615384628
ADAMTS16,-0.03187846153846122
LOC100505564///DEXI,-0.02169596153846151
TMEM207,-0.014999230769230546
LOC101929284,-0.08178211538461526
SLC10A3,0.04450903846153862
CPLX2,0.012505576923076904
C1orf194,-0.007619230769230588
LRRC43,-0.015235961538461422
CACNA1F,0.007701346153846455
TNMD,-0.04247288461538434
PPP1R18,0.01289000000000019
IRX4,-0.006046538461538243
C1QL1,0.050805384615384655
FNDC9,-0.005044999999999898
SLC7A3,-0.0020226923076921933
FLI1///EWSR1,-0.0032467307692305974
NUTM2B///NUTM2D///NUTM2A///FAM22C///NUTM2G///NUTM2E,0.003624230769230866
RFESD,-0.007693269230769105
CCDC17,-0.01852346153846149
SMTNL2,-0.0022598076923077
LOC102724382,-0.05350480769230754
INE1,-0.017289807692307566
MMACHC,-0.013468846153846093
PRLH,0.07802115384615389
SPATC1,-0.016130769230769084
BHLHE23,-0.01836634615384602
GPAA1,0.04817480769230789
LPIN3,0.009666346153846442
FLJ30901,-0.05947788461538454
PPP1R14A,-0.02236923076923048
CTDP1,-0.08642249999999985
TRAIP,-0.04767384615384593
LOC100133761///LOC100133432///MUC6,-0.048892692307692165
LOC340357,-0.04653634615384604
DEFB123,-0.3079136538461537
CNTN2,-0.10657519230769208
PRODH,-0.048891923076922715
LOC729506,0.02620788461538484
LOC100131581,0.003963269230769434
LOC100508631,-0.004285576923076798
KCNT1,-0.00977499999999985
TMEM176A,-0.038147499999999904
LOC100133432///MUC6,0.0021921153846154256
LOC101928251,0.003782500000000056
FERMT3,0.11342519230769245
LOC100132739///ZIC1,0.1034444230769229
PLCH2,0.00760903846153862
PDE1B,0.003757884615384786
LOC105373113,-0.004340961538461445
LOC101928682,0.09578538461538472
DEFT1P,-0.005455384615384459
THEM6,-0.015131730769230528
CPEB1-AS1,-0.01713711538461524
HPD,0.018461538461538838
LINC01101,-0.02245730769230748
MYLPF,-0.010641153846153701
LOC101928940,0.015516923076923133
SCNN1B,0.04109557692307709
DND1P1///DND1,0.051994230769231105
TSPAN18,-0.1053428846153845
FITM2,-0.003823653846153642
LOC339539,-0.054137884615384504
SLC34A3,-0.009781923076922959
ZNHIT2,-0.020942499999999836
SERPINA12,-0.14206230769230754
TM4SF5,-0.02522115384615358
CD1B,0.01310903846153857
FBXL8,-0.010824038461538307
LOC101927616,-0.046281538461538256
LOC100128644,0.021628846153846207
CACNA1S,0.16270134615384635
CEND1,0.009112692307692396
SLC38A11,0.0049057692307693124
ATOH1,0.039728076923076984
LOC646482,-0.011984999999999777
NKG7,-0.026823653846153445
TMEM252,0.0026561538461542015
LINC00482,0.013380000000000319
NAGS,-0.028514423076922958
LOC101929538,-0.00020249999999965033
LINC00382,0.008794230769230913
LOC100130232,-0.03248288461538444
ENDOV,-0.043404230769230445
GTF2IP4///GTF2I,0.0368794230769232
GAL3ST2,-0.01849480769230747
LOC101927934,0.0028471153846155975
GABRE,-0.33184057692307667
GPR21,-0.040905192307692226
KLHDC8A,-0.05103403846153834
THEMIS2,0.031123461538461704
RIMS4,0.07009230769230791
TTC36,0.03687788461538484
TGIF2LY,-0.058463076923076646
DKFZp451B082,-0.03858230769230759
CCL22,0.011496153846154211
C18orf15,0.03292692307692327
LOC389332,0.07191730769230771
EXTL3,0.12363865384615384
SRPK3,0.00516057692307718
PRSS58,0.0022819230769231783
SLC8B1,-0.0012209615384612025
CBLN2,0.007587692307692408
CALML5,0.08191153846153852
EPHA1,-0.10996307692307673
SPATA41,-0.019790384615384585
OK/SW-CL.36,-0.010118269230768988
LOC100507389,-0.0002528846153843239
LOC100133298///LOC100132442///LOC554249///GLIDR,0.11687942307692313
GBP6,-0.01339519230769209
CHRNA1,-0.007328653846153702
IL3,0.07917980769230772
MBL1P,-0.10013230769230734
LOC340340,-0.018033653846153828
PLK5,0.0635692307692309
C1orf132,-0.01533980769230756
LOC100131993,-0.0010836538461537076
TMEM79,-0.044212499999999995
TRIM46,-0.011936923076922828
IHH,-0.0014703846153845555
FOXE3,-0.011649230769230476
IDI2-AS1,-0.024559807692307617
GPR84,-0.009889230769230616
LINC01419,-0.0075426923076920525
HP11014,-0.06371961538461517
SHANK1,0.010170000000000083
ERVFRD-1,-0.0035569230769230886
TREML3P///TREML4,-0.013474807692307416
CFAP53,-0.11102826923076888
FLT3,-0.003682884615384385
SEMA5B,0.004425192307692442
GJD2,-0.1226936538461536
LOC101927467,-0.10184653846153842
DGCR12,-0.049538076923076935
IRX5,-0.0034592307692304426
LOC100132369,-0.05316499999999995
RNF2,0.003780961538461623
PRODH2,0.02810653846153863
DISP2,-0.0395667307692305
CHIA,-0.009529038461538176
ZCCHC18,0.04726384615384621
LINC00508,-0.011539038461538266
FAM24B,0.01359961538461554
NMRAL1P1,-0.020833269230769277
OR2K2,0.005160576923077153
LINC00294,-0.03971384615384602
LOC100129516,0.0068078846153848795
MYO1H,-0.017578461538461175
ZSCAN31,-0.01661442307692288
ONECUT1,-0.045520576923076775
BMP8A///BMP8B,-0.09616461538461515
CAMKV,0.055787307692307726
TMEM132D,0.05867673076923095
SLC25A51,0.003180384615384772
ABCF3,-0.003974999999999944
NFYC-AS1,0.0031044230769232445
CISH,-0.03168942307692292
BDKRB1,0.07698961538461574
LOC101928632,-0.0023065384615384597
BCAR4,-0.010364615384615286
P2RX1,-0.05917480769230773
USF1,-0.040741538461538114
CDK9,0.0067225000000001554
LOC101927735,-0.0054173076923074584
FLJ30064,0.025951923076923004
LOC146795,-0.0018513461538461368
LINC01526,-0.07611596153846129
PCYT1B,-0.06869153846153801
LOC100133898,0.060119230769231057
OR51A1P,-0.003615576923076705
SPRR1B,-0.005278076923076624
LINC00400,0.040241730769230925
LOC105376796,0.04507980769230799
LOC284080,-0.018347115384615333
CYMP,0.03997519230769256
LINC01599,-0.029040769230768947
PTPN23,0.015561923076923313
NR0B2,-0.08097730769230758
ANKS3,0.010409423076923243
GOLT1A,-0.0196301923076923
ERCC2,0.020418846153846315
UCP1,-0.060089615384615054
NMUR1,0.007222115384615264
SYT8,0.03301942307692336
ATAD3C///ATAD3B///ATAD3A,-0.010485384615384485
UCN3,-0.09849942307692283
LOC100133056///LINC01558,-0.011139615384615147
DSCR10,-0.015935576923076747
ALPPL2///ALPP///ALPI,-0.02184192307692298
FGF8,-0.0028215384615381477
LINC01271,-0.10196384615384603
LOC339760,-0.00911730769230758
C6orf10,-0.0031476923076922663
OTOF,0.004769423076923211
PRNT,0.03378961538461542
ZNF524,0.019539807692307724
LOC101927787,0.00834384615384614
CH17-340M24.3,-0.11960038461538434
KRT3,0.02187750000000009
LOC101927210,0.0004948076923078834
USP20,-0.06041365384615363
MAFK,-0.00029538461538438125
LOC100131317///POU4F1,-0.0500723076923076
GDAP1L1,-0.04950557692307682
C1QTNF4,-0.0007515384615382691
LOC101928461,-0.004307499999999794
UTS2B,-0.07602307692307676
IL9RP3///IL9R,0.015373461538461582
CDIPT-AS1,-0.004853653846153546
PTCH2,0.11383153846153869
DRD5,0.09848903846153863
EPS8L3,0.012928461538461835
MPDU1,-0.012487884615384404
ASB16,-0.07833634615384592
LINC00176,-0.025350961538461274
PMEL,-0.023268653846153783
OR51J1,-0.02360480769230758
LINC01140,-0.007297499999999655
LOC286121,0.05165423076923092
LOC105378749,-0.011159230769230538
LOC284009,0.020367307692307983
BCL2L12,-0.06444019230769235
PIP5KL1,-0.05074999999999964
ERV3-2,-0.041261538461538336
EPN2-IT1,0.05799769230769224
DGCR6L,0.005050192307692447
ZNF526,0.0016386538461539688
CA5A,-0.08495134615384599
FCN3,-0.05276153846153844
MAL,-0.009490192307692139
FSCN3,-0.017937307692307548
TEDDM1,0.04202423076923096
CDHR1,0.0229694230769232
ADM5,-0.0015494230769228696
PTK7,0.013080769230769312
RBMS3-AS3,-0.04313903846153821
DEFA6,-0.03159211538461503
MT4,0.25396500000000016
DACT2,0.00596538461538479
PGLYRP3,0.07763788461538458
CCDC155,-0.047156346153845966
SPINK5,-0.007515769230769104
CHIAP2,0.007870192307692505
ACHE,-0.00012403846153823833
LINC00459,-0.050834423076922625
FFAR1,-0.01080076923076905
LOC105372179,-0.037188846153846114
PMS2P4,-0.04372019230769216
CXCL9,-0.024580384615384417
CAMK2A,-0.19166557692307662
WASH5P,0.1098725000000001
H2AFB1///H2AFB2///H2AFB3,0.0033832692307694742
CRYBA2,-0.03980692307692285
CRB2,0.010956538461538597
DNAH17-AS1,-0.02515846153846134
TP53TG3B///TP53TG3,0.020816153846154047
CPNE5,0.01411634615384634
BMP4,-0.08494307692307689
SKAP1,0.025192500000000135
ABCG4,0.00866615384615409
SLFNL1-AS1,-0.0643582692307691
HIST1H3I,-0.027150769230768923
CD177,0.008710384615384918
RAB37,-0.043849615384615376
ZNF385C,0.015356346153846316
LOC100129194,-0.015409038461538072
PCDHGA9,0.005832500000000159
FAM215A,-0.04016576923076898
ZNF8,0.04768269230769253
ZXDA,0.023677692307692424
PODXL2,-0.002358846153846144
CHL1-AS2,0.013102115384615622
LOC102723335,-0.002329615384615331
PITX3,0.0100619230769232
MUC17,-0.0794490384615382
CDRT15P2///CDRT15L2,-0.015027884615384476
TBC1D22A-AS1,0.031210192307692532
CD3E,-0.003773076923076913
G6PD,-0.014431346153845843
C6orf99,0.11670903846153845
VPS37D,-0.04485211538461516
LOC102723927,0.009565576923077176
SDHDP2///SDHD,-0.002742692307691906
BCAM,0.0226975000000002
FEV,0.014225576923077072
LOC102724511,-0.0009599999999999351
REXO1,0.1356003846153848
LOC100131860,-0.025839038461538264
CYP2B7P///CYP2B6,-0.06142192307692304
SWSAP1,0.0032475000000001955
LOC100133825///C20orf78,0.0034400000000001474
LRRC45,-0.017170192307692313
FAM182A,-0.026904230769230587
TRIM17,-0.07409999999999976
C1orf20,-0.006728653846153646
ATXN7L2,0.02018403846153871
C1orf167,0.004230192307692318
BRINP2,0.015730384615384826
OR52K3P,-0.09513269230769215
MTNR1B,0.06945903846153864
TMPRSS4,0.019769807692307816
DNHD1,0.11700134615384639
ZP2,-0.012445961538461357
LOC339166,-0.02414999999999971
LOC728163,0.0016234615384616265
OOEP,-0.012956730769230656
ZNF284,0.03291403846153846
ABHD15,0.009565000000000165
DOLPP1,-0.010483846153845984
LOC101928222,0.00777634615384615
LALBA,0.04862711538461549
SEPT3,-0.06485749999999965
TOP1P2,-0.005194615384615055
LOC93429,0.01237192307692315
CLPS,-0.013090576923076604
LINGO1-AS2,-0.016927115384615145
SCAMPER,0.1100240384615385
PCDHGB5,0.11397923076923085
TNNI1,-0.023092499999999846
UBXN11,0.008303846153846306
LOC553103,0.14712115384615396
GPA33,0.01531153846153859
LOC439951,-0.019159230769230796
ZP1,-0.06991923076923039
PHYHD1,-0.00257288461538453
ALOX12B,-0.04179076923076918
LINC00641,0.02197250000000011
ARL9,-0.003974423076922897
TAS2R5,-0.00068634615384591
RIC3,-0.0035169230769227233
PCDHGC4,0.0002880769230773018
RAPGEFL1,-0.013592884615384384
APEX2,0.014411346153846493
PLAC1,0.025926346153846376
MVD,0.024218461538461664
LOC100133586///TEX40,0.013033269230769329
CD1A,-0.04931519230769219
ABCA4,-0.03453980769230758
TMEM179,-0.011134423076923012
CXorf58,-0.017251538461538315
TFAP2E,-0.011671538461538367
SBNO2,0.001973461538461719
LOC728327,0.00959019230769245
LINC00682,-0.020457307692307462
PCED1B,-0.0837528846153844
CCL24,-0.033857115384615305
VN1R2,0.011405384615384864
FADS3,-0.07009615384615378
HTN3,-0.004902692307692101
CNGA1,-0.004348846153846057
ARHGAP25,0.00640288461538479
LOC100499194,0.02108634615384625
CLDN3,-0.0022030769230768723
TEX35,-0.004694999999999852
LOC613266,-0.09516711538461518
HCG27,-0.007393076923076703
CENPT,-0.011173653846153727
NT5C1A,-0.003829038461538329
LOC100507468,0.011382307692307777
LHX4-AS1,-0.04193403846153823
UBXN10-AS1,-0.04160153846153818
RARA,-0.052373269230769015
LOC286068,-0.10458846153846117
GSTM5,0.10401019230769246
FCRL3,0.0039132692307695
KIR3DS1///KIR3DL1,-0.006490769230769013
CD40LG,-0.01290096153846116
FGD3,-0.01896365384615383
TMEM158,0.17288423076923087
TMEM266,-0.0019499999999997835
ZSWIM5,0.009004230769230903
RLN3,0.00554076923076934
NBPF8,0.03895500000000007
PRSS3P2///PRSS1,-0.0002353846153843363
LDHAL6B,-0.023999615384615085
BSG,-0.022118269230768806
SCN4A,0.04789423076923092
LOC105376166,0.016829807692307873
MUCL1,-0.009318461538461395
LYPD1,-0.004935576923076757
CDH16,0.022453653846154015
POU4F1,-0.03901249999999974
RBBP8NL,-0.03459615384615375
CARNS1,0.005265000000000272
PVRIG,-0.028205384615384597
LRRC20,-0.0426434615384614
ACSF3,-0.058422499999999794
PYCRL,-0.09028384615384587
WASF3,0.0043646153846156055
CITED1,0.01623326923076932
LOC101927604,0.010680000000000215
PTCHD4,-0.0014626923076920208
LOC100129122,-0.00236211538461527
LOC100129617,-0.010382884615384277
NVL,-0.004895192307692195
LOC100133572///LOC650293///UNC93B4///UNC93B2///OR7E125P///OR7E87P,-0.061848076923076666
LOC100129656,0.005195192307692418
HBBP1,-0.166503846153846
TXNRD3,-0.017437692307692203
DERL3,0.004228846153846451
ISX,-0.004171730769230825
AOC1,-0.0001748076923073598
TREM2,-0.019356346153845946
LRGUK,-0.006367115384615242
CDKN2D,-0.11256884615384598
GRIN2D,0.006272307692307922
HCP5B,-0.056534999999999724
NKAPP1,0.08726307692307707
METTL12///SNORA57,0.09603326923076921
ZBED3,0.013555192307692506
E2F1,-0.06567403846153817
PDCD1,-0.0020963461538459262
TRBV7-3,-0.004067692307692162
OR51E1,-0.0347298076923075
MGAT4B,-0.0025099999999998006
SLC5A10,0.03221192307692299
NTNG1,0.02894596153846173
LOC442028,0.00021576923076935703
RPL14///IGL,0.03302384615384629
UNC5B-AS1,0.0056650000000000745
PCDHGA12///PCDHGC3,0.0136919230769234
LINC01233,0.05575942307692311
LOC101927914,0.010785192307692497
LOC101927346,0.005767884615384895
LILRA6,-0.04010769230769213
LOC100132057,0.038000961538461914
CRCT1,0.05385442307692317
LOC101929486,-0.010709999999999817
AMZ1,-0.015529230769230615
LOC100130850///LOC729704///KRT17P5,-0.0060928846153843275
SPPL2C,-0.10338846153846137
LOC283737,-0.0005546153846152255
NR2C2AP,0.0008544230769230946
GPRC5A,0.03164846153846173
LINC01137,0.08669692307692316
LOC51190,-0.02136461538461514
XRCC3,0.004996923076923339
SOHLH1,-0.2648576923076922
TAAR5,0.00508096153846178
ITIH1,0.03192673076923078
LOC100506022,0.11456942307692321
C9orf62,-0.011563461538461248
UNC5A,-0.035716153846153606
IZUMO4,0.018560576923077277
EMX1,-0.12388884615384575
MYPOP,-0.0264261538461537
CR1L///CR1,-0.0359296153846151
GCKR,-0.0010701923076922087
SLC22A9,0.012992115384615564
CYS1,0.015178846153846327
THAP8,-0.007487115384615333
CELA2A,-0.08161153846153821
PHGR1,0.012556923076923363
CYP27B1,-0.07420615384615387
SLC39A2,-0.041347692307692044
LAMP3,-0.018415192307692074
GCNT3,-0.15366269230769214
APOBEC4,0.020621346153846202
PPP1R35,0.004286730769230823
TMEM72-AS1,-0.0026698076923073197
TLCD1,-0.021733461538461334
KRTAP5-11///KRTAP5-2///KRTAP5-10,-0.04885711538461521
WFDC5,0.0024759615384617683
ACY1,0.0029667307692310954
AZU1,-0.04273115384615367
LOC101928280,-0.006089615384615098
ZNF29P,-0.034116923076922955
LOC100130237///PDE6B,-0.03729923076923054
ARHGEF25///SLC26A10,0.030484038461538458
LIN28A,-0.0176619230769228
GRID2,-0.08191019230769206
TTC6,0.0023909615384616937
NTRK1,0.030210192307692424
HERC2P8,0.07620538461538473
H2BFXP///LOC644328,0.0010138461538461946
CES3,-0.017794038461538274
SERPINA6,0.10523288461538467
LOC388882,0.006668076923077131
BPIFB4,0.012573076923077091
ACTL7B,0.030760000000000155
FAM207BP///FAM207A,0.006347115384615413
PLA2G4F,-0.023509038461538397
NPBWR2,0.03809192307692321
CAPN5,0.010238461538461611
MXRA7///LINC01105,0.03270096153846169
CLCN2,0.003647500000000099
KRT1,-0.0033730769230767375
LOC102723661,-0.05772711538461516
LOC285300,-0.044800384615384686
TNF,0.009159423076923218
LINC00687,0.018845769230769527
SULT4A1,-0.008205192307692143
TCTE1,-0.012567884615384401
GJB5,-0.053799038461538246
MARS2,-0.11747999999999967
EVI5L,-0.1693409615384613
PRMT7,-0.08430749999999965
VWA5B1,-0.130353846153846
LINC00299,-0.043401153846153825
CHCHD10,0.06326788461538475
TRIM3,-0.05150019230769196
PRR22,0.03600307692307736
GDF9,0.09794769230769253
LOC441086,0.019689230769231077
THSD4-AS1,-0.13665788461538442
C4orf26,-0.029260576923076716
CRYBB3,-0.2565096153846152
MLNR,-0.038450192307692005
FAM163B,-0.03990134615384595
TINCR,-0.0034467307692304405
MIR670HG,-0.0008136538461537316
LOC100130135,-0.009307499999999887
LOC100506691,0.028981730769230784
CSF3,-0.00030730769230764843
CSPG4P5,-0.040638076923076756
COL19A1,-0.018949230769230406
GGTLC2///GGT1,-0.0004892307692305604
KRT38,-0.012499807692307205
FBXO16,-0.03126961538461532
FAM109B,0.02000788461538475
IL17RE,-0.013269230769230813
LRIT1,-0.32373288461538446
LOC284263,-0.011742307692307637
KRTAP9-4,-0.058527692307692065
SEPN1,0.06216173076923098
NME9,-0.0188317307692306
LOC286058,0.017711730769230796
CCDC184,0.0012061538461538906
LOC101928519,0.045101730769230845
LOC101928661,-0.01838115384615369
VGF,-0.03062884615384601
HIST1H4PS1,-0.03229846153846151
GSC2,-0.004970961538461563
LOC647954///KRT8P9///KRT8P45///KRT8,-0.005319807692307716
CXCL16,-0.008955576923076804
LOC100128499///FAM217A,-0.022086923076922955
MC1R,-0.020286923076922862
FAM166B,-0.019453461538461465
GSG1L,-0.01983153846153829
LYPD3,-0.09407326923076882
ASAH2B///ASAH2,-0.01583096153846138
LOC100130224///UTY///KDM6A,-0.025148653846153775
DSG2-AS1,-0.043421730769230775
FLJ34503,-0.017068076923076683
EVPLL,-0.0011399999999997538
MOV10L1,0.18516576923076952
CASC7,-0.13515865384615341
LHB,0.0015776923076926714
PNPLA3,-0.01875519230769221
LOC105372953,-0.023255192307692137
LOC100132078,0.04445423076923095
DMRTA1,-0.0075042307692304916
PALM3,-0.01310846153846131
OGFRP1,-0.024782692307692384
WDR66,0.017971730769230716
DMTN,-0.0010044230769227773
NLRP8,0.042764615384615526
FAM90A1,-0.007002115384615129
P2RY4,-0.031033269230769024
WBP2NL,-0.014717884615384584
ZNF662,-8.307692307682022e-05
CPB2,0.0012815384615383106
TMEM53,-0.0054780769230768364
KIRREL3-AS2,-0.008994038461538397
LOC642131,0.008999807692307925
IFNA5,-0.005485192307692225
LOC101928144,-0.019827115384615103
LOC401068,-0.0023036538461536863
C22orf15,-0.020524615384615225
LOC100130772///CPEB3,0.06928038461538481
ZBED9,-0.00648673076923067
RASL11A,0.03668673076923068
FES,-0.04440634615384594
C9orf24,-0.006998269230769098
LOC100132969///TMEM185A,-5.826923076900502e-05
QTRT1,0.17665711538461526
AMDHD2,-0.016541153846153622
LOC729556,0.007554807692307957
KRT6A,-0.025968653846153614
HTR5A,-0.07958076923076922
PEX11G,0.04890211538461553
LINC01272,-0.2417442307692308
FERD3L,-0.14795480769230748
OTUD7A,-0.020573846153846085
CDH3,0.011076538461538527
ZXDB///ZXDA,-0.030859807692307364
LOC728099,-0.10646384615384581
GCNT1P1,0.00953288461538484
CRYBB2,-0.022779999999999957
PRAMEF11,-0.06212461538461521
SLC38A5,0.02406903846153863
SLIT2-IT1,0.0007271153846153753
CLDN2,0.032755769230769255
CCR4,0.09845826923076931
CALY,-0.03464153846153821
AMN1,0.0016913461538462674
DBNDD1,-0.08788615384615384
LOC101929406,-0.0026376923076921683
TMEM63C,-0.07557634615384598
CD300LB,0.04833576923076922
LOC102725022,-0.0092571153846152
SERPINA4,-0.032589807692307585
CNNM3,-0.04836673076923069
AMPD1,-0.002288269230769146
SHH,-0.10327153846153832
DPP6,-0.27988076923076904
GRASP,0.03540769230769251
NPAS4,-0.0020826923076921605
PROK1,-0.09434730769230741
CENPM,-0.029184999999999798
TOR2A,0.05578480769230802
NANOS2,-0.028376538461538404
USP2,-0.08510480769230769
PRDM6,0.048469807692307645
RAMP3,0.02668596153846169
TLR9,-0.006294615384615251
BLACAT1,-0.023978653846153764
IGLV3-12///IGLV3-21///IGLC1///IGL,0.04223423076923096
LOC100129936,0.05066384615384619
SLC22A14,-0.10336461538461515
C1orf100,0.010445384615384704
MRM1,-0.013622499999999796
PPP1R1B,0.10329942307692311
F2RL3,-0.011861730769230704
LOC100134109///COL22A1,0.002537500000000221
ATP6V0D1,-0.003485576923076703
LOC541472///IL6,0.023178269230769318
ARFRP1,-0.02035980769230742
GRK1,-0.012415769230769305
LOC105371763,-0.018429615384615305
LOC101928813,-0.0031671153846152666
PPP1R14D,-0.014830769230769128
KLK5,0.0073301923076925695
MGC2889,-0.07773961538461502
HCCAT5,0.06329942307692314
HOXC11,0.005485576923077083
OPN1MW2///OPN1LW///OPN1MW,-0.011732692307692262
LGALS13,0.006772884615384718
LOC648232,0.030007500000000065
CD207,0.04272923076923076
LOC100506603,0.013236153846154066
CECR6,-0.07414673076923071
KCNH4,0.008691730769230986
LOC101927151,-0.009451346153846003
MASP2,0.03471096153846156
LOC100130344,-0.011446153846153613
LOC339298,0.04797788461538464
EDN2,-0.003142307692307345
HDGFL1,0.046471538461538515
AXIN1,-0.019473076923076583
DPEP3,-0.12372788461538439
PADI3,0.04864500000000031
LOC286083,-0.05995211538461526
ERICH3-AS1,0.04964057692307712
NT5M,0.0019871153846156035
BPIFB1,0.041075576923077096
ICAM5,0.04781307692307704
SHPK,0.0015275000000001403
GFI1B,-0.04050038461538455
LOC149373,-0.06699999999999989
ACTN3,0.0065800000000000814
COX7B2,0.01595057692307713
EPB42,-0.0531428846153843
GUSBP1///GUSBP4,-0.0031344230769229727
LOC101927948,-0.0752042307692305
LOC100134711///LOC100132740///STAG3L2///STAG3L3///STAG3L1,0.028495384615384783
CLEC18B///CLEC18A,0.0006428846153846897
LOC101926962,-0.01853423076923061
TMEM88,-0.020678269230769288
DRD3,-0.0436080769230769
NPY,-0.004093076923076815
GPR15,-0.005439230769230654
CYP4Z1,0.003674038461538608
LRRC37A5P,-0.0008540384615382418
DEFB129,0.018915769230769257
LOC100130809///SRY,-0.015580961538461327
STAC2,-0.0014969230769229771
CTB-113P19.1,-0.010958076923076631
KRT18P50,-0.009469615384615122
SDCCAG3P2///SDCCAG3,0.03446980769230787
MUL1,-0.011462307692307435
LOC100131510,-0.003753461538461255
LOC148696,-0.014197499999999742
UGT1A6,-0.022159615384615056
IL10RB-AS1,-0.0011669230769229561
KLK6,0.026068461538461755
DRC1,-0.03305961538461525
C9orf69,0.02548096153846175
LOC100131414///TJP2,-0.013295961538461343
SPRYD4,-0.0025446153846152867
MAPK15,0.006179807692307745
GPX5,-0.0014405769230767984
PADI4,0.018609615384615665
MC3R,-0.07090038461538449
DLK1,-0.007221346153846054
KRT36,-0.10847557692307665
C1orf111,-0.05198653846153807
AWAT1,-0.006560192307691949
SPATA3,0.008591153846154206
NAT8,-0.06434153846153812
TAS2R38,-0.11207903846153805
TEX14,-0.0014548076923076364
LOC100506526,-0.046621730769230506
JMJD8,-0.0013223076923075765
LGALS4,-0.208602115384615
LOC389895,-0.0017113461538460044
REG1CP,0.004521538461538774
LOC440867,-0.004927115384615254
SLC13A5,-0.12451692307692287
OR3A3,-0.003982307692307437
LOC100507487,0.004517500000000235
SPANXA2///SPANXB1///SPANXC///SPANXA1,0.0032342307692308594
CLRN3,0.014950576923077023
TUSC7,-0.031113846153846037
ENKUR,-0.015704615384615154
LOC101927181,-0.05044903846153818
OPALIN,-0.008139038461538507
UMODL1-AS1,-0.006837307692307573
HTR1A,-0.010408846153845864
MYL3,-0.031226538461538198
MFAP4,-0.0045190384615383305
C10orf62,0.021906153846154033
ARC,-0.022359999999999835
P2RY11,0.005310769230769325
SLC25A1,-0.0283742307692307
GPR12,-0.056516153846153765
ARSG,-0.02941826923076902
TNNT1,-0.018381923076922952
FOXR1,-0.0187771153846152
BANF2,0.0004040384615386817
C8orf74,-0.004519615384615132
CLDN8,-0.020768653846153763
HBZ,0.0017917307692310778
LOC728951///KRTAP1-3,-0.032395576923076916
LINC01620,0.0038463461538464257
SSTR3,-0.03850711538461527
HAPLN4,0.04181634615384627
HTR3B,-0.032878846153846196
LINC01123,0.004741730769230894
POM121C///POM121,0.010501923076923185
PRM2,-0.052561730769230604
PPY,-0.09209653846153824
LINC00635,0.055798076923077214
ADGRA1,-0.035545000000000014
FAAP100,-0.07464173076923053
ABHD8,0.015931153846153942
LOC100507156,-0.004846923076922881
NKPD1,0.012268269230769305
NRIP2,0.015268269230769486
P2RX3,-0.03062865384615359
METTL21C,0.00221192307692352
TCTEX1D2///TM4SF19,0.005765192307692504
KIF4A,0.05895500000000014
KRT9,0.03458288461538467
LINC00240,0.05809134615384635
LOC101928845,-0.061876346153845824
SPERT,0.026095000000000042
ANKRD34C,-0.03248923076923059
TIMD4,0.07186519230769269
TNXB///TNXA,-0.02387307692307681
GLP2R,-0.003111538461538064
OR1A1,0.009835576923076966
BEX1,-0.08575807692307676
UBASH3A,0.004001923076923265
CHIT1,-0.014534038461538393
CYP4F12,0.10643923076923069
HLA-DPA2,-0.07204673076923047
CATSPERD,0.01129750000000021
UBQLN3,0.1043596153846155
FLJ44896,-0.04352961538461522
PTCSC1,-0.014517307692307389
LOC100129289///CDK14,0.0064690384615384965
C12orf50,-0.0009642307692305944
PGC,-0.04678403846153834
FIZ1,0.013591730769230806
RSPO4,-0.002826346153845965
OVOL3,-0.0950382692307692
SMIM6,-0.019350576923076845
KAAG1,0.0007967307692311049
EPX,0.011079423076923476
CER1,-0.1118194230769227
C19orf57,0.00450076923076929
MPP3,-0.0017234615384612473
BPIFA3,-0.04329403846153824
ARSI,-0.06701480769230762
PRG3,-0.021769807692307606
ODF3L1,-0.18290615384615355
LINC00626,0.0003325000000003498
CPA3,-0.005223461538461263
IP6K3,-0.015464999999999802
NLRP6,-0.015634615384615188
IL4,0.07176423076923087
IFNL1,-0.0036221153846152164
KCNK12,-0.01341942307692273
MBD3L3///MBD3L4///MBD3L5///MBD3L2,0.025185384615384717
B4GALNT4,0.017534230769230892
ZNF324B,-0.024367692307692302
LINC00842,0.006307500000000161
GCHFR,-0.006423846153845994
ARMC12,0.0241794230769232
LOC645529///ACR,-0.0759965384615382
FAM26D,0.00415788461538467
MMP25-AS1,-0.16476096153846134
LINC00658,0.0028705769230770485
VN1R5,-0.017136153846153867
IL1RAPL2,-0.012254999999999858
AQP11,-0.04132519230769224
TNFRSF13B,-0.021364230769230635
FAM95A,-0.018987692307692164
LINC00836,0.054972499999999966
LOC101928626,-0.003140769230769102
KCNK4,-0.011751153846153663
PPP1R16A,0.002119038461538664
TAS2R16,0.012768846153846429
PLPPR3,0.006146730769230981
SYNPR-AS1,0.11938038461538475
LOC100289094,0.0547001923076925
LRRC56,-0.06911499999999987
LOC101928069,0.00021346153846177343
CCDC63,0.011005192307692504
KIF7,0.0417507692307693
IPCEF1,0.024810384615384807
LOC142893,-0.017056923076922807
SH3D19///RUNX1,-0.013437115384615228
SCGB3A1,-0.2347824999999997
PLA2G2F,0.03477538461538494
FFAR2,0.11330173076923107
DNAJB8,-0.04772634615384603
KRTAP2-1,-0.007555961538461421
LOC101928896,-0.07524826923076881
BTBD17,0.022668269230769544
HIST1H3D///HIST1H2AD,-0.0007167307692306562
RP9,-0.04290288461538434
ASCL5,0.005253846153846319
ZNF76,-0.005503653846153822
TMEM151A,-0.020837884615384696
LOC221122,-0.00493211538461523
LOC728245,-0.008312692307692077
CXorf67,-0.010094230769230677
TAS2R9,-0.0420278846153845
SYT5,0.07078192307692326
SOAT2,-0.01012961538461538
TSSK4,-0.00022807692307686995
PRRT1,-0.07845192307692293
DNM1P46,-0.219318846153846
UPK3A,0.10767461538461548
TSPY1,-0.004946153846153882
SEPT10P1,0.010984615384615528
LOC100131819,-0.01401730769230748
EML3,-0.0028340384615382994
IFNA14///IFNA13///IFNA6///IFNA5///IFNA2///IFNA1,0.011567692307692563
TBC1D27,-0.06339942307692298
TSPO2,0.00912615384615397
HAND1,-0.013491923076923018
SH3BGRL2,-0.0015721153846152752
INCENP,0.03885865384615387
IL17B,-0.038698461538461466
PLK1,0.0375509615384616
LOC100131349///NT5C,0.05318423076923092
GRIP2,-0.02887442307692287
DXO,0.048242884615384625
IL36A,-0.018125576923076682
OR10C1,-0.03548269230769214
CYP2A7,-0.23639634615384597
ADCK5,0.01353538461538478
LENEP,-0.031236346153845906
LINC01214,-0.00972538461538447
FXYD4,-0.00311673076923062
PCDHA3,-0.13157826923076887
PDZD7,-0.039758269230768924
GPR25,-0.03374269230769208
NALCN-AS1,0.0826301923076925
C9orf173-AS1,-0.025054999999999678
LOC101927274,0.11881076923076933
LOC100129041,0.10849788461538477
LINC00700,0.012875000000000152
CENPE,0.059836346153846295
MNX1-AS1,-0.011168076923076968
ST8SIA6-AS1,-0.017830192307692096
OR5P3,0.07891826923076928
CACNB3,0.04961788461538483
UBAP1L,-0.0774936538461537
LRRN4,-0.013363461538461564
GTF2IP20,0.0060851923076924025
KRT6C///KRT6B///KRT6A,-0.02816711538461539
SPSB3,0.20408307692307706
CCDC178,0.03552711538461538
FAM222A,0.05923673076923081
ELSPBP1,-0.0024917307692307075
ELMO3,-0.027693076923076695
LOC100131056,-0.05672403846153826
ADCY5,-0.014996730769230467
ASAH2B,0.005381346153846486
SHOX,0.07649826923076934
ZBTB42,-0.006291346153845981
LOC339685,0.023235961538461643
HAS1,-0.03146096153846124
HHATL,0.005027500000000222
GGT2///GGTLC3///GGTLC1///GGTLC2///GGT3P///GGT1,-0.004500576923076801
TGM6,0.02253442307692318
LOC255654,-0.10309788461538444
LCAL1,0.0034678846153846673
SLC18A1,0.01319750000000017
PTRHD1,-0.008334230769230637
FLJ23867///QSOX1,-0.041814038461538264
FAM189A2,-0.005762115384615303
LINC00523,0.009768846153846218
LOC646484,-0.009269038461538174
ACKR1,0.010205769230769475
NMBR,-0.012435192307692293
CHGA,0.0016350000000001882
SLITRK1,0.0010738461538462771
DGCR7,-0.0026394230769228003
SNHG4///MATR3,-0.027559807692307457
TPSD1,0.019264038461538527
ELAVL3,0.05643750000000023
TAGLN3,-0.003351538461538228
LOR,0.0800080769230768
ERICH6,-0.0052073076923074575
CASC16,-0.01606826923076894
ARHGEF7-AS2,-0.007406346153845915
CIDEA,0.0012688461538462581
ZNF619,0.04515403846153857
LOC100133459///NBPF10///NBPF8///LOC727908///AE01///NBPF9///NBPF15///NBPF11///NBPF12///NBPF1///NBPF14,0.0016851923076924113
CYP11B2,0.036834230769230966
CYP46A1,-0.0012596153846151448
OR4F29///OR4F21///OR4F16///OR4F3,0.017473461538461698
TACR3,5.4423076923312335e-05
TEKT5,-0.0035098076923074637
ALDH3B2,-0.0021792307692306222
NPW,-0.006829230769230533
LOC221946,0.052157884615384766
REXO1L1P,0.007920769230769493
PLEKHM1P1///PLEKHM1,-0.006725192307692126
STX1B,-0.003939999999999725
ZFPL1,0.0037794230769231064
GMPR,0.036500000000000234
TRIM54,-0.03739423076923078
SPATA31E1,-0.002347115384615185
HRC,-0.07608807692307674
CTAGE8///CTAGE4///CTAGE11P///CTAGE15///CTAGE6///CTAGE7P///CTAGE5,-0.0020680769230767572
KHDC3L,-0.003166538461538457
CASQ1,0.022697115384615652
LOC728799///LRRC27,-0.046145384615384456
ASPG,0.002134423076923317
SGK223,-0.037753269230768965
CTXN1,0.020512115384615733
MGAT5B,-0.01663480769230754
RACGAP1P///RACGAP1,-0.0021086538461535594
KMT2A///AFF3,0.0076694230769233365
COL17A1,0.04041403846153872
LOC101927526,-0.005013461538461289
PMS2P9///LOC730324///LOC441259///PMS2P5///PMS2P2///PMS2P1,0.0033069230769233265
FAM122A,-0.011665192307692158
OR8B8,0.05197615384615402
C1orf105,0.024061153846153947
BRICD5,-0.0744211538461538
CR1L,-0.0020640384615380966
DUX1///DUX3///DUX5,0.011425769230769335
CENPVL1,-0.061622884615384385
SMAD1-AS2,-0.04321384615384597
SCGN,0.034018846153846254
PATE2,-0.0028384615384614165
VAX2,-0.009685769230769104
SCARNA2,0.09409269230769238
KCNE1,-0.006479807692307444
EFNB1,0.061552500000000177
OR2F2,0.004686923076923108
LINC00620,0.018961153846154058
VWA7,-0.032736153846153526
TRMU,0.017489038461538653
CPNE9,0.09062346153846164
ITPKC,-0.03884019230769198
ARIH2OS,0.0034580769230771547
MLC1,-0.0008598076923074634
LOC105370622,-0.030868846153845893
TEX38,-0.0022167307692307213
RRAD,-0.01078076923076909
LOC100131317,3.846153846174658e-05
PPM1N,-0.05853634615384599
LOC100128146///ANP32A,0.00041423076923080375
LOC101928035,-0.0042317307692306206
ZP4,-0.04731096153846157
MS4A6E,-0.012150769230769172
KRT77,-0.01020403846153843
LOC101926975,-0.09232557692307658
LY6G6F///LY6G6D,-0.07582249999999974
AP1M1,-0.006645576923076751
HPR,-0.00464557692307674
SLC22A11,-0.03337942307692273
TEX13A,-0.09040038461538426
MAST1,-0.000828846153846139
AFMID,-0.023423846153846205
CIT,0.08453923076923094
SP6,0.025764038461538588
LOC101929694,-0.13767134615384588
LSR,-0.042584038461538104
TSSK3,-0.03139596153846127
LOC101927907,-0.0040473076923076305
GGT5,-0.004998461538461386
C3orf49,-0.005005192307692147
ZNF223,-0.016166730769230645
GNPDA2,-0.008464038461538493
DOK2,-0.012649423076922902
LOC102724714,0.024001153846154043
FAM151A,0.018707884615384876
SYNGR4,0.003970961538461873
MMP25,0.04356230769230783
THAP7-AS1,-0.002586153846153601
LOC100131218///NDOR1,-0.06913134615384575
NTNG2,-0.006089038461538435
IGFL2,-0.20771961538461506
LOC283435,-0.008398653846153691
TTTY13,-0.04979769230769206
LOC100996694,-0.07829480769230758
LOC100507281,0.0011909615384616346
GAS8-AS1,-0.0038211538461537633
LOC102723493,0.032234807692308035
ATXN8OS,-0.0036486538461536857
TSPAN15,0.00866403846153856
A1CF,-0.12841749999999968
PHEX-AS1,0.004270961538461789
LINC01096,-0.0195424999999998
NPHP4,-0.004304423076923023
SIGLEC5,-0.011521538461538335
LOC728095,0.006156923076923212
HSPB3,-0.01615230769230745
GUCA1B,-0.029981923076922996
B3GALT5,-0.03508326923076904
FGD5-AS1,-0.028255192307692165
RNF39,-0.02574788461538438
SLC7A4,-0.02254115384615356
ASIC4,-0.11883634615384595
HERC5,-0.005087884615384467
LOC101928894,0.033770576923077104
FAM71E2,-0.0033386538461535626
TMEM61,-0.034611538461538124
FPR2,-0.08945730769230763
C9orf41-AS1,0.03435076923076922
CBLN1,-0.07950403846153806
OMP,-0.0071846153846154386
KLHL30-AS1,-0.009561346153845856
SP140L///SP140,-0.028887115384615296
PROSER3,-0.011081538461538355
SNORA17B///SNHG7,-0.01933480769230744
SLC2A4,0.0659821153846157
LOC100130278,0.017901153846153987
CYP2S1,0.06523115384615413
GNA15,0.010015961538461678
FSHR,0.001815961538461574
CXCR3,0.024033461538461663
ARHGAP45,-0.017930192307692175
MC4R,0.002834615384615588
LOC100133896///SEMA4G,-0.010705192307692174
ACPT,-0.012620961538461374
RPRM,0.07655115384615416
FUT6///FUT5,-0.00959846153846136
HSD3B7,-0.03166653846153819
MAJIN,-0.006940576923076842
LOC100134331///IGHG1///IGHD///IGH,-0.012783076923076769
COLEC10,0.003354230769231116
TMC4,-0.11850807692307681
C17orf50,-0.0033111538461537463
PARP3,-0.02912499999999976
RNF139-AS1,-0.009802884615384526
LYSMD1,0.007526923076923312
TMPO-AS1,-0.02562288461538431
ADAMTS15,-0.0012748076923076947
FGF3,0.0014051923076924798
HMMR,0.04240692307692304
TLX3,-0.00795423076923059
OR2A4,-0.0031530769230767174
KRT34,-0.005210961538461275
ANXA10,-0.002003461538461377
LOC643549,-0.007680769230769052
PDIA2,-0.1368003846153846
CBLC,-0.0008553846153844139
LOC100128501,-0.008559423076923027
RPS6KL1,0.052474615384615626
PROZ,-0.03082057692307668
SLC29A4,0.02135846153846168
CHST8,-0.010658846153845866
ST7-AS1,-0.014122499999999831
LLGL2,0.007013653846153895
PCBP3,-0.04941288461538455
LOC286126,0.002251346153846226
MIOX,0.053910384615385054
SLC6A5,-0.009328846153846094
C20orf196,0.046302500000000156
LOC100134368,0.03773576923076926
NDUFB2-AS1,-0.031458269230769026
CDK20,0.0025036538461541903
TH,0.03103250000000006
FOXQ1,-0.014058653846153594
PTH2R,-0.005343269230769072
SVILP1///SVIL,0.016188076923077097
MIR194-2HG,0.04498173076923083
OR6B1,-9.596153846123605e-05
INSL3,-0.0019390384615383773
TBC1D21,-0.06842307692307675
ACRV1,-0.05522403846153837
LOC728902,-0.1012428846153844
LOC100131226,-0.0022261538461534986
TBC1D2,-0.033696923076922965
LOC440570,-0.04134942307692281
LINC00525,0.022976538461538635
HIST1H2BM,0.0011738461538464454
LOC101928343,0.018687692307692332
SLC27A1,-0.009449423076923159
PLIN4,0.009464230769230903
OASL,0.024659230769230954
ZNF295-AS1,-0.0014317307692304922
PRR23D2,-0.029332499999999595
CCL17,0.17459019230769254
DNAAF3,-0.1212242307692305
TSPY26P,0.11542846153846176
RETNLB,-0.014349230769230493
HOXD11,-0.013055769230769215
PAGE5,-7.769230769233734e-05
FLJ90680,-0.012494615384615255
VPS52,0.08978750000000016
LOC105378702,-0.05295576923076896
ZNF469,-0.10180673076923047
LOC100130494///PPIEL,-0.02200057692307675
LOC729940,-0.06905615384615375
GSTM4///GSTM2///GSTM1,0.031350769230769314
FLJ45513,0.06632980769230784
LOC100507461,0.004115961538461808
FLJ20021,0.013094807692307685
FCGR1A,0.04191230769230785
UNC93B1,0.0289126923076926
OR12D2,0.008457307692307754
LOC100128988,-0.03838961538461516
CSPG4P1Y///CSPG4P2Y,-0.09261288461538432
KRT33B,0.011288076923077177
ADH1A,-0.09882230769230743
LOC101929752,-0.08010019230769214
SSSCA1-AS1,0.012750961538461713
LOC645733,0.001690769230769392
PRRT3,0.0981803846153848
LAMB2P1,-0.029605769230769168
A1BG,-0.06603307692307668
LOC101927539,0.016042692307692397
TRIM78P,-0.00343923076923069
CCDC54,-0.002579038461538274
PRKAG3,-0.030905576923076803
IL2RG,-0.017479423076922972
C6orf25,-0.0032798076923076375
OLFM2,-0.009384615384615066
DCDC2B,-0.01863192307692288
OR5I1,-0.0066026923076920345
PAK6,0.003103269230769222
TIGD3,0.00103807692307706
LINC01010,0.0041788461538462005
TULP2,-0.08784057692307669
LOC101927272,-0.0036711538461537034
TRIML2,-0.029016346153845917
ADGRG4,-0.0013624999999997094
DENND1C,0.012641538461538737
LOC101928304,-0.018434615384615164
ATP13A2,-0.012020192307692188
LOC100652911,-0.005826923076922917
KLRK1,-0.006321730769230612
LOC101929662,-0.0010396153846150397
LOC100128311,0.0018650000000001857
PGLYRP1,0.0054999999999999875
STARD6,-0.004934999999999951
LOC100506016,-0.032371538461538105
ZNF731P,-0.020690769230768884
LOC729994,0.0540755769230772
GAREM2,0.05046038461538464
CRYAA,-0.11812230769230747
MED15,0.07115846153846152
LOC400568,0.00899211538461556
TM4SF4,0.021077884615384748
LOC105373434,-0.10024788461538417
GSX1,-0.008579423076923103
GLTPD2,-0.011778269230769127
LOC105376360,-0.04083423076923052
OSGIN1,-0.00743288461538454
F12,-0.0007051923076919818
FOLR3,0.05149865384615409
NDUFA4L2,-0.000419038461538179
ADCK1,-0.005788269230769047
CELA3B,-0.026788846153845868
FAM184B,-0.012918846153845979
PSORS1C2,-0.021851538461538308
TUBB2B///TUBB2A,0.014745961538461746
KIR2DL5A,-0.07768384615384598
NEURL2,0.05450403846153869
ZNF541,0.002019038461538649
KIAA1549///BRAF,0.07822807692307703
TMEM225,-0.0005786538461537373
PMFBP1,-0.05756519230769217
LOC101927668,-0.005609423076923054
GMPSP1,-0.038113461538461194
LOC100133862,0.0030934615384616325
C9orf50,-0.007225769230768944
PHKG1,0.020694038461538763
GMNC,-0.004838269230769166
LYZL6,-0.025095961538461463
LOC101929719,-0.0022424999999999264
AKR7A3,0.004093846153846391
HSD17B2,0.011835192307692376
LOC100132661,-0.004952115384615119
FXYD7,-0.0664092307692306
KRTAP2-2,-0.02682307692307666
POU4F3,-0.01076730769230751
LOC171391,-0.10345884615384601
LOC400099,0.01443634615384623
DGKQ,-0.004567115384615264
HPDL,-0.023874807692307567
HPSE2,-0.0029715384615382192
LOC100131144,-0.0002742307692306513
TCL1A,0.004569423076923212
OR52D1,0.029508653846154042
LOC100131262,0.04719423076923089
LOC100131058///TMEM198B,-0.054806538461538386
ZFP3,-0.005833269230769271
ITPRIPL1,0.004529423076923279
OR51M1,0.019741346153846193
KIR2DS5,0.0009232692307695076
RPL3L,-0.007917499999999768
ABCB8,0.035660961538461836
IGSF21,0.025183846153846084
WFDC6///EPPIN,-0.06563923076923046
LOC150051,-0.004333846153846004
KRT84,-0.05820403846153816
SNORA71B,0.0037826923076922166
GALK1,-0.006582115384615425
KLHL40,0.03432346153846177
FLJ13224,-0.005892884615384324
CYP21A2,0.01757807692307704
ITPKA,0.27306865384615386
HDAC10///MAPK12,-0.05621557692307678
ACTL8,-0.025864999999999572
TARBP2,0.010103076923077041
BSN,-0.011705769230769167
PCNX3,0.048974038461538465
XPNPEP2,-0.004534230769230578
LOC285627,0.0016834615384616232
MYOZ1,0.009071153846154058
MYRFL,-0.005607884615384544
CCL3,-0.011053076923076811
SYT3,0.014330576923076987
TBC1D28,0.0006440384615386842
LRRC3,-0.0072623076923076305
SPATA3-AS1,0.0679726923076925
CNTD2,-0.018179423076923017
PTPRCAP,0.034475000000000075
GUCY2D,-0.026039615384615074
GAL3ST3,-0.003668846153846017
LOC100134394///KRT86,0.07843346153846184
LOC101929398,-0.0020680769230767802
LOC151174,0.006700192307692462
RAPSN,0.17989692307692332
ROR2,0.06902769230769258
LINC00845,-0.06173692307692285
ADGRB2,0.024148461538461695
CEACAM19,0.06274826923076937
CHRNB1,-0.030231923076922962
PCOLCE-AS1,-0.04374192307692281
CYP4F22,0.014442307692307798
SLC35F1,-0.027381538461538246
LTB4R2///LTB4R,-6.0192307692167185e-05
ZBTB12,-0.032635961538461336
TM7SF2,-0.010891153846153639
SYTL1,-0.09309557692307668
PQLC1,-0.02091961538461506
AAAS,-0.01318557692307674
C17orf97,0.008933461538461732
LOC440028,0.032793076923077064
NEUROG2,0.13702538461538477
PAX2,-0.01071153846153828
SP140,0.007436153846154049
GRASPOS,0.08522115384615377
ISL1,-0.013258846153845916
SBF2-AS1,-0.04594730769230757
LOC100506271,-0.003858461538461478
NAV2-AS2,-0.028313846153845874
TCERG1L,-0.0418965384615383
ZNF213,0.004401346153846243
LOC284240,-0.0034838461538460822
CLN3,0.012443846153846236
LOC780529,0.012136346153846312
TBC1D10C,0.014774038461538665
MAS1L,0.014213269230769541
FLJ32742,0.01010538461538472
PRSS3,0.05307961538461562
CYB561D1,-0.003020384615384512
PLA2G4D,-0.01714826923076908
MZF1-AS1,0.03631923076923088
WDR93,-0.04889961538461527
CABP5,-0.05446346153846125
LOC642975///TMEM230,-0.05772557692307675
LOC100134768///LOC100133177///LOC100132744///LOC100132119///LOC100131975///LOC100130914///LOC100128326///LINC01347///LOC730286///LOC729660///LOC729218///LOC728728///LOC728417///LOC728105///LOC643670///GTF2IP20///LINC01000///LOC401357///LINC00999///LINC00265,-0.058405384615384505
TCF15,0.02921826923076926
OR51B5,-0.005065000000000036
LOC388692,0.003035192307692539
CBLN3,-0.04307884615384597
VSTM2L,-0.11276230769230768
OR2C1,-0.004882692307692155
FITM1,0.035471730769230894
MRGPRX2,-0.100368846153846
CPN1,-0.00664326923076912
ZNF780A///ZNF780B,0.004310961538461608
TTTY7B///TTTY7,-0.0025015384615382982
DEFA5,-0.021223653846153562
KRT6B,-0.02462250000000003
MON1A,-0.013138653846153939
SSTR5,-0.009404038461538262
AQP10,-0.036099423076922835
TAS2R41,-0.013592692307692266
KRT32,-0.010275192307692136
DHRS7C,-0.003422884615384403
SOST,-0.06420634615384573
RP1L1,-0.004820769230769203
OR51I2,0.0007076923076925434
AANAT,-0.0840724999999998
SCGB3A2,-0.01978230769230736
OR10H3,0.06421403846153854
SLCO4A1,-0.0009078846153844247
GPR78,-0.008764423076922927
NCF1C///NCF1B///NCF1///LOC648998,-0.005587692307692087
SIRT7,-0.027655192307692172
FBN3,0.08070500000000008
TFF1,-0.012677115384615068
TAS1R2,-0.03184788461538443
FOXP4-AS1,-0.004749423076922893
REG3G,-0.06922826923076891
KCNK7,0.0904194230769231
LOC100133985,-0.004726346153846042
ZNF467,0.03466403846153866
LOC100130930,0.06801557692307701
USH1G,-0.1412065384615383
SLC9A3,-0.021865961538461414
PRRX2-AS1,-0.10520153846153833
LOC100128663,-0.005835576923076873
PLA2G2E,0.006433846153846555
DUS3L,-0.041566538461538315
GAPDHS,0.021808269230769357
OR10A5,0.038895576923077095
LRRC29,-0.008108461538461328
WNT10B,0.006787307692307925
TREML2,0.08430269230769259
C21orf116,-0.005138461538461379
LOC100131864,-0.00901596153846148
PRPH,-0.003024038461538343
PCDHA6,0.008362884615384765
VSIG10L,-0.029034999999999974
MOGAT3,-0.02666980769230761
LOC728011,-0.00962653846153842
HSPC324,-0.01808961538461518
GPRC5D,-0.003338461538461556
LOC100130417,0.009847692307692509
CRYBA4,-0.0030249999999998546
HOXC5///HOXC4,0.05566134615384643
SLC22A13,0.004499230769230891
CACNG7,0.004348269230769497
HTR3C,0.007991923076923335
SPNS3,0.09625307692307716
NOBOX,-0.006106538461538218
ZDHHC8P1,-0.009797307692307411
NOXO1,-0.006366923076922953
NOC4L,0.09018384615384621
TMEM200C,-0.09049153846153828
LINC00028,-0.23488192307692266
ANKRD16,-0.06372211538461531
BTN1A1,-0.026905961538461563
GPT,0.004718653846153966
MROH6,-0.019013461538461306
CECR5-AS1,0.005846923076923228
ZNF497,-0.018209615384615283
LINC00892,-0.005458653846153767
LINC01210,-0.0070167307692306545
AFAP1-AS1,-0.0131948076923076
CFAP47,-0.01880807692307671
CYP2B7P,-0.026353461538461454
WBSCR23,0.05467250000000011
OR51I1,-0.08014384615384586
PROKR2,0.0071867307692307396
PRKCG,-0.006171538461538294
FAM155B,-0.003185576923076538
KRTAP4-6,-0.006646730769230575
TEKT2,-0.005698846153846037
SOX21,0.013381153846154091
PPP1R27,-0.003014615384615199
IRGC,-0.01254519230769217
RHOXF1,0.013640000000000046
LOC285847,0.06705153846153866
SLC22A12,-0.030009038461538375
SRRM2-AS1,-0.007275576923076929
ANKRD34A,0.007473076923077093
LRRC52,-0.014751153846153806
IGHA2///IGH,0.04544442307692305
R3HDML,-0.09251903846153837
CCDC96,-0.04920096153846145
LOC100134620,0.004531538461538655
ZRANB2-AS1,0.03873019230769246
DTX1,-0.012925384615384363
LY6G6C,-0.025454423076922778
LHFPL3,-0.005980576923076712
CXADRP1,-0.016044615384615244
ELANE,-0.01777999999999976
PRSS22,0.006613653846153877
EPHX1,0.046109423076923034
HAND2,-0.004311730769230765
KCNK16,-0.06320673076923056
TAAR3,0.004278269230769437
CCDC116,-0.0029798076923075742
G6PC2,-0.08724538461538445
XAGE-4,0.0033390384615385993
ZNF835,-0.030762884615384564
LOC100130268,-0.009285576923076773
PGLYRP2,0.044130576923077
TSGA10IP,0.05578596153846162
STH,0.0001442307692308717
LINC01398,0.007255576923077132
FATE1,-0.013038461538461417
SYPL2,-0.04525499999999994
NUTM2B///NUTM2D///NUTM2A///FAM22C///NUTM2E,-0.003610961538461566
OR2B2,-0.010265384615384517
FAM205A,-0.005065961538461242
KRT33A,-0.09720538461538428
TULP1,0.04940538461538476
ATP6V1G2,0.004257884615384775
OR7C2,0.012970384615384764
RNF215,0.007471153846154029
OR7A17,0.035088461538461665
LINC01566,0.009044807692307734
NSUN5P2///NSUN5P1,-0.032686730769230586
OPN1SW,-0.01694384615384612
NKX1-1,-0.23054423076923045
LTK,-0.11942634615384595
FAM83E,-0.012961730769230647
OTX1,-0.04465480769230745
DXS542,-0.007921730769230665
LINC01348,-0.004723846153845962
KRTCAP3,-0.0075213461538459645
LINC00847,-0.003815192307692179
KREMEN2,-0.012959615384615245
CBY3,-0.01271596153846139
GS1-259H13.2,0.0053600000000003254
C6,0.0026324999999999344
UBL7,-0.01766846153846131
FAM132A,-0.0057861538461536615
LINC01141,-0.06085134615384601
ANO9,0.06640538461538457
MOS,0.040060192307692505
RRP7BP///POLDIP3///RRP7A,0.0035771153846155044
TPRN,-0.013174999999999838
SLC27A5,0.0007411538461540416
GLI4,0.006826346153846186
LOC101929464,0.18258923076923086
LINC00857,-0.01368249999999977
FLJ32154,0.11519019230769217
CLDN17,-0.0057119230769228264
PRR36,0.060715576923077004
LOC84214,0.008571923076923126
PIAS4,-0.03169288461538436
RP9P,-0.003653461538461414
LINC01352,-0.10280846153846143
LOC100131498,0.07056596153846166
NXF2B///LOC650686///NXF2,-0.04463076923076922
B9D2,-0.0030565384615381134
KLHL17,-0.010585192307692256
LOC101928475,-0.02185999999999981
LOC100130905,0.006798269230769384
LOC100133482///LOC100132784///LOC100132357,-0.024337115384615297
ADAMTSL2,0.027548269230769345
SPEF1,0.015831153846154248
C8G,0.12647173076923093
TFF3,0.003423461538461586
PM20D1,0.005621538461538502
CRABP1,-0.09072961538461526
ATP4A,0.0038696153846155814
SLC25A48,-0.008385961538461283
UGT1A1,0.04489826923076944
HES5,-0.006800384615384547
ALX4,0.04296230769230774
CPZ,0.01829288461538466
CARMIL2,-0.03301307692307671
SLX1A///SULT1A4///SLX1B///SULT1A3,0.004213269230769509
LOC100507443,-0.09280019230769226
MAGEC1,-0.007467115384615187
LOC101929268,0.01636326923076929
NAT8B,0.0006280769230770424
TTYH1,-0.061488653846153526
LOC100133474,-0.008074230769230755
ZNF252P-AS1,-0.025674423076922945
OCEL1,-6.711538461524622e-05
LDHAL6A,0.018039423076923095
RNF183,0.029961923076923195
ITIH6,0.008259807692307893
TAS2R1,0.016994230769231018
LYPD5,-0.0039507692307689714
LOC100133484///HLA-DRB6///HLA-DRB4,0.003632692307692532
LOC100132304///LINC00684,-0.010584038461538369
LOC729986,-0.003280961538461441
LOC100133177///LOC100131975///LOC100130914///LINC01347///LOC729660///LOC729218///LOC728417///LOC728105///LOC643670///GTF2IP20///LINC01000///LINC00999///LINC00265,-0.014771923076922907
DNAJC5G,0.003386923076923278
LOC100130999///FAM81A,-0.028805384615384535
LOC100131177,0.004033461538461745
PLBD2,0.0768159615384616
GML,0.01870346153846166
OR8B2,-0.004854615384615125
MT1HL1,0.08892076923076965
EWSAT1,-0.02446673076923045
NMRK2,0.06135096153846162
ZNF815P,-0.021846346153845956
TMC2,-0.021828076923076613
LBX2-AS1,-0.02474134615384606
KRT35,-0.06693499999999981
ZNF488,-0.006545192307692018
NUDT14///JAG2,-0.006877307692307366
KLHL32,-0.004763076923076853
TREML5P,0.023821730769230876
AIFM3///LZTR1,0.01270038461538465
VPREB3,-0.01344865384615363
C16orf59,-0.015195384615384581
GPR31,-0.06765807692307674
LOC100131683,-0.03556865384615375
LSMEM2,-0.026138653846153714
SMIM10,-0.03345903846153824
KRTAP13-1,-0.034250769230769085
LOC101929180,0.028308653846153994
HLA-DQB2,-0.02608538461538439
LINC01243,-0.020737115384614993
RASGEF1C,0.021894230769230867
DBH,0.020739230769230857
STK11IP,0.00839057692307705
PBX4,-0.03800711538461528
MPND,0.0031982692307694796
ACE,0.0021303846153847656
SDSL,-0.00538173076923071
GGN,-0.008568076923076914
UPK1A,0.0037175000000003702
TRIM47,-0.0008809615384614946
CALCB///CALCA,-0.00352384615384616
NKAIN1,0.004568653846153946
REEP2,0.035046153846153956
CCDC187,-0.005319999999999719
PRR7,0.019687692307692486
SLC22A25,-0.0032953846153844666
MUC2,-0.024469615384615298
PARD3-AS1,-0.05170249999999979
NTSR1,-0.07520980769230742
LOC100130885,0.04734634615384608
CHRM2,-0.018204807692307534
LOC100133885,-0.004892692307692189
CACNA2D2,-0.001845192307692015
DNASE1L2,0.004239038461538708
DNLZ,0.0549432692307695
CMTM5,-0.03847807692307667
RXFP3,0.012249423076923279
GP9,-0.014948846153845851
WNT7A,-0.007042884615384359
HOXA11-AS,0.01131692307692319
LINC01126,0.058140769230769364
KCNS1,0.029672307692307894
SYCN,-0.01829865384615363
LOC101929872,-0.002906346153846044
AGAP2-AS1,-0.004099230769230583
C9orf33,0.006111153846153982
SERPINF2,-0.02756211538461525
TRPV4,0.0038759615384615378
FNDC11,-0.0037324999999998644
OPTC,-0.001389423076923034
AIRE,-0.0006063461538459473
LOC100506100,-0.07619711538461525
LOC100133513///C20orf166-AS1,-0.11760249999999968
CDK5R2,-4.307692307683927e-05
LOC100130078,-0.008554615384615261
G6PC3,-0.004666538461538464
STPG3,-0.0192648076923074
FAM181A,-0.04605749999999981
FKSG29,-0.0047813461538459825
GRIN3B,0.010615576923077153
NRROS,0.019521923076923076
MYOG,0.007777884615384714
CNDP1,-0.02192692307692289
LINC00605,-0.06331346153846118
ZSCAN10,-0.03389576923076908
UNC5CL,0.018153076923077018
CTF1,-0.15391442307692269
MFSD3,-0.0015413461538459174
C10orf95,-0.052003269230768936
LOC100133843///FBLN1,-0.03799711538461536
CRABP2,-0.004146538461538351
LOC100129500,0.0156882692307695
PSKH1,0.010392692307692372
IGSF11,-0.014732115384615233
PLPP2,0.013922307692307893
CHRM4,-0.1670673076923073
LAGE3P1,-0.03636019230769216
CHRNG,0.022252115384615426
USP54,-0.05600980769230778
ZACN,0.03409076923076949
QRICH2,0.0029688461538462554
CPT1C,-0.0016784615384615178
GPR61,0.01984634615384619
FLJ12616,-0.0042242307692305844
LOC653160,-0.0054996153846152114
LOC105370888,-0.013795961538461328
BHLHA15,0.0001873076923078123
PRSS16,-0.01272307692307676
LOC100129803,-0.011803846153845958
LOC100287877,-0.00365249999999987
LOC105373383,-0.003396346153845826
ETNK2,-0.08335115384615374
CNOT10,0.01970750000000008
CCDC74B,0.018487884615384812
LMO1,-0.06094326923076891
ELFN1,-0.043879230769230664
LINC01300,0.00726557692307699
LOC728868,0.008017115384615773
LOC101927159,-0.0033132692307690603
DYNLL2,-0.03519807692307687
LINC00319,-0.01577846153846128
LOC101927362,0.10631173076923099
C1orf106,0.016907884615384637
LOC219690,-0.005205961538461289
LOC100506302,-0.017388653846153766
FOXD4L1///FOXD4,0.020421730769230907
FLJ16779,-0.005116153846153496
DUX1,0.11125807692307715
LOC100505622,-0.029720192307692263
BICDL2,-0.005584999999999778
TUBB4A,0.0009469230769232465
SLC30A3,-0.010569423076922942
CEP83-AS1,-0.0377830769230767
GLYCTK-AS1,0.06148173076923085
SULT1A1,-0.03333269230769218
LOC101928718,-0.03920134615384599
CLCNKA,-0.03155557692307681
YTHDF3-AS1,0.020433653846154136
LOC101928565,-0.041434807692307764
MSLN,-0.030752884615384567
OR8D1,0.0007405769230770898
LOC645722,0.004257500000000108
HCRT,-0.008605576923076714
BATF3,-0.06360807692307678
DRD4,-0.1674080769230768
CXCR1,-0.002644230769230625
RHCG,0.005558653846154177
TAC3,-0.0336138461538462
LOC100132625,0.021213461538461695
TFF2,-0.10367557692307675
GSC,-0.0063757692307691545
PRDM7,-0.0021315384615383996
PRSS36,0.02744365384615397
OR7A10///OR7A17,-0.10072269230769203
LOC729143///MPRIP,-0.0067101923076921454
CRMP1,-0.007401730769230584
MUC8,0.054529038461538566
CYP8B1,0.005516923076923276
HNRNPUL2-BSCL2///HNRNPUL2,-0.025591730769230554
TMEM242,-0.09222499999999988
DACT3,0.04503057692307715
SEPT7-AS1,0.024977115384615414
STAC3,-0.009555769230769335
ARL5C,0.010681730769230995
C17orf82,0.03459692307692325
C2orf57,-0.045245961538461235
ASIC3,-0.0024986538461534966
LOC100132802///KRTAP3-1,-0.0012332692307691023
ADRA2B,0.003703653846153982
RENBP,-0.057555769230768945
LOC100130262,-0.00043499999999991175
RAB36,-0.004782692307692019
ODF1,-0.005005961538461388
LIPE,0.00960038461538473
GPAT2,-0.00408692307692297
LOC619427,0.04205692307692312
FBXW4P1,-0.0048044230769228695
LOC100240734,-0.012774423076922902
OR6A2,-0.0020886538461538907
KISS1R,-0.002605384615384417
PNOC,0.0037059615384616306
LINC00174,-0.0037250000000000737
OR2H4P,-0.012753076923076822
SSTR4,-0.04908596153846135
CALB2,0.025468269230769388
LOC100129034,-0.00842346153846124
VLDLR-AS1,0.02451576923076931
LOC101927884,-0.004294230769230445
LOC100129503,0.004847307692307859
SLC6A18,-0.005419038461538358
LGALS7B///LGALS7,0.012792884615384791
CLUHP3,-0.011256538461538247
RBPJL,-0.0036342307692306436
MUC5B,-0.0025144230769230027
NEUROG3,0.0059430769230770855
OPN4,-0.006389615384615164
LOC100132971,0.06964846153846176
GALR2,-0.0031607692307690995
MED24,0.005262307692308128
ABHD16B,0.04114250000000011
LOC283887,0.0017932692307694531
LOC100288310,-0.00902269230769207
APOA1,-0.0021957692307689723
GEMIN4,0.05407288461538477
CD37,-0.0077174999999999
TMEM38A,-0.06994749999999963
KRTAP5-8,-0.00782499999999994
FAM71D,0.002191153846153815
BEST2,-0.09685807692307678
IL4I1,-0.019958076923076735
LY6G5C,0.009738653846153968
MAPK12,-0.0032971153846152582
ONECUT3,0.00520711538461571
NRARP,-0.00018115384615383068
FSD2,-0.013935961538461283
LOC541473,-0.006390192307692201
KRTAP11-1,-0.013870192307692313
OXT,0.004129615384615428
SLC22A31,0.00691057692307706
OR14J1,-0.005026153846153633
NPBWR1,-0.009369999999999736
BEGAIN,0.014657692307692411
LOC100996671,0.021232884615384754
GRB7,-0.06792999999999991
H2BFM,-0.02045596153846154
OR7E19P,-0.004823846153846043
ZDHHC12,0.01247634615384622
CHRNB4,0.18244211538461544
PAXBP1-AS1,-0.02156749999999994
NUTM2G///NUTM2F,0.13733096153846164
PCAT6///MGAT4EP,-0.04739499999999981
KRT13,0.021481153846154098
CLEC4F,-0.008639807692307728
NUDT4,-0.022419999999999902
AGRP,-0.0002469230769228583
MARCH10,-0.051446153846153635
KRT75,-0.005988076923076643
OR7E47P,-0.0031499999999997337
TMEM145,0.07634326923076944
B3GNT8,0.016033846153846166
LINC01023,0.005477884615384754
GPR171,-0.00029576923076909874
GS1-124K5.4,0.032227500000000214
BTNL2,-0.0026015384615383154
PRR19,-0.0773790384615382
LOC100996549,0.0021653846153846957
TMCO2,-0.008856153846153646
HAGLROS,-0.015246923076922866
HIST1H2BO,0.009687884615384702
AMH,0.005021923076923244
PRG2,-0.0032442307692305454
RELT,0.09545153846153868
SLC8A2,-0.08134923076923063
OPN1MW2///OPN1MW,-0.051779423076922876
POLM,0.012282692307692423
LINC01144,0.23292038461538456
NPHS2,-0.004505384615384519
TREML1,-0.003625576923076713
LOC101927606,-0.055143076923076885
OR2H1///OR2H2,-0.030610192307692196
PICSAR,-0.004400384615384417
ZBTB32,-0.06013115384615356
LOC643085,-0.017485576923076576
TMEM52,-0.001609999999999753
INAFM1,-0.00320942307692298
ODF3L2,0.006072884615384808
CRNN,-0.030960192307692164
HPN,0.0001453846153847523
LINC00165,-0.018138461538461395
KRT83,0.01457807692307699
PSORS1C1,-0.02233365384615356
CCL15,-0.0026369230769229127
LOC101928668,-0.11065673076923047
CRYBB1,-0.01563596153846138
LOC283683,0.004139230769231062
OXER1,0.054943653846153885
LOC101928617,0.0007075000000000545
PRR35,-0.004916730769230546
LOC105369595,0.0264271153846156
ZNF282,0.04343211538461545
HGFAC,-0.0010117307692304848
TMEM102,-0.024584999999999746
OR10H2,-0.01485403846153838
LOC101928291,-0.000956346153845851
POM121L12,0.03959711538461559
PSD,0.02538115384615412
AP4M1,-0.05739076923076913
TEX29,-0.04162692307692285
GPATCH3,-0.004973269230769056
PSPN,-0.001000576923076763
HCST,0.014480769230769477
KIF25,-0.009778461538461396
POMK,-0.0038909615384613693
LOC105372761,0.0018469230769232064
C19orf73,0.047234423076923236
SAMD1,-0.21446769230769194
RNF151,0.004756730769231123
LOC284939,0.003598653846154009
SERTAD4-AS1,-0.18377269230769203
SH3BP1,0.007598846153846225
CSF2RA,-0.03668442307692294
RTN4RL2,0.0032148076923076206
LOC728683///PTGER4P2-CDK2AP2P2,-0.004369038461538307
TBKBP1,0.11821788461538478
SOX14,-0.05128826923076892
EDARADD,0.0036311538461538725
UBL4B,-0.024987307692307417
SLURP1,-0.003072115384615453
IFI27L1,0.04703057692307711
IGFLR1,0.028511346153846418
AVP,-0.002892884615384513
SLC18A3,-0.01563884615384598
HS3ST6,-0.007812692307692192
PCBP4,0.0035332692307692786
SHD,0.007256153846153903
HOXD-AS2,-0.010925576923076719
MRVI1-AS1,-0.010612307692307489
LINC00315,0.010558269230769475
NEU2,-0.009955384615384472
SLC5A8,-0.032812115384615086
PALM,0.037720000000000115
COX6A2,0.009451923076923077
FBLL1,0.016536153846153954
CCDC163,4.2692307692482317e-05
LHX1,0.022316923076923133
RPL10L,-0.0291326923076921
SSPO,-0.040155961538461245
IGFL1,-0.008941730769230669
OR3A3///OR1E2///OR1E1,-0.02817576923076913
MYLK2,0.00025461538461532025
PICK1,-0.0059211538461537
MRGPRF-AS1,-0.00906230769230748
ASPDH,-0.009956538461538286
ABCG8,-0.0005582692307691934
LRRC4B,0.016835769230769373
CCDC103,-0.0014601923076921527
ZNF574,-0.00513769230769214
KRTAP4-8///KRTAP4-11,-0.06903288461538463
LOC100132388,-0.0033065384615383418
UFSP1,-0.013720961538461347
TPSAB1,-0.003756346153846136
AP1M2,-0.02780673076923049
KIF17,-0.01308634615384605
LOC105370697,-0.03431557692307675
SNORA78,-0.08211999999999979
UBBP2,-0.002059423076922945
TMEM190,-0.016186923076922835
LOC100132767,0.00045538461538477604
PLCB3,-0.0020849999999999935
TMEM191A,-0.013204230769230585
HAAO,-0.02042538461538428
LOC100131455///FLJ42351,-0.004105576923076697
FSCN2,-0.010756730769230708
KRTAP5-3///KRTAP5-8,-0.001823846153845914
MAD1L1,0.030537115384615544
C6orf226,-0.003927307692307633
LOC100133492///LINC00893///IDS,-0.011780192307692042
NKX2-5,-0.013144615384615138
ZNF683,0.001837692307692384
KRTAP10-12,-0.0003999999999998221
SEBOX,-0.012817115384615321
LOC100128074,-0.02046211538461511
ORAI1,0.009261923076923214
RCOR2,0.04305115384615394
CNNM1,-0.052426538461538344
LOC100130850///LOC729704///KRT17P5///KRT42P,-0.016489038461538236
CPNE7,-0.152950769230769
LOC100134287,-0.004383269230769134
GPR32,0.0016438461538462103
IGKV1OR2-118,-0.11278865384615357
TRBV4-2///TRBV4-3,-0.010152115384615329
ANO7,-0.04579749999999995
BARX1,0.019543846153846314
HBQ1,0.004544423076923271
ALDH3B2///ALDH3B1,-0.015510192307692175
DOK7,0.004288461538461552
LOC100134535,-0.004967499999999916
TREX2,-0.05145788461538463
IL32,-0.00019461538461524824
IRX1,-0.0105430769230768
PRR32,-0.13914499999999982
LOC644794,-0.00340365384615364
FBXL22,-0.0040338461538460876
ADAP1,0.0012617307692308199
SOX18,0.011392115384615473
SRL,-0.06021192307692302
WNT1,0.001196153846154104
PYY2,0.026415192307692563
LOC643313,0.0026257692307692817
FOXD2-AS1,0.00034134615384614326
FOXB1,0.006849615384615447
RHBDL1,-0.005975192307692188
IL27,-0.16874653846153817
KCNG2,-0.02168153846153852
FAM86DP///FAM86FP///FAM86B1///FAM86C1,-0.049733846153845976
NKX6-2,-0.01796134615384601
ADRA1B,-0.1486388461538461
ENHO,0.023915384615384918
AVPR2,-0.008504807692307593
SLC45A1,-0.002647115384615231
WDR97,-0.0351076923076922
LTC4S,-0.001434615384615256
JARID2-AS1,-0.008521538461538383
IGFALS,-0.002598269230769037
ASIP,0.0046332692307694
LGI3,-0.00789019230769211
HPX,0.12144769230769248
GALR3,-0.011456346153846057
PSG2,0.00801173076923091
NPPC,-0.010586730769230517
NAPSA,0.0289621153846155
SOX30P1,-0.0044794230769229235
PCDHGC5///PCDHGA12,0.012444038461538558
SLC25A47,0.031114230769230988
PRDM12,-0.0035101923076920998
KLF17,-0.011563269230769047
PRTN3,0.002987500000000075
LOC646626,0.01000750000000008
HIST2H3PS2///HIST1H2BN///HIST1H2BL,-0.005540961538461293
RPS27A,-0.00891192307692292
POU3F4,-0.053917499999999785
DUOXA2,-0.032527499999999744
NPFFR1,-0.0017478846153845
EHMT1-IT1,-0.0048107692307690336
TRBC2,0.0016969230769231648
GSX2,0.00705519230769244
OR7E156P,-0.002361730769230525
MMP23B,0.00015538461538463987
CYP2F1,0.001695192307692459
NPIPB4///SLC7A5P2///SLC7A5P1///SLC7A5,0.0005330769230769821
LOC648218///LOC644669///ANKRD30BL///ANKRD30BP2,0.010184038461538718
UTS2R,0.013994807692307824
GPR27,-0.021834423076922908
GRM4,0.005937307692307783
