gene,effect
HNRNPM,0.31390137096774245
CMBL,0.5125429838709691
ZFYVE16,0.4647217741935493
SDS,0.3242845967741932
SEC22C,0.05166612903226013
TMEM17,0.046767419354838566
HILPDA,0.580207661290324
LMAN2,-0.2773024193548387
MBTD1,0.6363706451612919
PRR11,0.6238700000000001
C5orf24,0.3122312096774202
UBALD1,0.2252150806451627
AP4S1,0.3679114516129049
LOC387930///RPL13AP7///RPL13A,0.5546519354838708
LOC100506844,0.04472427419354946
EIF3K,0.46393975806451815
RPL18,0.20970653225806435
FLJ23865,0.3689618548387105
MAGIX,0.583506209677419
MYO3B,0.8375718548387101
TMC6,0.6904102419354856
ERVV-1,-0.2600682258064481
LNPK,0.4734122580645167
MTHFR,0.7324044354838717
LINC01426,0.07897556451612917
SH2D3C,0.395518629032259
DRAXIN,0.6654597580645166
SLC35E1,0.20672088709677622
LINC00483,0.5150058064516126
PRB2///PRB1,-0.4012289516129014
PPM1H,0.47450701612903257
ZNF160,0.3921395967741949
LINC00638,0.30995798387096923
RPL34,0.5816786290322578
USP28,-0.06803306451612762
SSMEM1,0.0443711290322589
DCN,0.7960355645161279
TPT1P4///TPT1,0.7185532258064511
LOC101928303,0.48535483870967866
LOC100130654,0.5307696774193548
KLHL24,0.13899137096774222
HAUS2,-0.012776693548387317
ITGAL,0.7076660483870966
FLJ12151,0.4184358064516134
FLVCR2,0.4897260483870982
OCIAD1,0.32415290322580714
FLJ14311,0.27311282258064457
FAM63A,0.12825185483871004
RPS13,0.6418158870967734
HSH2D,0.03670943548387057
ZNF721,0.35958435483871104
CRYZL1,0.6876078225806445
ITGB5,-0.0974776612903203
RPS10,0.5074908064516133
SSTR2,0.42804572580645217
ENO1,0.44392193548387127
RPL10P15///RPL10P8///RPL10P6///RPL10P16///RPL10,0.3556140322580652
RBSN///COX2,1.8298420967741933
DMKN,-0.33886435483870625
TMEM63A,0.4386103225806458
WWP2,0.3906862903225822
KBTBD6,0.44507766129032367
CHST5,0.6128794354838717
APOBEC3C,0.5691018548387099
NUMBL,0.17266685483871005
RPL39,0.5001327419354835
LOC654780,0.23634443548387163
TPT1,0.8991840322580653
RPS4XP11///RPS4X,0.7425692741935477
LOC100131541,0.17093919354838744
EEF1D,0.8499783064516138
ARHGAP44,0.27504556451612927
RAB42,0.5283293548387096
MT2A,1.1024644354838709
UBE2I,0.656281532258065
PTMA,0.35127290322580673
LOC100133315///ATP13A5///C10orf54///ATP6,1.6349076612903224
LOC647070,-0.415676693548385
ZNF713,0.6192333870967741
RPL37A///PLK1,0.5389137096774195
RPL31,0.3276393548387091
SPARC,0.6712599193548374
CLU,0.08676104838709597
PIF1,0.46142298387096736
ARHGAP29,0.6303191129032256
CNOT3,-0.4966754032258047
LOC440552///COX3,1.3693987096774194
CDK13,0.30651104838709736
ATP5G2,0.5514944354838711
ANAPC16,0.21181354838709787
RABGAP1,0.34042008064516216
EMP1,0.6442283870967745
ZNF808,0.21996637096774269
TSR1,0.27663556451613036
GLTSCR2,0.8133412903225794
EEF1G,0.8954134677419356
TMEM67,0.2782908870967747
LOC101929165,0.3712858064516127
RPL10AP6///RPL10A,1.0266341129032253
ZBED4,0.33113088709677396
EXOC3L2,0.3215346774193553
RPL32,0.938092741935483
RPL37,0.6492498387096763
TRIP11,0.1475079838709692
BGN,0.07124975806451683
RPL6P27///RPL6,1.4731124193548388
RPS27AP16///CEP97///UBC///UBB///RPS27A,0.7450222580645163
HNRNPA3,0.7650645967741937
MGP,1.0656316935483863
RACK1,0.6094985483870966
RPL23P6///RPL23,0.8566837903225806
MT1X,0.7409184677419348
UBR4,0.46994024193548345
THEM4,0.14892064516129078
RPS2,0.9950609677419353
C6orf89,0.1592379838709676
METTL7A,0.2770536290322584
LAMP1,0.48937072580645213
SH3KBP1///ND3,0.7587143548387099
RPL37A,1.0624408064516124
RFC2,0.3064791129032265
SYNRG,0.6665209677419361
PDE4C,0.3459254838709691
LINC01234,0.24258677419354918
EMC1,0.36631725806451704
COX1,1.3815071774193552
EEF2,0.3023151612903219
RPS23,0.8667384677419347
RNH1,0.7859217741935496
PCDHGA8,0.5055476612903232
LOC100132535///CERCAM,-0.26523499999999894
ACAN,0.7071828225806445
RPL12,0.8847408064516118
RPS27,0.8598729838709673
FGFBP2,0.6014484677419358
NSUN4,0.272364435483871
COMP,0.8923354838709676
NNMT,0.9381183064516132
RPL23AP42///RPL23A,1.5671762096774189
DUSP19,0.19838104838709691
MED13L,0.17021951612903297
FBXW12,0.17435064516128962
GTF2H3,0.28358556451612926
RPS4X,0.8619488709677412
HNRNPM///COL2A1,0.5522092741935469
PDLIM7,0.43284596774193507
CILP,0.752250564516129
LINC00937,0.5303376612903223
VEGFA,0.09528588709677421
PNO1,0.04103024193548502
ARSK,0.5941900806451618
RPL7A,0.8110683870967734
CENPBD1,0.1275859677419352
UACA,-0.14144233870967624
SDCBPP2,0.44667435483871065
ARNT,0.29309193548387175
ZBTB7A,-0.35387846774193404
RRP12,0.32378879032258145
COLCA1,0.06972967741935493
OPHN1,0.16683991935483877
SLF2,0.5805698387096774
SPATS2L,0.5939493548387099
ZC3H7B,0.5554427419354834
LOC100133131,0.2891572580645174
PIGT,0.4136687903225806
RPL36,0.5674870161290322
LOC101928902,0.07897903225806524
CAPZB,0.6293434677419345
ACTG1,0.7211663709677414
ATP6V0E1,0.18481540322580592
FAU,0.5420416129032251
USP34,0.3337419354838724
DIP2A,0.4882595967741937
CD6,0.17096483870967863
TMEM156,0.39324725806451644
NOTCH2NL,1.096631290322581
RPS20,0.872990241935484
MRI1,0.2484194354838718
PRKDC,-0.08486483870967647
VCX2,-0.531941935483871
RAB11B,-0.18426669354838704
MDN1,0.31758572580645233
ZNF391///RPL35A,0.8242315322580638
TMEM241,0.15498338709677492
RPL11,0.60809185483871
LOC100509814,0.09519701612903222
CD81,0.5879554032258065
CALR,0.8922267741935479
HTRA1,0.8322679838709675
FAM45A,-0.06931838709677335
RNF187,0.5265831451612919
RPS16,0.5591698387096771
LOC100132620///LOC100132540///NPIPB5///LOC729978///NPIPA2///LOC613037///NPIPB3///NPIPA1,0.6385493548387098
NOMO3///NOMO2///NOMO1,0.24497967741935467
RPL9,0.6283953225806453
ATP8B1,0.37452016129032245
HTRA4,0.4333983064516128
PAPSS2,0.3339291129032256
NR3C1,0.7870090322580656
RPL5,0.8115416129032249
GSK3A,-0.24817475806451483
TAPT1-AS1,0.5653302419354838
PSAP,0.5859418548387096
FMOD,0.7985343548387087
FXYD6,0.5955656451612896
EIF3L,0.20459983870967757
RGPD6///RGPD8///RGPD5,-0.27362620967741763
FN1,0.9806170967741921
FGFR1,0.12922903225806517
MYL6B///MYL6,0.9758472580645166
LOC100130553///RPS18,0.8935006451612906
COL3A1,0.6772864516129031
MEGF8,0.19437717741935484
LUM,0.9697000806451608
MALAT1,0.35934153225806537
PPIA,0.883080241935484
C4orf46///TOMM7,0.782602419354838
OGFOD2///ARL6IP4,0.49899870967741977
FRMD4B,-0.08469991935483785
MMP14,0.08464193548387239
LOC51145,0.302187096774195
TCTN1,-0.42924459677419236
RBPJ,0.4135758064516126
TNXB///ATF6B,0.06768500000000013
SPATA5L1,0.5510707258064524
LOC255177,0.32204895161290326
EEF1A1,0.567705887096774
COL11A1,0.4013767741935479
CCDC152,0.322483870967742
FAM162A,0.7211020161290325
RPL27,0.4678049193548379
OGN,0.6764947580645166
PTK6,0.4110999193548389
FAM129B,-0.04558137096774159
HNRNPA1,0.7665816129032259
DLGAP4,0.4121491129032265
ADGRV1,0.48890685483871
RPS11,0.7230483064516122
TIMP3,0.8420839516129028
RPL7,0.6143594354838705
ABI3BP,0.6765666935483858
H19,0.6502304032258057
TGOLN2,0.18707193548387163
RHOB,-0.32937185483870834
CTSB,0.5767908064516133
PPP1R3C,0.6740517741935483
RPL21P16///RPL21P119///RPL21,0.8144611290322584
RPL22,0.5143819354838705
TMEM184A,0.00417233870967848
SERPINE1,0.45461604838709624
CEP97///UBC///UBB///RPS27A,0.5747098387096767
ZKSCAN1,0.12970620967741936
RPL19,1.0463249999999997
RPS15A,1.6802168548387098
DDR1-AS1,0.19366411290322588
RPS6,0.775620725806452
RPS24,0.6530950806451614
MXRA7,0.5137053225806458
PSMD4,0.11522758064516125
RPLP1,0.734719596774194
LOC100289058,0.26692120967741917
EPN1,-0.3397666935483862
SETDB2,0.18337741935483978
LOC100133315,0.9614005645161285
OAZ1,1.8172427419354835
C2orf40,0.963051532258064
MT1E,1.7250312903225797
NDUFB4,1.23776185483871
RPS28,0.8589517741935486
LOC100130394///TMA7,1.1533558064516112
HNRNPH1,1.376560080645162
PAX1,0.722475967741935
TRPM3,0.3491851612903227
CEBPD,1.2227217741935485
RPL41,0.9349088709677416
GTF2IP7,-0.06930620967741924
RPL30,1.3839482258064515
RPS7,1.0675158870967734
NACA2///NACAP1///NACA,0.6319393548387092
RPL15,0.7460128225806459
FTH1P20///LOC642567///FTH1P16///FTH1P3///FTH1,0.7102983870967745
AEBP1,0.8859679838709678
SLC36A2///RPL24,1.3319828225806447
CPE,-0.3704477419354831
RPS8,0.6695450806451615
ISLR,0.47497653225806413
PRO2964,-0.08387669354838641
KIAA1328,0.10506290322580711
CYB5R3,0.259829919354838
NAPB,0.08171854838709705
PABPC4,0.7749469354838707
NFIC,0.4950542741935484
TUBA1B,0.7241575806451612
ALMS1,0.382191532258065
DDX59,0.09551443548387041
C2orf15,0.11764274193548391
CFL1,0.6170191935483862
R3HDM4,-0.12538112903225715
HMGN2,0.995372419354839
RPS3A,0.605510080645161
TBX6,-0.006303790322580327
WDR4,0.2720007258064522
BEX3,0.3888275
MORF4L1,0.8276753225806439
C9orf66,-0.538858467741935
ITM2B,0.3426139516129032
RPL13,0.7614964516129032
APP,0.21792604838709695
NME1-NME2///NME2///NME1,0.17908419354838734
JUND,1.1013292741935479
XBP1,1.0230280645161287
TMEM150B,0.5187199193548393
RPL27A,0.8568509677419345
CDS2,0.31856120967741974
ZNF611,0.10373024193548414
CRYBB2P1,-0.37496709677419193
PXDN,0.4716805645161295
RPS17,1.0238374193548385
UNC5B///DCAF6///ND4,0.826801612903226
MUC3B///MUC3A,-0.32300451612903053
NRP2,0.3488729838709679
UBA52,1.168650403225805
NPM1,0.6163060483870957
PLOD2,1.2673540322580643
LOC101927228,0.16073532258064627
LOC100129266,-0.07292516129032162
ND2,0.9462594354838718
SUMO2P17///SUMO2,1.5229636290322575
NEAT1,0.5073619354838699
SUMO2,1.754985967741935
UBC///UBB///RPS27A,0.9536100806451613
GDI2,1.3488238709677423
BCL6,1.0688669354838718
C1orf61,-0.006489435483870563
NUCB1,0.5073803225806452
PGM1,1.1224096774193544
RAB29,0.08902887096774234
NOS3,-0.9315316129032232
FHL1,0.4588055645161281
GSTP1,1.0915122580645156
RPS25,0.7212762903225807
FLJ11996,0.1380262096774198
SLAMF6,0.3844145161290321
GATA2,-0.04815725806451515
DARS,0.47555064516129064
GULP1,0.181088467741936
PTRF,0.4078369354838718
SEC14L2,0.3566497580645162
UBC,0.7043560483870966
ANP32B,0.261482177419356
DSTN,1.0761021774193544
LDHA,1.449187661290322
NUCKS1,0.31587604838709676
ANGPTL2,0.24205427419354786
PRG4,0.7736289516129033
ARPC2,1.2098668548387104
CTNNB1,0.6348486290322579
GRK7,-0.09233080645161271
RPS17P5///RPS17P16///RPS17,1.3491236290322588
RPS14,1.2653301612903227
SND1,0.38550822580645216
F13A1,1.027035241935482
LPCAT3,-0.19799048387096746
RPL14,1.2844759677419346
FTL,1.450962903225806
SSBP1,0.6345616935483867
SEC11A,0.5270364516129024
RPS15,0.8519945967741942
DBT,0.6719676612903228
LOC730004///RPL22,0.8236258870967743
CLN8,0.2656202419354844
CIRBP,0.5583424999999993
COX7C,0.30395516129032174
C14orf184,-0.2378858870967739
CHI3L1,0.499608951612903
RPL10,1.2432229032258064
EIF4A2,0.5000529032258061
RPS21,1.3431387096774192
RPS29,1.0336919354838707
TAP1,0.4893311290322583
EIF3E,-0.05169137096774151
LTBP2,1.3644868548387088
WIPI2,-0.31586879032258025
RPS3AP5///RPS3A,0.5085426612903233
SRP14,0.3150364516129027
PLXND1,0.09066879032258135
SAT1,1.1661599999999999
CALM3///CALM2///CALM1,1.389682741935482
LOC653881///RPL3,1.0565583064516126
EIF1,1.2594772580645164
FSTL1,1.0088076612903227
LINC00474,-0.25917096774193465
ATF4,0.17542588709677387
KRBA2,0.24399862903225827
ZBTB4,0.22039024193548412
TMEFF2,1.5479391129032254
GOLGA4,0.3915390322580645
HLA-C,0.2414095161290325
RPLP0,1.2619090322580644
PRELP,1.3746993548387096
RPL8,0.8716987096774194
NLN,0.4783583064516129
S100A10,0.3464055645161288
ATP5G3,0.997608629032257
RPS2P5///RPS2P29///RPS2P48///RPS2P21///RPS2P17///RPS2P55///LOC148430///RPS2,0.5332033064516133
FAM46A,0.6924976612903221
TUBB4B,0.5113785483870971
SNORA33///RPS12,1.1817258064516127
ZFAS1,0.6061447580645158
NUDCD2,-0.22087959677419366
COX7A2,1.050654999999999
ADAT1,0.09525895161290332
LAPTM4A,0.6039327419354833
FTX,0.1549547580645165
GAPDH,1.0409328225806447
H3F3AP4///H3F3B///H3F3A,0.7423545967741938
KDELR1,0.3574311290322575
TMEM151B,0.2293675000000004
PCOLCE2,1.2775322580645159
CKAP4,1.498868467741935
RPL18AP3///RPL18A,0.8524472580645157
HNRNPA2B1,0.6857627419354844
SKP1,1.52988129032258
MZT2B,0.46495338709677425
TTC3,0.6931551612903231
POLR1E,-0.09155693548387042
SNHG3,0.29865846774193605
DNER,0.9220837903225803
SORBS2,0.34445370967741934
STK24,0.6381150000000008
NAT16,0.5599483064516126
SERPING1,1.4168365322580647
RPS4XP17///RPS4XP7///RPS4XP6///RPS4XP13///RPS4XP16///RPS4X,0.48557701612903237
WHAMMP3,-0.03664532258064444
MORF4L2,1.0295451612903226
GABARAPL2,1.2416743548387092
RGS11,0.014300241935484258
SOX9,0.7080849999999994
HSP90AA1,1.4349986290322572
GPX3,0.9782149193548388
GLG1,0.3682945967741936
JTB,1.2460047580645155
TTC9B,0.5061743548387093
RPL24,1.0743757258064517
GSDMB,0.32842782258064523
TNKS2,0.18219629032258056
MTCH1,1.0898902419354841
FOXC1,0.9040646774193544
EIF3H,0.030776935483870616
MIPEPP3,0.21351137096774164
RPS27L,0.9687862096774191
PYHIN1,0.2044666935483877
PMP22,1.4724930645161292
RPL4,0.2734355645161294
ORMDL3,0.8012297580645162
HUWE1,0.6169100806451612
TNIP3,0.06570169354838763
DST,0.8122091129032262
GADD45B,1.0481770967741937
ANXA2,0.6945927419354839
LUC7L3,-0.06923911290322553
LOC100133864///NOMO3///NOMO2///NOMO1,0.29445427419354914
ZNF224,0.17561895161290317
MAP2K2,0.7429002419354847
BTF3,-0.5977953225806448
HMGB1,-0.5575662903225804
USP22,0.19574387096774137
ANKH,0.6369925
VPS13D,0.19566741935483922
HDGF,0.7732349999999999
NDRG1,0.8581753225806453
NACAP1,0.5402366129032264
FUT6,0.3770597580645163
ARHGEF12,-0.11225169354838657
COL1A1,1.4837841935483869
SF3B5,0.956024274193547
PTTG1IP,1.6213998387096766
XPNPEP1,0.6466192741935481
LOC100508226///MAGI1-IT1///MAGI1,0.15073282258064502
CTDNEP1,1.1268483064516124
LOC729173,-0.1733233064516123
ZBTB20,0.8121495161290326
PLIN5,-0.12187185483870955
TMED10,0.3123015322580638
PRR13,1.9914748387096777
FUS,1.2104462903225806
TWSG1,0.44889419354838633
PSMF1,0.5709649999999996
RGCC,1.1135434677419351
RGPD6///RGPD8///RGPD4///RGPD5///GCC2,0.4549979838709677
CHAD,0.532164112903226
SNRPG,0.31834443548387104
NDUFS8,0.263020322580645
COL1A2,1.4396978225806445
PTPRO///ND5,1.02252
MTMR9,0.19350483870967788
RPL35,1.4126341129032256
PIGS,0.6594895967741943
SAMMSON,0.07557524193548464
BCAT1,0.724832177419354
CDK2AP1,1.1613413709677403
WAC,0.4098616935483874
GSPT1,0.22279572580645185
DMWD,0.5831354032258065
YWHAG,1.1141947580645157
FBXL18,-0.1962424193548376
BHLHE40,0.6745749193548385
ATP5J2,1.225025322580645
RPS19,1.110229193548387
MXRA5,1.1672722580645154
COL9A3,0.08651024193548251
PFDN5,0.788113064516129
TSPAN13,0.6013277419354833
TSC22D3,1.133074435483871
ACTN1,0.8555469354838707
SQSTM1,0.8953922580645153
CDK5RAP3,0.4498845161290327
PP12708,0.13152822580645196
RAN,1.0792308870967744
JUNB,1.0005838709677422
NUCB2,-0.01747999999999944
KLF3-AS1,0.28877250000000065
MYSM1,0.2333233064516132
KIAA0930,0.10385129032258039
ASPN,1.1239817741935476
TFR2,0.26336564516129113
DPYSL2,0.8820718548387096
RASEF,0.3719956451612904
CLTA,0.8450826612903222
PGAM1,1.2010512096774193
COPB1,0.9005861290322574
LOC51336,0.2344400806451607
PAM,1.4158830645161287
TUBA1A,0.9728220967741934
SRRM2,0.8693993548387091
LOC100129292,0.9755831451612891
PARK7,0.5044640322580634
TRIM65,0.024570000000000872
RPL13A,0.9096241935483875
SUMF2,0.5521916129032257
AP3S1,1.3681232258064508
ARF4,1.0947474999999995
ASPHD1,0.1361791935483887
PTP4A1,0.7817138709677419
NFAT5,0.5608034677419357
RPS9,0.49877830645161303
LRP10///RAB13,0.6928832258064517
BLOC1S5,0.5215086290322573
NORAD,0.6166004032258069
NFKB2,0.014703387096774712
COL6A3,0.3779491129032251
RNF130,0.6292609677419347
RPL38,0.8630174999999998
CREB3L2,0.8022495967741934
ZFAND5,0.6499329838709677
DAZAP2,0.3216054032258062
MT1G,1.6638460483870965
LOC728987,0.20507008064516113
LOC100130542///BRK1,1.0955106451612893
EWSR1,0.6477349193548386
CD99,1.2466041935483858
IGFBP7,0.6946670967741935
MBNL1,0.6107095967741937
NR1D1///THRA,0.4867086290322584
IPP,0.4901697580645167
RPS26P25///RPS26P11///RPS26,0.9149877419354824
TMED2,0.9395970161290321
LGALS3,0.5425704032258064
SET,1.003234919354838
MAT2A,1.0264391935483868
SENP3,-0.40983725806451604
SYDE2,-0.033459677419354225
CHRD,0.02968499999999999
SNHG5,-0.026340161290322114
EIF3CL///EIF3C,0.5602433064516129
CAV1,0.629787016129032
HIF1A,0.6642949193548385
ESD,0.7983307258064517
MFGE8,0.7759401612903227
PRRC2B,0.6235895161290316
SLC25A6,1.1296279838709682
PRRC2C,-0.17773725806451574
TGFBR3,0.28297153225806465
PHYKPL,0.9189437096774198
FBXO34,0.2055292741935483
ATP5E,0.28163927419354834
RLIM,0.6424612903225788
VAPA,0.8927499999999995
U2AF1,0.68263185483871
SSR3,0.2580834677419363
SUMO2P6///LOC100127918///SUMO4///SUMO2,0.8973122580645161
CYTL1,1.5783385483870964
RPL27AP6///RPL27A,0.2181896774193557
GAS5,0.682757177419355
DAD1,1.0841320161290315
SBDSP1///SBDS,0.3220605645161289
PLS3,0.9205346774193548
IFNL1///IFNL3///IFNL2,0.4492575000000003
LOC642346,0.012148629032258412
RPS3,0.4277852419354843
UQCRB,0.5818596774193546
CRTAC1,0.47759798387096675
PNISR,0.8279623387096764
TGFBI,1.2815463709677413
HNRNPC,-0.20263967741935407
RAC1,0.8157483870967738
LCTL,-0.01387620967741926
H2AFV,0.0287983064516123
LOC100132804///EEF1A1P29///LOC728672///EEF1A1P24///EEF1A1P22///EEF1A1P9///EEF1A1P17///EEF1A1P35///EEF1A1,0.5122428225806452
PHF24,-0.04507395161290235
ATF7IP,0.3137462096774193
OPA3,0.3154029838709675
SSR1,0.8555677419354839
KCNK3,0.34295596774193565
CC2D1A,-0.011354274193546919
H2AFJ,0.5730702419354832
LOC100132620///LOC100132540///NPIPA1,1.1128504838709676
DUSP1,0.9561597580645159
SUN1,0.7907045967741936
YWHAQ,0.7418468548387097
LOC729164,0.20119161290322593
HBA2///HBA1,0.7548357258064514
ECH1,0.018363387096774653
TPM3,1.3427502419354838
SCRG1,1.5525894354838696
SF1,1.0989744354838702
SLC2A4RG,0.9137919354838707
SULF2,0.14777596774193602
C1orf43,0.3759129838709673
CASC3,0.9062087096774192
SH3BGRL3,1.2644638709677418
HBB,1.221097903225806
KCNMA1,0.7138411290322577
B2M,1.2630376612903225
ARL3,0.7904289516129026
DAGLB,-0.22621233870967677
S100A4,0.9151510483870962
SHROOM1,0.058973629032259244
HNRNPK,0.43783612903225844
NDFIP1,0.5000590322580647
AP3D1,1.0260939516129028
TMEM45A,1.1210666935483868
LSM1,0.10003330645161335
NAA38,0.9218745967741939
C6orf62,0.5328437096774187
HINT1,0.6552806451612903
PFKFB3,0.7751089516129032
XYLT1,0.8911579838709673
TMA7,1.2420320161290301
ATPIF1,0.27629975806451607
UNC5B,0.33727645161290276
MIF-AS1///MIF,1.0056292741935482
TUBA1C,1.1444566129032245
TNNT3,0.0394845967741943
CD55,1.2793819354838707
GTF2IP4///GTF2IP1///GTF2I,0.6509803225806444
NCKAP1,0.6156869354838712
IDH1,0.8431367741935469
MINK1,-0.29464959677419256
ATP5L,0.5579849193548385
MT1M,1.4073064516129024
CD59,0.433151451612903
PLA2G2A,1.2832972580645154
GABARAPL3///GABARAPL1,1.043157177419355
ERH,1.2227497580645164
HAPLN1,0.26465411290322605
MEDAG,0.6238191129032258
PYY,-0.08969733870967656
SAFB2,0.0010469354838713585
CTGF,1.3709799999999994
TTBK2,-0.2248629838709676
ANXA1,0.27611145161290346
PABPC3,-0.09762999999999883
ZBTB8B,0.37061282258064493
RPL3,0.22054072580645168
TMEM92,0.2508918548387102
CEP170B,1.9024326612903226
CAPZA1,1.2058423387096775
CYGB,0.044005322580645295
DDX49,-0.337430241935484
HSPA1B///HSPA1A,2.0382192741935476
COL11A2,0.27086225806451525
CCNL2,0.28905298387096723
IVNS1ABP,0.4932901612903229
RPLP2,0.6131501612903226
TNFAIP6,0.5165323387096781
MUC3A,-0.029333145161290104
IER2,1.616326290322581
HYPK,0.755281612903225
SPG21,0.28206500000000057
RTN4,1.0424583064516126
ATM,0.158973225806452
CARF,0.4605002419354838
NPIPB5///LOC613037///NPIPB3,0.6778879032258067
TRIM29,-0.6684298387096773
USP32P2,0.16136048387096824
MEF2A,0.1065750806451613
HIST2H4B///HIST4H4///HIST2H4A///HIST1H4L///HIST1H4E///HIST1H4B///HIST1H4H///HIST1H4C///HIST1H4J///HIST1H4K///HIST1H4F///HIST1H4D///HIST1H4A///HIST1H4I,1.003459112903226
MIA,0.9512999193548382
KCNK5,0.3472762903225811
IFITM2,1.7398183870967734
GJA1,0.9917525
PLOD1,0.4875645161290326
UQCR10,0.493168709677419
OSBPL10,-0.22826951612903143
PYM1,-0.25473749999999995
GPSM1,0.42606112903225823
RAB5B,0.007529112903225707
PRDX2,0.9468920967741932
SNRNP70,0.5915916129032263
SERP1,1.4165129032258061
CHI3L2,0.8657984677419361
CHD9,0.19613798387096804
BNIP3,0.9424554838709678
ACTB,0.36362838709677414
NDUFAB1,0.8442489516129033
POGZ,-0.3051815322580638
GABARAPL1,1.0010502419354843
TMED9,0.9259265322580637
TCF7L2,1.5316946774193538
CD99L2,0.7941554032258065
ATG3,-0.7716751612903225
SUMF1,0.5447165322580645
SRSF3,0.5853667741935479
ASAH1,0.5241358870967738
SERPINA1,0.4043141129032255
SERPINA3,0.9873770161290321
PSMB1,0.41494870967742004
KYAT3///RBMX,0.47922314516129105
ADAM33,-0.07550661290322593
SF3B1,0.16768774193548397
PSMA4,1.1810253225806449
DYNLL1,0.4169201612903223
MRC2,0.5616210483870963
PTMAP7,-0.12737258064516038
BET1L,0.4936263709677422
USMG5,0.8190166935483871
HNRNPUL1,1.2567549193548375
RHEB,0.5680300806451609
MRPL23,0.0575718548387103
LTBP3,0.46709564516129076
GBA2,0.762711290322581
PABPN1,0.28877838709677456
WSB1,0.29944693548387097
FOXP1,1.2826408064516124
MCOLN2,0.06763814516129077
DYNLT3,0.2263898387096775
BNIP3L,1.151641370967741
RPS2P35///RPS2P5///RPS2P12///RPS2P29///RPS2P48///RPS2P20///RPS2P18///RPS2P21///RPS2P8///RPS2P17///RPS2P11///RPS2P55///LOC148430///RPS2,1.0606986290322582
INPP5B,0.5821590322580641
SNX3,-0.019252499999999784
CFLAR,0.6369769354838702
N4BP2L2,0.4680826612903226
PGK1,0.6942691935483868
PDGFRA,0.8059930645161288
MEIOC,-0.5392691935483862
CD151,1.1745512096774184
GHITM,0.6437666129032256
REXO2,0.774420725806451
RPS5,0.8105146774193541
PSD3,-0.027570887096773744
TXNDC5,0.004593951612903158
NCK2,-0.23089967741935472
NACA,0.09855225806451631
UNC93A,0.3166230645161293
RAB5A,0.6427603225806445
SRGN,1.2879383064516137
KTN1,0.8355570161290325
LINC00537,-0.16880298387096704
EFCAB6,0.2524110483870972
RPL21,0.15681354838709666
CDC42,0.9096595967741934
MATR3,0.7379609677419355
TXNL1,0.8191875000000001
COLGALT1,0.14443709677419292
COL8A1,0.29116435483870984
DDOST,0.5585158870967744
CD63,1.125182741935483
FBL,1.0133931451612903
QKI,1.2359923387096774
XPOT,-0.07670330645161277
AKAP13,0.49001403225806456
PLAC9,0.849981451612903
TRAM1,0.8601349999999992
PACSIN2,1.3670487903225805
NDUFS5,0.6956593548387092
LOC101928844,-0.15406758064516002
MRPL20,0.4398599193548391
SUN2,0.8534066935483859
REEP6,0.17340629032258137
SHISA5,0.8268887096774196
EIF4E,0.4018992741935482
MAGED1,0.4556895161290322
AKR1C2,1.1540499999999991
DCHS1,0.8069430645161277
TARDBP,0.1308393548387102
VCAN,-0.03676185483870939
NCL,0.8537861290322578
LOC101927588,0.2624415322580646
CTSA,0.289706290322581
YWHAB,0.9183987903225801
PMEPA1,0.7310399193548385
OST4,0.47842282258064495
ARID1A,1.1547333064516119
PRDX4,0.40992104838709703
RAB12,-0.09007620967741942
EIF3F,0.2998336290322581
DYNC1LI2,0.8985917741935481
GBE1,0.4543945161290319
EML2,-0.056287258064515844
DNAJC1,-0.2168271774193538
LOC643287,-0.013963064516128791
ITGA10,1.0500900806451607
XIST,0.9939495161290322
ZNF7,0.042948951612903276
LENG8,0.5977749193548387
CD164,1.239887419354839
TPM2,0.6928257258064514
CSDE1,1.023295645161291
CSRP1,0.7715116935483874
FOSL2,1.263893306451613
ATP1B3,-0.021416048387096327
HBP1,0.27026669354838784
CHP1,-0.0569624999999989
TRPS1,0.705915403225806
ZNF252P,0.07085298387096797
COX4I1,0.12152491935483872
TMED7,1.207456048387097
TNPO1,0.011395645161290324
COL27A1,0.6256427419354843
COX19,-0.14361879032258082
SARAF,0.45163467741935476
LPP,1.1665319354838704
CCDC88A,0.30192838709677416
EIF4H,0.8667997580645165
TMEM184B,0.29263669354838684
ZC3H11A,0.5061268548387096
TCF4,0.6601043548387098
HNRNPDL,0.6216037096774202
TMBIM1,0.7084486290322577
RBM39,-0.09896322580645171
PDE4DIP,0.9983979032258059
KANK1,1.1231111290322577
RECK,0.06331943548387126
RPL10A,0.3098316935483863
RAX2,-0.2663826612903216
NCBP1,-0.050676290322580364
PSMB5,0.8828028225806441
GOLGA3,0.31841604838709703
NOP56,0.10530048387096735
EIF3I,-0.24617838709677392
MIA3,0.014621854838709494
NUDT7,0.21795016129032335
RBM26,0.12370120967741918
CSNK1E,0.09962338709677493
AUTS2,0.58347064516129
PLA2G4B///JMJD7///JMJD7-PLA2G4B,0.4620207258064515
SEC62,-0.6610774193548382
NDEL1,0.7267917741935486
NSA2,0.32940000000000047
SNF8,-0.04084217741935418
SNRPN,0.08440645161290312
IFITM3,1.2869245967741934
USP9X,0.5293608870967741
LOC642533,-0.3603453225806437
NAP1L1,0.7964393548387093
CD47,0.41431209677419367
CSNK1A1,0.224855403225806
RAB1B,0.5751901612903226
PSMA2,0.2673971774193547
UGDH,0.7050440322580644
NEURL1,0.24719556451612917
HP1BP3,1.106532419354838
ARL6IP5,0.934512741935484
OMD,0.3423118548387098
MBTPS1,0.1686211290322579
VKORC1,0.6273999193548392
CHD2,0.3969155645161292
SRPX2,0.7744835483870962
SEC13,1.0845674193548387
NKTR,0.6479669354838707
RBM34,0.22411185483871032
ADAR,1.5276604838709678
PTBP1,1.1359413709677422
MAPK6,-0.1878936290322579
RAB6C///RAB6A,-0.0896095161290316
CCNI,0.35702612903225794
SSPN,0.1205769354838716
SIDT2,1.3572729838709672
BAALC,0.04665169354838733
PAFAH1B2,0.13722588709677405
GAS1,0.7158016129032259
CANX,1.2728818548387095
SLC30A9,-0.04998693548387084
LOC642469///DVL1,0.8636484677419356
SSR4,1.3704345161290319
TMEM87A,0.8531479838709677
EID1,0.44326362903225835
PRDX6,0.3337831451612906
PSMG2,1.2333175806451617
FOXN3,0.7490036290322581
APOC1,-0.10111709677419338
HK1,0.9594772580645161
LOC100132134///GUSBP9///GUSBP3///LOC643373///GUSBP2///SMA5///SMA4,-0.5507078225806447
MYL12B,0.7503496774193541
RRAGA,0.5677706451612907
ACLY,1.1760970967741928
ECM2,0.1894244354838709
YIPF5,0.7757798387096773
REEP5,1.2481883064516126
G3BP1,0.014884516129032535
YTHDC1,-0.09312475806451602
NECTIN1,-0.032702096774192946
NFKBIZ,0.9172145967741936
TBCA,0.9533420967741932
HSPB1,0.9980567741935482
ACKR3,0.528346370967742
EIF5A,0.4142824999999999
MARVELD1,-0.07473209677419354
SRSF1,-0.05873895161290228
SNRPE,0.21709854838709702
TBL1XR1,1.3537174193548378
HIPK3,1.3308219354838708
PRPF40A,0.7173041129032245
UQCRH,0.7848202419354838
PLPPR2,0.13788927419354924
C14orf166,0.9109725806451612
LINC00671,0.07049314516129111
TXNIP,0.6112579838709681
TDRKH,-0.035867580645160706
SNHG6,0.7903979032258063
EIF4G2,0.0825406451612904
PPARD,0.06531314516129039
HOXC4,0.3503774999999998
ARGLU1,0.15505048387096804
MGEA5,0.581852500000001
EGR1,1.4238671774193543
IL27RA,0.1590570161290327
TTL,0.2508908064516127
SERPINE2,0.35465951612903246
ARHGEF1,0.14888330645161293
GOLGA7,0.7885672580645162
TIMMDC1,1.6376939516129025
DDX5,0.7343944354838704
CLIC1,1.2129096774193553
LOC149401,-0.1624108870967737
SCAF11,0.16805153225806477
KIAA0894,-0.06255475806451577
PIK3CD-AS1,0.09283862903225823
LOC100134190///LRP1,1.9157047580645155
SEPT7,0.6607578225806451
EPS8L2,0.5620602419354842
CELF1,1.1585277419354845
TUBB2A,0.5407754032258058
TAF1D,0.3862984677419355
RPL6,0.27897209677419366
ANKRD12,0.5688259677419369
SNURF///SNRPN,0.08324306451612962
SEC61G,0.2116570161290328
FUBP1,0.26164282258064586
MTFR1L,0.9409386290322577
IQGAP1,0.2948085483870966
GOLGA6L2,-0.16528145161290284
SRSF9,0.7556788709677424
PXYLP1,1.2126845161290323
ENO2,0.6660227419354837
GID8,0.6132124999999997
MRPS21,0.7135187903225805
BOC,1.0714129838709685
RUVBL1,1.0422584677419346
HSP90B1,0.9053631451612905
LOC440982,1.0243862903225807
ALDOA,0.40221387096774186
RBM5,0.9513202419354836
LYRM7,-0.088127177419355
RNASEK,0.996540564516128
ANKH///TSPAN3,0.5810825000000003
COX7B,0.17395911290322602
FRG1,-0.16217274193548373
WDR62,-0.014345322580644585
DYNLRB1,1.2481522580645157
POMP,0.3159489516129035
SLC20A1,0.5610918548387106
KRAS,-0.3648955645161282
AMZ2,-0.043005161290321794
KIZ,0.4482314516129035
ACADVL,0.7096720967741942
MT1HL1///MT1M///MT1H///MT1E,0.6097372580645161
UFC1,0.42847459677419386
SDHA,0.850133387096774
LOC100134045///TNS3,0.7946557258064519
BTG1,0.6838980645161293
RPL28,0.6419126612903224
KDSR,0.9859458064516127
ZRSR1,0.04395766129032251
TMSB10,0.6786916129032254
IRF2BPL,0.8058802419354836
PTP4A2,0.2126312903225812
IK,0.4763600000000001
SERPINB6,0.7309233064516126
C1S,0.7104916935483867
TUBD1,-0.0960849193548388
EZH1,-0.17060258064516073
ZIC1,0.3396507258064514
MKNK2,0.7819345967741936
SGK1,0.925094516129032
CUTA,0.7673003225806448
BZW1,0.6114696774193553
NDUFB8,1.2569427419354835
CDO1,0.25154524193548466
COPA,-0.00044725806451541283
RAB1A,-0.13739887096774192
GOLGA8IP,0.17972129032258083
SON,0.883476532258064
PPP1R3E,0.207661451612903
ZNF395,0.6465832258064516
INO80B///WBP1,0.16412322580645194
PAFAH2,-0.05565500000000002
EEF1B2,0.2657495967741937
CCND2,0.8103602419354834
S100A13,0.6899145161290315
ND6,0.32476314516129057
DHPS,0.7194780645161294
RHOT2,0.4382012096774194
HAB1,0.2599229032258066
PSMC1,0.3996322580645161
SRSF5,0.16330564516129067
PSMC5,0.6423975
ASPH,0.7603438709677415
OAT,0.23700620967741964
STK4,0.49848564516129057
TRPC1,0.3186946774193546
AK2,0.2716358870967742
RANBP9,0.5878055645161289
HSPD1,0.01979854838709713
KMT2E,0.010996612903225955
MCL1,1.2362290322580645
S100A6,0.21647064516129055
ATXN3,-0.1009692741935477
SART3,1.1178491935483872
HSPE1,0.47589887096774286
HSPA8,0.11013032258064515
LSP1,0.5413496774193547
CALU,0.26669112903225817
SMA5,0.01890693548387072
COA1,0.16375008064516083
TRIM13,-0.03865588709677411
PPP3CA,0.6464613709677417
ZNF146,-0.19877782258064505
NPTN,0.4858683870967745
LRIG1,0.7030420161290316
SNRNP200,0.5371242741935482
DPT,0.6816170161290316
SASH1,0.5980246774193554
PTMAP8///LOC728026///LOC643287///PTMAP7///PTMA,-0.22661846774193517
LITAF,0.5105339516129029
CTSK,0.45787975806451603
ERGIC1,0.6997890322580642
DYNLT1,0.5768745967741933
LOC202181,-0.08565096774193526
FAM127A,0.9312816935483872
CUL5,0.42380951612903217
ASS1,0.42700967741935525
PDCD5,0.28438298387096805
SNX5,-0.03983209677419301
GYPC,0.15087895161290335
MMADHC,0.38561451612903264
STK38L,0.40592677419354894
INSIG1,0.04148798387096823
GBP2,0.5602625806451613
GOLGB1,0.16771008064516096
TMEM59,0.6707123387096771
CNBP,-0.31987790322580584
INHBA,0.6320941129032257
MRPL33,0.7727299999999993
SRP54,-0.026900887096773476
ANK3,0.22071491935483883
CHCHD2,1.1190695967741924
EPG5,0.2758766935483877
RAB11FIP1,-0.24552895161290278
DEK,0.44983951612903217
LRPAP1,0.8896859677419351
SOX13,-0.3589527419354834
NDUFAF3,1.2916632258064507
TMBIM6,0.5058126612903229
SERF2,0.3516735483870965
SNRPD2,0.17699629032258096
C20orf24,0.884008709677419
FGFR3,1.0689068548387093
RNF13,0.435195887096774
CHMP5,0.3146495967741936
SMARCE1,0.386928387096774
PDCD4,0.21568354838709708
SCARA3,0.3723554838709675
HNRNPU,0.3197299193548387
LRP11,0.7118749193548386
KRR1,-0.0004841129032252048
LOC729660///LOC729218///GTF2IP20///LINC01000///LOC401357///LINC00999,0.1465151612903225
ETS1,0.41396733870967706
PID1,0.9233629032258064
LRRIQ1,-0.12311717741935463
BOLA2B///BOLA2,0.6986055645161289
HNRNPR,0.3967920161290327
WTAP,0.672137741935484
AGTRAP,0.6301695967741939
ENAH,0.3822800806451615
FAM134B,0.8097005645161288
LRP10,1.0054888709677416
C11orf24,0.6210210483870968
SLC26A2,0.645140887096774
HLA-F,2.0688393548387087
PSMA3,0.21872112903225832
UBE2D3,0.4072271774193549
ISOC2,0.8370759677419358
DNAJC25-GNG10///DNAJC25///GNG10,0.8214212903225813
NRN1,0.8031193548387092
HIVEP2,0.06467911290322598
POLR2F,0.9700574193548381
DOCK5,0.07442959677419411
DDX3X,0.504709193548387
TRMT112,0.8947244354838706
MEG3,0.5806215322580645
ACTR10,0.2258859677419358
HYI,1.0707695161290327
MPHOSPH8,0.08569798387096791
PTPN18,-0.15508991935483812
ATP6V0C,0.8041726612903225
EIF5,0.48992435483870955
NCOA4,0.904624435483871
HSF1,0.8070108064516125
CPSF3L,0.5643199193548384
SEC22B,-0.8095956451612905
UFL1,0.22351540322580649
XRCC2,-0.11702217741935461
STRAP,0.3005051612903225
MRPL4,0.04398620967741963
PITRM1,0.5634103225806454
NDUFA5,-0.03151750000000001
TEX36-AS1,0.1687581451612904
C2///CFB,0.9355782258064509
GTF3C1,0.5696351612903228
SLC5A3,0.4228028225806453
NDUFA1,0.6237873387096775
MAPK1IP1L///FCF1,0.16083782258064572
DUSP14,0.20260024193548354
DRG1,0.4271174999999999
GDI1,0.6553293548387095
NPIPA2///NPIPA1,0.9950047580645156
TMEM109,0.7400072580645164
SNRPF,0.22021000000000007
JAK2,-0.07365451612903176
DNASE2,0.05171879032258089
CCDC47,0.6863870967741934
DEGS1,1.1386743548387088
SOD1,0.23728629032258097
COX5A,0.604506048387097
CPAMD8,-0.27050330645161264
CA9,0.8933504032258062
PICALM,0.6621687903225814
SUSD5,0.5764538709677414
SNW1,0.42769104838709693
SLC50A1,0.6468403225806447
HNRNPD,0.3037484677419358
CHMP4B,0.21166911290322588
RSU1,0.005513064516129755
GPX8,0.6465458870967741
COL8A2,0.944294596774192
CXorf21,-0.1274262096774188
LOC155060,-0.283733387096774
SEC63,0.06914185483871042
DAB2IP,0.9928788709677425
SNHG8,0.7480011290322583
FGG,-0.19383717741935458
UBR2,-0.13292024193548346
TMEM263,0.2404965322580651
IER5,0.36943620967741964
LOC100130291///DSTNP2///DSTN,0.5733536290322582
RDH11,0.0010529838709680134
LOC100131401///BTF3L4,0.1078693548387098
RPL17,0.03841846774193551
LINC01121,-0.10927564516129017
TRA2B,0.8825395967741935
C6orf48,1.2076337903225798
SERTAD4,0.27056653225806476
TIMP2,0.4200571774193549
SOD2,1.2804875806451603
LOC100133662///RPS4Y1,0.14332362903225856
MYLK,0.3879924999999999
KIAA1841,0.13077661290322581
TNPO3,-0.3017991129032257
EFR3A,-0.41272201612903237
RYBP,0.6388469354838706
APOE///APOC1,-0.14780137096774149
DDX19A,0.0675405645161295
COL2A1,0.6761533064516129
LOC100133665///TALDO1,0.4790212096774197
RRBP1,0.7052422580645163
EIF4B,0.7492961290322577
ISCU,0.15144669354838797
CHSY1,1.1074891935483868
KRT10,0.20708854838709695
PDGFRB,0.4176854032258066
COL5A1,0.8238858870967731
ATP5B,0.6613403225806457
NPC2,0.606653629032258
MT1F,0.9722108870967738
ZNF83,-0.01994588709677398
FNDC3B,0.02493814516129092
ARL5B,0.6261160483870962
PPP1R2P4///KIAA0226L,1.3867989516129022
XRCC5,0.5855224193548385
NBPF10///NBPF8///AE01///NBPF9///NBPF15///NBPF11///NBPF12///NBPF1///NBPF14,0.06211596774193548
LOC101927043,-0.15395806451612887
TCF25,0.43028911290322597
FAM153B,-0.27106169354838744
TNC,0.02898072580645214
HACD3,0.5634236290322573
DDAH2,0.14877387096774153
ACTG1P17,-0.08695798387096747
TCEAL4,0.8358170161290328
SEPT9,-0.31320209677419353
ITIH5,0.4002837903225801
THBS2,1.4568719354838708
HERPUD1,0.4289010483870972
SCIN,0.4182712096774196
ELP2,0.4576727419354843
PTGS2,0.2226713709677426
GINS4,-0.21220830645161287
LECT1,0.5845046774193549
KLF10,0.26732266129032245
NDUFC2,0.5649694354838712
CEP164,-0.6085704032258064
PRKACA,0.6914902419354839
EIF5B,-0.0004240322580643316
B4GALT2,0.8702924193548391
LOXL4,0.09632709677419315
RPS10P9///RPS10P4///RPS10P13///RPS10P22///RPS10P11///RPS10P29///RPS10P7///RPS10P3///RPS10P5///RPS10,0.07055766129032301
ORMDL1,0.9350182258064519
ADH5,-0.006649516129031821
SMOC1,0.1450140322580643
LASP1,1.2068412903225796
ATP5J,0.13224427419354884
PSMA7,0.24236943548387113
TFG,-0.05513258064516094
MOV10,0.289075725806452
PPIB,0.5163306451612908
HMGN1P38///HMGN1,0.2966717741935488
ARID2,1.9760669354838711
LMO4,0.3260486290322587
NEMF,-0.011414838709676967
LOC653972///CBX3,0.027598548387097244
TMBIM4,0.3799774999999998
SHMT2,1.0424945161290318
TGFBR1,0.641428306451613
HCG2P7,0.1548555645161291
SRPRA,1.0573120967741938
PMS2P9///PMS2P2///PMS2P1,-0.3957347580645154
ATXN10,0.6756375000000002
LRRC25,0.07280346774193575
SCFD1,0.11955177419354904
GRB2,1.063465241935484
ARHGEF7,-0.03280177419354846
SSR2,0.10474419354838738
MAP1A,-0.012888790322580121
RPN1,0.6558416129032255
GREB1,-0.05048766129032249
ACSL3,0.5911755645161291
TSPO,0.9190800806451604
CPSF7,0.7146333064516129
SDC2,0.20080451612903252
LRRC1,0.4517282258064512
FCER1A,-0.010882741935483697
SKIV2L2,0.19012717741935498
ZMIZ1,1.0433412096774202
ENPP1,0.6723453225806449
HDDC2,0.4232229838709681
TMEM47,-0.11676846774193517
POFUT2,0.7604167741935479
PDS5A,0.8217967741935481
UQCR11,0.684594193548387
WHAMMP2,-0.15528314516128983
RAB3GAP2,0.38479435483870916
CMPK1,0.2834997580645164
FNIP2,0.9564268548387096
C5orf15,0.5755522580645167
CFAP157,-0.2617619354838704
SYPL1,0.2341135483870967
IRF2BP2,-0.1467504032258057
MFN2,0.5151962096774195
NDUFV2,-0.02499225806451608
DDX24,0.18510596774193624
DSN1,0.16197838709677453
C2CD2,0.9045571774193546
TNFSF11,0.3654505645161291
RBBP7,0.956663870967742
DNAH3,0.1818224193548388
TCEAL9,0.1400428225806456
ENTPD4///LOXL2,1.0426403225806442
CDIPT,0.6681691935483873
AGO4,-0.007285161290322223
AKR1C1,0.6394313709677419
RPL26P33///RPL26P16///RPL26P37///RPL26P19///RPL26P12///RPL26,-0.009385725806451594
PCOLCE,0.7039416129032258
SLC2A1-AS1,-0.1809162096774186
CCT5,1.1240387096774187
P4HA1,0.5249341129032256
NDUFA6,0.6607730645161293
GPBP1,0.751854758064516
NRBF2,0.06882903225806444
KLC1,-0.14725983870967696
C5orf56,0.01704056451612899
SF3B2,1.0661285483870964
PDK4,0.16136620967741944
MFAP3L,0.36979387096774174
NBPF10///NBPF8///AE01///NBPF9///NBPF15///NBPF11///NBPF12///NBPF3///NBPF1///NBPF14,0.44106024193548365
GABARAP,0.7898156451612899
CSPG4,0.24443000000000004
PROCR,0.805070967741935
AHNAK2,-0.05312895161290246
GPX4,0.49087024193548434
TPI1,0.6877630645161288
PDLIM5,1.1810761290322571
RSL24D1,0.33545830645161306
IFITM1,0.5212383064516124
KLHDC10,0.768782983870967
TTC9C,-0.047330806451612466
NCOR2,0.5635454838709681
UBL5,0.21922403225806475
MRPL57,0.7039958870967736
TSPAN6,0.6562362096774197
DGCR2,0.8135210483870965
ANXA5,0.6987750806451609
SARS,0.592571290322581
NPDC1,0.8519053225806457
RTCA,-0.023865483870967014
APOL2,0.03835838709677476
CREG1,0.29576185483871004
MTA1,0.512055322580645
HSPG2,0.5682417741935487
NDUFB3,0.8637536290322577
CD44,0.4941852419354834
HPF1,0.35327709677419344
EI24,0.7364064516129026
ADM,0.04646032258064536
HLA-C///HLA-B,0.4591968548387094
QARS,0.6096895967741934
UBE2R2,0.4650553225806453
CNIH1,0.2219427419354842
CCPG1,0.16239508064516164
BAMBI,-0.09026653225806502
EIF4A1,0.15355241935483904
CNOT7,1.1209797580645158
THBS1,0.37976669354838694
ATP1B1,0.5698354838709678
DCAF8,1.0538619354838705
DOPEY2,-0.06697951612903219
SLC39A6,0.9376951612903222
RPL36AL,0.3987095967741938
SH3BP5,0.14600395161290322
PCBP2,0.5212214516129033
SOWAHC,0.0028099193548389023
TMEM30A,-0.014446935483871035
NPR1,-0.037951209677418246
RPLP0P6///RPLP0,0.08120717741935547
CHTOP,-0.3218040322580642
THY1,0.6479726612903224
PLEC,1.34879814516129
DKK3,0.3041923387096774
SNORA37,-0.3942654032258057
RALBP1,0.6698710483870969
RPL3P7,0.16120080645161286
DNAJC15,0.3268877419354839
DDX21,0.22188088709677445
CTBP2,-0.22453419354838675
EPB41L1,0.09788838709677417
HBD///HBB,-0.038720161290322366
MAF,0.8030020967741933
CCT8,0.16258588709677405
KPNB1,0.27567870967741975
ANAPC5,0.22186096774193564
RPL35A,1.1240719354838706
IMPDH2,0.34641225806451625
NOVA1,0.5517203225806449
PDLIM4,1.5324248387096773
PRNP,0.4288070967741935
NOP58,0.2859676612903222
ITGA11,0.6870379032258067
C14orf2,0.47507677419354843
ZFAND6,0.8931499193548387
LNPEP,-0.16214096774193515
DCAKD,0.0865019354838707
IFFO1,-0.23165096774193572
HOXC6///HOXC4,1.0991682258064512
PLIN3,-0.13870854838709634
ING5,0.35711685483871014
DSP,1.0121032258064506
HIGD1A,0.3606537903225806
ATP6AP1,0.6813641935483871
NDUFB1,0.7113260483870966
SMG1,-0.12089524193548357
ARL1,0.22738241935483866
FAM120A,0.007297258064516879
TSPAN2,0.5528032258064518
ARMCX7P///ARMCX6,0.508043790322581
CPSF2,-0.05877467741935438
CCDC14,0.8192292741935483
SOBP,0.373922741935484
PSMC1P9///PSMC1,-0.03795403225806401
MBD4,0.05321758064516167
ATP1A1,0.6889691129032256
ELP3,0.03262387096774234
FOXO3,0.7180341129032263
PTDSS1,0.5286420161290326
LGALS1,0.5655646774193547
PSMB7,0.4899534677419358
FOXO1,1.0316785483870963
DNAAF5,0.6281545967741937
SPAG9,0.2057430645161294
SMAD6,1.014778387096774
VDAC2,0.724150564516129
PHF3,-0.035410645161289965
CCDC53,0.41160798387096764
LARP6,0.07946540322580631
N4BP2,0.16408129032258065
GATC,0.09392854838709745
PDHA1,-0.07220387096774153
SYNCRIP,-0.4997613709677416
SLC25A37,0.23065717741935488
FGD2,0.15367532258064534
BPHL,0.117973951612903
ZC3H14,0.21647274193548455
COX7A2L,0.4312198387096771
XRCC6,-0.09646508064516059
GPRC5C,-0.0824171774193542
ADAM9,-0.19876104838709632
IQSEC1,-0.04218282258064507
YIPF6,0.005591451612903482
DHRS3,0.499102741935484
MSN,0.5402120967741937
MTDH,-0.1246521774193546
ATP5O,-0.23255516129032244
LENG9,0.5648115322580639
RABAC1,0.48779201612903256
HERC2P9///HERC2P2///HERC2P3,-0.016049516129031993
TIMM21,-0.06970653225806375
PCM1,0.7526975
CAV2,0.24093991935483916
RAI14,-0.030661532258064228
NT5E,0.09766887096774199
TPD52,0.7450387096774191
NEBL,0.29755935483871004
HES1,0.01299395161290337
LOC90834,0.04843258064516193
SHMT1,-0.3484921774193547
UBA2,0.38032072580645154
MARCH6,0.2789922580645157
MGC70870,-0.07950104838709678
UBE4B,0.3530347580645166
TMEM106A,0.9259363709677413
ZNF791,-0.15925161290322554
PFN2,1.0175196774193547
KCTD20,0.3262945967741935
ZBTB1,-0.3424179032258066
SEPW1,0.37663967741935434
APOO,0.24548806451612942
SMARCA2,0.39842201612903183
ZDHHC7,0.5173904032258066
SNHG12,0.07014266129032284
PDGFC,0.6759168548387098
IPO5,0.5222645967741938
RUNX1,0.042870080645161415
SRP68,0.2508701612903231
LOC730658///ANKRD36///ANKRD36B,-0.06986991935483791
RPL29P4///RPL29,0.25768290322580706
CCT4,0.00010201612903221885
YME1L1,0.5720017741935481
ECI2,0.39790491935483885
CYLD,-0.3037279838709681
IRAK1,-0.11821282258064505
FAM129A,0.39384153225806456
RHOBTB3,0.485811129032258
PPP1CB,-0.04473572580645142
TOMM6///PRICKLE4,0.5454414516129029
CCDC90B,0.6442708064516126
ATP8B2,0.33649604838709657
CLDN19,-0.05093838709677364
LMAN1,0.5962956451612904
LOC153682,0.005123467741935992
ZNF71,-0.024351048387096605
TOMM20,0.2067620161290329
ATP6V1G1,0.8420708064516123
SIGLEC11,0.05231572580645209
TMEM230,0.9779575806451613
EFHC1,-0.34744733870967665
CD9,0.1992019354838713
LOC653888///ARPC1B,0.7742238709677418
GSN,-0.6570945161290315
INTS4,0.015444596774193516
HNRNPA3///HNRNPA3P1,0.42382064516129014
TGIF1,-0.19537879032258035
TIMP1,0.32850024193548405
CCT3,0.5700675806451615
SP140L,-0.07079677419354795
RPL36AP37///RPL36A,0.2563946774193548
BMI1,0.840962661290322
UMAD1,0.4242158870967738
C9orf3,0.8617682258064512
CEP135,-0.19587217741935445
MAP4K4,-0.036478548387096306
RNF20,-0.15285959677419333
SMA4,-0.058877822580644466
HNRNPH3,0.29541306451612914
NPIPB15,0.008339596774193467
CASP6,0.47374903225806453
NET1,0.0209035483870976
CRTAP,1.531577661290321
MGC4771,-0.2076358064516123
THOC2,0.32068096774193594
TOP1,0.181742983870968
MRPL3,0.5628008870967742
SYS1,0.11531258064516153
AK4P3///AK4,0.10009185483870972
CEBPB,0.010751451612903196
SERPINA5,0.3976557258064515
DCTN2,-0.030705725806451103
TCEAL2,1.4551225806451604
KDELR2,0.568208306451613
RPN2,0.8081142741935484
ICAM4,-0.05460911290322625
PLCG1,0.6317488709677419
FOS,0.3633457258064517
ANKRD19P,0.45094999999999996
SEC23A,0.16327701612903187
MDH2,0.2214848387096774
RAD23B,-0.19540717741935415
TAPBP,0.9394442741935489
WHRN,0.47809653225806414
RAP1BL///RAP1B,0.5672571774193549
SMC1A,-0.10401419354838627
COLGALT2,0.3144208870967743
PSMC4,-0.09028169354838671
TIMM17A,0.3641623387096778
KHDRBS1,-0.36963080645161234
PSMB4,0.576657338709677
GNL3,-0.21618137096774154
SETD7,0.31411435483870953
MYO9A,0.13177024193548414
NFIX,0.3045215322580642
PPWD1,-0.3088899999999994
RPL23A,0.49812096774193526
MAP2K7,-0.10355870967741887
SLU7,0.09994266129032287
LOC100133465///HAB1,0.08139717741935498
MUM1,0.40731072580645167
DGKD,0.46370991935483863
HSPA5,0.2924698387096778
MYO1D,0.33369008064516176
IKZF1,-0.18641080645161226
SPIRE1,0.38258129032258037
PAF1,0.5955297580645161
LINC01000,-0.06276104838709597
PSMD1,0.36467217741935487
SUGT1,0.1933125000000004
ZFR,-0.05351209677419342
GPATCH8,0.12713451612903282
PTPN11,0.36496000000000006
ARHGEF2,0.0031869354838714448
PABPC1,-0.14584169354838694
DENND5A,0.28485274193548404
RBX1,0.16358637096774228
NINJ1,0.5144158870967741
CROCCP2,0.06809911290322627
PGRMC1,0.38256032258064554
DHX37,-0.025350806451612605
KCTD18,-0.4054653225806447
ACVR1,0.5276648387096777
AFF1,0.34710604838709724
COX5B,0.5165065322580644
GMFB,-0.0185829032258064
HEATR5B,0.037776854838709614
VGLL4,0.5143332258064517
FADS1,-0.2548570967741932
FERMT2,0.8341451612903226
ARCN1,-0.10893556451612878
COX6C,-0.11212120967741919
PHF10,0.005124435483871847
SPATS2,-0.03665693548387099
GLUL,0.014892661290323163
CCT7,0.3648442741935489
SERTAD2,0.35668290322580626
RCN1,0.25285548387096823
MRPS18B,0.5973247580645162
CHST1,0.7231771774193548
SDC4,0.7114325806451617
USP12,-0.08891911290322525
EMC4,0.20778056451612908
DLEU2,-0.09965483870967712
SDHAP1,0.04403298387096827
MYO10,0.5389570967741937
DUT,0.01953741935483902
TMEM92-AS1,-0.08576620967741873
ARL5A,0.21158629032258075
LINC00674,0.5462200806451618
HLA-A,0.9694118548387092
BNIP1,0.5478835483870967
AHCYL1,0.41011798387096776
FTH1,-0.1909811290322576
PTEN,0.3658979032258067
IGFBP5,0.6268940322580648
COPB2,0.24411266129032277
RIOK3,-0.08248653225806409
RAB28,0.9207677419354834
SPOCD1,-0.1760190322580647
SEPT2,0.388031290322581
COL25A1,0.06687766129032234
TMSB4XP6///TMSB4XP8///TMSB4XP2///TMSB4XP1///TMSB4X,0.09504306451612957
MBD1,-0.10537943548386974
SERBP1,0.29784975806451613
CSAD,-0.1880984677419349
SRPRB,0.34312903225806435
GUSB,0.7378837096774188
SGCB,0.611863467741935
IL10RB,0.06579750000000054
LRRFIP1,-0.13876959677419282
SEC31A,0.23148572580645177
TULP3,0.7102925
RREB1,-0.028594112903225697
C16orf58,0.6657633064516129
DIAPH1,-0.1859982258064511
HSPB2,0.47926451612903315
UBE2Q1,0.17573233870967803
CCDC80,0.2582931451612902
TXN,0.012606290322580944
CEP44,-0.24193169354838628
NARS,1.0220576612903214
C1orf56,0.05769096774193576
CNPY2,0.286233870967742
PDHX,-0.006430725806451008
KMT5B,0.26632741935483867
ELMOD2,0.041248870967741866
UAP1,0.32609096774193597
SRP9P1///SRP9,-0.06386669354838695
ANO10,0.1291866935483872
SOCS2-AS1,0.33104580645161297
ABI2,0.06718080645161319
HOXB6,0.26420112903225823
B4GALT1,0.00913475806451658
ITM2A,0.5714448387096772
ALDH1B1,0.2184935483870977
TMEM267,0.36311991935483884
PFN1,0.17557153225806518
EIF3M,0.26313354838709674
SMN2///SMN1,0.09193177419354864
ATP5I,0.4533146774193547
ZNF445///DENND3,-0.07485338709677358
TAF7,0.37571250000000034
EIF2AK1,0.7672324193548385
IGF2BP3,0.14718185483871007
SLC1A4,0.13273629032258044
NIFK,-0.22937693548387023
SSB,0.3760583870967746
SKAP2,-0.2979309677419352
SLC25A3,0.09905604838709695
HSD17B12,0.30166459677419316
ETF1,-0.05036645161290336
STAT2,0.33759233870967736
ENOSF1,0.20787629032258084
FRZB,0.32766483870967783
HSBP1,-0.0859560483870963
CARS2,-0.03534717741935457
CASP2,0.1216000806451616
GNA13,0.14645290322580687
TRIP6,1.6634613709677413
ABL2,0.010180887096774748
ATXN2L,0.8290999999999998
KIF5B,0.017781370967742228
VSIG10,0.09554959677419371
KLF13,0.10753072580645157
DAP,0.34208032258064525
SCD,0.04534395161290318
FUT4,0.09757612903225779
GOLGA8A,0.7861545967741934
PPP6C,1.0362892741935488
SH3PXD2A,0.3044929032258066
ZRANB2,-0.3767795161290317
GOLGA2,0.19520637096774224
ZNF292,0.1019447580645163
FMO5,0.11559685483871013
TSPAN31,1.049943064516128
AKAP11,-0.10450048387096744
SPCS2P4///SPCS2,0.5471063709677417
CSTB,0.19611508064516153
RAB10,0.7696219354838706
SDHAP2,-0.7276457258064509
PDXP,0.6794515322580641
S100A11,0.23089758064516147
ZNF428,-0.37249879032258065
SAP30L,0.8871265322580637
AP2S1,1.3137038709677415
ALDH2,0.0014162903225805046
LOC105375531,-0.016972661290322426
KDELR3,0.3369317741935483
COX7A1,0.7057178225806446
AK1,0.9187217741935492
EHMT2,0.23368733870967784
TMEM14C,-0.3977209677419349
LOC643287///PTMAP7///PTMA,-0.2115034677419352
SEP15,0.05616790322580652
LIMS1,0.3484821774193547
SFPQ,0.5151470967741937
NR2F2,0.7886161290322581
DHX36,-0.09182766129032216
BIRC2,0.3150674193548388
LOC727820,0.46436475806451616
PPP1CC,0.23862153225806443
PPP1R12A,0.10039072580645264
INTS7,-0.15643548387096767
EDF1,-0.00864967741935442
NQO2,-0.025133951612902723
CLSTN1,0.34408806451612906
RHOC,0.49389693548387115
SMOC2,1.069743790322581
GTF3C5,0.9910991935483866
BROX,0.2848783064516135
ANXA2P2,0.01557241935483894
C21orf33,0.5473837903225802
MRPS6,0.46679008064516103
TACC1,0.1891979032258069
RAB31,-0.2314858064516126
RBM25,-0.04292443548387075
METTL5,-0.08915217741935416
PROSC,0.04356895161290353
GAREM1,-0.05106209677419324
CTBP1-AS2,0.11948290322580739
FKSG49,-0.006782258064515552
PDCD6IP,0.2140180645161289
MPC1,0.10871209677419416
WWP1,-0.04543306451612872
ACBD3,0.21685201612903268
FAM20C,0.8386058870967739
LOC101926997,-0.07695951612903154
SLC39A8,-0.009431129032257578
MARS,0.1693025000000003
DCAF13,0.2378212096774196
NDUFA4,0.2952384677419356
ADAM30,0.20281443548387143
PGRMC2,0.6739770967741934
IARS2,-0.10900879032258065
HECTD1,0.54846685483871
RPL14P1///RPL14,0.19689669354838743
SEMA3D,0.020807016129032293
IARS,0.39002604838709687
NDUFS6,0.31197943548387075
PTGER3,-0.1687403225806441
TRIM64EP,-0.02364895161290246
SRRT,0.8284683064516124
VAPB,0.13771000000000014
GPBP1L1,-0.1499392741935477
QRSL1,0.04396741935483902
MAGEH1,-0.01562653225806454
SEC24C,0.717941209677419
HEBP2,0.05409475806451616
AP2A1,-0.16610822580645135
EMD,0.2976681451612898
KPNA4,0.3659195967741933
FBN1,0.5929348387096776
CD82,0.10710524193548418
TRA2A,-0.027014919354838393
CD109,0.5019478225806454
GAS7,0.44001120967741925
IER3,0.7554094354838703
TAX1BP3,0.3713219354838708
MRFAP1,0.2633258064516131
HNRNPAB,0.2725864516129032
HCFC1R1,0.25849040322580646
CLTC,0.7432616129032257
PRR14,0.5108351612903227
ZNF330,-0.0469313709677415
CLDN12,0.09353838709677462
FKBP2,0.3235414516129031
BLZF1,0.2014300806451614
SPHK2,0.2402969354838712
FAXDC2,0.40297088709677453
UBE2E3,0.3992167741935485
ANKRD10,-0.021256612903225724
FRY,0.03710774193548466
GFPT2,0.8201910483870962
RAB3IP///MRPL51,0.11552500000000038
RNF126,0.15640741935483907
ATP6AP2,0.2440616935483873
GLS,0.1690087096774194
FAM114A1,0.2633680645161289
POLR3F,-0.14881249999999954
ENTPD1-AS1,-0.22562766129032233
CSGALNACT1,0.25225556451612935
CHD4,0.8722351612903225
PLEKHH1,-0.05173153225806383
PLAGL1,0.6687012096774199
EBP,0.2927337096774192
POLH,-0.03721266129032191
PGAP3,-0.11275161290322543
SLC39A1,0.11608338709677418
C20orf203,-0.08441975806451571
MAT2B,0.6800021774193546
UBXN6,0.7606712096774189
AFTPH,0.5981151612903226
SNX9,0.0561584677419357
TMEM39A,0.006272258064516659
ISG20L2,-0.2153670967741929
JAK1,0.27646685483870975
FAM208A,0.08423588709677365
DECR1,0.011778064516129508
LINC00957,0.08804209677419365
MVP,0.6334187903225805
SRSF7,0.5017995161290323
PPM1F,0.21486943548387083
ARL17A,0.020928225806452
RPS7P11///RPS7,0.39461701612903205
PTGIS,0.6414579032258068
AKR1C2///AKR1C1,0.3172083870967741
ERGIC3,0.038194677419355144
HAX1,-0.4478627419354837
VOPP1,0.7772530645161293
PCMT1,0.2526307258064517
TOP2B,0.2892235483870968
FARP1,-0.4864688709677414
PRKD2,0.1401155645161291
PRDX1,0.016661048387097213
WDR61,0.6538098387096777
IER3IP1,0.12425500000000025
HCG11,0.009141290322581139
CDC42EP5,0.8283786290322577
AAMDC,0.1962310483870968
IFT122,-0.15872072580645138
LSS,-0.006288225806451178
AHSA1,1.0626050806451612
SAP18,0.6765468548387096
YWHAZ,0.432545564516129
PIN4,0.19463846774193572
GCOM1///POLR2M,0.2844150806451613
SMIM7,0.1816296774193553
H1F0,0.34440903225806435
CAPZA2,0.1614019354838713
SNAI2,0.29100387096774216
ASAP2,0.2001961290322588
IMPDH1,0.599782822580645
PPFIBP1,-0.018700403225805934
SMS,0.46713032258064524
CDKN2C,0.22636685483871022
POLR3GL,0.31375822580645185
PIH1D1,-0.021155241935483876
TIPRL,-0.16050137096774142
UBQLN2,-0.2935262903225804
ATP5F1,0.28382790322580675
COL10A1,0.5126964516129037
OLA1,0.5336005645161288
PEX26,0.7264823387096774
YIPF2,-0.04157774193548337
NBPF10///NBPF8///AE01///NBPF9///NBPF11///NBPF12///NBPF1///NBPF14,0.6242715322580644
GNB1,1.044002903225806
PEX16,-0.29132983870967627
UBLCP1,0.23935532258064462
IDS,0.576113629032258
PSMD5-AS1,0.10254798387096781
NCBP3,0.5716312903225812
PITHD1,0.31506806451612884
IPO7,0.44948096774193536
PTGES3,-0.004982258064515452
TOMM22,0.7420937903225804
CRYAB,0.2504605645161296
LOC101928405,-0.10424088709677248
WDR6,0.14500774193548388
PHF1,0.32459830645161314
EIF3G,0.8955683064516127
PFKL,0.4695319354838715
CAPNS1,0.6184062096774192
LOC727751///GOLGA2P10,0.576363145161291
LOC100133459///NBPF10///NBPF8///AE01///NBPF9///NBPF15///NBPF11///NBPF12///NBPF1///NBPF14,-0.08394427419354822
TUG1,0.11818064516129062
RSBN1,-0.17178951612903154
LOC284950,0.06027838709677454
SNU13,-0.0991974999999994
SOCS3,-0.09793435483870915
F2R,-0.1016229838709675
CNOT2,0.4154238709677423
NONO,0.34426629032258094
SACM1L,0.551661451612903
NDUFB2,0.3471328225806452
FUNDC2,0.02903838709677469
NFIL3,0.08751782258064503
HEXB,0.11730798387096769
LMNA,0.4717717741935483
VIMP,0.39930685483871
SLC44A1,-0.4191604032258056
RBBP6,0.3163667741935483
PHF2,0.799189274193548
EXOSC9,-0.1175995161290318
NAE1,0.21827935483871042
LOC101928933,-0.031290403225806236
CTTN,0.3569270967741936
RDH14,0.027505887096774588
HDGFRP2,0.27840524193548394
USPL1,0.048573387096774334
DCAF7,0.05273056451612913
VCL,0.3668157258064517
MCUB,0.11166258064516163
C19orf43,1.0128493548387087
UBXN4,0.26410322580645196
CHMP2A,0.3711451612903228
LOC100128155///VAV2,-0.41177862903225687
UBE2K,-0.05271862903225759
NTN5,0.03565120967741952
LOC100133216///LOC100132072///CBWD7///CBWD6///CBWD3///CBWD5///CBWD2///CBWD1,-0.051818306451612436
CTNNBL1,0.49840564516129043
LBHD1,0.25826508064516124
PSMA5,0.40783709677419366
CYFIP1,0.4645796774193549
PHB2,0.7008719354838703
NFATC2,0.528934274193549
GS1-124K5.11,-0.011203709677419404
FLJ45482,0.061535806451613675
C21orf62-AS1,-0.14429362903225745
KIF1B,-0.024323064516128368
ORAI2,-0.21437870967741937
LOC105373958,-0.11183677419354798
CDH19,0.021425806451613814
CHST10,-0.2561663709677421
C5orf45,0.11918951612903281
NRBP2,1.0172399193548385
SEC24A,0.42515685483870913
HSDL1,0.06672250000000027
PHLDA2,0.10059677419354845
PABPC1///PABPC3,-0.048022016129031765
SAMD4B,0.7493632258064514
KCNH6,-0.2119916129032253
SMARCA4,0.1507824193548389
MOCS1,0.15521524193548436
MON2,0.15295048387096838
TOB1,0.03135564516129079
SHFM1,0.5164175
FGFRL1,0.7317683064516127
MIR100HG,0.5720324999999997
METTL22,-0.2719984677419348
FLII,0.6660854032258062
CLIC4,0.6203704032258065
KLHL21,-0.018930887096773985
A2M,-0.03556758064516103
PIGB,-0.06600999999999924
UGGT2,0.008504838709677547
OSBPL5,0.8402145967741929
RHOQP2///RHOQP3///RHOQ,-0.0037524999999995617
FLRT2,0.7820774999999998
OSBPL9,0.5620500806451608
PDXDC1,-0.15526346774193503
TMED3,0.21099387096774236
COPG1,0.1590591129032259
RFC1,0.15806233870967748
UGP2,0.05904475806451631
TSKU,0.20786145161290337
LAMB2,0.7483094354838706
ERP44,0.39749427419354827
CUL4A,0.025701854838710056
B4GALT4,-0.29411806451612876
ESYT2,0.06901306451612937
SIRPA,0.522304193548387
SOX7,-0.058144354838709805
IMP3,-0.012164758064516085
CHPT1,0.4740748387096777
EIF4EBP1,0.30963040322580637
SDCBP,0.1620400000000003
DYNC1H1,0.22801016129032284
SDHB,-0.0035371774193547322
COPS8,0.19515250000000006
SVIL,0.17877064516129046
EIF4EBP2,-0.007286451612902822
MCM3,0.031887903225806785
FAM98A,0.5674041935483867
BCLAF1,0.4425161290322579
YES1,0.2707344354838713
VASN,0.2800261290322583
USP33,-0.0677433064516124
SNRPA1,-0.22207298387096716
ZNF664,0.7333307258064513
DKFZP547J0410,-0.006196532258063665
SPIN1,0.1370444354838709
LINC00504,-0.08998693548387088
PPIC,0.4503035483870965
CAB39,0.05680556451612894
AFG3L2,0.6267487903225807
DENND4C,-0.027677499999999633
OTUD4,-0.0415237096774191
CYP1A2,0.026622580645161452
ZFP36,1.0376071774193543
LINC00260,0.047284516129032825
NREP,0.7170318548387096
COPS9,0.4520887096774192
ZNF302,0.1720350806451624
UBA6,0.1753964516129037
VPS35,0.060022096774193276
HNRNPA0,0.08189967741935501
OPTN,0.426447741935484
NDUFB11,0.4411212903225803
GLO1,0.053737258064516846
MED7,-0.08519911290322528
DGCR8,-0.26725854838709634
GPR161,0.2583406451612907
SLC40A1,0.9852552419354839
RIMS1,-0.04104516129032243
CCT2,0.9202465322580644
PDIA4,0.5707813709677416
HECA,-0.06068145161290269
UBL3,0.030915725806452243
CTNNA1,0.22598443548387054
RASA1,0.46893088709677444
YTHDF2,-0.3298800806451605
GTPBP2,0.7355735483870969
RNF11,0.47991104838709675
SESN2,0.8017025000000003
DENR,0.35331854838709714
LTN1,0.3426810483870973
STOM,0.9601963709677418
WIPF1,0.06682129032258143
ZMIZ2,0.4827010483870964
MDH1,-0.014996612903225306
ARMCX3,0.4169014516129037
SLC14A1,0.5850000806451612
CDKN1B,-0.22341895161290293
NAV1,0.43748088709677435
KCTD10,0.43607967741935494
DLG1,0.7574895161290325
RPARP-AS1,-0.21217943548387042
ALDOC,0.23218806451612956
CFDP1,0.06426427419354885
CYR61,0.5722993548387088
ZNF37A,0.024109838709677932
MIB1,0.32294580645161264
TRIM4,-0.012314758064515777
SH3D19,0.2987428225806452
C14orf1,0.06985548387096827
STAT1,1.1236408064516128
ATXN2,0.07660112903225835
RHCE,0.05360032258064586
FTSJ1,0.07978120967741956
PHTF2,0.3369670161290322
B4GALT7,0.8419122580645162
NDUFC1,0.27495451612903254
C19orf44,-0.20698999999999965
SLC28A2,-0.21304895161290294
TSR3,0.31842362903225796
PLP2,0.33350604838709647
DAB2,0.5140415322580645
APLP2,0.6817113709677418
CYCS,-0.008809999999999632
ZNF350,-0.11761564516129018
FAM98B,-0.018332580645160898
HK2,0.2511767741935483
PRDX3,0.05780451612903273
CAPRIN2,0.15646903225806455
RCAN1,0.6238982258064516
TXNDC17,0.005088225806451777
MALSU1,0.332485887096774
CUX1,0.2611206451612906
MEA1,0.3509828225806454
AAMP,-0.06469443548387017
TGFBR2,0.24878387096774188
SEPT6,0.1843395161290326
RGS2,0.4596614516129035
PROS1,0.45457145161290347
CALM3,0.3289624193548386
MKLN1,0.3853420967741937
EMC7,0.6627624193548389
WASF2,0.31614766129032273
SGSM1,0.11505887096774213
MTMR3,0.3135280645161293
PARL,0.33719250000000034
MRPL55,0.2182262903225803
PATJ,0.060254032258065075
PURA,0.08235774193548379
MAP3K3,0.3855686290322582
TRIOBP,0.17786846774193538
HPRT1,0.5795636290322583
SLC25A36,0.4366172580645161
RANBP6,0.2861690322580649
DDX6,0.3861442741935484
MZT2A,0.10135717741935485
NLRP1,0.08868314516128978
USP47,0.05309298387096778
PAN3,0.5026947580645159
SDHC,0.22255564516129064
TNPO2,1.0054670161290322
C11orf57,0.040125161290322946
TMEM243,-0.2001752419354836
LCMT1,0.19037475806451615
ZNF852,-0.019292983870966215
CHMP4A,0.44161564516129037
RNF24,0.17780032258064493
SLC29A1,0.8586808870967739
HOXC10,0.23385370967741903
VEZF1,0.6263946774193547
HNF1A,0.03481056451612971
SFN,-0.8078841129032256
FLJ40473,0.33221016129032227
EIF3D,0.07217862903225816
AKR1B1,0.4286756451612903
YWHAE,0.5771250806451611
SCML2,0.07369266129032262
THUMPD1,0.17166693548387119
LOC654342,-0.20025766129032246
ZMYM2,-0.252427983870967
S100A7A,0.0018890322580648413
GPANK1,0.488342419354839
C17orf62,0.7287153225806448
CYP1B1,1.1128887096774198
ELOF1,0.9707865322580643
TPM1,-0.28711822580645113
FASTK,0.29540959677419354
CCDC130,1.1208911290322578
METAP2,0.23868959677419388
GUK1,0.06279508064516146
BCL2,0.25482790322580656
ADAM28,0.06762604838709745
GTF2A2,0.4601166129032256
PSMC2,0.08217532258064555
BSDC1,0.2522029032258067
TRAPPC2B///TRAPPC2,-0.2772272580645154
GCAT,-0.02989604838709632
LOC727737///ATG4B,0.0893841129032259
ARHGAP1,0.34469290322580615
HEIH///LINC00847,0.534309919354839
NCBP2,0.19289137096774217
ENDOD1,0.1510704032258063
ASUN,0.40748177419354853
GGNBP2,0.07780298387096807
GLYATL1,-0.1475501612903225
CSE1L,-0.13076758064516122
FLJ13769,-0.10259540322580646
AKT1S1,0.12480887096774229
C17orf89,0.2888945161290325
ZNF600///ZNF611,-0.04929612903225772
SLC39A14,0.07973427419354875
TOMM70,0.44548403225806465
LOC283731,-0.04632346774193484
TRIM39-RPP21///RPP21,0.2691687903225807
UXT,0.4419980645161289
PABPC1L,0.3139415322580649
C19orf12,0.07670903225806441
OXR1,-0.07090612903225774
PPCS,-0.014488145161290104
THAP5,-0.06319935483870925
MTMR14,-0.23273975806451536
SF3A1,0.6209116129032254
FLOT1,0.7827787096774188
MPC2,0.01609411290322582
LOC100133459///NBPF10///NBPF8///AE01///NBPF9///NBPF15///NBPF11///NBPF12///NBPF3///NBPF1///NBPF14,-0.20167701612903177
STXBP3,0.27470153225806465
IL13RA1,0.13187814516129023
ATP5H,-0.006940080645161007
MIR210HG,0.7696845161290319
TRIM33,0.5214254032258064
KCMF1,0.37668822580645167
WIPF2,0.005570967741935782
MRPL45,-0.3359020161290316
ZNF451,0.5693558870967739
TCAF1,0.07540201612903245
NFE2L1,0.7966222580645159
ITSN2,0.4565778225806455
PNMA1,-0.04852903225806403
UHRF2,0.4320296774193551
TDP2,0.020727258064516287
ALKBH4,-0.006595645161290228
ZNF148,0.1657356451612905
PAK2,0.7160705645161292
SAMD4A,0.8326644354838706
SPCS1,0.13069016129032276
CBR4,0.37456387096774185
CCT6A,-0.09089782258064487
TSC2,-0.10837491935483831
WDR75,0.10161387096774238
CFAP20,0.2747973387096773
SPAG7,0.4439200000000001
GAGE12D///GAGE8///GAGE12F///GAGE2A///GAGE12H///GAGE12E///GAGE12B///GAGE12C///GAGE2D///GAGE12G///GAGE2B///GAGE2E///GAGE12I///GAGE7///GAGE6///GAGE5///GAGE4///GAGE3///GAGE2C,-0.005583467741934578
TMEM182,-0.10615556451612898
SELK,0.19222854838709696
NDUFV1,0.8862933870967737
PCNP,0.2784075000000002
SMNDC1,0.49819814516129046
ABHD2,0.36312879032258083
USO1,-0.18207459677419346
SS18///SSX1,0.09647653225806521
CCNB1IP1,0.46145798387096776
WDR45B,0.3458430645161292
LUC7L2,0.07394766129032287
NADK2,-0.07878814516129033
SPOCK1,0.3731159677419357
STK26,0.20077685483870944
NKAP,0.6555504032258065
GLTP,0.5720448387096774
DHFR,-0.002161129032257521
ARFGAP3,0.06305370967741997
BLOC1S6,0.07745927419354863
PNN,-0.054622419354838636
SMC5,-0.12702564516128986
DIS3,0.018317661290322737
BTN3A2,0.08918580645161321
TIGD7,0.053669274193549096
YTHDF3,0.7439886290322582
RASSF1,0.04274387096774218
RITA1,0.3171176612903226
EBNA1BP2,0.15465056451612935
ZRSR2///ZRSR1,0.09612919354838721
PDK1,-0.08262556451612857
ACAT2,-0.10063588709677385
IST1,0.7638008870967742
HMBOX1,-0.13804032258064464
PRELID1,0.5778837903225806
ZCCHC7,0.3061756451612905
LTA4H,-0.01759395161290333
MKRN1,1.1184146774193542
CYSTM1,0.3402877419354837
CLECL1,-0.08932693548387027
PPHLN1,0.5236465322580646
ZMAT3,-0.001603548387096856
CYP17A1,0.015877096774193803
LOC100134401,0.2249663709677419
P4HA2,0.29519798387096774
TBL1X,-0.1392248387096766
KIF13B,0.18347798387096803
NCK1,0.2808401612903235
ITM2C,0.10611943548387126
FAM35A,-0.2755304838709677
ATF2,0.174343548387097
PCMTD1,0.19594298387096803
SUCO,0.29855056451612944
POSTN,-0.12265491935483824
CAPN2,-0.11773758064516085
ROMO1,0.2603307258064515
MED14,0.24424951612903245
PTPRE,-0.02752298387096756
SMC3,0.05848991935483903
RPL3P7///RPL3,0.0020900806451615104
TINF2,0.09033056451612895
FOLH1B,-0.041605080645160754
TAZ,-0.04106620967741933
KLF6,0.18465516129032278
MAPK14,0.3817268548387094
LRP12,0.24045008064516138
KLHL2,-0.011765080645160936
AMOTL2,0.8951183870967745
MRPL18,0.10421685483871006
NCLN,-0.06223717741935474
TM9SF3,0.052979838709677374
RAD17,0.17964782258064552
GALNT15,0.4417560483870972
PLAUR,0.1760658870967745
DNAJB14,0.0066394354838711644
PAIP1,-0.008636935483870354
SLC37A3,-0.019591532258064256
TCTN2,0.7865083064516124
COL5A2,0.047686612903226004
RPL7AP11///RPL7AP36///RPL7AP70///RPL7AP62///RPL7AP30///RPL7AP53///RPL7AP66///RPL7A,0.354380564516129
BICD2,0.14962241935483886
TMX1,-0.08326532258064474
KAT8,0.051939435483870644
HN1L,0.3144654032258067
HDAC10,0.013771129032258684
LARP7,-0.1332010483870965
POLR2G,0.7210724999999995
CHST6,0.7106096774193548
TRIM36,-0.03375975806451597
FTO,0.03783524193548418
CERS5,0.471615
KLK4,-0.19888693548387
PPT1,0.4927995967741937
ZNF829,-0.01228572580645082
RAF1,0.34531677419354817
LOC101927490,0.016419032258065167
SCML2///SCML1,0.3655080645161293
TVP23C///TVP23B,-0.11087258064516067
DIO2,0.2595000000000004
THOC7,0.11544177419354824
NXPH4,0.7994234677419352
SLC35E2B///SLC35E2,0.27368193548387104
DPYSL3,0.47471104838709705
ZCRB1,0.12145838709677464
CDON,0.2870954838709674
SIGMAR1///SNU13,0.43639411290322583
CWC22,0.02190427419354877
SH3YL1,0.37594564516129014
SLIRP,0.2022901612903228
SNRPB2,-0.03132774193548399
POFUT1,0.3548987903225807
BUB3,1.066382580645161
UBAP2,0.35131862903225813
MTIF3,0.022161209677419868
SDHD,-0.028282903225806427
VPS53,-0.2245304032258061
DDX18,-0.2634423387096769
NXT2,0.1891870967741937
LOC286437,0.2842317741935489
ESF1,0.5076695161290321
S100B,0.6722850806451608
KIAA1191,0.6726310483870972
RYK,0.05593975806451666
ARFGEF1,0.026848306451612878
LAMTOR5,0.2054172580645165
UROD,0.7407168548387097
FDPS,0.2700449193548387
PNRC2,-0.07057556451612869
LMO7,0.07262314516129052
NME2///NME1,0.04016798387096843
GNL2,0.21510717741935484
YPEL5,0.4313725806451613
PAIP2,-0.15623604838709618
C16orf52,0.23298588709677437
SMG1P1///SMG1P5///BOLA2///SMG1P2///NPIPB4///SMG1,0.11626806451612919
ZNF554,0.002591290322581416
MAP3K2,-0.07785991935483842
NDUFB9,0.17359701612903244
LOC284600,-0.0194515322580643
PRELID3B,0.011649274193548706
FBXL3,-0.15167879032258016
COPRS,0.47909669354838724
HHIPL2,0.6205169354838702
MORC4,0.30073991935483885
ARFGEF2,0.45433435483870943
SLC16A1,0.3549303225806458
PTPRD,-0.13062016129032267
UFM1,0.13133943548387106
PKD1,0.6024682258064513
FAM20B,0.2506356451612904
SMAD5,0.3635168548387101
FEM1A,0.11454782258064516
CYB5B,0.7260175806451614
MAVS,0.5100136290322579
FNTA,-0.05644330645161259
TBL2,0.5635966935483875
TBC1D22A,0.40903290322580677
PHPT1,0.7763586290322574
GARS,0.30899137096774215
EIF3A,-0.02711322580645093
PDIA6,0.4752831451612902
TCEB2,0.23159443548387143
PCSK7,0.00042677419354891777
GALNT11,0.21026024193548404
LOC728522///HNRNPA3///HNRNPA3P1,0.015458951612903775
LRRC37A2,-0.02219080645161217
CDC42BPA,0.04273209677419379
INPPL1,0.9324097580645159
RAB11FIP5,0.29084766129032286
NDUFA13,0.4105983064516126
SMAD9,0.6468270161290325
EPB41L2,0.4084846774193549
UBE3A,0.29215056451612903
UBE2Q2,0.13062750000000067
FASTKD5,0.4154159677419356
PSMD10,0.15708991935483885
CRNDE,0.5177695161290323
RBFOX2,-0.09765451612903164
COMMD6,-0.014853870967741725
RXRA,0.43566451612903234
PPP1R8,0.26086919354838756
KYAT3,0.07107669354838757
DFFA,0.07104725806451642
DKFZP586B0319,0.08412209677419413
MGC12488,-0.04983790322580625
IL1R1,0.09866153225806479
ASH1L,0.2165237096774193
SLC38A6,0.5123404032258064
SIPA1L3,0.4435999193548382
AAED1,0.17353862903225836
DDX17,-0.09873943548387085
CYP27C1,0.19131250000000044
RRP1B,0.16737483870967804
ANXA4,0.4118849193548392
CSGALNACT2,0.05785798387096844
ALKBH5,0.333504596774193
RNF146,-0.3485922580645163
RSRP1,-0.15327330645161225
CRBN,0.25685072580645196
TRO,0.05964483870967731
MCFD2,-0.11021016129032224
H2AFY,0.4642320967741935
DNAJA1,0.014628467741935727
CNRIP1,-0.17318104838709675
DYNC1I2,0.2768479838709676
ZNF503,0.564701129032258
ANAPC13,0.4898141935483872
STX8,0.26295838709677444
WDR59,-0.4018270967741936
LRRC8A,0.2610879838709678
ACTR2,0.026656048387096738
NEK7,0.07885822580645223
LOC100129104,0.042040000000000244
ANKRA2,-0.08148274193548347
NPC1,0.4150401612903228
ABCD3,0.10659145161290356
NDUFB6,0.36821064516129065
C2CD5,0.4033274193548388
MTR,0.1181143548387098
DCDC2,0.09794491935483898
CASKIN1,0.14282362903225845
IKBKAP,0.5976610483870972
ABCC1,0.30636338709677496
ANKRD17,0.20371145161290366
ADPGK,0.5735569354838709
RPL23AP32,0.06548266129032267
FAM50A,0.07425233870967776
LUC7L,0.4193012903225811
PET100,-0.0940652419354832
COX11,0.5307002419354835
LOX,0.2047769354838711
NFX1,-0.1058400806451609
PGGHG,0.15119451612903223
GALNT1,0.4575204032258062
ADD3,0.016608790322581314
SPG11,-0.13885282258064519
EPRS,-0.1784607258064515
ARMC1,0.12457846774193562
TMEM261,0.8433152419354839
GINS3,0.13794588709677466
CACYBP,0.03586701612903269
TAB3,-0.26729645161290266
RNASET2,0.03547290322580671
PHIP,-0.12598661290322577
DDX1,-0.13661298387096737
LOC285074,0.08803411290322646
BBX,-0.039612741935483364
POU5F1B///POU5F1,0.4250936290322582
DNAJB6,0.21811911290322616
UBE2G2,-0.1641759677419349
SSBP3-AS1,-0.0911899193548382
AIG1,0.03757935483870997
SLC30A5,-0.044069274193547656
SEPT5///GP1BB,0.22344717741935544
SYNJ2BP,0.1311464516129029
ASMTL-AS1,-0.02456919354838659
RB1CC1,0.004080080645161432
ACAA1,-0.5029420967741933
ANKRD11,0.11516346774193591
COX16,0.6982923387096772
SLC25A26,0.13284572580645165
DUX4L2///DUX4L3///DUX4L5///DUX4L6///DUX4L7///DUX4L1,-0.10564991935483814
SRP72,0.2985716129032257
ZSWIM8,0.5077425806451613
FGF5,-0.19819499999999945
ANTXR1,0.2828749193548389
HPR///HP,-0.07869693548387062
KRCC1,0.03135088709677441
PSMG1,0.0015171774193553506
ANP32A-IT1,-0.15913516129032262
SIPA1L2,-0.12061370967741943
RRM1,0.22193266129032266
NIPSNAP1,-0.37364927419354765
MSH2,-0.004329193548386824
PSMD7,0.6090635483870965
SUCLG2,0.04426879032258085
MYDGF,0.4074615322580645
LOC100131941,0.021830725806451942
PHF11,0.05019056451612906
DHX29,-0.027735645161290207
CCND1,0.5965731451612907
CAMLG,0.042853225806452136
SRSF11,0.27611346774193524
ALG12,-0.0038362903225801492
ARPC5L,0.20767137096774213
LOC340085,-0.24527411290322587
PPP6R2,0.2967847580645167
TXNDC15,-0.005862822580645015
TMEM258,0.16525758064516166
CBLB,0.15134096774193548
MRPS11,-0.16778870967741877
DGUOK,0.4884567741935484
LIMCH1,0.16336758064516155
FILIP1,-0.1026945967741931
MAOB,0.8657270967741935
PROM2,0.07582193548387162
MGLL,-0.0037639516129030215
KDM4C,0.030185725806451756
YAP1,0.38206177419354853
TOR1AIP1,0.4828477419354842
AVL9,-0.15292846774193544
PPP1R12C,0.2843720967741939
MUT,0.18603830645161343
LONP2,-0.1279070161290316
AP5S1,0.07715572580645186
ATG9A,-0.7685608870967735
VSTM4,0.001465725806451307
CA11,0.37993774193548413
SIL1,0.7454389516129029
FZD8,0.8016528225806449
COPS2,0.5929112096774195
GNAI3,0.46994887096774185
DAZAP1,0.8226129838709684
ZNF230,-0.07834427419354786
SF3B6,0.10611314516129022
POLR1D,0.6714664516129031
CFAP97,0.4911848387096772
SH3BGRL,0.2705968548387098
PRKXP1,0.08953096774193611
ARHGEF26,-0.09249096774193487
PER3,0.21777185483870962
RPL36A,-0.01708120967741867
FAM160B2,0.6582888709677415
ARHGEF40,0.06812193548387149
MBP,0.5286384677419356
GTF2H2C///GTF2H2B///GTF2H2,0.0051012096774193955
WDR90,0.08694112903225787
WBP4,-0.006726129032257848
JADE1,0.3981797580645163
CAP1,0.39538798387096774
RBM17,0.2217385483870972
EIF1AX,0.4236847580645163
ERGIC2,0.007260725806451803
MYLK3,-0.029120967741934782
ITGAV,0.007921774193548583
PPP2CA,0.34724129032258094
HEATR6,0.7790932258064511
LGMN,0.39474016129032247
ZNF268,0.1447586290322581
NIPSNAP3A,0.0325350806451615
SYT7,-0.057839677419354515
TGFB1I1,0.8060318548387091
TIMM8B,-0.00030298387096777506
TRAC///TRAJ17///TRAV20///TRD///TRA,-0.04008629032257986
BIVM,-0.03954685483870934
IGBP1,0.39013290322580646
TAF15,-0.047684112903225426
TRMT11,0.10272580645161326
PSME4,0.3265480645161295
APMAP,0.6420467741935482
SRGAP3,-0.19969483870967686
SEMA3C,0.09849572580645204
SERF1B///SERF1A,0.002617177419355285
LIMA1,0.15501403225806487
GSTO1,0.06517717741935516
SLAIN2,0.06905540322580668
IBTK,-0.083171209677419
SOX8,0.43545580645161286
MBNL2,-0.03545435483870924
XIAP,-0.43725370967741894
MANF,0.7372283064516129
KIAA0506,-0.053113064516128974
LTV1,0.018268467741936013
NOA1,-0.026384596774192835
RUNX3,1.0165466129032252
RING1,0.017277258064516555
KIDINS220,0.2967377419354841
MDFIC,0.18510338709677443
GRTP1,-0.05737943548387062
ANXA11,0.4069809677419357
ARAF,0.5804258870967746
ZFP36L1,0.33713056451612927
ARIH1,0.05360725806451602
CFAP70,-0.15723112903225783
ZCCHC8,0.07997346774193542
ZNF131,0.4476376612903227
CMTM7,0.05170717741935531
ZFP14,-0.22506645161290267
LRRN2,-0.024301935483870378
GRN,0.2064743548387103
EPAS1,0.1000971774193551
ZFP36L2,0.17030822580645208
CPQ,-0.39767927419354804
NUP58,-0.1766354838709678
COX6B1,0.03415516129032279
TNFRSF11B,0.3148327419354842
SMAD3,0.6489734677419358
RNPC3,0.04533104838709693
ANKRD28,-0.05663766129032227
PCDH15,-0.054092016129032
HTRA2,0.4721575806451611
LAPTM4B,0.4217329838709681
AKAP9,-0.022563467741935253
WDR82,0.17729693548387104
LINC00493,0.2282015322580644
TNS1,-0.08535806451612851
COPS5,0.06314911290322571
PRKCDBP,-0.03577379032258059
FBXO2,0.8161818548387095
SHTN1,0.16947064516129065
RASAL2,-0.04044911290322523
WBP11,0.6438732258064519
WHSC1L1,0.02403959677419404
TAOK1,-0.0600542741935481
SNAP23,0.34156314516129027
SMCR5,-0.002473306451612524
DIP2C,0.12160669354838755
RAB8A,0.11518467741935501
ZDHHC16,0.02952814516129032
NBAS,-0.031462096774193066
GLMP,-0.294587741935484
MANBA,0.2715133870967741
IDH2,1.0260979032258064
FAM43B,0.08836451612903283
CHMP3,0.16107564516129072
TUBB6,0.1730740322580651
FASTKD1,0.4243266129032258
ARHGAP35,-0.026566209677419295
TAF11,0.3861033870967743
TIMM8A,-0.617690241935483
ANKRD65,-0.14467435483870908
MPI,-0.0894119354838705
FBXO7,0.20031298387096777
ZNF90,0.004742983870967674
TMEM181,0.12605612903225874
FKBP10,0.7744319354838705
KIAA1656,-0.15664443548387103
TGM2,0.09679911290322588
MRPS5,0.19478677419354853
FUCA2,0.500078790322581
TMEM14B,0.06987766129032283
ZFHX4-AS1,0.13540112903225857
GALNT6,-0.08665661290322495
STEAP3,0.6191766129032251
TLCD2,0.1174650806451617
MMP3,0.30902637096774194
IL21R-AS1,-0.08638588709677389
ARMC10,-0.019016774193548386
MRPS15,0.4651978225806451
FNDC1,0.6159049193548387
NCOA6,0.30412064516129067
C19orf53,0.30450806451612916
LEPROT///LEPR,0.4112771774193555
TCEB1,0.30716241935483896
PPP1R15B,-0.019248790322580346
SLC38A1,0.7589622580645163
INGX,-0.0302510483870962
PREPL,0.11974580645161312
MPZL1,0.2635440322580653
OGFRL1,0.41006806451612904
JUN,0.15057814516129098
ST13,0.9598337903225802
GTF2IRD2,0.7779677419354833
EOGT,0.02643072580645225
SLC38A2,-0.02934653225806449
EMSY,-0.13831935483870902
ADIRF,0.42010016129032274
MRPL32,0.13040588709677445
IQCA1,0.008825241935484514
CSMD2-AS1,-0.002710241935483179
TMEM57,0.03581798387096862
AKT3,0.1895637903225809
PIAS1,0.1653974193548391
NOL3,0.4164383064516126
LOC100133581,0.00517516129032285
PTPN9,0.5475304032258067
PMS1,-0.10303983870967738
LINC00824,-0.12010217741935442
SOX6///C11orf58,0.19934645161290354
HGS,0.057724677419355004
TBC1D23,0.1897763709677421
EIF2D,0.33305233870967765
ATRAID,0.3446412903225808
WNK1,-0.06326741935483876
RMDN2,-0.03977217741935399
NPAS3,0.26874903225806446
ANKRD9,0.6812154032258062
TMEM248,1.1556994354838697
EXOSC8,0.10411766129032288
RPS10P5,0.2387078225806452
FAM53C,0.20177306451612886
NDUFB5,0.4115366129032261
NAA50,-0.052623709677419056
NOL7,-0.03024185483870934
RABL2A///RABL2B,0.16719693548387118
PRMT2,-0.026959677419354157
AKIRIN1,0.47880338709677395
DYSF,0.11169556451613011
PPP1CA,0.1821656451612907
CACNG4,0.06724967741935525
TRIP12,0.07791443548387116
MICU2,0.21929911290322568
ZCCHC17,0.2783879032258062
FAHD2A,0.0459606451612908
SLC16A3,0.28750637096774234
BIRC6,-0.030171129032257497
SFT2D1,0.41871951612903235
UBE2A,0.270233467741936
ZNF622,-0.19192999999999977
POU2F3,0.07625588709677449
RPL29P11///RPL29P4///RPL29,0.1812053225806454
PLK3,0.1688727419354842
DENND5B,0.021126854838709994
EMC2,-0.49381983870967705
ROBO3,0.46182596774193574
SIAH1,-0.12292338709677422
HTR7,0.021978548387097015
PMPCB,0.4160425000000005
S100A1,0.3182641935483871
ADAMTS10,-0.05968475806451611
THADA,-0.04553862903225769
MAPRE1,0.18813491935483923
EFS,1.1199952419354835
CD276,0.001513548387096858
FBXO11,0.4046602419354839
ITPR3,0.922649516129032
RBL2,0.20918209677419375
SPAG16,0.19682903225806486
GGPS1,0.25886387096774166
TANK,-0.11328274193548335
FAM3C,0.4285758870967744
FAM21D///FAM21A///FAM21C,0.3356306451612902
ABLIM3,0.2850270967741937
MYL6B,0.6383933870967742
CASP4,0.06449024193548411
KIAA1429,-0.1404237903225802
TTC17,-0.05182774193548355
GLRX,0.06277443548387111
CSNK2A2,0.39398967741935537
ITFG1,0.2978098387096774
SLC23A2,0.03590120967741987
JAGN1,0.20085927419354874
NUPR1,0.10763612903225814
PELI1,0.06188733870967783
CCAR1,0.10262854838709726
PLCD3,0.6698241129032259
GNG11,0.07348806451612919
GTF2H2C_2///GTF2H2C///GTF2H2B///GTF2H2,0.04615217741935512
ESYT1,0.5294968548387099
KANSL1,0.3816468548387099
TAX1BP1,-0.03168032258064468
ZNF486,-0.07453903225806416
FLJ35934,-0.10505733870967696
RTCB,0.17453427419354886
RBM12///CPNE1,-0.10698354838709634
HSPA4,0.027445322580645366
NANS,0.13205806451612934
ZFHX3,0.04120983870967792
POLR2B,0.13395201612903224
EXOSC6,0.18731661290322604
SNRPD1,0.3099895161290322
SOCS6,0.011833548387097223
POLR3C,0.07769379032258114
PUM1,0.14064451612903245
SRCIN1,0.24055112903225837
SMURF2,-0.12188387096774107
C6orf50,-0.0581824193548388
VTA1,0.15953879032258095
ATP9A,0.4750149999999995
BAG5,0.07095096774193549
FAM3A,0.09767362903225801
METTL10,0.055109193548387794
MTHFD1,0.05255629032258108
LINC00673,0.10740346774193549
MRPL42,0.3149045967741934
SEMA4C,0.884616532258064
SRSF8,-0.041398790322580134
SEPP1,0.23790153225806487
SLPI,0.34934685483870986
ALCAM,-0.0889006451612898
PCYOX1,-0.052608790322580395
LOC100129436,-0.1901002419354833
MTMR2,0.0030942741935483555
SIAE,-0.1624430645161284
FAM103A1,-0.022686935483870522
MELTF,0.022007741935484187
C11orf58,0.022878467741935964
RNGTT,0.032358870967742065
PLA2G4A,0.28679016129032286
PFKP,0.11143322580645174
NAV2,0.10088991935483899
DHX57,-0.4993750806451614
EIF2S1,0.06689016129032292
BMS1P20///NCAPD2///FADS1,0.2083307258064519
RUFY1,0.820057338709677
CENPB,0.6966984677419357
ADAM3A,-0.2225456451612893
BNIP2,0.18069669354838724
REEP3,-0.11054548387096726
LAMTOR1,0.4247260483870964
CLUAP1,-0.12380338709677377
SLC5A12,-0.03221556451612831
PANK2,0.45806838709677444
VAMP3,0.26289451612903214
BOD1,-0.05230766129032206
ANKRD36B,-0.11076790322580612
ZNF876P,-0.03593854838709605
DEFA1B///DEFA3///DEFA1,-0.033524193548386795
GRINA,-0.21530733870967722
ZNF843,0.19866048387096769
BAZ2B,-0.08173088709677419
PRKAR1A,0.26537274193548405
CTSD,0.7171186290322581
SH3KBP1,-0.04512282258064463
EIF1AXP1///EIF1AX,0.1517310483870974
JMJD1C,0.2359562096774198
COX6A1,0.01818951612903219
SRRM1,0.56536814516129
PLSCR4,0.044675403225806584
AKR1E2,-0.22128088709677382
FRG1JP///FRG1,-0.021977016129031884
ADD1,0.8461979838709668
PPP2CB,0.4326178225806454
STUB1,0.4587297580645162
METTL14,0.1649436290322583
GOLPH3,0.2934524193548386
SERPINB1,0.6193034677419353
AKR1A1,0.3902408870967745
TMCO1,0.2873328225806452
DDX50,0.37841120967741965
ATP2A2,-0.030506693548386393
PKIG,0.27893169354838776
SEC24D,0.044817016129033
TIMM44,0.007094596774193877
CD58,0.12417620967741955
ZNRD1ASP,-0.12842088709677357
SCP2,0.007762661290323207
DYNC2LI1,0.021260645161290517
SAR1A,0.1954187903225808
TLX1NB,-0.4000713709677416
CD84,-0.09200362903225794
CDC42SE1,0.7367341935483872
SPTLC3,0.08523161290322635
GALNT2,0.13210717741935513
BRD4,-0.13091685483870902
PEBP1,0.05908733870967768
MTOR,-0.1464191129032252
STK3,0.09696838709677431
CBX1,0.4962298387096773
GADD45A,0.06317556451612927
NUP43,0.5201319354838712
TPP1,0.5563838709677421
BICDL1,-0.19842733870967647
PLRG1,0.5635148387096772
DCAF6,0.18793185483871033
DOLK,0.29102903225806454
ZC3H7A,0.13880241935483859
COL15A1,0.11504451612903199
MMP13,0.10126330645161326
LINC00663,0.1901661290322589
ARF1,0.18323822580645155
NRDC,0.0052416129032255634
CWC15,0.07166491935483893
KIAA0391///PSMA6,0.4206655645161288
MRPL58,0.413458951612903
MAN2B2,-0.21307983870967706
POTEF///POTEE///POTEKP///ACTB,-0.10652475806451567
GOSR1,0.37343500000000024
HOOK2,0.08395266129032308
AGPAT4,-7.298387096749126e-05
SNAPC3,-0.038598225806451246
RTN4IP1,-0.018817580645161095
SLC22A17,0.6821920161290321
HSPA9,0.025462741935484156
YEATS4,0.040378548387097195
PPA1,0.06646241935483899
DNAJC19,0.24957943548387107
NDRG2,0.18873725806451608
TRIM11,0.7418932258064517
NFATC2IP,0.13628596774193527
C14orf132,0.001322177419355041
SLC6A15,-0.06567008064516079
KLHL42,0.11678370967741966
SCPEP1,-0.2551785483870965
MAGEF1,0.21566088709677428
MMAB,0.14355459677419322
CHORDC1,-0.040293306451612804
DPY19L3,0.1024239516129033
TMEM212,0.002335645161290617
C17orf58,0.06488693548387114
C7orf49,-0.04663758064516091
GBP1,-0.06938177419354803
TTLL3,-0.18944193548387014
ZDHHC8,1.0170691935483867
CLINT1,0.20756104838709716
RBBP5,-0.05804701612903174
PVR,-0.03002774193548345
SDHAP3///SDHAP1///SDHA,-0.11405999999999947
DHTKD1,0.03938096774193571
MRPS22,0.03292411290322635
STAG1,-0.2959487096774192
APRT,0.04863314516129055
NMRK1,0.23516782258064567
GNA12,0.46025854838709723
EIF2A,0.26474008064516136
MSH3,-0.07293516129032256
MTHFD2,0.08981266129032275
CEBPE,-0.13210580645161263
KDM2A,0.1946611290322584
GTPBP6,0.570513225806452
MRPS33,0.4649508064516133
KAT14,-0.12021951612903169
CCSER2,-0.009710483870966926
MATN2,0.41591491935483815
MCUR1,-0.010917177419354522
ATP11B,0.28308637096774236
PERP,-0.017285806451612568
TIAL1,0.06725233870967745
NCKIPSD,0.3997980645161295
IBSP,0.11540903225806513
SERINC3,-0.05851830645161261
PSMD6,0.043235725806451575
KIF13A,0.09517298387096798
GTF2F2,-0.06922967741935446
BRD7,-0.06807862903225784
TXNL4A,0.6331157258064516
MTRF1L,0.006315080645161725
SMIM15,-0.17698306451612847
PSPH,0.44484354838709683
LOC732160///NDUFA10,0.10508209677419367
LDHB,0.003543064516129466
PDCD7,0.1895228225806451
IKBKB,0.3619167741935481
GGCT,0.08241669354838703
KCND3,-0.22995016129032225
PSMB6,0.44005193548387106
DEXI,0.9255673387096772
LGALS8,-0.020342258064515818
AMBP,-0.03861814516128992
STARD7,0.5032473387096773
PRPS2,0.6953117741935488
POLR1B,-0.07275153225806426
VTI1A,0.2806676612903228
ATP13A1,-0.20348274193548277
LOC102723648,0.03496225806451643
DCLRE1C,-0.11306701612903194
A4GALT,0.16401274193548418
KCTD3,0.058346451612903374
LOC100128402,-0.0026046774193542455
ARMCX1,0.23307290322580695
CHCHD1,0.13504201612903233
RAP1GDS1,0.11485064516129051
PLOD3,0.5128257258064517
CASC4,0.3280461290322582
ZAK,0.22347758064516188
FBXW4,0.49721701612903235
GNL3L,-0.10488483870967673
WDFY2,-0.09199766129032219
ARID4B,-0.07185483870967696
PTTG1,0.6658126612903226
CDC25B,0.44855016129032277
MEF2D,0.6051299193548386
EDIL3,0.012394435483871284
FAM177A1,0.29622572580645185
TRIM56,0.07081443548387167
HAUS1,0.10180435483871009
MCOLN3,-0.11819314516128991
GTF2IRD1,-0.022011935483870686
SLC35B3,0.09435209677419386
DHCR7,0.46548774193548415
CAMK1D,0.6410032258064517
RRM2B,-0.09486290322580623
NF1,-0.14436637096774144
LINC00998,0.1440637903225808
CYB5R1,-0.060461451612903276
MRPL36,0.17596983870967775
PIGP,0.26120120967741944
DHX9,0.21438854838709695
CTSL,0.12782806451612908
SLC2A10,0.24760008064516137
ARHGAP33,0.07905233870967764
PITPNB,0.08062370967741929
DCAF16,0.010300161290323132
GLIPR1,-0.005893145161290046
FXYD5,0.25477725806451595
P3H4,0.18496161290322566
C1QTNF3///AMACR,0.296191935483871
PLEKHF2,-0.04324822580645081
RPL7AP11///RPL7AP36///RPL7AP62///RPL7AP30///RPL7AP53///RPL7AP66///RPL7A,0.05428500000000053
WWC3,-0.0037593548387092265
PPP4R2,0.1997176612903224
C6orf120,-0.13466548387096744
PIGX,-0.06722467741935474
MAGEA12,-0.03816209677419337
NDUFAF7,-0.030098467741934892
CERK,0.22748048387096792
RPL39L,0.8487921774193549
C11orf31,0.002031693548387501
APH1A,0.2231918548387098
SVEP1,-0.02623838709677387
ILF2,0.18223322580645224
HECTD2,0.12932145161290365
BRD8,0.28186403225806456
DNAJB9,0.42421427419354846
TDG,-0.16737120967741928
NIFK-AS1,0.029514758064516186
SF3A2,0.9147128225806445
RBM41,-0.14428540322580607
KLHL23,0.11601814516129087
CDK2AP2,0.1281025000000004
CDC16,0.5355761290322582
PFDN4,0.019637903225806802
ZNF665,-0.08848782258064462
TMEM55A,0.15171064516129054
MBD2,-0.041885241935483306
KDM4B,-0.1269698387096767
RAP1A,0.2772305645161297
PRB3,-0.28216524193548337
TRAF3,0.15908024193548448
HEY1,-0.26904903225806404
YY1,0.16940467741935542
TJP1,0.01830983870967745
DDX39B,-0.03945758064516077
TPGS2,0.37612282258064506
WDR41,0.08237524193548351
AKAP17A,0.13425169354838756
FOXJ3,0.39323129032258114
MRPL43,0.19763524193548376
LOC100131507,-0.053029193548386436
TMEM214,0.6407834677419351
AKT2,0.5353545161290315
CTSF,0.45910572580645137
C10orf10,0.09320435483871013
PDXDC2P///PDXDC1,0.0007800000000001972
CRIP1,0.1579804032258069
ZDHHC2,0.27817887096774196
DAG1,0.6655912903225807
NPTN-IT1,0.1587145967741938
SLC17A1,-0.029546935483870797
ALOXE3,-0.20783604838709613
PIN1,0.0639526612903234
C14orf37,-0.12531532258064484
SULT1A4///SULT1A3,0.4070224193548389
PSMG4,0.4306480645161292
LOC728866///MAGT1,0.18401959677419372
SMIM3,0.4299424999999997
SNRPC,0.07327112903225841
LPAR4,-0.20168475806451583
SAMD9,-0.12644846774193474
AARS,0.4870791129032257
ACOT13,-0.31009629032258035
SCEL,-0.13036112903225772
TBATA,0.03624064516129075
ANXA7,0.08316790322580668
NPIPB5///NPIPB6///SMG1P1///NPIPB7///NPIPB15///NPIPB3,-0.033899435483869936
CREB3,0.08089798387096796
WLS,0.24311403225806466
HOXB7,0.044014516129032295
GNS,0.8488943548387095
SNRNP35,-0.07048790322580631
RGS3,0.46978733870967737
ODF2L,-0.09566379032258047
ZNF440,-0.08338346774193502
STC2,0.5205656451612899
TADA2A,-0.06055774193548348
VPS33A,-0.07127709677419301
NSMCE1,0.1102415322580648
FKBP3,0.034993629032258416
METTL9,0.21211887096774235
KIAA1143,0.10231000000000055
MIR21///VMP1,0.28904403225806446
DHX15,0.16010661290322636
COX6B2,-0.04363451612903169
HMGN3,0.41785806451612895
KCTD4,0.13202870967741986
RARS2,-0.14459266129032203
NSRP1,-0.10935088709677379
YEATS2,-0.021851451612902664
CAND1,0.22317330645161335
PCF11,0.02414185483870986
HERC1,0.48359120967741925
MRM2,0.19313250000000043
MAX,0.7468741935483871
RAP1GAP2,-0.10865879032258012
SPOP,-0.30964395161290326
TMEM43,0.06446661290322614
ARHGAP30,0.03437669354838762
PPP2R5C,-0.03976943548387056
CCNG2,-0.04107072580645145
SPTBN1,0.4043025806451613
ZNF625,0.037154516129032686
CCNB2,0.0034420967741937633
TYW3,-0.32329814516129046
ZNF521,0.07941669354838779
RNPS1,0.17305040322580695
RAE1,0.46585975806451585
EBAG9,0.2281642741935485
TRPC4AP,0.772220403225806
LATS2,0.528114435483871
NHP2,0.30364814516129046
ZNF24,0.15720564516129032
LINC01550,0.003518387096774478
CYB5D2,0.4080579838709675
STK35,0.0851057258064517
KIAA0907,0.1606041935483874
LOC729580,-0.21084145161290313
HM13,-0.06456177419354828
SENP6,-0.07463129032258012
ZNF169,-0.08469201612903178
LRRFIP2,-0.4296387903225805
C2orf74,-0.14508145161290265
GON4L,-0.21182499999999946
HERPUD2,0.11373604838709699
C8orf88,0.14309911290322588
C19orf52,0.10092741935483865
SERINC1,0.054043387096774656
BNC2,1.0410265322580643
UBP1,0.3051854838709679
RAB4A,0.36830491935483894
GLYR1///SEPT6,0.24221314516129078
BTAF1,0.2762779838709677
CUL3,0.597908387096774
AXL,-0.10067596774193505
GFPT1,0.19680903225806456
RNF139,0.0024838709677423854
TUBB2B,0.40139814516129046
CEBPZ,-0.10577443548387092
ATP11A,-0.03238862903225752
TAMM41,0.06468911290322585
LTBP1,0.38971919354838747
LHFPL2,-0.008827258064516168
CAT,0.07354580645161343
XRN1,-0.3203612096774189
GPX1,0.7071241935483871
COG1,0.9930073387096776
SUCLG1,-0.26078604838709596
CCNH,-0.10289314516129008
MKNK1,0.08661120967741961
CD24,0.043651774193548855
RAB23,-0.2609176612903221
PDZD11,-0.30034733870967734
GNAQ,0.04409895161290331
SLC43A3,0.780872177419355
KIAA0492,-0.13137016129032214
WISP3,0.0707124999999998
DBF4B,-0.187188387096774
ZNF462,0.3209204032258069
SBF2,0.03472362903225844
PEX1,0.21950629032258093
MYCT1,-0.0740489516129026
TSPYL2,0.5196470967741939
MGST3,0.05215782258064573
NOL10,0.10662080645161336
SLC30A7,0.008092903225806969
PI4KAP1///PI4KAP2///PI4KA,0.7323216935483868
CLCN3,0.2696055645161288
ZNF692,0.23478072580645187
HS3ST1,0.020676774193548728
ERBIN,0.18252080645161323
TTF1,0.2659534677419357
FAM49B,-0.08694048387096748
RWDD1,0.047515483870968114
CACNB2,0.08726814516129029
LOC100130308///KIAA0391///PSMA6,-0.08574411290322555
TSN,0.11915016129032269
PCK2,0.26419282258064536
HADHA,0.3791135483870966
RETSAT,0.19006233870967792
ARHGAP12,0.1793137096774198
DMTF1,-0.04546120967741904
LOC100134611///LOC100130456,-0.05013233870967719
SNCA,0.004489032258064992
RNF14,-0.10782467741935478
PJA2,0.026554354838710013
MYO1C,-0.056002258064516176
XPNPEP3,0.3286069354838714
CCDC84,0.46264879032258066
HNRNPA1P36///HNRNPA1P41///HNRNPA1P59///HNRNPA1P51///HNRNPA1P22///HNRNPA1P53///HNRNPA1P33///HNRNPA1P50///HNRNPA1P27///HNRNPA1P10///HNRNPA1P52///HNRNPA1P12///LOC642817///HNRNPA1P30///HNRNPA1P39///HNRNPA1P56///HNRNPA1L2///HNRNPA1P60///HNRNPA1,0.11542233870967752
VAMP4,0.07920499999999996
SEC11C,0.13136580645161286
GTPBP8,0.5802255645161288
AQP3,0.11397782258064534
RHOQ,-0.1776041129032252
PALLD,0.26851201612903286
UBE2V2,0.0381432258064521
NAA20,-0.06043588709677355
CYHR1,0.6365937096774191
ITGBL1,0.2831054838709678
RANBP10,-0.07373935483870953
COL6A2,0.9903375806451606
SYTL4,-0.10563943548387025
GAB2,-0.21292282258064454
UQCRC2,0.17424185483870996
ATP5C1,0.002826532258064899
ALDH1L2,-0.007113387096773894
ZBTB18,0.37916508064516136
FASTKD2,0.07681008064516166
ME1,0.23900580645161285
SCHIP1,0.11031298387096758
TRPM7,0.016878709677419723
RNF34,0.29483967741935474
YIPF4,-0.2805925806451607
CNOT1,-0.04570330645161237
ATAD1,0.4679962903225808
PTK2,0.389530080645161
FAAP24,-0.056654919354838344
CEP57,0.24369870967741977
CDC34,0.030482500000000357
POLR2J2,-0.1583091935483865
GNPNAT1,0.3380282258064516
SCAF8,-0.15339814516129013
MIR22HG,0.12334814516129111
MESDC2,0.13713870967741937
CDK6,0.08300814516129051
WWTR1,-0.010228225806451044
COA1///CNN2,0.2940911290322589
NDUFA12,0.2181200000000005
KANSL3,0.20987709677419403
DVL3,-0.020138387096774117
NAB1,0.39015217741935426
CITED4,0.2627944354838709
LOC100133166///NBR1,-0.13245185483870925
PM20D2,0.1353502419354841
SLC1A2,0.0678968548387103
ARHGAP31,0.21601104838709667
LOC652607///PABPC1P4///PABPC1///PABPC3,0.18327935483870983
HGSNAT,0.22811653225806455
AK3,0.06415540322580673
SLC25A42,-0.007517499999999486
C1orf210,-0.03988758064516078
SUZ12P1///SUZ12,-0.042061612903225645
MCCC1,0.07516814516129079
MARK3,-0.2581428225806449
LOC100129015,0.06742685483870994
HMGB2,-0.06995096774193547
TMEM50A,0.3461934677419354
WDR77,0.010933629032258422
SETD3,0.7068469354838705
ASAP1,-0.2576978225806446
DPY30,-0.0036652419354840544
CBX5,-0.05776701612903189
RBM3,0.17331766129032253
AASS,0.03298120967741963
SPATA45,-0.17173774193548302
MRPL15,0.11184887096774224
EXOC7,0.7917313709677415
LOC55338,0.21382282258064553
DNAJC2,0.028348870967742558
RALGAPA1,0.04316822580645201
RPUSD3,0.227264677419355
QSOX1,0.5449492741935484
GLA,0.2595541129032263
MED29,-0.19799548387096735
PPFIA1,0.40735935483870983
DDX47,0.2610041129032261
NGRN,0.2491924999999997
CCDC144A,0.019335806451613063
ZNF337,0.5029473387096771
ATF1,0.34490951612903226
UBE3D,-0.03828749999999953
TCF12,-0.09644064516128996
DNMBP,-0.24794088709677328
PDCL,-0.13130435483870906
LOC100130220///DDX3Y///DDX3X,-0.10011249999999944
EPB41L4A,-0.03951637096774141
ACAD11///NPHP3,-0.07549991935483863
PAGR1,0.06689564516129043
ARHGEF10,0.07744104838709746
RBMS2,0.09423048387096815
MRS2,-0.19554774193548355
PLEKHB2,0.10120604838709711
KYAT1,-0.1346078225806452
MITD1,-0.06830330645161259
NT5C2,0.45115056451612906
RIN2,0.13835733870967756
USP48,-0.20190080645161215
AMD1,0.1620698387096779
ALG13,-0.16360217741935468
UQCRQ,0.6711633870967741
AP2M1,0.37220032258064534
RIN3,-0.06020838709677377
SQLE,-0.15429951612903176
SLC23A3,-0.012976532258064017
CDC20B,-0.08383201612903156
UBAC2,0.09696782258064518
PHF21A,0.3213131451612907
HOXB2,0.5104663709677421
DDAH1,-0.09595637096774132
ROBO1,-0.18882322580645133
ATP13A3,0.11004016129032292
C21orf58,0.04746435483871028
ANKIB1,0.031611532258065095
NEFL,-0.1820880645161287
ZNF518A,-0.3658722580645155
SOX4,0.061433306451613295
SYNC,0.6461183064516134
INPP4A,0.25109112903225855
RPF1,0.3736447580645163
BCL3,-0.01846330645161283
STX7,0.7525515322580646
RNF216,-0.15572209677419319
PRPF38B,-0.14531483870967735
CEP295,-0.02056725806451603
RHOA,0.09561080645161305
FOXG1,0.05484032258064536
OLFML2B,0.11762258064516157
API5,-0.01742725806451626
ZNF280D,-0.056815887096773786
DYRK2,0.053255000000000066
IFT172,-0.022114112903225455
NMD3,0.1357859677419356
FCGRT,0.05254830645161329
OR7E2P,-0.18151072580645086
CAST,-0.01677709677419335
LRFN4,0.06371895161290378
EPS15,-0.13542903225806402
HSPA2,0.18916540322580644
MLPH,0.3311118548387097
BACE2,0.36939459677419406
CNOT4,0.050581612903226325
EFCAB14,0.11862161290322593
CNP,0.3769725000000004
TMEM2,-0.11300104838709671
UNC13C,-0.06785677419354827
FGF1,0.17926685483870977
KLHDC3,0.6356268548387092
RRN3,0.08408887096774237
NECAP2,0.28812830645161325
TMIGD2,0.05686508064516192
ASB8,-0.36575774193548344
PPIP5K2,0.007424758064516565
SCAMP1,0.6214545967741937
IFT57,-0.011885161290322493
NUMB,-0.019013951612902494
ZMYM4,0.44101524193548425
STAM2,-0.055517177419354344
AZIN1,0.05750395161290317
NBPF10///NBPF8///AE01///NBPF9///NBPF11///NBPF12///NBPF3///NBPF1///NBPF14,-0.06184620967741839
CXorf40B///CXorf40A,-0.0556253225806448
LOC100131844///ANAPC11,0.44400975806451615
ERAP2,-0.054925725806451095
SECISBP2L,0.3317378225806454
MAFB,0.32901064516129
NAA16,0.41200806451612915
BPGM,0.38204137096774227
C9orf142,0.2054662903225805
ARPC3,-0.06250193548387062
ARPP19,0.07193838709677461
IFT20,0.3195035483870967
DOCK7,-0.010688548387096122
SLC9A6,0.28292129032258095
HSD17B7,-0.25379935483870947
ANKRD37,0.6498383064516124
FAM122B,0.06375225806451634
DNASE1L1,0.4094941935483877
TCP1,-0.05728024193548363
TBC1D9B,-0.004643387096773505
TPR,0.03082637096774203
MAPRE2,0.41409798387096786
BCAP29,0.20634120967741937
CFD,0.5941491935483872
SGCE,0.05956653225806494
TOP3B,0.14229250000000032
NUTF2,0.32051532258064525
PHKB,-0.05964661290322531
SPEN,0.43709572580645145
SYCE1,-0.026171129032258003
CCNG1,0.32782120967741923
ZNF629,0.25310072580645193
NME4,0.9196532258064509
TBC1D12,0.09705032258064561
LAP3,-0.03024056451612859
HSD17B4,0.23739959677419398
NAT9,0.18289112903225835
EXOC1,-0.22678620967741892
KCNA6,-0.3404809677419348
LINC00969,-0.13934346774193498
PM20D2///COPS2,-0.03712967741935488
CBX7,0.46873814516129064
LOXL3,0.0398085483870975
RANBP2,-0.09630806451612862
DIP2B,-0.07420274193548364
ACYP1,0.04588048387096799
TTC19,0.2383895967741937
LRPPRC,0.3457278225806454
HTATSF1,0.04309322580645233
PRINS,0.09320911290322595
PRPS1,0.7198613709677417
TCEAL1,0.04138588709677491
ACP1,-0.1398681451612901
COA3,-0.03219532258064503
SUB1,-0.09220088709677365
TIMP4,0.9362847580645155
FAM135A,0.0856568548387103
GNPAT,0.27101967741935523
NOC2L,-0.043012661290322274
SATB1,-0.5775516935483869
ZNF430,-0.024668467741935304
WASH7P///WASH5P///WASH2P///WASH3P,0.07505241935483878
BFSP1,0.16723596774193508
UBE2N,-0.11184838709677368
MPHOSPH10,0.4715537903225807
YKT6,-0.04734258064516071
DPM1,-0.0674130645161286
NADK,0.35299354838709684
MAP4K5,-0.2992437903225802
ALPK1,-0.14006588709677387
LDOC1,0.4918629032258063
IMP4,-0.0345351612903223
ANK2,0.21889741935483922
NXPE1,-0.29292653225806436
MRPL16,0.22843072580645213
RBM27,-0.24410758064516047
HSPB11,0.40991709677419375
MGAT4EP,-0.44176870967741844
NASP,0.07029411290322635
ALS2CR11,0.0885523387096775
RPL21P68,0.13007185483871012
RNF103,0.0296445161290326
ZNHIT3,0.10781927419354868
CPTP,0.545979112903226
IREB2,-0.0004278225806449362
FCRL5,0.005677177419354787
SYMPK,0.7276578225806455
PSIP1,0.18292733870967753
TRMT6,0.06008032258064529
DUSP6,-0.10116814516129
GALNT4,0.1774825806451616
ALG5,-0.07003427419354774
SPTLC1,0.00489588709677454
SIPA1L1,0.012036451612903565
ENOX2,-0.1573735483870963
DOCK10,-0.08725548387096795
RAB27A,-0.06482548387096715
ISCA1,-0.0350591935483868
CNTLN,-0.0769051612903225
TOR4A,-0.41695935483870916
NDUFS4,0.259844193548387
SURF4,-0.38616653225806374
WIPI1,0.009251612903226385
MFSD14B,0.18814620967741952
IRS2,0.3533913709677421
JAG1,-0.2209541935483868
C21orf59,0.15941282258064515
CADM1,0.27340959677419363
TSPAN4,0.051767983870967677
FMNL1,0.005292338709677869
CEP41,0.03351346774193545
SENP7,0.4499195161290322
MMP27,0.062426048387097074
UNC119B,0.027045806451613242
CP,-0.06179104838709629
POLR2C,0.24093637096774206
ZNF426,-0.04062096774193509
PIEZO1,-0.05598395161290305
PP2D1,-0.08593701612903208
FAT1,0.2959853225806451
CARD16,-0.6619462096774188
ZBED5,0.1772708064516134
FAF2,-0.06426314516129007
ATG12,0.16221258064516175
TPCN2,-0.5409557258064509
CAMSAP2,0.36554483870967774
FRG1JP,0.025670161290323335
EDEM3,0.13778072580645234
EEF2K,0.23706911290322585
MRPS10,0.13443814516129093
MRPL13,-0.0812282258064512
LOC648517///AKR1C3///AKR1C2///AKR1C1,0.041699758064516174
PTPN4,-0.01738266129032234
UBTD2,0.08814169354838727
RPL7L1,0.04359056451612897
PSME1,0.3121856451612904
NFIB,0.06201048387096797
U2AF2,-0.06883403225806492
PKM,0.19161604838709687
TMEM237,-0.1518703225806447
VIM,0.002481129032258267
WDR91,0.4607183064516126
NFIA,0.003816854838709937
MOB2,0.3481266129032256
MEIS3,0.043086774193549095
ADH4,-0.04112870967741925
INHBC,0.24161975806451658
FAM126B,0.045146612903226344
LDLRAD3,0.5649249999999998
SATB2,-0.18858056451612912
RUFY2,0.2716232258064515
TM2D1,0.20035701612903295
TSC22D1,0.15068637096774237
CHD1L,0.6596170161290319
PUM2,0.07216596774193589
GOLGA5,0.08729846774193567
LOC100507351,-0.08961806451612815
FAM13B,0.06462838709677474
DHX40,0.6485461290322578
CREB5,0.2289607258064515
HSPA13,0.0834825806451612
ELF2,-0.12167588709677357
FBXW7,-0.17980258064516072
DCTN4,0.1912287096774194
C6orf203,-0.026616048387096653
CS,0.26021677419354833
LOC100130173///PCNX4,0.05278870967741947
CUL9,0.6708316935483867
PIK3C2A,0.13878000000000074
GLRX2,-0.06146435483870964
U2SURP,0.003997580645161765
KRT18P33,-0.024308629032257757
CD8B,0.11945596774193584
RAD21,-0.05112499999999927
HEATR3,-0.056653709677419235
EMILIN3,0.40510016129032234
GLRX3P2///GLRX3,0.006533790322581164
TES,0.20556169354838688
TGS1,0.19641991935483913
WDR11,0.06368411290322595
TPPP3,0.12354177419354828
PLXDC2,0.020953951612903414
GOLIM4,0.09419540322580672
PHLDB1,0.8433707258064512
HYI-AS1,-0.1928330645161284
WDR26,0.1647262096774194
MACF1,0.46688588709677403
LOC105377832,0.08925556451612948
UBR3,0.025446290322581087
TYMP,0.11502250000000025
TMX3,0.4099916935483871
EDRF1,0.11228443548387093
SMIM10L2A///CT55,0.35417838709677457
ARL4C,0.05231798387096831
NUP50,0.036362661290322944
SNORD104,0.590190241935484
KAT6A,0.12949282258064526
ORM2///ORM1,-0.12150225806451584
WDR46,0.02456225806451673
BRIX1,-0.12219661290322542
CSPP1,-0.1024066935483866
CREBZF,-0.0300133870967738
ZNF33B///ZNF33A,-0.06702459677419341
HADHB,-0.04452072580645121
DCBLD2,0.011632983870967752
MINA,-0.1938815322580643
MTFP1,0.14282250000000019
ZNF398,0.09005580645161308
BDH2,0.1931611290322582
CUL4B,-0.10013693548387091
NFKBIA,0.1749199193548392
TMEM11,-0.08889508064516076
CHST3,0.33662580645161233
THRAP3,-0.09855798387096708
C5orf22,0.3622427419354842
ADAMTS5,-0.005195483870967816
COPS6,0.36754870967741926
SPATA9,0.03855209677419426
JMJD6,0.3530301612903226
WASH7P///WASH2P///WASH3P,0.09004798387096771
WDR83,0.2625660483870973
TSTA3,0.08219290322580662
BCAR1,0.33422169354838716
CCDC59,0.16071346774193573
SMIM14,0.24589709677419422
LIN7C,0.10593451612903233
LOC728678,-0.02090379032258031
ZNF236,-0.1878343548387091
KRT7,-0.10796056451612851
PPP4R1,0.1774425806451613
NAXD,0.4397947580645164
SERINC5,-0.08892258064516094
RER1,0.667979274193548
TMEM198B,-0.0619512903225803
NCOR1,0.24126830645161335
RRS1,-0.3061743548387092
MTM1,-0.0009562903225804665
CCDC97,0.42966387096774217
SPRTN,0.057463225806452245
LINC00102,-0.0588395161290315
CHMP2B,0.2953914516129034
PKD1L1,-0.07871629032258039
CSNK2A1,-0.06204008064516113
NUP37,0.12718790322580728
NUS1,0.09499645161290375
CTR9,0.22947250000000025
NUDT21,0.2530959677419358
IFNGR2,0.30395008064516166
ODC1,0.38825241935483884
LOC100133298///GLIDR,-0.0688362903225801
SLC38A4,-0.2971966129032252
CYP4A22///CYP4A11,0.05479298387096805
BCAS2,0.2499357258064518
ZNF385A,0.9466144354838708
ZDHHC17,0.034536612903226224
UBAP2L,0.5852767741935485
C1orf27,-0.12467362903225768
MKX,0.02749814516129041
AKAIN1,-0.18048685483870938
ITGA4,-0.2575121774193541
RASD1,0.801097741935484
PCCB,0.029891048387096858
CISD2,-0.017733709677418986
ENY2,-0.041501048387096506
C3orf62///USP4,-0.001322983870967154
ERCC5,-0.11460314516129008
DDX46,0.17717306451612916
DVL2,0.13879193548387128
HLA-E,0.11124338709677452
USE1,0.038177499999999975
DDX3Y,-0.12105620967741906
ATP5A1,0.045997741935484567
SNHG7,-0.29150451612903183
HDLBP,0.4254071774193552
SERINC2,-0.08631975806451575
DBI,-0.03302491935483874
DNAJB2,0.5202099999999998
NDUFA2,0.10572596774193571
MCM3AP,0.09606951612903268
TDRD3,0.1372706451612905
STK38,-0.035750806451612493
LRRC2,-0.04609677419354786
GCC2,0.39217032258064544
DHRS4-AS1,-0.06021314516128968
P4HB,0.02861153225806478
VPS29,-0.06536354838709642
NRK,0.05945314516129077
AKR7A2,0.7074055645161286
ARHGAP26-AS1,0.045222338709677734
VPS26A,0.2672870967741939
PEA15,0.4873113709677418
SLC33A1,0.3042144354838711
AURKAIP1,-0.043371693548386867
AHCTF1,0.06959951612903283
BRD7P3,-0.24200016129032254
GALNT7,0.09519491935483929
PHF20L1,-0.20995766129032198
HLA-DQB1,0.008958790322580672
TRAPPC3,0.5675587903225806
DROSHA,-0.19355491935483843
PTPN13,0.3673741935483876
ERN2,0.06662911290322583
LOC283140,0.04289750000000015
ST20///BCL2A1,0.19523588709677445
GNAI2,-0.23016169354838642
EXTL2,-0.24072201612903213
MTBP,0.020443548387096992
SMDT1,0.4411645967741934
ZBED1,-0.16452008064516063
FAM76B,-0.0763974193548381
NUAK1,0.27600516129032293
SCARF2,0.037156935483872
METRN,0.021973870967742257
BLVRA,0.07255959677419369
DCK,-0.14338354838709655
DDX60L,-0.031611290322579914
ACTR3,0.12782427419354897
PHYH,0.7115004032258068
SLBP,0.13957588709677396
ATRX,-0.03208217741935443
TTC1,0.1589341935483875
FBXO28,0.5981916935483871
ARPC5,-0.031079919354838732
ABCB7,-0.17335169354838648
NARF,-0.13567177419354792
SPATA31A5///SPATA31A3///SPATA31A1///SPATA31A6///SPATA31A7,-0.04873879032258003
DYRK4,0.3950870161290325
SNTB2,-0.47255354838709684
NEDD4,-0.01937653225806423
SLC2A12,0.08207717741935469
LINC00566,0.1137833870967751
TRIM44,0.1364011290322581
WDR60,0.3099970967741943
RIC8A,0.54146814516129
RBP4,0.41970282258064495
OFD1,0.29372895161290297
TCEAL8,0.12743903225806483
TNRC6A,-0.11582387096774159
SRI,-0.37419959677419345
GUCD1,0.45959790322580674
SUCLA2,0.04857516129032302
ZNF652,-0.20885935483870918
FAM81B,-0.021040403225805925
PHGDH,0.2207566935483871
RAPGEF4,-0.079295403225806
LCOR,-0.013748064516128953
MZT1,0.17829491935483915
DNAJC22,0.06166887096774228
FTSJ3,0.13851733870967772
GRK5,0.3596037903225805
BCAP31,0.343483870967742
ZFHX2,0.09355669354838748
PXDC1,0.2335123387096774
LOC727815,0.05170806451612948
USP16,-0.023888548387096857
CCND3,0.3313887096774198
LAMTOR4,0.3507995967741937
CXCL14,0.0517087096774195
ZNF277,-0.03663830645161284
ZNF101,-0.1113358064516125
COMMD5,0.07622895161290374
ZHX2,0.4555265322580647
MFF,-0.31839669354838646
HLA-F-AS1,-0.07497959677419316
TSNAX,0.21374927419354833
LRRC47,-0.020716854838709525
FDFT1,0.10914145161290381
RALGAPB,-0.6793453225806447
SPAG11A///SPAG11B,-0.0870919354838707
KAT6B,0.28452661290322606
COL16A1,-0.14691919354838692
TWF1,0.12554887096774225
SDAD1,0.01659104838709715
LAMP2,0.12673177419354867
IFI16,0.042354112903226014
DCUN1D4,0.2977655645161292
MAFG,-0.0013421774193546933
FLJ30679,-0.024959193548386417
LOC100133811///LOC100133661///LOC100133484///ZNF749///RNASE2///HLA-DRB5///HLA-DRB4///HLA-DRB3///HLA-DRB2///HLA-DRB1,-0.032799435483870876
RRAGD,0.0570217741935487
GPR180,-0.0971707258064517
PON2,0.3131591935483879
ICK,-0.14262346774193513
OSBPL8,0.002275645161290585
HERC4,0.03737362903225805
DNM1L,0.11070887096774237
LOC100134159///CCDC144CP///CCDC144B///CCDC144A,0.01781088709677484
CTDSP2,0.4571743548387096
CALD1,-0.007193870967741707
TRAPPC11,0.12950241935483905
RECQL,-0.0872845967741929
KXD1,0.11151532258064548
ABCA5,0.09444225806451607
THAP2,-0.02930274193548344
HMGA1,0.04128911290322616
TMEM9,0.5190332258064515
MAGOHB,-0.025251048387096783
PSMA1,-0.032537580645160734
GRB10,0.02474991935483875
ASB3,0.04626467741935515
DLC1,0.5585241935483871
SMG1P1,-0.024793790322580236
COX20,0.06758556451612907
MYO1B,-0.004707258064515538
SIGLEC8,-0.05917088709677438
PRSS23,0.09083225806451645
BMP1,-0.138966854838709
YY1AP1,0.1933481451612903
MRPL17,0.17057274193548425
IFT27,0.44203935483871
ATP6V1E1,0.46702129032258055
UFSP2,-0.038212177419354565
POLR2K,0.23616403225806498
TMX4,0.05847612903225827
RIF1,0.18181008064516166
GPR107,0.09505548387096782
SENP5,0.062406774193548564
CBFA2T2,-0.18407959677419347
SMURF1,-0.08019991935483817
FAM91A1,-0.029702661290322382
NR4A2,-0.23707830645161287
EVI2B///EVI2A,-0.1979881451612898
C20orf194,0.05218387096774224
WIZ,0.4447176612903227
KDM3A,0.21780895161290326
KIAA0586,-0.05387733870967694
SHC4,0.0023138709677423368
ATP5SL,0.16935467741935542
CAPG,0.11000161290322605
ERO1A,-0.029840483870967625
SLC29A2,-0.2346370161290311
CHCHD3,0.09699370967741948
ENSA,0.0709815322580646
NFKBIB,-0.4665024193548376
ZNF766,0.09025483870967753
ALG2,0.42703782258064515
LSM5,0.07327104838709704
AAK1,-0.010391129032257883
HSP90AB1,0.07068048387096801
GOLGA8DP///GOLGA8F///GOLGA8CP///GOLGA8EP///GOLGA8G,0.002310000000000303
LZTR1,0.7885665322580643
NSUN2,0.032214596774193624
FAM222B,0.38784233870967694
LILRB1,0.07200903225806535
RNF181,0.11310975806451651
CCNL1,-0.008314919354838662
SLC35G2,-0.08792145161290275
PLXNA1,0.36643032258064534
LINC00184,-0.07456508064516117
FKBP7,0.026262177419355368
COPZ1,0.10228241935483873
ZNF107,-0.20981258064516073
KLHDC2,0.1604041129032262
MIEN1,0.4400699193548393
COX8A,0.027337419354838653
STRN3,0.18161725806451642
BMS1,0.004206129032258414
PAK1IP1,0.07539903225806491
IRAK4,-0.07780129032258021
FAM8A1,0.5323579032258061
ANTXR2,0.42893846774193534
OMA1,-0.010877580645160794
CHST15,0.2604597580645165
CAPN3,0.2307601612903224
FAHD1,-0.17521314516129002
MSRB1,0.10074750000000043
SUPT5H,0.22400556451612963
LOC643187,-0.008710483870967529
SERPINF1,0.22959919354838754
DYRK1B,-0.024632338709677463
MYH8,-0.06329596774193498
DOK4,0.3414682258064518
UBE2L3,0.010947258064516366
HNRNPCL3///HNRNPCL2///HNRNPC,0.10149104838709722
IFI6,0.30472056451612917
DNAJC7,-0.15199999999999958
MARCKS,0.3314152419354841
HIF1AN,-0.06569322580645104
TMEM165,-0.15478556451612885
SUV39H2,-0.11254669354838688
FKBP11,0.0870368548387101
DTX3L,0.21316798387096805
COX17,0.2940197580645162
IDH3A,-0.023753225806451395
BBIP1,0.07400895161290336
POLR3A,-0.160579516129032
SCYL1,0.536960887096774
PSMG3,0.02918524193548419
SH2D3A,-0.02676137096774183
NXN,0.0693520967741933
OBSL1,0.5216873387096773
MYB,-0.2690889516129027
ARF6,-0.02432645161290272
LEPROT,-0.02782564516129011
VBP1,0.32156475806451634
PSMC6,0.06038419354838748
GLI3,0.35312516129032284
IGSF9B,-0.2978735483870965
ERRFI1,-0.016410564516128892
GPN3,-0.06002217741935444
TM4SF1,0.23954185483871057
RANBP1,0.04460733870967737
DNAJB1,0.303815483870968
SGIP1,-0.09797056451612843
THBS3,0.06837709677419387
RPA3,0.4922485483870972
TRIM38,-0.08851540322580606
CDK2,0.17867008064516174
IGLL5///IGLJ3///IGLV3-19,-0.01691354838709605
TMED8,0.4292081451612909
CLDND1,0.1519340322580648
MEIS2,-0.03445362903225777
BASP1,0.343306370967742
PPP1R15A,0.08645112903225824
RPS4XP17///RPS4XP7///RPS4XP13///RPS4X,0.09115483870967765
ZNF106,0.07262717741935487
ARL8B,0.2316472580645165
SPP1,-0.033030322580644936
METTL26,0.45730508064516107
C14orf119,0.26114080645161303
ELOVL5,0.28499129032258075
SIGMAR1,0.2609922580645162
FBXL17,-0.03575290322580607
GEM,-0.16222838709677326
HLA-DPB1,0.1296000806451613
SUMO2///SUMO3,-0.008193306451612786
BRAP,0.03688911290322619
TRIM2,0.3428743548387099
KIAA0040,-0.007920403225806257
WRB,0.10228395161290352
BCL2L13,0.07696758064516135
PRCP,0.11903838709677447
SMARCA1,0.1953483870967741
ACER3,-0.09201338709677358
PTGDS,0.1340470161290328
PDS5B,0.20408185483871008
LARP1,0.30808233870967744
WDR45,0.21857943548387104
TREM1,0.43375516129032243
MYO15A,0.02411879032258081
UBE2D4,-0.02485782258064443
F8A3///F8A2///F8A1,0.3236111290322582
TARS,0.08695991935483893
MRPL40,-0.25149645161290285
FOXRED2,-0.09567249999999962
C8orf34,-0.10862427419354767
LAMTOR3,0.19818951612903257
SLC16A4,0.3750091129032254
EIF3J,0.0857312903225809
SEPT11,-0.0800184677419347
ADGRG2,-0.13791427419354813
LPAR5,-0.07615443548387096
ANO6,-0.012916370967741677
EEA1,-0.06558564516128995
UBE4A,0.024372500000000345
CNTRL,0.0021419354838714544
EMC8,-0.0349533870967739
NIT2,0.4171566935483871
MAGEB18,0.03943201612903264
AQP5,0.03909241935483865
KPNA6,0.09164314516129057
BBS2,-0.018908709677418575
PIK3C3,0.25119846774193566
NBEAP1,-0.07940499999999949
SEC61A1,0.2270332258064518
UBASH3B,0.021252419354839045
MTHFD1L,0.005153870967742133
ZNF333,0.36648596774193554
PRO2949,-0.5110506451612893
NAAA,0.13987217741935504
ITGB1,0.0690966935483873
ZCCHC24,0.577206532258064
REM1,0.07196927419354864
EXT2,0.21377137096774207
FLJ12120,-0.11728354838709666
RAPGEF2,0.13837749999999993
SLC25A24,0.018544032258064835
HDAC9,0.27067120967741953
TRAPPC4,0.5440035483870969
LOC283788,0.06769524193548446
WNT16,0.039738548387097034
PNRC1,0.13839419354838745
LOC100287166,-0.4855493548387089
RABGGTB,0.010698064516129487
MOB1B,-0.0931813709677415
LOC728844///HNRNPA1,0.015675725806451685
IFI44,-0.06777137096774152
KLF7,0.1713771774193549
NFE2L2,0.0002091935483871446
SART1,0.05369774193548401
FLYWCH2,0.11417604838709725
POLI,0.10881056451612951
GBAS,0.1654141935483874
HDGFRP3,-0.1880405645161285
MEIS3P1///IL6ST,-0.012085725806451442
PDZD2,0.15812338709677456
RAD18,-0.057993951612902814
SECISBP2,0.009901209677419228
CYBRD1,-0.04300887096774117
MAFF,0.23589250000000014
ELF1,0.16482475806451616
FAM179B,0.09217411290322647
CLEC2D,0.12700427419354926
NAPEPLD,-0.10341733870967681
CWC27,0.006698387096774342
FAM193B,-0.03329572580645157
TTC37,0.10184588709677424
FAM186A,0.06812620967741988
ABCB9,0.32952927419354855
ENTPD4,0.2907829032258066
TPD52L1,0.5912349193548385
LOC442113,-0.08564338709677345
RWDD3,0.06600741935483911
EPS8,0.22079661290322566
LOC93622,0.3279694354838715
TRIO,-0.005491935483870613
BLCAP,0.3361451612903227
KIAA0196,0.09135427419354869
RND3,-0.06428741935483857
CES2,0.5994262903225805
MED4,0.10840693548387138
ERN1,0.517580564516129
GBP4///SEC62///FTL,-0.049371612903225254
PBRM1,-0.02734314516129012
PLGRKT,0.07497846774193588
VMP1,0.3196142741935485
NSUN5,-0.022148145161290017
UTP18,-0.07217048387096774
LIPJ,-0.05553604838709646
GLT8D2,-0.09337451612903161
CCDC91,0.0004691129032263885
RFPL2,-0.03501120967741896
LGALSL,0.29138919354838727
MGC24103,0.06645096774193562
SPATA6L,0.12998298387096782
SFXN1,0.025145080645161508
LOC100129488,0.02028290322580705
OSBP,0.0037561290322583665
HARS,0.2047644354838712
RMND1,0.02568104838709693
PSMD11,0.1200546774193548
SLC25A23,0.08991669354838752
FAM134A,-0.12453233870967736
SRSF10,0.03520322580645181
LSM14A,0.050628467741936085
CTB-12O2.1,-0.12527887096774148
MEOX1,-0.00023185483870954982
MAGED2,0.19602274193548413
NSMAF,0.22789274193548417
GOLT1B,-0.01476387096774178
NIPBL,0.18876411290322617
HEXA,-0.013800322580644966
WDR89,-0.035726935483870764
FAM228B,0.08347241935483912
YTHDF1,0.12720330645161315
MGAT1,0.21996629032258086
ZBTB21,0.2087738709677424
RHOT1,0.37359274193548375
MST1L///MST1,-0.2045279032258063
TMEM254,0.10343048387096793
TRAM2,0.016712096774193785
MORC3,0.04594346774193543
RALA,0.453621693548387
ZNF417,0.03422951612903198
FBXO3,0.08706524193548454
TYW1,0.16661322580645158
CETN2,-0.01929733870967686
ZNF706,0.00663758064516159
SLC39A9,0.17194983870967756
WIF1,0.20128080645161298
F5,0.2306205645161295
LOC100131955///KCNJ15,-0.18891064516128964
MYO19,-0.01266870967741894
ART1,0.0016245967741939068
CDCA7L,-0.021488306451612843
EBF2,0.06553612903225821
C18orf32,0.2174440322580647
CILP2,-0.08311088709677414
DPP8,0.26612846774193594
LOC100132357,0.025694758064516623
ABCD4,-0.11278991935483841
ZNF362,-0.0260142741935477
KIF21A,0.1595216935483874
KIF3B,-0.04981556451612837
ZC3H15,0.10831322580645185
CSTF3,-0.07692782258064484
WDR76,0.06527693548387126
MAP3K8,-0.3676708064516122
HDAC7,0.09148411290322625
IGFBP3,0.2369137903225808
TNFSF10,-0.09271395161290294
ESR1,0.11815669354838759
PTX3,-0.029261209677419027
NUP85,0.05176903225806487
PRKAR2A,0.36588991935483933
TUBGCP3,0.25587758064516136
ALOX15,-0.0017845161290318753
HIVEP1,0.010777500000000297
PODNL1,0.02024403225806487
LINC01530,-0.2650870161290317
CAPN15,0.7031548387096773
NBL1,0.3259163709677418
FHAD1,0.7175329838709681
SESTD1,-0.07167056451612874
FRY-AS1,-0.05726637096774131
ZNF44,-0.20689491935483828
PAPOLA,0.06149040322580643
RAPGEF3,0.2247028225806458
RBM6,0.09525274193548407
TFB2M,0.24730064516129074
ARV1,0.1800481451612903
XYLB,-0.09835201612903179
RAB18,-0.009052096774193236
LOC100131861///SAMM50,0.3369437096774197
MEX3C,-0.43098806451612853
CWF19L1,0.7575375806451609
C1RL,0.2925145967741935
JOSD1,0.21054717741935536
PLEKHN1,0.04131016129032304
DYM,0.08996370967741957
DERL1,-0.038731854838709126
GOPC,-0.3795091935483869
EMC3,0.3576019354838713
RBM46,-0.0030743548387090376
LOC105369662,-0.04883112903225793
VDR,0.03194661290322619
TSC1,-0.1093791935483867
NDUFB4P12///NDUFB4,0.22215516129032303
LOC101929741,-0.06219419354838685
PWP1,0.2904807258064519
LINC01105,0.22660395161290378
WDR54,0.08368943548387174
ALDH18A1,-0.03086459677419314
FAM188A,-0.06318209677419342
MUS81,0.26963088709677424
GMEB2,0.17233750000000012
WBSCR17,0.3328862096774195
PSMD9,0.2063148387096778
SSX1,-0.06386145161290291
USP7,0.0355312903225809
TMEM128,0.4525736290322582
ITGB8,-0.029089112903225446
ZCCHC6,0.4696320967741938
MTIF2,0.0855488709677423
LOC728216///BCRP3,-0.24340080645161216
ZNF704,0.3340661290322582
LY6G5B///CSNK2B,0.1955650806451611
COCH,-0.41329137096774116
OTUD5,-0.04059290322580615
RAB14,-0.21280604838709624
AGT,-0.039262016129032185
HOXB4,-0.08237032258064461
IFT80,0.11949217741935525
MFSD1,0.39410701612903226
KPNA2,0.11074467741935459
RTN3,0.390500806451613
ANKHD1,-0.09434201612903173
CDK5RAP2,0.10352620967741985
MRPS27,0.11370201612903238
PCDHGA1///PCDHGA2///PCDHGA3///PCDHGA4///PCDHGA5///PCDHGA6///PCDHGA7///PCDHGA9///PCDHGA10///PCDHGA11///PCDHGB1///PCDHGB2///PCDHGB3///PCDHGB5///PCDHGB6///PCDHGB7///PCDHGC4///PCDHGC5///PCDHGA12///PCDHGA8///PCDHGB4///PCDHGC3,0.45572467741935496
AGK,-0.021545
MED17,0.08416887096774249
KCNA4,0.13409596774193577
ARRDC2,-0.17613806451612826
EIF2S3,0.09813838709677411
TATDN3,0.02050741935483921
ECHS1,0.20168637096774208
NEDD9,0.0694487903225808
LOC647109///LINC01192,-0.02844161290322581
LRRC37A7P,-0.28078596774193465
PIP4K2C,0.3638532258064517
LOC440983,-0.004419032258064271
FAM32A,0.15387548387096806
ELK3,0.2655151612903222
TECPR1,0.15940209677419356
ACAD10,0.6960784677419356
RAB6A,0.04811725806451663
USP14,0.5138696774193544
FAM58A,-0.5586158870967739
C1orf198,0.3151717741935487
EED,0.14296483870967724
MYO7B,-0.050896612903225336
MAPK4,0.3965492741935497
MSH6,0.1718712096774196
FURIN,-0.10678250000000017
CEP104,-0.01495258064516072
UTP6,-0.19152701612903197
TPRKB,0.09839870967741995
LOC145845,0.06851540322580657
GLT8D1,0.19498758064516164
LSM3,0.028530241935484327
HSBP1L1,0.03661483870967777
C5orf63,0.08741911290322635
ZNF682,0.013214516129032704
FIP1L1,0.1815663709677423
MAP4K3,0.008965564516129447
LIG4,-0.07952241935483845
AP4B1,-0.0850020967741934
TMEM209,0.02735475806451647
TCERG1,-0.21259064516128962
POLK,0.2911749999999997
DERL2,-0.0285938709677415
FOXP2,0.007284274193548685
PPP1R12B,0.04722483870967781
XPO1,-0.039194112903225366
MIRLET7BHG///PRR34-AS1,-0.21119475806451563
RRAS2,-0.40781758064516094
TMEM123,0.07429540322580662
ZNF77,-0.1809663709677414
MRFAP1L1,0.04586927419354885
DIDO1,0.8685903225806451
ATIC,0.32524491935483907
CYP4F2///CYP4F3,-0.1332418548387092
GPLD1,0.04183306451612913
JKAMP,-0.10169249999999945
HIST2H2AA4///HIST2H2AA3,0.5068373387096776
SLC30A6,-0.014048387096773855
NBPF10,0.12146266129032296
ZNF25,-0.03234822580645128
ATP5G1,0.2837875806451612
TMEM60,-0.10582467741935475
VPS11,0.5085862903225805
EXOSC1,0.12419645161290373
C1orf131,-0.3573745161290313
LOC145474,-0.12113725806451574
CSTF2T,0.0016666935483877082
LOC100996716,0.06225370967741936
COPS4,0.017568387096774666
DNM1P34///DNM1P33,0.33921532258064546
SSH2,0.05502451612903233
NRP1,0.03882750000000036
TPT1-AS1,-0.14220782258064482
TMEM168,-0.004705241935484206
MRPS26,0.0007075000000004265
RPL7P12///RPL7P32///RPL7P24///RPL7P20///RPL7P26///RPL7P23///RPL7P8///RPL7P48///RPL7,0.013626290322580968
SUGP1,0.5179385483870966
RGPD2///RGPD6///RGPD8///RGPD3///RGPD7///RGPD1///RGPD4///RGPD5,-0.39080782258064534
CDK5RAP1,0.2303169354838712
CPSF6,0.28685975806451647
GNAS,0.1454753225806455
NUDCD1,-0.01330999999999936
ZYG11B,0.1753466129032259
SS18L2,0.2823387903225808
ASXL2,0.16000241935483836
NKX3-2,-0.026055887096773922
SETD2,-0.06466427419354823
SAR1B,0.3487164516129032
DMXL2,0.023923306451613214
SOGA1,-0.061343951612902764
GATAD1,-0.12286008064516099
SMYD3,0.24242370967741955
KCTD9,0.0825858064516131
ZNF790-AS1,0.19251975806451618
CEP192,0.043626370967742606
GPR132,-0.19700161290322568
ANGEL2,0.09371532258064534
LRRC75A-AS1,-0.023353306451612356
HMGCS1,0.009623790322580872
ZNF12,-0.08114435483870978
HDAC1,0.42535274193548367
ST8SIA4,-0.09764024193548358
H2AFZ,-0.02153048387096756
EEFSEC,0.18104975806451645
PPIH,-0.12074233870967671
TMEM14A,-0.005052016129032028
PREX2,0.0640866129032263
NUP160,-0.16658314516129064
SMAP1,0.1551629032258068
SULF1,0.40581258064516146
PDE1C,-0.1269211290322576
DCP1A,0.13709629032258128
GPSM2,0.07812564516129059
HOXA9,0.1538670967741939
KANK2,0.15639072580645164
ZFX,-0.012322419354838538
LOC100132881///LOC728715///OVOS///OVOS2,0.15114967741935487
INTU,-0.08813362903225778
RNF5,0.414595161290323
NR1D2,-0.1262045161290321
SDR39U1,0.6245322580645162
FLCN,-0.061072903225806136
CCNA2,0.07183379032258087
SNRK,-0.13956129032258074
HEMK1,0.37055112903225806
ANKRD30B,-0.05889548387096738
ABHD14B///TMEM231,-0.18823564516129018
FRA10AC1,-0.10978854838709626
B3GALNT2,0.5715333064516128
WDR1,0.22841161290322615
LIFR,-0.14155008064516075
CFHR1///CFH,0.005173145161290772
ZNF207,-0.19018258064516094
LDHC,-0.3414845967741937
C1D,0.1785091129032259
GSTM3,-0.22992790322580603
DR1,0.1577064516129034
TTC27,0.06495661290322616
THOC1,-0.1908623387096769
SYS1-DBNDD2///DBNDD2,-0.009635161290321888
HMG20A,0.14687838709677475
PELO,0.28556854838709683
ARHGAP5,0.12496983870967732
EIF4A1///CD68,-0.04273620967741912
HEXIM1,0.04812596774193563
ANKRD27,0.13290838709677416
KLHDC1,-0.10390249999999963
IL6ST,0.09616862903225859
HERC3,-0.18488153225806417
IGL,0.2182273387096777
IDH3G,-0.051812096774192934
RNF6,-0.05408887096774181
ALDH3A2,0.46178887096774207
PPP2R3C,-0.022406451612902743
CASS4,-0.18929895161290328
KIAA0825,0.05508427419354922
LINC00675,-0.317512903225806
ITGAE,0.09801854838709695
CARS,-0.09295177419354812
UNC13A,0.21234532258064526
EVI5,-0.11450330645161279
EDEM1,-0.2648638709677412
ASB5,-0.04805604838709613
MRPS30,-0.3215659677419354
CMTM6,0.46425282258064504
DNAJC21,-0.04374733870967711
LPIN2,0.14508032258064557
COPZ2,0.6407512096774188
CDC42EP4,0.02655266129032266
KCNK6,-0.05995419354838699
CRYZ,0.04036048387096816
SIX1,0.1298048387096773
SOX11,-0.032980403225806365
GLTSCR1L,-0.014383709677418938
PIK3R1,0.08619362903225813
ACTR3B,0.006729435483871038
ID2B,0.25413862903225853
DUSP11,0.486674516129033
ULK3,0.7820217741935487
ARL11,0.013242903225806681
SRPK1,0.008781935483871614
TMEM9B,0.011912419354838985
RAB15,0.3758985483870967
COA4,0.13890314516129015
SFR1,0.2208326612903227
NGDN,0.5106974193548388
PAFAH1B1,0.14391830645161283
ABI1,0.10310443548387138
RAB22A,-0.06446629032258025
LYPLAL1,-0.04739048387096749
RFPL1,-0.1349712096774195
CDPF1,-0.30713282258064517
MNT,0.18678750000000033
SAV1,0.13515540322580646
UTP20,0.15952645161290335
DAAM1,-0.13697016129032225
ANKRD46,-0.15971459677419314
LARP1B,0.17668766129032298
CMTR2,-0.33969645161290274
PTS,-0.1868690322580642
FABP5P2///FABP5P7///FABP5,-0.0008199999999996795
TRIP4,0.06059725806451682
CES1P1,-0.09645177419354785
KIAA1033,0.24149580645161328
DCTD,0.17761233870967785
MGC72080,-0.3484685483870966
SPPL3,0.023497096774193524
FGGY,-0.08153701612903139
CFH,0.15068758064516155
GORASP2,0.18265169354838715
SYNJ2,-0.16785798387096704
AGAP5///AGAP9///BMS1P5,-0.01603532258064488
ZNF227,-0.16208370967741928
IGFBP6,0.46603758064516143
CREBL2,0.083224596774194
HAP1,0.03853491935483924
CCDC28A,0.2097725000000003
IFT46,0.02150209677419402
RAB34,0.3274216129032257
TMEM234,0.13980935483870985
C19orf68,-0.15129169354838695
WDR37,0.05193258064516159
HSCB,-0.12360290322580633
PER2,0.3878420161290322
SRXN1,0.18139233870967783
PSMB3,0.025681129032258256
POM121L10P///POM121L8P///POM121L9P,-0.08325330645161247
KCNT2,-0.14786556451612828
TMEM179B,0.12347645161290335
NIF3L1,0.4350102419354841
CCNY,-0.037026048387096416
CGNL1,-0.304720080645161
RALGDS,0.21213314516129067
B3GNT9,0.04553274193548407
PURB,0.056453790322581146
NOSIP,0.07996854838709716
PS1TP4,0.23876080645161296
SRGAP1,0.05203120967741957
STT3A,0.11262967741935495
MYO6,0.005772661290322582
EZR,0.24796120967741958
LOC100128223///TARDBP,0.2254980645161297
PMS2CL///PMS2,-0.021890725806451662
GAK,0.17499403225806506
KCNJ5,0.13926137096774283
OGG1,0.4779201612903234
CEP112,-0.049104999999999704
HNRNPLL,0.2075781451612907
LRCH3,-0.16709895161290295
PGP,-0.21591967741935467
EMP2,0.25626516129032245
FOXF1,0.014690241935484377
TMEM186,0.0487482258064513
SPN,0.10025379032258114
PPA2,-0.04015620967741919
LOC101928837,-0.053260725806451206
USP32P2///USP32P1///USP32///CCDC144A,0.03295983870967754
ORC3,0.16115604838709685
MAP4K2,-0.018478870967741746
CRLF1,0.1960349193548389
SLC12A1,-0.07416532258064472
CCDC113,-0.35106403225806376
PDPK1,0.2380174193548385
SP4,0.0473592741935487
ARMC5,0.037265241935483875
UTRN,0.14366766129032285
BCL2L1,0.044591290322581245
PSMA3-AS1,-0.047360887096773926
SLC17A9,0.4204800806451615
STAU1,0.017665161290322532
PSG10P///PSG5,0.023530645161290397
FBXO46,1.0694741129032255
FLT1,0.05575677419354827
KCNIP2,0.029347500000000346
PRMT9,-0.10942508064516075
KIF1BP,0.0016253225806452734
MAP2K3,0.705690806451613
GFOD1,0.08987330645161298
HOMER1,0.28953701612903227
TNFRSF10B,0.08668508064516126
LOC100130175///BBIP1,-0.24949048387096756
ARL4D,0.04882580645161286
PKI55,0.2634986290322583
HS2ST1,0.07108000000000023
HHAT,0.21763677419354815
DLD,-0.06946620967741902
MBIP,-0.030805241935483233
GNG5,-0.09545298387096748
DDX42,0.15973927419354855
ATG2B,-0.21300749999999974
PIM2,0.2881015322580647
TERF2IP,-0.08823233870967732
CERS2,0.2571779838709675
MAB21L3,-0.04502508064516107
SWAP70,-0.008297822580645304
MRPL9,0.4425762096774192
FADD,-0.003853387096774047
GTPBP4,0.24962024193548377
YWHAH,-0.2923860483870966
MRPL27,-0.00801072580645111
RPSAP19///RPSAP58///RPSAP15///RPSA,0.014318629032258105
PER1,0.3499333064516133
STK39,0.11600395161290367
C20orf181,0.019264112903226115
CLK3,0.05363161290322644
KCNK1,0.04773919354838725
MYCBP2,-0.10420185483870933
CATSPER2,-0.14046225806451568
UAP1L1,0.3076496774193551
GBP4,-0.03685782258064467
LIN52,0.028690564516129426
ZNF449,-0.13209491935483875
FANCL,-0.0016858064516126767
TNRC6C,0.012001854838710148
IGLV1-36///IGLV1-44///IGL,0.04064580645161352
LILRB2,-0.07466637096774176
MAP9,0.07318758064516162
RSF1,0.05011725806451654
FEZ2,0.13406322580645202
ATG10,0.12023258064516143
IDI1,0.007860403225806903
CST3,0.045646774193548276
PSMD8,-0.062255483870967666
BMS1P20,0.2433249193548388
TPM3P9///TPM3,-0.04392040322580621
RPL26L1,0.2892774193548388
PPM1A,-0.018647016129031857
ZFYVE21,0.3392911290322578
FEM1B,0.042725564516129355
COL6A1,0.1361307258064515
LOC100133719///DALRD3,0.6508652419354836
CARMN,-0.06417290322580645
RCN3,-0.035943306451612825
SLC44A5,0.022377661290322877
NPAS2,0.06347249999999992
MAPKAPK5-AS1,0.1323661290322582
DSE,0.03699532258064517
ROCK2,0.08707701612903247
CHPF,0.21240774193548417
SNRPD3,0.025529758064516406
ZNF844,0.06028758064516143
SYNM,0.24758209677419357
TRAPPC10,0.4145065322580643
SMCHD1,-0.1635169354838708
MAP1LC3B,0.05330104838709725
SLF1,0.027258629032258057
TMEM231///CHST5,-0.12338685483870915
ARL6IP6,0.011138870967742036
IPPK,0.08862129032258106
WARS2,0.19776024193548392
CRY1,0.2501916129032257
LOC101929181,0.1703033870967744
IMMT,0.0378450806451614
COIL,0.0860641935483874
PPP4R3A,-0.03208459677419312
MORF4///MORF4L1,-0.09110064516129
HERC2P7,0.04374629032258123
CADM2-AS1,-0.07361475806451577
MECOM,0.011625725806451737
ABRACL,-0.024313548387096116
MLLT10,-0.043914193548386875
MED23,0.0661022580645162
NUDT15,-0.007714193548386837
ERCC3,0.3933682258064518
CYTH2,0.33714395161290356
KLK7,-0.017415322580645015
SVIP,0.05569629032258076
EIF4G1,-0.08113282258064508
RPS6KB1,-0.08609782258064459
OGFOD3,-0.06798451612903199
DIO3OS,0.7325660483870966
ATP6V1H,-0.24090499999999992
TAOK3,-0.06457282258064523
LDLR,0.10050435483870956
AMPD2,0.4048743548387097
LOC100134365,-0.18991653225806412
PTH1R,0.43458435483870983
SRPK2,0.19114129032258098
ACAA2,0.09055330645161308
WRNIP1,0.19622879032258045
BPTF,-0.008964999999999647
ANKRD20A8P///ANKRD20A4///LOC728371///ANKRD20A2///ANKRD20A3///ANKRD20A9P///ANKRD20A1,0.000622903225807041
ZBP1,-0.08640056451612835
LOC731602///METTL17,0.7434138709677423
VNN1,0.043316532258065005
MRPS14,-0.09910637096774196
LOC100506675,-0.5752399999999993
TRIM31,-0.13787685483870912
TNS2,0.6452010483870965
PRUNE1,0.2518266129032259
R3HCC1,0.373104758064516
TBCK,0.027898870967742323
EIF1B,0.218059677419355
PTENP1///PTEN,-0.04579516129032198
SETD1A,0.5263666129032254
MACC1,-0.0834842741935482
SPARCL1,0.1711529838709683
FAM13C,0.0572657258064519
NELFA,0.4646212096774195
CDC27,0.04926483870967778
HCG18,0.024999758064516545
PDLIM3,-0.006850887096773955
EIF2S2,0.004023306451613064
ITPR2,0.2464258870967745
CYP51A1,-0.19097653225806407
FBXW2,0.010186290322581011
ANKRD44,0.09029830645161302
RSRC1,-0.012310967741935162
KCTD12,-0.02416080645161279
ETFA,-0.02525491935483868
NIPAL1,-0.07730266129032268
SCUBE1,0.008764596774193884
TSPAN12,-0.10510999999999956
RB1,0.09211741935483915
NYNRIN,-0.16560733870967714
ARHGEF6,-0.14552443548387045
FXR1,0.030632822580645286
ATXN7,-0.11863427419354824
LOC100134331///IGHV4-31///IGHM///IGHG4///IGHG3///IGHG1///IGHD///IGHA2///IGHA1///IGH,0.028537661290322744
NSUN6,-0.21086774193548347
STXBP1,0.10001185483871
KIAA0368,0.027153145161290748
UTP14A,-0.059965241935483436
ATXN1,0.10164983870967725
SLC4A7,0.1548077419354842
CMSS1,-0.08828524193548315
HS3ST4,0.015170806451612999
CCDC92,0.2786816935483872
SNX13,-0.19856362903225777
PRICKLE1,0.15955709677419372
LMBRD1,-0.0007936290322575939
C9orf78,0.00014000000000027185
TATDN1,0.0736758064516129
DUSP22,0.7402815322580646
WDR83OS,0.07469362903225846
RASSF8,0.1404725806451614
TXNRD1,0.059532419354838835
RRP1,0.02340620967741968
TNKS,0.38733040322580625
TGFA,0.2564168548387096
TMEM204,0.03398975806451619
TM9SF1,0.32400032258064543
RPL32P3,-0.05808733870967699
MORF4,-0.1372327419354832
DSPP,-0.0032645161290324447
RILPL1,0.11868572580645198
CAMTA1,-0.055770403225806175
SUGT1P1///SUGT1,-0.05594677419354798
PCGF2,0.19212967741935494
HLF,-0.4724948387096774
ARL6IP1,-0.08292129032258046
RPS16P5///ELOVL5,0.37134080645161305
PIAS2,-0.055058629032257805
SPON2,-0.0697505645161287
USP1,0.041112419354838954
CSTF3-AS1,-0.019248870967742034
VPS13B,0.0609462096774195
DUSP16,0.1795839516129036
ASNSD1,0.034041129032258456
CMC1,0.00643193548387112
PRKRAP1///PRKRA,0.06466596774193596
SFXN5,0.04268274193548402
SLC6A6,-0.05979701612903211
SLC35F5,-0.12869741935483886
ADAMTS6,0.06020782258064549
ASCC3,0.2990233870967745
ACRC,0.16515483870967768
STYX,-0.08154209677419294
SPATA5,0.01114830645161299
CLASP1,0.24414153225806473
MRPL30,-0.023856129032257672
TMEM189-UBE2V1///UBE2V1,0.46474814516129037
MAN1A1,0.037557983870968155
CHST12,0.30334975806451614
UNG,0.35914959677419384
TXNDC12,0.5142596774193552
CXXC5,0.3031189516129036
DYNC1LI1,0.05025790322580671
PIGC,0.4151763709677424
MRPS24,0.14149620967741935
MRPS36,0.22539241935483867
ANKRD50,-0.0932081451612898
PHF20,0.02171766129032306
SYNJ1,-0.010145483870967798
FAM173B,-0.005171532258064451
HPS1,0.40944072580645147
CLIP1,0.09338629032258086
IKBKG,0.6943324999999998
SYNPO,0.27277467741935507
URM1,0.46561750000000013
FAM220A,0.1921261290322582
GOLGA6L9///GOLGA6L5P,0.056233790322580926
MAPK1,0.47622064516129026
AVPI1,0.055593387096774936
CARD8,0.05049096774193582
TRIT1,0.13230056451612923
RAD21-AS1,-0.033411935483871016
RPS6KA3,-0.050538629032257795
PAXIP1-AS1,0.7454703225806452
RFFL,0.11175435483871009
TNRC18///TNRC18P2,-0.04755274193548395
CD226,-0.011707419354838489
SLC7A2,-0.11790483870967775
ARHGDIB,0.26722193548387124
KMT2D,0.2654516129032257
ZSCAN29,-0.01830524193548338
TRIB1,0.3287347580645162
FGF2,-0.17933943548387046
KIAA0895,-0.004263951612903223
GTF2H2,0.05411935483871004
RAD50,-0.02352862903225767
SLC25A4,0.07560870967741984
MXI1,0.24500717741935496
LARP4,0.2652036290322582
LOC440895,0.03594548387096763
MTERF4,0.04807153225806502
SELT,-0.07037967741935439
RGL2,0.2759426612903227
NEK1,0.13097104838709728
TAF1C,0.21607169354838734
CIB1,0.12307483870967784
YLPM1,-0.042395725806451436
GLMN,-0.2876721774193546
ARHGAP27,-0.10184903225806419
TEX9,-0.060053064516128615
MAPK8IP1,-0.0653711290322577
PSMD2,0.22009983870967764
RNF10,0.11199895161290342
TOX4,0.18003991935483918
SEPSECS,-0.021046370967741215
PTBP3,0.06062346774193537
FRMD4A,-0.11520346774193518
FKBP14,0.0440359677419353
USF2,0.051049758064516684
NAF1,-0.01304677419354832
RGS1,0.09665564516129058
AASDHPPT,-0.09224790322580621
CNOT6,0.003101693548387848
RPA1,0.23340016129032276
CEP126,-0.03350185483870929
FAP,0.09987475806451598
SLC25A38,0.2103787096774194
FCGR2B,-0.35790661290322523
P4HTM,0.27729096774193607
FAM206A,-0.0009829032258060373
VDAC1,0.06168967741935524
ZNF675,-0.07848725806451576
ATP5D,0.3457039516129035
SHOC2,0.06756112903225839
NDUFS3,-0.05812701612903184
SCAF4,-0.12321572580645113
TLDC1,0.11757362903225839
MGST1,0.09035282258064524
FARSB,-0.05379879032258063
TCEA1,0.09137749999999972
MN1,0.2414798387096777
H1FX,0.8494423387096771
DDR2,0.03499185483870994
C16orf62,0.5647777419354834
GATSL3,0.017164838709677298
STRA13,0.06630548387096767
GNL3LP1,0.4188422580645162
EME1,0.3959416129032259
KLF9,-0.1679244354838707
WDR33,0.1298395161290325
PTGDR,0.04697354838709705
NIPAL3,-0.05357419354838654
BTBD1,-0.005394596774193114
FGFR2,0.14981338709677408
RHBDD1,-0.04882983870967721
PAPSS1,0.24681443548387083
C11orf68,0.6996523387096775
SCG5,0.13541637096774228
GNG12,-0.017941854838709328
NUP54,-0.004995967741935203
ASNS,0.1447403225806452
FAM65C,0.3893851612903225
ST3GAL1,-0.1161436290322579
EIF2AK4,-0.28327766129032217
MFSD4A,0.1660744354838715
PNPLA8,-0.04754379032258036
FABP2,-0.011928548387096394
ERAP1,-0.05021104838709635
ECM1,-0.028535322580645034
TP53I13,0.16092975806451626
EXOSC10,0.12316185483871019
POU6F1,0.22963403225806459
LINC01420,0.1541551612903229
TBPL1,0.17441395161290343
ZNF408,-0.01746201612903181
NAPG,0.059120967741935565
HERC2,0.056824596774193825
IGLV3-19///IGL,0.010520403225806642
OSGEP,0.10100459677419366
MRPS23,0.04708620967741997
UBA3,-0.14738193548387038
LRRC8D,0.14988056451612916
CTHRC1,0.012809758064516383
DKFZp566H0824,-0.0007207258064514804
DOCK9,0.026329354838709518
OSTC,0.14291419354838755
GLS2,0.044167822580645284
LOC101927018,-0.03666709677419365
CLPX,-0.10200975806451568
NHLRC3,-0.04234064516128982
TBC1D20,0.6380279032258063
COMMD3,0.1660131451612906
PMP2,0.03486669354838701
BET1,0.0069620161290325075
GLIDR,0.04400120967741975
LINC00301,0.03407290322580661
STX16,-0.03427072580645118
PNPLA2,-0.11309338709677415
WSB2,-0.10469048387096722
SCML1,-0.03226532258064478
HNRNPH2,-0.05049846774193527
LINC00342,0.11411145161290356
CLEC3B,0.48366798387096777
ING1,-0.004948306451612691
LAMB4,0.0398908064516133
GALK2,-0.051578225806450925
MUC20,0.14267693548387128
NUP62,0.012171451612903506
XYLT2,0.281641935483871
CDR1,-0.09278677419354789
USP15,0.05175338709677426
LOC100133946///MTCP1,0.037750161290323006
TPM4,-0.06477298387096747
GLB1,0.1633575806451613
FAM219A,0.48094629032258085
GRAMD1C,0.1356000806451617
TM2D3,-0.050765000000000095
DUSP12,0.01346774193548371
RWDD4,-0.11743620967741922
HPS4,0.05603250000000026
VWC2,0.03718653225806481
AHI1,0.3299182258064517
WDR12,0.35554935483870964
LDOC1L,-0.05651879032258037
DYRK1A,0.15078137096774255
LTB,-0.047244838709677085
SMARCA5,0.006543467741935391
PAN2,0.20989887096774187
LOC729083,0.13826862903225828
PPP1R14B,-0.11971088709677422
SPANXC,-0.02160499999999942
CSNK1G3,0.40533508064516127
MINOS1,0.06401588709677458
COL4A1,-0.050900403225806266
RHOBTB1,0.13531459677419352
LOC283922,-0.1625711290322573
PDXK,0.213035887096774
SPIN3,-0.15520233870967665
MRPL35,-0.02555499999999956
LINC01279,0.009781854838709894
LOC652494///IGHV4-31///IGHM///IGHG3///IGHG2///IGHG1///IGHD///IGHA1,0.05903435483871002
GTF2F1,-0.04710637096774201
SNRPA,0.6864574999999996
EXOC6,0.06483354838709743
TRIM25,0.12685096774193594
MAP4,-0.16746306451612897
AGA,0.34853330645161307
KATNBL1,0.04040661290322603
EIF2B3,0.04160201612903257
MIA2,-0.2300179838709669
DSG2,-0.11697846774193525
CPNE3,0.07683153225806491
PTPN12,0.0639994354838713
TPP2,0.003667822580645293
EIF4G3,0.055897419354839106
PRDX5,-0.21928854838709613
OR1F1,-0.32389806451612824
POLR2J,0.4562601612903222
TENM2,0.028363951612903702
LOC401052,-0.008417500000000248
TPMT,0.024092741935484246
ADI1,0.043532741935484516
AIF1,0.05718298387096796
NOM1,-0.04369524193548323
SNX18,0.27928354838709707
ATP2C1,0.09500104838709736
TMEM126A,0.15725209677419344
TP53BP1,-0.050906612903225734
NOP10,0.27415669354838695
TET2,-0.07229491935483827
SMIM11A,-0.22630564516129018
SPATA21,0.05475612903225838
PPP1R11,0.6127170161290318
LAPTM5,-0.009246854838709233
IFNA21///IFNA17///IFNA16///IFNA10///IFNA7///IFNA5///IFNA4,0.04759854838709705
IFI27L2,0.4348286290322583
LOC84843,-0.09865048387096725
HPCAL1,0.10615588709677451
NDC80,0.06191354838709734
PCYT1A,0.30924854838709703
NPHP1,-0.01617854838709643
PPIL4,-0.3441354838709673
AUP1,0.06248975806451659
LOC101928314,-0.010285725806451568
GOLGA2P5,0.010332741935483683
CAND2,0.3541994354838708
NPLOC4,0.611165161290323
TAF9,-0.04682540322580653
MARCH7,0.037178790322581076
S100A8,-0.03785379032258071
SLC35C2,0.40128298387096795
CDV3,-0.0867749999999998
TTC30A,0.012395887096774768
NBPF10///NBPF11,-0.026655806451613133
LDLRAD4,-0.08253217741935451
CFAP36,-0.01280806451612902
CYP27A1,0.06210580645161279
EBPL,0.2942027419354839
B3GNT6,-0.022939516129031626
NSF,0.29352040322580697
PITPNA,0.09905040322580716
AOC3,-0.16196145161290257
DPP9,-0.0662910483870962
PEX3,0.07672161290322593
NUP35,0.11701943548387145
RBM7,0.2834942741935487
CRELD2,0.28032306451612926
ZNF639,-0.011562177419354717
UBFD1,-0.058851935483870646
TKT,0.30176169354838717
ZC3H4,0.0023537096774197443
COG5,0.0408715322580647
GSTK1,0.13998258064516125
BCAN,0.006160645161290432
CMAS,-0.007437661290322306
SNX6,0.13691056451612926
ELMO1,0.17993983870967784
STX12,0.006831693548387405
KLHL22,-0.08796782258064459
LOC100128288,0.10002766129032314
CYB5D1,0.5183313709677421
NECTIN2,0.38850435483870965
CYB561,0.14428008064516146
RMND5A,0.0269239516129036
RAB7A,0.08931532258064542
IPMK,0.024489596774194197
CLK1,-0.0011624999999992227
UBTF,0.0381969354838712
GNB4,-0.00530556451612858
INTS8,0.023419032258064604
NFYC,0.1843448387096776
SIK3,0.0022595161290326865
PAPOLG,0.17557677419354856
PBXIP1,0.3675208064516133
FH,0.07719951612903243
TMEM106B,0.18008967741935472
ZNF204P,0.41890322580645156
FAM102A,0.4894162096774194
RFC5,0.04535282258064569
ZNF142,0.2028259677419358
METTL3,0.03490774193548416
LOC732402///HACD3,-0.14862588709677382
LOC652779///LOC652001///KIR2DL5B///KIR3DP1///KIR3DL3///KIR2DL5A///KIR3DL2///KIR3DL1///KIR2DL1,-0.3092591935483864
CTDSP1,0.10096048387096807
PHRF1,0.2578050806451618
TRUB2,-0.03558120967741918
CPM,0.003948790322580904
BCL6B,-0.014540241935483398
FNIP1,0.10065516129032324
PKD2,-0.038746370967741646
RC3H2,-0.3191018548387091
ZFYVE1,0.16716766129032296
PDE4B,0.012260645161290691
LRRC59,0.06727467741935486
LOC728687///LOC389906,0.06268911290322648
FUT7,0.02934250000000067
NCOA1,-0.027565161290322153
CCDC25,-0.0957975806451608
AGL,-0.011558790322580097
RSRC2,0.004593145161290498
NDUFA7,0.22647072580645194
YAF2,0.09076314516128998
KRIT1,-0.09360887096774158
NID2,0.20125314516129006
LOC653904///MZT2A///MZT2B,-0.020893548387096728
REL,-0.1790137903225803
PACSIN3,0.5610435483870961
LZIC,-0.016037580645160816
KRT8P12,0.07738112903225822
ULK2,0.04261645161290352
UBE2L6,0.05671620967741974
TWIST1,0.006888145161290612
TCEANC,0.0035058870967743655
C8orf33,0.04650782258064508
ERP29,0.0051639516129036635
ERLEC1,-0.008056290322580392
HIPK1-AS1,0.028143387096774684
CD1E,0.2576011290322585
MAGEA5,-0.1991150806451609
FLAD1,-0.21348870967741898
MIR4435-2HG,-0.18014290322580592
TMEM208,-0.05470895161290268
NGLY1,-0.04171290322580612
SLC26A4,0.1817560483870969
GPR89B,-0.5127425806451602
RLF,-0.015527338709677214
ANKRD29,-0.11524443548387062
C3orf58,0.0862514516129036
TERF1P4///TERF1P5///TERF1,0.08471733870967739
GRAMD1A,0.01837516129032308
MGC27345,-0.08176249999999981
AFF4,0.0005650806451615421
DPH6-AS1,0.14021935483871
TNIP1,0.24571814516129015
NBR1,-0.013799999999999396
APPL1,-0.10220201612903201
VN1R3,-0.06029185483870944
COL4A3BP,0.022866129032258535
ICMT,-0.13359637096774177
NAA60,0.1950327419354838
PSMD12,-0.004735161290322327
LMF2,0.7241424193548384
TUBGCP5,-0.033305403225806184
LINC00923,0.03357096774193579
SKIL,-0.06936999999999996
DHX16,0.0778518548387099
NNT-AS1,0.1191478225806453
MARK4,0.3627316129032261
HOTAIRM1///HOXA2,0.6648976612903226
SCAMP2,0.27853959677419393
LOC729088,0.8650393548387094
KLF12,-0.13910701612903198
CLNS1A,0.1565522580645163
ING3,-0.005201451612903344
SNRPN///IPW,0.01286774193548407
STXBP5-AS1,0.06549588709677448
C12orf4,-0.0007099193548386114
SLC24A1,-0.013076129032257806
DNAJC14///SARNP,0.0849299193548389
LRP8,-0.12546290322580614
SNX7,0.1057825806451615
CPEB2,-0.20917322580645106
NUDT12,-0.05529330645161251
DIXDC1,-0.04413483870967744
PAPD4,-0.06239346774193526
TOM1L2,0.09180008064516151
WWOX,0.9457102419354833
FAM111B,-0.01304209677419322
TSHZ2,-0.04505951612903193
S100A2,0.30571846774193584
BTF3L4,0.058483467741935274
KDM2B,0.2573800806451616
VPS13A,-0.019990080645160772
AHSA2,-0.004127661290321974
ZNF443,-0.049583306451612394
CMTR1,0.10349580645161272
KIAA0556,0.19210669354838725
PHF2P1,-0.105299596774193
PCGF1,-0.10011927419354816
LAMC1,0.18954967741935488
TM7SF3,-0.14525241935483824
ID2B///ID2,-0.16878040322580612
FAM122C,-0.07196725806451604
CLASP2,-0.172767822580645
CDKL1,0.22478241935483903
LINC01085,0.032261935483870956
DLEU2L///DLEU2,0.017987177419355144
FAM136A,-0.006838064516128724
ACVR2A,-0.20638137096774145
EIF3LP3///EIF3L,0.11540935483870945
DNALI1,-0.008915483870967366
ATRNL1,0.055480403225806676
PYROXD1,0.10737419354838719
AMOTL1,0.1628912096774197
C12orf65,-0.007666451612902834
MARCH8,0.29938580645161345
LIMD1,0.07071693548387155
SEC14L1,-0.28674040322580585
LOC105369974,0.050140483870968006
RNF44,0.09365112903225772
KLHL5,-0.05470645161290247
ITPK1,0.8532624193548388
MANEAL,0.04860766129032257
TBC1D5,0.22403451612903208
ENPP2,-0.042189677419354664
GJA5,-0.06407822580645074
MAP3K7,-0.01408862903225746
LOC338667,-0.10190483870967701
LOC728554///THOC3,-0.17505822580645106
MCM9,-0.025104274193547618
SRGAP2C,0.24122508064516124
RPL18AP3///RPL18AP6///RPL18A,0.6789954032258066
EFR3B,-0.14041169354838662
PTGER2,0.19336185483870977
C7orf73,-0.01593120967741885
LGSN,-0.019572258064516065
PLIN2,0.12035596774193597
MCTP2,0.41160120967741926
GK3P///GK,-0.19364088709677366
MALL,-0.05323943548387086
ZNF382,0.0533949193548389
WDR73,-0.16868564516129006
KBTBD7,0.23579967741935526
LOC440434,-0.24047064516128952
GJD4,0.207913306451613
TCEAL3,0.5399711290322584
ARMT1,-0.05803217741935439
STEAP2,0.032334274193548784
COG6,-0.04124701612903184
PARG,-0.12230032258064506
ZRANB1,-0.02903249999999956
BCL10,0.2127145161290327
ATP5S,0.030046774193548512
ALS2,-0.13759895161290275
PSME3,0.11439314516129066
HLA-B,0.10867395161290327
ALG10B,-0.29381241935483804
NPR2,-0.014971451612902406
AHNAK,0.44613459677419365
CDH11,0.16309556451612928
ARHGAP26,-0.04436838709677403
ARRDC4,-0.21399959677419306
GTF2B,-0.014267096774193324
RBM8A,-0.01910612903225778
MMRN1,-0.061859193548386815
COMT,-0.011569274193548144
PRKD3,-0.13164016129032197
CCDC30,-0.13616016129032193
FYTTD1,-0.09854153225806428
SREK1,0.3367197580645164
ZNF800,0.029730564516129068
TTC39B,-0.2585002419354834
RORA,-0.019249758064515655
SRF,0.10483653225806433
GTPBP10,-0.1827603225806446
STX1A,0.4970103225806449
POU2F1,0.6125194354838707
RRP7BP///RRP7A,0.5140291129032256
SLC16A7,-0.20776701612903214
CISD1,0.028856451612903084
MAGED4///MAGED4B,0.2519312096774195
RGS10,0.05509967741935509
CGGBP1,-0.07056935483870877
GTPBP3,0.3311033064516129
RELL1,0.08973040322580648
XPO6,0.22291774193548408
ZNF570,-0.029749838709676756
CCDC50,0.3047104032258063
CIAO1,-0.04176766129032252
TMEM44,-0.04161798387096757
NDUFAF5,0.23706806451612947
DTD1,0.025732016129032753
HIGD2A,-0.0738939516129028
PLSCR1,0.10804725806451619
R3HDM1,-0.1860201612903219
FAM156B///FAM156A,0.5726850806451617
LOC728032,-0.007435806451612731
SLC2A11,0.6359033064516134
LOC100133502///JAM3,0.0606889516129035
VAT1,-0.2023570161290319
RFWD2,0.0849164516129039
AUH,0.3344823387096773
STARD3NL,-0.3888156451612901
HINT2,0.07682564516129042
CEP63,-0.005601612903225396
ZEB1,0.027402096774193883
ANKMY2,-0.008779274193547836
DAP3,-0.06008637096774167
KDM5A,-0.0787881451612899
PELP1,0.006747338709677399
MZF1,0.1362541129032261
FBXL7,0.3508462096774192
NUB1,0.4154733870967744
EMG1,0.2789477419354842
ST3GAL4,-0.0008591935483870797
TANC1,-0.0370210483870962
COG4,0.18379903225806454
SFTA1P,0.11690338709677439
SLC35B1,0.18314379032258107
CEP290,-0.011927419354838478
PPP2R3A,0.01963459677419377
HAGH,0.41097870967741945
VPS45,0.42728516129032257
GNA14,0.0692712096774197
PLEKHJ1,-0.1998919354838709
TEF,0.10810822580645175
KCNA10,-0.6222331451612896
SHROOM3,0.05866830645161321
MFSD10,0.23614661290322625
ZNF680,-0.0809909677419354
LOC728061,0.2682658870967743
RNASE4,0.06323741935483894
LOC100505658,0.05240943548387134
DEPDC4,-0.1416648387096773
POM121L8P,-0.4021574999999992
DPY19L4,-0.026715887096773718
SLC9A5,0.02248379032258064
SUPT20H,0.05389508064516177
LOC101928535,-0.04726112903225786
KNG1,-0.12187322580645099
PTPN2,-0.06342717741935468
EPM2A,0.09375072580645177
C1GALT1,-0.01600580645161243
APTX,-0.3889299193548383
ZXDC,0.24028379032258063
NDUFA9,0.3433044354838709
NCCRP1,-0.1365479032258063
SUPT4H1,-0.17754862903225777
CCDC8,0.4759338709677421
MTX2,0.20730814516129076
RUFY3,0.4678420161290326
KPNA3,-0.06627790322580607
ATXN7L3B,-0.35825290322580633
AGGF1,0.05279629032258066
FTCD,0.044767661290322835
FBXO9,-0.04893758064516085
ITPRIPL2,0.04775911290322614
CD302,0.16518645161290352
VPS13C,-0.022017580645161128
MAD2L1,0.12868548387096804
INMT,-0.10588879032258026
SNAPC5,0.8074318548387093
SPRR4,-0.10296354838709633
FLJ14031,-0.14145185483870953
AIMP2,-0.03034967741935487
PAWR,-0.18310048387096758
ABCC4,-0.05816298387096748
COG8///PDF,-0.2035109677419347
TMEM52B,-0.009768629032257647
SUPT20H///DES,-0.02659306451612861
CCDC142,-0.0034467741935483402
GOLGA8F///GOLGA8G,-0.06478451612903217
CDC42BPG,-0.09841395161290258
RNASEH2A,0.08458620967741962
FZD4,0.039609596774194206
OTUD6B,-0.048017580645161
CNDP2,-0.14750459677419375
CAPN13,-0.17151782258064494
EFCAB11,-0.21821620967741906
MIF4GD,0.5950593548387095
EMC6,0.380035
GOLPH3L,0.14316250000000036
SHISA6,-0.21796935483870922
ZNF334,0.14839951612903243
BHMT2,0.24598193548387148
PTPRM,-0.06117685483870923
POMT2,0.3068955645161292
CEP68,0.30405370967741924
DDX20,0.003130000000000379
MYOF,0.006241854838710301
SNHG10,-0.03417830645161243
DDIT4,0.06437290322580659
C11orf49,0.092280483870968
FGFR1OP2,0.027600967741935857
HDAC2,0.054846048387096655
KIAA0753,-0.04043830645161248
SRCAP,0.15635669354838738
NDUFS2,-0.06796346774193554
PDIA3,-0.009717580645161034
LOC100133859,0.09191064516129056
PSME2,-0.007443951612903076
UTP14C,0.21734701612903226
PSG3,0.07499911290322625
FNBP4,-0.1203586290322578
C17orf75,0.02097161290322597
STMN1,0.19005104838709708
METTL16,0.13995669354838747
MTMR11,0.24278379032258052
EGR2,0.1700491129032255
MAN2A2,0.05747459677419378
INTS12,-0.15597419354838685
ZDHHC20,-0.05956701612903165
SLK,-0.2776429838709673
POLG,0.023736048387096798
GIMAP7,-0.005353064516128712
LOC729162///LOC389906,-0.3836975806451607
MLF2,0.30038282258064536
ZNF765,0.07647411290322614
LEF1,0.03772250000000038
ACBD5,0.13149806451612955
INTS6-AS1,0.11712209677419355
TAGLN2,0.2024689516129034
CBX6,0.716344758064516
SEC24B,0.09483145161290372
ADSS,0.12201153225806458
G2E3,0.21148629032258087
LOC100288590,-0.04007346774193494
MLLT1,0.6549433870967745
ZBTB38,-0.020793064516128775
PLD3,-0.00970661290322506
PJA1,0.40269104838709685
PTPRF,0.15840661290322586
APOL1,-0.014857258064515752
WDR34,0.03721548387096821
MTCH2,0.2527388709677421
ACTR3BP2,0.14485096774193593
VPS16,0.031303064516129644
LOC101928327,-0.023122419354838407
PDE3B,-0.11720991935483832
OARD1,0.07154475806451638
ALDH6A1,-0.2681783064516126
BACE1,0.0072125000000004685
USP6,0.28618774193548396
UTP3,-0.049491370967741616
SLC6A10P,-0.21952717741935363
GCLM,-0.02680959677419285
TP53,0.7028649999999996
VPS51,0.32564669354838716
VPS8,0.004168709677419463
RCL1,-0.15702612903225743
IAH1,0.15804322580645214
LZTS2,0.028464838709677677
ZMYND11,0.043609193548387416
KDELC2,0.06614161290322626
LOC101927040,0.10520951612903262
PCNX1,-0.03304604838709651
TLE4,0.08696612903225819
CHD7,0.08361354838709703
EGFR,0.001574838709677718
TCEAL7,0.005777258064516139
DDHD1,-0.16797274193548345
EHHADH,-0.013729112903225215
CPN2,-0.019903870967741835
C2orf42,0.3861270161290323
RAB9A,0.037157419354838905
GTF2E2,0.48596693548387115
TBC1D4,0.3183332258064518
NT5DC2,-0.12099733870967713
ZNF830,-0.26899959677419344
PPP3CB,0.09325387096774182
MICAL3,-0.12362927419354808
KCNS2,0.06434814516129056
SSX4B///SSX4,-0.032665967741935364
FYN,0.0808762903225809
M1AP,0.020853467741935597
REV1,-0.08691217741935446
TMEM126B,0.04879693548387133
FANCM,0.009108306451612926
FGF22,0.010608145161290609
LOC100996255,-0.03523588709677396
PUF60,-0.05618120967741893
CFAP43,-0.10314830645161249
NSL1,0.20555282258064528
CASP8AP2,0.025148790322580897
CACUL1,-0.12803008064516141
MXD4,0.6047281451612901
PPP2R5A,-0.03446758064516097
RBM10,0.12291129032258108
NFU1,-0.041484596774192924
ORM1,-0.29750758064516103
TSPYL1,0.06428895161290335
LILRA6///LILRB3,0.030013548387096994
SCD5,-0.12758379032258038
RBM26-AS1,0.03191653225806476
KIAA1462,0.066368064516129
POLR2L,0.3356962096774192
LCMT2,0.05122137096774248
CRLF3,0.755605564516129
TMEM19,0.09709548387096771
SESN3,0.10802314516129093
LOC101928618,0.0805466129032264
SLC25A32,0.19735822580645174
FSD1L,0.009595967741935722
TGFB2,-0.0377280645161285
LOC100190986,-0.12269604838709644
SETX,0.05933693548387147
FAM172A,0.4373833870967744
ZNF232,0.2476932258064516
MTPAP,-0.01579758064516134
MTERF2,-0.029436854838708983
ZSCAN30,0.22171701612903214
IMPACT,0.017068064516128953
LPCAT1,0.05394322580645199
DNAJC10,0.007338225806452109
TECRL,-0.03397080645161242
BTBD7,0.006358790322580798
SS18L1,0.19275306451612928
EPYC,0.26822959677419356
MB21D2,0.058730725806451625
ID4,0.24652008064516173
TEX10,-0.05924225806451576
EXT1,0.3091076612903225
LOC100288152,-0.29046564516129003
EXD2,0.09313225806451611
RNF135,0.09552733870967714
SPTY2D1,-0.05293451612903181
TOB2,0.09425548387096805
DOPEY1,0.20533362903225794
SNAP47,0.5336406451612903
APOPT1,0.06396298387096754
KBTBD2,-0.17297725806451605
FRMD6-AS1,-0.17936249999999984
CHM,-0.025325161290322265
LOC106146153,0.06335411290322629
GALNT16,0.9424824999999999
AZI2,-0.038094677419354336
GPAT3,-0.13816258064516118
AARSD1,-0.39679153225806396
GAPVD1,0.007618709677419767
POGK,0.00779612903225866
EIF2AK2,0.13036750000000039
PAK3,0.06760709677419388
ZNF384,0.197147903225807
LOC105372526,0.2508577419354838
SLC11A2,0.2877573387096777
IFNAR2,0.004722177419355038
CLOCK,-0.0053454838709672756
PRDM13,0.25392830645161296
ZSCAN18,0.051181612903226044
SNAI1,-0.07451459677419324
UBA1,0.3116052419354841
POLR3B,0.054930403225806376
HCFC2,-0.05350604838709662
PSAT1,0.4200137096774196
CLYBL,-0.03560435483870937
NDN,-0.14815798387096712
FAM198B,-0.10935959677419328
SGSM2,0.5812145161290317
RAP2A,-0.025328387096774096
NOP2,0.5389166935483878
UBE3B,-0.002310322580645106
DDX54,0.0012116129032259046
B3GNT2,0.049923145161290636
TCF3,0.257902419354839
PALM2-AKAP2,-0.09896653225806402
EML1,0.006649274193548497
MEMO1,-0.004527499999999684
RIOK2,-0.11531903225806439
TMEM251,-0.0964822580645158
USP24,-0.011175967741935133
TIMM10,0.0044224193548390665
UQCRC1,0.13978064516129057
CNIH4,0.19635556451612898
FOSB,0.3022345161290328
ZC4H2,0.06796669354838714
HAUS4,0.2963487096774195
MOGS,0.23077258064516137
FRK,-0.011345241935483523
PANX3,-0.122856774193548
LOC400692,-0.11496346774193476
LRMP,-0.0898426612903224
LOC648556,-0.09704193548387066
CENPQ,-0.036416209677418765
SMCR8,-0.0056778225806450346
BAG1,0.18984629032258116
ZSCAN12,0.18718717741935506
CALHM2,0.14205096774193612
SH3GL1P1,0.09969193548387112
GNG7,0.15870346774193594
HNRNPA1P36///HNRNPA1P59///HNRNPA1P51///HNRNPA1P22///HNRNPA1P53///HNRNPA1P33///HNRNPA1P50///HNRNPA1P10///HNRNPA1P52///HNRNPA1P12///LOC642817///HNRNPA1P30///HNRNPA1P39///HNRNPA1P56///HNRNPA1L2///HNRNPA1P60///HNRNPA1,-0.052906370967741666
GNA11,-0.04943798387096712
GTF2H5,0.07625427419354852
RMDN1,0.07126403225806469
DNAAF2,0.02495588709677482
GRIA4,0.14575274193548426
MINPP1,0.0995135483870972
MFAP3,0.03779830645161302
ADSSL1,-0.0728487096774191
PNPLA4,0.0453440322580647
PSG7///PSG4///PSG1,-0.10938846774193497
ARL4A,-0.20805612903225773
UBXN1,0.42006306451612907
IL7,0.01415911290322618
RAB11FIP3,0.11858177419354843
GIGYF2,-0.06764903225806419
CTSLP8,-0.011590806451612857
TNRC6B,0.11158330645161321
GPR157,0.49752193548387114
LOC647506///IGKV1-5///IGKC,-0.052021451612902996
UQCC2,-0.017698951612902886
GABRG2,-0.07962846774193486
DEF8,0.08254153225806482
ALYREF,0.42696604838709673
APEH,-0.2899782258064507
MRPS25,-0.0134763709677415
PPP6R3,0.12665991935483928
TPST1,0.13500927419354847
CBX3,0.1287677419354841
HIPK2,0.21203604838709694
ZFHX4,-0.13759862903225756
GAB1,-0.0017631451612898398
ITSN1,0.16266895161290298
FAM65B,-0.05370008064516085
LOC100131845///IGHV4-31///IGHA1,0.17132564516129084
ADAMTS1,-0.009775161290321945
PNMAL1,0.10118330645161258
LBR,0.1005834677419355
IL1RAP,-0.15422379032258038
NDUFAF2,-0.20607080645161263
ATP6V1A,0.06446145161290326
HEATR5A,0.10600846774193579
MT3,0.03582008064516154
KLF5,0.033642580645161464
PPARA,0.3362170967741938
PRKAG2,0.0021298387096779954
LOC105375172,-0.12602620967741876
ALDH1A3,-0.5550803225806442
TRIQK,0.0021999193548391943
TCAIM,-0.3028551612903225
BANF1,0.3511610483870966
FBXO21,-0.017061612903225727
KIAA1257,0.13243427419354875
SSBP4,0.18227870967741922
UHRF1BP1L,-0.005526532258064169
CTBP1,0.4223785483870966
MRPL34,0.29518903225806464
GPR4,-0.0018201612903224022
KANSL1L,-0.31591266129032247
TBC1D13,0.19017701612903257
NDUFA3,-0.005178870967741889
TBC1D8B,0.10997556451612939
DHRS7,-0.13272201612903223
CBS,0.09108999999999984
LOC101927363,-0.042063548387096236
PDZRN3,0.0493623387096776
SLFN5,0.023771048387097104
UQCRFS1,-0.08727233870967718
RAB4B,0.24151177419354852
REST,0.04536153225806473
HSPH1,0.005551532258064646
NOTCH1,0.04388314516129073
FBXW5,0.3995489516129034
TF,-0.32589096774193516
HHIPL1,-0.04514370967741933
TMTC1,0.30795782258064547
PLAA,0.15450258064516148
MMRN2,-0.014888790322580073
IGHG1,0.06716225806451621
C7orf50,0.04582008064516143
ATP6V1F,0.2419612096774192
SS18,-0.15078854838709602
BRD2,0.10279209677419371
ANKRD13A,-0.031839112903225456
REPS1,-0.32873419354838684
LOC729732///FAM93B///LINC00937///OR7E140P,-0.04786145161290252
SNX2,0.22988354838709696
LPGAT1,-0.05050379032258017
CFAP69,-0.22280120967741887
ETV6,-0.5996041935483867
PRPF40B,0.16983282258064517
SERPINI1,0.06809895161290379
PEX12,-0.05088137096774141
HTATSF1P2,-0.08672701612903207
TTC14,-0.023552983870967388
SLC10A7,-0.03410491935483852
VWA3B,-0.11229887096774173
LCA5,0.052655080645161084
SHISA3,-0.02277838709677405
ACTR8,0.014405564516129673
BAALC-AS2,0.0026495967741938225
POLE3,0.09879298387096777
QTRT2,0.05965637096774205
KLHDC4,-0.006519435483870309
MTFR1,0.03685500000000047
DCUN1D1,-0.11700814516128982
VPS4B,-0.02730040322580659
LMCD1,-0.09235370967741917
FKBP1A,0.18701282258064533
TRIM73,0.16894693548387074
MAP2K4,-0.13494524193548307
SUPT7L,0.043052822580645446
ILK,0.006317822580645355
PECR,-0.2037799999999996
LRRC40,0.05994048387096786
SEMA5A,0.06444274193548433
NUDCD3,0.11735516129032245
RNF217-AS1,0.07981427419354882
DECR2,0.25041258064516164
ZNF274,0.030642338709677804
ID2,-0.013512983870967353
AGBL3,-0.03676419354838687
TMEM147,0.09867959677419372
ECHDC1,0.1428804032258065
RFPL3S,-0.05609403225806421
KLHL25,0.04244096774193591
ARHGAP42,0.08994854838709701
HTR7P1,-0.04891516129032218
RRM2,-0.013504516129031866
PAXBP1,0.12549362903225814
MTX3,-0.1431913709677417
PRPF38A,0.04874266129032262
ANHX,-0.1411336290322575
CCDC102B,-0.017901532258064137
POGLUT1,0.3821738709677418
LOC107105282,0.0840150000000003
PPP1R3D,0.018659274193548667
GAR1,0.028070967741935647
LRIG3,-0.0049636290322577666
MYOZ2,0.08183177419354877
RBBP9,0.24746798387096797
LOC400622,0.06644701612903255
LOC100133951///GPI,0.35185612903225827
CHMP1A,0.2799010483870965
NRAP,-0.12965572580645135
PIGR,0.16470645161290356
NTRK2,-0.052464032258064064
PRKACB,0.1384608870967743
PPP1R2,-0.057416693548387195
CYC1,0.14497443548387104
KIF24,-0.031215322580645022
SLC25A29,0.0784796774193555
ENKD1,0.1602610483870967
ENOPH1,-0.01256604838709676
VPS37A,0.14746362903225846
SFXN3,0.1616573387096776
GK5,-0.2771306451612898
LOC100132181,-0.007627338709677169
SLC17A2,-0.13916145161290255
IMMP2L,-0.10215919354838687
NUP153,0.04959241935483884
C4orf48,0.21380217741935464
LOC105376323,-0.010230080645161135
TEX2,0.3452839516129033
ZNF117,0.1156621774193551
UBE2D2,0.0354931451612905
PDPN,-0.0394936290322579
SPG7,0.5020337903225802
TBC1D15,-0.01553862903225777
TPD52L3,-0.007686209677418759
PYCR1,0.36052766129032265
DPY19L2P4///DPY19L2,-0.014003225806451216
RBM48,-0.1548765322580643
MSMO1,0.028303145161290694
STK19,0.061870161290322856
DERA,0.40376620967741955
FLI1,-0.08469572580645124
HAS2,0.017816532258064864
CPEB4,-0.16896072580645136
CRIPT,0.2819468548387095
PIK3R4,-0.25796508064516077
IGIP,0.05498911290322603
SLC25A33,-0.13467822580645106
ZNF316,0.06937362903225767
MCMBP,0.05663612903225846
NEDD4L,-0.12328596774193532
EHD1,-0.07558516129032201
TM2D2,0.06545782258064509
RNF38,0.07907846774193622
FAM214A,-0.17260249999999958
DNASE1,0.04735822580645178
SNHG1,0.40736193548387123
IFNA21///IFNA17///IFNA10///IFNA7///IFNA4,4.750000000049463e-05
HNF4A-AS1,-0.22207306451612857
YAE1D1,0.10894782258064566
BPY2,-0.010946854838709417
TMEM18,0.07492145161290373
ANXA8L1///ANXA8,0.14183580645161342
KIF23,0.07209943548387115
CALCR,-0.1942204032258062
PKN2,0.25302862903225837
TIA1,0.028146290322580907
MED21,0.18652895161290353
IGFBP2,0.017108548387097258
TOMM5///SHB,0.1933471774193551
VCP,0.37502959677419334
UBE2B,0.0952050806451609
UBQLN1,-0.11026596774193533
CHCHD6,-0.07979887096774148
CMC2,0.46633693548387084
ZNF711,0.03400419354838776
PFDN2,0.176615806451613
MAP3K6,0.08224612903225803
CHSY3,-0.010638225806450956
SLC25A43,0.03024532258064571
AKAP10,0.011522338709677594
ZFP42,-0.06458653225806421
COBLL1,0.15174927419354883
EBF1,-0.02752338709677377
IQCC,0.07125250000000061
MYLIP,0.19818685483870985
CDK8,-0.1930882258064512
SNCAIP,-0.13072475806451567
LSM8,-0.09803524193548356
SMU1,-0.39417322580645076
SP100,0.022233709677419815
ELAVL1,0.2146917741935487
OVCH1-AS1,0.0899475806451617
ATF6,0.11675532258064537
UBE2J2,0.20372282258064545
ZNF33A,0.05822741935483876
PTGS1,-0.1898524193548385
SAE1,0.09104879032258098
CSRNP1,-0.011578306451612574
ZNF568,-0.06640967741935423
NRG1,-0.09035169354838725
IKZF5,0.007311612903226036
EIF2B1,0.2019183870967744
ATL2,0.27820379032258086
PPP2R2A,0.008674435483871592
HEATR1,0.036209838709677644
ZNF573,0.013993870967742244
PTPRA,-0.020397822580644702
TCTN3,0.36291274193548406
GMDS,0.19014209677419366
SYCP1,-0.0007678225806451253
MAPK8,0.01544354838709715
CCNT2,-0.08613096774193506
LOC101928583,-0.1376429032258062
PDCD10,-0.05098524193548387
RFK,0.002219919354839034
EPHB3,0.17291967741935516
SLC35D1,0.11715927419354838
RGS12,-0.09014443548387041
CYTH3,0.10831419354838734
OGT,0.18986370967741942
VPS4A,0.1642156451612903
CNKSR1,0.22069451612903257
PRAME,-0.006340564516128546
PAPPA,0.6223216129032259
LTBR,-0.04613185483870943
ZDHHC21,0.02202564516129063
NAA10,0.13760572580645186
DNAJB11,-0.0372571774193548
PYGL,0.02279556451612951
TMEM70,-0.03050935483870926
INTS10,0.03842838709677446
FUBP3,0.05689137096774223
DDX39A,0.4115785483870968
HCCS,-0.013970403225806085
HYMAI,0.22762604838709682
CYBB,0.05914653225806474
EYS,-0.2028779838709672
FAM135B,-0.12060161290322566
LRRC19,0.010975161290323082
IGLL3P,-0.2424817741935478
SMIM8,-0.07560725806451554
NAGK,0.32302620967741963
RNMT,0.07209016129032245
EIF3B,-0.24141999999999927
ADRM1,0.12373169354838703
PIGK,0.07351008064516171
PODXL,-0.012293306451612578
NAMPT,-0.017336935483870664
AIMP1,0.021324596774193995
BECN1,0.021577177419355144
FAM168A,-0.0174103225806449
PROSER1,0.14684241935483874
NKIRAS1,-0.08480072580645127
ZNF441,-0.014398951612902652
MRGBP,0.20388637096774231
ZNF322,-0.00231298387096739
CRISPLD2,-0.04027604838709649
CTSC,-0.05345895161290273
MAPKAP1,0.07146314516129038
FIS1,0.08807556451612882
EFCAB12,0.14253830645161364
LOC150776///SMPD4,-0.031268467741935105
NOP16,0.36209741935483913
MRPS31,-0.03868451612903157
ZNF785,-0.0009616129032252105
TAF3,-0.04252774193548346
PDGFD,0.0003635483870970159
RRN3P3,-0.048431370967741375
LOC100132323///EXD3,0.6306933064516129
CREM,-0.07149306451612863
MED13,-0.040178145161290334
TRAPPC13,-0.020151209677418864
CCDC85A,0.02457838709677456
FAM213A///TMEM254,-0.03580959677419337
CXorf38,0.019609919354839127
CYB561A3,0.2280945967741938
COL24A1,-0.05784596774193518
HAPLN3,0.11183604838709679
ZNF432,0.3138339516129038
MDM4,-0.01039161290322534
CAMTA2,0.3925703225806453
VDAC3,-0.045200725806451326
ARMC4,-0.16238870967741909
EMC10,0.148754112903226
DKK1,0.17541645161290353
TTN,-0.022676129032257658
DICER1-AS1,-0.022192338709677115
MOB1A,-0.09348032258064458
NBPF10///NBPF1,0.1365379838709678
BEND5,-0.013657580645160483
HACD2,0.037065564516128954
CARNMT1,0.04200830645161313
RAB33B,-0.04511209677419304
SNX17,0.2502681451612902
LOC101927124,-0.14378024193548308
RPF2,-0.027967338709676853
ARID5B,-0.12215395161290263
CNOT11,0.18769137096774244
RAB2A,-0.08572467741935436
IQCK,0.23138185483870968
RPL23AP87///RPL23AP82///RPL23AP7,-0.042746048387096364
LOC100132134///GUSBP3,0.044124193548387335
IRF8,-0.06015354838709637
APLNR,0.02008508064516162
DDIT3,0.3232420967741938
CDK16,0.0394364516129036
R3HDM2,0.07708354838709705
WDR35,-0.04117556451612866
ZBTB16,0.2786741129032262
LRCH4,-0.06665717741935459
NT5DC4,-0.13677475806451597
F13B,0.06570516129032312
HELQ,-0.8471560483870966
ARFIP1,0.1484800806451617
PPME1,0.3067149193548389
MTUS1,0.05185943548387144
MEX3A,0.01999862903225844
BRD9,0.017410000000000207
ZC3HAV1,0.1285336290322584
MSI2,-0.06365032258064487
BBS4,0.036096129032258464
SURF2,0.12549177419354865
CKLF,0.2601513709677421
TMED4,0.46515943548387084
C3orf79,-0.04577354838709613
STARD10,0.04664629032258101
MRPL48,0.2520112903225807
LOC649305,-0.05524580645161236
ELOVL6,-0.008366774193547937
NOL4L,0.05302935483870985
COL18A1,0.2524929032258065
AKAP5,-0.032945967741935145
NAP1L4,0.19992637096774232
ZMPSTE24,0.043918306451613175
LANCL1,-0.011490967741935365
C11orf95,-0.0992308064516126
THUMPD2,0.03915629032258083
NOCT,0.1751668548387102
UBE2H,0.004839677419355492
YBEY,-0.11000314516128956
CTU2,-0.17789427419354786
ADAMTS9,-0.025170322580644583
CABP4,0.007559919354838837
LOC100134711///LOC100132740///STAG3L2///STAG3L3///STAG3L1///STAG3,0.08870701612903266
DDX58,0.13925983870967787
CCDC15,0.09713459677419398
HMGN4,0.10948862903225853
TTC26,-0.06200032258064479
CHML,-0.04061991935483832
LOC101928277,-0.07358185483870924
ZNF259P1///ZPR1,0.0717470967741935
MRPL44,-0.14137653225806404
DEFB119,-0.03950516129032235
PTDSS2,0.16589943548387096
HSDL2,0.07833153225806459
MPG,0.20538032258064542
OTUD7B,0.16859483870967729
ANGPTL4,0.3135434677419357
CCDC18-AS1,0.11933911290322599
ZNF580,0.5176309677419353
C1orf52,0.1749675806451616
THAP9,-0.014858064516128772
PCGF5,-0.020039032258064318
CHKB,0.1331216935483869
NUDC,0.005752822580645498
CLMN,-0.0798616935483869
BLID,0.025436048387097034
ELAC2,0.0008950000000003747
ADGRE2,0.1976107258064519
DMD,-0.02659483870967705
CDKN1C,0.5891535483870969
SSU72,0.3835570967741935
HCRTR2,-0.01802677419354802
KIAA1549,-0.1426140322580639
PRPSAP1,0.023805806451613273
CEP152,0.09005314516129027
LOC101927292,-0.04268217741935451
FBXO8,-0.16619411290322492
AGFG1,-0.05899475806451573
SPIDR,0.016744838709677877
ZMYND8,-0.1826513709677418
ADPRHL2,0.5338974999999998
USP3,0.15829241935483926
PI4K2B,0.06962862903225814
MAML3,0.09652161290322599
ZNF32,0.20685782258064567
FOXJ2,0.04523596774193554
PCDH18,-0.05306854838709607
KRT40,0.003077580645161593
WDR7,-0.010994193548386762
ALG6,0.05689508064516174
CDH5,0.04201588709677452
PTPRK,0.5569620967741938
SLC25A13,0.005176854838710049
FAM161A,0.04555459677419382
TMEM108,-0.1272737903225805
RFPL3,-0.013994838709677222
NELFE,0.10814040322580712
MDGA2,-0.08292991935483854
GPC6,0.13381120967741955
FRYL,-0.013020483870966978
SKP2,0.325455322580645
LRRC15,0.19089491935483896
PAPD7,0.017955806451613335
BMP2,0.112156451612903
ARSJ,-0.016146532258064037
KIAA1614,0.17917879032258086
HRG,-0.40843999999999947
NUDT19,-0.06724669354838675
GFM1,-0.13511096774193518
NUDT9,-0.09786258064516046
SCNM1,-0.02183782258064515
ADGRA3,0.16888403225806461
MAGEA4,0.03571048387096774
CLCC1,0.10548419354838715
UTP11,-0.1965300806451609
USP53,-0.016077903225806076
AIDA,-0.01294677419354854
TMEM170A,-0.008172499999999925
C14orf28,0.670332741935484
KMT5C,-0.026525645161289996
LOC644450,-0.017756451612902756
UBE3C,0.0004768548387097469
UBE2E1,-0.02360903225806391
PDE7A,-0.07897096774193568
RPGR,-0.032029032258063805
C17orf67,0.15252161290322602
SSX5,0.06554967741935488
KLHL28,-0.024109596774193123
SELENBP1,0.3409056451612904
AKT1,-0.08718879032258016
UVRAG,0.09701314516129075
MOB4,0.06091516129032294
SAMM50,-0.06480451612903204
KMT2C,0.056165322580645174
G0S2,0.3842749999999996
MAML1,0.08684564516129048
TUBA4A,0.26991741935483865
TUBB///TUBBP1,0.1812453225806451
FCRLA,-0.10549249999999949
STEAP1,0.08150233870967769
VEZT,-0.12372145161290264
BAG4,0.12523258064516113
UBE2D1,0.040472016129032555
SC5D,0.02141750000000007
KLF3,-0.09265354838709666
FCHSD2,0.014125564516129077
RNF114,-0.03166411290322532
PPM1L,-0.043619274193548184
C21orf2,0.5985463709677419
ZNF552,0.0017929838709681376
KRT222,0.035222822580645526
TCIRG1,0.05980120967741952
FKBP8,0.1994704838709681
IKZF2,0.038840000000000194
TMEM167A,-0.005625806451612593
DIMT1,0.41854645161290344
ESM1,-0.10017330645161267
PXK,0.015676209677419787
IRAK3,-0.13088032258064466
TOPORS,-0.16171814516128988
TTC25,-0.007759516129031996
PIK3CD-AS2,-0.14256903225806436
FAHD2CP///FAHD2B,-0.07951233870967704
NR2F6,0.28179104838709684
PDE8A,0.12803177419354886
KLHL34,0.07799741935483928
DNAJB4,0.006801451612903512
SLC16A11,0.02954419354838747
METRNL,0.040520080645161244
LSG1,0.35001145161290315
THAP1,0.09097669354838725
EMBP1,-0.03443209677419358
BACH1,0.1350864516129033
COPS3,0.07651137096774216
ELL,0.27298604838709717
RBM11,-0.03175967741935478
BLOC1S4,0.431262177419355
SLC38A10,0.17528798387096806
FRMD6,0.013553790322580708
SETBP1,0.6785683064516127
SH3RF1,-0.08705758064516089
ZMYM5,-0.05533516129032253
SMIM10L1,-0.0024706451612901657
HOXB3,-0.20531161290322542
GSTT1,-0.061205483870967456
PHF14,-0.0028342741935480312
DMXL1,-0.023857016129031756
RAB40C,-0.43152814516128984
SFSWAP,0.18014822580645207
ZNF738,0.04108362903225859
ARAP1,0.17619129032258063
VPS36,-0.10348451612903219
HSPA14,0.06643177419354865
OR5AK4P,-0.021401370967741508
PHF6,0.04190362903225822
HMGA2,0.16943895161290343
LOC100129513,0.017476129032258075
HAUS7///TREX2,-0.05826427419354792
PPIG,-0.004136209677418978
SEPHS2,0.05062177419354867
CDKN2AIP,-0.20902241935483856
GOLM1,0.21253274193548433
LOC650293,-0.2619974193548379
RAPGEF6,0.04406725806451651
ZFP69,0.08660161290322622
DKK2,-0.1925777419354835
ZBTB5,0.13580870967741962
USP13,-0.06211862903225775
TUSC2,-0.03433991935483857
KHDRBS3,0.018021209677419672
HIBCH,0.08795282258064582
CFI,0.02625637096774211
ATP8B3,0.08709306451612955
SORBS1,0.16690830645161325
RAB40B,0.10403661290322581
HMGXB3,-0.11954274193548396
PLEKHA1,-0.16888741935483853
TMEM245,0.4118170967741938
EIF1AD,-0.024626451612902854
TRMT1L,0.057230725806451624
ATF5,0.09620717741935499
RCBTB1,-0.1858532258064512
TNFSF13B,0.07266943548387117
ANKRD6,0.004063306451613381
SSBP2,0.37551056451612935
FAM201A,0.0010195161290324963
TRAPPC12,-0.06646725806451564
CLCN7,0.17849685483870992
LOC401320,-0.06390798387096736
HSD17B7P2///HSD17B7,-0.008055887096773578
SLMAP,0.031802983870968166
FAM199X,-0.22783733870967723
MET,0.05276080645161323
SCRIB,0.1288510483870966
LYZ,-0.18814975806451553
RUBCN,-0.13022330645161267
ZNF492,-0.06418935483870938
DNAJC18,-0.1731587096774191
UPF2,0.20471758064516166
KLHL3,-0.024773387096773847
RNF219,0.08669322580645136
KLHL20,0.03665233870967756
EPPK1,-0.17753193548387072
SCAND2P,-0.021184596774193237
LHFP,0.3393713709677419
FOXK2,-0.07408370967741874
PACRG,0.2312828225806453
DDX60,0.0339048387096774
PARD3,0.11071524193548465
MED1,0.00652758064516161
APC,0.012055241935484073
CCDC174,0.017214919354838695
TRIM32,0.07235040322580655
PDHB,-0.09352564516128992
NUDT5,-0.026190483870967562
SLC6A1,0.06507112903225856
GSK3B,-0.06829443548387071
BORCS7,0.22386709677419359
NABP1,0.010472580645161343
TTC33,0.12291927419354903
P3H2,0.3607674193548386
ETFB,0.0108947580645163
DNAJC25,0.15096500000000088
LOC285097,0.04739040322580698
TSSC4,0.2539937903225811
ZNF365,0.009277983870968315
ZNRF2P1,-0.13675822580645106
SMG8,0.11196556451612946
KIAA2013,0.03821112903225854
LYRM2,0.197277177419355
LINC00485,-0.10077677419354822
EFCAB2,-0.08580806451612884
NUPL2,-0.024861370967741662
RHBDF2,0.1729083870967748
ADAMTS2,0.00020612903225852158
SPOCK3,0.0011658064516132378
CCDC148-AS1,-0.061988145161289934
N4BP1,-0.36273524193548307
EFL1,-0.0010614516129027144
AFF3,0.18543024193548371
SETD1B,0.09204072580645153
HEXDC,-0.008207580645161063
SYF2,0.09507919354838751
GPATCH11,0.002001129032258296
USP32,-0.1984291935483866
SPRED1,-0.3556230645161287
MANEA,0.07410153225806498
LOC105374928,-0.07679903225806421
TBX22,-0.0567975
PHC3,-0.044311532258064515
LSM7,-0.042251048387096264
PDIA5,-0.04939241935483853
TRAPPC5,0.36943080645161314
CEP170,0.18069846774193588
TXN2,-0.08260741935483805
LOC729589,0.16157556451612917
RPEL1///RPE,0.0011480645161292616
NPEPPS,-0.01882338709677401
GLRX5,0.07801975806451662
PDGFRL,0.24317620967741937
GPR1,-0.07002193548387071
LOC101927314,-0.021192661290322382
PDCD6,0.6234183870967742
CXCL5,0.15241056451612955
DRD1,-0.20771330645161257
SLITRK6,-0.07816733870967738
DGCR14,-0.004766370967741207
DESI2,0.16289298387096807
TNIP2,0.13211491935483893
RGS13,0.02053516129032275
ACOT7,0.15235637096774277
FADS2,0.046187822580645514
ZNF608,0.16123846774193637
FKBP4,0.5375827419354836
PARP1,0.03077040322580657
FAM129C,0.09157064516129058
ZNF264,-0.22179870967741885
PKP4,0.15988750000000002
APPBP2,0.07823548387096832
THRSP,0.09471919354838745
ZNF763,-0.08902774193548321
CCNC,-0.008961854838709142
EFTUD2,0.015184193548387445
DENND4A,-0.4280178225806443
TXNDC9,0.04969532258064542
RALB,0.09052693548387135
MTHFSD,0.003990806451613012
ZNF585A,-0.005207499999999837
TTC4,0.28201774193548396
TMCC3,0.09718758064516123
SCG3,-0.0031806451612900926
LINC00624,0.010576370967742436
RWDD2A,0.04373008064516131
RGS5,-0.005683629032257706
SDHCP2///LOC642502///SDHC,-0.4999199999999996
SOCS5,0.04695919354838771
TRAK2,0.11689645161290364
EDNRA,-0.18917838709677384
C12orf57,-0.006949032258064621
SPECC1L,0.21877854838709698
WAPL,-0.3076736290322578
LOC101927196,0.0031549193548389637
MOB3B,0.09851290322580715
LPAR1,0.0710355645161293
MLH1,0.29970806451612914
ZCCHC10,0.08704580645161335
SHPK///TRPV1,-0.08402249999999961
CD2AP,-0.005177741935483414
MCM8-AS1,0.00991298387096793
MAPKAPK5,-0.11432661290322547
HSD17B7P2,-0.1502349999999995
FAM92A1,0.014000806451612927
LINC01115,-0.05235661290322535
QSER1,-0.09522943548387038
KIF18A,-0.017340322580644867
CHUK,-0.055271370967741526
PWWP2A,-0.24578403225806403
STRIP1,0.3591599999999999
CLK4,0.022563951612903452
ADCY7,-0.021325564516128815
SLC31A1,0.1489274193548391
PALMD,-0.014064516129031784
LOXL1,0.33714112903225785
ORC2,0.09509677419354856
LOC100132726,-0.011185161290322512
RNF19A,-0.04220225806451518
LOC401134,-0.014196048387096302
MAGEB6,-0.013171209677419398
DLL4,0.05393177419354861
NDUFA8,-0.020103306451612738
CCDC107,0.011615080645161511
FAM84A,0.0464512096774197
PECAM1,0.012428145161290526
TMOD1,-0.1845662096774192
NEK8,-0.044845564516128714
SH3GL1P3,0.024413870967742574
NSUN3,-0.16299298387096786
MICALL2,0.2614710483870971
PCDHAC1,0.026985080645161558
ACSL1,-0.006154354838709755
DPH5,0.009096209677419878
ARMC8,-0.024995725806451145
IMPG2,0.02712104838709707
SERPINB9,-0.05253266129032251
PTCD3,0.214014596774194
ST6GALNAC2,0.1732586290322582
PUS3,-0.021386209677419093
ST3GAL6,0.015402177419355234
ATP6V0A1,0.17040935483870953
GREM1,0.5465704838709673
CDR2,0.28346024193548397
PTPA,0.023520887096774377
MKI67,0.014940403225806654
LOC101927164,-0.09770008064516113
LOC105372762,-0.1800107258064514
DGCR11,-0.05659983870967697
GCN1,-0.08971459677419281
SNHG17,0.17262935483871
GINM1,0.037635564516129094
PLA2G12A,-0.1300533870967735
LOC642426,-0.05144298387096769
GSS,0.5551264516129032
CEBPZOS,-0.05604532258064466
LOC105371307,-0.2872793548387088
MSANTD3///TMEFF1,0.01944935483870957
WDR20,-0.06362459677419346
NT5DC1,-0.05428564516129009
BRF1,0.14731314516129074
RAB39B,0.07612459677419345
BUD31,0.07087225806451612
LOC730107///GCSH,-0.026698709677419195
HACD1,0.15437129032258076
PPP2R5E,-0.04984653225806421
CELF5,0.15906854838709752
FCHO2,0.016241290322580648
ARFGAP1,0.33914645161290347
EIF4ENIF1,0.15772669354838792
TRIM49,0.003692419354838994
TSPY4///TSPY2///TSPY1,0.1464782258064518
GMNN,-0.06626362903225767
BRCC3,0.02008435483870995
ANKRD36BP2,-0.06527822580645094
CXCL12,-0.012342661290322054
KRTCAP2,0.16001782258064484
UBE2E2,0.36975330645161325
RAB24,0.005205887096774563
GSAP,0.01307153225806532
SDCCAG8,-0.2583322580645156
RABGAP1L,0.06257903225806469
RALY,0.022614354838710066
MYH10,-0.07110129032258056
PDCD2,-0.011511532258063782
ZNF140,0.06999258064516185
RPA2,0.5858496774193549
PGF,-0.30875814516128935
RBM4,0.33399459677419363
PBDC1,0.18008338709677404
XAF1,-0.015541209677418623
ZNF559,0.04354266129032259
MTHFS,0.061133951612903276
TIMM13,0.23999217741935508
ERLIN2,-0.033971774193548174
FUT1,-0.03169572580645123
DPH7,0.274490403225807
HELZ2,0.009975645161290203
ALDH7A1,-0.05619758064516128
PSMD13,0.12693508064516137
ROR1,-0.038888951612902574
MFSD6,-0.013393225806450842
SEC61B,0.14283951612903237
NBN,0.038893790322580966
PDE10A,-0.0195396774193548
CBLL1,-0.11190282258064496
RERE,0.5932794354838707
C22orf39,0.02223435483871
EIF1AY,-0.0455288709677418
LOC100129701,-0.15412177419354822
LOC728073,-0.6395054838709672
TFEC,-0.03216766129032261
SIGLEC6,0.055977419354839256
LYRM5,0.1361614516129036
RICTOR,-0.054954596774193135
EIF4A3,0.005097580645161514
NECAP1,0.02436975806451707
DLG5-AS1,-0.05375532258064509
TXLNGY,-0.16210725806451604
BOLA1,-0.14969564516129036
EFHD1,-0.038265241935483515
SLC35C1,0.3909262096774192
HAT1,-0.026862903225806666
SRSF6,-0.027757580645161175
VGLL3,0.011277661290322963
RRP15,-0.3761968548387095
NCS1,0.12190104838709681
TRAF3IP2,-0.03066758064516118
TRIM5,-0.06338653225806416
LYAR,0.0170598387096774
GAA,0.06830129032258112
KCNMB2-AS1,-0.05841532258064502
HIRA,0.10583508064516155
NOL8,0.17238588709677427
SBSPON,-0.10967725806451578
PMS2P1,-0.1087095161290322
ZNF283,-0.03765685483870959
GTF2A1,-0.04373983870967712
CELA3B///CELA3A,-0.11787774193548328
CYFIP2,-0.06880766129032236
LOC727869,0.05639637096774182
PGM3,0.055193064516129056
TMOD3,0.037157822580645795
RNF149,-0.04840459677419282
PSMD14,0.11542991935483884
ZNF678,0.0072341935483872365
ATP6AP1L,-0.0761632258064517
CXCL2,0.0072072580645163795
VCPKMT,-0.03277822580645172
CD14,0.11993193548387124
PLEKHA5,-0.029602096774193207
COL4A2,0.0756236290322581
UCMA,-0.10690967741935474
STX4,0.03542758064516138
LOC727881///ABCC11,-0.23018959677419298
BRAF,0.0481610483870969
SPDEF,-0.15640580645161234
CAPRIN1,0.038157822580645796
FAM200B,-0.15872967741935468
LOC101929054,-0.10114725806451634
HFE,0.05030314516129025
CHADL,-0.06825314516129019
ACTL6A,0.17450096774193524
LONRF1,-0.01623008064516083
CSDC2,0.1647175
SH3BP4,0.02107645161290427
ZNF417///ZNF587,-0.02901782258064507
NFYB,-0.09078435483870918
RINT1,0.015517419354839166
ZMYM6,0.14217895161290345
GGCX,0.003082500000000309
HCFC1,0.5091895161290326
CETN3,0.02035903225806463
MBOAT2,-0.042668387096773785
SLC25A5,0.030052258064516606
FAM192A,0.3151474193548389
ZDHHC3,0.05691040322580705
IGSF6,0.1256249193548392
ZNF654,-0.35057790322580573
CRHR1-IT1,-0.21681120967741907
BHLHE41,0.1451291129032264
ELL2,-0.0646196774193545
BFAR,0.09914862903225842
FAM171B,0.08651008064516158
MIR3945HG,-0.1983530645161287
SYDE1,0.18024725806451647
KCNS3,0.30597048387096815
COMMD7,0.030258145161290745
TRAPPC3L,0.030026935483870955
SPICE1,0.018098629032257972
KPNA5,0.05565935483871023
RAB3IP,0.05159766129032298
SLC9A7,-0.045411774193547916
LOC642852,-0.015412096774193562
ACTN4,0.2304098387096774
ATP6V0D2,-0.0575983870967737
YBX1,0.01611000000000022
CDK10,0.07307500000000045
IFT52,0.002775725806451794
PQBP1,0.01714540322580682
TCTA,0.07962612903225863
CENPJ,-0.053104677419354714
IL16,-0.40211298387096756
CCDC86,0.3300004838709679
CFAP57,-0.009913064516128818
FAM13A-AS1,0.11061596774193591
KIAA0232,-0.131780080645161
NAALAD2,-0.04559467741935484
EXOC5,0.020305967741935903
RNASEH2B,0.034404596774193406
TP73-AS1,-0.06925879032258049
ATMIN,-0.028834596774192905
PPP2R1B,-0.02602499999999966
VAC14,-0.16189137096774164
FCF1,-0.037599516129032
HNMT,0.2594270967741939
TXNDC11,0.16167717741935494
PRKRA,0.05070596774193596
PCGF3,0.01025572580645181
RACGAP1,0.01744927419354879
POP4,0.1566397580645164
RSBN1L,0.06175516129032271
MAN1A2,-0.06596862903225775
PTGR1,-0.0042291935483866425
PDSS2,0.05851830645161322
DLX6,0.020338306451613185
MMS19,0.04907250000000023
ADAMTS19,-0.0023149999999997686
TAF2,0.12779153225806497
MR1,-0.6519245967741925
PLEKHO2,0.7448449999999996
ZNF667,-0.21574290322580617
DNAJA3,0.05897193548387098
CTTNBP2NL,0.07371120967741977
SPAM1,0.06258145161290309
C1QBP,-0.02071653225806425
ZGPAT///LIME1,-0.4263099999999998
RBPMS,-0.1364170967741929
NCKAP5L,0.12319717741935474
CHURC1,0.03188508064516156
CAMKMT,0.016026451612903614
APBB2,-0.11947951612903203
GTF2E1,-0.0680023387096773
ELOVL1,0.10726741935483869
DNAJC8,0.10092491935483835
CALCRL,-0.013052499999999738
LOC100505797,0.023700403225806743
BCL2L11,0.0652553225806456
MOAP1,0.03591564516129043
KIAA1211L,-0.097078467741935
ZNF496,-0.05395096774193485
NSUN5P2///NSUN5P1///NSUN5,0.353135241935484
MFN1,-0.09579306451612862
CCL2,-0.019364677419354416
CEMP1,0.0902084677419358
ITGB3,0.07955733870967746
ALDOB,0.034007096774193786
SAFB,0.19445661290322608
ALG14,0.20164967741935516
LHFPL3-AS1,-0.015332096774193293
TRNT1,-0.019655483870967487
POLDIP2,0.179010564516129
ZNF528,0.03319467741935442
TLR4,-0.11500298387096727
CD36,0.11462209677419391
PRPF3,-0.3761434677419352
LOC145783,-0.301201532258064
DDB1,0.18045911290322575
NSMCE4A,0.19839645161290326
ZBTB3,-0.03901879032257991
C11orf54,-0.005188790322580254
SLC35D2,0.142719758064516
LOC54073,0.05727322580645193
BRWD3,-0.2747106451612896
UNC50,0.07978467741935484
COL4A3,0.11923717741935462
AMZ2P1,0.01943250000000028
ZNF577,-0.06099290322580625
TMEM161B-AS1,-0.0261475806451613
LOC389906,0.0446531451612905
BMP6,0.037994677419355395
ZNF318,0.08937653225806501
PQLC3,-0.0004758064516125933
THSD7A,-0.016579516129031843
ZFY,-0.12851556451612872
INSR,-0.019209596774193313
C17orf99,0.14562290322580682
IL17A,-0.44865895161290226
DMP1,0.09955798387096787
PRRG1,-0.04270975806451566
KLHL14,-0.024397177419354495
MANSC1,0.1642235483870971
RPP38,0.214495241935484
FGB,-0.03374032258064455
AATF,-0.15567217741935443
SNX14,-0.006741048387096726
LINC00320,-0.027315725806451308
DDI2///RSC1A1,-0.05200798387096703
RAP2C,0.04884104838709667
ZNHIT6,0.014423951612903309
TOP3A,0.22315741935483907
SCAMP1-AS1,0.07754129032258096
FAM208B,0.17988056451612897
DNTTIP2,-0.007535483870967159
EPN2,0.12118870967741961
MUC6,-0.22865040322580615
LOC100294145,0.14954209677419367
PRRX1,0.03280104838709713
PPFIBP2,0.09141290322580677
TMEM41B,0.016022016129033007
CKMT2-AS1,0.029646935483871456
FLJ22596,0.03386725806451659
CDYL,0.011595887096774234
NDFIP2,0.07173387096774177
PHF8,0.591598306451613
ZNF91,-0.0048916935483871785
TAF6,0.18014830645161337
PIK3CB,0.003375887096774527
PTGFRN,-0.004711532258063894
CRLS1,-0.09644249999999982
ZNF555,-0.09342491935483818
LOC100133930///D2HGDH,0.11487459677419366
CNEP1R1,0.05050750000000008
TCOF1,-0.00825806451612881
PPP2R2C,0.08958016129032276
MSRB3,-0.006806774193548106
LOC101929645,0.046861048387096954
SETP4,0.052424919354839034
NELFB,0.647583870967742
FCRL4,-0.005878064516128843
IGFBP4,-0.006193548387096271
RAB11FIP4,0.026874516129032102
DCXR,0.06816749999999987
RAD23A,0.13016629032258076
FAM149B1,-0.06685483870967733
RALGPS1,-0.08503419354838654
EPHA7,-0.02645290322580629
MAP1B,-0.08268935483870915
TMA16,-0.1339592741935479
GNPTAB,0.1103721774193552
GGA3,0.11765580645161297
ACOXL,-0.37161822580645115
CLEC2B,-0.21467225806451568
DDO,0.15302661290322606
TMEFF1,0.011601532258064907
LOC105374042,0.005375161290322615
ACSL4,-0.09128104838709655
BAIAP2-AS1,0.09305177419354879
IQCB1,-0.07462677419354805
KIAA1671,-0.017438225806451255
BMP2K,0.06800540322580681
RABGEF1,0.25738491935483915
CRIM1,-0.0545054032258059
LINC01494,-0.01646193548387055
RSPH3,-0.10377895161290276
CSNK1D,0.31031572580645156
EGFEM1P,-0.029892661290322378
GBAP1///GBA,0.16007153225806478
TMEM175,0.3193038709677418
FBXL5,0.31815427419354825
PRPF4B,0.11962225806451646
KIF1C,0.08456048387096793
LOC284926,-0.11489451612903136
MIR181A2HG,-0.20487209677419277
SF3A3,0.23203500000000016
ZNRD1,0.010880161290322786
GPNMB,-0.28617088709677374
CD83,-0.030630806451612605
IRX2,0.06750362903225855
FOXR2,0.14372919354838729
FUT8,0.30260677419354837
LSM11,0.16477411290322588
SLC37A1,-0.0590161290322575
TAB2,0.08018250000000032
ADGRF1,-0.14360330645161246
AACS,-0.030242338709677213
LOC100130220///DDX3Y,-0.0687721774193546
ATOX1,0.11783661290322615
BRD1,0.07401258064516175
MBD3,-0.018414516129031777
GCNT1,0.0305932258064517
RAB11A,0.17601774193548383
ZNF814,0.18095201612903278
IL33,-0.21540104838709628
ABCE1,-0.09180419354838686
ZMYM1,-0.14078435483870966
MAGI2-AS3,0.20603693548387125
RFTN2,0.07527951612903262
STAG2,-0.08990943548387073
GLB1L,-0.011148548387096453
IFT74,-0.24131749999999916
IFNA17,-0.05648104838709654
SUN3,-0.03188580645161291
HHIP,-0.0039473387096767565
MNDA,-0.02116459677419304
CBFB,0.2853458870967746
PPID,0.057762741935484294
ELK1,0.020787661290323122
LOC105375640,0.09107177419354866
PLEKHA8,-0.03471435483870926
GTSE1-AS1,0.045065483870967656
SUSD6,0.05741241935483894
ERC1,-0.013167741935483408
NMT1,0.038910645161290766
ZNF546,-0.047672016129031894
PPP4R3B,0.0769266129032259
PPT2,0.3494375000000003
SNAPC1,-0.08181161290322553
ANKMY1,-0.06578217741935452
MRE11A,0.10604298387096814
GNL1,-0.04989379032258055
GJA3,-0.060826774193548094
GAP43,-0.004452580645160948
DKFZP434L187,-0.02117499999999979
DNAJC24,0.0015422580645162347
ZNF92,-0.004359758064515598
NAPA,0.09865048387096806
AP3B1,0.08220306451612931
ZNHIT1,0.22120806451612904
LINC01547,-0.09665596774193501
NENF,0.2455748387096776
LINC00461,0.19903241935483915
GDF5,-0.07137532258064427
MIER3,-0.033246370967741454
LOC729179///LINC00623,0.08148451612903268
C10orf90,-0.16816080645161252
TRUB1,0.27074129032258104
LOC100131014,0.017484193548387403
RRN3P1///RRN3P2///RRN3,0.19136774193548398
TFB1M,-0.06913612903225758
WWC2,0.026051290322580987
PTGR2,-0.0017886290322577728
NAA15,0.0039037903225811275
LAMB1,0.02454838709677431
PPFIA4,0.22557725806451617
TTLL5,0.036020161290322976
SLC25A20,-0.04839161290322558
SOX17,-0.003168870967741555
GNG8,-0.02652870967741884
TLK1,0.0199258064516135
SLC35A5,0.004680967741935542
MOXD1,0.5304093548387099
AEBP2,-0.14461153225806422
MID1,0.7273347580645162
PIWIL1,0.049848629032258465
MIR4435-2HG///LINC00152,0.1982563709677419
AP1S2,-0.1778862096774192
CDKAL1,0.20566903225806474
TRAPPC2L,0.13689298387096813
LOC400590,0.003660806451613447
C4orf3,-0.1024377419354837
CD2BP2,-0.026722096774193252
C6orf47,0.11099564516129043
HPS3,-0.10542951612903183
ABCA13,0.03266306451612908
NEO1,0.6820864516129033
PIGH,0.01382177419354896
APOD,0.18837685483870992
ATG14,-0.0010287903225807337
MLKL,0.052204677419355416
KIFC3,0.5167604032258061
FRG1BP,-0.23342088709677372
SLC6A4,-0.12310999999999986
MUC5AC,-0.01783451612903209
C3orf67,-0.027657499999999714
EDC4,0.1983147580645162
BEND6,-0.030660645161289864
ZNF658B///ZNF658,0.10431999999999991
PRKCZ,0.3062832258064514
ICAM3,0.24290741935483878
S100PBP,0.09412604838709716
PIKFYVE,-0.007214516129031862
NIPSNAP3B,-0.12938540322580624
TAF10,0.4539275806451615
DKFZP586K1520,0.0007418548387102923
ARF3,0.30803629032258073
CELF2,-0.023996451612902953
HDAC8,0.00234903225806477
SQRDL,-0.10414362903225793
PRDM5,-0.12832395161290294
BSCL2,0.06205524193548362
CEP162,0.018095080645161323
CNTNAP5,0.008362338709677637
SMAD7,0.010354112903225828
KIAA0408,0.04641741935483916
STARD13,0.1530143548387104
LOC284513,-0.24268903225806435
TCF20,0.1769335483870969
SPIRE2,-0.014391532258064114
LOC100288238,0.07714854838709691
CCDC37-AS1,0.06467419354838726
MEFV,-0.005371451612903197
LOC101929125,0.11705629032258094
DIABLO,0.44234975806451604
GGT6,0.39286096774193524
LACC1,-0.13590467741935439
GSTZ1,-0.2057313709677416
GGA1,0.42423572580645147
FAM186B,-0.023592661290322656
NLK,0.30753008064516124
LINC00189,-0.20320185483870923
ZNF281,0.15348322580645216
OR8G2,0.1302237096774198
EPB41L4B,-0.12077024193548341
ITPR1,-0.063930080645161
DAXX,0.7635222580645158
PPIL1,0.09935629032258102
NCEH1,0.06032620967741975
ZNF300P1,0.023652177419355554
SMC4,-0.3235570967741933
BICD1,0.1959352419354845
RNF113A,0.23421887096774202
SREK1IP1,-0.1388662903225799
OGFOD1,0.023836370967742354
FAM133B,0.05387193548387116
TFPI,-0.011855080645161175
CLDN18,0.07617733870967769
LOC101929144,-0.024902096774193416
KRT18,0.06013895161290338
STRN,-0.10524040322580637
GPALPP1,0.038430806451613335
PDCL2,-0.18000862903225778
PINK1,0.17369129032258107
LOC102546226,0.0013582258064518853
MND1,-0.07456459677419369
G3BP2,0.0336437096774199
GYPA,-0.03630193548387065
ILKAP,0.05292016129032277
MTMR12,0.4095524193548389
IKBIP,0.0037027419354842663
CCDC71L,-0.08604564516128982
LOC100129112,-0.03403491935483831
BBS1,0.38064233870967734
SLC39A7,0.13227362903225817
DONSON,0.022517258064516224
DNTTIP1,0.24646008064516162
DLG5,0.07264032258064523
ZFYVE26,0.6461464516129035
CDK19,0.10644709677419374
RAB11FIP2,0.015636774193548465
SCN9A,-0.03370266129032244
LOC283357,0.22789782258064528
CHID1,0.496469274193548
SIK2,-0.04719322580645137
IL11,0.04700290322580669
MEGF11,-0.021951612903225354
GDPD3,-0.12851629032258055
PLPP5,0.13933725806451613
DENND4B,0.4760773387096775
ESCO2,-0.02519854838709654
AGAP5,-0.026079032258064055
RALGAPA2,-0.24014846774193516
STAM,-0.099716048387096
ZNF385D,0.3649662096774191
SIX4,-0.02211096774193483
MUC4,0.004770322580645508
STK11,0.3713362096774192
NMT2,0.08333209677419351
GPR37,0.0020449193548395077
TM9SF2,0.09804879032258068
DPP3,0.1333053225806453
TMEM101,0.033603387096774205
ZNF80,-0.1842383870967741
MAP7D2,-0.05756475806451569
DHDDS,0.3771536290322579
LOC101927610,-0.01867677419354808
COQ10B,0.27051741935483886
FAM66D///FAM66C,-0.20251379032258
RET,-0.018904032258063988
LOC728408///FAM133B,0.09567629032258096
FIBP,0.22911403225806465
ADH7,-0.013477096774193384
SPRR2G,-0.007883951612902845
APOLD1,-0.034482499999999645
CCDC171,0.17566346774193567
CDK12,-0.0006279838709673008
ASF1A,0.013951370967742292
SNAPIN,0.12547056451612945
FAN1,0.14748459677419387
PDCL3P4///PDCL3,0.09949145161290374
SLCO3A1,0.16339379032258033
MYO5A,-0.00616040322580582
HHLA1,-0.11320016129032232
FOCAD,0.09371064516129063
DKFZP564C152,-0.05456096774193501
MAP1LC3A,0.09419322580645192
KCNJ10,-0.026381612903225847
ARHGAP21,0.03364233870967748
BAG6,-0.11798145161290287
SGSM3,0.14212685483870943
CRTC3,0.2833337903225805
ZNF215,-0.01929080645161276
COMMD8,0.15311838709677433
HS3ST3A1,0.2724598387096777
DUSP4,-0.007337983870967381
PPP6R1,-0.21117169354838677
PUS10,0.030536129032258413
PLEKHM1,0.039740967741935515
DCP2,0.04701314516129031
DEPDC1B,-0.0638162096774189
TCFL5,-0.3692656451612896
LOC105370737,-0.043383790322579996
KIAA0509,-0.09749854838709622
VHL,0.05042741935483899
MRPS9,-0.03250919354838671
RBM22,0.0097597580645162
GPC1,0.15544064516129066
ARL17A///NBR2,-0.2813787903225802
IFT88,0.0077829032258067785
PHC1P1///PHC1,-0.05243911290322523
STX18,0.056415725806452134
PCSK1,-0.09098475806451553
LINC00341,-0.057291451612902874
RAPH1,0.0048402419354842685
GGT2///GGTLC3///GGT4P///GGTLC1///GGTLC2///GGT3P///GGT1,0.14416395161290363
ARHGEF10L,0.13870919354838723
ABHD6,0.2527007258064515
ATAD2,-0.08652701612903183
CLUH,0.15037370967742006
SKIV2L,0.33332709677419375
ADCY9,0.07966016129032286
ZNF638,-0.0069075806451609064
CPPED1,0.02908177419354875
C21orf91,-0.1773653225806449
MLEC,0.22080798387096767
LNX1,0.043051532258064906
HELZ,0.02520072580645156
OXA1L,0.011736370967742299
POLR2J4,0.052030161290322716
CASD1,0.007382661290323147
SSFA2,-0.011222096774193231
SIRT5,0.045181209677419495
CENPL,-0.06622645161290312
DTX3,0.0026916935483871276
CLDN1,0.06755572580645156
MGC10814,0.028309596774194243
LOC143286,0.015261209677419448
C12orf43,0.03325169354838735
HBE1,-0.24381306451612872
CDC42SE2,0.1380949193548391
STRBP,-0.021117580645160974
C9orf85,0.16874725806451613
ARMCX2,-0.05721120967741923
RGPD2///RGPD6///RGPD8///RGPD3///RGPD1///RGPD5///RANBP2,-0.017532258064515853
MAMDC2,-0.005254999999999819
PSEN1,-0.07389717741935481
RPL7AP36,0.05771120967741977
ADGRG7,-0.08913879032258049
DDX43,-0.05102758064516085
PCDHGB7,-0.023563790322580398
QRICH1,0.19015701612903227
SNPH,0.05068532258064522
LACTB2,-0.006498870967741776
ERVH-6,0.41123346774193537
CACNA1A,0.19426717741935468
TRPC7,0.02265104838709701
BOD1L1,-0.022308306451612855
NXF1,0.24031943548387097
NHLRC2,-0.5820839516129034
SNX4,-0.04037258064516102
ALPK3,0.23121935483871003
USP6NL,-0.014103467741935001
BIRC3,-0.01703274193548383
SLC39A10,-0.05159725806451581
CCNJ,0.13764629032258108
FGD4,-0.010355483870967158
MRPL24,-0.1213543548387096
RARB,0.1772424999999999
ABCC6,-0.05145274193548337
RALGPS2,-0.11358741935483839
GTPBP1,0.585896451612903
LYST,0.17846451612903258
SNX15///ARL2,0.11342935483870967
CDK7,-0.022996854838709564
HMGCLL1,-0.010441048387096325
C4orf32,-0.11949112903225764
SPAST,0.19493814516129054
EGF,-0.011808790322580342
CDC26P1///CDC26,-0.07354056451612839
HYAL1,0.016513064516129335
CKAP2,-0.0501971774193545
HSF2,-0.04194596774193571
ELOVL4,0.1723441935483872
RCHY1,-0.16290774193548385
MTO1,-0.0018404838709674808
GLOD5,0.03391500000000024
CTCF,0.08913338709677447
ZNF26,-0.09360467741935455
RBM18,0.025724435483871363
DHX32,0.04724951612903262
LCLAT1,-0.007736854838709456
NAA40,0.03461056451612916
CDAN1,-0.3165066935483866
CNOT6L,-0.02774338709677409
C1orf109,0.0067259677419361195
SEPT8,-0.14791798387096725
HAUS6,0.14394338709677418
FOXD1,0.25109411290322586
SYCP2,0.07959532258064549
TMEM223,0.23081016129032272
SOS2,-0.090048951612903
AGTPBP1,0.07823717741935478
FLNB,0.09482185483871013
BAG3,0.2969780645161291
NUP205,-0.05466758064516117
HIST1H2AM,0.011827983870968051
LYRM1,-0.004921209677418854
AGPAT3,0.02496040322580686
ABCC10,-0.25019395161290303
GLRA3,-0.29322338709677365
AFDN,-0.159082177419354
LOC100134159///CCDC144B///CCDC144A,-0.13648838709677352
CIR1,0.15241411290322573
PIGY,-0.03885540322580647
SIVA1,0.03635451612903262
DNTT,0.14057524193548418
NRDE2,0.10328338709677432
CDADC1,-0.10342516129032192
CCDC191,-0.004445725806451186
ACSBG1,-0.10744943548387068
KARS,-0.20571379032258044
SDCCAG3,0.22589814516129036
LOC441245,-0.013485887096773853
DACH1,-0.06477169354838716
ZMYM3,-0.18774790322580628
LOC90462,-0.09202999999999946
SNX19,-0.1503988709677418
MED6,0.1823404032258069
LOC101929210,-0.09174491935483814
ACADM,0.10820596774193555
HMGB1P37///HMGB1P10///HMGB1P1///HMGB1,0.019053548387096803
USP8,0.09982685483870998
TUFM,0.22728701612903252
CDC14B,-0.12358169354838665
LHX4,-0.14048499999999978
FAM114A2,0.006119354838710121
HNF4A,0.05746669354838727
ZNF569,-0.014674354838709793
MTHFD2L,-0.05021233870967692
NIT1,0.0326061290322583
GALNT10,0.17301064516129044
DICER1,0.04408637096774282
TRAPPC6B,0.16335370967741944
SEPT10,-0.04722677419354837
SMCO4,0.07275669354838714
USP4,0.03568145161290333
ETS2,-0.09412459677419299
IL6R,0.06028951612903263
WDR19,0.23367322580645206
TBCB,0.0002515322580647836
ABCB5,0.004461935483871134
CAMK1,0.03221072580645182
TASP1,-0.057857419354838416
GDF2,0.013103306451613356
MGRN1,0.9105478225806454
GAPDHP32,-0.02244016129032233
BCL2L2,0.16864064516129093
MPHOSPH6,0.021087661290322836
FLJ32255,-0.00041161290322560065
PI4KB,0.009582661290323214
TSGA10,0.09569967741935473
CRISP1,-0.01632241935483837
ABHD10,0.13799298387096778
CLCA4,-0.02637459677419375
MDM2,0.03753064516129059
ZNF81,-0.10861798387096762
ERMARD,-0.006141209677419352
TNFRSF1A,0.6655951612903223
ILF3,0.09878008064516136
FBLN1,0.10799201612903211
PBX1,0.025557499999999955
LOC729353///LOC728125///LOC727751///LOC388161///GOLGA2P7///GOLGA2P10,0.10117741935483915
SLC25A44,-0.010945564516128891
SLC2A3P1,-0.06757491935483839
MIOS,0.030640645161290413
TYMS,0.15535911290322588
ANKRD36///ANKRD36B,-0.03201887096774179
ZNF502,-0.03658314516128994
TBC1D1,0.007440483870968361
GALE,0.6075686290322577
ISG20,-0.3223416129032253
IWS1,-0.15473217741935455
LSM12,0.07326524193548417
TADA2B,0.1072887096774193
CHD3,0.04585217741935539
CCM2,0.17937080645161282
RAPGEF5,0.036566290322580824
TRMT13,-0.10850612903225818
CLEC7A,-0.06815104838709603
VEPH1,-0.1321016935483867
WDR48,-0.07385629032258002
LYRM2///ZC3H11A,0.0022160483870968944
CD93,-0.022183790322580055
CREB1,-0.0792758064516123
LOC90246,0.022713225806451923
MVB12B,0.2220096774193553
PLXNA4,0.10922064516129047
ANKRD13C,-0.08084709677419313
VAMP2,0.08920637096774225
HMGB4,-0.016749919354838244
STARD4,-0.04262782258064457
CDC37L1,0.29127048387096793
PCBP1,-0.0024644354838707083
CLCN5,-0.015172258064515894
UBXN10,0.042502822580645756
ABHD17A,0.010663951612903344
IGF2BP2,0.06379306451612922
SGO2,-0.023892258064515847
ADAM12,-0.04965258064516115
MYL12A,0.03602750000000031
ANKRD1,-0.0023439516129033257
TRPV3,-0.18008016129032187
GRIK2,0.07054330645161314
TROVE2,-0.018043225806451138
TBX18,-0.003586290322580196
ZNF37BP///ZNF37A,-0.013430483870967288
CBWD7///CBWD6///CBWD3///CBWD5///CBWD2///CBWD1,0.0038913709677422716
C18orf54,-0.01538072580645139
IQCE,0.01468709677419427
BOD1L2,0.05691959677419406
SCYL2,0.01894266129032301
LINC01134,-0.03162854838709623
POF1B,0.010348387096774596
SDPR,-0.04792362903225769
TRMT61A,-0.34757508064516085
EPM2AIP1,0.4121181451612905
RNF141,0.06861177419354844
OAZ2,0.03155443548387133
TNFRSF12A,0.4246549999999998
AGPAT2,-0.0715133870967739
RBBP4,0.2625263709677417
PSMD5,0.08219733870967767
ALAD,0.011798709677419781
SH2D4A,0.011022903225806995
MICAL1,-0.05368935483870948
PATZ1,0.01795056451612928
TMEM138,0.03679580645161284
BUD13,0.03165161290322639
CKS1B,0.1821059677419356
OSBPL1A,0.06076475806451648
EPHB4,0.010328709677419595
AP2B1,0.06562209677419381
PPP1R1A,0.1714591935483871
TMEM5,-0.09596475806451528
FRRS1L,-0.00900774193548352
CCDC189,0.10004935483870964
CSF2RB,0.02847451612903272
ZNF260,-0.04547491935483851
SNX24,0.103670161290323
PDE7B,-0.041148145161290145
NFATC3,0.32165838709677436
DAPP1,-0.021742016129031837
HNRNPF,-0.002782096774193466
SERPINI2,-0.25124475806451557
ATL3,0.14977467741935496
C6orf106,0.021063548387097304
OSGIN2,-0.016584677419354467
ALDH1A1,-0.00032806451612893764
CCDC141,-0.056165241935483175
PCAT4,0.010628145161290821
INSIG2,0.012963145161290844
FZD9,0.17249266129032262
HIC2,0.10765669354838743
MGA,0.0697812096774198
PLEKHG4,-0.0025699999999996208
TAF5L,-0.015203064516129076
CEP95,-0.011947661290322164
TPCN1,0.44809645161290323
PRRC2A,-0.02218201612903161
DNAJC14,0.003945322580645542
PCAT7,0.17078685483871
KIAA1147,-0.1344295967741932
RCOR1,-0.03462798387096772
NHSL1,0.13407000000000033
FDX1,0.06089919354838726
CHCHD7,-0.11022685483870945
TRIM62,0.07688330645161334
EIF4E2,-0.006127661290322221
JRKL,-0.16353233870967746
ATOH8,0.004999919354839032
KDELC1,0.2327337903225809
PLEKHA2,0.07464717741935502
GUCA1C,-0.16960064516129
FGF9,0.0325798387096779
IDE,-0.12312330645161253
MBNL3,0.03441717741935514
NOL9,-0.24443806451612865
CROCC,-0.2218279032258064
RBM15B,0.17448645161290316
ECHDC2,-0.44861508064516104
SLC37A2,-0.13920499999999986
FGF7P3///FGF7P6///FGF7,0.03193782258064538
DMRT3,-0.04351951612903151
M6PR,0.09601766129032266
EXOSC3,-0.005448548387096318
IQCH,-0.1252274193548387
KCNB2,-0.025830887096773864
TAF8,0.1042671774193554
ZBTB43,0.09007580645161312
COG7,0.03067411290322645
LOC652494///IGHM///IGHG3///IGHG2///IGHG1///IGHA1///IGH,-0.19964927419354783
HIF3A,0.026317500000000552
COQ5,0.1377808064516132
GEMIN5,-0.1403831451612899
CNPY4,0.10904766129032253
NIP7,0.004268064516129173
MRPS35,-0.012203548387096124
RXRB,0.12022983870967735
PIGA,-0.15680846774193535
EFCAB13,-0.01711637096774189
IFNGR1,-0.10635459677419354
DNMT1,0.029025806451613123
CEP120,-0.03438612903225772
PTPMT1///KBTBD4,-0.011872580645161165
CACHD1,-0.029470080645160827
EIF3C,-0.04275540322580605
EIF2B5,-0.12482048387096761
KLHL18,0.06872346774193577
ISM1,-0.0009269354838707116
KCNQ5,0.3057616129032259
NRAV,-0.07344806451612879
STK17A,0.122015161290323
GTF2I,0.01889620967741927
SLC25A17,0.1483528225806454
EIF2B2,0.03848798387096816
MRPL22,0.09295911290322623
MYRIP,-0.05841274193548364
ITGA6,0.024934677419355285
DBR1,-0.028312661290322585
CYTH1,0.03491379032258089
PEX13,-0.00719459677419325
ZNF621,0.044354032258065
ELAC1,-0.0786391935483873
ATP2B1,0.021880564516129672
PARVB,-0.08008008064516128
SLIT2,-0.09749274193548357
HPGD,0.02873870967741962
LOC100131004///KIAA1671,0.13669016129032238
SCAMP3,0.05591016129032278
VAMP7,-0.21040846774193503
ARHGEF28,0.3718576612903229
PROK2,-0.05681637096774156
TSPYL4,0.1705562096774196
ZNF793,-0.21803249999999952
OSER1-AS1,-0.005093145161290071
TRABD,0.6022789516129028
TAF1A,-0.04041137096774183
DPP4,-0.01951774193548303
GLDN,0.1230979838709682
CENPBD1P1,0.034868790322580744
MAK16,0.07705185483871024
PRR14L,0.3991020161290324
TAF9B,-0.17726137096774133
ZNF483,-0.10602612903225728
ARHGDIA,-0.10393451612903207
SCNN1G,0.03131145161290322
VTI1B,0.1953745161290327
C14orf105,-0.07713733870967712
FBXO42,0.05922024193548414
CDC7,0.09842419354838758
TAF4B,-0.0024075806451609415
F8,-0.030761209677418758
PRPF31,-0.015105161290322286
NOS1AP,-0.07530016129032222
MERTK,0.2706128225806454
KIF11,0.09746435483870992
ERG,-0.06981749999999975
ERI1,0.010519677419355026
PDE6B,-0.09449669354838672
TFPT,-0.03092395161290247
RNF138,-0.06403346774193522
ENPP5,-0.18576717741935414
CDK17,-0.1614763709677417
MTRF1,0.007419435483871495
C5AR1,0.010491693548387502
LINC00691,-0.004260403225806054
POP5,-0.061922580645161186
EPDR1,0.4416883064516131
EXOSC7,0.09628161290322579
HOXB5,-0.4235519354838709
STAMBP,-0.002417822580644966
FGF13-AS1,-0.02432225806451597
SNN,0.2394090322580647
RPE65,0.09761306451612922
SPG20,0.0025291935483870674
ADAM10,-0.29114064516128974
PPM1B,-0.08423282258064468
CUL2,-0.1702991129032252
APOL6,-0.005460725806451393
TOR1B,-0.006215725806451189
TOPBP1,-0.005783387096774041
UCHL3,0.08049032258064534
PTRH2,-0.04480604838709658
ZNF43,-0.018472177419354693
SCOC,-0.09136475806451577
SMAD4,-0.08191233870967704
CYP4V2,0.06071919354838742
NOTCH2,0.08623322580645193
TLE2,0.08037048387096818
ATG5,-0.02772943548387069
C2CD3,0.0959344354838709
SGCD,0.09777225806451632
LRRC41,0.11740580645161303
ADNP,-0.05972274193548352
DSC3,0.0704968548387096
UFD1L,-0.15378774193548367
DPH3,0.02993008064516139
ZPR1,0.1949582258064518
GRAMD3,-0.054992499999999556
TRMT10C,0.17851943548387125
DCLK3,0.015220967741936112
C2orf68,0.15483419354838715
TTC7A,0.009811774193548738
LOC91548,-0.14159758064516087
EXOC6B,-0.013190241935483531
NUDT6,0.22241685483870952
SGTA,-0.2559987096774195
GNE,-0.008330161290322269
ANKS1A,-0.0008216129032254
IRGQ,0.0910494354838711
YBX3,0.007221370967741959
LY6H,0.07519975806451634
LINC00526,0.14084225806451645
PPP1R3B,-0.020752177419354523
DCTN3,0.1767270161290326
LMBRD2,-0.04331145161290324
RSPH10B2///RSPH10B,0.01222241935483885
LOC100133775///CCZ1B///CCZ1,-0.016557177419354398
SLC22A7,-0.04627862903225785
WDFY3,0.3454029838709678
CCDC181,-0.2015566935483869
SLC27A4,0.43619604838709664
GSKIP,-0.011280322580645097
ZDHHC13,0.023825241935483788
AGPS,-0.12555903225806442
RHBDL2,-0.10576620967741898
PIBF1,0.06404750000000017
LOC100128405,0.3327179032258069
PELI2,0.024500080645161196
AEN,0.35430967741935493
TMPRSS12,-0.050380887096774005
IPO5P1,0.39509467741935494
LBH,0.05980967741935486
HIST1H2AB///HIST1H2AE,0.2980826612903228
PRPSAP2,-0.28257919354838656
ZNF136,-0.05664887096774131
PELI3,0.022494838709677556
PHC2,-0.17937491935483807
DNAJA2,0.0008485483870967212
LOC101927709,-0.016588225806451192
THYN1,0.1545382258064518
ITGB3BP,0.3082563709677421
DDR1,0.1372391129032261
PAK5,0.01934443548387159
GET4,0.3620712096774197
SNX27,-0.039232661290322095
ZFP30,-0.01324943548387036
ST6GALNAC6,0.08234790322580662
LINC01004,-0.020342983870967724
FMR1NB,-0.07346548387096746
C2orf47,0.22816854838709674
SEL1L,0.0760325000000002
FAF1,0.049918548387097264
LRRC8E,-0.03435346774193522
PRKCSH,0.08939387096774218
RPL34-AS1,-0.09148306451612886
DCAF5,-0.07831508064516103
HS6ST3,0.11977862903225822
TRIB2,-0.12325435483870943
ZFAND1,0.1371372580645162
SIRPB2,0.022947419354838933
MIR205HG,-0.15713766129032214
NHEJ1,0.24513983870967737
ADARB1,0.3842952419354839
DBF4,0.05697758064516163
FAM216A,0.05865806451612912
DLSTP1///DLST,0.06526612903225815
ANAPC10,0.007906048387096857
SACS,-0.1385168548387093
TSPAN9,0.9056379032258064
LINC00661,-0.06498604838709626
ARSD,0.14955435483870969
ZMYND15,-0.06122096774193507
LOC100127974,-0.17323822580645148
C16orf72,0.0500375000000001
PRDM4,-0.0015416129032261097
KLK9///KLK8,0.09564758064516134
CCDC186,-0.05208435483870941
PRO0478,0.22181991935483863
HADH,0.010664596774193562
FAM105A,0.031200080645161138
PPM1K,-0.1580045161290321
ATR,0.12209870967741944
IGSF3,-0.004573225806451121
ANGPTL1,0.005006290322580808
GGA2,0.22415983870967746
MRPS28///TPD52,0.06116427419354875
ELP6,0.14431774193548402
TMEM107,-0.018422822580645055
TGDS,0.06569040322580715
MEOX2,-0.0405311290322576
LINC00862,-0.2352786290322579
ZNF839,-0.0026401612903221468
METAP1,-0.03706258064516092
DNPH1,0.36885879032258057
ZBTB11,0.061669677419355404
TFAM,0.017304677419354934
BEX2,0.03813524193548414
VSIG8///C1orf204,-0.03376403225806414
MPZL2,0.08340822580645182
LINC00161,0.039256693548387206
FZD1,0.04060935483871035
BHLHB9,0.00469354838709676
ZNF263,0.07430306451612965
NDUFV3,0.08754459677419363
YIF1A,-0.34050766129032217
ZNF233,0.047350645161290845
ALG9,0.30805072580645165
SHPRH,0.03596983870967774
RBFOX3,-0.11981290322580622
TMEM38B,-0.01282967741935459
ERMP1,0.07113209677419362
MYCBP,-0.0012824193548387
GCH1,0.3249896774193546
USP36,0.04837524193548413
ABHD1,0.016479193548387495
ZFYVE28,-0.030536774193548603
WASL,0.06561879032258097
CCDC3,0.31810733870967756
LDAH,0.00412701612903253
APOC2,0.03794201612903247
HYAL2,0.2340318548387102
NAP1L3,-0.058958709677418994
PRDM2,0.044648790322580956
CEPT1,0.05544524193548388
WNT4,0.07513145161290329
MTF2,0.00290572580645208
EGOT,-0.042533387096773914
ZNF221,-0.11224709677419303
GJB2,-0.011646370967741473
TNFSF14,-0.2065266935483867
PCID2,0.006767016129032223
SLC39A3,0.10234129032258055
LRRC57,-0.0010849193548387072
SMAD2,0.1483155645161295
NT5C,-0.014043387096773802
HBS1L,-0.150029274193548
SYNE2,0.06848096774193552
VCAM1,0.09043161290322563
HOPX,-0.060530322580644905
DUSP18,0.12753403225806478
ZNF251,-0.037199838709676775
DSEL,0.14739330645161267
SNRNP40,0.05817564516129066
TLE1,0.03878370967741952
DOCK8,0.012922903225806734
BMS1P6,-0.03391991935483801
UBXN7,-0.021090725806451386
PLBD1,0.2730838709677421
CAMKK1,0.1564929032258064
RBM15,0.08152951612903245
MMD,-0.008044516129031537
IGK///IGKC,-0.000622338709676957
UBE2F,-0.03161887096774171
POTEKP,-0.08529290322580627
BLOC1S2,0.004519758064516533
LINC00550,0.0526654032258068
PTPN21,-0.07676306451612859
SLCO1B7///SLCO1B3///SLCO1B1,-0.05307572580645146
LINC00475,-0.24301443548387053
LEMD3,-0.1481191129032257
RAB30-AS1,0.028842661290322716
BTBD3,0.01765266129032289
RAPGEF1,0.24855443548387118
VKORC1L1,0.04636443548387116
SUMO1,0.026697338709677602
POLR3G,0.06592725806451638
CNN3,-0.07679532258064489
MIEF1,0.07386596774193528
DENND1B,0.0331724193548393
ALDH3B1,-0.012536290322580503
MCM6,-0.1564419354838706
FAM200A,-0.01228274193548317
HMGCR,-0.0005695161290317162
DDX53,-0.043751370967741496
ADGB,0.07336330645161324
DKFZP434I0714,0.2780650806451616
FAM53B-AS1,-0.09557564516129002
ZNF286A,-0.11175314516128972
ATE1,-0.002338548387096329
NUS1P2///NUS1///NUS1P3,-0.12218217741935469
LOC100134331///LOC642131///IGHV4-31///IGHM///IGHG4///IGHG3///IGHG1///IGHD///IGHA2///IGHA1///IGH,0.017646451612903666
DTNBP1,-0.33500532258064464
GTF3A,-0.12304564516128995
DKFZP586I1420,0.11106629032258085
ICE1,0.0677562903225808
PREB,-0.01876790322580623
NRAS,0.029786532258064925
POTED,-0.007017983870967488
WDR74,-0.0028483064516125057
RIC8B,-0.03882153225806445
SEMG2,0.01005395161290355
NEDD1,0.30265250000000016
MEGF9,-0.024833548387096144
GM2A,0.31360903225806447
FLJ16734,0.0928853225806457
PTPMT1,0.022840725806451793
PA2G4,0.09854451612903273
NIPA1,-0.09404274193548348
LPA,0.029634354838709943
CDKN1A,0.1632755645161291
ZNF397,0.07463572580645192
KIAA0391,0.2709725806451615
MSRB2,-0.38529556451612873
PPTC7,0.013105080645161752
IMPA1,0.14103354838709722
PIP4K2B,-0.038194919354838736
LURAP1L-AS1,-0.06798830645161247
FOXA2,0.21196129032258115
EGLN1,0.04685677419354892
UPB1,-0.05796838709677379
ASPSCR1,0.2086804032258065
COL13A1,0.16313282258064507
NCAPD3,0.012290000000000153
USP32P2///USP32///USP6,-0.021335483870967408
LLPH,-0.020588064516129087
LOC253573,-0.20068177419354832
ZNF536,-0.019987499999999277
MYNN,-0.006961370967741845
PKNOX1,-0.06370298387096765
LOC100131613,-0.11606120967741877
SENP8,-0.0065161290322573485
MALT1,-0.23041330645161281
AMY2A///AMY1C///AMY1B///AMY1A,-0.042654758064515505
ZNF770,-0.07620870967741916
SCMH1,0.1893801612903227
LONP1,-0.15290193548387096
FSCN1,0.07713774193548426
CYP7B1,-0.039126935483870605
DEFB1,-0.07161669354838673
TRMT2B,0.07095750000000027
ASB13,0.4035827419354839
MTERF1,-0.003671854838709295
THOC5,0.1740172580645163
IDH3B,0.2295229032258066
LOC105370832,-0.056032983870967355
EID2,-0.094019193548387
PDCD2L,0.008345080645161911
KIR3DX1,-0.12227685483870962
TNFAIP8,0.04234653225806442
PHLDB2,0.0023881451612908135
ALPK2,0.15093685483870994
BRWD1,-0.07813249999999936
MS4A4A,-0.06822677419354777
CFHR3,-0.034975967741935385
TRMT61B,0.1533258870967745
ANG,-0.00144669354838705
ZNF718,0.0662814516129033
CEP97,0.16425943548387106
VPS54,-0.0585932258064511
LOC105375839,-0.2355321774193546
TRAPPC9,0.2990850806451616
GUCY1A3,0.12528250000000019
LINC00470,-0.23286241935483848
NMI,0.03174129032258072
LOC101927237,-0.0030228225806449727
SMARCAD1,-0.06530314516129013
LINC00997,-0.09233645161290283
MIIP,0.023452258064516347
DIS3L2,-0.3411149193548387
CUBN,-0.06724798387096773
ZNF852///ZKSCAN7,-0.21471508064516118
COMMD5///ZNF7,-0.031213467741935244
ZNF710,0.14021346774193605
CDC5L,0.09671024193548419
WHAMMP2///WHAMMP3,-0.01392080645161272
NOLC1,0.07581177419354877
ALG8,0.04472306451612931
SNORD114-3,-0.12215056451612885
RGP1,0.05202451612903271
NUDT11,-3.0080645160975028e-05
STON1,0.14393258064516123
ZNF485,-0.13319935483870896
LIX1L,0.0020083870967747336
KIF16B,-0.02735346774193509
CBY1,0.17977346774193553
HPCAL4,0.08923887096774243
SCRN3,0.1600409677419359
TUBG1,-0.2933721774193549
LOC653972///CBX3P9///CBX3,-0.14038919354838655
ENTPD1,-0.194289032258064
OR7A10,-0.035372177419354014
C3orf14,-0.1836712903225804
POLR3H,0.22714903225806476
C8orf4,0.022675483870967888
EXOC2,0.11502427419354853
DEPTOR,-0.16649499999999948
LINC01222,-0.009606612903225252
GABBR1,0.31460249999999984
C6orf132,-0.059814032258064344
SCARF1,-0.16798024193548378
SIK1,0.028530161290322924
SIRT1,-0.10740919354838654
SRP19,0.017823064516129198
ACOT11,0.021658306451613173
PACRGL,0.003096774193548593
STAT3,-0.16172016129032224
GCC1,-0.15420661290322582
NUBP1,0.14396048387096777
PRKRIP1///PMS2P3,0.007749435483871435
SLC9A3R2,0.4191694354838712
PDP1,-0.014363548387096583
CGREF1,0.01359435483870982
LOC100507494,0.023200241935483853
LOC105372550,0.2200531451612904
GS1-24F4.2,0.12909443548387103
FKBP15,0.06625661290322585
IL31RA,-0.004465887096773862
MEIS3P1,0.11039540322580668
LINC01355,-0.04098000000000006
MKRN2,0.07020096774193563
XRCC1,0.3405108064516129
ZNF410,-0.05335169354838673
LYRM4,-0.03587669354838697
ICE2,-0.07757322580645147
TTC31,0.015488548387096693
TUT1,-0.15106161290322545
CGRRF1,0.055451612903225686
MITF,-0.11540790322580577
TMEM259,0.2121775806451615
GTSF1L,0.03622419354838742
COL12A1,-0.11131532258064464
ERLIN1,0.04198604838709709
AGAP5///AGAP7P///AGAP14///AGAP9///AGAP6///AGAP11///AGAP4,0.0335993548387097
LOC105376037,-0.009567741935483504
RAD54B,0.03843725806451626
FAIM,-0.025831209677419056
PCDHB13,-0.01800435483870924
IL5,-0.009381451612903071
KRT25,-0.14459177419354782
PPP3CC,0.0033675806451616773
GALC,0.19219790322580677
TIFA,-0.06443532258064498
GPRASP1,0.2629005645161294
GBP5,-0.12264653225806421
TRMT5///HMGN2,-0.005057016129032082
ABCC13,0.24510120967741938
NCAPG,-0.008682499999999899
LOC158434,-0.07121499999999928
LINC00424,0.10247943548387135
SAMD12,0.3883103225806457
FABP3,-0.3001958064516122
IDI2///GTPBP4,0.017942580645161653
LINC01477,-0.03387330645161235
LOC105371622,-0.011420887096773885
CXCR4,0.07929750000000009
RPE,-0.03602161290322513
KIF3A,-0.0028014516129029124
FAM175A,0.061125161290322985
SRSF4,-0.010134354838709572
MCEMP1,0.07777951612903267
SLC22A3,-0.08737032258064482
AKAP1,0.3102385483870971
DRAP1,0.06644298387096789
GSTA4,0.284968306451613
CDK14,0.014340645161290626
FYB,0.16365000000000038
CDC42EP3,0.30976564516129057
UBR5,0.006143790322581067
LOC100128343,-0.09681879032258049
GPD2,-0.38162806451612896
MARK1,-0.1359844354838704
IGF2R,0.34269241935483885
LINC00623///LINC01138///LINC00869,0.1741354032258068
EPC2,-0.07173427419354857
HN1,-0.0792625806451612
C9orf163,0.018186854838710104
C12orf76,-0.0165135483870965
SLC19A2,0.026033870967742262
GID4,-0.004075080645160935
LSM4,0.40707096774193546
PPIL3,0.05549072580645134
TRAK1,-0.009532661290322422
GPR146,0.03307185483871016
MCCC2,-0.0027249999999998283
TNIK,-0.020794274193548186
DHFR2,-0.03935209677419326
WDFY1,-0.0933279032258062
ABAT,-0.1240937096774189
MPLKIP,-0.2109466935483863
STX17,-0.07466241935483844
ZNF271P,0.016233145161290735
RUNX1-IT1,-0.08864322580645131
TRIP10,0.5100218548387098
KDM6A,-0.06395596774193486
PWP2,-0.020554112903225622
MAML2,0.22139830645161301
ADAM3B,0.03250362903225869
LOC728323,-0.017847016129031966
LOC647506///IGK///IGKV1-5///IGKC,-0.058429112903224834
PARP2,-0.20850040322580626
GPN1,0.028299112903226058
C18orf50,-0.2816189516129028
TRIM16L///TRIM16,-0.307253306451613
CDHR3,-0.1985438709677415
RCN2,-0.0058511290322577625
PTER,0.06276403225806462
CPSF3,-0.01715612903225796
NEUROD2,0.06092580645161305
RBMX,0.010897258064516541
DCLK2,-0.040618870967741326
TRIM37,-0.19413201612903214
HEBP1,-0.05651532258064498
ESCO1,-0.05622838709677386
CAPS2,0.09023217741935506
OLFM1,0.012853225806452068
C11orf87,-0.11989709677419329
INO80D,-0.028892419354838012
FSBP///RAD54B,-0.06868241935483849
ZNF556,0.03654629032258108
ZNF267,0.03867193548387136
VSX1,-0.11383572580645124
LOC100132910///GALNT2,0.44033443548387097
ATP7A,-0.001711129032257654
MPP1,-0.05098491935483873
UBA5,0.08583677419354874
LINC00938,-0.0022037096774192404
ATPAF1,0.30272750000000037
VWA8,-0.04907830645161268
OTUB2,-0.0701291129032257
SIRT2,0.13144814516129055
FMR1,-0.02387395161290323
GSR,-0.08339903225806464
TULP4,0.04038943548387142
CYP26B1,-0.17669419354838678
PLXNB2,-0.07099225806451542
TEKT4P2///LOC728312,0.19037500000000007
LZTFL1,0.1091252419354841
UGT2A3,-0.12073927419354794
TCL6,0.06431056451612899
TXLNB,0.05371612903225852
CCHCR1,0.1680403225806453
ZCWPW1,0.049531612903226
IGLV4-60,-0.19171935483870944
CHERP,0.03821241935483887
PFDN1,0.05187435483870996
SPATA20,0.14917612903225816
SLCO4C1,-0.11508379032258038
SAP30,-0.07903862903225779
ARNTL2,0.13506661290322636
CAAP1,0.030874112903226256
CAPS,-0.14817685483870932
KIAA1109,0.017302338709677706
DPAGT1,0.0962551612903228
ABCA1,0.05999653225806479
TRD///TRA,0.2706789516129031
KRT18P65///KRT18P13///KRT18P17///KRT18P19///KRT18,-0.14808830645161264
SEPHS1,0.07749758064516155
ARHGAP20,0.05439322580645176
DTD2,-0.073094516129032
SLC46A3,0.440537741935484
HECTD4,0.252048225806452
SDF4,0.1755435483870969
TUBB,-0.04951306451612849
MIR137HG,0.0364307258064517
ZFP82,0.1874704032258065
TPBG,0.016357903225806544
C5orf47,-0.10295258064516086
C8orf59,-0.03880717741935452
ZNF493///ZNF738///ZNF273,-0.002091209677418996
EVI2B,-0.0727162096774192
GPATCH2L,-0.06689379032258008
TMEM161B,-0.17254782258064502
C12orf29,-0.0057852419354833574
STAB1,0.11481975806451648
LOC399716,-0.059069112903226
GKAP1,0.21072193548387116
PDE4D,0.2813710483870968
HHCM,-0.1407380645161285
PRPF18,0.1496941129032263
ZNF226,-0.012646048387096612
ADPRM,0.15286314516129074
EIF2AK3,0.11364935483871016
LINC00662,-0.03726249999999974
SLC46A1,0.30809435483870967
MRPL46,0.05179580645161313
LILRA4,0.11365717741935512
ACOX1,-0.0008743548387093224
DCAF10,0.03667266129032287
ENTPD7,-0.0015480645161284083
SKI,0.2417296774193548
SEMA6A,-0.10289112903225732
TECR,0.0032454838709679718
ELK4,0.0019512903225810188
PDLIM2,0.22579266129032255
GCFC2,0.1856037903225813
KMT2A,0.07112080645161317
ARHGEF3,-0.04509596774193554
PRKCE,-0.03202008064516068
MAEA,0.11391137096774218
UBE2W,0.03659887096774197
GDF11,-0.09928193548387049
CHAC1,0.6384712096774197
PLCD4,-0.07365161290322562
TMEM222,-0.20865096774193528
DENND6A,-0.06509790322580636
TTC23L,-0.15029822580645136
SBNO1,-0.060939596774193
C14orf79,0.048783709677419615
CGA,0.02447330645161334
TNFAIP1,0.0539151612903228
ACTR6,0.013746612903225866
NCOA2,0.006014274193549025
SLC43A1,0.04784556451612933
LOC221272,-0.03513935483870902
TTF2,-0.23536008064516076
ICA1L,0.052187580645161366
LOC728198///TAF9B,-0.08518290322580632
OSBPL3,0.03308524193548388
RAC2,-0.15981266129032184
THTPA,0.20348556451612926
ADGRF5,0.049016129032258035
SYK,-0.22472177419354783
WDR47,0.19133637096774178
TMED5,0.06673991935483928
IGHV4-31///IGHM///IGHG3///IGHG1///IGHD///IGHA1///IGH,-0.1484861290322575
SPINT2,0.1813268548387101
MED28,-0.08333870967741935
KIAA1654,-0.03903403225806424
ABR,-0.01746040322580676
RNASEK///C17orf49,0.24647887096774207
KDM3B,-0.09542612903225746
MOCS2,0.12055314516129098
ATG16L1,0.01721475806451662
TMEM26-AS1,0.07448217741935477
WBSCR22,0.04295701612903277
GPR183,-0.1156641129032252
TMEM59L,-0.0037979032258057682
UNC79,-0.0011445967741931726
LOC100132077,-0.04683548387096761
PLB1,0.027360887096774665
COX15,-0.11687967741935444
PGGT1B,-0.004019677419354761
RPAP3,-0.0377112903225803
SLC22A24,0.01149483870967761
EFEMP1,0.04506822580645206
RNASEL,-0.01496370967741887
CC2D2A,0.07193854838709679
ATP1B4,0.05070322580645167
PTCH1,0.06262991935483897
ATP1A3,-0.11949322580645112
THAP12,-0.0019881451612899924
LINC01553,-0.0783880645161285
AP5M1,-0.00020540322580635435
CFL2,0.05498403225806474
DUBR,0.06700161290322612
RDX,-0.014287903225805762
TMX2,0.2448025806451613
LINC01360,-0.00565024193548333
EEF1E1,0.07602241935483893
ANO1,-0.019545645161289933
TMEM184C,0.0457211290322587
SYBU,0.026822338709677304
EFNA1,0.14287943548387133
DCAF1,0.07429572580645234
POU1F1,-0.424055967741935
USP11,0.07525516129032307
COG3,-0.10919951612903185
ARFGEF3,-0.013821370967741393
CELF6,-0.00645145161290251
C4orf47,0.007984516129032617
FAM171A2,0.00824798387096795
DDX41,-0.06870290322580594
ZNF471,0.09292766129032273
TCTEX1D1,0.03952508064516131
HIST1H3J,-0.23963201612903212
LOC652708///CES1,-0.028486370967741707
CCL13,-0.10945999999999924
OSBP2,-0.010646370967741684
LOC100129410,0.1527275000000003
CLPTM1L,-0.13927911290322562
SRA1,-0.003853870967741841
HR,-0.021021854838709365
LOC100134331///IGHM///IGHD,0.032730887096774394
NUDT4P1///NUDT4,-0.1548399999999998
WDR53,-0.09821846774193493
ANPEP,0.08554370967741956
FBXW11,0.014401854838710116
NME7,-0.05840516129032266
EIF3LP3,0.20814661290322622
GHDC,-0.0804909677419352
HTATIP2,-0.08322282258064476
MPP7,-0.06262862903225769
NXT1,0.11670927419354835
OR5H1,-0.09140145161290314
NARS2,0.022514435483871446
BAHD1,-0.23315427419354806
COX18,-0.030427016129031682
FTH1P5,-0.030051774193547615
GEN1,-0.11762927419354788
DOCK1,-0.029162419354838355
KLHL7,-0.0563562903225806
ACKR4,-0.04158395161290297
BAZ2A,-0.08259935483870968
P3H1,-0.05452693548387049
ZNF701,0.1605829838709681
ZEB2,-0.013452661290322611
LOC100134053///LOC441259///PMS2P12///POLR2J2///POLR2J4,-0.006477419354838296
RANBP3,0.28861620967741936
EP400,-0.11795088709677361
NOD1,-0.34798604838709607
ITGB1BP1,0.16848459677419386
ZNF200,0.38560499999999986
MEPE,-0.02213459677419312
IQUB,0.012278467741935535
ORC4,0.15933274193548416
ITPKB,-0.03541508064516089
RELA,0.011373306451613368
TNFSF9,0.3678991935483871
GPRASP2,0.01025846774193553
HOOK3,0.05033596774193574
ANKAR,0.011747016129032315
COL14A1,-0.32271806451612806
LINGO3,0.02836145161290367
SGK3,0.13471169354838747
LOC727895///LOC401218///FAM58A,-0.05562782258064476
DEPDC7,0.02384201612903252
ZNF626,-0.16360338709677397
SURF1,0.027780000000000082
TSPYL5,0.0008848387096772985
ABHD12,0.2082643548387099
DIAPH2-AS1,0.05335685483870987
TEX26-AS1,-0.2683771774193549
APAF1,0.07260290322580684
SOX6,0.0073242741935486124
FMNL2,0.2447919354838713
LOC100133999///EVA1B,0.017215725806451736
CDKN2B,-0.035935887096773575
BRMS1L,-0.072446209677419
INPP1,0.04969000000000049
UBAC1,0.2296214516129032
RSPH6A,0.04043411290322632
C1GALT1C1,-0.00545217741935444
SGPP1,0.09022774193548425
TMEM63B,0.15407580645161328
SLC4A1AP,-0.02471645161290289
SEMA3E,-0.1139792741935482
NR2E3,-0.043637499999999524
RNF182,0.21645362903225843
FAM182B///FAM182A,-0.223847096774193
SLC9A9,-0.13631911290322551
ZC3H18,0.17571806451612942
PEMT,0.0680170161290323
CHAF1A,-0.03863895161290305
MTAP,-0.0033912903225803495
CD74,-0.18714008064516105
LOC100129884,-0.010403709677418622
RIT1,0.006768145161290589
RGSL1,-0.20003532258064494
PMS2P2,-0.1910685483870966
ZBTB8OS,-0.05715483870967682
APLF,-0.2384654032258059
MUSK,-0.070109516129032
GOT2,0.13202645161290333
ACTR1B,0.5397257258064516
UGT2B15,0.023348225806452245
RGS6,-0.040058387096774145
PAH,-0.034469112903225525
KLHL9,0.036101129032258504
LARGE-AS1,-0.16361629032258038
DUSP23,0.19127750000000032
CARM1,0.159580483870968
LOC100132553///CP,0.03585524193548412
PCDHGA1,-0.044858548387096554
ANKRD26,-0.10136177419354792
TFRC,0.0007772580645164368
JAG2,0.017712177419355296
FAHD2B///FAHD2A,-0.08208177419354815
MPDZ,-0.01923879032258031
ENGASE,-0.003993548387096467
PDE12,-0.0024807258064513784
FBF1,0.19382983870967752
SHQ1,-0.01523653225806395
LOC100130285,0.022627419354838765
HIST1H2BC///HIST1H2BI///HIST1H2BE///HIST1H2BF///HIST1H2BG,0.435110080645161
UBL4A,-0.0064571774193543305
CPLX3///LMAN1L,0.07306322580645165
LOC652637///WHAMMP3,0.06537016129032265
ZMIZ1-AS1,-0.03365088709677387
S100A9,0.014054919354839192
FUNDC1,-0.030224677419354876
TRNAU1AP,-0.033242983870967496
AGPAT5,0.019750161290322962
PDE6C,-0.3047882258064514
POLB,-0.01456129032258062
SLC16A14,-0.047608709677418835
UQCC1,0.3340497580645163
YTHDC2,-0.02630072580645169
KCNJ3,0.10901564516129023
PI4K2A,-0.12065306451612905
LOC654342///LOC645166///LSP1,0.016010887096774347
KCNA3,-0.003846935483870542
AP1AR,0.011762822580645111
KIAA0485,0.14390645161290344
KIAA1217,0.012016048387097016
TLK2,-0.024745645161289808
MGAT2,0.011100806451613019
LINC00599,-0.02780048387096741
RPH3AL,0.16259185483871041
LOC285593,-0.06666008064516073
DSC2,-0.41360612903225774
FSCB,-0.0323186290322575
HIP1,-0.016000080645160945
CHD1,-0.14534854838709646
FNDC3A,-0.02676798387096759
CKAP5,0.11912016129032271
DCTN1-AS1,0.0513462903225808
OTOP2,-0.02327967741935479
AP1G1,-0.028382983870967375
BIN2,0.0028679032258066115
PLEKHS1,-0.012799838709677078
RGPD6///RGPD7///RGPD5,0.06074854838709693
CDKL5,-0.1574761290322575
ZBTB24,-0.12326991935483851
ZNF304,-0.11006104838709628
COMMD10,0.013090645161290543
C10orf11,0.05631056451612951
SRPX,-0.07087838709677396
LOC101927138,-0.05276814516129011
ACO1,-0.05907379032258037
DPPA3P2///DPPA3,0.05618451612903273
NELFCD,-0.08043169354838663
ETNK1,-0.10810427419354801
CCDC85C,-0.06630580645161217
RGL1,0.24750137096774258
LINC00328,0.030756774193548587
MEX3D,-0.03333354838709611
LOC339568,0.007421774193548625
PARVA,-0.029921774193548377
HIP1R,-0.01066483870967709
CEP70,0.014590322580645541
MYD88,0.18228177419354846
VPS50,0.009308306451613076
FBXL14,-0.11807120967741891
TMEM136,0.034757258064516065
LINC01289,-0.22268556451612878
LTBP4,0.17171435483870998
TIGD2,-0.0915025806451608
NALCN,-0.08618258064516084
LOC100133233///TRAF3IP3,-0.18827540322580588
TRGV5,-0.1878721774193544
FAM166A,0.0623794354838713
PLXNC1,-0.18445999999999954
BOLA3,0.22047887096774216
TRPC4,-0.3917994354838706
IGSF11-AS1,-0.33743411290322534
RPS6KA5,-0.25341435483870933
NPIPB5///LOC729978///NPIPB1P,-0.07424846774193532
SPATA13,0.036642419354839056
SOCS7,0.09688975806451627
TMEM69,0.24667354838709687
INTS3,0.05263782258064542
NR2F2-AS1,0.041919516129032434
PRKAB2,0.2105116129032259
IMPAD1,-0.0270133064516127
SH3BP2,-0.07011774193548345
APLN,0.121290161290323
WRN,0.005641935483871395
CEP350,0.08919177419354855
EMP3,0.08695967741935506
RUSC1,0.5677569354838711
SNAPC2,0.4389994354838709
TAT,-0.05852701612903181
LOC729120///THEM4,0.10148991935483903
ANAPC4,0.038968387096774554
XAB2,0.19826596774193547
ERCC1,0.04876741935483906
ZNF177,-0.033247499999999666
APITD1///CORT,0.06916040322580655
NCAM2,-0.11164741935483789
VPS37C,0.15957096774193566
ALG3,0.5436237096774189
SPTSSA,-0.0012912096774191808
STXBP4,-0.10586588709677416
EHMT1,-0.125136209677419
PPP1R21,0.029739516129032854
PRKCH,-0.014412258064515786
LOC101929713,-0.019567903225805965
KDM5D,-0.06746048387096745
RYR2,-0.15256499999999984
SLC31A2,-0.04323588709677376
LINC00337,0.006846290322580792
CYSLTR2,0.02992556451612939
FBXO40,-0.10003080645161241
OTUD6B-AS1,0.04233677419354823
CALCOCO2,-0.22198403225806437
HMCN1,-0.08038798387096785
LOC100130429,-0.004618145161290046
GPX2,0.10210572580645184
LAMA3,0.14021564516129037
LRIG2,-0.23056153225806453
BLOC1S3,0.1266272580645159
CYP2A13,0.12787370967741998
KLF2,-0.2775355645161287
NEURL4///GPS2,0.8222609677419355
ANP32E,-0.056547903225805836
FLVCR1,0.005134758064516295
ULK1,-0.0016493548387096126
PMCHL1,0.08658782258064504
PI16,-0.16231999999999994
PIK3CG,0.061221612903226356
MORC1,-0.14241733870967718
ADO,-0.017907016129031353
LOC100134361,0.007469435483871189
FAM117B,0.0005354838709680666
RABL6,0.26012935483870975
LOC115110,-0.2675044354838707
METTL13,0.08652080645161345
MIER1,-0.04927419354838687
ST7L,-0.13974467741935453
KCTD15,0.06931516129032259
PANK1,-0.010011129032258113
TRIM24,0.027863387096774238
TCP10L///C21orf59,0.02500322580645198
MMAA,0.021228548387097035
LINC00643,-0.05478951612903152
LOC100130224///UTY,-0.1893689516129024
FXR2,0.040251129032258554
MTERF3,0.00023959677419410977
B3GNT7,0.18602951612903262
MIR99AHG,0.14025427419354863
FOXK1,-0.036774677419354404
TMEM100,0.09945911290322612
SLC2A5,0.18589887096774269
PARP15,0.08072258064516119
ZNF189,-0.10419701612903222
GALNT13,-0.000842903225806501
TRIM8,0.008531048387097222
MCTS1,-0.011939999999999847
ZNF229,-0.06402999999999967
TMEM164,-0.0725475806451609
TMEM144,-0.10115048387096777
ZNF248,0.001050403225806863
MAPK1IP1L,0.11369161290322591
LZTS1,0.10583185483870984
LOC101929305,0.09190540322580644
GMCL1,-0.07882137096774197
MFSD11,-0.06553137096774159
LOC441454,0.02626790322580687
SLC7A1,-0.013161048387096724
RP9P///RP9,-0.01627161290322511
ZNF672,0.24412395161290318
AP3M2,0.17582653225806488
NFATC4,0.230890564516129
FBXO33,-0.07585653225806438
TNKS1BP1,0.14928040322580635
CPNE1,0.541048306451613
CA13,-0.06228290322580597
TOP2A,-0.044792580645161006
PDXDC2P,-0.0976170967741937
MAGI1,-0.061972177419354485
NT5C3A,0.4223037096774194
LOC150596,-0.01108879032258054
SCN3A,0.15877370967741983
KRTAP4-5,0.01892048387096819
RASSF3,0.0010099193548388035
AHR,0.04992354838709678
SRSF2,0.016790080645161607
PAGE4,-0.0032106451612904964
LRRC37BP1///LRRC37B,-0.09134233870967715
LMNB1,-0.0368446774193546
ZCCHC11,0.11878362903225811
TUBB3,0.07269249999999994
TTC12,-0.21883887096774185
GPR155,-0.010158467741935233
BDP1,-0.06226717741935494
POP7,0.248329193548387
ZFP90,0.06998540322580665
SLC39A13,0.01005620967741991
FLJ21272,-0.08156209677419299
PHLDA1,0.08458500000000024
LINC01487,-0.010392903225806216
C19orf70,-0.014298951612903357
ST18,-0.06236177419354777
TMEM116,0.013292096774193657
CCDC36,0.10881306451612924
CLEC14A,0.06830338709677453
PLCD1,0.23520177419354865
KCNAB1,0.017145161290322872
HCG9,0.13480677419354858
PIWIL4,-0.1273472580645159
HOXD4,0.37043612903225887
ZNF445,-0.10102951612903169
RTF1,0.03080209677419373
CLNK,-0.11909483870967696
ZNF532,0.15894298387096822
CDIP1,0.0532345161290326
ENG,0.3075957258064516
NAT10,-0.13019233870967728
LOC100130691,0.02165080645161311
ZNF317,-0.007157258064515571
MTMR6,-0.0246857258064515
HTR2B,-0.09639040322580655
PCDHGA4,0.017113387096774298
AGO1,0.3803120967741938
ZNF419,0.026762096774193972
TJP2,0.0021554838709678
GJA10,-0.12316467741935475
MFSD14A,0.06179145161290345
BAGE,-0.2253477419354831
DPY19L1,-0.1442233870967738
CHRM1,-0.33208612903225776
ITCH,0.07265766129032275
LOC100506974,0.03025895161290331
GAS2L3,-0.061157338709677427
ZNF720,0.011142741935484032
TARS2///EMX1,-0.0477695161290321
ZNF750,0.004709838709677529
LOC645513,-0.06974612903225766
DUOX1,0.1113950806451612
BRSK2,-0.07135879032258047
TXNL4B,-0.49490701612903215
DFNA5,0.1597173387096777
LOC340017,0.04095258064516186
ACOT9,0.13301766129032308
HARS2,-0.05040008064516112
C1orf50,-0.0024739516129030324
ARHGEF15,-0.013529193548386918
PAXIP1,0.27957096774193546
N4BP2L1,0.06500895161290325
CYP3A5,-0.0797742741935481
FAM204A,-0.0652925806451609
SPNS1///LAT,0.15068895161290374
LOC101928658,0.12510443548387123
LOC100130134,0.004514274193549016
RNF7,0.1293150806451617
NWD2,-0.060793306451612336
ELMO2,0.1316871774193551
ANP32A,-0.0663402419354833
GLCCI1,-0.04807064516129006
TBCE,0.04238645161290343
LOC105373738,-0.0429395967741936
LOC105378470,-0.009480806451612755
STPG2,-0.0007032258064511993
EPHA3,-0.0027761290322578036
MCHR2-AS1,-0.08444677419354807
CHST11,-0.2944979838709672
POLR2I,0.13775129032258063
XRCC4,0.0700351612903231
LOC100131110,-0.08486282258064452
TOR1A,-0.11990153225806435
KCNG1,0.26686588709677384
SNHG21,0.30841580645161293
MAP3K13,-0.10163225806451598
LOC100287497,-0.24192467741935436
SPIN4,0.055089274193548726
AGO4///AGO3,-0.019638145161289915
MYOT,-0.0983213709677413
MMP9,-0.010307580645160878
ATP10A,0.41812790322580645
BRI3,0.09669943548387139
SSRP1,-0.08346588709677412
ANKRD31,-0.03137193548387086
LOC100507006,-0.05315548387096736
STK25,0.08603588709677454
TMF1,0.045961532258064514
CAB39L,0.12845056451612952
ERVMER61-1,0.0017042741935485895
ZNF879,0.04558314516129043
SLA,0.15587467741935537
SLC4A2,-0.005776451612903161
INPP5A,0.047961532258064585
GRIPAP1,-0.02499080645161276
C1QTNF7,0.08425475806451616
NAT1,0.002704516129032518
USP38,0.06115161290322596
INPP5F,0.008200403225806842
ZNF804B,-0.011672096774193202
PRTFDC1,0.011002096774194142
PDIK1L,-0.03527330645161274
RNLS,0.03811112903225831
ZCCHC5,-0.017544919354838266
TRIAP1,0.1058493548387099
ADAM17,0.003977903225806628
BAZ1A,-0.02500733870967746
ENTPD3-AS1,-0.05848467741935416
MRPL19,0.0026876612903230382
MLLT3,0.03918250000000045
MRPL39,0.07499266129032302
GRTP1-AS1,-0.1262116129032253
EGLN1///SCAND2P,0.22859354838709714
ACAT1,-0.025565322580644832
UGT8,-0.3305419354838703
NRG1-IT1,-0.04805483870967749
ARVCF,0.07523250000000051
DNAJB7,-0.03930588709677383
ZNF182,0.0027353225806455075
LINC01362,-0.026350322580644486
WFDC13,0.012604758064516317
HIVEP3,0.03759741935483873
TARDBPP1,0.05404120967741966
OBSCN,0.06944266129032309
RNF168,0.016849435483871116
FOXD3,0.044524516129032465
MIR503HG,0.04291516129032328
CEP89,-0.03838395161290317
RSPRY1,0.05253250000000011
LARS,-0.20321540322580606
RPP30,0.05450991935483883
ARHGEF18,0.5166946774193547
LOC728701///LOC728649,-0.21595677419354792
HELLS,-0.012214516129031749
OXSR1,0.010284596774193792
TPH2,0.05482967741935532
CACNA1I,0.25979854838709704
TERF1,0.10683508064516144
TBX15,-0.022085322580644832
LOC105378568,0.03870693548387154
C1orf56///MLLT11,-0.02847467741935448
MS4A6A,0.08947072580645207
LMO2,-0.019250806451612673
SEPT7P9,0.06272669354838747
BCORL1,0.009710483870967868
MIR4697HG,0.041878790322580725
LINC00564,0.05872161290322629
ZNF175,0.2637781451612905
SLFN13,-0.028335725806451585
DSTYK,0.04435491935483889
TRIM39,0.031329193548387146
ZCWPW2,-0.17827258064516033
ZHX3,0.1024350806451616
PRPF6,0.005861129032258477
PSMB10///CTRL,-0.035048306451612395
LEKR1,0.025312419354839223
OSTM1,0.003061612903226054
LOC102467079,0.026673467741935963
FAM196A,-0.047007903225806086
DTWD1,-0.17032362903225765
CHIC2,0.194446612903226
SAC3D1,0.016451370967741796
LINC01492,-0.009701774193548167
BHLHE22,0.10787419354838758
C1orf226,0.08976943548387115
MRPL1,0.013386854838709598
CCDC68,-0.11464669354838647
RWDD2B,0.027757500000000226
MDH1B,-0.03162572580645144
ZNF253,0.014072741935484011
LOC100134089,-0.48045419354838603
TMEM117,-0.020762016129032036
RNF145,0.0488760483870972
LOC645984,0.00460750000000037
CABIN1,0.03610911290322607
CD46,-0.022267741935483636
LOC285535,0.28019193548387106
ZBTB14,-0.015946854838709456
UTP23,0.01956072580645178
HOXC13,-0.018882258064515725
CHRM3-AS2,-0.06957919354838685
HHEX,0.04478629032258087
PRRG4,0.10741209677419328
HS3ST3B1,0.05554846774193561
GIT1,-0.03934887096774134
BBS7,-0.020752258064515586
NUDT22,0.14331540322580655
CLEC12B,0.09807169354838735
RSL1D1,0.0019888709677423123
LGR4,-0.040405241935483616
GART,0.06126782258064557
LOC646736,0.019612983870967906
GIMAP6,-0.013730887096774008
KAT2B,0.0072115322580647186
HSPA12B,0.029968790322580867
MTSS1,-0.2147180645161285
FASTKD3,0.015902096774193953
BST1,-0.010155403225806183
ZNF789,0.01882524193548442
PRCC,-0.009792258064516012
CRISPLD1,0.12027669354838727
LINC00856,0.08735048387096783
LAMTOR2,-0.04131669354838703
GPR137,-0.065130322580645
LRRC17,0.07396096774193596
IPO11,0.006835161290322924
HRASLS2,-0.10380338709677409
PKIB,-0.31351193548387074
GTDC1,-0.01855604838709633
DKC1,-0.006305725806451187
EIF6,0.24766096774193525
LGI2,0.139254596774194
LOC645321,-0.05502749999999985
DLGAP1,-0.06765572580645117
GABARAPL3,-0.035238064516129215
CWH43,-0.10437725806451564
HIST1H1C,0.20434330645161303
IBA57,-0.16492467741935446
DNMT3A,0.022061209677419473
LACE1,0.1341175000000001
RBL1,0.03617370967741936
FAM189B,0.2203172580645157
GORASP1,0.19985645161290322
LOC101929570,0.014070000000000037
MYCN,-0.02734112903225765
FOXRED1,-0.009330564516129052
HOXA5,-0.20239959677419325
BANK1,-0.06869072580645127
UCHL5,-0.03552346774193527
LOC284669,-0.06319919354838692
COA7,0.030530000000000227
SLC35A1,0.01386161290322609
ZNF404,-0.024876129032257804
LRRC4,-0.013660725806451255
NRIP1,0.0036811290322584117
TCEB3,0.01709645161290335
CLIP4,-0.019593467741934947
HIST1H2BK,0.17738669354838724
ERCC6L2,-0.08431153225806426
UBR1,0.009205241935483811
FEN1,0.1691818548387098
KIN,-0.12418830645161236
PMAIP1,0.01511112903225841
DPH2,0.12034895161290338
FAM57A,0.07757564516129055
PLCB1,0.05671709677419361
SPSB1,-0.24656645161290297
LOC101926959,-0.02013016129032269
SACS-AS1,0.00085306451612965
GPATCH2,-0.01650806451612868
MCM8,-0.0483273387096769
PPP2R2B,0.04343290322580729
SNAP29,-0.008031693548387247
FAT4,0.022981532258064714
FYCO1,-0.031887903225805876
PPIAL4C///PPIAL4A///PPIAL4G,0.1670668548387101
TSSC1,-0.05371887096774147
NOTCH3,0.1131343548387098
ZFP69B,-0.5484385483870955
C2orf69,-0.06795249999999987
DNAJC16,0.10169225806451601
GTF3C3,-0.09915379032258029
CD4,-0.06472693548387046
ABL1,-0.011280645161289661
MTRR,-0.08047290322580619
PRKRIP1,0.21314862903225848
TMEM260,-0.27609629032258054
LOC101928741,-0.004038709677419292
CAMK2D,0.039829354838709585
ZFP37,-0.06442274193548367
PLD2,-0.14833524193548325
SLC9A1,-0.009895806451612648
XPA,-0.05348306451612883
MT1H,0.30016314516129056
NLRP14,-0.016146532258064377
ETV5,-0.037209838709677354
PRO1804,0.055245403225806566
XPO5,0.08340395161290348
TMC5,-0.07900306451612882
DDX10,0.12032620967741968
TIAM1,-0.053535161290322084
NPM1P8///NPM1P25,-0.12066911290322535
KLRC2///KLRC1,-0.04627403225806411
KIF26B,0.06329943548387125
MBLAC2,0.05668225806451663
OSBPL6,-0.04837903225806425
DLX6-AS1,-0.07135870967741857
FCN2,-0.16406080645161253
POM121L9P,-0.13366161290322545
LOC339666,0.09002048387096835
ZNF846,-0.13729483870967732
VPS72,-0.01006387096774193
CWF19L2,-0.10765846774193513
NR2C2,-0.08732741935483838
MGC39584,0.04128725806451652
RCBTB2,0.07708290322580688
GPER1,-0.20483508064516084
PTCD1,0.3073229032258065
SPHAR///RAB4A,0.03720080645161327
LIPA,-0.06361661290322577
PCDHB16,0.10660653225806441
THSD1P1///THSD1,0.0002625000000002764
WDFY3-AS2,-0.036658387096774075
LOC728743,0.018403951612903462
ECD,-0.05281346774193518
DNAJC9,0.015312822580645041
DNAJA4,-0.4244320161290318
CMAHP,-0.028770967741935022
KAT2A,0.3967987096774194
POU5F1P4,-0.032067419354838686
ACAP2,-0.05180467741935445
TTC30B,0.03869274193548399
LINC01527,-0.22221637096774183
DHRS12,-0.04771241935483833
ZMAT2,0.06840556451612925
MIR17HG,0.15964701612903254
PREX1,0.06279201612903286
LOC101928995,-0.25355096774193503
UBXN2A,-0.16091556451612882
NPR3,0.12094120967742003
ARMC9,0.013048548387097127
OXSM,-0.06615758064516085
LINC01241,-0.0835631451612895
LOC100289230,-0.01704040322580613
ANKRD39,0.14900798387096803
LINC00551,0.004546370967742387
CTDSPL,-0.03133048387096718
PDAP1,0.03251620967741953
NAP1L2,-0.031151129032258376
ATP6V1D,0.09615532258064503
MLK7-AS1,-0.2972121774193543
CCDC24,0.002314919354838955
RECQL4,0.2841673387096779
HELB,0.08262008064516152
PCP4L1,0.08927677419354876
GLIS2,0.8483053225806454
SLC4A4,-0.07784943548387056
TP63,-0.07885282258064492
ARHGEF11,-0.022591854838709617
DESI1,0.04920483870967776
SNX25,-0.030126693548386874
LYPLA1,-0.004903306451612683
VMA21,-0.02388290322580594
ACTA2,0.04415072580645235
SOX15,0.18048241935483877
ZBTB47,-0.015502661290322229
IFT81,-0.40962637096774196
NAT6///IFRD2,0.060472338709677734
ALPPL2///ALPP,0.0576299193548389
TMTC3,0.02088766129032287
REPIN1,0.429246935483871
SP2,-0.24083790322580584
LYVE1,0.2613091129032257
SLC6A8,-0.06288846774193509
LINC01267,0.0028437903225807387
TCP11L2,0.031403387096774316
SLC25A28,-0.08503387096774183
CDHR2,0.12146564516129049
SLC17A5,-0.02794241935483815
RBM28,-0.001793225806451637
LHPP,0.047443225806451744
HMCES,0.15806604838709723
ZNF138,-0.017470967741935014
AVEN,-0.011506774193548125
LOC645468///IGF2BP3,-0.2290830645161288
LOC401585,-0.03652395161290254
VWF,0.05785483870967778
FAM89B,0.3491038709677419
ANKHD1-EIF4EBP3///ANKHD1///EIF4EBP3,-0.02628282258064537
HEY2,0.023279838709677772
PRRC1,-0.07970701612903193
VIPAS39,0.14657120967741966
TBK1,-0.05169749999999993
TCN2,0.004908145161290821
DLGAP1-AS1,0.019228548387096922
NFYA,-0.08709870967741896
PIK3CA,0.05052193548387165
RMST,-0.10109532258064481
TRD,0.48469032258064526
LOC284023,-0.012960645161289891
LAYN,0.17233080645161292
PARD3B,0.16602822580645188
TRIM10,0.13470620967741986
SYCE1L,-0.16162258064516094
LOC645166,-0.11246225806451612
FHL2,0.10911056451612927
FAM120AOS,0.03357548387096779
ZGRF1,-0.006847580645160977
TIMM9,-0.23623895161290323
PCBD2,0.1771675000000002
IKZF3,-0.1904806451612903
F3,-0.0939783064516125
TRIM23,0.04946475806451626
PALB2,0.23158717741935492
FAAP20,0.056329838709677324
OAS2,-0.009655241935483724
HINT3,-0.11362612903225738
PLA2G3,0.010957016129032562
AKAP14,-0.037457903225806166
GRIA3,0.030461129032258553
SLC7A11,0.13056637096774246
TRIM14,-0.08788693548387076
SFMBT2,-0.1458760483870964
TSC22D2,-0.09210967741935468
NRG2,-0.03289685483870939
ANKFY1,0.13602233870967761
ADAM22,0.027435645161290743
ADH1B,-0.08467274193548345
CDKN3,-0.015488225806451358
SPCS3,0.010079354838710055
ARHGAP24,-0.013955967741935114
NUBP2,0.5182409677419351
RUNX1T1,-0.0059454838709672355
GAD1,0.2034885483870973
ARID3B,-0.12173758064516094
ESRRA,-0.029494677419354794
AGPAT1,0.276313951612903
C2orf76,0.02455403225806497
JPX,-0.026679435483870535
UCP3,-0.05371895161290307
SLC8A1,-0.06176096774193536
LOC105378577,-0.032583306451612906
LOC100996286,0.1880362096774196
KNOP1,0.07784854838709707
RNF144A,0.09196379032258077
ZNRF3,-0.10569088709677399
ATCAY,-0.3010249193548383
POMGNT2,0.019574354838710156
BTBD16,-0.029322177419354875
SEMA3A,-0.0025041129032257487
CXCL8,-0.11298338709677411
CHPF2,0.2173150000000001
SNX16,-0.011926451612902685
SEPT4,-0.22844427419354832
PTGER4,-0.25767532258064463
TRDMT1,0.0662242741935484
CCNDBP1,0.06724822580645218
BCKDK,0.1363600000000002
ZNF143,0.2513175000000001
SPRYD3,0.1583161290322581
TMEM185A,0.12374701612903298
C5,-0.048358951612902774
ZNF823,0.032217983870968206
ZHX1,-0.001837258064515658
CEP57L1,-0.002411451612903
TOR1AIP2,0.01994395161290309
C8orf44///SGK3,-0.07842185483870892
TRAP1,-0.03730669354838691
POLR2D,0.08397129032258091
PAQR3,0.002355080645161437
UBXN2B,-0.15296887096774162
BCR,-0.0030958870967734663
TNFRSF10A,-0.013558064516128726
RAD9B,-0.034566048387096274
TSNAXIP1,-0.02523169354838669
MAGEA2B///MAGEA2,0.01704580645161348
SH2D1A,0.03787475806451653
TAB1,0.029892822580645694
ZNF331,-0.12924943548387063
SPDL1,-0.07848556451612891
FMO3,-0.02924774193548407
RNF165,-0.013517016129031747
GRSF1,0.06369088709677434
KIAA0355,0.012152822580645307
ZSCAN26,-0.1123885483870968
LOC642846///DDX12P///DDX11,-0.277582661290322
LILRA2,0.06498120967741962
ZBTB44,-0.02630838709677365
LINC00690,0.03262395161290364
NAV3,-0.046075403225805917
MMGT1,-0.027099435483870622
CSRNP3,-0.08901669354838708
PRMT6,-0.030092903225806218
PP7080,0.09487362903225832
LOC400627,-0.037601854838709634
JADE2,-0.026147258064516194
TMPRSS13,-0.19592104838709637
TSEN34,0.42008233870967737
TTC38,0.07740346774193595
NCAPG2,0.03798580645161287
ETV1,-0.00027572580645125917
NFE2L3,0.005006370967742018
PHF23,-0.015973467741935157
USP46,0.12033887096774254
FLJ22763,-0.12181733870967709
PTOV1-AS2,-0.11331161290322542
PHACTR2,-0.042702016129031684
HRAS,0.001410403225806791
CREB3L1,0.33002201612903215
CSRP2,0.028651854838710147
CLDN10-AS1,0.018251935483871273
WARS,0.190334919354839
SHCBP1L,-0.08131330645161246
ADTRP,0.047064677419355175
BCAR3,-0.061052903225805685
LRP1,-0.095143548387096
ZNF205,-0.1479294354838706
PCNPP3///PCNP,0.17206846774193557
OSER1,-0.011787741935483195
SLC25A53,-0.03317629032258029
FILIP1L,0.04510387096774219
FBXL4,0.04729080645161299
C8orf76,0.04518338709677425
PTPN22,-0.12545669354838676
ZNF547,-0.013201451612902607
ARPP21,0.0011631451612907698
LSM6,0.03322290322580677
SLC35F2,0.05798564516129069
TNP2,-0.15606024193548323
TBX5,-0.2536354838709677
LRRC61,-0.07770330645161258
KCTD21,-0.2470646774193544
GPR137C,-0.0378940322580641
ZNF100,0.20282717741935521
TMEM44-AS1,-0.06468387096774146
NPEPL1,-0.04181774193548396
DLX1,-0.0863193548387092
CNOT9,-0.034775403225806294
PPIF,0.07644467741935534
PRKG2,-0.030472822580644786
ADAMTS7,0.1500786290322583
LOC729218,0.07906298387096804
CMPK2,-0.04651346774193498
LOC100133516///CSF2RA,-0.09689298387096751
AADAT,0.12649677419354877
CENPC,-0.037420967741935623
NEK11,0.004167096774193789
TICAM1,0.24531362903225834
BIN3-IT1,0.7023111290322581
TRPM1,-0.3063689516129025
CCDC183,0.031274112903226375
SAMD15,-0.015814677419354682
CYP3A43,0.039382500000000556
SNX22,-0.057648467741935175
EXOC8,0.1540383870967751
ECE1,0.09760999999999982
THAP6,-0.008207338709676954
WDPCP,0.07856725806451624
LOC730324///LOC441259///PMS2P12///PMS2///PMS2P5///PMS2P2///PMS2P1,0.18584177419354886
TNFRSF9,-0.08885395161290281
TMEM74,0.08247879032258065
AES,0.21687830645161288
RAB43,0.3569476612903227
PCDH17,-0.38066241935483813
RUNDC3A-AS1,-0.12378209677419319
CASC15,0.09631064516129023
SUDS3,-0.06467379032258005
HDHD2,-0.03288451612903193
MRC1,0.017991209677419503
NUDT2,-0.04802935483870931
ANGPT2,0.009103951612903581
POLD3,0.18106669354838711
CELSR1,-0.014688629032258083
FRS2,0.025798548387097164
TBC1D3H///TBC1D3///TBC1D3D///LOC653498///LOC653380///TBC1D3C///TBC1D3B///TBC1D3F,0.2205277419354842
ZNF516,0.01537483870967789
SND1-IT1,0.04122709677419421
MED30,-0.12789258064516093
SDHAF2,-0.015545645161289857
MOK,0.37595669354838734
STEAP4,-0.12780588709677398
ZNF883,-0.04141249999999976
GDF10,-0.10867056451612866
GFM2,-0.0013529838709672865
NDUFA10,0.007978306451613152
LINC01016,-0.11044629032258016
F2RL1,0.02876072580645163
CLPP,0.07250637096774219
LOC100133847///CHMP5,-0.1451414516129033
LOC729436,0.021345241935484302
MAPK3,0.20686967741935475
LMF1,0.04357048387096814
KPNA1,0.006142096774193702
MRPL37,-0.12293314516129047
THEM5,0.09064096774193595
PRKAA1,-0.027195967741935383
LINC00615,-0.010442016129031877
ABCC5,0.07650879032258097
DPP7,-0.10155806451612831
HSPB8,0.04562266129032308
C16orf70,-0.060328467741935385
DMRT2,0.08744822580645163
C4orf33,0.08361532258064519
SLC13A3,0.010287016129032173
BZW2,-0.03323629032258032
IGHD,0.08031306451612938
WDHD1,-0.16989983870967681
KIAA1549L,-0.3058498387096774
N6AMT1,-0.039302096774193225
NPSR1-AS1,0.10114540322580663
TIAM2,-0.06491080645161285
USP45,-0.18271790322580625
MME,-0.09323749999999949
DKFZP761C1711,-0.03651685483870934
TET1,-0.0511084677419352
VNN2,-0.03459508064516066
TMEM154,-0.14462604838709614
DCAF12,0.08144822580645149
ZNF30,0.03842693548387116
MUC15,0.10499120967741964
PPIP5K1,0.054901451612903766
PLAT,0.03534782258064534
ATG7,0.09360467741935513
TESK1,-0.10475887096774165
AQP6,0.01000879032258101
C1orf123,0.014104354838710309
IRS1,-0.06994604838709674
LOC100288637///OTUD7A,0.027759032258064573
CCDC126,0.09942935483870965
NUBPL,0.04339209677419406
SNUPN,0.26870395161290317
RBFA,0.016041854838710068
TRMO,-0.002434596774193455
SCNN1A,-0.0759440322580641
SETD6,0.11900830645161264
CACNA1C,-0.02603612903225757
LOC645188,0.16864677419354865
TBP,-0.012392258064515587
LOC100130207,-0.12214830645161268
H6PD,0.10474717741935505
FIGN,0.284316048387097
CCDC121,0.00945588709677468
HOXA7,0.2330066129032261
ZNF687,0.1281915322580649
NCKAP5,0.11283274193548402
WNT5A,-0.03008782258064481
CSNK1G1,0.03805064516129063
DZIP1,-0.0005406451612899998
ARHGAP32,-0.0038962903225805735
FHOD1,-0.08281806451612851
UNK,-0.23677241935483817
FAM111A,-0.09733999999999997
POLR1C,-0.04293951612903208
DTNA,-0.08817943548387056
MARVELD2,0.0011458870967742951
RNF170,-0.11662806451612855
TSTD2,0.10410798387096798
DZIP3,0.12114145161290324
AMIGO3///GMPPB,0.10530709677419364
NEURL4,0.24161637096774216
AAGAB,-0.08747661290322578
CTBS,-0.010917661290322052
TMEM65,-0.0299285483870962
ST6GALNAC5,-0.005290161290322264
TFAP4,-0.12854008064516081
CCDC51,0.02490314516129056
ZC3H13,-0.06550467741935448
NEK2,0.10319354838709684
RFX7,0.07563137096774224
STOX2,0.10583129032258098
IGFN1,-0.05237290322580604
XPR1,-0.07711338709677412
LOC101926915,-0.16085467741935477
ACSL6,-0.04574338709677395
LOC100132218///LOC728555,-0.18439967741935467
OXTR,-0.046201290322580274
CENPN,0.0074704032258067175
FOLR1,-0.12082379032258009
OSCAR,-0.21558459677419334
ACOT8,0.3998380645161295
GGTA1P,-0.014589193548386815
FAM101B,-0.11716096774193531
RERG,0.010835725806452218
TMEM106C,0.016842258064516627
LOC101927636,-0.21706806451612856
PCDH1,0.10803016129032313
HOXA10,-0.05680193548387091
LRRC39,0.04087306451612951
GPHN,-0.08834741935483807
B3GAT2,0.010962580645161615
AQP4,-0.06322669354838714
SFTPC,-0.12016499999999902
FAM19A4,0.1594702419354841
LOC401261,-0.23300629032258044
LAMC2,0.04308629032258086
GLIS3,0.014509596774193716
CA3,-0.37061741935483805
TSPAN32,0.07218314516129036
TBX18-AS1,0.05334024193548418
CFHR2,-0.053785564516128946
ERICH1,-0.01375443548387103
VN1R95P,-0.07365362903225796
STAC,-0.40900943548387064
ZC3HC1,-0.03563758064516075
GANC,0.05989346774193562
MIGA1,0.006881774193548823
RNF111,0.03634475806451653
MCM3AP-AS1,-0.0026329838709676402
DNAJB12,-0.09699467741935457
GGH,-0.034653225806451395
LOC101927494,0.05925580645161337
TRPC6,-0.15968112903225767
LOC283475,0.04350846774193591
DGKE,-0.03244540322580621
KIF5A,-0.13941330645161257
AKAP8L,-0.056571532258064106
ONECUT2,-0.033914677419353965
MRPL47,-0.007261532258064262
AFAP1,-0.07792983870967672
MAP3K4,0.01037612903225845
SLC24A4,-0.14126459677419329
RPL29P11///RPL29P15///RPL29P9///RPL29P26///RPL29P6///RPL29P4///RPL29P31///RPL29P12///RPL29,-0.019018145161289746
ZBTB26,0.06753112903225805
SUZ12P1,0.22142370967741962
GALM,0.24135806451612904
LOC100132874,0.25317741935483895
CCDC34,0.0380744354838713
ANKRD35,0.013430241935484071
THBS4,0.4409134677419356
ZNF606,-0.17462572580645117
REXO4,0.1425806451612903
STT3B,-0.010676774193547843
GLE1,0.26457000000000025
MAD2L1BP,-0.19059572580645107
TRMT2A,0.05567370967741972
GPR153,0.005541854838709762
NHLRC4,0.019625967741935795
FRMPD4,-0.25908943548387103
KBTBD8,-0.1838446774193547
MCF2L,-0.001230887096773596
PIGU,0.2752576612903227
TRIM6-TRIM34///TRIM6///TRIM34,0.056250725806451886
LOC100289333,-0.48684040322580574
PSMC3IP,0.008083629032258144
CIAPIN1,0.2404737096774192
HESX1,0.0885756451612908
FBXO18,0.01867798387096793
LOC100506999,-0.11868612903225767
ANGPTL3,-0.210824758064516
OLMALINC,0.07116741935483864
TMEM135,-0.09009540322580596
ICAM1,-0.021425887096773857
EREG,-0.03806846774193518
SLC1A5,0.00464419354838728
GORAB,-0.049264758064515635
ZNF688,-0.1281790322580641
SYAP1,-0.019664758064515495
LINS1,-0.09676209677419335
MBNL1-AS1,-0.05824572580645106
PAX8-AS1,0.4542511290322581
SALL3,-0.018399516129031946
TBC1D2B,-0.05341419354838617
LOC442497///SLC3A2,0.13862983870967746
MMP28,-0.00567209677419306
ZNF84,0.12033112903225818
DLG2,-0.060601693548386765
TRAF3IP3,-0.07978564516129007
ADAT2,0.22845895161290355
SLC36A4,-0.04398370967741919
RNF213,-0.09661217741935461
POC1B,0.1281062096774196
MEI1,-0.06954153225806448
HUS1,0.06251209677419366
ZNF287,-0.03267870967741925
LINC00639,-0.3841402419354833
ATP6V1C1,0.0765141129032259
TBC1D32,-0.2320562096774189
AMIGO2,0.008722500000000296
EP300,-0.11866895161290288
C11orf65,-0.023159435483870477
TMEM94,-0.13242548387096748
JADE3,0.06607185483871023
RPTOR,0.3351779032258069
FUT8-AS1,0.2454767741935482
STXBP6,-0.0024733870967738047
AHCYL2,0.13719403225806492
MRPL49,0.04752475806451634
RSAD2,0.04544572580645191
PTPN14,-0.1794330645161288
LOC101928031,0.13888717741935552
ZC2HC1A,0.012811774193548517
USP25,-0.03887112903225784
SLITRK4,-0.054335403225805864
RABEP1,0.017269838709678062
AHCY,0.036522983870967814
ALDH9A1,0.03054161290322585
MAGI2,-0.16566024193548384
IMMP1L,0.019661290322581085
KIAA1683,0.006083387096774686
RAD51L3-RFFL///RFFL,-0.025805161290322294
TRIM35,0.14644774193548415
CCDC58,0.12164427419354851
LOC652276,0.07587766129032261
MEGF10,-0.09391016129032251
MPV17,0.25107346774193545
AMMECR1L,0.035395564516129185
NETO2,0.05386016129032305
LRRIQ3,-0.10190290322580614
CASC22,-0.09368008064516088
LOC648987,-0.0014411290322575258
BTC,-0.13987241935483868
GABPB2,0.005479516129032594
LOC102546299,0.08561790322580662
CCDC7,-0.02366943548387088
ADCY4,0.4305887096774193
LOC100506473,0.02740596774193572
CNST,0.040212500000000415
GDPD1,-0.14685580645161217
OIP5-AS1,-0.06940072580645108
BEND2,-0.24153258064516098
ZNF655,0.045646774193548456
CYB5A,-0.04290314516129028
PAX5,-0.03424483870967704
UGGT1,-0.026274112903225445
LAT2,-0.13335080645161274
LOC732419///ATAD3B,-0.007026290322580179
LINC00664,-0.14882693548387044
SF3B3,0.352250806451613
LY96,-0.02972927419354813
CEP19///MAP3K7CL,-0.10778459677419287
GAS2L1,0.032102661290322854
NNT,0.07868717741935485
LRRC31,0.05629814516129081
ADK,0.0451034677419361
CCDC57,-0.01625483870967688
ABCA17P,-0.0052397580645160285
MED8,0.01928830645161294
LOC105377925,0.0011587903225808403
CANT1,0.1829907258064518
LINC00944,-0.30653120967741854
NTN4,0.030077096774193877
TAGAP,0.0705385483870967
TOR3A,-0.04475895161290264
NECAB1,0.017555080645161453
BUB1,0.04273677419354882
F11,-0.008819112903225533
PAICS,0.018588790322580706
MFAP5,0.06256798387096785
FANCB,-0.2427393548387094
DPF3,-0.05813879032258002
SPAG8,-0.027630564516128515
ABHD18,0.3511645967741939
DNAJC13,0.0100230645161293
TSG101,0.02669806451612914
STON1-GTF2A1L///STON1///GTF2A1L,0.06696911290322616
ARHGAP18,-0.02035064516129
FKTN,0.048162741935484386
CPEB3,0.010092338709677462
KRT79,0.1857387903225809
C9orf40,-0.02319790322580602
AMPD3,-0.1236313709677413
SLC13A1,-0.0563948387096771
DNAH6,-0.08154758064516086
TMPO,-0.008938064516128705
CDH7,-0.04873491935483848
KCNN4,0.007975080645161739
ZNF786,-0.01092790322580576
BLM,-0.03372153225806412
ZNF41,0.037226290322580916
LOC100130216///USP9Y,0.051411290322581
TERB2,0.0512255645161295
TP53I3,-0.04993314516129034
ATP6V1B2,0.029879112903226212
SENP2,-0.019661048387096664
PRKG1-AS1,-0.0530412903225804
SRD5A3,-0.01997814516129042
TNK2,-0.06476395161290285
LINC01146,-0.11221266129032254
LOC154761,-0.01617983870967722
C16orf45,0.03393120967741954
FAM110C,-0.09688959677419365
CUL7,0.010380887096774734
LOC391132,0.03978572580645208
FBXO31,0.23592895161290345
ARRB1,-0.0017583870967739466
ACSS3,0.004319516129032721
HNRNPUL2,0.05835475806451621
OTX2,-0.4806317741935482
PART1,0.015366290322580911
LINC00437,0.02162870967741953
NPL,0.09263233870967749
ST7-AS2,-0.09147854838709664
DTX2P1-UPK3BP1-PMS2P11,0.10786540322580666
TSR2,0.07390072580645139
PTBP2,0.01089104838709713
BRD3,0.34265040322580675
RANGRF,0.24659241935483878
PRKCQ-AS1,-0.009798387096774025
SLC17A8,0.028875483870967993
LOC105378732,-0.05354096774193509
PKP1,0.023065806451613262
RBMS3,-0.24539532258064492
C16orf87,-0.07109846774193515
SORT1,-0.08858645161290273
C3orf18,-0.21611209677419335
TMEM192///ZNF320,-0.0676930645161288
IL18,-0.29624806451612895
MECP2,0.19821072580645188
CCSAP,-0.04858435483870932
NAA35,-0.043539032258064186
LOC102723448,0.0020380645161293797
TECTB,-0.03031177419354801
C7orf34,0.011610564516129372
SPPL2A,0.015188548387097022
PIP5K1A,0.021912741935484422
LOC101928748,-0.3727554032258061
SGTB,0.09444580645161302
PKHD1L1,-0.021288951612902618
RAB28P5,0.0480477419354841
GPC2,0.00532516129032249
USP39,0.0749515322580647
TRIM74///TRIM73,0.20644435483870965
GHR,0.14605064516129054
SLC2A13,-0.008492903225806047
DIRAS2,-0.1634126612903225
VSTM2A,-0.2779767741935478
T,-0.013053709677418887
LIPT1,-0.007576774193548281
SMIM12,-0.004763951612903029
LOC100128484,-0.0177165322580644
UST,0.03878943548387098
LOC105370829,-0.18567741935483864
IRF3,-0.025281693548386844
PBX3,-0.011075725806451341
SCN2A,0.08536032258064576
SLC25A14,-0.04820306451612898
WDR5,-0.1396782258064513
C8orf44,-0.06717233870967701
ALB,-0.08154403225806439
LOC730074///TMEM242,0.02031250000000024
NEGR1,0.07932483870967769
MRPL10,0.2888745161290322
TTC23,0.022804435483871052
BCKDHA,0.5358430645161292
NPTX2,-0.15947846774193492
PGAP1,0.08642209677419359
LOC257152,-0.022423467741934752
PBOV1,-0.2499095967741932
MLXIP,0.17487798387096795
TDP1,0.3698079032258069
FAM222A-AS1,-0.22469016129032204
AOX1,-0.09864854838709658
KITLG,-0.009806370967741417
CIPC,0.0016233870967744118
PES1,0.024322338709677413
ZNF649-AS1,-0.0736845967741929
LRRC4C,-0.3745437903225807
LOC283585,-0.14952830645161244
ABLIM1,0.21204879032258112
ART5,-0.024231532258064164
IGLV2-11///IGLV2-18///IGLV2-23///IGLC1///IGL,0.0250155645161292
DYNC2H1,0.04266604838709725
WHSC1,0.07803258064516144
MED11,0.27380419354838725
IGLL5///IGLV@,-0.19486080645161286
FAR1,-0.12401572580645123
KATNA1,0.005546370967742212
CLN5,0.15983290322580668
GLB1L3,0.05204903225806502
YARS,-0.2608728225806449
ECSIT,0.20784459677419365
FAM104A,0.017760806451613168
MAP1LC3C,0.004117983870967791
DHRSX,-0.07011588709677369
CSNK1A1P1,0.08769467741935517
GRHL1,-0.05799403225806423
GNPTG,-0.2101440322580642
ARRDC3,-0.011248951612902751
BMP8B,0.07600282258064542
LPL,-0.09744677419354802
MARCH5,0.006707741935484018
NUDT16,-0.05603749999999974
FOPNL,-0.011139919354838827
UBR7,-0.013058387096774128
NDUFB7,-0.11859701612903197
HCK,0.0039591935483877655
EZH2,-0.05951709677419326
ATXN1L,-0.01461217741935436
LINC00652,0.029839193548387183
IQGAP3,-0.06633612903225819
NIN,0.1954245161290324
ZNF587,0.022086612903226256
GCA,-0.0014672580645156419
SHISA4,-0.07293879032258034
C12orf73,-0.04137346774193498
MCM7,0.14220758064516173
FLJ13773,-0.08115604838709642
MCF2,-0.005337016129031664
ZNF507,0.027425161290322783
FKBPL,0.19811314516129067
ROR1-AS1,-0.008599112903225847
PLA2R1,-0.26457967741935406
TENM3,-0.06905629032258034
LINC00869,0.01868750000000041
CHCHD4,-0.12043975806451548
ZNF423,-0.2728003225806452
PNPLA7,0.1096631451612909
DCUN1D2,-0.19912604838709622
FAM160B1,0.06590693548387078
MAGEA9B///MAGEA9,-0.06955919354838698
CYP39A1,0.012185000000000503
FAM9C,0.05366314516129024
MAP7,-0.15272346774193557
FCGR2A,-0.0836769354838709
NUSAP1,-0.084624838709677
SPTSSB,0.1334094354838709
ZNF707,-0.12379241935483871
SMPD1,0.011029032258064788
SIKE1,-0.03135419354838668
ZZEF1,-0.050008629032258035
ZNF697,-0.07941370967741929
GPR65,-0.22570411290322537
IPO9,-0.03380967741935452
LINC00963,-0.2385239516129024
PLA2G15,0.20733500000000002
SLC35D3,0.05786983870967759
ZFAND4,0.11469540322580637
PSG1,0.035869596774193796
ENOX1,-0.10300330645161257
PRF1,0.0464044354838713
LOC79160,0.2742521774193553
COPE,0.09713491935483912
TGFB1,0.10198750000000047
COLEC12,0.07676685483871015
PCYOX1L,0.16568435483870964
ALG10,0.04553959677419391
ZNF826P,0.13750532258064557
LATS1,0.052790967741935604
IQCF3,-0.05907701612903248
CCAR2,-0.06902846774193575
ZZZ3,0.06397096774193584
NPY1R,-0.0727658870967737
ANKRD54,0.3151985483870969
PDSS1,0.03276758064516194
MIS18BP1,-0.15567790322580607
CDC42EP2,0.2028558870967746
FBXL2,0.2570690322580645
LOC101927830///TMLHE-AS1,0.12512177419354903
ID3,0.1023406451612901
PYCR2,0.12263241935483912
KY,0.19807508064516138
OCRL,0.06899830645161333
VPS26B,0.0069831451612905535
TRIM61,0.06532645161290357
C3orf38,0.04227475806451621
TSEN2,0.16212250000000017
AMMECR1,0.10407064516129061
SIN3A,-0.17340427419354826
LOC202451,-0.02066661290322569
FLG,-0.21896419354838692
ZBTB8B///ZBTB8A,-0.3107542741935479
VLDLR,-0.0683887903225803
LOC102723809,0.10484266129032274
CEBPG,-0.12702540322580613
LOC100289518,0.05780814516129063
SPNS2,-0.05163508064516092
CACFD1,0.24039330645161278
MRPS18A,-0.09404983870967726
ASH1L-AS1,0.1606249999999999
TIPARP,0.2544708064516128
GNAT1,-0.024008951612903243
RFXANK,0.05301620967741988
NRXN1,-0.018359274193548283
ZNF22,-0.003412177419354073
AMER2,0.04980161290322601
IGHA2///IGHA1///IGH,-0.19026427419354797
SEPT7P2,-0.05909290322580529
ZNF431,0.18260233870967782
KIF2A,-0.10860072580645122
A2M-AS1,-0.20796846774193534
DIRC1,0.024973145161290546
PMVK,0.14016975806451612
KIAA1586,0.0650096774193549
ACVR1C,-0.06872758064516106
YPEL2,-0.025411935483870524
PYCR2///LEFTY1,0.12131532258064558
BTNL9,0.05061548387096816
TSPAN10,0.592947177419355
SPRY2,0.06401709677419402
LINC00632,-0.012748951612903223
GPR85,-0.0566894354838707
HSD17B11,0.17533387096774214
SLC35A3,-0.15006048387096757
DDX27,-0.008974274193548223
SMYD2,-0.07684733870967725
GSTCD,-0.017516370967741494
WFDC11,0.0737016935483873
KIF5C,-0.01493451612903204
DNAH14,-0.1365238709677416
SLC26A7,-0.010773709677419224
IGHMBP2,0.08917266129032282
LIN9,0.012420564516129485
MFSD12,0.03263008064516184
KLHL8,0.07156685483871002
TGIF2,-0.2513900806451611
MST1R,0.04841612903225866
MYBL1,0.043241693548386854
NRCAM,-0.019916935483870576
GYG1,-0.007997016129031906
SLC39A12,-0.15623024193548327
PKD1L2,-0.03455532258064486
C9orf64,-0.02615548387096741
LRRC8C,-0.2740888709677416
UHRF1BP1,-0.05549387096774134
DLEU7-AS1,-0.2929474193548383
MPPE1,0.21655032258064516
GH1///CSH2///CSH1,0.20013959677419418
LOC730101,-0.18757782258064462
LOC101927460,-0.015277499999999403
SCFD2,0.04171435483871006
UEVLD,0.11968572580645225
CDC40,0.010939677419354967
CA6,-0.047383709677419054
LOC284242,0.12625379032258072
RGS18,-0.28949120967741876
ACADL,0.11603048387096766
ADAM29,0.07700427419354847
RAB21,-0.023299677419354795
SPO11,-0.029374032258064498
USP10,0.048414838709677555
RPL22L1,-0.019355725806451417
PEX11A,0.08125750000000022
DHX34,0.10548637096774244
MPHOSPH9,0.13128145161290347
COQ4,-0.0978711290322581
SLC51B,-0.09812233870967732
TINAG,-0.0010721774193549177
HLA-DRA,0.06904306451612914
TDRP,-0.03538870967741919
ABHD17B,0.03796048387096787
FAM96B,0.01688943548387119
LOC100133761,0.10874443548387101
BMPR1B,-0.09311677419354837
DMPK,-0.11701185483870927
JHDM1D-AS1,-0.0501074999999994
RPIA,-0.31287927419354805
SPRY1,0.04836927419354864
LOC105377458,0.03568379032258081
NPRL2,-0.10398951612903207
STK32A,0.07270750000000044
SLC35A2,0.03698064516129031
HOTAIR,0.044472419354839116
PCDHB14,0.06584346774193595
LINC00982,-0.3510772580645156
FAM221A,0.06286314516129039
BCOR,-0.006738548387096579
DDRGK1,-0.117081209677419
FAM173A,-0.05661838709677355
LOC102723757,0.05336185483870953
MSS51,0.2187018548387099
DNAJC6,-0.009605483870967739
LINC01220,0.03981685483871035
SPATA6,-0.1334381451612901
DDX55,0.04628814516129051
SYT12,0.06011419354838722
SELE,-0.011597741935483573
KYNU,0.00658467741935518
MSANTD2,-0.034279112903225245
DCUN1D5,0.004491209677419552
INHBA-AS1,-0.06886499999999937
UPF3A,0.009956693548387501
PHF12,0.05768370967741952
PIGF,0.2672821774193549
L2HGDH,0.10589580645161278
GALNTL6,-0.019769032258064527
DDX56,0.2690271774193545
GRWD1,0.10920959677419376
ANKRD36,-0.009110887096773943
CAMSAP1,0.15609080645161316
LRRC69,-0.06152846774193504
ZNF506,-0.03028943548387075
NDST1,0.0936162903225808
FAM107B,0.096170161290323
B4GALNT3,-0.0255928225806447
FAM45A///FAM45BP,0.010504032258064684
RGPD4-AS1,-0.0791236290322574
LPCAT2,-0.028411935483870776
AMACR,0.17398806451612922
CARD19,0.1776722580645161
RNF207,0.030018145161290255
PHAX,-0.1586658870967741
LOC101927647,0.1273788709677418
LINC01128,0.00314677419354837
RFC4,0.015330645161290877
CTSO,-0.10416919354838657
LOC100133481,0.3932007258064519
PCSK5,0.005897177419355557
FST,-0.14797790322580645
RDH13,-0.1069179838709675
METTL21A,0.45248443548387085
ZNF273,0.05482653225806465
TCEA3,0.037986693548386984
EPSTI1,0.051199112903226415
LOC101928539,-0.19306814516129014
LOC100129932,0.059526370967742145
SLC27A2,-0.060533306451612326
CUEDC2,-0.05493701612903207
DIEXF,0.12634943548387123
SLC22A23,0.09598822580645151
ZDHHC4,0.05289088709677421
LOC728835///CCL4L1///CCL4L2///CCL4,-0.093543467741935
PLAC4,0.05026387096774193
KDM5B,-0.06871822580645114
SLC15A1,-0.027840806451612413
FGD6,-0.08653790322580651
CTSS,-0.1462948387096772
WASF1,-0.0009072580645159362
MXD1,-0.0797470967741931
CD200,-0.08946508064516091
HABP4,-0.44121258064516083
ZFC3H1,-0.07624612903225769
PCBP1-AS1,-0.010620322580644593
NUFIP2,-0.15163508064516107
MCAM,0.014206612903226022
LOC101928012,0.16199354838709698
RPS12,0.07697056451612924
ARF5,0.03038443548387093
CCR6,0.026148951612903315
PPIL2,0.035013548387096846
CPT2,-0.05523379032258033
BRINP3,0.004939435483870932
RIN1,0.05976370967741913
CASZ1,0.02780000000000045
TMEM133,-0.038395887096774106
NMB,0.01868177419354871
PNPT1,0.03200588709677442
MYH14,0.023397338709677737
PAAF1,-0.16807048387096704
FBXL12,0.1076791129032259
SNTG1,0.0011940322580648597
DEUP1,-0.08596766129032163
ITGA5,-0.03339104838709659
LOC728804,-0.0960919354838706
RAP2B,-0.025396935483870803
CPOX,0.031126048387097267
LOC150005,0.017047258064516714
SNHG16,-0.007484274193548142
GALNS,0.27894588709677476
LOC202025,-0.024286209677418596
CARMIL1,0.1087649999999998
DNAJC28,-0.02742572580645098
ST8SIA3,-0.07985048387096763
ATP11C,-0.011457822580644726
PLCXD1,-0.04353991935483804
MESDC1,0.4426024193548388
FAM217B,0.16594169354838725
LOC101928865,-0.05803096774193554
PRUNE2,0.2056001612903226
LOC100129550,-0.042165967741935234
SDHAF4,0.1345171774193551
KLF11,-0.31740959677419345
LOC101928614,-0.021034838709677248
KDM7A,-0.0681455645161286
LPAR6,-0.003244838709677237
KEAP1,0.17139217741935547
ZNF561,-0.08581282258064482
MST1L,-0.11093419354838685
DCAF12L2,0.12811145161290333
NGF,0.0225023387096775
SLC2A3,0.06365435483870992
PRKAA2,0.1293572580645162
SAMD8,0.051983548387097
COPS7A,0.11895629032258076
RHOU,-0.013314999999999848
RNF169,0.023102661290323012
RHBDL3,0.04945645161290301
DOCK11,-0.10174467741935465
LOC101928271,0.03364951612903284
SIM1,-0.37334411290322495
FLJ14082,-0.11058532258064492
KDR,0.0028732258064518993
SLC22A5,-0.21023854838709655
PARD6B,0.060817903225806845
SLC41A2,0.005661774193548387
DNAJC30,-0.3096691129032255
RNPEPL1,0.04319330645161334
SEZ6L2,-0.08696806451612854
SENP1,-0.05275129032258036
PPP1R7,0.08341524193548426
LINC01021,-0.07159145161290309
LOC105378382,-0.06071016129032229
ERO1B,0.05969475806451666
MKL2,-0.16980145161290308
MED9,0.061449435483870704
MRPL50,0.03765346774193574
BBS10,0.16373822580645161
ZBTB17,0.07520040322580686
GRM8,-0.04380330645161219
COG2,0.049155403225806235
LRP3,0.030835161290322877
NOL6,0.04192250000000001
MEAF6,0.005939112903226084
WDR86-AS1,-0.2793236290322574
TRAF7,0.2268402419354842
NSD1,-0.0930843548387094
PRDM9,0.11077750000000057
SLC25A31,0.0016245161290325914
CDC23,0.09979846774193558
DIRC2,0.002980725806451628
PDZD4,0.0063796774193551065
DISP1,0.07263596774193556
ZNF197,0.1398443548387096
GPR75,-0.0045043548387092465
ZFPM2,0.010244838709677672
LINC00290,0.06513830645161303
FUZ,-0.053031451612903326
IFI44L,-0.005184193548387011
LOC101928298,-0.03989306451612895
NDUFAF1,0.13743032258064508
CLUL1,-0.03433879032258029
THNSL1,-0.022520161290322027
MMP8,-0.07803177419354779
NYAP1,0.02777733870967741
OR5K1,-0.23691556451612872
RCOR3,-0.16576814516128974
KAZALD1,0.24202959677419383
PRKCI,0.006490161290322805
USP3-AS1,0.02312330645161334
NUP155,0.07698588709677454
RGS16,0.10326137096774184
C1orf174,0.01765879032258073
HYOU1,-0.06505725806451582
MSL3,0.01640370967741978
GXYLT1,-0.12783290322580604
POLR3D,0.02248725806451632
PPP4R3CP,-0.024301370967741542
PLEKHA3,0.00017991935483886203
LEAP2,0.08252741935483898
NOL11,0.13042572580645168
CFB,0.006511451612903537
HOXA4,0.02456177419354877
ST6GAL1,0.07842822580645224
ZNF575,0.012714112903226235
DBP,0.07957459677419414
XG,-0.28841435483870886
EHD4,-0.03064129032258007
ANKHD1-EIF4EBP3///EIF4EBP3,-0.1759175806451612
C2orf27A,0.037449596774193815
LOC105375273,-0.02740709677419332
ITIH4,0.21249483870967772
EPHA1-AS1,0.010736612903226007
FAM227B,-0.023881935483870506
HACE1,-0.043872983870967795
LINC00692,0.06837790322580667
TNFRSF19,0.058384838709677825
CREBRF,0.05846064516129088
PCDHB19P,0.04687185483871041
CROT,0.0794970161290324
TMEM229B,0.03638717741935482
C22orf46,0.01791766129032258
ZNF37BP,0.010417661290323052
EVL,0.14028766129032255
CPNE8,0.07260693548387094
BLVRB,-0.002048064516128695
TFIP11,0.012300483870968179
VCPIP1,0.4430328225806451
LOC730102,-0.016834112903225305
GNRH1,-0.04617838709677409
LOC284930,-0.18059145161290294
NKRF,-0.2967233870967742
GYPE,0.026468306451613403
PANX1,-0.003677258064516041
TBL1Y,-0.04528838709677379
LOC100506107,0.09957177419354876
ARMCX5,-0.015587016129032122
JAZF1,-0.04398379032258012
SULT1E1,-0.049227983870967204
GSTA3,0.020539596774194018
SLC35E3,0.013792500000000396
ACACA,-0.01702346774193517
GTF3C6,-0.060487741935483244
NOTCH4,0.03448911290322591
KCNIP4,-0.20508475806451573
DYDC1,-0.0068221774193542905
TBX3,0.04022637096774237
LOC389834,-0.0053848387096773025
CXorf57,-0.054098709677419296
TNFAIP8L2,0.060182500000000506
SYNGAP1,0.025121129032258382
MGAT4D,-0.025362580645161364
MGC45922,0.2755979032258069
ORC1,0.05872612903225803
LOC339622,0.02587758064516131
LOC100128819///KRTAP3-2,0.09858201612903227
CCDC12,0.034267016129032865
MROH9,-0.1834945967741932
KIAA1524,-0.062403870967741554
SLC9C2,0.08858467741935502
ZFP41,0.05875548387096799
LOC339593,-0.023450564516128865
BMS1P5,-0.054961451612902876
TCP11L1,0.13245161290322588
OR8G1,0.08191991935483926
AKIRIN2-AS1,0.08190887096774223
HSFX2,0.12512524193548424
GPCPD1,-0.3350429032258063
NUP133,0.002860887096774671
MARC2,0.043912661290322855
SNRNP27,-0.011546129032257985
C11orf21,0.3009412903225808
WDR44,0.15053548387096802
RECQL5,-0.08381798387096755
BMPR2,-0.014311129032258077
GABRG1,-0.06868298387096718
TEFM,-0.005881854838709153
DNAJC11,-0.12752161290322545
LUZP1,-0.0994937096774189
PCDHB11,-0.20041677419354811
FKBP9,0.04924604838709718
ARL6,-0.03814104838709669
KCTD5,0.24667983870967752
BLOC1S1,0.06939556451612942
DUSP10,0.21409274193548428
KAT7,0.02339016129032253
IFNK,-0.1264433064516127
ZNF394,0.06461927419354879
DHX35,-0.19507411290322527
SOS1,0.0425560483870972
SGPL1,-0.08459459677419331
ADCY1,-0.15402999999999964
ACTR1A,0.06728169354838724
PDZD8,0.0005825806451617219
MYBBP1A,0.04206701612903265
MASTL,-0.002656129032258184
PTPRJ,0.04438137096774231
UNC80,-0.01076274193548362
CKB,-0.013237499999999468
MLYCD,0.16453314516129078
USP43,-0.08350806451612879
SYT13,-0.004537580645161018
RIPK2,-0.09197266129032272
SMARCD2,0.20459435483870975
SERGEF,-0.2796557258064513
MED31,0.0877282258064518
PARP10,0.18249854838709684
TRRAP,-0.11982040322580571
SOX9-AS1,0.08044209677419371
CHRNB2,0.108887177419355
SLC25A30,-0.09075088709677394
WT1,0.0213049193548388
CHD8,0.03460612903225828
C8orf46,-0.05822774193548352
SAMSN1,-0.0017061290322578039
PNLIPRP2,0.06426241935483891
LOC100130703,0.0027588709677424314
HDAC5,-0.033415322580644856
LOC100507053,0.04426048387096861
ESR2,-0.02463637096774203
ERBB2,-0.012115080645161133
LOC374443,-0.13667524193548383
RNF126P1,-0.09109983870967736
FAM72A///FAM72B,-0.028375241935483162
SPTBN4,0.10662338709677441
OSTF1,0.3410984677419355
RABGGTA,0.2283549193548386
ZNF124,-0.00762677419354772
TRADD,0.08463572580645182
DNASE1L3,0.01327798387096762
FAH,0.03913193548387125
SLCO2B1,0.018237258064516326
ME2,0.06155153225806481
STX2,-0.07700330645161264
C1orf145,-0.022635241935483556
ARHGEF37,-0.08609677419354803
NAALADL2,-0.030267822580645143
LINC01278,-0.14831249999999968
FXYD3,0.019155564516129243
PRSS35,0.04800338709677474
TAF1,-0.12332508064516115
MRPS18C,-0.09164298387096764
PDK3,-0.007282983870967008
WFS1,-0.0375993548387096
RNU6-501P,0.08259564516129081
KIAA0430,-0.012469193548386753
ZBTB40,0.025221935483871305
WDR17,0.019756209677419628
OVOL2,-0.226821129032258
LOC162137,0.0663209677419354
LINC00959,-0.27766370967741905
ANKZF1,-0.015290080645161047
PXMP2,0.11720814516129033
SPTLC2,0.035002822580645236
PRO1596,-0.07086717741935478
UBN2,-0.03500411290322581
BAD,0.02794879032258091
GLUD2,-0.07050088709677373
MAZ,-0.0021028225806445627
TPTEP1,0.2909128225806453
SHC1,-0.05846137096774166
FKBP1B,-0.2523499193548382
CD48,0.11251725806451618
CPVL,0.046507177419355276
C6orf52,-0.012513709677419323
MAPRE3,-0.028272822580644924
SPIN2B///SPIN2A,0.00781306451612914
ZNF616,0.049327983870968414
SIM2,0.0023358064516132314
CAMK2N1,-0.013770241935483589
FAM169A,-0.0036292741935483874
NDUFB10,0.03715637096774255
TTI1,-0.18613185483870925
TESMIN,-0.13437048387096742
CCK,-0.0040429838709674535
RBMS1,0.026433306451613084
LOC100129386,-0.026700564516128983
CTNNA3,-0.2926179838709672
GALNT3,-0.20177887096774186
RIC1,0.014666290322580936
OTUD1,-0.014992499999999642
GRAMD4,-0.08735943548387068
TNP1,0.1046544354838716
EXPH5,-0.34400379032258055
ATF3,0.14335072580645208
WDR92///PPP3R1,-0.009654516129032037
VSIG1,0.056970725806451857
ERVK13-1,0.22215411290322618
SH3GLB1,-0.028404838709677194
ZBTB10,0.15316338709677424
MAGEB3,0.09093314516129083
MRM3,-0.05914725806451569
IL22RA2,-0.07548741935483821
PAX6,0.016376612903225785
ZNF407,0.034016290322580765
TPH1,-0.14188040322580628
TMEM185B,0.07070500000000023
HMGCL,0.012807983870968037
ASAP3,0.11438080645161319
STX6,-0.096727338709677
LOC284632,0.09433661290322604
HBEGF,-0.002408467741935455
ATP10B,-0.2575234677419353
SALL2,0.24278806451612944
OSBPL2,0.03272790322580661
STYK1,0.0357295967741937
PRIM1,-0.0011560483870965005
CDCA4,-0.05790725806451574
RCC1L,0.056554274193548484
EPB41L5,0.036457500000000226
PCDHGA10,0.006925403225806752
PPM1J,0.2978992741935486
NPHS1,-0.3699304838709676
INTS2,-0.0058805645161285796
LOC101929378,-0.17978153225806395
SLC25A16,0.006886693548387592
MYO15B,0.15240556451612916
PSPC1,-0.11120451612903208
LINC00317,0.04928701612903225
EMCN,0.028231370967741996
IFT22,0.02832040322580634
HIBADH,-0.06773161290322555
SETDB1,-0.10071040322580606
PITPNA-AS1,-0.05012362903225735
OR1C1,0.04542774193548398
PCDHA9,-0.09239387096774151
CORO1B,0.3095881451612906
IGLL1,0.14593225806451662
PIGL,0.018103548387096872
RAI1,-0.11339322580645153
LOC100505851,-0.10347564516128988
SLC24A3,-0.24169096774193521
BTN3A1,-0.05551556451612861
PILRA,-0.06594064516128997
PRLHR,-0.10217725806451584
MAMSTR,0.0005577419354836424
LOC728705,0.04037798387096819
DDIT4L,-0.023862580645161197
HPS5,-0.030524193548386494
PKIA,0.050364758064516735
FIGNL1,0.13536419354838736
SHARPIN,-0.009262499999999908
DLG3,-0.09526838709677388
LINC01013,-0.05806556451612873
KIF9,0.02726435483870993
LRP6,-0.02347387096774152
SYNE1,0.006116370967742105
BEST4,0.20471282258064502
FAM69C,0.03673701612903259
HAS3,0.03439588709677425
ZC3H8,-0.11610685483870976
RGL3,0.0661321774193551
DNAJC27-AS1,-0.029351854838709546
LINC00312,0.1126298387096775
GP6,0.0974045161290324
IGHV3OR16-6,0.05441620967741968
DLX2,-0.2773636290322579
LINC00636,-0.004662419354838769
SEMA4B,-0.003785887096773786
SSH1,0.07811661290322622
MTMR1,0.07728443548387112
EVC,0.04421725806451636
ATXN7L3,0.29418379032258074
C12orf60,-0.07713959677419314
GPATCH4,0.11518870967741916
TIGD6,0.005217016129032475
STYXL1,-0.018750080645161236
LUNAR1,0.03173112903225882
LMOD3,0.041093145161290076
OR2B6,0.06975959677419384
ZNF460,0.12429677419354879
NUMA1,0.00840693548387118
PCDH7,-0.0076533064516126304
MROH7,0.051918145161290626
LOC100128443///MAST4,-0.009392741935483725
DCAF17,0.29895096774193586
KLF15,-0.0996055645161284
LOC101929621,0.06242967741935553
LMBR1,0.002790161290322988
P2RY1,0.02449120967741975
ECT2,-0.14895209677419344
SHANK2-AS2,-0.06411056451612868
ING2,0.0007904838709679373
MYEF2,0.025694112903226242
BBS5///DTD2,-0.04612387096774199
PAPD5,-0.004706290322580145
THUMPD3,-0.01511895161290295
LRRC58,-0.7471068548387088
PEX5L,-0.07406806451612906
CEP78,0.04291548387096829
RHBDD3,0.09754967741935497
MYO1E,0.17326508064516147
LYN,-0.00417467741935473
SNRNP48,0.13877967741935526
SELM,-0.08010153225806435
PSMB2,-0.005319677419354955
MCRIP1,0.017038225806451833
LOC654841,0.1011585483870974
PSMD6-AS2,-0.016106290322580694
KIR2DS2///KIR2DS5///KIR2DS4///KIR2DS1,-0.15541056451612859
ZFAND3,0.3322384677419357
UBN1,-0.01843137096774142
KIAA0754,0.08267830645161328
FAS,-0.09425846774193519
FGR,-0.42489120967741884
PDE4A,0.21554806451612904
NCOA3,-0.431158225806451
ZFP91,0.06269266129032289
LOC403312,-0.05805830645161249
PRR5,-0.11577508064516089
ZNF133,0.1309236290322581
ZWILCH,0.29235370967741914
GPR137B,0.04051943548387113
NTPCR,0.011778629032258174
FAM175B,-0.12107483870967733
MGC32805,-0.09839774193548324
PEX11B,0.04599379032258069
RABL3,-0.13770822580645126
DNAJC12,-0.08924483870967698
PEG10,-0.045588387096773694
IGKC,-0.0042256451612900005
INPP5K,0.0476839516129033
AP1S1,0.20272991935483914
ERBB3,0.23424862903225827
CHMP7,-0.15103137096774163
FLJ21369,-0.1096736290322579
LINC00515,0.15092225806451662
TTC7B,0.013138225806451454
SGMS2,-0.08923201612903196
MIS12,0.016832661290322834
LNP1,-0.039151612903225434
PIGV,0.02044241935483913
RHO,0.1849378225806451
NF2,0.047735080645161715
ZNF23,-0.11031951612903179
CA12,-0.1150241935483871
SMG9,0.04507701612903247
EFCC1,-0.15134806451612895
LINC01097,-0.015356451612902864
NLRP11,-0.0030935483870963842
RAD21L1,-0.0027522580645156433
ECSCR,0.013450322580645473
DCBLD1,0.0001608870967739367
MSX1,0.07407806451612954
RNF217,-0.0198885483870967
PIKFYVE///SMR3B,-0.0009130645161288002
CORO1C,-0.00824475806451637
RHOJ,0.08955653225806488
WIPF3,-0.027962096774193597
LYNX1,0.19159161290322593
CDC14A,-0.02668258064516081
GTF3C4,-0.04335766129032245
LOC100133916///MED18,0.14699451612903247
ARHGAP39,0.07196854838709695
LHFPL5,0.07684290322580653
LOC101928002,-0.04726443548387056
GATAD2A,0.02851580645161316
GEMIN6,0.024476370967742023
NFXL1,-0.05633532258064502
RHOBTB2,0.10047717741935529
BCCIP,0.005404596774193992
ANKS1B,-0.007330080645161082
HAUS3,0.0025437096774191597
EIF2B4,0.047836612903226064
LOC728114,-0.005546935483870542
ANLN,0.006379193548387445
CHD6,0.004055967741935812
LINC01343,-0.04997596774193515
CA2,-0.04610249999999946
DCLK1,-0.05479999999999942
SNED1,0.14643427419354882
ENPEP,0.015144032258064807
ZNF79,-0.023170241935483456
PNP,-0.008195483870967146
USF3,0.13058935483870984
PXDNL,-0.02442129032258026
GIN1,-0.04208790322580637
GFOD2,0.004464596774194104
ZDHHC9,0.1417364516129033
HS1BP3,0.03556774193548445
NUP98,-0.15004290322580638
SLTM,0.0851741129032261
PIK3CD,0.02829790322580685
UBE2DNL,-0.0956820967741935
ATP10D,-0.17735532258064515
ABCB4///ABCB1,0.011895725806452092
C18orf8,-0.008519274193548431
PIGM,-0.04199693548387061
SLC4A10,0.056122661290322624
GGT2///GGTLC3///GGT3P,0.10326911290322584
FAM53A,0.24843193548387071
SMAD1,-0.06800822580645141
ABCB6,0.1739774193548389
C2orf49,0.11972951612903272
DNAH8,-0.029097499999999756
APOL5,0.11162637096774174
KALRN,0.27552185483870995
PEX7,-0.025276774193548145
LOC441666,-0.10532556451612866
PMS2P5,0.01781225806451642
GNAL,-0.12700298387096717
ERMAP,0.061539435483871335
ARHGAP22,0.016241370967742516
PKNOX2,0.06372185483870987
AKIP1,0.04548395161290311
PLEK2,-0.06477629032258028
WDCP,-0.051246532258064297
TTC28,-0.1152229838709672
RNF17,0.02416225806451629
MEIOB,-0.07441879032258089
PBK,0.11034443548387128
SPR,0.05339782258064571
BTG2,0.25261637096774187
LINC00968,0.11939653225806465
PLCB4,-0.35253814516128973
RRP8,0.02934580645161327
LOC730909,0.08079145161290362
ECHDC3,-0.07854241935483841
KIR3DS1///KIR2DL2///KIR2DL1,0.23544120967741972
GATM,0.026949193548387467
HOMER3,0.2670707258064519
KHSRP,0.2587220161290327
ARIH2,0.06860508064516171
CTSH,0.09141483870967769
LOC100129917,0.1895290322580642
DDX31,0.08332943548387117
LPP-AS2,-0.027114516129031718
SAP30BP,0.005592580645161554
RHBDF1,0.24219064516129052
PDE5A,0.2195889516129031
KCTD6,0.09940645161290318
CLDN11,-0.042915322580644705
GIMAP2,0.05551241935483915
ATP6V0A2,0.07411362903225799
MPP5,0.026516532258064624
UPRT,-0.004076935483870558
PPP1R13L,0.2428734677419358
FKBP5,-0.2902733064516126
NRTN,0.2074594354838712
GOSR2,-0.052086854838709465
PAK4,-0.028702983870967605
FSTL4,-0.05422129032258069
ZNF250,0.09281120967741971
WDR11-AS1,0.11730387096774192
MRPL11,0.07735161290322629
LOC642103///MGAM,-0.05684177419354812
ZNF19,0.11179330645161314
RUSC1-AS1,0.159927419354839
CNTN6,-0.2459053225806445
ADGRL4,-0.011746290322580583
LRRC42,-0.03788580645161299
NPAT,0.003032903225806372
GADD45GIP1,-0.07885951612903187
LINC01006,0.03235685483871006
TMEM26,-0.03886790322580605
TMEM134,0.0253892741935485
KMT5A,0.040690806451613146
RMI1,0.0814313709677426
STAU2,0.024418951612903476
MMP15,-0.14716838709677377
LOC414300,0.005669435483871193
LOC100134410///POU6F2,-0.03199169354838701
TSFM,0.0557541129032261
RASL12,0.17897387096774192
FLJ11827,-0.05875112903225774
NCOA5,-0.20893362903225768
MRPL2,0.36653854838709693
ACVR2B,0.049758225806451346
TOMM40L,-0.020738870967741727
LOC286161,0.020467903225806647
POLD4,-0.0943469354838705
LIN54,-0.0976535483870963
LINC00597,-0.0308053225806449
UXS1,0.04050645161290324
PIP4K2A,-0.011332580645161017
RNF180,-0.049645403225806406
INVS,0.03348661290322595
SMUG1,0.041211129032258265
SORL1,0.09526604838709724
PPP1R17,-0.23512427419354845
NT5C1B,-0.00780177419354823
ASCC1,0.24729201612903232
FECH,-0.12734508064516104
EVX1,0.002602177419354895
PCDH12,0.05850032258064551
LOC643102///KLHL12,-0.11474499999999944
PARM1,0.0913161290322583
CYP19A1,0.000809274193548825
TAOK2,-0.0498628225806452
LOC101927829,-0.05045322580645142
PTPRO,-0.06921193548387043
MAGEA2B///MAGEA6///MAGEA3///MAGEA2,0.008040483870967941
DEFB132,0.06533120967742018
TMEM33,0.010658870967742155
MKL1,0.02103798387096789
COLQ,0.02231250000000049
MYC,0.037803951612903355
LINC01339,-0.05457185483870941
PIGN,-0.05645241935483817
LINC00314,-0.009501693548386855
THRA,-0.033067016129032026
ZNF493,-0.2223400806451609
UPF3B,0.18582508064516143
COX10,-0.011909032258064216
SP3,0.07920870967741918
YIF1B,0.008606209677419686
SUGP2,-0.1260912096774193
LEPR,-0.13530999999999951
LOC100134685,0.09441370967741942
ADGRL3,-0.10584846774193496
NBPF3,0.4902492741935489
CYLC2,0.025150000000000165
P2RY10,-0.08280588709677361
HIST2H2BE,0.09559790322580666
CPSF4,0.0424811290322585
OXCT1,-0.002013870967741686
MYO1G,-0.0031766129032255236
CHN1,-0.2365791129032254
APCDD1L-AS1,0.01806362903225859
OGFR,0.02080516129032273
SUFU,0.2247908064516132
ROCK1,0.031134112903226308
SDHAF1,0.10272612903225833
INO80E,0.16160225806451664
LIPE-AS1,-0.024301854838709273
LOC57399,-0.12922145161290283
SYT6,-0.1210566935483866
PPP4R4,0.08695854838709659
STIM2,-0.23814233870967708
LOC284578,-0.34213588709677384
LOC101927256,0.011898225806451956
SEC31B,0.49817822580645166
FLG-AS1,-0.0501938709677412
LOC101929660,-0.10415717741935439
ZEB1-AS1,-0.008931854838709384
LOC101930164,0.03104612903225818
LOC101928809,-0.011440403225806257
GABRB1,0.1393565322580647
MYPN,0.016523064516129386
NCAM1,-0.17348048387096748
FCGR2C,0.08773427419354857
SHANK2,-0.008632499999999918
TRAJ17///TRAV20///TRD///TRA,0.14210104838709742
BCDIN3D,0.013574112903226401
FNBP1,0.11851500000000034
QPCT,0.046682016129032514
DIAPH2,0.03253072580645213
U2AF1L4,0.26963064516129015
MBTPS2,0.0009438709677422868
LOC100132773///LOC100131868///LOC100129064///PPP4R2,-0.15918120967741886
FEZ1,0.10708395161290343
NEDD8,-0.006849032258064339
KCCAT333,-0.18970145161290292
HACL1,-0.07926999999999963
SPOPL,0.00015790322580660782
C7orf25,-0.01116685483870928
PTGFR,-0.045554032258064425
GLCE,0.10347846774193559
NCOA7,0.0024504032258065873
UROC1,-0.06270774193548347
LINC00868,-0.010980483870967447
SDC1,0.008526935483871328
SNHG5///SNORD50A,-0.0037075000000002245
DCAF4,0.059301774193548616
DSCR8,-0.25025209677419286
SCART1,-0.1399332258064512
FZD3,-0.10473556451612856
ZNF367,-0.04262499999999983
SFRP4,-0.11712120967741893
CYSLTR1,0.20068620967741962
C6orf223,0.07161088709677467
INTS9,-0.091900322580645
GPD1,0.08447379032258065
DSCC1,0.013091209677419677
STIM1,0.29126516129032287
KMT2B,0.02706903225806441
PNMA2,0.3480770161290327
ST3GAL4-AS1,0.013128629032258435
ADPRH,0.044105483870968264
FLJ40288,-0.12876225806451572
PMCHL2,-0.014367499999999664
NFATC1,0.17966790322580692
WDYHV1,0.05404612903225809
SLC30A1,-0.0706674999999994
PI15,-0.029854999999999902
MIR3976HG,0.09532959677419399
RHNO1,-0.011585887096773925
DCLRE1B,-0.20680314516128948
SLC28A3,0.010252096774193961
TBRG1,0.03412266129032269
ZNF579,-0.21954943548387085
SPATA7,0.06063193548387109
ZCCHC14,-0.0030570967741930287
TRIML1,0.06424048387096781
MAN2A1,0.02363620967741987
PIEZO2,-0.22525895161290324
SUCLG2P2///SUCLG2,-0.029401774193547787
ANKLE1,0.14667975806451597
STOX1,-0.16759919354838657
GUSBP11,-0.003639516129032077
STC1,-0.0023413709677418
RBSN,-0.044643225806451296
STAMBPL1,-0.05547274193548399
WDR13,0.1017951612903227
TXLNA,0.0829550806451616
POC1A,-0.24441258064516078
NDNF,-0.0016295967741930947
UTP4,0.03408588709677429
LINC00466,-0.1234857258064513
SCLT1,-0.2855683870967738
C3AR1,-0.041629919354838896
LOC101929441,-0.01376056451612867
LOC100133581///CT45A2///CT45A1///CT45A6///CT45A5///CT45A3,0.13386056451612893
IRAK2,0.012179354838709652
PF4V1,0.1461338709677424
LOC400655,0.015078145161290446
OLFM4,-0.010081612903225411
KRT78,-0.24418838709677398
TMEM127,0.14902032258064551
SDF2L1,-0.0892559677419355
CCDC82,0.034720241935483856
HSPA12A,0.02884161290322583
HAUS5,0.10011024193548389
C19orf54,-0.026103387096773876
TMEM87B,-0.006790483870967198
LINC00906,0.03159701612903272
TIGD4,-0.049236129032257867
GJA9///MYCBP,0.08736346774193585
C7orf57,-0.020273548387096732
DKFZp434L192,0.07076419354838762
PPP1R26-AS1,-0.001296048387096095
KCNV1,0.07444274193548414
ZSWIM6,-0.00036967741935445015
LIPI,-0.10380927419354775
GPR176,-0.07132008064516125
METTL2A///METTL2B,0.062046048387096916
UPF1,0.7800679838709679
ZSCAN32,0.03300419354838775
KLKB1,-0.09361475806451605
ABHD13,-0.11359532258064446
MOSPD2,-0.024258548387096512
OVCA2///DPH1,-0.04043943548387078
PRR29,0.015054758064516446
ATN1,0.13123112903225834
PFAS,-0.36055048387096766
NGEF,-0.08032080645161262
SNX29,0.05071895161290362
RAD51C,-0.02940370967741901
SUCNR1,0.022326935483871484
TMEM216,0.14575258064516142
TMPRSS11B,0.06666798387096823
CCDC69,-0.1315125806451611
LINC00334,0.018219838709677735
PMCHL2///PMCHL1,-0.20438620967741897
FBRSL1,0.0919845161290326
FBXO38,0.040041129032258156
POLE,0.09065846774193574
AOC2,0.32254870967741966
STAG3L1,0.004213870967742636
NR5A2,-0.06344499999999967
TPD52L2,0.10270024193548435
POLR2E,0.1476112096774199
MAPK10,0.0494144354838714
FAM104B,0.00033846774193521363
CRYL1,0.18391588709677417
AGAP1,-0.17791749999999967
COA5,-0.030487580645160925
RAB32,0.06317516129032286
PCIF1,0.047831532258065024
BMT2,0.06230887096774206
FGF13,0.04816911290322607
FCHO2///GH2///GH1///CSHL1///CSH2///CSH1,0.1703295161290328
SLIT3,-0.038725564516128574
SSH3,0.19020685483870967
C20orf202,0.07284588709677431
CINP,-0.06596645161290263
IDNK,-0.038170967741935034
DTYMK,-0.03793661290322517
TTI2,0.039789354838710086
ANKRD30BP3,-0.003956612903225593
CCNB1,0.039271209677419455
VPS41,-0.051542822580644854
LINC00462,-0.005413064516128808
MAGOH,0.12342556451612924
ZAN,0.0894077419354843
ZCCHC2,0.009283629032258496
TUBGCP2,-0.027384435483870723
MRPS2,0.1350625806451613
LOC284454,0.34345790322580627
C2orf82,0.07890080645161318
CD163,0.031245725806452112
ZNF771,0.011022983870968166
LOC105376714///SLC30A4,0.04331645161290331
LRRN4CL,0.3865529032258066
CARHSP1,0.05298024193548447
NISCH,0.003688870967742095
PTGIR,-0.007826612903225534
NDP,0.00876467741935526
PIM1,0.038704677419354905
GRAP,-0.18352411290322534
KIF14,-0.09762983870967697
TNNI3K///FPGT,-0.06501298387096731
TRAPPC6A,0.04542895161290328
IQCG,0.04528185483871013
ZNF18,0.004123064516129623
LYSMD3,-0.07371330645161245
C10orf55,-0.12945846774193548
EHD2,-0.1381552419354836
SLC25A27,-0.5248313709677412
C17orf64,-0.006297903225806322
FAM169B,-0.027536854838709095
ZNF777,0.1613445161290327
ASB7,0.16457354838709695
NUDT3,-0.04132935483870961
LOC101929964,-0.013232661290322398
SLC12A2,0.008577580645161825
MAST3,0.1847273387096776
TTC28-AS1,-0.07147975806451554
MAP2K6,0.07961685483870984
CFAP61,-0.1766983064516127
PEX10,0.2591173387096774
EME2,0.06743185483870985
CPEB2-AS1,0.10570032258064545
EPS8L1,-0.03487564516129006
RPL36AP51///RPL36A,-0.017080967741935155
ZNF804A,-0.1377562903225802
FIBIN,0.0036783064516133085
KIAA1024,-0.07942983870967726
LOC286114,0.10075758064516138
SUMO4,0.20519790322580653
EDEM2,0.027723629032258203
PTAR1,-0.05226524193548368
TBX1,0.21901919354838725
ZMYND19,-0.1404614516129027
ZCCHC3,0.0548054838709679
PADI1,-0.030489838709677072
ABCB10,0.051045483870968036
NID1,-0.0012615322580644675
TMCC1,-0.024431854838709178
GALNT18,0.1362745161290324
WDR36,-0.2988985483870965
ABHD12B,0.006611774193548612
INTS6,-0.048545241935483666
ZNF322P1,0.0020537903225809513
RBM23,-0.07664749999999931
ARHGAP8,0.042589758064516245
LOC285378,-0.06499258064516107
HOOK1,-0.1232112903225806
CALML4,0.08680532258064554
LOC100130283///PMM2,0.2848395967741935
B3GALT4,-0.13803895161290305
SFRP2,-0.023172983870967587
GPRC5B,-0.26498637096774136
NXPE3,-0.0030959677419352067
USP37,-0.03681975806451576
DSC1,0.02863935483870999
HLTF,-0.014642338709676874
C8orf34-AS1,0.10740225806451667
RASGRP3,-0.0880996774193544
NECAB3,-0.12755927419354812
DACT1,-0.05586064516129021
ZNF266,-0.0022399999999996607
LINC01579,0.0029238709677423015
SMYD5,-0.16662467741935516
ABO,-0.00580935483870906
CTNND1,0.03825838709677441
ADGRG1,-0.02485016129032199
SPRY4,0.0060888709677421665
GMFG,0.022141290322580637
HKR1,-0.09321870967741884
NKAPL,-0.09739137096774156
GPM6B,0.006900725806451825
RAD51B,-0.0035632258064516777
PREP,-0.2315399193548384
TRAFD1,-0.0036950806451607685
DZANK1,0.14246266129032287
SLC22A6,-0.024779112903225528
RCCD1,-0.06484935483870966
PAPLN,0.005836693548387769
CKMT2,0.10514588709677433
MYLK4,-0.3024939516129029
HTR1F,0.00243258064516193
F11R,0.007815322580645462
LARP4B,0.18929725806451636
CLIC5,-0.01289233870967696
MDFI,-0.0014820161290319545
EPB41,-0.17747983870967707
LRRN1,0.05599548387096778
ZNF20,0.28353911290322575
MFAP1,-0.01288387096774194
BTBD10,0.08802943548387118
NPC1L1,0.10268750000000049
DNAJC5,0.16005112903225785
NEMP2,-0.1598270161290319
ERCC6,-0.21136459677419328
NAIP,0.040563709677419776
APOBEC3G,0.010591532258064869
ZNF518B,0.005746935483871411
MTUS2,-0.09610919354838678
NDRG3,0.03328951612903269
LOC105373150,-0.10235483870967718
VWA5A,0.14120217741935487
FUT2,0.17389137096774224
LOC100505549,-0.02464048387096742
TM4SF18,-0.005525725806451326
GP1BA,0.22758427419354843
DISC1FP1,-0.3187265322580643
FAM49A,-0.08647677419354818
EFNB2,-0.04807024193548357
PIR,-0.026409999999999906
MRPS17,-0.03415249999999953
AKAP6,0.13134620967741978
TMIE,0.040706209677419565
CYP2U1,0.28761741935483914
PTPDC1,-0.0014680645161289198
GSTM4,-0.007672983870967504
RAVER2,-0.16764258064516122
AQP1,0.024995645161290343
FUCA1,0.005818790322581022
STARD8,-0.1142783870967739
LOC101929064,-0.054746774193548155
LOC728052,0.022135080645161426
ABHD3,0.0007699193548389369
MDP1///CHMP4A,-0.020231935483870634
ZNF326,-0.09403620967741923
FAM214B,-0.01379935483870956
LOC643201,-0.12212185483870924
TMPRSS15,0.02169612903225857
COQ2,0.02440830645161316
UBE2S,0.04869467741935493
ADIPOR1,0.024125403225806995
ZNF391,-0.2785187096774188
MAATS1,-0.04286459677419281
LOC441601,0.1870450000000002
SLC20A2,0.011098709677419463
ZNF677,-0.29810193548387065
LOC100129455,0.03968161290322613
C6orf163,-0.028557096774193304
DNAH7,0.06687830645161279
TRAM1L1,-0.08098629032258049
PEX14,0.3053304032258067
LOC100133039,0.005513387096774414
KCNJ15,0.06996435483870966
OIT3,-0.013546854838709071
LOC100287590,0.05197693548387128
ZNF184,0.0072645967741936535
LOC101928708,0.28337411290322595
ZNF614,-0.06549040322580595
LOC101928101,0.07731830645161296
HSD17B10,0.16067298387096793
LINC00327,-0.07193088709677396
RUVBL2,-0.14342838709677394
LOC105369266,-0.14039290322580622
RASGRF2,0.04689411290322623
WNK2,0.17936629032258095
PPRC1,0.0465833870967741
CTSV,0.142506290322581
PINX1,-0.06394145161290293
CEMIP,-0.018763145161290185
BAGE2///BAGE3///BAGE4///KMT2C,0.032179435483871345
C1QTNF1,0.04136725806451657
ATP9B,0.016211774193548602
MOSPD1,-0.17377580645161222
PRKCA,-0.010570564516128613
SGF29,0.03332064516129022
EIF5A2,0.09687830645161298
TMEM167B,0.046316532258064785
SLC7A5P2,-0.020123306451612546
ARHGEF26-AS1,-0.001265241935483356
LOC101927746,0.021241774193549112
CFAP74,-0.0028926612903224617
SCGB2A2,-0.028233548387096227
ZNF217,-0.060327903225806286
IL17D,-0.30477887096774137
TUSC3,-0.14426580645161263
CLIP3,0.11232919354838766
TEX30,-0.025877741935483697
CUTC,-0.008259596774193537
ELP4,0.015927096774193926
SSX2IP,-0.004820725806451277
LOC100996342,0.38412459677419375
UBE2G1,0.014494919354839075
CCDC146,-0.008620241935483108
LOC100129285///SPTSSB,-0.02182104838709648
NIPAL2,0.006243387096774709
GBP3,0.002228467741935972
PLEKHM2,0.20365548387096766
GVINP1,-0.05307943548387069
PITPNM2,-0.009351048387096496
CD22,0.030807822580645145
DGKB,0.09174266129032245
MDM1,0.08369798387096758
PRB1,0.029732499999999915
CD69,0.0010383064516131038
SETP4///SET,-0.05974741935483839
LRCH2,0.009656370967742436
SYTL2,0.037880564516129624
CST5,0.13050862903225818
SLC6A17,0.04773250000000033
HDAC3,0.05839201612903241
KLK2,0.021178709677419763
CFAP58,-0.10011451612903152
NEXN,-0.014012177419354548
GMEB1,-0.04224290322580605
NAA25,0.020689838709677368
ZBTB20-AS1,0.01877153225806473
ZFAND2B,-0.0601919354838707
TSPAN5,-0.0017104032258061803
PCNX2,-0.01652588709677375
UGCG,0.045771129032258516
PRLR,-0.03875766129032232
LETM1,-0.14062217741935473
ICA1,-0.04813298387096761
GABPB1,-0.017649435483870525
TOMM40,0.37025000000000013
XRN2,0.07460975806451606
ZBTB46,0.3113861290322574
PEF1,0.013509838709677407
REV3L,0.03897330645161287
KLRA1P,-0.04924943548387054
RPS28P6,0.023290645161290667
JRK,0.03160411290322604
ABCB1,-0.022385403225805962
LAMA4,-0.012334354838709533
EBF3,-0.12857709677419316
ROBO2,0.11317645161290367
NGFR,-0.009771129032258193
IL18R1,-0.07761725806451601
GABRB2,-0.046638709677419024
PTPN20,0.010865080645161446
RASA3,0.06421177419354887
PRPF8,-0.043486129032257986
PLXNA3,0.00667798387096822
RNF185,0.09246250000000032
ZNF385B,0.0328316935483873
RAB17,0.2829375000000001
ACBD6,0.20919322580645178
MARC1,0.002482177419355187
HIPK1,-0.09601435483870902
AKR1C3,0.012939758064516076
TMEM50B,0.11478951612903243
TIMM10B,-0.035480403225806006
S1PR5,0.07476491935483916
TMUB2,0.007642338709677657
DCTN6,0.05864572580645216
LOC440981,0.061865887096774604
P2RY12,-0.12184064516128966
CARD11,0.20662443548387155
RDH10,-0.14115572580645133
SOX2-OT,0.012528709677419887
AKAP7,-0.009906129032257939
SLC2A9,-3.0322580644871755e-05
CCDC144CP,-0.03052806451612896
B4GALT5,0.060480322580645327
TAPT1,-0.04036185483870954
DAND5,-0.5265337096774187
SLC7A6,0.05827419354838741
PSG9,0.03976596774193595
GLYAT,-0.03661911290322571
GPN2,0.2218223387096775
SMARCC2,-0.03872016129032211
TMEM161A,0.002007661290322822
SULT1A4///SULT1A3///SULT1A1///SULT1A2,0.007651209677419592
LOC200830,-0.09562951612903212
GIMAP4,0.1468522580645163
CASP9,0.08235354838709708
DCPS,0.010561451612903654
LXN,0.012214838709677395
CDK1,0.08515499999999966
IQCJ-SCHIP1-AS1,-0.07504088709677431
OCA2,-0.08125693548387042
DDB2,0.0696363709677422
HOXD12,-0.09182056451612872
SLC12A9,0.11190951612903255
CDCA2,0.009215080645161876
JPH1,-0.03220709677419348
CEP76,-0.15745266129032243
PTPRC,-0.03466491935483826
LOC105373495,-0.05544314516128967
LINC00623,-0.2711274999999997
CCR1,-0.19280274193548344
ZIM3,0.053428306451613145
C1orf122,0.05367298387096802
RAB30,0.018029032258064792
NEMP1,-0.04935532258064484
MSX2,-0.12487387096774133
CYP2A13///CYP2A7///CYP2A6,-0.023401129032257724
CDH13,0.01531346774193559
SI,-0.04751733870967745
LOC441204,0.005094596774193955
SLC45A4,0.10119774193548439
SCAP,0.30938879032258054
MARCH1,-0.030117016129031962
ZNF576,-0.0315199999999999
LOC100996681,-0.060552177419354675
DPH6,-0.09228758064516075
ABCA9,-0.12343564516128985
MAN1B1,0.0505383870967743
RBKS,-0.20244717741935464
HMGN5,-0.057296048387096246
RUNX2,-0.508787096774193
LOC100131178///PQLC1,0.08618096774193605
DPF2,0.19079870967741927
METTL8,0.05522306451612907
LOC153910,0.1481756451612904
LYPLA2,0.3948160483870969
LINC01094,0.008525887096774327
DSCR3,0.05335830645161333
KRT19P2,-0.07493709677419333
RASA2,-0.15618620967741903
RBM43,-0.0406397580645158
LINC00507,0.018450725806451993
SLC44A2,0.19428330645161307
C1QB,-0.03679870967741907
LYPLA2P1,0.21565967741935504
VAMP8,-0.22438580645161246
SCAMP5,-0.003784838709677024
BAP1,0.1372977419354841
CPS1-IT1,0.033914193548387074
IL26,-0.04414169354838644
LPCAT4,-0.10240379032258043
BTN2A2,-0.37436717741935455
LOC101928211,0.010823145161290805
GTF2H1,-0.003429919354838421
ADCYAP1R1,-0.20785919354838642
LOC100134722///RASA4DP///RASA4,-0.2069004838709675
CCDC93,0.09065919354838724
MAGI2-IT1,0.047576774193548665
LMNTD1,0.007069032258064775
HSPA6,-0.10391991935483845
CLP1,0.09160766129032281
MRPS34,0.25244451612903246
ZNF490,-0.015177177419354388
GNRH2,-0.000976774193547753
OR5P2,0.01311766129032298
AGAP2,0.08973048387096826
TAF1B,0.055856451612903334
AGO2,-0.007342177419354518
PTPN6,0.06828362903225839
RBAK,0.10576959677419384
NUP214,0.25141830645161334
ANGEL1,0.04125693548387126
SLC25A12,-0.050892096774193304
TAGLN,-0.05230540322580639
NDUFAF4,-0.09668314516129013
CTTNBP2,-0.1265679032258062
ZNF442,0.04500612903225826
RNFT1,0.03527306451612901
CADPS,-0.007237903225806244
PITPNM1,0.09086935483870992
ZNF529-AS1,-0.009166693548386756
GAS8,-0.32622967741935444
CLCA2,-0.010131532258064343
YRDC,-0.04256911290322542
CBFA2T3,-0.0024874999999996133
ACSM3,-0.04956790322580607
VRK1,0.10956790322580698
TRBC1///TRBC2,0.06453266129032303
RAB3GAP1,0.030741290322580904
ODF2,-0.04281854838709632
LOC100132430,-0.01856645161290326
CD209,-0.21587895161290285
SUSD3,-0.21749967741935405
LOC440173,-0.04134645161290273
PDPR,0.10636443548387128
FGF7,-0.05055499999999974
NELL1,0.0017015322580647588
HCN3,0.24390790322580677
TMED1,0.015434032258064612
ZDHHC22,-0.07954233870967706
NR2C1,0.0299695161290329
LOC284798,-1.2903225806675314e-05
SURF6,0.021380483870968095
AGR2,-0.020488870967741886
GON7,-0.01631790322580635
KDM6B,0.3114231451612904
ZNF600,-0.02987120967741924
GOLGA8B///GOLGA8A,-0.11688717741935432
LINC01296,-0.14537330645161256
LOC100133686,-0.06025806451612892
INO80,0.14754685483871002
MS4A2,-0.2462810483870964
LINC00598,0.13984387096774245
BIN3,0.08600064516129
TAS2R45,-0.3908658870967735
PLEKHH2,-0.12610185483870961
CSMD1,-0.056191612903225524
FZD7,-0.04524604838709643
LILRA6///LILRA4///LILRB3,0.00880145161290338
DEF6,-0.23708032258064465
RPAP2,-0.10511282258064468
ASXL1,-0.0944530645161285
APELA,0.01165951612903247
RIPK3,0.3466737096774194
CXCR2,0.026551612903226336
INSL6,-0.1138148387096771
RRAGC,-0.09000798387096756
BBC3,0.10911903225806487
CCL7,0.0644408064516131
GNG2,-0.02060370967741901
ZNF740,-0.2348041935483871
IPO8,-0.1552524999999997
ABCC9,-0.027954274193548363
SNX29P2,0.02340814516129078
LGALS12,0.04276669354838726
EAF2,-0.01361669354838655
LRRC10B,-0.05408911290322564
GCSAML,0.05070048387096816
SFT2D2,-0.04914354838709631
CECR2,0.06107298387096778
PKDREJ,-0.061788709677419354
TNFRSF10D,0.09212153225806452
NKX2-1,0.04175943548387109
GUCY1B3,0.03741443548387082
PLPP1,0.0030755645161290555
TRHDE,0.08291096774193568
MPEG1,-0.07435088709677376
AKAP8,-0.026414919354838223
TANC2,-0.0414666935483865
AKAP12,-0.0017574999999993312
PRPF4,-0.043194919354838525
KCNH7,0.03269645161290348
ZCCHC4,-0.10324387096774182
CDH24,0.02673580645161322
LOC158863,0.16693008064516146
NXPH2,-0.14379870967741892
ZNF581,0.019227661290322808
DYX1C1,0.035889596774194184
CCL20,0.004612741935484353
FER1L4,-0.03251935483870946
CPD,0.03699919354838732
RBBP8,0.009918467741935815
DLL1,-0.0028233064516128437
ACSM5,-0.017233306451612782
C9orf152,-0.3043492741935481
LOC100128500,0.03476241935483914
MORN2,0.09759201612903211
NETO1,0.026550322580645408
RABEPK,0.059458629032258306
HOXC9,-0.18724258064516094
CTNNAL1,-0.010342338709677223
KRT8,-0.03392346774193494
LOC729034///LOC653498///LOC440434///TBC1D3F///NPEPPS,0.05410241935483879
KCP,-0.15251749999999956
LOC152048,-0.05071040322580641
PTGES2,0.1309247580645164
SVOP,0.1274205645161292
PFDN6,-0.04419379032258046
FLJ36840,0.06965677419354825
PCDHB12,-0.005154919354838264
LOC100289045,-0.045570645161290134
SMC6,-0.01399653225806418
MKKS,-0.008134758064515772
FOXA1,0.10369782258064553
PRDM15,-0.018335322580644978
TRIM72,-0.014747741935483782
PARP8,0.0022390322580646167
MDC1,0.34408822580645154
METTL1,0.3836895967741937
LOC101928443,-0.07374395161290304
LOC101927365,-0.0759920967741932
ZNF623,0.13229612903225796
POU5F1P3,0.02255669354838717
CCBE1,0.023772661290322655
LEPROTL1,-0.02987491935483861
C3orf33,-0.11425927419354809
ITFG2,0.005832177419354975
CA5BP1,-0.033886532258064456
FAM210A,0.015577500000000279
PLK2,0.09804935483871
ABLIM2,-0.26851854838709666
FTCDNL1,-0.009108548387096566
PPP4R1L,-0.16111008064516072
ERCC8,0.07177959677419357
TST,0.3946149193548385
APOM,0.020358387096774493
FBLN2,0.09220967741935505
LST1,-0.20311943548387013
PZP,-0.007845483870967016
PRKAG2-AS1,-0.13101701612903138
COMMD9,0.15338056451612897
FAM155A,0.0904222580645164
LOC101929076,-0.08504822580645133
FAM26E,-0.048327822580644816
TBCEL,0.04939249999999996
EXOC4,0.13608701612903273
UBE2J1,0.015998387096774834
BCKDHB,0.04583612903225851
PIGG,0.05538983870967777
ZNF557,0.23991193548387124
KCNH5,0.0916609677419356
C7orf26,0.23092145161290306
LOC101927623,-0.12615846774193523
TNFRSF10C,0.031135645161290672
NUTM1,-0.08052516129032247
NSAP11,-0.39141419354838647
SNORD116@,0.08138443548387117
IER5L,0.32608540322580665
BRINP1,0.08896854838709706
PABPC4L,-0.05959798387096753
FLJ38773,0.060860322580645526
BMP3,-0.23353879032258004
KRBOX4,0.17568709677419378
GPR108,0.1743691129032258
CLEC11A,0.5312754032258061
KLHL31,-0.5177176612903217
HLA-DPA1,-0.005750564516128744
ARL14EP,-0.0331838709677412
GK,-0.07039911290322526
NQO1,-0.03934669354838685
F2RL2,-0.25345629032258005
EDNRB,-0.10257064516129007
ZNF778///FLJ12986,0.05736346774193579
KERA,0.03171250000000038
ZNF780A,0.14030540322580665
FBXO45,0.12769903225806448
KIF1A,0.06439693548387139
ZNF594,-0.018756370967741694
STARD9,-0.12506354838709668
GABPA,-0.06441403225806391
KIF26A,0.42469741935483873
AP4E1,0.007222258064516667
PTAFR,-0.2554024193548383
ZNF562,-0.024637258064515975
CNR1,0.016585161290323197
TBCD,-0.020799596774192866
TTPAL,0.041518306451613446
AGER,0.061148629032258636
PTGES,0.09075298387096814
RPS3AP44///RPS3AP20///RPS3AP5///RPS3AP49///RPS3AP47///RPS3A,-0.17188693548387055
LOC283588,-0.005926290322580302
CNTNAP2,0.0524627419354841
PHLDA3,-0.02107741935483846
EPOR,-0.023574838709677012
RPAIN,-0.024801935483870524
EBLN2,0.14883629032258028
USP31,-0.0033720161290323007
DPPA4,-0.020636612903225472
ANKRD22,-0.01422564516129041
CRELD1,-0.016793306451613057
TMEM150C,0.003040564516129135
SHKBP1,-0.08602935483870916
KLHL15,0.10797870967741931
PISD,0.04783451612903241
LVRN,-0.011436612903225563
KNSTRN,-0.029727419354838216
SYT1,0.004957338709677618
PLGLB1///PLGLB2,0.01541169354838727
CD52,0.24570274193548391
KLRC4,0.0007805645161293564
RMND5B,-0.014561290322580408
CARTPT,-0.000708790322580281
PTPN7,0.05431225806451637
GIGYF1,-0.15976749999999965
NSMCE2,0.11714903225806494
NLRP10,0.04502798387096798
METTL25,-0.24486112903225765
LOC101928823,0.015173145161290563
POLR2H,-0.011802499999999817
EHD3,0.1285349193548387
AACSP1,0.09387387096774258
RFX3,-0.008864032258064253
UBXN8,-0.05265749999999996
DCAF15,0.04129016129032312
RGS9,-0.06893185483870916
GZMA,-0.04778290322580595
COMMD2,-0.12328629032258026
ZNF99,-0.08228104838709617
ZNF222,-0.11631225806451548
CNKSR3,0.016717338709677954
RC3H1,-0.34713161290322553
SEMA3B,-0.026537983870967292
CLEC4E,-0.15875290322580596
HHLA2,0.03273967741935495
PAPPA2,-0.03259008064516124
SRFBP1,-0.030968790322580358
SMARCAL1,0.11289096774193591
MAP2K5,-0.021170483870967254
FAM118B,0.01650943548387099
CACNA2D4,-0.059674112903225815
NKAIN2,0.09551846774193579
BRF2,-0.2328451612903224
PRSS1,0.07954685483870987
PON1,-0.015432016129031844
TSPAN14,0.1846016935483869
IGHE,-0.023520806451612798
PIH1D2,-0.04369395161290281
VWA5B2,0.04694620967741984
SPINK13,0.06401322580645169
MFSD6L,0.04961314516129084
ADIPOR2,0.38725104838709673
PDX1,0.17071056451612926
AFM,0.036268387096774914
TOM1L1,-0.07929790322580602
FAM21A///FAM21C,0.04841717741935463
THSD7B,0.02346080645161319
CT45A2///CT45A1///CT45A6///CT45A5///CT45A3,-0.078941774193548
TMEM174,-0.04532548387096738
AMZ2P1///AMZ2,-0.07133419354838652
LOC100133684///GAS6,0.2676473387096776
BCAS1,0.01250532258064564
SCML4,0.08495250000000032
FBLN7,-0.09481596774193526
CT47A1///CT47A2///CT47A3///CT47A4///CT47A5///CT47A6///CT47A8///CT47A9///CT47A10///CT47A7///CT47A11,0.1353849193548384
C3orf70,-0.07158379032258057
ASTN1,0.0193579032258068
KLHL6,-0.009839435483870677
RAB9B,0.12682629032258097
LOC729725,-0.024808145161289943
LOC100506699,-0.2560880645161284
ZSCAN25,-0.21590459677419332
NPIPB1P///NPIPA2///NPIPB3,-9.903225806404299e-05
ABHD5,-0.032700403225806154
FAM63B,-0.014074354838709537
C3orf52,-0.09175701612903159
TMEM56,0.027368548387097225
CHAMP1,-0.007845241935483478
GIMAP1,-0.1294096774193545
STIP1,0.027125403225806827
LINC00560,-0.12300620967741946
TSPAN3,0.04919379032258078
ANKFN1,-0.4331583870967739
LRWD1,-0.04022709677419348
AKR1C3///AKR1C2///AKR1C1,0.04236693548387118
AGBL4,-0.027516935483870707
CENPH,0.0034370967741940914
MPRIP,-0.04514258064516144
TTC41P,0.006686935483870992
EPHB1,-0.08184161290322557
RNF144B,0.005768306451613331
NEK3,0.14626951612903233
FAM205BP,-0.00960322580645136
SGK494,-0.00026298387096750087
EXOSC4,-0.16058249999999996
IL6,0.013658306451613617
FLOT2,-0.01539588709677369
USB1,-0.011745241935483361
APBB1IP,-0.014285887096773987
EML4,0.01156637096774216
RBM24,-0.09653895161290281
LOC105375240,-0.2278003225806448
HMGXB4,0.06462112903225835
DNAJC27,-0.03758677419354788
ERF,0.4255650000000001
YARS2,-0.12677467741935483
TAF12,0.010966290322581052
ZDHHC6,0.0007052419354838621
PTPRS,0.07924169354838738
EML4///ALK,-0.44927419354838644
IKZF4,0.21977903225806425
MPST,0.08361822580645176
URI1,-0.22293854838709637
RSAD1,-0.036037177419354416
KIF6,-0.030505564516128694
LOC729162///LOC728687///LOC389906,-0.038744838709677445
AGTR2,-0.06790435483870927
RSPH4A,0.014914516129032794
RFTN1,-0.05246629032258023
FAM219B,-0.007259032258064284
KIR2DS3,0.003592903225806885
JAKMIP1,0.011944274193548885
LINC00308,-0.039496935483870524
KMO,0.028392016129032575
LOC652821///VCY1B///VCX3A///VCY,-0.1264029032258065
FAM65A,0.060323951612903395
HKDC1,0.14019959677419402
LOC100134109,0.04753459677419376
CHDH,0.11386854838709717
XKRY2///XKRY,-0.00946145161290296
LOC284379,-0.036494112903225386
AVIL,0.04258887096774232
SCAPER,0.26102000000000036
ELOVL2,0.024072016129032384
CENPK,0.009579435483870948
CCL16,0.06525870967741962
HSD17B14,0.10194935483870987
CTRB2,0.029442580645161195
PROCA1,0.06672177419354872
SEH1L,-0.00446975806451563
ITLN1,0.13571516129032257
GMCL1P1///GMCL1,-0.018900241935483616
PRMT3,0.09731411290322649
UBE2Z,0.012378548387097106
VPS28,-0.04104741935483845
COL23A1,-0.16190282258064453
SF3B4,0.12615967741935474
CYP4F30P,-0.1342262096774189
IGLV2-18///IGLV3-19///IGL,0.030270161290322777
RNASE1,0.012647258064516201
LPXN,-0.05338782258064493
UIMC1,-0.048958387096773706
PLA2G1B,0.002141048387096787
SLC5A7,-0.016799677419354158
C3orf80,-0.02479403225806418
AGRN,0.25228887096774205
PLAG1,0.07706548387096789
IGF1R,-0.07266596774193496
ZNF324,-0.043590806451612264
SPATA17,-0.06463314516129003
DIS3L,-0.0692396774193545
MNAT1,0.024598225806451747
ZNF592,-0.15947056451612873
LOC101929631,-9.28225806450661e-05
NECTIN3,-0.0038174193548385594
KCTD17,0.020828387096774627
OFCC1,-0.07778822580645148
RBP1,-0.03808112903225781
ATP2B4,0.0914899193548388
ANAPC10P1///ANAPC10,-0.001620887096773849
MROH1,-0.008184193548386893
NUDT13,-0.009621532258064475
GNB5,0.3086559677419355
WDR43,0.048247822580645076
FBXO4,0.04929580645161301
FAM60A,-0.08806209677419337
PCDH11Y///PCDH11X,-0.05732814516129031
WDR18,0.029503548387096984
TMEM104,0.27217129032258053
NUTM2A-AS1,-0.2839738709677416
KIAA1456,-0.09633596774193554
KIAA2026,0.020512016129032563
KIRREL2,-0.11398370967741901
FUT9,-0.016398306451612985
ZNF550,0.029099112903225907
SCCPDH,-0.06567733870967747
PCDH11Y,0.03207620967741942
IRAK1BP1,0.06714209677419355
PDLIM1,-0.013835967741935237
EPS15L1,0.0239612903225808
CD300LG,0.07364225806451628
POPDC3,0.06457403225806464
UBAP1,0.09873298387096799
C2,-0.041174193548386466
SLC25A45,0.006555161290322848
NSUN5P2,0.18008048387096814
MOB3A,-0.12479927419354822
OPRM1,0.06802137096774201
TMEM206,-0.009788306451612758
CLDN10,0.016894919354838743
SH3PXD2B,-0.0016962096774187727
USP18,-0.07216846774193483
MRPL45P2,0.049098790322580944
FAM209B,0.04511016129032286
SULT1B1,-0.02881540322580628
DHRS4L2///DHRS4,0.012681370967742554
SDK2,-0.10651104838709673
COQ8A,0.001186209677419607
RHBG,0.020298951612903626
SLFN11,-0.04824903225806426
IL17RD,-0.08132024193548369
RSPO2,0.08571838709677458
CDY1,-0.13755016129032194
CARD14,-0.027565645161290286
ADAM18,-0.09281120967741877
PLEKHA8///PLEKHA8P1,-0.11245032258064484
TSPYL6,0.00047370967741911744
FAM83B,-0.15846798387096728
CEACAM1,-0.1337233870967733
TMEM170B,-0.03204580645161261
TOE1,-0.00029862903225783585
TTC8,-0.024256612903225633
C17orf77,-0.003541774193548168
TRMT10B,-0.05085282258064463
RAG2,-0.026824435483870437
LINC00905,-0.1154312903225803
ROPN1L,-0.005562177419354832
LANCL2,0.3196320967741937
EFCAB7,0.09512693548387086
MBD6,-0.05600161290322563
KRTAP19-1,0.21769306451612952
CNPPD1,-0.017635806451612543
KATNB1,-0.07851104838709651
LOC100130219,-0.2915405645161284
BTN2A1,0.007375645161290526
LRRCC1,0.11133758064516179
ZNF544,0.014727096774193822
NR2F1,-0.040845322580644855
LINC01350,-0.07239120967741908
RRNAD1,0.09722395161290352
GRIP1,0.05384104838709706
RPL13P5,0.09088572580645222
SETD5,0.03588411290322622
GCNT7,-0.023507822580645082
MFNG,0.09375161290322592
C15orf59,0.07019145161290341
XPO7,0.023592903225806462
RABEP2,-0.01605258064516111
ATAD5,0.1641495967741938
PI4KAP1///PI4KA,0.3754092741935482
CARD6,-0.03504653225806438
GABRB3,-0.1267471774193544
ZNF792,0.01909967741935502
SEL1L3,0.10110669354838708
FLJ10038,-0.13662056451612853
CCDC43,0.029791612903225784
HOXB9,-0.028813709677418725
CTPS2,0.16250008064516153
SLC26A3,0.1098216129032262
ARHGEF5,-0.011616935483870565
SPAG4,-0.026212741935483688
RNF125,-0.0004797580645161739
IFIT5,0.08834822580645205
AP1S3,-0.031278145161290107
ZNF582,0.039332903225806584
LOC100996579,-0.3938220967741937
STEAP1B,0.10080903225806469
LOC101928797,-0.026976532258064005
BHMG1,0.1517854838709678
ZNF593,0.13124153225806448
MPZL3,-0.02396040322580582
CSNK2A3///CSNK2A1,0.09684137096774204
GRHPR,-0.041456854838709624
NRBP1,0.0686575000000003
COTL1,-0.07262008064516119
IFRD1,0.03261951612903309
MOCOS,0.03023185483870997
SLC25A21,0.05770282258064516
ST8SIA1,-0.02562508064516109
CPNE4,0.034249677419354765
RPRD2,0.049306612903225924
ZKSCAN2,0.15691467741935494
FIGF,-0.21991370967741894
C19orf24,0.48486814516129007
LOC100128692,-0.1819433870967737
FAM3B,-0.02923733870967727
MLLT6,0.15000508064516133
PAOX,0.23064846774193565
H2AFY2,0.04473669354838699
KLK3,-0.005932580645160714
LNX2,0.0006954032258064029
DKFZP434H168,0.045816129032258325
SEMA4D,0.05234838709677445
ST6GALNAC4,0.11338395161290346
LOC157860,-0.05253346774193492
CTCFL,0.03405951612903253
C6orf141,0.05685814516129052
BBOX1,-0.09922556451612857
TRIM42,-0.09580919354838685
SPTBN5,0.004355564516128903
MID1IP1,0.09520088709677461
USH1C,-0.6400798387096771
TFAP2C,-0.02535290322580611
POMGNT1,0.18907314516129053
FOXE1,0.06148403225806487
TRPM5,0.07171193548387131
SLIT1-AS1,0.10170145161290313
DNAJC4,-0.20832241935483828
LACTB,-0.021346129032257577
DLX4,0.017419354838710023
RUNDC3B,-0.23608145161290303
CCNYL1,0.0031910483870969883
CHIC1,0.07088951612903227
ALKBH8,-0.016989435483870635
TAS2R19,-0.040895887096774275
ZNF529,-0.1869002419354835
HMGN3-AS1,-0.04838467741935488
SLC7A8,0.09628362903225807
DDX25,-0.14370862903225823
TMEM183A,-0.0035663709677416847
LILRB4,-0.1832298387096771
NOV,-0.08207266129032201
BTF3P11,-0.03169790322580598
GLTSCR1,0.08101556451612917
GPM6A,-0.042623225806451254
DNM2,0.2414800806451614
ENC1,0.12686379032258097
SEMA6D,-0.04634959677419266
EDDM3A,0.07168927419354879
GLT1D1,0.027874193548387615
BRS3,0.014471290322580922
ASPM,-0.006923870967741656
TP53BP2,0.0011104838709682016
XKR8,-0.015612983870967444
KIAA1551,0.01825467741935525
FGF12,0.09018338709677456
TOX,-0.11597161290322536
PDK2,-0.07215185483870927
LOC102724927,0.06261120967741968
ZNF500,-0.10468266129032189
GALNT5,-0.019988145161290053
LRRC14,0.03989274193548409
COQ8B,-0.2144329032258059
TMEM187,0.054408629032258224
SYT9,-0.18473838709677431
SNORA71A,0.004994838709678075
SYNPO2,-0.07247403225806429
ST6GAL2,-0.12016927419354763
CKM,0.19258516129032288
LOC643923,-0.3354641935483867
UMPS,-0.08233249999999971
RSC1A1,-0.026544999999999798
SCARB2,-0.09848145161290311
VAC14-AS1,-0.07621806451612856
NEBL-AS1,0.3426138709677421
EAF1,-0.06477741935483858
SRC,0.07208403225806462
PGM2,0.026119677419355267
LOC105370629,0.0929000806451614
L1TD1,-0.22790201612903216
BPNT1,-0.09733854838709602
COQ10A,0.2853942741935484
SPHKAP,-0.139500080645161
COL21A1,-0.11690120967741886
USP46-AS1,-0.016387419354838458
PPIE,-0.025084274193548098
ST3GAL2,-0.04776177419354818
DOCK4,-0.27611733870967725
FAM181A-AS1,-0.005630403225805894
CRHR1,0.2604433870967743
SMARCD1,0.25460620967741937
NOC3L,0.010316774193548865
SLAIN1,0.00612717741935497
C20orf187,-0.46899580645161293
SGK2,0.03882346774193571
ZNF700,0.001354516129032448
DEPDC1,-0.061789435483870614
LOC100130227///TMSB4Y,0.0066604838709682125
EEF1A2,0.06063048387096799
FAM102B,-0.12853395161290304
LOC646934,0.06710475806451617
RNF123,0.04102669354838706
IMMP1LP1///IMMP1L,-0.06396419354838656
LOC727818,0.037331612903225966
LEP,-0.0047645967741938855
ZUFSP,0.06709483870967757
SRBD1,-0.37900459677419357
ATP6V1B1,0.004711774193548948
ZNF821,-0.13013943548387086
FAXC,-0.07604298387096706
ANKRD49,-0.01569629032258037
SDHAF3,0.08748629032258104
VIPR1,-0.267647822580645
METTL15,0.023330564516129478
FAM193A,0.1472729032258064
NSFP1,-0.06018451612903221
LOC100129105,-0.11097040322580601
LOC100134366///LOC100134363///PLGLA///PLGLB1///PLGLB2,0.0034243548387100295
ANKS6,0.11810725806451643
NDUFS1,0.00848016129032292
GOLGA1,0.19045758064516147
HLA-DOA,0.07576822580645187
SUMO3,0.16328298387096776
MIR9-3HG,0.0626770967741941
PGM5,0.05308298387096833
BST2,-0.05825588709677365
SESN1,0.0032405645161290315
IGDCC3,0.04264717741935529
FAM150B,-0.048013225806450954
STAT6,-0.04202241935483858
PLXDC1,-0.04076774193548343
LINC00616,-0.00448129032258069
ATP6,-0.013244758064516035
POU5F1P4///POU5F1P3///POU5F1B///POU5F1,-0.14904516129032222
PPEF2,0.12019169354838724
AP3M1,0.0001283064516131062
SLFNL1,-0.13411443548387053
CXCL11,-0.03139395161290307
CCDC140,-0.01653282258064463
TFPI2,-0.013295322580644989
OR9A1P,-0.02467798387096789
C12orf40,0.02255935483870991
CLCN4,0.06767991935483887
ZC3H12D///PPIL4,0.04243733870967772
SPTB,-0.0033725806451611086
RBM12B,0.030268548387096937
TIE1,-0.12914298387096748
MRTO4,-0.13779411290322552
NUP93,0.09541790322580691
GDAP2,-0.10653927419354836
SLC18A2,0.04411508064516164
RRP36,0.004421935483871081
LOC100131354,0.009156209677419362
CCDC106,-0.0882902419354836
PPP3CB-AS1,0.06273645161290331
SNORA68,-0.1442250806451611
BCL7B,0.0841857258064519
LCNL1,-0.061141612903225395
PHLPP1,-0.17977540322580599
MFSD4B,-0.1382576612903224
MAF1,0.16826201612903235
LSAMP,0.11719903225806504
PPP1R3A,0.09598282258064539
THCAT158,0.006953951612903539
LOC90768,-0.003177177419354897
TRMT44,0.06316790322580629
SMIM19,-0.018085725806451555
POU6F2-AS2,-0.07843596774193512
PFKM,0.00809572580645182
LOC101928045,-0.05701161290322555
LOC101928510,-0.0010884677419354775
MIR4500HG,0.013909032258065016
LOC101928020,-0.08634661290322555
ZSCAN21,-0.0004633870967737236
POLE4,-0.03004330645161246
SASS6,-0.01524879032258021
NXPH1,-0.28875661290322596
LOC100128164,-0.012527903225806221
HFM1,-0.17567741935483866
SVBP,0.008179354838710073
RBP7,-0.013248064516129032
PAM16,0.011094354838709915
LOC105372695,0.02049411290322612
TRIM6,-0.175474516129032
GABRA6,-0.04421758064516097
HECTD3,0.05773298387096801
DIRAS3,0.05006766129032289
KLK8,0.06635838709677498
PDCL3,-0.0017985483870962009
LOC100129592,0.013041129032258191
ZNF547///TRAPPC2B///TRAPPC2,0.046348790322581074
DLEU1,0.06234532258064581
KAZN,0.07475266129032297
ALX1,-0.06461225806451572
WFDC1,-0.01527104838709649
LOC100127938,0.0243900000000005
KLF16,0.5612566935483868
SLC9A3R1,0.311960887096774
FEM1C,-0.045445241935483154
LOC101927768,-0.009059838709677371
ITGA2B,-0.0869108870967739
ROPN1,0.0796992741935482
SERPINB10,-0.16199895161290304
MARCKSL1,0.02945129032258094
PTPN3,-0.08295185483870954
NOP14-AS1,0.016766935483871308
KLRB1,-0.02339846774193515
ARNTL,0.06187443548387152
TMEM177,0.011417983870968516
TNAP,0.009150967741935578
FAM210B,0.05232258064516118
RIPK4,0.05826790322580631
JMJD1C-AS1,-0.019245080645161203
LOC440871///IGK///IGKV3-20///IGKV3D-11///IGKV3D-15,0.14495870967741958
LINC01432,-0.2813795161290317
ST3GAL3,-0.025947016129032156
ASH2L,-0.025484274193548755
PITPNC1,-0.1337724999999994
OSCP1,0.030584516129032596
RAD54L2,0.05590120967741935
UNC13B,0.1529846774193548
NBEA,-0.039678870967741545
MGC13053,-0.19800241935483842
PSG6,0.03860306451612935
PLCG2,0.15410330645161335
ZNF512B,0.04791298387096791
ZNF736,-0.07736306451612902
EPB41L4A-AS1,-0.15336241935483805
NEU3,-0.1323807258064512
MAPK9,-0.044738306451612773
TBC1D9,0.06914911290322606
PMM1,0.03741129032258064
SPACA1,-0.020026048387096637
RGR,-0.011961370967741736
HRH2,-0.025136612903225837
STK33,-0.01406629032258059
LOC101927305,-0.004356048387096674
PIP5K1C,0.032243306451613135
IGH,0.03778387096774208
ANKDD1A,-0.0241049193548383
MUC13,-0.0027362096774188258
P2RX4,-0.0171312096774191
LINC00685,0.06518427419354855
GEMIN2,-0.011225161290322232
ZNF670,-0.0008927419354836461
SYTL3,0.012560887096774396
LOC102723665///LCOR,0.03715516129032285
ARHGEF17,0.15801024193548388
PDE3A,-0.015565806451612447
AGBL2,-0.013434193548386488
TMEM98,0.05911064516129076
C1orf21,-0.017791774193548052
C5orf42,-0.01783459677419326
TAC4,0.14882072580645203
LRRC37BP1,0.020576048387097333
TCP10L,-0.10336661290322562
IFIT2,-0.02033120967741909
AIFM1,0.12265951612903281
LOC285928,-0.005918145161289946
ZNF853,0.20696830645161296
CH25H,0.004673790322580777
HLA-J///HLA-H///HLA-G///HLA-B///HLA-A,0.042273467741935966
C10orf126,-0.028959435483870366
ESRRG,-0.1167537096774191
RIMKLB,0.03827500000000019
PARP4,-0.03890588709677365
IL11RA,-0.13354846774193507
LOC100129852,0.08456177419354867
LOC106699570,-0.023864596774193548
PLEKHG1,0.009777822580645738
AICDA,0.12442612903225847
ADAMTSL4,0.09988604838709694
CNPY3,0.007676129032258054
LOC101928401,-0.11642080645161233
LOC391142,0.08596088709677435
SEC16B,-0.01067524193548363
MS4A1,0.0028057258064517736
METTL18,0.004215725806452054
MICALL1,-0.04471798387096751
LOC105370580,0.04650580645161313
GTSE1,-0.042079677419354616
ZNF17,-0.039177338709677004
GALT,-0.060772580645160675
WASIR2///WASIR1,0.0022195967741939146
GGACT,-0.004058870967741966
SPEG,0.17799411290322606
DOK5,0.07007653225806501
DYNLRB2,0.08047887096774232
JAKMIP2,-0.022908870967741305
TCAP,0.17331314516129034
CHMP4C,-0.08489064516128987
POLR1A,0.1706612096774194
TANGO2,0.2546798387096776
UPP2,-0.03192129032258044
ZADH2,0.0634845161290323
POMT1,-0.030136290322580202
LOC100128868,-0.14437604838709653
ADGRL2,0.034562661290323045
LUZP6///MTPN,-0.0034659677419351023
TRAC///TRAJ17///TRAV20///TRA,-0.029874758064515963
ZSWIM1,0.22494217741935477
EYA4,0.04996266129032274
IRX3,0.0019890322580645935
OPN3,-0.17695717741935432
LINC00899,0.07694153225806444
BCO2,-0.03641701612903183
COASY,0.04725959677419365
STAG3L4,-0.07759725806451609
C11orf74,0.07426104838709717
PRPF39,0.024792338709677363
MST1,-0.18492975806451584
TPSB2///TPSAB1,0.10048887096774202
TRPM8,0.08878088709677455
SYCP3,0.00528129032258101
FAM124A,-0.03287201612903219
LINC00238,0.003803790322580978
LYG1,-0.39793064516128995
CASKIN2,0.039153467741935594
CASK,0.07809620967741966
ZNF436,0.16467895161290344
CBL,0.04619056451612902
NAGLU,0.0656625806451617
ARAP2,0.30065217741935485
ACADSB,-0.0140250806451611
CALR3,-0.007484193548386881
MPP6,-0.06986629032258013
OTUB1,0.05044862903225827
GPAT4,-0.061204758064515835
LOC100130868,0.14619362903225833
LOC100134025///SPEF2,0.005901048387096945
ARHGAP11A,-0.07085258064516071
TSSK2,0.0020801612903229155
SLC1A3,-0.05850870967741911
FAM207A,-0.08593427419354827
CD5L,-0.0024630645161286546
PTRH1,-0.03987362903225814
LOC654056///SIRPA///SIRPG///SIRPB1,-0.0602081451612901
CCRL2,-0.12760701612903183
PARP6,0.055222419354838966
LOC400748,0.09600814516129089
PCDHB9,-0.13681064516128974
CBWD6///CBWD3///CBWD5///CBWD2///CBWD1,0.019201290322580392
ARHGAP17,-0.3026959677419348
IRF2,0.05165338709677419
ASB1,-0.07374887096774174
DRC3,0.16057516129032312
EFEMP2,0.04163080645161331
KRT81,0.027053145161291137
FCGR1CP///FCGR1B///FCGR1A,-0.13602532258064515
DDHD2,-0.05547604838709636
TCF7L1,-0.022213951612902745
MDGA1,-0.3220168548387097
DENND3,-0.04023475806451608
MYO5B,-0.11289249999999952
LOC102606465,-0.02613975806451589
CDKN2AIPNL,0.10533629032258074
SLC17A4,0.018589677419355126
LINC00463,-0.22430693548387043
BICC1,0.06273725806451624
LYPLA2P1///LYPLA2P2///LYPLA2,0.08651427419354826
TFDP2,-0.13083709677419353
PEPD,-0.026385645161290217
TSHR,0.09976274193548412
AK9,-0.0031645161290320984
NUP88,0.008463790322581159
VPS39,0.0013527419354838989
LEMD2,0.057777258064516335
PCMTD2,0.037455322580645656
CCDC83,0.06874088709677446
RBM47,-0.007933225806451265
HJURP,-0.001764677419354641
LOC101927359,-0.16684290322580597
CREBBP,-0.025595645161290044
C4BPA,0.049982903225807035
LINC01563,0.029507258064516234
SH3RF3-AS1,0.27460330645161307
HS6ST2,0.056825887096774275
IGSF10,0.0999815322580649
CNIH3,0.12705241935483907
COLCA2,-0.05132056451612865
FAM170A,0.09762790322580628
LINC00565,-0.11844491935483856
LOC101926960,0.07354048387096762
KNTC1,0.033465645161290726
PRDM10,-0.00018612903225753014
PPM1M,0.27646862903225833
POLA2,0.01621056451612908
OLFM3,0.0007765322580649738
APOBEC3A,0.009148951612903406
CASP7,-0.0005962096774186931
PLSCR3,-0.09657024193548361
MAK,-0.04294411290322529
TRMT1,-0.04629685483870914
JAML,0.014844354838710324
LOC643355,-0.12029733870967699
SLC25A46,0.15536395161290348
HINFP,0.010195241935484337
NTMT1,-0.05725725806451584
SNX12,0.05963693548387085
ZNF618,0.06842000000000051
DCTPP1,0.030940403225806754
WNT5B,-0.0667664516129025
MAGEB2,0.065742419354839
CDH2,-0.09999032258064484
SLC51A,-0.061503467741935464
EVA1B,0.026410806451613283
IGKV4-1,0.06391725806451673
PIK3R5,0.06956177419354907
DNM3,-0.1014368548387097
ITGA9-AS1,0.017906209677419613
HEG1,-0.008266612903225461
CASC11,-0.19947024193548377
FAM9B///FAM9A,0.01558733870967785
AKNAD1,-0.06614483870967719
PLGLB2,0.043832822580645144
MYF6,0.003683306451613043
HMOX2,0.023704919354839225
TTLL9,0.03843475806451653
FBXO44,0.2708584677419356
ZDHHC5,0.03612354838709728
LOC101927358,-0.1335433870967736
TUBE1,0.10488677419354855
LINC00487,-0.10024040322580588
ACTN2,0.027064112903226197
SCN7A,0.01117274193548403
CLIP2,-0.035192338709677
LRCH1,0.17742250000000012
AGAP5///AGAP9///AGAP11///AGAP4,0.0621108870967743
GABRA2,0.18250790322580693
SH2D1B,-0.09480088709677385
FOLH1B///FOLH1,-0.01865112903225767
LOC105378052,0.009131693548387316
HSF4,0.13776782258064502
LRRC49,-0.0009691129032256777
BNC1,-0.0043404032258065
SLC5A6,0.6055852419354839
NEUROD1,-0.015233467741935122
C17orf80,0.0064312903225806906
ZC3H12C,-0.11436266129032199
BCL11B,-0.31875822580645147
MICB,-0.07630661290322557
CDK5R1,0.11942395161290356
FGFR1OP,-0.17231403225806424
CACNG1,-0.018740806451612788
ZNF609,0.01953427419354845
NABP2,-0.051874274193547905
FAM86B3P,0.2931161290322581
KNL1,-0.1300625806451609
LOC730124,-0.17382927419354843
UBQLN4,0.03981419354838725
TMEM143,0.05765427419354864
TTC39C,-0.009375967741935106
WDR72,-0.0020958064516125585
GIMAP5,-0.14044645161290276
STRC,0.13379709677419396
FOXO6,0.08404024193548446
SPDYE1,-0.12039306451612858
PYGB,-0.09670685483870961
LYPLA2P1///LYPLA2,0.08566814516129075
SPATA22,-0.04332846774193508
ENTPD6,-0.01875895161290332
IFIT1,0.00893137096774246
EHBP1,-0.11194862903225744
NNAT,-0.06983024193548326
AQR,-0.11935499999999936
CYP2C8,-0.032993548387096235
LOC105374989,0.14469564516129022
LINC01310,0.12821217741935517
BCAT2,0.002629677419355294
RCC1,0.018630806451613163
SLC27A3,0.01618419354838739
SMPD3,-0.19453677419354795
MTF1,-0.05649943548387053
SRGAP2D///SRGAP2C///SRGAP2B///SRGAP2,-0.033567499999999514
LRR1,0.14292072580645174
CCT6P1,0.07780298387096796
VPS18,0.0004483064516126768
KCNC2,0.012901129032258131
FAM96A,-0.02895064516129
LINC01520,-0.02651209677419327
LINC01106,-0.05475185483870933
ZNF396,0.01800024193548405
BEX4,0.07780395161290339
LOC100133578///ASMTL,-0.06639024193548337
CXorf56,-0.0048604032258059045
BDNF-AS,-0.011103870967741729
PXN,0.04589411290322609
POLA1,0.09400887096774223
SRSF12,0.11120411290322615
FBXO41,0.124661290322581
FGF18,0.006221774193548705
LOC105372793,-0.14407266129032212
TIAF1,0.12047483870967726
NOX4,0.011562338709677713
OPA1,-0.0688956451612902
WBP1L,0.05203411290322606
SP1,-0.023279677419354272
SLC35B4,-0.0012808064516123558
ZNF624,0.03589677419354846
ZNF827,-0.03798491935483831
SLC6A12,-0.080751451612903
REEP1,0.1016104838709682
LINC01139,-0.021787338709676956
FSTL3,-0.008632983870967784
SCARB1,-0.0057835483870965765
VASP,0.047514193548387235
GJC1,0.012570322580645492
CLDN14,-0.049712903225806404
TP53TG1,0.057606532258064835
PCSK6,0.12548475806451628
LOC646044///SSBP4,0.17262411290322638
NDUFAF6,0.041758306451613034
LOC101927066,-0.15162564516129007
PAQR9,0.061352983870968256
CYYR1,0.033956290322581184
SARDH,-0.02037572580645133
NCALD,0.08266685483870986
LINC00895,0.04716637096774201
ZMYND10,-0.07749870967741905
KLHL4,-0.03555999999999938
HOXD8,0.3872860483870968
PCDHB3,-0.009233225806451207
CRISP3,0.006247016129032511
LOC101928622,0.01858000000000034
LOC730324///LOC441259///PMS2P5///PMS2P2///PMS2P1,-0.0734017741935482
NPTXR,-0.0003824193548384175
C18orf25,-0.008037822580645127
LOC100506990,-0.01597790322580615
MAPK11,0.10576741935483876
LOC440731,0.06995000000000015
PLCL1,0.025073387096774296
TDO2,-0.04018854838709658
AFP,-0.008028387096774104
GABRQ,0.14830758064516128
ZMAT1,-0.08162806451612917
RFX4,-0.08461112903225726
TATDN2,-0.08295758064516111
LINC01393,0.008056935483871147
ZNF781,-0.22562967741935433
PYCARD,0.022791290322580787
ZNF415,0.06149685483871008
LMLN,0.02222508064516194
PARPBP,0.06469508064516162
KMT2E-AS1,0.00044322580645163485
SPANXB1,-0.014410967741935118
LOC340090,-0.14543282258064497
BIN1,-0.07741999999999971
GDAP1,-0.007216048387096358
SKA3,-0.02606717741935452
RSU1P2,-0.010183951612903315
TIGAR,-0.2204777419354836
PHKA2,-0.09032298387096771
TRDN,0.005605887096774244
KCNJ8,-0.09956346774193538
DNAH5,0.18310991935483875
PWWP2B,0.10341669354838764
GCLC,0.03890838709677444
LINC00423,-0.008298064516128991
ZRSR2,-0.049037741935483464
TMEM219,-0.01016540322580585
CWC25,0.05191991935483924
ANKRD20A8P///ANKRD20A4///LOC728371///LOC647595///ANKRD20A2///ANKRD20A3///ANKRD20A1,-0.039373145161290445
AGPAT4-IT1,-0.09190274193548355
CXADR,-0.006766612903225409
PIPOX,0.023429193548387753
SCAF1,0.08486838709677419
HEMGN,-0.005204354838709759
HIST1H1A,-0.01266693548387103
CTSZ,-0.1742527419354842
LOC101928441,-0.02096548387096733
LOC100134355///PRIM2,-0.04207427419354807
RGN,-0.05182483870967692
LOC151657,-0.0410725806451611
USP42,0.10136209677419372
LIN37,-0.1632505645161284
AK5,-0.2716933064516126
STX5,-0.04981362903225774
ZNF439,-0.03549298387096759
SCARA5,-0.1262960483870966
TWISTNB,-0.1256329032258062
OXCT2,0.09160274193548405
KLHL13,-0.008523951612902923
THRB,-0.1349394354838705
CEACAM6,-0.04487322580645153
HACD4,0.03212161290322608
CTD-2297D10.2,0.03827838709677467
PFKFB4,0.05127975806451654
L3MBTL2,0.19798016129032256
HMCN2,0.08016419354838701
BAIAP2L1,0.15673895161290377
ATAD3C,-0.22814508064516087
PPP1R9B,0.234255
RPRD1A,0.01794620967741967
DYNC1I1,-0.027991048387096304
CENPU,0.03687217741935521
CCNYL2,0.07169911290322578
LOC103611081,0.0798412096774195
LOC646470,-0.007712983870967848
ZYX,0.030306290322580805
TIFAB,-0.11611306451612868
MGST2,-0.048138467741935385
CCT8L2,0.041316370967742266
KCNMB2,0.023001854838710076
SLC44A4,0.03913080645161301
LOC728105///LOC643670///LINC00266-1,0.05650346774193586
FAM234B,-0.04394016129032228
AMFR,-0.16122169354838645
ZNF644,0.031436209677419294
SLCO5A1,-0.014293790322580512
EP300-AS1,0.10670024193548427
PHOSPHO2,-0.05375749999999936
TGFB3,0.10302362903225833
EDN1,0.11779411290322583
CSF1,-0.11626741935483842
BLNK,0.016316048387096944
MYADML2,0.1206026612903232
CD40,-0.18525620967741874
LINC00032,-0.004720564516128705
UCHL1,-0.07391201612903198
MIR4307HG,-0.15030169354838654
SETMAR,-0.10040862903225788
FLJ37035,0.002099112903226008
STIL,0.10627475806451668
LOC100132566///LOC100132025///LOC100131452///LOC729272///LOC338999,-0.03656467741935449
KATNAL1,-0.03836370967741891
GPATCH1,-0.03294677419354824
LOC440895///LIMS3,-0.11802653225806395
SOX5,-0.07594475806451623
UTP15,-0.020511854838708987
DCAF4L2,-0.009153467741935189
RPS6KA2,-0.0011337903225800625
CYP2E1,0.08639975806451636
HIST1H2BA,-0.10429717741935451
PAQR7,0.0053002419354839115
CFAP221,-0.0630074193548383
LOC728196,0.05106532258064552
LINC00323,-0.1872787096774191
ZNF345,0.01432395161290365
COL9A2,0.011630887096774203
C9orf116,-0.039367419354838326
ANKRD53,0.1114770967741939
ZNF567,-0.011558709677419364
PLCXD3,-0.015640967741935085
IRS4,0.14512161290322595
TRAM2-AS1,0.042811532258064694
FOXJ1,0.05544814516129058
BRIP1,0.04169596774193589
PARD6A,0.01952048387096811
LOC101928167,-0.011618306451612513
BABAM1,0.12851637096774216
NRG4,-0.26777088709677355
ABCA7,-0.1614665322580645
PGBD2,-0.10117766129032195
TAS2R10,-0.10866064516129002
DCD,-0.005687338709677303
LINC01093,-0.12790322580645155
CNTNAP3B///LOC653355///CNTNAP3,-0.18618532258064477
LOC100996624,-0.049193225806451295
EVA1A,0.04286217741935518
LRRC28,0.04120750000000025
TMEM246,0.14422096774193532
LOC100507654,0.1517652419354843
C15orf41,0.05222870967741961
ANKRD18A,-0.004872741935483456
RPL10P16,0.15750782258064555
SIMC1,-0.05995387096774164
ZNF503-AS1,0.18747612903225852
URB1,-0.10641935483870922
LOC101927143,0.08122120967741941
CCDC6,-0.08008129032258045
LOC105373860,0.005855241935484002
TNFAIP8L1,0.020603548387096948
KIAA0508,-0.09982717741935473
THBD,-0.05928645161290318
TRIM69,0.05026274193548384
MAPT,0.1334712096774199
VSIG2,-0.05433362903225762
RBMY1E,-0.020679919354838584
CCDC85B,0.10495887096774201
NTAN1,0.0290812096774199
KANSL2,0.010396209677419825
LOC100129166,0.09764016129032288
RASAL3,0.0036331451612904306
DTWD2,-0.02856588709677349
HOXA13,-0.113918387096774
TMEM200A,0.08697653225806504
PDILT,-0.05401854838709649
BBS5,-0.14008580645161242
SCN1B,0.4562466935483873
ERVW-1,-0.00538306451612873
DHCR24,0.06568669354838728
IGLON5,0.18839887096774216
CD7,0.10926201612903269
LOC101927972,0.018340564516129254
LOC441025,0.01566919354838731
C3,-0.0798426612903225
L3HYPDH,0.031244193548387145
PACS1,0.14738040322580673
LOC100132686,0.11727000000000005
PEX5,-0.004426532258064086
IGFBP1,0.12669935483870975
FBXW9,0.14034129032258105
RSPH14,-0.011303790322580373
KCNB1,0.03328862903225824
DACT3-AS1,-0.13144451612903185
EML5,0.04472233870967761
SLC13A4,0.0193204032258063
ZNF213-AS1,0.13028766129032263
TNXB,0.0021058870967747487
NCAPD2,-0.4733492741935479
PCDHGA3,0.01118854838709689
LOC101929454,0.07197024193548414
ACAD9,0.13591645161290336
RTKN,-0.06642338709677378
LOC101928516,-0.14259354838709626
TINAGL1,0.05721895161290325
PCGF6,-0.07211129032258042
C9orf84,-0.10150701612903199
PER4,0.0845361290322586
HECW2,-0.058434677419354784
ZNF202,-0.09297104838709629
LOC101928858,-0.05961991935483828
FBXO43,-0.16783895161290247
SMYD1,0.01954451612903272
FAM53B,0.03616201612903225
BORCS7///AS3MT,-0.03320080645161257
PPBP,-0.11684983870967754
CABLES2,0.12931580645161322
SYNE3,0.019500887096774198
ZNF468,0.22044266129032275
SNX21,-0.06973153225806449
SNX15,-0.13539782258064476
STOML2,0.06990782258064537
LOC101929536,-0.015502258064515488
IGF1,-0.12555903225806417
ADGRG6,0.030977580645161547
PLSCR2,0.05862459677419346
LOC100134764///HOXA-AS3,0.12552032258064533
SPATA18,-0.0016098387096770434
ANGPT1,0.1186170161290322
KCNA2,0.02877935483870995
PNKD,0.031222661290322987
ZNF3,0.030837822580645
NEK6,-0.11726274193548367
GRIK1,0.017213709677419385
VAV3,0.12327250000000024
COL7A1,0.09458282258064524
TLE3,-0.1253582258064515
ADCY6,0.06388169354838752
KLHL29,0.1375029032258065
TM6SF1,-0.17249653225806424
HRES1,-0.15721443548387035
BCL2L14,-0.013604919354838312
HLCS,0.012692903225806712
RGMA,0.39953346774193554
RAB3B,0.04618822580645189
PLCG1-AS1,-0.1313554032258062
PRO2012,0.03840491935483891
CHMP1B,-0.05926588709677359
KCNJ13,-0.0108205645161286
IFIH1,0.00425967741935503
SUSD1,-0.06690903225806409
LOC653602,-0.06074064516128977
LOC101928590,0.12344274193548391
HSPB1P1///HSPB1,0.25291935483870975
LOC100128862,-0.025614032258063975
PGBD1,0.10401887096774189
MPV17L,0.002360887096774494
CYTIP,-0.012119435483870712
GCM2,-0.033731209677419466
ETFDH,-0.006587741935483907
SLC26A11,-0.11910282258064506
ZNF180,-0.08330798387096733
TEAD4,0.06925185483870973
LOC729623///PRKAR1B,-0.338121774193548
TTC9,0.013448951612903607
CHN2,0.17699612903225825
ZNF275,0.003406612903225895
FAM216B,0.031233064516129352
TRIM22,0.06445758064516104
LOC101927406,0.08116774193548439
LOC100131612///MED27,0.5447251612903224
NBAT1,-0.0527335483870966
DNM1,0.03696217741935533
NPIPB5///NPIP///LOC729978///NPIPB1P///NPIPA2///SMG1P1///NPIPB7///NPIPB3,-0.013491935483871469
LOC100128751,0.01767491935483883
LRRC8B,-0.062019193548386475
GPR63,-0.11210790322580626
POP1,-0.022611935483870513
CCNE2,0.0002364516129037056
REEP4,0.05178185483870992
PDE11A,0.0247795161290323
IL15,-0.055256451612902886
ADAM23,-0.008161451612902996
KIAA1755,0.046868467741935725
BACH2,-0.02349717741935461
PTCHD1,0.01853258064516152
TNFAIP3,0.0428802419354841
KLHL36,-0.00953258064516099
ZNF501,-0.003955080645161249
SLC4A3,-0.05597241935483818
CLK2,0.16143403225806502
MIPOL1,0.0269447580645162
LOC100133862///IGHG1///IGHA1,0.04964637096774216
CYP2C9,0.005374838709677454
CASC18,0.13325080645161338
LOC100130815,-0.07479709677419272
CYP2J2,-0.1305308064516124
LINC00928,-0.024256612903225477
SNTB1,0.016406048387097083
SLCO6A1,0.12985830645161275
SDR9C7,0.03742419354838753
ITGA8,0.010061048387097074
STRADA,-0.16782338709677375
TFDP1,0.020120887096774363
LINC01191,-0.03941645161290224
SCG2,-0.004846774193548054
CD180,0.041107661290322596
KRT37,0.032984516129032485
ZNF674,0.04597895161290377
MIS18A,-0.07990362903225752
SUPT16H,-0.06927572580645154
FRMD3,-0.33763403225806393
SERAC1,0.005374354838709745
TMEM254-AS1,-0.002959758064515901
FANCD2,0.06293556451612911
CD80,-0.00891822580645148
ATP1A2,-0.02319080645161288
MFSD8,0.032941612903225996
CHL1,-0.19650564516129004
TC2N,0.13072645161290355
TMC1,-0.09452459677419317
KANSL1-AS1,0.051367903225807185
RTKN2,0.038074435483870996
SLC12A8,-0.12397451612903211
LINC01330,0.15660104838709699
KIT,0.07808096774193606
ADGRL1,0.027038790322580775
PHLPP2,-0.011887822580644733
CCDC154,-0.09483346774193518
KCNRG,0.012266290322581213
OBFC1,-0.06234387096774181
GPC3,0.0148445967741943
MON1B,-0.008983790322580693
PWAR5,-0.03151903225806425
LOC101927843,-0.03139927419354835
C2CD4A,0.009989758064516168
RPRD1B,0.1565195967741938
OR2W1,-0.015157580645160939
SPATA31D1,-0.0018749193548382864
EFCAB3,0.0039937903225811654
MURC,0.0025704032258063248
FAM126A,-0.0321970161290318
PIK3R3,-0.03222717741935436
LOC729439///AFDN-AS1,0.011499354838710084
ZNF48,-0.15524282258064476
MCMDC2,0.017535564516129434
ATG101,-0.049491612903225395
PLXNA2,0.013982338709677763
CNTNAP3B///LOC653355///CNTNAP3P2///CNTNAP3,0.0014849193548388644
HLA-DRB1,-0.02204153225806446
A1BG-AS1,-0.13589346774193525
NPTX1,0.06910056451612913
MAGEE1,-0.0020323387096770774
LOC100131015,-0.15635104838709651
C8A,-0.07752814516129003
LOC100131707///FRG1JP,0.02913951612903242
FAM226B,0.022821532258064946
SCRN1,0.03057185483870979
MVK,-0.03529435483870933
CACNA2D3,-0.15943467741935477
CAMK1G,-0.10014919354838663
PDP2,-0.031941532258064176
CAGE1,0.0038892741935486613
LPIN1,0.014563064516129156
AHDC1,-0.37374233870967655
CEP128,0.05012403225806469
LOC101927587,-0.04507725806451576
RAB40A,0.28609217741935494
KCNMB3,-0.37426290322580624
PBLD,-0.1878194354838704
LOC101929529,-0.0019979838709672394
MGAM2,0.0020087903225809167
CNTNAP4,0.010080322580645656
SNORD8,-0.0965591935483868
RBM42,0.03649596774193559
BAHCC1,-0.13865524193548376
TMOD2,-0.024254677419354873
PTK2B,0.03652225806451613
NCR3LG1,-0.13123991935483806
LOC100506476,-0.07805161290322522
MAGEB4,0.0053111290322584255
LOC100133905///TLK1,-0.008596935483870416
ZNF354A,-0.004646693548386507
GDF7,0.06638782258064554
SNX1,-0.0689363709677416
TBC1D16,0.04031322580645186
LOC101928205,0.007791370967742003
C10orf35,-0.09351379032258034
LINC00954,-0.04265233870967727
DDX23,-0.14754499999999965
GTF2H2B,-0.01210249999999979
TMEM115,-0.013053225806451308
CDYL2,-0.14901088709677338
SEC61A2,-0.005013790322580353
LILRB5,-0.00524717741935438
KCND2,-0.05467475806451576
RABIF,-0.028279032258064288
MYO3A,-0.048675483870967394
SRRM4,-0.015998306451613046
CTD-3080P12.3,0.015917822580645478
GPR26,-0.17333999999999994
FLJ14327,0.05219790322580641
TARSL2,-0.22407153225806417
LOC283112,-0.11600604838709655
XKR6,0.04275790322580666
ARL13B,-0.11043483870967716
RGS14,-0.007233951612903218
PRDM10///FABP1,0.02902056451612967
ZNF691,-0.014821370967741616
B4GAT1,0.28224346774193537
SRR,0.18556935483870957
SEZ6,-0.01991008064516092
SUZ12,-0.06831580645161271
LBX1,0.020826048387097368
DRP2,-0.048508629032257757
P2RY6,0.12665661290322594
APBA2,0.11399217741935537
ADAMTS17,-0.023427177419354607
MIAT,-0.06508387096774138
CNTROB,0.11732750000000026
IFI27,-0.012192096774193384
LLGL1,0.24905782258064524
TMEM71,-0.13643927419354837
PCDHA5,-0.06872395161290254
HOXC8,0.018115403225806608
RPUSD4,-0.0002347580645160642
ZNF684,-0.045832741935483895
ABRA,0.0481861290322585
GIPC2,-0.20607959677419288
FCHSD1,-0.15823693548387038
CYP2R1,0.02153250000000005
SH3BGR,-0.002355403225806206
LONRF2,-0.09754919354838704
HTR6,-0.05526709677419347
TPTE2P1,0.07283145161290343
MAD2L2,0.10209790322580668
LINC01122,-0.015075806451612064
ZBTB37,0.07165338709677452
FRMD8P1///FRMD8,-0.018504274193547915
LOC105379143,0.061043870967742185
LOC100130331,-0.026007499999999593
AKTIP,0.012003870967742445
DET1,0.0039403225806453205
VWDE,-0.12609911290322529
SNRPB,0.11629693548387127
CRISP2,-0.14381467741935464
RGS20,-0.013957419354838515
KRT20,-0.038474274193547875
LOC728883,0.046600000000000315
PEX19,0.11575596774193544
HOXD1,-0.06766266129032254
TEAD3,0.015113145161290155
GALR1,-0.05833370967741866
IGHV7-81,0.04535137096774247
CACNA1E,0.011156129032258337
RAD1,-0.014284274193548187
C1R,0.013620241935484074
LOC105371226,0.06884806451612914
PLN,-0.009017661290322387
C15orf48,0.13090282258064556
BANP,0.11196500000000023
LOC100130705,0.06842338709677424
SARNP,-0.015634112903225562
COL9A1,0.3160103225806452
RMDN3,-0.00531040322580597
NPAS1,0.030078709677419577
TNFSF12-TNFSF13///TNFSF12///TNFSF13,-0.02119524193548362
ACP2,-0.03974096774193542
BPESC1,0.02764798387096814
BCL2L10,-0.004379274193548239
SMIM20,-0.03797040322580579
PAG1,-0.02208516129032275
CSTF2,-0.03718645161290305
THAP3,-0.065709274193548
LOC101929550,0.04068201612903226
PLAU,-0.10305120967741878
ATP8A1,0.1506911290322582
ITGA9,0.081553870967742
TAF13,-0.09281282258064472
TUFT1,-0.12781846774193492
PCDH10,-0.0015071774193547017
PKIA-AS1,0.05559580645161312
PLA2G4C,-0.07744798387096706
ADM2,0.02622854838709733
PLA2G16,-0.01869814516128992
BRWD1-IT2,-0.016600241935483862
AKR1C4,0.024891935483871114
PTHLH,0.11037153225806509
HGF,-0.08460443548387096
TP53RK,0.07947822580645177
ATF6B,0.05003177419354884
BTG3,-0.04246766129032214
NFIA-AS2,0.06445048387096776
DNAJC3,-0.0872408064516122
VWA9,0.0035852419354842464
MRPL52,-0.007978629032257871
SAXO2,-0.07709241935483839
CDH1,0.013245000000000477
RASL10B,0.08864379032258066
AJUBA,0.09872443548387085
CATSPERB,-0.0013037096774189422
LOC100132181///LOC389831,0.020852177419354623
LOC643449,0.10080104838709697
MSR1,0.031384354838709806
CABP7,-0.156332903225806
HCN1,-0.17015379032258046
CASQ2,0.00580500000000056
MIR4290HG,-0.03771766129032202
LMOD2,0.008080725806451822
RAB8B,0.12558411290322652
CDRT1,0.01191201612903258
ORF1,0.03506733870967772
ARHGAP28,0.004407499999999699
GAD2,-0.023628548387096538
WDR3,-0.03790975806451594
COQ7,-0.10805040322580643
ANKEF1,0.01995895161290365
HIST1H1T,-0.011161129032257536
LINC00574,-0.3576399193548379
GBF1,0.03652072580645169
FLNA,0.05669677419354867
RNF112,-0.02399733870967718
SGMS1,-0.0053363709677418086
CAMK4,-0.04252282258064494
GLRX3,-0.0033221774193546334
MEG9,0.19201701612903246
SNX10,-0.025766451612902766
SNRNP25,0.18899645161290352
MSTN,0.023463467741935827
NTF3,-0.2407378225806444
LINC01583,-0.06141088709677402
PRSS33,-0.05036596774193525
LINC01592,-0.16086572580645123
KCNC3,0.0006563709677421953
RRS1-AS1,0.04573427419354882
HIST1H3E,0.04469879032258079
PEAR1,0.032526129032258204
GNB2,-0.041801854838709525
MCF2L2,-0.034979516129032155
WDR49,-0.13040419354838678
SLAMF8,-0.037736935483870596
PA2G4P4///PA2G4,-0.028678145161289834
LIFR-AS1,0.09946564516129082
GUF1,-0.03969435483870953
ADAM8,0.04515314516129043
WFDC10A,-0.03348798387096739
HEPH,0.0832051612903226
PASD1,-0.0689566935483869
CC2D1B,0.06658967741935529
LOC105378997,-0.01761225806451601
SLC19A1,-0.07032806451612886
IL36RN,-0.008565887096773604
FER,-0.031079435483870904
CDKL3,0.14360596774193593
DRG2,0.07034975806451617
RHAG,-0.00709943548387109
LOC100310756,0.0892333870967746
TSPAN11,0.052076693548387426
ARL8A,0.0009795967741938107
PHACTR1,0.028650725806452157
TMCO5A,-0.025529838709677132
PLEKHA6,-0.06275072580645166
LINC01354,0.004974516129032611
E2F3,-0.015617419354838596
LAMA5,0.20901580645161305
AK8,-0.055891290322580195
ADORA2B,-0.012047903225806083
CUL1,0.009585483870967634
GPR82,0.11125637096774248
C5orf64,-0.068964919354839
LINC01057,0.033832580645161564
SAT2,0.04161564516129057
FAM159A,-0.025788064516128785
DUS4L,0.053603467741935945
CCDC39,0.0014849193548388036
CCDC159,-0.00625016129032235
ZNF280B,0.0095805645161294
PDE9A,-0.01833403225806464
GRM5,-0.08917338709677419
TMC8,-0.04511935483870935
TSLP,-0.09823427419354795
MMP1,0.001563145161290705
LOC100129087///PYM1,-0.1027053225806446
ADAMTSL3,0.020607822580645505
TSPY4///TSPY3///TSPY1,-0.0687287903225806
MTA3,0.01592862903225862
DDX52,0.07889201612903256
SYT16,-0.12525024193548345
C10orf25,-0.08895629032258057
GSTM2///GSTM1,0.19596072580645166
LCA5L,2.2822580645534942e-05
PSEN2,0.21514217741935487
SORCS2,0.019358225806451877
DOHH,0.08289314516129073
SLC25A15,0.03513879032258069
LOC148413,0.04492040322580658
GLUD1,-0.029188064516128653
RAB3IL1,-0.07181266129032199
KRTAP5-AS1,0.11594822580645192
UROS,-0.18650862903225768
PPP2R2D,-0.11215903225806444
ADAMTS20,-0.147257580645161
C15orf40,0.08702354838709712
LOC100133558///UBE2V1P2///TMEM189-UBE2V1///UBE2V1,-0.06495645161290244
OSGEPL1,-0.007039516129031968
PKD2L2,-0.026740241935483404
UBE2C,0.06215072580645189
HNRNPA1P36///HNRNPA1P59///HNRNPA1P51///HNRNPA1P22///HNRNPA1P53///HNRNPA1P50///HNRNPA1P27///HNRNPA1P10///HNRNPA1P52///HNRNPA1P12///LOC642817///HNRNPA1P30///HNRNPA1P39///HNRNPA1P56///HNRNPA1L2///HNRNPA1P60///HNRNPA1,0.015865564516129756
POU3F2,-0.11243677419354754
SPATA31C2,-0.002572983870967379
CAPSL,0.010647177419355256
SLC16A1-AS1,-0.27698814516129
SNORA21,0.05842427419354897
CENPI,-0.05374161290322563
NAB2,0.03272508064516158
ZNF663P,-0.1502779838709672
STX17-AS1,-0.0064852419354834885
ZNF347,-0.01836217741935468
MIB2,0.024315887096774833
FAM57B,0.03214838709677481
SEC24B-AS1,-0.3982345161290313
MRPL21,0.005040806451613231
ANKRD40,0.09218532258064556
SPC24,0.08336233870967813
RHOXF2B///RHOXF2,0.04506483870967762
TRIM59,-0.0039716935483869766
SAMD5,-0.020665322580644838
ADCY2,0.02681427419354871
ZNF768,0.005350483870967825
C10orf76,0.13977338709677417
BRCA1,0.0020508064516134026
LOC100131610///CLIC5,0.0029645967741936665
SLC4A9,0.042766451612903475
ADD2,-0.16527016129032232
INTS5,0.37483290322580676
PLD1,-0.1987137096774188
UBE2QL1,-0.10415758064516074
MMP21,-0.13977951612903242
LOC100134367///RAB12,-0.1317307258064513
SRD5A2,-0.02095814516129018
ETV7,-0.1161617741935479
RIPK1,0.07756709677419374
IL2,-0.046306935483870125
LINC01365,-0.08503572580645148
POPDC2///COX17,0.3552756451612905
NOXA1,-0.19812427419354847
ERCC6L,0.06729209677419382
PGLS,-0.0034513709677418862
PCTP,0.022422177419355253
GPAM,-0.0023349193548379867
LOC440434///NPEPPS,0.0448855645161296
SLC15A2,-0.03707798387096745
OAS1,-0.23538241935483803
LCP1,0.03205451612903253
LOC730202,-0.07869241935483842
DPY19L2,-0.008680564516128999
CBR1,-0.0762628225806445
LOC100133128///DEFB108P1///DEFB108B,0.022907499999999976
KIAA0101,0.0056385483870967775
CCDC150,-0.003024032258064099
CYP7A1,0.10198612903225855
MAPKAPK3,-0.002394516129032042
CTD-2194D22.4,0.04049532258064561
PPOX,0.08499419354838733
ZBTB39,0.07310008064516163
WISP1-OT1///WISP1,0.005491370967742151
CDK4,0.12979741935483896
ZSCAN9,-0.006522661290322165
CCDC62,0.024033306451613147
NPM2,0.025175483870968025
LINC00202-1,0.044135887096773976
COL4A6,-0.012629274193548458
SPTAN1,-0.05423564516128994
IFNB1,-0.29541024193548315
AGTR1,0.052879112903226305
NIM1K,-0.0794104838709676
NHS,0.055077741935484356
TOX3,-0.02876927419354783
BCL7A,0.13187604838709682
MYOM1,-0.4075060483870966
KIAA0484,0.10258411290322592
NADK2-AS1,0.026178870967742157
PPP1R1C,-0.008641774193547965
ADAMTSL1,-0.004056612903225975
HOXD13,-0.17542637096774172
DCT,-0.05529814516128988
RAVER1,-0.1489924999999995
EEF1AKMT1,-0.08127403225806451
PNPO,0.0656308064516132
LLGL1///FLII,0.4143515322580648
SOX1,0.029798629032258224
DBIL5P,0.07039201612903284
MBOAT1,-0.3200393548387093
RP2,-0.01128032258064466
GRPEL1,0.002077741935484351
MGME1,0.022441532258064695
TNFAIP2,0.2262075000000005
PLEKHF1,-0.3828817741935479
SLC38A9,-0.045869758064515626
LINC01541,-0.1427098387096769
MMP10,-0.13287395161290327
BORCS8-MEF2B,0.006016290322581177
FXN,0.1911445967741938
VASH1,-0.0194900806451608
LOC100130872,0.3025763709677427
TMEM196,-0.005362903225806334
FFAR4,-0.025296532258063588
SLC18B1,-0.03620499999999942
ZDBF2,0.07216145161290369
NCF4,-0.24847959677419312
ARSB,-0.1312239516129029
CXXC4,0.01130919354838733
KIAA1324,-0.04667862903225778
C4orf46,-0.036965403225806374
ETAA1,0.016598548387097296
TPST2,0.20927491935483888
SGSH,0.07807330645161287
AXIN2,-0.2665909677419351
CUZD1,-0.15444225806451586
TRNP1,0.04325822580645154
DLEC1,-0.06567911290322571
LCORL,0.0019004032258064778
AP5B1,0.05719338709677447
CFAP54,0.0005624999999999138
LOC100130089///FBXL17,-0.03581919354838655
RGPD2///RGPD1,0.10090629032258068
IGSF5,-0.002733387096773723
CD1D,0.033650564516129355
WNT11,-0.12083338709677387
LINGO1,0.02292580645161328
KHNYN,-0.008912580645160928
P4HA3,-0.01625322580645145
GPKOW,-0.04607258064516126
CEP57L1///CEP57L1P1,0.0247804032258067
RNF8,-0.2625041129032256
TMEM80,0.29089322580645155
GSE1,-0.1695378225806447
FBXO15,-0.3046556451612903
LOC648921,0.04705927419354839
ZNF645,-0.07322177419354807
IL17RB,-0.0705020161290324
POLG2,-0.08936387096774166
PIP5K1B,0.0919426612903229
C3orf62,-0.05108467741935484
DCTN1,0.0346266129032263
LOC285147,0.023019677419354873
FZD6,-0.09309959677419324
CYP4X1,0.05761080645161307
HEYL,0.07330072580645162
SMG6,0.15123983870967797
CLCA3P,0.048951129032258074
SRGAP2,-0.02162903225806429
IFT43,0.10026943548387088
MS4A7,0.05064959677419394
LRRC37A3,-0.03088887096774175
CLEC12A,-0.20943241935483797
CD70,-0.051825887096773854
TRA,-0.0028926612903223663
CYP20A1,0.03654903225806506
TEPSIN,0.0731507258064518
LOC644656,-0.07392072580645129
DSTNP2,0.04814903225806479
DOK6,-0.0705671774193544
LINC01305,-0.04979620967741914
LOC339352,0.032649435483871246
SLC25A5-AS1,0.04445024193548405
MCC,0.030939354838709528
ZSCAN16,-0.035019677419354564
CD200R1,0.13934177419354862
CEP85L,0.00502209677419377
AMDHD1,0.07984612903225807
CLDN15,0.13618548387096754
KHDC1///SPA17,0.030700887096774265
SLX4IP,0.04047588709677436
SUCLG2-AS1,-0.025181129032257908
CCS,-0.14777604838709651
RPL5P1///RPL5P34///SNORA66///RPL5,0.04537830645161317
RNF220,0.02455822580645194
LOC101929019,0.0757935483870972
FCER1G,-0.07491967741935483
SERPINB2,-0.06618870967741916
CCDC129,-0.0038462096774191093
AP3S2,0.08073241935483849
XIRP2,-0.004501532258064541
LOC100272217,-0.015935161290322325
LRAT,-0.29347153225806405
ULK4,0.024724596774193593
SYT17,0.11568250000000022
PLEKHG4B,-0.015652499999999507
DZIP1L,0.001905322580645255
WFDC8,0.010460241935484145
LOC100129525,-0.047781532258064245
NEU1,0.16233685483870983
CALN1,-0.04169387096774184
ZFP64,-0.05155919354838644
FAM76A,0.09487500000000038
KLHDC8B,-0.19551233870967685
RPL13AP17,0.016705403225806728
SEMA7A,0.10826806451612954
OCLN,-0.07248064516129012
SEC14L4,0.1438897580645166
TAS2R8,-0.024192419354838186
APOBEC3B,0.16121677419354855
NLRC4,-0.07093709677419285
CAPN7,0.031268306451613076
EFCAB1,-0.01943943548387081
BATF2,-0.20460274193548353
OLFML3,0.11843774193548412
PRADC1,0.15010225806451638
ARG1,-0.019574274193547955
DTHD1,-0.016453467741935048
PCNX4,0.1435482258064519
PRDM16,0.13041177419354866
PTN,-0.007774596774192927
VPREB1,0.02510669354838723
NRXN3,-0.008464516129032058
B3GNT5,0.019227741935484224
PGM2L1,-0.06640935483870947
LOC100507564,0.07586733870967756
FAM120C,0.14700016129032278
NEXN-AS1,0.13688798387096773
TSPOAP1,0.0019495161290324272
LINC00094,0.03438919354838718
LOC100287015,-0.025237338709677176
JAM2,0.10503701612903252
SEC22A,-0.06834411290322565
RFWD3,0.012340241935484208
QDPR,-0.04867177419354819
ADGRD2,0.11580145161290321
POLDIP3,0.025225725806452045
LOC439933,-0.02799217741935438
EGLN3,-0.026171935483870815
MYH6,-0.04816104838709611
CDCA5,0.09399951612903244
WDR78,-0.019688548387096674
PUM3,-0.06046201612903199
NUP107,0.05107975806451618
LOC100131298,-0.20605153225806416
ELF4,0.08628250000000004
LOC283075,0.15726766129032282
DPPA2,0.08191733870967763
SEC14L1P1,-0.015832580645161146
CTDSPL2,-0.07126129032258052
CCT6B,-0.12433516129032238
GRK3,0.06777120967741963
HCP5,0.03912387096774215
LOC100134722///RASA4DP///RASA4CP///RASA4,-0.027644838709677162
C11orf70,0.07416532258064527
SPATA19,-0.0634510483870968
ZSWIM7,-0.022716129032257684
PRR15,0.1103265322580649
C1orf54,-0.0030149999999996855
NEPRO,0.028774919354839012
MAB21L1,0.012720161290322551
FZD5,-0.09985459677419346
MPPED2,-0.1570708064516123
ANXA3,-0.11291620967741925
H1FOO,-0.09178814516128961
INIP,-0.012232741935483439
ATP1A4,-0.30270032258064483
BPI,-0.1181902419354838
ATRIP///TREX1,0.08833919354838768
YPEL3,-0.16199435483870953
EAPP,0.07468790322580648
ZNF586,-0.006727258064516021
KHDRBS2,0.15427129032258083
SH2B1,0.10458016129032283
AIM1L,0.008312903225806668
STXBP5,-0.03198572580645126
MIR2052HG,-0.02314524193548385
TMEM132A,-0.10445822580645121
HAO1,0.01661153225806481
ZNF564,-0.01452201612903178
LOC100507250,-0.0012433870967741255
PARP11,0.04735516129032298
LOC100131081,0.10190596774193535
ZNF45,0.05113766129032282
CACNA1D,0.024616693548387518
ZFP91-CNTF///ZFP91,0.01090677419354873
ZNF511,-0.02290209677419356
CYTH4,-0.2277550806451608
NLGN1,-0.0031959677419352538
C11orf1,-0.014764516129032412
GLOD4,-0.0060880645161288365
LMNB2,0.00019975806451644272
LOC105372255,-0.007838225806451198
ALG1,0.016082177419355206
VAMP1,0.3303220967741937
TRMT12,0.06171467741935523
LARGE1,0.1970195967741937
SIX6,-0.05204459677419357
OAS3,-0.0926346774193547
PRIM2,-0.0034463709677413756
TEX19,-0.016522983870967487
ZNF627,0.06247588709677461
HCLS1,0.2266087096774197
DUSP3,-0.023250403225806328
NPY6R,0.00063604838709737
TCF24,-0.03549733870967705
CCR5,-0.013579193548386699
SRD5A3-AS1,-0.00888516129032212
ATAD3B,-0.0700598387096766
CBX8,0.09361532258064545
SMPDL3A,0.05819016129032295
ATF7IP2,-0.03751379032258059
HIST3H3,0.12998870967741963
BYSL,0.06520217741935488
RTBDN,0.19676604838709685
HNRNPL,-0.037719999999999886
SPIC,0.00243145161290342
CCDC71,0.021866129032258614
FCGR2C///FCGR2A,0.041364919354838964
PLEKHG5,-0.14100120967741905
MYO7A,0.10090701612903222
FOXN2,0.018340725806451814
CSN2,0.022863145161290878
LINC00472,-0.12257290322580575
ANKRD60,0.033722258064516314
TRABD2A,-0.0029840322580641336
LOC100132418,-0.19515249999999992
TMEM131,-0.004801774193547704
LOC100130428,-0.2678560483870966
SLC9A2,-0.0528024999999999
LRP2,0.03444709677419342
LOC100129198,0.038557096774194034
LOC100133555,-0.23949532258064493
CCDC167,-0.007976693548386968
MX1,0.010896209677419477
YOD1,0.03397443548387097
LINC01428,-0.042616129032257706
TMEM257,0.044586048387097184
RBCK1,-0.07868217741935445
NIPA2,0.09079854838709678
RAMP2-AS1,-0.07968475806451616
BMPR1A,-0.22257161290322539
FARS2,-0.09470629032258042
GEMIN7,-0.024286774193548046
CNTFR-AS1,0.020443225806451883
CR2,-0.00963153225806465
ACAP1,-0.14862516129032197
KRTAP9-8///KRTAP9-2,-0.11749911290322529
TBXA2R,0.07709604838709742
UNC119,0.2426882258064519
TXNDC16,0.016375161290322973
USP49,0.08181500000000061
SIX3,0.07228741935483929
GOT1L1,-0.09639532258064468
LOC100132279///WTAP,-0.118260967741935
MARK2,0.037949193548387265
KIAA2022,-0.04768185483870926
HPSE,0.09622540322580658
ZNF514,0.11591395161290362
FLJ31104,0.006974838709677802
C1orf162,0.20389572580645174
LOC101927592,0.025920241935484114
KRT82,0.055750483870968176
FAM26F,0.08752112903225875
C17orf96,0.0016558870967743056
LINC00051,0.016113790322580705
TERT,-0.06340830645161308
LINC00880,-0.046067661290322366
ZNF185,0.12831201612903248
LIG3,0.06915822580645169
MLXIPL,-0.002496451612903081
HSPBP1,0.046629838709677685
EDC3,0.16381088709677452
CPT1A,0.10017233870967776
ZDHHC11,0.03354766129032311
MUM1L1,0.1518845967741936
ROM1,0.014027016129032392
ERBB4,-0.06717612903225774
MYF5,0.1473516129032264
MED12L,-0.003197903225806417
GLRB,-0.29224322580645135
ZNF354C,0.008000403225806564
SIGLEC7,0.04369362903225828
C14orf159,0.055570403225806655
TLR1,0.11392088709677417
GFER,0.057512580645161744
PLCE1,-0.10269346774193516
ATAD2B,0.028654596774193984
KLF8,0.21831629032258076
LMBR1L,-0.018539919354838594
LINC01206,-0.024417338709677307
P2RY2,0.1309806451612901
THUMPD3-AS1,0.05368790322580659
PYGO1,0.06964951612903246
LOC101929528,-0.31024459677419297
CCL21,0.05864000000000008
ZNF320,-0.05895588709677397
SORD,-0.01846306451612917
CENPO,0.04986387096774214
DENND2A,-0.09003725806451626
AFAP1L1,-0.05862193548387079
KIAA1211,-0.017989274193548205
RIMBP3B///RIMBP3C///RIMBP3,-0.05157346774193549
C9,-0.09626596774193522
OR2A9P///OR2A20P///OR2A5,-0.19106677419354795
C4orf19,-0.26922766129032216
NUDT16P1,0.026332741935484
CDK11A,-0.05592943548387066
NTS,0.03962096774193553
LOC101929460,0.10077887096774225
FBXL19,0.08842822580645196
PRELID2,-0.015430564516128994
PARP12,-0.08326137096774164
LOC100131447///CDC14C///CDC14B,0.03226846774193583
LOC439911,-0.21701741935483837
NATD1,0.2302400000000001
LOC642131///IGHM///IGHG1///IGHA2///IGHA1///IGH,0.0361404032258064
FANK1,-0.0287868548387095
C18orf21,0.09595854838709682
TAF6L,-0.06670725806451545
FRAS1,0.010560645161290542
JAK3,0.14776306451612906
PALM2-AKAP2///PALM2///AKAP2,-0.24722483870967704
ESRRB,0.07297427419354907
PAGE2B///PAGE2///PAGE5,0.030509435483871115
C12orf10,0.2462491129032261
HCRP1,0.040813790322580944
ATP13A4,-0.0038128225806450646
CXorf23,-0.0007489516129031946
YWHAEP7,-0.19814919354838684
RASSF4,-0.004167580645160632
LOC105372840,-0.05352403225806429
SHCBP1,-0.08158064516128961
DAPL1,-0.14428999999999947
GUCY1A2,-0.0746157258064513
NUP188,0.0002741935483873744
SLC35F3,0.1219545161290323
NPY2R,-0.016822096774193614
CYCSP52///CYCS,0.03157693548387118
BAG2,-0.03171790322580622
PLCXD2,-0.024504112903225156
LOC105372069,-0.09956620967741867
NCF2,-0.07201645161290302
LILRA1,-0.028772177419354603
FCAMR,-0.004486935483870483
ADCK2,0.03910346774193585
FBXO22,0.2568716935483869
ASB12,0.0897245967741942
FANCE,0.1174575000000001
IL4I1///NUP62,-0.15552661290322534
FMN2,0.017861612903226007
ASPRV1,0.1804008870967746
RASSF7,0.049377419354839
PIGW,-0.007952016129032007
LINC01270,0.13381137096774215
JSRP1,0.10987951612903232
KCNG4,0.04255241935483901
ASB6,-0.03244717741935456
LINC00408,-0.1527012096774193
IL1B,-0.0358476612903221
MMP11,-0.13122185483870952
CDC123,-0.0053383870967738944
CERCAM,0.20277548387096803
ROGDI,0.21836999999999995
LOC153577,0.015500483870967644
BDH1,0.1495074193548388
LOC105376944,0.023743225806451843
HBD,-0.020770322580645227
TLN1,0.1350882258064519
CEACAM3,-0.09268249999999964
CUEDC1,0.130591935483871
LINC00441,0.10023830645161273
SNAP25,0.03407516129032299
LINC01089,-0.32680169354838684
PNPLA6,0.17642387096774206
FGF14-AS2,-0.09288129032257998
SLC35G3,-0.027607338709677263
CCNT1,-0.13580362903225765
B3GALNT1,-0.09886379032258004
HSD17B6,-0.10674362903225788
MTSS1L,0.16762951612903246
FGFBP3,-0.1015767741935483
NES,0.15053169354838752
SLC35F4,0.07458266129032311
E2F7,-0.07345524193548347
MAN1C1,-0.05932709677419319
EFNA5,0.05066137096774219
NDST2,0.045104919354838825
ADAM2,-0.2632015322580643
CSF1R,0.042328870967741794
MAPKAPK2,-0.040881129032257935
NAGPA,-0.04675048387096759
LINC01116,0.0003455645161291197
LOC654056///SIRPB1,0.009602983870968154
LACTB2-AS1,-0.25409306451612856
FAM149A,-0.2454995967741934
IRF6,-0.09402346774193475
WDSUB1,-0.00442556451612873
TCEB3CL///TCEB3C,0.09601774193548462
LOC101929680,0.06709725806451673
LOC100133958///KCNN3,0.007065000000000432
STMN4,-0.046023790322580395
KLRK1///KLRC4,-0.25768782258064443
TMEM64,-0.027641129032257926
HMGB3P1,-0.01374975806451581
ZNF558,-0.02786258064516098
CYP2C18,-0.06126379032258035
BTD,-0.023782419354838328
LOC101928495,0.017487177419355078
MICU3,-0.003638548387096637
HIST1H2AH///HIST1H2AG///HIST1H2AM///HIST1H2AL///HIST1H2AJ///HIST1H2AK///HIST1H2AI,-0.03193717741935459
CNTN5,-0.0777957258064515
LY6E,0.13783459677419402
FABP4,0.03231862903225842
HES6,-0.024407661290322326
HSPBAP1,0.0651382258064515
LOC100132167,0.08919354838709673
CLDND2,0.028894032258064667
FLJ37453,-0.015146774193548382
FAR2,-0.14478999999999978
KCNE2,0.04051233870967729
KDM4A,0.025550483870967994
LINC01533,-0.06592959677419309
INVS///WSB1,-0.07998653225806421
SAMD3,-0.1495361290322577
PCNA,0.031448467741935715
LOC646383,0.11277048387096833
PRR26,-0.3145209677419353
AATK,0.007242096774193514
ZNF660,0.01641750000000055
GABRG3,-0.03345895161290302
PRKCA-AS1,0.09801669354838734
MELK,-0.03345774193548368
ZNF212,0.055622983870967965
LOC103344931,0.06442290322580674
XCL2///XCL1,-0.04727483870967697
COQ3,-0.004801774193548042
SERPINA10,-0.001242822580644988
TET3,0.05140298387096805
SCO2,-0.01304080645161259
FGF10,0.02312516129032308
OMG,0.031406774193548814
ATP2A1-AS1,0.0022691935483872896
MRPL53,-0.006907983870967277
TACC2,0.07464612903225815
TIMELESS,-0.05782346774193523
DHX38,-0.2947069354838706
GMPS,-0.0011397580645157793
IL3RA,-0.014902499999999609
HOXB-AS3,-0.3139184677419351
SERTAD1,0.1544799193548389
CCDC13,-0.03607120967741911
TRAT1,-0.026459758064515948
C12orf74,0.01743395161290322
OGFOD2,0.15555669354838714
POT1-AS1,-0.03525830645161246
FAM110B,-0.10386403225806419
NBEAL1,0.0035132258064524513
MLF1,-0.001749435483871048
CLEC10A,0.16430137096774228
ARHGAP5-AS1,-0.017987177419354333
C2orf83,-0.09330201612903162
NACAD,0.009501854838709838
WWC2-AS2,-0.027908387096773984
TECPR2,0.026817419354838876
MFSD9,0.017553951612903285
TACR1,-0.07829443548387073
DPY19L1P1,0.0033775000000002974
HMGB3P30,0.11206709677419399
ORMDL2,-0.03332491935483869
KIF3C,-0.025591532258064646
PAXIP1-AS2,0.04296717741935484
TBC1D22B,0.10130467741935481
DGKA,-0.004937580645161041
RHD///RHCE,-0.03815588709677403
C1orf168,0.007680322580645526
INPP4B,0.0018694354838712582
EML6,0.0021844354838714128
CLGN,-0.0028295967741931655
C11orf71,0.11984766129032258
OSTM1-AS1,0.03727274193548407
RNF214,0.00942645161290348
DNAJC9-AS1,0.11460000000000028
SPON1,0.025859112903225887
BRI3BP,-0.08662540322580616
FBXO5,-0.0796333064516122
PF4,-0.01381548387096744
LINC01568,-0.1224800806451612
LOC100506286,0.04322685483871
FBXO30,-0.046944516129032075
ADAM32,0.0011077419354842788
TBX18///PMS2P5///PMS2P1,-0.019126612903225145
PLPPR4,-0.048381693548386964
CDC73,-0.05181201612903188
LOC153811,0.006883387096774081
FARSA,-0.009575483870967526
LOC100131895///KRTAP5-7///KRTAP5-6///KRTAP5-5///KRTAP5-4///KRTAP5-3///KRTAP5-8///KRTAP5-9,0.3947134677419356
CHRNA6,0.02314467741935511
C17orf98,-0.02111516129032255
NFIA-AS1,0.14478943548387124
C9orf43,0.03155024193548411
ITGB1BP2,-0.11579508064516075
RND2,-0.002418225806451401
CASP8,0.06677822580645176
COA6,-0.018696129032257845
PPAT,-0.010684112903225379
MED20,-0.004663790322580178
TYK2,0.21569991935483881
ZNF747,-0.033617741935483815
CYP26A1,0.07156790322580647
NELL2,-0.01703129032258016
MORF4L2-AS1,0.014408145161290381
PCDHB10,-0.08128016129032227
MXD3,0.0012789516129033812
MTG2,0.11003814516129026
CPSF1,0.1598000000000002
SORBS3,-0.00965467741935457
C12orf75,-0.0006049193548386287
GPR141,0.028620000000000145
WRAP73,0.03627241935483914
ZW10,0.04897677419354879
HDAC11,0.17960637096774204
SOS1-IT1,-0.5590720161290315
LRRC38,0.05818935483871028
RNFT2,-0.1457434677419349
LOC101928134,0.11371879032258099
ZNF473,-0.11060306451612846
SOAT1,-0.004074032258064474
LINC00889,0.08875322580645192
HAL,-0.03837225806451623
ZBTB2,0.0699512903225809
GNAI1,0.023381612903226233
AXDND1,-0.12929435483870916
NADSYN1,0.03457895161290328
LOC728353,0.13654016129032281
CCDC144NL-AS1,-0.14828427419354778
KIAA1161,-0.1604394354838708
TFAP2A,-0.01773943548387058
HLA-DQA1,-0.00801120967741936
C1orf116,-0.07484072580645082
MGAT3,-0.007999354838709415
MYO18B,0.030246774193548483
C7orf73///SLC13A4,0.3489632258064519
PRO1848,-0.060710645161290176
POU5F1B,-0.18009153225806396
DGCR6L///DGCR6,0.08226225806451647
C21orf62,-0.0035212096774192812
LOC286177,0.02243048387096809
RAB27B,-0.045081370967741924
LOC100130175,-0.023761370967741724
FAM213B,0.004465161290322732
EPHA5,0.057186935483870945
LMAN2L,-0.07564830645161283
ALKBH1,0.04209290322580678
LOC652900///SEZ6L2,-0.23213927419354835
PSENEN,0.05160854838709707
ACACB,-0.0957296774193544
SLC38A7,0.03193322580645177
RCAN2,-0.009060483870967301
KIR3DL2,-0.029281048387096387
TTK,0.015657822580645527
SLC22A16,0.03045653225806466
RPL7P12///RPL7P32///RPL7P24///RPL7P20///RPL7P26///RPL7P23///RPL7P58///RPL7P8///RPL7P48///RPL7,-0.09945266129032233
MSL2,-0.06302129032258039
LDB2,0.043050241935483964
PODN,0.08502951612903284
MYO9B,-0.16833669354838682
APOOL,0.02255951612903271
LOC100131053,-0.043415967741935305
MRPS12,-0.0643137903225802
ANKRD45,-0.1711283064516126
LOC105371708,-0.01624451612903196
LOC100506406,-0.017800080645160987
ADAM7,0.002538387096774378
STON2,0.021024354838709923
ASRGL1,-0.009313145161290247
LOC100130648///SSX2B///SSX3///SSX2,-0.08048338709677395
NPRL3,0.02251032258064531
CRK,-0.07398564516129018
GPR22,-0.018649274193547935
LOC730184,-0.003632983870967634
AQP12B///AQP12A,0.031972580645161314
PLEKHG6,-0.05707129032258028
STUM,-0.05958717741935445
TBXAS1,0.06422814516129073
APPL2,-0.005702419354838558
MFHAS1,-0.010875887096773965
GPX7,-0.0053757258064513055
IGHG1///IGHA1,-0.011206612903225369
GPRIN3,0.015851693548387297
LOC100130349,0.0292905645161292
GUSBP3///SMA5///SMA4,-0.022149758064515638
SNCB,-0.028241774193548033
ZCCHC9,-0.01723524193548344
PDE6D,-0.06624645161290281
DOCK3,-0.02000854838709668
EMILIN2,0.013423790322581087
LOC100129899,0.051666209677419486
GAGE8///GAGE12F///GAGE2A///GAGE2D///GAGE12J///GAGE12G///GAGE2B///GAGE10///GAGE2E///GAGE12I///GAGE7///GAGE6///GAGE5///GAGE4///GAGE3///GAGE2C///GAGE1,-0.40303782258064513
PSMA8,-0.014393225806451339
CCR8,0.046853709677419454
LOC101927523,-0.25344951612903155
TMEM255A,-0.04111379032258047
ENTHD1,-0.1125229032258062
KIAA1107,0.10509854838709726
SLC6A14,-0.10982943548387068
CDKL2,-0.04823217741935462
C15orf31,0.020375645161290652
ESRP2,0.03553314516129065
FABP3P2,-0.016479838709677078
TXK///SFTPB,0.009961693548387994
OR2L13,-0.021372580645161145
TBX10,0.14471717741935497
TYW5,0.04687040322580691
LOC101927411,-0.006657096774193157
PSMD3,0.1677157258064516
SIRT6,-0.03273911290322556
LOC101929153,-0.07919008064516088
MAP3K11,-0.05537322580645156
TEX15,-0.09883677419354815
KCNK10,0.030989999999999965
ADORA1,-0.07608451612903205
RAG1,0.018249274193548597
TRBV16,-0.07785088709677422
ALG10B///ALG10,-0.023957258064515645
LOC644732///ATP7A,0.04151532258064546
SPESP1///NOX5,-0.03948080645161227
CYP4F29P,0.13589314516129083
ZNF85,-0.07613322580645104
KRT23,-0.04630653225806393
CNOT8,0.004412983870967925
DPYD,0.08804419354838727
UVSSA,0.07399830645161291
C19orf60,-0.030947741935483573
TPRG1L,0.21114072580645188
SLC1A1,-0.046683145161290095
WFDC12,0.15575919354838721
NMRAL1,0.0317884677419356
ARG2,-0.10493540322580644
ZNF358,0.016983225806451948
AMBRA1,0.0399481451612904
DPY19L2P2,-0.026458145161289852
RNF25,-0.004326370967741584
LOC646014,0.11676588709677457
CMKLR1,0.02026411290322595
SOCS1,-0.20137298387096741
KRI1,0.02281540322580692
CCEPR,0.033677903225806514
PACRG-AS2,0.06484999999999991
LOC730057,-0.029430806451612532
TMCO3,0.04126895161290333
LOC101926913,0.023263790322581128
SPNS1,-0.033670564516128904
WNT6,-0.03909798387096753
MACROD1,-0.030316370967741986
LOC100131283,-0.026218790322580128
TNFSF8,0.004867016129032663
MGAT4A,-0.058932822580645125
LOC644215,-0.041358790322580115
ACSL5,0.014902500000000263
ST5,0.023903870967742363
GNGT1,-0.06212112903225784
RASIP1,-0.025390322580645323
C1orf74,-0.07076330645161238
DTNB,0.021332338709677733
CCZ1B,0.12273935483870962
SALL1,-0.18184443548387064
LOC642980,-0.09672387096774171
HIST1H2AK,-0.1763814516129028
ALMS1-IT1,-0.11232749999999962
ZNF484,-0.16274749999999955
RPL15P22,0.18820411290322628
OTX2-AS1,-0.0026252419354837247
LOC105369477,-0.05980927419354803
ABCC2,-0.014518629032257636
LOC390933,-0.1426033064516129
NOP9,0.048321048387097235
PCDHB17P,-0.006825806451612584
SAA2,0.05845032258064504
CEP131,-0.13095959677419355
PLEK,0.080035967741936
SRRD,0.21631500000000004
SAP130,0.13978661290322594
TNFRSF11A,-0.010103145161290112
ZNF195,0.00080653225806464
TMTC2,-0.010036209677419153
SERPINB3,0.1300367741935483
RAD51,-0.08805508064516103
MLX,-0.33382685483870944
LINC00486,-0.04309024193548364
LOC728830///CCL3L3///CCL3L1///CCL3,0.011677499999999987
CLPTM1,0.12594000000000014
CENPA,0.020767177419354996
TCAF2,0.09068330645161311
INSC,0.07417532258064531
ADAMTS18,-0.03678701612903183
LOC390998,-0.006908225806451167
OR2H1,0.026974354838710163
TYR,-0.015242177419354679
ID2-AS1,0.0454759677419356
LOC105376805,0.28486056451612923
CCDC87,0.000637096774193836
LOC100131040///TRIM36,-0.18434838709677426
LRIF1,0.12790314516129037
CCL8,-0.1902703225806448
TBC1D8,0.04032798387096774
LOC105375677,0.015397741935484106
DDX28,-0.04580999999999985
NLRC5,0.07419822580645195
ZNF705G,-0.014291048387096845
SPRY4-IT1,-0.038391854838709584
ULBP3,0.03153338709677439
PPARGC1A,-0.030203790322580464
ZNF674///KRBOX4,-0.02825556451612865
PRKCB,-0.051005645161290164
BTRC,0.01597379032258065
SKA2,-0.007917983870967439
CMTM4,0.002073145161290553
LOC644617,0.06541032258064575
NFKBID,0.04002387096774237
POT1,0.03474983870967733
MTTP,-0.16799620967741916
HDC,-0.23339354838709633
LINC01555,0.0026595967741941395
LINC01003,-0.03455419354838703
ZSWIM2,0.03172056451612906
MPV17L2,-0.014617096774193355
SLC25A41,-0.08632620967741919
PTTG2,-0.026984838709677154
LOC100132207,0.06792241935483892
TEX11,-0.16036862903225768
ZFP28,0.016497822580645718
LOC400541,-0.03018580645161264
ALDH1L1,0.04219233870967777
PRR18,0.059095967741935734
DDT,-0.07096629032258048
LOC646268,0.0632736290322582
WEE1,-0.402934838709677
LRRC37A4P,-0.015094596774193718
PEG3,-0.13573096774193527
AGBL5,-0.14507725806451605
LOC654188///LOC643997///LOC440063///PPIAP31///LOC402644///LOC391532///LOC342541///LOC256374///LOC202227///LOC131691///LOC128192///PPIA,0.03390943548387115
SLC12A7,0.18123806451612884
SOCS4,-0.0040528225806449585
LINC01532,0.1464226612903229
SKA1,-0.001105564516128599
RNASEH1,0.01169750000000008
SPATA2L,-0.008353709677418945
MAP3K5,0.00011161290322650279
LOC100130100,0.002285322580645557
NSMCE3,0.04005266129032302
FLJ41455,-0.0511445161290323
ZBTB41,-0.05657258064516071
CALCA,-0.012307419354838603
ID1,0.09560798387096772
C4orf17,-0.2080133870967736
CRYGC,0.18374048387096764
PARN,0.05779000000000049
B4GALT3,0.04455862903225807
GLP1R,-0.1926309677419351
LOC652637///WHAMMP2///WHAMMP3,0.03935556451612918
ARSG///GK3P///GK,-0.11958467741935457
PIGO,-0.03284419354838672
LOC101928820,-0.0289666935483871
SMIM17,-0.02008548387096774
ITPA,0.054492258064516276
RNF128,0.044114838709677875
D21S2090E,0.06550532258064559
SLC7A6OS,0.019059435483871207
VGLL2,0.1721686290322585
SOSTDC1,-0.09903943548387074
CITED2,-0.004996935483870984
CSPG5,-0.06376677419354808
TRIM7,0.01979362903225833
MADD,0.20650491935483886
ACYP2,0.08040096774193578
SPRED3,0.22213629032258098
MCRS1,-0.054151290322580786
EGFLAM-AS2,0.015371129032258648
OVOL1,-0.10943112903225762
TMED6,-0.11006443548387075
HOXB13,0.050083145161290685
PLCL2,-0.10971129032258052
DYRK3,0.02158491935483879
LHFPL4,0.12781725806451627
LINC01560,0.15557935483870952
CORO6,-0.2046208064516128
DDA1,0.061990000000000184
APIP,0.009103870967742376
ZNF57,-0.1449035483870968
FAM83A,-0.02372556451612884
PTPRG,0.09488370967741948
CACNG8,-0.037979516129032095
VRK2,0.01403693548387153
LOC647131,-0.10129540322580624
AATBC,0.002964112903225919
TM9SF4,0.006532983870968005
ZNF335,0.09005298387096794
FOLR2,0.12990653225806448
AUNIP,0.1537322580645164
EFHC2,-0.045334516129031936
OTP,-0.1329665322580647
LINC00397,0.03376137096774247
CST1,0.17879201612903212
FPGS,0.023167499999999945
TECTA,-0.04225427419354806
TNR,-0.01671177419354792
FSIP1,0.024319354838710137
ADGRF3,-0.08124338709677395
TLL2,-0.03519403225806418
ZPLD1,-0.0537004838709676
MAN2B1,-0.01842677419354801
TRPV5,0.03698072580645155
NEIL2,-0.029806612903225393
PRIMA1,-0.15030459677419292
GATA2-AS1,0.055273548387096944
GRIA2,0.00034596774193582005
IGHV4-31///IGHM///IGHG4///IGHG2///IGHG1///IGH,-0.015056532258064852
ANAPC1,0.2013041129032259
HYALP1,-0.024362419354838627
LINC01208,-0.0006333870967736386
POLR2A,0.04564758064516121
LINC01104,-0.008557903225806188
PSCA,0.006613225806452294
HECTD2-AS1,-0.10678733870967702
CHRM3,0.07146870967741946
LOC644135,-0.0834298387096771
LINC00343,0.034472499999999955
SH3D21,0.10748016129032266
RSPH10B2,-0.029864677419354804
CECR5,-0.13779169354838663
ARMC2,0.058573387096774315
NPNT,0.0019507258064514095
DHRS1,-0.02353564516128999
CDH8,-0.015960403225806302
ACP5,0.02126580645161355
ASB14,0.17941975806451615
UG0898H09,0.026847258064516315
FMC1,0.0019867741935484743
OCLM,0.03013604838709726
MIR21,0.07987145161290352
LOC105372779///LOC100128198,0.08468346774193564
PCDHA10,-0.041922338709677195
ZNF709,-0.0006515322580641645
LINC01257,-0.011610725806451247
UNC5C,0.21118572580645154
PATL1,-0.08666911290322538
ELAVL4,-0.018755080645161026
LINC00558,0.12125741935483896
AZGP1P1,0.17365854838709674
GUCA1A,0.012404516129032407
ZNF239,-0.2883533064516126
ATL1,-0.02249806451612898
NFAM1,-0.042539435483870514
POLR3E,-0.01562887096774208
CLMP,-0.08480201612903229
C16orf71,-0.3342825806451613
LOC644669///ANKRD30BL///ANKRD30BP2,0.047880161290322985
MGC16275,0.022516129032258123
GARNL3,-0.03565798387096701
VTCN1,0.08662725806451609
S1PR1,-0.042027338709676926
GPSM3,0.008437983870967787
SREBF2,-0.003790483870967423
ATG4A,-0.07495241935483846
HLA-DQA2///HLA-DQA1,0.013645483870967626
LCN10,-0.15631967741935449
EIF4E3,0.02747572580645228
LIN7A,-0.007072822580644742
HUNK,-0.14468048387096738
LETMD1,0.03936959677419389
ZNF850,0.11441411290322588
ZNF132,0.014061774193548659
PHF13,0.04208604838709672
ABCC3,0.1406045161290326
MATN3,0.04400653225806486
ZNF862,0.06527516129032301
SPSB4,-0.000364838709677141
WNT3,-0.000600080645161264
LOC114224,0.008815564516129595
B3GLCT,-0.07141548387096716
ACSF2,0.024033548387097203
NCR3,0.03585701612903255
LOC728997///ACSL6,0.030474274193548208
SFRP1,-0.048676612903225794
LOC100506368,-0.027189596774193546
C5orf30,0.05094620967741924
LOC729810,-0.015547822580644698
UBE2CP4,0.012340241935484067
SLC36A1,0.0027167741935487503
FBXL16,0.014736290322580888
WDR63,0.00026129032258067047
LOC105376379,-0.009930645161290103
TRMT5,0.022831532258064568
CSTA,-0.01710846774193523
GSDMD,0.12522346774193535
ZNF571,-0.04461274193548346
GPR34,-0.2818670967741934
LOC100134077///ADCY8,-0.024480241935483815
KLF4,0.008971532258064782
KCNJ16,-0.11397838709677394
HAPLN4///TM6SF2,0.19770129032258077
TFAP2B,-0.06526072580645143
BAZ1B,0.05124959677419387
MXRA8,0.0005638709677423745
BHMT,-0.2176164516129028
NXNL2,0.006128467741935512
FBXO10,0.07473330645161343
IL17RA,0.0788571774193552
IGHV4-31///IGHM///IGHG1///IGHD///IGHA1,-0.08033024193548359
EPB41L3,-0.06197790322580611
LINC01231,0.10344056451612932
SSNA1,-0.08581782258064509
P2RY14,0.02223854838709726
FGF4,0.11944572580645184
DAGLA,-0.3065989516129029
PGBD3///ERCC6,-0.034440080645160666
ANAPC7,-0.15070725806451593
DPH3P1,-0.06296024193548364
FCN1,-0.05121766129032242
NUP62CL,-0.04899733870967696
SGPP2,-0.2565642741935481
CPS1,0.010628467741935786
PRND,-0.0392235483870964
TAF5,-0.03203048387096759
CR1,-0.042361693548386876
CAP2,-0.15504338709677357
IPO13,0.13460919354838716
IFNA6,-0.05304693548387072
SRRM3,-0.027734193548387007
TSPAN33,0.006683548387096876
TEP1,-0.052849758064515875
PGM5P1,0.01217137096774269
LOC102724938,0.013999838709677543
SLC26A6,0.3039641129032259
STAT5A,0.01572540322580674
LOC101927278,0.013155080645161644
LOC100134937,0.06516580645161334
LOC100130288,-0.04896564516128965
IFNW1,0.08202499999999989
LONRF3,0.06441741935483924
PTPN1,0.0318608064516127
NLGN4X,-0.022517258064515613
LOC101927869,-0.06956580645161278
RIPPLY2,0.174306774193549
CSRNP2,0.041852661290322654
MAP7D3,0.08259838709677465
MORN4,0.02159709677419411
EPHA4,-0.25682459677419306
PGR,-0.011055564516128949
RARS,0.11156443548387128
PCDHB8,0.027374112903226475
LINC00202-2,-0.17338846774193506
RARRES3,-0.06217032258064511
ATRN,-0.006508629032257926
WFDC2,-0.00849233870967711
MYH1,-0.05498532258064499
ZNF319,0.01396491935483902
BMX,0.1068048387096778
ZFP1,0.005353870967742062
PPFIA2,0.03642580645161308
ITPRIP,-0.2617199999999997
CEP55,0.0017052419354843182
LINC01184,-0.008997822580644903
FAM162B,-0.03577354838709614
PARP14,-0.060556532258064635
GHSR,0.007266048387097213
ROPN1B///ROPN1,-0.049824596774193534
TMEM45B,0.0576339516129033
COBL,-0.002536370967741579
CENPW,-0.015349435483870182
POR,-0.11378435483870963
TRPA1,0.07315080645161334
KCNE3,-0.15360790322580614
HEXA-AS1,-0.10110016129032234
SYNPO2L,-0.020714677419354507
AREG,-0.004136290322580605
HSD17B8,0.15829483870967814
LOC100129444,-0.003244919354838364
CHRM5,0.04437024193548432
TAL1,0.031169435483871206
LOC100133660,-0.024057338709677068
KIR2DL4,0.021413467741935827
CFAP44,0.02673225806451638
BCL9,-0.012418951612902877
ZC2HC1B,0.02903806451612921
ZNF551,-0.030319193548386844
C14orf93,0.009625645161290757
MTMR7,-0.014301129032257802
PEX2,0.01834903225806472
CIB2,0.07222903225806453
LOC101928389,-0.007850322580645183
HSPD1P4///HSPD1,-0.026465967741934777
FASLG,0.006335241935484322
CASC23,0.0715586290322584
ZNF112,-0.04141669354838652
KCNQ1OT1,-0.0771473387096771
SMARCC1,-0.04249879032258051
FLJ12825,0.004646370967742062
PRRG3,-0.016932177419354585
RPL7P12///RPL7P24///RPL7P20///RPL7P26///RPL7P23///RPL7P8///RPL7P48///RPL7,0.006526129032258021
KLHL11,0.04879758064516141
PIH2,0.04679467741935533
ELOVL7,0.04670000000000034
HLA-DRB5///HLA-DPB1,0.00621887096774245
EGFLAM-AS4,0.025819112903226367
C16orf54,-0.08456064516129003
FAM95B1///CYP4F59P///LOC644587///FAM95A,7.733870967789602e-05
PATE1,0.016935725806451536
B3GALT1,0.04244362903225806
FLJ41278///TBC1D30,0.007367338709677861
SOD3,0.7193998387096773
SMG7-AS1,-0.12864177419354808
PLA2G7,-0.014046612903225543
RBFOX1,-0.030959677419354507
LARS2,0.099351935483871
MMP20,0.028551532258065046
MEPCE,0.1769911290322584
TMEM221,-0.0748733064516127
LINC01186,0.0010618548387101197
MIDN,0.020380887096774488
ANKHD1///EIF4EBP3,-0.03338314516128991
FBRS,-0.08592290322580583
TOLLIP,0.08211153225806457
TPPP,-0.07942959677419333
UGT2B17,0.07330701612903252
LOC644620,0.018487741935483994
SLC52A1,0.039656612903225995
TTTY7,-0.21074862903225774
DUOXA1,-0.020540967741935156
C1GALT1C1L,0.01203564516129059
LOC100131540///SHC3,0.054262983870968104
ADH1C,-0.0686438709677417
RAB35,0.07914088709677426
SLC8A1-AS1,-0.11635491935483858
OR1J4,0.0031098387096776476
LOC728613,-0.025797096774193062
CSN1S1,-0.044402338709676886
LOC100130503///ARPP21,0.05272991935483897
TOX2,-0.010161129032257805
ALAS1,0.002356129032258389
KCNJ6,0.08559741935483883
FGL2,0.010626209677419627
LOC401324,-0.0193196774193546
SLC3A1,0.026140241935484067
LINC00844,-0.04207443548387087
MAP7D1,0.04578774193548395
RNF152,-0.05204991935483842
LOC440871///IGK///IGKV3-20///IGKV3D-11///IGKV3D-15///IGKC,-0.06326822580645121
HERC2P1,-0.08240580645161263
MUC7,0.09605943548387107
EGFLAM,-0.10730096774193527
LOC101927870,0.09200596774193562
LINC00403,-0.0741049999999995
SELO,0.1492806451612903
HOMER2,0.07755935483870999
CYLC1,0.16071354838709662
LOC401098,0.006040645161290439
LINC00896,0.010703951612903129
RDH5,-0.01858725806451614
PFKFB2,-0.0067685483870965745
FAR2P1,0.03729846774193593
SHE,0.058769112903226194
PC,0.03364491935483902
TSHZ1,-0.04211766129032234
DIAPH3,-0.00465491935483843
LOC101928418,-0.05382185483870966
TERB1,0.026105564516129467
FAM85A,0.059285322580645616
C2orf73,-0.023735403225806005
CALML6,-0.035454596774192985
DNM1P35,0.04107491935483899
C5orf49,0.007794193548387564
LOC729224,-0.23058935483870918
PIGZ,-0.13973387096774156
CAMKK2,0.0885597580645165
BARD1,-0.02848266129032232
RFXAP,-0.23895016129032218
CERS6,0.010657822580645489
WDR55,-0.15072588709677376
METTL23,-0.0033349999999994382
ZKSCAN4,0.003250645161290487
LOC613037,0.05746677419354884
G6PC,0.012765725806452159
TESPA1,0.023966209677419765
STS,-0.06614943548387087
LRRD1,0.0070298387096774904
MPZ,-0.06041072580645136
ANO4,0.03418024193548408
VPS25,0.008715322580645116
PPM1D,0.034137338709677556
INSM1,-0.06372153225806426
FGF7P3,0.08961411290322611
EGLN2,-0.023696935483870876
PRR5-ARHGAP8///PRR5,-0.06715362903225772
SARM1,-0.09615451612903186
PGAP2,0.03191516129032261
GHET1,-0.0748010483870969
LINC01600,0.04172096774193573
JAKMIP3,0.0016698387096779118
GTF3C2,0.017102903225806734
PARP9,0.03199870967741963
CA4,-0.21144419354838667
LOC100131402,-0.007899596774193225
LOC727901///VWA1,-0.008324999999999728
NCAPH2,0.15112596774193568
TMEM218,-0.2272548387096769
GPR83,0.010384112903226134
ATP6V1E2,-0.010398145161289809
PROX1-AS1,-0.006366370967741709
DDX19A///DDX19B,0.06031516129032282
MIR34AHG,-0.014838145161289899
LOC101929147,-0.12801733870967724
MRPS16,0.06374604838709713
MAL2,-0.022829274193547966
SPRYD7,-0.012614677419354216
ACOT1///ACOT2,-0.005153870967741763
MNS1,-0.019211290322580638
MSC-AS1,0.07381854838709687
MAPK8IP2,0.11225862903225899
FUT6///FUT5///FUT3,0.0017993548387095354
TMEM213,-0.0011329838709677952
STK24-AS1,0.16728443548387126
SLC6A11,-0.006804032258064394
NUP210,-0.24687306451612895
ZNF93,-0.0732092741935479
CTNS,-0.23008282258064527
C2orf50,-0.02721032258064531
HNF4G,-0.02164137096774161
MGC12935,0.04899911290322581
EGR3,0.04609919354838715
ABCA8,-0.16468032258064477
PAK1,-0.0317737096774188
LOC100132552///HGD,0.05229572580645157
CRH,-0.015142419354838163
MGMT,-0.030532338709677437
RPS6KC1,-0.012415483870967248
MED19,0.04851887096774213
TDRD6,-0.0002090322580645572
TRAF3IP1,-0.012398790322580289
ADAM15,-0.0009620967741933739
SCRN2,0.014275241935484316
PFN4,0.07263177419354845
VGLL1,-0.25077370967741885
KRT4,-0.10230983870967712
IL34,-0.07380556451612838
LOC440934,0.014091693548387314
BRMS1,-0.006347338709677033
A4GNT,-0.0223443548387093
SH3TC2,0.011680725806451967
LOC101927282,-0.074338387096774
CLSTN3,-0.08831201612903193
CA8,-0.002787096774193136
ZKSCAN5,0.02235403225806467
TPPP2,-0.043936774193548474
LOC101926984,-0.05201056451612886
CD163L1,-0.09885249999999941
CCNK,-0.11563129032258053
SPRR2B,-0.08776588709677391
POLD1,-0.05260112903225782
BRPF1,-0.09530016129032226
MOGAT2,-0.046375887096773975
GFRA2,0.05891814516129007
PCDHGC5,-0.02204927419354815
ZNF254,-0.03763983870967703
GAB3,-0.04379774193548334
FAM71B,-0.2324078225806448
EN2,0.008258387096774471
SYP,-0.08418508064516105
EPS15P1,-0.11506516129032236
KCTD16,-0.009321048387096801
LMO3,-0.008618306451612434
NUFIP1,-0.029923387096773828
SPATA2,0.03208911290322626
OSTCP1,0.11254056451612897
FHDC1,-0.13697233870967696
GIPR,-0.005976209677418461
ESRP2///NFATC3,-0.0032419354838704147
PPAN,0.044127096774193846
NSUN7,0.06221250000000038
GRIA1,0.0158075806451616
NTRK3,-0.19662879032258024
SLC7A7,-0.0003172580645161903
ZER1,-0.08684088709677383
TOB1-AS1,-0.16018879032258063
SLC52A2,0.18957298387096774
KIF20B,-0.01483629032258019
SGCZ,0.023757096774194207
LOC100130547///CYSRT1,-0.044586693548386534
CEBPA-AS1,0.015955161290323032
RGL4,0.023522258064516507
HEATR4,0.022717258064516698
EYA1,-0.05209483870967695
DNMT3B,-0.023188548387096324
LOC101929312,-0.05741967741935467
LOC101927839,0.10681911290322617
HLA-DMB,-0.10437774193548385
FMNL3,0.03042056451612937
RAB5C,-0.01806532258064501
TTC39A,-0.03074911290322543
PPP1R9A,-0.11110540322580627
TRAPPC8,-0.005685645161289964
TREML3P,0.09528040322580703
MMP2,-0.03644749999999945
CCL15///CCL14,-0.03922379032258037
PHF5A,-0.021820322580644907
IFI35,0.09580822580645199
RFC3,-0.061168870967741706
ZDHHC1,-0.043087500000000126
S100A11P1///S100A11,-7.620967741911282e-05
C8orf48,-0.057989758064515826
FAM218A,-0.003233225806451281
RGMB,0.04707951612903234
TSHB,-0.25948290322580614
CSNK1G2,0.04674516129032307
CCP110,0.04242629032258079
ALPI,-0.12814169354838661
KSR2,-0.06169459677419303
EEPD1,0.00028524193548412277
ZKSCAN7,0.09109282258064552
STRIP2,0.0016109677419354727
RIMS2,0.014097661290323105
CRKL,-0.013148870967741562
PRKY///PRKX,0.07658250000000008
ZNF75A,-0.016159919354838362
TP53TG3HP,-0.117150322580645
KRTAP9-4///KRTAP9-9,-0.03890282258064477
SERPINB13,-0.09363782258064463
UHMK1,-0.019304838709677072
IFNA21,-0.2894558870967737
BCL2L15,0.04250508064516134
CCDC138,-0.005327580645161119
LRTOMT,0.02026500000000016
SORCS1,-0.06422451612903225
PROM1,0.0945517741935484
LOC729652,-0.05971475806451583
LOC100134331///LOC100133862///LOC642131///IGHV4-31///IGHM///IGHG4///IGHG3///IGHG1///IGHD///IGHA1///IGH,0.04192701612903249
CDK15,-0.4259508064516126
TRIM26,-0.06887846774193478
METTL6,-0.007436854838708838
LILRA3,-0.05528911290322561
TRAV12-2,0.02337395161290373
TTTY15,0.0032331451612906646
INPP5E,0.0006750000000003004
PNMT,-0.07231588709677408
DBNL,0.13631411290322576
HRH1,-0.05693217741935447
OSBPL11,0.054152016129032345
COMMD4,-0.013621693548386554
C9orf135,0.06093564516129031
MARCH9,-0.18986959677419304
ZSCAN16-AS1,-0.16030677419354816
SMIM4,0.010962016129032337
THNSL2,0.0018943548387100745
AMELX,-0.12240564516129027
TJAP1,-0.0902041129032256
FAT3,0.035489032258065045
UPK3B,0.004570403225806447
GSTA1,-0.01600717741935441
PIK3C2G,0.028208951612903432
B3GALT2,-0.043105080645161116
NFASC,0.05070975806451672
SAMHD1,-0.0249802419354835
RPS10P9///RPS10P4///RPS10P13///RPS10P22///RPS10P11///RPS10P29///RPS10P3///RPS10,-0.08682709677419317
CYP11B1,-0.03235338709677393
SPX,0.01740806451612916
FRG1HP,0.048462177419355185
MBD3L1,0.010866532258064589
NEK9,0.030229435483871036
SYT11,-0.017003790322580262
UBE2NL,0.023076048387097085
LOC100131655,-0.14617661290322514
AIF1L,0.024357580645161435
TCAM1P,-0.25745556451612855
CDH12,0.014146129032258259
PHB,0.041068709677419685
RIOK1,0.09362604838709676
NHSL2,-0.00872282258064516
AMN,0.09896927419354865
LOC101929718,0.022230241935484382
SLC25A39,-0.05481637096774132
GSDMC,-0.16104209677419334
ALDH5A1,0.01909064516129065
ARL2BP,0.011513790322581338
ZNF641,0.013708306451613125
MYCL,-0.02927338709677427
SALL4,0.0003125806451616184
TMEM132B,-0.11057177419354816
IL12B,0.0009554032258069509
ACP6,-0.19953572580645118
RXFP1,-0.014206129032257783
LOC105369507,-0.08504354838709662
TMTC4,0.00017572580645190618
PTTG3P///PTTG2///PTTG1,-0.15920725806451577
RBM33,-0.22982709677419288
HIST1H2BH,-0.06052362903225782
STRADB,0.007146935483871235
MATN4,-0.03214903225806462
LOC100133918///NCOR1P1///NCOR1,-0.03423685483870918
LOC100132784///LOC100132357,-0.15082048387096728
DRAM2,0.0076476612903227095
C10orf128,-0.003704677419354504
MBD5,0.0069001612903229394
CDH22,-0.001080887096773943
HNRNPA1L2,-0.03726008064516123
NOVA2,-0.17109379032258004
RARG,-0.003015161290322121
PRR16,0.00875177419354884
PAQR4,0.024952016129032747
SSTR1,-0.021520645161289636
VAV1,-0.02664951612903218
PRR34,-0.14863451612903208
C19orf25,-0.20637717741935457
PITX2,-0.01745387096774159
C7,0.06295475806451642
LIME1,0.042061129032258435
GLIPR2,0.03129959677419385
HYLS1,-0.08942717741935466
OCR1,-0.0742730645161283
LOC100130100///LOC652493///LOC650405///LOC647506///IGKV1-5///IGKC,-0.17611556451612864
HIST1H2BD,0.1883179838709679
LOC286059,0.01827951612903231
ADH6,-0.014960967741935245
E4F1,0.06653814516129014
LOC200609,-0.017616935483871034
RNF26,0.02631564516129052
LOC284788,0.050130645161290566
ADRB1,0.03911959677419383
LOC101928273,-0.13222193548387057
LOC729143,-0.006356532258064223
SLC35F6,0.008306048387097257
SLC7A13,-0.015480161290322196
LOC100129406,-0.03609798387096753
PLTP,0.1482900806451616
STK17B,-0.1933524193548383
TTLL7,-0.010710322580645075
LINC01580,0.05126661290322618
PRKD1,0.036277419354838886
MYOZ3,-0.08847572580645166
SUGT1P3,-0.07687129032257994
TMPRSS5,0.12432338709677447
TLR8-AS1,-0.15101411290322542
ESYT3,-0.007593951612902517
NLGN2,-0.009787580645160821
DKFZP434A062,0.040422177419355415
KDM4D,-0.03139911290322569
LOC101929657,-0.05286282258064481
LOC729324,-0.020747258064515883
OTULIN,-0.0763038709677417
DPP10-AS1,-0.22462588709677422
UNGP2,0.06920161290322595
PAX4,-0.05361661290322551
MIXL1,-0.02148790322580632
RNF212,0.019146048387096964
TMEM68,0.02056088709677426
ANO8,0.0012820161290321378
LINC00347,-0.006948145161289929
RPL23AP82///RPL23AP7,-0.2576155645161283
LRRN3,-0.015360806451612884
TPSG1,0.038247983870967804
IFIT3,0.06420306451612932
MOB3C,-0.04268790322580604
NR4A1,0.05861637096774213
FERMT1,-0.0018537903225801927
RNPC3///AMY2B,0.054380725806451743
LIX1,-0.2763584677419347
RIT2,-0.18087370967741936
LOC100132798,0.003113225806451854
LOC100133019,0.046231612903226096
ASIC2,-0.06520895161290267
CSMD2,0.0028357258064516597
STXBP2,0.04194540322580674
LOC440896,-0.04306774193548327
GOT1,-0.05722661290322555
TTC29,-0.06504459677419328
ETFBKMT,0.02372830645161341
RSPH1,0.01896266129032268
NT5C3B,0.011372661290322723
FAM217A,0.033273064516129006
IGSF8,-0.0567179032258061
TGFBRAP1,-0.03534943548387097
MAP2,-0.012976209677419043
ZNF563,-0.08712282258064494
MIR155HG,-0.011751048387096279
AFF2,0.014375967741935657
MYOM3,0.12898620967741986
FLRT3,0.12821177419354846
TMEM203,-0.0307905645161289
LOC339978,-0.05369338709677375
LOC349160,-0.00027959677419326853
KLHL1,-0.01267274193548358
JMY,-0.0018445967741931063
HOXC-AS3,0.020592096774193512
FNDC4,0.24067258064516162
FAM46C,-0.013677822580644643
PPP2R5D,0.07029846774193577
LOXHD1,-0.03483419354838671
CENPF,-0.1010513709677415
GPR135,0.03462032258064556
EPHA2,-0.00570749999999944
LINC00622,0.2411181451612905
MED25,0.1301149193548389
MCTP1,0.024245322580645226
ACOX3,0.005219354838710089
PERM1,-0.032503548387096654
CRCP,0.1391734677419358
GUSBP1,-0.03413943548387041
TIGD1,0.16667346774193553
LINC01227,0.02030379032258089
ALS2CR12,0.03189000000000057
RASGRP2,-0.07536677419354824
SCN1A,-0.1518343548387091
OSR2,0.05142362903225843
PTGER1,0.0021762903225812855
LOC286087,0.038986774193548915
FGA,-0.19777846774193536
LOC285389,-0.031456532258063885
LINC01297,-0.09156080645161266
RBMX2,-0.0010821774193544454
METTL4,0.08478040322580682
MIPEP,0.023495564516129247
NANP,0.05509104838709666
ADRB3,0.10131258064516191
TRIM28,0.1033200806451613
TCP10,-0.0780690322580642
CLN6,0.13022879032258058
MYL9,-0.00981774193548365
GYS1,-0.16100596774193537
ENPP4,0.019114112903225802
LINC00536,0.010161854838709988
E2F4,0.1079605645161294
LOC105377105,-0.03121766129032192
LINC01088,-0.02943427419354809
SYNPR,0.11825129032258076
STAM-AS1,0.01696112903225839
CCDC124,0.11321596774193568
LOC100128239,0.07505225806451656
C7orf31,-0.22159879032258017
COL5A3,-0.08465112903225795
MFAP2,-0.06758564516128976
VNN3,0.1481170967741937
TAAR1,0.03879774193548425
IRF5,0.12647104838709694
RUNDC1,-0.052907741935483255
FRMD7,0.046533709677419814
MGC34796,0.10931072580645182
KDM1B,-0.0073380645161288645
CLTB,0.1732070161290325
LINC00917,0.11564193548387129
LOC100506497,-0.12799322580645137
SLC13A2,-0.005348064516128826
KDM1A,0.033103548387096754
IFNAR1,-0.005192580645160923
IKBKE,0.06919508064516147
CARD16///CASP1,0.059051290322581135
PTPRB,-0.01641620967741919
MDS2,-0.04456959677419282
PSAPL1,-0.08779387096774172
ZNF479,0.006968467741935941
ASB17,0.009750161290322783
LINC01209,-0.022884677419354696
TAS2R50,-0.26367911290322543
LOC100505609,-0.03298362903225803
LHX8,0.052877822580645314
LOC100132735,0.01245903225806472
KCNA5,-0.13432120967741878
C19orf45,0.13618822580645226
LOC731157,-0.02382016129032221
ERICH3,-0.007473951612902877
PSD4,0.1465915322580647
ZNF366,0.03803596774193593
LAGE3,0.09115862903225815
UGT2A1,-0.08587572580645106
RAB3D,-0.03199379032258068
ITK,0.1245726612903231
CLHC1,-0.0693451612903223
LOC100134089///PPP2R3B,-0.21389790322580596
MIEF2,0.05777395161290355
LL22NC03-63E9.3,0.04056612903225801
ARHGEF38,0.00822935483870973
TP73,-0.034394032258064325
CCDC74B///CCDC74A,0.15310911290322632
LINC00326,0.012102338709678069
CSTF1,0.06376766129032276
LOC152225,-0.01680282258064478
SLC16A9,0.1268008870967745
IRF4,-0.023136209677419455
RANGAP1,0.015592983870967792
LOC100506730,0.012295967741936094
SEC23IP,-0.10440758064516091
PRH1-TAS2R14///PRH1,0.030877580645161384
LOC100507642,0.06949185483870977
CELF4,-0.09785201612903206
SFRP5,0.3747341129032257
SCARNA17,0.13803516129032273
CLDN9,0.1719969354838706
SFXN4,-0.06952185483870921
GUCY2F,0.004331774193548136
GNRHR2,0.005381935483871324
LOC283177,-0.3215724999999995
ATP6V0B,0.020919274193548738
LOC105374366,-0.2674610483870966
CFC1B///CFC1,0.03388887096774221
FAM107A,0.3021275806451615
LOC727916,-0.018442499999999275
GLIS1,-0.09674870967741903
DHX8,-0.013898790322580578
LINC01111,-0.02349669354838673
LOC101928751,0.12540435483871007
LOC100507557,-0.16641782258064527
FAM171A1,0.0018137096774195614
TIMM22,-0.09145895161290284
ESAM,0.01686403225806488
CROCCP3,-0.05322572580645146
ATG13,0.09360467741935485
ARID4A,0.03340927419354851
LINC00276,0.13630830645161307
NSG1///GPS2,0.2242851612903225
LOC286238,0.019136370967742195
LOC399900,-0.031031290322580445
IGF2BP1,-0.07060379032258035
SMG1P5,-0.14502249999999955
OLR1,-0.052458387096773744
ADAT3,-0.04531322580645153
FCRL1,-0.2315750806451608
KIF22,0.012051129032258225
RTTN,0.09329298387096804
DCAF11,0.002109435483871164
CYP3A4,-0.0965618548387097
RNF121,0.03903572580645177
SSC5D,0.259478548387097
PRKACG,-0.05327879032258031
LOC100130987///RAD9A,-0.052871854838709084
LOC643194,-0.048489999999999735
STX10,0.25353056451612926
TTLL3///ARPC4,0.0797253225806456
TSPAN7,-0.01713540322580632
ANO2,-0.029928064516128547
ADAM20,-0.1462845967741931
PLG,0.03299548387096823
LOC728105///LOC643670///LINC01000,0.08563717741935488
LOC100129562,-0.00945524193548369
SERPINH1,0.007792822580645352
CCDC66,0.12663467741935533
FMN1,-0.03390362903225764
ANKS4B,-0.10568806451612878
SNTN,0.02012403225806498
TNFRSF1B,0.014822338709677706
PRR5L,0.09394104838709678
LMTK3,-0.08569451612903167
OPRK1,-0.25347943548387064
NKD1,0.08820330645161281
PCNT,-0.027164838709677126
MFSD7,0.13052677419354888
CCDC112,0.03361120967742004
GPR87,-0.01612846774193523
CYP4A22,-0.04211790322580622
IFNL3,0.02823346774193604
PSTPIP2,-0.13688758064516085
NRF1,-1.725806451578901e-05
GPR173,0.05317661290322594
ZNF880,0.014715564516129556
LINC01007,0.054572983870968365
LINC00528,-0.042566370967741594
LOC105376292,0.03677838709677471
RASSF5,-0.013920403225806437
SLC48A1,-0.005375483870967571
SNX20,-0.02803064516129017
TMEM189///UBE2V1,-0.06472725806451571
TMEM268,0.013708709677419668
NPSA,0.0027279838709678914
ENTPD5,-0.009896774193548216
ALKBH7,0.0709302419354843
TADA1,0.14457879032258103
NDUFA11///FUT5,-0.001207419354838701
TEK,-0.00365249999999993
PQLC2L,0.08610056451612946
ATP7B,-0.0026343548387091145
TBC1D14,-0.03682370967741938
ZDHHC18,0.019983387096774472
RPLP2P1,-0.033889112903225535
HOXD10,-0.010527741935483444
EFCAB5,-0.1757646774193543
TSEN15,-0.0028554838709677396
MS4A12,-0.2482055645161285
PGAM2,0.06871000000000047
GADL1,-0.04193927419354811
TARBP1,-0.00704999999999994
ZNF235,0.007664838709677513
PHF7,0.018104354838710066
TAF7L,-0.17309854838709604
PRR4///PRH2///PRH1///PRB4///PRB1,-0.15923241935483867
EID3,-0.015174193548386925
ADAMTS4,0.17727750000000042
FLJ26850,-0.1338505645161289
UPP1,-0.05093338709677357
AMT,0.012435000000000154
FAM27C,0.018007580645161538
CFHR3///CFHR4,-0.08907669354838683
NOD2,-0.05156629032258071
CCDC169///SOHLH2,0.09100387096774243
PCDH9,0.009338790322581038
CHAC2,0.030504516129032586
ZBED3-AS1,0.07016145161290362
GRIN2B,0.09419129032258092
PUS7L,0.05807096774193548
SLC35B2,0.04360209677419408
GATA4,-0.18036943548387097
CABS1,0.024481209677419517
TRIM71,-0.018402338709677307
NOL12,0.10941500000000035
NANOS1,0.0867313709677418
LILRP2,0.041704919354838915
IL1A,-0.04774701612903176
ARL16,0.07274475806451669
SLC26A4-AS1,-0.26418693548387057
TRMT10A,-0.009756774193547875
APOE,0.07635080645161324
ADGRF4,-0.10423096774193531
LOC646762,-0.14569056451612888
LOC101929224,0.04219620967741969
RPL7L1///WAC-AS1,0.016330403225806735
TMEM163,0.05092217741935508
NPIPB4,0.003267580645161367
LOC283484,-0.14710306451612865
THAP7,0.08294572580645175
LOC100130648///SSX2B///SSX2,0.04890741935483925
HPYR1,-0.12394112903225761
CCDC160,-0.005250806451612614
TCHP,0.19996000000000028
LOC100128727,0.029354516129032802
ZNRF4,-0.06195766129032253
ARHGEF16,-0.04338774193548327
DSCAM,-0.009530564516128518
KREMEN1,-0.057504596774193104
ZNF10,-0.12345330645161265
C6orf118,0.006352500000000088
SLCO2A1,0.030121290322580898
HS6ST1,0.006705161290322765
SLC7A5,0.13191145161290327
ERFE,0.044350322580645564
MARCH3,-0.00014709677419300613
SLC19A3,0.05259927419354865
CADPS2,-0.012550241935483177
CYB561D2,0.012340403225806762
OR1E1,-0.007960645161289807
LOC105375075,-0.021654193548386984
LOC102723694,0.0355354032258068
EMILIN1,0.03692620967741936
CALM2,0.03941677419354847
RFT1,-0.00501443548387064
PLPP6,0.010770967741935615
MYT1L,0.04630532258064545
HOXA-AS2,-0.09416903225806397
ADGRD1,-0.11717322580645168
PTMS,0.04056266129032283
FBLIM1,-0.006573145161290029
HRK,-0.037929112903225454
LOC285819,-0.0636651612903224
LYPD6B,-0.08090612903225786
CD99P1,0.104946612903226
PLS1,0.07407467741935496
SPAG5,0.01116169354838731
KLK10,-0.023614516129032113
LRSAM1,0.18404370967741987
FBXL19-AS1,0.013110887096774477
RNF115,-0.4122414516129023
PP14571,-0.0057450806451610735
ZC3H12B,-0.07623540322580616
FOXS1,0.11882024193548395
NCDN,0.0019059677419356316
TEX22,-0.03245604838709664
ART4,0.07848564516129089
CCDC26,-0.06342741935483844
LOC100288860,0.021393145161291042
LOC729680,-0.029947500000000148
LINC00029,-0.04612830645161246
BTBD8,0.049236048387097144
PCDHB6,-0.07003314516129043
SLC28A1,0.08150024193548422
SLC15A4,-0.05922620967741893
FAM20A,-0.15408983870967724
USP27X,0.0012160483870971754
C22orf29,-0.05440032258064494
NRG3,-0.17659258064516092
C19orf47,0.06305879032258124
THRA1/BTR,0.01496443548387135
FCMR,0.10019104838709668
RNASE6,-0.03274709677419307
MSL1,-0.05067516129032261
ZCCHC13,0.08486120967742006
SEMA3F,-0.0017458870967739628
OPCML,-0.006394999999999675
CAMK2G,0.08641387096774186
LRRC75B,-0.08211362903225819
BTBD11,0.10431088709677397
XAGE1B///XAGE1E,-0.03704040322580643
LOC653071,0.001548064516129404
PRICKLE2-AS3,-0.11960201612903176
IL17F,0.006252177419355362
APEX1,0.003819677419355117
KIAA1958,-0.028852338709677013
PCDH8,0.03429935483870972
FBXL21,-0.013734758064515462
LOC100132319,-0.07294435483870917
MATN1-AS1,0.001133467741935748
ITGB4,-0.2964140322580641
B3GAT3,-0.04070419354838657
POLD2,0.024245887096773902
ACER2,0.020129596774193976
LOC286052,-0.006325322580644752
LOC286178,-0.043793225806451334
C14orf113,0.045221048387097104
ZNF530,0.05018225806451628
NRSN2,-0.12940346774193506
SCYL3,0.055289193548387155
LOC105370943,0.03274701612903232
RPGRIP1L,-0.1428869354838708
EARS2,0.14040290322580656
ZNF257,0.0013041935483875475
EQTN,0.024683387096774208
CACNB1,-0.02752346774193552
LSM14B,0.0081158064516132
CERS1,0.09325887096774191
KIFC1,0.006101774193548597
CDH10,0.12155338709677442
CEP170P1///CEP170,-0.1441758870967737
LOC100128434,0.01843798387096816
C1orf186,0.06165879032258091
SP3P,-0.015378629032258166
ZNF589,0.039698870967742064
FAM133A,-0.03768596774193505
PNMA3,0.018613870967742
OR4C1P,-0.05113040322580613
AADACP1,-0.380464838709677
TNFSF12,-0.49360354838709664
SLC11A1,-0.10552040322580584
ETV3,0.09140709677419395
TMEM40,-0.13816725806451557
MED27,0.038993467741935975
THSD4,-0.015490241935483724
MIRLET7DHG,0.08245959677419355
ABCA11P,-0.1205073387096773
SPANXA2-OT1,0.014463548387096965
CMIP,-0.026113790322580623
MCPH1,0.041358467741935565
USP27X-AS1,-0.01340443548387078
BRK1,-0.004006209677418861
CXCR6,0.00338733870967762
NANOS3,-0.04652080645161276
LINC00588,0.08645774193548397
SNHG24,-0.023436693548386817
DGCR10,0.03231298387096816
NCAPH,0.005930564516129622
LOC283454,0.01752056451612935
GNG4,-0.22622137096774161
CCZ1B///CCZ1,0.024169274193548702
HSPA4L,0.023964596774193995
LINC00853,0.002383225806451987
CHRDL1,0.15667056451612915
FAM174B,0.04677330645161307
TRIM52,-0.039334112903225485
GABRA5,-0.06739080645161227
IGLV2-14///IGLC2///IGL,0.11199564516129033
LOC730034,-0.005850967741935586
AREL1,-0.004827096774193107
PLAGL2,0.005251290322580637
GNL3LP1///ERCC8,-0.01595846774193503
ZC3HAV1L,-0.07341395161290301
TNNT2,-0.08600838709677391
ADRA1A,-0.19038322580645128
BUB1B,-0.15874112903225818
TNFSF18,-0.021082338709677163
MICALCL,-0.012732499999999413
FOXC2,0.03772830645161326
CASP1,0.006615322580645707
SERPINB5,-0.020463790322580472
MUC3,0.018140483870967953
OR1Q1,-0.27069475806451593
DTX4,0.06979830645161296
OVGP1,0.201679919354839
C22orf34,-0.14395895161290276
NKIRAS2,0.1827575000000005
SMG5,-0.0062674999999997
MRO,-0.030694516129032165
EGFL7,0.0669145161290326
FLJ31356,-0.07594040322580635
LOC100131720///CC2D2B,-0.1819128225806451
CNTN1,0.07945532258064503
ALOX5,0.008692661290322761
C10orf53,-0.343196451612903
ORC5,0.030742983870968025
DSCR4,-0.07893669354838685
MYH11,-0.11440298387096744
INPP5D,-0.09713749999999959
LOC100133409///ACTR3B,-0.01612806451612847
TMEM86A,-0.11263782258064481
ARHGEF39,0.023939032258064555
IL4R,-0.1341211290322576
TRIB3,0.13178774193548384
LINC00950,-0.02957766129032221
LOC101929261,-0.22681403225806424
SP110,-0.0251677419354839
PPP1R13B,-0.10785387096774134
ASCC2,0.1286537096774197
LOC338694,-0.061194274193548025
PIFO,0.0026466935483876065
LOC389328,-0.10594290322580643
ADAMTS3,-0.018122016129032192
LOC100127998///SNTG1,-0.11854838709677372
SERPINB7,-0.04788459677419353
TFE3,-0.09031056451612841
ZNF599,0.003547983870968048
MYT1,0.025313225806451685
LOC100130992,0.0018916129032261835
SDF2,0.00019830645161332365
CTAGE5,-0.022992096774193036
TNRC6C-AS1,-0.15676080645161256
LGI1,-0.03457532258064492
MB21D1,-0.12295862903225727
RUSC2,0.026174596774193957
CNN1,-0.04632080645161266
TSC22D4,0.13939645161290365
CDRT4,-0.034686532258064215
LOC100128729///LOC731082///TLK2,0.056698306451612876
DPM2,0.023524274193548727
PHACTR2-AS1,-0.015986451612902783
C11orf96,0.15808395161290356
PRMT8,-0.028231129032257607
WDTC1,0.027500564516129346
IRGM,-0.02705395161290252
CNPY1,-0.18537806451612882
NPY4R,-0.23014508064516093
EPHB2,0.011293145161290248
LINC01410,0.00032072580645174073
LOC100505534,0.03221927419354847
HRCT1,0.09052008064516164
DPP10,-0.05194233870967709
LINC01133,-0.00569725806451591
LOC729461,-0.04078169354838689
SEC14L3,0.026087983870967744
PSD2,-0.16230540322580628
LOC100129175,0.04103314516129045
CHFR,-0.01146306451612899
ZNF134,0.031187741935483793
LINC01242,-0.038927903225805915
GAS2,0.005525000000000086
ZNF540,-0.003776935483870649
CFAP206,-0.07915766129032255
ATP2C2,0.058306532258064814
LOC389641,0.020991935483871065
LOC100128309,-0.018567580645161147
MIR663AHG,-0.15118532258064485
RBM4B,0.1526718548387096
LOC101929133,-0.059873225806450873
LINC00879,-0.035428790322580506
MFSD2A,-0.035678790322580645
CLSPN,-0.035842096774192964
CORIN,0.005736129032258482
FTHL17,0.012125161290323072
EVPL,-0.13087298387096774
LOC727933,-0.025793548387096576
SNHG4,-0.24507814516129012
LOC107984534,-0.16220838709677396
TRIM45,0.06967524193548405
PRO2958,-0.009571290322580271
SOX30,0.000841774193548606
KIAA0141,0.041036048387097214
APOA4,-0.04095459677419343
ESX1,-0.12329274193548376
CCM2L,0.04354201612903271
PCED1B-AS1,-0.1093974193548384
EXO1,0.007998467741935793
CYP11B2///CYP11B1,0.10387225806451666
MANBAL,-0.014259193548386747
LOC285000,-0.13056314516128986
ST7-OT4,-0.026807499999999776
TRAF3IP2-AS1,0.11974532258064523
HDAC4,0.11405250000000033
LOC441242,-0.16150862903225777
ZNF225,0.055922338709677846
RPS6KA6,0.02724685483870975
LOC101928047,0.07269612903225836
SPAG17,0.025256451612903467
PRICKLE2,0.14225846774193576
MTFR2,0.008120080645161464
MROH8,-0.00021564516129018996
NANOG,-0.107791693548387
LIG1,0.03413112903225829
HOXD3,0.02405935483870998
RBM19,-0.04487104838709623
LOC652494///IGHM///IGHG3///IGHG1///IGHA1,-0.09555822580645133
ASPHD2,0.07161104838709707
C14orf39,-0.021402419354838446
ARR3,-0.023180161290322493
TLR7,0.09575983870967758
MUTYH,-0.0017442741935479993
LINC00167,-0.11605758064516086
KIAA0319L,-0.03932596774193531
TMEM238,0.020831774193548556
DISC1,0.03618516129032333
PRDM1,-0.08526306451612865
SLFN12,-0.022092580645160967
PIK3R2,0.06686379032258105
GRK6,0.1365995161290322
ZNRF1,0.013442741935484184
AARS2,-0.023548064516128585
HDHD3,0.0052063709677422285
LINC00092,-0.04928153225806428
PCAT18,-0.016884274193548012
PIK3R6,-0.04643185483870888
RAD9A,0.06381846774193572
UBE2V1P2///TMEM189-UBE2V1///UBE2V1,0.04496516129032261
LOC101928955,-0.0245327419354836
GAPLINC,0.037820645161290724
LINC00488,-0.07125725806451598
STAU2-AS1,-0.07517532258064477
ANKUB1,-0.28040338709677376
SAMD9L,-0.1746170967741933
RHOV,0.04800475806451676
LOC101928505,-0.011321209677418731
LINC01351,0.06380959677419384
LOC101928207,-0.011019838709677168
CREG2,-0.0238968548387098
HSPB7,0.17551064516129078
C16orf78,-0.18491548387096743
PLEKHO1,-0.003941693548386824
ABHD14A,0.042993548387096896
PTH,-0.1058983870967735
ASB9,-0.13035749999999963
PAQR5,0.03850330645161309
MGAT4C,-0.030274193548386744
LOC100240728,-0.011686693548387007
PTTG3P,-0.17826346774193522
CD28,-0.049538467741935335
NACC2,-0.0005479838709673612
C17orf51,0.03259911290322619
XRRA1,0.03896435483871015
TEX41,-0.06506975806451562
LOC151121,-0.058273306451612786
C2orf81,0.0690841935483869
OR2A9P///OR2A20P,0.07500024193548438
VANGL2,-0.14856516129032227
PROP1,0.11882072580645198
GAPT,-0.03717991935483826
TTTY4C///TTTY4B///TTTY4,-0.002911532258064113
BBOF1,-0.0023794354838705695
ASCL2,0.08856048387096817
ICAM2,0.08605153225806436
ZNF566,-0.02401806451612872
CALB1,-0.15295516129032236
IL20RA,-0.06051322580645138
PCDHB7,-0.08123983870967728
LOC105376997,0.027922177419355314
LOC101927877,0.024752661290322872
SPRN,-0.12390790322580593
METTL21B,-0.02509387096774192
LOC283713,-0.05592056451612873
BBS12,0.057291290322580714
LY9,0.028518145161290382
CCL28,0.04262040322580657
GBA3,-0.009352822580645036
TNS3,-0.15222637096774164
RNF40,0.008997903225806918
MID2,0.12063427419354834
SAMD14,0.08389741935483891
HTR2A,-0.025149112903225457
SYNGR1,0.19137524193548405
LOC101928201,0.029024032258064634
SLC45A3,0.09057935483870978
IL12RB1,-0.05553516129032205
KHDC1L///KHDC1,-0.021220322580644962
MSRA,-0.12412193548387057
LOC100130360,-0.08828879032258044
LOC101929319,-0.09701774193548349
GPR1-AS,0.03153193548387112
C10orf54,-0.12765217741935433
FGFR4,-0.049152096774193195
FSHB,0.08954104838709731
BMPER,0.038114838709677676
SAGE1,-0.04765379032258041
STGC3,0.00221395161290344
HLA-DRB4,0.031409435483871206
SPAG5-AS1,-0.11096056451612898
IQCF5,0.02531645161290349
FLJ31713,0.030461774193548508
TJP3,0.02368870967741947
OSBPL7,0.0642684677419352
TMEM232,-0.013649435483870587
UST-AS1,-0.14031927419354845
DUS2,-0.036204758064515695
SPATA16,0.08818193548387211
GRPEL2,-0.030127177419354483
LOC100506606,-0.027436129032257704
BCL7C,-0.030819112903225494
LOC100130054,0.11227379032258084
TMEM30B,-0.0016315322580644064
AOAH,-0.07990749999999942
FAM3D,0.02255556451612924
LOC105375026,-0.05543338709677369
HMOX1,0.010357016129032282
ALPPL2,-0.08626637096774153
SIAH3,-0.03282766129032204
SFI1,-0.2746767741935484
LOC101928185,-0.09355806451612868
MMP24,0.07697822580645168
CASP5,-0.02819870967741927
LINC00477,0.016843629032258216
RAD52,-0.01048838709677386
LINC-PINT,0.03324362903225809
DTL,-0.04403120967741911
RSPH9,-0.035116854838709376
LKAAEAR1,0.0028686290322580965
TBC1D10A,-0.01195830645161253
LOC729970,-0.02016766129032242
PAIP2B,0.025543306451613144
PTCD2,-0.09941241935483854
LOC283482,0.012353225806451918
CD19,0.017508145161290838
TTPA,-0.011921048387096574
C8orf58,0.09038612903225857
S100Z,0.04903701612903232
KCNQ2,0.10873516129032257
TMSB15B///TMSB15A,0.004597661290323035
ZNF300,-0.0041316129032257735
AKR1D1,0.05309806451612952
MED26,0.13836935483871027
PCBD1,-0.07619927419354819
APOB,-0.006309919354838222
TP53TG5,-0.038768467741935264
TYROBP,0.005509274193548563
SLC4A8,0.048760645161290916
NFKBIL1,0.0014817741935482668
MAP3K1,0.009788467741935994
RCSD1,0.036234032258064895
KIR2DS5///KIR2DS1,-0.23928749999999996
ATF7,-0.02577935483870944
LYRM4-AS1,-0.04910814516129035
LYPD4,0.0802545161290322
GPR160,0.01578048387096769
GDE1,-0.05171064516129002
TRPC5,0.01204290322580693
PRKCQ,-0.00026137096774172044
DPY19L2P3,0.06742814516129088
PCDHGA3///PCDHGA4///PCDHGA6,-0.025510806451612546
OR10D3,-0.002665322580644932
BBS9,0.050006048387097046
PCP2,0.040162983870967936
TLL1,-0.03706169354838709
ACADS,0.05406975806451607
DCLRE1A,-0.15139677419354794
MLST8,-0.06322370967741933
LOC728867,-0.023447903225806425
MYH3,-0.016750080645161015
CHST9,-0.012923870967741707
ZXDB,-0.07516959677419323
CCDC88C,-0.10386846774193537
GNAT2,0.025181290322580836
GCNT4,0.03080717741935554
CPA6,-0.010959596774193092
KIAA1652,0.012540645161290585
DGCR5,0.16286056451612918
KCNC4,0.03719782258064538
DAB1-AS1,-0.04492911290322523
DNAL1,-0.11096564516129044
C4orf36,0.05031919354838718
WHAMM,0.10228330645161307
RRN3P1,0.007652016129032166
CTNNBIP1,0.19176475806451623
MYO18A///TIAF1,0.15909604838709676
C1RL-AS1,-0.23564629032258044
LOC93444,0.023302903225806814
AJAP1,-0.026043870967741488
STARD13-AS,-0.011575806451612542
TXNRD2,0.0011366935483874373
LINC00355,-0.07581419354838687
LINC01448,0.05178572580645183
SAA3P,-0.08399379032258047
ANKLE2,0.07262975806451664
CLTCL1,0.05036540322580665
MAMLD1,0.022192903225806658
TOP1MT,-0.21428491935483837
GRK2,0.14056693548387106
GATM-AS1,-0.25164306451612867
RBMY3AP,0.02922072580645181
BAK1,0.138521693548388
BCL2A1,-0.08334596774193505
KCNJ9,0.0822012903225806
SNX33,0.028393064516129177
LRFN5,-0.036163145161290225
LOC101927131,-0.026889274193547814
NDUFS7,0.15745685483870947
GOLGA6A,0.032687338709677785
TMEM178B,-0.31065596774193505
ZNF816,0.12576032258064526
XKR4,-0.19443064516128972
ABCB4,0.03412379032258092
C1QTNF1-AS1,0.002846290322580596
TFCP2,-0.11909193548387051
IGLJ3///ARFRP1,-0.009285161290322384
CDC37,0.04255919354838701
CEACAM4,0.015818870967742076
MYCBPAP,-0.025807822580645165
LRRC75A,-0.06180112903225791
ARHGEF4,0.12443354838709714
GRIK5,0.06492653225806483
IL7R,0.03353524193548416
GLUD2///GLUD1,0.016017741935483838
CCDC134,0.12196233870967771
MKRN3,0.05634112903225783
SPAG11A,0.13424290322580668
HTT,-0.03513040322580638
CYP3A7,0.025426290322581254
RNPEP,0.044161209677419495
UGT2B4,-0.09853548387096747
KIR2DL3,0.0404450806451616
SPOUT1,0.18115669354838737
PCSK9,0.013033064516128911
CHRDL2,0.007280403225807118
SLC9B1,0.04612024193548383
FAM47B,0.020420564516129322
FRG2EP,0.006066693548387097
HIKESHI,-0.028293225806451258
TAAR8,0.02099483870967767
COPG2,-0.020181774193548125
LOC101927416,-0.3192312096774192
BID,-0.09020637096774187
LINC00907,0.007753790322581052
KLHL41,-0.002422499999999699
LINC00930,-0.21669354838709615
CFTR,0.0018211290322582975
TNNC1,-0.024404516129031918
KCNH3,-0.13794225806451582
KIF15,0.03726427419354868
BDKRB2,-0.031600806451612756
CXorf36,0.021997258064516398
SAPCD1///MSH5,-0.07465435483870943
TMEM173,0.07793120967741946
CSN1S2AP,0.0002171774193548033
CARMIL3,-0.01564540322580594
ATP6V1C2,0.05139677419354868
LCP2,-0.04773887096774157
FBXL13,0.03276250000000023
LRRC3B,0.030764193548387338
CCDC110,-0.004023548387096387
HELLPAR///IGF1,0.041757177419354696
IFNE,-0.2517720967741933
PTPRU,-0.0021971774193548913
GIMAP8,-0.09885379032258045
CD274,-0.2723883870967738
C3orf30,-0.008138870967741348
FGF14,0.004657741935484121
LOC101928324,0.011597580645161374
OTUD3,0.08532508064516128
LOC729570,0.0791438709677423
NCSTN,-0.25740725806451575
TAL2,-0.19874620967741924
LAIR1,0.030989274193548872
IGLV1-44,-0.04649814516129012
TUBGCP4,-0.19638798387096748
ILVBL,0.0918010483870971
WDR64,-0.017593387096773914
SULT2A1,-0.0385058064516129
ATXN7L1,-0.0010395161290323441
CNR2,0.1514612096774196
ABHD17C,-0.052001209677419086
ARL15,-0.1956961290322574
OR10D1P,0.03332000000000005
LINC01087,-0.009794677419354535
LINC01056,0.023622177419354917
PI3,0.00950653225806493
NR1H2,0.038090000000000394
PLCZ1,-0.15478387096774138
LOC728730,0.0026488709677424983
MAGEB1,-0.015581693548386946
MBOAT7,0.17603709677419366
ADAMTS8,0.0634724193548391
DHX58,0.04718475806451643
LOC101928973,-0.06606814516128998
SIRT3,-0.07697379032258025
ADARB2,0.0902275000000002
TCEB3B,0.02693725806451642
ZNF346,0.005303870967742225
GINS2,0.01937379032258091
C1orf112,-0.04798774193548356
DEFB118,0.013873548387097237
NXPH3,-0.011009919354838504
MIR124-2HG,-0.10089499999999987
RAB6B,0.06480709677419376
RPS2P45,0.015580080645161417
LOC105370962,0.17463040322580636
LRRTM4,0.033774274193548545
DANCR,-0.045846451612903065
CDC45,0.07284161290322617
SPATA33,-0.007953306451612574
ARPC1A,-0.002938870967741326
NAA11,0.02539483870967749
SLC30A10,0.06846258064516159
CISD3,0.017943225806452197
GPR39,0.028367258064516267
PGAM5,-0.08065475806451569
EPT1,0.09692443548387131
NEURL3,0.16131895161290336
C7orf33,0.14634524193548365
CLIC3,0.4252518548387094
BNIPL,0.017109274193549105
SERPINB9P1,-0.06631604838709641
UBE2U,-0.01730862903225761
AOX3P-AOX2P,-0.04801935483870952
FLJ42627,-0.03253951612903198
COL4A4,-0.19437564516129013
ADAMTS9-AS1,-0.0853401612903223
TRIM66,-0.0295328225806452
LILRA5,-0.05241177419354791
ZNF259P1,-0.013332177419354545
C12orf54,-0.21406620967741916
SH3GL3,-0.07142314516128999
SNORD89,-0.2218976612903223
MRPL54,-0.03249362903225791
SMARCB1,-0.0024474193548384383
ATP6V1G3,0.08260483870967747
KIAA0513,0.013869838709677913
STAP2,-0.020918145161290112
CBX3P2,-0.05383846774193541
FCGBP,-0.006449919354837991
SMG1P1///SMG1P2,-0.021726854838709633
GATAD2B,0.00470612903225877
EFHB,0.010985483870968087
TAF1A-AS1,0.030623548387097025
LINC00307,0.0025525806451611984
H1FX-AS1,-0.20613967741935482
SGCG,0.06008024193548372
NEK4,0.005704919354838984
DHH,-0.009778225806451005
ADORA3,0.027082338709677425
C11orf80///RCE1,0.017160887096774415
FLJ37786,0.011747177419354876
PIN1P1,-0.3294362096774194
PFKFB1,-0.15823943548387037
LINC01213,0.06762483870967771
FOXL1,0.010328870967742397
LTA,0.040053629032258176
SMIM21,0.08876096774193572
WDR70,0.0072200000000006035
UGT2B28,0.014107580645161573
WFIKKN2,-0.045986451612903066
LCAT,-0.10189693548387091
CASR,-0.05768370967741891
CHST2,-0.003907741935483813
ADAMTS12,0.07047072580645206
LOC100996419,-0.11175411290322518
ADAD1,0.017335322580645192
ZNF732,-0.000249999999999995
BTN2A3P,-0.08767306451612848
ZNF343,0.03473370967741961
NTN1,0.0311052419354843
SLC6A9,0.04421209677419364
GCNT2,0.0421601612903229
PRKG1,-0.04608991935483837
TMPRSS11D,-0.11695661290322573
DNAH1,0.02108314516129058
C20orf166-AS1,-0.10124951612903187
ATP2A1,-0.12356201612903217
HIST1H2AI,-0.05032201612903223
INSL4,0.08850806451612919
EFNA4,-0.03516314516128981
CCDC153,0.11975524193548412
LOC102724449,0.0017716129032259976
LOC554174,-0.03146024193548329
LOC100128661,-0.012996935483870563
GMIP,0.20706161290322597
LDLRAP1,-0.042131774193548105
TAF4,-0.059543870967741816
LINC00271,-0.025714193548386492
C1QTNF9B-AS1,-0.07260483870967724
SPC25,-0.1852765322580643
IGDCC4,-0.036101451612903
TMEM199,-0.002522177419354297
DMRT1,-0.009191935483870503
ARHGEF9,0.04830330645161315
LOC100506860,-0.04247104838709628
ARID5A,-0.005505967741935215
C3orf36,0.09397483870967789
SMR3B,-0.1132290322580641
LOC105375875,-0.011374758064516184
LOC101927849,-0.06451008064516105
FNTB,0.0016996774193552833
ANKRD20A11P,-0.02612129032258021
EXO5,0.03174983870967777
STK31,0.001526451612903532
LOC100133920,0.008688790322580433
ZNF671,0.10083895161290338
LOC101927657,0.05701782258064557
STMN2,0.03601927419354853
TSPAN17,-0.003234193548387075
LOC729446,-0.01485032258064516
SP2-AS1,-0.03381475806451595
ZNRF2,-0.05075145161290266
GEMIN8,-0.12928338709677395
LHX6,0.0611342741935488
AGR3,-0.04154830645161297
LOC729776,0.09064298387096796
LINC00115,0.05020653225806442
GABBR2,0.046172661290322804
POM121,0.034992338709677814
FBXO25,0.012592983870968326
B4GALT6,0.028001774193548677
LOC107985971,-0.07515451612903218
USHBP1,0.0429518548387097
KCNE4,-0.014843629032258047
PCDHGC3,-0.274367580645161
CCL23,-0.05981120967741923
TEX12,-0.0373231451612901
LINC01618,0.08562112903225816
FUT11,0.0135605645161296
GFI1,0.025489032258064925
IFI30,0.054119274193548526
TRIM15,-0.03817314516128976
GGT7,0.15059903225806437
CLCNKB///CLCNKA,0.14877322580645186
LOC646588,0.04851225806451609
LINC00476,-0.1343931451612901
ORC6,0.05134048387096789
NTN3,-0.13885338709677397
CCDC61,-0.2331045161290323
EPB41L4A-AS2,0.14655443548387162
NDC1,0.05282241935483903
COL22A1,-0.09418975806451561
LINC00841,-0.12216451612903194
ESPN,-0.0746170967741934
KIAA1644,0.09089822580645168
DEPDC1-AS1,0.03361943548387137
CBX2,-0.027407822580644732
LOC648998,0.004643548387096713
MUC16,0.016570161290322682
RBP5,-0.09253088709677433
LOC401442,-0.0005830645161289936
LINC00305,0.050979354838710175
PHKG2,-0.03713266129032218
KIZ-AS1,0.010717822580645433
ASB15,0.0624119354838714
C18orf12,0.02669362903225827
CCDC157,-0.023918951612903014
BVES,-0.06620258064516117
GPR45,0.03623016129032254
STX19,-0.025902016129031494
TNN,-0.24875427419354812
PCCA,-0.02494120967741898
CAPZA3,0.019885483870968355
GRIN3A,0.08677516129032278
REG4,-0.20086403225806426
TTC13,-0.342413709677419
MOSPD3,0.07710258064516141
NEFM,0.002227580645161296
GXYLT2,0.04623612903225793
TBCCD1,-0.007022661290322396
FCRLB,0.014970725806452263
MMP16,-0.00733596774193504
MYH16,0.007053709677419703
AAR2,0.0778641129032264
JUP,0.10752927419354873
LINC00242,-0.021359354838709425
LDB1,-0.11173911290322604
AASDH,0.05266362903225839
LINC01504,0.054177258064516474
USP21,-0.17937145161290272
AKIRIN2,0.006008064516129304
FAM117A,-0.012591612903225559
OR3A2,0.09754951612903259
INTS1,-0.07141508064516101
ZG16B,-0.05400661290322583
GZF1,0.08880661290322611
VSNL1,-0.01563975806451602
SLC47A2,-0.036512741935483345
TCL6///TCL1B,-0.026753306451612564
LOC100131741,0.04938943548387121
NUDT1,2.500000000110121e-06
RASSF6,-0.04938120967741905
FOXP4,0.08686137096774194
CA1,0.017121693548387537
YJEFN3,-0.024724999999999508
TNFSF15,-0.009450967741935197
ERV3-1,-0.0847346774193545
RAD23BP1///RAD23B,-0.06133895161290309
NUDT10,0.12328943548387104
FAM189A1,0.10576532258064537
LOC283214,-0.1862994354838706
ZNF542P,0.04393935483871001
SMIM13,-0.10265975806451591
LINC00619,-0.004100080645161293
IGHV3-47,0.012926048387097135
PANK3,0.02536838709677432
ZNF548,0.011511048387097315
LINC01361,-0.03895903225806427
GRID1-AS1,-0.019986048387096663
SDE2,-0.03655774193548337
KRT18P44,-0.06883967741935422
THAP11,0.04163967741935521
BEND7,0.0006872580645161872
GLYCTK,-0.023036693548386826
DUSP15,0.17785048387096794
CACNB4,0.028156854838709874
LOC101927450,0.01026645161290369
AIM1,-0.1274690322580645
METAP1D,0.006591370967742195
GJA8,-0.1181916935483869
SLC6A2,-0.08399040322580636
FBXO32,0.010256370967742116
ZDHHC15,0.007953870967741927
FAM83C,0.002590725806452164
LOC100653233,-0.07708564516128988
ELF5,0.014176854838709708
NDRG4,0.017263548387096983
NEB,0.00012596774193523574
ADSL,0.05821854838709714
LCT,0.022159435483871025
C9orf38,0.009726290322580917
ZNF114,0.07314459677419383
THOP1,0.18678193548387143
AFG3L1P,-0.05197370967741908
LOC101927339,-0.0250954032258063
LOC100506403,-0.031107499999999774
LINC01425,-0.1541424193548384
LOC100133471///MED15P9,0.004157741935484283
ESRG,-0.09456620967741927
LOC101927809,0.2058995967741936
LOC100147773,0.002384516129032334
GNPDA1,0.020727580645161368
FRMPD2B///FRMPD2,-0.10499935483870923
SCN8A,0.048812016129032305
LOC100507384,-0.15860717741935426
MAPT-AS1,0.06815387096774234
LINC01281,-0.08513282258064503
SZT2,0.06645508064516206
PALM2///AKAP2,0.07065766129032279
FAM178B,0.09028653225806499
KLK14,0.11749177419354812
BCAS3,0.14249048387096785
TLR10,-0.18710483870967723
HIST1H2AC,-0.049937499999999635
IRF9,0.043056935483870906
CORO1A,0.013079032258064472
LOC100131480,0.11311741935483877
LINC00358,-0.05540814516129006
LOC440864,-0.03612314516129027
SFMBT1,0.06293532258064512
PARP16,-0.05394395161290312
THAP10,0.04895548387096793
C20orf144,-0.21335830645161247
C11orf97,-0.022086774193548306
TOPORS-AS1,-0.03731838709677372
ARHGAP6,0.09994145161290344
LOC100130964,-0.03823169354838707
PHTF1,0.004646048387096889
GALP,0.06954508064516128
DGCR6,-0.20044540322580637
PIP,-0.0041047580645161355
PVT1,-0.04762056451612888
ZNF649,0.08681169354838782
SIGLEC10,-0.05997540322580579
MAPK13,-0.2525306451612903
FHL3,0.03394217741935529
NAG18,-0.008698709677419217
CXCL10,-0.00661661290322578
ANO5,0.02835346774193584
DNASE2B,-0.029357983870967625
CD3G,-0.045578467741935115
TRIM67,0.058866209677419574
OR51E2,-0.10313475806451608
NAV2-AS4,-0.1461580645161286
THG1L,-0.004547661290322228
LOC728944///THAP4,0.06292596774193572
MAP3K14,0.20108750000000025
ABCG1,-0.03515225806451578
FAM221B,-0.33250879032258046
MLN,-0.3788463709677413
TBC1D31,-0.0884166129032255
LOC101928231,-0.019511048387096493
HTRA3,0.013537822580645674
CDH6,0.004509435483871096
GAL3ST1,-0.04825153225806398
PCDHA2,-0.000883225806451763
MB,-0.17667548387096751
CRB1,0.012751935483871003
TBC1D7,0.019663870967742546
ZNF74,0.055180725806452294
ZIC3,-0.2353050806451611
CIB4,0.16148314516129064
IL12RB2,-0.08143629032258044
PPEF1,-0.020933951612902728
TFDP3,0.07148201612903257
MAP3K12,-0.029626693548387005
C1orf228,0.06496951612903233
FAM19A2,-0.06617112903225777
TRIM9,-0.05364024193548365
ST14,0.10739088709677441
ANKRD44-IT1,0.0032660483870972806
CDCA7,-0.09403217741935466
GLDC,0.016934516129032386
PLD5,-0.028824032258064455
PNLIP///COL1A2,-0.04310306451612895
WBP2///UNC13A,-0.09818588709677377
ADGRA2,-0.02371346774193485
DSG4,0.014078548387097267
TREML4,-0.07303129032258057
DQX1,-0.022028951612902622
IQGAP2,-0.03212193548387099
ZNF33B,-0.15908016129032235
PCLO,-0.08400387096774127
ADGRB3,-0.03303104838709649
RAD51D,-0.011534193548386867
USP30-AS1,-0.055176370967741285
RNF43,-0.03086814516128986
CDH9,-0.009637258064516171
SLC6A13,-0.12026387096774155
LOC553137,0.03226790322580654
CFHR5,0.03736983870967761
TRIM55,-0.04978943548387073
LOC101929511,0.06453298387096783
C4orf45,-0.03470499999999974
NSFL1C,0.012340403225806571
C19orf66,0.00744540322580669
ANAPC15,0.06499016129032284
LOC101927967,-0.0246236290322578
LOC285043,-0.012779354838709298
TTC32,-0.08463814516129024
FAM196B,-0.1368547580645157
FHOD3///TPGS2,-0.02415258064516106
KLHDC7A,-0.18083693548387073
PDZD9,-0.07883475806451587
RPAP1,0.2884842741935483
SUSD2,-0.04289701612903201
NLRP7,0.05816395161290376
GNAT3,-0.10183282258064477
LOC730631,-0.10238814516128998
LOC100131039,0.11353717741935479
DAPK2,-0.30897403225806414
ZBTB34,-0.009545241935483685
LOC285181,-0.018318548387096695
ACAP3,0.13949782258064497
LOC100131508,-0.1552318548387094
CLIC1P1,0.018304838709677397
SERINC2///SEL1L3,-0.025584274193548074
PRKX,-0.08393217741935421
LOC101928767,0.01464435483870985
CLDN20,0.10111798387096861
LOC100128398,-0.06298532258064489
PCDHA1///PCDHA2///PCDHA3///PCDHA4///PCDHA5///PCDHA6///PCDHA7///PCDHA8///PCDHA10///PCDHA11///PCDHA12///PCDHA13///PCDHAC1///PCDHAC2///PCDHA9,0.02732290322580698
LOC339803,0.20640096774193561
TMEM120A,-0.0663849193548385
Dbpht2,0.05844556451612909
LOC285422,0.013410403225806637
CCL1,-0.06893733870967733
LOC100129624,0.020369838709677686
WTIP,-0.11762258064516155
PML,0.13813733870967768
CD79B,-0.01867451612903212
FBXO27,-0.05287346774193499
TOMM34,-0.03260830645161287
LOC153546,-0.09839137096774163
JAM3,-0.0033517741935482556
CPXCR1,-0.04751298387096744
POLQ,-0.009635161290322151
LOC286272,-0.009364919354838548
MRVI1,-0.018645322580645024
ZNF354B,0.01477620967741923
LOC101928306,-0.04763967741935447
USH2A,-0.08124056451612863
WDR92,0.0013883870967746148
LOC101929269,-0.01079999999999957
NMNAT1,0.03177588709677432
KLLN,-0.010069112903225787
COQ9,0.23649112903225844
LENG1,-0.2419612096774192
LOC105376100,-0.10197169354838709
ITPK1-AS1,-0.005162016129031787
KSR1,-0.0007884677419349156
ETV2,0.08932120967741942
AGO3,-0.07535733870967705
LOC284112,0.14132427419354865
LOC105379045,0.005451451612903391
LOC727961,0.07338733870967762
GP2,0.03862000000000035
ARHGAP36,0.051584193548387565
SPINK2,0.012831532258064948
MAGI2-AS2,-0.007096532258064194
C10orf113,-0.0033073387096771347
SLC34A2,-0.06721475806451549
MPP4,0.04094548387096833
FNBP1L,-0.000134919354838536
BCL11A,0.04737056451612928
ZRANB3,-0.03491564516129017
RILPL2,-0.01645822580645162
JDP2,-0.012325241935483563
LINC00494,0.0690131451612905
CLEC1A,-0.12961395161290276
FOXM1,0.004348709677419644
PSMB8,0.09227306451612952
SUPV3L1,-0.005959677419354555
MRRF,-0.05225056451612846
HTR1E,-0.1129958870967737
TPTE,0.06251451612903267
PBX2,0.08873403225806455
SULT1C4,0.06169185483871031
RHPN2,-0.03720911290322523
SLC30A2,-0.33237943548387067
LOC142937,-0.16626564516129
DNAH11,0.023539354838709864
SCN11A,0.011921209677420004
WISP1,-0.03380774193548383
FAM229B,0.06800661290322586
LOC100133583///HLA-DQB1,-0.2729387096774192
ZDHHC14,0.03037604838709665
MYCNOS,-0.05984475806451614
ACTL10,-0.14735088709677396
ELP5,-0.00045161290322557235
DLGAP2-AS1,0.04702814516129042
SMOX,0.16188048387096776
PTPRZ1,-0.023626935483870844
NEUROD6,0.052413709677419554
FMO1,-0.24670596774193512
IL12A-AS1,-0.07615637096774157
LOC105375483,-0.0692244354838705
ACKR2,-0.031412741935483685
HBG2///HBG1,0.03937290322580662
TACR2,0.07297943548387152
NOSTRIN,0.0787316935483875
ARHGAP10,0.04881241935483906
GP5,0.03758532258064555
RALY-AS1,-0.15243822580645142
HAND2-AS1,-0.10349749999999992
BRCA2,-0.008645080645160666
MAP6,0.03897524193548421
RP1,0.023749193548387393
EPPIN,0.06719475806451626
PDE8B,-0.03776959677419348
ANXA6,-0.012834677419354531
LINC00935,0.015106935483871257
LINC00563,0.05282669354838683
ADCY10P1,-0.01757096774193559
TMEM247,-0.018438709677418952
CCDC77,-0.16686419354838683
CD86,-0.006818467741935175
SIX2,-0.2958133870967741
SULT1C2,-0.1508449999999999
TMEM255B,0.05878822580645175
SLC25A22,0.07858427419354866
CBR3,0.05187048387096793
CNGB1,-0.01913475806451591
LOC101928161,-0.030543467741934983
ZNF420,-0.00941717741935444
OR1J2,0.052025161290323
MTFMT,-0.010893548387096476
DAAM2,0.014074112903225813
RASGEF1B,0.0014801612903230406
CHGB,0.0099287096774197
ATPAF2,-0.0016892741935481677
KL,-0.11488701612903178
MS4A3,-0.017071532258064376
FKBP1C///FKBP1A,-0.023905564516128935
SLC6A20,-0.07301161290322547
CERS3,0.005662822580645915
MRPL28,0.01978467741935507
CD33,-0.01364798387096755
FIGLA,-0.25074540322580624
NAA30,-0.05727572580645149
MDP1,-0.12424991935483815
SIGLEC1,-0.1322266129032254
PSG5,0.00839564516129083
TDH,0.024685806451613095
WNT7B,-0.06690516129032242
SV2A,-0.2763183064516127
LOC340107,0.014836693548387495
ZCCHC12,-0.22267209677419317
CIZ1,0.018553387096774388
RTEL1,0.03833241935483901
ARHGAP19,-0.12564782258064475
SAYSD1,0.006990403225806567
LOC101927286,-0.05944701612903178
C16orf46,-0.12072112903225768
ST6GALNAC1,-0.13750040322580606
SCRT1,-0.04325951612903213
MEF2C,-0.08949580645161302
ZNF256,-0.03666080645161295
BEND4,-0.11823306451612854
UBOX5,-0.04464443548387044
ZNF480,0.01791500000000043
LOC100133585///RABEP2,0.008125645161290627
LOC101927502,-0.00856588709677368
PHBP19,-0.04935983870967732
CAV3,-0.15075862903225776
RCC2,-0.10102766129032234
SLC26A9,0.039535483870967905
BTK,0.010399919354839141
CLSTN2-AS1,-0.06064862903225797
PTPRN2,-0.06404129032258059
PILRB,0.001043306451613506
TMEM51,-0.004362822580644664
GRAMD2,-0.009411693548386536
LEO1,-0.018630241935483394
LOC105377938,0.06797032258064534
PSMB8-AS1///TAP1,0.024045000000000004
ZNF717,-0.013280967741935247
NOL4,-0.007960645161290027
RAI2,0.011321129032258386
GK2,0.03383104838709688
GATA6,0.0024949193548388566
KIAA0319,-0.031302661290322324
FLJ10232,-0.4454245161290314
LOC101927244,-0.08462411290322554
GREM2,-0.07994306451612901
LOC100131813,0.002507016129032656
PLXNB1,0.00975137096774213
LAX1,0.02292008064516125
DDX10P2///DDX10,0.03897379032258101
PLXNB3,0.01974879032258103
TRPM6,0.004350806451613221
HAGHL,0.17949483870967786
MZB1,0.01916709677419401
LINC01296///DUXAP10,0.047107822580645345
LOC105369860,-0.035051451612903135
LOC101928107,0.08978096774193546
ISM2,-0.02774096774193497
PHKA1,0.11570225806451631
GRIK1-AS1,0.0014704032258067096
LOC100131139///LINC01296,-0.0524519354838706
LOC100129038,-0.24061645161290288
PASK,-0.09669016129032214
ITGB2,0.08989056451612967
CDCP1,0.09195862903225854
FBXL15,-0.007608790322580553
EID2B,-0.030157903225806172
LOC105378828,0.005355241935484053
N4BP3,-0.09429201612903185
SLC25A40,-0.02452508064516137
GOLGA2P3Y///GOLGA2P2Y,-0.0005234677419353557
GSTT2B///GSTT2,0.2105066129032261
TRIM58,0.011382016129032425
P3H3,0.0008788709677421449
ZSCAN4,0.0024953225806456925
NCR1,-0.006695322580644911
LOC731852,-0.06287879032258034
TBX4,0.010599838709677671
SERHL2///SERHL,-0.021658306451612548
ACSS1,-0.03385306451612856
CCDC173,-0.001098790322580396
FAM124B,0.06173080645161301
OR5L2,0.10467637096774218
TMPRSS3,-0.00873653225806411
EPHA6,-0.20094419354838694
MAOA,-0.002868225806451354
CEP19,0.0064291935483874905
PDZD3,-0.003941612903225429
CAMP,0.007263467741935782
GDA,0.15738040322580665
CCDC38,-0.020817983870967477
USP35,0.049365806451613245
SCTR,-0.016431370967741676
CCDC18,-0.037241290322580486
DKFZP434C153,0.11753096774193589
TIMM23,0.09429637096774235
FDXR,0.26156064516129035
GPR20,-0.03870282258064441
GALNT12,-0.017195241935483923
DAPK1-IT1,0.007336129032258341
IQCH-AS1,0.04452830645161287
ZBED8,0.04605782258064547
CCDC28B,-0.0023797580645157704
LOC101928907,0.06390895161290328
LOC100130468,0.010471935483871325
MIR3663HG,-0.16373895161290308
KIAA1324L,0.0020845967741937883
OK/SW-CL.58,-0.08131927419354808
MMP19,0.002542419354839057
ZC3H6,-0.01864161290322565
COMMD1,0.029207741935483957
LOC284561,0.04003588709677419
TMEM41A,0.03827862903225804
HECW1-IT1,0.018692580645161543
LOC157273,-0.04059959677419331
GC,0.0027379838709678363
ZNF598,0.18930209677419385
TAS2R3,-0.4485130645161291
FAM228A///FAM228B,0.032597822580645516
DENND2D,0.028423951612903682
DKFZp547J222,-0.015301935483870682
CYP2D6,-0.22469612903225772
CD79A,0.11066080645161319
TICAM2///TMED7,0.018634112903226183
DLAT,-0.036428145161290046
UMOD,0.23240556451612931
PRPH2,0.13153129032258076
DDX4,-0.01639233870967707
PLLP,0.04173733870967782
TRANK1,-0.07824137096774138
GNAZ,-0.05850741935483802
FAM155A-IT1,-0.010688145161290415
B3GALT5-AS1,0.1474041935483875
DOK3,-0.00017588709677396688
LOC101927257,-0.14602217741935447
APBB1,-0.010201451612902472
PDE6A,-0.32599120967741896
FCRL2,-0.052835967741935025
FLJ30719,0.056322822580645374
XPO4,0.036004032258064596
CYP4F3,0.01654975806451648
LOC100130778,-0.022069193548386587
NICN1,0.09323314516129055
LOC100131496,0.040081693548387407
LOC101928553,0.02636387096774186
LY86-AS1,0.007555806451613409
LINC01252,-0.001241370967741325
ZNF746,0.03195508064516193
TAP2,-0.030984274193548135
IFT140,-0.06353322580645146
LOC100049716,-0.026703145161289868
MREG,-0.16095185483870952
ZFAND2A,0.06449741935483866
SH3GLB2,0.23326612903225832
GDPD2,-0.14718225806451563
EGR4,-0.15813749999999957
ELMOD3,0.018654354838710037
MYOM2,0.13443516129032254
RFX1,0.05280919354838732
ENAM,-0.23222806451612885
LOC100506530,0.008104435483871152
SLC22A15,0.016488145161290668
EPHX4,-0.008266854838708999
IL13RA2,-0.3030430645161285
TUBA4B,-0.021161048387096766
SWI5,-0.002696774193548121
SPACA9,-0.009865564516128553
LOC101929552,0.09091185483870984
ANKRD23,0.03959620967741993
HIST1H1E,-0.007345483870967555
SNTG2,-0.09017209677419315
AGBL1,-0.08598395161290256
MAGI3,-0.04377362903225773
MIR3681HG,0.0053094354838714025
C14orf80,-0.05287362903225791
LOC728904,-0.03634040322580604
EHF,0.0036744354838709158
LOC283665,-0.02290161290322555
SHOX2,0.13719338709677434
AMER3,0.01903137096774211
NLRX1,0.2116843548387095
KIAA1661,-0.05391838709677374
HRASLS5,0.0246697580645164
CA14,0.11427330645161302
ETHE1,0.1014495161290321
C1QTNF5///MFRP,0.07113870967741986
CARS2///ING1,0.05710790322580658
S100A5,-0.11307395161290303
ELAVL2,0.004541290322581014
LOC646522,0.01316241935483915
LINC01260,-0.03124967741935433
UNC5D,0.0661576612903231
DRICH1,-0.11140161290322528
DHX30,0.08783225806451642
TNRC18,0.020347177419355326
FREM3,0.0875854032258068
LOC100506071,-0.030655403225806135
C10orf91,-0.00805088709677437
CIB3,0.07658346774193568
AP2A2,0.010793548387097111
LGALS3BP,-0.0010032258064514073
PKD2L1,-0.14378395161290294
RAB3A,0.15778379032258072
GRAP2,0.1157973387096779
ZNF155,-0.0016741129032255952
SLC35E4,0.0037687096774192386
DNAAF1,0.0510338709677418
EXD1,-0.07181959677419313
FGD5,-0.0020108870967741957
FBXL20,0.013495080645161611
LRP2BP,0.28954104838709677
LRRK1,0.0219771774193549
PURG,-0.05673379032258042
SEMA4F,-0.29157645161290324
DBIL5P2,0.028776854838710304
LMTK2,-0.0010105645161287689
GPC4,-0.04554806451612908
LHX3,-0.009603467741935087
DRAIC,-0.021080403225806385
LOC100130357,-0.08984201612903213
LOC101929705,-0.004629032258064654
OLFML2A,-0.003627499999999711
SLC2A2,0.01946266129032298
PARTICL,-0.02396693548387073
IFNA13///IFNA1,-0.40425314516128996
CHKA,-0.024150806451612564
B9D1,0.10568943548387098
RASGRP4,0.0884515322580647
FMO6P,-0.11490338709677411
ZWINT,-0.09466241935483864
FAM9A,-0.014304758064515585
PPP1R16B,-0.012246370967741463
DSCAML1,0.03729548387096796
C10orf12,-0.004351048387096858
PLK4,-0.013834435483870585
TEKT3,0.138549274193549
TEAD1,-0.0032458064516122168
C1orf53,-0.014790645161290108
LOC101928978,-0.08500048387096741
CCDC94,0.1917337096774194
SPAG1,0.08392088709677448
IL21R,0.026187016129032355
ZNF2,-0.13956782258064493
XPC,-0.11981435483870947
MCEE,0.007674677419355198
PLIN1,-0.06012362903225774
RCE1,-0.04147258064516117
RNF31///IRF9,-0.030606370967741783
LOC100130264,-0.1365839516129029
TNFSF13,0.05406637096774201
LINC01049,-0.1059078225806451
LOC101927516,-0.037292822580644605
KBTBD11,-0.0020360483870965115
ETNPPL,-0.018469274193548203
LYPD8,-0.08499911290322519
POU3F3,0.057799112903226285
CDKN2B-AS1,0.03916088709677395
GZMB,-0.12136290322580655
LINC00592,0.051515564516129056
LINC01607,0.009691774193548924
VANGL1,0.020413467741935892
OR2H2,0.004897741935484158
TESK2,-0.14518169354838675
PRIMPOL,0.12128491935483901
ZNF276,0.05834806451612931
TRIM27,-0.014886209677418803
CEP85,0.05122556451612949
KBTBD12,0.11119379032258099
LOC101926967,0.019796612903226422
LINC01102,0.004864516129032379
PRAMEF10,-0.13068935483870933
ESRP1,-0.07441249999999971
MAU2,0.04316564516129039
MCM10,0.009664032258064805
SMNP,-0.08887983870967706
TP53INP1,0.04792282258064516
BTN3A2///BTN3A3,0.05369685483870971
PTGDR2,0.15869637096774214
C1orf64,0.08749782258064549
ABTB2,0.20090701612903197
KCNJ2-AS1,0.02998830645161296
DNM1P33,0.014399435483871209
LOC387826,0.11584895161290348
INTS6L,-0.16425088709677393
LINC01537,-0.00531508064516099
SLC10A4,-0.052998709677418966
ZNF208,0.003870161290322704
SBK1,-0.0700845967741936
C11orf42,0.028799354838709816
CXCL3,0.045683548387097046
TRBV27,-0.15775814516129022
NINL,-0.0044342741935479504
SULT1A2,0.013916451612903356
NDUFV2-AS1,0.11592193548387122
NACC1,0.017805806451613296
LOC727893///PDE4DIP,0.0034866129032260448
TRPV1,0.013868467741935857
FAM83D,-0.13108491935483862
KCNH8,-0.021000887096774095
TLX1,0.0029807258064518966
GUSBP2,-0.08128879032258052
GMDS-AS1,0.01459596774193565
OSMR,0.11137201612903234
LINC01616,0.0459016935483876
LACRT,-0.007820564516128628
LINC00667,-0.017855403225805783
AKNA,0.0030679032258067278
GCSAML-AS1,0.013132500000000168
DMAP1,0.0062433064516133185
ANOS1,-0.157192661290322
ODF4,0.1328754838709679
FAM43A,0.2436217741935484
GRM3,-0.06039653225806441
POC5,0.04390532258064572
UNKL,-0.03454758064516075
CCDC102A,-0.00019790322580636246
RNF157,0.0684452419354844
LOC440792,0.07892370967741984
RIBC1,0.07864758064516161
FUT10,-0.07108782258064443
FCAR,0.046513548387097065
FAM160A1,-0.050170080645160826
NLGN4Y,-0.10126241935483844
AQP9,-0.07791983870967666
LOC101930421,-0.004917096774193339
APC2,0.027239435483871387
C18orf8///NPC1,-0.04283249999999992
RNF133,-0.04245508064516065
PXMP4,0.03644298387096785
CYP2A7P1,-0.11043282258064473
XXYLT1,0.06093274193548451
LOC285766,-0.050930161290321976
GSPT2,0.04387467741935505
NLE1,0.042319516129032606
GRHL2,-0.012033064516128964
PKP2,0.018374435483871205
TVP23C,-0.06515645161290294
NME3,0.040733870967742294
KIAA1468,-0.07895298387096748
PPP1R2P9,-0.018936693548386684
FAM69A,-0.010365241935483951
ZNF157,0.08919959677419374
CYP2W1,-0.056952419354838336
CACNG5,0.02232266129032312
LINGO2,-0.013659838709677158
ARHGAP9,0.046140645161290426
RFX5,-0.018067580645161105
LOC100126784,0.061840403225806626
NIPAL4,0.08742637096774196
WWC1,-0.018967096774193178
NBPF6,-0.005729596774193324
KCNIP1,0.050642419354838965
MED22,0.003536290322580851
THEMIS,0.047177177419355204
ELL3,-0.10906451612903209
STAB2,0.0151766129032261
SRD5A1,-0.0720126612903226
FGF20,-0.09157741935483807
FANCC,-0.051910645161290084
SIMC1///LOC202181,0.008502500000000038
IGHM///IGHG1///IGHA1,-0.11337064516129033
ACSM1,0.10939306451612944
LINC00261,-0.0072879838709676535
GATA6-AS1///LOC728473,-0.47698709677419315
SCLY,0.35900120967741944
RPP25L,0.13237693548387128
FGL1,0.014338064516129501
NR4A3,-0.016574999999999854
SPECC1,0.033133790322580875
DPYS,-0.017444032258064117
BVES-AS1,-0.12055572580645144
ABHD4,0.059634758064516236
CYP1B1-AS1,0.045661532258065116
CNNM4,0.01237072580645196
CHRNA3,-0.15114741935483816
RFPL1S///RFPL3S,0.10256854838709739
S100P,-0.0010509677419353438
CRHBP,-0.04439564516129009
TRAF5,0.05907362903225853
EYA3,0.10179604838709716
UCN2,0.11588854838709695
EIF1B-AS1,0.013909274193548744
FBXO36,0.0020267741935489523
OLAH,0.02115137096774207
EFHD2,-0.15652911290322574
C17orf78,0.012395322580645933
ZNF561-AS1,-0.09416750000000014
CNBD1,-0.0296152419354836
KATNAL2,0.020714516129032315
KCNV2,-0.003648306451612439
NOB1,-0.00812185483870951
SBDSP1,0.05570306451612941
LOC100128612///FLJ12547,-0.03450475806451584
VWA8-AS1,0.03308145161290371
SLC39A11,0.14226943548387108
LOC401463,-0.03671491935483815
EPC1,0.0012083870967747354
ALDH8A1,-0.09094072580645138
KRT17,0.12363846774193576
LINC00410,0.04518798387096802
MYO5C,0.10487467741935498
DAPK1,0.033774677419354825
SERP2,0.0022281451612906995
C10orf88,-0.047082016129031797
CBR3-AS1,0.09357209677419351
LRRC7,0.06420814516129075
ZNF702P,-0.006704354838709504
PDYN,0.03679500000000034
NAALADL2-AS3,-0.14458362903225772
LOC100421171,0.05324225806451664
XCR1,0.028705645161290733
MTCL1,-0.002775241935483552
ADGRB1,-0.09499104838709638
LGALS14,-0.12341862903225762
ARNT2,-0.009239435483870824
LINC01314,-0.01457774193548405
LOC100126582///FGF7P3///LOC403323///FGF7P6,0.06128524193548412
LINC01204,-0.02175701612903192
PROSER2-AS1,0.03497741935483871
LINC00514,0.09008903225806489
AQP2,0.04432685483871004
PHOX2A,0.07731072580645204
CADM4,0.010781451612903621
LOC100506470,0.11598435483871031
PDRG1,0.0469639516129035
HIST1H2BJ,-0.001607258064516161
HR44,-0.02663943548387082
HIRIP3,-0.1249693548387093
C19orf33,0.06711782258064551
NUP210P1,0.005900241935484104
MAGEA8,0.03309854838709699
DNAH12,0.006080241935484322
LOC100133811///LOC100133661///LOC100133484///ECRP///ZNF749///RNASE2///HLA-DRB5///HLA-DRB4///HLA-DRB3///HLA-DRB2///HLA-DRB1,0.03718112903225844
RERGL,-0.023386854838709475
WSCD2,0.09612443548387112
DNAH10,0.08491548387096798
C10orf82,0.004318629032258436
FOXF2,0.0034914516129030387
TRIM52-AS1,0.051048064516129074
TRERF1,0.0407399193548389
LOC339468,-0.1178937096774185
TPRG1,-0.010998951612902878
HOXA6,0.01685403225806463
L3MBTL4,0.004288629032258302
HORMAD2,0.16489201612903287
GNG13,-0.10503120967741926
HCG4,-0.09691983870967728
ASB2,-0.025294435483870593
SYN1,-0.09040822580645154
CLIC6,-0.015731935483870717
TAC1,-0.25457887096774123
EXOC3L4,0.053688387096774676
LOC101929745,-0.11823225806451564
LRRC63,-0.0722437903225804
HLA-G,-0.017874596774193344
LOC401433///NUB1,-0.3926233064516127
DOCK2,0.10133943548387146
LOC100133953///ADCY2,-0.004794596774193308
UTS2,-0.02207895161290299
FZR1,0.17888733870967755
LOC93463,0.049657822580645605
LOC652494///IGHV4-31///IGHM///IGHG3///IGHG2///IGHG1///IGHA2///IGHA1///IGH,0.010081935483870801
TRIM68,0.08647798387096821
LIN28B,-0.0024552419354837256
GRM7,-0.09437854838709665
NUTM2B-AS1///NUTM2A-AS1,0.06644750000000016
LOC101928333,0.015542983870967782
ATP8B5P,-0.1256835483870966
SERPINB11,0.04337427419354835
LOC100134445,0.08580637096774232
LOC400620,-0.01562556451612914
ISM1-AS1,-0.021029435483870637
KIF20A,-0.011027419354838485
CEACAM5,-0.010899112903225233
MAP3K9,-0.17680822580645128
LOC151878,0.0010716129032259333
KDM5C,0.10440056451612943
ACTRT3,-0.011122499999999761
ODAM,0.012431129032258535
PLEKHM3,-0.010884435483870357
RARRES2,0.19366104838709702
CXorf51A,-0.06659322580645125
TMEM151B///SPATS1,0.023378790322580913
RBM45,0.022828306451612983
SYNE4,0.024594193548387624
SPATA32,0.01422346774193576
PLEKHA4,0.010010725806451565
C15orf32,-0.03213580645161255
LOC1720,-0.30923088709677365
LOC285957,-0.007232983870967564
CFAP52,0.06858685483870984
REPS2,0.038449516129032434
MSANTD4,0.01484056451612932
LRRC66,0.01997241935483908
LOC105379362,-0.0007304032258060407
LRP1B,-0.06470879032258074
DHDH,0.050017661290322785
ADGRE3,0.02037685483871013
PNLIPRP1,-0.210504435483871
LURAP1L,-0.1502875806451609
UPK2,-0.0062417741935479505
TUBG2,-0.0389340322580642
COL28A1,-0.23167040322580595
DIRC3,0.06187040322580652
ZNF491,-0.1516655645161289
SEC23B,0.0002364516129033105
LRP5L,-0.18126967741935462
ARHGDIG,0.016950403225806595
GABRG3-AS1,0.013265564516129435
LOC100128259///LOC346887,0.04625177419354907
S1PR2,0.01230217741935543
IL1F10,-0.02322814516129014
IFNA10,-0.1851326612903222
SLC22A4,0.007984435483871025
DGKH,-0.007231693548386847
C1orf101,-0.030633951612903
TTTY9B///TTTY9A,-0.02325967741935453
LOC728475,-0.009204193548386733
ADGRG3,-0.0006045161290320943
METTL2B,-0.2505777419354835
MAP3K19,-0.0063541129032254895
KIFAP3,-0.015727580645161165
FANCD2OS,-0.08171483870967725
CSMD3,0.039852822580645535
GALNTL5,-0.0071932258064513355
MLIP,-0.13257806451612875
ZNF527,-0.04757556451612875
IYD,0.011225403225806441
NFS1,0.05236282258064524
OLFML1,0.0757368548387101
KBTBD4,-0.03393201612903207
EFCAB8,-0.07766782258064492
PTP4A3,0.0027354838709679127
TTTY6,0.014535161290323048
S100A14,-0.007911854838709606
RANBP3L,-0.035332822580644685
LINC00310,0.03559774193548431
PAN3-AS1,-0.019834435483870816
ARSF,-0.07338266129032255
LINC00644,0.010167741935483901
APOC4///APOC2,-0.058712661290322155
TUBGCP6,-0.09623185483870944
TMEM27,-0.03520669354838675
LOC101929504,-0.25552217741935446
ZNF519,0.041866612903226116
SMG7,0.07172379032258087
TFEB,-0.0070214516129034205
LINC01440,-0.04763145161290269
LOC100506274,-0.04354766129032234
LRBA,0.0016667741935485333
ECE2,-0.17001491935483837
LY86,0.0030254838709678324
APOBR,0.08387564516129058
SPAG6,-0.08151814516129026
POU2F2,-0.19423556451612872
SLAMF1,0.01587677419354893
PRPF19,0.021875000000000082
HDDC3,-0.021284596774193452
SLCO1A2,-0.030618064516128845
DBN1,0.15762580645161317
SNX31,-0.057429274193548534
GHRLOS,0.015163064516129064
TRBV7-8,-0.07216274193548408
SNORA17B,-0.07844532258064489
LY75,-0.05170217741935462
LINC00839,0.05523645161290358
FZD10,-0.010679596774193185
STK10,0.0041336290322587935
PRKAB1,0.16698177419354845
SLC16A6,-0.01034443548387091
SOX12,-0.012916370967741599
TLR5,0.0030327419354838053
ANKRD33,-0.13896354838709632
LOC730168,-0.10927395161290313
ZNF572,0.14464927419354845
TUBA3FP,0.02077854838709714
INA,-0.058040967741935096
TPX2,-0.16506862903225789
LOC105374290,0.004408548387097068
PLPP7,0.10036338709677474
DEPDC5,0.014064193548387297
LOC646241,0.04157862903225819
LINC00587,-0.0006186290322580412
TUB,0.07583266129032266
LRRTM2,0.0030002419354837155
LOC101929488,-0.10983604838709668
GBGT1,0.07752669354838734
CCDC122,-0.22322096774193548
R3HCC1L,0.07188274193548419
IP6K2,0.012763145161290797
LOC100505878,-0.018695564516128665
CSF3R,-0.18987322580645158
IL17RC,0.12540024193548424
LRRTM1,0.15946870967741963
L3MBTL1,-0.012479193548386704
IQCD,-0.09053177419354808
BRSK1,0.06144620967741958
IL23A,0.0437897580645164
ANXA13,0.03701362903225823
LOC105371703,0.01966080645161362
SIGLEC17P,-0.1956471774193544
CCDC117,4.661290322617931e-05
GIT2,0.021018629032258405
CATIP-AS1,-0.25929362903225794
EVC2,0.020159677419354843
GPR6,-0.0736237096774187
CTLA4,-0.004727177419354359
GATB,-0.08654879032258038
CDH26,0.24003032258064527
DARS2,0.01898725806451685
LOC102724708,-0.02751040322580603
LOC643733,0.01685556451612952
MYADM,0.04370967741935536
DHRS7B,-0.0027612096774191457
SV2B,0.020019758064516294
MGC57346,-0.13056717741935445
RASGRF1,-0.016009838709677347
ZNF584,0.00506991935483901
GJB6,0.001651048387097261
LCN2,0.01466088709677454
CIITA,0.023377741935484177
FXYD2,-0.012265403225806507
LOC100134331///IGHM///IGHG1///IGHA2///IGHA1///IGH,0.003429919354838766
CMTM3,-0.15869556451612885
SZRD1,0.09164766129032302
LOC643406///LINC00654,-0.004888548387096299
C5orf51,0.015113951612903511
SNCG,0.033374677419355424
APCDD1,-0.10062798387096734
RADIL,-0.14116693548387116
FAM209A,0.015648064516129462
P2RX6,-0.060914112903225466
DUSP9,0.0608174193548391
IGHV4-31///IGHM///IGHG3///IGHG1///IGHA1,0.007358467741935538
NARFL,-0.029858951612902994
FAM66D,-0.13014225806451582
ASB4,-0.01882790322580608
SLC7A14,-0.13013556451612868
LOC727924///OR4N4,0.03783459677419382
FAM120B,0.012058387096774396
PPP3R2,-0.1517222580645156
RPTN,-0.0295201612903225
TRAF4,0.035085241935484394
TIRAP,-0.02416298387096729
FAM66C,0.012780403225807077
DNAJB8-AS1,0.0033058870967746685
OR2F1,0.049176129032258355
LOC100131914,-0.03415693548387028
LOC101930105,-0.027675241935483107
KCNIP3,-0.1933958064516126
CT83,-0.009191129032257644
NBR2,-0.056672177419354514
IGLJ3,-0.012909435483870638
PTENP1,-0.14664911290322563
C15orf52,0.021392419354838686
POU5F2,-0.042810403225806204
TOM1,0.116807661290323
KRTAP9-8,0.0657926612903231
DEFB124,-0.089986774193548
LOC101929586,-0.0018288709677418344
LOC101059948,-0.044445806451612196
CCDC27,0.04824008064516145
PRSS27,-0.06831596774193527
RRAS,0.0695157258064518
SLC25A3P1,-0.014328951612902771
C22orf31,-0.003218709677418934
ASZ1,-0.018126612903225345
MAMDC2-AS1,-0.18613758064516125
NUF2,0.017947741935484186
FAM167A,-0.10509475806451599
AURKA,0.00560217741935527
STBD1,0.004908951612903532
CX3CR1,-0.037773709677418985
KCNK15,0.47097750000000005
PGS1,-0.2472008064516124
C1QA,0.04322887096774228
EPCAM,-0.11743161290322547
LOC105373942,-0.03753999999999968
RS1,-0.006984435483871189
ZMAT4,0.008340161290323141
DPCD,0.0326614516129036
FAM50B,-0.0025978225806452607
LOC100507201,0.0137395967741938
LINC01500,-0.02392241935483873
HAVCR1P1,-0.016577499999999808
INPP5J,-0.03905758064516124
HILS1,-0.011761532258064108
ARAP3,0.07001040322580657
LINC00557,-0.040854032258063944
ST6GALNAC3,-0.01222354838709647
CAND1.11,0.015230161290322893
ACPP,0.18757056451612952
LIAS,0.03636145161290322
HORMAD1,-0.15299072580645157
CMTM2,0.05777201612903239
TRBV25-1,0.01223129032258125
LOC286154,0.04446048387096817
ITGA2,-0.041077338709677294
CHEK1,0.03943443548387109
CARD8-AS1,0.02110975806451644
LINC01619,-0.0273259677419354
TDRD9,-0.01117120967741922
DSG3,0.07086274193548395
LOC283485,0.09869008064516172
LOC401176,-0.03549919354838667
HAGLR,-0.031984758064515464
LOC728613///RGS8,-0.19927814516129017
LYPD6,-0.027739838709677084
HOXA3,-0.013296532258064268
KRTAP4-3,-0.01954379032258023
B3GNT3,0.08633838709677463
DLGAP1-AS3,0.01548540322580666
ZNF470,0.025571693548387273
PTCRA,0.21443758064516155
C6orf15,-0.025914193548386862
LOC101929963,0.013270322580645174
C2orf71,-0.11758927419354799
MAN2C1,0.10906967741935528
KCNQ1DN,0.03753991935483875
LOC100133623///LOC649970///CKMT1A///CKMT1B,0.008690483870968064
FAM184A,0.05145451612903282
PTPRN,0.12947629032258112
DCC,-0.30529701612903176
LOC100507073,-0.05846443548387094
F11-AS1,-0.025942499999999674
MAST2,0.03358967741935475
LOC100134695///LOC100132964///LOC100132080,-0.019317419354838602
SIN3B,8.016129032337171e-05
RBM14,0.04251822580645192
SNX8,-0.029914919354838847
TTC22,0.043743629032258556
LRTM1,-0.023040806451612206
LINC01107,-0.1162854032258059
GABRA1,-0.0805201612903223
LOC647323,-0.02327701612903192
LOC101928386,-0.040026451612902816
OBP2A///OBP2B,0.042449516129032375
FICD,0.15130846774193574
LOC100129282,0.040751854838710175
FGF23,-0.15274612903225795
LOC101929977,0.1277791129032263
WISP2,0.17051596774193542
WDR27,0.1468758870967744
VEGFC,0.0002224193548388733
TMEM119,-0.01114322580645112
BTBD9,-0.025690564516128528
RPA4,-0.04325709677419298
TTTY11,-0.022692822580644728
NR2E1,0.021482500000000262
A2ML1,0.07375991935483892
CRIPAK,-0.009070161290322249
FIG4,0.146532096774194
MCM5,0.09347266129032275
IGFBP7-AS1,0.01590241935483889
LINC00910,-0.041259032258064265
GAN,0.009008467741935984
LDB3,0.1338362096774192
LOC400796,-0.02886241935483814
ELF3,-0.010260403225806368
NHEG1,0.030089274193548933
PTOV1,-0.01820637096774161
SSBP3,-0.005260483870967435
ST8SIA5,0.02008677419354822
LINC00867,-0.07746629032258076
WDR5B,0.03819120967741981
CKS2,-0.0014737096774190535
NRGN,0.02012943548387122
SPATA25,0.11421645161290307
TBC1D24,0.0055058064516131135
LOC101929450,-0.03264403225806376
C3orf53,-0.09646362903225737
LOC101929288,0.12525798387096782
SEC16A,-0.021016370967741643
TIMM17B,-0.07851387096774164
PRKCD,-0.005953951612902628
SPEF2,0.03241314516129032
ARHGAP23,-0.0033954838709674365
TRAPPC1,0.07463806451612931
USP30,0.024742500000000445
INF2,0.005582419354839126
YPEL1,-0.0007999999999997618
NDOR1,0.15287209677419353
ENPP3,0.044275322580645565
LINC00672,0.22433717741935513
NOG,0.07564346774193605
DDC-AS1,0.0056284677419360316
HRH4,0.06217677419354833
FAM47A,0.016147419354838766
COL4A5,0.09409161290322587
CXCL1,-0.01114838709677381
LOC101927901,0.02890233870967774
MRPL14,0.0006450806451613732
LOC101929073,-0.09531104838709652
COQ6,0.030208387096774238
CCDC65,-0.020585241935483466
LOC101927204,-0.07230556451612888
TLR3,0.05527741935483903
TEAD2,-0.3014159677419352
SPACA6,-0.04653540322580631
LOC105369705,-0.09539629032258028
ZNF767P,0.056289758064516755
PCED1A,-0.03004370967741939
LGR5,0.007143387096774302
BCORP1,-0.019060403225806113
MYO1A,0.0657249193548392
PHF21B,0.014573548387097051
LINC00521,-0.028284838709676886
LOC285857,-0.03785943548387096
CRNKL1,0.19746830645161298
STAP1,0.06008709677419377
MASP1,-0.0081187903225807
LOC101928728,0.007573870967741978
LRRK2,0.029160322580645496
TYRP1,-0.10635370967741892
PPP1R26,0.061825887096774695
ARRB2,0.04210951612903263
ANO3,0.03599120967741912
ZMAT5,0.001876209677419742
LEF1-AS1,-0.0049104032258064124
TUSC1,-0.04718379032258072
CLYBL-AS2,0.024493951612903648
PRO2214,-0.20650459677419347
ACTG2,-0.022427983870967533
LINC01142,-0.012798951612902993
ALDH1A2,0.04807096774193566
PAX7,-0.011208790322580552
LOC105379499///FLJ45482,0.08307895161290343
FPR3,-0.0006425806451609249
BIRC7,0.20727991935483894
ACOT12,-0.008473387096773585
MSH4,-0.13871064516128978
FRMD8,-0.03490701612903156
LINC00354,-0.007526451612903275
MOG,0.04282064516129047
LOC643517,0.0034175000000003994
PRSS2///PRSS1,-0.00860064516128984
OLIG2,-0.03613879032258052
SNX30,0.004165241935484083
GRAPL,0.02525403225806462
LOC100130452,0.08802637096774218
LOC100129129,-0.011043790322580432
ITGAM,0.005749758064516301
PHLDB3,-0.05672048387096727
PPP1R3F,-0.07207032258064527
CNNM2,0.0018337903225810715
ASIC1,-0.0997915322580642
RTEL1///TNFRSF6B,0.03016806451612905
LINC00559,-0.032736693548386556
LIMK1,0.11618008064516161
ZPBP,-0.03561499999999946
LOC105370424,-0.22853370967741848
CPEB1,0.31166346774193593
DKFZP434K028,-0.034773225806451064
CPXM2,-0.00745741935483824
VPS33B,0.19140064516129035
CCDC88B,0.07121169354838731
PNKP,0.146043548387097
ZNF681,0.05097120967741947
ZNF585A///ZNF585B,-0.07006733870967688
PKN3,0.04490548387096781
TMEM200B,-0.10090040322580618
KIAA0100,0.08257443548387115
SEMA3G,0.129712983870968
ZNF674-AS1,-0.03847282258064501
GMPPA,0.07675346774193581
LOC102725116,0.07488411290322589
LOC101930114,-0.20034669354838683
DENND2C,-0.03853629032258034
SPI1,0.10802983870967742
CDCA3,0.159106451612903
IGHM,-0.020475403225806238
LOC100505942,-0.13336467741935473
GCG,-0.06576677419354812
TPRA1,-0.054696693548386986
GABRD,-0.06740782258064502
TDRG1,-0.1028801612903225
HMBS,-0.04719645161290288
CRIP3,0.027392903225806738
SRGAP1///SLC4A1,0.0022303225806453355
PIWIL2,0.1501626612903229
ACVR2B-AS1,0.006566048387097072
LOC285178,-0.037163548387096644
RGS4,-0.02860766129032216
ISG15,0.004988870967742271
LOC652494///IGHM,-0.23163806451612845
KDM8,0.04846177419354874
SCN2B,-0.19358766129032207
FAM9B,-0.009996048387096265
TTLL6,0.06501580645161327
CYP11A1,0.21285282258064528
COX14,-0.02117499999999964
PRORSD1P,-0.0809674193548381
LOC100420758,0.08234653225806472
TLE6,0.023973951612903333
CYP4A11,-0.020384596774193468
ZNF329,0.017879193548387066
SCN10A,-0.05640024193548361
LOC101927331,0.022164193548387216
FAM64A,0.12591806451612914
LRRC27,0.03054201612903254
ISOC1,0.004800483870968055
LOC100128551///ZDHHC14,0.005480322580645281
MAP3K10,0.021880645161290718
CD300A,0.06538935483870958
ZSCAN23,-0.004166370967741719
LOC554206,0.03912048387096836
NMNAT3,0.0031609677419360237
CRAT37,0.09048258064516171
C5orf58,0.024228548387097284
PSTK,-0.009550967741935628
LINC01333,-0.0421676612903225
LOC100130998,0.12519435483871
FANCF,-0.015435080645160915
PRR12,0.30226887096774213
PRR3,0.04474274193548446
LOC285889,-0.06524475806451602
LOC100507670///ZNF687,0.04481056451612958
STX3,-0.1365254032258063
LOC101927495,0.11572653225806487
IFNA7,0.003381854838709923
LINC00960,0.08801395161290329
LOC100129673,-0.13085096774193516
C14orf81,-0.10483290322580617
CTXN3,-0.07746870967741898
PCDH20,0.016650645161290473
ZGLP1,-0.10806379032258032
GPBAR1,-0.004451129032257639
DIAPH3-AS1,-0.06161572580645158
CMTM1,-0.026983548387096604
EPHA10,-0.021468306451612764
RTP1,-0.012068225806451489
LOC650656,0.009358145161290332
LINC00909,-0.0016123387096767588
WWTR1-AS1,0.0049576612903226396
COLEC11,-0.18065169354838675
ZBTB11-AS1,-0.14014725806451575
KCNQ1-AS1,0.035273629032258336
KIF28P,0.04664258064516185
IVL,-0.2833312096774188
DCAF4L1,-0.030200887096773966
RAMP1,0.04749225806451651
OR1E2///OR1E1,0.008312258064516324
TRPC5OS,-0.0038620967741932093
NDE1,-0.04156540322580586
RCVRN,-0.049957096774193126
AKAP4,-0.007026451612902839
TLR6,-0.025963145161290103
GHRL,-0.0693145967741931
SNHG17///SNORA71B,0.057066451612903274
SETD9,-0.005094274193548161
CCSER1,-0.006695645161290245
BCS1L,0.010768870967742004
C1orf115,-0.0035068548387092724
EYA2,0.2003171774193549
SLC37A4,0.10574177419354897
LINC00545,0.12685975806451585
LOC284898,-0.14249774193548398
SLC41A1,-0.0607346774193544
CAMK2N2,-0.00413991935483875
LOC105371352,-0.14405483870967714
TBC1D10B,0.33935870967741916
VRK3,-0.011229838709677177
SMAP2,-0.06683145161290314
CYP2A6,-0.007039354838709343
KCNN2,-0.02544588709677361
LOC100505666,0.058641129032258904
LARGE2,0.132371370967742
LOC389765///KIF27,0.03224935483871012
CDY1B///CDY2B///CDY2A///CDY1,0.027441451612903144
HSPA1L,0.0009008064516130747
LOC101927865,0.02206008064516128
LINC00284,0.25440830645161294
PDE6G,0.0421279838709679
FOXH1,-0.032300161290322295
ZNF596,-0.018964596774193265
CBLN4,-0.1262021774193548
SEMA4G,-0.034237177419354475
ATP4B,0.05312411290322614
CSH1,-0.00024588709677398485
MEP1B,0.005030161290322621
FNDC8,0.01926733870967772
LOC339260,0.0035906451612907585
SMIM2-AS1,-0.035384435483870796
LOC100134295///SLCO4A1,-0.024196290322580492
NACA2,-0.14356991935483865
GIMAP1-GIMAP5///GIMAP1///GIMAP5,0.08996943548387122
APOH,-0.05421508064516098
SORCS3,-0.0011329838709676094
HYAL4,0.061326129032258155
ECI1,0.00027580645161348616
MEX3B,0.037864354838709924
H1FNT,0.018430725806451765
APOL3,-0.010341532258064392
NEIL1,0.18736580645161338
LOC100134226,-0.016712338709677182
RTP5,0.08421693548387138
MARVELD3,-0.0373676612903223
CCDC127,-0.031084112903225214
DMGDH,-0.013176290322580476
TUBB1,0.008599112903225892
LOC101927165,0.008774032258064664
PCDH11X,0.025868306451613067
PRKY,-0.009140080645161057
EHBP1L1,-4.629032258020305e-05
ENPP7,-0.0704424999999997
SIGLEC9,-0.006889516129032143
SOCS2,-0.0027956451612903303
LOC257396,-0.028253225806451496
PGK2,0.0038658064516133447
LINC00838,0.0595864516129036
PRCD,0.011959596774193964
IGLV6-57,-0.07529338709677401
LOC101060019,-0.03803814516129008
RILP,-0.03546895161290295
IQSEC2,-0.0763558064516126
PRKAR2B,-0.07218887096774182
PIH1D3,0.0016316129032256958
SLC4A5,-0.29448588709677376
AP5Z1,-0.023980241935483634
MARCH11,-0.15968338709677382
MS4A15,-0.07612427419354796
MSTO1,0.07831604838709694
TNFRSF14,0.03633516129032275
SLC6A16,0.044356612903226345
HHLA3,-0.041477822580644905
LOC100130315,0.05330209677419372
NLRP2,0.03331983870967745
ADIG,0.027294032258064614
URGCP,0.08246653225806481
IFNA8,-0.054783387096773606
CTNNA2,-0.011613951612903012
FLT4,0.018751935483870837
LYZL2///LYZL1,0.014094354838709647
GAL3ST4,-0.04115629032258022
NOTCH2NL///NBPF14///NOTCH2,0.042227338709677355
NMU,-0.028432258064516158
LOC101929413,-0.006622338709677204
LOC100131731,-0.013096129032257833
LINC01538,-0.03389798387096774
C11orf88,-0.03192725806451604
SLC46A2,-0.02109145161290317
RPP14,-0.06282306451612868
SERPINA7,0.056550645161290845
WFDC21P,-0.005177338709676925
LOC105274304,-0.07104249999999913
TK2,-0.014011129032258002
LOC100129098,0.019122016129032474
LOC100507506,-0.09686395161290298
FLJ27354,-0.028866854838709387
WDR81,-0.05332193548387051
OR13C4,-0.005272499999999673
RND1,-0.006967338709677272
SLC22A18,0.13171088709677475
CYB5R4,0.08956516129032265
SLIT1,-0.06689475806451586
RXFP2,0.08660201612903246
MIP,0.11675169354838734
TSHZ3,0.08998104838709703
HMX2,0.07721120967741918
CRTAM,0.04583419354838721
PAX8,-0.015076209677419287
LOC153684,0.021035322580645454
DNAH12///ASB14,0.09738862903225884
LINC00421,0.05051766129032284
IL10RA,-0.05397201612903213
LOC101928162,0.029006612903225877
TM4SF20,-0.038229354838709415
HPS6,0.07580451612903283
LOC101927814,0.01130161290322565
LOC100133503///LRRC37A17P///LRRC37A2///LRRC37A3///LRRC37BP1///LRRC37B///LRRC37A4P///LRRC37A,0.015788064516129015
ZNF75D,0.01727500000000007
MSTO2P///MSTO1,-0.08274927419354836
CHL1-AS1,0.07144185483871
LOC105377143,0.014128064516129205
DNAH9,0.18571048387096767
LOC101928196,-0.001281693548387126
REG1A,0.04985475806451657
ISCA2,0.02021903225806483
LOC101927478,0.01932129032258052
KIAA0922,0.05010153225806484
TAPBPL,0.06102338709677483
LOC101928861,0.07412451612903222
CGN,-0.03199733870967714
FAM167B,-0.07616233870967698
RIPPLY3,-0.02694258064516093
GJB3,0.06461854838709705
REG3G///REG3A,-0.0037595967741932673
RIBC2,-0.007049032258064448
RBM20,0.007601209677419799
RAB43///ISY1,-0.06265016129032258
GJD3,0.0885292741935487
GVQW2,-0.0074452419354834876
LINC00884,-0.01894104838709646
C16orf74,0.009225806451613045
TRABD2B,-0.06980709677419329
GUSBP4,-0.004352177419355067
IGSF9,0.008749596774193761
SH3BP5-AS1,0.04588298387096808
EDN3,0.04565330645161306
C1orf127,0.00991048387096771
LOC100131512,0.1708844354838709
PRSS12,0.012905322580645844
NBPF1,0.07987120967741917
LGI4,0.0022265322580649546
LOC100131763,0.02469072580645192
HLA-J,-0.003735403225805997
PRAC1,-0.043860887096774166
ERI2,0.028786048387096894
HERC2P3,0.09887653225806463
C20orf197,-0.15025806451612853
LOC105377348,-0.13121532258064506
HMGB1P37///HMGB1P10///CTCFL///HMGB1P1///HMGB1,-0.003651370967741677
AK7,-0.04270774193548383
MUC12,-0.13141741935483828
B3GALT6,-0.10931145161290284
CUX2,-0.01678395161290279
EPR1,-0.05118008064516101
IGLV2-11///IGLV2-18///IGLV2-23,0.045637822580645256
DDX11L2,-0.004890887096774255
KCNJ1,-0.1758896774193544
PRO0471,-0.0029700000000000334
PPP1R10,0.006156693548386927
OR2S2,0.03806991935483874
FAM229A,0.03737403225806471
MISP3,0.05072080645161332
HNF1B,-0.08390725806451588
CGB8///CGB7///CGB5///CGB3,0.028841935483871057
OR1G1,-0.057946854838709615
ELMSAN1,0.04562443548387156
TRIM43B///TRIM43,0.0007418548387100711
ZNF549,0.03463548387096802
GKN1,0.027526290322580728
LINC01103,-0.15112435483870915
TMEM74B,0.10551419354838731
CLEC4D,-0.10849290322580613
ADAM21,-0.047300887096773714
PCDH19,-0.04411814516129005
C17orf100,0.06166370967742023
LOC105370549,-0.019645806451612853
DAZL,-0.06476145161290331
CTIF,-0.11940846774193514
FHL5,-0.149722016129032
GRIN1,0.033921854838709936
SECTM1,-0.0040894354838705675
LOC100130353,0.004312983870967759
TCEA2,-0.09181758064516102
NEGR1-IT1,0.04033064516129056
GOLGA7B,0.05257604838709691
LOC100132409,0.014520806451613176
C6orf58,-0.012429677419354624
LRRC34,0.01243427419354875
INO80C,-0.05360516129032221
SHBG,0.09883322580645161
LOC285500,-0.11152806451612907
LOC105369739,0.006942338709677833
SERPIND1,-0.11396112903225765
TBX19,0.12680983870967782
ZNF214,0.05512653225806481
EXOSC5,0.10034056451612947
MSMB,-0.0014640322580644037
KCTD2,-0.1741932258064512
LOC728445,-0.023057741935483843
LOC100507283,0.023407338709677667
UBTD1,-0.0012246774193548152
TMEM37,0.03148717741935511
ANKRD55,-0.18931661290322588
RIDA,0.007307983870967838
SKIDA1,0.025617096774193646
CDS1,-0.18758790322580635
TICRR,0.0037985483870967684
GAFA3,-0.11368499999999965
TMCO4,0.07493701612903221
CTBP1-AS,-0.04471459677419319
LRRC23,-0.11559524193548358
LINC00607,-0.07142177419354802
LOC100129069,0.025652016129032944
ARL14,0.02749814516129079
NEU4,0.015282016129032612
SLAMF7,-0.009710241935484178
CNTN4,0.03838887096774177
MTMR9LP,-0.030305806451612315
EMID1,-0.08851846774193568
CD34,0.07311717741935525
CCKBR,-0.014447822580645277
LOC100996251,0.04126258064516172
GFRA4,-0.07100806451612877
CLVS2,-0.02536846774193508
LOC101927379,-0.057799193548387334
ARID1B,-0.0027199193548381405
DPYSL4,0.008716129032258074
LOC105377276,-0.016291774193548245
IL22,0.07105459677419425
CACNA2D1,-0.02043096774193498
ATP2B2,-0.0201937096774193
LOC100128943,-0.017993387096774102
MGARP,5.8467741935377265e-05
RAD51AP1,0.014599677419355164
GBP1P1,-0.1670970967741934
SUOX,0.1745276612903227
BRPF3,-0.14549862903225771
ASCL3,-0.017838951612902807
FAM153A,-0.015367983870967689
OGDH,-0.051324758064515884
MOGAT1,0.07843314516129032
E2F8,-0.02864120967741922
LOC101929497,0.0795576612903227
TIPIN,-0.0143076612903223
PARVG,0.043632500000000095
ABCA12,-0.19269427419354807
SNAI3-AS1,-0.00682604838709637
ASXL3,0.014273870967741676
DEFB114,-0.0010598387096771265
ZNF669,-0.011890403225806062
LOC101928651,0.026039596774193503
NEURL1B,0.045112903225806716
PRAM1,-0.09434564516129033
CMYA5,-0.1749763709677417
LOC284244,-0.0173160483870969
NOX1,0.1042182258064519
LINC00052,-0.0012867741935477226
EDAR,-0.10693201612903198
DIRAS1,-0.0005402419354837464
SNIP1,0.036252822580645716
ZDHHC23,0.05193040322580667
TNFRSF21,0.0030566935483872476
FAM181B,0.04805169354838752
ANGPT4,-0.016550080645161207
DPCR1,-0.007247177419354642
GPHA2,-0.08796016129032261
LOC101927876,-0.03629483870967692
SMIM10L2A,-0.012472822580644888
OVOL1-AS1,-0.07096983870967702
LOC730217,0.06060540322580643
TBC1D19,0.21697080645161287
RD3,-0.0019233870967735323
SLC29A3,-0.01679943548387097
FLJ31958,0.010527661290322761
SEC1P,-0.06688153225806429
FAM47C///FAM47A,0.007561370967742299
HIGD1B,-0.07101774193548333
DHRS2,0.06218435483870957
C12orf66,0.018350967741935533
FREM2,-0.1949139516129031
SEZ6L,0.008713951612903354
ZSCAN5A,0.11015201612903239
S100A16,-0.015882096774193534
ATXN8///KLHL1,0.05687741935483934
ANKRD13D,0.1137976612903229
LOC729285,0.005298548387097101
LOC339807,0.008297177419355258
F2,0.07026733870967733
GAS1RR,0.08893427419354868
FLJ35700,-0.09042072580645127
HERC6,-0.002566451612903155
FSIP2,-0.027863387096773932
CCDC78,0.08279879032258057
TTTY8B///TTTY8,-0.042837822580645016
INO80B,-0.132315887096774
LOC100128198,0.0019354838709681988
DTX2,-0.11559467741935431
LSM10,-0.10099491935483834
CCDC170,0.010628870967742005
ADNP2,-0.042385967741935274
RASGEF1A,0.09842830645161302
LHX9,-0.18225201612903172
LOC100130757///C10orf71,0.163286612903226
LOC100129546,0.024814758064516225
PDHA2,0.010812580645161558
UBE2T,0.014634516129032441
PRPS1L1,-0.003863870967741748
IL20RB,-0.10444120967741902
CLIP1-AS1,-0.10519661290322561
GK3P,-0.012379758064516543
CADM2,-0.18816024193548353
ANKRD26P3,0.09292201612903268
TYRO3,0.024455403225807006
GPR55,-0.05394499999999971
LOC284120,0.036475645161290426
C15orf57,-0.03216661290322516
KCNMB4,0.054978790322580864
MGC16025,-0.009071209677419177
ATG4B,0.07742241935483894
MRPL41,0.1269276612903225
LINC00689,0.00080290322580667
LINC01341,-0.10746709677419299
HAVCR1,-0.09120774193548306
TDRD7,0.011739193548387702
RNF122,0.10200467741935496
ZFP57,-0.042178225806451246
MGC14738,-0.007665887096773469
BFSP2,0.0006039516129035878
LINC01554,-0.004880161290322697
LOC105378311,-0.043398870967741615
RBP2,-0.025589999999999665
ANGPTL6,-0.07068169354838674
GHRH,0.04137709677419399
MAS1,0.0037042741935485015
SFTPB,-0.03113927419354799
MACROD2,-0.06377661290322556
GSG2,0.024820645161290292
LOC101929279,-0.004414435483870566
IL1RL1,-0.02621596774193525
GGT1,-0.008144838709677582
CALCB,-0.0845465322580644
RAPGEF4-AS1,-0.007994596774193603
SIGLEC16,0.012211774193548786
NLRP13,0.01996120967741967
LOC284294,0.01936717741935514
AGAP4,-0.023852903225805907
CDX1,-0.05645516129032206
TCEB3CL///TCEB3C///TCEB3B,-0.00030903225806412724
MGC27382,-0.007341209677419205
ZNF784,0.007630806451613063
PLP1,-0.0034166935483871935
PANX2,-0.033470080645161014
LOC101928284,0.07100161290322587
EMX2OS,-0.05388112903225778
ZIC2,-0.005213790322580637
SH2B3,0.0030854032258067366
PTPRT,0.024934435483871187
SYN2,0.0824055645161294
IL36B,-0.016536532258064226
RBM14-RBM4///RBM4,-0.010146612903225534
HLA-DMA,0.014556209677419643
MILR1,-0.06490999999999965
ACER1,-0.0771227419354835
SLC47A1,0.1149127419354844
VIL1,-0.08008088709677373
TACSTD2,-0.005422741935483626
LOC100127955,-0.025116532258064032
LOC105377421,0.048844758064516505
LYZL4,-0.10779887096774182
WNT8B,0.1974433064516131
LOC100131637,0.07764096774193585
OR2M4,-0.303145403225806
CD160,0.016801854838709832
PGPEP1,0.009337258064516227
SLC16A10,-0.13808733870967704
MEIS1,0.019366048387096928
LOC101927648,0.012863387096774419
LOC440602,0.10498072580645165
LOC100134053///POLR2J3///POLR2J2///POLR2J4///POLR2J,-0.02217258064516116
RHPN1,-0.03338911290322542
LOC100129449,-0.03541016129032272
LOC100132853,-0.0052541935483866944
BOLA2,0.03054403225806466
ITGB7,-0.0026574999999997156
TMEM178A,-0.020672096774193495
ALDOAP2,-0.08877459677419312
CTPS1,0.08781153225806466
TBRG4,0.00859451612903255
LOC100133773///RPL21P80///RPL21P87///RPL21P37///RPL21P18///RPL21P16///RPL21P14///RPL21P134///RPL21P45///RPL21P119///RPL21P93///RPL21P98///RPL21P82///RPL21P46///RPL21P61///RPL21P69///RPL21P19///RPL21P62///RPL21P29///RPL21P44///RPL21P39///RPL21P97///RPL21,0.1036355645161293
LOC285556,0.008795322580645366
ZNF780B,-0.002476290322580439
TTYH3,-0.06837491935483841
ST3GAL5,0.055556774193548486
EMC3-AS1,-0.021114838709677494
LRFN2,-0.1796780645161285
RIMBP2,-0.170218467741935
S100A3,-0.011319516129032021
SEMA6C,-0.02477895161290303
SLITRK5,-0.08096040322580632
MOBP,0.02959758064516183
RHNO1///IGHG1,-0.12436645161290238
GNGT2,0.13314217741935527
HAMP,0.1466927419354839
TUSC8,-0.0004451612903224487
TCEB1P3,-0.1221985483870967
LOC645261,-0.0010895161290318824
MATN1,0.0425037096774199
ANXA9,0.06232241935483908
L3MBTL3,-0.039679354838709525
SPATA24,0.13973798387096772
ANGPTL7,-0.02068241935483813
C15orf61,-0.1228948387096772
STK40,0.02366975806451626
SMAGP,-0.05193088709677347
RNF4,-0.0038848387096769646
GCM1,-0.008979435483870892
ALMS1P1,0.09307895161290371
LOH12CR2,0.10824911290322599
RGS22,-0.008890322580645038
ZNF793-AS1,-0.04238483870967753
INSL5,-0.2622229032258062
CCDC60,0.0790281451612909
C17orf47,0.019731935483871497
HGH1,-0.36214314516129
DDC,-0.014677661290322212
LOC100129965///PRDM11,0.004701290322581098
VN1R4,0.07802354838709688
SIGLECL1,-0.07572959677419323
KRT5,0.049356209677419535
LOC100134317,0.007787096774193567
SYNDIG1,-0.03831814516129002
KLRF1,0.004463709677419733
LOC101929628,0.019185483870968134
CEP83,0.021584677419354853
CNTN3,-0.005688870967741596
ACIN1,-0.0079363709677416
C1orf220,-0.05134879032258027
C14orf169,-0.09638524193548334
FAM86JP///FAM86HP///FAM86DP///FAM86FP///FAM86C2P///FAM86GP///FAM86EP///EEF2KMT///FAM86B1///FAM86C1,-0.03697233870967724
LINC01585,0.0033972580645164696
MFI2-AS1,0.023506451612903934
FLG2,-0.03319564516129019
ACAD8,0.022059838709677315
ART3,-0.19597185483870966
TMEM256,-0.005793306451612431
AADAC,0.05047258064516143
PTPRH,-0.05714588709677407
LOC101927752,-0.028823629032257644
GNB3,0.4359173387096774
LINC01346,0.07956620967741954
CES5A,0.01653354838709678
ZNF708,-0.006522580645161284
BDNF,-0.0053302419354835685
HMP19,0.008228870967742637
PLPP3,0.01965451612903253
PTPRR,-0.02498903225806432
DMBT1,-0.09338419354838706
OR1F2P,0.0043471774193549854
PCDHB2,-0.045008870967741664
ULBP2,0.03676887096774223
LOC101928557,-0.0014468548387092416
FSTL5,-0.02718669354838713
SEMA6B,-0.0661939516129032
LPAR3,-0.098761209677419
GANAB,-0.03238830645161252
DNM1P41,0.10555725806451614
PRCAT47,0.09804370967741952
SOWAHA,0.09922620967741919
MTURN,0.07575532258064574
LOC101928525,0.09462572580645194
ERMN,0.026912580645161527
JAZF1-AS1,0.007256532258064763
LOC100128922,-0.034226129032257815
HNRNPA1P36///HNRNPA1P59///HNRNPA1P6///HNRNPA1P51///HNRNPA1P53///HNRNPA1P50///HNRNPA1P27///HNRNPA1P10///HNRNPA1P52///HNRNPA1P12///LOC642817///HNRNPA1P30///HNRNPA1P39///HNRNPA1P56///HNRNPA1L2///HNRNPA1,0.004382016129032568
LOC101928937,0.0882970967741938
STAG3,-0.11158879032258015
KLK11,-0.09252322580645098
LOC440302,-0.16038137096774144
OR7E24,-0.002940080645160886
COPG2IT1,0.04463588709677436
TMEM183B///TMEM183A,0.08681080645161318
NR6A1,0.03635338709677452
LOC101928580,-0.13071677419354785
PSMC3,0.023014274193548498
LOC107985428///LINC00659,-0.0032399999999998064
LSAMP-AS1,-0.033363951612902606
ATG4C///CTR9,-0.044828387096773926
METTL21EP,-0.16188282258064485
IMPG1,-0.0432178225806448
GPR174,0.06345701612903247
RNF126P1///RNF126,0.046108548387096916
CBARP,0.03727201612903251
AURKC,-0.09984991935483829
CNTNAP1,-0.28317669354838665
MIR646HG,-0.02351733870967705
RNF32,-0.004475725806451319
NLRC3,-0.006331935483870871
TRPM2,-0.0010128225806447975
MTMR8,-0.04964991935483875
LOC101927123,-0.019243629032257858
LOC285696,-0.03615048387096745
TNS4,-0.07994322580645144
RAB20,0.10396427419354881
TM6SF2,-0.024511532258064354
LOC731477,0.08990604838709697
INAFM2,0.01736435483871017
GRP,0.04937580645161317
CDA,0.12174217741935503
FAM71F2,0.17821500000000015
FAIM2,-0.19362185483870945
LOC100128008,0.04478217741935495
C9orf131,-0.016304999999999653
PGM5-AS1,-0.01153161290322513
LOC100996385,-0.019221532258064406
STARD7-AS1,0.07836548387096783
IDO1,-0.0034966129032257846
TMEM176B,0.04057814516129038
PIK3IP1,-0.03528088709677399
KRT19///JUP,-0.07057016129032267
TTTY10,-0.015195161290322012
FLT3LG,0.030195967741936107
RCAN3,0.011568225806451848
BOLA3-AS1,-0.07082491935483842
ZNF35,-0.09424596774193518
C16orf92,-0.06851830645161253
LEMD1-AS1,-0.007768548387096532
MESP1,0.16183475806451683
LAMA2,0.18369774193548405
TMEM171,0.012839193548387362
SH3RF3,0.014387177419355147
ARSE,0.08755217741935516
SH3GL2,0.050503467741935676
LINC00467,-0.01687169354838696
LOC101928326,-0.007277661290322256
LOC100130536,0.021476532258064868
MSI1,-0.08117330645161262
ISL2,-0.028447661290322605
PLCE1-AS2,-0.13609435483870957
LOC100507336,0.020082661290322844
LOC550113,-0.026495483870967503
TEX264,0.03026548387096796
LETM2,0.007444758064516235
SCYL3///HTN3///HTN1,-0.04444967741935462
LOC100506858,-0.1785775806451611
LOC101928460,-0.004078951612903156
LOC340074,-0.07417249999999971
LOC100130979,0.09464532258064533
KPTN,-0.1220812903225806
GLYATL2,-0.01734653225806414
LINC01020,0.028026612903226264
ME3,-0.0907277419354836
RNASE3,-0.020115967741935355
ZNF211,0.040089516129032256
PLEKHA7,0.06986725806451671
LOC81691,-0.0017629032258061556
LOC101929607,-0.08473741935483849
ADAP2,0.024847338709677622
CHORDC1///NAALAD2,0.042526935483871424
LOC101926892,-0.010891451612902954
LOC102724094,0.03632024193548411
LOC105377924,-0.5272286290322578
KRT74,0.047702903225806594
JMJD4,0.009894758064516186
HNRNPA3P1,0.025274516129032514
CLIC2,-0.005627499999999909
RBPMS2,0.0501708064516131
ADHFE1,0.06022266129032265
AVPR1A,-0.008075806451612435
SLC14A2-AS1,0.0836171774193552
FAM19A5,-0.02347048387096743
CDC25A,0.023896612903226346
SH3GL1,0.021141693548387214
NCKAP1L,0.10058419354838738
UHRF1,-0.03946580645161249
MYH7B,-0.05585024193548346
GRIN2A,-0.029975806451612703
ZNF280A,0.09247645161290363
SIGLEC15,-0.030129677419354545
VASH2,-0.10668612903225777
JPH4,0.0765413709677423
KIAA0087,-0.06748088709677398
C11orf80,-0.11818153225806444
ZDHHC24,-0.0437778225806446
LOC100131721,-0.07882830645161257
LOC100129699,-0.0042016935483866185
FBP2,0.09715120967741973
ANKRD20A5P,0.058488629032257974
GCK,-0.0003383870967738488
FRRS1,0.019814354838710482
CDH18,0.10286895161290331
NUDT17,0.12910225806451642
PCGEM1,-0.005107822580644943
HEXIM2,-0.004318548387096716
YIPF1,0.02686314516129044
MYL2,0.010345080645161767
LYZ///EIF4G2,-0.07974120967741927
ERC2-IT1,-0.026295241935483823
HLA-DPB2,0.001205080645161255
IAPP,0.027467096774193855
CD3EAP,0.16306185483871
KRT24,-0.02760056451612903
C4BPB,0.034782983870967774
NOP14,0.20297524193548405
ACOD1,-0.025113870967741647
LOXL1-AS1,-0.0029920967741926853
MEP1A,0.000696935483871149
LOC101927851,-0.03883249999999996
TDRD12,-0.04598717741935477
FLYWCH1,-0.08605016129032232
LINC00951,-0.00904330645161307
FAM118A,0.011092822580645471
ARHGEF19,-0.00209685483870949
NR0B1,-0.014782096774193164
FAM212A,0.14529701612903204
OR7E35P///OR7E18P///OR7E47P,-0.08558217741935438
ZNF818P,0.08708048387096792
ADGRE5,-0.004695645161289962
EIF3J-AS1,-0.005155564516128225
KCNJ4,0.15065491935483888
RPGRIP1,-0.002881451612902943
PARS2,-0.06935362903225749
TEX36,-0.0106404032258062
COPS7B,0.11415846774193586
KLF1,-0.02185895161290293
CACNA1G-AS1,0.015060161290322834
C15orf62,0.045063387096774654
MAP4K1,-0.07550822580645138
SCUBE3,-0.020402499999999883
TK1,-0.015608145161290131
BMF,0.05004250000000011
SERTAD3,0.02559967741935524
BGLT3,-0.017010645161290208
LOC101928663,0.033911612903226265
AFAP1L2,-0.057034193548386895
LOC648390,0.016263951612903636
LOC283352,0.038086290322580846
SDR42E1,0.07588048387096798
KCNA7,0.027104677419355405
PCDHB2///PCDHB3,0.014152096774194023
FAM163A,-0.0014083064516125854
PCA3,-0.2637032258064512
PSG11,-0.022794516129031453
RNF166,0.01632241935483904
UNC45A,-0.056978709677419165
PEAK1,0.001971693548387447
SLAMF9,-0.04537701612903196
LOC105376689,0.0419649193548388
LRRC36,0.02173258064516169
KIAA1804,0.0357689516129035
LOC100287210,-0.13193604838709627
B3GNT4,-0.0034564516129031685
TBR1,-0.003673064516128816
WDR24,0.007220080645161809
GPR68,0.0023864516129033005
ORAOV1,-0.002799516129031676
ABHD16A,-0.01847854838709648
ACO2,-0.002170887096773818
PAMR1,0.006622661290322553
DEFB106B///DEFB106A,0.0009889516129034954
SNAPC4,-0.04689540322580599
TDGF1P3///TDGF1,-0.0036233064516126325
PEBP4,-0.060316129032257776
APOBEC3F,-0.02709685483870938
PPARGC1B,-0.017772258064515913
UGT1A6///UGT1A7///UGT1A8///UGT1A10,-0.20725766129032228
IL10,0.02003564516129059
TBC1D25,0.01770137096774233
LOC400548,-0.024001451612902666
MRLN,-0.006093951612903013
ACTR5,0.02168282258064512
FAM234A,0.009369919354839024
RGS7,-0.015475241935483577
LOC101929762,-0.00845411290322552
AP1G2,0.11310693548387102
INSM2,0.0882354838709676
MTG1,0.0065844354838713644
CST4,0.055747016129032836
TXK,0.01583661290322578
FPR1,0.03525032258064562
NXF5,0.002435161290322805
LOC100131795///NMNAT2,-0.015326048387096402
LOC100130623,-0.05053024193548372
DEFB121,0.008745241935484309
MYRF,-0.03827080645161252
POLRMT,0.08250161290322572
C19orf48,0.09054072580645178
TYRO3P,-0.09181854838709669
SLC12A6,-0.007742338709677339
THPO,-0.1138649193548384
C7orf62,0.06210395161290378
MDK,0.022923387096774536
FREM1,0.032184193548387356
TRBC1,-0.03438975806451573
LINC00856///LINC00595,0.025126209677419686
MAEL,-0.0665420967741932
LOC100131622///PABPC5,-0.0501745161290322
PLCH1,-0.010679112903225624
OR2C3,-0.020391290322580077
HOXA2,0.03387879032258082
MYH9,-0.03635153225806449
LINC00311,0.09136588709677453
AIFM2,0.04447225806451626
CACNA1G,0.13711943548387112
IGHM///IGHG1,0.043343064516129536
LOC101928476,-0.010934758064515503
LINC00529,0.015526612903225611
LOC101929315,0.015078548387097337
KHK,0.06306177419354862
KLK12,0.0829947580645165
ZNF610,0.11889241935483874
C20orf141,-0.049990887096774045
SPRR2C,-0.0550337096774193
AMER1,0.0439903225806455
ABCB11,-0.13591217741935466
C1orf134,0.03311774193548396
LOC105376530,-0.10291306451612887
KRTAP4-4,-0.01413266129032233
DLX5,-0.012437822580645037
PYROXD2,0.11090741935483918
SLC16A12-AS1,0.11897741935483926
CLDN23,-0.007280645161290147
BOK,-0.003018306451612566
ZC3H12A,0.07764008064516136
CST2,0.10798677419354871
RGMB-AS1,0.023430564516129338
NAGA,-0.09769725806451582
SMG1P1///SMG1P5///SMG1P2///SMG1,-0.025115241935483278
RPUSD2,-0.3837796774193543
LOC157562,-0.08877669354838702
SV2C,-0.0028229032258062347
PDE1A,-0.03541588709677414
ZDHHC19,-0.01265346774193522
ZBED5-AS1,0.002310000000000106
PCDHB1,0.12671701612903233
LOC101928255,-0.015814919354838537
TCEB3C,0.007679919354838961
C17orf105,-0.012330806451612572
FANCA,0.08134177419354853
SCT,0.02282604838709703
FOXN4,-0.11312677419354805
DLG4,-0.1264958870967739
PTPRG-AS1,0.03150379032258068
DAO,0.010388951612903378
ING4,-0.026730080645161077
PPP4C,0.08153491935483909
LOC100132503///RNF208,0.08856790322580643
FAM212B,-0.05060580645161242
RFX2,0.026527741935484263
BRDT,-0.004943629032257592
ZNF34,-0.012871048387096733
SPRY3,0.09647588709677428
LOC101929747,-0.025427661290322496
UTF1,0.006127096774194131
GIPC3,-0.03501387096774174
ITGA7,0.0577132258064519
CLEC4A,0.07815612903225848
HVCN1,0.07602112903225824
ABCF2,0.034051290322580995
ZBTB6,0.028017338709677687
FAM213A,0.002734354838709916
CCL27,-0.04746838709677366
HAR1A,0.03321701612903265
CCL18,-0.0027126612903221117
CNTNAP3P2,0.0037897580645160035
LOC101928361,-0.0016262903225805307
SH3PXD2A-AS1,-0.1679939516129031
E2F5,-0.028703064516128952
LINC00567,-0.24638693548387075
LOC732087,-0.000961129032258063
SWT1,0.01722766129032286
POMC,0.01934169354838744
JAKMIP2-AS1,0.004570483870967899
MIR924HG,-0.04530233870967693
GRB14,-0.059387741935483594
LOC101926963,0.029294838709677692
PRL,0.02163830645161326
MAGEA10,0.09079620967741958
REC114,0.010568064516129187
DLGAP5,0.02550201612903272
ILF3-AS1,-0.058472903225806276
LOC101927641,0.01913169354838697
CEP72,0.10910911290322584
LOC574538,0.03178750000000016
APOBEC3D,0.08052129032258096
LOC100421494,0.02118725806451631
SYVN1,-0.05034024193548349
GP1BB,-0.09872967741935455
LOC401222///LOC401220,-0.10066266129032239
NEK10,0.01615854838709704
LOC283861,0.15814250000000013
UMODL1,-0.03023241935483799
CASC10,-0.00048201612903170073
ABCC8,-0.14366177419354811
TPTE2P6,-0.0010614516129028315
IDO2,0.00929653225806487
LHX2,-0.2492720967741929
LOC221814,-0.007697338709676775
KIF18B,0.08125935483870968
LAIR2,-0.005388467741935275
WNK3,0.04257266129032253
TRIM50,0.12186169354838716
TTTY14,-0.11294080645161282
LINC00683,-0.005855645161290401
LOC100134306///MYT1L,-0.024155161290322462
CD300C,-0.019671935483870508
LINC00958,-0.03755749999999965
LOC100133072///BORCS8-MEF2B,0.008818951612903778
CRYBG3,-0.03673620967741896
BTNL3,0.02387814516129048
TWF2,0.005531774193548336
TSACC,-0.03390145161290283
SPHK1,-0.2012283064516123
CMA1,-0.18694814516128982
AADACL2,-0.01721854838709628
C1orf234,0.06217161290322601
BSPRY,-0.08514935483870958
CDC6,-0.03794596774193485
DNAI1,0.018043145161290707
SELL,0.09554669354838695
PRMT5-AS1,0.12266879032258116
LOC100128554,-0.017373629032257705
LOC729815,-0.004948629032257897
CCDC40,0.11364088709677453
COL6A5,-0.09081999999999962
LOC283335,0.0005362096774197403
HAUS8,0.030959274193548453
DAPK3,0.008191048387096923
CACTIN,0.10210217741935526
LOC100506895,0.0571125806451617
GATA3,0.033463145161290495
LOC286297,-0.006159112903225534
BFSP2-AS1,0.032255806451613356
DNAJC17,-0.12210524193548335
BMP10,0.03979491935483914
SNHG11,-0.007264758064516144
CHD5,0.06975233870967769
PRSS50,-0.00051072580645162
TNK1,-0.010146129032257818
MYOC,0.006100080645161444
CLLU1,0.059630161290322524
ST20-AS1,-0.041240725806451176
ACVR1B,-0.04302677419354774
CARD18,-0.15025862903225767
CATSPER1,0.08845379032258077
MC2R,-0.06304112903225806
LCN6,0.1601884677419355
ATP2B3,0.009923951612903296
IRF7,0.04350395161290363
SLITRK2,-0.020832338709677423
CST9,-0.05606596774193535
CIDEC,0.014536451612903512
LOC100506498,0.0019421774193550305
TENM4,-0.020021532258064394
APOF,0.010679677419354727
WDR38,-0.06366064516128994
LOC100289361,-0.1488867741935481
TMPRSS2,0.05570411290322599
FAM182B,-0.05639185483870915
LOC105372404,0.003964435483870749
FOXL2,0.03814508064516141
LCE1B,0.10308250000000019
LOC100506122,-0.07719693548387072
LOC286359,-0.04284088709677383
RBMXL2,0.08804798387096813
KCNG3,0.011565161290322902
SPRR1A,-0.029563387096773655
KCTD14,-0.0468108064516123
ITIH3,-0.029012983870967252
DUSP2,0.051872016129032326
LOC101929505,0.042773951612903836
BCHE,-0.01034935483871001
ABHD11,0.11586927419354869
LOC283270,-0.04888653225806394
LOC101929897,-0.04670475806451571
CCL11,0.0207141129032263
LOC100505824,-0.05799112903225807
RASSF2,-0.0007571774193545634
PAGE1,0.0551370161290324
CASP3,-0.047517338709677226
RORB,-0.045158064516128534
ALKBH3-AS1,-0.0052104838709678145
ACTC1,-0.010941854838709238
LOC642361,0.07541677419354856
ERICH5,-0.13276491935483886
CDC42BPB,0.0923062903225809
KCTD7,-0.1365617741935482
NPB,0.03305556451612933
PUDP,0.14284048387096793
PIK3C2B,-0.06462346774193514
WNT9A,0.033483306451613404
STXBP5L,0.05105193548387088
PRKAG1,-0.07646854838709685
ZNF510,-0.0007110483870968315
LINC01169,-0.01288177419354855
C9orf16,0.23865040322580655
INTS4P1,0.06431048387096776
NDST4,-0.08779080645161244
IGHV4-31,0.13126362903225833
LOC100134333///LOC100130525///KIAA0895L///EXOC3L1,0.127571612903226
WSCD1,0.08214040322580686
PHACTR4,-0.015886854838709455
GPS1,0.28190540322580615
ACOX2,0.03575032258064505
ASCL1,0.024092983870968136
AZIN2,0.07304016129032254
ACTR3C,-0.029478951612903044
TLR8,0.031070887096773973
NSMF,-0.06171903225806391
C3orf20,-0.04550774193548368
LINC01207,0.04110209677419387
CHTF18,-0.32337758064516087
NRIP3,0.003799919354839324
LOC105369230///HLA-DRB5///HLA-DRB4///HLA-DRB3///HLA-DRB1,0.009621451612903509
SLC2A8,0.11034395161290338
LOC100128146///ANP32AP1///ANP32C///ANP32D///ANP32A,0.05622653225806476
IGF2BP2-AS1,-0.1554929838709673
RTN4R,-0.05904685483870953
HEATR9,-0.04569032258064495
MMP17,-0.08331879032258048
WRAP53,0.06138483870967776
ALDH4A1,0.14861661290322595
FMO2,0.05012129032258092
ZNF70,0.035124516129032106
TMEM161BP1,-0.0865252419354838
TMEM160,-0.17483185483870922
CCDC168,-0.18345637096774203
PVRL3-AS1,0.012888548387096896
PWRN1,-0.029829999999999576
RNF186,0.010495322580645543
AGMAT,-0.013333790322580242
LOC101927650,-0.0017118548387095554
ATP11A-AS1,-0.05975951612903202
DRD2,0.02635322580645174
CEP250,-0.07955145161290267
LOC100506557,-0.018138629032257665
SPACA7,0.028132177419355035
CDH4,-0.04050540322580654
BIK,0.028145161290322518
ZIK1,-0.00997346774193536
LOC101927690,-0.013183225806451267
UQCC3,-0.10589580645161265
BEST1,-0.08546370967741905
LIMD1-AS1,0.0919778225806454
TAS2R13,-0.09802959677419297
GGT2///GGT3P///GGT1,-0.07762951612903189
OOSP2,-0.26789290322580567
TSIX,-0.02674451612903203
TTYH2,-0.026940887096774058
POMZP3///ZP3,0.0027220161290321104
APBA1,-0.16070258064516113
PCDHGA11,0.06099024193548435
NPY5R,0.12157951612903235
LOC101928225,-0.08944258064516107
SLC25A10,0.048525806451613154
PP12613,-0.1001269354838707
ARFIP2,0.026301048387096806
APOL4,0.0037034677419355774
RBMY1J///RBMY1E///RBMY1D///RBMY1B///RBMY1F///RBMY3AP///RBMY1A1,0.04681935483871015
GLRA2,0.009360887096774458
CXCL6,0.05958096774193572
ZNF503-AS2,-0.10665330645161254
GABPB1-AS1,0.0009692741935488323
BRE,0.15576572580645165
ARL10,0.09471572580645184
LOC728842,-0.14727629032258016
TMEM198,-0.03441330645161232
ZFR2,0.06476274193548426
LTB4R,-0.011411935483870867
FRMPD3,0.028563387096774737
LINC01539,-0.03171935483870963
GTSF1,-0.02280112903225802
ATG4D,0.13305169354838742
FER1L5,-0.035823387096774184
AQP7,-0.014556451612903084
IMPA2,0.015073951612903412
LINC01138,-0.047776370967741635
HTR3A,0.006180725806451511
GYPB,-0.18193862903225735
GDF15,-0.09318217741935474
NKAIN3,0.017074435483871112
SARS2,-0.02061999999999995
GPR19,-0.0010095967741931052
LOC388456,0.05497201612903268
FANCG,0.07790185483871015
LOC648390///UBB,-0.017221854838709492
TRAC///TRAV20///TRA,0.025231854838710384
KIF2B,0.0005450000000003135
ASL,-0.047320887096774414
GABRA4,0.06995790322580694
LEFTY2,-0.013537016129032329
LINC01465,0.027778629032258542
NPHP3,-0.015556129032257763
F7,0.014232903225806033
CCDC105,0.032535322580645586
DUSP21,0.007428064516129332
SIDT1,0.012960806451613308
LINC00673///LOC284072,-0.013605161290322583
ZNF512,-0.08036427419354794
PRMT5,0.03592669354838735
LSMEM1,0.034013467741935616
LOC642502///SDHC,-0.04502959677419318
SELPLG,-0.26599354838709655
KLRG2,-0.05895798387096737
RBP3,-0.024470161290321944
TENM1,0.0149562903225804
FAM174A,0.003484193548387083
FAM93B///LINC00937///OR7E140P,-0.025325241935483526
FLJ21408,-0.004618629032257552
LY6K,-0.14211903225806435
SMIM2,-0.025980161290322462
BEX5,0.14858145161290326
LOC101927790,0.0008980645161292726
KRTAP19-3,0.11249322580645191
NRM,0.0114042741935486
LEMD1,0.041905403225806805
ASB16-AS1,0.03906266129032361
LOC101927348,-0.09111080645161218
SCN4B,-0.02962725806451562
CPED1,0.06623548387096823
RARRES1,0.028367903225806602
PMPCA,-0.07534395161290294
LOC105373460,-0.039918145161290046
SYTL5,-0.04184903225806404
ZNF689,-0.008911209677419128
LOC105374809,0.05470443548387136
LOC101927313,0.03929604838709695
PLVAP,-0.09211362903225795
MSANTD1,-0.04052459677419319
DHRS9,-0.034035161290322566
IFNL2,-0.11385112903225815
LUZP4,-0.1018149999999996
ZNF831,0.03717862903225853
LOC100127940,-0.09095516129032227
ZBTB49,0.004178709677419283
LOC100134197///DTX2,-0.01928717741935453
HNCAT21,-0.09283758064516069
SFTA2,-0.030683629032257916
LOC730200,0.05105266129032304
CTRC,-0.13499024193548292
C15orf39,0.0010480645161292592
MYL4,0.04392693548387127
C4B///C4A,0.13914709677419368
CCDC158,0.07300459677419348
SRMS,0.012361451612903591
LOC100132502///RIIAD1,0.059058870967742295
TGM5,0.007087096774193324
ZNF775,0.03981056451612903
FRAT2,0.11075879032258079
TRIM48,-0.05066387096774186
CCDC185,0.06907298387096801
KRT14,0.0020461290322583026
LOC286382,0.013289274193548514
GDPD5,0.11896153225806447
CORO2A,0.01332370967741977
NSG1,0.01021459677419393
LHFPL3-AS2,0.011318387096774456
LOC651198,-0.08141298387096758
OXNAD1,-0.014235241935483166
CLASRP,0.1211344354838714
BPIFA4P,0.0621313709677426
LINC01558,-0.048469758064516144
CDRT15,0.02759354838709724
LYRM9,-0.13882274193548313
GDNF,0.1127627419354841
DCTN5,0.019802419354838955
MYL1,0.024976854838710098
GLRA1,-0.08641725806451594
SETD4,-0.032557580645161226
MKNK1-AS1,0.09577758064516147
LINC01523,-0.03447314516129021
LOC390705,0.07596467741935488
LOC105378948,0.09608233870967767
LINC01588,-0.039406532258064356
SLC26A1,-0.08992959677419356
TAF1L,-0.040491612903225525
DCST2,-0.1158508064516127
PRX,0.20453524193548403
OTOS,0.04276580645161347
FAM84B,0.023998064516129264
C1orf87,-0.03914629032258021
TEX261,-0.018805887096773867
ARHGEF7-IT1,0.0159959677419356
LPAL2,0.04502637096774202
IPO4,-0.0005572580645155346
ZNF582-AS1,0.11141975806451612
TUBA3D///TUBA3C,-0.007234274193548389
LOC105372547,-0.013115322580645105
LINC00939,-0.05432975806451562
LOC100130332,-0.012531370967741463
C2orf88,0.07920435483870994
PRMT1,0.027659112903226115
XGY2,-0.05806104838709644
KCNQ3,0.07146983870967771
IRF2BP1,-0.015297499999999555
CAPN1,0.2661318548387101
KCNH1,-0.024489274193548072
LRP4,-0.009360483870967632
TRIM51,-0.0015868548387095813
PPP5C,0.05174225806451626
NUDT18,0.09505169354838693
LOC100133748,-0.04268637096774141
NEFH,0.002344677419354932
LOC100132005,-0.06664782258064511
PPP1R14C,0.0446806451612906
ACVRL1,-0.0657883064516123
AMELY,-0.0854986290322579
TRHR,-0.044591451612902885
ZNF285,-0.11636137096774174
TTLL1,-0.0034149999999998023
LOC100128175,0.03350370967741939
CRYGN,0.07615088709677481
RYR3,0.07733112903225847
SPSB2,-0.11338999999999982
ZNF695,0.03031266129032298
MYO1F,-0.02770749999999944
HMGCS2,0.05831838709677449
LOC388942,0.01891129032258108
DFFB,0.08810137096774187
FGF19,0.04464177419354893
SNAP91,0.11937411290322585
PPP2R1A,0.08134145161290349
TUBA8,0.01671677419354855
SMC2,-0.047749112903225206
TAAR9,-0.08468161290322526
LOC440117,-5.6854838709607686e-05
RANBP17,-0.05816637096774201
REC8,0.013114677419355288
ACSM2B///ACSM2A,0.06676250000000036
PRR20E///PRR20D///PRR20C///PRR20B///PRR20A,-0.12760709677419352
EPHB6,-0.1510091129032255
LRRC74A,-0.020229999999999665
ZNF607,0.048241693548387185
MTMR10,0.07147403225806476
CEACAM7,-0.03494637096774175
PVALB,-0.1961895161290319
SP5,0.15230975806451644
GABRR2,-0.03993612903225771
ARHGEF34P,-0.007080322580644944
IGHV3-75,-0.1486865322580643
AZGP1,0.024338387096774473
USP19,0.1421820161290324
MIR7515HG,-0.09066048387096769
ZBTB33,-0.14356225806451597
MICU1,-0.057221612903225264
ITIH2,0.0017353225806454827
ELMOD1,0.035886774193548465
LDLRAD4-AS1,-0.009379354838709325
ANGPTL8,-0.07771951612903202
C16orf82,0.023449677419355025
GATA5,0.03713572580645208
HTR4,-0.011205725806451242
LOC107984678,0.00033846774193549943
ARHGAP4,0.12366145161290337
SMIM1,-0.07620645161290271
GLIPR1L1,-0.07586153225806401
SAPCD2,0.004847822580645413
VIT,0.0024441129032260357
WDR31,0.06406814516129064
DNPEP,-0.08608362903225741
SH3TC1,0.12511274193548383
PNLIPRP3,0.002356612903225642
SLC23A1,-0.006221290322580543
ZSCAN22,0.017577258064516536
C8orf37,-0.046479112903224984
LYL1,0.021054596774193718
TUBBP5,0.009561532258064748
RPS10-NUDT3///NUDT3,-0.0710446774193544
CAMSAP3,-0.012496451612902767
CYB5R2,-0.009459838709677343
LOC100129720,-0.00937822580645142
SPINK1,-0.0025552419354838195
CRLF2,-0.017712499999999593
WDFY4,-0.006984758064515942
LOC101928961,-0.0347002419354837
ERAL1,-0.01413169354838695
LOC729397,-0.02483508064516128
ATAT1,-0.0112917741935483
LOC157931,0.03161556451612921
EFCAB10,-0.016372903225806368
ADAL,0.09000088709677434
HTR2C,-0.002531048387096414
ABCC11,-0.15978491935483846
LOC105378130,0.0879702419354841
DKFZp564H213,0.06998596774193572
EGFL6,0.0035904032258066445
C11orf52,0.06514935483870989
MAPK8IP3,0.011874435483871001
GBX2,0.035371290322580955
RIPPLY1,-0.02766943548387081
NOS2,-0.07769749999999977
CT62,0.04148370967741957
JPH3,-0.013183387096774406
OCM///OCM2,-0.0017937903225806393
DIO3,0.045916935483871324
FAM71F1,0.07413524193548379
LINC00226,-0.03719822580645106
LOC101927402,0.04904879032258072
PAX3,-0.000848145161290087
FLJ12078,0.050436451612903666
SPRR1B///SPRR1A,-0.005443064516128828
WDR88,-0.07070604838709667
CHAF1B,0.06150120967741987
SYNDIG1L,0.04978709677419403
CCDC115,0.08043395161290315
LOC728777,-0.0694255645161288
DOCK4-AS1,-0.25011830645161237
SAA2///SAA1,-0.03152556451612888
MS4A5,0.005705000000000139
MLANA,0.05621290322580703
EMX2,0.001385000000000209
RNF31,0.04282500000000026
CLEC3A,-0.07796169354838704
CHRNA5,-0.027803629032257703
IZUMO2,-0.026928306451612344
LOC731484,-0.013719516129031908
RNF41,-0.021991209677418775
RAB2B,0.003135725806451625
MAP1LC3B2,-0.004954677419354504
LOC652493,0.03459758064516152
POLR3K,0.00963000000000018
ATP1B2,-0.04789491935483852
VARS,0.09689725806451635
DPEP1,0.03553540322580658
USP44,0.026209758064516163
RASL11B,0.08005629032258092
CD101,-0.009906451612902972
RAMP2,0.10194088709677442
KLB,-0.26637451612903185
BAIAP3,0.0695131451612901
DEDD,-0.0020895161290317237
FBXO39,-0.009537177419354349
TRAF2,-0.0215897580645161
NAV2-IT1,-0.01860596774193504
C2CD4B,-0.0010558064516129903
KNDC1,-0.07048258064516118
MC5R,-0.12466266129032252
GPR101,0.053623064516128985
LOC100132947,0.07227862903225836
CDR2L,-0.15436241935483822
CST13P,-0.21131927419354807
CLEC4C,-0.007480645161289967
PPP1R37,0.011962258064516293
LOC101928449,-0.0012233870967742707
LOC101927943,-0.12537967741935424
HOXA1,0.0335213709677425
HDAC6,-0.0857978225806448
MYCNUT,0.057051129032258355
XKRX,0.012489677419355385
LOC101929122,0.01759306451612932
CDK18,0.062640483870968
LOC100128570,-0.08769846774193527
LOC100130415,0.04109983870967773
HYKK,0.004940403225806495
SLC12A5,0.010945161290323113
FAM131C,0.03856709677419387
CYP1A1,0.01140362903225847
PRY2///PRY,0.03743306451612942
ZC2HC1B///LTV1,0.029550483870967963
SLC22A18AS,-0.03715927419354813
SLC14A2,-0.04862822580645152
OR51B4,-0.09190943548387061
DUX4L2///DUX4L3///DUX4L5///DUX4L6///DUX4L7///HPX-2///LOC652291///LOC652119///LOC651709///DUX4L12///DUX1///DUX3///DUX5///DUX4L1///ASMTL,0.005600645161290749
GRID1,-0.002135564516128651
LINC00927,-0.10152903225806392
LOC101927021,0.043046370967742234
LOC101927769,-0.02090483870967749
PLA2G12B,0.01508104838709678
APCDD1L,-0.005559193548386701
IRF1,0.024792338709677487
HIST1H2BB,-0.007286048387096827
TMEM31,-0.3033183064516127
PON3,0.04022693548387087
ACOT4,-0.024773064516128433
LINC01512,-0.014314758064515737
TNNI3K,0.021707016129032624
ANKRD30BP2,0.0002097580645164581
ZNF416,-0.3720216935483865
BLMH,-0.0010591935483867036
GAGE1,-0.3815334677419351
DMRTC2,0.18704395161290308
DDX51,-0.023272499999999897
IL23R,0.05106500000000036
LRRC6,0.029696612903225793
KIAA1210,-0.014178790322580168
NR1H4,0.00033927419354863944
C10orf71-AS1,0.01523258064516133
APBB3,-0.0034247580645159065
C20orf173,-0.14237870967741906
NAT6,0.10988903225806469
IDI2,-0.018254354838709227
BCO1,0.02680322580645232
DSG1,0.016367419354839204
OTC,0.05379258064516152
TP53INP2,-0.011246048387096589
ADRA1D,0.026129516129032467
FZD10-AS1,-0.009484838709676926
PPP1R36,0.07678580645161334
GSN-AS1,-0.07659266129032216
FAM160A2,0.07947927419354867
GABRR3,0.0659660483870971
DHX33,0.010928387096773953
ISPD-AS1,0.016308467741936037
MGC4859,-0.014947661290322264
PPDPF,-0.02298556451612872
BBOX1-AS1,0.005490080645161615
TMOD4,-0.06988064516129024
CASC1,-0.046875080645160966
ACBD4,0.07833153225806477
DNAH17,0.1380537903225809
RHOF,0.0460425806451616
RETN,-0.00020677419354836468
NPEPL1///STX16,0.5585116935483871
DISP3,0.012260806451612791
AMOT,0.004262419354838837
LOC101929340,-0.019873064516128677
KLHL12,0.00575854838709695
GRIK4,-0.001156290322580523
C17orf53,0.08652758064516164
LOC100499484-C9ORF174,-0.11735903225806413
ZNF32-AS3,-0.05774564516128974
ALPL,-0.20770588709677362
C2CD2L,-0.06708427419354816
RGS19,0.06744991935483892
ANKRD13B,0.015174435483871613
LOC644613,-0.021772580645161375
LOC105370613,0.0100062096774198
C20orf27,0.01763983870967785
ASTN2,0.03606096774193554
SCAI///GOLGA1,-0.0030044354838705606
LINC00302,-0.0026540322580644346
MIRLET7BHG,-0.08126193548387056
NPHP3-AS1,-0.12333596774193532
FRAT1,-0.045537661290322606
LOC100134221///ZFP1,-0.017062661290322325
TMCO6,0.18567588709677457
LOC643623,0.016406532258064425
CPT1B///CHKB,0.0414064516129036
SPTA1,-0.03188209677419346
LOC101928909,-0.05695516129032211
C12orf42,-0.07748387096774158
ENDOU,0.03863120967741975
ARRDC1-AS1,-0.02547008064516084
CENPV,-0.11037298387096768
VENTXP1,0.02898693548387127
LOC102724002,0.02770354838709705
LAMB3,0.013017096774193675
GPC5,0.037152500000000095
STAT5B,0.10809580645161328
MRAS,0.007536451612903455
MRAP,0.07073088709677446
CA5B,0.0017106451612909006
TTLL4,-0.020870322580645043
DGKK,0.09816201612903273
MED12,0.10389717741935492
ZNF444,0.08585379032258117
KBTBD3,-0.0054825806451609255
OTOR,-0.08827612903225779
MACROD2-AS1,-0.09310717741935437
SGO1,-0.11955064516128974
RAB40AL,0.11111346774193581
MEST,-0.07265870967741928
LINC00996,0.006355887096774416
PLEKHB1,0.018237741935484397
FJX1,0.013661612903225831
UGT3A1,0.15962838709677477
HRAT13,-0.020683145161290425
WFDC9,-0.07274677419354808
MOCS3,-0.005617661290322411
ASMTL,0.026426774193548733
GAS2L2,-0.12844177419354796
LOC100129951,0.03418629032258093
MFSD5,-0.10109822580645123
ZNF703,-0.023362499999999318
CRX,0.020435483870967865
FAM41AY1,0.03135290322580651
FDCSP,0.10368467741935468
MROH2A,-0.17964798387096723
ASGR2,-0.003954596774192999
TG,0.08438443548387145
RMI2,0.08122459677419352
CECR9,-0.014038467741935224
LOC101928123,-0.3517814516129028
LINC01565,0.09023983870967758
LOC727901,-0.0008209677419354286
LOC101927420,-0.03891677419354817
LINC00452,0.023115725806451774
ZNF805,0.05437661290322604
CCDC125,0.12714548387096808
IL18BP,-0.02631927419354796
CTNND2,-0.17556483870967737
LOC107984282,-0.010175725806451257
AGAP5///AGAP9///AGAP4,0.06658153225806485
LOC647115,0.02909072580645186
SOHLH2,-0.03871879032258045
RFPL1S,0.003365564516129501
LOC729291,-0.040959516129031794
CYP4Z2P,0.00787758064516156
OPRL1,0.07351524193548364
TEX13B,-0.0023084677419352656
LOC101928597,-0.002625645161289984
TGM3,-0.16830580645161272
PARK2,0.018044354838709892
DPF1,0.07300306451612942
LOC100996583,0.04182717741935486
LYSMD2,0.04038419354838737
LURAP1,0.09284661290322627
LOC100130356///PAQR3,-0.02645572580645124
LOC100129029,-0.004828548387096526
ATP8B4,-0.0076077419354835946
MAP2K1,-0.009612822580645173
VENTX,0.04471282258064512
DUOX2,0.026522500000000275
PDE2A,0.04515870967741964
IFNA4,0.02415782258064525
CFC1,0.10042540322580712
HCN2,0.006442580645161094
TRPC3,0.04409096774193577
ATP1A1-AS1,0.009211935483871345
HIST1H1B,-0.007686854838709406
LOC729314,-0.11512564516128992
MED16,0.005219596774193563
CHMP6,-0.11772653225806451
LOC101928491,0.03472637096774233
HS3ST2,0.02422540322580663
CLEC12B///CLEC12A,0.02605645161290349
ACTL6B,-0.031871854838709544
OR4D1,0.016405645161290856
DCSTAMP,-0.008786612903225962
ZIC4,0.003995645161290612
LOC646903,0.015318145161290136
HIST1H2BC,0.07146830645161295
PIDD1,0.06126741935483863
APCS,0.03171475806451641
LINC01226,0.10063790322580683
IL36G,-0.04198056451612878
LOC100128718,-0.010348629032257604
ERICH1-AS1,0.11440008064516127
LOC642131///IGHV1OR21-1///IGHV4-31///IGHV7-81///IGHM///IGHG1///IGHA2///IGHA1,-0.049424838709676885
RHOG,0.014922822580645307
CRADD,-0.13866701612903243
CTSE,0.033354274193548646
TBX2,-0.0009845161290318177
C1orf35,-0.04453258064516087
ZNF296,-0.06587201612903174
LOC102723409,-0.01957862903225772
TMEM125,-0.0848879032258061
FBXW10,-0.15149080645161236
CCDC148,0.001880645161290404
APH1B,-0.02900983870967712
CCDC89,-0.031858225806451757
LOC728283,-0.08324814516129049
SNHG22,0.1363257258064517
OR1A2,0.11096129032258069
DPPA5,0.060762258064516524
NPPA,-0.14877379032258045
VAT1L,-0.004302741935483784
DNAJC5B,-0.02056443548387043
MEF2C-AS1,-0.02553088709677371
EXOSC2,-0.043021451612902724
LOC100131180,-0.006504435483870417
LOC729307,-0.0733564516129032
PHF23///NUP98,-0.1891926612903224
HFE2,-0.009393467741935257
PIK3IP1-AS1,-0.016966129032257887
MYEOV,0.06192572580645147
GTF3C2-AS1,0.004785161290323086
LINC00460,-0.16884967741935497
LINC01449,-0.15630314516128985
SATB2-AS1,-0.01225362903225771
PKP3,-0.14585137096774156
LINC01193,-0.019732177419354797
LOC101928417,-0.033508951612902994
PRR4,-0.10307104838709666
LOC101929174,0.017251451612904048
OR51B6,0.012225564516129047
HLA-DRB6,0.004454274193548902
LOC284912,0.061620241935484196
CLVS1,0.01841588709677462
ROS1,0.006534516129032264
KLK15,0.03174088709677453
LOC286254,-0.1095038709677417
CETN1,0.16707491935483923
ZNF653,0.0220963709677425
KIR2DS4,-0.1360552419354837
UCP2,0.06114201612903269
RORC,0.005810161290323045
FGF11,-0.26944096774193516
LOC400464,-0.02005080645161301
COL18A1-AS1,0.037922016129032884
RAET1E,-0.050858145161290176
KRTAP1-5,-0.011454435483870536
LOC648795///LOC440302,0.0014001612903226882
MMD2,0.12927346774193613
PGD,0.022459354838709707
LOC730496,0.04692411290322631
MCM4,-0.002221532258064497
CBX4,0.004003145161290474
LRRC55,-0.06218951612903223
FAR2P2///LOC150519,-0.006987661290322335
ALAS2,0.01855112903225858
SBF1,0.074839596774194
CLC,0.023537258064516484
FIBCD1,0.0029878225806454677
PICALM///MLLT10,-0.03230846774193476
TMEM169,-0.2896800806451611
HSD11B1,0.0026982258064517078
TEX33,-0.0883196774193545
LINC00877,-0.051720403225805824
LINC00967,0.06303250000000007
MBLAC1,-0.19071306451612882
PLD4,-0.24234008064516083
VIPR2,0.05048096774193566
LOC729683,0.0012887903225807223
CATR1,-0.016383629032257742
OXLD1,0.09374556451612942
CD8A,0.02510145161290311
MOP-1,-0.007687580645161111
TWIST2,-0.032230161290322454
PLA2G6,0.004793467741936041
CAPN10-AS1,0.101039274193548
SCN5A,-0.044776209677419
LIMK2,0.20780903225806477
GRM6,0.002342903225806669
LOC652565///CD8BP///CD8B,-0.10000822580645127
C20orf96,-0.14163499999999973
LOC729870,0.03253741935483888
CTAGE11P,-0.031394354838709324
FLJ38576,0.0013762903225808375
NLGN3,-0.075392903225806
DMBX1,-0.26130637096774173
TBL3,-0.01846056451612876
TBC1D26///ZNF286A,0.0010838709677419857
OBP2A,0.0023523387096773462
TMEM141///CCDC183,0.07620508064516185
DACH2,0.04257282258064561
LOC339874,-0.294845403225806
CALHM1,-0.22862580645161265
DCUN1D3,0.04548161290322608
PKHD1,-0.14871669354838662
LOC101930028,-0.004629919354838706
SIGIRR,0.04770225806451629
LCK,-0.13509048387096767
VSTM1,0.03557838709677441
CERS4,-0.05254459677419361
RUNDC3A,0.018347338709677797
HYDIN,0.03451483870967784
POU2AF1,-0.07613185483870943
TRIM41,-0.022574274193548106
MARCH2,-0.11266153225806436
ANXA2P3,0.08132000000000018
LOC730909///HERC2P10,-0.004706451612903107
CDKN2A,0.04475951612903285
GCDH,-0.07032258064516095
TMEM108-AS1,0.02190129032258079
PSMG3-AS1,0.10420080645161303
NR1H3,-0.2275816129032252
LOC100129973,-0.022945241935483973
HRH3,-0.0139880645161288
LOC400940,0.00014766129032281125
TRIL,-0.03098806451612858
PPM1E,-0.06921145161290299
FAHD2CP,0.005554838709677432
SENCR,-0.005162419354838662
DAW1,0.01617322580645184
RRAGB,-0.0031665322580641635
HSF2BP,0.057689919354838845
ADAM5,0.0051764516129034705
TSGA13,0.0006602419354840745
CRTC2,0.049508870967742334
PAPOLB,0.014136854838709956
GNA14-AS1,0.0034439516129034886
AHSP,-0.014444112903225493
DIO1,-0.1295269354838708
SP8,-0.0391495967741931
KRT72,0.027608225806452107
RPS27P6///RPS27P29///RPS27P21///RPS27P7///RPS27P23///RPS27P13///RPS27,0.0767495161290324
TBC1D17,0.041662661290322936
XK,0.023001612903226065
ZBTB25,0.03323225806451642
LINC00645,-0.00329733870967688
LOC101929188,0.037091451612903385
ALK,0.041575645161290406
CECR3,-0.03838822580645111
ATG2A,0.03409620967741964
C5orf46,-0.05092217741935463
ZNFX1,0.020835967741935794
PROX1,-0.1034948387096772
PRH2///PRH1///PRB4,0.01775395161290357
ZAR1,0.03038209677419375
GINS1,-0.015528870967741679
PRO1483,0.001901290322580931
CREB3L4,0.02865064516129071
DUS1L,0.05770282258064524
MAGEA11,-0.011264999999999772
LPAR2,0.06675233870967776
LOC100129022,-0.1011954032258064
MISP,-0.048491129032257774
ILDR1,0.007310887096774551
GNG3,-0.005613467741935434
LOC732447///DAZ4///DAZ2///DAZ3///DAZ1,-0.00807830645161264
CSF2,-0.0009455645161289348
IL24,0.05392338709677435
CD53,-0.005980725806451219
ATP23,0.037324596774194016
LOC100130744,-0.02487330645161264
FN3K,-0.003859274193548204
NXNL1,-0.1273237096774193
LINC00210,0.002484758064516792
LOC730125,0.10854596774193567
MRGPRX4,0.05450556451612909
GMCL1P1,0.0062270967741939725
FAM138C///FAM138B///FAM138A///FAM138F,0.006881532258064949
C1orf158,-0.040614838709677505
ADRB2,0.19782435483870975
LOC283387,-0.030130806451613076
SMIM5,-0.023315080645161003
LOC100131613///AHSG,-0.05226879032258039
TMEM51-AS1,-0.00421161290322576
LOC100132740///STAG3L2///STAG3L3///STAG3L1,0.226671370967742
CD27,-0.0288310483870967
LINC00887,0.09462927419354862
NME5,-0.021764919354838604
TMEM54,0.012218467741935605
ATP13A5,-0.14450919354838682
SLX1A///SLX1B,0.0353359677419356
MYOCD,0.01732290322580705
FAM81A,-0.11823016129032207
CD3D,0.05326040322580697
DDX19B,-0.019818467741935263
ICOSLG,-0.09793693548387038
LINC00648,-0.04934733870967744
CD72,0.045066048387097365
SYT14,-0.02072419354838707
ZBBX,-0.0071232258064515865
DFNB59,-0.041263064516128586
OR1D2,-0.056845241935484
FRMD5,-0.01996774193548376
LOC101928009,-0.08880782258064504
ELFN2,-0.06954306451612831
KRTAP4-1,0.016162338709677627
EP400NL,0.013430322580645377
CA7,0.06448201612903251
FLJ33360,0.010560080645161308
CELF2-AS1,0.02910362903225852
LGALS8-AS1,-0.0037388709677419404
OTOGL,0.06533532258064556
CCER1,-0.05668862903225782
LOC102724612,0.046912903225807094
LOC100133577,0.09222387096774223
LOC729766,-0.06084161290322561
PROSER2,-0.06592677419354807
DEFB122,-0.010673064516128901
CLEC1B,0.03835000000000009
PITPNM3,-0.20081024193548366
TERF2,-0.04820629032258031
CYP4F2,-0.009667661290322007
NAALADL1,-0.02773588709677361
CD244,-0.0023774193548383
TLR2,0.020069677419354892
CDT1,-0.07001346774193512
UNC45B,-0.00207225806451586
LINC00698,-0.20596620967741883
LOC100506314,-0.0710095967741935
BSN-AS2,0.04320258064516183
CYP2A7///CYP2A6,0.02376895161290366
LOC102723701,0.013932338709677758
SCO1,0.05675556451612911
BCAS4,0.019052580645161375
GSTTP1,-0.007501209677419102
ORAI3,0.01972991935483864
PPL,-0.10359395161290302
WNK4,-0.01108935483870941
LOC105371920,0.050704596774193963
RPS11P6,0.0968354032258067
CLPB,0.01830903225806444
LOC400794,0.05588201612903234
IL21,-0.0337530645161289
DLG1-AS1,-0.07801443548387103
GATSL2,0.03377588709677458
LOC400756,-0.044081451612902736
LOC100129206,0.12378806451612934
OLIG3,-0.007302338709676935
SULT1A1///SULT1A2,-0.07944016129032197
FCGR3B,-0.014859193548386778
GAL,0.011330725806451723
CHRAC1,-0.006049193548386764
RHOD,0.13690322580645173
C15orf49,0.06237693548387101
ANKRD18EP,0.03023500000000026
SLC25A18,-0.06139701612903216
MBL2,0.007343951612903757
POC1B///GALNT4,-0.11073435483870904
CACNA1H,0.08910379032258084
ILDR2,0.002815645161290292
NME6,0.1937127419354843
AP3B2,0.038307580645161425
SLC8A3,-0.0018173387096772674
LOC105378589,0.06996040322580621
MGC40069///TRAV8-3,-0.02846911290322566
KCNN1,0.1113023387096776
HIC1,0.07862080645161326
FAM134C,-0.0022833870967741117
LOC101927766,-0.03726911290322536
LOC285423,-0.07656241935483829
LOC285812,0.006625322580644843
CMTM8,-0.030178064516128617
DKFZP564M1462,0.03787669354838739
IVD,-0.26605499999999943
LOC100131303,0.017171129032258196
UCN,0.18291701612903224
GYG2,0.018195483870968185
ASPA,-0.13474209677419333
GALNT8,-0.09471895161290297
GPRIN1,-0.2278002419354835
BPIFC,-0.06001129032258039
GPR182,-0.0132957258064513
MIR4458HG,-0.008892258064516188
UBIAD1,-0.1125047580645162
LINC00610,0.08863693548387142
TRIM40,-0.017326532258064378
GYS2,0.0029944354838709825
OR6W1P,0.003180241935484172
TCTE3,-0.015083548387096588
FABP7,0.0312881451612903
FAM83C-AS1,0.01357870967741962
TRIP13,-0.08728645161290298
KRTDAP,-0.0003602419354837537
CSHL1,-0.039279516129032126
UBE2O,-0.024454032258064046
LOC100128840,-0.01814112903225786
FAT2,0.019051451612903354
LOC100129448///WSCD2,0.00409604838709703
LOC731484///DIS3L2,-0.017178790322580424
CHST7,-0.02581266129032244
LOC254896///TNFRSF10C,-0.029832903225805854
LINC01181,0.0216304838709678
MAP6D1,-0.11972112903225827
CNBD2,-0.11750637096774225
ZNF135,0.07303282258064556
PRSS54,0.03418620967741959
ZNF141,0.014480322580645539
CDKN2A-AS1,0.03253927419354869
HOGA1,-0.010206290322580705
OR11A1,0.0500464516129033
C1QTNF2,-0.009399435483870854
ZNF578,0.07799024193548386
CASC2,-0.01860362903225772
KRT73,-0.02514830645161284
LIM2,-0.15442298387096695
HOXB8,0.02362967741935551
PHF19,-0.07696532258064505
SYT15,0.014896451612903514
RASGRP1,-0.005825161290322385
SMPD2,-0.12767903225806426
SSU72P8,-0.03201717741935447
C2orf70,0.059909193548387335
CYP24A1,0.003748145161290399
NR2F1-AS1,-0.03933870967741915
C5orf17,0.0058213709677419085
ADAMTS13,0.3182449999999999
NUS1P3,-0.024728145161290266
SYT4,0.017992258064516268
FAM78A,-0.007455080645161014
FAM78B,-0.006552499999999761
LOC100289061,-0.17643177419354808
RBM38,-0.03540959677419313
LOC101928847,-0.0003072580645159112
TRIM63,-0.08411072580645114
ZNF595,0.055275725806451514
DKK4,-0.11815749999999972
FBN2,-0.019417419354838598
KIAA1659,-0.1363703225806453
PCSK1N,0.049760322580645465
FAM127C///FAM127B,0.03203975806451631
CXXC1P1,0.0006854838709682105
NPIPB7///PDXDC2P///NPIPA1,0.05687346774193577
PRDM14,-0.13640451612903154
LOC650024///CT55,0.13487612903225824
C19orf18,-0.049401774193548194
LINC00865,0.039081451612903606
IL37,0.037374516129032496
CTAG1A///CTAG2///CTAG1B,-0.21024193548387046
FLJ41170,0.06319387096774244
FRMD1,-0.020199112903225673
INHBE,0.03077056451612954
DUSP8,0.07346362903225835
ZNF837,-0.10225580645161261
CD300LF,0.062065564516129164
NLRP3,0.042910080645161844
C12orf45,0.07164798387096794
TNFRSF25,0.0716417741935487
LOC101927513,0.10607750000000006
LRTM2,-0.13445104838709643
PDGFA,0.07112927419354838
LOC105370612,0.02950548387096793
BCRP7///BCRP6///BCRP3///BCRP1///BCRP2///BCR,-0.04189669354838714
ABCC6P1,0.1115604032258067
ACSBG2,6.516129032258281e-05
VN1R108P,0.05029443548387133
DEFB4A,0.08015750000000002
LOC100507534,-0.05334951612903199
MSC,-0.16868677419354777
SAMD10,-0.008279193548386828
SIRPD,-0.12541177419354815
SNX32,-0.13831137096774151
LOC731884,0.026609354838709447
LOC284395,-0.10077354838709658
ZFYVE19,0.1147366935483872
RPRML,-0.00690080645161252
LOC101927310,0.03924959677419421
CREB3L3,-0.03411895161290268
LINC00293,-0.05085370967741905
LOC400684,-0.007541290322580321
OCIAD2,-0.007282580645161135
FBLN5,0.011601209677419896
ADIPOQ,-0.004692338709677434
CRACR2A,-0.051213306451612844
PHACTR3,0.01765169354838724
CTC1,0.07776927419354868
SLC10A2,-0.020431290322580495
ANXA2R,-0.05187669354838681
SHC2,0.03107008064516134
PRAMEF12,-0.024813145161290354
CCR2,-0.02828508064516084
HOTTIP,0.04668104838709676
ASTE1,0.013641935483870828
LOC101928111,-0.1712291935483866
LINC00324,0.04865645161290349
PACRG-AS1,0.02579048387096788
KCNJ12,-0.01371846774193527
AQP4-AS1,-0.0352527419354837
SPRR3,-0.2261180645161289
NFE4,0.06603685483870984
MLH3,-0.026186532258063958
CARD10,0.0682127419354843
PRAP1,0.024086048387096735
LINC00479,0.016678709677419294
GAMT,0.08391225806451616
DUSP13,-0.0006204032258060239
CCL19,0.012606935483871089
NSDHL,-0.015258064516128468
MROH2B,0.08661629032258138
TMEM130,0.059074435483871125
IL19,0.023953629032258096
FLJ14126,-0.10370266129032255
TCP11,0.08894064516129037
KCNK13,0.1389222580645163
LOC284648,0.010990967741936003
LOC643406,0.1039788709677422
ACMSD,-0.010793870967741748
ZNF219,-0.08726314516128991
C10orf67,0.27355419354838756
CD81-AS1,-0.039849838709677524
GH2///GH1///CSHL1///CSH2///CSH1,-0.07599629032258028
FAM223B,-0.08355137096774162
MRPS7,-0.007231532258064408
SFXN2,-0.011110080645161113
TBX5-AS1,-0.17757427419354793
CNIH2,-0.027672661290322267
SERTM1,-0.03683080645161242
LOC645478,-0.03756935483870932
SPRED2,-0.069472419354838
IFNLR1,-0.011127822580644656
FCGR3B///FCGR3A,-0.11302354838709637
ALKBH6,0.06435169354838718
NBPF6///NBPF22P///NBPF4,-0.08645443548387055
ZNF613,0.010119919354838955
DGCR9,-0.3421564516129029
ANKRD18B,0.024467096774194168
ATOH7,-0.047125241935483765
GNRHR,-0.011274354838709304
PP13439,0.09495967741935481
FLJ14100,0.0716931451612905
CYP4B1,-0.1606017741935483
SLC38A3,-0.0014129032258062661
JOSD2,0.09522935483871006
DMRTC1B///DMRTC1,-0.14892064516128994
TNNI2,-0.07132596774193517
DLK2,-0.1646068548387093
LOC105374419,0.028057338709677807
SCAMP4,-0.005322499999999503
HID1,-0.0669719354838709
ZNF962P///LOC727867,-0.06693532258064491
NECAB2,-0.05819943548387095
FAM230C,0.02541556451612907
ARX,-0.011650967741935303
LINC00309,0.04544419354838754
KCNU1,-0.13063088709677384
HOXA11,-0.11765379032258033
LOC100134123,0.045096290322581056
SIRPB1,-0.008940483870967176
ZFYVE27,-0.03561451612903215
PCSK2,0.003273064516129293
LOC100130458,-0.03988838709677426
KIF21B,0.024265564516129587
LCN12,-0.05807717741935439
BTBD6,-0.025290725806451163
LIPH,0.014474677419355386
ASF1B,0.018871290322581086
TSPEAR,-0.058059677419354375
OAF,-0.0055349193548383715
TMPRSS11E,-0.031580403225805825
SPACA3,0.13714629032258074
LOC100506083,-0.11254524193548328
PKLR,0.013688064516129202
CDK11A///CDK11B,0.03714370967741979
XIRP1,-0.15677879032258019
KLF14,-0.05415362903225804
XCL1,0.016984596774193738
SUSD4,0.02768016129032262
LOC100129064///LOC731489,-0.4057407258064511
C1QTNF6,-0.020866612903225532
FBXO17,0.027903709677419675
PCSK4,-0.0016154838709673187
MED10,0.007577580645161349
BTBD19,0.1626945967741939
LINC01254,0.005054596774193978
DEFB107B///DEFB107A,-0.13678935483870958
LINC01561,-0.10389306451612854
YPEL4,0.09160475806451644
GUCY2C,0.000916693548387245
RXRG,0.05136887096774208
TTBK1,-0.06206854838709634
NKX3-1,0.010764838709677519
DMRTB1,-0.07267854838709678
WEE2-AS1,-0.07808298387096729
DND1,0.02214798387096785
FAM168B,-0.13823427419354825
MRGPRG-AS1,0.028687500000000234
SMTN,-0.014415645161290083
GPR89A///GPR89B,0.02177153225806477
LOC401317,-0.00155048387096767
LOC101928725,0.03723516129032276
LOC727944,-0.10044967741935443
PDC,-0.015296370967741637
ACE2,-0.13932564516128984
FMO9P,0.015350161290322914
BEAN1,0.03138370967741957
HIST1H3H,0.05217330645161283
LOC149684,-0.017749677419354654
LAG3,0.21710201612903246
CNGA4,0.16019709677419391
SLC41A3,0.008568548387097006
CNKSR2,-0.015480725806451457
MINCR,-0.19183887096774171
MECR,-0.011851774193547913
MUC19,-0.07841540322580598
IGLV2-23,0.07592290322580707
FOXD4,-0.1873919354838709
KRT16,0.0032750806451612886
CATX-1,0.001851370967742287
ACY3,0.11807225806451649
LINC01192,-0.11786008064516085
CAPN11,-0.04883403225806396
RPS6KB2,-0.06235532258064519
SLC44A3,0.02692604838709687
LOC100133109,-0.06310193548387091
PRRT2,-0.06674120967741913
TESC,0.058766370967742176
C12orf49,-0.0025270967741934033
GPR158,0.013187983870967661
TEX28,0.2225382258064519
SIRPG,0.003065483870967861
CCNB3,-0.01731854838709633
SSSCA1///LYPLA1,0.05413540322580673
FBXO24,0.09409959677419352
ZNF438,-0.008103387096774382
LOC101929116,0.05960298387096802
AKR1B10,0.02886911290322611
LOC100128325,0.09667032258064524
TMEM159,-0.22786806451612865
PROX2,0.012044354838709885
SPZ1,-0.03455975806451605
S100G,-0.052885645161289706
MYH2,0.007505080645161697
SEL1L2,-0.04311887096774164
LY6D,-0.044344112903225395
LOC284219,-0.003541048387096426
ZSCAN12P1,-0.021873145161289926
FETUB,0.08065588709677436
C2orf80,-0.008594193548386728
LOC105369921,0.015752419354838874
SFT2D3,-0.09336088709677376
POLR2M,0.01602209677419377
AA06,-0.05335129032258022
SULT2B1,0.028163145161290648
B3GNTL1,0.037238790322580845
TCHH,0.0239259677419358
SFTPA2///SFTPA1///SFTPA2B,-0.023333145161289856
GATA1,-0.045907177419354364
TMEM201,0.0469555645161291
SLC12A3,0.10229064516129048
SLC35G1,-0.1848641129032252
TRPC2,-0.05762435483870932
DES,0.0045240322580645115
KIRREL,0.06041338709677439
LOC101929162,-0.09601346774193514
TSTD1,0.0537879032258069
LINC01613,0.011899919354839266
SH2D4B,0.013755322580645275
HMX1,0.09251975806451634
LINC00908,-0.0077344354838706445
POM121L2,0.007087580645161396
ZBTB46-AS1,-0.059982741935483766
CABP2,-0.05723879032258036
SCGB1D1,0.03235290322580675
UBAC2-AS1,-0.03499991935483836
ZBTB7C,0.05974572580645171
FAM188B,0.02926701612903252
ALDH16A1,-0.13280999999999973
ZNF778,0.04011459677419379
CCNE1,-0.08002532258064486
CHKB-AS1,0.015405241935483979
LOC100132884,0.0018237903225813206
FAM131B,-0.066375403225806
NPVF,-0.07149370967741904
CHRNA10,0.013341048387097012
CCL26,-0.08423588709677407
CST8,-0.09522483870967734
TMEM42,-0.06687927419354799
NDST3,-0.0133233870967739
CPNE2,-0.11245467741935464
MCOLN1,0.07257411290322584
C15orf54,-0.025423387096774004
LOC100507140,0.005105241935483771
PPCDC,0.11832806451612947
KRTAP10-11,-0.2310268548387092
BGLAP,-0.010417580645160749
ARMC7,-0.00748451612903223
MORC2,0.015750483870968314
NANOGNB,-0.11285016129032194
SMARCD3,0.11312830645161318
RHEBL1,0.03805717741935516
LOC101929517,0.07442838709677442
SPCS2,-0.031126370967741634
ZBED2,0.04812709677419361
IGF2-AS,0.09105112903225827
IL12A,0.009790080645161701
PPP1R32,0.0909166935483873
LOC100132276///KRTAP3-3,-0.006815161290322653
C1QC,-0.02204943548387053
SNORA28,0.034188709677419354
TCEANC2,0.013268225806452025
PRAF2,0.05510612903225823
OIP5,-0.0166333064516127
ZNF205-AS1,0.07396032258064539
SHF,0.050457741935483795
CD38,-0.039678709677419155
NODAL,-0.08040854838709637
C10orf99,0.07657661290322618
MARCH4,-0.05381411290322549
APTR,0.0005152419354841915
NEUROD4,-0.056879838709676896
C3P1,0.024705322580645644
CDC42-IT1,-0.0911213709677414
CD2,-0.010754999999999779
SERPINC1,-0.014504999999999726
LOC100129620,-0.0288511290322577
BAIAP2,-0.042571854838709254
LOC400958,0.011553467741935402
SPPL2B,-0.17425443548387048
SPATA12,-0.010473629032257787
MAG,-0.014595322580644839
C14orf181,-0.0089689516129028
CLDN4,-0.04968524193548355
LOC105369187,0.0469909677419358
ETV4,0.03229983870967723
RGS8,-0.009097741935483548
RPS19BP1,-0.04251661290322579
ADAM19,0.014512419354839422
STX18-AS1,0.11317370967741959
LOC101928985,0.00010379032258070117
KCNN3,-0.02015112903225736
PRR4///PRH2///PRH1,-0.04812169354838712
PHOSPHO1,-0.09746225806451614
FAM110A,0.00954862903225797
PROC,0.011643145161290778
LOC105374690,-0.19108201612903158
HIST1H2AG///HIST1H2AM///HIST1H2AL///HIST1H2AJ///HIST1H2AK///HIST1H2AI,-0.05246016129032228
VWA3A,0.011194354838709704
LINC00970,-0.019912661290322257
IL15RA,-0.07922653225806388
C8orf60,0.1385012096774197
LOC100130548,0.007864193548387147
TBL1Y///TBL1X,-0.00260669354838683
UGT1A3///UGT1A1///UGT1A4///UGT1A9///UGT1A5///UGT1A6///UGT1A7///UGT1A8///UGT1A10,0.015065564516129202
HBM,-0.0025128225806451752
SAA4,-0.07813661290322586
ENTPD3,0.0038929032258069093
PCDHB5,0.016140161290322693
OR2L2,-0.04921040322580609
FNDC5,0.004133548387096956
PDZRN4,-0.010006532258064346
EXOC3-AS1,0.11316185483871012
APOC3,-0.04454024193548367
RIMS3,0.042190241935484186
NRXN2,0.0034653225806454357
LRRC18,0.0001619354838712008
APBA3,0.006627903225806579
ABCA6,0.002396290322581053
CSK,0.22641048387096754
CAPN10,-0.03680919354838694
LINC00920,0.025149838709677727
PTH2,0.03383459677419401
KIRREL3-AS3,-0.0007063709677418185
OR10H1,0.0328308064516136
P2RX7,-0.11851709677419348
LOC105377468,0.04077540322580659
BREA2,0.08638362903225853
PPM1G,0.0019772580645160843
LOC729446///ARID1B,0.011429758064516448
EFNA2,-0.02688895161290266
DLGAP2,0.023189274193548874
CCDC169,-0.009275161290322239
CCDC120,-0.0015388709677414702
HEPACAM2,0.05778258064516162
AIM2,-0.06261008064516102
CCDC114,0.025897741935484473
SLC5A4,0.015445403225806722
C1QTNF9,0.05875830645161287
HMHB1,0.047933064516129095
LFNG,0.20950903225806466
PUS7,0.0186725
DGKI,-0.00950370967741879
SPINK7,-0.041147338709677364
CDX2,-0.01325266129032217
RNF144A-AS1,0.019146370967742077
TAS2R4,0.01881120967741969
PRR5-ARHGAP8///PRR5///ARHGAP8,-0.04005241935483888
CCNO,0.006544435483871059
LINC01587,-0.10050258064516139
LOC652147,0.07868927419354861
PCDHAC1///PCDHAC2,-0.036073467741935684
SFTA3,-0.12471048387096721
ESPNL,0.09818467741935473
CNGB3,0.003163145161290498
PRICKLE3,-0.04052233870967713
HUS1B,0.029200806451613527
GALNT14,0.09236854838709693
LINC00561,-0.032808790322580605
WNT2B,0.14559306451612894
LINC01095,0.009898709677419544
LINC01468,0.03724048387096786
CDNF,-0.06931354838709679
TBX21,-0.005686129032257713
LOC101060391,-0.04434137096774178
RSPO1,-0.048896693548386876
LOC100133229,0.08256814516129066
LOC285191,-0.06349774193548356
FAM224A///FAM224B,0.04914153225806446
LOC105371809,0.059214596774193794
HSF5,-0.06857612903225774
PAGE2B///PAGE2,0.011277500000000029
CELA2B,-0.10868169354838683
BPIFA2,-0.12120499999999979
PNLDC1,0.04716024193548406
ATXN3L,-0.005301612903225224
KCTD19,0.007891451612903066
NGB,0.04768306451612961
HOXB-AS4,0.017106048387097166
ZFYVE9,0.092409596774194
LINC00540,0.01305822580645187
LOC101929172,-0.04421725806451603
RPL23AP53,0.008190161290322951
PRR30,0.09145741935483888
FAM153C///FAM153A///FAM153B,-0.19525806451612895
KRTAP4-12,-0.10288290322580633
RPS6KA2-AS1,-0.12119322580645138
NPFFR2,-0.1168739516129027
EOMES,-0.058270564516128345
SLC25A34,0.07720991935483895
LOC105369748,-0.020388951612903244
FAM27E3,0.046388951612903365
RAB9BP1,-0.0010598387096769643
RPL17P7///RPL17P18///RPL17P16///RPL17P36///RPL17P22///RPL17P39///RPL17P34///RPL17P25///RPL17,0.044746612903225735
S1PR3,-0.016953306451612617
NT5DC3,-0.021855564516128592
GPR88,-0.07080870967741912
PMS2P3,-0.019821693548386483
CATSPER2P1///CATSPER2,-0.0901703225806445
UPK1B,0.13681741935483901
CETP,0.009610403225806741
STPG1,0.03584540322580665
LOC730015///LOC441178,0.02735556451612936
LOC729070,-0.024349354838709286
ZNF597,-0.015870806451612877
LINC00934,-0.0018399999999996154
LOC642620,-0.017651774193548145
GREB1L,0.021705967741935797
HPCA,-0.059229274193548224
SLX4,-0.009604838709677448
RRH,-0.0009362096774188375
POLL,0.05540927419354848
IL1RAPL1,-0.027532903225806316
LINC00936,-0.13198056451612866
HIST1H3F///HIST1H3B///HIST1H3H///HIST1H3J///HIST1H3G///HIST1H3I///HIST1H3E///HIST1H3C///HIST1H3D///HIST1H3A///HIST1H2AD,-0.09285282258064537
TRHDE-AS1,0.018076451612903277
LOC652637///WHAMMP2///WHAMMP3///WHAMM,-0.0038470161290319743
FAM167A-AS1,-0.005074193548386919
OPN5,0.0005173387096775572
LINC00339,0.07176217741935499
FLJ13310,-0.014882177419354794
ACTA1,-0.01796661290322553
LINC00642,-0.01704459677419253
LOC100129268,-0.09582701612903155
GFRA1,-0.10676774193548398
ADAM21P1///ADAM21,-0.025490322580645
ZNF341,0.020912016129033068
DANT2,-0.02186822580645111
CNGA3,-0.02726266129032235
ABI3,0.008827661290322864
FDXACB1,0.03080669354838702
RASL10A,-0.07521217741935468
DEFB125,0.09609104838709714
LRFN3,0.24038903225806463
LOC100131532,0.1637999193548385
LOC100506098,0.08444927419354886
TMEM114,-0.0008812096774191789
C1orf94,-0.032386209677418926
D21S2088E,-0.008270241935483386
MADCAM1,-0.02010637096774179
LIF,-0.004259677419354464
CIAPIN1P///CIAPIN1,-0.014819838709676895
VARS2,-0.03615983870967711
HGC6.3,-0.06333919354838677
LINC00964,-0.0017027419354839184
TMEM97,0.0407767741935485
ISYNA1,0.10607564516129041
RNASEH2CP1,-0.039555483870966975
NMNAT2,0.027364032258064813
ZNF583,-0.011800564516128657
PCDHB18P,0.14476104838709694
GH1,-0.0030613709677415474
SLC26A8,0.05018491935483882
TOLLIP-AS1,-0.15178508064516102
SPRNP1,-0.0856155645161291
C9orf72,-0.013204758064515739
RTFDC1,-0.04715040322580579
SLN,0.027814677419354956
ATP2A3,0.09988524193548373
KCNQ1,-0.023709596774193115
FRS3,0.11269435483870992
AOC4P,-0.004404758064515643
PTOV1-AS1,-0.0034331451612905264
KRT80,0.05736120967741981
OS9,-0.043205725806451385
PMS2P5///PMS2P1,-0.01058161290322558
NUDT16L1,0.05847048387096776
TGM1,0.023622580645161442
L1CAM,-0.005069274193548014
LIPF,0.0023823387096777345
LOC101929260,-0.024169677419354652
PRAMEF13///PRAMEF2///PRAMEF1,-0.0838179838709675
DHRS13,-0.029122822580644806
RAB7B,-0.09548443548387074
LAS1L,-0.1637564516129027
RSG1,0.0660837096774197
C11orf94,0.03650475806451655
GUCY1B2,0.05331524193548441
LINC01098,-0.008593145161290186
LOC101927253,-0.16439669354838687
UBE2NL///UBE2N,0.05152475806451659
LOC101927640,-0.051262903225806414
LOC105374676,-0.018640161290322626
FAM185BP///FAM185A,-0.09378669354838688
LOC100128079,0.019722983870967582
PPARG,0.01906927419354861
LOC642696,0.03867241935483905
RAB3C,-0.0649401612903223
EXTL1,0.016503790322580803
LOC101928893,-0.12122669354838643
RPL10AP6///RPL10AP9///RPL10A,-0.026273629032257655
LOC643287///PTMA,0.032615241935484166
LOC102800447,-0.015227983870967337
LOC101928988,-0.08025427419354832
SASH3,-0.031546532258064024
ALOX5AP,0.0153977419354841
HMMR-AS1,0.0725745161290325
LCN15,-0.07163580645161288
SLC5A1,-0.07799459677419325
PCP4,-0.03648733870967697
LOC728084,0.02736072580645202
TMEM8A,0.06332500000000016
RLN3///IL27RA,-0.07143008064516082
FAM83H,-0.049940645161290195
ZPBP2,0.020295483870968033
PAQR6,-0.002324435483870936
IGLV4-3,0.00791927419354885
LOC100131347,-0.12100959677419337
ZNF446,0.09149104838709668
TEN1///CDK3,-0.06284145161290258
RAD54L,-0.006208306451612758
CDH23,-0.007426048387096932
OR3A1,-0.08935790322580625
RIMKLA,-0.06334548387096739
RDH16,0.03153314516129033
ACTBP9,-0.03215709677419336
LOC100506207,-0.010628548387096402
LOC105372482,-0.16327266129032209
OR7D2,-0.09106943548387052
LOC642131///IGHG1,-0.04778032258064492
CLCNKB,0.08279919354838748
GAFA1,0.02815338709677458
LOC105371401,-0.011573951612903026
NTM,0.10471887096774259
GZMK,0.07889870967741962
HARBI1,0.040127580645162
ADRA2A,-0.043441693548386826
LOC100506142,0.08200588709677481
CTRL,0.1142257258064518
LINC01029,0.01262306451612917
CLDN6,0.14995588709677504
NAT14,0.002783467741935977
CAPN14,-0.1519608870967736
BIRC5,0.007171854838709906
TMEM140,-0.006773870967741622
HTR1B,0.11949314516129084
ZNF165,-0.02561661290322547
N4BP2L2-IT2,-0.04215451612903205
ZFAT,0.028327580645161717
KLRC3,-0.14156766129032217
LOC284336///POU2F2,-0.0587674999999994
SMC1B,0.04829338709677429
LINC01012,-0.24138379032258037
ZFP91-CNTF///ZFP91///CNTF,0.019483870967742088
OR51B2,-0.08190249999999998
PNCK,-0.08631129032258042
LOC101929148,0.01182975806451651
PLCH1-AS1,-0.01006459677419297
LOC105370178,-0.025599677419354566
ZIM2///PEG3,0.048136048387096904
ABTB1,0.05517177419354845
KCNAB2,-0.11383153225806399
CDC25C,-0.1112704032258058
ZMYND12,0.006804516129032859
JPH2,-0.00023370967741900492
LOC284570,-0.08953306451612869
GPR143,0.0026170967741937813
ZNF474,0.0037443548387099857
DDI1,-0.07510637096774148
MIR4300HG,-0.021291532258064565
KCNK2,0.010042419354839087
LOC101929526,-0.0007373387096771796
UCK1,-0.1772767741935481
SUGT1P1,0.06816120967742001
RNF148,-0.02471104838709623
FOXO4,0.12102032258064535
LOC100127971,0.014356370967742655
LCE2B,-0.13637056451612872
TCAF1P1///TCAF1,-0.03997241935483825
AHRR///PDCD6,-0.059473145161290056
SERPINB12,-0.021017741935484033
SIAH2,-0.002520080645161108
TCF21,-0.02131862903225776
TRBV10-2,-0.01141274193548346
ZNF436-AS1,0.008667419354839029
LOC152286,0.005336048387097073
TRPM4,0.051456209677419276
LINC01590,0.02954338709677427
HES2,0.006061451612903251
SERPINB4///SERPINB3,0.02864548387096795
CCZ1,0.0729320161290325
GPD1L,-0.026139354838709376
ITPR1-AS1,-0.0038174193548383226
LOC101928309,0.04198701612903229
PSG4,-0.01768991935483861
CDC20,0.022642338709677558
KANK4,0.052075967741935736
DUSP5,-0.01811387096774161
CFAP65,0.07585314516129055
FAM198A,-0.014775564516128784
DYDC2,-0.0005342741935482247
LINC00471,0.009451451612903549
MAPKBP1,-0.001909112903225334
RGS9BP,-0.024425161290322468
CECR1,-0.005521854838708982
CRP,-0.1873857258064513
SLC30A4,-0.01042580645161276
PLCB2,-0.06534056451612849
IQCF2,-0.020428306451612397
UBD///GABBR1,-0.004440564516128981
MAGEC2,0.04413564516129044
VSIG4,-0.026448709677419364
PHOX2B,0.0009088709677422166
CRAMP1,-0.08754661290322548
LOC100134017,-0.013502419354838379
ZKSCAN3,0.10190822580645169
TYMSOS,0.030410483870968275
LINC01312,-0.050966935483870615
MYBPH,0.06300491935483896
ZNF630,-0.07644693548387074
KIF27,-0.006503064516128828
SLC16A2,-0.0013404032258062838
RHPN1-AS1,-0.00424370967741901
TTTY2B///TTTY2,-0.04528032258064485
LOC101926948,0.10185362903225838
RELN,-0.08109137096774122
GRHL3,-0.03656064516129023
C1orf216,-0.04052596774193514
RAP1GAP,0.014122096774193862
OR7C1,0.013460483870967859
ARID3A,-0.09022774193548375
TMEM132C,-0.01955491935483819
TSKS,0.05561032258064541
C10orf2,0.026918951612903332
OVAAL,-0.08234411290322573
LOC101927438,0.028644677419354926
MPL,0.10004016129032298
LOC101929748,0.017382016129032493
HOXD9,-0.003981290322580275
CLEC5A,0.020591209677419644
PDCD11,0.0033902419354842933
LINC01545,0.05585604838709672
DHODH,-0.08276782258064494
PTCHD3P1,0.028009032258064687
PACSIN1,0.04268435483870968
TMEM220,0.016858629032257776
NCR2,-0.008240483870967513
LOC653786///OTOA,-0.09445830645161248
C7orf69,-0.006407822580644878
OR5J2,0.019772661290322804
LL22NC03-75H12.2,-0.17347306451612862
SAG,0.07688588709677432
DOCK6,0.0831171774193548
LOC102723722,0.0021847580645161166
LINC00708,-0.003780806451612836
C3orf35,0.03150024193548383
IL17C,-0.0527483870967739
BORCS5,-0.010408306451612727
F9,0.03600612903225864
ENDOG,-0.09185419354838686
MRPL12,-0.016564274193547984
MEIG1,-0.046730967741935234
C12orf80,-0.074007580645161
LOC100133920///LOC286297,0.09968669354838716
QPRT,-0.005904677419354576
TMEM95,-0.008494999999999718
CRYGS,0.019822096774193568
RAB38,0.14687516129032271
BOLL,0.0022141129032259704
ATAD3C///ATAD3A,0.022064838709677743
ERC2,-0.02922677419354834
DOK1,-0.034818709677419325
MRPL38,0.09787040322580672
FOXN3-AS1,-0.00046161290322546504
YBX1P2///YBX1,-0.04437322580645166
RPS6KA1,-0.02147508064516136
LINC00458,0.05240532258064584
CLCN1,0.059555000000000406
UCKL1,0.08459467741935525
LOC339975,-0.05001419354838686
WBSCR28,0.011029677419355174
LOC646670///LOC440292///COMMD4,-0.007868870967741949
VMO1,-0.15533516129032224
GABRR1,-0.10197661290322547
PLPP4,0.003350887096774657
CD1C,-0.008970403225805917
CRTC1,0.08052000000000023
FEZF2,-0.04082233870967684
NKX6-3,-0.1126313709677416
HHIP-AS1,0.0061213709677423855
LAMP5,0.044414677419355605
CTSG,0.03651104838709689
SRM,-0.005914919354838588
EPN3,-0.0037947580645157197
CELP,0.031027822580645445
CABYR,0.07514645161290362
C5orf34,0.035762096774193876
LOC728173,-0.13562475806451563
LOC101929622,0.009159112903226144
TBC1D26,0.06028161290322575
VSTM2A-OT1,-0.15591911290322572
LOC100507277,-0.07487677419354814
CCDC81,0.01833548387096843
LOC105376081,-0.025477580645161015
PRRX2,0.05818169354838734
LOC101928526,0.0379024193548389
FLJ46875,-0.004165564516128726
CA10,0.00525080645161323
ABCF1,0.0373183064516131
NKAIN4,0.11508725806451629
LOC652493///LOC650405///LOC647506///IGK///IGKC,0.005273629032258428
SCNN1D,0.001522741935484437
ACOT6,-0.0042341935483870274
TDRD1,-0.009080241935483797
FAM71A,-0.049325806451613025
PRM1,0.02067056451612906
PPBPP2,0.0898888709677421
CRIP2,0.01353870967741979
FBP1,-0.06521604838709688
RSPO3,0.01121104838709694
ADARB2-AS1,0.06382870967742005
LOC646778,-0.2290574999999998
SYNGR3,-0.02646653225806448
PLEKHG2,-0.14654782258064444
CFAP45,0.18194596774193533
CEACAM8,0.047967419354839
TRAF1,-0.03465096774193552
SMCO3,-0.021819838709677304
BATF,-0.04328370967741903
LRRC2-AS1,0.013048629032258726
ADGRF2,-0.03186508064516077
TSC22D1-AS1,-0.049446048387096715
LOC101927958,0.11978064516129044
NINJ2,0.03595338709677426
LINC00623///LINC00869,-0.15399403225806418
LVCAT1,-0.057371532258064434
PLA1A,0.07828854838709698
LOC100133236,-0.023170322580644876
ZNF668,-0.015038064516128553
CAPN6,0.16072016129032285
GBX1,-0.0031529032258060218
CHRNA4,0.02925217741935497
GPR50,0.027049193548387456
IQCF1,-0.22536846774193517
PPP2R5B,0.2652297580645156
LOC105371414,0.015192258064516465
HMGB3,0.027713306451613164
TGM7,0.0498526612903225
GFAP,-0.1267995161290318
LINC01405,-0.06639411290322556
FBXO6,-0.09350806451612896
RPP25,0.1283195967741936
STX11,0.009541774193548713
LGR6,-0.04317975806451606
ADA,-0.0023015322580639463
LOC105375773,-0.1782294354838709
LOC731915///LOC648897///ABCD1,-0.0774641935483871
TTLL7-IT1,0.11562137096774175
LOC101928140,-0.0021253225806445626
LOC105377443,0.005120645161290698
MGC12916,-0.061140080645160744
USP51,-0.026393225806451585
TP53I11,0.038019354838709815
FXYD1,-0.014789274193548103
CXCL13,0.011022661290322715
BTG4,0.03650241935483925
MICAL2,-0.03515790322580636
LOC100134333///LOC100130525///EXOC3L1,0.03287403225806444
NTHL1,0.005817419354838869
LOC101927038,0.03317225806451659
VPS37B,0.044864758064516286
C7orf71,0.12652169354838724
CAPN12,0.003457983870968151
SLC9A8,-0.019299838709677018
GFRA3,0.06189153225806453
FHOD3,0.05509169354838693
SPINK4,-0.007990806451612601
ZNF513,0.025296370967742475
KRT76,-0.05696919354838692
VPS9D1,-0.06406322580645132
LAMC3,0.041160483870967955
OR10A3,-0.15653846774193475
PIK3AP1,-0.010387983870967803
MAP10,-0.007368629032257643
ZFP2,0.04195217741935536
TELO2,0.03786645161290328
C2orf72,0.2089021774193549
LOC101930452,0.01646516129032268
ACSS2,0.029951451612903583
RPP40,0.025319435483871076
LOC100130856///PSPN,0.08665096774193573
CASC17,-0.0033562903225803162
LOC100129857,0.04224258064516177
PHYHIPL,0.04379854838709703
HLA-DOB,0.02545588709677417
C14orf91,-0.02823927419354803
IFNA14,0.0006019354838713463
ITGA3,0.05146338709677459
LINC01118,-0.1224524999999995
C17orf74,-0.0002049999999997774
SOX2,-0.2681004838709677
MCRIP2,-0.02189266129032258
FAM131A,0.01654596774193602
BORA,0.013205725806451794
LINC01091,-0.22818548387096751
ZNF461,-0.07005451612903196
CAPNS2,-0.2191166935483868
CTAGE1,-0.014582338709677147
LOC101927543,0.07559306451612924
KCND1,0.039422983870968084
CCKAR,-0.03397129032258026
RNF167,0.10132475806451624
OAZ3,-0.1073864516129029
ODF3,0.05010645161290368
FARP2,-0.011569919354838344
CALCOCO1,0.09182362903225809
CORT,-0.002791290322580472
NPM3,0.008814838709677426
FBXL6,0.01993491935483891
ZSCAN20,-0.014499193548386916
CDH15,0.10677717741935502
HCAR1,0.027123709677419436
CXorf40A,0.02831612903225829
LOC645485,-0.07036177419354811
TEC,0.054318870967742044
TOX4P1///TOX4,0.016259758064516128
LINC00158,-0.051380080645161134
SCN3B,0.08065637096774245
LOC338620,0.06271104838709687
CCNF,0.00037072580645170373
LTF,-0.06891338709677365
GGTLC1,0.01750338709677453
RAB26,0.09282274193548407
LMO7DN,-0.014881612903225684
KIR2DS2///KIR3DL3///KIR2DS5///KIR2DS4,0.029937419354838957
CORO7,-0.0524637903225801
WFDC10B,-0.40766653225806454
DIO2-AS1,0.012643548387097038
COL20A1,0.10131249999999996
LOC100506175,0.009917016129032553
TMEM110,0.0037925806451617793
CPXM1,-0.0738469354838707
LOC100506489,0.0738235483870971
LOC101928098,-0.00505943548387068
LRRC71,-0.15950491935483851
LOC100133820///HYDIN,-0.02703975806451572
C7orf43,-0.17698137096774214
LOC100507600,-0.025902258064515907
PQLC2,-0.02162822580645124
LOC100505912,-0.007149758064516041
SLC22A8,0.03204266129032281
TBC1D30,-0.03162790322580589
MTMR4,-0.011884596774193262
GPR150,0.04774491935483898
GSG1,0.039851048387097035
ADCY3,-0.023143064516128613
LOC100131756,-0.004510322580644911
RNF150,0.027284274193548754
FDX1L,0.032646370967741964
PINLYP,-0.0095552419354837
TEX37,-0.2742395967741929
LOC340184,-0.006375080645161246
SCGB1C2///SCGB1C1,0.030589193548387527
PRELID3A,-0.08488403225806426
UGT1A9///UGT1A6///UGT1A8,0.013145806451613467
KLHL26,0.013447419354838959
TXNDC8,-0.009504758064515778
RELL2,0.07247475806451653
FAM46D,-0.00828524193548368
LOC100133781,0.06627209677419363
ULBP1,-0.0021967741935484527
CACNG2,-0.12119016129032223
FDPSP2,-0.04173620967741895
GADD45G,0.011531774193548446
AGAP5///AGAP7P///AGAP9///AGAP6///AGAP11///AGAP4,0.004561774193548765
RLN1,-0.00848266129032262
FAM110D,0.01562903225806477
TXNDC2,-0.004734758064516008
C7orf13,-0.12907185483870934
RAC3,0.042301048387096724
ACTRT2,-0.10432040322580628
ZNF16,-0.0994240322580644
MATK,0.023247016129032516
CEBPA,0.10176403225806495
C9orf47,0.037997096774193925
DOC2B,0.01507282258064528
OR2B3,0.036389919354839116
TYSND1,-0.04185403225806418
GPHB5,0.0019443548387100558
GNAO1,-0.02126669354838647
LINC01342,-0.03234556451612901
LOC101930370,0.002894112903226107
UTY,-0.04923790322580622
CD96,0.020804435483870877
FGF6,-0.005079032258064511
HPGDS,-0.08755604838709663
SLCO1C1,0.027899516129032173
EDDM3B,-0.11826217741935438
FAM98C,0.016363306451613224
PCDHGB8P,0.08906532258064521
PSORS1C3,0.026583225806451907
FAM87B///FAM87A,-0.0751958064516127
C16orf86,-0.11115548387096774
RDM1,0.14326161290322592
LOC100131904,0.028342500000000263
CCDC149,-0.021165806451612777
GRAMD1B,-0.0026787096774191963
LINC01120,-0.02220975806451597
SLC10A1,0.03584975806451627
SDCBP2,-0.02892612903225764
RNF19B,0.035061935483871425
CDCA8,-0.0254951612903224
ASGR1,0.0886370967741934
CNTFR,0.04122870967741947
TRAF6,-0.016175241935483455
RPS8P10///RPS8,0.13352475806451614
FAAH2,-0.022492177419354636
XAGE2,0.04586008064516134
GAS6-AS1,-0.03460475806451523
TROAP,0.05549951612903288
TXLNG,0.0091491129032262
LOC375196,0.014493467741935908
EPHA8,-0.026419516129032143
LINC00491,-0.1269610483870966
ABCG5,0.03424741935483904
LOC400965,-0.24195225806451578
GZMH,0.023817419354838873
LINC01082,0.0432158064516134
PIAS3,0.06926427419354883
TACO1,0.07545258064516182
LOC101927531,0.13162112903225823
LINC00473,-0.012526290322580265
KCNAB3,0.06488951612903254
MAGEA1,-0.025956612903225554
BLK,0.02214822580645174
PCK1,0.15351895161290324
TONSL,-0.005463790322580443
CPA1,-0.05593685483870914
C5AR2,0.19261540322580692
TKFC,0.06717903225806474
FAM13A,0.038274435483870925
PIANP,-0.057376854838709634
E2F2,-0.1362984677419351
MTNR1A,-0.019342580645161214
LINC01215,-0.13560741935483883
DNAJB13,-0.1452737903225802
YBX2,0.013651129032258291
TCF4-AS1,-0.1695541935483868
KRTAP7-1,-0.015486290322580266
TP53AIP1,-0.0031101612903224087
MGC20647,-0.04584322580645142
LIN7B,0.1127687096774197
LOC497256,0.1623508064516133
NME8,-0.0012219354838708322
ALKBH2,0.13524983870967736
LOC100505978,-0.006799193548386734
KCNK17,0.15811959677419354
LINC00572,0.023372903225806582
LOC100134440///PGBD5,-0.027499677419354766
IL13,0.05424725806451616
NKX2-2,-0.13755008064516083
STK32C,0.004770483870968307
LBP,-0.21939540322580584
LOC102723704,0.009191048387097181
C22orf23,-0.03069741935483854
SMAD5-AS1,-0.1547763709677416
DNAJC3-AS1,-0.013444838709677342
PMF1,0.04599580645161314
CORO2B,-0.08350459677419336
GUSBP5,-0.013995322580644773
LEFTY1,-0.043656693548386874
SLC4A11,-0.012301612903225553
DAOA,-0.04792701612903164
PITRM1-AS1,0.09155701612903243
LOC100130370,-0.07632193548387078
LOC389247,-0.011880887096774127
TMLHE,-0.024486209677419168
LMX1B,-0.13966104838709653
TISP43,-0.0016991129032255803
RASSF9,0.007067016129032224
MAPK7,-0.01586483870967737
NDUFA11,-0.015111451612902616
MMP12,-0.2886046774193546
NR3C2,-0.0362428225806446
LINC01516,-0.09040596774193527
NLRP5,0.02955596774193574
TAS1R1,-0.006604838709677381
ZNF154,0.10542040322580655
GJC2,0.041938548387096944
GHRHR,0.09092774193548422
TTC21A,-0.15038338709677443
LOC105377776,-0.009365645161290067
CCDC137,-0.003201290322580138
HIST1H1D,-0.03777427419354815
LOC727773///ING5,-0.0003793548387093696
UCK2,-0.024036209677419346
DAB1,-0.04896943548387063
PLPPR5,0.024341774193548972
SSUH2,0.07089677419354881
LOC100130837,-0.0076462903225803895
IL2RA,0.03314725806451651
SHISA2,0.007373790322581043
IL1RL2,0.17982048387096788
CASP14,0.040534274193548665
VTN,0.05328056451612965
CSRP3,0.05033483870967774
HSD3BP5///HSD3B2///HSD3B1,-0.020616854838709578
LOC151760,-0.06046080645161239
PCDHB4,0.02478362903225798
TMEM132E,0.039212983870968034
ADAMTS14,0.0638707258064518
PNMA6B///PNMA6A,-0.004850161290322586
MUC3B,0.13404693548387128
LOXL2,0.05411741935483893
POLN,-0.01051499999999977
CST7,0.10160451612903264
ARRDC1,0.10326008064516164
LOC100129865,0.04306056451612914
TMEM120B,0.005874193548386891
SCOC-AS1,0.04775330645161314
NHLH2,-0.09045056451612875
GRIN2C,-0.023915725806451328
LRRC73,-0.014318629032257899
MCAT,0.10510629032258081
RPH3A,0.013713225806452133
LOC100128093,-0.04245516129032252
FGF17,0.047577500000000314
H2AFX,-0.0033608870967737174
SLC2A6,0.017684516129032712
PRTG,0.04357241935483902
TMEM35A,0.02507620967741943
LHCGR,-0.03564298387096729
AMIGO1,-0.059604838709677144
PALD1,0.030899274193548466
VILL,0.053476209677419305
FLJ33534,-0.16145137096774168
LOC148709,-0.062479758064515833
TLDC2,-0.004409758064515971
C6orf136,0.04190540322580675
CCNT2-AS1,-0.008075241935483791
MARCO,0.02295120967741978
CST9L,-0.001911451612903018
SLC4A1,0.07742524193548411
TMUB1,0.050942661290323
C9orf135-AS1,-0.05663975806451598
ANKRD24,-0.0478483870967735
ALOX12P2,0.0008691935483872495
GUCA2A,0.18198459677419357
HRASLS,0.007409677419355421
COX4I2,0.018775241935484258
ANKRD20A13P///LOC728783///ANKRD20A4///LOC727770///ANKRD20A7P///LOC647595///LOC643187///ANKRD20A2///ANKRD20A3///ANKRD20A11P///ANKRD20A9P///ANKRD20A1,0.03159314516129045
TCF7,-0.01928104838709667
LINC00313,0.019040887096774553
F10,-0.019016209677419096
RBMY1J///RBMY1E///RBMY1D///RBMY1B///RBMY1F///RBMY3AP///RBMY1HP///RBMY1A1,-0.036638306451612666
LOC100133105,-0.09814637096774122
PADI2,-0.002092741935483495
LINC00589,-0.1880310483870963
LINC00961,-0.007527822580644963
FABP1,0.015946451612903756
SCUBE2,0.04040508064516158
TEX43,0.007506693548387461
RRN3P2,-0.040517338709677136
NFKB1,-0.07197830645161278
LOC105374325,0.011095564516129152
MTX1,0.09176072580645218
CCNJL,0.16705588709677419
LIPC-AS1,-0.11613548387096753
MFSD13A,0.013911209677419815
SLC26A6///CELSR3,0.024551935483871128
SMCO1,-0.020024354838709416
SH3RF2,-0.04228322580645128
TMEM99,0.016685806451613376
IGLV3-19///IGLC1///IGL,-0.0009958064516128315
FKBP6,-0.010579516129031918
SLC12A4,-0.02573709677419289
RTN2,-0.01049846774193518
FAM170B,-0.022058145161290295
IQSEC3,0.004739919354838721
SUPT6H,0.011794596774193544
RGS17,-0.052648870967741956
RBAKDN///RBAK,0.05911241935483932
KIF2C,-0.029195483870967355
ERCC4,-0.014575080645161113
LOC729887,0.010704838709677695
DCHS2,0.015154596774193656
ANKRD33B,-0.018127580645161116
LOC728485,-0.1430860483870963
CAD,0.028656290322580904
CHAT,-0.044109112903225584
TH2LCRR,-0.0038831451612902418
LOC728946///KRTAP1-1,0.003481451612903301
HAPLN2,-0.07967830645161313
LOC105372520,-0.005881935483870756
DCST1,-0.05190290322580637
DENND6B,-0.021251451612903247
IFNG,-0.09271387096774136
SMPDL3B,-0.12126887096774155
AKR1C6P,0.031134274193548545
ADCY10,-0.0051612903225804595
DKFZp779M0652,-0.16564032258064487
BMP5,-0.2797383064516126
CTB-49A3.2,0.02003556451612902
STRN4,0.03121153225806504
LOC401913,0.03301854838709699
LOC100996349,0.00431177419354851
PRRG2,0.04813016129032246
GSTO2,0.05155225806451652
LOC100134331///IGHA2,0.0238800000000007
FUT5,-0.014304596774193289
HCG26,0.1286181451612906
ENPP6,-0.01390137096774149
TANGO6,0.05963725806451642
LOC101928135,0.07314467741935538
TRPV6,0.1025134677419358
NFRKB,-0.01495596774193544
LIPC,-0.16309879032258034
LOC100134722,-0.009079274193548124
FLJ35816,0.08087830645161315
LOC101928700,0.05365959677419368
DPM3,0.13368725806451667
C19orf81,0.01783064516129079
FLJ10246,-0.046566290322580695
SUN5,-0.01217233870967711
LOC283516,-0.06430516129032227
ALDH3A1,-0.0258871774193546
LINC01514,-0.04532435483870934
SIPA1,0.045470322580645525
MAP3K14-AS1,-0.07474491935483825
ENO3,-0.056053064516128626
IL1RN,0.010737419354838747
LOC100134040,-0.15898249999999942
TNFRSF8,-0.0032074193548382625
LINC01551,-0.1631320967741934
MUC1,0.033344193548387316
FAM89A,-0.07201266129032238
SHROOM2,0.051714919354839066
CACNA1B,-0.04253217741935485
ZSCAN2,-0.01276766129032244
KIAA1614-AS1,0.0948238709677422
LOC149703,-0.05119169354838702
SNORA74A,0.00808362903225847
CYB5RL,0.03645967741935492
TMEM155,0.05590064516129062
CHRNE,0.01156564516129032
CAPN8,0.030908225806451445
DBH-AS1,0.009138629032258032
SYCP2L,0.013515000000000086
OR7E104P,0.10591782258064553
ZNF764,0.0495728225806456
FGFBP1,0.033951129032258234
TEKT1,-0.11985120967741884
BEST3,0.016832096774193908
GPR35,0.16937854838709684
DEFB127,0.0023046774193549854
LECT2,-0.0020139516129033127
MAB21L2,0.026527661290322926
WT1-AS,0.008210725806451906
LOC101930081,0.034948225806451336
CLRN1-AS1,-0.0019365322580644074
HSD3B2,0.08546887096774221
SDCBP2-AS1,0.09998806451612972
CLCA1,-0.05316338709677364
LOC105378349,0.008573629032258352
CLCN6,-0.01352258064516133
C3orf56,0.03627814516129048
CCDC190,-0.019467419354838453
QRFPR,0.030605806451612993
LOC105374895,0.05455233870967774
LOC100131928,-0.047991612903225817
LOC643072,0.007952741935484405
RGAG1,0.02201508064516135
TRBV24-1,-0.12459411290322556
LOC100134119,0.02322322580645164
LOC100286925,-0.01411830645161296
ENTPD2,-0.047425806451612554
KCNK9,0.03253403225806472
HES4,0.047268629032258105
ADRA2C,-0.03006169354838684
SLC35G4///SLC35G6///SLC35G3///SLC35G5,-0.012256370967741887
SPIB,-0.05882854838709657
CPA4,0.040286048387096776
RARA-AS1,0.010109677419354752
NEIL3,-0.1399530645161286
BAIAP2L2,0.02495637096774247
SVOPL,-0.1536257258064513
DEGS2,0.06928330645161322
TACC3,-0.08391548387096753
C14orf180,-0.009462499999999709
TCN1,0.02713233870967784
MGC40069,0.02618080645161294
SLC24A2,-0.045403387096773926
ABCD2,-0.017920887096773908
SEMA4A,0.07509798387096822
PAQR8,0.011690645161290564
SLC1A6,0.015974838709677672
PDZK1IP1,-0.006653064516128461
HSFY2///HSFY1,0.006301854838710032
LINC00656,-0.03262483870967713
LOC100129476,-0.005596854838709568
RPUSD1,0.3089744354838711
RTP3,0.1901089516129037
KCNE5,0.021386532258064833
MYL5,-0.0329864516129031
LUZP2,0.00035483870967779885
CNTD1,-0.1131657258064512
CECR7,-0.09123524193548355
FAM99B///FAM99A,-0.012615483870967597
TMC7,0.0002479032258065649
TSPAN8,0.011609112903225987
CYP4F11,-0.10444322580645116
GS1-600G8.3,-0.05343008064516087
ITGB6,0.020528387096774257
TMEM86B,-0.08582854838709661
NOXRED1,-0.01132088709677398
OR7A5,0.01139701612903262
C15orf56,-0.10008459677419332
LOC101927059,0.0012737903225807754
LY6G6E,-0.08202999999999977
RTN1,-0.012921854838709479
PSTPIP1,-0.012617499999999894
ANKRD18B///ANKRD18A,-0.12836604838709648
FAM86C1,-0.09922072580645129
JARID2,-0.18534870967741926
IFITM10,-0.05734161290322536
TBC1D29,-0.1588287096774193
KLK1,0.021138306451613
KCNJ11,0.1414372580645166
MAP1S,-0.010523870967741641
TUSC5,-0.10244233870967742
OR2J3,-0.10909419354838698
MRAP2,0.01616008064516173
CDK5,0.00792346774193557
LOC692247,0.16675540322580668
SUCLA2-AS1,-0.06143403225806413
LOC200772,-0.008523870967741563
SIT1,0.04016024193548398
CCDC70,-0.03627088709677384
CCR9,0.013525806451612978
SCGB2A1,-0.00866201612903214
TCF19,-0.028233387096773907
LINC01114,0.05388217741935541
CRYGD,0.05037870967741975
PALM2,-0.0037654032258060046
HAVCR2,0.046967741935484315
LOC100127972,-0.34037782258064503
RGS7BP,-0.24549774193548293
LOC100132051,-0.0027561290322576544
SREBF1,-0.007815403225806076
LOC220077,0.028082580645161698
NOS1,0.032626532258064736
WNT8A,-0.03401153225806462
SNHG15,-0.01575548387096742
SLCO4A1-AS1,-0.10408766129032233
WNT2,0.07855451612903226
SLC17A3,0.0009287903225807907
PPIL6,-0.009492983870967437
FASN,0.02890451612903258
ERVMER34-1,-0.03466459677419338
SOX3,0.018677983870968137
LOC101930149,0.005048629032258077
ATP6V0A4,-0.007905806451612526
SP7,-0.011102983870967807
OSM,-0.10697346774193511
ZNF615,0.00022556451612943063
SCAND1,0.0070807258064518735
FRMPD1,-0.02550580645161243
PRR15L,-0.07739516129032276
NRSN1,-0.3271663709677414
CKAP2L,-0.03727556451612908
SSX4B///SSX6///SSX4///SSX1,0.09506870967741939
LOC439938,-0.035102177419354993
KCNC1,-0.02465032258064502
SUPT3H,0.03563354838709721
MYBPC2,0.09378854838709663
FRMD8P1,0.05121806451612921
LINC00527,-0.0005558870967742437
TLN2,0.01796790322580645
ADORA2A,0.01711064516129078
LOC100130423///SUGT1P3,0.052515161290323124
LOC100129447,-0.04524330645161262
FOXN3-AS2,-0.002864677419354246
LOC100132249,0.06666983870967742
TIGD5,0.06090427419354883
LINC01366,-0.09641161290322571
MAFG-AS1,0.07462991935483851
TMEM129,0.029736370967742284
PCBP2P2///PCBP2,-0.00924314516129001
RAB40AL///RAB40A,0.01741733870967767
UBE2E2-AS1,-0.016690645161290103
SLC17A6,-0.031168225806451438
SCGB1D2,0.002456935483871165
LOC100506885,-0.00483830645161282
NR1I2,0.028529677419355054
GJB4,0.006940403225806409
KRT19,0.01654620967741941
LCN1,-0.03224693548387062
AGAP3,0.03188024193548421
SPIN2A,0.0285270161290326
ANKRD30A,0.017797983870967905
IGHV4-31///IGHM///IGHG1///IGHA1,-0.01422725806451584
OPLAH,0.06785395161290328
GLI2,-0.01361322580645162
LOC100287290,-0.043220241935483586
NLRP9,-0.01274499999999995
NUTM2F,-0.004035080645161039
RBMY2FP,-0.006835322580644836
ATP13A4-AS1,0.11932927419354841
OGDHL,-0.2534985483870958
GIF,-0.005269274193548189
SLC25A25,-0.04709725806451581
TMEM55B,0.013276129032258308
CCL25,0.07296129032258095
LOC100288721,0.0020779032258067412
NXF3,0.0024387096774200023
ISLR2,0.040039838709677894
TNFRSF17,-0.05207790322580578
BPIFB6,0.02850677419354846
FUOM,0.021818548387096962
SSR4P1,0.03740016129032263
B4GALNT1,-0.07234435483870934
STKLD1,-0.008008951612903067
SHANK3,-0.005176451612903057
LOC105376072,-0.00949758064516097
COMTD1,0.1045981451612907
SUGCT,0.031141693548387445
NAPRT,-0.0831500806451608
LOC253805,0.03630766129032265
LL0XNC01-116E7.2,0.11864911290322606
KIRREL3,-0.007591693548386855
NOTUM,0.07628983870967752
LOC100129380,0.010144435483871304
MIR600HG,0.054412258064516286
CRHR2,-0.02534395161290321
DRAM1,-0.023537016129031772
LOC732419///ATAD3C///ATAD3B///ATAD3A,-0.05709911290322542
SMIM22,0.04531661290322597
TBC1D8///RPL31,-0.04719435483870947
CHST4,-0.05463008064516089
KCTD11,-0.057936774193548146
SMYD4,-0.028978709677418765
DAOA-AS1,-0.005629919354838384
CPNE6,0.14017427419354844
PANK4,0.04167830645161331
LOC101927447,-0.053639193548387094
KISS1,0.05735072580645183
LOC100288798,-0.058429516129031966
CALML3,0.05557000000000023
LOC101928886,0.0042900806451617365
LOC283728,-0.14124637096774165
TSNARE1,-0.008801532258064137
VWCE,-0.00802685483870939
MIGA2,0.0692657258064518
LOC147343,-0.009966129032257801
ERVH48-1,-0.00694483870967715
CELF3,0.022488145161290565
GPRC6A,-0.08516443548387041
LOC100128653,0.0145628225806455
TBX20,-0.023594032258064584
LOC100129890,-0.011266854838709192
LINC00593,-0.00022524193548365684
MESP2,-0.03150830645161263
ANKRD20A2///ANKRD20A3///ANKRD20A1,-0.0010975000000001886
ANKRD2,0.004731774193548922
IFFO2,0.01512653225806438
ALKBH3,-0.0008525806451611431
CELSR2,0.15776838709677443
LOC100134497///LOC100131851///LOC646674///LOC401002///SSBP3,-0.007614838709677209
CFAP126,0.0026385483870972155
LOC254028,0.0032587096774198705
LINC01511,-0.030310967741935483
LOC101928716,-0.006532338709677116
C4orf22,0.013172500000000361
FAM30A,-0.05156540322580624
LOC101929717,-0.1138445967741937
LINC00330,0.07907241935483884
SH3BP5L,0.078016129032258
LINC00710,-0.04442862903225782
PMS2P2///PMS2P1,0.012630645161290916
RNASE7,-0.012587741935483444
PRSS21,-0.011007258064515728
EDA,-0.03500072580645136
LOC101929524,-0.03119983870967704
IPW,-0.005242983870967249
KRTAP5-9,-0.013900080645160798
RPL23,-0.0052983064516128955
SYNGR2,0.08121774193548406
SLC25A11,0.024576129032258157
C2orf16,-0.011002661290322211
EVA1C,0.06048451612903238
ITGAD,-0.014416129032257675
TMEM192,0.04317088709677455
CTRB2///CTRB1,0.045029919354839174
E2F6,0.00664749999999989
INS,-0.046077741935483606
LOC101929164,0.006304758064516277
POLR2J3///POLR2J2///POLR2J4,-0.12336362903225764
MAT1A,-0.05566709677419378
SMR3A///SMR3B,-0.0021799999999994827
LOC440704,-0.012259516129032179
LINC01296///DUXAP10///DUXAP8,-0.06530499999999972
LINC01119,-0.019627903225806397
CCDC22,-0.010014274193548231
PRSS53,-0.019798951612902717
DLL3,-0.1378726612903224
AQP8,0.07090120967741922
LOC101060553,6.77419354841377e-05
STRA6,0.035622338709677716
LOC100130502,-0.004567580645160914
LOC105372607,0.21674604838709674
LOC101928850,-0.06806637096774164
ASAP1-IT1,-0.051795887096774004
RFX6,0.015055161290322833
LOC105374587,-0.04713516129032236
TGM4,0.11935209677419395
LOC100419741,-0.06315758064516101
STAR,-0.13753999999999994
NKX6-1,-0.038433548387096894
FLRT1,-0.06579040322580648
SCP2D1,0.03603588709677418
MPPED1,0.025652096774193788
CPA5,0.008286532258064416
STAT4,-0.015942741935483513
BSND,-0.00441645161290316
SEPT1,0.03797588709677453
LOC102546294,-0.042565080645161305
TIGIT,-0.0017423387096772791
GRM1,0.02356790322580652
IGHV4-31///IGHA1,-0.11321983870967728
TTC16,-0.06919540322580635
LOC100133441///GALNT9,-0.007838629032257766
KRT27,-0.050933306451612426
ZNF137P,0.09764604838709703
LINC00929,0.004966612903225822
ASMT,-0.00488758064516096
LOC90784,0.0013346774193549317
DDIAS,-0.03965693548387024
TREH,0.006518790322580925
LOC284661,0.017388467741935573
SIX5,0.023609274193548642
DEFB104B///DEFB104A,-0.07762774193548318
LOC100506585,0.03202532258064534
LOC730961,0.14093000000000025
LINC00858,-0.01336185483870957
LIMD2,0.02512935483870973
DNAH2,0.012122661290322738
MS4A14,0.06873338709677465
METTL17,0.0542539516129035
LINC01424,-0.03484951612903227
CXXC1,0.04816443548387092
RAB39A,-0.08352483870967702
CX3CL1,0.14240411290322624
ARFGAP2,0.006883548387096809
LOC286149,0.01088862903225856
FAM71C,0.14229306451612947
LMAN1L,0.06396556451612911
LINC01304,-0.08427233870967715
TTLL11,0.03065056451612893
LINC00924,0.0005900806451617168
HK3,0.021057419354838878
JCHAIN,-0.04463217741935454
LOC100270804,-0.18869838709677392
LOC646870,-0.03421766129032208
CTRB1,-0.06048588709677381
SCGB2B2,0.006181854838710348
LZTS3,0.17590040322580636
TMEM72,-0.0221148387096773
LOC100507424,-0.018223225806451304
PRAC2,-0.02250612903225792
TTC21B,-0.02195975806451589
ERI3,0.10296282258064558
GPR156,-0.13643411290322593
LOC152274,-0.00593048387096742
GRIK3,0.059086612903226116
UNC13D,0.01683887096774221
HDX,-0.03981314516128957
LOC439985,-0.016962338709677144
LOC644090,-0.13958201612903245
HCG4B,-0.0196745161290324
C10orf107,0.03879209677419384
LOC101929109,-0.026070967741935333
HMG20B,0.000839838709677819
C14orf178,-0.09795403225806434
AGXT,-0.12616508064516113
FANCI,-0.02532564516129009
ADAM6,0.046326209677419815
SAXO1,0.0454170161290324
LOC284014,-0.11948709677419289
DCAF12L1,0.04509572580645196
GPR162,0.10014766129032271
UBL7-AS1,-0.17188395161290287
SUV39H1,0.04426693548387149
LOC100505515,-0.17500629032258008
TTTY1B///TTTY1,0.020129838709678063
DCP1B,0.30070854838709693
HSFY1,0.05188500000000043
TRPM2-AS,0.07910338709677434
LMOD1,0.00040983870967745595
GNB1L,0.00140677419354919
ZSWIM8///SAT1,0.04502193548387106
LINC01197,0.07617701612903253
LOC101930071///LIPE-AS1,0.08703911290322583
IDUA,0.07517379032258109
PDZK1,0.015086693548387618
NAT6///HYAL3,0.009852580645161379
LINC00921,-0.14186516129032223
GH2,-0.00448040322580601
INHA,0.008402661290322851
RTN4RL1,-0.17178588709677353
WDR86,-0.004285161290322258
PTPN5,-0.035025645161289795
SHANK2-AS3,-0.05360741935483808
CSNK1G2-AS1,0.0641412096774197
LOC401312,-0.08958830645161261
EMC9,0.011151774193548753
STK32B,-0.04058306451612893
GIP,8.145161290325307e-05
LOC102723831,-0.08300887096774154
EPHX2,-0.027750806451612868
ZNF782,0.0005837903225809704
LOC730909///HERC2,-0.014705967741934847
TMEM25,0.0030617741935484244
SERPINA9,0.008739354838710085
SDK1,0.07004500000000032
ST7,-0.2582029838709673
INSRR,0.09984056451612947
LOC100505920,0.004159274193548433
LINC01569,0.020041290322580875
LOC101927058,-0.029580564516128647
ALS2CL,-0.036066209677418984
SBSN,-0.1615176612903222
RLBP1,-0.022628790322580188
C8orf49,-0.032235887096773816
VN1R1,-0.028158548387096465
NEUROG1,-0.07681056451612851
KLHDC7B,-0.00627645161290262
LOC286071,0.04740322580645189
SPTBN2,-0.03801604838709647
RLN2,-0.0102154838709673
LOC100130938,-0.01897201612903195
URB2,0.020102016129032545
CDSN,0.020667419354838887
FAM46B,0.014803790322580817
LY6G6D,-0.055008145161290045
PNMAL2,-0.031152983870967366
ZYG11A,-0.12427975806451531
LINC00612,-0.10189499999999989
LOC101928504,-0.02752637096774179
CTD-2350J17.1,0.0085722580645161
FKRP,0.1148407258064521
MAGEL2,0.004012096774193722
COX8C,-0.010043064516128786
KCNJ18///KCNJ12,-0.0901742741935482
NTRK3-AS1,-0.09538048387096752
FGD1,-0.009276854838709318
ZNF733P///ZNF727///ZNF479,-0.04358217741935434
MCU,-0.04567145161290294
PLA2G2D,0.01706572580645177
SNORD123,0.018774677419354794
TCONS_00029157,-0.12178370967741911
LINC01622,0.009949435483871566
ACTL7A,-0.0034993548387089925
ZNF788,-0.046265645161290204
DMC1,0.009329838709677745
ZBTB45,-0.16017709677419303
LOC105375115,-0.009365241935483506
NUP210L,0.009277580645161647
BRAT1,-0.0012674193548381652
ZNF280C,0.014623870967742064
RFNG,0.05147120967741962
KAT5,-0.045713870967741904
FZD2,0.061775322580645387
CFC1B,-0.045202822580645105
STARD3,-0.03926411290322547
CCL5,0.00840838709677493
ADAMDEC1,-0.008272822580644854
PLAC8,-0.020086532258063925
CCR3,0.032176209677419805
KLRD1,-0.010572983870967417
OR5P3///OR5P2,-0.013631854838709538
TLX2,-0.0087393548387095
ZNF425,-0.032014435483870965
DGAT2,0.059706693548387334
SPOCK2,-0.00978241935483828
TTTY5,0.022901854838709993
LINC01490,-0.12538233870967688
LOC100422212,-0.018641532258064128
DGKZ,-0.028431048387096612
MAGEC3,0.09494217741935491
HOMEZ,-0.2059989516129031
CABP1,-0.060588548387096416
USP5,0.00739241935483897
LOC149351,0.011468387096774408
WDR25,0.09371233870967781
LOC105374428,-0.02805733870967734
CATSPERG,0.042068145161290725
LOC145694,0.12471524193548418
LOC219688,-0.06245943548387092
SPINT3,-0.028338709677419104
SPATA42,-0.037352258064515836
ACD,0.09767508064516157
MORN1,0.021641693548387384
GJB1,0.0167845967741938
ERVFC1-1,-0.03220733870967686
TRA///KIFC3,-0.001417822580644909
HSAJ2425,-0.004205806451612623
SDC3,0.13396846774193572
HUMBINDC,0.0603654838709679
LINC01395,0.004289677419355104
TMEM217,-0.10400387096774147
LRRC37A,0.003271048387097129
LOC338963,-0.005864999999999916
GAB4,-0.09775370967741905
MEGF6,0.04725451612903256
LINC00608,0.049806935483871446
KLC2,0.4138481451612904
LOC652526///PDE4DIP,-0.01098120967741907
LOC440862,0.00148322580645163
C2orf54,0.05754983870967781
VRTN,-0.03716814516129023
ZNF414,0.02952459677419402
TRPT1,0.05116354838709697
LINC00445,0.0013293548387100524
NR1I3,-0.0145853225806452
PPIEL,-0.011298306451612464
NLRP12,0.07158169354838731
APOA2,0.00047580645161289514
CLDN7,0.008552016129032159
NDUFA6-AS1,-0.07329983870967705
CCDC136,0.04150991935483883
SLC25A19,-0.06013540322580614
LINC00851,0.008627177419355366
LOC101928191,-0.0957555645161286
PLPPR1,-0.011797338709677417
ZFPM1,-0.004097822580644634
KIF9-AS1,0.0011242741935487523
CDH20,0.061240967741935964
AGFG2,-0.051472983870967534
SST,-0.024676451612902595
C3orf22,0.021394193548387282
SPATA4,0.06189459677419371
AGAP11///AGAP4,-0.01933185483870951
MPP2,0.05131774193548379
GUCA2B,0.035156129032258294
ZKSCAN8,-0.020537661290322178
AKAP3,0.19050653225806471
BMP7,-0.09144032258064513
CFAP161,0.10262395161290348
OR8D2,0.08351185483870983
CFAP46,-0.010050000000000133
IP6K1,0.028119274193548205
NKX2-8,-0.07401290322580623
LOC100505716,-0.08323233870967733
C11orf86,-0.0724712096774195
IL2RB,-0.04508999999999975
CLCF1,-0.15657483870967753
LOC339988,0.25309491935483874
SPTY2D1-AS1,0.07727516129032265
LINC00926,-0.020675080645161045
TMEM8B,-0.02579443548387053
ACRBP,-0.12027443548387098
FOXD2,-0.0004384677419353236
CHRNB3,0.0379672580645164
LSM2,0.001346935483871408
FAM223A///FAM223B,0.028091209677419453
PRSS8,-0.053717661290322405
LOC283674,-0.004007661290322501
DDX11,-0.0061615322580640085
PLEKHG3,-0.04224104838709613
LOC105379178,-0.005376532258064245
LOC101928435,-0.0059426612903223045
STMN3,-0.02137822580645151
PENK,-0.008598387096774124
TUBB7P,0.024703709677419493
OPRPN,0.014094919354838998
TMEM150A,-0.04817306451612893
LINC00911,-0.029597983870967334
SPAG11B,-0.001759274193548261
GRPR,0.09937112903225825
NAXE,0.020384999999999993
RNASE11,-0.012075322580645212
YDJC,-0.03296887096774176
PRC1,0.01727766129032282
GMPR2,-0.03838596774193531
LCE3D,-0.1289690322580641
CHST13,0.007737983870967887
SNTA1,-0.015612016129031745
TMPRSS6,-0.018004919354838483
TSSK6,-0.014655887096773634
LOC81787,0.11631838709677435
PYDC1,0.03555032258064516
ZSWIM3,-0.0448305645161288
LOC101928335,-0.020833467741935008
SSTR5-AS1,0.038546693548387544
LAMA1,-0.020536854838709526
QSOX2,-0.02232999999999971
ZNF174,-0.007910967741935396
CD247,0.05360354838709697
CHST14,0.021068467741935305
TSPEAR-AS2,-0.033213306451612724
GLYR1,0.01798072580645153
LINC01521,-0.016851854838709785
ANKRD7,-0.06525379032258066
LOC101928288,-0.08467620967741948
SMIM24,0.03894782258064536
EXD3,0.019448951612903366
RGAG4,0.01444072580645158
LOC101927044,0.0922252419354842
SERPINB8,0.008815967741935687
LOC100505727,-0.05622967741935472
OLIG1,-0.13108483870967688
LOC100130051,-0.086730403225806
C11orf16,0.09960129032258082
FNDC10,0.04937177419354875
TTTY12,-0.03444080645161282
HCN4,-0.023407419354838623
NPAP1,-0.05800395161290287
SFTPA2///SFTPA2B,-0.01787411290322519
FLJ11710,-0.0008938709677417168
SLC5A2,-0.32928790322580614
TUBAL3,-0.05299604838709637
KCNJ2,-0.10560161290322521
MAGI1-IT1,-0.023737419354838564
LOC147004,0.027278225806452033
COL26A1,0.02715701612903196
CYP2B6,0.16184306451612915
ODF3B,-0.010874516129032051
TKTL1,0.0017850000000001085
HECW1,-0.0029566129032257017
SRRM5,-0.060927177419354744
CSTL1,-0.01332516129032222
DLEU7,-0.004199193548386695
CD248,0.10596596774193548
LOC652494///SCFV///IGHM,-0.020148870967741334
MFSD14C,-0.007415241935483446
TTLL2,-0.0015537903225803507
CYBA,-0.004411209677419151
MYBPC1,0.059775967741935776
PDE6H,0.07662088709677443
LOC100996345,0.009151532258064988
LOC158402,-0.05930298387096766
ADORA2A-AS1,0.012682983870967968
LOC145678,-0.11847330645161241
KIR2DL5B///KIR2DL5A///KIR2DS5///KIR2DS1,0.027926048387096957
PACS2,-0.062456693548386705
SPATC1L,0.022506774193548934
LHFPL1,-0.048830967741935224
TPT1P8,0.0525166935483875
CYP2C19,-0.012453790322580007
CLEC4G,0.03462258064516117
CCDC172,-0.02988056451612857
FABP6,0.019682258064516477
DHRS11,0.02878048387096798
SLC5A11,0.052540403225806304
TEX101,-0.002307338709677508
LINC00535,-0.022017338709677238
PDCD1LG2,-0.0006020161290323407
VEGFB,-0.015704112903225202
FAM225B///FAM225A,0.008571532258064504
INHBB,-0.022581693548386787
LCN8,0.05082709677419393
SLC52A3,-0.14986790322580631
GBAT2,-0.06200370967741965
SOX10,0.043694354838710175
FER1L6-AS1,-0.004091935483870841
HIST1H2BN,-0.04699330645161281
RPS6KA4,-0.013049999999999725
AIPL1,0.012850080645161214
ARSA,0.03990290322580674
CHRNA9,0.08418241935483922
RNF175,0.017067338709677683
MAST4,-0.1188151612903223
ZNF646,-0.04509588709677387
TFAP2A-AS1,-0.002442580645161261
SLITRK3,0.0037708870967744865
PLA2G10,0.06483572580645197
FCHO2///GH1///CSH2///CSH1,0.016426693548387196
DKFZp434E1119,-0.042650241935483724
C1QTNF3,-0.032043629032257666
LOC100131062///PTP4A3,-0.00438362903225803
FAM106A,0.036298629032257966
LOC100133461,-0.12556943548387067
TMEM62,0.02396032258064532
MUC5B///MUC5AC,-0.00933564516129016
DEAF1,0.02487475806451608
FOLH1,0.007825806451613019
LINC00518,0.06573298387096765
ARTN,-0.03145056451612861
TFAP2D,-0.039297983870967716
NAT8L,0.04065588709677437
SNHG20,-0.0006040322580643069
LOC100130950,0.0029886290322583
LOC400927///CSNK1E,0.031829516129032676
LOC100130389,0.05448653225806463
PNPLA5,-0.03087443548387068
KLRG1,0.0989661290322581
SERPINA2,-0.07735806451612853
LOC105377134,-0.0063171774193547265
LOC105373876,0.009365000000000533
SLC7A10,0.027081532258065033
LOC101928727,0.039035080645161424
KTI12,-0.03137483870967703
FCHO1,0.047839516129032374
NAT2,0.06621951612903232
LOC100134286///ATP2B2,0.009587499999999754
LOC157503,-0.035174596774193524
TRH,0.011201935483870981
DENND1A,-0.0068062903225804255
TMEM147-AS1,-0.21970604838709654
ASNA1,-0.056162580645160984
XDH,-0.00487620967741912
BAX,-0.1249608870967739
NPFF,0.04063451612903227
SLC25A35,-0.016960725806451374
STOML3,0.10488338709677442
LEXM,0.01104524193548383
ERP27,-0.004519758064516249
LOC100131662,0.14169782258064545
SEPT12,-0.00879346774193519
GIPC1,0.09407330645161309
NAIF1,-0.012735967741935639
NYX,-0.023450725806451366
C8orf31,0.07957040322580669
CYP4F8,-0.011816693548386801
MCM2,0.3484862096774194
TTLL13P///NGRN,-0.18746741935483854
LINC01282,-0.0054208870967736855
ANKRD30BP1///PRED4///ANKRD30B///ANKRD30A,-0.06167669354838677
LCE1E,0.010368870967742416
TUBA3C,0.052484354838710015
LIFR-AS1///LIFR,-0.05583645161290306
SPDYA,-0.0823901612903221
ZIC5,-0.016233306451612573
FCER2,-0.03594395161290287
DNAL4,-0.048543951612903334
AD7C-NTP,0.008471129032258653
CD5,0.09142161290322595
GPR3,0.0021748387096775937
CAMK2B,0.05476870967741974
SOGA3,0.03377943548387142
LINC01125,0.020231048387096953
DNA2,-0.179252258064516
HIST1H4L,0.030929435483871025
SGCA,-0.022374596774193206
NCK1-AS1,-0.22554806451612916
LINC01442,0.005932661290322663
RHBDD2,0.1514387903225809
LOC100129907,0.01938637096774211
ZC2HC1C,0.013338709677419644
LOC100134558,0.03106475806451655
GOLGA6A///GOLGA6B,0.07121233870967755
ACTA2-AS1,-0.04281290322580625
IL18RAP,9.806451612923324e-05
NLRP4,-0.045718467741935026
TNFRSF18,0.05940758064516141
ADPRHL1,-0.29857258064516107
CCDC177,-0.004475887096773924
B3GAT1,0.002053387096774448
SIRT4,-0.07777435483870956
LMNTD2,0.030466774193548946
LOC145945,0.02828282258064554
PRSS37,-0.03542911290322578
RHOH,-0.04298395161290281
DEC1,-0.03448137096774147
LOC400043,0.11982637096774215
HIPK4,0.020591532258064687
LOC285835,0.05776427419354835
CD320,0.0779130645161292
NFKBIE,-0.028103629032257917
TMEM235,-0.20921653225806428
SLC15A3,-0.14049669354838684
MGC15885,0.08361491935483875
LOC729839,-0.03634532258064507
SLA2,0.07821000000000032
C20orf85,0.007682016129032492
LAD1,0.019271209677419694
FLJ23519///RNH1,-0.013525241935483524
LOC100129286,-0.06602209677419318
ANKRD52,-0.045775806451612715
CASP10,-0.022731774193548052
SHB,-0.010027177419354721
TNFRSF13C,0.027640403225806763
IGSF1,-0.0038576612903224016
LOC100133197///PDXK,0.02565266129032286
KCNMB1,0.08212733870967757
ZBTB7B,-0.045237419354838486
LOC101928043,0.061648467741935845
ARHGAP15,-0.02626258064516115
GPR18,-0.11338798387096746
NUAK2///AKIP1,0.11350564516129054
CADM3,0.005510241935483982
FMO4,0.017062983870967906
BORCS6,-0.09768612903225793
DUSP26,0.001388709677419676
OR12D3///OR5V1,-0.022764032258063838
LOC399884,0.05691846774193568
LOC374890,-0.023292580645160828
CXCR5,-0.008770806451612309
FUK,-0.07525637096774149
RAX,-0.005641854838709291
MMP26,-0.016221290322580306
ZNF836,-0.15126612903225783
ZNF560,0.0194491129032258
MS4A8,-0.04385943548387082
VWA1,0.10524217741935471
LOC101929151,0.0015056451612909805
SLC35A4,-0.06281467741935448
PABPC1L2B///PABPC1L2A,-0.004228870967741347
WTH3DI///RAB6C///RAB6A,-0.11935056451612887
HMGN2P46,-0.0021665322580644132
CHTF8,-0.004234354838709279
MIR548XHG,0.05756064516129045
FOXP3,-0.05774354838709622
DEFB103A///DEFB103B,-0.19147249999999977
OR2J1///OR2J2,0.08276330645161317
DUSP28,0.29013879032258094
ZNF383,-0.12222491935483842
SYT2,-0.003353629032258194
WNT10A,-0.003147177419354558
LOC101929084,-0.01158209677419375
LOC285638,0.02607435483870978
TMEM91,0.08070895161290348
GAFA2,-0.027115483870967426
TARP///TRGC2,0.07923088709677426
HSD11B1L,0.07900137096774269
TMEM39B,0.014633870967742067
KCTD1,-0.0019814516129032485
ALOX12-AS1,0.011120000000000426
RASD2,0.020715645161290465
LOC101927468,-0.11551830645161308
KIR3DL1,-0.07882379032257975
FA2H,-0.0010563709677416707
LOC100133967///ESPNP,-0.08946048387096711
BTNL8,0.0007422580645165024
DEFB105B///DEFB105A,-0.14216887096774145
EFNA3,0.33311903225806466
OR1D4///OR1D5,-0.10441427419354807
TAS2R7,-0.16109362903225777
ALOX15B,0.13944983870967748
DLGAP3,-0.2351841935483864
MYBL2,0.008801370967742524
C11orf84,-0.1825698387096772
MYL10,-0.04177379032258038
NAP1L5,-0.019506451612903035
LOC147791,0.042063548387096875
TMEM205,0.0292061290322584
EXOG,0.0914085483870969
KRBOX1-AS1,0.08216556451612914
TMCC2,0.0445477419354838
KRT12,-0.006219112903225677
CFAP100,0.03213048387096793
C18orf33,0.0038656451612905985
C8orf22,-0.05877185483870937
LINC00304,-0.0743350806451607
PMCH,-0.01639556451612878
FIRRE,-0.048985241935483564
UBE2M,-0.029056935483870807
RPPH1,-0.013208225806451417
ZNF776,0.01337443548387136
FAM205C,0.011847983870967995
HNRNPCL3///HNRNPCL2///HNRNPCL1///HNRNPC,-0.016669919354838497
LOC101929384,0.007574112903225678
CES4A,-0.0358349999999998
BARX2,0.08296572580645145
LOC100127891,-0.027635241935483446
KLK13,0.03746346774193554
ZNF286B///FOXO3,0.0528016935483874
ATP12A,-0.002000806451612878
LOC283038,-0.010492258064515796
LINC01416,-0.05312274193548355
ANP32C,0.09323153225806445
LOC100133444///SLC34A3,0.12707741935483893
CARD9,0.006876532258064857
APTR///RSBN1L,-0.21208790322580584
LOC100133772///SLC16A5,0.022868467741935905
SLC39A4,-0.003452741935483921
FOXI1,0.14098096774193564
DOT1L,-0.11660782258064467
FNDC7,-0.114399758064516
ANK1,-0.004678306451612515
MYO16,0.023657258064516247
PHEX,-0.046061048387096425
VAMP5,0.006753548387097133
KANK3,-0.2590826612903224
DPYSL5,0.015169758064516446
HCRTR1,-0.005578709677419384
LOC100129026,-0.015470000000000074
TADA3,0.04777629032258075
TMEM253,0.05732072580645211
MAMDC4,-0.025658306451612392
CTAGE8///CTAGE4///CTAGE11P///CTAGE15///CTAGE6,0.0013432258064519469
MYH13,-0.04919669354838718
SHISA8,-0.010985645161290004
ZBTB48,-0.00931185483870977
ITGB2-AS1,-0.07119411290322572
AGXT2,-0.18875709677419308
FN3KRP,-0.038871612903225335
BOP1,-0.015647016129032045
AGAP11,0.005102661290322637
P2RY8,-0.016959435483870626
MIR7-3HG,0.02309540322580675
HOXC12,-0.04398137096774164
NTF4,-0.030458064516128543
TSPOAP1-AS1,0.0001295967741935935
LINC01018,-0.034142499999999944
LCMT1-AS2,-0.09450532258064481
TAS2R40,-0.035056612903225565
GNAS-AS1,-0.03466862903225774
LOC105379477,-0.05569782258064488
TMEM75,-0.024984758064516045
LOC101927553,-0.029943548387096435
USP26,0.022899274193548508
C22orf42,-0.040275967741935335
CDHR5,0.006527903225806528
LINC00668,-0.1199548387096773
C6orf1,-0.09621249999999978
SPP2,-0.05895645161290296
CASC6,-0.01886612903225781
GCC2-AS1,-0.008771693548387093
AKIP1///ADORA2A,0.0017511290322586165
FAM69B,-0.09507830645161242
TPRXL,-0.08498532258064481
MYL7,0.04745370967741991
P2RX2,-0.0007384677419352156
LOC100128993,-0.008385161290321911
C2CD4C,0.0002494354838712019
GDF3,0.007765967741935821
PEX5L-AS2,-0.07517491935483833
CCIN,0.016010887096774444
LINC01019,-0.03821612903225763
FAM183CP,-0.027472258064515843
LOC101928446,-0.002326693548386917
ZNF14,-0.0025384677419354627
CST11,0.03537766129032252
LOC101929007,0.038108951612903584
TRBV7-4///TRBV7-6///TRBV7-7///TRBV7-8,-0.03389620967741896
ATG9B,-0.1606751612903224
RELB,0.10647258064516146
KIAA1522,-0.007800161290322249
C11orf44,-0.05024895161290307
LOC101927534,-0.059885403225806454
C11orf63,0.024059435483871017
TMEM105,-0.08160790322580634
AMPH,-0.02459629032258014
LINC00544,-0.005684596774193524
OSR1,0.014037661290322924
FAM19A1,-0.0071121774193547045
MYOD1,-0.031991854838709456
LOC100130987,-0.06291129032258035
LOC101929034,-0.035086129032257884
NPPB,0.07502927419354907
SLC35G3///SLC35G5,-0.018001290322580663
REG1B,-0.0779105645161287
C11orf45,-0.11108959677419276
LOC101927027,0.0001872580645163784
ANAPC2,0.007918790322581215
POM121L8P///POM121L9P,-0.22757959677419298
BCDIN3D-AS1,0.026568951612903388
LOC100506405,0.02796411290322584
ZSWIM4,-0.06823548387096787
APOBEC1,0.016079112903226146
SH3GL1P2,0.02713500000000022
RYR1,0.0015701612903229203
SSX3,0.011992822580645343
CLEC16A,0.04359483870967762
LOC101928731,-0.005538629032257992
RDH8,0.0012427419354840625
CHEK2,-0.000405564516128931
TPO,0.03825411290322598
TSPAN16,0.06835790322580647
TAAR2,0.05133322580645155
CDK3,-0.0063068548387095955
LOC100507391,-0.08127129032258011
SEMG1,0.04076766129032315
PARD6G,-0.10319258064516096
FGF10-AS1,-0.017713548387096635
SLC22A2,0.020251693548387118
HSD11B2,-0.007666774193548172
CEACAM21,-0.016541612903225488
ESPL1,0.0422143548387099
ASIC5,-0.0063957258064513325
TIMM50,0.01865338709677479
ATP8A2,-0.007005403225806009
HSPB6,-0.08508459677419351
LINC00992,-0.062073064516128894
LOC101928087,0.02689669354838719
PDDC1,0.08688266129032275
LOC286299,0.13795669354838713
C11orf53,0.004024677419355078
RASA4CP///RASA4,0.07311475806451656
NBEAL2,0.05437048387096796
LMX1A,-0.16187459677419314
STATH,0.09895193548387106
H2BFXP,-0.010085645161290194
SLC27A6,0.01312435483870989
LINC00582,-0.053951209677419155
EFNB3,-0.16467814516129012
CHP2,0.07295209677419373
PUSL1,-0.06294669354838679
EPHA5-AS1,-0.040422338709677555
VARS2///GTF2H4,0.053529838709677716
FGF16,-0.03306806451612873
C21orf91-OT1,0.025779596774193905
TTLL12,-0.011666532258064225
CHODL,-0.07450967741935444
LOC100287525,0.004702500000000404
GNLY,0.10086895161290316
IFNA16,-0.07606249999999964
PLAC8L1,-0.012062822580645269
SLC1A7,-0.0759458064516125
LINC00606,0.026102903225806533
LOC143188,-0.06680758064516093
KCTD13,0.1027567741935488
LRG1,0.08466290322580683
LOC100132634///LOC283112,-0.06108241935483835
PCYT2,-0.028696612903225737
CRY2,0.13056362903225807
LOC101928132,0.021509193548387498
DSCR9,0.06936951612903226
GPRIN2,0.11595008064516131
LOC100499489,-0.0017741935483867582
POLR2J3///POLR2J2///POLR2J4///POLR2J,0.044388790322580834
CABLES1,0.0017755645161294626
ZNF787,0.014495887096774168
PDIA2///ARHGDIG,-0.0022443548387092857
PRDM8,0.053513467741935744
SCGB1A1,-0.0026600806451615175
MVB12A,0.06360798387096808
SLC16A8,0.042768387096774454
LOC101929726,-0.07805548387096746
AMHR2,0.06892032258064519
IBA57-AS1,-0.008044919354838587
OR2L1P,0.10461298387096783
CIDEB,-0.05315024193548356
CSN3,0.058547822580645226
CRB3,0.020410080645161505
AMBN,-0.016230080645161127
ZNF628,-0.04580104838709646
C12orf77,0.04797669354838731
BTBD18,-0.00462040322580598
DUSP7,0.03132298387096803
SLC6A19,-0.09781258064516114
UBA7,0.00411725806451649
STOML1,0.030737983870968114
LOC646865,-0.014981774193548264
CLEC2L,-0.02148782258064518
TAS2R14,-0.018581048387096486
LOC101929681,0.05840919354838758
KHDC1,0.000854758064516471
NTSR2,-0.05989975806451624
HS3ST5,0.006027741935484167
LOC100128552,0.0738855645161293
CLDN5,0.007882741935484149
USP29,-0.010578548387096553
TSPOAP1-AS1///SUPT4H1,0.01666750000000013
SDR16C5,0.0647109677419357
LINC00852,0.04703104838709722
NFE2,0.011645403225806688
FGF14-IT1,0.012710645161290588
ZNF418,-0.01166443548387047
LOC285095,0.0024383064516131795
LOC441178,0.03694274193548435
LOC100506813,0.04270370967741983
RBM12B-AS1,0.034144758064516514
KLC3,-0.08159153225806438
LINC01467,0.009361774193548222
TNNI3,0.06993903225806508
PCDHGC4///PCDHGA12,0.0374716935483873
SYCE3,0.04953129032258087
LOC101928851,-0.004743870967741866
LOC284865,0.0683854032258068
LIMS2,0.16481508064516126
SPINK6,-0.07469088709677385
C6orf201,-0.03070846774193546
LOC440149,0.025053467741935388
GCGR,0.0077293548387100935
LOC101929549,0.032162016129032515
LOC100130797,-0.007376209677419435
LOC100131170,-0.06767395161290292
WNT9B,-0.050796048387096664
GATS,-0.0353628225806448
LOC730236,0.01034879032258086
WFIKKN1,-0.005991774193547824
CYP51A1-AS1,-0.011270887096774103
LOC280665,-0.04460153225806429
LINC00900,-0.0022356451612897538
THEG,0.0010945161290324542
MAGEE2,0.055812177419355125
YIPF3,-0.005747741935483565
LOC101928760,-0.007114999999999763
ALX3,0.02768379032258103
LOC105373418,-0.04720959677419362
LOC100129014,-0.024773064516128897
KRTAP2-3///LOC728934///LOC728285///LOC644350///KRTAP2-4,0.005434112903226115
GZMM,-0.00032314516129009624
TRIM21,0.015564838709677405
LINC01482,0.04768120967741943
SNHG9,-0.03331733870967726
LOC100128361,-0.003480887096773669
PHYHIP,0.039118225806451565
HSD17B1,0.04668258064516158
LINC00396,-0.02916943548387052
MORN5,-0.02430217741935494
CRYBA1,0.023993225806451465
LYG2,-0.0388450806451609
TIFAB///DCANP1,-0.1358021774193544
SMCP,-0.024739596774193115
IL22RA1,0.018500806451612967
KCNF1,0.1632958064516128
NKX2-3,-0.03891717741935462
GJA4,-0.003182499999999828
POU4F2,0.08412814516129022
SLC2A14///SLC2A3,0.061950403225806874
MYH15,-0.10776145161290251
MAP3K7CL,0.0008962096774199656
LOC100507403,-0.012382258064516096
OR10J1,-0.06455201612903219
HES7,0.004527419354838948
CSH2,-0.0063274999999998124
FLJ37201,-0.025761370967741656
RBPMS-AS1,-0.14848879032258017
LOC146513,0.01820903225806452
IGHA1,0.03826782258064503
TMEM121,0.05004798387096798
HCAR3,-0.046783145161290306
ADGRG5,0.06445056451612909
CRACR2B,0.010009112903225956
ARHGAP22-IT1,0.01666459677419338
IL9,0.0013550000000003678
FAM24A,-0.034245080645161144
ITGAX,-0.02091491935483818
WAS,-0.01445975806451567
CTH,-0.03411895161290282
TRIM16L,-0.02572112903225791
CDC42EP1,0.008005322580645442
SLC39A5,-0.026534354838709633
RBBP4P4,-0.0022994354838710446
UBALD2,-0.009485564516128768
DLG3-AS1,-0.0590892741935478
KCNQ4,0.05993975806451626
LOC101928238,-0.0654068548387095
HABP2,-0.04718758064516107
SLC9B2,0.020656612903225888
LOC100996263,0.04745943548387138
SLC5A9,0.011497741935483998
LOC101929123,0.005992580645161708
CLDN16,-0.012647661290322293
H2BFS,-0.00995056451612893
PP2672,0.01115983870967751
LOC285692,0.13093048387096795
KLHL35,0.057641612903226044
CDC37P1,0.07707766129032267
FOXA3,0.2424791935483872
KRT31,0.0005624193548390594
STK36,0.04950000000000035
IL1R2,0.020457499999999715
NOX3,0.028855161290322666
SLC6A3,-0.010873387096773955
CNFN,-0.11679370967741871
ABCD1,0.11391104838709713
ABCA2,-0.0740689516129035
LOC100505685,-0.02097629032258039
DEFB126,-0.06599596774193536
APLP1,-0.027275161290322328
GPR62,0.053374596774193636
CRYM,0.008417741935484148
CELA1,0.19016362903225814
TBCC,0.008586532258064916
LOC100133536///LOC729915///POM121L3P///POM121L10P///POM121L4P///POM121L8P///POM121L9P///POM121L1P,0.11993411290322595
LHX5,0.050117500000000204
LRRC32,-0.11492411290322556
COL6A6,0.05857862903225833
APOBEC2,-0.019872661290322453
FAM212B-AS1,-0.17992967741935434
PRSS30P,-0.06781137096774198
LOC100505664,-0.08051056451612842
BPIFA1,0.034698064516129355
PKDCC,0.021351693548387375
LOC652993,0.007757822580645795
LOC727770,-0.09977411290322542
LINC01224,-0.0007904838709680206
TEX26,0.024224354838709806
LOC102725068,-0.07369620967741865
ERICH4,0.034217338709677664
KNCN,-0.06904435483870947
LDHD,0.027549838709677494
TMEM139,0.0021600000000001965
LRFN1,0.020161209677419623
ZC3H3,0.09293919354838723
ARPIN,0.052755403225806546
PGLYRP4,0.062422661290322506
ST8SIA2,0.04721749999999993
CHCHD5,-0.010952903225805975
LOC728210,0.03166298387096843
NR5A1,-0.030631854838709147
FLNC,0.0050620967741937355
MNX1,-0.005568306451612908
LELP1,0.00960741935483923
DPP10-AS3,-0.0003107258064511528
S100A7,0.02450250000000026
IL5RA,0.032103387096774565
LINC01268,-0.003995161290322452
LOC100131311,0.011798306451612998
WBSCR27,-0.04706854838709645
LOC100133153,-0.0007692741935485994
LOC105370475,-0.0013808064516122286
LINC00922,-0.044183387096773954
LOC105371038,0.044491370967742305
ROBO4,0.07692346774193563
HENMT1,-0.02267588709677383
GRK4,-0.01639153225806432
FUT6///FUT3,0.1038085483870967
PAFAH1B3,-0.0075152419354835905
MORN3,-0.021427580645160912
LOC105372969,-0.04485814516129
METTL12,0.11672419354838753
DPY19L2P1///DPY19L2P4///DPY19L2P2///DPY19L2,-0.06658241935483822
ADAMTSL5,0.02887637096774208
NAPSB,0.1210700806451615
ZNF696,0.08024193548387118
SLC7A9,-0.020908225806451033
EBF4,0.01569024193548446
ATP6V0E2,0.001768629032258543
C14orf56,-0.05618822580645105
LOC105370746,0.036281854838710124
MCHR2,-0.00819008064516071
TNFSF4,-0.052515725806451384
CALHM3,0.008044919354838996
TTLL10,0.10653000000000018
ABCG2,-0.009435161290322147
PATL2,0.005408951612903574
KIF12,0.032326935483871104
ELFN1-AS1,0.10929266129032252
SYCE2,0.006259193548387666
KLHL10,0.02603032258064565
LOC100996654,0.01805056451612924
TVP23A,0.05304459677419366
ELOVL3,-0.07568274193548356
HSPA7///HSPA6,0.034312016129032855
DGAT1,-0.0009739516129027026
OR5E1P,-0.04915451612903207
DLGAP4-AS1,-0.013366612903225373
FAAH,0.024315241935484004
FOSL1,0.014921290322581033
CEL,-0.075396532258064
LINC00163,-0.05318548387096736
CLEC4GP1,0.1705825806451619
LOC101929902,-0.16354008064516107
DGKG,0.0035000000000001523
RNASEH2C,0.06367612903225829
LOC100130725///PAGE2B///PAGE2,-0.004046935483871024
BMP15,-0.024898225806451645
SNAI3,0.054092983870967844
DOC2A,0.06588862903225809
LOC728613///PDCD6,0.0060520161290323945
LOC100131701,-0.003899919354838309
SMG1P2,-0.03658370967741929
SLC30A8,-0.004004435483870604
IQCF6,0.024010887096774385
SNHG19,-0.0949259677419354
IGFBPL1,-0.009048548387096742
LOC283868,-0.023780241935483278
CRYGA,0.05362201612903241
LOC101927723,0.002272419354838828
DCX,0.04790120967741969
GPR37L1,-0.06565201612903217
RTP4,-0.03235895161290297
DLX3,-0.016266612903225633
LOC101928812,-0.01586419354838667
PAX9,0.07585104838709714
NRL,-0.09321620967741884
TNNC2,-0.06518895161290297
LOC101929297,0.0031370967741936717
OXGR1,0.06944975806451621
LOC100128909,0.034615161290322896
LGALS9,0.013224677419355183
LOC388780,-0.04045008064516075
TAS2R39,-0.3924383064516123
CST6,0.0033699193548390504
LINC00282,-0.0075233870967739164
EPN2-AS1,-0.09674274193548404
SLC22A1,-0.04861483870967714
LINC01180,-0.021154274193547894
LRP5,0.0254116129032259
HSD3B1,0.0017903225806452812
XAGE3,-0.10411008064516131
UCA1,0.013330403225806642
AURKB,-0.29250233870967707
OPRD1,0.05942024193548413
SHC3,-0.03512685483870977
FUT3,0.02186556451612932
LOC151484,-0.0411274999999997
BCL9L,0.18951403225806457
C16orf91,0.004657983870968067
FLJ31945,-0.004979919354838293
EDA2R,0.05345290322580643
RBM17P4,-0.010449274193548111
EPO,0.025081370967741837
PRDM11,0.05814379032258062
SAAL1,-0.031531935483870684
MYBPC3,-0.030253548387096537
CKAP2///SHB,0.05768943548387148
BEND3,-0.02770032258064486
LOC100133283,0.014344838709677916
DKKL1,0.028794435483871117
AVPR1B,-0.03689330645161233
C7orf77,-0.1327412096774191
LOC100133724,-0.03414217741935461
MORC2-AS1,0.12229750000000046
LINC00628,-0.13068080645161256
TFCP2L1,-0.10987475806451594
SLC26A10,0.04523822580645161
PLD6,0.0933925806451617
CIC,0.015236370967742392
LOC105374768,0.0006569354838709325
LOC101928068,0.016242661290322903
NYAP2,-0.019980806451612536
STK16,0.037730080645161604
PGBD4,-0.04867137096774162
LOC440346,0.03984120967741949
FLJ25758,0.0854575000000003
CXCL17,-0.009097016129031781
INS-IGF2///IGF2,0.04027040322580657
TDRD5,0.076987419354839
TSPAN1,0.022229919354839138
CIRBP-AS1,-0.08487370967741903
MCHR1,0.03372782258064567
LOC729124,-0.07716862903225771
GAST,0.0436674193548388
SLC6A10PB///SLC6A10P///SLC6A8,0.01799919354838748
LOC644222,0.026912338709677512
LOC101928778,0.033319596774193806
WDR87,-0.014279193548386674
LOC100507291,0.01998016129032277
PXT1,-0.05285822580645118
OR52A1,0.009867580645161623
HSPB9,-0.012761048387096869
LOC643659,-0.02961653225806421
GCSAM,-0.011368145161290056
AHSG,-0.012028709677418752
HOXB1,0.0670205645161291
FOXN1,-0.005684193548386962
PRSS55,0.03654798387096752
GPR17,-0.05687338709677388
C8orf82,0.014501693548387307
RPS17P5,0.011107338709677592
ALDH1L1-AS2,0.025193951612903484
ADAM11,-0.06458290322580619
DNMT3L,-0.03880887096774158
GPT2,0.025101048387097043
EXOC3,-0.013616290322580488
PIGQ,0.057227096774193825
KIF19,0.1262738709677422
LOC101928283,-0.01940306451612894
SLC2A1,0.028880080645161364
AIP,0.010151612903225951
OR4D2,-0.008745645161289756
LOC105371967,-0.01636169354838679
ZAP70,-0.03453379032258054
PRSS47,0.006490806451613186
ALOX12,0.11528927419354851
ZNF321P,0.00297258064516138
ADAD2,0.09904741935483898
BAAT,0.06784395161290319
HSD17B3,0.10276911290322573
SNX11,0.0057368548387099275
LOC105377371,-0.05939588709677396
KDF1,-0.004534596774193789
SELP,0.006059919354838914
LOC100505918,0.028527419354838816
FLJ20712,-0.018018709677419052
LOC283856,-0.01662854838709653
MMP7,0.0021913709677420607
LOC100132810///LOC441179,-0.009766370967741977
NXPE4,-0.17885758064516077
DPEP2,-0.058632903225806214
ZNF28,0.011677338709677873
LINC00116,-0.06467556451612877
LINC00870,-0.004719999999999672
LINC00955,0.0033214516129031063
MPO,0.045641612903226374
CCDC42,0.0643896774193552
S100A12,0.014691129032258148
CFP,-0.021679435483870912
NMUR2,-0.03758008064516141
KRTAP4-2,0.026348951612903408
LOC728956///LOC728951///LOC728946///KRTAP1-5///KRTAP1-1///KRTAP1-3,0.029458548387097022
TSSK1B///TSSK1A,0.02335725806451635
GPIHBP1,0.04440564516129043
LOC100132861,0.08035088709677446
SLC6A7,0.0074804032258064534
URB1-AS1,0.044708225806452104
PAEP,0.03540524193548383
LOC105376975,0.040972741935484
CCDC9,0.09648701612903315
RASAL1,-0.07365983870967689
AP1B1,0.015717903225806802
ARMC3,0.06725629032258082
LOC100130648///SSX2B///SSX4B///SSX7///SSX3///SS18///SSX4///SSX5///SSX2///SSX1,0.015146209677419517
CASP16P,-0.04145887096774169
LOC728805,-0.024859435483870505
DNAJB5,-0.06797032258064505
NUDT9P1,-0.040341451612903007
HAO2,-0.0334880645161288
CACNG3,-0.0006091935483868854
FAM179A,0.006592258064516276
GKN2,-0.009232177419354722
ATP6V0E2-AS1,-0.05411983870967697
CLRN1,0.012141451612903142
SPEM1,0.031361290322580726
LGALS2,0.0530508064516131
FOXP1-AS1,-0.031859919354838444
LINC01225,0.02948266129032299
LOC100131043,0.07612080645161329
LINC00901,0.011359838709677259
MIR31HG,-0.00032435483870941334
C9orf57,-0.25335201612903213
LOC100130476,0.03704500000000022
SLC25A2,-0.049367580645161176
PSKH2,-0.012237016129032007
GAGE12D///GAGE12F///GAGE2A///GAGE12H///GAGE12E///GAGE12B///GAGE12C///GAGE12G///GAGE2B///GAGE2E///GAGE12I///GAGE7///GAGE6///GAGE5///GAGE4///GAGE2C,0.022127661290322544
ZC3H10,-0.01799241935483837
CPB1,0.059884758064516486
IZUMO1,0.004088467741935686
DUSP27,-0.008894677419354423
LOC105371374,-0.010933951612902844
POU3F1,-0.03554137096774147
LOC283045,0.03599225806451642
MKS1,-0.04031741935483857
IL25,-0.12904290322580655
CCDC151,0.005813145161290601
LOC100132356,0.02210846774193588
HOXB-AS1,0.036565241935483946
TDRD10,-0.03493427419354801
STARD5,-0.020918145161290085
CLEC4M,0.056557661290322664
IGSF22,-0.01538193548387055
DMRTA2,-0.004956612903225695
WFDC3,-0.0815658870967738
AR,-0.019433709677418923
LOC101928943,-0.007795967741935641
CPO,0.01024169354838762
BTLA,-0.06970879032258051
KRT15,-0.029267741935483954
CHRND,0.07949443548387121
FAM101A,-0.026205161290322493
PLA2G5,0.011649596774193543
CACNG6,-0.024084112903225697
ADCYAP1,-0.05471104838709638
LINC01158,0.009589596774193528
PCDHB15,0.032980161290322864
PLEKHH3,-0.0015405645161285873
RRP9,0.09329459677419372
KRT85,0.008705161290322642
KCNJ14,-0.005012338709677345
USP40,-0.002353387096774212
TPK1,-0.09398459677419316
EBI3,-0.030715403225806306
LOC732445///CHRFAM7A///CHRNA7,-0.0011311290322577393
PPY2P,0.007121209677419814
EGFL8///PPT2,-0.013218870967741802
LOC729866,-0.06334701612903225
HLX,-0.009684354838709526
ZSCAN1,0.008015483870968093
LRRC46,-0.02210749999999994
PSMB9,-0.028249193548386946
LOC100130741,0.016872338709677866
LOC730098,-0.0030153225806451777
QPCTL,-0.22374645161290335
ACTL9,0.016928145161290924
CCNA1,-0.11441370967741897
PYGO2,-0.004199677419354501
GLB1L2,-0.0035717741935480576
DEFA4,-0.03866596774193538
NCAN,-0.056737096774193405
NCBP2-AS2,0.030856854838710004
KEL,0.03954185483870988
SAMD11,-0.05733693548387055
GATA3-AS1,-0.009488467741935224
LINC01069,-0.12251661290322613
LOC105379186,-0.0159155645161288
CADM3-AS1,0.07562274193548421
RPS10P7,-0.14477532258064493
IFNA2,0.03916532258064496
SFTPD,0.008795645161290284
FSD1,-0.003558387096773928
SLC34A1,-0.008144919354838936
ANXA2P1,0.015363951612903529
C1orf68,0.002245806451613256
CFLAR-AS1,0.04108766129032276
ALLC,-0.0001301612903222188
C11orf40,0.02747814516129049
SLC32A1,-0.09081427419354815
HYPM,0.01612596774193565
KCNMA1-AS1,0.013442983870967953
PITX1,-0.1561463709677414
AGAP5///AGAP9,-0.2072883064516128
PNPLA1,-0.058846693548386654
PUS1,-0.003285645161290161
LOC101929229,-0.009509354838709533
KLHDC9,0.0026299193548392757
SLC45A2,-0.04400620967741948
ALPP,-0.009319516129032018
CLSTN2,-0.0012574193548385315
TRPV2,-0.19756137096774157
FAM187B,0.053309516129032605
IL20,-0.019418709677419512
LOC389199,0.03178266129032249
KLC4,0.025426854838709746
C15orf65,-0.0040113709677414705
C16orf89,-0.1696779838709671
CATSPER3,0.01570346774193578
LOC100128286,-0.0039385483870965745
FAM109A,0.03604048387096783
KIFC2,0.001957500000000204
LOC339862,-0.016587661290322336
FLVCR1-AS1,0.03124161290322567
LOC731139,0.034065483870967875
DEDD2,0.06225096774193545
METTL7B,0.0027120967741936656
CSAG3,-0.07855919354838685
ASB10,-0.005344354838709601
SPATA8,-0.005172016129031987
LIPG,-0.015892258064515573
P2RY13,-0.004264596774193247
ICOS,-0.02266370967741945
GABRA3,0.013567500000000374
LOC101928429,-0.005851129032257558
FAM86B1,-0.018177338709677082
LOC100134495,-0.000987822580644752
REM2,-0.016652983870967832
SSC4D,-0.14590225806451557
GPR52,0.02914379032258059
TRBV21-1,-0.09838725806451608
NECTIN4,-0.02241475806451574
LOC100128185,-0.006352822580644977
HSPC102,0.022017903225806844
ABT1,-0.02470266129032249
LINC00543,0.02349903225806499
HTR1D,-0.0023295967741934643
WASH5P///WASH3P,0.04951080645161321
DDN,-0.007821612903225793
PPFIA3,-0.14640814516129025
B4GALNT2,-0.03204822580645131
THOC6,-0.04277153225806438
CCR10,0.006238709677419712
KRTAP9-3,0.006504596774193548
LOC340581,0.006923225806452133
BARHL1,-0.06188362903225812
BTBD2,0.04502645161290368
GRM2,0.09749846774193563
LOC100131316,0.09177967741935485
OR12D3,-0.017532499999999708
CDX4,-0.03684322580645131
LOC101927815,0.08649508064516159
SPINT1,0.023559596774193968
CGB2///CGB1///CGB8///CGB7///CGB5///CGB3,-0.11210153225806446
SYN3,-0.004820806451612683
FFAR3,0.1001762096774199
VIP,-0.010214677419354857
ZNF565,0.007407016129032511
SNORA65,-0.006742903225806417
C19orf84,-0.07378604838709653
LINC01187,0.003043306451613206
LOC100134128,-0.0572664516129031
ZBTB22,-0.00555733870967697
SSX2,0.1843616129032259
LINGO1-AS1,-0.02355870967741921
MIER2,-0.0035860483870967016
REN,-0.0025870161290321107
ZNF543,0.03057991935483878
LOC157740,0.024311854838709734
LOC646548,0.01504088709677475
GLI1,-0.14152677419354823
LOC283194,0.012461935483871596
HIST3H2A,0.0659975000000004
ANKRD42,-0.008255887096774269
PSRC1,-0.05457548387096743
ANKRD30BL,0.013272983870968078
ARMC6,-0.07066806451612884
LOC79999,-0.011646612903225799
UBQLNL,0.06521314516129079
ATG16L2,-0.017873387096774336
LOC100134142///FAAP20,-0.026130725806451656
RDH12,0.008326129032257885
MYH4,0.01337330645161321
LOC100130212,0.020604516129032514
KRBA1,-0.011747338709677202
SH2B2,0.007830483870968189
RAB33A,0.01683435483870998
LOC101929002,-0.011240241935483501
LOC91450,0.015219838709677625
LOC101929473,-0.013557016129032227
LOC400768,0.11750975806451634
OR10A4,0.1638122580645165
FAM83G,0.01956370967741964
LOC100505853,-0.07925096774193544
MTA2,0.07053911290322604
POLE2,0.0129104838709681
LINC00555,-0.032832903225806384
MIR1-1HG,0.0038610483870971683
SAMD13,-0.057042741935483546
CTSW,-0.029706048387096767
LOC728288,0.018907500000000445
MRGPRX1///MRGPRX3,-0.08346451612903201
CPA2,-0.046106935483870466
RPL7AP9,0.05492532258064542
IGLV2-14///IGLV7-43///IGLV7-46///IGLC2///IGL,-0.0019345967741932384
CAPN9,-0.00036104838709642966
NOX5,0.0546012903225809
C2orf61,0.02155274193548413
FAM71E1,-0.015064596774193289
ABCC12,0.09736362903225826
LINC00298,0.0015776612903228484
MUSTN1,0.02065758064516138
ZNF311,-0.006731370967741416
LOC100134081,-0.04060935483870932
SPATA31A5///SPATA31A3///SPATA31A1///SPATA31C2///SPATA31A6///SPATA31A7,-0.01585903225806442
ACCS,-0.0008919354838708635
GABRP,0.07970064516129047
POTEM,0.012320000000000011
NUDT14,0.1872608870967744
PRKAR1AP1,0.0003877419354844898
KRT71,-0.004073790322580403
LOC644852,0.004316129032258232
CRYGB,-0.007104516129031966
TSEN54,-0.005550967741934996
LOC100129648,0.02020741935483902
CHRNA2,-0.1684113709677413
TNK2-AS1,-0.05149193548387027
KCNA1,0.01608000000000055
LINC01165,-0.10297556451612877
IFNL3///IFNL2,0.025747338709677613
LINC00556,-0.023099758064516043
CXorf65,-0.0170050806451614
MMEL1,-0.03850758064516122
FAM83F,-0.019947258064515763
LOC105373065,0.03035701612903257
TTC5,-0.007636693548387209
DLGAP1-AS2,-0.010330080645160847
C12orf56,-0.0017975806451610236
SLC5A5,-0.013093225806451426
MYH7,-0.07578153225806428
SCAI,-0.029750161290322305
HIST1H4G,0.0464869354838711
LOC441052,-0.0035108870967739325
LOC100129837,-0.01527508064516107
SEC14L5,0.04983862903225821
LOC729296,0.0034804032258066754
HCG22,-0.141182903225806
LOC645757,0.005935725806451911
C1orf159,0.035027903225806636
BPIFB2,-0.020680403225806197
CRAT,0.011770564516129109
LOC649034///PGA4///PGA3///PGA5,0.04532362903225855
CCDC33,0.05233927419354863
OR1I1,-0.041624919354838634
SLC43A2,-0.023689677419354738
LOC100131861,-0.030933145161289977
PLEKHM1P1,-0.00013306451612879418
SMTNL1,-0.05908088709677414
LINC01136,-0.012056129032257813
SMO,0.0517837903225807
ABCA3,0.0512325806451616
CIART,0.00942814516129052
LZTS1-AS1,-0.020281209677419008
HEPACAM,-0.004141048387096613
LYSMD4,-0.10898717741935483
EN1,-0.07615943548387069
LOC105371046,-0.0742174999999996
PIRT,0.016158064516129486
MEN1,0.024635887096774334
NKD2,-0.018866048387096525
LOC100130850///KRT17P5,-0.028502499999999993
LOC101927432,-0.006564677419354691
REG3A,-0.011445645161290149
KRTAP17-1,0.0017905645161291478
C7orf61,0.006887338709677652
SH2D5,-0.0014893548387096029
SLC24A5,-0.004443145161290147
SH2D2A,-0.047137580645161214
SMPX,-0.03440145161290307
LRRC3DN,-0.0026141935483868428
LPO,-0.040605725806451165
POM121L10P,0.0721999193548388
TPGS1,-0.02004645161290327
C22orf24,0.012384758064516612
PORCN,-0.017325967741935653
LOC284630,-0.026018064516128595
RALYL,0.0008800806451616291
PDGFB,0.035573467741935705
LOC284933,0.012767096774193704
LINC00112,-0.034538629032258204
PRR7-AS1,-0.028853790322580605
LOC728853,-0.06371758064516111
ZBTB9///SYNGAP1,-0.10088080645161283
DNAI2,0.002358790322581097
PYGM,0.04221524193548399
EPHX3,-0.06155137096774152
LOC100132345,0.019105161290322695
CPLX1,-0.004266048387096132
ADGRE1,0.04630564516129029
DDI2,-0.06923911290322501
DRC7,-0.005508709677419194
NLRP2B,0.005327338709677547
APOA5,0.0239106451612906
NHLH1,-0.019391693548386543
GNMT,-0.09484693548387074
C8B,-0.05678629032258045
NPCDR1,-0.0025146774193545753
LOC105372881,0.11074911290322631
TMSB15B,-0.06565620967741917
LOC554207,-0.007274677419354614
PIM3,-0.05184911290322567
CSPG4P5///CSPG4P1Y///CSPG4P2Y,-0.018221451612903214
PEX6,-0.12259532258064489
SLC7A11-AS1,-0.08176838709677388
SLC17A7,-0.025230483870967546
FAM90A7P///FAM86B3P///DEFB109P1///FAM90A1,-0.01601693548387094
ABHD14B,0.030852177419354965
ECEL1,-0.09120330645161236
YY2,-0.030897177419354487
SHROOM4,0.01504774193548417
TEPP,0.020381451612903632
CDH17,0.025319596774193723
KCNH2,0.03878750000000037
LOC100133911///GRIK4,0.03376112903225863
ZFP41///GLI4,0.01605919354838738
P2RX5,-0.028147983870967716
LRRC74B,-0.11512306451612848
ASB11,0.037905403225806746
LOC100132788,-0.07215508064516109
CERS1///GDF1,-0.04291379032258025
PKMYT1,-0.07121499999999979
MX2,0.01812758064516147
LINC00705,0.018479193548386983
MYL12B///MYL12A,0.030891290322580818
RAB25,0.018905241935483895
PRM3,0.05349854838709696
BMP8A,-0.007480241935483491
GLIS3-AS1,0.10161879032258077
PWRN2,-0.09137895161290263
TKTL2,0.09925653225806502
ZSWIM8-AS1,-0.01693661290322594
LINC00886,-0.04798225806451553
TTR,-0.012452016129031976
SPACA4,-0.02544266129032249
FHIT,-0.026605403225806533
KRT2,-0.07771943548387071
FGF21,0.04944064516129054
LOC102724250,-0.016685887096773946
ELN,0.1219563709677422
TNFRSF4,-0.04173056451612872
PKN1,0.0487086290322583
LOC100130642,0.07364524193548393
CCR7,-0.020720806451612943
S1PR4,-0.020725725806451288
MRGPRX1,0.014558387096774565
SH2D6,-0.18428290322580657
LOC105375527,0.02871048387096773
MGAT5,-0.009532741935483206
KRTAP8-1,0.13546862903225831
CMTM1///RHOQ,0.029175000000000218
ZBED6CL,0.008385000000000326
ADAMTS16,-0.05991266129032204
LOC100505564///DEXI,-0.0106466935483867
TMEM207,-0.018813064516128557
LOC101929284,-0.06069911290322538
SLC10A3,0.02947330645161325
CPLX2,0.011446774193548224
C1orf194,-0.005627338709677139
LRRC43,-0.03721620967741912
CACNA1F,0.05631459677419378
TNMD,-0.04062838709677411
PPP1R18,-0.008847903225806208
IRX4,-0.0037903225806446015
C1QL1,0.05199790322580666
FNDC9,-0.0029641129032255548
SLC7A3,0.005915806451613082
FLI1///EWSR1,0.005170241935484521
NUTM2B///NUTM2D///NUTM2A///FAM22C///NUTM2G///NUTM2E,0.004384354838709966
RFESD,-0.003992903225806228
CCDC17,0.011445161290322725
SMTNL2,0.016802903225806753
LOC102724382,-0.15279354838709663
INE1,0.0024423387096776435
MMACHC,-0.022122096774193536
PRLH,0.03552209677419366
SPATC1,-0.01158048387096731
BHLHE23,-0.022457419354838328
GPAA1,0.033973064516129026
LPIN3,0.009652741935484238
FLJ30901,-0.05113016129032266
PPP1R14A,-0.012448629032258147
CTDP1,-0.062776693548387
TRAIP,-0.09145129032258051
LOC100133761///LOC100133432///MUC6,-0.019400403225806308
LOC340357,-0.05276782258064528
DEFB123,-0.3073928225806448
CNTN2,-0.12502120967741934
PRODH,-0.08752282258064495
LOC729506,0.01674508064516186
LOC100131581,0.024931129032258092
LOC100508631,0.0012451612903227021
KCNT1,0.0013736290322588903
TMEM176A,-0.05205661290322583
LOC100133432///MUC6,-0.012720080645161318
LOC101928251,-0.004985483870967298
FERMT3,0.08373040322580656
LOC100132739///ZIC1,0.09052298387096783
PLCH2,0.015755322580645433
PDE1B,0.0008529838709681655
LOC105373113,-0.0023427419354831156
LOC101928682,0.06376741935483887
DEFT1P,-0.005699758064515847
THEM6,-0.017839193548386745
CPEB1-AS1,-0.021912903225806097
HPD,0.06569782258064537
LINC01101,-0.025882983870967376
MYLPF,-0.010613629032257932
LOC101928940,0.06272612903225835
SCNN1B,0.10317540322580666
DND1P1///DND1,0.05066935483870981
TSPAN18,-0.10561435483870887
FITM2,0.032519354838710164
LOC339539,-0.051564435483870796
SLC34A3,0.012625080645162021
ZNHIT2,-0.027196774193547903
SERPINA12,-0.12422306451612872
TM4SF5,-0.03222306451612868
CD1B,0.013283548387096979
FBXL8,-0.029024435483870976
LOC101927616,-0.07569249999999964
LOC100128644,-0.010449435483870556
CACNA1S,0.13752814516129042
CEND1,0.03788814516129024
SLC38A11,0.01234435483870984
ATOH1,0.05457653225806481
LOC646482,-0.010457177419354693
NKG7,-0.02911991935483856
TMEM252,0.010042500000000365
LINC00482,0.049194435483871285
NAGS,-0.05219298387096733
LOC101929538,0.010405403225806738
LINC00382,0.04138314516129077
LOC100130232,-0.010754919354838736
ENDOV,-0.04134411290322552
GTF2IP4///GTF2I,0.04837653225806466
GAL3ST2,-0.006600645161290605
LOC101927934,0.0069750000000001425
GABRE,-0.30634217741935477
GPR21,-0.06779838709677402
KLHDC8A,-0.08776427419354796
THEMIS2,0.027762419354839193
RIMS4,0.07056975806451592
TTC36,0.11395201612903241
TGIF2LY,-0.10527387096774148
DKFZp451B082,-0.050528709677419244
CCL22,0.046709435483871256
C18orf15,0.012891612903225862
LOC389332,0.11734032258064513
EXTL3,0.11459564516129069
SRPK3,-0.010344435483870608
PRSS58,0.017435645161290588
SLC8B1,0.04032330645161328
CBLN2,0.016649032258064453
CALML5,0.11401475806451652
EPHA1,-0.13632137096774144
SPATA41,-0.08474354838709662
OK/SW-CL.36,-0.004483870967741365
LOC100507389,0.0006674193548386196
LOC100133298///LOC100132442///LOC554249///GLIDR,0.09762362903225835
GBP6,-0.019327580645161185
CHRNA1,-0.00630096774193535
IL3,0.07019854838709678
MBL1P,-0.11450943548387074
LOC340340,-0.021911209677419264
PLK5,0.1559503225806455
C1orf132,-0.03802693548387025
LOC100131993,0.002567096774193949
TMEM79,-0.04166419354838687
TRIM46,-0.04154387096774141
IHH,0.009985967741935461
FOXE3,0.0027382258064519048
IDI2-AS1,-0.03030008064516108
GPR84,-0.007268548387096429
LINC01419,-0.00014612903225747886
HP11014,-0.00609080645161289
SHANK1,0.009592016129032552
ERVFRD-1,-0.003789032258064284
TREML3P///TREML4,-0.011123548387096342
CFAP53,-0.07961322580645112
FLT3,0.0005328225806454972
SEMA5B,0.018035887096774426
GJD2,-0.09252072580645104
LOC101927467,-0.09215879032258047
DGCR12,-0.0471469354838707
IRX5,0.002667096774193861
LOC100132369,-0.051979274193548156
RNF2,0.007879758064516523
PRODH2,0.09068467741935482
DISP2,-0.033630322580644606
CHIA,-0.0005051612903222069
ZCCHC18,0.04245193548387127
LINC00508,-0.00346790322580608
FAM24B,0.051015161290322665
NMRAL1P1,-0.01414862903225772
OR2K2,-0.0032796774193544196
LINC00294,-0.06627927419354854
LOC100129516,0.012172580645161591
MYO1H,-0.0035739516129031767
ZSCAN31,0.012288548387096575
ONECUT1,-0.0635792741935478
BMP8A///BMP8B,-0.08942596774193504
CAMKV,0.04892395161290333
TMEM132D,0.03521935483870975
SLC25A51,0.020569274193548707
ABCF3,-0.0026731451612903713
NFYC-AS1,0.012955161290322571
CISH,-0.025247983870967404
BDKRB1,0.06540185483870974
LOC101928632,0.005549032258064659
BCAR4,0.01062766129032269
P2RX1,-0.028209596774193067
USF1,-0.05625959677419312
CDK9,0.007608951612903449
LOC101927735,-0.0035825806451613247
FLJ30064,0.08594669354838745
LOC146795,-0.020356935483870672
LINC01526,-0.058587661290322515
PCYT1B,-0.059338870967741125
LOC100133898,0.053104032258064926
OR51A1P,-0.029083790322580357
SPRR1B,-0.004304193548386734
LINC00400,0.035537016129032255
LOC105376796,0.034305564516129185
LOC284080,-0.024326048387096635
CYMP,0.0010205645161291445
LINC01599,-0.054975564516128776
PTPN23,0.017662258064516368
NR0B2,-0.07566790322580619
ANKS3,0.039392661290323
GOLT1A,-0.0033756451612897507
ERCC2,0.023070403225806325
UCP1,-0.03961967741935475
NMUR1,0.024738951612903418
SYT8,-0.024431935483870695
ATAD3C///ATAD3B///ATAD3A,-0.015888548387096475
UCN3,-0.07316403225806413
LOC100133056///LINC01558,-0.004204274193548251
DSCR10,0.0008664516129035568
ALPPL2///ALPP///ALPI,-0.029467096774193166
FGF8,0.002515725806451761
LINC01271,-0.08845290322580636
LOC339760,-0.009281935483870863
C6orf10,0.019835080645161398
OTOF,0.1071060483870969
PRNT,0.0288229032258064
ZNF524,0.04036258064516156
LOC101927787,-0.014662096774193882
CH17-340M24.3,-0.0971807258064517
KRT3,0.030833951612903605
LOC101927210,0.01261516129032279
USP20,-0.03936846774193558
MAFK,0.00268088709677456
LOC100131317///POU4F1,-0.013390403225806174
GDAP1L1,0.005897016129032675
C1QTNF4,0.005228548387097126
LOC101928461,2.4112903225978564e-05
UTS2B,-0.06363806451612866
IL9RP3///IL9R,0.007216290322580711
CDIPT-AS1,-0.003220645161290318
PTCH2,0.09802741935483904
DRD5,0.14099572580645164
EPS8L3,0.011405403225806516
MPDU1,-0.010803548387096601
ASB16,-0.07295879032258053
LINC00176,-0.004222661290322189
PMEL,0.02001887096774181
OR51J1,-0.0581245161290319
LINC01140,0.002462419354838779
LOC286121,0.057650080645161514
LOC105378749,0.0004266129032264492
LOC284009,0.051813225806451854
BCL2L12,-0.08639233870967734
PIP5KL1,-0.05813725806451582
ERV3-2,-0.026236451612903264
EPN2-IT1,0.18199048387096758
DGCR6L,0.018550080645161785
ZNF526,0.011890725806451844
CA5A,-0.08290814516129033
FCN3,-0.05772177419354802
MAL,0.006586532258064859
FSCN3,-0.03136483870967717
TEDDM1,0.03470854838709708
CDHR1,0.039596532258064795
ADM5,0.007606532258064611
PTK7,-0.008442258064516206
RBMS3-AS3,-0.045305645161289924
DEFA6,-0.044650806451612644
MT4,0.21905274193548382
DACT2,0.03367645161290357
PGLYRP3,0.06832580645161283
CCDC155,0.0015639516129034164
SPINK5,-0.00339370967741906
CHIAP2,0.03237112903225815
ACHE,0.0003800806451616248
LINC00459,-0.04580177419354804
FFAR1,0.05383104838709724
LOC105372179,-0.0429964516129029
PMS2P4,-0.06266967741935453
CXCL9,-0.03487330645161295
CAMK2A,-0.20904346774193536
WASH5P,0.06139782258064515
H2AFB1///H2AFB2///H2AFB3,0.004040403225807232
CRYBA2,0.0008940322580646629
CRB2,0.00411080645161287
DNAH17-AS1,-0.03606991935483848
TP53TG3B///TP53TG3,0.03553798387096781
CPNE5,0.03226750000000009
BMP4,-0.06103225806451572
SKAP1,0.011827983870967802
ABCG4,-0.002883306451612746
SLFNL1-AS1,-0.07209249999999973
HIST1H3I,-0.03906903225806435
CD177,0.016575483870968
RAB37,-0.038789274193547954
ZNF385C,0.013741854838709894
LOC100129194,-0.03312048387096711
PCDHGA9,-0.013652016129032206
FAM215A,-0.08134298387096743
ZNF8,0.08697266129032276
ZXDA,0.021029596774193856
PODXL2,0.004070403225806507
CHL1-AS2,0.05124491935483892
LOC102723335,-0.0004086290322582475
PITX3,0.02795822580645193
MUC17,-0.05797153225806412
CDRT15P2///CDRT15L2,-0.019923225806451134
TBC1D22A-AS1,0.07593741935483891
CD3E,-0.0020525806451610553
G6PD,-0.01618822580645161
C6orf99,0.07993612903225814
VPS37D,-0.03075161290322561
LOC102723927,0.04131854838709718
SDHDP2///SDHD,0.01617217741935518
BCAM,0.050447258064516526
FEV,0.010797500000000173
LOC102724511,0.009494032258064736
REXO1,0.11898112903225821
LOC100131860,-0.03754129032258044
CYP2B7P///CYP2B6,-0.04424193548387052
SWSAP1,0.011884838709677614
LOC100133825///C20orf78,-0.0076919354838710045
LRRC45,-0.016681612903225364
FAM182A,-0.03692274193548382
TRIM17,-0.0989482258064513
C1orf20,-0.004782096774193055
ATXN7L2,-0.01681387096774173
C1orf167,0.01718209677419368
BRINP2,0.012066290322580785
OR52K3P,-0.06459524193548345
MTNR1B,0.057133709677419556
TMPRSS4,5.798387096853444e-05
DNHD1,0.1009641129032259
ZP2,-0.009419516129031979
LOC339166,-0.02553096774193535
LOC728163,0.005391774193548511
OOEP,-0.016451693548386756
ZNF284,0.02703725806451648
ABHD15,-0.007219032258064281
DOLPP1,-0.008343629032258135
LOC101928222,0.019597500000000274
LALBA,0.03971129032258041
SEPT3,-0.06671774193548335
TOP1P2,-0.0020366129032256377
LOC93429,0.016061774193548532
CLPS,-0.02042645161290297
LINGO1-AS2,0.0013153225806453919
SCAMPER,0.10642193548387105
PCDHGB5,0.1002060483870972
TNNI1,-0.02139895161290302
UBXN11,0.009602258064516396
LOC553103,0.14306709677419352
GPA33,0.04880588709677419
LOC439951,-0.03393322580645168
ZP1,-0.04937161290322563
PHYHD1,-0.0024969354838707256
ALOX12B,-0.05607927419354841
LINC00641,0.089432096774194
ARL9,-0.0005784677419352386
TAS2R5,-0.0065404032258061535
RIC3,-0.0017806451612900373
PCDHGC4,-0.0006637903225803581
RAPGEFL1,-0.02720032258064512
APEX2,0.023079112903225833
PLAC1,0.05536282258064531
MVD,0.012859516129032258
LOC100133586///TEX40,0.050438467741935764
CD1A,-0.05632588709677413
ABCA4,-0.026857016129031942
TMEM179,-0.00841225806451611
CXorf58,-0.028143064516128705
TFAP2E,-0.043850241935483404
SBNO2,0.011359758064516483
LOC728327,0.027122903225806908
LINC00682,-0.029634999999999596
PCED1B,-0.05726604838709645
CCL24,-0.005787983870967312
VN1R2,0.03727822580645171
FADS3,-0.0984696774193547
HTN3,0.0004606451612909784
CNGA1,0.0010405645161290643
ARHGAP25,0.007757258064516309
LOC100499194,0.022570080645161514
CLDN3,-0.000412903225806298
TEX35,-0.0031163709677416336
LOC613266,-0.11261233870967743
HCG27,-0.03217153225806427
CENPT,-0.0019535483870968193
NT5C1A,0.023418870967742363
LOC100507468,0.027202096774193794
LHX4-AS1,-0.029271451612903142
UBXN10-AS1,-0.009942903225806134
RARA,-0.03750661290322551
LOC286068,-0.06316080645161251
GSTM5,0.06698669354838716
FCRL3,0.0017932258064519394
KIR3DS1///KIR3DL1,0.00945806451612953
CD40LG,-0.010659112903225552
FGD3,-0.023942983870967462
TMEM158,0.13683919354838708
TMEM266,-0.008168951612903007
ZSWIM5,0.020913951612903558
RLN3,0.021937258064516657
NBPF8,0.03298838709677391
PRSS3P2///PRSS1,0.007146048387096907
LDHAL6B,-0.022534919354838593
BSG,0.028706290322581096
SCN4A,0.04395451612903257
LOC105376166,0.05496306451612904
MUCL1,-0.011124919354838623
LYPD1,-0.0033687096774188434
CDH16,0.10663008064516158
POU4F1,-0.02088112903225746
RBBP8NL,-0.10295362903225783
CARNS1,0.018378629032258228
PVRIG,-0.03600612903225782
LRRC20,-0.0639513709677415
ACSF3,-0.028557499999999604
PYCRL,-0.08922024193548353
WASF3,0.021959838709677548
CITED1,0.027813064516129023
LOC101927604,0.008787338709677326
PTCHD4,-0.00107354838709647
LOC100129122,0.0021221774193549356
LOC100129617,-0.004773870967741659
NVL,-0.004063548387096513
LOC100133572///LOC650293///UNC93B4///UNC93B2///OR7E125P///OR7E87P,-0.029665483870967055
LOC100129656,0.025853951612903093
HBBP1,-0.16137935483870938
TXNRD3,-0.011813306451612472
DERL3,0.00993411290322618
ISX,-0.0022671774193545055
AOC1,0.009338225806451956
TREM2,-0.0032617741935481726
LRGUK,-0.004613306451612642
CDKN2D,-0.02259370967741929
GRIN2D,0.02584862903225813
HCP5B,-0.05915540322580624
NKAPP1,0.07581338709677464
METTL12///SNORA57,0.0904840322580647
ZBED3,0.012852500000000478
E2F1,-0.11244725806451582
PDCD1,0.005944677419355217
TRBV7-3,-0.004347741935483355
OR51E1,-0.07034185483870922
MGAT4B,0.004725564516129345
SLC5A10,0.00953346774193575
NTNG1,0.09793669354838724
LOC442028,0.010723064516129479
RPL14///IGL,0.039929112903225865
UNC5B-AS1,0.04369024193548417
PCDHGA12///PCDHGC3,0.04942782258064514
LINC01233,0.045326290322581037
LOC101927914,0.0076234677419358375
LOC101927346,0.006126451612903047
LILRA6,-0.06539540322580602
LOC100132057,0.0014572580645161384
CRCT1,0.05025499999999962
LOC101929486,-0.019390645161290097
AMZ1,-0.01720241935483852
LOC100130850///LOC729704///KRT17P5,0.0688103225806453
SPPL2C,-0.10207685483870957
LOC283737,0.012616370967742511
NR2C2AP,-0.00791153225806434
GPRC5A,0.02786451612903263
LINC01137,0.08348991935483854
LOC51190,-0.001294112903225543
XRCC3,0.02267572580645224
SOHLH1,-0.27652443548387107
TAAR5,-0.006794516129032072
ITIH1,0.027525887096774355
LOC100506022,0.06530201612903247
C9orf62,-0.0004002419354835647
UNC5A,-0.047988629032257674
IZUMO4,0.00718032258064554
EMX1,-0.08608177419354815
MYPOP,-0.011032096774193232
CR1L///CR1,-0.056851693548386976
GCKR,0.00964500000000039
SLC22A9,0.0260452419354843
CYS1,0.06207798387096798
THAP8,-0.007773064516128678
CELA2A,-0.12911467741935478
PHGR1,-0.005959516129031932
CYP27B1,-0.09276241935483788
SLC39A2,-0.03045661290322514
LAMP3,-0.012175564516128702
GCNT3,-0.1672109677419351
APOBEC4,0.015713870967742107
PPP1R35,-0.004762419354838337
TMEM72-AS1,-0.01993612903225796
TLCD1,-0.028628064516128992
KRTAP5-11///KRTAP5-2///KRTAP5-10,-0.036521048387096654
WFDC5,-0.0076633870967739385
ACY1,0.019715887096774742
AZU1,-0.02852911290322569
LOC101928280,-0.010048145161290233
ZNF29P,-0.03571161290322565
LOC100130237///PDE6B,-0.02118798387096766
ARHGEF25///SLC26A10,0.0434687903225809
LIN28A,-0.015196451612902985
GRID2,-0.03499370967741912
TTC6,0.0028365322580645386
NTRK1,0.021454435483871343
HERC2P8,0.06728451612903234
H2BFXP///LOC644328,-0.003099596774192924
CES3,-0.008823870967741858
SERPINA6,0.11860951612903216
LOC388882,0.02826943548387153
BPIFB4,0.012049677419355294
ACTL7B,0.03234177419354832
FAM207BP///FAM207A,-0.01116564516129008
PLA2G4F,-0.0068929838709676505
NPBWR2,0.03809032258064526
CAPN5,0.03823637096774218
MXRA7///LINC01105,0.04483685483870979
CLCN2,0.002951209677419662
KRT1,0.0015199193548388493
LOC102723661,-0.09549564516129018
LOC285300,-0.06782443548387075
TNF,0.04170951612903256
LINC00687,0.09011008064516202
SULT4A1,-0.012573225806451494
TCTE1,0.012270887096774354
GJB5,-0.04497500000000001
MARS2,-0.10845072580645135
EVI5L,-0.1875949193548382
PRMT7,-0.08941064516128977
VWA5B1,-0.12605774193548325
LINC00299,-0.03222983870967734
CHCHD10,0.054164112903225786
TRIM3,-0.07834330645161272
PRR22,0.05984209677419362
GDF9,0.08761838709677398
LOC441086,-0.004461048387096461
THSD4-AS1,-0.14223572580645122
C4orf26,-0.013812661290322166
CRYBB3,-0.2470484677419349
MLNR,-0.027991451612903145
FAM163B,-0.0365255645161288
TINCR,0.011959032258064432
MIR670HG,0.01704862903225836
LOC100130135,0.005921129032257972
LOC100506691,0.07457370967741964
CSF3,0.005592661290322711
CSPG4P5,-0.08726983870967703
COL19A1,-0.0027266935483865745
GGTLC2///GGT1,0.002234032258065045
KRT38,-0.06419379032258034
FBXO16,-0.01233088709677383
FAM109B,0.0023432258064520154
IL17RE,-0.017944354838709514
LRIT1,-0.33109040322580624
LOC284263,-0.005296774193548246
KRTAP9-4,-0.04461749999999977
SEPN1,0.041287983870967826
NME9,-0.010886290322580351
LOC286058,0.060672903225806485
CCDC184,0.007464354838709756
LOC101928519,0.08966354838709681
LOC101928661,-0.023399919354838625
VGF,-0.0049853225806449075
HIST1H4PS1,-0.05397193548387049
GSC2,-0.0037766935483867954
LOC647954///KRT8P9///KRT8P45///KRT8,-0.0069945967741932066
CXCL16,0.028734193548387413
LOC100128499///FAM217A,-0.0039140322580641755
MC1R,0.011704838709677775
FAM166B,-0.02769782258064483
GSG1L,-0.009218145161290159
LYPD3,-0.029709274193548213
ASAH2B///ASAH2,-0.01859838709677412
LOC100130224///UTY///KDM6A,-0.017358387096774026
DSG2-AS1,-0.030114032258064263
FLJ34503,-0.022333467741935138
EVPLL,0.019175322580645433
MOV10L1,0.18967862903225854
CASC7,-0.08531733870967705
LHB,0.009277903225806808
PNPLA3,-0.023083548387096822
LOC105372953,-0.015078387096774129
LOC100132078,0.04807838709677462
DMRTA1,-0.03506645161290311
PALM3,-0.007448548387096731
OGFRP1,-0.023153145161290193
WDR66,0.016137580645161416
DMTN,0.0071213709677421366
NLRP8,0.03748677419354853
FAM90A1,0.0014049193548388104
P2RY4,-0.04332508064516091
WBP2NL,-0.008667580645161273
ZNF662,-0.025155241935483585
CPB2,-0.01333782258064502
TMEM53,-0.0012990322580643827
KIRREL3-AS2,-0.005903145161290093
LOC642131,0.036324838709677836
IFNA5,-0.0009103225806451672
LOC101928144,-0.014121774193547869
LOC401068,0.0056361290322581165
C22orf15,-0.006965806451612794
LOC100130772///CPEB3,0.07031177419354843
ZBED9,-0.007581693548387244
RASL11A,0.03336419354838712
FES,-0.01059072580645154
C9orf24,-0.004873629032257664
LOC100132969///TMEM185A,0.0019466129032261964
QTRT1,0.15715032258064537
AMDHD2,-0.01645435483870933
LOC729556,-0.0056518548387093906
KRT6A,-0.018586774193548303
HTR5A,-0.08029306451612879
PEX11G,0.0810408064516131
LINC01272,-0.22867556451612897
FERD3L,-0.2203287096774192
OTUD7A,-0.024264274193548204
CDH3,0.011217177419355169
ZXDB///ZXDA,-0.0397909677419353
LOC728099,-0.029988225806451066
GCNT1P1,0.060289758064516176
CRYBB2,0.012334032258064733
PRAMEF11,-0.03766491935483815
SLC38A5,0.0449389516129031
SLIT2-IT1,-0.006015161290322648
CLDN2,0.028193145161290574
CCR4,0.09409717741935489
CALY,-0.025160161290322267
AMN1,0.0026684677419359583
DBNDD1,-0.07104048387096758
LOC101929406,0.007688951612903696
TMEM63C,-0.07558935483870914
CD300LB,0.049647580645161414
LOC102725022,0.010871451612903486
SERPINA4,-0.04812483870967748
CNNM3,-0.03775903225806456
AMPD1,0.0007366129032258643
SHH,-0.07174959677419325
DPP6,-0.2481816935483866
GRASP,0.03437233870967769
NPAS4,-0.005982822580644869
PROK1,-0.08497024193548337
CENPM,-0.048130241935483285
TOR2A,0.02965008064516151
NANOS2,-0.01687887096774181
USP2,-0.08243903225806451
PRDM6,0.09664774193548376
RAMP3,0.04173935483870998
TLR9,-0.014681290322580387
BLACAT1,0.008698306451613118
IGLV3-12///IGLV3-21///IGLC1///IGL,0.059526532258064986
LOC100129936,0.024049435483870993
SLC22A14,-0.09620185483870967
C1orf100,0.021411129032258287
MRM1,-0.01066459677419341
PPP1R1B,0.09305064516129051
F2RL3,0.0014982258064521053
LOC100134109///COL22A1,0.02053967741935525
ATP6V0D1,-0.0018940322580643801
LOC541472///IL6,0.01865919354838743
ARFRP1,-0.014295564516128578
GRK1,-0.006159596774193534
LOC105371763,-0.017180967741935418
LOC101928813,0.0028116129032256148
PPP1R14D,-0.017708145161289983
KLK5,-0.0057680645161290066
MGC2889,-0.09000620967741896
HCCAT5,0.04192959677419394
HOXC11,-0.011043790322580422
OPN1MW2///OPN1LW///OPN1MW,-0.004135564516128865
LGALS13,0.036646854838710066
LOC648232,0.02218717741935516
CD207,0.04525451612903245
LOC100506603,0.04364508064516189
CECR6,-0.09190282258064497
KCNH4,0.002934838709677442
LOC101927151,0.04455814516129056
MASP2,0.021757419354838884
LOC100130344,-0.011239354838709381
LOC339298,0.05793790322580663
EDN2,0.0019500806451618095
HDGFL1,0.025573467741935745
AXIN1,-0.027962258064516163
DPEP3,-0.11868233870967734
PADI3,0.024989516129032482
LOC286083,-0.052262661290322476
ERICH3-AS1,0.04380572580645153
NT5M,0.00010870967741976266
BPIFB1,0.03407435483870965
ICAM5,0.03151911290322623
SHPK,-0.011200725806451529
GFI1B,-0.023650564516129145
LOC149373,-0.04218927419354824
ACTN3,0.020546693548387368
COX7B2,0.040660564516129094
EPB42,-0.04411411290322568
GUSBP1///GUSBP4,-0.0027324193548385204
LOC101927948,-0.08860862903225793
LOC100134711///LOC100132740///STAG3L2///STAG3L3///STAG3L1,0.03475983870967769
CLEC18B///CLEC18A,0.0075206451612906695
LOC101926962,-0.017846854838709236
TMEM88,0.016928145161290473
DRD3,-0.058447580645160944
NPY,-0.00679129032258035
GPR15,-0.00560395161290283
CYP4Z1,0.022385403225807017
LRRC37A5P,-0.008522258064515773
DEFB129,0.0675346774193552
LOC100130809///SRY,0.008621612903226019
STAC2,0.02293483870967751
CTB-113P19.1,-0.012668709677419171
KRT18P50,-0.01005556451612886
SDCCAG3P2///SDCCAG3,0.03417887096774228
MUL1,-0.007605967741935154
LOC100131510,0.00020782258064548382
LOC148696,-0.01639306451612896
UGT1A6,0.01235080645161317
IL10RB-AS1,0.013331693548387421
KLK6,0.02628153225806486
DRC1,-0.04310112903225769
C9orf69,0.02105540322580694
LOC100131414///TJP2,-0.008515967741935297
SPRYD4,0.002442177419355069
MAPK15,0.0269430645161291
GPX5,0.0007291935483875759
PADI4,0.07124193548387114
MC3R,-0.10948233870967719
DLK1,-0.005572983870967662
KRT36,-0.16671685483870946
C1orf111,-0.03419879032258016
AWAT1,-0.0018348387096770447
SPATA3,0.03686282258064555
NAT8,-0.0730604838709673
TAS2R38,-0.11600064516128958
TEX14,-0.0029570967741935836
LOC100506526,-0.021287419354838487
JMJD8,-0.0001294354838705259
LGALS4,-0.1990016129032252
LOC389895,0.026270483870968135
REG1CP,0.025445887096774603
LOC440867,-0.0035183064516128666
SLC13A5,-0.12889362903225804
OR3A3,-0.0031891129032255608
LOC100507487,0.039669516129032356
SPANXA2///SPANXB1///SPANXC///SPANXA1,0.025587580645161943
CLRN3,0.05677604838709706
TUSC7,-0.026308951612903007
ENKUR,-0.010966290322580475
LOC101927181,-0.05637556451612914
OPALIN,-0.00923991935483856
UMODL1-AS1,-0.005112177419354306
HTR1A,-0.007490080645161117
MYL3,0.013717500000000112
MFAP4,-0.00012604838709614
C10orf62,0.029504435483871043
ARC,-0.03765830645161247
P2RY11,-0.00399258064516111
SLC25A1,-0.013411693548386516
GPR12,-0.07821685483870922
ARSG,-0.013511774193548286
TNNT1,-0.03395540322580623
FOXR1,0.0016011290322585012
BANF2,0.005598225806452029
C8orf74,-0.002227016129031695
CLDN8,-0.027401129032257637
HBZ,0.013770887096774626
LOC728951///KRTAP1-3,-0.055959274193548084
LINC01620,0.022540887096774303
SSTR3,-0.02660822580645146
HAPLN4,0.03551967741935507
HTR3B,-0.03561459677419339
LINC01123,-0.003468870967741797
POM121C///POM121,0.019520161290322805
PRM2,-0.08459467741935495
PPY,-0.0907049999999998
LINC00635,0.035699677419354925
ADGRA1,-0.0327054032258063
FAAP100,-0.0480442741935482
ABHD8,0.020212258064516153
LOC100507156,0.04013217741935499
NKPD1,0.022782822580645318
NRIP2,0.02293354838709728
P2RX3,-0.047910887096773755
METTL21C,-0.03548758064516057
TCTEX1D2///TM4SF19,0.00391741935483846
KIF4A,0.050095564516128996
KRT9,0.03532951612903207
LINC00240,0.06512919354838728
LOC101928845,-0.06373096774193548
SPERT,0.04204967741935538
ANKRD34C,-0.04319435483870952
TIMD4,0.13325766129032257
TNXB///TNXA,-0.01415540322580626
GLP2R,0.007495322580645733
OR1A1,0.03914887096774193
BEX1,-0.09293451612903202
UBASH3A,-0.005545967741935194
CHIT1,-0.014674435483870792
CYP4F12,0.09289879032258028
HLA-DPA2,-0.07078959677419334
CATSPERD,0.015398548387097047
UBQLN3,0.08451024193548393
FLJ44896,-0.05915185483870972
PTCSC1,-0.005945403225806178
LOC100129289///CDK14,0.008240564516129055
C12orf50,0.0014885483870969753
PGC,0.04544725806451643
FIZ1,0.04718540322580641
RSPO4,-0.004289032258064449
OVOL3,-0.0667555645161288
SMIM6,-0.02117274193548373
KAAG1,0.007372741935484158
EPX,0.007390725806451703
CER1,-0.1213045967741933
C19orf57,0.023522016129032614
MPP3,0.046800645161290316
BPIFA3,-0.040541370967741734
ARSI,-0.05404983870967764
PRG3,-0.007443951612903066
ODF3L1,-0.24151653225806435
LINC00626,0.00787362903225817
CPA3,0.0005441129032259543
IP6K3,-0.010516451612902858
NLRP6,-0.02348540322580598
IL4,0.06200862903225823
IFNL1,-0.0027245161290320587
KCNK12,0.010677016129032602
MBD3L3///MBD3L4///MBD3L5///MBD3L2,-0.011355564516129135
B4GALNT4,0.016094435483870937
ZNF324B,-0.039736532258064325
LINC00842,0.03223500000000034
GCHFR,-0.0074633870967739735
ARMC12,0.014015806451613103
LOC645529///ACR,-0.0942455645161288
FAM26D,0.01826879032258058
MMP25-AS1,-0.22467233870967696
LINC00658,0.0038875806451615235
VN1R5,-0.014449032258064248
IL1RAPL2,-0.011807419354838842
AQP11,0.01459080645161312
TNFRSF13B,-0.026751612903225613
FAM95A,-0.029256048387096258
LINC00836,0.03861427419354866
LOC101928626,-0.0031291935483868335
KCNK4,-0.006345403225806559
PPP1R16A,0.034681451612903653
TAS2R16,0.02105846774193601
PLPPR3,0.03215548387096763
SYNPR-AS1,0.102309919354839
LOC100289094,0.02730572580645206
LRRC56,-0.04982330645161269
LOC101928069,0.014266209677419655
CCDC63,0.010170403225806467
KIF7,0.03436475806451613
IPCEF1,0.021474596774194055
LOC142893,-0.03169822580645109
SH3D19///RUNX1,-0.014104838709677244
SCGB3A1,-0.19297120967741915
PLA2G2F,0.027431935483871336
FFAR2,0.12836822580645155
DNAJB8,-0.04341887096774175
KRTAP2-1,-0.004888064516128567
LOC101928896,-0.06939637096774162
BTBD17,0.030155725806451587
HIST1H3D///HIST1H2AD,0.004011693548387239
RP9,-0.0055555645161284375
ASCL5,0.03426717741935512
ZNF76,-0.0048345161290319965
TMEM151A,-0.009405483870967384
LOC221122,-0.009453870967741673
LOC728245,-0.00044338709677366715
CXorf67,0.0035889516129032936
TAS2R9,-0.04093362903225809
SYT5,0.07341500000000073
SOAT2,-0.014512741935483613
TSSK4,0.005060241935484323
PRRT1,-0.07522169354838669
DNM1P46,-0.20699919354838645
UPK3A,0.07296024193548391
TSPY1,0.0012456451612905578
SEPT10P1,-0.01628298387096786
LOC100131819,-0.0036526612903223475
EML3,-0.0011154032258062839
IFNA14///IFNA13///IFNA6///IFNA5///IFNA2///IFNA1,-0.002695725806451394
TBC1D27,-0.026913951612902748
TSPO2,0.042110241935484065
HAND1,-0.013328225806451367
SH3BGRL2,7.112903225851906e-05
INCENP,0.027237338709677664
IL17B,-0.0314889516129027
PLK1,0.019998467741936074
LOC100131349///NT5C,0.02311524193548424
GRIP2,-0.025052903225806684
DXO,0.03718088709677453
IL36A,-0.016850967741935657
OR10C1,-0.010591774193548325
CYP2A7,-0.22378758064516116
ADCK5,0.050222258064516495
LENEP,-0.02998935483870936
LINC01214,-0.0025050806451611535
FXYD4,0.0024463709677422013
PCDHA3,-0.22703637096774168
PDZD7,-0.05242435483870961
GPR25,-0.036120322580645056
NALCN-AS1,0.06926241935483916
C9orf173-AS1,-0.014060725806451395
LOC101927274,0.1056260483870968
LOC100129041,0.08844991935483905
LINC00700,0.015382177419355101
CENPE,0.06310314516129038
MNX1-AS1,-0.01761266129032265
ST8SIA6-AS1,-0.005817741935483822
OR5P3,0.061183225806451955
CACNB3,0.031370887096774734
UBAP1L,-0.06410548387096757
LRRN4,-0.014822500000000037
GTF2IP20,0.037668790322581
KRT6C///KRT6B///KRT6A,-0.011506209677418937
SPSB3,0.16772346774193567
CCDC178,0.05452193548387109
FAM222A,0.07655104838709706
ELSPBP1,0.013893870967742267
ELMO3,-0.014632096774193127
LOC100131056,-0.08363725806451601
ADCY5,-0.015358629032257804
ASAH2B,0.016173548387096757
SHOX,0.059027903225806574
ZBTB42,-0.004280080645161181
LOC339685,0.05585072580645149
HAS1,-0.014565564516128903
HHATL,-0.004707499999999664
GGT2///GGTLC3///GGTLC1///GGTLC2///GGT3P///GGT1,7.572580645189399e-05
TGM6,-0.001921532258064072
LOC255654,-0.09364475806451575
LCAL1,0.003963870967741883
SLC18A1,0.014747338709677607
PTRHD1,-0.008430725806451548
FLJ23867///QSOX1,-0.03744766129032251
FAM189A2,-0.004469435483870765
LINC00523,-0.01538524193548361
LOC646484,0.030173629032258238
ACKR1,0.027954193548387303
NMBR,-0.014275241935483757
CHGA,0.005540322580645326
SLITRK1,0.00999467741935499
DGCR7,0.008005645161290162
SNHG4///MATR3,-0.028246532258064408
TPSD1,0.017191935483871157
ELAVL3,0.1070806451612905
TAGLN3,-0.0002928225806449903
LOR,0.0988150806451616
ERICH6,-0.00043499999999993154
CASC16,-0.018994758064515782
ARHGEF7-AS2,0.005815967741935914
CIDEA,-0.03697516129032264
ZNF619,0.01502153225806458
LOC100133459///NBPF10///NBPF8///LOC727908///AE01///NBPF9///NBPF15///NBPF11///NBPF12///NBPF1///NBPF14,0.0030133064516130507
CYP11B2,0.07279016129032281
CYP46A1,0.001463145161290625
OR4F29///OR4F21///OR4F16///OR4F3,0.03588903225806506
TACR3,0.011826129032258374
TEKT5,0.02198814516129021
ALDH3B2,0.004349919354839051
NPW,-0.005041774193548183
LOC221946,0.044932258064516555
REXO1L1P,0.009031774193548872
PLEKHM1P1///PLEKHM1,-0.02367556451612884
STX1B,-0.0031650806451613005
ZFPL1,0.023236693548387415
GMPR,0.03153766129032262
TRIM54,-0.034912661290322465
SPATA31E1,-0.0035408064516128865
HRC,-0.04787588709677347
CTAGE8///CTAGE4///CTAGE11P///CTAGE15///CTAGE6///CTAGE7P///CTAGE5,0.004635564516129327
KHDC3L,-0.008071612903225844
CASQ1,0.023266370967741794
LOC728799///LRRC27,-0.04247379032258038
ASPG,0.013769677419355145
SGK223,-0.05698427419354793
CTXN1,0.06121000000000049
MGAT5B,-0.012139999999999873
RACGAP1P///RACGAP1,-0.004393548387096239
KMT2A///AFF3,0.036624112903225925
COL17A1,0.02831758064516108
LOC101927526,-0.003703790322580504
PMS2P9///LOC730324///LOC441259///PMS2P5///PMS2P2///PMS2P1,0.005679193548387672
FAM122A,-0.007804032258064796
OR8B8,0.04852959677419409
C1orf105,0.021521370967742034
BRICD5,-0.05376959677419357
CR1L,-0.006610806451612382
DUX1///DUX3///DUX5,0.05887661290322582
CENPVL1,-0.00750967741935453
SMAD1-AS2,-0.03779443548387052
SCGN,0.019730322580645263
PATE2,0.00016983870967761947
VAX2,-0.010125887096773915
SCARNA2,0.07984814516129025
KCNE1,-0.0016685483870965238
EFNB1,0.052324596774193356
OR2F2,-0.005186370967741886
LINC00620,-0.005268870967741623
VWA7,-0.01943846774193524
TRMU,0.056193951612903095
CPNE9,0.10999250000000024
ITPKC,0.0028180645161295613
ARIH2OS,0.00696653225806487
MLC1,0.015375887096774956
LOC105370622,0.0023506451612903823
TEX38,0.006037661290322583
RRAD,0.014762258064516703
LOC100131317,0.04776016129032285
PPM1N,-0.07181564516129021
LOC100128146///ANP32A,0.013428387096774592
LOC101928035,-0.002467499999999748
ZP4,-0.03474766129032244
MS4A6E,0.0007334677419357566
KRT77,0.0013979032258066813
LOC101926975,-0.06119274193548316
LY6G6F///LY6G6D,-0.06977314516129017
AP1M1,-0.007123306451612577
HPR,-0.004342338709677222
SLC22A11,-0.025651129032257476
TEX13A,-0.12354217741935476
MAST1,0.028934596774193688
AFMID,-0.04280983870967698
CIT,0.07450008064516155
SP6,-0.0043401612903221694
LOC101929694,-0.10799282258064508
LSR,9.500000000036563e-05
TSSK3,-0.017698467741935172
LOC101927907,0.001157822580645157
GGT5,-0.003319838709677326
C3orf49,-0.0031344354838709967
ZNF223,-0.0080345161290319
GNPDA2,0.009088306451613343
DOK2,-0.01220048387096783
LOC102724714,0.022241129032258188
FAM151A,0.048564677419355086
SYNGR4,0.007973225806451772
MMP25,0.04121419354838751
THAP7-AS1,0.0028967741935488405
LOC100131218///NDOR1,-0.045459596774193346
NTNG2,0.03886612903225793
IGFL2,-0.17236362903225771
LOC283435,-0.006125241935483823
TTTY13,-0.033894435483870715
LOC100996694,-0.05359669354838657
LOC100507281,0.02190177419354854
GAS8-AS1,-0.0025870967741932534
LOC102723493,0.0550070967741936
ATXN8OS,0.0036299193548385475
TSPAN15,0.010408225806451697
A1CF,-0.1021111290322572
PHEX-AS1,0.0039041129032257533
LINC01096,-0.014788951612903091
NPHP4,0.00011177419354839587
SIGLEC5,-0.011938709677419338
LOC728095,0.026986935483871426
HSPB3,-0.013861290322580514
GUCA1B,-0.11038467741935451
B3GALT5,-0.05051637096774156
FGD5-AS1,-0.023714193548386886
RNF39,-0.030635000000000096
SLC7A4,-0.01631596774193495
ASIC4,-0.16084693548387077
HERC5,-0.0032886290322579658
LOC101928894,0.03193709677419375
FAM71E2,-0.0020370967741934094
TMEM61,0.0040818548387102915
FPR2,-0.15000056451612873
C9orf41-AS1,0.10923612903225827
CBLN1,-0.08577483870967685
OMP,-0.004400403225806364
KLHL30-AS1,-0.011922096774193619
SP140L///SP140,-0.023509112903225184
PROSER3,-0.009117580645161069
SNORA17B///SNHG7,-0.025914112903225536
SLC2A4,0.055782580645161436
LOC100130278,0.018591693548387172
CYP2S1,0.08144016129032293
GNA15,0.03582048387096818
FSHR,0.0160750806451616
CXCR3,0.02880241935483899
ARHGAP45,-0.02150588709677379
MC4R,0.031525241935484005
LOC100133896///SEMA4G,0.0010341129032259873
ACPT,-0.02195088709677435
RPRM,0.08952645161290318
FUT6///FUT5,-0.004975241935483557
HSD3B7,-0.022435080645161247
MAJIN,-0.006879999999999917
LOC100134331///IGHG1///IGHD///IGH,-0.025940887096774383
COLEC10,0.013151129032258567
TMC4,-0.03573024193548331
C17orf50,-0.002447258064516201
PARP3,-0.021222903225806174
RNF139-AS1,0.023427903225806547
LYSMD1,0.03088782258064519
TMPO-AS1,-0.03923395161290319
ADAMTS15,0.0072954032258064835
FGF3,0.0017382258064521537
HMMR,0.05708645161290333
TLX3,-0.009820725806451476
OR2A4,-0.007748064516128892
KRT34,-0.003956935483870776
ANXA10,0.005731532258064964
LOC643549,-0.0005746774193546344
PDIA2,-0.12956362903225718
CBLC,0.011145806451612943
LOC100128501,-0.010622741935483161
RPS6KL1,0.06530903225806477
PROZ,-0.03380137096774173
SLC29A4,0.02343733870967774
CHST8,-0.01428225806451589
ST7-AS1,-0.0038041935483865107
LLGL2,0.0065075806451614865
PCBP3,-0.03902370967741921
LOC286126,0.01024145161290336
MIOX,0.056389516129032785
SLC6A5,-0.009672096774193388
C20orf196,0.06781830645161327
LOC100134368,0.03260822580645218
NDUFB2-AS1,-0.018510161290322576
CDK20,0.02252048387096815
TH,0.026214596774193924
FOXQ1,-0.007713225806451262
PTH2R,-0.0031695161290323896
SVILP1///SVIL,0.04676306451612969
MIR194-2HG,0.02460709677419378
OR6B1,-0.0073258870967740815
INSL3,-0.0008344354838707643
TBC1D21,-0.06176443548387073
ACRV1,-0.04949749999999979
LOC728902,-0.040862822580644706
LOC100131226,0.005841854838709799
TBC1D2,-0.034194919354838815
LOC440570,-0.008284193548386866
LINC00525,-0.028069596774193403
HIST1H2BM,0.013531612903225843
LOC101928343,0.02556145161290351
SLC27A1,0.00268258064516167
PLIN4,0.03286588709677433
OASL,0.04347717741935505
ZNF295-AS1,0.003288467741935991
PRR23D2,-0.039537338709676705
CCL17,0.14631508064516138
DNAAF3,-0.15940741935483851
TSPY26P,0.1500701612903228
RETNLB,-0.0040289516129032085
HOXD11,-0.011454677419354433
PAGE5,-0.02226137096774161
FLJ90680,-0.00782524193548342
VPS52,0.07792758064516161
LOC105378702,-0.0733487903225801
ZNF469,-0.14558975806451596
LOC100130494///PPIEL,0.008459677419355167
LOC729940,-0.0847326612903222
GSTM4///GSTM2///GSTM1,0.026651935483870955
FLJ45513,0.10912225806451652
LOC100507461,0.004752177419355278
FLJ20021,0.047380322580644965
FCGR1A,-0.005024274193547784
UNC93B1,0.021889677419355193
OR12D2,0.007843629032258088
LOC100128988,-0.033709838709677004
CSPG4P1Y///CSPG4P2Y,-0.08596548387096721
KRT33B,0.03371250000000055
ADH1A,-0.07224604838709653
LOC101929752,-0.08915717741935462
SSSCA1-AS1,-0.003776209677418739
LOC645733,-0.003220967741935397
PRRT3,0.08780354838709688
LAMB2P1,-0.02679499999999981
A1BG,-0.040672822580645245
LOC101927539,0.02888258064516155
TRIM78P,-0.00731064516129018
CCDC54,-0.005525403225806093
PRKAG3,-0.05059419354838709
IL2RG,-0.005194999999999702
C6orf25,-0.006428709677418922
OLFM2,-0.026470322580644946
DCDC2B,-0.013818225806451517
OR5I1,-0.00775129032258017
PAK6,-0.012657096774193147
TIGD3,0.011687016129032769
LINC01010,0.022190645161290802
TULP2,-0.07466782258064492
LOC101927272,-0.0004070161290316565
TRIML2,-0.025555645161290046
ADGRG4,0.008424516129032677
DENND1C,0.010353629032258156
LOC101928304,-0.038864112903225265
ATP13A2,-0.0035380645161292197
LOC100652911,-0.004469758064516114
KLRK1,-0.00661419354838686
LOC101929662,0.0010320967741935213
LOC100128311,0.013058870967741823
PGLYRP1,-0.016293306451612623
STARD6,0.0013855645161292122
LOC100506016,-0.022393225806451176
ZNF731P,-0.028605967741935055
LOC729994,0.00016959677419370323
GAREM2,0.06160080645161341
CRYAA,-0.20245338709677416
MED15,0.05893241935483909
LOC400568,0.04137056451612897
TM4SF4,0.029121290322580946
LOC105373434,-0.036869516129032
GSX1,-0.011648709677418633
GLTPD2,-0.012754999999999869
LOC105376360,-0.036148629032257684
OSGIN1,-0.007916532258064445
F12,0.000613951612903605
FOLR3,0.06579927419354858
NDUFA4L2,-0.006797499999999935
ADCK1,-0.00411290322580632
CELA3B,-0.030040403225806176
FAM184B,-0.011324435483870505
PSORS1C2,0.002884112903226304
TUBB2B///TUBB2A,0.009490080645161814
KIR2DL5A,-0.07924209677419282
NEURL2,-0.015222661290322424
ZNF541,0.01281596774193606
KIAA1549///BRAF,0.05437120967741957
TMEM225,0.012339677419354917
PMFBP1,-0.061364193548387035
LOC101927668,0.008673145161290396
GMPSP1,-0.02231814516129002
LOC100133862,-0.010268225806451158
C9orf50,0.04098322580645187
PHKG1,0.022248548387097045
GMNC,-0.0023231451612900625
LYZL6,-0.018065000000000105
LOC101929719,0.005382338709677921
AKR7A3,0.0062612903225807625
HSD17B2,0.026507741935483917
LOC100132661,-0.002076209677419289
FXYD7,-0.010989032258064427
KRTAP2-2,-0.022396048387096502
POU4F3,-0.021133870967741372
LOC171391,-0.15171983870967715
LOC400099,0.053775967741935854
DGKQ,-0.0028302419354834414
HPDL,-0.022470483870967724
HPSE2,-0.006198306451612623
LOC100131144,0.027775564516129326
TCL1A,0.0068112903225809995
OR52D1,0.03811580645161341
LOC100131262,0.042490241935484334
LOC100131058///TMEM198B,-0.03997741935483836
ZFP3,-0.00398637096774177
ITPRIPL1,0.0036162096774194135
OR51M1,0.04221903225806487
KIR2DS5,0.0014991129032261295
RPL3L,-0.007868870967741626
ABCB8,0.027358387096774413
IGSF21,0.011358387096774773
WFDC6///EPPIN,-0.05745282258064492
LOC150051,0.0065912903225810865
KRT84,-0.09455588709677402
SNORA71B,0.02220693548387117
GALK1,-0.00450217741935428
KLHL40,0.043369596774193574
FLJ13224,-0.0045378225806451695
CYP21A2,0.05638080645161324
ITPKA,0.25622806451612923
HDAC10///MAPK12,-0.09854112903225759
ACTL8,-0.03835516129032222
TARBP2,0.010759596774193853
BSN,-0.009596129032258354
PCNX3,0.04465435483870986
XPNPEP2,-0.011256370967741552
LOC285627,0.01514879032258088
MYOZ1,0.012756854838709804
MYRFL,-0.00403024193548374
CCL3,-0.01290572580645117
SYT3,0.03784975806451664
TBC1D28,-0.00771258064516089
LRRC3,-0.024149999999999505
SPATA3-AS1,0.07646620967741954
CNTD2,-0.01208419354838709
PTPRCAP,0.0311140322580647
GUCY2D,-0.033628870967742
GAL3ST3,0.0043774999999999864
LOC100134394///KRT86,0.052670403225806794
LOC101929398,-0.002653951612902903
LOC151174,0.01745145161290352
RAPSN,0.1552791129032258
ROR2,0.03268983870967763
LINC00845,-0.07434016129032235
ADGRB2,0.0034546774193548284
CEACAM19,0.04557161290322623
CHRNB1,-0.006564677419354639
PCOLCE-AS1,-0.031485564516128835
CYP4F22,0.025946693548387387
SLC35F1,-0.027304919354838378
LTB4R2///LTB4R,0.008430645161290384
ZBTB12,-0.023792177419354348
TM7SF2,0.003766451612903703
SYTL1,-0.13921975806451564
PQLC1,-0.021439274193548036
AAAS,-0.009486290322580804
C17orf97,0.023048387096774633
LOC440028,0.045356451612903616
NEUROG2,0.1171441129032261
PAX2,-0.00850951612903197
SP140,0.031807822580645455
GRASPOS,0.06111741935483872
ISL1,-0.015508064516129093
SBF2-AS1,-0.019722580645160998
LOC100506271,-0.004810161290322403
NAV2-AS2,-0.03178774193548348
TCERG1L,-0.02773782258064489
ZNF213,-0.0034807258064516564
LOC284240,-0.0004102419354838332
CLN3,0.014643951612903758
LOC780529,0.026957741935483986
TBC1D10C,0.013240241935484193
MAS1L,0.00861951612903256
FLJ32742,0.014977983870967786
PRSS3,0.07665548387096763
CYB561D1,-0.004513145161290118
PLA2G4D,-0.03173072580645141
MZF1-AS1,0.030662983870968274
WDR93,-0.06432153225806396
CABP5,-0.04384943548387071
LOC642975///TMEM230,-0.07938983870967697
LOC100134768///LOC100133177///LOC100132744///LOC100132119///LOC100131975///LOC100130914///LOC100128326///LINC01347///LOC730286///LOC729660///LOC729218///LOC728728///LOC728417///LOC728105///LOC643670///GTF2IP20///LINC01000///LOC401357///LINC00999///LINC00265,-0.06806758064516119
TCF15,0.051603870967742244
OR51B5,-0.019420967741935344
LOC388692,-0.010011532258064334
CBLN3,-0.06308080645161271
VSTM2L,-0.08060338709677377
OR2C1,-0.00266572580645126
FITM1,0.033946532258064564
MRGPRX2,-0.08457524193548344
CPN1,-0.0014680645161289614
ZNF780A///ZNF780B,0.00429250000000024
TTTY7B///TTTY7,0.021575806451613028
DEFA5,-0.03117741935483851
KRT6B,-0.003051048387096772
MON1A,-0.007740403225806328
SSTR5,-0.021871048387096522
AQP10,-0.03144225806451579
TAS2R41,-0.015096451612902954
KRT32,0.0045323387096777665
DHRS7C,-0.0022623387096772753
SOST,-0.06878443548387081
RP1L1,-0.0025403225806452847
OR51I2,0.0059955645161292904
AANAT,-0.08947322580645144
SCGB3A2,-0.00463701612903201
OR10H3,0.06738274193548402
SLCO4A1,-0.005300241935483634
GPR78,0.010108629032257743
NCF1C///NCF1B///NCF1///LOC648998,-0.01678943548387067
SIRT7,-0.06754419354838688
FBN3,0.09575629032258089
TFF1,-0.011225483870967468
TAS1R2,-0.03065999999999963
FOXP4-AS1,-0.0037041129032253763
REG3G,-0.11983661290322535
KCNK7,0.07773508064516158
LOC100133985,-0.0033620161290321467
ZNF467,0.039408467741935994
LOC100130930,0.05772500000000001
USH1G,-0.13717766129032244
SLC9A3,-0.015351774193548162
PRRX2-AS1,-0.09104330645161303
LOC100128663,-0.008387661290322325
PLA2G2E,0.02618612903225859
DUS3L,-0.0545070161290321
GAPDHS,0.07286879032258078
OR10A5,0.03484088709677457
LRRC29,0.009254112903226053
WNT10B,-0.006711854838709879
TREML2,0.0968084677419358
C21orf116,-0.0030141935483869375
LOC100131864,-0.0033824193548384314
PRPH,0.013423145161290563
PCDHA6,0.009934516129032785
VSIG10L,-0.022574354838709298
MOGAT3,-0.02728854838709659
LOC728011,-0.0037214516129030033
HSPC324,-0.0105835483870968
GPRC5D,-0.0011379838709673134
LOC100130417,0.01276895161290341
CRYBA4,0.020324193548387534
HOXC5///HOXC4,0.06355540322580672
SLC22A13,0.02258290322580664
CACNG7,0.027013306451613293
HTR3C,0.031225806451613707
SPNS3,0.09758943548387113
NOBOX,-0.0050626612903220455
ZDHHC8P1,-0.011845887096773972
NOXO1,-0.009084435483870942
NOC4L,0.04937241935483884
TMEM200C,-0.14062983870967705
LINC00028,-0.22694508064516108
ANKRD16,-0.058395161290322385
BTN1A1,-0.010507499999999934
GPT,0.0040509677419358365
MROH6,-0.02797249999999952
CECR5-AS1,0.01446330645161311
ZNF497,-0.015906370967741734
LINC00892,-0.0024599193548385913
LINC01210,-0.0025982258064514846
AFAP1-AS1,-0.0007086290322577526
CFAP47,-0.02140733870967685
CYP2B7P,-0.02841201612903237
WBSCR23,0.07855637096774203
OR51I1,-0.12891604838709686
PROKR2,-0.005368306451612882
PRKCG,0.03237016129032294
FAM155B,0.0029662096774195398
KRTAP4-6,0.0016882258064521041
TEKT2,-0.003775645161290272
SOX21,-0.01115370967741926
PPP1R27,-0.0005146774193544464
IRGC,-0.016841129032257915
RHOXF1,0.03476580645161307
LOC285847,0.04913532258064506
SLC22A12,-0.029992177419354702
SRRM2-AS1,-0.007005967741935546
ANKRD34A,0.03425862903225792
LRRC52,-0.012900887096774043
IGHA2///IGH,0.0588356451612908
R3HDML,-0.08768040322580616
CCDC96,-0.04410112903225758
LOC100134620,0.005789677419355206
ZRANB2-AS1,0.05337516129032283
DTX1,-0.00419564516128996
LY6G6C,0.004940564516129436
LHFPL3,-0.004014274193548748
CXADRP1,-0.007986451612902746
ELANE,-0.027759354838709383
PRSS22,0.03230750000000018
EPHX1,0.0410356451612902
HAND2,-0.002625161290322827
KCNK16,-0.09081298387096752
TAAR3,-0.007886209677419202
CCDC116,-0.0008414516129031531
G6PC2,-0.1033510483870965
XAGE-4,0.058188064516129304
ZNF835,-0.028138145161290422
LOC100130268,-0.007234354838709545
PGLYRP2,0.04234959677419343
TSGA10IP,0.046846612903225955
STH,0.005573467741935449
LINC01398,0.008772419354838992
FATE1,-0.00491032258064489
SYPL2,-0.07132282258064507
NUTM2B///NUTM2D///NUTM2A///FAM22C///NUTM2E,-0.006181935483870849
OR2B2,-0.009077016129032169
FAM205A,0.0056738709677422025
KRT33A,-0.12027419354838693
TULP1,0.06328282258064544
ATP6V1G2,0.03988846774193562
OR7C2,0.02201419354838742
RNF215,-0.015470806451612805
OR7A17,0.004588548387096717
LINC01566,0.030617822580645417
NSUN5P2///NSUN5P1,-0.023371935483870506
OPN1SW,-0.011155967741935268
NKX1-1,-0.17178822580645134
LTK,-0.11306217741935465
FAM83E,-0.015674758064516
OTX1,-0.02031887096774153
DXS542,0.009709596774193585
LINC01348,-0.002733387096773986
KRTCAP3,0.005455403225806743
LINC00847,0.005994435483871422
KREMEN2,-0.010116854838709636
CBY3,0.0013850806451614975
GS1-259H13.2,0.019675564516129118
C6,0.00462870967741967
UBL7,-0.007644274193548449
FAM132A,-0.005047338709677206
LINC01141,-0.044770806451612535
ANO9,0.05734637096774205
MOS,0.013844919354839447
RRP7BP///POLDIP3///RRP7A,0.0024317741935490455
TPRN,0.006414758064516208
SLC27A5,0.004544435483871134
GLI4,0.010150000000000036
LOC101929464,0.19394733870967745
LINC00857,-0.0296386290322577
FLJ32154,0.11293354838709685
CLDN17,-0.0036277419354834913
PRR36,0.03655000000000039
LOC84214,-0.008796774193548405
PIAS4,-0.044237016129032164
RP9P,0.0006204032258067642
LINC01352,-0.0843646774193549
LOC100131498,0.060837903225806914
NXF2B///LOC650686///NXF2,-0.0363215322580645
B9D2,7.354838709708756e-05
KLHL17,-0.013828225806451296
LOC101928475,-0.006127419354838588
LOC100130905,-0.003424435483870603
LOC100133482///LOC100132784///LOC100132357,-0.03364435483870987
ADAMTSL2,0.037971129032258404
SPEF1,0.028060080645161557
C8G,0.158887177419355
TFF3,0.00859693548387121
PM20D1,0.020419354838709936
CRABP1,-0.0890803225806449
ATP4A,-0.008880887096773692
SLC25A48,-0.006351451612902927
UGT1A1,0.07563040322580661
HES5,-0.0008853225806448282
ALX4,0.021551129032258226
CPZ,0.03192741935483903
CARMIL2,-0.050552096774193415
SLX1A///SULT1A4///SLX1B///SULT1A3,0.008512741935483941
LOC100507443,-0.13409024193548374
MAGEC1,-0.007714354838709483
LOC101929268,0.024075967741935433
NAT8B,0.013210564516129241
TTYH1,-0.044099112903225046
LOC100133474,-0.008942016129032178
ZNF252P-AS1,-0.013321290322580417
OCEL1,0.008707177419354976
LDHAL6A,0.017928951612903584
RNF183,0.0268887096774196
ITIH6,0.018668709677419737
TAS2R1,0.030034516129032397
LYPD5,0.010465645161290706
LOC100133484///HLA-DRB6///HLA-DRB4,0.021340080645161456
LOC100132304///LINC00684,-0.009220564516129027
LOC729986,0.002760725806452131
LOC100133177///LOC100131975///LOC100130914///LINC01347///LOC729660///LOC729218///LOC728417///LOC728105///LOC643670///GTF2IP20///LINC01000///LINC00999///LINC00265,-0.019353306451612377
DNAJC5G,0.03608338709677449
LOC100130999///FAM81A,-0.03189758064516107
LOC100131177,0.013315241935484053
PLBD2,0.03996596774193564
GML,0.02672209677419397
OR8B2,-0.004921129032257703
MT1HL1,0.2488573387096781
EWSAT1,-0.03604645161290286
NMRK2,0.05670838709677462
ZNF815P,-0.02443814516129014
TMC2,-0.06481749999999953
LBX2-AS1,-0.012234677419354821
KRT35,-0.06325540322580625
ZNF488,-0.004705161290322294
NUDT14///JAG2,-0.0051637903225802235
KLHL32,0.011073629032258387
TREML5P,0.019603064516129125
AIFM3///LZTR1,0.01632991935483899
VPREB3,-0.01772419354838682
C16orf59,-0.008434516129032033
GPR31,-0.09053903225806444
LOC100131683,-0.023402016129031887
LSMEM2,0.017777661290322867
SMIM10,-0.03166516129032238
KRTAP13-1,-0.05178846774193504
LOC101929180,0.023804596774193703
HLA-DQB2,-0.041188951612903
LINC01243,-0.008361854838709354
RASGEF1C,0.028836290322580765
DBH,0.017615564516129334
STK11IP,0.016499919354838688
PBX4,-0.06407467741935471
MPND,0.01529580645161301
ACE,-0.012293064516128688
SDSL,-0.004110080645160896
GGN,-0.021632016129032094
UPK1A,0.022214919354838894
TRIM47,0.0021162096774193914
CALCB///CALCA,-0.0022267741935481176
NKAIN1,-0.006298790322580795
REEP2,-0.01588967741935427
CCDC187,-0.00628870967741898
PRR7,0.01033870967741931
SLC22A25,-0.0018861290322577107
MUC2,-0.009931693548386689
PARD3-AS1,-0.037986209677419155
NTSR1,-0.052342419354838327
LOC100130885,0.02654129032258097
CHRM2,-0.010093306451612365
LOC100133885,0.005553225806451271
CACNA2D2,-0.0069610483870964045
DNASE1L2,0.022596935483871164
DNLZ,0.07179096774193569
CMTM5,-0.03843782258064509
RXFP3,0.011469516129032629
GP9,-0.024061290322580524
WNT7A,-0.014016693548387162
HOXA11-AS,0.006625645161290553
LINC01126,0.0246675806451611
KCNS1,0.043362338709677546
SYCN,-0.00895879032258029
LOC101929872,-0.0007308064516122321
AGAP2-AS1,-0.00031072580645151926
C9orf33,0.004831370967742223
SERPINF2,-0.02123669354838656
TRPV4,0.004633387096774205
FNDC11,0.004574112903226053
OPTC,-0.023893387096774396
AIRE,0.005504274193548717
LOC100506100,-0.07634467741935448
LOC100133513///C20orf166-AS1,-0.1164680645161286
CDK5R2,0.016832741935484195
LOC100130078,-0.00597967741935448
G6PC3,-0.002208548387096297
STPG3,-0.0051975806451613135
FAM181A,-0.0697604032258061
FKSG29,-0.0033913709677423458
GRIN3B,0.011463225806451973
NRROS,0.03852266129032261
MYOG,-0.019494032258064353
CNDP1,-0.02341443548387051
LINC00605,-0.02924838709677366
ZSCAN10,-0.04942370967741935
UNC5CL,-0.0062452419354837915
CTF1,-0.1104769354838705
MFSD3,0.002588548387097097
C10orf95,-0.0940824193548385
LOC100133843///FBLN1,-0.06311145161290295
CRABP2,-0.0026236290322576403
LOC100129500,0.030975725806451717
PSKH1,0.009373548387096949
IGSF11,-0.007503548387096465
PLPP2,0.004907661290322782
CHRM4,-0.15760846774193507
LAGE3P1,-0.04610911290322556
CHRNG,-0.01614911290322539
USP54,-0.05762556451612904
ZACN,0.02779612903225836
QRICH2,0.02034338709677444
CPT1C,0.00019782258064516178
GPR61,-0.010380645161290081
FLJ12616,-0.0024841935483869153
LOC653160,-0.018885887096774127
LOC105370888,-0.009481451612903308
BHLHA15,0.0005851612903225905
PRSS16,-0.019345725806451216
LOC100129803,-0.003516774193548162
LOC100287877,-0.002120080645161213
LOC105373383,-0.001921451612903189
ETNK2,-0.0761180645161289
CNOT10,0.016778387096774375
CCDC74B,0.05928596774193577
LMO1,-0.06601717741935488
ELFN1,-0.020680483870967596
LINC01300,0.00633596774193561
LOC728868,0.025707903225806884
LOC101927159,0.0021505645161294276
DYNLL2,-0.009809999999999777
LINC00319,-0.0036375806451610076
LOC101927362,0.08107153225806513
C1orf106,0.009529354838709921
LOC219690,-0.0024799999999998157
LOC100506302,-0.013460161290322448
FOXD4L1///FOXD4,0.02843435483870995
FLJ16779,-0.004760564516128595
DUX1,0.1271686290322583
LOC100505622,-0.023952822580644795
BICDL2,-0.003946370967741721
TUBB4A,0.015456854838709778
SLC30A3,0.03134701612903252
CEP83-AS1,-0.03843499999999957
GLYCTK-AS1,0.05578048387096795
SULT1A1,-0.03115758064516102
LOC101928718,-0.0611416935483869
CLCNKA,-0.05388225806451583
YTHDF3-AS1,0.03814822580645173
LOC101928565,-0.026591693548386808
MSLN,-0.04148225806451598
OR8D1,0.00728193548387112
LOC645722,0.009339596774193729
HCRT,-0.005628225806451463
BATF3,-0.08104379032258054
DRD4,-0.12077516129032217
CXCR1,0.0025191935483873653
RHCG,0.026487822580645227
TAC3,-0.04845411290322559
LOC100132625,0.016627983870967922
TFF2,-0.08572362903225807
GSC,-0.005902096774193121
PRDM7,-0.004740887096773663
PRSS36,0.05950935483871006
OR7A10///OR7A17,-0.0817132258064515
LOC729143///MPRIP,-0.005770645161289925
CRMP1,-0.005591048387096817
MUC8,0.05726467741935526
CYP8B1,0.005878225806452297
HNRNPUL2-BSCL2///HNRNPUL2,-0.0352013709677419
TMEM242,-0.09233532258064492
DACT3,0.030659516129032297
SEPT7-AS1,0.02382572580645196
STAC3,-0.0049798387096772825
ARL5C,0.010788629032258402
C17orf82,0.022909354838709886
C2orf57,-0.03868362903225763
ASIC3,0.002501370967742278
LOC100132802///KRTAP3-1,0.00396612903225844
ADRA2B,-0.00994435483870953
RENBP,-0.07308854838709664
LOC100130262,6.701612903240359e-05
RAB36,1.0645161290421656e-05
ODF1,-0.011784677419354732
LIPE,0.02486967741935506
GPAT2,-0.002834032258064393
LOC619427,0.03660572580645198
FBXW4P1,-0.0038084677419352063
LOC100240734,-0.018906854838709727
OR6A2,-0.0009745967741933144
KISS1R,-0.0020409677419350875
PNOC,0.020273870967742018
LINC00174,0.0005683870967741862
OR2H4P,-0.01557951612903193
SSTR4,-0.04243701612903215
CALB2,0.08384153225806454
LOC100129034,-0.0062907258064511485
VLDLR-AS1,0.034986048387096846
LOC101927884,-0.0032366935483865433
LOC100129503,0.02433096774193569
SLC6A18,-0.001999596774193535
LGALS7B///LGALS7,0.01580814516129042
CLUHP3,0.031007822580645373
RBPJL,-0.002364274193548437
MUC5B,0.003204354838709853
NEUROG3,0.0068957258064517085
OPN4,-0.012818306451612844
LOC100132971,0.061846935483871046
GALR2,0.01172620967741997
MED24,0.02598201612903266
ABHD16B,0.03280225806451614
LOC283887,0.012216370967742514
LOC100288310,-0.0035108064516127116
APOA1,-0.0033863709677416846
GEMIN4,0.0502270967741937
CD37,-0.004334274193548523
TMEM38A,-0.047764677419354584
KRTAP5-8,0.009036451612903357
FAM71D,0.014569354838709934
BEST2,-0.11690911290322567
IL4I1,-0.002512983870967659
LY6G5C,0.0379007258064519
MAPK12,-0.0020685483870966884
ONECUT3,-0.013853790322580493
NRARP,0.006722903225806769
FSD2,-0.012552016129031975
LOC541473,-0.0033888709677419053
KRTAP11-1,-0.011283790322580247
OXT,0.0005206451612904061
SLC22A31,0.028671129032258026
OR14J1,-0.0072048387096769195
NPBWR1,-0.012386451612903072
BEGAIN,0.023831290322580898
LOC100996671,0.023778064516129037
GRB7,-0.08767919354838673
H2BFM,-0.03199596774193546
OR7E19P,-0.003435564516128721
ZDHHC12,0.011256209677419686
CHRNB4,0.1631504032258066
PAXBP1-AS1,-0.01715000000000022
NUTM2G///NUTM2F,0.10443177419354868
PCAT6///MGAT4EP,0.025033467741935937
KRT13,0.01887895161290319
CLEC4F,-0.004679677419354856
NUDT4,-0.03255830645161277
AGRP,0.010211129032258461
MARCH10,-0.08415637096774223
KRT75,0.010556048387097257
OR7E47P,-0.003979354838709559
TMEM145,0.0908848387096776
B3GNT8,0.005625967741935538
LINC01023,0.001598709677419683
GPR171,0.0047981451612906355
GS1-124K5.4,0.03442282258064555
BTNL2,0.0030969354838710863
PRR19,-0.08427814516129013
LOC100996549,0.0021639516129034345
TMCO2,-0.0003308870967739996
HAGLROS,-0.008901774193548352
HIST1H2BO,0.027825564516129102
AMH,0.02351096774193557
PRG2,-0.0005301612903222661
RELT,0.048899112903225794
SLC8A2,-0.071537258064516
OPN1MW2///OPN1MW,-0.012244112903225253
POLM,0.022505322580645366
LINC01144,0.20606919354838715
NPHS2,-0.0026028225806451885
TREML1,-0.004307499999999711
LOC101927606,-0.024072661290322213
OR2H1///OR2H2,-0.019526532258063826
PICSAR,-0.0028065322580642428
ZBTB32,-0.05576161290322567
LOC643085,-0.023240887096773834
TMEM52,-0.0012473387096768609
INAFM1,0.0021592741935484586
ODF3L2,-0.012688951612902722
CRNN,-0.06084637096774189
HPN,0.013894838709677521
LINC00165,-0.01518387096774182
KRT83,0.00913854838709729
PSORS1C1,-0.0389331451612903
CCL15,-0.002461854838709564
LOC101928668,-0.18064959677419318
CRYBB1,-0.010977177419354738
LOC283683,0.005670645161290604
OXER1,0.04760750000000034
LOC101928617,0.0037841935483872964
PRR35,0.005324677419355029
LOC105369595,0.026431935483871002
ZNF282,0.03569620967741972
HGFAC,0.014780887096774747
TMEM102,-0.019992096774193106
OR10H2,-0.0192815322580642
LOC101928291,0.023389677419354826
POM121L12,0.07715830645161315
PSD,0.024066048387097094
AP4M1,-0.09178024193548368
TEX29,-0.03566112903225802
GPATCH3,-0.004498870967741933
PSPN,-0.006828709677419456
HCST,0.026069758064516547
KIF25,-0.008523467741935391
POMK,-0.003088145161289918
LOC105372761,0.016769112903225972
C19orf73,0.03516096774193567
SAMD1,-0.20717129032258033
RNF151,-0.0002644354838709038
LOC284939,-0.0026862903225803214
SERTAD4-AS1,-0.17211491935483844
SH3BP1,0.020144354838710004
CSF2RA,-0.03145580645161292
RTN4RL2,0.019748064516128924
LOC728683///PTGER4P2-CDK2AP2P2,-0.0026421774193549023
TBKBP1,0.04732427419354858
SOX14,-0.08054870967741912
EDARADD,5.0564516129165786e-05
UBL4B,-0.04719758064516097
SLURP1,-0.001351209677419226
IFI27L1,0.046633709677419574
IGFLR1,0.008495483870967931
AVP,-0.0012269354838707245
SLC18A3,-0.022813387096773947
HS3ST6,-0.018564193548386985
PCBP4,0.01930193548387099
SHD,-0.0037615322580645816
HOXD-AS2,-0.008345241935483813
MRVI1-AS1,0.002664758064516234
LINC00315,0.019106612903226357
NEU2,-0.009567822580644843
SLC5A8,-0.050935483870967434
PALM,0.04798362903225853
COX6A2,0.01499669354838697
FBLL1,0.043900080645161585
CCDC163,-0.004895806451612747
LHX1,-0.005401290322580301
RPL10L,-0.01527209677419334
SSPO,-0.05620975806451554
IGFL1,0.004263145161290704
OR3A3///OR1E2///OR1E1,-0.03110951612903196
MYLK2,-0.002224758064515655
PICK1,-0.054983548387096765
MRGPRF-AS1,0.008623548387096922
ASPDH,-0.008458064516128717
ABCG8,0.010341370967741943
LRRC4B,-0.00021096774193525743
CCDC103,0.005809596774193671
ZNF574,-0.0036211290322577857
KRTAP4-8///KRTAP4-11,-0.039730645161289976
LOC100132388,-0.0015170161290322687
UFSP1,-0.012107903225806398
TPSAB1,-0.0026409677419352547
AP1M2,-0.027815403225806383
KIF17,-0.009472499999999773
LOC105370697,-0.03335862903225812
SNORA78,-0.0781316935483866
UBBP2,-0.004691290322580213
TMEM190,-0.024262338709677318
LOC100132767,0.009709677419354933
PLCB3,0.0018442741935485764
TMEM191A,-0.016517741935483846
HAAO,-0.020208387096774107
LOC100131455///FLJ42351,-0.007201048387096653
FSCN2,-0.013710000000000033
KRTAP5-3///KRTAP5-8,-0.0021687903225804817
MAD1L1,0.01883177419354849
C6orf226,-0.0020831451612904634
LOC100133492///LINC00893///IDS,0.0024510483870969846
NKX2-5,-0.014129274193548246
ZNF683,0.013757983870968315
KRTAP10-12,0.014733790322581083
SEBOX,-0.01800733870967723
LOC100128074,-0.023650322580644895
ORAI1,0.02311185483870977
RCOR2,0.0308966129032262
CNNM1,-0.05258048387096725
LOC100130850///LOC729704///KRT17P5///KRT42P,-0.013119919354838486
CPNE7,-0.13178629032258052
LOC100134287,-0.0019586290322584857
GPR32,0.01624677419354841
IGKV1OR2-118,-0.12842379032258078
TRBV4-2///TRBV4-3,-0.014767016129032013
ANO7,-0.03316629032258068
BARX1,0.04821024193548397
HBQ1,0.008136290322581095
ALDH3B2///ALDH3B1,-0.013880887096773861
DOK7,0.020711451612903352
LOC100134535,-0.00296475806451584
TREX2,-0.03239314516128996
IL32,0.0007508870967741422
IRX1,0.001855000000000091
PRR32,-0.1097621774193547
LOC644794,-0.0010893548387099594
FBXL22,-0.0024846774193546415
ADAP1,0.010392822580645425
SOX18,0.010521854838709982
SRL,-0.11155846774193533
WNT1,-0.005419516129031957
PYY2,0.05048645161290372
LOC643313,0.005052903225806725
FOXD2-AS1,0.0031499193548386356
FOXB1,0.01185814516129035
RHBDL1,-0.0005908064516128861
IL27,-0.16844758064516083
KCNG2,-0.03364822580645146
FAM86DP///FAM86FP///FAM86B1///FAM86C1,-0.03640048387096737
NKX6-2,0.012436693548387072
ADRA1B,-0.13515887096774162
ENHO,0.06198395161290362
AVPR2,-0.016778870967742016
SLC45A1,-0.0014291935483869687
WDR97,-0.03472266129032253
LTC4S,0.005575967741935543
JARID2-AS1,-0.006962338709676989
IGFALS,0.0018554838709681383
ASIP,-0.009582096774193348
LGI3,-0.0053429838709675445
HPX,0.13068733870967733
GALR3,0.0008703225806455123
PSG2,0.008081370967742026
NPPC,-0.008120887096773867
NAPSA,0.04475975806451605
SOX30P1,-0.002891693548386861
PCDHGC5///PCDHGA12,0.01226435483870975
SLC25A47,0.022997258064516544
PRDM12,-0.0021745967741930877
KLF17,-0.014084516129031832
PRTN3,0.017027258064516437
LOC646626,-0.025711129032257928
HIST2H3PS2///HIST1H2BN///HIST1H2BL,-0.0038904032258059535
RPS27A,-0.010454354838709025
POU3F4,-0.0794504032258066
DUOXA2,-0.04823153225806429
NPFFR1,-0.0037230645161288978
EHMT1-IT1,-0.0017624193548383058
TRBC2,0.01304790322580659
GSX2,0.014126854838709804
OR7E156P,0.0026807258064515758
MMP23B,0.005401532258064635
CYP2F1,0.008162741935484167
NPIPB4///SLC7A5P2///SLC7A5P1///SLC7A5,0.002905161290322665
LOC648218///LOC644669///ANKRD30BL///ANKRD30BP2,0.01754887096774216
UTS2R,0.01244145161290342
GPR27,-0.01369024193548345
GRM4,0.007996532258064619
