gene,effect
HNRNPM,0.17394890231622484
CMBL,0.22527276938570984
ZFYVE16,0.1632130513595273
SDS,0.23371801611280063
SEC22C,-0.005383836857994498
TMEM17,-0.09575432024167982
HILPDA,0.284733826787522
LMAN2,-0.0673963746223451
MBTD1,0.3096047532729185
PRR11,0.2550382376636559
C5orf24,0.07454514602216547
UBALD1,0.04746385699900346
AP4S1,-0.004080553877130577
LOC387930///RPL13AP7///RPL13A,0.2658456294058471
LOC100506844,0.02415729103726938
EIF3K,0.20328025176234626
RPL18,-0.07993403826786971
FLJ23865,0.7718573816717071
MAGIX,0.20440495468278924
MYO3B,0.33226284994965627
TMC6,0.17619435045317966
ERVV-1,-0.2861617724068398
LNPK,0.18468918429003844
MTHFR,0.31228054380665315
LINC01426,0.00010174219537700813
SH2D3C,0.09374882175227411
DRAXIN,0.13898445115811353
SLC35E1,-0.009646032225570367
LINC00483,0.1359095468278032
PRB2///PRB1,-0.7828091339375522
PPM1H,0.1106903826787615
ZNF160,0.1977022155085688
LINC00638,0.026037935548852198
RPL34,0.38800440080564447
USP28,0.13612005035246688
SSMEM1,-0.09219753272909348
DCN,1.0723929204431029
TPT1P4///TPT1,0.8478629707955725
LOC101928303,0.07523108761330138
LOC100130654,0.21106292044310992
KLHL24,0.033412849949657236
HAUS2,-0.011415427995962485
ITGAL,0.2691946525679826
FLJ12151,0.13540309164149894
FLVCR2,0.19985718026184018
OCIAD1,0.042529395770401324
FLJ14311,0.11334856998993714
FAM63A,0.024099456193361846
RPS13,0.41114912386707236
HSH2D,-0.1562802819738069
ZNF721,0.10873037260826696
CRYZL1,0.10409976837865675
ITGB5,-0.12231966767370844
RPS10,0.33397562940584447
SSTR2,0.035225911379667046
ENO1,0.4384874018126905
RPL10P15///RPL10P8///RPL10P6///RPL10P16///RPL10,0.03746983887210931
RBSN///COX2,1.5291615105740228
DMKN,-0.3630440382678696
TMEM63A,0.01663775427996858
WWP2,0.1131482275931559
KBTBD6,0.058661560926491774
CHST5,0.11219079556899003
APOBEC3C,0.1746833534743275
NUMBL,0.06806439073515264
RPL39,0.28521282980866447
LOC654780,-0.1587105740181179
TPT1,0.7635363242698929
RPS4XP11///RPS4X,0.848879335347434
LOC100131541,-0.03885632426987991
EEF1D,-0.14113829808660128
ARHGAP44,-0.09264029204430077
RAB42,0.08240394763344111
MT2A,0.45559207452165507
UBE2I,0.3067440483383761
PTMA,0.44991815709970484
LOC100133315///ATP13A5///C10orf54///ATP6,1.6271820443101779
LOC647070,-0.8284937965760257
ZNF713,0.4092527693857051
RPL37A///PLK1,0.7532892849949673
RPL31,0.04093222557905718
SPARC,0.7471027391742191
CLU,0.33008827794562157
PIF1,0.1624989325277023
ARHGAP29,0.10865685800604957
CNOT3,-0.43397469284994195
LOC440552///COX3,1.782207542799602
CDK13,0.04766793554884974
ATP5G2,0.19492229607251144
ANAPC16,0.057515911379665385
RABGAP1,0.1445567975830887
EMP1,0.27084334340383376
ZNF808,0.026293907351467194
TSR1,0.1656617019134018
GLTSCR2,0.15245210473313597
EEF1G,0.2707934138972843
TMEM67,0.03252248741189173
LOC101929165,0.07436827794562517
RPL10AP6///RPL10A,0.29242510574018676
ZBED4,-0.09410503524672034
EXOC3L2,-0.09556897280965888
RPL32,0.6069459013091676
RPL37,0.4486509264854017
TRIP11,0.05744683786506391
BGN,-0.13131249748237384
RPL6P27///RPL6,0.9344528197381701
RPS27AP16///CEP97///UBC///UBB///RPS27A,0.25368224572004605
HNRNPA3,0.5825550251762399
MGP,1.2339988217522677
RACK1,0.5997114702920505
RPL23P6///RPL23,0.31176967774421493
MT1X,0.444042890231626
UBR4,0.06284289023162881
THEM4,0.05058956696878991
RPS2,0.16866381671702313
C6orf89,-0.10231209466262964
METTL7A,0.037693544813703656
LAMP1,0.17946337361530973
SH3KBP1///ND3,1.1017148539778507
RPL37A,0.9806755387714023
RFC2,0.13476624370594714
SYNRG,0.20070622356496104
PDE4C,0.01017277945620107
LINC01234,-0.06888193353473432
EMC1,0.12869365558913137
COX1,1.43588709969789
EEF2,-0.0778040584088584
RPS23,0.622387351460228
RNH1,0.31170105740181464
PCDHGA8,0.15365742195368226
LOC100132535///CERCAM,0.3013813393756354
ACAN,0.2549794360523714
RPL12,0.6214993051359565
RPS27,0.7159084894259871
FGFBP2,0.533786092648544
NSUN4,-0.06320735146021506
COMP,0.8551415206445159
NNMT,1.031852185297082
RPL23AP42///RPL23A,0.9428386606243742
DUSP19,-0.015275971802610672
MED13L,-0.0930343806646431
FBXW12,0.045141953675737034
GTF2H3,0.07578619335348238
RPS4X,0.6170656797583132
HNRNPM///COL2A1,0.4959269587109767
PDLIM7,0.18087956696878682
CILP,0.7236266968781471
LINC00937,0.1516962839879208
VEGFA,0.10966670694864278
PNO1,0.18229801611279672
ARSK,-0.0002448841893201159
RPL7A,0.2746459415911413
CENPBD1,-0.10452256797582368
UACA,-0.06427896273916589
SDCBPP2,0.09855836858006639
ARNT,-0.04746128902315455
ZBTB7A,0.35014516616314517
RRP12,0.021713595166170274
COLCA1,0.06197013091642374
OPHN1,0.11560855991944285
SLF2,0.059310795568989605
SPATS2L,0.24212650553877724
ZC3H7B,0.3194407049345467
LOC100133131,-0.03879094662637707
PIGT,0.05421876132931047
RPL36,0.3178680161127929
LOC101928902,-0.17934755287008175
CAPZB,0.516749446122861
ACTG1,0.6659191540785512
ATP6V0E1,0.14851329305136152
FAU,0.379753242698897
USP34,0.04039162134945348
DIP2A,0.18101689828802384
CD6,-0.12359864048337513
TMEM156,0.08078181268882859
NOTCH2NL,0.08493488418933048
RPS20,0.7995382678751313
MRI1,0.09756739174220119
PRKDC,-0.2501777442094583
VCX2,-0.10708798590130114
RAB11B,-0.9466696475327205
MDN1,-0.08677555891237843
ZNF391///RPL35A,0.6368279355488422
TMEM241,0.0053955689828878994
RPL11,0.49985732124874604
LOC100509814,-0.1942503625377563
CD81,0.3666306747230621
CALR,0.41861797583081883
HTRA1,0.7027061127895287
FAM45A,-0.15535377643503645
RNF187,0.33324897280967336
RPS16,0.5170314702920473
LOC100132620///LOC100132540///NPIPB5///LOC729978///NPIPA2///LOC613037///NPIPB3///NPIPA1,0.36751320241692165
NOMO3///NOMO2///NOMO1,0.2329603524672721
RPL9,0.5903882275931572
ATP8B1,0.10364284994965334
HTRA4,-0.08048487411882525
PAPSS2,0.4476549546827795
NR3C1,0.6548732729103746
RPL5,0.32716420946626945
GSK3A,-0.2516323363544752
TAPT1-AS1,-0.14045696878146563
PSAP,0.318999909365562
FMOD,0.6755335750251779
FXYD6,0.23245138972809887
EIF3L,0.2499869889224593
RGPD6///RGPD8///RGPD5,-0.002681087613285879
FN1,1.264811289023165
FGFR1,0.013934300100711339
MYL6B///MYL6,0.6959437965760338
LOC100130553///RPS18,0.5199205438066509
COL3A1,0.821482799597183
MEGF8,-0.16436929506545098
LUM,1.1881216817724072
MALAT1,0.505724229607258
PPIA,0.5079262235649602
C4orf46///TOMM7,0.4759892245720079
OGFOD2///ARL6IP4,0.11716274924471448
FRMD4B,-0.217743383685794
MMP14,0.002474994964759336
LOC51145,0.0866933736153151
TCTN1,-0.2831488418932445
RBPJ,-0.0009802114803549034
TNXB///ATF6B,-0.06623532729103125
SPATA5L1,-0.019313182275924476
LOC255177,-0.12954237663644824
EEF1A1,0.6896330010070548
COL11A1,0.1699568378650591
CCDC152,0.10074914400806212
FAM162A,0.35485085599194766
RPL27,0.45980286002014537
OGN,0.6581129707955684
PTK6,-0.03209992950654017
FAM129B,-0.27640311178247295
HNRNPA1,0.4031355186304173
DLGAP4,-0.032272124874111886
ADGRV1,0.1398772205438131
RPS11,0.7911169284994999
TIMP3,0.6768102114803642
RPL7,0.17266733131924122
ABI3BP,1.0253443705941594
H19,0.17326888217522285
TGOLN2,0.05170816717019883
RHOB,-0.1760197482376596
CTSB,0.13111577039275313
PPP1R3C,0.4821532527693905
RPL21P16///RPL21P119///RPL21,0.3933762336354565
RPL22,0.16390548841893893
TMEM184A,-0.25360330312184565
SERPINE1,0.05683347432024738
CEP97///UBC///UBB///RPS27A,0.3423667371601262
ZKSCAN1,0.019697009063450677
RPL19,0.48912982880161526
RPS15A,1.0592161430010107
DDR1-AS1,-0.1420588620342329
RPS6,0.6957603726082663
RPS24,0.6671930614300153
MXRA7,0.327922517623366
PSMD4,0.02152388721047549
RPLP1,0.7244021651560963
LOC100289058,-0.082720936555885
EPN1,-0.6571290332326194
SETDB2,-0.1925534340382603
LOC100133315,1.2395752064451198
OAZ1,0.8856311782477366
C2orf40,0.8503736757301112
MT1E,0.9448346827794578
NDUFB4,0.7041808157099709
RPS28,0.4972006847935575
LOC100130394///TMA7,0.5720288418932531
HNRNPH1,0.8991240886203433
PAX1,0.17886891238670866
TRPM3,0.13875841893253377
CEBPD,0.5913796072507573
RPL41,0.36734661631420595
GTF2IP7,-0.07668581067471539
RPL30,0.6917829808660674
RPS7,0.6735160020141027
NACA2///NACAP1///NACA,0.38882862034240173
RPL15,0.35695296072508054
FTH1P20///LOC642567///FTH1P16///FTH1P3///FTH1,0.651982708962741
AEBP1,0.7454032124874121
SLC36A2///RPL24,0.8779284189325296
CPE,0.18579974823766454
RPS8,0.5378336253776463
ISLR,0.3414540785498512
PRO2964,-0.3440801208459136
KIAA1328,-0.05225287009062704
CYB5R3,0.17640589123867123
NAPB,-0.08469920443100946
PABPC4,0.5052219033232639
NFIC,0.3247988821752279
TUBA1B,0.6368334038267893
ALMS1,0.15680430010071122
DDX59,-0.07114615307149448
C2orf15,-0.07951902316212822
CFL1,0.3806312890231638
R3HDM4,0.302375971802626
HMGN2,0.5981583585095712
RPS3A,0.4693343101712051
TBX6,-0.24459359516616108
WDR4,-0.051402386706942124
BEX3,0.2357472809667689
MORF4L1,0.6262530513595199
C9orf66,-0.583907583081561
ITM2B,0.6710050956696905
RPL13,0.6751467774420974
APP,-0.22788244712990463
NME1-NME2///NME2///NME1,0.19526372608258435
JUND,0.22530522658610241
XBP1,0.6609334843907375
TMEM150B,0.1420326183283036
RPL27A,0.6565633534743242
CDS2,0.19091923464250374
ZNF611,-0.06488930513594507
CRYBB2P1,-0.3741563947633342
PXDN,0.5065110976837901
RPS17,0.7332966968781516
UNC5B///DCAF6///ND4,1.2843141087613348
MUC3B///MUC3A,0.169125166163146
NRP2,0.018230473313199526
UBA52,0.7180659818731132
NPM1,0.1816773917422015
PLOD2,0.8304015810674716
LOC101927228,-0.12314426988921773
LOC100129266,-0.28660776435044544
ND2,1.3901121651560961
SUMO2P17///SUMO2,0.97770389728097
NEAT1,0.4909030010070524
SUMO2,1.0531297079556923
UBC///UBB///RPS27A,0.8225777945619381
GDI2,0.8515952265861055
BCL6,0.6681933333333361
C1orf61,-0.255009667673709
NUCB1,0.1999341691842873
PGM1,0.49133657603222614
RAB29,0.050758469285001565
NOS3,-0.5815492749244647
FHL1,0.5581941087613318
GSTP1,0.5615601611278962
RPS25,0.5058294259818797
FLJ11996,-0.08708886203423317
SLAMF6,0.057747492447134396
GATA2,-0.04569678751258405
DARS,0.3987213393756336
GULP1,-0.009169214501505402
PTRF,0.13646715005035492
SEC14L2,-0.2200750453172159
UBC,0.6035846727089687
ANP32B,0.20966741188318955
DSTN,0.7633693554884224
LDHA,0.9992830412890257
NUCKS1,0.3356905639476398
ANGPTL2,0.3335351560926476
PRG4,0.7921984390735173
ARPC2,0.8116122054380688
CTNNB1,0.5954770996978875
GRK7,-0.34826041289022325
RPS17P5///RPS17P16///RPS17,0.8689779254783526
RPS14,0.8708050050352508
SND1,0.2537301309164166
F13A1,0.46522410876133025
LPCAT3,-0.04127610271902815
RPL14,0.7873392547834883
FTL,0.8849200906344452
SSBP1,0.3494216616314221
SEC11A,0.2243547029204479
RPS15,0.3277962739174272
DBT,0.06858123867069899
LOC730004///RPL22,0.5451051359516653
CLN8,-0.08941156092647837
CIRBP,0.35242542799597576
COX7C,0.2729341188318263
C14orf184,0.02064693856999699
CHI3L1,0.5338191742195391
RPL10,0.8170933836858038
EIF4A2,0.4289953877140009
RPS21,0.6863493756294108
RPS29,0.7014769587109801
TAP1,0.4833116213494537
EIF3E,0.2341586505538828
LTBP2,0.8758433836858011
WIPI2,-0.29183183282980296
RPS3AP5///RPS3A,0.37325163141994777
SRP14,0.3207369889224607
PLXND1,0.008809788519643369
SAT1,0.7081856696878189
CALM3///CALM2///CALM1,0.9410006847935573
LOC653881///RPL3,0.5204675025176276
EIF1,0.7846406445115852
FSTL1,0.8511810976837901
LINC00474,-0.3067626586102668
ATF4,0.15124093655589632
KRBA2,-0.05219225579052645
ZBTB4,0.1331357200402854
TMEFF2,1.4450050151057419
GOLGA4,0.032225991943610144
HLA-C,0.11429687814703038
RPLP0,1.0175875931520684
PRELP,0.9533063041289052
RPL8,0.5511602618328331
NLN,-0.01805927492446685
S100A10,0.3727658509567007
ATP5G3,0.5602953474320274
RPS2P5///RPS2P29///RPS2P48///RPS2P21///RPS2P17///RPS2P55///LOC148430///RPS2,0.23697032225579567
FAM46A,0.459867260825784
TUBB4B,-0.05262764350452975
SNORA33///RPS12,0.8809464350453213
ZFAS1,0.27993476334340917
NUDCD2,-0.32299027190331553
COX7A2,0.6147943605236674
ADAT1,-0.035069526686802494
LAPTM4A,0.49833809667674134
FTX,-0.09690473313191814
GAPDH,0.656492044310174
H3F3AP4///H3F3B///H3F3A,0.49938596173212846
KDELR1,0.2535493655589154
TMEM151B,-0.1210883282980802
PCOLCE2,0.692271067472308
CKAP4,0.9134362537764356
RPL18AP3///RPL18A,0.6268929808660648
HNRNPA2B1,0.48487793554884606
SKP1,0.8765057200402855
MZT2B,0.07189041289023623
TTC3,0.3805333534743234
POLR1E,-0.2574817321248671
SNHG3,0.04639890231621829
DNER,0.653979355488421
SORBS2,-0.22590821752265172
STK24,0.30150237663646073
NAT16,0.1548504833836909
SERPING1,0.9985052265861036
RPS4XP17///RPS4XP7///RPS4XP6///RPS4XP13///RPS4XP16///RPS4X,0.3668215005035299
WHAMMP3,-0.2701040080563887
MORF4L2,0.6356692849949682
GABARAPL2,0.7975559415911402
RGS11,-0.09092813695870557
SOX9,0.49972929506546016
HSP90AA1,0.9411855488418959
GPX3,0.6904254682779493
GLG1,0.16276306143001518
JTB,0.5974495568982894
TTC9B,-0.0610973212487359
RPL24,0.6451585196374676
GSDMB,0.14354502517623874
TNKS2,0.27108581067472426
MTCH1,0.5769642396777473
FOXC1,0.44247303121853143
EIF3H,0.22279234642497958
MIPEPP3,-0.1691430110775371
RPS27L,0.5766668580060458
PYHIN1,0.024154904330318187
PMP22,0.876488972809672
RPL4,0.4646872306143052
ORMDL3,0.3714150755287031
HUWE1,0.45346934541792794
TNIP3,-0.05069568982879599
DST,0.3701247331319283
GADD45B,0.49262471299094
ANXA2,0.7510011480362582
LUC7L3,0.2362944410876211
LOC100133864///NOMO3///NOMO2///NOMO1,-0.028099969788514867
ZNF224,-0.05298022155085008
MAP2K2,0.11706825780463548
BTF3,-0.22482856998992334
HMGB1,0.04571004028198019
USP22,0.12031238670695338
ANKH,0.5030319033232656
VPS13D,-0.011564350453165787
HDGF,0.5117609264853995
NDRG1,0.37100980866062927
NACAP1,0.32221981873112243
FUT6,-0.15194929506545155
ARHGEF12,-0.27287744209465625
COL1A1,1.3048195166163166
SF3B5,0.5209048841893273
PTTG1IP,0.95783629405841
XPNPEP1,0.4497759013091679
LOC100508226///MAGI1-IT1///MAGI1,-0.19200762336353835
CTDNEP1,0.4578993353474349
LOC729173,-0.449839415911371
ZBTB20,0.6521566868076584
PLIN5,-0.20051983887209812
TMED10,0.17163262839879656
PRR13,0.8865293957703944
FUS,0.6577920845921454
TWSG1,0.6595426787512617
PSMF1,0.3441501611278974
RGCC,0.4852579657603242
RGPD6///RGPD8///RGPD4///RGPD5///GCC2,0.5055300402819781
CHAD,0.24289935548842
SNRPG,-0.09562502517622748
NDUFS8,-0.05731139979858546
COL1A2,1.0737104330312202
PTPRO///ND5,0.35562034239678425
MTMR9,-0.21097450151056735
RPL35,0.9884163343403861
PIGS,0.23215446122860423
SAMMSON,-0.08862038267874527
BCAT1,0.5160549949647584
CDK2AP1,0.6730588922457221
WAC,0.18754719033233092
GSPT1,0.06449564954683296
DMWD,0.15438488418932933
YWHAG,0.6506922759315237
FBXL18,-0.32855587109767626
BHLHE40,0.6729526586102734
ATP5J2,0.8064942799597172
RPS19,0.6310067774420978
MXRA5,0.7870741289023178
COL9A3,-0.28548757301107697
PFDN5,0.5074010976837915
TSPAN13,0.4360901711983929
TSC22D3,0.6139603927492482
ACTN1,0.3915574521651596
SQSTM1,0.366752396777445
CDK5RAP3,0.27382421953676095
PP12708,0.10021676737160479
RAN,0.6135250956696913
JUNB,0.36511326283988244
NUCB2,0.02710288016113266
KLF3-AS1,-0.20600658610271694
MYSM1,-0.058167583081565284
KIAA0930,-0.1693580161127829
ASPN,0.8598139274924503
TFR2,-0.17813824773413267
DPYSL2,0.556721430010076
RASEF,0.05201393756295403
CLTA,0.3002541289023182
PGAM1,0.7783751661631444
COPB1,0.6747621450151076
LOC51336,-0.0197619637462203
PAM,0.88028410876133
TUBA1A,0.6988424572004042
SRRM2,0.5557532930513621
LOC100129292,0.8926532829808689
PARK7,0.3221851863041314
TRIM65,0.00598750251762889
RPL13A,0.5168476535750302
SUMF2,0.2798137562940608
AP3S1,0.8072085800604256
ARF4,0.7437714300100726
ASPHD1,-0.09992278952668242
PTP4A1,0.4396643705941614
NFAT5,0.4347131218529723
RPS9,0.21134907351460508
LRP10///RAB13,0.35265566968782003
BLOC1S5,-0.21230216515608663
NORAD,0.4079790533736194
NFKB2,-0.2956420040281915
COL6A3,0.5479974622356516
RNF130,0.2644935850956722
RPL38,0.42285938569990167
CREB3L2,0.6521682477341415
ZFAND5,0.4858093353474363
DAZAP2,0.60430844914401
MT1G,0.9170487613293061
LOC728987,-0.18514499496474715
LOC100130542///BRK1,0.6007139476334366
EWSR1,0.29578281973817067
CD99,0.6658554481369601
IGFBP7,0.17705767371601577
MBNL1,0.5541524773413921
NR1D1///THRA,0.2618772809667692
IPP,0.27820402819738593
RPS26P25///RPS26P11///RPS26,0.6073093353474364
TMED2,0.7306143907351488
LGALS3,0.4163689425981938
SET,0.6173154783484421
MAT2A,0.5929922658610287
SENP3,-0.038529093655581215
SYDE2,-0.11203579053373036
CHRD,-0.12564806646525273
SNHG5,0.2976366263846989
EIF3CL///EIF3C,0.3121414904330359
CAV1,0.5728813293051405
HIF1A,0.5655151258811707
ESD,0.5305508257804683
MFGE8,0.2740319033232639
PRRC2B,0.3396515709969814
SLC25A6,0.43129045317220915
PRRC2C,0.2252800604229695
TGFBR3,0.22404937562940996
PHYKPL,0.3660500604229634
FBXO34,-0.02394833836857442
ATP5E,0.37035677744209994
RLIM,0.6485039778449153
VAPA,0.7642861127895277
U2AF1,0.05766528700906972
SSR3,0.07016754279960213
SUMO2P6///LOC100127918///SUMO4///SUMO2,0.40202750251762576
CYTL1,0.8927394662638504
RPL27AP6///RPL27A,0.3532275226586168
GAS5,0.38111012084592577
DAD1,0.7007981772406868
SBDSP1///SBDS,0.3650347834843952
PLS3,0.6812963041289051
IFNL1///IFNL3///IFNL2,-0.9856509466263756
LOC642346,0.10111536757301676
RPS3,0.4216198690835909
UQCRB,0.4239853776435106
CRTAC1,0.49363054380665083
PNISR,0.5823287713998017
TGFBI,0.8436467270896303
HNRNPC,-0.034529234642493245
RAC1,0.5712949546827835
LCTL,-0.1070889224571949
H2AFV,0.06426652567976254
LOC100132804///EEF1A1P29///LOC728672///EEF1A1P24///EEF1A1P22///EEF1A1P9///EEF1A1P17///EEF1A1P35///EEF1A1,0.8067448036253846
PHF24,-0.04250706948639879
ATF7IP,0.1830318126888266
OPA3,-0.01908339375628909
SSR1,0.7501329405840914
KCNK3,-0.05859620342396256
CC2D1A,0.01477555891239063
H2AFJ,0.21535228600201928
LOC100132620///LOC100132540///NPIPA1,0.6861664048338381
DUSP1,0.5201408761329347
SUN1,0.4193034441087643
YWHAQ,0.5953307452165187
LOC729164,-0.13504020140986334
HBA2///HBA1,0.3519763746223653
ECH1,-0.11698581067471897
TPM3,0.8786124773413913
SCRG1,0.9551091238670697
SF1,0.7508253474320259
SLC2A4RG,0.29999712990936855
SULF2,0.34685587109768634
C1orf43,0.2806730010070515
CASC3,0.43383046324270225
SH3BGRL3,0.7294406545820762
HBB,0.9668825679758378
KCNMA1,0.5517028700906368
B2M,0.8151468277945648
ARL3,0.37677882175227007
DAGLB,0.12840918429003345
S100A4,0.811091752265864
SHROOM1,-0.13315203423967373
HNRNPK,0.3030763645518681
NDFIP1,0.34973504531722444
AP3D1,0.39198213494461565
TMEM45A,0.6745412386706977
LSM1,0.04337944612286454
NAA38,0.3288353977844931
C6orf62,0.3255906042296116
HINT1,0.4402372910372645
PFKFB3,0.3867401711983923
XYLT1,0.46299204431017205
TMA7,0.6671286203423978
ATPIF1,0.01956307150050913
UNC5B,0.10141523665659746
MIF-AS1///MIF,0.4143961732124899
TUBA1C,0.6745765055387731
TNNT3,-0.7613053675730045
CD55,0.8680955790533738
GTF2IP4///GTF2IP1///GTF2I,0.5015520140986924
NCKAP1,0.5133514300100748
IDH1,0.6307097482376631
MINK1,-0.2513731621349406
ATP5L,0.4399867774421003
MT1M,0.7208773716012102
CD59,0.4191639778449173
PLA2G2A,1.0342678851963756
GABARAPL3///GABARAPL1,0.4182261530715039
ERH,0.8415377039274925
HAPLN1,0.29111395770393067
MEDAG,0.2298403121853002
PYY,-0.18254552870090082
SAFB2,-0.16342847935548543
CTGF,1.0748166263846954
TTBK2,-0.15339593152063938
ANXA1,0.37460312185297484
PABPC3,0.0801635850956755
ZBTB8B,0.02719211480363129
RPL3,0.2561313091641569
TMEM92,0.038962719033238044
CEP170B,0.8302550050352435
CAPZA1,0.7202821852970822
CYGB,-0.16864888217522145
DDX49,-0.20645553877139441
HSPA1B///HSPA1A,1.2689211178247728
COL11A2,-0.10869698892245827
CCNL2,0.35760313192346693
IVNS1ABP,0.07814764350453753
RPLP2,0.640481732124879
TNFAIP6,0.3467889929506588
MUC3A,-0.11935777442094309
IER2,0.40773049345418055
HYPK,0.37494711983887574
SPG21,0.12075930513595642
RTN4,0.8565720745216538
ATM,-0.1828347230614259
CARF,-0.08604669687814037
NPIPB5///LOC613037///NPIPB3,0.5475156092648579
TRIM29,-0.5434847834843837
USP32P2,0.07491616314199856
MEF2A,0.11365191339376035
HIST2H4B///HIST4H4///HIST2H4A///HIST1H4L///HIST1H4E///HIST1H4B///HIST1H4H///HIST1H4C///HIST1H4J///HIST1H4K///HIST1H4F///HIST1H4D///HIST1H4A///HIST1H4I,0.5485913796576065
MIA,0.6314225881168194
KCNK5,0.03378656596173513
IFITM2,1.0546383987915395
GJA1,0.7290569687814743
PLOD1,0.17952898288016483
UQCR10,0.33029761329305485
OSBPL10,-0.3618481570996924
PYM1,-0.4864976132930453
GPSM1,0.08496318227593519
RAB5B,-0.02131594159113248
PRDX2,0.5275057502517635
SNRNP70,0.2731010271903336
SERP1,0.6044210070493472
CHI3L2,0.7852989526686837
CHD9,0.3937747230614363
BNIP3,0.41130415911380025
ACTB,0.4027148539778499
NDUFAB1,0.5209707955689865
POGZ,-0.1960240483383629
GABARAPL1,0.4238246928499533
TMED9,0.21314012084592415
TCF7L2,0.9699348640483394
CD99L2,0.14902339375629647
ATG3,-0.542598600201404
SUMF1,0.1888122557905373
SRSF3,0.5388499697885247
ASAH1,0.4174917119838899
SERPINA1,0.3387107754280012
SERPINA3,0.44207914400805925
PSMB1,0.2693418126888276
KYAT3///RBMX,0.4769392749244755
ADAM33,-0.08835101711983277
SF3B1,0.2896339476334405
PSMA4,0.6732759315206486
DYNLL1,0.5264994763343427
MRC2,0.03922060422960827
PTMAP7,0.14901831822760012
BET1L,0.15762896273917715
USMG5,0.621893343403831
HNRNPUL1,0.557417351460223
RHEB,0.26943823766364977
MRPL23,-0.2030359013091589
LTBP3,-0.039173967774419616
GBA2,0.3468584793554894
PABPN1,0.058884249748242246
WSB1,0.2499410574018165
FOXP1,0.9406665055387728
MCOLN2,-0.1271716314199346
DYNLT3,0.25274269889225004
BNIP3L,0.45967926485398003
RPS2P35///RPS2P5///RPS2P12///RPS2P29///RPS2P48///RPS2P20///RPS2P18///RPS2P21///RPS2P8///RPS2P17///RPS2P11///RPS2P55///LOC148430///RPS2,0.7013776837865098
INPP5B,0.06899402819738432
SNX3,-0.013866042296067721
CFLAR,-0.01577371601208133
N4BP2L2,0.1347657200402876
PGK1,0.5321671500503563
PDGFRA,0.6903445518630448
MEIOC,-0.6355209365558848
CD151,0.5831982880161137
GHITM,0.31882661631420417
REXO2,0.5527421349446143
RPS5,0.6530325679758341
PSD3,0.09667243705942064
TXNDC5,0.14984422960725557
NCK2,-0.1088337260825753
NACA,0.34519926485398467
UNC93A,-0.09941828801610625
RAB5A,0.39753253776435316
SRGN,0.8722806344410898
KTN1,0.47341340382679187
LINC00537,-0.3304028700906282
EFCAB6,-0.2855489929506477
RPL21,0.2647162437059476
CDC42,0.6827969889224585
MATR3,0.6008282275931561
TXNL1,0.49764808660624704
COLGALT1,-0.038142316213490846
COL8A1,-0.04646340382678088
DDOST,0.04744033232628822
CD63,0.7569975125881193
FBL,0.5190179456193378
QKI,0.4933551057401834
XPOT,-0.037188801611274885
AKAP13,0.5995395266868132
PLAC9,0.31342466263846913
TRAM1,0.661479476334343
PACSIN2,0.5474924269889243
NDUFS5,0.3772664048338416
LOC101928844,-0.018078952668677872
MRPL20,0.1220269687814759
SUN2,0.28882232628398863
REEP6,0.0769363746223603
SHISA5,0.2691782779456209
EIF4E,0.23245720040282247
MAGED1,0.2967481671701947
AKR1C2,0.6281230815709979
DCHS1,0.24538390735146198
TARDBP,0.0925491137965811
VCAN,0.2512364853977879
NCL,0.6579895367573048
LOC101927588,0.19321873111782845
CTSA,0.06337065458207886
YWHAB,0.5833352668680791
PMEPA1,0.4916309365558936
OST4,0.23495450151057892
ARID1A,0.6915515206445102
PRDX4,0.31299738167170726
RAB12,0.00013842900302565853
EIF3F,0.2078839577039316
DYNC1LI2,0.45134276938570383
GBE1,0.22161011077543213
EML2,-0.31680811681771764
DNAJC1,-0.08152444108760643
LOC643287,0.27543193353475026
ITGA10,0.6667984491440111
XIST,1.0283328700906327
ZNF7,0.0655128801611337
LENG8,0.3832600302114829
CD164,0.7919677341389747
TPM2,0.4333372306143048
CSDE1,0.6953192044310197
CSRP1,0.3759947029204473
FOSL2,0.6516912487411903
ATP1B3,0.11173748237664272
HBP1,0.21544002014098984
CHP1,0.037960725075533386
TRPS1,0.47067216515609556
ZNF252P,0.05763840886203864
COX4I1,0.23392180261833403
TMED7,0.7484971399798599
TNPO1,0.16547494461229006
COL27A1,0.4517749043303141
COX19,-0.43694879154077904
SARAF,0.21348232628399358
LPP,0.6097439879154108
CCDC88A,0.35366434038268213
EIF4H,0.34651462235649855
TMEM184B,0.04210087613293323
ZC3H11A,0.5191112084592181
TCF4,0.5258258912386722
HNRNPDL,0.38926677744209826
TMBIM1,0.054300090634445936
RBM39,-0.03970770392748724
PDE4DIP,0.40074614300101197
KANK1,0.6235178147029231
RECK,0.034152205438072125
RPL10A,0.3224227391742257
RAX2,-0.41865839879153405
NCBP1,-0.4384278147029148
PSMB5,0.48653155085599553
GOLGA3,0.07429905337361886
NOP56,0.10640057401812963
EIF3I,-0.09353732124873584
MIA3,-0.30171809667673155
NUDT7,-0.19308625377642868
RBM26,0.21282554884189836
CSNK1E,-0.0356574320241651
AUTS2,0.33550233635448445
PLA2G4B///JMJD7///JMJD7-PLA2G4B,0.14471853977844984
SEC62,-0.28337464249747596
NDEL1,0.3582592145015133
NSA2,0.12914487411883496
SNF8,0.012457180261836398
SNRPN,0.24974068479355907
IFITM3,0.7610902618328306
USP9X,0.3525227492447168
LOC642533,-0.025288680765355342
NAP1L1,0.4518467371601254
CD47,0.17531469284995532
CSNK1A1,0.1801754984894285
RAB1B,0.13394434038268122
PSMA2,0.263591591137971
UGDH,0.5611982880161146
NEURL1,0.05022567975831199
HP1BP3,0.8374095468277982
ARL6IP5,0.692597150050355
OMD,0.39716949647533145
MBTPS1,0.10350371601208752
VKORC1,0.4138609768378658
CHD2,0.2204004128902376
SRPX2,0.4247797482376664
SEC13,0.5365050151057422
NKTR,0.6702974118831861
RBM34,0.00120442094663252
ADAR,0.750836122860022
PTBP1,0.49115122860020155
MAPK6,-0.11662920443101255
RAB6C///RAB6A,0.02829463242699365
CCNI,0.39080014098691485
SSPN,0.28795988922457494
SIDT2,0.578240926485398
BAALC,0.018054400805642468
PAFAH1B2,-0.10798776435044805
GAS1,0.30132960725075963
CANX,0.8066878348439099
SLC30A9,0.08809671701913735
LOC642469///DVL1,0.23990024169184432
SSR4,0.8242066062437072
TMEM87A,0.37099223564955053
EID1,0.3124528197381712
PRDX6,0.24907099697885537
PSMG2,0.7038831319234649
FOXN3,0.5395278348439112
APOC1,-0.24089402819737632
HK1,0.535028872104735
LOC100132134///GUSBP9///GUSBP3///LOC643373///GUSBP2///SMA5///SMA4,-0.28560241691842275
MYL12B,0.5267435448136992
RRAGA,0.16435757301108167
ACLY,0.6717338167170197
ECM2,0.3881598992950678
YIPF5,0.4255524370594196
REEP5,0.7051334541792574
G3BP1,-0.1244856294058357
YTHDC1,-0.023379466263841325
NECTIN1,-0.0713155991943555
NFKBIZ,0.6592587009063465
TBCA,0.2108816414904381
HSPB1,0.510851550855993
ACKR3,0.5058726888217565
EIF5A,0.028383655589128365
MARVELD1,-0.037805166163137616
SRSF1,-0.0947390735145964
SNRPE,0.05968203423968388
TBL1XR1,0.802452990936557
HIPK3,0.8273838569989942
PRPF40A,0.4304902719033251
UQCRH,0.5571204128902351
PLPPR2,-0.09564918429002586
C14orf166,0.5836411379657642
LINC00671,-0.24584350453171622
TXNIP,0.5334611480362587
TDRKH,-0.42299642497481516
SNHG6,0.5539285196374667
EIF4G2,0.2398828398791617
PPARD,0.07902022155085842
HOXC4,0.24544275931520854
ARGLU1,0.3886084491440126
MGEA5,0.5660977240684835
EGR1,0.5834714300100694
IL27RA,-0.14784087613292501
TTL,0.04191269889225047
SERPINE2,0.409636686807658
ARHGEF1,-0.15271232628398193
GOLGA7,0.4155205135951697
TIMMDC1,0.8506155689828805
DDX5,0.5720830110775466
CLIC1,0.6203969889224598
LOC149401,-0.20016765357502037
SCAF11,0.1235232930513636
KIAA0894,-0.10088516616313663
PIK3CD-AS1,-0.10937475327290694
LOC100134190///LRP1,0.8725369989929503
SEPT7,0.421470010070498
EPS8L2,0.02315204431017115
CELF1,0.6035579456193386
TUBB2A,0.21878193353474507
TAF1D,0.022623011077548674
RPL6,0.35291388721047906
ANKRD12,0.348356535750258
SNURF///SNRPN,-0.027970634441082082
SEC61G,0.17345789526687508
FUBP1,0.25879580060423446
MTFR1L,0.4197458207452176
IQGAP1,0.28449897280967135
GOLGA6L2,0.38539475327291567
SRSF9,0.3874936757301148
PXYLP1,0.7626923665659633
ENO2,0.2252776837865097
GID8,0.31222710976838186
MRPS21,0.44669976837865377
BOC,0.39514290030211685
RUVBL1,0.47942497482376845
HSP90B1,0.526658539778453
LOC440982,0.4492209869083572
ALDOA,0.14633874118832157
RBM5,0.6094287713998013
LYRM7,-0.31099872104732273
RNASEK,0.4303765458207468
ANKH///TSPAN3,0.29884350453172615
COX7B,0.1352771903323323
FRG1,0.04072585095670342
WDR62,-0.11234315206444662
DYNLRB1,0.734413514602217
POMP,0.10728434038268514
SLC20A1,0.4699389425981912
KRAS,-0.2526677643504472
AMZ2,0.10899294058409492
KIZ,0.18565684793555204
ACADVL,0.15943206445115998
MT1HL1///MT1M///MT1H///MT1E,0.540638690835854
UFC1,0.20627276938570496
SDHA,0.3229502719033258
LOC100134045///TNS3,0.6034996374622387
BTG1,0.4695285095669739
RPL28,0.4426557301107805
KDSR,0.6144231520644521
ZRSR1,-0.07422795568982424
TMSB10,0.5851976636455228
IRF2BPL,0.23400641490433227
PTP4A2,0.25182909365559536
IK,0.14786741188318744
SERPINB6,0.3930805740181303
C1S,0.6758732729103765
TUBD1,-0.217388157099695
EZH1,-0.23934220543805984
ZIC1,0.08325030211480555
MKNK2,0.3971592849949671
SGK1,0.79950506545821
CUTA,0.3844289224572027
BZW1,0.42550852970796055
NDUFB8,0.6879956092648559
CDO1,0.2642986908358558
COPA,0.1437151359516663
RAB1A,0.0380692749244774
GOLGA8IP,0.3687876132930551
SON,0.5739242396777455
PPP1R3E,0.0454686807653617
ZNF395,0.33135645518630846
INO80B///WBP1,-0.0978369989929459
PAFAH2,-0.27341530715004514
EEF1B2,0.2394896475327354
CCND2,0.735104692849951
S100A13,0.4887056797583129
ND6,0.09668049345418442
DHPS,0.15653748237663956
RHOT2,-0.0788492145015085
HAB1,0.3878195568982922
PSMC1,-0.03593671701912943
SRSF5,0.07128066465257286
PSMC5,0.28254108761329655
ASPH,0.21024189325277254
OAT,0.3067146424974879
STK4,0.17438218529708321
TRPC1,0.13535860020141385
AK2,0.06986248741188832
RANBP9,0.2159623564954723
HSPD1,0.15059445115811232
KMT2E,0.04877130916415359
MCL1,0.6648692145015123
S100A6,0.4713952366566021
ATXN3,-0.32292173212486786
SART3,0.4892507955689853
HSPE1,0.08091791540785942
HSPA8,0.33550908358510056
LSP1,0.177706183282985
CALU,0.10087360523665984
SMA5,-0.05596974823765909
COA1,-0.0019134541792525939
TRIM13,-0.02266904330311735
PPP3CA,0.5274224773413924
ZNF146,-0.07409312185296613
NPTN,0.422479577039278
LRIG1,0.5091934541792578
SNRNP200,0.2175737562940629
DPT,0.4147604632426998
SASH1,0.5725669385699936
PTMAP8///LOC728026///LOC643287///PTMAP7///PTMA,0.35959664652568735
LITAF,0.42279983887210937
CTSK,0.48392072507553396
ERGIC1,0.5298065357502526
DYNLT1,0.4408688519637486
LOC202181,-0.0718766968781416
FAM127A,0.38842041289023377
CUL5,0.23257264853978288
ASS1,0.10901534743202829
PDCD5,0.09875763343404327
SNX5,-0.16249677744208796
GYPC,-0.12487287009062842
MMADHC,0.15795399798590537
STK38L,0.2987102416918458
INSIG1,0.011015518630419108
GBP2,0.4475255488418982
GOLGB1,0.21856070493454538
TMEM59,0.5985052870090672
CNBP,-0.19975599194359883
INHBA,0.38045206445116186
MRPL33,0.2746627995971824
SRP54,-0.12383415911379186
ANK3,0.35132329305136456
CHCHD2,0.6068316515609287
EPG5,-0.13163535750251226
RAB11FIP1,-0.1054388922457161
DEK,0.21994150050352962
LRPAP1,0.20191634441087736
SOX13,-0.1991585699899252
NDUFAF3,0.4880228398791553
TMBIM6,0.32764032225579603
SERF2,0.719838076535755
SNRPD2,0.27525798590131373
C20orf24,0.4164100604229627
FGFR3,0.36790678751258965
RNF13,0.34944928499496897
CHMP5,0.2851912185297125
SMARCE1,0.31350969788520017
PDCD4,0.31378885196375084
SCARA3,0.4924798590130931
HNRNPU,0.19782055387714464
LRP11,0.4575620342396809
KRR1,-0.05556606243705463
LOC729660///LOC729218///GTF2IP20///LINC01000///LOC401357///LINC00999,0.0580417421953712
ETS1,0.2943589023162193
PID1,0.46948582074521905
LRRIQ1,-0.2772430815709907
BOLA2B///BOLA2,0.15842025176233965
HNRNPR,0.22707865055388185
WTAP,0.5593708459214525
AGTRAP,0.23626118831823073
ENAH,0.28517678751259223
FAM134B,0.621731601208461
LRP10,0.35612516616314327
C11orf24,0.25961637462235876
SLC26A2,0.4256266465256823
HLA-F,0.8426549647532735
PSMA3,0.2286679657603268
UBE2D3,0.2672015206445165
ISOC2,0.25085033232628695
DNAJC25-GNG10///DNAJC25///GNG10,0.5261443605236689
NRN1,0.17195392749244998
HIVEP2,-0.05330449144007529
POLR2F,0.3669923564954699
DOCK5,-0.2815338771399739
DDX3X,0.43898713997986266
TRMT112,0.4517720845921478
MEG3,0.1667149949647577
ACTR10,0.22412050352467744
HYI,0.22168695871097832
MPHOSPH8,0.12624083585096357
PTPN18,-0.14842825780462668
ATP6V0C,0.3404828700906374
EIF5,0.4564528700906403
NCOA4,0.41112411883182626
HSF1,0.2968855085599217
CPSF3L,0.2034229405840921
SEC22B,-0.6805202215508495
UFL1,0.052596455186308635
XRCC2,-0.1859677744209406
STRAP,0.16366075528701335
MRPL4,-0.13492829808660112
PITRM1,0.41664187311178574
NDUFA5,-0.03210730110774944
TEX36-AS1,-0.11223904330311679
C2///CFB,0.26157836858006345
GTF3C1,0.16855647532729345
SLC5A3,0.16955141993958087
NDUFA1,0.45092434038268303
MAPK1IP1L///FCF1,-0.08125936555890816
DUSP14,0.18221073514602576
DRG1,0.298709144008061
GDI1,0.2972593756294071
NPIPA2///NPIPA1,0.5817638267875138
TMEM109,0.31791969788519925
SNRPF,-0.0008323766364491114
JAK2,-0.015484652567970325
DNASE2,0.02250937562941068
CCDC47,0.2900195770392776
DEGS1,0.6261638267875136
SOD1,0.3103146424974873
COX5A,0.2358814702920478
CPAMD8,-0.2713565961732095
CA9,-0.008890020140984833
PICALM,0.3712852064451194
SUSD5,0.4972982880161161
SNW1,0.11624374622356956
SLC50A1,0.359107522658613
HNRNPD,0.20290940584089173
CHMP4B,0.13889845921450517
RSU1,-0.13558661631419464
GPX8,0.3668667170191368
COL8A2,0.42081171198389
CXorf21,-0.18465455186303628
LOC155060,-0.17971366565961258
SEC63,0.05246125881168828
DAB2IP,0.40902712990936685
SNHG8,0.25557157099698247
FGG,0.10302097683786865
UBR2,-0.12860937562940028
TMEM263,0.20777478348439601
IER5,-0.02706515609264374
LOC100130291///DSTNP2///DSTN,0.5821851359516642
RDH11,-0.18109985901308825
LOC100131401///BTF3L4,-0.09232595166162635
RPL17,0.23679761329305876
LINC01121,-0.158394632426983
TRA2B,0.5119485196374658
C6orf48,0.6025272910372625
SERTAD4,0.2006360825780512
TIMP2,0.37478741188318554
SOD2,0.9335947331319248
LOC100133662///RPS4Y1,-0.2079666666666593
MYLK,0.101205407854989
KIAA1841,-0.07538008056394355
TNPO3,-0.33629080563947067
EFR3A,-0.05327918429002583
RYBP,0.31868418932528036
APOE///APOC1,-0.3290370292044264
DDX19A,0.04121577039275265
COL2A1,0.47713432024169633
LOC100133665///TALDO1,0.198900130916419
RRBP1,0.2801998590130942
EIF4B,0.569894974823769
ISCU,0.11138846928500096
CHSY1,0.4509406344410898
KRT10,0.09243590130916894
PDGFRB,0.3773076435045353
COL5A1,0.2646057099697908
ATP5B,0.4830340886203458
NPC2,0.5642778449144044
MT1F,0.4391091943605271
ZNF83,0.0425029103726126
FNDC3B,0.19400232628399233
ARL5B,0.283056837865058
PPP1R2P4///KIAA0226L,0.6782524269889239
XRCC5,0.28592868076536243
NBPF10///NBPF8///AE01///NBPF9///NBPF15///NBPF11///NBPF12///NBPF1///NBPF14,0.3547473816717067
LOC101927043,-0.07488011077542345
TCF25,0.037072839879158825
FAM153B,-0.35630695871097195
TNC,0.4385482477341448
HACD3,0.40273494461228954
DDAH2,-0.17045887210472885
ACTG1P17,-0.13523058408861563
TCEAL4,0.3585381369587133
SEPT9,-0.5194050453172144
ITIH5,0.14089044310171478
THBS2,0.8982201409869093
HERPUD1,0.29880288016113227
SCIN,0.26113928499496936
ELP2,0.0613611178247785
PTGS2,0.003617915407858996
GINS4,-0.2207365357502462
LECT1,0.003037995971805485
KLF10,0.0858743504531773
NDUFC2,0.4341610775428033
CEP164,-0.3355375629405788
PRKACA,0.09782667673716294
EIF5B,-0.029473353474312458
B4GALT2,0.12480601208459474
LOXL4,0.25326692849950005
RPS10P9///RPS10P4///RPS10P13///RPS10P22///RPS10P11///RPS10P29///RPS10P7///RPS10P3///RPS10P5///RPS10,-0.14812187311177621
ORMDL1,0.37018467270896416
ADH5,-0.12344711983886694
SMOC1,0.1088919436052399
LASP1,0.5295599093655607
ATP5J,0.1525897180261893
PSMA7,0.31653545820745776
TFG,0.0557408157099738
MOV10,-0.018319204431011704
PPIB,0.4738611883182314
HMGN1P38///HMGN1,0.11136812688822216
ARID2,1.0791194159113786
LMO4,0.10270152064451656
NEMF,0.01983218529708647
LOC653972///CBX3,0.17346743202417494
TMBIM4,0.16003085599194877
SHMT2,0.22194859013091917
TGFBR1,0.46335599194360927
HCG2P7,0.019095216515612773
SRPRA,0.5557981973816726
PMS2P9///PMS2P2///PMS2P1,-0.9219849043303058
ATXN10,0.4143915609264889
LRRC25,0.026051530715008542
SCFD1,-0.042215941591132164
GRB2,0.5674858308157115
ARHGEF7,-0.08782497482376159
SSR2,0.04688318227593696
MAP1A,0.019141278952673264
RPN1,0.5443448338368616
GREB1,-0.4121079859013024
ACSL3,0.21868177240685172
TSPO,0.23764505538771707
CPSF7,0.49152987915408064
SDC2,0.3258612386707001
LRRC1,-0.01917681772406543
FCER1A,0.0013192849949696522
SKIV2L2,-0.07106742195367122
ZMIZ1,0.5509719536757319
ENPP1,0.4591903323262879
HDDC2,0.21147656596173683
TMEM47,0.06867070493454594
POFUT2,0.29383307150050586
PDS5A,0.35707727089627606
UQCR11,0.5768663947633462
WHAMMP2,-0.10962585095669233
RAB3GAP2,0.23859594159114156
CMPK1,0.2999944310171234
FNIP2,0.6172650352467293
C5orf15,0.3834401107754318
CFAP157,-0.1444260926485351
SYPL1,0.274418308157104
IRF2BP2,-0.03908540785498052
MFN2,0.2320608660624403
NDUFV2,-0.050662306142994884
DDX24,0.34405754279960177
DSN1,0.023528781470296568
C2CD2,0.6844464451158125
TNFSF11,0.21602065458207922
RBBP7,0.5440812990936572
DNAH3,-0.00690513595165565
TCEAL9,-0.013733363544808953
ENTPD4///LOXL2,0.5300459516616334
CDIPT,0.2739503222557913
AGO4,-0.10002672708962185
AKR1C1,0.49905551863041614
RPL26P33///RPL26P16///RPL26P37///RPL26P19///RPL26P12///RPL26,0.06202616314200027
PCOLCE,0.46877182275931795
SLC2A1-AS1,-0.25305511581066936
CCT5,0.6233024269889246
P4HA1,0.3971472306143033
NDUFA6,0.36873167170191823
GPBP1,0.41612518630413203
NRBF2,0.026472890231626276
KLC1,-0.244728539778444
C5orf56,0.0661883887210522
SF3B2,0.41945404833837097
PDK4,-0.19417986908357904
MFAP3L,-0.02048118831822382
NBPF10///NBPF8///AE01///NBPF9///NBPF15///NBPF11///NBPF12///NBPF3///NBPF1///NBPF14,0.20887279959718302
GABARAP,0.5816518529707995
CSPG4,-0.002482205438061255
PROCR,0.41868148036254094
AHNAK2,0.039584712990942114
GPX4,0.11716014098691331
TPI1,0.6000149446122898
PDLIM5,0.7203762739174235
RSL24D1,0.1513924974823817
IFITM1,0.3898787613293091
KLHDC10,0.26631860020141174
TTC9C,-0.17907949647532212
NCOR2,0.04533577039275316
UBL5,0.21433590130917002
MRPL57,0.21781262839879495
TSPAN6,0.42471356495468593
DGCR2,0.20689847935549088
ANXA5,0.24124661631420263
SARS,0.2499539174219575
NPDC1,0.15033580060423268
RTCA,-0.02177690835850471
APOL2,-0.12625570996978372
CREG1,0.10820258811682221
MTA1,-0.05190977844913991
HSPG2,0.2551038872104767
NDUFB3,0.3567275025176267
CD44,0.1750461329305169
HPF1,0.20329815709970273
EI24,0.4106149043303142
ADM,-0.32493587109767685
HLA-C///HLA-B,0.09446290030211729
QARS,0.360836132930516
UBE2R2,0.28967276938570474
CNIH1,0.26452583081571557
CCPG1,0.1783901107754325
BAMBI,-0.17351137965760052
EIF4A1,0.2746365458207531
CNOT7,0.5582670795568996
THBS1,0.49444371601208736
ATP1B1,0.3757192145015136
DCAF8,0.3655914300100719
DOPEY2,-0.06418849949647071
SLC39A6,0.6548145417925498
RPL36AL,0.16802793554884846
SH3BP5,0.046418126888222444
PCBP2,0.4550108056394778
SOWAHC,-0.07719193353473788
TMEM30A,-0.10318739174219047
NPR1,-0.11279688821751752
RPLP0P6///RPLP0,0.2817772004028267
CHTOP,-0.11317156092648069
THY1,0.4209697180261863
PLEC,0.43828588116817824
DKK3,0.30828655589124426
SNORA37,-0.21144779456192803
RALBP1,0.29953612286002396
RPL3P7,0.23823572004028887
DNAJC15,0.17603400805639932
DDX21,0.23234766364552287
CTBP2,-0.2229103222557862
EPB41L1,-0.1070137059415869
HBD///HBB,0.062087180261840125
MAF,0.4166706243705972
CCT8,0.15102130916415513
KPNB1,0.047709728096681184
ANAPC5,0.2016916012084622
RPL35A,0.5345777039274933
IMPDH2,0.24031157099698408
NOVA1,0.23092827794562076
PDLIM4,0.3729922557905345
PRNP,0.30142398791541203
NOP58,0.25323138972810194
ITGA11,0.2844748036253808
C14orf2,0.33567546827795086
ZFAND6,0.4494777643504556
LNPEP,-0.09510896273916813
DCAKD,-0.12915225579053213
IFFO1,-0.29895410876132583
HOXC6///HOXC4,0.5715159516616322
PLIN3,-0.1626152970795512
ING5,-0.09675698892245294
DSP,0.6491511178247742
HIGD1A,0.21589964753273388
ATP6AP1,0.36061370594159314
NDUFB1,0.38040538771400223
SMG1,-0.2055047834843849
ARL1,0.08418165156093
FAM120A,0.13871090634441474
TSPAN2,0.45879436052366884
ARMCX7P///ARMCX6,0.07100792547835161
CPSF2,-0.12830440080563474
CCDC14,0.3422295468277966
SOBP,0.18208139979859522
PSMC1P9///PSMC1,-0.12230582074521146
MBD4,0.04109560926485972
ATP1A1,0.4587635246727125
ELP3,0.101269657603228
FOXO3,0.3619409969788553
PTDSS1,0.2762647834843946
LGALS1,0.5975439476334377
PSMB7,0.219607995971808
FOXO1,0.6000899395770419
DNAAF5,0.2022851258811703
SPAG9,0.23539890231621752
SMAD6,0.2940983887210493
VDAC2,0.39418572004028635
PHF3,0.042943363544818466
CCDC53,0.19276368580060693
LARP6,-0.17895925478348024
N4BP2,-0.11285775427995494
GATC,-0.048137099697880575
PDHA1,-0.08505324269888606
SYNCRIP,-0.1397370795568929
SLC25A37,0.2910243907351511
FGD2,-0.10017208459213972
BPHL,-0.1848884189325225
ZC3H14,0.15926748237663996
COX7A2L,0.21608024169184756
XRCC6,-0.45177887210472656
GPRC5C,-0.20737747230614073
ADAM9,-0.060215720040276144
IQSEC1,-0.13537361530714567
YIPF6,0.059306596173217804
DHRS3,0.3014731117824814
MSN,0.4497064048338404
MTDH,0.09366347432024696
ATP5O,0.030222064451162923
LENG9,0.2445219939577059
RABAC1,0.3025404833836885
HERC2P9///HERC2P2///HERC2P3,0.1799456596173259
TIMM21,-0.026807361530710144
PCM1,0.4290589325276973
CAV2,0.1818916817724119
RAI14,0.1958588116817761
NT5E,0.13073819738167702
TPD52,0.17536652567976097
NEBL,0.10703137965760792
HES1,-0.014483131923460263
LOC90834,0.0033055387714032852
SHMT1,-0.4863504128902257
UBA2,0.2792295065458247
MARCH6,0.35294468277945973
MGC70870,-0.14029859013091056
UBE4B,0.01645404833837287
TMEM106A,0.4297181268882182
ZNF791,-0.2731061933534691
PFN2,0.5857541993957721
KCTD20,0.11678229607251128
ZBTB1,-0.06912372608257522
SEPW1,0.26378623363545095
APOO,0.15324961732125097
SMARCA2,0.16682576032225815
ZDHHC7,0.18964131923464672
SNHG12,-0.11258334340382115
PDGFC,0.46495372608258
IPO5,0.24886718026183677
RUNX1,-0.0634512890231568
SRP68,0.14982821752266284
LOC730658///ANKRD36///ANKRD36B,-0.13177477341389154
RPL29P4///RPL29,0.4119090735146068
CCT4,0.1927702618328358
YME1L1,0.3325083987915449
ECI2,0.11775124874119379
CYLD,-0.1476571903323226
IRAK1,-0.33263593152064086
FAM129A,0.2258497180261858
RHOBTB3,0.38369388721047626
PPP1CB,0.231247955689834
TOMM6///PRICKLE4,0.38000090634441375
CCDC90B,0.20891847935549113
ATP8B2,0.09331224572004482
CLDN19,-0.15083271903322687
LMAN1,0.531125921450154
LOC153682,-0.1495258912386657
ZNF71,-0.1040215206445062
TOMM20,0.27357047331319745
ATP6V1G1,0.5175857905337382
SIGLEC11,0.08927687814703375
TMEM230,0.6540169083585128
EFHC1,-0.07911590130916055
CD9,0.019479244712995974
LOC653888///ARPC1B,0.10340248741188723
GSN,-0.33088259818730653
INTS4,-0.02727934541792034
HNRNPA3///HNRNPA3P1,0.23657314199396212
TGIF1,-0.18167377643503974
TIMP1,0.579129657603228
CCT3,0.3628127492447163
SP140L,-0.14001083585095137
RPL36AP37///RPL36A,0.3226145216515671
BMI1,0.498621782477343
UMAD1,0.20900453172205824
C9orf3,0.6001913091641515
CEP135,-0.2024417824773359
MAP4K4,0.022847945619339866
RNF20,-0.06536120845920887
SMA4,-0.11201018126887746
HNRNPH3,0.38905975830816153
NPIPB15,0.06746153071500972
CASP6,0.21409914400805963
NET1,0.029917603222563316
CRTAP,0.7849665861027195
MGC4771,-0.3146903927492384
THOC2,0.20076843907352063
TOP1,0.1510777542799639
MRPL3,0.2283725176233677
SYS1,-0.038032275931516576
AK4P3///AK4,-0.06822474320241179
CEBPB,-0.22317517623363126
SERPINA5,0.18373575025176647
DCTN2,0.0495917220543845
TCEAL2,0.47251810674723194
KDELR2,0.28738607250755666
RPN2,0.7437997583081597
ICAM4,-0.16177391742194872
PLCG1,0.2562154380664681
FOS,0.2656968781470338
ANKRD19P,-0.07922436052366355
SEC23A,0.13491293051359962
MDH2,-0.1516331621349397
RAD23B,-0.08005430010069972
TAPBP,0.3648977139979881
WHRN,0.03533254783484585
RAP1BL///RAP1B,0.282079506545825
SMC1A,-0.18165901309163543
COLGALT2,0.2117219838872122
PSMC4,-0.040647744209461864
TIMM17A,0.27259531722054864
KHDRBS1,-0.13985134944611693
PSMB4,0.4032327895266907
GNL3,-0.021012930513588823
SETD7,0.2836678851963801
MYO9A,0.04823580060423327
NFIX,0.10929464249748344
PPWD1,-0.09639897280966164
RPL23A,0.27870770392749444
MAP2K7,-0.016534128902311374
SLU7,0.2566309365558962
LOC100133465///HAB1,0.41743961732125257
MUM1,0.11906135951661878
DGKD,0.15436917421954016
HSPA5,0.3627901007049402
MYO1D,0.14982957703927852
IKZF1,-0.10638136958710509
SPIRE1,0.12154669687815105
PAF1,0.20406943605236838
LINC01000,-0.3870473313192274
PSMD1,0.19984265861027667
SUGT1,-0.03684226586102152
ZFR,0.01842287009063963
GPATCH8,0.24400095669688265
PTPN11,0.22042085599194747
ARHGEF2,0.022008882175229783
PABPC1,0.19226972809668336
DENND5A,0.17148330312185678
RBX1,0.33399800604230073
NINJ1,0.1501711480362567
CROCCP2,0.3031259315206493
PGRMC1,0.2041116918429048
DHX37,0.16168163141994335
KCTD18,-0.1869665055387668
ACVR1,0.4400257301107786
AFF1,0.13145120845921876
COX5B,0.30387435045317623
GMFB,0.019783413897285308
HEATR5B,-0.10974294058408363
VGLL4,0.21419861027190756
FADS1,-0.18561811681771828
FERMT2,0.5173459818731154
ARCN1,0.053583182275937113
COX6C,-0.015845367573004532
PHF10,-0.05344825780462675
SPATS2,-0.09983794561933002
GLUL,-0.32352638469284384
CCT7,0.035714471299098625
SERTAD2,0.11350363544814175
RCN1,0.21919747230614803
MRPS18B,0.19116693856999317
CHST1,0.2634451661631445
SDC4,0.33327218529708197
USP12,0.002131832829812566
EMC4,0.023513917421957478
DLEU2,-0.07351739174219218
SDHAP1,-0.15379027190331837
MYO10,0.4618572507552897
DUT,0.0161296475327342
TMEM92-AS1,-0.2075976435045268
ARL5A,0.25485632426989374
LINC00674,0.24083823766364945
HLA-A,0.6551529405840918
BNIP1,-0.00939231621348963
AHCYL1,0.374822779456197
FTH1,0.1407591641490496
PTEN,0.20208753272910773
IGFBP5,0.5462490533736178
COPB2,0.20503419939577455
RIOK3,-0.08230505538770938
RAB28,0.5696665659617337
SPOCD1,-0.24006493454178685
SEPT2,0.3322026485397815
COL25A1,-0.10279651560925984
TMSB4XP6///TMSB4XP8///TMSB4XP2///TMSB4XP1///TMSB4X,0.18845452165156756
MBD1,-0.11927658610271455
SERBP1,0.17187821752266233
CSAD,-0.1387180060422918
SRPRB,0.2754023665659655
GUSB,0.2849656394763368
SGCB,0.40533720040282295
IL10RB,0.09015769385700295
LRRFIP1,-0.2791035146022098
SEC31A,0.5221897583081624
TULP3,0.41031897280967067
RREB1,-0.038340876132926124
C16orf58,0.29380935548842
DIAPH1,-0.4348773816716962
HSPB2,0.23609705941591475
UBE2Q1,0.011971560926489572
CCDC80,0.4146505639476388
TXN,0.07535655589124518
CEP44,-0.12444187311177765
NARS,0.6511349647532747
C1orf56,-0.14268032225578442
CNPY2,-0.09313860020140419
PDHX,-0.12296823766363996
KMT5B,0.21215660624370997
ELMOD2,-0.0994115105740131
UAP1,0.16917452165156555
SRP9P1///SRP9,0.11895416918429591
ANO10,0.20091156092648882
SOCS2-AS1,-0.03087338368579639
ABI2,-0.016320855991939123
HOXB6,-0.1170209869083545
B4GALT1,0.049634179254787976
ITM2A,0.11225884189325652
ALDH1B1,0.26273952668681133
TMEM267,0.3269833232628426
PFN1,0.2087573212487469
EIF3M,0.2499497079556951
SMN2///SMN1,0.07167600201410289
ATP5I,0.34090326283988287
ZNF445///DENND3,0.0360405740181307
TAF7,0.30738786505539223
EIF2AK1,0.5234422155085622
IGF2BP3,0.08398601208459508
SLC1A4,0.2297485599194372
NIFK,-0.11831018126887627
SSB,0.3083424068479403
SKAP2,-0.014472708962735323
SLC25A3,0.11025182275932063
HSD17B12,0.3027643907351505
ETF1,0.09433805639476905
STAT2,0.1795930614300149
ENOSF1,0.15133154078550232
FRZB,0.004410946626388607
HSBP1,-0.13235315206444587
CARS2,-0.24976669687814224
CASP2,0.15310948640483799
GNA13,0.15784826787513057
TRIP6,0.5769216717019132
ABL2,-0.062252145015100346
ATXN2L,0.4574585095669702
KIF5B,0.233783343403832
VSIG10,0.04720933534743651
KLF13,-0.01377519637461791
DAP,0.1364339778449173
SCD,-0.023136495468272456
FUT4,-0.11414021148035733
GOLGA8A,0.6157601711983918
PPP6C,0.625970362537766
SH3PXD2A,0.22648163141994304
ZRANB2,-0.004664763343398187
GOLGA2,0.022099244712995278
ZNF292,0.03868331319235117
FMO5,-0.1788133937562887
TSPAN31,0.4918394259818739
AKAP11,-0.13023754279959204
SPCS2P4///SPCS2,0.334695619335352
CSTB,0.24244668680765893
RAB10,0.5189776132930535
SDHAP2,-0.7920275629405764
PDXP,0.250473917421956
S100A11,0.273896908358515
ZNF428,-0.46351152064450823
SAP30L,0.36294352467270974
AP2S1,0.7199529808660632
ALDH2,-0.056821148036247604
LOC105375531,-0.11155860020140468
KDELR3,0.33255021148036634
COX7A1,0.5007937361530748
AK1,0.3426651560926509
EHMT2,0.11922619335347606
TMEM14C,-0.21402314199395267
LOC643287///PTMAP7///PTMA,0.22020673716012823
SEP15,0.06902082578046856
LIMS1,0.14981368580060672
SFPQ,0.2545550453172242
NR2F2,0.507771933534745
DHX36,-0.0062262336354430015
BIRC2,0.16425910372608724
LOC727820,0.47500237663645845
PPP1CC,0.17894093655589616
PPP1R12A,0.1611589627391783
INTS7,-0.32707116817723536
EDF1,-0.08947030211479678
NQO2,-0.058503716012079265
CLSTN1,0.026121752265863996
RHOC,0.22946025176234014
SMOC2,0.8260704128902323
GTF3C5,0.31758751258811946
BROX,0.1581583585095716
ANXA2P2,0.2901376435045383
C21orf33,0.2599741591138006
MRPS6,0.24701280966767558
TACC1,0.23023093655589655
RAB31,0.04345736153072091
RBM25,-0.09666409869082876
METTL5,-0.09366273917421455
PROSC,0.20169722054381187
GAREM1,-0.09660101711983426
CTBP1-AS2,-0.013043705941587352
FKSG49,-0.38668480362537255
PDCD6IP,0.19178264853978386
MPC1,0.030057905337365864
WWP1,0.17934368580060905
ACBD3,0.2480537361530759
FAM20C,0.23992621349446375
LOC101926997,-0.4427223766364482
SLC39A8,-0.0009459718026133268
MARS,0.047606424974829274
DCAF13,0.0348948338368629
NDUFA4,0.3254084592145068
ADAM30,0.02343992950655026
PGRMC2,0.2634773313192381
IARS2,-0.013995780463237295
HECTD1,0.37380581067472674
RPL14P1///RPL14,0.29069503524673285
SEMA3D,-0.11759481369586622
IARS,0.4377182578046358
NDUFS6,0.01704187311178576
PTGER3,-0.09479464249747754
TRIM64EP,-0.12317932527693351
SRRT,0.31790889224572194
VAPB,-0.033137019133933125
GPBP1L1,-0.01591607250754878
QRSL1,-0.23667327291036738
MAGEH1,-0.06338321248740808
SEC24C,0.22490924471299412
HEBP2,-0.07440217522658184
AP2A1,-0.48941711983886627
EMD,-0.04417962739173997
KPNA4,0.2868764048338403
FBN1,0.42191050352467613
CD82,-0.003114672708958252
TRA2A,0.14465524672709412
CD109,0.5035637059415947
GAS7,0.31889537764350795
IER3,0.14935535750252016
TAX1BP3,0.029850322255792927
MRFAP1,0.18864432024169714
HNRNPAB,0.09191181268882578
HCFC1R1,-0.07820831822758864
CLTC,0.6370080664652602
PRR14,-0.22129622356495077
ZNF330,-0.03864227593151645
CLDN12,0.044414068479360136
FKBP2,-0.08773937562940223
BLZF1,-0.04525715005034797
SPHK2,-0.0784495971802586
FAXDC2,0.26477133937563324
UBE2E3,0.21186025176234083
ANKRD10,0.1938704431017165
FRY,0.10207014098691147
GFPT2,0.5022578549848964
RAB3IP///MRPL51,0.12652849949648104
RNF126,0.0727587814702956
ATP6AP2,0.284588519637467
GLS,0.16129560926485786
FAM114A1,0.386906062437062
POLR3F,-0.11289370594158565
ENTPD1-AS1,-0.47988307150049775
CSGALNACT1,0.31230234642497917
CHD4,0.3177856294058432
PLEKHH1,-0.12839098690835393
PLAGL1,0.5712561631419966
EBP,0.01714453172205803
POLH,0.036330966767376655
PGAP3,-0.3842013595166109
SLC39A1,-0.011461762336351211
C20orf203,-0.04259618328297671
MAT2B,0.3417374723061462
UBXN6,0.25558634441087846
AFTPH,0.4802115709969814
SNX9,0.010351460221555142
TMEM39A,-0.028216384692845042
ISG20L2,-0.16417860020140518
JAK1,0.3186543202416956
FAM208A,0.20456512588116993
DECR1,-0.016443937562935107
LINC00957,-0.044978056394759595
MVP,0.19830792547835174
SRSF7,0.32332309164149375
PPM1F,-0.05759911379657098
ARL17A,-0.0767475327290993
RPS7P11///RPS7,0.4385305035246787
PTGIS,0.24986774420946867
AKR1C2///AKR1C1,0.37421111782477723
ERGIC3,0.10198736153071969
HAX1,-0.44065136958710577
VOPP1,0.553694793554887
PCMT1,0.16663800604230106
TOP2B,0.09363042296072974
FARP1,-0.11170022155085088
PRKD2,0.14899354481369992
PRDX1,0.038920171198394804
WDR61,0.19913433031218863
IER3IP1,0.06231137965760836
HCG11,-0.03541537764349997
CDC42EP5,0.2538253776435062
AAMDC,0.0306152467270945
IFT122,-0.19250223564954144
LSS,-0.08829873111782094
AHSA1,0.39249063444108945
SAP18,0.37609151057402096
YWHAZ,0.39354361530715387
PIN4,-0.0030488721047285394
GCOM1///POLR2M,0.26688652567976145
SMIM7,-0.0027499496475281437
H1F0,0.028545196374627685
CAPZA2,0.0959917119838922
SNAI2,0.1023774521651599
ASAP2,0.10925636455186792
IMPDH1,0.15843711983887354
PPFIBP1,0.15653517623363986
SMS,0.13572929506546302
CDKN2C,0.15117750251762696
POLR3GL,0.11491068479355966
PIH1D1,-0.20122603222557509
TIPRL,-0.21354207452164667
UBQLN2,0.0008910775428050688
ATP5F1,0.088615236656601
COL10A1,0.3926669083585129
OLA1,0.29759179254783763
PEX26,0.2273519133937587
YIPF2,-0.34290137965759754
NBPF10///NBPF8///AE01///NBPF9///NBPF11///NBPF12///NBPF1///NBPF14,0.5313589828801639
GNB1,0.5460734038267891
PEX16,-0.15170022155085097
UBLCP1,0.48368346424974995
IDS,0.5567953373615331
PSMD5-AS1,0.1028351258811728
NCBP3,0.34550350453172557
PITHD1,0.0353910473313237
IPO7,0.34270503524673007
PTGES3,0.2172946022155144
TOMM22,0.22440269889224773
CRYAB,0.1291121450151112
LOC101928405,-0.1367418026183232
WDR6,0.11418046324270226
PHF1,0.0029380161127920967
EIF3G,0.294847411883185
PFKL,0.05524594159114027
CAPNS1,0.15579932527694074
LOC727751///GOLGA2P10,0.13836008056394933
LOC100133459///NBPF10///NBPF8///AE01///NBPF9///NBPF15///NBPF11///NBPF12///NBPF1///NBPF14,0.4304657301107795
TUG1,0.22464616314199884
RSBN1,-0.20696140986907907
LOC284950,-0.0715160020140945
SNU13,-0.18858959718025725
SOCS3,-0.08734906344410387
F2R,-0.16946791540784983
CNOT2,0.09034073514602678
NONO,0.35208248741188714
SACM1L,0.37713056394763644
NDUFB2,0.2518250352467309
FUNDC2,-0.056924964753266916
NFIL3,-0.08913246727089211
HEXB,0.08151206445116471
LMNA,-0.008823665659612727
VIMP,0.22491862034240143
SLC44A1,-0.3117469284994921
RBBP6,0.28097729103726543
PHF2,0.26684210473313397
EXOSC9,-0.008537784491434969
NAE1,0.09229363544814204
LOC101928933,-0.11694996978851477
CTTN,0.056684803625382606
RDH14,-0.04984318227592652
HDGFRP2,-0.07885588116817306
USPL1,-0.059768147029199734
DCAF7,-0.19887756294057846
VCL,0.43880493454179614
MCUB,-0.0025617220543755204
C19orf43,0.43173449144008225
UBXN4,0.3059527291037304
CHMP2A,0.1304013695871143
LOC100128155///VAV2,-0.2910948741188277
UBE2K,0.011439103726087446
NTN5,-0.3379837361530655
LOC100133216///LOC100132072///CBWD7///CBWD6///CBWD3///CBWD5///CBWD2///CBWD1,0.11343294058409324
CTNNBL1,0.1745938167170233
LBHD1,0.11839718026183677
PSMA5,0.1777868277945654
CYFIP1,0.3682803524672743
PHB2,0.1886968982880199
NFATC2,0.35713493454179585
GS1-124K5.11,-0.11092978851963242
FLJ45482,-0.08806499496474848
C21orf62-AS1,-0.3912045115810611
KIF1B,-0.5046370694863982
ORAI2,-0.5360135649546758
LOC105373958,-0.13996069486404367
CDH19,-0.08206797583080949
CHST10,-0.2855602920443054
C5orf45,-0.14833818731117396
NRBP2,0.32297389728096926
SEC24A,0.3123747532729134
HSDL1,0.039546092648543946
PHLDA2,-0.03577747230613909
PABPC1///PABPC3,0.05093890231622017
SAMD4B,0.33918297079556936
KCNH6,-0.09438460221550377
SMARCA4,0.09612826787513105
MOCS1,-0.0031307653574982296
MON2,0.002024813695876204
TOB1,0.10251772406848353
SHFM1,0.33742402819738554
FGFRL1,0.10674317220543861
MIR100HG,0.40274685800604615
METTL22,-0.14619245720039808
FLII,0.18959876132930842
CLIC4,0.325429889224575
KLHL21,-0.26875423967774087
A2M,0.11706638469285713
PIGB,-0.002533746223559785
UGGT2,-0.042762396777436706
OSBPL5,0.2856692648539799
RHOQP2///RHOQP3///RHOQ,0.15297776435045696
FLRT2,0.3643126888217537
OSBPL9,0.19915537764350852
PDXDC1,-0.1076853474320183
TMED3,0.11646472306143435
COPG1,0.09768781470292495
RFC1,-0.02739512588116297
UGP2,0.2537547432024225
TSKU,0.05894866062437454
LAMB2,0.14411934541792842
ERP44,0.30817692849950035
CUL4A,-0.13183854984893778
B4GALT4,-0.28302879154078076
ESYT2,-0.0362712185297035
SIRPA,0.19656291037261137
SOX7,-0.12130501510573513
IMP3,-0.04203574018126527
CHPT1,0.11317307150050746
EIF4EBP1,-0.0030553575025137336
SDCBP,0.27016370594159506
DYNC1H1,0.03407708962739644
SDHB,-0.02210875125880657
COPS8,0.06498134944612756
SVIL,0.21115557905337728
EIF4EBP2,-0.03481874118831349
MCM3,-0.026137663645513953
FAM98A,0.3896528499496508
BCLAF1,0.26672917421953973
YES1,-0.008779264853972887
VASN,-0.004755266868074037
USP33,-0.08111038267874626
SNRPA1,-0.28330739174218866
ZNF664,0.34170968781470523
DKFZP547J0410,-0.11739696878146572
SPIN1,0.20203774420947002
LINC00504,0.02048034239678244
PPIC,0.46841767371601456
CAB39,0.14075702920443584
AFG3L2,0.2784764149043335
DENND4C,-0.04626576032225077
OTUD4,-0.06709067472305669
CYP1A2,-0.07998849949647091
ZFP36,0.5731729003021169
LINC00260,-8.920443101255102e-05
NREP,0.3954688318227615
COPS9,0.12638915407855322
ZNF302,0.03662173212487823
UBA6,0.12344180261833232
VPS35,0.03145660624371109
HNRNPA0,0.05291716012085076
OPTN,0.2526805337361566
NDUFB11,0.1263596878147062
GLO1,0.07201539778449687
MED7,-0.09945601208458626
DGCR8,-0.004964410876129047
GPR161,0.0566439577039312
SLC40A1,0.5745091137965788
RIMS1,-0.12602631419939142
CCT2,0.45433785498489665
PDIA4,0.2491586002014136
HECA,0.10605800604230137
UBL3,0.03283697885196957
CTNNA1,0.13823605236657055
RASA1,0.3198424269889255
YTHDF2,-0.13430018126887644
GTPBP2,0.35124068479355763
RNF11,0.25007415911380004
SESN2,0.3442756394763363
DENR,0.1665085901309204
LTN1,0.22375151057402168
STOM,0.507968298086609
WIPF1,0.2506646827794604
ZMIZ2,0.08307369587109992
MDH1,-0.07986286002013612
ARMCX3,0.20329808660624865
SLC14A1,0.14261456193353875
CDKN1B,-0.23302850956696386
NAV1,0.1326886706948677
KCTD10,0.09436366565962129
DLG1,0.2949926384692879
RPARP-AS1,-0.1374568680765313
ALDOC,-0.11249928499495995
CFDP1,-0.05480286002013535
CYR61,0.07408930513595535
ZNF37A,-0.05751959718025673
MIB1,0.24743256797583396
TRIM4,0.0658332829808711
SH3D19,0.18240211480363083
C14orf1,-0.018478167170187205
STAT1,0.6414701812688826
ATXN2,0.25534834843907783
RHCE,-0.06464379657602756
FTSJ1,-0.012495327291032948
PHTF2,0.23607376636455643
B4GALT7,0.25311102719033407
NDUFC1,0.1354752467270932
C19orf44,-0.14801552870090395
SLC28A2,-0.23198091641489882
TSR3,0.14758480362538084
PLP2,0.253281752265864
DAB2,0.3166832729103767
APLP2,0.44005665659617443
CYCS,-0.07523386706948049
ZNF350,-0.12636719033232185
FAM98B,-0.02765771399798092
HK2,-0.0014826283987861288
PRDX3,-0.046181581067467004
CAPRIN2,-0.07055211480362036
RCAN1,0.46612334340383005
TXNDC17,-0.04336914400805014
MALSU1,-0.06677302114803156
CUX1,0.15177736153071889
MEA1,0.07685887210473706
AAMP,-0.2355546727089592
TGFBR2,0.17382596173212994
SEPT6,0.03454525679758816
RGS2,0.16606303121853422
PROS1,0.20302315206445498
CALM3,0.14646119838872318
MKLN1,0.0877466565961772
EMC7,0.343474783484394
WASF2,0.11355022155086128
SGSM1,0.06967539778449601
MTMR3,0.0601535649546886
PARL,0.12119634441088001
MRPL55,-0.056133434038263735
PATJ,0.016859486404838753
PURA,0.10209436052367066
MAP3K3,0.2095969284994994
TRIOBP,-0.058784199395767844
HPRT1,0.18368424974824094
SLC25A36,0.2839250855991981
RANBP6,0.1650086102719063
DDX6,-0.00043141993957226954
MZT2A,-0.13526544813695468
NLRP1,-0.186053272910371
USP47,0.13471282980866633
PAN3,0.20997366565961995
SDHC,0.09799039274924928
TNPO2,0.5241113595166179
C11orf57,-0.06696156092648078
TMEM243,-0.16272085599194003
LCMT1,-0.04484841893252434
ZNF852,-0.008694279959715195
CHMP4A,0.0552116213494502
RNF24,0.05189786505539129
SLC29A1,0.2958323665659631
HOXC10,0.031248449144010815
VEZF1,0.4004565861027214
HNF1A,-0.0695021248741144
SFN,-0.8440525981873052
FLJ40473,0.25102601208459363
EIF3D,0.11525067472306624
AKR1B1,0.29630380664652933
YWHAE,0.19967541792548266
SCML2,0.02245013091641916
THUMPD1,-0.04921409869083099
LOC654342,-0.3499706445115751
ZMYM2,-0.15819989929505912
S100A7A,0.06967144008056754
GPANK1,0.1307318630412918
C17orf62,0.17915640483383916
CYP1B1,0.822360523665661
ELOF1,0.3190336354481398
TPM1,-0.14932562940583566
FASTK,-0.0020610876132891587
CCDC130,0.4795499295065453
METAP2,0.2178288821752303
GUK1,0.0929885498489469
BCL2,-0.01612927492446725
ADAM28,0.04016067472306484
GTF2A2,0.20794665659617761
PSMC2,-0.09639875125880526
BSDC1,0.031837009063447747
TRAPPC2B///TRAPPC2,-0.1789510271903276
GCAT,-0.5518845015105681
LOC727737///ATG4B,0.11365619335347872
ARHGAP1,0.15035107754280153
HEIH///LINC00847,0.05636335347432325
NCBP2,0.04226548841893646
ENDOD1,0.19097231621349886
ASUN,0.18082222557905653
GGNBP2,0.030755357502522895
GLYATL1,-0.16899172205437524
CSE1L,-0.08357638469284517
FLJ13769,-0.146429828801606
AKT1S1,-0.10159044310170745
C17orf89,0.05118113796576387
ZNF600///ZNF611,-0.12569844914400333
SLC39A14,0.42049382678751773
TOMM70,0.3113627895266902
LOC283731,-0.09274709969788056
TRIM39-RPP21///RPP21,0.015274461228603708
UXT,0.30932795568983307
PABPC1L,0.1172945518630448
C19orf12,-0.0021306445115779338
OXR1,-0.11530216515608749
PPCS,-0.08672681772406288
THAP5,-0.12476520644511024
MTMR14,-0.06043117824773041
SF3A1,0.20434341389728394
FLOT1,0.17785761329305427
MPC2,0.0065167170191386126
LOC100133459///NBPF10///NBPF8///AE01///NBPF9///NBPF15///NBPF11///NBPF12///NBPF3///NBPF1///NBPF14,0.20276830815710523
STXBP3,0.16390105740181676
IL13RA1,0.02195616314199836
ATP5H,-0.13152911379656979
MIR210HG,0.12265110775428134
TRIM33,0.3770546424974862
KCMF1,0.13097966767372027
WIPF2,-0.05816567975830389
MRPL45,-0.2975712487411828
ZNF451,0.2168946223564988
TCAF1,-0.04762134944611768
NFE2L1,0.30529218529708124
ITSN2,-0.015820916414898967
PNMA1,-0.15973216515608749
UHRF2,0.17733550855992372
TDP2,-0.019576636455180596
ALKBH4,-0.09817107754279487
ZNF148,0.10104710976838271
PAK2,0.2990938167170212
SAMD4A,0.5186367875125905
SPCS1,0.07059969788520111
CBR4,0.14681302114803896
CCT6A,-0.020625750251758022
TSC2,-0.19862501510573505
WDR75,-0.022532819738161625
CFAP20,0.06777419939577466
SPAG7,0.0934324672708996
GAGE12D///GAGE8///GAGE12F///GAGE2A///GAGE12H///GAGE12E///GAGE12B///GAGE12C///GAGE2D///GAGE12G///GAGE2B///GAGE2E///GAGE12I///GAGE7///GAGE6///GAGE5///GAGE4///GAGE3///GAGE2C,-0.139387260825776
TMEM182,-0.07794249748237209
SELK,-0.03244809667673157
NDUFV1,0.26292963746223785
PCNP,0.27914702920443457
SMNDC1,0.23402238670695175
ABHD2,0.21115749244713494
USO1,-0.05701007049344753
SS18///SSX1,-0.026618318227588686
CCNB1IP1,0.15134390735146436
WDR45B,0.2661415609264891
LUC7L2,0.0035086706948694313
NADK2,-0.12370073514601801
SPOCK1,0.3943439174219573
STK26,0.11717291037261124
NKAP,0.2679470191339404
GLTP,0.36771269889224856
DHFR,-0.1122515307150003
ARFGAP3,0.009221148036257967
BLOC1S6,-0.0423496978851922
PNN,-0.04763819738166547
SMC5,-0.10798592145014574
DIS3,-0.19860841893252223
BTN3A2,-0.05138901309163682
TIGD7,0.0036689828801655805
YTHDF3,0.4545237361530736
RASSF1,-0.11700109768378125
RITA1,-0.014610604229603467
EBNA1BP2,-0.06313001007048841
ZRSR2///ZRSR1,-0.06277512588116343
PDK1,0.006345317220548263
ACAT2,-0.16584735146021617
IST1,0.39260179254783784
HMBOX1,-0.032918771399793156
PRELID1,0.15823619335347738
ZCCHC7,0.15300598187311526
LTA4H,0.06250924471299579
MKRN1,0.544968177240686
CYSTM1,0.12865243705942025
CLECL1,-0.0642570493454136
PPHLN1,0.3179798086606265
ZMAT3,-0.08672508559918983
CYP17A1,-0.28119912386706347
LOC100134401,0.22588537764350758
P4HA2,0.21072478348439327
TBL1X,-0.007668942598182335
KIF13B,-0.1040702215508519
NCK1,0.06601579053374028
ITM2C,-0.036367220543801954
FAM35A,-0.08789548841892708
ATF2,0.1279130211480401
PCMTD1,-0.004042799597175989
SUCO,0.12725612286002336
POSTN,0.09804901309164712
CAPN2,0.10362503524673305
ROMO1,0.28667129909365946
MED14,0.1436440382678789
PTPRE,-0.2560605639476276
SMC3,0.1494565458207496
RPL3P7///RPL3,0.2833538469285064
TINF2,-0.0730621248741148
FOLH1B,-0.12740019133937033
TAZ,-0.09327386706948157
KLF6,0.10295334340383096
MAPK14,0.16094666666666907
LRP12,0.11520544813696297
KLHL2,0.012548821752270106
AMOTL2,0.22489386706948866
MRPL18,-0.038117301107749024
NCLN,-0.1759986002014053
TM9SF3,0.029080100704938674
RAD17,-0.005717573011072563
GALNT15,0.38939640483384097
PLAUR,-0.12646824773413362
DNAJB14,0.03995739174219975
PAIP1,-0.0866587210473258
SLC37A3,-0.015184994964747567
TCTN2,0.1808833937562968
COL5A2,0.31489311178248286
RPL7AP11///RPL7AP36///RPL7AP70///RPL7AP62///RPL7AP30///RPL7AP53///RPL7AP66///RPL7A,-0.009630855991940052
BICD2,-0.012589869083580146
TMX1,-0.13642987915407395
KAT8,-0.006474400805635622
HN1L,0.2459408056394789
HDAC10,-0.026494169184285238
LARP7,-0.10151688821751714
POLR2G,0.3639802416918452
CHST6,0.1955826888217551
TRIM36,-0.03525011077542377
FTO,0.06101953675730404
CERS5,0.12754783484391052
KLK4,-0.043148408862030016
PPT1,0.3499383282980894
ZNF829,-0.09160392749244256
RAF1,0.22282825780463633
LOC101927490,-0.05777315206444589
SCML2///SCML1,0.18861811681772656
TVP23C///TVP23B,-0.05823319234642038
DIO2,0.2496811782477382
THOC7,-0.03088907351459691
NXPH4,0.2628340886203415
SLC35E2B///SLC35E2,0.17921564954683117
DPYSL3,0.3403573313192392
ZCRB1,0.02744729103726634
CDON,0.2614297381671737
SIGMAR1///SNU13,0.15760390735146396
CWC22,-0.013394008056389739
SH3YL1,0.22475917421953917
SLIRP,-0.030039144008050855
SNRPB2,0.11436305135952146
POFUT1,0.0899981772406879
BUB3,0.7520384994964757
UBAP2,0.12597063444109063
MTIF3,0.12345582074522163
SDHD,0.04959866062437668
VPS53,-0.24298813695870577
DDX18,0.041168096676742094
NXT2,0.03542850956697252
LOC286437,-0.10706368580059938
ESF1,0.44876133937563406
S100B,0.40580078549849197
KIAA1191,0.27200811681772724
RYK,0.1813235548841936
ARFGEF1,-0.09848848942597749
LAMTOR5,0.12871075528701342
UROD,0.23452622356495745
FDPS,0.016589164149047514
PNRC2,0.2019774018126941
LMO7,0.1658669284995012
NME2///NME1,-0.10127154078549369
GNL2,-0.10721391742194891
YPEL5,0.1680229003021191
PAIP2,-0.1114958308157038
C16orf52,0.19206790533736565
SMG1P1///SMG1P5///BOLA2///SMG1P2///NPIPB4///SMG1,0.8113515508559961
ZNF554,-0.04159613293050898
MAP3K2,-0.04316237663644956
NDUFB9,0.1499658610271956
LOC284600,-0.11072096676736679
PRELID3B,0.0025033937562987246
FBXL3,-0.10680847935548315
COPRS,0.12997979859013456
HHIPL2,0.19701099697885427
MORC4,0.1852902215508593
ARFGEF2,0.37222802618328565
SLC16A1,0.05070776435045654
PTPRD,-0.12484983887210038
UFM1,0.13218267875126308
PKD1,0.025920140986910534
FAM20B,-0.02512481369586747
SMAD5,0.2837049647532779
FEM1A,-0.03188213494460945
CYB5B,0.4550377945619356
MAVS,0.11730201409869312
FNTA,0.06140627391742573
TBL2,0.17904555891238988
TBC1D22A,0.06669895266868454
PHPT1,0.46266598187311436
GARS,0.31692317220544314
EIF3A,0.1638101812688874
PDIA6,0.33514573011077864
TCEB2,0.4439783484390783
PCSK7,-0.06653440080563511
GALNT11,0.08068765357502938
LOC728522///HNRNPA3///HNRNPA3P1,-0.09997362537763732
LRRC37A2,-0.03967277945618919
CDC42BPA,0.01949612286002439
INPPL1,0.2292398590130933
RAB11FIP5,-0.14623257804631962
NDUFA13,0.26704579053374083
SMAD9,0.3534532225579083
EPB41L2,0.3091979456193386
UBE3A,0.14850280966767845
UBE2Q2,0.11019291037261408
FASTKD5,0.26138647532729403
PSMD10,0.08903811681772879
CRNDE,0.19430737160121253
RBFOX2,0.10316089627392222
COMMD6,0.18806664652568522
RXRA,0.04819019133937874
PPP1R8,0.05189450151057864
KYAT3,0.11224518630413358
DFFA,-0.07129104733131496
DKFZP586B0319,0.13674680765357883
MGC12488,-0.014495720040277743
IL1R1,0.3911304229607287
ASH1L,0.2711084592145061
SLC38A6,0.22939561933534974
SIPA1L3,0.20125671701913517
AAED1,0.06396210473313547
DDX17,0.37460352467271496
CYP27C1,-0.14643684793554435
RRP1B,0.15670859013092067
ANXA4,0.32249978851964006
CSGALNACT2,0.0011549043303169249
ALKBH5,-0.01970839879153799
RNF146,-0.30957173212486855
RSRP1,0.05853157099698279
CRBN,0.26290116817724607
TRO,0.1899571802618367
MCFD2,0.007204098690840988
H2AFY,0.15075137965760602
DNAJA1,0.01633383685801093
CNRIP1,-0.04653085599193846
DYNC1I2,0.2323489425981912
ZNF503,0.32256365558912603
ANAPC13,0.2265936958711016
STX8,-0.01018313192345989
WDR59,-0.2897141389728055
LRRC8A,0.0585609466263875
ACTR2,0.22687388721047816
NEK7,0.1649908358509615
LOC100129104,-0.04056775427995606
ANKRA2,-0.06277134944611804
NPC1,0.1265404028197417
ABCD3,0.10293274924471717
NDUFB6,0.010752255790538762
C2CD5,0.22990332326284335
MTR,-0.013612245720035665
DCDC2,0.021370000000004264
CASKIN1,0.13909665659617698
IKBKAP,0.15085461228600494
ABCC1,0.25606475327291456
ANKRD17,0.1912825176233684
ADPGK,0.25943477341390025
RPL23AP32,0.041039204431021485
FAM50A,-0.01165130916414342
LUC7L,0.19073732124874576
PET100,0.18907116817724523
COX11,0.31085352467271155
LOX,0.12615274924471687
NFX1,-0.09858351460220899
PGGHG,0.019872185297082567
GALNT1,0.22634580060423293
ADD3,0.15544660624371048
SPG11,-0.1500411178247681
EPRS,0.03649497482377262
ARMC1,0.2362956394763397
TMEM261,0.3867144612286023
GINS3,0.08983609264854397
CACYBP,-0.053808328298082325
TAB3,-0.3462067673715964
RNASET2,-0.06973918429002579
PHIP,-0.15605094662637947
DDX1,0.050281883182281994
LOC285074,0.0026503826787570572
BBX,-0.024138479355483078
POU5F1B///POU5F1,-0.032294531722050615
DNAJB6,0.0304205840886244
UBE2G2,-0.1359602316213448
SSBP3-AS1,-0.13380325276938082
AIG1,0.1207519436052418
SLC30A5,-0.1672346022155033
SEPT5///GP1BB,0.08803256797583403
SYNJ2BP,0.10567161127895763
ASMTL-AS1,-0.057103595166159246
RB1CC1,-0.007319949647527857
ACAA1,-0.28529180261832354
ANKRD11,0.012701470292048527
COX16,0.3306733031218547
SLC25A26,-0.05547377643504023
DUX4L2///DUX4L3///DUX4L5///DUX4L6///DUX4L7///DUX4L1,-0.05244960725075214
SRP72,0.2809701409869139
ZSWIM8,0.16087726082578369
FGF5,-0.013876928499492083
ANTXR1,0.41823546827795005
HPR///HP,0.007295438066469654
KRCC1,-0.1070240483383631
PSMG1,0.04761221550856376
ANP32A-IT1,-0.22036551863040876
SIPA1L2,0.27303882175227007
RRM1,0.036471863041293545
NIPSNAP1,-0.2528363343403788
MSH2,-0.008137653575021067
PSMD7,0.19617935548842197
SUCLG2,0.06632397784491875
MYDGF,-0.11282160120845484
LOC100131941,-0.016748801611275045
PHF11,-0.007839083585091913
DHX29,0.04356672708963195
CCND1,0.27020562940584314
CAMLG,0.12468351460221942
SRSF11,0.22458200402820086
ALG12,-0.03780288016112425
ARPC5L,0.08025982880161489
LOC340085,-0.16893462235649095
PPP6R2,-0.16608638469284648
TXNDC15,0.04850201409869592
TMEM258,0.19613414904330762
CBLB,0.19100256797583456
MRPS11,-0.17885302114803087
DGUOK,0.19320057401813023
LIMCH1,0.11381718026183765
FILIP1,-0.1991575125881111
MAOB,0.3148589325276959
PROM2,-0.2992820342396731
MGLL,-0.1893254884189276
KDM4C,-0.014864572004024518
YAP1,0.13208031218530142
TOR1AIP1,0.40512081570997266
AVL9,-0.1824858006042253
PPP1R12C,-0.03939093655588782
MUT,0.050901722054386006
LONP2,-0.1394365156092604
AP5S1,0.35750264853978275
ATG9A,-0.4181270493454136
VSTM4,-0.08832260825780068
CA11,-0.00918753272909903
SIL1,0.05361319234642792
FZD8,0.30311444108761565
COPS2,0.24157320241692165
GNAI3,0.4005570191339417
DAZAP1,0.29587636455186517
ZNF230,-0.1498355387713945
SF3B6,0.12191704934542241
POLR1D,0.25311460221551185
CFAP97,0.1462327089627426
SH3BGRL,0.18940287009063816
PRKXP1,0.006118398791544868
ARHGEF26,-0.07045916414903881
PER3,0.16795221550856415
RPL36A,0.27892112789527357
FAM160B2,0.21492409869083717
ARHGEF40,-0.08953764350452759
MBP,0.12856202416918677
GTF2H2C///GTF2H2B///GTF2H2,-0.09281388721046899
WDR90,-0.09560949647532324
WBP4,-0.08817394763342914
JADE1,0.16084329305136374
CAP1,0.2790333434038311
RBM17,0.23728540785498894
EIF1AX,0.26336193353474663
ERGIC2,0.036317623363550045
MYLK3,-0.06359869083584639
ITGAV,0.14115527693857519
PPP2CA,0.3618292648539817
HEATR6,0.38999051359516745
LGMN,0.16990254783484857
ZNF268,0.13466133937563185
NIPSNAP3A,0.03704214501511023
SYT7,-0.08382365558911975
TGFB1I1,0.3453174320241702
TIMM8B,-0.03937446122859478
TRAC///TRAJ17///TRAV20///TRD///TRA,-0.028696545820741437
BIVM,-0.09232081570996613
IGBP1,0.20108309164149413
TAF15,0.05180281973817191
TRMT11,0.06113253776435493
PSME4,0.15876706948640915
APMAP,0.23711537764350793
SRGAP3,-0.06716162134944181
SEMA3C,0.06542529707956218
SERF1B///SERF1A,-0.14643121852970337
LIMA1,0.18622729103726515
GSTO1,-0.024902527693850818
SLAIN2,0.028189405840890927
IBTK,-0.008386847935543118
SOX8,-0.16831563947633155
MBNL2,0.05619770392749773
XIAP,-0.258316837865049
MANF,0.5148272406847971
KIAA0506,-0.02454680765357084
LTV1,-0.08896829808660134
NOA1,-0.14912267875125418
RUNX3,0.4919042296072502
RING1,-0.21490657603222102
KIDINS220,0.1757867673716048
MDFIC,0.1443476636455225
GRTP1,-0.11481926485397317
ANXA11,0.172829214501514
ARAF,0.24034306143001227
ZFP36L1,0.3119891440080596
ARIH1,-0.022574773413893037
CFAP70,-0.2610317522658566
ZCCHC8,0.1469231017119873
ZNF131,0.23347577039275186
CMTM7,-0.29852735146021625
ZFP14,-0.14057068479354962
LRRN2,-0.025520644511576776
GRN,0.07789578046324686
EPAS1,0.25190060422961164
ZFP36L2,0.07630284994965171
CPQ,-0.16481931520644139
NUP58,-0.04492439073514157
COX6B1,0.18917586102719652
TNFRSF11B,0.34157425981873435
SMAD3,0.3763521148036276
RNPC3,-0.06113151057401339
ANKRD28,-0.09087841893252235
PCDH15,-0.013214884189320757
HTRA2,0.1520971500503563
LAPTM4B,0.27085244712991435
AKAP9,-0.02413415911379113
WDR82,0.2894484793554917
LINC00493,0.13058382678751687
TNS1,-0.04843970795568492
COPS5,-0.03413401812688338
PRKCDBP,-0.250736465256792
FBXO2,0.04157065458207776
SHTN1,0.04254368580060833
RASAL2,-0.10571711983886747
WBP11,0.26457819738167465
WHSC1L1,-0.019893977844910052
TAOK1,-0.12403023162134472
SNAP23,0.19674115810675047
SMCR5,-0.30404060422960266
DIP2C,0.07664473313192766
RAB8A,0.08799815709970188
ZDHHC16,-0.05624447129909116
NBAS,-0.11550052366565566
GLMP,-0.11806621349445631
MANBA,0.028574612286006107
IDH2,0.3758948237663656
FAM43B,-0.013723756294054132
CHMP3,0.17867778449144495
TUBB6,0.09034977844914899
FASTKD1,0.17232330312185623
ARHGAP35,-0.10696645518630007
TAF11,0.24254261832830137
TIMM8A,-0.3861225075528658
ANKRD65,-0.15325834843906852
MPI,-0.1883321047331283
FBXO7,0.12460145015106203
ZNF90,-0.08192866062436607
TMEM181,0.17252671701913824
FKBP10,0.31333342396777586
KIAA1656,-0.09974159113796094
TGM2,0.10796149043303557
MRPS5,0.17448352467271303
FUCA2,0.2945964048338411
TMEM14B,-0.037923141993952525
ZFHX4-AS1,-0.055679345417920634
GALNT6,-0.06264598187310778
STEAP3,0.4222919234642518
TLCD2,-0.09386407854984496
MMP3,0.09959918429003556
IL21R-AS1,-0.06999723061429576
ARMC10,-0.13672201409868512
MRPS15,0.13442917421953948
FNDC1,0.2794584189325302
NCOA6,0.2966729003021188
C19orf53,0.12147144008056796
LEPROT///LEPR,0.2914439476334371
TCEB1,0.10694647532729498
PPP1R15B,-0.027126686807649347
SLC38A1,0.34525443101712106
INGX,-0.12127364551862596
PREPL,0.09634802618328614
MPZL1,0.263164098690839
OGFRL1,0.30599658610272235
JUN,-0.04474588116817396
ST13,0.4164682074521673
GTF2IRD2,0.21418788519637733
EOGT,0.005900060422965064
SLC38A2,0.301151973816722
EMSY,-0.05615962739173727
ADIRF,0.39502224572004413
MRPL32,-0.019033665659612925
IQCA1,0.14426902316213938
CSMD2-AS1,-0.09300589123866645
TMEM57,0.02714082578046744
AKT3,0.21512274924471717
PIAS1,0.13834254783484848
NOL3,-0.017021359516613432
LOC100133581,-0.029566102719028556
PTPN9,0.23202969788519862
PMS1,-0.14738417925477945
LINC00824,-0.04764135951661207
SOX6///C11orf58,-0.1105984491440074
HGS,-0.0655184793554846
TBC1D23,0.09542086606244128
EIF2D,0.018724592145018704
ATRAID,0.3296060825780501
WNK1,-0.07416269889224131
RMDN2,-0.08217311178247289
NPAS3,0.41590227593152207
ANKRD9,0.19399711983887435
TMEM248,0.4779332124874133
EXOSC8,-0.009144199395766342
RPS10P5,0.23737926485398264
FAM53C,0.04396439073515018
NDUFB5,0.2614413192346454
NAA50,0.06096150050352943
NOL7,-0.2287504934541732
RABL2A///RABL2B,0.06965801611279326
PRMT2,0.0956970090634476
AKIRIN1,0.2332658006042322
DYSF,-0.3241935548841831
PPP1CA,-0.01615274924470931
CACNG4,-0.023585488418928796
TRIP12,0.09076035246727562
MICU2,0.0812299496475367
ZCCHC17,0.08746257804632818
FAHD2A,-0.10482806646525222
SLC16A3,-0.1529745317220489
BIRC6,0.14550976837865448
SFT2D1,0.21990523665659942
UBE2A,0.18530925478348836
ZNF622,-0.1533865055387669
POU2F3,-0.021860553877136056
RPL29P11///RPL29P4///RPL29,0.4314058509567025
PLK3,-0.18035299093655088
DENND5B,-0.1058140684793509
EMC2,-0.2956098086606193
ROBO3,0.1007871601208481
SIAH1,-0.13755077542799082
HTR7,-0.022711530715000643
PMPCB,0.15279838872105053
S100A1,0.04000779456193848
ADAMTS10,-0.10800648539778063
THADA,-0.12417631419939135
MAPRE1,0.0057561631419984945
EFS,0.3660385498489427
CD276,-0.22752315206444634
FBXO11,0.24030237663645715
ITPR3,0.5056243705941604
RBL2,0.11374764350453534
SPAG16,0.02499664652568369
GGPS1,0.15571252769386137
TANK,-0.12730787512587655
FAM3C,0.2815306445115857
FAM21D///FAM21A///FAM21C,0.1417967270896317
ABLIM3,0.016480704934545315
MYL6B,0.07707388721047681
CASP4,0.02915259818731549
KIAA1429,-0.11398952668680107
TTC17,0.07517389728097126
GLRX,0.05478509566969261
CSNK2A2,0.28480041289023417
ITFG1,0.055523423967778596
SLC23A2,-0.05288787512587685
JAGN1,0.043134692849953776
NUPR1,0.023658580060428147
PELI1,0.1173332527693905
CCAR1,0.11067321248741536
PLCD3,0.20826799597180345
GNG11,0.06628389728097173
GTF2H2C_2///GTF2H2C///GTF2H2B///GTF2H2,-0.06535151057401357
ESYT1,0.12717839879154416
KANSL1,0.16108174219537014
TAX1BP1,-0.017955931520640546
ZNF486,-0.2376094159113748
FLJ35934,-0.07591780463242309
RTCB,-0.06082957703927003
RBM12///CPNE1,-0.14553400805638966
HSPA4,0.05644366565962166
NANS,-0.13221867069485815
ZFHX3,0.06260158106747704
POLR2B,0.20449535750252204
EXOSC6,0.05006120845921825
SNRPD1,-0.06804210473312675
SOCS6,-0.04278711983886696
POLR3C,0.06885941591138448
PUM1,0.24039296072507968
SRCIN1,0.1199703121853006
SMURF2,-0.13545206445115396
C6orf50,-0.10324802618327833
VTA1,0.1259041490433068
ATP9A,0.23680517623363773
BAG5,0.15718420946626827
FAM3A,-0.013808509566966165
METTL10,0.034208851963750675
MTHFD1,-0.002021339375624945
LINC00673,-0.04978682779455962
MRPL42,0.2468126686807685
SEMA4C,0.15772501510574322
SRSF8,0.04239532729104196
SEPP1,0.34683761329305485
SLPI,0.4561774521651592
ALCAM,-0.1309901309164106
PCYOX1,0.08413021148036662
LOC100129436,-0.18996449144007616
MTMR2,0.009629768378656478
SIAE,-0.1264554682779411
FAM103A1,0.09149781470292406
MELTF,-0.19779338368579638
C11orf58,0.05588194360524161
RNGTT,0.029817653575029964
PLA2G4A,0.14919475327291365
PFKP,-0.06819741188317724
NAV2,0.24958751258811962
DHX57,-0.2912700805639441
EIF2S1,0.04193793554884695
BMS1P20///NCAPD2///FADS1,0.09857741188318486
RUFY1,0.4156388519637483
CENPB,0.12454383685800835
ADAM3A,-0.06534016112789076
BNIP2,-0.007105095669682926
REEP3,-0.0528989023162085
LAMTOR1,0.11559279959718335
CLUAP1,-0.26185861027189866
SLC5A12,-0.07972938569989502
PANK2,0.11603410876133252
VAMP3,0.2147023665659648
BOD1,-0.10736097683786022
ANKRD36B,0.053208408862038495
ZNF876P,-0.06422752265860716
DEFA1B///DEFA3///DEFA1,0.5871342799597226
GRINA,-0.18836459214501072
ZNF843,-0.026666586102714773
BAZ2B,-0.06314308157099241
PRKAR1A,0.3428307049345453
CTSD,0.09642219536757662
SH3KBP1,0.08190159113797048
EIF1AXP1///EIF1AX,0.14481638469285324
JMJD1C,0.5774551863041325
COX6A1,0.2375944310171252
SRRM1,0.3971719033232657
PLSCR4,0.04770391742195865
AKR1E2,-0.15337607250754778
FRG1JP///FRG1,-0.1103756092648478
ADD1,0.40432924471299203
PPP2CB,0.2125511782477385
STUB1,0.2983388721047361
METTL14,0.08616227593152528
GOLPH3,0.26913146022155443
SERPINB1,0.3134770896273935
AKR1A1,0.2307646525679798
TMCO1,0.2715551158106799
DDX50,0.20340813695871407
ATP2A2,-0.016975508559916475
PKIG,0.08092488418932964
SEC24D,0.1514572708962782
TIMM44,-0.14974436052366064
CD58,0.114130181268886
ZNRD1ASP,-0.10629839879153652
SCP2,0.03628735146022642
DYNC2LI1,0.00014048338368964804
SAR1A,0.1068688318227645
TLX1NB,-0.17518274924470903
CD84,-0.11532640483383255
CDC42SE1,0.4477871097683803
SPTLC3,0.17311675730111195
GALNT2,0.01856584088620844
BRD4,0.0034063544813750513
PEBP1,-0.13928519637461712
MTOR,-0.08327723061429482
STK3,0.19317118831823174
CBX1,0.262457905337365
GADD45A,0.12199801611279387
NUP43,0.18645781470292244
TPP1,0.2163298288016154
BICDL1,-0.17104154078549347
PLRG1,0.22571215508560144
DCAF6,0.08173930513595548
DOLK,0.13221171198389078
ZC3H7A,0.14866091641490858
COL15A1,0.3353186505538816
MMP13,0.2604412286002055
LINC00663,-0.014097854984889926
ARF1,0.08657975830816299
NRDC,-0.07344652567975299
CWC15,0.16939789526687235
KIAA0391///PSMA6,0.3782142296072547
MRPL58,0.0647582477341423
MAN2B2,-0.21169549848942015
POTEF///POTEE///POTEKP///ACTB,0.2674165659617369
GOSR1,0.10323320241692155
HOOK2,-0.11229955689828464
AGPAT4,-0.1397329103726057
SNAPC3,-0.03629200402819294
RTN4IP1,-0.06622972809667227
SLC22A17,0.04818944612286191
HSPA9,-0.04941346424974313
YEATS4,-0.004721661631415672
PPA1,0.019684572004033507
DNAJC19,0.2112485498489458
NDRG2,-0.047345075528696906
TRIM11,0.2330876938570008
NFATC2IP,-0.33620411883181733
C14orf132,-0.04251653575024733
SLC6A15,-0.12456414904329863
KLHL42,0.02492993957704434
SCPEP1,0.034496304128906315
MAGEF1,-0.03066990936555386
MMAB,0.048638288016116055
CHORDC1,-0.14143206445115236
DPY19L3,0.03780746223565357
TMEM212,-0.09100946626384274
C17orf58,-0.32681581067471804
C7orf49,-0.08553785498488917
GBP1,-0.09033365558911965
TTLL3,-0.14601953675729723
ZDHHC8,0.26593040281973956
CLINT1,0.2119246324269928
RBBP5,-0.09180993957703448
PVR,-0.11609785498488995
SDHAP3///SDHAP1///SDHA,-0.14830423967773887
DHTKD1,-0.03249626384692535
MRPS22,-0.06485215508559417
STAG1,-0.04752584088619988
APRT,-0.0850630715004996
NMRK1,0.14581726082578378
GNA12,0.16607007049345746
EIF2A,0.19731199395770815
MSH3,-0.09457279959717589
MTHFD2,0.024608338368584753
CEBPE,-0.0008755287009023296
KDM2A,0.032332255790538444
GTPBP6,0.04990180261833152
MRPS33,0.1777037462235687
KAT14,-0.14636867069485923
CCSER2,0.0020956495468323344
MATN2,0.2804625981873149
MCUR1,-0.05883574018126428
ATP11B,0.14881148036254116
PERP,-0.07774668680764965
TIAL1,0.005339869083590215
NCKIPSD,0.0685467673716047
IBSP,0.3672593655589171
SERINC3,0.16563325276939067
PSMD6,0.12952157099698397
KIF13A,0.009724400805643449
GTF2F2,0.010131903323267188
BRD7,-0.00924160120845402
TXNL4A,0.3365450654582101
MTRF1L,-0.12036525679757867
SMIM15,-0.10014683786504969
PSPH,0.10311298086606518
LOC732160///NDUFA10,-0.03663419939576529
LDHB,0.06242316213495047
PDCD7,0.06171416918429467
IKBKB,0.23398806646525955
GGCT,-0.028117784491434983
KCND3,-0.2487086706948594
PSMB6,0.16318559919436518
DEXI,0.34384223564954774
LGALS8,-0.029583383685795994
AMBP,-0.0017263947633402166
STARD7,0.2759198288016144
PRPS2,0.2748473212487439
POLR1B,-0.12887525679757836
VTI1A,0.1848276233635469
ATP13A1,-0.1731894159113756
LOC102723648,-0.04289649546827404
DCLRE1C,-0.08008828801610801
A4GALT,0.017140443101715593
KCTD3,0.14041290030211845
LOC100128402,-0.10635269889224136
ARMCX1,0.14854126888217914
CHCHD1,-0.06209464249747715
RAP1GDS1,-0.000566918428998503
PLOD3,0.1535620644511605
CASC4,0.09644125881168639
ZAK,-0.19981621349445697
FBXW4,0.1446967472306161
GNL3L,-0.12225122860019688
WDFY2,-0.12112820745216077
ARID4B,-0.1459078348439008
PTTG1,0.29012971802618587
CDC25B,0.13206598187311458
MEF2D,0.12487976837865289
EDIL3,0.1979356394763399
FAM177A1,0.10043434038268312
TRIM56,-0.16596387713997635
HAUS1,0.09028953675730533
MCOLN3,0.016847170191343894
GTF2IRD1,-0.1653345216515567
SLC35B3,0.15356724068479863
DHCR7,0.03645781470292336
CAMK1D,0.37247420946626714
RRM2B,0.018994431017124586
NF1,-0.1891388620342355
LINC00998,0.08611493454179586
CYB5R1,-0.009809697885191676
MRPL36,0.008048096676741126
PIGP,0.005312678751262484
DHX9,0.10256402819738555
CTSL,-0.00023367573010632525
SLC2A10,0.14301898288016562
ARHGAP33,-0.04869580060422546
PITPNB,-0.00824790533735642
DCAF16,-0.08824532729103249
GLIPR1,-0.022014622356490918
FXYD5,0.17461847935549316
P3H4,-0.027583232628394416
C1QTNF3///AMACR,0.20216736153071813
PLEKHF2,0.0017102719033279257
RPL7AP11///RPL7AP36///RPL7AP62///RPL7AP30///RPL7AP53///RPL7AP66///RPL7A,0.14696327291037764
WWC3,-0.08655712990936115
PPP4R2,0.10858299093655979
C6orf120,0.04558380664652917
PIGX,-0.046109053373610834
MAGEA12,-0.09550676737159638
NDUFAF7,-0.0464109264853939
CERK,0.05517703927492912
RPL39L,0.33184003021148223
C11orf31,-0.11034248741187719
APH1A,0.1440939577039314
SVEP1,-0.13465523665659182
ILF2,0.0502673011077588
HECTD2,0.11221943605236998
BRD8,0.1098483987915451
DNAJB9,0.24234409869083867
TDG,-0.08725852970795134
NIFK-AS1,-0.035684904330307604
SF3A2,0.14212782477341535
RBM41,-0.11132263846928062
KLHL23,0.006568610271907338
CDK2AP2,0.10015383685800976
CDC16,0.12734222557905703
PFDN4,-0.061999375629401166
ZNF665,-0.13546116817723605
TMEM55A,0.14700692849950014
MBD2,-0.006733383685796318
KDM4B,-0.052310936555886645
RAP1A,0.16401074521651954
PRB3,-0.19494106747230103
TRAF3,-0.01135507552869696
HEY1,-0.1224135448136911
YY1,0.036875276938574564
TJP1,0.07132529707956067
DDX39B,-0.07049388721046707
TPGS2,0.23058485397784745
WDR41,0.12781826787513045
AKAP17A,0.11565086606244054
FOXJ3,0.08404064451158486
MRPL43,-0.02924978851963339
LOC100131507,-0.11299266868076038
TMEM214,0.31102963746223783
AKT2,0.12729159113796784
CTSF,0.1434613695871118
C10orf10,-0.12778923464249148
PDXDC2P///PDXDC1,0.008957663645521995
CRIP1,0.3037635548841941
ZDHHC2,0.13294431017120223
DAG1,0.22635960725075677
NPTN-IT1,0.1325555589123889
SLC17A1,-0.09348885196374214
ALOXE3,0.10105188318227931
PIN1,0.024339013091644657
C14orf37,-0.08589821752265402
SULT1A4///SULT1A3,0.11362463242699161
PSMG4,0.12787619335347783
LOC728866///MAGT1,0.10420485397784857
SMIM3,0.22021920443102025
SNRPC,0.0013424269889265178
LPAR4,0.13752042296072803
SAMD9,-0.08410015105739713
AARS,0.0974412286002048
ACOT13,-0.12414748237663131
SCEL,-0.12506481369586675
TBATA,-0.06087977844913961
ANXA7,0.16525773413897837
NPIPB5///NPIPB6///SMG1P1///NPIPB7///NPIPB15///NPIPB3,-0.06583804632426572
CREB3,-0.02044056394762954
WLS,0.30534652567976106
HOXB7,0.018362366565966085
GNS,0.39724526686807893
SNRNP35,-0.11543889224571513
RGS3,0.08749688821752702
ODF2L,-0.1127426686807606
ZNF440,-0.12393443101711499
STC2,0.26339099697885504
TADA2A,-0.11447395770392316
VPS33A,-0.10806365558911979
NSMCE1,-0.023748187311174264
FKBP3,-0.019126717019129102
METTL9,0.10609150050352846
KIAA1143,-0.11615259818730678
MIR21///VMP1,0.18824032225579432
DHX15,0.09311259818731607
COX6B2,-0.04870524672708551
HMGN3,0.16365794561933922
KCTD4,0.037649194360526925
RARS2,-0.018403887210468123
NSRP1,-0.050268821752260856
YEATS2,-0.1355183182275877
CAND1,0.10736098690836324
PCF11,-0.006498277945614472
HERC1,0.16857573011077892
MRM2,0.0416529405840926
MAX,0.28418908358509826
RAP1GAP2,-0.3303576435045265
SPOP,-0.1034174622356448
TMEM43,0.3831223363544847
ARHGAP30,-0.04008149043302724
PPP2R5C,-0.11425641490432525
CCNG2,0.05075885196375124
SPTBN1,0.4218317421953705
ZNF625,0.0504073514602248
CCNB2,-0.02873399798589689
TYW3,-0.05743942598186802
ZNF521,0.02393506545821117
RNPS1,0.034852578046328186
RAE1,0.04332676737160477
EBAG9,0.0056063343403869315
TRPC4AP,0.3834520443101732
LATS2,0.27802850956697206
NHP2,0.1137978650553908
ZNF24,0.08850617321249189
LINC01550,-0.5295137462235591
CYB5D2,0.09679627391742518
STK35,-0.1357344511581028
KIAA0907,0.15237402819738577
LOC729580,-0.12896899295065065
HM13,-0.030560624370589894
SENP6,0.05273537764350883
ZNF169,-0.3306693856998945
LRRFIP2,-0.26387150050351943
C2orf74,-0.1743918328298033
GON4L,-0.199625649546823
HERPUD2,0.10307701913394166
C8orf88,0.07596405840886618
C19orf52,-0.010366354481365667
SERINC1,0.18321565961732578
BNC2,0.6926762638469298
UBP1,0.2079148136958751
RAB4A,0.07168665659617696
GLYR1///SEPT6,0.0689729204431056
BTAF1,-0.0011778147029164882
CUL3,0.4098648741188348
AXL,0.009213202416922715
GFPT1,0.013935397784495575
RNF139,-0.020455015105736912
TUBB2B,0.041284954682783384
CEBPZ,0.06576641490433555
ATP11A,-0.0839514702920397
TAMM41,0.012548157099702667
LTBP1,0.4869015911379691
LHFPL2,0.047331812688826774
CAT,0.025037059415916774
XRN1,-0.17410388721046882
GPX1,0.3613112386706977
COG1,0.3385335548841907
SUCLG1,-0.25671963746222964
CCNH,-0.15429617321248357
MKNK1,-0.037111681772402344
CD24,-0.040193323262835715
RAB23,-0.09721928499496002
PDZD11,0.002627190332329693
GNAQ,0.05849691842900824
SLC43A3,0.2418267472306171
KIAA0492,-0.09245712990936125
WISP3,-0.00795930513594606
DBF4B,-0.1481220745216483
ZNF462,0.20752795568983196
SBF2,0.03387835850957102
PEX1,-0.00213173212487064
MYCT1,-0.07684700906343919
TSPYL2,0.3028028600201428
MGST3,0.07395471299094158
NOL10,-0.025462900302109903
SLC30A7,0.10987849949647874
PI4KAP1///PI4KAP2///PI4KA,0.275034954682782
CLCN3,0.0413085297079592
ZNF692,0.03357131923464582
HS3ST1,-0.16469944612285534
ERBIN,0.2371079254783518
TTF1,0.0602603625377677
FAM49B,-0.059137764350448915
RWDD1,-0.12931001007048754
CACNB2,-0.17019346424974371
LOC100130308///KIAA0391///PSMA6,-0.06291176233635024
TSN,0.22458784491440598
PCK2,-0.06593782477340959
HADHA,0.24470951661631726
RETSAT,0.11718193353474686
ARHGAP12,0.09743962739174605
DMTF1,-0.026598811681767587
LOC100134611///LOC100130456,-0.12234945619334917
SNCA,0.0916187210473351
RNF14,0.023375639476338427
PJA2,0.364444290030215
MYO1C,-0.1434427593152018
XPNPEP3,-0.10854202416917935
CCDC84,0.258843514602218
HNRNPA1P36///HNRNPA1P41///HNRNPA1P59///HNRNPA1P51///HNRNPA1P22///HNRNPA1P53///HNRNPA1P33///HNRNPA1P50///HNRNPA1P27///HNRNPA1P10///HNRNPA1P52///HNRNPA1P12///LOC642817///HNRNPA1P30///HNRNPA1P39///HNRNPA1P56///HNRNPA1L2///HNRNPA1P60///HNRNPA1,0.03159091641490783
VAMP4,-0.0970475629405794
SEC11C,-0.11119957703927003
GTPBP8,0.30989652567976167
AQP3,-0.155861430010066
RHOQ,0.06977998992951114
PALLD,0.19918273917422422
UBE2V2,-0.005087442094657446
NAA20,0.012736092648544667
CYHR1,0.15410997985901542
ITGBL1,0.22874805639476656
RANBP10,-0.1215786505538731
COL6A2,0.2729811883182286
SYTL4,-0.09885599194360048
GAB2,-0.18256333333332941
UQCRC2,0.16980089627392217
ATP5C1,0.07779819738167798
ALDH1L2,0.07608411883182663
ZBTB18,0.1184844410876165
FASTKD2,0.004187119838875555
ME1,-0.040558630412885835
SCHIP1,0.09056183282981306
TRPM7,-0.023107069486400414
RNF34,0.08896737160121293
YIPF4,-0.008674209466259714
CNOT1,0.022942618328303105
ATAD1,0.1997710473313228
PTK2,0.1285469184290071
FAAP24,-0.4458759315206391
CEP57,0.009386163141998576
CDC34,-0.1395760322255752
POLR2J2,0.11111060422961196
GNPNAT1,0.023083464249752203
SCAF8,-0.15126460221550342
MIR22HG,0.14898669687815058
MESDC2,-0.020513544813691637
CDK6,0.0434083887210518
WWTR1,0.2693941691842942
COA1///CNN2,0.25503380664652825
NDUFA12,-0.03720693856998514
KANSL3,-0.0034066565961685114
DVL3,0.031503605236660244
NAB1,0.36973103726082834
CITED4,-0.041076656596171046
LOC100133166///NBR1,-0.10062144008055901
PM20D2,0.004545357502521746
SLC1A2,0.04025442094662948
ARHGAP31,0.07053980866062681
LOC652607///PABPC1P4///PABPC1///PABPC3,0.19908120845921767
HGSNAT,0.16232482376636803
AK3,0.16484667673716433
SLC25A42,-0.14221531722053887
C1orf210,-0.1366318932527648
SUZ12P1///SUZ12,0.18037332326284436
MCCC1,0.030006032225583512
MARK3,-0.22172167170190882
LOC100129015,-0.024707713997982106
HMGB2,-0.08830451158106234
TMEM50A,0.14325306143001462
WDR77,-0.055870745216511
SETD3,0.3331953776435065
ASAP1,-0.07159718026182793
DPY30,0.0018547633434084498
CBX5,0.30436891238671127
RBM3,0.007772920443104903
AASS,0.1564648338368615
SPATA45,0.08055064451158596
MRPL15,-0.004676102719028963
EXOC7,0.27200183282981016
LOC55338,0.09328979859013384
DNAJC2,-0.060404712990931975
RALGAPA1,-0.006382920443097462
RPUSD3,-0.1039049144008014
QSOX1,-0.048323061430006975
GLA,0.009702950654585984
MED29,-0.114710221550852
PPFIA1,0.09321123867069857
DDX47,-0.02614802618328002
NGRN,0.10631222557905709
CCDC144A,-0.0561405639476293
ZNF337,0.3557166767371628
ATF1,0.19840786505539065
UBE3D,-0.0875308962739138
TCF12,0.1896967673716058
DNMBP,-0.11222715005034806
PDCL,-0.18631420946625946
LOC100130220///DDX3Y///DDX3X,-0.13167483383685427
EPB41L4A,0.09622873111782868
ACAD11///NPHP3,0.012806273917426697
PAGR1,0.04052121852971174
ARHGEF10,0.07947433031218956
RBMS2,0.029268972809671643
MRS2,-0.1512568479355453
PLEKHB2,-0.06132252769385284
KYAT1,-0.34126463242698385
MITD1,-0.11192025176233181
NT5C2,0.32187487411883536
RIN2,-0.02996376636454884
USP48,-0.1693062034239629
AMD1,0.01877505538771833
ALG13,-0.07518911379657234
UQCRQ,0.2765757804632448
AP2M1,0.2350838368580095
RIN3,-0.08993720040281539
SQLE,-0.1507011379657548
SLC23A3,-0.1869697885196337
CDC20B,-0.14666562940583663
UBAC2,-0.04372925478347988
PHF21A,0.07719259818731569
HOXB2,0.06417864048338628
DDAH1,0.1734465055387754
ROBO1,-0.021932588116813007
ATP13A3,0.012502517623367848
C21orf58,-0.01972414904329952
ANKIB1,0.14641450151057914
NEFL,-0.10776961732124471
ZNF518A,-0.17988317220543376
SOX4,0.021316364551866973
SYNC,0.34484359516616503
INPP4A,0.17408668680765702
RPF1,0.1527709466263886
BCL3,-0.06833866062436655
STX7,0.32866058408862164
RNF216,-0.20903954682778986
PRPF38B,0.12664364551863344
CEP295,-0.017276163141990625
RHOA,0.276384874118837
FOXG1,-0.14367842900301753
OLFML2B,0.31085117824773856
API5,0.08857427995972193
ZNF280D,-0.1082047129909328
DYRK2,0.20423460221551282
IFT172,-0.12337181268881764
NMD3,-0.023790161127891035
FCGRT,-0.04427550855991553
OR7E2P,-0.07690519637462004
CAST,0.0825806344410927
LRFN4,0.1256414904330348
EPS15,0.023560644511585516
HSPA2,-0.18008525679757842
MLPH,0.10259856998993311
BACE2,0.13446270896274143
CNOT4,0.021493232628402293
EFCAB14,0.11069924471299525
CNP,0.08186908358509884
TMEM2,-0.04306121852970346
UNC13C,-0.1200537160120804
FGF1,0.012995659617325711
KLHDC3,0.17836558912386924
RRN3,-0.08379150050351922
NECAP2,-0.033213564954678365
TMIGD2,0.011319959718030015
ASB8,-0.3602488217522606
PPIP5K2,-0.0008447432024126234
SCAMP1,0.22485985901309502
IFT57,-0.08918224572003491
NUMB,-0.036758559919431444
ZMYM4,0.14307908358509952
STAM2,0.004170825780467027
AZIN1,0.02008454179255116
NBPF10///NBPF8///AE01///NBPF9///NBPF11///NBPF12///NBPF3///NBPF1///NBPF14,-0.1859571903323214
CXorf40B///CXorf40A,-0.1670503222557856
LOC100131844///ANAPC11,0.10097717019134247
ERAP2,-0.11152769385699404
SECISBP2L,0.19463062437059714
MAFB,0.4135218227593188
NAA16,0.25112513595166397
BPGM,0.20476120845921808
C9orf142,0.2172900402819764
ARPC3,-0.13913891238670129
ARPP19,0.25571605236657136
IFT20,0.14087699899295536
DOCK7,0.14395256797583475
SLC9A6,0.18977919436052482
HSD17B7,-0.13542685800603788
ANKRD37,0.16525939577039678
FAM122B,0.06161327291037687
DNASE1L1,0.22615229607251053
TCP1,0.0017333333333391376
TBC1D9B,0.0143019436052408
TPR,0.07084111782477753
MAPRE2,0.19056544813696222
BCAP29,0.22236383685800953
CFD,0.18150685800604538
SGCE,0.02689652567976265
TOP3B,-0.03185140986908083
NUTF2,0.23567230614300372
PHKB,0.012530644511585379
SPEN,0.4887384793554913
SYCE1,-0.058982235649542844
CCNG1,0.12107761329305507
ZNF629,-0.016134793554881705
NME4,0.30684707955689927
TBC1D12,0.04033874118832214
LAP3,0.04299705941591533
HSD17B4,0.16776580060423332
NAT9,-0.07137544813695604
EXOC1,-0.11536854984893741
KCNA6,-0.3008879053373559
LINC00969,-0.09957651560926079
PM20D2///COPS2,-0.029968620342392255
CBX7,-0.007984823766361004
LOXL3,0.09302661631420368
RANBP2,-0.03673853977844388
DIP2B,-0.09699683786505081
ACYP1,0.03349524672709406
TTC19,-0.07312867069485948
LRPPRC,0.21881912386707258
HTATSF1,-0.012758449144003092
PRINS,-0.028260322255786716
PRPS1,0.3382512789526719
TCEAL1,0.04432886203424332
ACP1,-0.09534667673715508
COA3,-0.09143176233635009
SUB1,-0.10786366565961125
TIMP4,0.4972599295065461
FAM135A,-0.01674607250754893
GNPAT,0.19445154078550206
NOC2L,-0.09739829808660203
SATB1,-0.1711390231621316
ZNF430,0.05128851963746646
WASH7P///WASH5P///WASH2P///WASH3P,-0.0745300503524632
BFSP1,-0.10704062437058925
UBE2N,-0.1082552970795514
MPHOSPH10,0.20433031218530034
YKT6,-0.21195280966766888
DPM1,-0.04511149043302587
NADK,0.19930469284995234
MAP4K5,-0.19828123867068975
ALPK1,-0.11770805639475923
LDOC1,0.0947211379657632
IMP4,-0.10041850956696427
ANK2,0.11766792547835175
NXPE1,-0.14466728096676285
MRPL16,0.06237774420947037
RBM27,-0.033826535750246634
HSPB11,0.1561034843907386
MGAT4EP,-0.7998235146022081
NASP,0.03341100704935032
ALS2CR11,0.01769164149043706
RPL21P68,0.005726183282985409
RNF103,0.05453363544814119
ZNHIT3,0.02434636455186759
CPTP,0.09645288016112863
IREB2,0.07413152064451561
FCRL5,-0.06544549848942167
SYMPK,0.32017460221551053
PSIP1,0.020608539778452006
TRMT6,-0.12137555891238189
DUSP6,-0.011604038267871167
GALNT4,0.1915483282980897
ALG5,0.01402750251762866
SPTLC1,0.09876935548842351
SIPA1L1,0.0718923867069529
ENOX2,-0.16415810674722564
DOCK10,-0.09974671701912992
RAB27A,0.19932060422961173
ISCA1,-0.004816847935544405
CNTLN,-0.11246314199395305
TOR4A,-0.32023666666666306
NDUFS4,0.006294763343408186
SURF4,-0.2551484290030166
WIPI1,0.11560787512588579
MFSD14B,0.07434058408862418
IRS2,0.03734935548842342
JAG1,-0.11280477341389283
C21orf59,0.005565790533740331
CADM1,0.24337754279960078
TSPAN4,-0.08596851963745841
FMNL1,0.05086793554884571
CEP41,-0.07123413897280553
SENP7,0.15591700906344713
MMP27,-0.04527878147028859
UNC119B,-0.053231027190327934
CP,-0.06611402819737727
POLR2C,0.027769295065462156
ZNF426,-0.05777076535749867
PIEZO1,-0.21251896273916931
PP2D1,-0.10539371601208058
FAT1,0.2984523262839912
CARD16,-0.25274812688821324
ZBED5,0.09736198388721544
FAF2,-0.06656966767371097
ATG12,0.1243224672709006
TPCN2,-0.30566248741187846
CAMSAP2,0.23541467270896613
FRG1JP,-0.05630795568982448
EDEM3,0.202256002014103
EEF2K,-0.018285579053370526
MRPS10,0.11841844914401195
MRPL13,-0.09125328298086259
LOC648517///AKR1C3///AKR1C2///AKR1C1,0.13779422960725585
PTPN4,-0.07648579053373206
UBTD2,0.07293251762336717
RPL7L1,-0.05892757301107274
PSME1,0.10856127895267344
NFIB,0.14717232628399216
U2AF2,-0.07649986908358408
PKM,-0.18737149043302348
TMEM237,-0.15268259818730612
VIM,0.417689969788525
WDR91,0.1593739476334355
NFIA,-0.03828167170190894
MOB2,0.19275150050352713
MEIS3,-0.030013675730106743
ADH4,-0.14070685800603772
INHBC,0.17408475327291295
FAM126B,-0.06754069486404396
LDLRAD3,0.3475930815709991
SATB2,-0.13055979859012684
RUFY2,-0.029918086606239097
TM2D1,0.09213872104733406
TSC22D1,0.4710321550856027
CHD1L,0.2507447734138991
PUM2,0.0891376636455231
GOLGA5,0.04988624370594691
LOC100507351,0.034404753272914625
FAM13B,-0.11090112789526244
DHX40,0.3097255790533757
CREB5,0.17162190332326577
HSPA13,0.022481752265865095
ELF2,-0.07396339375628991
FBXW7,-0.05242589123866715
DCTN4,0.11831022155086023
C6orf203,-0.16672397784491008
CS,0.23674674723061825
LOC100130173///PCNX4,0.03178653575025608
CUL9,0.2092709365558938
PIK3C2A,0.2172689627391778
GLRX2,-0.06321569989928993
U2SURP,0.23540849949647882
KRT18P33,-0.08707323262839413
CD8B,-0.2555531621349397
RAD21,0.10635543806646919
HEATR3,-0.034959818731114464
EMILIN3,-0.06777353474320025
GLRX3P2///GLRX3,0.05229342396777858
TES,0.1323437361530758
TGS1,-0.009997351460216936
WDR11,0.07049151057402216
TPPP3,-0.04602399798589665
PLXDC2,0.2652058006042343
GOLIM4,0.14291565961732547
PHLDB1,0.30666450151057634
HYI-AS1,-0.1466381570996938
WDR26,0.15653345417925815
MACF1,0.37147709969788834
LOC105377832,0.02507229607251109
UBR3,0.04475144008056834
TYMP,-0.002653685800600533
TMX3,0.1122991742195403
EDRF1,-0.0023163141993915726
SMIM10L2A///CT55,-0.12354162134944241
ARL4C,0.05548210473313559
NUP50,0.02479264853978224
SNORD104,0.28685819738167284
KAT6A,0.07356007049345817
ORM2///ORM1,0.07033390735146376
WDR46,-0.004817653575020786
BRIX1,0.001025448136962349
CSPP1,-0.0966204833836809
CREBZF,-0.060696012084587886
ZNF33B///ZNF33A,-0.10974076535749747
HADHB,-0.005889244712986741
DCBLD2,0.10114922457200773
MINA,-0.1465068378650507
MTFP1,-0.06055680765357027
ZNF398,-0.00023405840885795757
BDH2,0.03462868076536174
CUL4B,0.04610295065458621
NFKBIA,-0.063624672708957
TMEM11,-0.18639125881167756
CHST3,0.15957569989929904
THRAP3,-0.10072426988921956
C5orf22,0.12640319234642788
ADAMTS5,0.005230775428000179
COPS6,0.016762719033236104
SPATA9,-0.021026002014094755
JMJD6,-0.004951822759311109
WASH7P///WASH2P///WASH3P,-0.11118232628398433
WDR83,0.055437462235653004
TSTA3,-0.03139155085598794
BCAR1,-0.03924797583081209
CCDC59,0.01659949647533077
SMIM14,0.09318625377644019
LIN7C,0.0747956495468328
LOC728678,-0.19316033232627805
ZNF236,-0.13823206445115366
KRT7,-0.04604926485397427
PPP4R1,-0.13323224572003728
NAXD,0.16676340382679034
SERINC5,-0.05632539778448739
RER1,0.21051610271903592
TMEM198B,-0.11215692849949219
NCOR1,0.19447827794562295
RRS1,-0.25944467270895843
MTM1,0.0023272708962774336
CCDC97,0.20043787512588274
SPRTN,0.03453368580060786
LINC00102,-0.0888276032225539
CHMP2B,0.044969355488423
PKD1L1,-0.04183829808660203
CSNK2A1,-0.03220678751258407
NUP37,0.10214016112789936
NUS1,-0.05788741188317742
CTR9,0.15627507552870523
NUDT21,0.0586083786505564
IFNGR2,0.11180222557905789
ODC1,0.011320735146026079
LOC100133298///GLIDR,-0.3175525176233586
SLC38A4,-0.16063444108760955
CYP4A22///CYP4A11,-0.03329127895266488
BCAS2,0.021089113796579694
ZNF385A,0.31160034239677703
ZDHHC17,0.04141367573011488
UBAP2L,0.28121114803625535
C1orf27,-0.007789436052362084
MKX,-0.00700162134944235
AKAIN1,-0.13923241691842475
ITGA4,-0.10725802618327877
RASD1,0.3877849647532744
PCCB,-0.09083734138972299
CISD2,-0.006344551863036618
ENY2,-0.19310078549848264
C3orf62///USP4,0.006865407854988757
ERCC5,0.0923925881168228
DDX46,0.24991506545821196
DVL2,-0.043619728096674276
HLA-E,-0.009501822759310052
USE1,0.04185202416918827
DDX3Y,-0.2095260523665592
ATP5A1,0.2769216112789573
SNHG7,-0.2765167573011023
HDLBP,0.1993581470292043
SERINC2,-0.08298426988922
DBI,0.16361127895267386
DNAJB2,0.07480042296072856
NDUFA2,0.09382495468278437
MCM3AP,-0.053684773413891995
TDRD3,0.08790946626385014
STK38,0.06323305135952131
LRRC2,-0.08092081570996582
GCC2,0.23020172205438458
DHRS4-AS1,-0.06149095669687395
P4HB,0.2789151863041344
VPS29,0.018157955689834304
NRK,0.09383003021148428
AKR7A2,0.18366017119839112
ARHGAP26-AS1,-0.12698115810674207
VPS26A,0.22315492447130364
PEA15,0.1578275226586138
SLC33A1,0.17015960725075854
AURKAIP1,-0.26148154078549246
AHCTF1,0.04961380664652986
BRD7P3,-0.26244550855991505
GALNT7,0.15753094662638858
PHF20L1,-0.11453106747230152
HLA-DQB1,-0.08542640483383232
TRAPPC3,0.09214963746223861
DROSHA,-0.2001015810674674
PTPN13,0.3016700100704958
ERN2,0.002917573011080969
LOC283140,0.10953677744209833
ST20///BCL2A1,0.16869511581067875
GNAI2,-0.19302207452164682
EXTL2,0.03254256797583524
MTBP,-0.01173722054380251
SMDT1,0.17782941591138113
ZBED1,-0.5360714400805572
FAM76B,0.02537670694864442
NUAK1,0.21672921450151428
SCARF2,0.08081584088620643
METRN,0.057398207452168455
BLVRA,0.004888126888221385
DCK,-0.018471671701909345
DDX60L,-0.035840322255786664
ACTR3,0.1172830815710013
PHYH,0.27421548841893456
SLBP,0.09880135951662047
ATRX,-0.03841273917421428
TTC1,0.04103158106747663
FBXO28,0.37377465256797854
ARPC5,0.04312194360524199
ABCB7,-0.07055263846928087
NARF,-0.26486438066464707
SPATA31A5///SPATA31A3///SPATA31A1///SPATA31A6///SPATA31A7,-0.013829768378646634
DYRK4,0.08530650553877503
SNTB2,-0.2743037361530675
NEDD4,-0.04323127895266442
SLC2A12,0.21325252769386077
LINC00566,0.009775861027194008
TRIM44,0.17545499496475758
WDR60,0.1462987915407879
RIC8A,0.20007843907351702
RBP4,0.23445948640483716
OFD1,0.10796442094663006
TCEAL8,0.04086417925478764
TNRC6A,-0.015526314199393987
SRI,-0.139431782477338
GUCD1,0.1521011480362563
SUCLA2,0.02189207452165673
ZNF652,-0.11449072507552299
FAM81B,-0.13921719033232205
PHGDH,-0.0727042799597144
RAPGEF4,-0.06153081570996537
LCOR,0.08258097683786875
MZT1,0.04258677744209899
DNAJC22,-0.05153205438066023
FTSJ3,0.0714426686807691
GRK5,0.08985135951662032
BCAP31,0.0967586505538802
ZFHX2,0.19056664652568328
PXDC1,-0.10037755287008598
LOC727815,0.016826545820749203
USP16,-0.029515146022150246
CCND3,0.04616494461229002
LAMTOR4,-0.019318539778445123
CXCL14,0.358360181268887
ZNF277,0.06003000000000372
ZNF101,-0.2169349144008014
COMMD5,0.05852187311178578
ZHX2,0.18129308157099916
MFF,-0.13164391742194825
HLA-F-AS1,-0.07002291037260425
TSNAX,0.057458388721051384
LRRC47,-0.2178802316213454
FDFT1,-0.07093741188317726
RALGAPB,-0.2384635548841859
SPAG11A///SPAG11B,-0.09216029204430576
KAT6B,0.16509618328298387
COL16A1,-0.28230622356495
TWF1,0.004463323262844376
SDAD1,0.16310905337362003
LAMP2,0.04360514602215863
IFI16,0.1774416918429043
DCUN1D4,-0.006819345417921403
MAFG,-0.15843624370593706
FLJ30679,-0.06490471299093294
LOC100133811///LOC100133661///LOC100133484///ZNF749///RNASE2///HLA-DRB5///HLA-DRB4///HLA-DRB3///HLA-DRB2///HLA-DRB1,-0.06647662638468917
RRAGD,-0.1173146424974777
GPR180,-0.06293289023161747
PON2,0.14245377643504875
ICK,0.0049932527693890005
OSBPL8,0.09992909365559269
HERC4,0.0682964451158147
DNM1L,0.06090468277946076
LOC100134159///CCDC144CP///CCDC144B///CCDC144A,-0.032945619335343415
CTDSP2,0.18954243705941942
CALD1,0.12946167170191847
TRAPPC11,0.0015034239677789024
RECQL,0.025635528700911042
KXD1,-0.035279244712987184
ABCA5,-0.0037434944612247095
THAP2,-0.05274544813695459
HMGA1,-0.6404981067472233
TMEM9,0.1604691943605253
MAGOHB,-0.11219566968781111
PSMA1,0.19838500503525125
GRB10,-0.015249577039271133
ASB3,0.05365237663645828
DLC1,0.3244828398791564
SMG1P1,-0.17876348439073078
COX20,0.007146485397788532
MYO1B,0.1279055589123908
SIGLEC8,-0.10382015105739759
PRSS23,-0.011267220543801193
BMP1,0.0075813997985932635
YY1AP1,0.03927561933535179
MRPL17,-0.03433322255790014
IFT27,0.02976357502518026
ATP6V1E1,0.0881976334340416
UFSP2,-0.060702165156087895
POLR2K,0.17674900302115173
TMX4,0.08087390735146359
RIF1,0.036439637462239764
GPR107,-0.1388221953675688
SENP5,-0.035369627391738004
CBFA2T2,-0.14444661631419617
SMURF1,-0.14073219536756804
FAM91A1,-0.08600353474319863
NR4A2,-0.06440769385699469
EVI2B///EVI2A,-0.003802376636451124
C20orf194,0.05698895266868423
WIZ,0.13966052366566212
KDM3A,0.1183633031218566
KIAA0586,-0.05711298086605829
SHC4,-0.08830472306142495
ATP5SL,0.09566679758308524
CAPG,-0.04332161127894785
ERO1A,-0.13892413897280476
SLC29A2,-0.1348309869083543
CHCHD3,-0.0862219738167116
ENSA,-0.06394955689828313
NFKBIB,-0.3364631319234593
ZNF766,-0.14388383685800166
ALG2,0.20747809667674022
LSM5,-0.03761525679757821
AAK1,0.10815235649547228
HSP90AB1,0.3881549144008102
GOLGA8DP///GOLGA8F///GOLGA8CP///GOLGA8EP///GOLGA8G,0.028069154078554356
LZTR1,0.24244603222558025
NSUN2,0.007110704934545462
FAM222B,0.17111228600201683
LILRB1,0.03295015105740562
RNF181,0.025071027190337464
CCNL1,0.06255806646526117
SLC35G2,-0.02912749244712588
PLXNA1,0.07278678751259096
LINC00184,-0.07276396777441684
FKBP7,-0.04362598187310715
COPZ1,0.05800786505539281
ZNF107,-0.11861263846928129
KLHDC2,0.028934088620346965
MIEN1,0.15877302114803943
COX8A,0.01687191339376054
STRN3,0.07197473313192765
BMS1,-0.18055809667673212
PAK1IP1,-0.03942127895266459
IRAK4,-0.08432756294057964
FAM8A1,0.44554203423968036
ANTXR2,0.2504430412890263
OMA1,-0.014110493454174783
CHST15,0.18769618328298393
CAPN3,0.08538897280966928
FAHD1,-0.428727532729098
MSRB1,-0.07097555891238223
SUPT5H,0.05055899295065741
LOC643187,-0.07211832829808273
SERPINF1,0.3370933031218573
DYRK1B,0.0095238972809705
MYH8,-0.026044451158102472
DOK4,0.005484551863044446
UBE2L3,0.054078781470295864
HNRNPCL3///HNRNPCL2///HNRNPC,0.0066291742195415115
IFI6,0.1801445317220573
DNAJC7,-0.07582315206444629
MARCKS,0.3313863947633465
HIF1AN,-0.13633028197381292
TMEM165,-0.14935132930513118
SUV39H2,-0.07359909365558545
FKBP11,-0.06922751258811265
DTX3L,0.08227815709970246
COX17,0.03928769385700351
IDH3A,0.004407703927496592
BBIP1,-0.05659184290029812
POLR3A,-0.1517760422960674
SCYL1,0.07217884189325541
PSMG3,-0.1745837865055339
SH2D3A,0.02783008056395095
NXN,-0.031359214501507235
OBSL1,0.04172172205438185
MYB,-0.19483449144007584
ARF6,0.17554073514602694
LEPROT,0.018935065458212635
VBP1,0.24803333333333608
PSMC6,0.058850624370598015
GLI3,0.28562650553877417
IGSF9B,-0.27946825780462703
ERRFI1,0.10190036253776902
GPN3,-0.07453590130915994
TM4SF1,0.11772097683786922
RANBP1,-0.0897460725075486
DNAJB1,0.23796853977845367
SGIP1,-0.09899116817723709
THBS3,0.1288505840886245
RPA3,0.13891140986908768
TRIM38,0.07387771399798944
CDK2,0.06231551863041658
IGLL5///IGLJ3///IGLV3-19,-0.04755252769385333
TMED8,0.27278156092648803
CLDND1,-0.08214312185296635
MEIS2,0.029462628398795557
BASP1,0.07178728096677126
PPP1R15A,0.09129677744209758
RPS4XP17///RPS4XP7///RPS4XP13///RPS4X,-0.00903245720039867
ZNF106,-0.15850682779455688
ARL8B,0.11868963746224062
SPP1,0.03990828801611784
METTL26,0.03208461228600468
C14orf119,0.1667268982880195
ELOVL5,0.12363331319235056
SIGMAR1,0.044638257804635595
FBXL17,0.032732165156096366
GEM,-0.19871427995971225
HLA-DPB1,0.03633353474320628
SUMO2///SUMO3,-0.0043802114803588015
BRAP,0.07848950654582457
TRIM2,0.31715115810674965
KIAA0040,-0.06685512588116349
WRB,0.10148539778449488
BCL2L13,-0.11881683786505048
PRCP,0.20658071500503927
SMARCA1,0.14176528700906704
ACER3,-0.10734690835850527
PTGDS,0.07060024169184642
PDS5B,0.14618359516616594
LARP1,0.19811194360524065
WDR45,0.025032819738170203
TREM1,0.28277131923464593
MYO15A,-0.029395357502514447
UBE2D4,-0.12127351460221109
F8A3///F8A2///F8A1,-0.017205407854981924
TARS,0.016565478348444435
MRPL40,-0.22441823766364005
FOXRED2,-0.10025649546827367
C8orf34,-0.13848055387713656
LAMTOR3,-0.021073152064446543
SLC16A4,0.16135383685800972
EIF3J,-0.007993927492443195
SEPT11,-0.03310901309163719
ADGRG2,0.03683035246727598
LPAR5,-0.09889636455185916
ANO6,0.06049912386707432
EEA1,-0.11637913393755797
UBE4A,0.04502759315207028
CNTRL,0.0357420946626424
EMC8,-0.002615568982876945
NIT2,0.13014643504531997
MAGEB18,-0.05267151057401405
AQP5,-0.48310392749244213
KPNA6,-0.05578540785498007
BBS2,-0.10768098690835298
PIK3C3,0.09767548841893671
NBEAP1,-0.17593524672708485
SEC61A1,0.02678635448137448
UBASH3B,-0.02635379657602828
MTHFD1L,-0.16047765357502042
ZNF333,0.05597038267875404
PRO2949,-0.27015268882174853
NAAA,-0.05477769385699513
ITGB1,0.23806833836858374
ZCCHC24,0.3497640986908387
REM1,0.13506938569990262
EXT2,0.03003436052366995
FLJ12120,-0.15121097683786108
RAPGEF2,0.005199345417930601
SLC25A24,0.1508647834843957
HDAC9,0.055860412890235765
TRAPPC4,0.109573595166166
LOC283788,-0.008032084592141643
WNT16,0.06712682779456543
PNRC1,-0.004895931520640245
LOC100287166,-0.37591240684793215
RABGGTB,-0.03567839879153556
MOB1B,-0.0816846122859971
LOC728844///HNRNPA1,0.11665290030211924
IFI44,-0.015230292044305982
KLF7,0.32711646525680116
NFE2L2,0.011499476334344066
SART1,0.0206856596173251
FLYWCH2,0.20867894259819053
POLI,0.08741121852971151
GBAS,0.1164515709969822
HDGFRP3,-0.007848016112784989
MEIS3P1///IL6ST,-0.04171689828801213
PDZD2,0.02344021148036637
RAD18,-0.10843039274924021
SECISBP2,-0.08782221550855485
CYBRD1,0.018233232628402873
MAFF,-0.11994589123866656
ELF1,0.15475041289023533
FAM179B,-0.08540116817723614
CLEC2D,-0.010976324269885943
NAPEPLD,-0.13622117824772972
CWC27,0.13088412890232093
FAM193B,-0.06980057401812267
TTC37,0.12700868076536168
FAM186A,0.06689151057402118
ABCB9,0.09431166163142285
ENTPD4,0.2917746324269925
TPD52L1,0.28878198388721266
LOC442113,-0.061428388721043226
RWDD3,-0.06513865055387227
EPS8,0.2598668378650594
LOC93622,0.1757986002014131
TRIO,-0.03244385699898917
BLCAP,0.0720689526686833
KIAA0196,0.1089792346425011
RND3,0.01910314199396268
CES2,0.17343169184290175
MED4,-0.024804350453167284
ERN1,0.18897046324270006
GBP4///SEC62///FTL,0.22603161127895816
PBRM1,-0.05832562940583694
PLGRKT,0.09864952668681226
VMP1,0.055549718026186565
NSUN5,0.06297649546828182
UTP18,-0.09856968781469788
LIPJ,-0.0668899395770352
GLT8D2,0.02838608257805106
CCDC91,-0.051200312185292196
RFPL2,-0.06927077542799172
LGALSL,0.14656143001007446
MGC24103,0.19138624370594493
SPATA6L,-0.003927311178244054
SFXN1,0.039183423967777783
LOC100129488,-0.09870586102718631
OSBP,-0.047476928499492685
HARS,0.020078247734142636
RMND1,0.012148388721051548
PSMD11,0.05432698892246174
SLC25A23,0.053428469284998545
FAM134A,-0.2264472205438025
SRSF10,-0.024942980866057785
LSM14A,0.17721877139980236
CTB-12O2.1,-0.0988737160120807
MEOX1,0.02567499496475719
MAGED2,0.12881220543807115
NSMAF,0.10021017119839276
GOLT1B,0.09411076535750723
NIPBL,0.1489503121852997
HEXA,-0.04808754279959268
WDR89,-0.052662124874114535
FAM228B,0.01073669687815064
YTHDF1,0.048188569989934274
MGAT1,-0.1615183182275884
ZBTB21,0.022449909365563264
RHOT1,0.13656241691843343
MST1L///MST1,-0.1659525377643462
TMEM254,-0.10097419939576639
TRAM2,0.17409959718026624
MORC3,0.0903466868076579
RALA,0.08149696878147128
ZNF417,-0.2973061732124824
FBXO3,0.03255440080564262
TYW1,0.07619705941591506
CETN2,-0.16025357502517018
ZNF706,-0.06596897280966296
SLC39A9,0.13387013091641847
WIF1,-0.01338795568982476
F5,0.15715665659617656
LOC100131955///KCNJ15,-0.1487083987915366
MYO19,0.007370523665663681
ART1,0.07711845921450569
CDCA7L,-0.12067936555890679
EBF2,-0.22015688821751855
C18orf32,0.051364229607254536
CILP2,-0.37437290030211157
DPP8,0.31977277945619675
LOC100132357,0.22453833836858383
ABCD4,-0.09721090634440638
ZNF362,-0.0815558308157059
KIF21A,0.10333883182276385
KIF3B,-0.06368349446122445
ZC3H15,0.03588818731118293
CSTF3,-0.03343043303121419
WDR76,-0.02480737160120492
MAP3K8,-0.1930111681772364
HDAC7,-0.005597230614296428
IGFBP3,-0.05273097683785938
TNFSF10,0.15805685800604657
ESR1,-0.4650500704934487
PTX3,0.09243915407855377
NUP85,0.026105246727094022
PRKAR2A,0.32557616314199667
TUBGCP3,0.12294808660624773
ALOX15,-0.06372344410875715
HIVEP1,-0.07831623363544263
PODNL1,-0.10655272910372304
LINC01530,-0.12810351460221056
CAPN15,0.027662990936557996
NBL1,0.1491598690835889
FHAD1,0.09539827794562172
SESTD1,0.2820173716012129
FRY-AS1,-0.10875759315206049
ZNF44,-0.1740869889224521
PAPOLA,-0.07075721047330842
RAPGEF3,0.13148319234642747
RBM6,0.09708920443102106
TFB2M,0.035778016112792854
ARV1,0.010385075528704671
XYLB,-0.005942900302111059
RAB18,0.06904865055388107
LOC100131861///SAMM50,0.19190439073514942
MEX3C,-0.28209896273916923
CWF19L1,0.24021905337361615
C1RL,0.09739973816717407
JOSD1,0.08389046324270232
PLEKHN1,0.17899930513595536
DYM,0.002414551863044151
DERL1,0.06412156092649032
GOPC,-0.1965678751258751
EMC3,0.18679624370594544
RBM46,-0.057153554884185595
LOC105369662,0.003441812688823487
VDR,-0.04677518630412425
TSC1,-0.14652118831822258
NDUFB4P12///NDUFB4,0.1380161027190368
LOC101929741,-0.0439439476334304
PWP1,0.06455039274924908
LINC01105,0.06390660624370977
WDR54,-0.008244320241687364
ALDH18A1,0.008585135951666711
FAM188A,-0.0212889728096639
MUS81,0.10270899295065722
GMEB2,-0.028478630412886785
WBSCR17,0.14047002014098914
PSMD9,-0.0013632729103692613
SSX1,-0.1003198690835812
USP7,-0.11796363544813193
TMEM128,0.2859904229607272
ITGB8,-0.0003308358509525981
ZCCHC6,0.3051092648539806
MTIF2,-0.0872231117824725
LOC728216///BCRP3,-0.11219608257804187
ZNF704,0.2202489123867093
LY6G5B///CSNK2B,0.08110203423968215
COCH,-0.4048928700906286
OTUD5,0.08156122860020545
RAB14,0.018396334340387177
AGT,-0.12603901309163698
HOXB4,-0.23967045317220229
IFT80,0.09774138972810043
MFSD1,0.22715103726082975
KPNA2,0.05470250755287435
RTN3,0.35769387713998224
ANKHD1,-0.017936042296068516
CDK5RAP2,0.0175158006042334
MRPS27,-0.021367905337358148
PCDHGA1///PCDHGA2///PCDHGA3///PCDHGA4///PCDHGA5///PCDHGA6///PCDHGA7///PCDHGA9///PCDHGA10///PCDHGA11///PCDHGB1///PCDHGB2///PCDHGB3///PCDHGB5///PCDHGB6///PCDHGB7///PCDHGC4///PCDHGC5///PCDHGA12///PCDHGA8///PCDHGB4///PCDHGC3,0.17999008056394927
AGK,-0.0050944712990902835
MED17,0.020927784491443988
KCNA4,0.04179688821752624
ARRDC2,-0.21501567975830338
EIF2S3,0.0582456797583122
TATDN3,-0.05442456193353029
ECHS1,0.08305574018127299
NEDD9,0.02610994964753685
LOC647109///LINC01192,-0.057714058408857655
LRRC37A7P,-0.17992369587109355
PIP4K2C,0.0036641087613324685
LOC440983,-0.3903375528700841
FAM32A,-0.05744710976837408
ELK3,0.22683021148036628
TECPR1,0.048419043303125575
ACAD10,0.28736488418932715
RAB6A,-0.030080181268878167
USP14,0.33923182275931674
FAM58A,-0.2741767875125831
C1orf198,0.24954084592145237
EED,0.12734275931521008
MYO7B,-0.059315861027186695
MAPK4,0.1816435750251788
MSH6,0.011263323262843405
FURIN,-0.21497819738166757
CEP104,-0.08685052366565524
UTP6,-0.17236218529707448
TPRKB,0.13064418932528024
LOC145845,-0.016439456193349584
GLT8D1,0.14438344410876555
LSM3,-0.08923497482376136
HSBP1L1,0.01113798590131243
C5orf63,-0.018438771399794537
ZNF682,-0.04098536757300697
FIP1L1,0.24374228600201853
MAP4K3,0.06937524672709365
LIG4,-0.12544698892245296
AP4B1,-0.020974098690831305
TMEM209,-0.060675830815705906
TCERG1,-0.040651007049340604
POLK,0.32491144008056594
DERL2,-0.015444622356490134
FOXP2,-0.005147129909361829
PPP1R12B,-0.04401063444108416
XPO1,-0.042371450151053314
MIRLET7BHG///PRR34-AS1,-0.029386938569986126
RRAS2,-0.2509686002014043
TMEM123,0.049609697885200615
ZNF77,-0.022786656596168964
MRFAP1L1,-0.0777673514602163
DIDO1,0.4789140483383698
ATIC,0.012668630412894705
CYP4F2///CYP4F3,-0.1216905740181227
GPLD1,0.01007155085599597
JKAMP,0.015231802618333623
HIST2H2AA4///HIST2H2AA3,0.19230956696878482
SLC30A6,-0.07007344410875696
NBPF10,0.23312549848942982
ZNF25,0.0492663041289062
ATP5G1,0.08139722054381007
TMEM60,-0.09251303121852511
VPS11,0.1595498892245742
EXOSC1,-0.1499815508559862
C1orf131,-0.16441475327290586
LOC145474,-0.021940241691839696
CSTF2T,-0.022458388721043512
LOC100996716,0.0023307250755320317
COPS4,0.03482148036254265
DNM1P34///DNM1P33,-0.15268678751258383
SSH2,-0.05256555891238315
NRP1,0.1560967975830854
TPT1-AS1,-0.0903188922457165
TMEM168,-0.02691827794561502
MRPS26,-0.13040484390734725
RPL7P12///RPL7P32///RPL7P24///RPL7P20///RPL7P26///RPL7P23///RPL7P8///RPL7P48///RPL7,-0.05532030211479953
SUGP1,0.19714562940584246
RGPD2///RGPD6///RGPD8///RGPD3///RGPD7///RGPD1///RGPD4///RGPD5,-0.08522507552869679
CDK5RAP1,0.048908781470295856
CPSF6,0.10454026183283371
GNAS,0.07850049345418492
NUDCD1,-0.029856505538767203
ZYG11B,0.10264749244713295
SS18L2,0.1598016112789551
ASXL2,-0.16968680765356997
NKX3-2,-0.19933325276938385
SETD2,-0.00718987915407486
SAR1B,0.12910884189325633
DMXL2,0.05185277945619739
SOGA1,-0.09941372608257448
GATAD1,-0.09415996978851564
SMYD3,0.17062927492447372
KCTD9,-0.04499826787512215
ZNF790-AS1,0.04290887210473673
CEP192,0.009625387714002342
GPR132,-0.06254102719032804
ANGEL2,-0.018099194360519974
LRRC75A-AS1,0.1956720745216557
HMGCS1,-0.05472093655588639
ZNF12,0.0718189627391776
HDAC1,0.30834323262840174
ST8SIA4,-0.09393385699898919
H2AFZ,0.16889718026183892
EEFSEC,0.023055931520648047
PPIH,-0.1565648136958656
TMEM14A,0.12313760322256212
PREX2,0.11499008056395126
NUP160,-0.13166228600200985
SMAP1,0.11442448136959082
SULF1,0.41619152064451403
PDE1C,-0.0877768882175187
DCP1A,0.24650314199396192
GPSM2,0.07887153071500917
HOXA9,0.004572930513599596
KANK2,0.0022178650553912813
ZFX,-0.012253182275927602
LOC100132881///LOC728715///OVOS///OVOS2,-0.1807038066465228
INTU,-0.14038966767371192
RNF5,0.12913913393756563
NR1D2,-0.025420020140982963
SDR39U1,0.23243349446122985
FLCN,-0.03877084592144658
CCNA2,0.012723343403830384
SNRK,-0.013026445115806667
HEMK1,0.03454337361530957
ANKRD30B,-0.04001875125880787
ABHD14B///TMEM231,-0.09699716012084222
FRA10AC1,0.04960706948640953
B3GALNT2,0.24163130916415165
WDR1,0.2060263846928538
LIFR,0.057530100704937706
CFHR1///CFH,0.25833316213494845
ZNF207,-0.02587930513594694
LDHC,-0.23107826787512165
C1D,0.175753685800608
GSTM3,-0.23068259818730474
DR1,0.1307480765357549
TTC27,0.020786616314202783
THOC1,-0.19040049345417465
SYS1-DBNDD2///DBNDD2,-0.033829879154074205
HMG20A,0.2101479859013128
PELO,-0.021126737160116038
ARHGAP5,0.07158113796576408
EIF4A1///CD68,0.04230752265861376
HEXIM1,-0.10365492447129437
ANKRD27,0.04462826787512966
KLHDC1,-0.016808066465253138
IL6ST,0.007040775428000176
HERC3,-0.13212480362537352
IGL,0.10207738167170433
IDH3G,-0.03139607250754842
RNF6,-0.045852416918423844
ALDH3A2,0.2023103625377676
PPP2R3C,-0.13069110775427517
CASS4,-0.502250584088615
KIAA0825,-0.03903734138972388
LINC00675,-0.2195296374622308
ITGAE,0.09465716012085026
CARS,-0.08177421953675235
UNC13A,0.09906101711984161
EVI5,-0.010941762336349997
EDEM1,-0.17414588116817278
ASB5,-0.11679027190331925
MRPS30,-0.20442802618327816
CMTM6,0.27733576032225854
DNAJC21,0.07844933534743535
LPIN2,0.08798335347432318
COPZ2,0.4015976837865073
CDC42EP4,-0.021388026183279077
KCNK6,-0.030000201409864855
CRYZ,0.029941309164153173
SIX1,0.15285962739174508
SOX11,-0.017310775427991476
GLTSCR1L,0.06227054380665025
PIK3R1,0.2631640080563987
ACTR3B,-0.01784112789526312
ID2B,0.0593348841893281
DUSP11,0.2346303121853005
ULK3,0.37897512588116933
ARL11,-0.07129563947632994
SRPK1,-0.11476099697884828
TMEM9B,-0.10330315206444579
RAB15,0.08002527693857231
COA4,-0.051501601208455566
SFR1,0.14497755287009398
NGDN,0.19367808660624733
PAFAH1B1,0.0745876435045362
ABI1,0.035125236656600015
RAB22A,-0.06366001007048962
LYPLAL1,-0.08554390735145612
RFPL1,-0.13571839879153655
CDPF1,-0.23880795568982582
MNT,-0.03480227593151704
SAV1,0.136539446122863
UTP20,0.11005422960725421
DAAM1,-0.24534671701912836
ANKRD46,-0.1434062437059373
LARP1B,0.01244810674723476
CMTR2,-0.10984973816716646
PTS,-0.2078780463242642
FABP5P2///FABP5P7///FABP5,-0.24570967774420294
TRIP4,-0.06221041289022683
CES1P1,-0.06820218529707506
KIAA1033,0.1025037764350488
DCTD,-0.031117059415907984
MGC72080,-0.14372660624370298
SPPL3,0.013453726082581219
FGGY,-0.053711500503520554
CFH,0.20235132930514024
GORASP2,0.11315980866062772
SYNJ2,-0.0942431722054338
AGAP5///AGAP9///BMS1P5,-0.05778261832829411
ZNF227,-0.12040464249747806
IGFBP6,0.30811639476334585
CREBL2,0.050409284994969564
HAP1,0.08478920443101995
CCDC28A,-0.006993937562935482
IFT46,0.07694584088620732
RAB34,0.12848270896274278
TMEM234,0.047059889224575296
C19orf68,-0.06944900302114451
WDR37,0.08807666666667041
HSCB,-0.1115822457200364
PER2,0.032884330312188896
SRXN1,-0.030520614300096546
PSMB3,0.0818773111782527
POM121L10P///POM121L8P///POM121L9P,-0.0181805538771357
KCNT2,-0.11475411883181869
TMEM179B,0.2585188016112828
NIF3L1,0.07498672708963078
CCNY,-0.07618291037260377
CGNL1,-0.2331081369587077
RALGDS,0.00949616314199757
B3GNT9,-0.028849164149039458
PURB,0.03783492447130361
NOSIP,-0.042290060422956355
PS1TP4,0.08629511581067775
SRGAP1,0.06511073514602608
STT3A,0.1313137764350492
MYO6,0.14692573011078006
EZR,0.13928768378650988
LOC100128223///TARDBP,0.21603070493454535
PMS2CL///PMS2,-0.050309798590126686
GAK,-0.020399838872102505
KCNJ5,0.07718125881168539
OGG1,0.1768329506545852
CEP112,-0.04769305135951252
HNRNPLL,0.07894734138973244
LRCH3,-0.11874653575024699
PGP,-0.08935264853977326
EMP2,-0.038672447129905085
FOXF1,-0.08055358509566654
TMEM186,-0.011810191339372153
SPN,-0.2068239375629362
PPA2,-0.04387191339375218
LOC101928837,-0.04862280966766963
USP32P2///USP32P1///USP32///CCDC144A,0.12422405840886694
ORC3,-0.03445186304128481
MAP4K2,-0.05945460221550468
CRLF1,-0.1436848741188277
SLC12A1,-0.08360483383685381
CCDC113,-0.19004234642497123
PDPK1,0.12973505538771682
SP4,0.0003944310171239557
ARMC5,0.02848695871097988
UTRN,0.08584065458207876
BCL2L1,0.032617401812692015
PSMA3-AS1,-0.003940352467266511
SLC17A9,0.08318401812689008
STAU1,0.2638764048338412
PSG10P///PSG5,-0.05668502517622967
FBXO46,0.429100916414904
FLT1,-0.06837226586102349
KCNIP2,0.016723303121855437
PRMT9,-0.0780239073514557
KIF1BP,0.11712019133937995
MAP2K3,0.2764524471299111
GFOD1,-0.019374803625373943
HOMER1,0.08322545820745486
TNFRSF10B,-0.12731338368579617
LOC100130175///BBIP1,-0.25120795568982307
ARL4D,-0.04390144008056094
PKI55,0.09546244712991231
HS2ST1,-0.10321732124873706
HHAT,0.04172444108761672
DLD,-0.02813384692849452
MBIP,0.01208003021148496
GNG5,-0.029817432024164425
DDX42,0.004143877139984223
ATG2B,-0.13221726082577712
PIM2,0.10937751258811934
TERF2IP,-0.0408267875125837
CERS2,0.15269810674723433
MAB21L3,-0.09008470292043899
SWAP70,-0.031112849949643445
MRPL9,0.1290122255790564
FADD,-0.2465442296072461
GTPBP4,0.1665192648539804
YWHAH,-0.0035800805639433497
MRPL27,-0.007107482376630836
RPSAP19///RPSAP58///RPSAP15///RPSA,0.41204183282981477
PER1,0.09331630412890479
STK39,-0.07617699899294611
C20orf181,0.020111359516619437
CLK3,-0.09759443101711526
KCNK1,-0.08884985901308756
MYCBP2,-0.02393813695870696
CATSPER2,-0.43737271903322766
UAP1L1,0.024951983887213147
GBP4,0.03014835850957077
LIN52,0.0523132729103762
ZNF449,-0.1431789627391693
FANCL,0.05457496475327679
TNRC6C,-0.03858595166162787
IGLV1-36///IGLV1-44///IGL,-0.05585911379657209
LILRB2,-0.08096494461228193
MAP9,0.17620722054381036
RSF1,-0.037849093655584934
FEZ2,-0.03017650553876694
ATG10,0.059857311178250494
IDI1,-0.04929546827794154
CST3,0.10981787512588606
PSMD8,-0.06746439073514196
BMS1P20,0.054403172205441955
TPM3P9///TPM3,-0.033482165156088844
RPL26L1,0.15966874118832197
PPM1A,0.060477361530719004
ZFYVE21,0.07536659617321556
FEM1B,0.053939556898291136
COL6A1,0.19668762336354978
LOC100133719///DALRD3,0.25063842900302247
CARMN,-0.05874599194360128
RCN3,-0.16066402819737619
SLC44A5,-0.1071524672708925
NPAS2,0.004052245720044076
MAPKAPK5-AS1,0.02391402819738625
DSE,0.10766143001007458
ROCK2,0.13820325276938902
CHPF,-0.214566878147025
SNRPD3,-0.16574579053373112
ZNF844,0.012113987915411267
SYNM,0.09552102719033669
TRAPPC10,0.26936125881168405
SMCHD1,-0.11042519637461873
MAP1LC3B,0.03513739174219927
SLF1,-0.006686102719029755
TMEM231///CHST5,-0.13989306143000577
ARL6IP6,-0.055978580060418864
IPPK,0.08620448136959041
WARS2,0.05696389728096979
CRY1,0.06688773413897667
LOC101929181,0.13015129909365916
IMMT,-0.052283131923459764
COIL,-0.0005646324269847902
PPP4R3A,-0.03327680765357041
MORF4///MORF4L1,0.1371320342396825
HERC2P7,-0.12439565961731697
CADM2-AS1,-0.07697956696877767
MECOM,-0.019267160120842237
ABRACL,0.009104310171202515
MLLT10,-0.020699093655585282
MED23,0.05493144008056773
NUDT15,0.10386536757301493
ERCC3,0.07938908358509889
CYTH2,0.16076150050352817
KLK7,-0.0754784692849906
SVIP,-0.046836062437054404
EIF4G1,-0.05195297079556477
RPS6KB1,-0.021249798590126878
OGFOD3,-0.05981967774420727
DIO3OS,0.4143593756294075
ATP6V1H,-0.14738108761328889
TAOK3,-0.15092603222557438
LDLR,0.007278106747233198
AMPD2,-0.04501958710976549
LOC100134365,-0.09749669687814326
PTH1R,0.22888446122860207
SRPK2,0.1374199093655632
ACAA2,0.05132697885196823
WRNIP1,0.048619204431020635
BPTF,0.19261134944612684
ANKRD20A8P///ANKRD20A4///LOC728371///ANKRD20A2///ANKRD20A3///ANKRD20A9P///ANKRD20A1,-0.05358026183282588
ZBP1,-0.161746082578042
LOC731602///METTL17,0.2800177844914424
VNN1,0.06643180261833165
MRPS14,-0.16335916414903778
LOC100506675,-0.29447775427995504
TRIM31,-0.08237519637461829
TNS2,0.22838668680765517
PRUNE1,0.09116597180262198
R3HCC1,0.11335437059416249
TBCK,-0.023123162134940665
EIF1B,0.07905605236656937
PTENP1///PTEN,-0.1073128499496423
SETD1A,0.1488581671701934
MACC1,-0.028781822759311668
SPARCL1,0.4567077844914437
FAM13C,0.15799849949647865
NELFA,0.10913748237663856
CDC27,-0.008263343403822537
HCG18,0.01013224572004437
PDLIM3,-0.04277792547834472
EIF2S2,0.2171779254783528
ITPR2,0.09745039274924805
CYP51A1,-0.08932987915407428
FBXW2,-0.060828791540781565
ANKRD44,0.11840129909365943
RSRC1,-0.02477358509566513
KCTD12,0.009214793554888412
ETFA,0.011223957703931378
NIPAL1,-0.099466022155082
SCUBE1,0.04491394763343774
TSPAN12,-0.09801920443101331
RB1,0.1042072809667714
NYNRIN,-0.10685019133937193
ARHGEF6,-0.131542940584083
FXR1,-0.031773061430004634
ATXN7,0.018865206445119964
LOC100134331///IGHV4-31///IGHM///IGHG4///IGHG3///IGHG1///IGHD///IGHA2///IGHA1///IGH,0.030784541792550607
NSUN6,-0.07238370594158666
STXBP1,-0.13858636455185835
KIAA0368,-0.07745803625377151
UTP14A,-0.05734850956696397
ATXN1,0.06027449144008469
SLC4A7,0.17228109768379063
CMSS1,-0.08835092648539297
HS3ST4,-0.022486565961728676
CCDC92,0.00878932527694172
SNX13,-0.20713127895266387
PRICKLE1,0.24350631419939922
LMBRD1,-0.051143665659613036
C9orf78,-0.03245307150049909
TATDN1,-0.015343061430005661
DUSP22,0.23575312185297337
WDR83OS,0.07597401812689303
RASSF8,0.0329338066465298
TXNRD1,-0.015467905337356785
RRP1,-0.11586982880160754
TNKS,0.11639333333333635
TGFA,0.1442907653575055
TMEM204,0.13996508559919812
TM9SF1,0.18914780463243114
RPL32P3,-0.04286899295065044
MORF4,-0.06186829808660246
DSPP,0.042882124874123094
RILPL1,0.0726182779456227
CAMTA1,-0.07621083585095254
SUGT1P1///SUGT1,-0.057904511581063925
PCGF2,0.013613131923467109
HLF,-0.26124397784491155
ARL6IP1,0.23223204431017505
RPS16P5///ELOVL5,0.14595577039275154
PIAS2,-0.05562347432023826
SPON2,-0.26380480362537295
USP1,0.19198602215509053
CSTF3-AS1,-0.09388825780462838
VPS13B,0.0389240483383723
DUSP16,0.0341058308157135
ASNSD1,0.06598072507553299
CMC1,2.0362537767940753e-05
PRKRAP1///PRKRA,0.03436454179255137
SFXN5,-0.019466223564950855
SLC6A6,0.05885297079557303
SLC35F5,-0.08869501510573585
ADAMTS6,0.22355895266868553
ASCC3,0.19945448136959018
ACRC,0.0838930614300138
STYX,-0.0013851963746184248
SPATA5,-0.15397555891238318
CLASP1,0.13527349446123174
MRPL30,0.11322745216515964
TMEM189-UBE2V1///UBE2V1,0.27678575025176555
MAN1A1,0.14643049345418307
CHST12,0.056362598187313484
UNG,0.14396267875126173
TXNDC12,0.30629597180262125
CXXC5,-0.027915669687810535
DYNC1LI1,-0.08627276938569559
PIGC,0.14580810674723388
MRPS24,-0.07983879154078044
MRPS36,0.004129103726086797
ANKRD50,0.08319494461228984
PHF20,-0.03253786505538342
SYNJ1,-0.009784068479351773
FAM173B,0.003492245720045195
HPS1,-0.034988298086603045
CLIP1,0.14484526686808064
IKBKG,0.351779516616316
SYNPO,-0.05595640483383287
URM1,0.002039979859015967
FAM220A,0.12035811681772753
GOLGA6L9///GOLGA6L5P,0.12846872104733495
MAPK1,0.34932406847935765
AVPI1,-0.17819209466263392
CARD8,0.025727331319238586
TRIT1,-0.015490372608253672
RAD21-AS1,-0.15649162134944142
RPS6KA3,0.08109240684793889
PAXIP1-AS1,0.2602851460221558
RFFL,0.0976554582074559
TNRC18///TNRC18P2,-0.029163716012080093
CD226,0.05350273917422355
SLC7A2,0.13568587109768918
ARHGDIB,0.1783406344410912
KMT2D,0.11618986908358761
ZSCAN29,-0.12500468277945137
TRIB1,0.036624420946629044
FGF2,-0.06895507552869631
KIAA0895,-0.09195787512587714
GTF2H2,-0.002291792547831503
RAD50,-0.07646024169183971
SLC25A4,0.013662668680768923
MXI1,0.0458056495468318
LARP4,0.11776059415911784
LOC440895,-0.062286646525675754
MTERF4,0.05234915407855385
SELT,0.0024800100704972516
RGL2,0.11562370594159418
NEK1,-0.019527995971799005
TAF1C,0.025009969788522296
CIB1,0.10751451158107077
YLPM1,0.010687653575029099
GLMN,-0.17605837865054952
ARHGAP27,-0.08025384692849569
TEX9,-0.06312864048338002
MAPK8IP1,-0.012859496475323477
PSMD2,-0.03360003021147548
RNF10,0.1257435850956733
TOX4,0.10944393756294395
SEPSECS,0.1227513393756327
PTBP3,-0.03512684793554449
FRMD4A,-0.32648471299093135
FKBP14,0.0013899395770432532
USF2,-0.17471725075528283
NAF1,-0.022056465256793667
RGS1,-0.02207895266867682
AASDHPPT,-0.08619589123866661
CNOT6,-0.023539476334336312
RPA1,0.05103351460221964
CEP126,-0.07060438066464839
FAP,0.2348007250755332
SLC25A38,0.10977983887210846
FCGR2B,-0.13194548841892798
P4HTM,-0.041268519637460754
FAM206A,0.00802000000000433
VDAC1,0.1725962034239718
ZNF675,-0.09136792547834469
ATP5D,-0.09880655589123472
SHOC2,0.09817699899295483
NDUFS3,-0.1060241591137911
SCAF4,-0.17698991943604858
TLDC1,-0.06408904330311742
MGST1,0.04511766364552196
FARSB,-0.11787237663645059
TCEA1,0.19366433031219019
MN1,0.25871817724068874
H1FX,0.15492908358509766
DDR2,0.21094597180262287
C16orf62,0.2095133635448157
GATSL3,1.2738781268882204
STRA13,-0.07515161127894807
GNL3LP1,0.051374894259821904
EME1,0.2166667875125899
KLF9,0.19675015105740548
WDR33,0.07501220543806963
PTGDR,-0.04125304128901948
NIPAL3,-0.15727790533735697
BTBD1,-0.04239416918428501
FGFR2,0.1365267069486437
RHBDD1,-0.10884684793554458
PAPSS1,0.37831888217523035
C11orf68,0.17518247734139192
SCG5,-0.006021359516612557
GNG12,0.07429503524673081
NUP54,0.07972436052366993
ASNS,0.06483251762336723
FAM65C,0.13271964753273174
ST3GAL1,-0.0767382275931476
EIF2AK4,-0.16132480362537288
MFSD4A,0.04321671701913708
PNPLA8,0.009183554884193368
FABP2,-0.048084380664648416
ERAP1,-0.056939194360519835
ECM1,-0.0724367573011025
TP53I13,-0.163817955689825
EXOSC10,-0.029464028197377326
POU6F1,0.024321309164152614
LINC01420,0.10021155085599537
TBPL1,0.24625488418932953
ZNF408,-0.04946045317220138
NAPG,0.10429938569990316
HERC2,-0.020453051359513204
IGLV3-19///IGL,0.01992156092648899
OSGEP,-0.03819654582074075
MRPS23,-0.024754874118827236
UBA3,0.04604989929507028
LRRC8D,0.10389521651561304
CTHRC1,0.029400866062440942
DKFZp566H0824,-0.11724131923463829
DOCK9,0.22240926485398205
OSTC,0.17566116817724375
GLS2,-0.1402287814702881
LOC101927018,-0.05618924471298714
CLPX,-0.08783745216515182
NHLRC3,0.010291359516620455
TBC1D20,0.24710559919436237
COMMD3,-0.0003148439073472481
PMP2,-0.029372547834840175
BET1,-0.0001589023162092973
GLIDR,-0.05734889224571664
LINC00301,0.015101450151061171
STX16,-0.009351490433027283
PNPLA2,-0.300301017119835
WSB2,-0.1198638167170139
SCML1,-0.03140186304128492
HNRNPH2,0.0777015005035291
LINC00342,0.03828831822759689
CLEC3B,0.25366718026183654
ING1,-0.033015981873108405
LAMB4,-0.03587434038267501
GALK2,-0.019850080563943925
MUC20,0.059870090634444914
NUP62,-0.048940684793551695
XYLT2,-0.07423022155085246
CDR1,0.043163031218532905
USP15,-0.04725107754279537
LOC100133946///MTCP1,-0.06508485397783964
TPM4,-0.13496492447129427
GLB1,-0.02184591137965422
FAM219A,0.13676935548842128
GRAMD1C,0.05798068479355803
TM2D3,0.023506022155090123
DUSP12,-0.04948502517622866
RWDD4,-0.17418709969787916
HPS4,-0.06146477341389475
VWC2,-0.04197848942597853
AHI1,0.19283606243706403
WDR12,0.17672329305136197
LDOC1L,-0.07461379657602787
DYRK1A,0.034047472306148185
LTB,-0.24229033232628003
SMARCA5,0.06407813695871484
PAN2,0.14535873111782854
LOC729083,0.08300117824773752
PPP1R14B,-0.13268455186303618
SPANXC,-0.0535549244712953
CSNK1G3,0.17438928499496753
MINOS1,0.20978938569990407
COL4A1,0.3096119234642536
RHOBTB1,0.060667129909369476
LOC283922,-0.12587688821751877
PDXK,-0.10185539778448773
SPIN3,-0.06349672708962346
MRPL35,-0.026387915407849905
LINC01279,0.4069531017119881
LOC652494///IGHV4-31///IGHM///IGHG3///IGHG2///IGHG1///IGHD///IGHA1,-0.0026605941591099774
GTF2F1,-0.10150474320241323
SNRPA,0.21197217522658784
EXOC6,-0.04109852970795193
TRIM25,0.050557885196378737
MAP4,0.16412247734139437
AGA,0.23341182275931727
KATNBL1,-0.009613282980862295
EIF2B3,0.022656807653578998
MIA2,-0.16231383685800244
DSG2,0.031230010070497416
CPNE3,0.05757576032225955
PTPN12,0.14743929506546255
TPP2,-0.047046263846924424
EIF4G3,0.01237175226586508
PRDX5,-0.1032872205438018
OR1F1,-0.17324782477341055
POLR2J,0.10510081570997315
TENM2,0.059820312185301074
LOC401052,-0.0380488418932491
TPMT,-0.016889718026179446
ADI1,0.10230049345418352
AIF1,-0.0005102819738129621
NOM1,-0.018453353474316356
SNX18,0.1946579053373642
ATP2C1,-0.054550070493449565
TMEM126A,-0.014678751258807216
TP53BP1,-0.09302145015105268
NOP10,0.17892387713998326
TET2,-0.041014229607246655
SMIM11A,-0.015210664652563877
SPATA21,-0.011594390735142374
PPP1R11,0.18518473313192657
LAPTM5,0.1377403625377694
IFNA21///IFNA17///IFNA16///IFNA10///IFNA7///IFNA5///IFNA4,0.05164461228600582
IFI27L2,0.11942348439073747
LOC84843,-0.08861697885195974
HPCAL1,-0.0452660120845879
NDC80,0.028190735146025755
PCYT1A,0.142310906344415
NPHP1,-0.08675887210472957
PPIL4,-0.23177019133937116
AUP1,-0.07603025176233276
LOC101928314,-0.024803665659613602
GOLGA2P5,-0.002310010070491253
CAND2,0.1858202517623392
NPLOC4,0.12489006042296313
TAF9,-0.005621107754275156
MARCH7,0.05333797583081941
S100A8,0.2956529909365604
SLC35C2,0.05288000000000333
CDV3,-0.1653925075528654
TTC30A,-0.03856698892245331
NBPF10///NBPF11,-0.07350644511580587
LDLRAD4,-0.005842668680761625
CFAP36,0.010418207452169509
CYP27A1,-0.004979939577036005
EBPL,0.16143336354481772
B3GNT6,-0.0883945518630371
NSF,0.1656701007049381
PITPNA,-0.026326424974819976
AOC3,-0.15721686807653107
DPP9,-0.0348267573011046
PEX3,0.09040323262840155
NUP35,0.09256793554884549
RBM7,0.2065595971802638
CRELD2,-0.09671827794561538
ZNF639,-0.07014065458207139
UBFD1,0.035942567975834824
TKT,0.10475913393756622
ZC3H4,-0.016120463242694956
COG5,-0.06579457200402401
GSTK1,0.06387634441087976
BCAN,0.13102185297079808
CMAS,0.05637339375629832
SNX6,0.08614153071500891
ELMO1,0.1900904833836885
STX12,0.05838207452165556
KLHL22,-0.09247414904329973
LOC100128288,0.04729126888217876
CYB5D1,0.2035688821752284
NECTIN2,0.20016558912386961
CYB561,0.03783478348439498
RMND5A,-0.02614049345417574
RAB7A,0.18168805639476737
IPMK,-0.025311993957699744
CLK1,0.14576487411883612
UBTF,0.04302980866062815
GNB4,-0.02441905337361154
INTS8,0.1619313293051406
NFYC,-0.028652920443098147
SIK3,-0.06839005035246348
PAPOLG,0.00551173212487726
PBXIP1,0.06528014098691151
FH,0.032398630412894605
TMEM106B,0.1507014702920478
ZNF204P,0.15650791540785702
FAM102A,0.1894411077542823
RFC5,0.009762014098694573
ZNF142,-0.010956173212483725
METTL3,0.007272054380668996
LOC732402///HACD3,-0.10145386706948206
LOC652779///LOC652001///KIR2DL5B///KIR3DP1///KIR3DL3///KIR2DL5A///KIR3DL2///KIR3DL1///KIR2DL1,-0.1702531319234602
CTDSP1,-0.06776252769385338
PHRF1,-0.025332940584086305
TRUB2,-0.1391835649546784
CPM,0.09494093655589453
BCL6B,-0.01985878147028805
FNIP1,0.08220676737160489
PKD2,0.11150579053374031
RC3H2,-0.16909966767371232
ZFYVE1,-0.025833786505535125
PDE4B,-0.045125226586098965
LRRC59,0.06392058408862422
LOC728687///LOC389906,-0.01542649546827448
FUT7,0.10376337361531011
NCOA1,-0.05010166163141555
CCDC25,0.04245311178248157
AGL,0.09566558912387157
RSRC2,-0.03740194360523186
NDUFA7,0.16757089627392038
YAF2,-0.017346555891235176
KRIT1,-0.043805035246722496
NID2,0.24949292044310514
LOC653904///MZT2A///MZT2B,-0.028725639476329112
REL,-0.0948319234642461
PACSIN3,0.05215262839879409
LZIC,-0.03790705941590741
KRT8P12,0.025675025176237154
ULK2,0.10340727089627723
UBE2L6,0.20984159113796932
TWIST1,0.02504677744209878
TCEANC,-0.0009544310171163695
C8orf33,0.09213312185297406
ERP29,-0.03267003021147541
ERLEC1,0.18120613293051796
HIPK1-AS1,-0.021927623363541093
CD1E,0.10201171198388975
MAGEA5,-0.11097527693856574
FLAD1,-0.09187482376636087
MIR4435-2HG,-0.1550889224571961
TMEM208,-0.07115277945618848
NGLY1,-0.043193434038263714
SLC26A4,0.06349785498489727
GPR89B,-0.3149436354481323
RLF,-0.06435173212487055
ANKRD29,-0.055689486404829874
C3orf58,0.06996116817724406
TERF1P4///TERF1P5///TERF1,0.061846435045320516
GRAMD1A,-0.0019551963746189532
MGC27345,-0.051271842900298
AFF4,0.07947636455186696
DPH6-AS1,0.06061698892246026
TNIP1,-0.03117942598186904
NBR1,-0.003335881168173155
APPL1,-0.0520566868076502
VN1R3,-0.07374432024168777
COL4A3BP,0.03145889224572404
ICMT,-0.1844260120845877
NAA60,0.09618107754280214
PSMD12,0.008459144008060665
LMF2,0.2089364149043318
TUBGCP5,-0.010649909365555293
LINC00923,-0.025610745216512156
SKIL,0.09014787512588504
DHX16,-0.019253383685796516
NNT-AS1,0.12343752265861367
MARK4,0.13631985901309426
HOTAIRM1///HOXA2,0.2611202215508591
SCAMP2,0.14759017119839107
LOC729088,0.40266570996978945
KLF12,0.008169939577042856
CLNS1A,0.0819277442094718
ING3,-0.07133909365558494
SNRPN///IPW,0.1954284491440112
STXBP5-AS1,-0.011864038267871024
C12orf4,-0.19895263846927985
SLC24A1,-0.019979516616310374
DNAJC14///SARNP,0.1346082477341431
LRP8,-0.11294526686807177
SNX7,0.021717280966772556
CPEB2,-0.029434028197378066
NUDT12,0.01289370594159462
DIXDC1,0.1669283685800655
PAPD4,-0.07092165156092245
TOM1L2,-0.09529149043302759
WWOX,0.4166907955689836
FAM111B,-0.041642920443097725
TSHZ2,-0.017478630412886616
S100A2,-0.1914741289023108
BTF3L4,-0.03656043303121441
KDM2B,0.10405085599194644
VPS13A,-0.041983856998989655
AHSA2,-0.004631168177236522
ZNF443,-0.10641164149042952
CMTR1,-0.044803121852967136
KIAA0556,0.045556404833840144
PHF2P1,-0.12255476334339976
PCGF1,-0.18454316213494018
LAMC1,0.24760521651561246
TM7SF3,-0.09910132930513227
ID2B///ID2,0.08403399798590755
FAM122C,-0.13284332326283585
CLASP2,-0.08782923464249337
CDKL1,0.11673166163142243
LINC01085,-0.012260231621345818
DLEU2L///DLEU2,-0.04571824773413455
FAM136A,0.07160897280967128
ACVR2A,-0.11832850956696493
EIF3LP3///EIF3L,0.16013114803625797
DNALI1,-0.09353858006041835
ATRNL1,-0.019707482376632564
PYROXD1,0.18704365558912725
AMOTL1,0.3106728700906385
C12orf65,-0.007280866062433139
MARCH8,0.0514313393756332
LIMD1,-0.0006791339375597089
SEC14L1,-0.11376963746223179
LOC105369974,-0.026435951661628182
RNF44,-0.016875488418928525
KLHL5,-0.08622359516615921
ITPK1,0.38006085599194517
MANEAL,0.036131278952671514
TBC1D5,0.10490480362538099
ENPP2,0.07956145015106122
GJA5,0.0045896878147068595
MAP3K7,0.04785074521651929
LOC338667,-0.2755071399798544
LOC728554///THOC3,-0.14814887210472844
MCM9,-0.15882976837864565
SRGAP2C,-0.11645187311177904
RPL18AP3///RPL18AP6///RPL18A,0.24138315206445304
EFR3B,-0.0951063947633396
PTGER2,0.0006058811681810099
C7orf73,0.04874009063444573
LGSN,-0.08815991943604859
PLIN2,0.06432330312185698
MCTP2,-0.0636631621349413
GK3P///GK,-0.12560283987915044
MALL,-0.11845271903322875
ZNF382,-0.025082759315202444
WDR73,-0.13232525679757834
KBTBD7,0.11266497482376919
LOC440434,-0.1615087009063405
GJD4,0.08421953675730387
TCEAL3,0.05717767371601562
ARMT1,-0.015148086606240091
STEAP2,0.19658738167170556
COG6,-0.08419699899294644
PARG,-0.03077075528700496
ZRANB1,-0.07763951661630947
BCL10,-0.014701953675726
ATP5S,-0.0028604934541752447
ALS2,-0.0782196676737121
PSME3,0.15427570996979204
HLA-B,0.086292910372614
ALG10B,-0.09074945619334997
NPR2,-0.02836286002013566
AHNAK,0.02533106747230862
CDH11,0.35821132930513927
ARHGAP26,-0.0871996777442054
ARRDC4,-0.19518396777441588
GTF2B,-0.08409901309163664
RBM8A,-0.038240201409863894
MMRN1,-0.07656847935548433
COMT,-0.14082629405840436
PRKD3,0.04002374622356861
CCDC30,-0.09423720040281565
FYTTD1,0.06347955689829216
SREK1,0.3046660120845949
ZNF800,-0.02041305135951288
TTC39B,-0.15126082578045927
RORA,-0.015256565961727642
SRF,0.15728962739174504
GTPBP10,-0.05061736153071092
STX1A,0.046076082578048516
POU2F1,0.36944158106747427
RRP7BP///RRP7A,0.1597209264853996
SLC16A7,-0.04858103726082217
CISD1,-0.01787667673715504
MAGED4///MAGED4B,0.009446304128904737
RGS10,0.03369985901309655
CGGBP1,0.0007994461228642835
GTPBP3,0.11420083585095886
RELL1,0.06771784491440469
XPO6,-0.006065720040278314
ZNF570,-0.05662096676736776
CCDC50,0.19644917421954006
CIAO1,0.03251146022155432
TMEM44,-0.16361834843906914
NDUFAF5,-0.019394753272906157
DTD1,0.22937411883182607
HIGD2A,-0.06342221550855551
PLSCR1,0.06018787512588481
R3HDM1,-0.5300045216515545
FAM156B///FAM156A,0.27242941591138164
LOC728032,-0.10718966767371196
SLC2A11,0.07543357502517856
LOC100133502///JAM3,0.02234420946626736
VAT1,-0.3327927593152007
RFWD2,0.04816540785498845
AUH,0.13316596173212772
STARD3NL,-0.13862887210472954
HINT2,0.017556153071503947
CEP63,0.02901754279960135
ZEB1,0.22618335347432358
ANKMY2,-0.0912382980866024
DAP3,-0.08704255790533261
KDM5A,-0.1558685196374578
PELP1,-0.1445015911379614
MZF1,0.11325328298086948
FBXL7,0.1603223464249777
NUB1,0.17232602215508885
EMG1,0.053996012084595854
ST3GAL4,-0.12152570996978407
TANC1,-0.10025371601208011
COG4,0.03645818731118135
SFTA1P,0.0029480362537799183
SLC35B1,0.035535720040286004
CEP290,-0.057233937562936155
PPP2R3A,-0.03395999999999583
HAGH,0.11235618328298369
VPS45,0.18563292044310392
GNA14,0.022808368580064173
PLEKHJ1,-0.2613159315206398
TEF,0.03308878147029557
KCNA10,-0.3017215206445066
SHROOM3,0.045048338368583046
MFSD10,0.03685090634441365
ZNF680,0.046873152064454596
LOC728061,0.3994790332326318
RNASE4,0.1103892447129953
LOC100505658,-0.02229832829808323
DEPDC4,-0.3223547633433985
POM121L8P,-0.2539105941591104
DPY19L4,-0.050801117824769315
SLC9A5,0.044781651560930044
SUPT20H,0.001915951661635159
LOC101928535,-0.07266661631419576
KNG1,-0.0898161228600162
PTPN2,-0.08816248741187865
EPM2A,-0.077951953675726
C1GALT1,-0.14384898288015674
APTX,-0.1977589728096635
ZXDC,0.2633821752265889
NDUFA9,0.1086523464249787
NCCRP1,-0.04306518630412484
SUPT4H1,-0.1596387613293011
CCDC8,-0.01376092648539512
MTX2,0.09609881168177613
RUFY3,0.4195923262839904
KPNA3,0.02034890231621768
ATXN7L3B,-0.16012036253776044
AGGF1,-0.03415045317220125
FTCD,-0.01847211480362211
FBXO9,-0.004754481369583161
ITPRIPL2,0.2173408660624408
CD302,0.16325621349446431
VPS13C,0.023119647532733018
MAD2L1,0.07017133937563255
INMT,-0.06471085599193958
SNAPC5,0.32259189325277143
SPRR4,-0.07199068479355138
FLJ14031,-0.22879527693856572
AIMP2,-0.12519807653574644
PAWR,-0.3064088016112742
ABCC4,0.05294084592145392
COG8///PDF,-0.18572773413896937
TMEM52B,-0.014496324269885454
SUPT20H///DES,0.010665599194364515
CCDC142,-0.0739612286001978
GOLGA8F///GOLGA8G,-0.13556381671701484
CDC42BPG,-0.0012262437059382056
RNASEH2A,0.029630704934545327
FZD4,0.09423700906344878
OTUD6B,-0.04600860020140604
CNDP2,-0.17321386706948233
CAPN13,-0.11793655589123514
EFCAB11,-0.11782527693856618
MIF4GD,0.2812511581067489
EMC6,0.2240923766364576
GOLPH3L,0.032331792547838634
SHISA6,-0.166372275931517
ZNF334,0.06945667673716316
BHMT2,0.09268258811682101
PTPRM,-0.03256520644511102
POMT2,0.02613321248741555
CEP68,0.26586315206445343
DDX20,0.0888318529707991
MYOF,0.13887922457200869
SNHG10,-0.052945780463239014
DDIT4,-0.09141139979858481
C11orf49,0.01471502517623735
FGFR1OP2,0.03749332326284341
HDAC2,0.12181159113796908
KIAA0753,-0.06380315206444712
SRCAP,0.11129773413897627
NDUFS2,-0.06487334340382245
PDIA3,-0.20148756294057896
LOC100133859,0.1808963947633472
PSME2,-0.1285650251762278
UTP14C,0.08201531722054733
PSG3,-0.00658364551862679
FNBP4,0.04887009063444536
C17orf75,-0.01803667673715645
STMN1,0.09132028197382004
METTL16,0.031072890231624364
MTMR11,0.12965378650554138
EGR2,-0.011161550855988404
MAN2A2,-0.09667454179254416
INTS12,-0.09942513595165664
ZDHHC20,-0.03704613293051001
SLK,-0.06975565961731683
POLG,-0.05498553877139517
GIMAP7,0.15999206445116199
LOC729162///LOC389906,-0.20840871097683394
MLF2,0.050613655589127046
ZNF765,0.03490981873112159
LEF1,0.18613421953676
ACBD5,0.10574298086606558
INTS6-AS1,-0.04386245720039912
TAGLN2,0.09281274924471805
CBX6,0.1387446022155091
SEC24B,0.016718972809671495
ADSS,0.01793542799597586
G2E3,0.1292236253776467
LOC100288590,0.02149964753273268
MLLT1,0.20323486404834024
ZBTB38,-0.08683720040281462
PLD3,-0.23004539778448713
PJA1,0.23961336354481583
PTPRF,-0.014607653575022181
APOL1,0.04631009063444511
WDR34,-0.1382728197381637
MTCH2,0.06616504531722439
ACTR3BP2,0.07893797583081841
VPS16,-0.1342696878146992
LOC101928327,0.05599733131923819
PDE3B,-0.053226435045313755
OARD1,-0.0014113695871050824
ALDH6A1,-0.15700223564954244
BACE1,-0.06003090634440705
USP6,0.1676224773413919
UTP3,-0.006368992950650729
SLC6A10P,-0.13157017119838468
GCLM,-0.07760625377643136
TP53,0.2956066565961747
VPS51,0.01852993957704238
VPS8,-0.012665538771396192
RCL1,-0.016615679758303747
IAH1,0.0022636253776484316
LZTS2,-0.17257723061429608
ZMYND11,0.06399235649547311
KDELC2,0.08644827794562343
LOC101927040,0.0015257301107790139
PCNX1,-0.06271533736152711
TLE4,0.16453659617321617
CHD7,-0.00783085599193993
EGFR,-0.0023407452165115222
TCEAL7,-0.03436562940583694
DDHD1,-0.10520568982879774
EHHADH,-0.05780819738166766
CPN2,0.032103202416921606
C2orf42,0.16418889224572275
RAB9A,0.10636375629406178
GTF2E2,0.1721353474320264
TBC1D4,0.11660169184290371
NT5DC2,-0.0658632729103688
ZNF830,-0.14644685800603816
PPP3CB,0.12596033232628737
MICAL3,-0.12684110775427673
KCNS2,0.1265422759315241
SSX4B///SSX4,-0.049126515609261096
FYN,-0.020188952668677172
M1AP,-0.05487741188317855
REV1,0.02522151057402211
TMEM126B,-0.12209719033232169
FANCM,-0.02121480362537398
FGF22,-0.03653004028197021
LOC100996255,-0.22979177240684312
PUF60,-0.16628968781469794
CFAP43,-0.04214940584088227
NSL1,0.12907369587110074
CASP8AP2,-0.04847178247733763
CACUL1,-0.10724582074521255
MXD4,0.18432338368580264
PPP2R5A,-0.033115740181264536
RBM10,-0.08226252769385248
NFU1,-0.20150885196374058
ORM1,-0.2886460725075488
TSPYL1,0.09635011077543185
LILRA6///LILRB3,0.2033656797583121
SCD5,-0.10778669687814224
RBM26-AS1,0.03145378650554276
KIAA1462,0.09426519637462509
POLR2L,0.06867017119839262
LCMT2,-0.12311364551862664
CRLF3,0.32565227593152246
TMEM19,-0.03517300100704536
SESN3,0.11034263846928832
LOC101928618,-0.006284682779452329
SLC25A32,0.06055246727089952
FSD1L,-0.03660208459214148
TGFB2,-0.08132063444108394
LOC100190986,-0.1158300604229563
SETX,0.13037451158107108
FAM172A,0.37144655589124076
ZNF232,-0.03684555891238395
MTPAP,-0.03570113796575611
MTERF2,-0.09374615307149592
ZSCAN30,0.13718586102719343
IMPACT,0.05027476334340798
LPCAT1,0.10258597180262324
DNAJC10,0.10740450151057829
TECRL,-0.06576231621349046
BTBD7,0.12005666666667023
SS18L1,0.06231770392749578
EPYC,0.3073418932527715
MB21D2,-0.21312425981872613
ID4,0.17305430010070805
TEX10,-0.11165209466263445
EXT1,0.19601216515609585
LOC100288152,-0.21729033232628
EXD2,0.13449929506546193
RNF135,-0.08510023162134528
SPTY2D1,-0.06397935548841446
TOB2,0.022100221550859306
DOPEY1,0.22930374622356703
SNAP47,0.2046283383685812
APOPT1,0.05060100704934894
KBTBD2,-0.13888630412889658
FRMD6-AS1,-0.07225701913393366
CHM,0.01995903323263236
LOC106146153,0.07942399798590535
GALNT16,0.2630663242698885
AZI2,0.07014303121853371
GPAT3,-0.15939236656595854
AARSD1,-0.39965378650553396
GAPVD1,0.042901188318231975
POGK,-0.09021173212487013
EIF2AK2,0.07884008056395156
PAK3,-0.02490402819737792
ZNF384,0.08795959718026523
LOC105372526,-0.3004000805639437
SLC11A2,0.1139327391742228
IFNAR2,-0.06935449144007691
CLOCK,0.05014456193353892
PRDM13,0.11978356495468592
ZSCAN18,-0.16360915407854487
SNAI1,0.15766621349446472
UBA1,0.02647020140987344
POLR3B,-0.019374128902312632
HCFC2,-0.011219073514598733
PSAT1,0.2733299899295083
CLYBL,-0.1091998086606199
NDN,-0.12884928499495962
FAM198B,0.2048143001007087
SGSM2,0.22494834843907496
RAP2A,-0.025298106747226545
NOP2,0.1610310674723089
UBE3B,0.010005679758311268
DDX54,-0.14479749244712517
B3GNT2,0.005830805639479764
TCF3,0.0629172306143031
PALM2-AKAP2,-0.024868368580056643
EML1,0.09828809667674093
MEMO1,0.08481641490433407
RIOK2,-0.08013468277945152
TMEM251,-0.00959294058408483
USP24,0.05508452165156483
TIMM10,-0.03884111782476901
UQCRC1,0.07784935548842314
CNIH4,0.004619889224576013
FOSB,0.08213815709970013
ZC4H2,0.020659909365562015
HAUS4,-0.026398509566964934
MOGS,0.05311953675730391
FRK,-0.07707853977844528
PANX3,-0.08554704934541471
LOC400692,-0.13470335347431647
LRMP,-0.05990304128901902
LOC648556,-0.2200989224571961
CENPQ,-0.037634259818727034
SMCR8,-0.004380986908354818
BAG1,0.17043918429003335
ZSCAN12,0.04891504531722363
CALHM2,-0.06809466263846542
SH3GL1P1,0.06252019133937937
GNG7,0.05345000000000291
HNRNPA1P36///HNRNPA1P59///HNRNPA1P51///HNRNPA1P22///HNRNPA1P53///HNRNPA1P33///HNRNPA1P50///HNRNPA1P10///HNRNPA1P52///HNRNPA1P12///LOC642817///HNRNPA1P30///HNRNPA1P39///HNRNPA1P56///HNRNPA1L2///HNRNPA1P60///HNRNPA1,-0.08485589123866683
GNA11,0.06747038267875481
GTF2H5,-0.02053523665659262
RMDN1,0.10738807653575362
DNAAF2,-0.00592953675729703
GRIA4,0.0384876132930546
MINPP1,0.019385810674726625
MFAP3,0.040838690835854875
ADSSL1,-0.07643972809667252
PNPLA4,-0.07357297079556509
PSG7///PSG4///PSG1,-0.0774428700906306
ARL4A,-0.04952604229606884
UBXN1,-0.006400745216512627
IL7,-0.06682388721046954
RAB11FIP3,-0.17211790533735666
GIGYF2,-0.012070221550852599
CTSLP8,-0.08173611278952313
TNRC6B,0.09362492447130252
GPR157,-0.012740543806643606
LOC647506///IGKV1-5///IGKC,-0.043683041289019134
UQCC2,0.0019318932527743748
GABRG2,-0.024235407854980996
DEF8,0.008688650553880923
ALYREF,0.20612465256797857
APEH,-0.16806012084591737
MRPS25,0.032044088620345884
PPP6R3,0.17058471299094038
TPST1,0.13015306143001393
CBX3,0.07813934541792908
HIPK2,0.046864038267878924
ZFHX4,-0.05557433031218048
GAB1,-0.06641689828801231
ITSN1,0.14164529707956025
FAM65B,-0.08950662638468898
LOC100131845///IGHV4-31///IGHA1,0.20447589123867316
ADAMTS1,0.0027343001007090473
PNMAL1,-0.06461458207451755
LBR,-0.017375317220539865
IL1RAP,-0.07550777442094314
NDUFAF2,-0.027056435045312466
ATP6V1A,0.04123214501511013
HEATR5A,0.03996483383686182
MT3,-0.41503290030210915
KLF5,-0.04798583081570587
PPARA,0.2468403927492478
PRKAG2,0.08880810674723419
LOC105375172,-0.10934815709969353
ALDH1A3,-0.16320563947633004
TRIQK,0.08788144008056709
TCAIM,-0.14449143001006776
BANF1,0.1186955287009099
FBXO21,0.03541353474320641
KIAA1257,0.1708688318227628
SSBP4,-0.11690508559919083
UHRF1BP1L,0.01909890231621712
CTBP1,0.04959536757301465
MRPL34,-0.055847653575021305
GPR4,0.021298247734142288
KANSL1L,-0.18954434038267443
TBC1D13,-0.00038651560926090955
NDUFA3,0.14404533736153508
TBC1D8B,0.07933167170191685
DHRS7,-0.1736208157099648
CBS,-0.03992849949647201
LOC101927363,-0.06004782477340993
PDZRN3,-0.009479718026179182
SLFN5,-0.047526555891234945
UQCRFS1,-0.19201027190331849
RAB4B,0.011588590130918758
REST,0.14709875125881555
HSPH1,0.2719800704934575
NOTCH1,0.044396173212490786
FBXW5,-0.07519722054380391
TF,-0.19844966767371208
HHIPL1,-0.038178086606240044
TMTC1,0.3657184994964788
PLAA,0.09493953675730442
MMRN2,0.00371474320242067
IGHG1,-0.06511892245719714
C7orf50,-0.15322436052366104
ATP6V1F,0.07819923464249956
SS18,-0.0570109869083546
BRD2,0.06382198388721448
ANKRD13A,0.017593484390738844
REPS1,-0.17360497482376255
LOC729732///FAM93B///LINC00937///OR7E140P,-0.030925307150046613
SNX2,0.11980159113796904
LPGAT1,0.04779326283988341
CFAP69,-0.12140049345417517
ETV6,-0.2511330715004999
PRPF40B,0.11460563947633773
SERPINI1,-0.02571448136958361
PEX12,-0.08368424974823319
HTATSF1P2,-0.06736889224571618
TTC14,0.03202315206445522
SLC10A7,0.0586923766364585
VWA3B,-0.15493091641490042
LCA5,-0.025822960725072057
SHISA3,-0.06142716012084215
ACTR8,-0.14722686807653085
BAALC-AS2,0.3038987109768414
POLE3,0.05487745216515895
QTRT2,0.0378523766364585
KLHDC4,-0.20369230614299644
MTFR1,0.013416525679762509
DCUN1D1,-0.06481367573010739
VPS4B,-0.06668538771399324
LMCD1,-0.06669223564954298
FKBP1A,0.12664814702920818
TRIM73,-0.001654501510570977
MAP2K4,-0.08350206445115338
SUPT7L,-0.04223100704934121
ILK,-0.0880007653574974
PECR,-0.1700165961732085
LRRC40,0.009410815709973562
SEMA5A,0.06996890231621725
NUDCD3,-0.051995609264850494
RNF217-AS1,0.08563813695871413
DECR2,0.06918150050352717
ZNF274,0.14154344410876524
ID2,0.2578061127895318
AGBL3,-0.039788731117821274
TMEM147,0.07952122860020532
ECHDC1,0.09208149043303457
RFPL3S,-0.025026958710972984
KLHL25,-0.10180054380664268
ARHGAP42,0.04162629405841257
HTR7P1,-0.0890573313192309
RRM2,-0.05378122860019774
PAXBP1,0.04409844914401151
MTX3,-0.07873492447129521
PRPF38A,-0.04374093655588712
ANHX,-0.0579509466263811
CCDC102B,-0.022957824773410872
POGLUT1,0.2798452567975859
LOC107105282,-0.01707243705941236
PPP1R3D,-0.011095790533732454
GAR1,-0.0229614904330262
LRIG3,0.017312779456197025
MYOZ2,-0.0010623665659582476
RBBP9,0.09452956696878445
LOC400622,0.04216429003021485
LOC100133951///GPI,0.11320987915408195
CHMP1A,-0.008270443101707908
NRAP,-0.06677128902315858
PIGR,0.03584499496475585
NTRK2,-0.19796853977844442
PRKACB,0.179070664652572
PPP1R2,-0.00020889224571571385
CYC1,-0.0749053977844873
KIF24,-0.03389606243705567
SLC25A29,0.022230644511583998
ENKD1,-0.09267584088619901
ENOPH1,0.03242343403827205
VPS37A,0.09387853977845237
SFXN3,0.055754310171202394
GK5,-0.09984844914400387
LOC100132181,0.07127585095670134
SLC17A2,-0.06235310171198018
IMMP2L,-0.08509574018126499
NUP153,0.10235534743202761
C4orf48,0.11438388721047618
LOC105376323,-0.07955288016112466
TEX2,0.13379449144008373
ZNF117,0.04348009063444461
UBE2D2,0.12831770392749653
PDPN,-0.02098953675729609
SPG7,0.20991131923464473
TBC1D15,0.0778308862034274
TPD52L3,-0.05539152064450802
PYCR1,-0.060933484390732276
DPY19L2P4///DPY19L2,0.009405528700909658
RBM48,-0.12065877139979478
MSMO1,0.06855262839879589
STK19,-0.04829081570996674
DERA,0.14151130916415217
FLI1,-0.03258980866062025
HAS2,-0.12592592145014697
CPEB4,-0.14496784491439688
CRIPT,0.20690011077543077
PIK3R4,-0.09190343403826384
IGIP,0.14346892245720402
SLC25A33,-0.09925093655588701
ZNF316,-0.05208340382678417
MCMBP,0.09172547834844313
NEDD4L,-0.13443455186303738
EHD1,-0.020090342396774152
TM2D2,-0.04822221550855482
RNF38,0.0622040886203455
FAM214A,0.03976740181269228
DNASE1,-0.07507088620342026
SNHG1,0.26817777442094903
IFNA21///IFNA17///IFNA10///IFNA7///IFNA4,-0.05891444108760954
HNF4A-AS1,-0.20883821752265408
YAE1D1,0.060970855991947515
BPY2,-0.040331440080560776
TMEM18,-0.056857059415907046
ANXA8L1///ANXA8,-0.1271169687814655
KIF23,0.019877673716015874
CALCR,-0.12615031218529366
PKN2,0.33282875125881406
TIA1,0.10740499496475747
MED21,0.1214767774420977
IGFBP2,-0.004584803625374008
TOMM5///SHB,0.03599845921450592
VCP,0.2893085599194387
UBE2B,0.06531958710977309
UBQLN1,0.04448657603222883
CHCHD6,-0.036642567975826976
CMC2,0.18505189325277255
ZNF711,-0.0001081369587073236
PFDN2,-0.06632587109767979
MAP3K6,0.023471258811685186
CHSY3,-0.06993975830815258
SLC25A43,0.026923685800608665
AKAP10,0.021490775427999972
ZFP42,-0.08399962739173836
COBLL1,0.16288626384693172
EBF1,0.17322688821752633
IQCC,0.05386488418932893
MYLIP,0.02678063444109252
CDK8,-0.1082840785498449
SNCAIP,-0.11499697885196
LSM8,-0.16257959718025727
SMU1,-0.07949517623363213
SP100,-0.005606858006039007
ELAVL1,0.17168917421954022
OVCH1-AS1,0.05158702920443424
ATF6,-0.022311329305132174
UBE2J2,-0.018544451158103742
ZNF33A,-0.11452240684793125
PTGS1,-0.12605047331318806
SAE1,-0.09622196374621844
CSRNP1,-0.1715661631419899
ZNF568,-0.043342618328294114
NRG1,-0.01950083585095244
IKZF5,0.05132212487412273
EIF2B1,0.12944311178248064
ATL2,0.14191027190332703
PPP2R2A,0.08987926485398148
HEATR1,-0.03920129909365165
ZNF573,0.0061458710976879105
PTPRA,-0.020722406847931932
TCTN3,0.08181660624370893
GMDS,-0.06046360523665273
SYCP1,-0.01856998992950341
MAPK8,0.05278723061430397
CCNT2,0.00016661631420405998
LOC101928583,-0.1568559919436011
PDCD10,0.051194753272914055
RFK,-0.04424340382678363
EPHB3,-0.013190845921447314
SLC35D1,0.11687836858006409
RGS12,-0.04453605236656227
CYTH3,0.009766334340386956
OGT,0.14436051359517008
VPS4A,0.029016032225582883
CNKSR1,0.08868233635448336
PRAME,-0.0332961329305099
PAPPA,0.16832216515609438
LTBR,-0.16244604229606807
ZDHHC21,-0.035311480362534384
NAA10,-0.018253162134940756
DNAJB11,0.037275125881172384
PYGL,-0.14454126888217028
TMEM70,0.00536218529708396
INTS10,0.00841512588117238
FUBP3,0.0987112789526721
DDX39A,0.1965716314199426
HCCS,-0.030547160120841854
HYMAI,0.23028013091641736
CYBB,0.07955161127895632
EYS,-0.13903300100704552
FAM135B,-0.05540986908358201
LRRC19,0.10755615307150407
IGLL3P,0.053027603222561795
SMIM8,-0.05213762336354055
NAGK,-0.025882698892241485
RNMT,0.05456667673716384
EIF3B,-0.23167984894259444
ADRM1,-0.07137113796575673
PIGK,0.014072638469289411
PODXL,0.20446542799597633
NAMPT,0.03612637462236016
AIMP1,-0.10867284994964294
BECN1,0.09340662638469666
FAM168A,-0.025192286002010095
PROSER1,0.054313262839882526
NKIRAS1,-0.08227063444108368
ZNF441,-0.08240197381671308
MRGBP,0.06465790533736415
ZNF322,-0.05868024169183861
CRISPLD2,0.38922301107754775
CTSC,0.03526443101712427
MAPKAP1,0.04433322255790888
FIS1,-0.10946602215508072
EFCAB12,0.12237196374622646
LOC150776///SMPD4,-0.0945361228600157
NOP16,0.12010906344411135
MRPS31,-0.07957416918428539
ZNF785,-0.04124915407854602
TAF3,0.1880221550856026
PDGFD,0.07387805639476736
RRN3P3,0.022058962739178067
LOC100132323///EXD3,0.16987164149043488
CREM,0.005312286002017541
MED13,0.05287341389728465
TRAPPC13,-0.047589758308153415
CCDC85A,0.0001367170191376027
FAM213A///TMEM254,-0.0776203826787471
CXorf38,0.03718707955690173
CYB561A3,-0.064444118831819
COL24A1,-0.041287240684790394
HAPLN3,0.011409738167172834
ZNF432,0.04067047331319562
MDM4,0.00672035246727435
CAMTA2,0.07598842900302355
VDAC3,0.12941706948640835
ARMC4,-0.13255243705941158
EMC10,0.00905996978852347
DKK1,0.12688968781470614
TTN,-0.03739843907351069
DICER1-AS1,0.017641933534747013
MOB1A,0.044193413897285594
NBPF10///NBPF1,0.15887590130916734
BEND5,-0.01956395770392355
HACD2,0.11272685800604704
CARNMT1,-0.05359385699898933
RAB33B,-0.05039262839878769
SNX17,0.015596787512592122
LOC101927124,-0.0767527593152027
RPF2,-0.07217814702919978
ARID5B,0.1130249043303156
CNOT11,0.09529773413897612
RAB2A,0.08001799597180617
IQCK,0.05938303121853323
RPL23AP87///RPL23AP82///RPL23AP7,-0.024561067472302342
LOC100132134///GUSBP3,-0.484468700906338
IRF8,-0.009266002014095297
APLNR,0.19015864048338682
DDIT3,0.017327301107757834
CDK16,-0.02705239677743962
R3HDM2,0.14306681772407157
WDR35,-0.09682115810674236
ZBTB16,0.04543184290030597
LRCH4,-0.05089392749244402
NT5DC4,-0.1292741993957666
F13B,0.0363593957703964
HELQ,-0.4882374320241659
ARFIP1,0.2652993252769418
PPME1,-0.04269631419939238
MTUS1,-0.1810125176233589
MEX3A,-0.021245347432020334
BRD9,0.028884360523668978
ZC3HAV1,0.2628336858006062
MSI2,-0.04017182275931133
BBS4,0.027661480362541367
SURF2,-0.11432502517622928
CKLF,0.09583030211480678
TMED4,0.18009567975831095
C3orf79,-0.07315220543806258
STARD10,-0.13282769385699367
MRPL48,0.057329788519640754
LOC649305,-0.7449333031218464
ELOVL6,0.02411118831823111
NOL4L,0.002609657603225797
COL18A1,0.14491167170191716
AKAP5,-0.010259738167166133
NAP1L4,0.1606584692849985
ZMPSTE24,0.038924481369592145
LANCL1,0.08703596173212855
C11orf95,-0.17198056394762995
THUMPD2,-0.06965505538770955
NOCT,0.11419243705941903
UBE2H,-0.0642775125881121
YBEY,0.01979978851964085
CTU2,-0.1200214501510532
ADAMTS9,-0.0759267170191307
CABP4,0.0008588519637494213
LOC100134711///LOC100132740///STAG3L2///STAG3L3///STAG3L1///STAG3,0.1688739476334372
DDX58,0.10405964753273259
CCDC15,0.04349537764350779
HMGN4,0.054813393756298213
TTC26,-0.025622578046320454
CHML,0.04547665659617712
LOC101928277,-0.2321185196374574
ZNF259P1///ZPR1,0.09013641490433377
MRPL44,-0.07597740181268492
DEFB119,-0.08126790533735793
PTDSS2,-0.0922823464249709
HSDL2,0.0019750050352503046
MPG,-0.0685547935548805
OTUD7B,0.11600183282981158
ANGPTL4,-0.10854290030211093
CCDC18-AS1,0.1023306143001037
ZNF580,0.19339851963746268
C1orf52,0.08045582074522058
THAP9,-0.08279801611278563
PCGF5,-0.03884604229606867
CHKB,0.07025633434038514
NUDC,-0.0696684793554837
CLMN,-0.07310686807653186
BLID,-0.00911842900301782
ELAC2,-0.09477438066464822
ADGRE2,0.12534970795569325
DMD,-0.05781840886203053
CDKN1C,0.22886973816717265
SSU72,0.25489763343404126
HCRTR2,0.013763031218532822
KIAA1549,-0.17814593152064095
PRPSAP1,-0.02592720040281595
CEP152,0.005005448136962156
LOC101927292,-0.0479785297079519
FBXO8,0.024296978851968007
AGFG1,-0.0947647734138934
SPIDR,0.037684753272913936
ZMYND8,0.09897144008056824
ADPRHL2,0.030627512588119854
USP3,0.04835335347432432
PI4K2B,0.01982315206445468
MAML3,-0.04313765357502114
ZNF32,0.1075545720040321
FOXJ2,0.05896820745216859
PCDH18,-0.05858193353473959
KRT40,-0.03183429003020796
WDR7,0.03477345417925831
ALG6,0.042180412890235136
CDH5,0.2725863846928535
PTPRK,0.3757423967774446
SLC25A13,-0.0373375830815664
FAM161A,0.0036596576032260353
TMEM108,-0.055318308157095805
RFPL3,-0.057215125881164175
NELFE,-0.07090182275931098
MDGA2,-0.019803212487408017
GPC6,0.1426332829808702
FRYL,0.056474320241695866
SKP2,0.13791109768378942
LRRC15,0.1599641591138006
PAPD7,0.03021002014099164
BMP2,-0.016493101711981123
ARSJ,-0.007170926485394226
KIAA1614,0.03651763343404175
HRG,-0.20792186304128504
NUDT19,0.007817734138976238
GFM1,-0.02598802618327962
NUDT9,-0.1131262940584046
SCNM1,0.028472477341393146
ADGRA3,0.15069442094662988
MAGEA4,-0.03938276938569614
CLCC1,0.08737874118832073
UTP11,-0.00606222557904923
USP53,0.09935901309164545
AIDA,0.07041033232628838
TMEM170A,-0.033954582074517986
C14orf28,0.32991368580060654
KMT5C,0.021859516616317968
LOC644450,-0.04590781470291673
UBE3C,-0.0018953675730078185
UBE2E1,0.09108044310171623
PDE7A,-0.4273332729103668
RPGR,-0.06406153071500131
C17orf67,0.05663553877140283
SSX5,-0.012508902316209934
KLHL28,-0.09181255790533342
SELENBP1,0.10843824773414201
AKT1,-0.13316875125880784
UVRAG,-0.031400855991939564
MOB4,0.013580382678755304
SAMM50,0.036281409869086206
KMT2C,0.04616866062437427
G0S2,0.11018873111782773
MAML1,0.03538682779456512
TUBA4A,-0.16127290030211003
TUBB///TUBBP1,0.06335398791541223
FCRLA,-0.12207095669687446
STEAP1,-0.05392944612285516
VEZT,-0.1152207653574989
BAG4,0.03160364551863361
UBE2D1,0.09693436052366879
SC5D,-0.09012184290029765
KLF3,0.06007011077543168
FCHSD2,0.0942755991943642
RNF114,-0.09689613293050933
PPM1L,-0.012664551863037716
C21orf2,0.1625107150050371
ZNF552,0.011911530715008486
KRT222,-0.022841299093651887
TCIRG1,-0.09268110775427668
FKBP8,-0.05217052366565595
IKZF2,-0.06621308157099297
TMEM167A,0.07035205438066923
DIMT1,0.17173097683786825
ESM1,-0.03817674723061047
PXK,0.005842296072511022
IRAK3,-0.10920687814702545
TOPORS,-0.15380900302114353
TTC25,-0.05953480362537381
PIK3CD-AS2,-0.11090752265860646
FAHD2CP///FAHD2B,-0.12158426988922072
NR2F6,0.004567260825782182
PDE8A,0.18286851963746564
KLHL34,-0.057689909365555646
DNAJB4,0.20717660624370965
SLC16A11,-0.019507321248737372
METRNL,-0.16711095669687287
LSG1,0.2100297583081598
THAP1,0.09184746223565296
EMBP1,-0.023312467270892784
BACH1,0.11609376636455597
COPS3,0.03495493454179702
ELL,0.10281901309164437
RBM11,-0.013833776435041502
BLOC1S4,0.1697340382678768
SLC38A10,-0.1561964652567944
FRMD6,0.36631460221551193
SETBP1,0.39331139979859087
SH3RF1,-0.07071763343403398
ZMYM5,-0.07362873111782112
SMIM10L1,-0.0017035649546787435
HOXB3,-0.08938220543806355
GSTT1,-0.16495246727089197
PHF14,0.080764572004032
DMXL1,-0.057485438066461
RAB40C,-0.21694749244712577
SFSWAP,-0.01766947633433638
ZNF738,-0.01268699899294675
ARAP1,0.18374126888217762
VPS36,0.05187354481369981
HSPA14,0.10179970795569303
OR5AK4P,-0.06190234642497086
PHF6,0.054773564954686535
HMGA2,0.10782135951661911
LOC100129513,-0.08013929506545434
HAUS7///TREX2,0.011310886203426351
PPIG,0.061333252769389175
SEPHS2,-0.0010491238670651826
CDKN2AIP,-0.014324984894256217
GOLM1,0.17302874118832248
LOC650293,-0.13915082578046004
RAPGEF6,0.040889093655592346
ZFP69,-0.020809999999996456
DKK2,-0.13355110775427645
ZBTB5,0.08468235649547178
USP13,0.11053783484391155
TUSC2,-0.20083027190331904
KHDRBS3,-0.12508625377643057
HIBCH,0.04762802618328658
CFI,-0.02087317220543436
ATP8B3,0.035284058408865816
SORBS1,0.07296577039275279
RAB40B,0.023932296072511627
HMGXB3,-0.08252469284994647
PLEKHA1,-0.07229265861026701
TMEM245,0.2655762839879181
EIF1AD,0.02400746223565281
TRMT1L,-0.10777951661630958
ATF5,-0.07192619335347009
RCBTB1,-0.1301239274924431
TNFSF13B,0.11020994964753508
ANKRD6,-0.22017055387713552
SSBP2,0.14074797583081838
FAM201A,-0.02883351460221202
TRAPPC12,-0.07722712990936176
CLCN7,-0.03625720040281659
LOC401320,-0.16887896273917036
HSD17B7P2///HSD17B7,-0.018874531722050517
SLMAP,0.07028703927492838
FAM199X,0.016750281973820523
MET,0.09482123867069842
SCRIB,-0.029436747230611626
LYZ,0.03777839879154482
RUBCN,-0.09965759315206028
ZNF492,-0.008756445115807171
DNAJC18,-0.1166073917421912
UPF2,0.17055935548842266
KLHL3,-0.08098838872104337
RNF219,-0.013713695871093612
KLHL20,0.03866939577039749
EPPK1,-0.15045316213494078
SCAND2P,-0.03343152064450891
LHFP,0.3504671299093685
FOXK2,-0.14351487411882755
PACRG,-0.06984533736152695
DDX60,-0.007803907351456522
PARD3,0.07599141993958063
MED1,-0.04777154078549392
APC,0.057885911379661245
CCDC174,-0.049711772406844046
TRIM32,-0.0885326384692816
PDHB,-0.06856031218529246
NUDT5,-0.11657293051358963
SLC6A1,0.03701839879154436
GSK3B,-0.05304152064450769
BORCS7,0.10483132930513979
NABP1,-0.05536106747230288
TTC33,0.09235670694864415
P3H2,0.1485299093655632
ETFB,-0.1846685901309119
DNAJC25,-0.03003712990936215
LOC285097,0.007572467270899247
TSSC4,0.006794894259821896
ZNF365,-0.010852809667670424
ZNRF2P1,-0.05900391742195022
SMG8,-0.05268793554883772
KIAA2013,-0.11773836858005671
LYRM2,0.05225092648540145
LINC00485,-0.061744259818727415
EFCAB2,-0.0830039577039238
NUPL2,-0.11581803625377246
RHBDF2,-0.03438181268881804
ADAMTS2,-0.11680704934541442
SPOCK3,-0.05646239677743818
CCDC148-AS1,-0.05919851963745884
N4BP1,-0.1857183383685756
EFL1,-0.10210322255790122
AFF3,0.24822160120846237
SETD1B,0.010092990936558799
HEXDC,-0.12252330312184938
SYF2,-0.015778831822755357
GPATCH11,-0.09338589123866686
USP32,-0.1613129607250718
SPRED1,-0.0761964753272873
MANEA,0.03832012084592514
LOC105374928,-0.08963771399798201
TBX22,-0.06142544813695486
PHC3,0.17361657603222946
LSM7,-0.056900120845916446
PDIA5,-0.14904343403826276
TRAPPC5,-0.015678368580057306
CEP170,0.19970264853978173
TXN2,-0.2159003423967737
LOC729589,0.0671677341389759
RPEL1///RPE,-0.000771631419935706
NPEPPS,0.15340995971802976
GLRX5,-0.046037391742191666
PDGFRL,0.2458758912386735
GPR1,-0.07906471299093308
LOC101927314,-0.04394781470291712
PDCD6,0.22840031218529888
CXCL5,0.018004078549852587
DRD1,-0.10928974823765972
SLITRK6,-0.10038602215508177
DGCR14,-0.049650453172201736
DESI2,0.27649140986908677
TNIP2,-0.15577900302114553
RGS13,-0.026140362537760913
ACOT7,0.11190608257805017
FADS2,-0.1856930312185247
ZNF608,-0.022760805639472845
FKBP4,0.1862018831822781
PARP1,-0.09594298086605779
FAM129C,-0.0509369889224541
ZNF264,-0.09303410876132563
PKP4,0.008731681772411432
APPBP2,0.12463484390735512
THRSP,0.010837250755290784
ZNF763,-0.277431158106742
CCNC,0.049103967774424565
EFTUD2,-0.00800778449143541
DENND4A,-0.207963867069483
TXNDC9,-0.005112688821748063
RALB,0.05897503524673016
MTHFSD,-0.02583516616313864
ZNF585A,-0.04979825780462928
TTC4,0.13777143001007336
TMCC3,0.0038648338368615226
SCG3,-0.0800665458207416
LINC00624,-0.08772289023161789
RWDD2A,0.007067029204435082
RGS5,0.3675672104733173
SDHCP2///LOC642502///SDHC,-0.25999609264853535
SOCS5,0.06094070493454576
TRAK2,0.14676799597180729
EDNRA,0.009918358509570555
C12orf57,0.247199828801616
SPECC1L,0.0459986908358543
WAPL,-0.21236762336354004
LOC101927196,-0.07720253776434653
MOB3B,0.04449675730111116
LPAR1,-0.021987351460217908
MLH1,0.15241690835851318
ZCCHC10,-0.032166747230610304
SHPK///TRPV1,0.005122165156095766
CD2AP,-0.03438438066464872
MCM8-AS1,-0.030289728096673185
MAPKAPK5,-0.0860067170191299
HSD17B7P2,-0.11453700906344122
FAM92A1,0.14322124874119202
LINC01115,-0.07142876132930166
QSER1,-0.05085126888217162
KIF18A,-0.12774574018126472
CHUK,-0.03746248741187917
PWWP2A,-0.11634496475326875
STRIP1,0.1730564350453197
CLK4,0.0627450050352501
ADCY7,0.11040770392749598
SLC31A1,-0.13129087613292584
PALMD,-0.03371759315206027
LOXL1,0.09937396777442375
ORC2,0.05019849949647918
LOC100132726,-0.05122180261832502
RNF19A,-0.021114632426984803
LOC401134,0.007039325276941948
MAGEB6,-0.02442657603222189
DLL4,0.0515503222557937
NDUFA8,-0.025813806646521054
CCDC107,-0.05990476334339975
FAM84A,0.005395005035250304
PECAM1,0.13514795568983323
TMOD1,-0.17179025176233115
NEK8,-0.0960212386706914
SH3GL1P3,-0.004320775427992578
NSUN3,-0.08562605236656172
MICALL2,-0.043552960725073364
PCDHAC1,-0.06951468277945248
ACSL1,-0.020310151057397363
DPH5,0.11952730110775794
ARMC8,0.02920807653575379
IMPG2,-0.05401624370593784
SERPINB9,0.01082346424975171
PTCD3,0.016004290030214363
ST6GALNAC2,-0.15845820745216174
PUS3,-0.014978982880156921
ST3GAL6,0.06238800604229961
ATP6V0A1,-0.021944259818728426
GREM1,0.19952018126888432
CDR2,0.21360195367573312
PTPA,-0.1611027593152018
MKI67,0.022364219536761182
LOC101927164,-0.07212057401812348
LOC105372762,-0.17124344410875758
DGCR11,-0.05605211480362177
GCN1,-0.1532709566968739
SNHG17,0.007670342396781132
GINM1,0.3361429506545862
PLA2G12A,-0.06602671701913031
LOC642426,-0.10465502517622963
GSS,0.1470225881168206
CEBPZOS,-0.11609948640483009
LOC105371307,-0.17863883182275564
MSANTD3///TMEFF1,-0.137397411883178
WDR20,-0.012018620342392941
NT5DC1,0.00858909365559267
BRF1,0.04896072507553177
RAB39B,0.054198338368583135
BUD31,0.011171701913399446
LOC730107///GCSH,0.07453883182276275
HACD1,0.06526579053373939
PPP2R5E,0.016939627391746453
CELF5,0.07331948640483729
FCHO2,-0.06299632426988569
ARFGAP1,-0.024158046324266748
EIF4ENIF1,0.09715374622356905
TRIM49,-0.01765146022154731
TSPY4///TSPY2///TSPY1,0.03867573011077884
GMNN,-0.06951720040281506
BRCC3,-0.02334834843907009
ANKRD36BP2,-0.0773176334340337
CXCL12,0.2421243907351494
KRTCAP2,-0.016333363544811463
UBE2E2,0.15906835850957024
RAB24,-0.12013872104732776
GSAP,-0.026348821752262053
SDCCAG8,-0.24294339375628943
RABGAP1L,0.09268515609265288
RALY,-0.1778105135951616
MYH10,-0.030415488418927994
PDCD2,-0.05912359516615906
ZNF140,0.05706145015106054
RPA2,0.2294777240684816
PGF,-0.07310051359516206
RBM4,0.20343362537764725
PBDC1,0.06092519637462632
XAF1,0.020153615307154205
ZNF559,0.05759434038268259
MTHFS,-0.00931326283987502
TIMM13,-0.10903201409868767
ERLIN2,-0.04270100704934217
FUT1,0.0010368277945653412
DPH7,0.04639643504532033
HELZ2,0.02464271903323584
ALDH7A1,-0.05300889224571669
PSMD13,-0.023936354481365787
ROR1,0.02935551863041673
MFSD6,-0.020383011077539474
SEC61B,0.11024548841893697
NBN,0.08098099697885584
PDE10A,-0.06623717019133576
CBLL1,-0.01926469284994603
RERE,0.2766458207452178
C22orf39,0.061200181268885684
EIF1AY,-0.10733309164148563
LOC100129701,-0.05886568982879803
LOC728073,-0.3513455186304083
TFEC,-0.10242486404833456
SIGLEC6,-0.022118872104729913
LYRM5,0.1466683383685835
RICTOR,-0.021072930513591215
EIF4A3,-0.057449697885191775
NECAP1,0.11802247734139365
DLG5-AS1,-0.020664018126884898
TXLNGY,-0.017338972809664354
BOLA1,-0.2883914400805603
EFHD1,-0.1571589224571976
SLC35C1,0.12203160120846201
HAT1,-0.013522537764346088
SRSF6,0.16353725075529144
VGLL3,-0.004292749244709668
RRP15,-0.28424148036253255
NCS1,0.08480792547835164
TRAF3IP2,-0.02708088620342028
TRIM5,-0.0549198892245682
LYAR,0.025282134944615786
GAA,-0.1683100704934506
KCNMB2-AS1,-0.07141270896273563
HIRA,0.04483377643504877
NOL8,0.09368884189325602
SBSPON,-0.08898971802617908
PMS2P1,-0.07643545820744889
ZNF283,-0.07272293051359172
GTF2A1,-0.08524590130916007
CELA3B///CELA3A,0.03099350453172573
CYFIP2,-0.038766636455182774
LOC727869,-0.03232579053373273
PGM3,-0.15585353474319713
TMOD3,-0.06195854984893881
RNF149,0.024800433031221945
PSMD14,0.03152921450151533
ZNF678,-0.08762601208458812
ATP6AP1L,-0.17017943605236255
CXCL2,0.030133665659620456
VCPKMT,0.0034966062437101486
CD14,0.02519854984894701
PLEKHA5,0.02901531722054787
COL4A2,0.24021690835851262
UCMA,-0.0281921248741156
STX4,-0.0867142296072464
LOC727881///ABCC11,-0.10925284994964404
BRAF,0.019079295065461604
SPDEF,-0.09021983887210089
CAPRIN1,0.21476003021148418
FAM200B,0.13029980866062807
LOC101929054,-0.11844116817723668
HFE,0.05827071500503819
CHADL,-0.19534499496475038
ACTL6A,0.06426324269889513
LONRF1,-0.010142719033228886
CSDC2,-0.03263993957703683
SH3BP4,0.09600670694864388
ZNF417///ZNF587,-0.12302489425981478
NFYB,-0.046455538771395716
RINT1,0.05216945619335691
ZMYM6,0.08916416918429358
GGCX,-0.08769352467270511
HCFC1,0.20786985901309352
CETN3,0.007589204431021235
MBOAT2,-0.05300670694863771
SLC25A5,0.05210747230614726
FAM192A,0.05098725075528951
ZDHHC3,-0.03321821752265447
IGSF6,0.09350599194360863
ZNF654,-0.19268299093655222
CRHR1-IT1,-0.1592556596173177
BHLHE41,0.15284654582074858
ELL2,0.13193875125881496
BFAR,-0.030827925478343787
FAM171B,0.06930843907351807
MIR3945HG,-0.11350638469284632
SYDE1,-0.012268076535747297
KCNS3,0.210240694864051
COMMD7,-0.05760234642497053
TRAPPC3L,-0.01273652567975523
SPICE1,-0.012842940584084805
KPNA5,0.03219282980866427
RAB3IP,-0.1503736555891198
SLC9A7,-0.09657313192346051
LOC642852,-0.012493534743198823
ACTN4,-0.08029547834843519
ATP6V0D2,-0.07422711983886858
YBX1,-0.08090125881167598
CDK10,-0.07101753272910082
IFT52,0.09443493454179658
PQBP1,-0.01617469284994691
TCTA,0.026306465256801026
CENPJ,-0.07755848942597768
IL16,-0.24609643504531276
CCDC86,-0.005367784491437322
CFAP57,0.019403947633437547
FAM13A-AS1,-0.020695458207449585
KIAA0232,-0.03859580060422518
NAALAD2,-0.056341953675726086
EXOC5,0.055257089627395756
RNASEH2B,0.0151314300100739
TP73-AS1,-0.09716253776434758
ATMIN,-0.040555075528696555
PPP2R1B,-0.010301893252765579
VAC14,-0.07457495468277586
FCF1,-0.06582611278952313
HNMT,0.1165144914400838
TXNDC11,0.11489793554884498
PRKRA,0.12100969788520013
PCGF3,-0.06529116817723732
RACGAP1,0.01428751258811993
POP4,0.032832366565965686
RSBN1L,-0.030514471299090632
MAN1A2,-0.029767542799593358
PTGR1,0.10761256797583406
PDSS2,-0.0687841993957658
DLX6,-0.010406283987912025
MMS19,-0.0392363947633395
ADAMTS19,-0.05843374622356149
TAF2,0.18957686807653906
MR1,-0.37614605236656173
PLEKHO2,0.30530819738167303
ZNF667,-0.18161267875125495
DNAJA3,-0.0023149144008017958
CTTNBP2NL,-0.22396971802617804
SPAM1,-0.022440020140982953
C1QBP,-0.02438865055387257
ZGPAT///LIME1,-0.2178547230614256
RBPMS,-0.10525057401812307
NCKAP5L,0.04386941591138244
CHURC1,0.03492038267875472
CAMKMT,0.027000815709972877
APBB2,-0.0932913695871059
GTF2E1,-0.008643846928496245
ELOVL1,-0.06431841893252355
DNAJC8,-0.039792769385695675
CALCRL,0.09777806646526045
LOC100505797,-0.01517545820744886
BCL2L11,0.01992261832830141
MOAP1,-0.030733524672705237
KIAA1211L,-0.03622963746223167
ZNF496,-0.1016048338368537
NSUN5P2///NSUN5P1///NSUN5,-0.010088640483380349
MFN1,-0.05839031218529278
CCL2,0.03389659617321669
CEMP1,0.00887050352467598
ITGB3,-0.017903534743198654
ALDOB,0.017291450151060497
SAFB,0.1025051661631459
ALG14,0.07249257804632844
LHFPL3-AS1,-0.09365406847935193
TRNT1,0.039698026183286134
POLDIP2,0.04332229607251107
ZNF528,0.011370735146025539
TLR4,-0.07333055387713602
CD36,0.03931979859013489
PRPF3,-0.2744440684793508
LOC145783,-0.13733492447129483
DDB1,-0.03078162134944193
NSMCE4A,0.10310270896274244
ZBTB3,-0.08044959718025804
C11orf54,0.06506064451158483
SLC35D2,-0.019113494461224845
LOC54073,0.01661556898288303
BRWD3,-0.1241244612285961
UNC50,0.019654521651565282
COL4A3,0.06683481369587366
AMZ2P1,0.011470775428000096
ZNF577,-0.18917153071500106
TMEM161B-AS1,-0.03762287009063091
LOC389906,-0.02201585095669347
BMP6,-0.01709230614299753
ZNF318,0.05141958710977235
PQLC3,0.006160815709972872
THSD7A,-0.05333173212487054
ZFY,-0.02075824773413579
INSR,0.03618882175226967
C17orf99,-0.054779597180258585
IL17A,-0.2530710171198348
DMP1,0.017842769385703547
PRRG1,-0.0007425176233600214
KLHL14,-0.083948569989926
MANSC1,0.06804254783484712
RPP38,-0.012721178247730308
FGB,-0.08447394763343011
AATF,-0.008903152064446807
SNX14,0.1602939979859056
LINC00320,-0.06795480362537425
DDI2///RSC1A1,-0.0005523665659580498
RAP2C,0.037631782477344305
ZNHIT6,0.084303333333337
TOP3A,0.01630708962739498
SCAMP1-AS1,0.04495391742195659
FAM208B,0.08912806646525909
DNTTIP2,-0.08086383685800141
EPN2,0.02829040281974139
MUC6,-0.008102618328294883
LOC100294145,-0.0862303726082543
PRRX1,0.192961369587114
PPFIBP2,-0.025090120845917344
TMEM41B,0.10004166163142383
CKMT2-AS1,-0.024250966767367994
FLJ22596,-0.36181408862033704
CDYL,-0.05468909365558472
NDFIP2,0.08990373615307493
PHF8,0.24758623363545068
ZNF91,0.2581517421953714
TAF6,-0.11737685800603881
PIK3CB,0.04578631419939946
PTGFRN,0.03235384692850364
CRLS1,-0.11649811681771921
ZNF555,-0.09343190332325829
LOC100133930///D2HGDH,-0.16062549848942204
CNEP1R1,-0.017127039274920347
TCOF1,-0.004748388721043481
PPP2R2C,0.2065902618328329
MSRB3,0.19643100704934907
LOC101929645,0.026140171198392133
SETP4,0.004619295065461819
NELFB,0.17574330312185438
FCRL4,-0.06939899295065122
IGFBP4,-0.0670909969788468
RAB11FIP4,-0.032084733131919535
DCXR,-0.11377104733131477
RAD23A,-0.08808022155085216
FAM149B1,-0.04758740181268527
RALGPS1,-0.052148731117821326
EPHA7,-0.051904028197378146
MAP1B,0.04245608257805038
TMA16,-0.10467940584088187
GNPTAB,0.18454761329305427
GGA3,-0.003621359516613021
ACOXL,-0.19014992950654142
CLEC2B,-0.05094070493453817
DDO,0.06175570996979146
TMEFF1,-0.1206742094662597
LOC105374042,-0.03339416918428617
ACSL4,0.045176968781474466
BAIAP2-AS1,0.0405817623363579
IQCB1,-0.05394997985900904
KIAA1671,-0.064643645518627
BMP2K,0.06075639476334667
RABGEF1,0.14354286002014385
CRIM1,0.04576000000000367
LINC01494,-0.07238095669687432
RSPH3,-0.054188529707952085
CSNK1D,0.03367391742195633
EGFEM1P,-0.09487966767371223
GBAP1///GBA,-0.11727367573010722
TMEM175,0.04790784491440356
FBXL5,0.16655152064451453
PRPF4B,0.02682312185297432
KIF1C,-0.006616908358505792
LOC284926,-0.08149633434037895
MIR181A2HG,-0.13478955689828337
SF3A3,0.06138004028197747
ZNRD1,-0.05640239677743747
GPNMB,0.08459495468278394
CD83,-0.06370374622356123
IRX2,-0.0662686102718999
FOXR2,0.06810943605236991
FUT8,0.13993339375629682
LSM11,0.05959053373615636
SLC37A1,0.055329506545824136
TAB2,0.0180201913393801
ADGRF1,-0.06393086606243342
AACS,0.06255352467271244
LOC100130220///DDX3Y,-0.07705005035246282
ATOX1,0.20905028197382075
BRD1,0.009075891238674232
MBD3,-0.11323109768378314
GCNT1,-0.18427011077542366
RAB11A,0.05413138972810094
ZNF814,0.07639723061430312
IL33,-0.1330104531722019
ABCE1,0.03601790533736544
ZMYM1,-0.08067720040281579
MAGI2-AS3,0.1448019335347464
RFTN2,0.20050968781470618
STAG2,0.07274617321249155
GLB1L,-0.06277649546827452
IFT74,-0.10305634441087189
IFNA17,-0.07510115810674334
SUN3,0.0700883484390768
HHIP,-0.07597267875125507
MNDA,0.010329174219540424
CBFB,0.27028060422960987
PPID,-0.03599985901308772
ELK1,0.01770812688822091
LOC105375640,-0.08094456193353097
PLEKHA8,-0.02150501510573645
GTSE1-AS1,-0.04525086606243356
SUSD6,0.0005600000000043348
ERC1,-0.04716871097683398
NMT1,0.09216044310171506
ZNF546,-0.015347784491436547
PPP4R3B,0.1648347029204462
PPT2,0.04150149043303483
SNAPC1,-0.10185449144007616
ANKMY1,-0.07219380664652192
MRE11A,0.02114502517623676
GNL1,-0.0302189325276912
GJA3,-0.08746419939576687
GAP43,-0.03194535750251351
DKFZP434L187,-0.006203282980862618
DNAJC24,-0.059053212487408246
ZNF92,-0.036384279959714896
NAPA,-0.08119702920442659
AP3B1,0.11735936555891563
ZNHIT1,0.07533516616314562
LINC01547,-0.10631446122859628
NENF,0.2040121550856025
LINC00461,0.02999291037261162
GDF5,-0.1795409869083546
MIER3,0.007090422960728773
LOC729179///LINC00623,0.0007744410876160679
C10orf90,-0.059154823766360956
TRUB1,-0.0015699295065423405
LOC100131014,0.001856586102722449
RRN3P1///RRN3P2///RRN3,0.10221869083585489
TFB1M,-0.021342940584085035
WWC2,0.008418328298090721
PTGR2,-0.0004015810674686815
NAA15,0.08321661631420338
LAMB1,0.22306425981873462
PPFIA4,-0.04756792547834583
TTLL5,0.05262869083585431
SLC25A20,0.017680664652571364
SOX17,-0.05674819738166825
GNG8,-0.06678605236656222
TLK1,-0.05946633434037868
SLC35A5,-0.15299448136958238
MOXD1,0.26738344410876314
AEBP2,-0.05628063444108429
MID1,0.305239073514604
PIWIL1,-0.006917160120842594
MIR4435-2HG///LINC00152,0.07334738167170504
AP1S2,0.09615984894260203
CDKAL1,0.08267401812689203
TRAPPC2L,-0.0017962034239644969
LOC400590,-0.03524902316213134
C4orf3,-0.24946453172204952
CD2BP2,-0.09379831822758927
C6orf47,-0.004704068479352374
HPS3,-0.08639243705941234
ABCA13,-0.0633504128902278
NEO1,0.3425234441087638
PIGH,0.08521658610272242
APOD,0.2712482779456229
ATG14,-0.14496955689828375
MLKL,0.02133776435045659
KIFC3,0.007588942598189818
FRG1BP,-0.1514333131923416
SLC6A4,-0.13154179254783124
MUC5AC,-0.022616223564951504
C3orf67,-0.03507282980865667
EDC4,0.03122949647533002
BEND6,-0.0644444511581033
ZNF658B///ZNF658,-0.0045458610271873826
PRKCZ,0.09067329305136232
ICAM3,-0.017111047331315368
S100PBP,-0.00948205438066041
PIKFYVE,0.0945643605236689
NIPSNAP3B,-0.056717764350449645
TAF10,0.039396545820748655
DKFZP586K1520,-0.00561398791540442
ARF3,0.10801684793555189
CELF2,-0.10916038267874764
HDAC8,-0.049878096676733624
SQRDL,-0.12954546827794067
PRDM5,-0.0900618630412857
BSCL2,-0.12226802618328012
CEP162,0.05136756294058759
CNTNAP5,-0.022467663645515272
SMAD7,-0.001224169184286649
KIAA0408,-0.17656921450150637
STARD13,0.03162618328298464
LOC284513,-0.016111500503521094
TCF20,0.20217724068479725
SPIRE2,-0.026696807653571165
LOC100288238,0.02819417925478647
CCDC37-AS1,0.005836283987918962
MEFV,0.2503825579053409
LOC101929125,0.012095931520647515
DIABLO,0.22401882175226834
GGT6,0.017177532729107742
LACC1,-0.13459616314199024
GSTZ1,-0.2813646626384646
GGA1,0.04021589123867433
FAM186B,-0.006756928499493389
NLK,0.1786246525679783
LINC00189,-0.166336515609261
ZNF281,0.2600400100704964
OR8G2,0.22971032225579374
EPB41L4B,-0.06239674723061066
ITPR1,-0.022746002014093852
DAXX,0.342489244712992
PPIL1,0.007086515609269289
NCEH1,0.037134561933537966
ZNF300P1,0.030360090634444375
SMC4,-0.1285586404833793
BICD1,0.08355949647533059
RNF113A,0.007238408862037526
SREK1IP1,0.031459828801615033
OGFOD1,0.12496915407855373
FAM133B,0.1288515407855025
TFPI,0.0948013091641525
CLDN18,0.04011936555891562
LOC101929144,-0.057039436052363016
KRT18,-0.3220959818731071
STRN,0.024928288016115796
GPALPP1,-0.01579161127894884
PDCL2,-0.0747534239677711
PINK1,-0.09879024169183787
LOC102546226,-0.05959608257804294
MND1,0.024968469284998615
G3BP2,0.14969219536757666
GYPA,-0.032797301107750476
ILKAP,0.014713262839882946
MTMR12,0.187603907351463
IKBIP,0.05292215508560259
CCDC71L,-0.006152447129905841
LOC100129112,0.034542235649550286
BBS1,0.10632893252769621
SLC39A7,0.05579487411883474
DONSON,-0.014549506545816687
DNTTIP1,0.051468449144011136
DLG5,0.09134552870090991
ZFYVE26,0.3883396374622369
CDK19,0.1299207552870123
RAB11FIP2,-0.019826233635444085
SCN9A,-0.05854075528700592
LOC283357,0.06391696878147285
CHID1,0.15389654582074697
SIK2,-0.13156459214501037
IL11,-0.25095598187310736
MEGF11,-0.00035626384692498403
GDPD3,-0.1299158207452139
PLPP5,-0.05254152064450715
DENND4B,0.18130726082578247
ESCO2,-0.04398789526686463
AGAP5,-0.020367150050349166
RALGAPA2,-0.3155760322255746
STAM,-0.05283106747230218
ZNF385D,0.19398679758308449
SIX4,-0.04289322255790198
MUC4,0.06906124874119136
STK11,0.10125442094662829
NMT2,0.017196344410879777
GPR37,-0.0819049546827759
TM9SF2,0.16377509566969212
DPP3,0.10112253776435318
TMEM101,-0.15914249748237225
ZNF80,-0.10752596173212078
MAP7D2,-0.0080140080563912
DHDDS,0.06965541792548179
LOC101927610,-0.05008561933534343
COQ10B,0.09677539778449473
FAM66D///FAM66C,-0.13911163141993563
RET,-0.011381913393752663
LOC728408///FAM133B,-0.007366717019130539
FIBP,0.00814006042296471
ADH7,-0.01993892245719677
SPRR2G,-0.05223166163141653
APOLD1,0.09689627391742528
CCDC171,0.022561087613296844
CDK12,-0.06421902316213121
ASF1A,0.01263971802618661
SNAPIN,-0.04870071500503076
FAN1,-0.0975470996978808
PDCL3P4///PDCL3,0.056837955689832464
SLCO3A1,-0.1836864350453119
MYO5A,0.009544894259822495
HHLA1,-0.03980426988922108
FOCAD,-0.05136562940583589
DKFZP564C152,-0.049183736153066954
MAP1LC3A,-0.030573695871094153
KCNJ10,-0.04405703927492058
ARHGAP21,-0.046718197381667964
BAG6,-0.13498022155085138
SGSM3,-0.14152531722053996
CRTC3,0.15893632426989227
ZNF215,-0.0682170191339341
COMMD8,0.03385378650554244
HS3ST3A1,0.04473159113796801
DUSP4,-0.009302729103722856
PPP6R1,-0.22351995971802335
PUS10,0.009257009063447102
PLEKHM1,0.007009949647535898
DCP2,0.18911424974824137
DEPDC1B,-0.05569951661631045
TCFL5,-0.2762034239677699
LOC105370737,-0.006410825780459858
KIAA0509,0.0271301208459244
VHL,0.011948026183286716
MRPS9,-0.1887025780463195
RBM22,-0.0315528096676691
GPC1,-0.14875105740180927
ARL17A///NBR2,-0.18829137965759918
IFT88,-0.04172476334340014
PHC1P1///PHC1,-0.02097776435044956
STX18,-0.016671087613289323
PCSK1,-0.1878589929506504
LINC00341,0.0451366868076576
RAPH1,0.0179554984894309
GGT2///GGTLC3///GGT4P///GGTLC1///GGTLC2///GGT3P///GGT1,0.015851480362540898
ARHGEF10L,0.06177170191339737
ABHD6,0.0895991641490463
ATAD2,-0.04142383685800187
CLUH,0.03377060422961008
SKIV2L,-0.03333469284994606
ADCY9,0.051301268882178654
ZNF638,0.012686696878151715
CPPED1,0.09454872104733468
C21orf91,-0.10416197381671266
MLEC,0.12140377643504867
LNX1,0.15797913393756638
HELZ,0.09691983887210842
OXA1L,-0.008511339375625288
POLR2J4,-0.04901601208458864
CASD1,-0.029538277945615615
SSFA2,0.09170989929506886
SIRT5,-0.03508514602215174
CENPL,-0.05685710976837506
DTX3,0.08064652567976117
CLDN1,0.019129848942601647
MGC10814,-0.013327794561929618
LOC143286,-0.05451240684793218
C12orf43,-0.01623323262839496
HBE1,-0.1387036052366557
CDC42SE2,0.11954703927492805
STRBP,-0.02680528700906004
C9orf85,0.11249654582074795
ARMCX2,0.17073998992951045
RGPD2///RGPD6///RGPD8///RGPD3///RGPD1///RGPD5///RANBP2,0.12748708962739574
MAMDC2,0.16294735146022557
PSEN1,-0.0537744712990905
RPL7AP36,-0.07655827794561604
ADGRG7,-0.13180288016112443
DDX43,-0.18252946626384237
PCDHGB7,-0.05629031218529357
QRICH1,0.14831133937563254
SNPH,-0.02193680765357193
LACTB2,-0.008189093655585754
ERVH-6,-0.09468646525679426
CACNA1A,0.18825267875126134
TRPC7,0.005626002014101772
BOD1L1,-0.037823917421950265
NXF1,0.1033553071500533
NHLRC2,-0.3242251661631375
SNX4,0.06624787512588541
ALPK3,0.10675171198388986
USP6NL,-0.0614792547834804
BIRC3,-0.010322296072503977
SLC39A10,0.03464052366566305
CCNJ,0.04974464249748545
FGD4,-0.04319711983886876
MRPL24,-0.23710574018126374
RARB,0.11953678751259109
ABCC6,-0.02292238670694522
RALGPS2,-0.09256580060422565
GTPBP1,0.14978441087613542
LYST,0.07397502517623689
SNX15///ARL2,-0.03249677744209146
CDK7,-0.05246997985900878
HMGCLL1,-0.045427200402816115
C4orf32,-0.08292539778448797
SPAST,0.07705117824773712
EGF,-0.08803967774420596
CDC26P1///CDC26,0.012597432024173183
HYAL1,-0.021727854984890257
CKAP2,-0.022039345417922265
HSF2,0.014117291037264681
ELOVL4,0.06553739174219923
RCHY1,-0.15620846928499113
MTO1,0.025469909365562378
GLOD5,-0.03549190332325945
CTCF,0.05298737160121254
ZNF26,-0.04083650553876801
RBM18,0.02904591137966131
DHX32,-0.0853754984894215
LCLAT1,-0.03223462235649127
NAA40,0.03679092648540122
CDAN1,-0.2071058912386673
CNOT6L,-0.02785046324269494
C1orf109,-0.03751441087612963
SEPT8,-0.012930372608253943
HAUS6,0.03304583081571373
FOXD1,0.035298197381675084
SYCP2,-0.018524149043299742
TMEM223,-0.004023423967771306
SOS2,-0.06316722054380297
AGTPBP1,0.040184320241695354
FLNB,0.019287331319238737
BAG3,0.04137879154078893
NUP205,0.04411925478348821
HIST1H2AM,0.03680158106747537
LYRM1,-0.08284413897280496
AGPAT3,-0.006199033232624773
ABCC10,-0.1858972205438034
GLRA3,-0.2741558912386669
AFDN,-0.036676183282976726
LOC100134159///CCDC144B///CCDC144A,-0.28386626384692354
CIR1,0.10179352467271269
PIGY,0.15626119838872463
SIVA1,-0.2382340584088573
DNTT,0.03765076535750547
NRDE2,0.02533616314199778
CDADC1,-0.1676553675730058
CCDC191,-0.1169421651560883
ACSBG1,-0.07021084592144672
KARS,-0.07099389728096173
SDCCAG3,-0.013440513595162532
LOC441245,-0.06927576032225191
DACH1,-0.04916704934541405
ZMYM3,-0.2403680866062398
LOC90462,-0.07814462235649189
SNX19,-0.110417099697881
MED6,0.15567485397784786
LOC101929210,-0.08612948640482992
ACADM,0.05907122860020499
HMGB1P37///HMGB1P10///HMGB1P1///HMGB1,0.22974014098691176
USP8,0.10672635448137335
TUFM,0.01992884189325686
CDC14B,-0.0663295166163106
LHX4,-0.046656626384689204
FAM114A2,-0.008429677744205027
HNF4A,0.09961046324270219
ZNF569,-0.04976712990936223
MTHFD2L,-0.057079204431013525
NIT1,-0.05750766364551474
GALNT10,0.07314175226586427
DICER1,0.12666034239678087
TRAPPC6B,0.1182935649546861
SEPT10,0.16583800604229937
SMCO4,-0.026050986908353918
USP4,0.1355836958711015
ETS2,-0.035924733131920045
IL6R,-0.04596432024168767
WDR19,0.0926808257804666
TBCB,-0.10370501510573504
ABCB5,0.020369295065461767
CAMK1,-0.02206247734138614
TASP1,-0.022466485397780483
GDF2,-0.002308851963742614
MGRN1,0.4270909869083581
GAPDHP32,-0.030263021148032407
BCL2L2,0.024832900302118495
MPHOSPH6,0.010479778449147404
FLJ32255,-0.009855941591135026
PI4KB,0.023944934541796165
TSGA10,0.0011591641490465154
CRISP1,-0.16976994964752837
ABHD10,-0.00397943605236338
CLCA4,-0.10168566968781098
MDM2,0.020729687814705355
ZNF81,-0.11211723061429643
ERMARD,-0.07083815709969332
TNFRSF1A,0.24398603222558118
ILF3,-0.07690191339375332
FBLN1,0.14653788519637834
PBX1,0.22495998992950947
LOC729353///LOC728125///LOC727751///LOC388161///GOLGA2P7///GOLGA2P10,0.1015858811681805
SLC25A44,-0.03122825780462818
SLC2A3P1,0.00482594159114183
MIOS,-0.02394543806646151
TYMS,0.09624861027190715
ANKRD36///ANKRD36B,-0.09267341389727693
ZNF502,-0.16484455186303767
TBC1D1,-0.03166226586102387
GALE,-0.006098338368577816
ISG20,-0.35491568982879745
IWS1,-0.10015872104732762
LSM12,0.06346839879154474
TADA2B,-0.027413695871094206
CHD3,-0.0756168177240647
CCM2,-0.08091137965760004
RAPGEF5,0.07434439073514941
TRMT13,0.07908439073514961
CLEC7A,-0.13618650553876752
VEPH1,-0.08601222557904947
WDR48,-0.059764531722050845
LYRM2///ZC3H11A,0.1804316112789559
CD93,0.28846280966767773
CREB1,0.1884963444108796
LOC90246,0.10851617321249096
MVB12B,0.0583168479355507
PLXNA4,0.03353361530715296
ANKRD13C,-0.0918819033232589
VAMP2,0.036713192346428364
HMGB4,0.008791933534746759
STARD4,-0.0255829607250721
CDC37L1,0.11542023162135287
PCBP1,-0.028334582074517
CLCN5,-0.013571067472302537
UBXN10,0.050733917421956855
ABHD17A,-0.19106392749244278
IGF2BP2,0.11019990936556207
SGO2,0.03688311178248123
ADAM12,0.11061156092648913
MYL12A,0.15659250755287324
ANKRD1,-0.0691694864048302
TRPV3,-0.16868403826787168
GRIK2,-0.019709989929502722
TROVE2,-0.06814123867069094
TBX18,-0.009393635448133457
ZNF37BP///ZNF37A,0.0024303625377676934
CBWD7///CBWD6///CBWD3///CBWD5///CBWD2///CBWD1,0.018081722054384127
C18orf54,-0.031196132930509837
IQCE,-0.00021679758307851637
BOD1L2,-0.009447814702917447
SCYL2,0.05928360523666047
LINC01134,-0.059118761329301564
POF1B,-0.0912559818731078
SDPR,-0.04907875125880806
TRMT61A,-0.2279665055387674
EPM2AIP1,0.14284754279960077
RNF141,-0.026437552870086797
OAZ2,-0.22348139979858567
TNFRSF12A,-0.09114775427995586
AGPAT2,-0.09826064451157761
RBBP4,0.369266555891241
PSMD5,-0.015856243705937634
ALAD,-0.0344485095669646
SH2D4A,-0.11098721047330942
MICAL1,-0.07474064451157619
PATZ1,-0.04551335347431717
TMEM138,0.014584219536761006
BUD13,-0.11072136958710527
CKS1B,-0.002955871097679863
OSBPL1A,0.010371258811685151
EPHB4,-0.0009700402819703274
AP2B1,0.2702941389728132
PPP1R1A,-0.10925647532728745
TMEM5,-0.1350297079556847
FRRS1L,-0.0438302416918397
CCDC189,0.10548148036254096
CSF2RB,0.01946692849950002
ZNF260,0.04663633434038599
SNX24,0.04288942598187644
PDE7B,-0.029246676737157175
NFATC3,0.09059892245720269
DAPP1,-0.017244652567972592
HNRNPF,0.091088741188322
SERPINI2,-0.12199227593151674
ATL3,0.3521866062437091
C6orf106,-0.1363843001007003
OSGIN2,-0.03182245720039926
ALDH1A1,-0.011168952668677123
CCDC141,-0.03485117824773053
PCAT4,-0.043482477341385925
INSIG2,-0.08302591137965334
FZD9,-0.03950476334340103
HIC2,-0.053617703927488686
MGA,0.030320342396780907
PLEKHG4,-0.004834108761326235
TAF5L,-0.006554662638465589
CEP95,0.06248577039275276
TPCN1,0.13806322255790754
PRRC2A,-0.04185333333332997
DNAJC14,-0.005765629405837011
PCAT7,0.07746884189325531
KIAA1147,-0.03964775427995604
RCOR1,-0.008855669687811082
NHSL1,0.01506971802618642
FDX1,0.009466374622360316
CHCHD7,-0.22039122860019644
TRIM62,0.09919367573011387
EIF4E2,-0.027847724068474022
JRKL,-0.07717781470291683
ATOH8,0.0024403423967807904
KDELC1,0.1385424874118858
PLEKHA2,0.10859238670695155
GUCA1C,-0.12691991943604874
FGF9,0.0019248539778481503
IDE,-0.09523444108760892
MBNL3,0.009501691842903616
NOL9,-0.15850504531721674
CROCC,-0.1795794763343365
RBM15B,0.0008780060423002473
ECHDC2,-0.3733336354481328
SLC37A2,-0.1562773514602179
FGF7P3///FGF7P6///FGF7,0.02739067472306521
DMRT3,-0.06363090634440743
M6PR,0.01630723061430528
EXOSC3,0.0016395468277983632
IQCH,-0.07676065458207076
KCNB2,-0.048024531722051116
TAF8,0.010485931520647853
ZBTB43,-0.031952467270892515
COG7,0.013898207452168517
LOC652494///IGHM///IGHG3///IGHG2///IGHG1///IGHA1///IGH,-0.11964626384692453
HIF3A,0.005006042296075826
COQ5,0.17363816717019445
GEMIN5,-0.022973172205434596
CNPY4,0.07683191339375908
NIP7,0.11170662638469658
MRPS35,-0.08291396777441706
RXRB,-0.02578260825780078
PIGA,-0.06741965760321844
EFCAB13,-0.0504062537764311
IFNGR1,0.04876347432024568
DNMT1,-0.11086501510573617
CEP120,-0.0005955488418901422
PTPMT1///KBTBD4,-0.03700340382678316
CACHD1,-0.004647744209462651
EIF3C,-0.027345931520641104
EIF2B5,-0.1969756495468229
KLHL18,0.005827260825783838
ISM1,-0.06450750251761878
KCNQ5,0.27073444108761574
NRAV,-0.05882946626384328
STK17A,-0.04608075528700489
GTF2I,-0.04469580060422569
SLC25A17,0.1474416213494492
EIF2B2,-0.026221037260821783
MRPL22,-0.0459109264853933
MYRIP,-0.04227118831822421
ITGA6,0.1114550855991978
DBR1,-0.05059304128901984
CYTH1,0.041898922457204196
PEX13,-0.09980215508559534
ZNF621,0.10275027190332614
ELAC1,-0.04345708962738838
ATP2B1,0.0348412789526724
PARVB,-0.0741122054380641
SLIT2,-0.0882638469284961
HPGD,-0.01514303121852656
LOC100131004///KIAA1671,0.07718253776435395
SCAMP3,0.0021032729103764086
VAMP7,-0.018849687814698868
ARHGEF28,0.16451728096676974
PROK2,-0.06001302114803291
TSPYL4,0.12801742195367974
ZNF793,-0.0868745820745183
OSER1-AS1,-0.021954521651557424
TRABD,0.15893662638469463
TAF1A,-0.03492460221550504
DPP4,0.0033250251762366387
GLDN,0.040901792547838586
CENPBD1P1,0.08143814702920858
MAK16,-0.01111523665659249
PRR14L,0.19070092648540057
TAF9B,0.013086092648543154
ZNF483,-0.10816303121852566
ARHGDIA,-0.3320271500503469
SCNN1G,-0.06424343403826482
VTI1B,0.023856888217526684
C14orf105,-0.045620130916411726
FBXO42,0.023567562940587646
CDC7,-0.021411983887206415
TAF4B,-0.05622215508559554
F8,-0.06681159113796165
PRPF31,-0.15137051359516174
NOS1AP,-0.08152923464249362
MERTK,-0.004488519637458846
KIF11,-0.030706062437055454
ERG,0.08814065458207763
ERI1,-0.08351335347431638
PDE6B,-0.1398678650553839
TFPT,-0.07009659617320954
RNF138,-0.009574692849945748
ENPP5,-0.18250481369586674
CDK17,-0.09240588116817339
MTRF1,-0.0009657603222525679
C5AR1,0.07082661631420312
LINC00691,-0.05578189325276622
POP5,0.0026318932527727434
EPDR1,0.33955245720040467
EXOSC7,-0.08173800604229164
HOXB5,-0.2770628197381655
STAMBP,-0.053688378650549595
FGF13-AS1,0.020217764350456868
SNN,0.036361440080567645
RPE65,-0.05070676737159764
SPG20,0.09536602215508978
ADAM10,0.061640785498493084
PPM1B,0.0023160120845961696
CUL2,-0.08534711983886845
APOL6,-0.025025538771396648
TOR1B,0.025824018126891057
TOPBP1,-0.036459949647528356
UCHL3,0.07236938569990334
PTRH2,-0.16832658610271445
ZNF43,-0.07507902316213108
SCOC,0.10029593152064864
SMAD4,0.14580292044310506
CYP4V2,0.006084491440083935
NOTCH2,0.22944759315206797
TLE2,-0.013684028197378429
ATG5,-0.005844390735141591
C2CD3,0.05343587109768658
SGCD,0.16100319234642874
LRRC41,-0.08729239677743797
ADNP,0.058818308157103455
DSC3,-0.020233272910368902
UFD1L,-0.1306176032225534
DPH3,0.02102502517623772
ZPR1,0.023202306143004274
GRAMD3,-0.047009909365555005
TRMT10C,0.10245192346425264
DCLK3,0.09320443101712299
C2orf68,0.3366582578046348
TTC7A,-0.030280926485394363
LOC91548,-0.4078620140986856
EXOC6B,-0.03343816717018803
NUDT6,0.09262122860020444
SGTA,-0.2520231722054338
GNE,-0.1701847432024125
ANKS1A,0.028924330312189078
IRGQ,-0.011263564954678978
YBX3,-0.0020114199395723786
LY6H,-0.05150872104732743
LINC00526,0.07433689828801904
PPP1R3B,-0.13089020140986468
DCTN3,0.09283382678751592
LMBRD2,-0.12424108761328886
RSPH10B2///RSPH10B,0.00541859013091987
LOC100133775///CCZ1B///CCZ1,0.18259380664652963
SLC22A7,-0.042274088620339045
WDFY3,0.2732800604229626
CCDC181,-0.1351108660624331
SLC27A4,0.1742144612286025
GSKIP,-0.019703776435040843
ZDHHC13,0.03665996978852308
AGPS,-0.12856761329304753
RHBDL2,-0.12030808660623997
PIBF1,-0.0043882678751220455
LOC100128405,0.06201210473313484
PELI2,-0.0043969184289998735
AEN,0.08535517623363897
TMPRSS12,-0.05071140986908018
IPO5P1,0.06733887210473549
LBH,0.06262816717019569
HIST1H2AB///HIST1H2AE,0.15249824773414197
PRPSAP2,-0.18662073514601746
ZNF136,-0.037381178247730074
PELI3,-0.1677426283987869
PHC2,-0.17370132930513188
DNAJA2,0.1267176636455222
LOC101927709,-0.06423733131923094
THYN1,0.06481553877140342
ITGB3BP,0.1216069587109799
DDR1,-0.12234067472305876
PAK5,-0.03154411883181936
GET4,0.09813704934542017
SNX27,0.02688920443102017
ZFP30,-0.040387653575021845
ST6GALNAC6,-0.1505003021147997
LINC01004,0.0119387311178287
FMR1NB,-0.03615605236656239
C2orf47,0.005891007049349209
SEL1L,0.17536533736153426
FAF1,-0.1058405941591094
LRRC8E,-0.006689113796572832
PRKCSH,-0.07835414904329879
RPL34-AS1,-0.0785624773413864
DCAF5,0.15220719033233038
HS6ST3,-0.022575518630409214
TRIB2,0.042255810674726446
ZFAND1,0.0899697683786537
SIRPB2,-0.03591938569989578
MIR205HG,-0.11177897280966392
NHEJ1,-0.25209003021147625
ADARB1,0.3341377240684818
DBF4,0.04065948640483759
FAM216A,0.018583645518634315
DLSTP1///DLST,0.028553383685804182
ANAPC10,-0.010947280966763742
SACS,0.002931127895270516
TSPAN9,0.39753010070493544
LINC00661,-0.08618928499496184
ARSD,0.06517658610272196
ZMYND15,-0.03313349446122501
LOC100127974,-0.0801056998992918
C16orf72,0.059669214501513995
PRDM4,-0.03263412890231286
KLK9///KLK8,0.042366314199399006
CCDC186,-0.07805922457200035
PRO0478,0.020287351460223757
HADH,0.10649102719033579
FAM105A,0.0205231722054415
PPM1K,-0.0754357401812657
ATR,0.11587753272910702
IGSF3,0.10294070493454574
ANGPTL1,0.09618057401812988
GGA2,0.05055343403827217
MRPS28///TPD52,0.12300893252769729
ELP6,0.029943806646529354
TMEM107,-0.5314191238670647
TGDS,-0.03274918429002688
MEOX2,0.049939466263850124
LINC00862,-0.11531736153071181
ZNF839,0.03637388721047648
METAP1,-0.0035686505538733843
DNPH1,0.09343717019134269
ZBTB11,-0.04547584088619888
TFAM,-0.02675106747230238
BEX2,-0.15163512588116373
VSIG8///C1orf204,-0.058572396777438765
MPZL2,0.11967799597180562
LINC00161,-0.04283945619335015
FZD1,0.04082778449144396
BHLHB9,-0.04617609264853652
ZNF263,-0.03861939577038878
NDUFV3,-0.05325858006041903
YIF1A,-0.2832582074521608
ZNF233,-0.003240574018123478
ALG9,0.08789267875126193
SHPRH,0.0372093353474354
RBFOX3,-0.027730715005031305
TMEM38B,-0.07067155085598822
ERMP1,0.06321618328298417
MYCBP,-0.011123363544810111
GCH1,0.2122519133937586
USP36,-0.054928841893249036
ABHD1,-0.0873312487411851
ZFYVE28,-0.0053101913393718975
WASL,0.04928486404834146
CCDC3,0.27401099697885495
LDAH,0.023335931520648192
APOC2,0.008256988922460032
HYAL2,-0.00965366565961412
NAP1L3,-0.027590684793550896
PRDM2,-0.12421182275931097
CEPT1,0.0716145921450186
WNT4,0.16400196374622641
MTF2,-0.008795035246722815
EGOT,-0.03829926485397435
ZNF221,-0.08240218529707602
GJB2,0.017363464249751506
TNFSF14,-0.12336397784491118
PCID2,0.06726775427996337
SLC39A3,0.05365864048338642
LRRC57,0.005477452165159477
SMAD2,0.046537009063447765
NT5C,-0.1041309164149003
HBS1L,-0.10228653575024768
SYNE2,0.06068362537764685
VCAM1,0.3344840080563981
HOPX,-0.04944266868076227
DUSP18,0.10822780463243033
ZNF251,-0.004369707955686234
DSEL,0.12322431017120133
SNRNP40,0.11575892245720373
TLE1,-0.05456381671701564
DOCK8,0.05298513595166537
BMS1P6,-0.010958620342393227
UBXN7,0.12816028197382032
PLBD1,0.10773220543806993
CAMKK1,-0.18535055387713517
RBM15,0.02780415911380009
MMD,0.03829506545821132
IGK///IGKC,0.14828018126888592
UBE2F,0.003018368580064268
POTEKP,0.0006598791540821797
BLOC1S2,0.024998439073518702
LINC00550,-0.10165036253776087
PTPN21,0.5841669788519663
SLCO1B7///SLCO1B3///SLCO1B1,-0.07418804632426663
LINC00475,-0.1185177442094624
LEMD3,-0.0041604330312150495
RAB30-AS1,-0.07527715005034877
BTBD3,0.019729969788522983
RAPGEF1,-0.03604614300100397
VKORC1L1,0.02788693856999403
SUMO1,0.0029502014098724653
POLR3G,0.005555709969791767
CNN3,0.06453586102719457
MIEF1,0.05931637462236021
DENND1B,0.0007338569989965987
ALDH3B1,0.02645974823766667
MCM6,-0.002322819738162285
FAM200A,-0.04941541792547455
HMGCR,0.08390712990936963
DDX53,-0.029695981873108124
ADGB,0.006109979859016755
DKFZP434I0714,0.08538707955690081
FAM53B-AS1,-0.15253984894259445
ZNF286A,-0.2744813393756249
ATE1,0.04969899295065823
NUS1P2///NUS1///NUS1P3,-0.024709295065455054
LOC100134331///LOC642131///IGHV4-31///IGHM///IGHG4///IGHG3///IGHG1///IGHD///IGHA2///IGHA1///IGH,0.12340032225579364
DTNBP1,-0.24446368580059924
GTF3A,0.022744058408866424
DKFZP586I1420,-0.031086555891234713
ICE1,0.08674562940584368
PREB,-0.28191044310170665
NRAS,0.14618311178248064
POTED,-0.0342602719033195
WDR74,-0.10638831822758879
RIC8B,-0.018364833836854458
SEMG2,-0.03366228600201064
NEDD1,0.24779155085599436
MEGF9,-0.0004000100704898979
GM2A,0.18221782477341694
FLJ16734,-0.07013704934541451
PTPMT1,-0.13424414904329823
PA2G4,0.1279194159113825
NIPA1,-0.05848440080563624
LPA,-0.006118157099694446
CDKN1A,-0.06074442094662266
ZNF397,0.028722024169187538
KIAA0391,0.048265760322259516
MSRB2,-0.2320509365558878
PPTC7,-0.03469477341389363
IMPA1,0.17745595166163441
PIP4K2B,-0.03777661631419535
LURAP1L-AS1,-0.015825407854981308
FOXA2,0.1131917724068511
EGLN1,0.05423750251762737
UPB1,-0.07435307150050036
ASPSCR1,-0.007314138972806132
COL13A1,0.05883260825780817
NCAPD3,-0.08823620342396352
USP32P2///USP32///USP6,0.06536532729104096
LLPH,0.04518396777442432
LOC253573,-0.14274654582074173
ZNF536,-0.028225206445111985
MYNN,-0.028412477341386286
PKNOX1,-0.08629006042295732
LOC100131613,-0.13023091641490028
SENP8,-0.0319895367572976
MALT1,-0.09624717019133561
AMY2A///AMY1C///AMY1B///AMY1A,-0.07883412890231278
ZNF770,0.07997777442095019
SCMH1,-0.027057593152061632
LONP1,-0.3120668680765304
FSCN1,-0.1494514098690793
CYP7B1,0.061256888217526076
DEFB1,-0.3594505941591084
TRMT2B,0.008198710976841522
ASB13,0.09016331319234923
MTERF1,0.004300543806650348
THOC5,-0.03369836858005634
IDH3B,0.05812845921450503
LOC105370832,-0.0248270694864014
EID2,0.013412638469288626
PDCD2L,-0.03933098690835486
KIR3DX1,-0.0664336555891202
TNFAIP8,0.011584290030215216
PHLDB2,0.1412473615307187
ALPK2,-0.058610060422958854
BRWD1,-0.03652953675729769
MS4A4A,-0.009026717019130584
CFHR3,0.03723684793555225
TRMT61B,0.03718088620342732
ANG,-0.20932346424974396
ZNF718,0.0228420946626416
CEP97,0.0689890130916447
VPS54,-0.0719347532729056
LOC105375839,-0.08376185297079188
TRAPPC9,0.02706133937563269
GUCY1A3,0.08619417925478687
LINC00470,-0.1869720845921413
NMI,0.030831560926489865
LOC101927237,-0.019893454179251566
SMARCAD1,0.039172124874122374
LINC00997,-0.0466730614300068
MIIP,-0.2855371198388671
DIS3L2,-0.1098944209466225
CUBN,-0.10691551863040935
ZNF852///ZKSCAN7,-0.12277560926485072
COMMD5///ZNF7,-0.0020740382678721206
ZNF710,0.08303850956697162
CDC5L,0.026031621349450723
WHAMMP2///WHAMMP3,0.011600060422963895
NOLC1,0.08282829808660984
ALG8,-0.007497975830811132
SNORD114-3,-0.08580287009063084
RGP1,-0.12769995971802134
NUDT11,0.023447593152068173
STON1,0.15379141993958034
ZNF485,-0.1104161933534703
LIX1L,0.1481801913393791
KIF16B,-0.022892527693853484
CBY1,0.019746163141997106
HPCAL4,-0.0633063544813662
SCRN3,0.09481183282981173
TUBG1,-0.1538165357502474
LOC653972///CBX3P9///CBX3,-0.08625351460221167
ENTPD1,-0.06719792547834516
OR7A10,0.009733162134947855
C3orf14,-0.08162227593151683
POLR3H,0.12341247734139275
C8orf4,0.06935470292044657
EXOC2,0.011311460221554288
DEPTOR,-0.1317288620342355
LINC01222,-0.008859949647529716
GABBR1,0.22110246727089838
C6orf132,-0.03772246727089297
SCARF1,-0.10890449144007698
SIK1,-0.03360855991943182
SIRT1,-0.06472376636454785
SRP19,-0.00909547834843405
ACOT11,-0.036503726082574545
PACRGL,-0.06581051359516257
STAT3,-0.03603730110775123
GCC1,-0.09976170191338982
NUBP1,0.03693263846928928
PRKRIP1///PMS2P3,-0.039865085599190525
SLC9A3R2,0.1512804934541812
PDP1,0.07489379657603563
CGREF1,-0.3207778046324211
LOC100507494,0.0393473514602246
LOC105372550,0.12289283987915767
GS1-24F4.2,0.07324321248741511
FKBP15,-0.012617381671697792
IL31RA,0.015260634441091166
MEIS3P1,0.05500874118832172
LINC01355,-0.11662976837864655
MKRN2,-0.027150765357498947
XRCC1,-0.013722306142998117
ZNF410,-0.009011873111778257
LYRM4,-0.06353441087612888
ICE2,-0.1752035649546786
TTC31,0.06104200402820076
TUT1,-0.1566601711983857
CGRRF1,0.08952127895267212
MITF,0.022018811681776634
TMEM259,-0.13539905337361222
GTSF1L,0.06087168177240975
COL12A1,0.29759597180262204
ERLIN1,-0.05601514602215116
AGAP5///AGAP7P///AGAP14///AGAP9///AGAP6///AGAP11///AGAP4,-0.027674712990932743
LOC105376037,-0.02263384692849623
RAD54B,-0.014485246727086405
FAIM,-0.02558944612285624
PCDHB13,-0.05544731117824425
IL5,-0.020769999999996423
KRT25,-0.07026872104732783
PPP3CC,-0.05950037260825375
GALC,0.11149966767371816
TIFA,0.10597328298086924
GPRASP1,0.1501113192346455
GBP5,-0.08916916414903979
TRMT5///HMGN2,0.07835012084592596
ABCC13,0.11516002014098897
NCAPG,0.24167836858006347
LOC158434,-0.07892208459214187
LINC00424,0.02633572004028513
SAMD12,0.0012232024169224753
FABP3,-0.21750139979858585
IDI2///GTPBP4,0.008950060422963962
LINC01477,-0.018047210473309414
LOC105371622,0.014064843907355011
CXCR4,0.03867520644511888
RPE,-0.05365756294058039
KIF3A,0.07655784491440407
FAM175A,0.05731903323263154
SRSF4,0.11755480362538193
MCEMP1,0.05844283987915694
SLC22A3,-0.15859984894259466
AKAP1,0.13480651560926735
DRAP1,0.055218086606246164
GSTA4,0.0899662134944642
CDK14,0.10578344410876438
FYB,0.0984891641490464
CDC42EP3,0.15763216515609552
UBR5,0.04734292044310526
LOC100128343,-0.09135023162134569
GPD2,-0.15885865055387238
MARK1,-0.05697329305135573
IGF2R,0.24646425981873332
LINC00623///LINC01138///LINC00869,0.1322403423967811
EPC2,-0.04600914400805263
HN1,0.029252809667677848
C9orf163,0.005871671701916367
C12orf76,-0.05090722054380292
SLC19A2,-0.056627562940579745
GID4,-0.06844828801610889
LSM4,0.06189075528701301
PPIL3,0.05843149043303422
TRAK1,0.09818125881168543
GPR146,-0.03503484390734819
MCCC2,-0.054626475327287795
TNIK,-0.08722615307149698
DHFR2,-0.1149400503524631
WDFY1,0.07041014098691177
ABAT,-0.10487124874118448
MPLKIP,-0.11286354481369132
STX17,0.031459214501513885
ZNF271P,0.14988744209466537
RUNX1-IT1,0.2662156696878176
TRIP10,0.2961911581067478
KDM6A,-0.057746596173208736
PWP2,-0.04363118831822321
MAML2,0.20760661631420158
ADAM3B,0.08687214501510898
LOC728323,-0.021774431017116548
LOC647506///IGK///IGKV1-5///IGKC,-0.030375206445112952
PARP2,-0.08986211480362108
GPN1,-0.009592014098686652
C18orf50,-0.1949164753272873
TRIM16L///TRIM16,-0.16324043303121477
CDHR3,-0.11379935548841494
RCN2,0.11749719033233008
PTER,0.1708756394763381
CPSF3,-0.10490211480362066
NEUROD2,0.12482056394763671
RBMX,0.03517580060423425
DCLK2,-0.01962972809667312
TRIM37,-0.09930448136958334
HEBP1,0.03372227593152462
ESCO1,-0.06941809667673364
CAPS2,-0.024635387713994178
OLFM1,-0.13757225579052995
C11orf87,-0.0961084189325242
INO80D,-0.050419204431013276
FSBP///RAD54B,-0.008707915407851527
ZNF556,0.007839123867072858
ZNF267,0.047182064451161826
VSX1,-0.09744158106746957
LOC100132910///GALNT2,0.13098445115810886
ATP7A,-0.058214874118828114
MPP1,-0.017792729103722288
UBA5,0.009911228600205158
LINC00938,-0.007769003021144763
ATPAF1,0.14479803625377952
VWA8,-0.1551025075528656
OTUB2,-0.020886988922454483
SIRT2,0.05221330312185609
FMR1,0.07418801611279331
GSR,-0.027589566968777346
TULP4,0.0006783585095715972
CYP26B1,-0.06132941591137694
PLXNB2,-0.27761815709969356
TEKT4P2///LOC728312,-0.033640261832826486
LZTFL1,-0.021753413897277335
UGT2A3,-0.09017980866062028
TCL6,0.05722822759315539
TXLNB,0.010930795568985477
CCHCR1,-0.033703152064448176
ZCWPW1,-0.07776535750251413
IGLV4-60,0.0922211883182309
CHERP,-0.04236873111782105
PFDN1,-0.04717105740180816
SPATA20,0.06995907351460462
SLCO4C1,-0.05336029204430722
SAP30,0.01873996978852325
ARNTL2,0.034710654582078046
CAAP1,-0.011463212487408336
CAPS,-0.09640183282980402
KIAA1109,0.06405242698892577
DPAGT1,0.017740704934545
ABCA1,-0.14964637462235186
TRD///TRA,0.1353288721047358
KRT18P65///KRT18P13///KRT18P17///KRT18P19///KRT18,-0.028425669687810864
SEPHS1,0.04795477341390105
ARHGAP20,-0.03717191339375267
DTD2,-0.012098076535746488
SLC46A3,0.17520306143001163
HECTD4,0.12885313192346662
SDF4,-0.18429699899294627
TUBB,0.16112988922457547
MIR137HG,-0.004383655589120829
ZFP82,0.10886873111782795
TPBG,0.031296163141998457
C5orf47,-0.07299516616313877
C8orf59,0.028813383685804328
ZNF493///ZNF738///ZNF273,-0.06671561933534378
EVI2B,-0.04976621349445745
GPATCH2L,0.0731838167170221
TMEM161B,0.06941437059416207
C12orf29,-0.03293387713997605
STAB1,0.059499083585098485
LOC399716,-0.037767421953672546
GKAP1,0.04438926485398081
PDE4D,0.08312009063444364
HHCM,-0.028817915407851627
PRPF18,0.14123502517623668
ZNF226,-0.07515464249747844
ADPRM,-0.006482749244708846
EIF2AK3,0.15240613293051675
LINC00662,-0.0058564853977809556
SLC46A1,0.08992734138973082
MRPL46,-0.05311813695870643
LILRA4,0.11954493454179571
ACOX1,0.10431801611279262
DCAF10,0.051700815709973244
ENTPD7,0.06493341389728427
SKI,0.15568947633434255
SEMA6A,-0.05362395770392414
TECR,-0.17481808660623954
ELK4,0.0795782477341426
PDLIM2,-0.07307744209465937
GCFC2,0.10212150050352731
KMT2A,0.06697926485398142
ARHGEF3,0.032839718026187306
PRKCE,-0.29220263846928046
MAEA,-0.02066505538771035
UBE2W,0.13535667673716373
GDF11,-0.05630597180261517
CHAC1,0.21435984894259885
PLCD4,-0.07885843907351084
TMEM222,-0.0995500906344367
DENND6A,0.019391611278955986
TTC23L,-0.0881412286001983
SBNO1,-0.09049657603222189
C14orf79,0.005824199395773687
CGA,-0.024744833836854788
TNFAIP1,0.06904068479355825
ACTR6,0.029266384692853892
NCOA2,0.07861362537764688
SLC43A1,0.007791993957707258
LOC221272,-0.1934060120845878
TTF2,-0.06711253776434754
ICA1L,0.016359436052369843
LOC728198///TAF9B,0.0033194864048370215
OSBPL3,0.0995239677744244
RAC2,-0.13500743202416515
THTPA,0.011991047331322169
ADGRF5,0.08172103726082926
SYK,-0.10385436052366179
WDR47,0.13778811681772696
TMED5,0.059267371601212385
IGHV4-31///IGHM///IGHG3///IGHG1///IGHD///IGHA1///IGH,-0.10551744209465906
SPINT2,-0.09740346424974441
MED28,-0.0683840986908325
KIAA1654,-0.022205861027186802
ABR,0.04641617321249106
RNASEK///C17orf49,0.10656085599194723
KDM3B,-0.019789999999996033
MOCS2,0.12722920443102018
ATG16L1,0.005736042296075584
TMEM26-AS1,0.05634446122860369
WBSCR22,-0.027000251762331895
GPR183,-0.10567552870090274
TMEM59L,-0.012299969788516822
UNC79,0.0015508358509594838
LOC100132077,-0.09484893252769037
PLB1,0.13901960725075857
COX15,-0.09235953675729756
PGGT1B,-0.11188187311177833
RPAP3,-0.04551166163141601
SLC22A24,-0.021424219536754236
EFEMP1,0.11567303121853297
RNASEL,0.013169969788522945
CC2D2A,0.04794309164149405
ATP1B4,-0.02544252769385337
PTCH1,0.15080077542799905
ATP1A3,-0.07541353474319946
THAP12,0.02546974823766744
LINC01553,-0.07225426988922094
AP5M1,0.08981441087613648
CFL2,0.011170614300104416
DUBR,-0.04080434038267507
RDX,-0.001611832829803872
TMX2,0.002268418932531588
LINC01360,-0.05461818731117454
EEF1E1,0.09431418932528046
ANO1,-0.01973900302114487
TMEM184C,-0.005248247734135514
SYBU,0.048475065458210426
EFNA1,-0.08134247734138506
DCAF1,0.05645089627392095
POU1F1,-0.21396253776434643
USP11,0.13188497482377035
COG3,-0.036721631419935966
ARFGEF3,0.140176002014102
CELF6,-0.019500191339372343
C4orf47,-0.01743380664652238
FAM171A2,0.05658198388721343
DDX41,-0.13898426988922047
ZNF471,0.06018095669688158
TCTEX1D1,-0.010773202416915362
HIST1H3J,-0.1101953675730083
LOC652708///CES1,-0.06445211480362195
CCL13,-0.04563600201409542
OSBP2,0.018284159113799853
LOC100129410,0.098003202416922
CLPTM1L,-0.1543636757301058
SRA1,0.10298660624370917
HR,-0.06546888217522388
LOC100134331///IGHM///IGHD,3.3182275934652875e-05
NUDT4P1///NUDT4,-0.10253533736152695
WDR53,-0.14198269889224152
ANPEP,0.14832790533736515
FBXW11,0.11305475327291394
NME7,-0.054874310171194964
EIF3LP3,-0.054032497482372654
GHDC,-0.039053021148032836
HTATIP2,-0.1738517421953623
MPP7,-0.06140392749244351
NXT1,-0.07481402819737742
OR5H1,-0.06687189325276544
NARS2,-0.02132244712990579
BAHD1,-0.20404588116817307
COX18,0.006013363544817109
FTH1P5,0.0007962739174255593
GEN1,-0.06427004028197048
DOCK1,0.06789439073514979
KLHL7,0.05252822759315554
ACKR4,-0.07378902316213118
BAZ2A,0.01956669687815138
P3H1,-0.031955196374617634
ZNF701,0.06092855991943921
ZEB2,0.17632656596173557
LOC100134053///LOC441259///PMS2P12///POLR2J2///POLR2J4,0.0356842698892284
RANBP3,0.06780546827794895
EP400,-0.0569274320241652
NOD1,-0.1635375327291001
ITGB1BP1,0.026306163141997383
ZNF200,0.18630932527694044
MEPE,0.10439605236656925
IQUB,-0.0022897885196340034
ORC4,0.06382049345418277
ITPKB,-0.0866922960725041
RELA,-0.0286711681772372
TNFSF9,0.19366557905337628
GPRASP2,0.00986101711984266
HOOK3,0.03747624370594472
ANKAR,-0.029819647532725577
COL14A1,-0.07315655589123451
LINGO3,-0.04215916414903956
SGK3,0.1023701409869116
LOC727895///LOC401218///FAM58A,-0.3414393353474263
DEPDC7,0.04229245720040646
ZNF626,-0.10690007049345115
SURF1,0.0032018932527731747
TSPYL5,0.011312205438070239
ABHD12,0.042790140986911654
DIAPH2-AS1,-0.007147442094659194
TEX26-AS1,-0.14844589123866656
APAF1,0.04784746223565305
SOX6,-0.020911268882171347
FMNL2,0.2133079556898318
LOC100133999///EVA1B,-0.10824271903322863
CDKN2B,-0.05787480362537428
BRMS1L,-0.08259373615306774
INPP1,0.04315095669688236
UBAC1,0.02283945619335663
RSPH6A,0.004349627391745232
C1GALT1C1,-0.03898101711983487
SGPP1,0.0912988922457233
TMEM63B,0.1465257301107785
SLC4A1AP,-0.09026473313191918
SEMA3E,-0.07381817724068071
NR2E3,-0.012673726082574277
RNF182,0.07339324269889455
FAM182B///FAM182A,-0.11816814702920056
SLC9A9,0.058040553877143505
ZC3H18,0.01306842900302374
PEMT,-0.08212585095669343
CHAF1A,-0.08097192346424575
MTAP,-0.01669008056394424
CD74,0.0806863041289056
LOC100129884,-0.028490896273914594
RIT1,-0.05939678751258444
RGSL1,-0.10936221550855638
PMS2P2,-0.09858270896273581
ZBTB8OS,-0.07551927492446708
APLF,-0.15942205438066098
MUSK,-0.05840728096676373
GOT2,-0.04232238670694455
ACTR1B,0.07643388721047639
UGT2B15,-0.03332607250754922
RGS6,-0.047832437059412425
PAH,-0.05717860020140654
KLHL9,0.16133507552870446
LARGE-AS1,-0.09024320241691515
DUSP23,0.05149608257805004
CARM1,0.08174630412890523
LOC100132553///CP,0.0014999597180297142
PCDHGA1,-0.08496737160120517
ANKRD26,-0.014731621349442857
TFRC,0.08228154078550218
JAG2,-0.054970976837861577
FAHD2B///FAHD2A,-0.23126209466263414
MPDZ,-0.0683402719033196
ENGASE,0.008075931520647945
PDE12,-0.02629171198388386
FBF1,0.05609536757301367
SHQ1,0.19347008056395104
LOC100130285,-0.19289741188317874
HIST1H2BC///HIST1H2BI///HIST1H2BE///HIST1H2BF///HIST1H2BG,0.2062646727089658
UBL4A,0.06295102719033559
CPLX3///LMAN1L,-0.014026918428999918
LOC652637///WHAMMP3,0.02338199395770743
ZMIZ1-AS1,-0.029961238670691344
S100A9,0.16868915407855412
FUNDC1,-0.022371762336350104
TRNAU1AP,-0.06298211480362148
AGPAT5,-0.07181196374621984
PDE6C,-0.23016537764350015
POLB,-0.07114228600201042
SLC16A14,-0.07304952668680384
UQCC1,0.1048203222557937
YTHDC2,0.035576535750255225
KCNJ3,-0.04239718026182945
PI4K2A,-0.12330074521651185
LOC654342///LOC645166///LSP1,-0.219124843907347
KCNA3,-0.03490774420946267
AP1AR,-0.005202346424971489
KIAA0485,0.09769293051359845
KIAA1217,-0.03757623363544475
TLK2,0.04604628398791889
MGAT2,0.04598176233635773
LINC00599,-0.040977442094659214
RPH3AL,0.07783375629406164
LOC285593,-0.060097945619331725
DSC2,-0.2027563645518594
FSCB,-0.012252860020137509
HIP1,0.10637779456193724
CHD1,-0.08321676737159767
FNDC3A,0.029424652567979617
CKAP5,0.00617666666667091
DCTN1-AS1,-0.04238044310170809
OTOP2,-0.040509566968777916
AP1G1,-0.07527669687814315
BIN2,0.002166555891242025
PLEKHS1,-0.0386609365558883
RGPD6///RGPD7///RGPD5,0.024520926485401454
CDKL5,0.006002809667677045
ZBTB24,-0.032540866062433504
ZNF304,-0.018442366565958407
COMMD10,0.009506646525683699
C10orf11,-0.06573292044309686
SRPX,0.1325315709969823
LOC101927138,-0.04560277945619029
ACO1,-0.001114290030207743
DPPA3P2///DPPA3,0.04719194360524015
NELFCD,-0.021700563947629453
ETNK1,-0.0280891037260788
CCDC85C,-0.03782721047330978
RGL1,0.23253851963746494
LINC00328,-0.004199103726079123
MEX3D,-0.001134169184286566
LOC339568,-0.026383262839875618
PARVA,-0.027770201409865025
HIP1R,-0.11407962739173885
CEP70,-0.020637744209462905
MYD88,0.0287866062437096
VPS50,0.03496193353474685
FBXL14,-0.0482310473313157
TMEM136,0.0022887814702954633
LINC01289,-0.1453452567975796
LTBP4,-0.030982799597177382
TIGD2,-0.0781373514602179
NALCN,-0.029073977844911225
LOC100133233///TRAF3IP3,-0.026806032225575663
TRGV5,-0.10333230614299742
FAM166A,0.05689906344411186
PLXNC1,-0.09410868076535389
BOLA3,0.04848034239678112
TRPC4,-0.17931482376636054
IGSF11-AS1,-0.18959515609264513
RPS6KA5,-0.2033294662638428
NPIPB5///LOC729978///NPIPB1P,0.09360019133937841
SPATA13,0.12383561933535155
SOCS7,0.053077915407858306
TMEM69,0.0796539577039298
INTS3,0.04679824773414269
NR2F2-AS1,0.05144109768378964
PRKAB2,0.08053208459214849
IMPAD1,-0.08901952668680377
SH3BP2,-0.08528730110775082
APLN,-0.09086130916414523
WRN,0.011275649546831412
CEP350,-0.059762064451153674
EMP3,-0.0453429103726036
RUSC1,0.2933251258811692
SNAPC2,0.05811442094662872
TAT,-0.05055175226585782
LOC729120///THEM4,0.14650891238671032
ANAPC4,-0.08964991943604722
XAB2,0.1256384390735174
ERCC1,-0.14296699899294601
ZNF177,0.02652596173212795
APITD1///CORT,-0.0028962336354450384
NCAM2,-0.13703967774420567
VPS37C,-0.02443787512587764
ALG3,0.274104652567977
SPTSSA,0.007650292044314416
STXBP4,-0.05108536757300753
EHMT1,-0.046949305135948194
PPP1R21,-0.01667630412889899
PRKCH,0.026046193353478492
LOC101929713,-0.06628165156092272
KDM5D,0.056722225579057345
RYR2,-0.1259897079556866
SLC31A2,-0.06998992950654201
LINC00337,0.04006480362538109
CYSLTR2,0.006238741188321198
FBXO40,-0.0744845619335313
OTUD6B-AS1,0.12808747230614645
CALCOCO2,-0.10614646525679507
HMCN1,0.026294108761332445
LOC100130429,-0.04156462235649172
GPX2,0.09382424974824072
LAMA3,0.03447743202417215
LRIG2,-0.1908341087613255
BLOC1S3,0.07010430010070756
CYP2A13,-0.01561764350452851
KLF2,-0.10638884189324953
NEURL4///GPS2,0.33755144008056504
ANP32E,0.047232990936559804
FLVCR1,0.019408288016116545
ULK1,-0.01152193353473939
PMCHL1,0.08740748237663956
PI16,-0.03783194360523312
PIK3CG,0.04445154078550189
MORC1,-0.09013184290029883
ADO,-0.050674572004024726
LOC100134361,-0.00786655589123511
FAM117B,-0.0034463343403794977
RABL6,0.003730322255793568
LOC115110,-0.13622253776434767
METTL13,-0.0003955589123831177
MIER1,-0.011765770392745609
ST7L,-0.08353649546827453
KCTD15,0.10200434038268152
PANK1,0.005334592145018746
TRIM24,-0.01853103726082226
TCP10L///C21orf59,0.018258066465259945
MMAA,-0.031708418932524185
LINC00643,-0.0356353474320209
LOC100130224///UTY,-0.19605888217522283
FXR2,-0.03155279959717705
MTERF3,0.059419758308160445
B3GNT7,0.03969451158107062
MIR99AHG,0.12097844914401121
FOXK1,-0.13845893252768965
TMEM100,0.1351912084592175
SLC2A5,-0.02605619335347059
PARP15,0.025592306143004284
ZNF189,-0.009620473313188271
GALNT13,0.03238021148036565
TRIM8,-0.11608625377643084
MCTS1,0.014263615307154115
ZNF229,-0.050379999999996525
TMEM164,0.003284259818733974
TMEM144,-0.08369267875125536
ZNF248,-0.12827786505538336
MAPK1IP1L,0.17758360523666003
LZTS1,0.05386561933535103
LOC101929305,-0.03935329305135546
GMCL1,0.01982235649547244
MFSD11,-0.04454950654581674
LOC441454,-0.01635850956696542
SLC7A1,0.16238551863041623
RP9P///RP9,0.0067388217522701965
ZNF672,0.029983021148039024
AP3M2,0.051849597180265335
NFATC4,0.09619138972809893
FBXO33,-0.10039450151057008
TNKS1BP1,0.051573242698895294
CPNE1,0.07947563947633701
CA13,-0.03065463242698535
TOP2A,-0.03468407854984487
PDXDC2P,-0.07854323262839502
MAGI1,-0.3311359617321207
NT5C3A,0.3245404028197406
LOC150596,-0.0626417522658574
SCN3A,0.09184776435045626
KRTAP4-5,-0.029636002014095275
RASSF3,-0.0012050855991910664
AHR,0.10342496475327628
SRSF2,0.18205581067472645
PAGE4,0.004920110775430961
LRRC37BP1///LRRC37B,-0.06450980866062066
LMNB1,-0.06961171198388336
ZCCHC11,0.03361035246727376
TUBB3,0.1093149949647574
TTC12,-0.14962254783483994
GPR155,0.04444746223565316
BDP1,0.08488346424975103
POP7,-0.0172942497482342
ZFP90,0.14336553877140343
SLC39A13,-0.06020384692849566
FLJ21272,-0.046822648539774525
PHLDA1,0.2159607250755322
LINC01487,-0.04431064451157776
C19orf70,-0.1496902618328249
ST18,-0.06409262839878802
TMEM116,-0.05683668680765055
CCDC36,0.016013313192349596
CLEC14A,0.11194214501510927
PLCD1,0.02469862034239928
KCNAB1,-0.055754632426985085
HCG9,0.07626279959718328
PIWIL4,0.05446336354481756
HOXD4,0.18495279959718192
ZNF445,0.23524770392749567
RTF1,0.08043746223565325
CLNK,-0.058400161127891814
ZNF532,0.1456088519637493
CDIP1,-0.06951996978851711
ENG,0.1206898288016147
NAT10,-0.09927725075528285
LOC100130691,-0.04402306143000668
ZNF317,0.04837745216515993
MTMR6,-0.051548267875122275
HTR2B,-0.0555871097683745
PCDHGA4,0.04713238670695255
AGO1,0.177015256797585
ZNF419,-0.003421148036250793
TJP2,0.0349641289023197
GJA10,-0.01573623363544488
MFSD14A,0.13771654582074866
BAGE,-0.12133162134944236
DPY19L1,-0.12392366565961394
CHRM1,-0.16474661631419563
ITCH,0.07910743202417232
LOC100506974,0.025102104733134484
GAS2L3,-0.01478730110775086
ZNF720,-0.028742275931516847
TARS2///EMX1,-0.16384632426988532
ZNF750,-0.0294666465256763
LOC645513,-0.08552104733131533
DUOX1,-0.169067291037257
BRSK2,-0.027067794561930154
TXNL4B,-0.21288429003020798
DFNA5,0.08495415911379983
LOC340017,0.009765830815713607
ACOT9,0.16296882175226923
HARS2,-0.0985826686807616
C1orf50,-0.048780533736149045
ARHGEF15,-0.0902190735145988
PAXIP1,0.1287746223564982
N4BP2L1,0.09439065458207772
CYP3A5,-0.06235940584088311
FAM204A,-0.07714398791540356
SPNS1///LAT,0.0776397885196406
LOC101928658,0.07728509566969056
LOC100130134,-0.05515352467270547
RNF7,0.18880957703927864
NWD2,-0.04002399798589764
ELMO2,0.0776941993957736
ANP32A,-0.07129581067471893
GLCCI1,-0.041694894259815304
TBCE,-0.044583846928496054
LOC105373738,-0.04610248741187983
LOC105378470,-0.0641926283987882
STPG2,0.03243933534743543
EPHA3,-0.0009359315206413574
MCHR2-AS1,-0.08659858006041918
CHST11,-0.16550866062436653
POLR2I,-0.059433856998988704
XRCC4,0.044965035246730484
LOC100131110,-0.0864471601208425
TOR1A,-0.04463560926485071
KCNG1,0.06741010070493608
SNHG21,0.11291770392749545
MAP3K13,-0.10793296072507172
LOC100287497,-0.1367426485397749
SPIN4,0.08425101711984101
AGO4///AGO3,-0.014444904330308879
MYOT,-0.2894851158106703
MMP9,0.2563183887210512
ATP10A,0.04715715005035562
BRI3,-0.1793814098690789
SSRP1,-0.1422389728096628
ANKRD31,-0.03422087613292743
LOC100507006,0.017455901309167472
STK25,-0.04792062437059075
TMF1,0.06267941591138305
CAB39L,0.0201359617321284
ERVMER61-1,-0.02974238670694556
ZNF879,0.18716675730111054
SLA,0.0961835548841926
SLC4A2,-0.19436245720039824
INPP5A,-0.14517318227592763
GRIPAP1,-0.05546437059415543
C1QTNF7,0.0628273716012119
NAT1,0.04952591137966151
USP38,0.06679669687815079
INPP5F,0.07323393756294486
ZNF804B,-0.0535431722054347
PRTFDC1,0.04533608257804997
PDIK1L,0.001639073514605384
RNLS,-0.048844380664649203
ZCCHC5,-0.009316787512585106
TRIAP1,0.09044037260826146
ADAM17,0.14449404833837187
BAZ1A,0.1488465156092679
ENTPD3-AS1,0.019540946626388323
MRPL19,-0.047526616314195136
MLLT3,-0.02005320241691517
MRPL39,0.02377663645519011
GRTP1-AS1,-0.1299265156092612
EGLN1///SCAND2P,0.14448546827794828
ACAT1,-0.0930939778449098
UGT8,-0.1474285800604193
NRG1-IT1,-0.036699798590127494
ARVCF,0.031560906344414344
DNAJB7,-0.034155861027186624
ZNF182,-0.006012265861024258
LINC01362,-0.02616962739173853
WFDC13,-0.03142727089627079
HIVEP3,0.07141914400805946
TARDBPP1,0.02056439073514952
OBSCN,0.07885241691843181
RNF168,0.021661530715008495
FOXD3,-0.04204448136958375
MIR503HG,0.08866339375629673
CEP89,0.03260599194360844
RSPRY1,0.18964975830816064
LARS,-0.08752659617320871
RPP30,-0.02899517623363085
ARHGEF18,0.19428735146022325
LOC728701///LOC728649,-0.0009561027190300372
HELLS,-0.0025236354481333045
OXSR1,-0.0171867472306107
TPH2,-0.0015541389728062488
CACNA1I,0.03006611278952903
TERF1,0.13013527693857313
TBX15,-0.009776686807650394
LOC105378568,-0.14000618328297706
C1orf56///MLLT11,-0.0495436757301069
MS4A6A,0.07787729103726411
LMO2,-0.016921299093651893
SEPT7P9,0.054431621349449136
BCORL1,0.04754309164149381
MIR4697HG,-0.042761953675726494
LINC00564,-0.014228288016109397
ZNF175,0.08987348439073745
SLFN13,-0.030672044310168095
DSTYK,0.08246143001007392
TRIM39,-0.1840878247734101
ZCWPW2,-0.062180060422957095
ZHX3,0.03466020140987283
PRPF6,-0.13061765357502053
PSMB10///CTRL,-0.10605967774420516
LEKR1,-0.0012583383685770555
OSTM1,0.03900323262840248
LOC102467079,-0.009372205438063157
FAM196A,-0.06217082578045968
DTWD1,-0.1044064149043267
CHIC2,0.191833353474323
SAC3D1,-0.16005406847935083
LINC01492,-0.04086435045316873
BHLHE22,0.09808746223565282
C1orf226,0.02622882175226872
MRPL1,-0.026381651560922315
CCDC68,-0.07590091641490063
RWDD2B,0.004248902316217218
MDH1B,-0.046577905337357964
ZNF253,-0.04066750251761998
LOC100134089,-0.2722179556898245
TMEM117,-0.010906022155081976
RNF145,0.035950231621353225
LOC645984,-0.048649476334337055
CABIN1,-0.03706194360523306
CD46,0.17266921450151418
LOC285535,0.06026654582074786
ZBTB14,0.018026173212490792
UTP23,-0.050550664652564484
HOXC13,0.009645951661634743
CHRM3-AS2,-0.002778378650550549
HHEX,0.010537210473316745
PRRG4,-0.027869768378647446
HS3ST3B1,-0.07574785498489028
GIT1,-0.08847872104732712
BBS7,-0.0060920845921415626
NUDT22,-0.05459280966767027
CLEC12B,0.04027347432024479
RSL1D1,-0.1833269989929468
LGR4,0.030008358509570583
GART,0.0005701711983926855
LOC646736,-0.024179113796572768
GIMAP6,-0.008003202416915135
KAT2B,-0.011794551863037878
HSPA12B,0.03724798590131201
MTSS1,-0.008958509566964673
FASTKD3,0.03583335347432422
BST1,0.057106233635451635
ZNF789,0.04913579053373927
PRCC,-0.08538950654581687
CRISPLD1,-0.10284732124873702
LINC00856,0.027647995971805818
LAMTOR2,-0.05928628398791108
GPR137,-0.052083585095666116
LRRC17,0.039875558912389995
IPO11,-0.013422658610268152
HRASLS2,-0.08146957703927094
PKIB,-0.15446525679757916
GTDC1,0.02740363544814106
DKC1,0.07664389728097057
EIF6,0.019336414904333937
LGI2,0.06873741188318494
LOC645321,-0.0868302517623328
DLGAP1,-0.07486469284994583
GABARAPL3,-0.05189748237663332
CWH43,-0.08319421953675368
HIST1H1C,-0.02688554884188951
IBA57,-0.11563627391741832
DNMT3A,-0.03870757301107383
LACE1,0.05713898288016439
RBL1,0.03095829808661009
FAM189B,-0.055071097683783515
GORASP1,0.014994783484393287
LOC101929570,-0.05339385699898937
MYCN,-0.04797082578045995
FOXRED1,-0.07908151057401436
HOXA5,-0.09370107754279627
BANK1,-0.1027652064451122
UCHL5,0.009357079556901113
LOC284669,-0.12536812688821367
COA7,0.04090008056395111
SLC35A1,0.04785401812689175
ZNF404,-0.03350942598187027
LRRC4,-0.020488640483380217
NRIP1,0.04980231621349836
TCEB3,-0.04717826787512125
CLIP4,0.042450896273920784
HIST1H2BK,-0.014883605236653406
ERCC6L2,-0.06928635448136608
UBR1,0.07293546827794867
FEN1,0.1102822356495509
KIN,-0.0562274018126849
PMAIP1,-0.0130663746223535
DPH2,0.011744652567979194
FAM57A,-0.1699396374622314
PLCB1,0.030802477341392825
SPSB1,-0.23066744209466009
LOC101926959,-0.032994783484387516
SACS-AS1,-0.129258801611275
GPATCH2,-0.06707835850956353
MCM8,-0.030019758308153545
PPP2R2B,0.037585216515612425
SNAP29,0.0017026082578080262
FAT4,0.19817575025176537
FYCO1,-0.0689255790533696
PPIAL4C///PPIAL4A///PPIAL4G,0.031934239677747944
TSSC1,-0.1988713091641452
NOTCH3,0.22174418932528017
ZFP69B,-0.23124312185296708
C2orf69,0.07127254783484704
DNAJC16,0.09593385699899601
GTF3C3,-0.05882174219536441
CD4,-0.0679510775427961
ABL1,-0.025568781470288293
MTRR,0.06668046324270224
PRKRIP1,0.06783164149043602
TMEM260,-0.042570392749241445
LOC101928741,0.15694027190332643
CAMK2D,0.06104982880161509
ZFP37,-0.04463470292043974
PLD2,-0.17144883182275517
SLC9A1,-0.04240356495467949
XPA,-0.00018791540785101368
MT1H,0.1182085196374662
NLRP14,-0.0358795266868042
ETV5,0.021111500503528807
PRO1804,-0.009898116817720702
XPO5,-0.025574914400801896
TMC5,-0.06968934541792185
DDX10,0.00868487411883595
TIAM1,-0.1300043001006997
NPM1P8///NPM1P25,-0.0946225780463204
KLRC2///KLRC1,-0.06041109768378315
KIF26B,0.04876417925478653
MBLAC2,-0.016248086606240268
OSBPL6,-0.08169881168176818
DLX6-AS1,-0.03921046324269576
FCN2,-0.09638132930513246
POM121L9P,-0.3068509566968733
LOC339666,0.05772556898288319
ZNF846,-0.11316892245719637
VPS72,-0.06827986908358157
CWF19L2,-0.07735015105739845
NR2C2,0.039808912386710645
MGC39584,-0.019446978851960516
RCBTB2,0.1453148136958748
GPER1,-0.15587899295065133
PTCD1,-0.06284581067471982
SPHAR///RAB4A,0.02282981873112115
LIPA,0.07496977844914832
PCDHB16,-0.023564803625374657
THSD1P1///THSD1,0.034555961732128354
WDFY3-AS2,-0.00970961732124559
LOC728743,0.0005816515609296004
ECD,-0.03818462235649123
DNAJC9,-0.035010765357499224
DNAJA4,-0.22313539778448727
CMAHP,0.19445253776435362
KAT2A,0.12196152064451402
POU5F1P4,-0.027058952668677333
ACAP2,0.07116848942598523
TTC30B,-0.012897009063440608
LINC01527,-0.13650984894259469
DHRS12,-0.05678012084591752
ZMAT2,0.007248580060426217
MIR17HG,0.04227958710977151
PREX1,-0.04684943605236315
LOC101928995,-0.11406275931520311
UBXN2A,-0.09184907351459881
NPR3,0.06060236656596413
ARMC9,-0.1544760926485353
OXSM,-0.052367804632423506
LINC01241,-0.06074791540785145
LOC100289230,-0.04327497482376361
ANKRD39,8.748237663991094e-05
LINC00551,-0.041590976837861324
CTDSPL,0.004742034239681808
PDAP1,0.029211258811685036
NAP1L2,-0.09537715005034861
ATP6V1D,0.03148978851964207
MLK7-AS1,-0.1705760120845882
CCDC24,-0.036054874118828656
RECQL4,0.22940900302115086
HELB,-0.16902601208458815
PCP4L1,0.010786747230617035
GLIS2,0.3581688620342399
SLC4A4,-0.020050231621346323
TP63,-0.03300077542799265
ARHGEF11,0.0787332628398823
DESI1,-0.11041048338368203
SNX25,0.008283111782480507
LYPLA1,0.1242460926485437
VMA21,-0.026702527693853766
ACTA2,-0.010684592145011981
SOX15,0.26533107754280294
ZBTB47,-0.08806552870090277
IFT81,-0.22044159113796147
NAT6///IFRD2,-0.05065668680764948
ALPPL2///ALPP,0.003368469284998018
TMTC3,0.05529816717019462
REPIN1,0.14724842900302376
SP2,-0.136944994964749
LYVE1,0.11913659617321493
SLC6A8,-0.18948152064450802
LINC01267,-0.00024572004027902106
TCP11L2,-0.012863826787509101
SLC25A28,0.026278076535753064
CDHR2,0.11964246727089908
SLC17A5,-0.038293313192342304
RBM28,-0.017103282980862375
LHPP,-0.04499159113796339
HMCES,0.014344138972812996
ZNF138,-0.037532286002010584
AVEN,-0.19854126888217083
LOC645468///IGF2BP3,-0.1502066868076498
LOC401585,-0.065325951661628
VWF,0.2708906847935583
FAM89B,0.07461022155085864
ANKHD1-EIF4EBP3///ANKHD1///EIF4EBP3,0.07529789526687175
HEY2,-0.011588257804628854
PRRC1,0.16952786505539152
VIPAS39,0.034758962739177834
TBK1,-0.058451742195363504
TCN2,0.012342678751262099
DLGAP1-AS1,0.06140381671702228
NFYA,-0.013412124874115208
PIK3CA,0.06477840886203771
RMST,-0.033922970795566096
TRD,0.24997846928499612
LOC284023,-0.008279415911376174
LAYN,0.11413573011077872
PARD3B,0.12954649546828093
TRIM10,0.03439817724068796
SYCE1L,-0.07762770392748926
LOC645166,-0.03527777442094326
FHL2,0.06093935548842258
FAM120AOS,-0.015467583081567853
ZGRF1,-0.014816032225575803
TIMM9,-0.20571989929506107
PCBD2,0.07771418932527965
IKZF3,-0.10425223564954299
F3,-0.026615468277942214
TRIM23,-0.024919848942594275
PALB2,0.12060891238670918
FAAP20,0.013378892245723282
OAS2,-0.02450488418932202
HINT3,-0.11000463242698508
PLA2G3,-0.022033907351456845
AKAP14,-0.05657134944611933
GRIA3,-0.0009979859013056896
SLC7A11,0.06177397784491678
TRIM14,-0.07659238670694499
SFMBT2,-0.07035570996978557
TSC22D2,0.024131329305139483
NRG2,-0.06699202416918018
ANKFY1,0.06469490433031601
ADAM22,0.013029949647535649
ADH1B,-0.038139627391738554
CDKN3,-0.0544676938569949
SPCS3,0.04931421953676163
ARHGAP24,-0.06005443101711527
NUBP2,0.08199653575025384
RUNX1T1,-0.028960191339371874
GAD1,0.09604012084592434
ARID3B,-0.11047513595165709
ESRRA,-0.05033781470291668
AGPAT1,0.014565337361534283
C2orf76,0.057042588116821114
JPX,-0.08834273917421584
UCP3,-0.015586888217519274
SLC8A1,-0.03501731117824429
LOC105378577,-0.009134612285998982
LOC100996286,0.04268243705941889
KNOP1,0.040879476334344175
RNF144A,-0.011670674723057495
ZNRF3,-0.05102488418932204
ATCAY,-0.15045238670694489
POMGNT2,-0.10502232628398378
BTBD16,0.08568447129909733
SEMA3A,0.06697298086606669
CXCL8,-0.06640419939576672
CHPF2,0.003146052366568966
SNX16,-0.02273966767371273
SEPT4,-0.13060377643504156
PTGER4,-0.10790797583081202
TRDMT1,-0.028682074521647928
CCNDBP1,0.08484068479355847
BCKDK,-0.05646772406847589
ZNF143,0.18526800604229862
SPRYD3,0.012619798590134257
TMEM185A,0.050372014098694115
C5,-0.026864400805635763
ZNF823,0.029472215508563156
ZHX1,0.10918320241692195
CEP57L1,-0.029379194360520403
TOR1AIP2,-0.024326364551859606
C8orf44///SGK3,-0.08799640483383356
TRAP1,-0.06341045317220201
POLR2D,0.07049934541792913
PAQR3,-0.005911550855988337
UBXN2B,-0.04963526686807304
BCR,-0.004587190332322889
TNFRSF10A,0.023664753272913574
RAD9B,-0.05005388721047003
TSNAXIP1,-0.026845921450147893
MAGEA2B///MAGEA2,0.00512668680765677
SH2D1A,0.09968667673716348
TAB1,-0.028979295065454796
ZNF331,-0.10473498489425515
SPDL1,-0.09406641490432685
FMO3,-0.029070735146018857
RNF165,-0.07072077542799271
GRSF1,-0.03475204431016676
KIAA0355,0.06548006042296398
ZSCAN26,-0.10585467270895862
LOC642846///DDX12P///DDX11,-0.1543054783484352
LILRA2,0.030438388721050473
ZBTB44,0.14329248741188666
LINC00690,-0.016740292044306736
NAV3,-0.0510664551863004
MMGT1,0.17141492447130288
CSRNP3,-0.07564115810674393
PRMT6,-0.03642592145014745
PP7080,-0.0133603121852931
LOC400627,-0.0201965156092615
JADE2,-0.07996312185296721
TMPRSS13,-0.07555288016112448
TSEN34,0.020751117824775844
TTC38,-0.019345246727086304
NCAPG2,-0.020896404833833537
ETV1,0.02215068479355841
NFE2L3,-0.04208306143000683
PHF23,-0.016987472306139742
USP46,0.09078660624370906
FLJ22763,-0.16696676737159755
PTOV1-AS2,-0.1149129103726049
PHACTR2,0.21205366565962094
HRAS,0.006460986908362151
CREB3L1,0.16103783484390888
CSRP2,0.03941555891239023
CLDN10-AS1,-0.025834300100701618
WARS,-0.0015735649546788355
SHCBP1L,-0.03913034239677437
ADTRP,0.021093464249752225
BCAR3,-0.10471615307149716
LRP1,-0.058006666666663084
ZNF205,-0.2886992245719997
PCNPP3///PCNP,0.015075659617324322
OSER1,-0.002587220543802504
SLC25A53,-0.019858549848939238
FILIP1L,0.1434212688821785
FBXL4,-0.02988082578045967
C8orf76,0.07095712990936848
PTPN22,-0.10378358509566596
ZNF547,-0.027560382678747844
ARPP21,-0.0183135850956666
LSM6,0.04766851963746606
SLC35F2,0.0366103323262871
TNP2,-0.2018081873111749
TBX5,-0.1471597079556859
LRRC61,-0.2749797683786468
KCTD21,-0.15822592145014674
GPR137C,-0.04826893252769035
ZNF100,0.09703363544814006
TMEM44-AS1,-0.04294915407854623
NPEPL1,-0.05754694864047995
DLX1,0.14886185297079912
CNOT9,0.01178089627392049
PPIF,-0.04684817724068058
PRKG2,-0.03210403826787145
ADAMTS7,0.12547124874119123
LOC729218,0.027237099697888206
CMPK2,-0.06172266868076198
LOC100133516///CSF2RA,-0.12618737160120522
AADAT,0.07504345417925752
CENPC,0.01733812688822101
NEK11,-0.00832331319234278
TICAM1,0.022970805639479605
BIN3-IT1,0.34372812688821874
TRPM1,-0.16064914400805286
CCDC183,0.03596494461228926
SAMD15,-0.062301430010067466
CYP3A43,0.042837190332329286
SNX22,-0.11644472306142617
EXOC8,0.045578529707959003
ECE1,0.011304582074525366
THAP6,-0.09312628398791165
WDPCP,0.08898030211480693
LOC730324///LOC441259///PMS2P12///PMS2///PMS2P5///PMS2P2///PMS2P1,0.05097584088620671
TNFRSF9,-0.08234176233635077
TMEM74,0.03495679758308412
AES,0.044925458207455436
RAB43,0.03337330312185552
PCDH17,-0.2519852064451117
RUNDC3A-AS1,-0.043072457200399594
CASC15,0.020325709969791717
SUDS3,0.017401027190335597
HDHD2,-0.06491102719032849
MRC1,0.05604924471299434
NUDT2,-0.07561327291036835
ANGPT2,-0.057434048338365046
POLD3,0.017824048338372117
CELSR1,-0.058943131923461026
FRS2,-0.022128096676733874
TBC1D3H///TBC1D3///TBC1D3D///LOC653498///LOC653380///TBC1D3C///TBC1D3B///TBC1D3F,0.02535385699899595
ZNF516,0.04001382678751595
SND1-IT1,0.0865488620342432
MED30,-0.1222190332326247
SDHAF2,0.057643625377647195
MOK,0.19586153071500678
STEAP4,8.191339375959727e-05
ZNF883,-0.014208670694860606
GDF10,-0.0760429506545796
GFM2,0.009583595166166437
NDUFA10,-0.05686777442094307
LINC01016,-0.04970280966767031
F2RL1,-0.006859697885193115
CLPP,0.007380271903326378
LOC100133847///CHMP5,-0.026581450151054502
LOC729436,0.09643739174219867
MAPK3,-0.08108569989929178
LMF1,0.00014126888217882994
KPNA1,0.004355659617324759
MRPL37,-0.1266142195367524
THEM5,0.04593727089627668
PRKAA1,0.00034056394763690157
LINC00615,-0.03994420946626034
ABCC5,-0.03839232628398431
DPP7,-0.32460878147028716
HSPB8,-0.12223211480362128
C16orf70,-0.14166563947633065
DMRT2,0.059551752265863886
C4orf33,-0.017564763343400278
SLC13A3,-0.014936586102715338
BZW2,-0.02811954682779011
IGHD,-0.0012874622356462764
WDHD1,-0.08450302114803296
KIAA1549L,-0.17278245720039961
N6AMT1,-0.09753512588116434
NPSR1-AS1,0.04305045317220853
TIAM2,0.2769866565961766
USP45,-0.16017824773413525
MME,-0.04963643504531404
DKFZP761C1711,-0.04197123867069137
TET1,-0.14171827794561526
VNN2,0.05113849949647875
TMEM154,-0.07019370594158736
DCAF12,0.07142353474320554
ZNF30,0.005358086606246919
MUC15,0.06209054380664946
PPIP5K1,-0.006376203423964
PLAT,0.2652405438066497
ATG7,0.030307391742198632
TESK1,-0.11025968781469941
AQP6,-0.004069345417921932
C1orf123,0.04242898288016492
IRS1,-0.05453667673715637
LOC100288637///OTUD7A,-0.06112596173212134
CCDC126,0.024555478348442503
NUBPL,0.11942613293051668
SNUPN,0.11491683786505763
RBFA,0.0489831520644544
TRMO,-0.0287745720040246
SCNN1A,-0.015011349446119662
SETD6,0.10086900302115065
CACNA1C,-0.04088145015105396
LOC645188,0.06839894259819013
TBP,-0.04512046324269464
LOC100130207,-0.08605650553876809
H6PD,0.045293987915410935
FIGN,0.19863682779456382
CCDC121,-0.03934396777441743
HOXA7,0.09251562940584408
ZNF687,0.07469885196374898
NCKAP5,0.05242369587110081
WNT5A,-0.017186847935545452
CSNK1G1,0.027705760322258854
DZIP1,0.058412860020144626
ARHGAP32,0.04394491440080846
FHOD1,-0.023932819738163275
UNK,-0.22898753272909916
FAM111A,0.016697401812692393
POLR1C,-0.17254422960724652
DTNA,-0.06915282980865706
MARVELD2,-0.005187724068476257
RNF170,0.007173615307153547
TSTD2,0.13491886203424264
DZIP3,0.006007079556901503
AMIGO3///GMPPB,-0.141942447129905
NEURL4,0.09009525679758548
AAGAB,-0.08194506545820338
CTBS,-0.015916535750247998
TMEM65,0.022956465256801423
ST6GALNAC5,-0.04675785498489064
TFAP4,-0.060000946626381446
CCDC51,-0.04914284994964402
ZC3H13,0.10836187311178593
NEK2,0.0018318429003053595
RFX7,0.05764378650554253
STOX2,0.0630882074521679
IGFN1,0.04047413897281311
XPR1,0.015182356495472116
LOC101926915,-0.09173308157099382
ACSL6,-0.037440312185293874
LOC100132218///LOC728555,0.026778882175229595
OXTR,-0.07975433031218149
CENPN,-0.043434884189321996
FOLR1,-0.05705062437059086
OSCAR,-0.07281881168176887
ACOT8,0.20124586102719283
GGTA1P,-0.09259307150049945
FAM101B,0.08331373615307473
RERG,0.19000994964753573
TMEM106C,0.13795261832830205
LOC101927636,-0.16715931520644128
PCDH1,0.02844966767371937
HOXA10,0.06626847935549207
LRRC39,-0.13453824773413509
GPHN,-0.060511127895263424
B3GAT2,-0.10496695871097309
AQP4,-0.05166227593151752
SFTPC,-0.09694998992950232
FAM19A4,0.03784247734139259
LOC401261,-0.19049143001006683
LAMC2,-0.0072471399798554464
GLIS3,-0.003425780463239325
CA3,-0.20746894259818421
TSPAN32,-0.037912497482373006
TBX18-AS1,0.02281335347432381
CFHR2,0.00446814702920784
ERICH1,-0.14102708962738741
VN1R95P,0.005304169184293994
STAC,-0.22771155085598754
ZC3HC1,-0.11661751258811215
GANC,0.028127734138976037
MIGA1,-0.042773434038264335
RNF111,-0.01836970795568596
MCM3AP-AS1,-0.10099685800603858
DNAJB12,-0.06025974823765995
GGH,-0.019349597180257916
LOC101927494,0.02645842900302428
TRPC6,-0.12518057401812321
LOC283475,0.011516626384696041
DGKE,0.007064511581070681
KIF5A,-0.06874492447129613
AKAP8L,-0.01781804632426711
ONECUT2,-0.044227361530711815
MRPL47,0.08122170191339775
AFAP1,0.07995356495468645
MAP3K4,0.10562853977845256
SLC24A4,-0.08290943605236295
RPL29P11///RPL29P15///RPL29P9///RPL29P26///RPL29P6///RPL29P4///RPL29P31///RPL29P12///RPL29,0.19003525679758693
ZBTB26,0.07389464249748523
SUZ12P1,0.0960887210473339
GALM,0.1963845619335377
LOC100132874,0.1650836052366589
CCDC34,-0.09311152064450778
ANKRD35,-0.1322167573011039
THBS4,0.3534259013091663
ZNF606,-0.13268588116817337
REXO4,-0.04661543806646152
STT3B,0.051506636455189984
GLE1,0.14805235649547105
MAD2L1BP,-0.12919996978851528
TRMT2A,0.04291239677744546
GPR153,-0.033445548841889945
NHLRC4,-0.007185256797579633
FRMPD4,-0.17413283987915018
KBTBD8,-0.09971178247733775
MCF2L,-0.11668419939576652
PIGU,0.13877969788519992
TRIM6-TRIM34///TRIM6///TRIM34,0.057011691842903604
LOC100289333,-0.45681598187310773
PSMC3IP,0.013277814702923756
CIAPIN1,0.09549832829808946
HESX1,0.006107603222561334
FBXO18,0.09670128902316608
LOC100506999,-0.09518138972809315
ANGPTL3,-0.11311689828801243
OLMALINC,0.1736188922457232
TMEM135,-0.06598894259818404
ICAM1,-0.0534274622356459
EREG,-0.019701671701910096
SLC1A5,-0.013166525679754515
GORAB,-0.03782432024168825
ZNF688,-0.20633441087612922
SYAP1,-0.04972727089627038
LINS1,0.02293260825780787
MBNL1-AS1,0.006661591137969245
PAX8-AS1,0.19723939577039434
SALL3,-0.024843987915404576
TBC1D2B,0.011524853977848554
LOC442497///SLC3A2,0.06880283987915779
MMP28,-0.010705407854981322
ZNF84,0.027279415911382512
DLG2,-0.058996273917418546
TRAF3IP3,-0.03621737160120531
ADAT2,0.09260244712991186
SLC36A4,0.0495964451158137
RNF213,-0.19129486404833446
POC1B,0.05655633434038598
MEI1,-0.09952839879153713
HUS1,0.03802972809667966
ZNF287,-0.11193683786505162
LINC00639,-0.1951380060422924
ATP6V1C1,0.024834149043306684
TBC1D32,-0.12274482376636105
AMIGO2,-0.012209597180258214
EP300,0.005855448136962087
C11orf65,-0.052680825780459545
TMEM94,-0.1051861127895227
JADE3,0.04979814702920721
RPTOR,0.13409926485397988
FUT8-AS1,0.09746504531722319
STXBP6,-0.13797568982879732
AHCYL2,0.03977964753273244
MRPL49,-0.12279143001006648
RSAD2,0.016745961732128146
PTPN14,0.08646681772407233
LOC101928031,0.053508892245722826
ZC2HC1A,0.025247905337364984
USP25,-0.004797552870087268
SLITRK4,-0.09005497482376248
RABEP1,0.11085921450151348
AHCY,-0.045122547834840224
ALDH9A1,-0.05171885196374193
MAGI2,-0.0671539073514566
IMMP1L,0.04118631419939888
KIAA1683,-0.0241440684793522
RAD51L3-RFFL///RFFL,0.1200249748237694
TRIM35,0.0012261530715036023
CCDC58,-0.022441832829804845
LOC652276,-0.03800214501510239
MEGF10,0.05648784491440488
MPV17,0.06068709969788868
AMMECR1L,0.08214565961732434
NETO2,0.0294985297079589
LRRIQ3,-0.06075540785498155
CASC22,-0.053249506545817164
LOC648987,-0.006950473313188852
BTC,-0.04459768378650281
GABPB2,-0.08265320241691518
LOC102546299,-0.03840278952668322
CCDC7,0.008582094662641749
ADCY4,0.29950445115810903
LOC100506473,0.01761221550856313
CNST,0.0008190835850990508
GDPD1,-0.13871619335347046
OIP5-AS1,0.14003153071500848
BEND2,-0.1938495166163101
ZNF655,0.2424199395770425
CYB5A,0.04695192346425324
PAX5,-0.049337885196371445
UGGT1,-0.008638962739171294
LAT2,-0.05464347432023782
LOC732419///ATAD3B,0.0038825478348469633
LINC00664,-0.07298047331318908
SF3B3,0.18207842900302393
LY96,0.01771823766364919
CEP19///MAP3K7CL,-0.07566012084591804
GAS2L1,-0.16388541792547406
NNT,0.034844128902318666
LRRC31,-0.0610889526686771
ADK,-0.030990241691838172
CCDC57,-0.10471500503524278
ABCA17P,-0.1013352870090598
MED8,-0.04172229607250366
LOC105377925,-0.017668630412887028
CANT1,0.04641641490433361
LINC00944,-0.18410582074521278
NTN4,0.195892406847939
TAGAP,-0.0014629506545787013
TOR3A,-0.20230438066464818
NECAB1,-0.006654068479352161
BUB1,-0.03402841893252421
F11,-0.030347834843904034
PAICS,-0.033222729103722565
MFAP5,0.04673193353474619
FANCB,-0.17527976837864642
DPF3,-0.04219074521651234
SPAG8,-0.1446556898287976
ABHD18,0.18382507552870325
DNAJC13,0.000345740181272286
TSG101,0.006609385699903714
STON1-GTF2A1L///STON1///GTF2A1L,0.0015071500503555518
ARHGAP18,-0.01829769385699523
FKTN,0.06724070493454495
CPEB3,0.09916239677744522
KRT79,0.15972618328298294
C9orf40,0.021404159113799896
AMPD3,-0.0695692547834808
SLC13A1,-0.00418813695870774
DNAH6,-0.07318728096676408
TMPO,-0.045576455186301115
CDH7,-0.05170368580060074
KCNN4,-0.1394270191339324
ZNF786,-0.030455850956693686
BLM,-0.07461958710976431
ZNF41,0.025725307150053847
LOC100130216///USP9Y,-0.017656304128898487
TERB2,-0.013756253776431769
TP53I3,0.01590205438066824
ATP6V1B2,0.16875109768379012
SENP2,0.0332343101712017
PRKG1-AS1,-0.06270797583081238
SRD5A3,0.10495048338368924
TNK2,-0.040504753272907146
LINC01146,-0.052333131923460646
LOC154761,-0.011749758308153564
C16orf45,0.04000502517623685
FAM110C,-0.15998207452164687
CUL7,0.10108599194360829
LOC391132,0.12563345417925836
FBXO31,0.04339310171198768
ARRB1,0.029249677744212468
ACSS3,-0.003251097683783233
HNRNPUL2,0.0004338267875157453
OTX2,-0.2642226787512554
PART1,-0.14252555891238222
LINC00437,-0.01141825780462917
NPL,0.08410850956697233
ST7-AS2,-0.06308775427995654
DTX2P1-UPK3BP1-PMS2P11,0.03988445115810975
TSR2,-0.08644447129908989
PTBP2,0.019491852970799133
BRD3,0.17425071500503758
RANGRF,0.045624944612289636
PRKCQ-AS1,-0.059830936555887504
SLC17A8,-0.012705639476330875
LOC105378732,-0.05605357502517265
PKP1,0.0013155287009095906
RBMS3,-0.023239023162130973
C16orf87,-0.0664083182275894
SORT1,0.012333655589127801
C3orf18,-0.17556307150049966
TMEM192///ZNF320,-0.013592809667670264
IL18,-0.26142301107753907
MECP2,0.1101725679758333
CCSAP,-0.04536175226585792
NAA35,-0.03982514602215151
LOC102723448,-0.004305448136955534
TECTB,-0.048938851963742744
C7orf34,0.06288813695871405
SPPL2A,0.06995486404834238
PIP5K1A,-0.01919970795568618
LOC101928748,-0.2974463041288987
SGTB,0.12687024169184571
PKHD1L1,-0.0231684793554852
RAB28P5,0.040725448136961634
GPC2,0.008040171198391604
USP39,0.060959224572007184
TRIM74///TRIM73,0.007734239677746779
GHR,0.17167624370594428
SLC2A13,-0.02293386706948322
DIRAS2,-0.07004063444108381
VSTM2A,-0.15544652567975517
T,-0.07251611278952295
LIPT1,0.019241550855995406
SMIM12,0.0006349345417957352
LOC100128484,0.0433168680765389
UST,-0.0357518227593117
LOC105370829,-0.10724353474319942
IRF3,-0.20048746223564506
PBX3,0.09789042296072814
SCN2A,0.004648892245723374
SLC25A14,-0.07607400805639031
WDR5,-0.1290188821752225
C8orf44,-0.025688378650550736
ALB,-0.03067718026182914
LOC730074///TMEM242,-0.03374503524672354
NEGR1,-0.044494753272906626
MRPL10,0.14584265861027468
TTC23,-0.04245858006041919
BCKDHA,0.13753081570997194
NPTX2,-0.07125251762336027
PGAP1,0.04060897280967028
LOC257152,-0.02831033232628065
PBOV1,-0.13380404833836507
MLXIP,0.0651260422960756
TDP1,0.1121346525679783
FAM222A-AS1,-0.1691977744209433
AOX1,-0.1385543504531687
KITLG,-0.012833625377639324
CIPC,-0.02249447129909017
PES1,-0.0949012386706905
ZNF649-AS1,-0.10146616314199072
LRRC4C,-0.18792584088620004
LOC283585,-0.13286097683786185
ABLIM1,0.15551096676737533
ART5,-0.08457379657602872
IGLV2-11///IGLV2-18///IGLV2-23///IGLC1///IGL,0.0031780664652606427
DYNC2H1,0.10389871097684114
WHSC1,0.04969418932528036
MED11,0.1286755287009092
IGLL5///IGLV@,-0.0031973011077507316
FAR1,-0.0035072608257771115
KATNA1,0.06007325276938934
CLN5,0.11414732124874424
GLB1L3,-0.0380548640483349
YARS,0.02701955689829163
ECSIT,0.04322041289023468
FAM104A,0.014541601208462526
MAP1LC3C,0.026169274924474212
DHRSX,-0.22558695871097184
CSNK1A1P1,0.07935965760322587
GRHL1,-0.028269788519634083
GNPTG,-0.12457050352466853
ARRDC3,0.20049375629406135
BMP8B,0.0855191540785532
LPL,-0.017770483383681562
MARCH5,0.06982109768378994
NUDT16,-0.0824771802618293
FOPNL,0.08270099697885534
UBR7,0.0260098288016148
NDUFB7,-0.2279495770392697
HCK,-0.020109123867066002
EZH2,-0.05796741188317864
ATXN1L,0.08936851963746593
LINC00652,0.02116805639476682
IQGAP3,-0.022334501510570925
NIN,0.14269526686807968
ZNF587,0.08933095669688111
GCA,0.05520084592145363
SHISA4,-0.06973758308156822
C12orf73,0.03827205438066827
MCM7,-0.009477331319230814
FLJ13773,-0.06321321248740833
MCF2,0.04506635448137308
ZNF507,0.054003756294061615
FKBPL,0.0591173716012115
ROR1-AS1,-0.06332461228599844
PLA2R1,-0.14387537764350056
TENM3,-0.17254711983886784
LINC00869,0.007556072507556057
CHCHD4,-0.09559826787512188
ZNF423,-0.15207363544813438
PNPLA7,-0.01881204431016735
DCUN1D2,-0.12713771399798157
FAM160B1,0.024069264853981656
MAGEA9B///MAGEA9,-0.06140731117824429
CYP39A1,-0.08612689828801254
FAM9C,0.022432759315209497
MAP7,-0.06528609264853628
FCGR2A,-0.07989762336354173
NUSAP1,0.013129305135954908
SPTSSB,0.08011821752266171
ZNF707,-0.0883210171198354
SMPD1,0.027505317220547776
SIKE1,0.05956817724068778
ZZEF1,-0.0832560020140951
ZNF697,-0.07995669687814352
GPR65,-0.06443587109767993
IPO9,-0.08946308157099361
LINC00963,-0.1438375629405818
PLA2G15,0.09484327291037517
SLC35D3,-0.00025538771399523374
ZFAND4,0.03963204431017407
PSG1,-0.002168680765354484
ENOX1,-0.07773503524672282
PRF1,0.07061086606243927
LOC79160,0.03306696878147301
COPE,-0.13139364551862628
TGFB1,0.028367291037264028
COLEC12,0.24663312185297398
PCYOX1L,0.008576656596176404
ALG10,-0.019846475327287786
ZNF826P,0.07697740181269183
LATS1,0.023750845921453934
IQCF3,0.014140644511583894
CCAR2,0.008499748237665972
ZZZ3,0.058853645518633396
NPY1R,-0.0870548539778413
ANKRD54,0.08106830815710175
PDSS1,-0.015463111782473955
MIS18BP1,-0.08732166163141628
CDC42EP2,-0.04922770392748967
FBXL2,0.0753887109768405
LOC101927830///TMLHE-AS1,0.027960674723064523
ID3,0.19247684793555175
PYCR2,-0.09037195367572648
KY,0.1013529103726111
OCRL,0.05726086606244039
VPS26B,-0.017194300100701054
TRIM61,-0.015303383685797315
C3orf38,0.11070241691843227
TSEN2,0.07725171198389041
AMMECR1,0.17815520644511865
SIN3A,-0.004753242698889104
LOC202451,-0.03867684793554557
FLG,-0.12133401812688517
ZBTB8B///ZBTB8A,-0.1251583081570954
VLDLR,0.059135518630416134
LOC102723809,0.03836261832830161
CEBPG,-0.04812522658609911
LOC100289518,0.008723846928502588
SPNS2,-0.015343282980862839
CACFD1,0.06320522658610503
MRPS18A,-0.0981016012084551
ASH1L-AS1,0.03225821752266175
TIPARP,0.2388009063444138
GNAT1,-0.01574362537764023
RFXANK,-0.0486364149043263
NRXN1,-0.05136009063443776
ZNF22,0.0879976334340419
AMER2,-0.0026335649546797564
IGHA2///IGHA1///IGH,-0.0222390835850925
SEPT7P2,-0.05635651560926143
ZNF431,0.21224606243706184
KIF2A,-0.08369615307149644
A2M-AS1,-0.11156732124873757
DIRC1,-0.09930274924470942
PMVK,-0.0944847834843866
KIAA1586,0.007042296072510678
ACVR1C,-0.03856330312184941
YPEL2,0.024626837865058555
PYCR2///LEFTY1,0.09401646525680071
BTNL9,0.006588378650557038
TSPAN10,0.24067482376636573
SPRY2,0.015800674723064255
LINC00632,0.03856024169184581
GPR85,-0.05709766364551541
HSD17B11,0.07493762336354887
SLC35A3,-0.01178909365558585
DDX27,-0.07353546827794133
SMYD2,-0.026903423967770845
GSTCD,-0.008534431017116824
WFDC11,-0.029596243705938545
KIF5C,-0.07010494461228212
DNAH14,-0.05173698892245398
SLC26A7,-0.025302316213490945
IGHMBP2,0.03822838872104986
LIN9,-0.007524924471295394
MFSD12,0.021246052366569637
KLHL8,0.19170111782477667
TGIF2,-0.3568062336354438
MST1R,-0.11774078549848538
MYBL1,0.010587291037264544
NRCAM,0.033041711983890235
GYG1,0.15374378650554182
SLC39A12,-0.08748716012084251
PKD1L2,-0.025977552870087288
C9orf64,0.08792879154078884
LRRC8C,-0.0892477744209427
UHRF1BP1,-0.008286485397780652
DLEU7-AS1,-0.1465681369587072
MPPE1,0.13843432024169444
GH1///CSH2///CSH1,0.043839315206448085
LOC730101,-0.13552443101711617
LOC101927460,-0.03808310171198044
SCFD2,0.04014334340382978
UEVLD,0.08641580060423304
CDC40,-0.023155941591134925
CA6,-0.04759897280966441
LOC284242,-0.007959113796573075
RGS18,-0.1458073212487373
ACADL,0.05367462235649887
ADAM29,0.00625652567976135
RAB21,-0.027259456193349546
SPO11,-0.02087621349445809
USP10,0.05097901309164536
RPL22L1,0.034120725075532085
PEX11A,-0.06994040281973476
DHX34,0.08902810674723376
MPHOSPH9,0.11161805639476524
COQ4,-0.07946697885195986
SLC51B,-0.049828992950651005
TINAG,-0.004703897280963404
HLA-DRA,0.11466313192346732
TDRP,0.021167190332329246
ABHD17B,-0.01434442094662304
FAM96B,-0.09304270896273437
LOC100133761,0.05726697885196632
BMPR1B,-0.0394051963746192
DMPK,-0.12951322255790232
JHDM1D-AS1,-0.0025256696878112814
RPIA,-0.11016175226585748
SPRY1,0.05912341389728422
LOC105377458,-0.030667603222554986
NPRL2,-0.17570930513594774
STK32A,0.046424491440083364
SLC35A2,-0.06279724068478995
HOTAIR,-0.0028537260825746355
PCDHB14,0.08160491440080875
LINC00982,-0.17421795568982457
FAM221A,0.055515871097686756
BCOR,0.11522786505539102
DDRGK1,-0.1616603121852932
FAM173A,-0.1886546324269851
LOC102723757,0.052251218529711166
MSS51,0.15668226586102957
DNAJC6,-0.10902952668680413
LINC01220,0.030842215508563194
SPATA6,0.12491330312185644
DDX55,0.061476394763346584
SYT12,-0.042328710976834355
SELE,-0.015143917421950134
KYNU,0.030230211480365483
MSANTD2,0.09477830815710303
DCUN1D5,0.02508343403827215
INHBA-AS1,-0.06110250755286649
UPF3A,0.08980720040282389
PHF12,0.0005529003021179802
PIGF,0.07009468277945954
L2HGDH,-0.004177200402816952
GALNTL6,-0.01792984894259485
DDX56,0.0708683887210495
GRWD1,-0.06515343403826404
ANKRD36,-0.10038409869083176
CAMSAP1,0.03908882175226841
LRRC69,-0.041680745216512244
ZNF506,-0.1854980463242657
NDST1,-0.03760450151057007
FAM107B,0.2661809063444138
B4GALNT3,-0.020181248741185574
FAM45A///FAM45BP,0.07697515609265204
RGPD4-AS1,-0.04384653575024812
LPCAT2,-0.06291497482376295
AMACR,-0.10252915407854646
CARD19,-0.1133701913393716
RNF207,0.07720555891238878
PHAX,-0.05641451158106385
LOC101927647,0.05427645518630683
LINC01128,-0.1787729405840845
RFC4,-0.07164788519637061
CTSO,0.03392545820745613
LOC100133481,0.34064770392749427
PCSK5,-0.0557181168177205
FST,-0.20964408862033884
RDH13,-0.13133306143000634
METTL21A,0.12716585095669988
ZNF273,0.02606750251762653
TCEA3,0.006832426988925985
EPSTI1,0.01754619335347757
LOC101928539,-0.17416519637461883
LOC100129932,-0.03969360523665365
SLC27A2,-0.17552579053373196
CUEDC2,-0.12187585095669234
DIEXF,0.08353862034240007
SLC22A23,0.02568472306143304
ZDHHC4,-0.06696633434037869
LOC728835///CCL4L1///CCL4L2///CCL4,-0.016178267875122193
PLAC4,0.184509244712994
KDM5B,-0.05071832829808366
SLC15A1,0.010756032225582038
FGD6,-0.04958931520644156
CTSS,-0.05500374622356055
WASF1,0.0058455589123901225
MXD1,-0.051468761329302004
CD200,0.07298539778449455
HABP4,-0.32178621349445685
ZFC3H1,0.01945878147029606
PCBP1-AS1,-0.04405971802617993
NUFIP2,-0.03264226586102413
MCAM,0.23605268882175556
LOC101928012,0.05329037260826064
RPS12,-0.0005353675730080804
ARF5,0.0031266263846960944
CCR6,-0.0488261631419909
PPIL2,-0.05750193353473941
CPT2,-0.01022013091641133
BRINP3,-0.023942014098687556
RIN1,-0.061713524672705244
CASZ1,0.015424944612288216
TMEM133,-0.016140553877136338
NMB,-0.00773928499496096
PNPT1,0.13711869083585437
MYH14,0.037732809667676656
PAAF1,-0.24921159113796218
FBXL12,-0.07094507552869715
SNTG1,-0.033827371601205344
DEUP1,-0.0880873716012048
ITGA5,-0.013269929506541878
LOC728804,-0.08589084592144666
RAP2B,-0.01975652567975519
CPOX,0.04866482376636719
LOC150005,-0.05328332326283624
SNHG16,0.1403006948640523
GALNS,0.09063490433031546
LOC202025,-0.009553001007045828
CARMIL1,-0.14125952668680372
DNAJC28,-0.024515005035243224
ST8SIA3,-0.05513114803625084
ATP11C,0.008021389728100403
PLCXD1,-0.08568383685800333
MESDC1,0.23452603222558033
FAM217B,0.09701826787512915
LOC101928865,-0.05208097683786196
PRUNE2,0.09248029204431381
LOC100129550,-0.05770178247733791
SDHAF4,0.01759088620342706
KLF11,-0.14373289023161767
LOC101928614,-0.01551376636454875
KDM7A,-0.006600725075525546
LPAR6,0.14853527693857316
KEAP1,-0.09670757301107366
ZNF561,-0.051557512588113114
MST1L,-0.13071467270895878
DCAF12L2,0.10590733131923735
NGF,0.033382890231624884
SLC2A3,-0.02339426988922061
PRKAA2,-0.015231480362534626
SAMD8,0.15830352467271153
COPS7A,0.075086404833841
RHOU,-0.000569325276935137
RNF169,0.013555035246730442
RHBDL3,-0.05135213494460883
DOCK11,0.017403726082581204
LOC101928271,-0.011563685800600576
SIM1,-0.26960113796575585
FLJ14082,-0.0907915508559887
KDR,0.14420175226586468
SLC22A5,-0.1597443907351418
PARD6B,-0.029724461228596857
SLC41A2,0.1325826586102751
DNAJC30,-0.21172207452164782
RNPEPL1,0.002437059415914599
SEZ6L2,-0.12886970795568628
SENP1,-0.13751535750251326
PPP1R7,0.17614393756294344
LINC01021,-0.05924111782476999
LOC105378382,-0.08523707955689477
ERO1B,0.07671295065458524
MKL2,-0.10356902316213147
MED9,0.09683440080564297
MRPL50,0.10321409869083939
BBS10,0.014285377643507784
ZBTB17,-0.032906515609261486
GRM8,-0.06726560926485028
COG2,0.06464990936556236
LRP3,-0.013328610271899903
NOL6,-0.015911933534739714
MEAF6,0.06397745216516035
WDR86-AS1,-0.16964802618327987
TRAF7,-0.031016334340380702
NSD1,-0.1663247331319192
PRDM9,0.0835933736153105
SLC25A31,-0.02913030211480032
CDC23,0.06770673716012464
DIRC2,-0.01727868076535441
PDZD4,0.07519456193353787
DISP1,-0.07581002014098377
ZNF197,0.09072839879154357
GPR75,-0.020405357502515015
ZFPM2,-0.011240322255787326
LINC00290,-0.04227700906344048
FUZ,-0.08491420946626078
IFI44L,0.010030251762339758
LOC101928298,-0.05690279959717631
NDUFAF1,-0.037303162134940365
CLUL1,-0.05596530715004676
THNSL1,-0.038356012084588706
MMP8,-0.01540569989929183
NYAP1,0.009387210473316268
OR5K1,-0.1311207150050315
RCOR3,0.12119236656596517
KAZALD1,-0.061113766364548044
PRKCI,-0.006258660624367238
USP3-AS1,0.020877492447133026
NUP155,0.03011275931520871
RGS16,0.049344118831826864
C1orf174,0.07013937562940965
HYOU1,-0.07741049345417564
MSL3,0.1158191238670732
GXYLT1,-0.13410297079556543
POLR3D,-0.11228646525679438
PPP4R3CP,-0.10108328298086253
PLEKHA3,0.015476757301111449
LEAP2,0.0005047834843940752
NOL11,0.05363948640483737
CFB,-0.013084340382675506
HOXA4,-0.011369838872101724
ST6GAL1,0.17766133937563297
ZNF575,-0.13284917421953277
DBP,0.14318185297079852
XG,-0.17375513595165765
EHD4,0.0703604733131963
ANKHD1-EIF4EBP3///EIF4EBP3,-0.05751227593151688
C2orf27A,-0.1375660624370559
LOC105375273,-0.007354360523662458
ITIH4,0.07098491440080876
EPHA1-AS1,0.06360931520644782
FAM227B,-0.03066511581067108
HACE1,-0.036825740181265776
LINC00692,0.03453800604229887
TNFRSF19,0.08197551863041647
CREBRF,0.1280779657603257
PCDHB19P,0.010491863041291898
CROT,0.06339526686807967
TMEM229B,0.06491468277945944
C22orf46,-0.04046596173212161
ZNF37BP,0.005707683786508773
EVL,0.051170936555894955
CPNE8,0.026713141993961062
BLVRB,-0.17366203423967297
TFIP11,-0.005055740181265117
VCPIP1,0.2731356294058423
LOC730102,0.08883629405841267
GNRH1,-0.015076283987912192
LOC284930,-0.11538435045316892
NKRF,-0.09224739174219196
GYPE,0.012526747230617304
PANX1,0.008994682779459376
TBL1Y,-0.048307512588114304
LOC100506107,0.03692659617321517
ARMCX5,-0.015554461228596078
JAZF1,0.08987248741188648
SULT1E1,-0.006967039274921261
GSTA3,-0.012961228600198126
SLC35E3,-0.08582481369586703
ACACA,-0.0799947331319191
GTF3C6,0.006704008056398841
NOTCH4,0.02812576032225912
KCNIP4,-0.07408079556897953
DYDC1,-0.11454065458207113
TBX3,0.01777658610272232
LOC389834,-0.003490443101708887
CXorf57,-0.0453184793554852
TNFAIP8L2,0.13526840886203723
SYNGAP1,-0.01746995971802262
MGAT4D,0.022548600201413325
MGC45922,-0.012296102719031088
ORC1,0.003415377643507425
LOC339622,-0.020066797583078264
LOC100128819///KRTAP3-2,0.07213461228600547
CCDC12,-0.02269337361530363
MROH9,-0.052435448136955276
KIAA1524,-0.06122243705941268
SLC9C2,0.024694259818734
ZFP41,-0.028185357502514122
LOC339593,-0.03640303121852664
BMS1P5,-0.04008138972809343
TCP11L1,0.0910955387714033
OR8G1,-0.00202709969788184
AKIRIN2-AS1,0.03044787512588451
HSFX2,0.10759061430010364
GPCPD1,-0.1364128197381646
NUP133,0.033165015105743795
MARC2,0.02894500503524993
SNRNP27,-0.07038289023161745
C11orf21,0.13727754279959942
WDR44,0.16562552870090935
RECQL5,-0.14013149043302753
BMPR2,0.21766668680765644
GABRG1,-0.04678551863040969
TEFM,-0.022903897280962954
DNAJC11,-0.1317291943605201
LUZP1,-0.026111621349442643
PCDHB11,-0.14085734138972467
FKBP9,0.14870061430010467
ARL6,-0.03428890231621007
KCTD5,0.1167316515609291
BLOC1S1,0.025907341389731817
DUSP10,0.12700904330312482
KAT7,0.040193393756297505
IFNK,-0.03550439073514294
ZNF394,0.12361539778449473
DHX35,-0.1300161832829771
SOS1,0.04897758308157414
SGPL1,-0.021844662638465864
ADCY1,-0.11430179254783197
ACTR1A,0.08225992950654896
PDZD8,-0.010663403826784372
MYBBP1A,0.02536882175226908
MASTL,0.003372014098693917
PTPRJ,0.02340796576032561
UNC80,0.028732165156096213
CKB,-0.18706933534742776
MLYCD,0.010454944612289279
USP43,-0.07141461228599852
SYT13,0.04403479355488771
RIPK2,0.000412034239681152
SMARCD2,-0.055734018126884846
SERGEF,-0.1480769687814663
MED31,-0.08086599194360103
PARP10,0.07256980866062718
TRRAP,-0.022159345417922468
SOX9-AS1,-0.014237160120842578
CHRNB2,0.1130768177240714
SLC25A30,-0.0388492145015074
WT1,-0.007734853977841308
CHD8,0.10704763343404167
C8orf46,-0.020264058408858764
SAMSN1,0.025422608257807972
PNLIPRP2,0.02131116817724408
LOC100130703,-0.02485341389727806
HDAC5,-0.13385328298086197
LOC100507053,-0.009425458207448972
ESR2,-0.06530896273917103
ERBB2,0.06906434038268214
LOC374443,-0.08051647532728784
RNF126P1,0.003198539778452511
FAM72A///FAM72B,0.030011258811684902
SPTBN4,0.11647526686807899
OSTF1,0.24760750251762503
RABGGTA,0.07877578046324504
ZNF124,0.07355864048338691
TRADD,-0.17815263846928084
DNASE1L3,0.07894308157100013
FAH,0.07930004028197704
SLCO2B1,-0.022986576032221664
ME2,0.03683681772407178
STX2,0.005364874118835045
C1orf145,-0.09944080563947301
ARHGEF37,-0.14361110775427588
NAALADL2,-0.03860081570996692
LINC01278,-0.0618149345417894
FXYD3,0.003356535750254826
PRSS35,0.016762870090637996
TAF1,-0.04689261832829457
MRPS18C,-0.04882651560926085
PDK3,0.13682144008056762
WFS1,-0.029372668680762232
RNU6-501P,0.11835139979859313
KIAA0430,0.1799068277945654
ZBTB40,-0.06389763343403437
WDR17,0.01494375629406193
OVOL2,-0.19630535750251402
LOC162137,0.07015737160121131
LINC00959,-0.1429509768378614
ANKZF1,-0.1191063141993916
PXMP2,0.03267022155085905
SPTLC2,-0.02690276938569519
PRO1596,-0.09251818731117462
UBN2,-0.02103786505538413
BAD,-0.03611153071500159
GLUD2,-0.043935689828798474
MAZ,-0.04248450151057093
TPTEP1,0.10864226586102937
SHC1,0.16203113796576363
FKBP1B,-0.12836804632426582
CD48,0.025047814702923207
CPVL,0.004696102719036935
C6orf52,-0.014870775427993053
MAPRE3,-0.20134693856998598
SPIN2B///SPIN2A,-0.008111883182272475
ZNF616,-0.03565770392748889
SIM2,-0.02657343403826462
CAMK2N1,0.07599835850957068
FAM169A,0.0158524269889255
NDUFB10,-0.09943303121852498
TTI1,-0.07108095669687411
TESMIN,-0.10273073514601838
CCK,-0.011510130916411634
RBMS1,0.2537001510574058
LOC100129386,-0.05116982880160781
CTNNA3,-0.14014820745216128
GALNT3,-0.10969115810674349
RIC1,0.01053004028197714
OTUD1,-0.01080154078549482
GRAMD4,-0.13238621349445792
TNP1,0.04683651560926828
EXPH5,-0.1698507049345381
ATF3,0.05283296072507863
WDR92///PPP3R1,0.007324471299096635
VSIG1,0.02994063444109096
ERVK13-1,0.0739218026183305
SH3GLB1,-0.010865548841889061
ZBTB10,0.048867754279963455
MAGEB3,0.06610990936556195
MRM3,-0.10671119838871795
IL22RA2,-0.09815221550855659
PAX6,0.022492839879157223
ZNF407,0.0024267170191370133
TPH1,-0.06906497482376278
TMEM185B,-0.03342845921449808
HMGCL,-0.022779556898283843
ASAP3,0.06333179254783813
STX6,0.14362686807653882
LOC284632,0.06475269889224824
HBEGF,-0.04287783484390301
ATP10B,-0.18215048338368123
SALL2,0.07005074521651772
OSBPL2,0.11335816717019492
STYK1,-0.025684874118828523
PRIM1,0.040744128902318884
CDCA4,-0.1246966666666624
RCC1L,0.0757533534743235
EPB41L5,-0.004384380664649561
PCDHGA10,0.01501118831823099
PPM1J,0.08466208459214719
NPHS1,-0.1908936455186271
INTS2,0.04526328298086931
LOC101929378,-0.09347534743202102
SLC25A16,0.011442507552872572
MYO15B,0.07079215508560187
PSPC1,-0.08784058408861656
LINC00317,0.004842739174222989
EMCN,0.19182399798590485
IFT22,0.0002775528700942123
HIBADH,-0.005161661631416764
SETDB1,-0.05066499496474933
PITPNA-AS1,-0.06897902316213159
OR1C1,-0.030716817724065322
PCDHA9,-0.15362078549848604
CORO1B,0.10286878147029377
IGLL1,0.1068730312185329
PIGL,-0.056067703927488804
RAI1,-0.25741847935548373
LOC100505851,-0.03951735146021851
SLC24A3,-0.12403204431016766
BTN3A1,-0.02958155085598866
PILRA,-0.045247955689825384
PRLHR,-0.06834332326283686
MAMSTR,-0.04968117824773091
LOC728705,-0.010119204431014045
DDIT4L,0.10442770392749548
HPS5,-0.03388216515608915
PKIA,0.021952809667677233
FIGNL1,0.032156505538775054
SHARPIN,-0.2237021248741145
DLG3,-0.04937020140986531
LINC01013,-0.04618773413896957
KIF9,-0.0710337562940544
LRP6,-0.004249073514598495
SYNE1,0.21710981873112095
BEST4,0.033910845921453214
FAM69C,0.027151047331322363
HAS3,0.03878327291037559
ZC3H8,-0.08952154078549485
RGL3,0.09908966767371898
DNAJC27-AS1,-0.0028799999999972736
LINC00312,0.1246661127895298
GP6,0.03834121852971058
IGHV3OR16-6,0.026051047331322675
DLX2,-0.1396173917421918
LINC00636,-0.010343615307147112
SEMA4B,0.0937020342396812
SSH1,0.08470197381672032
MTMR1,0.18949158106747532
EVC,-0.015433987915404332
ATXN7L3,0.09164059415911702
C12orf60,-0.04253745216515306
GPATCH4,0.012626032225582784
TIGD6,0.019375357502520684
STYXL1,-0.05326250755286588
LUNAR1,0.009831278952671989
LMOD3,0.014550503524675545
OR2B6,0.0073727391742230315
ZNF460,0.05041638469285273
NUMA1,-0.03611554884188954
PCDH7,-0.012871762336351246
MROH7,-0.10923065458207065
LOC100128443///MAST4,0.03113848942598545
DCAF17,0.23226388721047575
KLF15,-0.07105271903322918
LOC101929621,-0.001792658610268602
LMBR1,-0.0546219033232595
P2RY1,0.004371560926488721
ECT2,-0.09563015105739836
SHANK2-AS2,-0.040264813695868214
ING2,-0.1400336858006002
MYEF2,-0.01313679758307832
BBS5///DTD2,-0.030191470292040876
PAPD5,0.09657656596173508
THUMPD3,0.11376871097684123
LRRC58,-0.4005349043303089
PEX5L,-0.13463778449143704
CEP78,0.02671552870090963
RHBDD3,-0.08528882175226256
MYO1E,0.11631489425982164
LYN,0.045906777442098645
SNRNP48,0.07133050352467599
SELM,0.08290984894260228
PSMB2,0.16720718026183692
MCRIP1,-0.04521393756293668
LOC654841,0.03640194360523973
PSMD6-AS2,0.03352178247734458
KIR2DS2///KIR2DS5///KIR2DS4///KIR2DS1,-0.088794602215505
ZFAND3,0.0868307250755313
UBN1,-0.08122244712990581
KIAA0754,-0.0009525881168144651
FAS,0.014423343403830238
FGR,-0.14546660624370303
PDE4A,0.0325357603222593
NCOA3,-0.07421966767371224
ZFP91,0.054594169184293884
LOC403312,-0.05385337361530383
PRR5,-0.09748413897280636
ZNF133,0.006347049345420699
ZWILCH,0.1791180765357528
GPR137B,0.1257258610271939
NTPCR,0.03862279959718373
FAM175B,-0.08132031218529374
MGC32805,-0.04416163141993648
PEX11B,0.04243556898288377
RABL3,-0.08001297079556573
DNAJC12,-0.15977358509566594
PEG10,-0.051117291037257345
IGKC,-0.04589460221550552
INPP5K,-0.06957380664652214
AP1S1,0.08784656596173501
ERBB3,0.13182169184290304
CHMP7,-0.06819481369586694
FLJ21369,-0.08436550855991617
LINC00515,0.07689855991943842
TTC7B,0.005632688821755924
SGMS2,0.04979956696878458
MIS12,0.029821369587113223
LNP1,-0.03602329305135624
PIGV,0.07607379657603598
RHO,0.08467635448137258
NF2,-0.07823052366565608
ZNF23,-0.0970899697885157
CA12,-0.13765719033232232
SMG9,-0.02846054380664298
EFCC1,-0.09743225579053034
LINC01097,-0.010888801611275561
NLRP11,-0.010450020140983791
RAD21L1,-0.01096227593151758
ECSCR,0.10933232628399085
DCBLD1,0.03627431017120149
MSX1,0.09041758308157338
RNF217,0.09056924471299432
PIKFYVE///SMR3B,-0.04379354481369244
CORO1C,0.04026924471299401
RHOJ,0.03139355488419258
WIPF3,-0.21117212487411519
LYNX1,0.05744944612286265
CDC14A,-0.0451613595166131
GTF3C4,-0.0643707452165116
LOC100133916///MED18,0.08183839879154287
ARHGAP39,0.03969842900302416
LHFPL5,0.03279460221551235
LOC101928002,-0.010854108761326335
GATAD2A,0.04406382678751533
GEMIN6,-0.0395348741188281
NFXL1,0.01318883182276176
RHOBTB2,0.0019365659617351684
BCCIP,-0.12371668680764963
ANKS1B,-0.021276747230611168
HAUS3,-0.03518596173212124
EIF2B4,0.013705941591142079
LOC728114,-0.05458872104732808
ANLN,0.0033174320241729505
CHD6,-0.01983203423967439
LINC01343,-0.24392563947632978
CA2,-0.031518408862030625
DCLK1,-0.13435609264853543
SNED1,0.2292716012084619
ENPEP,0.0407447432024202
ZNF79,0.015242255790537354
PNP,-0.08539618328297716
USF3,0.19682673716012436
PXDNL,-0.06325358509566643
GIN1,-0.021964481369583455
GFOD2,-0.003652839879150948
ZDHHC9,0.03313699899295371
HS1BP3,-0.018030755287005727
NUP98,-0.011869345417921895
SLTM,0.07657840886203726
PIK3CD,0.002054944612288931
UBE2DNL,-0.05042460221550553
ATP10D,0.03795352467271214
ABCB4///ABCB1,-0.09813755287008671
C18orf8,-0.04232759315206039
PIGM,-0.0032138167170155663
SLC4A10,-0.045605589123863734
GGT2///GGTLC3///GGT3P,0.04847936555891541
FAM53A,0.06900715005035513
SMAD1,-0.04801561933534372
ABCB6,-0.04679304128902016
C2orf49,0.11624709969788782
DNAH8,-0.04269397784491086
APOL5,0.15964903323263127
KALRN,0.02764796576032505
PEX7,-0.028948841893249408
LOC441666,-0.08375629405840548
PMS2P5,-0.1719879154078514
GNAL,-0.07180589123866746
ERMAP,-0.01895964753272579
ARHGAP22,-0.14120080563947252
PKNOX2,-0.006842809667670632
AKIP1,0.055298469284997986
PLEK2,-0.07466548841892945
WDCP,0.006333605236659816
TTC28,-0.044372960725071964
RNF17,0.17784186304129235
MEIOB,-0.03967211480362204
PBK,0.12171647532729424
SPR,-0.1086503121852927
BTG2,0.16638664652568205
LINC00968,0.04918876132930862
PLCB4,-0.17572577039274578
RRP8,0.004861369587113017
LOC730909,0.003075427995974968
ECHDC3,-0.11584084592144697
KIR3DS1///KIR2DL2///KIR2DL1,0.08934355488419199
GATM,-0.028732900302111633
HOMER3,0.018051107754282935
KHSRP,0.08698534743202702
ARIH2,0.05540947633434385
CTSH,0.0936579154078586
LOC100129917,0.060505981873113984
DDX31,0.02558197381672026
LPP-AS2,-0.041075881168174094
SAP30BP,-0.050109043303118134
RHBDF1,0.08473755287009294
PDE5A,0.09966037260826005
KCTD6,0.06076688821752588
CLDN11,-0.04880224572003704
GIMAP2,0.037751087613295764
ATP6V0A2,0.04232504531722379
MPP5,0.0320197180261871
UPRT,-0.007437834843903826
PPP1R13L,-0.03713757301107498
FKBP5,-0.14018854984893916
NRTN,-0.0012605438066435257
GOSR2,-0.12458685800603866
PAK4,0.003626243705944405
FSTL4,-0.028929003021145212
ZNF250,-0.01398500503524348
WDR11-AS1,0.0701404028197414
MRPL11,-0.10241011077542433
LOC642103///MGAM,-0.04959881168176908
ZNF19,0.047644582074524836
RUSC1-AS1,0.03165113796576342
CNTN6,-0.15356300100704615
ADGRL4,0.21790599194360832
LRRC42,-0.018412608257800944
NPAT,-0.020463665659613606
GADD45GIP1,-0.2546037462235599
LINC01006,-0.0024748539778416123
TMEM26,-0.014651067472302902
TMEM134,-0.09152079556897977
KMT5A,-0.2878610473313153
RMI1,0.0552929808660653
STAU2,-0.03767552870090307
MMP15,-0.08491445115810359
LOC414300,-0.0028798690835818465
LOC100134410///POU6F2,0.030825589123870432
TSFM,-0.02071593152064076
RASL12,-0.04472177240684416
FLJ11827,-0.06369328298086277
NCOA5,-0.09675311178247373
MRPL2,0.06838699899295259
ACVR2B,0.024600704934544904
TOMM40L,-0.00027441087612950846
LOC286161,0.017136445115813782
POLD4,-0.0697356092648502
LIN54,-0.04963861027189978
LINC00597,0.11012933534743487
UXS1,0.09104026183283337
PIP4K2A,0.032598398791544414
RNF180,-0.03592262839878792
INVS,-0.01688123867069171
SMUG1,0.0002560523665695452
SORL1,-0.06372918429002661
PPP1R17,-0.1298454481369557
NT5C1B,-0.03801395770392388
ASCC1,0.10031257804632707
FECH,-0.022796727089624137
EVX1,0.07072173212487733
PCDH12,0.0629153776435078
LOC643102///KLHL12,-0.07266833836857713
PARM1,0.12751532729103998
CYP19A1,-0.02476757301107433
TAOK2,-0.02334910372607929
LOC101927829,-0.007737724068476393
PTPRO,-0.0363597482376599
MAGEA2B///MAGEA6///MAGEA3///MAGEA2,0.014715266868079667
DEFB132,-0.015301007049342227
TMEM33,0.05289213494461544
MKL1,0.06948075528701206
COLQ,0.06545979859013347
MYC,0.05358863041289347
LINC01339,-0.023762960725072467
PIGN,-0.029683504531718745
LINC00314,-0.07408645518630055
THRA,-0.07074239677743835
ZNF493,-0.13554955689828446
UPF3B,0.1325343504531753
COX10,-0.030907361530711497
SP3,0.1315122557905369
YIF1B,0.02844870090634762
SUGP2,-0.003907683786502445
LEPR,0.06671972809667993
LOC100134685,0.09898081570997286
ADGRL3,-0.06595769385699565
NBPF3,0.24591869083585283
CYLC2,0.057327442094665886
P2RY10,-0.021549697885193377
HIST2H2BE,0.04022951661631732
CPSF4,-0.03210799597179906
OXCT1,-0.030410574018123304
MYO1G,-0.058499597180258545
CHN1,0.002942608257808371
APCDD1L-AS1,0.0044493152064481005
OGFR,0.12370300100705237
SUFU,0.07874340382678993
ROCK1,0.12371695871098039
SDHAF1,-0.12671141993957324
INO80E,0.12165699899295362
LIPE-AS1,-0.025584118831819345
LOC57399,-0.04277396777441736
SYT6,-0.04965059415911109
PPP4R4,0.015322064451161277
STIM2,-0.2052743001007012
LOC284578,-0.20171702920442738
LOC101927256,-0.04254044310170854
SEC31B,0.23874423967774583
FLG-AS1,-0.052301661631416266
LOC101929660,-0.09903822759314868
ZEB1-AS1,-0.00816156092648214
LOC101930164,-0.011969436052363405
LOC101928809,-0.020352054380661497
GABRB1,0.052630453172208706
MYPN,-0.04682466263846584
NCAM1,0.07281592145015485
FCGR2C,0.04637277945619661
SHANK2,0.006089546827797859
TRAJ17///TRAV20///TRD///TRA,0.15618744209466534
BCDIN3D,0.04935396777442438
FNBP1,0.05268465256797919
QPCT,0.0373600100704967
DIAPH2,-0.05618395770392354
U2AF1L4,0.11944486404834095
MBTPS2,-0.041488217522655385
LOC100132773///LOC100131868///LOC100129064///PPP4R2,-0.1129667875125846
FEZ1,0.006579879154082202
NEDD8,-0.048704582074517
KCCAT333,-0.15416123867069123
HACL1,-0.0656957804632391
SPOPL,0.006447180261835817
C7orf25,-0.04553236656595788
PTGFR,-0.12018900302114394
GLCE,0.07681445115810943
NCOA7,0.00427943605237004
UROC1,-0.006886586102715614
LINC00868,0.12662798590131208
SDC1,-0.0003190231621315494
SNHG5///SNORD50A,-0.0005483182275898418
DCAF4,-0.050339979859009204
DSCR8,-0.14887878147028802
SCART1,-0.07301943605236354
FZD3,-0.06591344410875843
ZNF367,-0.01311288016112458
SFRP4,0.17212891238671088
CYSLTR1,0.08821305135951985
C6orf223,0.10968022155085866
INTS9,-0.04933712990936209
GPD1,0.023140402819741113
DSCC1,-0.019480050352463918
STIM1,0.25452287009063684
KMT2B,-0.07861589123866702
PNMA2,0.18525547834844097
ST3GAL4-AS1,0.07539019133937844
ADPRH,0.05090620342397068
FLJ40288,-0.08994855991943303
PMCHL2,-0.03091807653574695
NFATC1,0.03101242698892589
WDYHV1,0.038392950654585686
SLC30A1,-0.07086091641490017
PI15,0.026528801611281475
MIR3976HG,0.060289194360526766
RHNO1,-0.07949915407854627
DCLRE1B,-0.08596105740180954
SLC28A3,-0.015162124874115626
TBRG1,0.01853163141994254
ZNF579,-0.07664179254783104
SPATA7,0.0008462437059447922
ZCCHC14,0.1356884290030247
TRIML1,0.006190292044313456
MAN2A1,0.10465616314199694
PIEZO2,0.05920769385700249
SUCLG2P2///SUCLG2,0.2481710372608291
ANKLE1,0.07746848942598489
STOX1,-0.14983919436051968
GUSBP11,-0.025820805639473015
STC1,-0.0038181570996946718
RBSN,0.033905931520647845
STAMBPL1,-0.028588408862030956
WDR13,-0.09338109768378272
TXLNA,-0.03195397784491044
POC1A,-0.09963373615306785
NDNF,-0.031236062437056247
UTP4,-0.07298526686807283
LINC00466,-0.05720886203423631
SCLT1,-0.13145090634440748
C3AR1,0.050180292044312735
LOC101929441,-0.051118358509563575
LOC100133581///CT45A2///CT45A1///CT45A6///CT45A5///CT45A3,0.04179724068479661
IRAK2,-0.04023826787512254
PF4V1,0.05862185297079846
LOC400655,-0.011044461228597122
OLFM4,-0.02976321248740882
KRT78,-0.125970966767368
TMEM127,0.11686971802618652
SDF2L1,-0.2674750251762297
CCDC82,0.05436368580060772
HSPA12A,0.009608851963749741
HAUS5,-0.01723286002013749
C19orf54,-0.017525246727086496
TMEM87B,0.030984944612289327
LINC00906,0.14062939577039568
TIGD4,-0.039596394763339926
GJA9///MYCBP,-0.041933061430006385
C7orf57,-0.056426666666663336
DKFZp434L192,0.0045468882175258955
PPP1R26-AS1,-0.04372394763343067
KCNV1,0.02419582074521951
ZSWIM6,0.04035049345418246
LIPI,-0.07643681772406524
GPR176,-0.03264634441087283
METTL2A///METTL2B,-0.02284977844913974
UPF1,0.321250080563949
ZSCAN32,0.0015961329305171773
KLKB1,-0.028392749244709678
ABHD13,-0.04927457200402486
MOSPD2,-0.028879415911376327
OVCA2///DPH1,-0.07784601208458822
PRR29,0.013478892245723323
ATN1,0.110872688821755
PFAS,-0.2139442296072468
NGEF,-0.2230822658610226
SNX29,0.04045534743202765
RAD51C,-0.14826565961731675
SUCNR1,0.0446367573011111
TMEM216,0.010942145015108724
TMPRSS11B,0.015159637462238723
CCDC69,-0.05486721047331074
LINC00334,-0.001706394763339971
PMCHL2///PMCHL1,-0.12183279959717731
FBRSL1,-0.09055532729103369
FBXO38,0.05935471299094011
POLE,0.05083550855992252
AOC2,0.34309854984894483
STAG3L1,-0.04210282980865712
NR5A2,-0.03131975830815419
TPD52L2,-0.0701432024169141
POLR2E,-0.08252155085598817
MAPK10,0.05580717019134303
FAM104B,-0.008803272910368976
CRYL1,0.09722150050352779
AGAP1,-0.06322963746223266
COA5,0.01089114803625732
RAB32,0.04215601208459553
PCIF1,0.021566596173215172
BMT2,0.10093900302115102
FGF13,-0.12538201409868696
FCHO2///GH2///GH1///CSHL1///CSH2///CSH1,0.09239642497482674
SLIT3,-0.11014040281973489
SSH3,0.046314793554887115
C20orf202,0.02444058408862391
CINP,-0.061379667673712446
IDNK,-0.017229979859009887
DTYMK,-0.06044468277945257
TTI2,-0.06234490433030862
ANKRD30BP3,-0.03788293051359183
CCNB1,0.05705278952669031
VPS41,-0.028348992950650985
LINC00462,-0.03208385699898966
MAGOH,-0.14935417925477967
ZAN,0.04814715005035529
ZCCHC2,-0.02689655589123524
TUBGCP2,-0.022829113796572098
MRPS2,0.03693003021148354
LOC284454,0.21917716012084848
C2orf82,-0.1176332326283962
CD163,0.17163656596173546
ZNF771,0.012400130916417534
LOC105376714///SLC30A4,0.08964624370594454
LRRN4CL,0.026833081570998563
CARHSP1,-0.033827774420942675
NISCH,0.0696389526686847
PTGIR,-0.029966072507549485
NDP,-0.09747158106746778
PIM1,-0.12843651560926156
GRAP,-0.08502366565961383
KIF14,-0.11857754279959329
TNNI3K///FPGT,-0.04068363544813314
TRAPPC6A,-0.13422344410875794
IQCG,-0.0021450956696848454
ZNF18,0.023546283987918266
LYSMD3,0.032384944612289523
C10orf55,-0.13007330312184942
EHD2,-0.09820771399798234
SLC25A27,-0.27892709969788215
C17orf64,-0.026898972809664218
FAM169B,-0.08386481369586786
ZNF777,-0.014937975830813244
ASB7,0.09670201409869345
NUDT3,-0.017449033232624825
LOC101929964,-0.010751017119835879
SLC12A2,0.03166673716012443
MAST3,0.12497954682779736
TTC28-AS1,-0.04427539778448765
MAP2K6,-0.008030453172202391
CFAP61,-0.09306868076535425
PEX10,-0.025448670694861925
EME2,-0.11073281973816398
CPEB2-AS1,0.07251219536757544
EPS8L1,-0.04122794561933223
RPL36AP51///RPL36A,-0.042636686807649996
ZNF804A,-0.12411731117824408
FIBIN,0.13945765357502815
KIAA1024,-0.04150197381671361
LOC286114,0.040015568982883554
SUMO4,0.154509295065461
EDEM2,-0.05177224572003622
PTAR1,0.005867623363548333
TBX1,0.14773922457200647
ZMYND19,-0.06651485397784121
ZCCHC3,-0.105368892245716
PADI1,-0.050907784491436445
ABCB10,0.02526934541792864
NID1,0.14153824773414228
TMCC1,-0.010939395770389736
GALNT18,0.07839163141994249
WDR36,-0.052443514602211895
ABHD12B,-0.012382447129906209
INTS6,0.0366411782477378
ZNF322P1,-0.045861591137962024
RBM23,0.012342678751262267
ARHGAP8,-0.015624461228597387
LOC285378,-0.08065197381671384
HOOK1,-0.08646423967774103
CALML4,0.03707678751259153
LOC100130283///PMM2,0.12691852970795803
B3GALT4,-0.13275592145014878
SFRP2,-0.021996435045313997
GPRC5B,-0.11057932527693515
NXPE3,-0.038556052366562205
USP37,0.010055307150053178
DSC1,-0.053135760322252396
HLTF,0.05919219536757653
C8orf34-AS1,0.004914853977847411
RASGRP3,0.04272522658610593
NECAB3,0.027039345417929225
DACT1,-0.11122538771399418
ZNF266,0.08821825780463581
LINC01579,-0.014191903323259807
SMYD5,-0.13158081570996666
ABO,0.05824927492447396
CTNND1,0.12130330312185658
ADGRG1,-0.03591318227592774
SPRY4,-0.0017330110775395785
GMFG,0.08579334340383074
HKR1,-0.026846314199392672
NKAPL,-0.11185460221550489
GPM6B,-0.010721309164145737
RAD51B,-0.008704108761325755
PREP,-0.14401972809667313
TRAFD1,-0.01019703927492055
DZANK1,0.015121037260829043
SLC22A6,0.007062829808663587
RCCD1,-0.029287139979855367
PAPLN,0.011676404833840609
CKMT2,0.012195629405843962
MYLK4,-0.18645911379657268
HTR1F,-0.0011234138972780784
F11R,-0.02115218529707623
LARP4B,0.07221541792548146
CLIC5,-0.00021221550855712173
MDFI,-0.02878206445115479
EPB41,-0.19851354481369188
LRRN1,0.016222658610274793
ZNF20,0.10754193353474528
MFAP1,0.038405226586106234
BTBD10,-0.02461536757300664
NPC1L1,0.02775984894260103
DNAJC5,-0.01415286002013752
NEMP2,-0.0949665659617287
ERCC6,-0.16575958710976466
NAIP,-0.017595458207448844
APOBEC3G,0.004521631419942718
ZNF518B,0.03298890231621676
MTUS2,-0.06193789526686476
NDRG3,0.024136535750254373
LOC105373150,-0.023486455186300922
VWA5A,0.11917653575025496
FUT2,0.05665746223565235
LOC100505549,-0.054653252769382224
TM4SF18,0.15242766364552157
GP1BA,0.09376180261833139
DISC1FP1,-0.19273362537764016
FAM49A,-0.0826393856998957
EFNB2,0.1184997079556931
PIR,-0.061933766364548365
MRPS17,-0.16580242698891817
AKAP6,0.0336658207452196
TMIE,0.05702015105740463
CYP2U1,0.15486903323263096
PTPDC1,0.06782483383686116
GSTM4,0.05867222557905623
RAVER2,-0.05160948640483094
AQP1,0.19027480362538196
FUCA1,0.0598397985901346
STARD8,-0.06788463242698597
LOC101929064,-0.07065481369586753
LOC728052,-0.01633052366565654
ABHD3,-0.06427470292043966
MDP1///CHMP4A,0.13749996978852322
ZNF326,-0.08641459214501167
FAM214B,-0.1298921752265817
LOC643201,-0.03182656596172881
TMPRSS15,0.012044551863044314
COQ2,0.017794541792551223
UBE2S,-0.007862306142997467
ADIPOR1,0.03365989929506946
ZNF391,-0.16117778449143674
MAATS1,-0.026924712990933172
LOC441601,0.10786981873112068
SLC20A2,0.01790119838872408
ZNF677,-0.1780149446122827
LOC100129455,0.005195478348442326
C6orf163,-0.022515498489422775
DNAH7,0.0019185196374651224
TRAM1L1,-0.018524390735143097
PEX14,0.08025658610272152
LOC100133039,0.0416491742195397
KCNJ15,0.13737083585095994
OIT3,-0.10193241691842525
LOC100287590,-0.02318320241691524
ZNF184,-0.04825249748237309
LOC101928708,0.09159644511581327
ZNF614,0.00880376636455471
LOC101928101,0.04044868076536015
HSD17B10,0.0979194159113832
LINC00327,-0.029283242698889413
RUVBL2,-0.24495767371600713
LOC105369266,-0.07016946626384366
RASGRF2,0.008076032225581991
WNK2,0.057288851963748805
PPRC1,0.007653373615310904
CTSV,0.06093840886203708
PINX1,-0.042311289023159476
CEMIP,0.21142979859013436
BAGE2///BAGE3///BAGE4///KMT2C,0.048665951661634274
C1QTNF1,-0.07570365558912065
ATP9B,-0.04432438066464883
MOSPD1,-0.08020425981872774
PRKCA,0.15078380664652893
SGF29,-0.022527905337357837
EIF5A2,-0.058567089627388644
TMEM167B,0.16814731117825085
SLC7A5P2,0.011346837865058452
ARHGEF26-AS1,0.011651993957706795
LOC101927746,0.017296283987918475
CFAP74,0.6278956596173246
SCGB2A2,-0.022535760322252477
ZNF217,-0.020487955689825033
IL17D,-0.12809880161127532
TUSC3,-0.046007009063441136
CLIP3,0.05862500503524959
TEX30,-0.050298580060419526
CUTC,-0.020652406847931987
ELP4,-0.04311197381671335
SSX2IP,0.009698751258814881
LOC100996342,0.2191370896273946
UBE2G1,0.09806287009063769
CCDC146,-0.05238400805639143
LOC100129285///SPTSSB,-0.04332589123866739
NIPAL2,0.046208378650557255
GBP3,0.06402929506546125
PLEKHM2,0.006333806646528856
GVINP1,-0.026020030211477245
PITPNM2,-0.014301983887207173
CD22,0.0010899295065486952
DGKB,0.04697135951661917
MDM1,0.052263987915411536
PRB1,0.027291047331322107
CD69,-0.0074376837865027245
SETP4///SET,0.1950805438066497
LRCH2,-0.008296706948637572
SYTL2,0.006403333333336897
CST5,0.07853279959718283
SLC6A17,0.03322284994965085
HDAC3,-0.015061127895263551
KLK2,0.06959947633434299
CFAP58,-0.05138379657602882
NEXN,-0.027913595166160002
GMEB1,-0.05315686807653236
NAA25,0.03582169184290363
ZBTB20-AS1,0.002896555891241777
ZFAND2B,0.006968710976841541
TSPAN5,0.002886817724072066
PCNX2,-0.032870231621346495
UGCG,0.08550976837865402
PRLR,-0.0015039577039242281
LETM1,0.07774119838872419
ICA1,-0.07119842900301794
GABPB1,0.034153877139983
TOMM40,0.10936782477341653
XRN2,0.03309113796576313
ZBTB46,0.09264504531722256
PEF1,-0.1930824974823715
REV3L,0.07691369587110126
KLRA1P,-0.07181904330311836
RPS28P6,0.03803001007049617
JRK,-0.11251476334339966
ABCB1,0.011139123867072595
LAMA4,0.03806606243706264
EBF3,-0.02971324269888885
ROBO2,0.0087443605236691
NGFR,-0.185064310171194
IL18R1,-0.0025626988922423655
GABRB2,-0.12549756294058034
PTPN20,-0.05723484390734787
RASA3,0.07273918429003323
PRPF8,0.046587975830819944
PLXNA3,0.016232829808663606
RNF185,-0.03354699899294669
ZNF385B,-0.017168962739171387
RAB17,0.121225568982882
ACBD6,0.0863496475327323
MARC1,0.004197391742198457
HIPK1,0.01041524672709293
AKR1C3,0.11671216515609611
TMEM50B,0.02672390735146407
TIMM10B,-0.09294075528700474
S1PR5,0.024555186304131185
TMUB2,-0.07647028197381345
DCTN6,0.046360715005039355
LOC440981,0.005094279959721278
P2RY12,-0.0747614803625345
CARD11,0.2497599093655615
RDH10,-0.07281114803625066
SOX2-OT,-0.038778318227589786
AKAP7,-0.008560584088616957
SLC2A9,0.009574712990939288
CCDC144CP,0.024061591137969
B4GALT5,0.07173775427996319
TAPT1,-0.011675800604226568
DAND5,-0.30878321248740875
SLC7A6,0.045731238670697665
PSG9,0.03814219536757599
GLYAT,-0.04314999999999623
GPN2,0.01503510574018414
SMARCC2,0.002673111782480614
TMEM161A,-0.08181281973816396
SULT1A4///SULT1A3///SULT1A1///SULT1A2,0.009710845921453534
LOC200830,-0.12199381671701398
GIMAP4,0.22631543806646803
CASP9,0.008763796576035647
DCPS,-0.03910304128901963
LXN,0.07121127895267229
CDK1,0.0935023766364585
IQCJ-SCHIP1-AS1,-0.054358439073511275
OCA2,-0.0791557200402791
DDB2,-0.03434628398791163
HOXD12,-0.04614813695870795
SLC12A9,0.01749131923464517
CDCA2,-0.01676218529707625
JPH1,-0.02013111782477018
CEP76,-0.09521717019133615
PTPRC,-0.07636293051359186
LOC105373495,-0.07573579053373239
LINC00623,-0.16582732124873736
CCR1,-0.010829003021144257
ZIM3,-0.006716777442091393
C1orf122,-0.03801906344410472
RAB30,0.02410851963746526
NEMP1,0.015255508559922804
MSX2,-0.0431202517623329
CYP2A13///CYP2A7///CYP2A6,0.07496769385700212
CDH13,0.11210699899295391
SI,0.02157957703927821
LOC441204,-0.06699790533735842
SLC45A4,-0.009231661631416827
SCAP,0.01873734138973046
MARCH1,-0.004343141993954518
ZNF576,-0.08602145015105392
LOC100996681,0.05232126888217843
DPH6,-0.0784836354481342
ABCA9,-0.04828200402819395
MAN1B1,-0.195222064451154
RBKS,-0.12383985901308835
HMGN5,-0.12097582074521263
RUNX2,-0.20067484390734777
LOC100131178///PQLC1,-0.12887220543806258
DPF2,0.04176427995972086
METTL8,0.0515884390735179
LOC153910,0.03405625377643791
LYPLA2,0.22075150050352688
LINC01094,0.03252011077543117
DSCR3,0.08329610271903629
KRT19P2,-0.03737188318227354
RASA2,0.0054650151057432095
RBM43,-0.05408157099697558
LINC00507,-0.02510669687814357
SLC44A2,-0.042732215508556326
C1QB,0.042719587109771764
LYPLA2P1,0.019376243705944943
VAMP8,0.0014593051359553522
SCAMP5,0.1654893554884217
BAP1,-0.011715407854980958
CPS1-IT1,0.012601711983890394
IL26,-0.013326817724065541
LPCAT4,-0.05867205438066146
BTN2A2,-0.1792849345417889
LOC101928211,-0.019630332326280815
GTF2H1,-0.08320394763343009
ADCYAP1R1,-0.12637698892245403
LOC100134722///RASA4DP///RASA4,-0.1504073514602182
CCDC93,0.01738235649547175
MAGI2-IT1,0.08788950654582339
LMNTD1,0.010500362537767254
HSPA6,-0.030728368580056897
CLP1,0.04582974823766714
MRPS34,-0.000285589123863738
ZNF490,0.004606032225582209
GNRH2,-0.04149760322255497
OR5P2,-0.04406193353473998
AGAP2,0.06305044310171466
TAF1B,0.11416547834844229
AGO2,0.07355036253776774
PTPN6,0.058360845921453644
RBAK,0.031718539778451973
NUP214,0.08205313192346764
ANGEL1,-0.014215649546824
SLC25A12,-0.11501668680764998
TAGLN,0.12527468277945975
NDUFAF4,-0.13129752265860659
CTTNBP2,-0.0829695266868044
ZNF442,0.03415010070493781
RNFT1,0.1072581067472338
CADPS,0.008452326283990584
PITPNM1,-0.06274838872104371
ZNF529-AS1,-0.00950587109768073
GAS8,-0.17807987915407483
CLCA2,-0.010219728096673833
YRDC,-0.17014466263846525
CBFA2T3,-0.09729384692849603
ACSM3,-0.005546424974820708
VRK1,0.02192895266868411
TRBC1///TRBC2,0.028505085599197767
RAB3GAP1,0.03957439073514892
ODF2,0.021661933534746443
LOC100132430,-0.0639182175226551
CD209,-0.12796116817723746
SUSD3,0.06590992950654989
LOC440173,-0.024392719033229697
PDPR,0.25005212487412176
FGF7,-0.07065039274924118
NELL1,0.012824068479358394
HCN3,0.14164015105740477
TMED1,-0.07033398791540407
ZDHHC22,-0.03724763343403485
NR2C1,0.004823826787516153
LOC284798,0.008702316213497645
SURF6,-0.09321821752265472
AGR2,-0.02684456193353138
GON7,-0.014545266868073184
KDM6B,0.14862067472306345
ZNF600,-0.03610088620342049
GOLGA8B///GOLGA8A,0.006560463242702229
LINC01296,-0.10020691842899912
LOC100133686,-0.13602300100704612
INO80,0.08329329305136254
MS4A2,-0.13735347432023837
LINC00598,0.007993444108764722
BIN3,-0.14867273917421583
TAS2R45,-0.20826797583081175
PLEKHH2,-0.07797814702920076
CSMD1,-0.0315591238670664
FZD7,0.0991771299093685
LILRA6///LILRA4///LILRB3,-0.0230812789526654
DEF6,-0.1540873716012052
RPAP2,-0.07864950654581725
ASXL1,-0.024841359516613558
APELA,-0.012608177240681747
RIPK3,0.18531029204431232
CXCR2,-0.04864533736152728
INSL6,-0.07948943605236325
RRAGC,-0.046657633434034645
BBC3,-0.020950986908354757
CCL7,0.02389306143001337
GNG2,0.12982976837865365
ZNF740,-0.16577257804632106
IPO8,0.017009023162138107
ABCC9,-0.021518549848939677
SNX29P2,-0.00799519637461897
LGALS12,0.008707885196377775
EAF2,-0.0537548539778412
LRRC10B,-0.01574894259818408
GCSAML,0.06720008056395062
SFT2D2,0.027212719033235605
CECR2,0.023896555891241705
PKDREJ,-0.04628269889224265
TNFRSF10D,0.0496624169184326
NKX2-1,-0.07429316213494096
GUCY1B3,0.08668023162135259
PLPP1,0.1763697280966807
TRHDE,0.024664138972812895
MPEG1,-0.009518177240681602
AKAP8,-0.03591504531721694
TANC2,-0.026777512588113513
AKAP12,0.021073726082581058
PRPF4,-0.05302629405840509
KCNH7,0.016710594159116948
ZCCHC4,-0.005182789526683745
CDH24,-0.04045652567975494
LOC158863,0.05720140986908679
NXPH2,-0.026249617321245353
ZNF581,-0.021894088620338717
DYX1C1,0.017290171198391952
CCL20,-0.003802306142997855
FER1L4,-0.12649189325276788
CPD,0.06500594159114163
RBBP8,0.0910064451158136
DLL1,-0.02486220543806307
ACSM5,-0.20241132930513214
C9orf152,-0.14898763343403448
LOC100128500,-0.10411040281973419
MORN2,0.10447208459214803
NETO1,-0.02443634441087331
RABEPK,-0.08980965760321791
HOXC9,-0.14148800604229286
CTNNAL1,-0.04054761329304754
KRT8,-0.060930664652564734
LOC729034///LOC653498///LOC440434///TBC1D3F///NPEPPS,0.029695951661635175
KCP,-0.12891697885196038
LOC152048,-0.0397263343403797
PTGES2,-0.011582608257801615
SVOP,0.06887215508560171
PFDN6,-0.06200319234642156
FLJ36840,0.03706425981873397
PCDHB12,0.009791027190335685
LOC100289045,0.01297174219537068
SMC6,-0.05238801611278604
MKKS,-0.11475351460221156
FOXA1,0.08967402819738418
PRDM15,-0.02908072507552538
TRIM72,-0.02492925478348171
PARP8,-0.009427432024165724
MDC1,0.16617526686807876
METTL1,0.11958240684793708
LOC101928443,-0.09322298086605928
LOC101927365,-0.06601199395770102
ZNF623,0.02761761329305452
POU5F1P3,0.003914239677747011
CCBE1,-0.06280450151057063
LEPROTL1,-0.006441842900298367
C3orf33,-0.07852826787512324
ITFG2,-0.05095047331318921
CA5BP1,-0.02651296072507242
FAM210A,-0.012707029204427553
PLK2,0.09966221550856298
ABLIM2,-0.09152134944611931
FTCDNL1,-0.018039244712987755
PPP4R1L,-0.0818887915407821
ERCC8,0.027659919436054996
TST,0.03232791540785777
APOM,0.00308540785498777
FBLN2,0.1570726283987944
LST1,-0.03814247734138593
PZP,-0.04428059415911072
PRKAG2-AS1,-0.12999191339375288
COMMD9,0.022133383685804045
FAM155A,0.08025519637462565
LOC101929076,-0.035196777442091765
FAM26E,-0.027366696878143623
TBCEL,0.15201907351460492
EXOC4,0.06893531722054713
UBE2J1,0.14419520644511896
BCKDHB,0.06692336354481684
PIGG,0.026467442094666213
ZNF557,0.10530576032225736
KCNH5,0.05278482376636774
C7orf26,0.05717120845921719
LOC101927623,-0.32028326283987446
TNFRSF10C,-0.026444964753269337
NUTM1,-0.08182734138972436
NSAP11,-0.1995371601208419
SNORD116@,0.12795970795569267
IER5L,0.0635573212487438
BRINP1,0.04585907351460518
PABPC4L,-0.04401359516615988
FLJ38773,0.03701969788519892
BMP3,-0.12243825780462894
KRBOX4,0.036887361530718026
GPR108,0.1093330010070519
CLEC11A,0.12498536757301204
KLHL31,-0.28805672708962343
HLA-DPA1,0.10489941591138298
ARL14EP,-0.0747381067472273
GK,-0.006103182275928255
NQO1,-0.015257562940580727
F2RL2,-0.15008957703927137
EDNRB,-0.03461435045316906
ZNF778///FLJ12986,0.025017432024171976
KERA,-0.0008730815709939218
ZNF780A,0.03672483383686066
FBXO45,0.09642143001007364
KIF1A,-0.0017394763343370548
ZNF594,-0.04436944612285691
STARD9,-0.11156072507552497
GABPA,-0.08217417925477985
KIF26A,0.2022524572004047
AP4E1,0.07953979859013423
PTAFR,-0.3267584894259779
ZNF562,-0.030616052366561675
CNR1,-0.05669762336354137
TBCD,0.021656505538774552
TTPAL,0.028161067472309117
AGER,0.007230000000003026
PTGES,-0.06451802618327927
RPS3AP44///RPS3AP20///RPS3AP5///RPS3AP49///RPS3AP47///RPS3A,-0.15731049345417597
LOC283588,-0.019142638469281877
CNTNAP2,0.025910503524676064
PHLDA3,0.0668011077542826
EPOR,-0.029604118831819914
RPAIN,0.021597401812692096
EBLN2,0.08605371601208782
USP31,0.06196930513595517
DPPA4,0.027412849949650667
ANKRD22,-0.019186122860016995
CRELD1,-0.20711544813695482
TMEM150C,0.12466743202417206
SHKBP1,-0.14343602215508192
KLHL15,0.06164612286002316
PISD,0.05226587109768745
LVRN,-0.0160633131923425
KNSTRN,0.00925177240685144
SYT1,-0.016750775427992713
PLGLB1///PLGLB2,0.036878569989932906
CD52,0.2662887713998004
KLRC4,-0.047250292044306835
RMND5B,-0.035319133937559664
CARTPT,0.0011883585095701014
PTPN7,-0.23615411883181886
GIGYF1,-0.09637314199395461
NSMCE2,0.09037356495468594
NLRP10,0.06593678751259104
METTL25,-0.01921066465256363
LOC101928823,-0.0068177341389694755
POLR2H,-0.11255394763342952
EHD3,0.024772366565964765
AACSP1,0.04563629405841197
RFX3,0.015340080563950587
UBXN8,-0.014086283987912077
DCAF15,0.03596570996979134
RGS9,-0.09503965760321892
GZMA,-0.01892805639476039
COMMD2,-0.009542588116814216
ZNF99,-0.0659512084592112
ZNF222,-0.160806807653571
CNKSR3,0.037086203423970954
RC3H1,-0.10663512588116453
SEMA3B,-0.16522851963745805
CLEC4E,-0.09711592145014752
HHLA2,-0.26407503524672327
PAPPA2,0.0001036253776465143
SRFBP1,-0.003027341389725207
SMARCAL1,0.08118083585096025
MAP2K5,0.08421810674723355
FAM118B,0.03363243705941941
CACNA2D4,-0.03888607250754958
NKAIN2,0.03903910372608583
BRF2,-0.128215770392745
PRSS1,0.017455186304131905
PON1,-0.09590654582074168
TSPAN14,0.2233392547834873
IGHE,0.06435878147029611
PIH1D2,-0.0029849647532694187
VWA5B2,0.030844793554887222
SPINK13,-0.014137502517620209
MFSD6L,0.005766404833839908
ADIPOR2,0.2570541893252791
PDX1,0.1444224974823788
AFM,0.025869154078552586
TOM1L1,-0.16434916414903955
FAM21A///FAM21C,-0.0046587512588074365
THSD7B,-0.004211450151054168
CT45A2///CT45A1///CT45A6///CT45A5///CT45A3,-0.08048871097683416
TMEM174,-0.04011559919435716
AMZ2P1///AMZ2,-0.025784229607247466
LOC100133684///GAS6,0.05706329305136182
BCAS1,0.002558499496478621
SCML4,-0.00048068479355153904
FBLN7,-0.12639757301107374
CT47A1///CT47A2///CT47A3///CT47A4///CT47A5///CT47A6///CT47A8///CT47A9///CT47A10///CT47A7///CT47A11,0.09458091641490694
C3orf70,0.005571641490436213
ASTN1,-0.00033141993957388344
KLHL6,-0.022241772406844718
RAB9B,0.08994096676737443
LOC729725,-0.030265971802615452
LOC100506699,-0.12182149043302715
ZSCAN25,-0.0432260422960694
NPIPB1P///NPIPA2///NPIPB3,-0.05843729103725687
ABHD5,-0.0233318328298057
FAM63B,0.007798700906347442
C3orf52,-0.02933493454178949
TMEM56,0.0448711077542828
CHAMP1,0.047915800604232325
GIMAP1,-0.03052817724068159
STIP1,0.0937465558912418
LINC00560,0.005432799597183624
TSPAN3,0.15607336354481716
ANKFN1,-0.2602989526686769
LRWD1,-0.02208896273917079
AKR1C3///AKR1C2///AKR1C1,0.14795497482376907
AGBL4,-0.2795205135951619
CENPH,-0.030410926485394188
MPRIP,-0.012287532729100853
TTC41P,0.008047724068482042
EPHB1,-0.05388507552869752
RNF144B,0.08163230614300382
NEK3,0.07862438066465557
FAM205BP,0.026021550855995106
SGK494,-0.06000723061429719
EXOSC4,-0.21883217522658172
IL6,-0.013188136958707478
FLOT2,-0.07068469284994625
USB1,0.008336102719036897
APBB1IP,-0.0001828398791510477
EML4,-0.00634990936555558
RBM24,-0.10781821752265497
LOC105375240,-0.11768409869083254
HMGXB4,0.1408198288016143
DNAJC27,-0.22753462235649152
ERF,-0.04519074521651262
YARS2,-0.0876514300100673
TAF12,0.07296988922457531
ZDHHC6,-0.004324551863037734
PTPRS,0.030224068479358615
EML4///ALK,-0.15935549848942213
IKZF4,0.10286492447130152
MPST,-0.10818603222557477
URI1,-0.11671642497482085
RSAD1,-0.03621700906344025
KIF6,-0.02592514602215202
LOC729162///LOC728687///LOC389906,-0.0172032829808628
AGTR2,-0.0786459415911345
RSPH4A,0.002777160120848894
RFTN1,0.03269844914401132
FAM219B,-0.01861389728096327
KIR2DS3,0.011263816717022063
JAKMIP1,0.001810886203427258
LINC00308,-0.022979949647529682
KMO,-0.004272275931517442
LOC652821///VCY1B///VCX3A///VCY,-0.05616177240684472
FAM65A,0.056210725075531626
HKDC1,0.05595462235649866
LOC100134109,0.01551501510574324
CHDH,-0.025727925478345667
XKRY2///XKRY,-0.008210594159110695
LOC284379,-0.052549828801607794
AVIL,-0.016748922457196724
SCAPER,0.1322094259818759
ELOVL2,-0.00796037260825462
CENPK,0.023094864048341632
CCL16,0.023284310171201354
HSD17B14,-0.01581760322255435
CTRB2,-0.0006085901309130226
PROCA1,0.143965568982883
SEH1L,-0.018224561933531648
ITLN1,0.06685534743202742
GMCL1P1///GMCL1,-0.013592316213491204
PRMT3,0.04249028197382017
UBE2Z,-0.06586881168176778
VPS28,-0.10343844914400402
COL23A1,-0.10432947633433746
SF3B4,-0.019187724068476145
CYP4F30P,-0.08484779456193009
IGLV2-18///IGLV3-19///IGL,-0.0645133736153041
RNASE1,0.25686439073514944
LPXN,-0.06538527693856692
UIMC1,-0.00901217522658257
PLA2G1B,0.03618138972809999
SLC5A7,0.005292175226589386
C3orf80,-0.031636998992947536
AGRN,0.22614482376636663
PLAG1,0.05951670694864335
IGF1R,0.07670144008056759
ZNF324,0.02876894259819073
SPATA17,-0.03589625377643173
DIS3L,-0.10777445115810322
MNAT1,-0.007063162134940848
ZNF592,-0.10666701913393378
LOC101929631,0.009242839879157305
NECTIN3,0.055479959718029305
KCTD17,-0.07422594159113478
OFCC1,-0.038906193353471105
RBP1,0.05886182275931829
ATP2B4,0.2240004531722084
ANAPC10P1///ANAPC10,0.013930060422963844
MROH1,-0.022608721047328348
NUDT13,0.16833918429003283
GNB5,0.2024012286002032
WDR43,0.046476918429006545
FBXO4,0.004580664652571084
FAM60A,0.023357945619338905
PCDH11Y///PCDH11X,-0.04984365558912087
WDR18,0.023895709969790402
TMEM104,0.05125466263847189
NUTM2A-AS1,-0.0980127391742171
KIAA1456,-0.05360710976837569
KIAA2026,-0.005949556898284667
KIRREL2,-0.04672771399798298
FUT9,-0.02420094662638147
ZNF550,-0.003174884189322179
SCCPDH,-0.0368096273917384
PCDH11Y,0.04822991943605531
IRAK1BP1,0.016848408862037416
PDLIM1,0.011308791540789509
EPS15L1,-0.0009697885196342786
CD300LG,0.04064398791541105
POPDC3,-0.11401659617320918
UBAP1,0.07233183282981209
C2,-0.046554481369583914
SLC25A45,-0.019139536757298018
NSUN5P2,0.03472273917422225
MOB3A,-0.05291182275931133
OPRM1,0.02039058408862327
TMEM206,0.018624712990939818
CLDN10,-0.016641419939573653
SH3PXD2B,0.15148924471299433
USP18,-0.05528429003020811
MRPL45P2,-0.032629093655586146
FAM209B,0.032560342396780226
SULT1B1,-0.044985518630409664
DHRS4L2///DHRS4,0.005153041289026564
SDK2,-0.0038422356495434427
COQ8A,-0.012941460221547553
RHBG,-0.040807562940580605
SLFN11,0.050953736153074705
IL17RD,-0.044347150050349254
RSPO2,0.20260587109768674
CDY1,-0.08629859013091362
CARD14,-0.018119869083582086
ADAM18,-0.04258345417925206
PLEKHA8///PLEKHA8P1,-0.10005727089627045
TSPYL6,-0.027833595166160054
FAM83B,-0.12691809667673365
CEACAM1,-0.13677821752265532
TMEM170B,-0.015810584088617453
TOE1,-0.11180846928499077
TTC8,0.11702573011077823
C17orf77,-0.05208133937562616
TRMT10B,-0.12119915407854662
RAG2,-0.0170543605236627
LINC00905,-0.09286991943604887
ROPN1L,-0.055829264853974686
LANCL2,0.1902622356495501
EFCAB7,0.11158791540785785
MBD6,-0.0454601309164116
KRTAP19-1,0.105221339375632
CNPPD1,-0.06736723061429653
KATNB1,-0.05253474320241395
LOC100130219,-0.17499902316213217
BTN2A1,0.06977715005035548
LRRCC1,0.039449919436055206
ZNF544,0.06451821752266126
NR2F1,-0.06798151057401446
LINC01350,-0.06084370594158729
RRNAD1,0.05674801611279248
GRIP1,0.03171319234642855
RPL13P5,-0.04914047331318894
SETD5,0.08487281973817026
GCNT7,0.11667105740181592
MFNG,0.06604828801611555
C15orf59,0.03426500503524958
XPO7,0.05139632426989241
RABEP2,-0.0420686606243677
ATAD5,0.07899990936556156
PI4KAP1///PI4KA,0.1382048036253802
CARD6,0.008051570996982588
GABRB3,-0.07808237663645187
ZNF792,-0.02018841893252444
SEL1L3,0.02371034239677991
FLJ10038,-0.07548152064450767
CCDC43,0.02308201409869421
HOXB9,-0.041518580060419585
CTPS2,0.15057184290030423
SLC26A3,0.07352203423968051
ARHGEF5,-0.09161133937562599
SPAG4,-0.1445803826787471
RNF125,0.009640795568985748
IFIT5,0.04629941591138316
AP1S3,-0.06473752265860692
ZNF582,0.025748841893255506
LOC100996579,-0.19727507552869794
STEAP1B,0.08828557905337711
LOC101928797,-0.017289788519634336
BHMG1,0.05485275931520947
ZNF593,-0.05927991943604838
MPZL3,-0.0354600100704902
CSNK2A3///CSNK2A1,0.024927703927496297
GRHPR,-0.06271995971802236
NRBP1,-0.0852365659617281
COTL1,-0.04125087613292672
IFRD1,0.0512056394763376
MOCOS,-0.0016233736153043227
SLC25A21,-0.005114249748234635
ST8SIA1,-0.02287745216515267
CPNE4,0.0062552668680793885
RPRD2,0.007208559919438841
ZKSCAN2,0.04147430010070807
FIGF,-0.10771320241691516
C19orf24,0.09479093655589299
LOC100128692,-0.10549929506545469
FAM3B,-0.010321399798587122
MLLT6,0.03851424974824051
PAOX,0.01975481369587348
H2AFY2,-0.05459094662638117
KLK3,-0.01770031218529397
LNX2,0.012820886203427015
DKFZP434H168,0.03485104733132212
SEMA4D,0.009337754279963178
ST6GALNAC4,0.14203199395770688
LOC157860,0.006120231621352751
CTCFL,-0.003697452165152963
C6orf141,0.03187196374622689
BBOX1,-0.06945875125880824
TRIM42,-0.07911646525679436
SPTBN5,-0.0861849244712959
MID1IP1,0.11125708962739472
USH1C,-0.36219324269888825
TFAP2C,0.0331277341389757
POMGNT1,0.10267359516616592
FOXE1,0.009694350453175113
TRPM5,0.03521051359516939
SLIT1-AS1,0.02898172205438354
DNAJC4,-0.14750636455185945
LACTB,-0.0033725176233602994
DLX4,0.027483323262842682
RUNDC3B,-0.12078275931520277
CCNYL1,0.0024875629405870098
CHIC1,0.0267182779456224
ALKBH8,-0.04130939577038935
TAS2R19,-0.05846068479355185
ZNF529,-0.05593695871097382
HMGN3-AS1,-0.061224269889221264
SLC7A8,0.03138476334340751
DDX25,-0.0680270493454149
TMEM183A,-0.0905469587109729
LILRB4,-0.13958178247733752
NOV,-0.037775357502514456
BTF3P11,-0.022440765357499594
GLTSCR1,-0.12401905337361208
GPM6A,-0.07376315206444778
DNM2,0.024842306143003923
ENC1,0.06301928499496781
SEMA6D,-0.01687902316213151
EDDM3A,0.02686531722054692
GLT1D1,0.022534541792550475
BRS3,0.03442487411883452
ASPM,-0.03348393756293766
TP53BP2,0.037293897280969907
XKR8,-0.13530613293050958
KIAA1551,0.028573564954685562
FGF12,0.02661654582074861
TOX,-0.05830250755286624
PDK2,-0.03120198388720713
LOC102724927,-0.0027672809667644883
ZNF500,0.02524579053373943
GALNT5,-0.016672708962736038
LRRC14,0.060465941591140715
COQ8B,-0.1215393353474288
TMEM187,0.00933305135952002
SYT9,-0.04421211480362261
SNORA71A,0.026434904330315367
SYNPO2,0.008432124874122045
ST6GAL2,-0.05929261832829511
CKM,0.09581156092648843
LOC643923,-0.180431480362534
UMPS,0.06325472306143307
RSC1A1,0.04344305135951994
SCARB2,0.13753509566969138
VAC14-AS1,-0.04123996978851613
NEBL-AS1,0.1110507351460248
EAF1,-0.013654954682776166
SRC,0.021680322255793624
PGM2,0.09015715005035539
LOC105370629,0.05335793554884491
L1TD1,-0.09670296072507295
BPNT1,-0.056539778449140946
COQ10A,0.16007437059416157
SPHKAP,-0.1011852970795531
COL21A1,-0.04374898288015808
USP46-AS1,-0.019944612285998885
PPIE,0.026460140986911962
ST3GAL2,0.028664733131926648
DOCK4,-0.045985881168173724
FAM181A-AS1,-0.01562462235649232
CRHR1,-0.03448973816716709
SMARCD1,0.15378942598187467
NOC3L,0.044421289023165694
SLAIN1,0.009576565961735145
C20orf187,-0.22621781470291646
SGK2,0.02751599194360839
ZNF700,-0.007912064451154596
DEPDC1,-0.07815315206444781
LOC100130227///TMSB4Y,0.021178086606246364
EEF1A2,0.09165483383686081
FAM102B,-0.032925508559916404
LOC646934,0.16551596173212743
RNF123,-0.12547394763343073
IMMP1LP1///IMMP1L,-0.016405589123863938
LOC727818,-0.007953061430007033
LEP,0.07567270896274217
ZUFSP,0.0016835850956730541
SRBD1,-0.16612277945618992
ATP6V1B1,-0.009537462235646561
ZNF821,-0.0587991440080534
FAXC,-0.00012800604229327994
ANKRD49,0.004984702920446629
SDHAF3,0.046139929506548896
VIPR1,-0.15082856998992597
METTL15,0.011650010070496479
FAM193A,-0.017608368580056828
NSFP1,-0.44583037260825265
LOC100129105,-0.11443594159113482
LOC100134366///LOC100134363///PLGLA///PLGLB1///PLGLB2,-0.027113474320238445
ANKS6,0.005523041289026202
NDUFS1,0.07813536757301455
GOLGA1,0.15651443101712267
HLA-DOA,-0.005010674723057912
SUMO3,0.14137381671702184
MIR9-3HG,0.03351258811682082
PGM5,0.04587656596173474
BST2,-0.025358298086602726
SESN1,-0.014666888217518992
IGDCC3,0.008971963746226365
FAM150B,-0.03579551863040979
STAT6,-0.06957209466263459
PLXDC1,0.050978851963749426
LINC00616,-0.001828328298083326
ATP6,-0.0570532124874088
POU5F1P4///POU5F1P3///POU5F1B///POU5F1,-0.10903648539778144
PPEF2,0.04918159113796859
AP3M1,0.06536147029204743
SLFNL1,-0.059045075528697595
CXCL11,-0.020494390735143187
CCDC140,-0.03815647532728775
TFPI2,-0.053158257804628975
OR9A1P,0.033061560926488764
C12orf40,-0.0014105639476303944
CLCN4,0.08479055387714293
ZC3H12D///PPIL4,-0.008772779456190052
SPTB,0.012517794561937384
RBM12B,0.04857184290030518
TIE1,-0.06348487411882822
MRTO4,-0.09678220543806315
NUP93,-0.04167453172205063
GDAP2,0.10048370594159425
SLC18A2,-0.007510946626381423
RRP36,-0.04486305135951235
LOC100131354,-0.019919033232625227
CCDC106,-0.04780164149042995
PPP3CB-AS1,0.07393343403827088
SNORA68,-0.06501566968781161
BCL7B,-0.07270617321248352
LCNL1,-0.09611197381671385
PHLPP1,-0.13576412890231226
MFSD4B,-0.06731436052366258
MAF1,-0.1686981268882139
LSAMP,0.0754763444108788
PPP1R3A,0.041814803625380245
THCAT158,-0.029521409869080573
LOC90768,0.01582757301108049
TRMT44,0.019536888217525306
SMIM19,0.06972110775428363
POU6F2-AS2,-0.04798692849949282
PFKM,-0.006577955689825499
LOC101928045,-0.0899984994964723
LOC101928510,0.006250684793557884
MIR4500HG,-0.0713761430010035
LOC101928020,-0.017683806646522585
ZSCAN21,-0.00925927492446768
POLE4,-0.12213895266867686
SASS6,0.012650221550858827
NXPH1,-0.14039489425981566
LOC100128164,-0.041488580060419514
HFM1,-0.07804161127894987
SVBP,0.05690256797583368
RBP7,0.13975158106747498
PAM16,-0.05099979859012774
LOC105372695,0.013442849949650268
TRIM6,-0.09611312185296744
GABRA6,-0.033615307150047416
HECTD3,-0.08527921450150705
DIRAS3,0.022550795568985905
KLK8,0.030051047331322113
PDCL3,-0.1851025579053326
LOC100129592,0.0007099194360551814
ZNF547///TRAPPC2B///TRAPPC2,0.04294195367573274
DLEU1,0.07576510574018441
KAZN,-0.0033334944612253004
ALX1,-0.03666202416918088
WFDC1,-0.02443220543806314
LOC100127938,-0.015554833836854968
KLF16,0.268292980866064
SLC9A3R1,0.07639296072507823
FEM1C,0.026377875125884055
LOC101927768,-0.037521933534739906
ITGA2B,-0.1185161127895232
ROPN1,0.03398160120846207
SERPINB10,-0.12244256797582767
MARCKSL1,0.08342113796576338
PTPN3,-0.033659859013088114
NOP14-AS1,0.08336208459214817
KLRB1,-0.005243786505535735
ARNTL,0.07516143001007335
TMEM177,-0.14185654582074153
TNAP,0.012594582074524668
FAM210B,0.01794515609265181
RIPK4,0.056804592145018123
JMJD1C-AS1,-0.014080725075526136
LOC440871///IGK///IGKV3-20///IGKV3D-11///IGKV3D-15,-0.060000292044306736
LINC01432,-0.14840457200402465
ST3GAL3,-0.027089023162132256
ASH2L,0.01637856998993309
PITPNC1,-0.10683527693856648
OSCP1,0.02769836858006345
RAD54L2,0.054751772406851126
UNC13B,0.12410243705941904
NBEA,0.0027466968781503925
MGC13053,-0.13698066465256453
PSG6,0.008057703927495684
PLCG2,0.09217195367573297
ZNF512B,-0.019240715005032195
ZNF736,-0.02190390735145687
EPB41L4A-AS1,0.03399065458207777
NEU3,-0.053911349446119826
MAPK9,0.07254686807653915
TBC1D9,0.07184720040282287
PMM1,-0.04667281973816351
SPACA1,-0.024186294058405375
RGR,-0.09567997985900994
HRH2,0.005540231621352771
STK33,0.08163418932528023
LOC101927305,-0.01720073514601932
PIP5K1C,-0.09330542799596828
IGH,0.02286629405841208
ANKDD1A,-0.040812930513591666
MUC13,-0.010700765357499115
P2RX4,0.011690080563950676
LINC00685,-0.00013131923463935956
GEMIN2,-0.036973202416915
ZNF670,-0.00809573011077245
SYTL3,0.08710917421953959
LOC102723665///LCOR,0.0128234541792577
ARHGEF17,0.05142563947633735
PDE3A,-0.03916763343403478
AGBL2,-0.03342100704934235
TMEM98,0.06808970795569375
C1orf21,0.013693041289026736
C5orf42,-0.02804538771399463
TAC4,0.09189887210473599
LRRC37BP1,-0.010093182275928416
TCP10L,-0.049655961732121334
IFIT2,-0.02784351460221199
AIFM1,0.12064512588117123
LOC285928,0.02349756294058673
ZNF853,-0.009802517623360929
CH25H,-0.059456002014094955
HLA-J///HLA-H///HLA-G///HLA-B///HLA-A,0.07864205438066804
C10orf126,-0.029763131923461243
ESRRG,-0.1454600302114767
RIMKLB,-0.062380453172201866
PARP4,-0.03553652567975418
IL11RA,-0.097233051359513
LOC100129852,0.06783088620342698
LOC106699570,0.011922578046327235
PLEKHG1,0.09921120845921791
AICDA,0.05922831822759587
ADAMTSL4,0.03234225579053644
CNPY3,-0.11664172205437684
LOC101928401,-0.06776236656595847
LOC391142,0.034328429003024255
SEC16B,0.015036837865058827
MS4A1,0.0626334743202445
METTL18,0.010240684793558691
MICALL1,-0.08129586102718689
LOC105370580,-0.0020317724068449772
GTSE1,-0.032691450151054
ZNF17,-0.01635028197381393
GALT,-0.022396767371598087
WASIR2///WASIR1,-0.016761550855989557
GGACT,-0.007875881168174184
SPEG,-0.024811198388718064
DOK5,0.033016968781473706
DYNLRB2,-0.014189536757297935
JAKMIP2,0.0062296676737192
TCAP,0.07750004028197593
CHMP4C,-0.09102896273917106
POLR1A,0.02608846928499824
TANGO2,0.10774872104733439
UPP2,0.002934914400808633
ZADH2,0.07115899295065774
POMT1,-0.04508177240684563
LOC100128868,-0.10988684793554515
ADGRL2,0.0853127391742228
LUZP6///MTPN,0.1928923061430045
TRAC///TRAJ17///TRAV20///TRA,-0.049109546827790965
ZSWIM1,-0.14568008056394394
EYA4,0.030387129909368357
IRX3,0.05956765357502866
OPN3,-0.06590108761328944
LINC00899,0.03159155085599458
BCO2,-0.07613600201409526
COASY,0.04613486404834189
STAG3L4,-0.10942621349445719
C11orf74,0.03379946626384966
PRPF39,0.007066576032228593
MST1,-0.1378176938569951
TPSB2///TPSAB1,0.19370300100705234
TRPM8,0.04061226586103022
SYCP3,0.01251665659617611
FAM124A,-0.03706127895266514
LINC00238,-0.05746798590130579
LYG1,-0.21524646525679403
CASKIN2,-0.042836596173209604
CASK,0.07110762336354803
ZNF436,0.1443380261832855
CBL,0.08856713997986226
NAGLU,-0.022781278952665088
ARAP2,0.14400532729103935
ACADSB,-0.0222006243705907
CALR3,-0.03680737160120517
MPP6,-0.060559133937559434
OTUB1,0.06048758308157408
GPAT4,-0.011164008056391814
LOC100130868,0.0699542698892272
LOC100134025///SPEF2,-0.005666535750248586
ARHGAP11A,-0.024771057401809828
TSSK2,0.009199214501513977
SLC1A3,0.014106304128905567
FAM207A,-0.018249184290026775
CD5L,-0.0025578952668645627
PTRH1,-0.04959257804632126
LOC654056///SIRPA///SIRPG///SIRPB1,-0.027739436052363897
CCRL2,-0.014073162134941548
PARP6,0.01584321248741556
LOC400748,0.02728867069486727
PCDHB9,-0.0838089023162102
CBWD6///CBWD3///CBWD5///CBWD2///CBWD1,0.1127344612286032
ARHGAP17,-0.13953094662638044
IRF2,0.13347753272910734
ASB1,-0.04785204431016779
DRC3,0.050897170191342156
EFEMP2,-0.09662664652567571
KRT81,0.13689996978852237
FCGR1CP///FCGR1B///FCGR1A,-0.04322105740180879
DDHD2,0.04891735146022492
TCF7L1,-0.0015064249748206748
MDGA1,-0.17144772406847564
DENND3,-0.07322324269888869
MYO5B,-0.03276711983886869
LOC102606465,-0.003472708962736236
CDKN2AIPNL,-0.002695186304126079
SLC17A4,0.020520936555894456
LINC00463,-0.03777940584088284
BICC1,0.07060633434038568
LYPLA2P1///LYPLA2P2///LYPLA2,-0.05754342396777114
TFDP2,-0.0669069788519605
PEPD,-0.0032078851963713573
TSHR,0.00907471299094012
AK9,0.03658731117825103
NUP88,0.02367240684793903
VPS39,-0.10089670694863653
LEMD2,-0.02903250755286671
PCMTD2,0.016959083585098428
CCDC83,-0.001112789526683481
RBM47,-0.0167280664652541
HJURP,0.016105216515612135
LOC101927359,-0.11264601208458863
CREBBP,-0.08012655589123482
C4BPA,0.04240713997986184
LINC01563,-0.0010629707955654598
SH3RF3-AS1,0.1408199496475347
HS6ST2,0.023861329305139033
IGSF10,0.02782465256797871
CNIH3,0.1293488016112815
COLCA2,-0.004587421953672698
FAM170A,0.014291943605239643
LINC00565,-0.02890131923463945
LOC101926960,0.057984733131926265
KNTC1,-0.003174531722051052
PRDM10,0.02799232628399132
PPM1M,0.06709501510574277
POLA2,-0.07296739174219158
OLFM3,-0.04912475327290694
APOBEC3A,0.0036999093655621096
CASP7,0.06645350453172544
PLSCR3,-0.17899522658609862
MAK,-0.036731440080560854
TRMT1,-0.07301241691842554
JAML,0.013726545820748115
LOC643355,0.016735387714000544
SLC25A46,0.07679927492447414
HINFP,-0.004445911379654256
NTMT1,-0.08708737160120537
SNX12,0.04665879154078822
ZNF618,0.05088524672709266
DCTPP1,0.12642781470292377
WNT5B,-0.14167450151057048
MAGEB2,-0.033958247734135756
CDH2,-0.07457797583081259
SLC51A,-0.030809446122857524
EVA1B,-0.05496477341389358
IGKV4-1,0.030196112789529453
PIK3R5,0.002225961732127747
DNM3,-0.050693011077539665
ITGA9-AS1,-0.051058459214498336
HEG1,0.24476131923464578
CASC11,-0.11771498489425654
FAM9B///FAM9A,-0.04244809667673413
AKNAD1,-0.056368992950651495
PLGLB2,0.053675750251765575
MYF6,-0.0349266263846896
HMOX2,-0.15645900302114385
TTLL9,0.022475055387716852
FBXO44,0.15823586102719212
ZDHHC5,-0.05654222557904953
LOC101927358,-0.1049895166163109
TUBE1,0.07481905337361812
LINC00487,-0.05949625377643203
ACTN2,-0.0006999597180231548
SCN7A,-0.010598700906341556
CLIP2,-0.19146599194360137
LRCH1,0.08711307150050658
AGAP5///AGAP9///AGAP11///AGAP4,0.032357059415915185
GABRA2,0.09588067472306391
SH2D1B,-0.005714269889221624
FOLH1B///FOLH1,0.0023053776435078416
LOC105378052,0.024404380664655237
HSF4,-0.09411239677743852
LRRC49,0.003340624370597428
BNC1,-0.037384642497479206
SLC5A6,0.30068503524672774
NEUROD1,-0.044675649546824264
C17orf80,0.035159828801614515
ZC3H12C,-0.0308984189325245
BCL11B,-0.1426833131923431
MICB,-0.039841480362534376
CDK5R1,0.044073846928502664
FGFR1OP,0.005259869083588664
CACNG1,-0.22854414904329912
ZNF609,0.1486755085599218
NABP2,-0.04250989929506257
FAM86B3P,0.14969694864048566
KNL1,-0.07511220543806327
LOC730124,-0.10761985901308796
UBQLN4,0.053509466263850336
TMEM143,0.0456138267875153
TTC39C,0.0011601510574047007
WDR72,-0.017568539778445677
GIMAP5,0.050075770392752426
STRC,0.023306052366568897
FOXO6,0.054590704934544335
SPDYE1,-0.10172627391741851
PYGB,-0.11753022155085216
LYPLA2P1///LYPLA2,0.02423078549849332
SPATA22,-0.05369085599194069
ENTPD6,-0.0625574118831797
IFIT1,-0.03214542799596823
EHBP1,-0.07407980866062092
NNAT,-0.07909881168176891
AQR,-0.03083788519637115
CYP2C8,-0.0299612588116787
LOC105374989,0.06270026183283228
LINC01310,0.05779292044310477
BCAT2,0.007755981873115048
RCC1,-0.08430836858005625
SLC27A3,-0.120019929506542
SMPD3,-0.11879655589123497
MTF1,0.053194370594162356
SRGAP2D///SRGAP2C///SRGAP2B///SRGAP2,-0.044704743202413674
LRR1,0.07907634441087906
CCT6P1,-0.026605659617317645
VPS18,-0.05003748237663269
KCNC2,-0.04481637462235348
FAM96A,0.13241025176233945
LINC01520,0.012546062437062029
LINC01106,-0.20346617321248328
ZNF396,0.014607623363547716
BEX4,0.0908892245720071
LOC100133578///ASMTL,-0.09478784491439723
CXorf56,-0.02796668680765049
BDNF-AS,-0.016273685800601564
PXN,-0.02138513595165767
POLA1,0.0847438469285027
SRSF12,0.015891520644514733
FBXO41,0.07634633434038525
FGF18,-0.07360977844914032
LOC105372793,-0.12065227593151706
TIAF1,0.03133062437059726
NOX4,-0.006471339375626162
OPA1,-0.011755337361527535
WBP1L,0.05575269889224925
SP1,-0.03109777442094353
SLC35B4,0.11860309164149373
ZNF624,0.008820161127898397
ZNF827,-0.044299939577036096
SLC6A12,-0.12018835850956448
REEP1,0.12661412890231932
LINC01139,0.020351611278955906
FSTL3,-0.09534393756293735
SCARB1,-0.026733343403823513
VASP,-0.05409681772406556
GJC1,-0.027455528700903176
CLDN14,-0.05322632426988562
TP53TG1,-0.08335692849949256
PCSK6,0.003992970795571801
LOC646044///SSBP4,0.0999821450151075
NDUFAF6,-0.07358914400805328
LOC101927066,-0.0850781268882144
PAQR9,-0.010174763343400513
CYYR1,0.0923363846928531
SARDH,-0.07926139979858658
NCALD,0.01612451158107033
LINC00895,0.0074846727089660295
ZMYND10,-0.12412985901308793
KLHL4,-0.006366052366562954
HOXD8,0.1406213494461247
PCDHB3,-0.014624572004025272
CRISP3,0.02537648539778755
LOC101928622,-0.02711350453171868
LOC730324///LOC441259///PMS2P5///PMS2P2///PMS2P1,-0.030003987915405185
NPTXR,-0.026415427995968452
C18orf25,-0.034107814702917266
LOC100506990,0.08699266868076877
MAPK11,0.11584102719033551
LOC440731,0.028513665659619825
PLCL1,-0.0017072205438034907
TDO2,-0.04204367573010749
AFP,0.03870599194360817
GABRQ,0.06642197381671938
ZMAT1,-0.030188126888214435
RFX4,-0.05993581067472005
TATDN2,-0.09851324269888884
LINC01393,-0.02403987915407485
ZNF781,-0.02918432024168857
PYCARD,-0.07217559919435676
ZNF415,0.042905357502520586
LMLN,-7.270896273599975e-05
PARPBP,0.04902875125881442
KMT2E-AS1,-0.02275757301107461
SPANXB1,0.014077190332329188
LOC340090,-0.09887929506545502
BIN1,-0.14844455186303737
GDAP1,-0.041390996978848474
SKA3,-0.024383444108757965
RSU1P2,0.002801299093658704
TIGAR,-0.060934632426985894
PHKA2,-0.05047379657602889
TRDN,-0.034351480362534784
KCNJ8,-0.014995951661628232
DNAH5,0.10245557905337618
PWWP2B,0.00933256797583365
GCLC,0.06124377643504835
LINC00423,0.021480362537767334
ZRSR2,-0.05894228600201054
TMEM219,0.012801812688824799
CWC25,0.009093282980869477
ANKRD20A8P///ANKRD20A4///LOC728371///LOC647595///ANKRD20A2///ANKRD20A3///ANKRD20A1,-0.05800179254783153
AGPAT4-IT1,-0.0856998489425948
CXADR,-0.3419547432024123
PIPOX,-0.024430594159110294
SCAF1,-0.22789228600201067
HEMGN,0.0002526082578076967
HIST1H1A,-0.02297848942597878
CTSZ,-0.08888147029204119
LOC101928441,-0.010179144008053458
LOC100134355///PRIM2,-0.0311966163141962
RGN,-0.12663556898287645
LOC151657,-0.0278555287009032
USP42,-0.014570302114799871
LIN37,-0.22503293051359172
AK5,-0.13844295065457854
STX5,-0.04601672708962401
ZNF439,0.04228647532729409
SCARA5,-0.0682904431017087
TWISTNB,-0.000752296072504495
OXCT2,-0.029559043303118357
KLHL13,-0.08078065458207127
THRB,0.012269083585099302
CEACAM6,-0.012806888217519345
HACD4,0.09344686807653914
CTD-2297D10.2,-0.03366720040281671
PFKFB4,0.030610634441090398
L3MBTL2,0.09292650553877398
HMCN2,0.010027029204433456
BAIAP2L1,-0.0904474420946596
ATAD3C,-0.030745780463239482
PPP1R9B,-0.0020005337361504033
RPRD1A,0.013226666666670118
DYNC1I1,0.012399899295068323
CENPU,0.012998549848945471
CCNYL2,0.1083721550856021
LOC103611081,0.05551366565962043
LOC646470,-0.0018102719033201466
ZYX,0.006582165156095665
TIFAB,-0.05029863041288657
MGST2,0.02311984894260191
CCT8L2,0.021365367573013713
KCNMB2,0.027415579053376785
SLC44A4,0.012686827794565356
LOC728105///LOC643670///LINC00266-1,0.02508547834844217
FAM234B,-0.011861611278949875
AMFR,-0.09570775427995667
ZNF644,0.06748380664652848
SLCO5A1,-0.02803120845921153
EP300-AS1,0.023583826787515333
PHOSPHO2,-0.02252331319234327
TGFB3,0.10998085599194682
EDN1,0.03820134944612566
CSF1,-0.1218892950654547
BLNK,0.04862179254783786
MYADML2,0.05369021148036525
CD40,-0.10019062437059073
LINC00032,-0.026712336354478363
UCHL1,-0.07910440080563619
MIR4307HG,-0.10015194360523341
SETMAR,-0.03375726082577748
FLJ37035,0.06294837865055686
STIL,0.03928935548842202
LOC100132566///LOC100132025///LOC100131452///LOC729272///LOC338999,-0.047530271903320154
KATNAL1,0.14382706948640775
GPATCH1,0.05766354481369897
LOC440895///LIMS3,-0.0760444108761297
SOX5,0.019842860020144654
UTP15,-0.07957901309163767
DCAF4L2,0.003310382678754241
RPS6KA2,-0.029075075528697446
CYP2E1,0.2019709365558942
HIST1H2BA,-0.09983769385699556
PAQR7,-0.06197770392748883
CFAP221,0.13293658610272205
LOC728196,0.008109516616317198
LINC00323,-0.13059260825780108
ZNF345,0.08156222557905646
COL9A2,-0.017529808660621267
C9orf116,-0.06252820745216182
ANKRD53,0.11071644511581274
ZNF567,-0.013883524672705535
PLCXD3,-0.018631661631416465
IRS4,0.08037672708963037
TRAM2-AS1,-0.015063091641487086
FOXJ1,0.035926616314202076
BRIP1,0.015109546827797667
PARD6A,0.011339758308160306
LOC101928167,0.015634461228602906
BABAM1,0.07229719033232938
NRG4,-0.13101328298086273
ABCA7,-0.08122824773413614
PGBD2,-0.03924525679758023
TAS2R10,-0.0524811278952637
DCD,-0.00588358509566652
LINC01093,-0.07501805639476018
CNTNAP3B///LOC653355///CNTNAP3,-0.10493415911379345
LOC100996624,-0.062736505538768
EVA1A,0.009787955689831401
LRRC28,0.06754510574018441
TMEM246,0.04445560926485697
LOC100507654,0.07011576032225869
C15orf41,0.007571258811684583
ANKRD18A,-0.013693413897277878
RPL10P16,0.08205102719033455
SIMC1,-0.01959154078549491
ZNF503-AS1,0.003928549848945195
URB1,-0.08427148036253412
LOC101927143,0.04699257804632702
CCDC6,0.05451744209466636
LOC105373860,-0.03247805639475984
TNFAIP8L1,-0.00807764350452906
KIAA0508,-0.057842406847932196
THBD,0.2123282678751292
TRIM69,-0.005017834843903765
MAPT,-0.018867583081567538
VSIG2,-0.005984864048336591
RBMY1E,0.0154214300100734
CCDC85B,-0.13665060422960354
NTAN1,0.1779096978851993
KANSL2,0.03439231621349825
LOC100129166,0.04728399798590412
RASAL3,-0.05932549848942238
DTWD2,0.0021658610271935025
HOXA13,-0.08015409869083251
TMEM200A,0.11913131923464565
PDILT,-0.08923329305135637
BBS5,-0.07718335347431692
SCN1B,0.16002568982880266
ERVW-1,-0.2887810775427946
DHCR24,0.03681796576032589
IGLON5,0.11552626384693118
CD7,0.3724945619335372
LOC101927972,-0.004067401812686111
LOC441025,-0.06359126888217174
C3,-0.021390976837861425
L3HYPDH,0.030696263846931842
PACS1,0.03276454179255053
LOC100132686,0.07150832829808938
PEX5,-0.0017693957703891483
IGFBP1,-0.07518004028197056
FBXW9,0.015153575025179451
RSPH14,-0.025535720040278306
KCNB1,0.024523947633437165
DACT3-AS1,-0.06512025176233274
EML5,-0.03933191339375347
SLC13A4,-0.02832174219536434
ZNF213-AS1,0.05628445115810876
TNXB,-0.015121923464246751
NCAPD2,-0.2561177844914373
PCDHGA3,0.013090342396780627
LOC101929454,0.010377663645521416
ACAD9,0.060475075528704084
RTKN,-0.12122816717018767
LOC101928516,-0.0806252064451122
TINAGL1,-0.2513869788519595
PCGF6,-0.03808824773413545
C9orf84,-0.12479242698891874
PER4,0.023380342396780433
HECW2,0.1468830211480388
ZNF202,-0.03281437059415575
LOC101928858,0.007819718026186405
FBXO43,-0.0877788620342366
SMYD1,-0.00487336354481065
FAM53B,0.02971275931520918
BORCS7///AS3MT,-0.13397488418932132
PPBP,-0.0656993051359478
CABLES2,0.02287039274924748
SYNE3,0.019579748237666526
ZNF468,0.1269718026183307
SNX21,-0.07993941591137631
SNX15,0.014924994964756223
STOML2,-0.037422658610267945
LOC101929536,0.004006878147032211
IGF1,-0.05961267875125615
ADGRG6,-0.12148092648539427
PLSCR2,0.021933554884192335
LOC100134764///HOXA-AS3,0.07100559919436343
SPATA18,0.02478790533736456
ANGPT1,0.036916102719035754
KCNA2,0.00011118831823062926
PNKD,-0.08268925478348141
ZNF3,0.11039507552870413
NEK6,-0.06818403826787174
GRIK1,0.13119342396777728
VAV3,0.043912185297082545
COL7A1,-0.02259696878146769
TLE3,-0.11803653575024839
ADCY6,0.03562298086606524
KLHL29,0.08220145015106017
TM6SF1,-0.07579654582074208
HRES1,-0.1368593454179226
BCL2L14,-0.007248247734135769
HLCS,-0.019944763343400583
RGMA,0.13436003021148202
RAB3B,-0.051777613293047975
PLCG1-AS1,-0.09694202416918131
PRO2012,0.0016587311178275846
CHMP1B,-0.07639736153071175
KCNJ13,0.003170342396780358
IFIH1,-0.07387503524672343
SUSD1,-0.08198179254783122
LOC653602,-0.03132692849949289
LOC101928590,0.07176353474320496
HSPB1P1///HSPB1,0.1503254783484415
LOC100128862,-0.032589949647529315
PGBD1,0.0478424974823798
MPV17L,-0.1619108761329269
CYTIP,-0.04913160120845586
GCM2,-0.03365757301107444
ETFDH,-0.04707981873111422
SLC26A11,-0.07607135951661308
ZNF180,-0.03684252769385429
TEAD4,-0.1318609768378614
LOC729623///PRKAR1B,-0.2795026183282939
TTC9,-0.04433781470291716
CHN2,0.03277501510574304
ZNF275,-0.052916032225575005
FAM216B,0.008925075528703941
TRIM22,0.16715055387714287
LOC101927406,0.025916173212490696
LOC100131612///MED27,0.3014663746223578
NBAT1,0.006794239677746984
DNM1,-0.016058096676733878
NPIPB5///NPIP///LOC729978///NPIPB1P///NPIPA2///SMG1P1///NPIPB7///NPIPB3,-0.05142737160120538
LOC100128751,-0.004503796576028729
LRRC8B,-0.039248449144004924
GPR63,-0.0578034038267841
POP1,-0.05159265861026856
CCNE2,-0.008810735146019183
REEP4,-0.06862210473312884
PDE11A,0.008670382678754245
IL15,-0.050504994964750013
ADAM23,-0.0332306646525648
KIAA1755,0.022592910372611012
BACH2,0.012003393756297269
PTCHD1,-0.021936112789523524
TNFAIP3,0.0660736656596205
KLHL36,0.11524593152064765
ZNF501,-0.05014055387713662
SLC4A3,-0.02293036253776086
CLK2,0.0762038066465281
MIPOL1,-0.025217280966764417
LOC100133862///IGHG1///IGHA1,-0.014309748237660375
CYP2C9,-0.015135256797580137
CASC18,0.04928494461228878
LOC100130815,-0.07204289023161795
CYP2J2,-0.0642835448136927
LINC00928,-0.03628568982879852
SNTB1,0.0820323564954711
SLCO6A1,0.039652839879157006
SDR9C7,0.016951077542802583
ITGA8,-0.00917255790533427
STRADA,-0.07871676737159837
TFDP1,-0.019723585095666123
LINC01191,-0.03252185297079299
SCG2,-0.01596154078549518
CD180,0.029575891238673414
KRT37,-0.06494837865055034
ZNF674,-0.0026379556898260687
MIS18A,-0.054053977844911255
SUPT16H,-0.10823156092648159
FRMD3,-0.1714941691842869
SERAC1,0.051298519637465276
TMEM254-AS1,-0.042786354481366175
FANCD2,0.033928952668684155
CD80,0.0191481369587141
ATP1A2,-0.015194330312182078
MFSD8,0.03970951661631715
CHL1,-0.08436394763343037
TC2N,0.01919059415911681
TMC1,-0.06390409869083263
KANSL1-AS1,0.03023938569990233
RTKN2,-0.03295297079556568
SLC12A8,-0.050177945619332275
LINC01330,0.05965270896274211
KIT,0.044029113796579276
ADGRL1,-0.03423703927492169
PHLPP2,0.007954572004031053
CCDC154,0.04756194360523955
KCNRG,-0.0021800503524640417
OBFC1,0.03402212487412177
GPC3,-0.02804091641490123
MON1B,-0.0049775830815677186
PWAR5,-0.006363927492444487
LOC101927843,-0.008809023162132362
C2CD4A,0.004143927492449892
RPRD1B,0.024945881168179994
OR2W1,0.07130305135952006
SPATA31D1,-0.0013190130916384889
EFCAB3,-0.01215625377643206
MURC,-0.047943856998989606
FAM126A,0.27576116817724383
PIK3R3,0.058626334340385486
LOC729439///AFDN-AS1,0.07370253776435326
ZNF48,-0.07732020140986595
MCMDC2,-0.03193113796575702
ATG101,-0.15541539778448754
PLXNA2,0.02120660624370906
CNTNAP3B///LOC653355///CNTNAP3P2///CNTNAP3,0.0022941893252802076
HLA-DRB1,0.1255837361530752
A1BG-AS1,-0.07204961732124564
NPTX1,-0.03631048338368263
MAGEE1,-0.011234934541789122
LOC100131015,-0.006823192346421696
C8A,-0.044578600201406915
LOC100131707///FRG1JP,0.015169154078552724
FAM226B,-0.006123987915404978
SCRN1,0.02161586102719383
MVK,-0.28075320241691404
CACNA2D3,-0.08459281973816393
CAMK1G,-0.06912747230613989
PDP2,-0.09925362537763985
CAGE1,-0.05352565961731867
LPIN1,0.12066341389728412
AHDC1,-0.18702043303121516
CEP128,-0.004535720040278749
LOC101927587,-0.047405760322252743
RAB40A,-0.024175488418930302
KCNMB3,-0.19211722054380337
PBLD,-0.10345110775427653
LOC101929529,-0.011294964753269437
MGAM2,-0.07699959718025834
CNTNAP4,-0.06839054380664338
SNORD8,-0.06719301107753942
RBM42,-0.0681035146022121
BAHCC1,-0.09304835850956349
TMOD2,0.0010274622356526639
PTK2B,0.013025025176236743
NCR3LG1,-0.03555390735145661
LOC100506476,0.08402584088620652
MAGEB4,0.004787150050355314
LOC100133905///TLK1,-0.05006525679757991
ZNF354A,0.07692998992950992
GDF7,0.019932950654584967
SNX1,-0.007729637462232888
TBC1D16,-0.012738942598184715
LOC101928205,-0.01846509566968478
C10orf35,-0.007969144008053208
LINC00954,-0.20066034239677363
DDX23,-0.09377502517623029
GTF2H2B,0.06298457200403125
TMEM115,-0.04930618328297698
CDYL2,-0.10596446122859629
SEC61A2,0.0006469687814732623
LILRB5,-0.07914342396777133
KCND2,-0.04245656596172878
RABIF,-0.04196962739173854
MYO3A,-0.03712823766364243
SRRM4,0.0003553272910401112
CTD-3080P12.3,0.006758992950657825
GPR26,-0.11867627391741994
FLJ14327,0.025640473313195335
TARSL2,-0.192328549848939
LOC283112,-0.06685590130916085
XKR6,-0.07136621349445782
ARL13B,-0.007136384692847102
RGS14,0.009971248741191535
PRDM10///FABP1,0.026524602215511478
ZNF691,-0.04669162134944249
B4GAT1,0.06167871097684027
SRR,0.1208428700906371
SEZ6,0.0486952467270928
SUZ12,-0.03931139979858696
LBX1,-0.04344705941590846
DRP2,-0.029288922457197712
P2RY6,0.009921007049348292
APBA2,0.019919899295068363
ADAMTS17,-0.027258076535746995
MIAT,-0.005743011077539906
CNTROB,0.01661609264854301
IFI27,0.2192070292044343
LLGL1,0.12513875125881396
TMEM71,-0.07445199395770143
PCDHA5,-0.028841007049342476
HOXC8,0.09208867069486718
RPUSD4,-0.0034047230614271153
ZNF684,0.005265669687817814
ABRA,-0.08461497482376273
GIPC2,-0.09979096676736864
FCHSD1,-0.1616127794561901
CYP2R1,-0.08567928499496157
SH3BGR,-0.0013177844914369838
LONRF2,-0.10090233635447822
HTR6,-0.044561369587106756
TPTE2P1,-0.01427542799596844
MAD2L2,0.04474012084592492
LINC01122,-0.01612762336354145
ZBTB37,-0.026242990936552874
FRMD8P1///FRMD8,0.7897098992950679
LOC105379143,0.02711505538771697
LOC100130331,0.0020907150050387333
AKTIP,-0.006021339375625656
DET1,-0.1139760725075496
VWDE,-0.05569605236656251
SNRPB,0.01571262839879486
CRISP2,-0.08969324269888876
RGS20,-0.02242264853977525
KRT20,-0.027294622356492257
LOC728883,0.030289365558915256
PEX19,0.01923870090634755
HOXD1,-0.052577562940581885
TEAD3,0.0033701107754311385
GALR1,-0.059538982880157645
IGHV7-81,-0.037105649546824604
CACNA1E,0.00927321248741495
RAD1,-0.001543051359513506
C1R,0.12116465256797912
LOC105371226,0.024384582074524513
PLN,-0.0355085095669658
C15orf48,0.040123464249750954
BANP,-0.09797300100704548
LOC100130705,0.026455035246729992
SARNP,-0.1292763846928459
COL9A1,0.1600163947633455
RMDN3,-0.04318922457200042
NPAS1,-0.04654984894259498
TNFSF12-TNFSF13///TNFSF12///TNFSF13,0.0014133635448171367
ACP2,0.013399949647536269
BPESC1,0.01743315206445395
BCL2L10,-0.016557804632423866
SMIM20,0.09085207452165447
PAG1,-0.10077188318227182
CSTF2,-0.051339013091638006
THAP3,-0.05883032225578742
LOC101929550,0.0005998388721077663
PLAU,0.027779113796579415
ATP8A1,0.06028841893253019
ITGA9,0.13774727089627686
TAF13,-0.06363043303121513
TUFT1,-0.05687321248740826
PCDH10,-0.03910620342396465
PKIA-AS1,0.0019107955689860595
PLA2G4C,-0.04572764350452821
ADM2,-0.0129387210473283
PLA2G16,-0.018345619335344315
BRWD1-IT2,-0.001044471299090799
AKR1C4,-0.0013397180261801103
PTHLH,0.02646818731118132
HGF,-0.04207548841892968
TP53RK,0.013886576032228627
ATF6B,0.021219577039278154
BTG3,-0.03296039274924101
NFIA-AS2,0.03254617321249047
DNAJC3,-0.08224594159113463
VWA9,0.0515583484390768
MRPL52,-0.04338422960724678
SAXO2,-0.030280453172202668
CDH1,0.01016369587110072
RASL10B,0.07422288016112988
AJUBA,0.06364291037261087
CATSPERB,-0.02068226586102402
LOC100132181///LOC389831,-0.01555018126887922
LOC643449,0.034359033232631106
MSR1,0.04576100704934842
CABP7,-0.05638392749244353
HCN1,-0.11572749244712645
CASQ2,-0.023295226586099643
MIR4290HG,-0.05483718026182991
LMOD2,-0.002405186304126228
RAB8B,0.06666616314199685
CDRT1,-0.014438600201406526
ORF1,0.02800198388721347
ARHGAP28,0.022431389728099632
GAD2,-0.0005600100704903424
WDR3,-0.06290608257804278
COQ7,-0.13256444108761012
ANKEF1,0.042538459214504734
HIST1H1T,-0.022494924471296043
LINC00574,-0.11673710976837476
GBF1,-0.12984891238670326
FLNA,0.06256901309164489
RNF112,-0.032583011077539754
SGMS1,0.0523602819738197
CAMK4,-0.0501449244712958
GLRX3,-0.025101097683783373
MEG9,0.09879430010070758
SNX10,0.02428325276938885
SNRNP25,-0.003670251762333071
MSTN,-0.011158449144005062
NTF3,-0.13139848942597887
LINC01583,-0.03956896273917093
PRSS33,-0.05212877139979558
LINC01592,-0.10935033232628096
KCNC3,-0.05630397784491112
RRS1-AS1,-0.006486525679755316
HIST1H3E,0.007404622356498247
PEAR1,0.013378872104736159
GNB2,-0.09513500503524278
MCF2L2,-0.03294179254783159
WDR49,-0.1070712286001982
SLAMF8,-0.0033733333333301908
PA2G4P4///PA2G4,-0.030873816717016056
LIFR-AS1,0.03881236656596464
GUF1,0.015702004028200496
ADAM8,-0.0027988519637430903
WFDC10A,-0.023104672708959717
HEPH,0.05637093655589419
PASD1,-0.04853956696877848
CC2D1B,0.026464612286004628
LOC105378997,-0.010543101711980755
SLC19A1,-0.024915881168174184
IL36RN,-0.05113457200402516
FER,-0.026335720040278822
CDKL3,0.06231521651561188
DRG2,0.0038333836858032294
RHAG,-0.006189859013088467
LOC100310756,0.04004594159114072
TSPAN11,0.13963340382679046
ARL8A,0.03687978851964029
PHACTR1,0.026267472306146032
TMCO5A,-0.018388016112786634
PLEKHA6,-0.05373706948640147
LINC01354,0.0440106143001037
E2F3,0.04526909365559223
LAMA5,0.09688213494461467
AK8,-0.01856943605236344
ADORA2B,-0.1044612890231584
CUL1,0.027959889224575037
GPR82,0.03603166163142303
C5orf64,-0.08844480362537427
LINC01057,-0.06431970795568652
SAT2,0.08591682779456503
FAM159A,0.00914181268882499
DUS4L,0.013445558912389605
CCDC39,-0.00859359516616006
CCDC159,-0.0459913997985867
ZNF280B,-0.0012479355488391186
PDE9A,-0.014182134944609168
GRM5,-0.06094970795568638
TMC8,-0.030917361530712367
TSLP,-0.02623167170191027
MMP1,0.01217767371601565
LOC100129087///PYM1,-0.05493960725075231
ADAMTSL3,0.005175075528704042
TSPY4///TSPY3///TSPY1,-0.016715659617318458
MTA3,-0.06710562940583703
DDX52,-0.03877462235649215
SYT16,-0.08400038267874818
C10orf25,-0.046019033232625184
GSTM2///GSTM1,0.06142557905337609
LCA5L,0.02715680765357799
PSEN2,0.04662000000000354
SORCS2,-0.014283323262836847
DOHH,-0.15669721047330923
SLC25A15,0.01362775427996267
LOC148413,0.08045503524672998
GLUD1,-0.0347058509566934
RAB3IL1,-0.03421822759314888
KRTAP5-AS1,0.06971915407855259
UROS,-0.14758473313192053
PPP2R2D,-0.07775497482376284
ADAMTS20,-0.0806180161127863
C15orf40,0.0774673011077574
LOC100133558///UBE2V1P2///TMEM189-UBE2V1///UBE2V1,-0.04918165156092287
OSGEPL1,-0.042233685800600954
PKD2L2,-0.02907704934541482
UBE2C,0.07431048338368856
HNRNPA1P36///HNRNPA1P59///HNRNPA1P51///HNRNPA1P22///HNRNPA1P53///HNRNPA1P50///HNRNPA1P27///HNRNPA1P10///HNRNPA1P52///HNRNPA1P12///LOC642817///HNRNPA1P30///HNRNPA1P39///HNRNPA1P56///HNRNPA1L2///HNRNPA1P60///HNRNPA1,0.013314511581070231
POU3F2,-0.1258805035246692
SPATA31C2,-0.03764691842899984
CAPSL,-0.005641742195364525
SLC16A1-AS1,-0.16229093655588717
SNORA21,0.0467054179254814
CENPI,0.04524828801611594
NAB2,0.033355146022158236
ZNF663P,-0.10487578046323952
STX17-AS1,-0.04203380664652267
ZNF347,-0.009904128902313049
MIB2,0.052473665659620194
FAM57B,-0.014430765357499535
SEC24B-AS1,-0.1740173917421917
MRPL21,0.10779567975831171
ANKRD40,0.021368741188320856
SPC24,0.08986136958711244
RHOXF2B///RHOXF2,0.0497006042296102
TRIM59,0.022464481369590186
SAMD5,-0.03963956696877852
ADCY2,0.057795417925481235
ZNF768,-0.16556868076535347
C10orf76,0.08762789526687141
BRCA1,-0.005408157099694776
LOC100131610///CLIC5,0.029403826787515686
SLC4A9,0.01903540785498798
ADD2,-0.14437610271903017
INTS5,0.19049494461228794
PLD1,-0.011457341389724526
UBE2QL1,-0.05215288016112456
MMP21,-0.12229272910372276
LOC100134367///RAB12,-0.06547187311177938
SRD5A2,-0.05619487411882874
ETV7,0.03609637462235963
RIPK1,0.020953846928502516
IL2,-0.04699775427995701
LINC01365,-0.047262678751255935
POPDC2///COX17,0.199091963746226
NOXA1,-0.16361911379657196
ERCC6L,0.02334035246727388
PGLS,-0.18273492447129447
PCTP,0.04137917421954006
GPAM,0.023792628398795014
LOC440434///NPEPPS,-0.01519632426988633
SLC15A2,-0.0012141792547807509
OAS1,-0.10347216515608901
LCP1,0.10357131923464563
LOC730202,-0.11638589123866702
DPY19L2,-0.017457280966764042
CBR1,-0.04605799597179938
LOC100133128///DEFB108P1///DEFB108B,0.015898741188320947
KIAA0101,0.023191017119842616
CCDC150,-0.022878821752262933
CYP7A1,0.041004884189328336
MAPKAPK3,-0.10289674723061024
CTD-2194D22.4,0.008490463242702015
PPOX,0.01043497482376943
ZBTB39,0.06170237663645811
WISP1-OT1///WISP1,0.2323869083585126
CDK4,0.004280604229611351
ZSCAN9,-0.009284813695867804
CCDC62,-0.024330876132927767
NPM2,0.035032799597182654
LINC00202-1,0.05498731117825049
COL4A6,-0.11378259818730765
SPTAN1,0.003799436052370181
IFNB1,-0.15376381671701614
AGTR1,0.0348498690835879
NIM1K,-0.06827460221550548
NHS,0.07509682779456513
TOX3,-0.026775236656593232
BCL7A,-0.007401107754276964
MYOM1,-0.28811530715004774
KIAA0484,0.011030725075532002
NADK2-AS1,0.023891007049348368
PPP1R1C,-0.012799718026179997
ADAMTSL1,0.0016761933534773926
HOXD13,-0.07873154078549612
DCT,-0.03819383685800265
RAVER1,-0.0722098489425948
EEF1AKMT1,-0.0599724169184257
PNPO,0.04569337361530982
LLGL1///FLII,0.18162346424974996
SOX1,0.03516887210473612
DBIL5P,0.03864970795569257
MBOAT1,-0.11478557905337061
RP2,-0.005978207452161918
GRPEL1,-0.07925725075528284
MGME1,0.03767806646526019
TNFAIP2,0.07001245720040528
PLEKHF1,-0.2811252769385669
SLC38A9,-0.0008340080563913194
LINC01541,-0.09062984894259482
MMP10,-0.02146172205437763
BORCS8-MEF2B,-0.006143665659614274
FXN,0.04543740181269174
VASH1,-0.008733021148032986
LOC100130872,0.14370455186304398
TMEM196,-0.022848620342393572
FFAR4,-0.03138100704934232
SLC18B1,-0.04469350453171847
ZDBF2,0.037139083585098626
NCF4,-0.061850775427992194
ARSB,-0.06860249748237358
CXXC4,0.028388398791543423
KIAA1324,-0.05066050352466957
C4orf46,-0.012598680765354477
ETAA1,-0.032628771399795295
TPST2,0.14695786505539
SGSH,-0.03355219536756966
AXIN2,-0.12500106747230327
CUZD1,-0.06318946626384381
TRNP1,0.0009112286002044799
DLEC1,-0.02399254783484031
LCORL,0.013515689828804724
AP5B1,0.03592642497482659
CFAP54,0.024153434038270673
LOC100130089///FBXL17,-0.03917607250754966
RGPD2///RGPD1,0.033199113796578895
IGSF5,0.011005226586105758
CD1D,0.043079415911383194
WNT11,-0.14769110775427688
LINGO1,0.014076606243708847
KHNYN,0.016313454179258016
P4HA3,-0.14053544813695462
GPKOW,-0.2047317522658571
CEP57L1///CEP57L1P1,-0.015939496475324458
RNF8,-0.09567640483383277
TMEM80,0.11171015105740403
GSE1,-0.06054588116817405
FBXO15,-0.1225865558912358
LOC648921,0.03832289023162406
ZNF645,-0.040083816717015844
IL17RB,-0.06827172205437751
POLG2,-0.08745494461228265
PIP5K1B,0.032946485397787266
C3orf62,-0.08426120845921153
DCTN1,0.053392467270899566
LOC285147,0.011337099697887737
FZD6,0.01893192346425284
CYP4X1,0.023112457200405535
HEYL,0.12475409869083845
SMG6,-0.007439506545817199
CLCA3P,-0.012314521651557952
SRGAP2,0.026761631419942485
IFT43,-0.027776002014095785
MS4A7,0.07875067472306457
LRRC37A3,-0.012536465256794041
CLEC12A,-0.09792677744209174
CD70,-0.009492890231617812
TRA,0.0007063746223593711
CYP20A1,0.005806052366568833
TEPSIN,0.015827482376639286
LOC644656,-0.06680334340382363
DSTNP2,-0.028369788519634107
DOK6,-0.04989955689828454
LINC01305,-0.11421417925478014
LOC339352,0.051650382678754075
SLC25A5-AS1,-0.009844290030208765
MCC,0.0829027995971835
ZSCAN16,-0.016089526686804835
CD200R1,0.06411978851964034
CEP85L,0.015720473313195288
AMDHD1,-0.0035729003021116867
CLDN15,0.011515840886206163
KHDC1///SPA17,0.0374637965760352
SLX4IP,0.023147623363547833
SUCLG2-AS1,-0.03409206445115531
CCS,-0.24767768378650135
RPL5P1///RPL5P34///SNORA66///RPL5,-0.02942631419939345
RNF220,-0.09975982880160705
LOC101929019,-0.008282527693853887
FCER1G,-0.05526182275931216
SERPINB2,-0.030830402819735078
CCDC129,-0.0777898187311144
AP3S2,0.02337815709970096
XIRP2,-0.07799907351459903
LOC100272217,-0.04883744209465911
LRAT,-0.16207456193353126
ULK4,-0.004724511581064246
SYT17,0.007652708962742193
PLEKHG4B,0.021833222557908472
DZIP1L,0.03229598187311486
WFDC8,0.03739003021148349
LOC100129525,-0.033715347432021155
NEU1,0.11946586102719331
CALN1,-0.01706659617320958
ZFP64,-0.024137291037257952
FAM76A,0.009467069486407749
KLHDC8B,-0.09306754279959358
RPL13AP17,0.020180352467273732
SEMA7A,0.1348323766364578
OCLN,-0.09463867069486079
SEC14L4,-0.061880725075525084
TAS2R8,0.00826144008056725
APOBEC3B,0.11230777442094927
NLRC4,-0.03756638469284666
CAPN7,0.0331219335347461
EFCAB1,-0.026381772406844913
BATF2,-0.06374233635447843
OLFML3,0.28028007049345666
PRADC1,0.057328499496478086
ARG1,-0.025790855991940677
DTHD1,-0.0450375327291003
PCNX4,0.051997079556901006
PRDM16,0.06342067472306445
PTN,0.07137697885196703
VPREB1,0.03668781470292325
NRXN3,0.014543564954685718
B3GNT5,0.01990631419939838
PGM2L1,-0.06023861027189997
LOC100507564,0.023761037260828552
FAM120C,0.08911261832830068
NEXN-AS1,0.08174760322256072
TSPOAP1,-0.09307689828801244
LINC00094,0.012233786505542035
LOC100287015,-0.0016534642497454425
JAM2,0.08609304128902602
SEC22A,-0.05091818731117494
RFWD3,-0.021284058408858636
QDPR,-0.014169415911376215
ADGRD2,0.059431691842903145
POLDIP3,0.017092074521655162
LOC439933,-0.020780453172202375
EGLN3,-0.20813445115810283
MYH6,-0.04389919436052009
CDCA5,0.1518755891238696
WDR78,-0.037478368580056966
PUM3,-0.024600563947630202
NUP107,0.0542226888217554
LOC100131298,-0.10835318227592852
ELF4,0.01696094662638787
LOC283075,0.0459373212487444
DPPA2,0.008469848942600736
SEC14L1P1,0.055223645518633624
CTDSPL2,-0.002279627391739399
CCT6B,-0.07740297079556577
GRK3,0.03158067472306436
HCP5,-0.008993726082574927
LOC100134722///RASA4DP///RASA4CP///RASA4,-0.22351158106746838
C11orf70,0.0291121248741218
SPATA19,-0.024413434038264993
ZSWIM7,-0.053160171198385314
PRR15,-0.01767875125880828
C1orf54,0.13845679758308466
NEPRO,0.06581831822759596
MAB21L1,-0.011061168177237853
FZD5,-0.1301210574018087
MPPED2,-0.08936482376636101
ANXA3,-0.04389930513594889
H1FOO,-0.09341655589123546
INIP,0.05851466263847255
ATP1A4,-0.15019342396777086
BPI,-0.09257801611278607
ATRIP///TREX1,0.01625299093655911
YPEL3,0.020674904330315824
EAPP,0.04321609264854329
ZNF586,0.012779375629408656
KHDRBS2,0.07545297079557134
SH2B1,0.05113293051359771
AIM1L,0.012086586102721897
STXBP5,-0.02137070493453813
MIR2052HG,-0.02250239677743883
TMEM132A,0.1082685599194393
HAO1,-0.0338959617321216
ZNF564,-0.10950416918428638
LOC100507250,0.05045947633434358
PARP11,-0.01936750251762015
LOC100131081,0.06584466263847136
ZNF45,0.10199041289023457
CACNA1D,-0.03513394763343071
ZFP91-CNTF///ZFP91,0.14255223564954966
ZNF511,-0.10129350453171795
CYTH4,-0.09827798590130565
NLGN1,-0.011888489425978699
C11orf1,-0.064339808660621
GLOD4,0.039347452165159766
LMNB2,0.0015209264854009197
LOC105372255,-0.02737975830815395
ALG1,-0.11205585095669335
VAMP1,0.14301761329305318
TRMT12,0.05109905337361828
LARGE1,0.11465658610272206
SIX6,-0.014843887210470842
OAS3,-0.03951608257804297
PRIM2,0.00714972809667954
TEX19,-0.005965800604226912
ZNF627,-0.016504612285998838
HCLS1,0.19284989929506824
DUSP3,-0.062076515609261376
NPY6R,-0.0005605035246696519
TCF24,-0.03436386706948344
CCR5,-0.04807542799596867
SRD5A3-AS1,-0.01099646525679435
ATAD3B,-0.06182593152064102
CBX8,0.0229616515609294
SMPDL3A,0.031713303121856024
ATF7IP2,-0.04129436052366248
HIST3H3,0.17989597180262135
BYSL,-0.0005267975830787509
RTBDN,0.07752158106747448
HNRNPL,0.06034964753273236
SPIC,-0.04018256797582775
CCDC71,0.007371440080566755
FCGR2C///FCGR2A,0.04342255790534058
PLEKHG5,-0.06830669687814364
MYO7A,0.08019936555891494
FOXN2,0.004687613293054506
CSN2,0.0065124471299124066
LINC00472,-0.06463471299093318
ANKRD60,0.03127803625377907
TRABD2A,0.0004226787512617673
LOC100132418,-0.07419413897280641
TMEM131,0.20796703927492718
LOC100130428,-0.1343903021148001
SLC9A2,-0.07205505538771048
LRP2,-0.0014833736153042724
LOC100129198,-0.021036827794558677
LOC100133555,-0.10969228600201064
CCDC167,-0.06447356495467887
MX1,0.07103022155085895
YOD1,0.00651938569990234
LINC01428,-0.03793821752265567
TMEM257,0.015574682779459165
RBCK1,-0.06253724068479016
NIPA2,0.05401825780463568
RAMP2-AS1,-0.03976411883181981
BMPR1A,-0.07712871097683478
FARS2,-0.024613967774417572
GEMIN7,-0.026354269889221585
CNTFR-AS1,0.03846439073514904
CR2,-0.024207119838869265
ACAP1,-0.03950836858005709
KRTAP9-8///KRTAP9-2,-0.09893270896273591
TBXA2R,0.17695101711984138
UNC119,0.09088272910372905
TXNDC16,0.005825347432026881
USP49,-0.051571621349442584
SIX3,0.03684749244713261
GOT1L1,-0.036984300100701674
LOC100132279///WTAP,-0.10689595166162844
MARK2,-0.0012070493454151374
KIAA2022,-0.037895377643501496
HPSE,0.03743771399798894
ZNF514,0.11376601208459522
FLJ31104,0.041899244712994256
C1orf162,0.11658678751259074
LOC101927592,-0.008066183282978048
KRT82,-0.03853891238670401
FAM26F,0.03369690835851249
C17orf96,-0.02635960725075187
LINC00051,0.009954853977847922
TERT,-0.029407200402817114
LINC00880,-0.028784612285999437
ZNF185,-0.0003231923464216274
LIG3,0.04314639476334658
MLXIPL,0.09373534743202719
HSPBP1,-0.011805276938567505
EDC3,0.07266572004028474
CPT1A,0.06278172205438376
ZDHHC11,0.006053705941593844
MUM1L1,0.07811223564954972
ROM1,-0.11184699899294695
ERBB4,-0.00038199395770065897
MYF5,0.06730330312185584
MED12L,-0.02076965760321959
GLRB,-0.12227449144007682
ZNF354C,0.0018566263846958048
SIGLEC7,-0.05686427995971531
C14orf159,-0.007331812688818107
TLR1,0.08038762336354735
GFER,0.0022521047331356403
PLCE1,-0.048938006042293
ATAD2B,0.05260928499496795
KLF8,0.22957496475327605
LMBR1L,-0.12393126888217182
LINC01206,0.04532261832830114
P2RY2,0.031388721047334076
THUMPD3-AS1,0.09202202416918714
PYGO1,0.03572330312185585
LOC101929528,-0.14089833836857651
CCL21,0.0443382175226617
ZNF320,-0.057952004028194004
SORD,-0.01693760322255479
CENPO,0.09544236656596503
DENND2A,0.007096626384695381
AFAP1L1,-0.010763877139976397
KIAA1211,-0.04670077542799281
RIMBP3B///RIMBP3C///RIMBP3,-0.0467607653574995
C9,-0.05506371601208196
OR2A9P///OR2A20P///OR2A5,-0.02210086606243343
C4orf19,-0.12951996978851668
NUDT16P1,-0.025863111782474482
CDK11A,-0.15016776435044943
NTS,0.006854632426992122
LOC101929460,0.18631125881168434
FBXL19,0.02517449144008327
PRELID2,0.03138399798590441
PARP12,-0.02083513595165795
LOC100131447///CDC14C///CDC14B,-0.01802086606243416
LOC439911,-0.10476895266867751
NATD1,0.04930839879154423
LOC642131///IGHM///IGHG1///IGHA2///IGHA1///IGH,0.030233836858009018
FANK1,-0.019058851963742907
C18orf21,0.07424806646526005
TAF6L,0.0032862940584119926
FRAS1,-0.06712374622356153
JAK3,0.07008740181269185
PALM2-AKAP2///PALM2///AKAP2,-0.11927003021147667
ESRRB,0.03486443101712267
PAGE2B///PAGE2///PAGE5,0.010301641490436192
C12orf10,0.08081608257804865
HCRP1,0.034226817724071185
ATP13A4,0.06472676737160427
CXorf23,0.02783991943605522
YWHAEP7,-0.05937632426988601
RASSF4,0.020972557905340722
LOC105372840,-0.05593944612285652
SHCBP1,-0.022264239677740924
DAPL1,-0.17561129909365247
GUCY1A2,-0.03945206445115476
NUP188,-0.00478581067472008
SLC35F3,0.09649030211480668
NPY2R,-0.03113833836857685
CYCSP52///CYCS,-0.03346259818730814
BAG2,-0.009919697885193285
PLCXD2,-0.017741450151054265
LOC105372069,-0.05725927492446825
NCF2,-0.024683071500500295
LILRA1,-0.029707875125878185
FCAMR,0.023237522658613147
ADCK2,0.06255448136959012
FBXO22,0.12618888217522856
ASB12,0.04577477341389938
FANCE,0.007416072507555955
IL4I1///NUP62,-0.1885195971802581
FMN2,0.004366032225581937
ASPRV1,0.04776686807653899
RASSF7,-0.09402548841892927
PIGW,0.049957039274927575
LINC01270,0.039567069486407466
JSRP1,0.07123729103726292
KCNG4,0.020906475327294324
ASB6,0.04930450151057719
LINC00408,-0.12112207452164851
IL1B,-0.2725978549848902
MMP11,-0.043146052366563034
CDC123,0.050881591137969105
CERCAM,-0.07043542799596872
ROGDI,0.02180506545821001
LOC153577,0.020691943605239838
BDH1,-0.04285262839878863
LOC105376944,-0.010161299093652307
HBD,-0.06876873111782136
TLN1,-0.12515051359516244
CEACAM3,-0.06661481369586783
CUEDC1,-0.05306196374622034
LINC00441,0.0679622457200432
SNAP25,-0.006288801611275912
LINC01089,-0.1678500906344375
PNPLA6,0.024814833836861155
FGF14-AS2,-0.119020604229604
SLC35G3,-0.031418348439070556
CCNT1,0.06422117824773763
B3GALNT1,-0.03580944612285697
HSD17B6,-0.06420690835850684
MTSS1L,0.08057598187311421
FGFBP3,-0.06102315206444798
NES,0.06835831822759603
SLC35F4,0.009921842900304984
E2F7,-0.052239446122856796
MAN1C1,-0.008143746223561905
EFNA5,0.06346906344411155
NDST2,0.004021973816720245
ADAM2,-0.14241798590130628
CSF1R,0.11072733131923784
MAPKAPK2,0.015139315206448135
NAGPA,-0.04368856998992632
LINC01116,0.07109769385700213
LOC654056///SIRPB1,-0.01715507552869772
LACTB2-AS1,-0.13358325276938246
FAM149A,-0.12785313192346104
IRF6,-0.05198408862033918
WDSUB1,0.006679234642500694
TCEB3CL///TCEB3C,0.11523602215508816
LOC101929680,0.0870041490433058
LOC100133958///KCNN3,0.0986530211480391
STMN4,-0.028841722054377676
KLRK1///KLRC4,-0.127891500503521
TMEM64,-0.009666847935545609
HMGB3P1,-0.0012931218529676422
ZNF558,0.01448567975831122
CYP2C18,-0.07295859013091315
BTD,0.02216945619335658
LOC101928495,0.002390020140990049
MICU3,-0.0768740080563913
HIST1H2AH///HIST1H2AG///HIST1H2AM///HIST1H2AL///HIST1H2AJ///HIST1H2AK///HIST1H2AI,-0.022454400805636376
CNTN5,-0.04935403826787174
LY6E,-0.10518923464249363
FABP4,0.23546312185297372
HES6,-0.01409747230613988
HSPBAP1,-0.02595527693856713
LOC100132167,0.11523875125881455
CLDND2,0.05319745216515881
FLJ37453,-0.10023786505538404
FAR2,-0.05131885196374322
KCNE2,-0.0041988116817691795
KDM4A,0.05015605236656956
LINC01533,-0.018498489425978412
INVS///WSB1,-0.035089083585092495
SAMD3,0.02417190332326575
PCNA,0.07525689828801924
LOC646383,0.041862708962741704
PRR26,-0.17025929506545437
AATK,0.036385085599197266
ZNF660,-0.03421274924470982
GABRG3,-0.010991591137962772
PRKCA-AS1,0.03911810674723354
MELK,0.038035236656599636
ZNF212,-0.018165206445112526
LOC103344931,0.073933907351463
XCL2///XCL1,0.0754994763343432
COQ3,-0.005180070493450553
SERPINA10,0.008169254783487241
TET3,0.034529587109771054
SCO2,-0.1715206847935517
FGF10,-0.025251017119835698
OMG,-0.03197953675729808
ATP2A1-AS1,-0.02487961732124575
MRPL53,0.0995098288016149
TACC2,0.054287865055391044
TIMELESS,-0.03516365558912028
DHX38,-0.11006722054380325
GMPS,0.08871403826787844
IL3RA,-0.032526727089624494
HOXB-AS3,-0.15340338368579745
SERTAD1,0.03598708962739504
CCDC13,-0.03232380664652297
TRAT1,-0.03171157099697604
C12orf74,-0.006528328298083714
OGFOD2,0.10187215508560181
POT1-AS1,-0.046300755287006175
FAM110B,-0.04563301107753989
NBEAL1,0.06713202416918712
MLF1,0.02366627391742483
CLEC10A,0.08833848942598427
ARHGAP5-AS1,-0.08083279959717703
C2orf83,-0.055957029204427744
NACAD,-0.10149848942597862
WWC2-AS2,-0.014969486404830618
TECPR2,-0.04643336354481042
MFSD9,0.03270912386707242
TACR1,-0.057330634441084896
DPY19L1P1,-0.023406223564951707
HMGB3P30,0.05426046324270191
ORMDL2,-0.0939706545820701
KIF3C,-0.04679442094662305
PAXIP1-AS2,-0.0001334340382650595
TBC1D22B,0.05470010070493728
DGKA,-0.026946495468275225
RHD///RHCE,-0.015407452165153275
C1orf168,0.03200272910372889
INPP4B,-0.08221198388720694
EML6,-0.004792970795566016
CLGN,-0.018460382678748374
C11orf71,0.018398247734142194
OSTM1-AS1,0.01717608257804935
RNF214,0.0021886908358539434
DNAJC9-AS1,0.09702372608258014
SPON1,0.030224159113799668
BRI3BP,-0.09556472306142635
FBXO5,-0.03060796576031867
PF4,-0.25675566968780955
LINC01568,-0.0634089929506516
LOC100506286,0.020843726082580685
FBXO30,0.0705403021148066
ADAM32,-0.04764355488418584
TBX18///PMS2P5///PMS2P1,-0.016033363544810227
PLPPR4,-0.016827411883179537
CDC73,0.014677995971805635
LOC153811,-0.017489023162131963
FARSA,0.0012668277945650196
LOC100131895///KRTAP5-7///KRTAP5-6///KRTAP5-5///KRTAP5-4///KRTAP5-3///KRTAP5-8///KRTAP5-9,0.3114405639476357
CHRNA6,-0.05411003021147738
C17orf98,-0.002038177240681654
NFIA-AS1,0.09602650553877429
C9orf43,-0.01623196374622031
ITGB1BP2,-0.06266204431016789
RND2,-0.02862907351459918
CASP8,0.10871031218530036
COA6,0.03807101711984178
PPAT,0.017384420946629467
MED20,0.082574179254787
TYK2,0.1090910171198414
ZNF747,0.055790372608260565
CYP26A1,0.012060352467273522
NELL2,-0.0066972205438035545
MORF4L2-AS1,0.02168117824773724
PCDHB10,-0.02467595166162824
MXD3,0.011262124874121766
MTG2,0.06377196374622641
CPSF1,-0.16038380664652135
SORBS3,-0.14394483383685397
C12orf75,0.01646978851964115
GPR141,0.016979415911382342
WRAP73,-0.03507845921449816
ZW10,-0.002521238670691959
HDAC11,0.09523569989929714
SOS1-IT1,-0.2782359415911344
LRRC38,0.03253584088620656
RNFT2,-0.06336632426988587
LOC101928134,0.031933101711986586
ZNF473,-0.0681684189325245
SOAT1,0.04205840886203747
LINC00889,0.040846797583084474
HAL,-0.0028931822759283923
ZBTB2,0.025646283987919155
GNAI1,0.005469969788522919
AXDND1,-0.05836257804632124
NADSYN1,-0.018971017119835787
LOC728353,0.07394992950654838
CCDC144NL-AS1,-0.06666213494460874
KIAA1161,-0.10045521651560596
TFAP2A,0.011594582074524712
HLA-DQA1,0.182062658610275
C1orf116,-0.04508331319234335
MGAT3,0.009483403826790082
MYO18B,0.02290705941591443
C7orf73///SLC13A4,0.18617079556898453
PRO1848,-0.044667915407851734
POU5F1B,-0.08910923464249432
DGCR6L///DGCR6,-0.08474385699898929
C21orf62,-0.010262527693854075
LOC286177,-0.022993695871094913
RAB27B,-0.02743539778448799
LOC100130175,-0.023791137965757103
FAM213B,0.023910735146025257
EPHA5,0.0051097381671732015
LMAN2L,-0.06896588116817387
ALKBH1,0.013347180261835873
LOC652900///SEZ6L2,-0.13941198388720713
PSENEN,-0.02593296072507159
ACACB,-0.07365396777441824
SLC38A7,0.12482245720040601
RCAN2,0.12784432024169473
KIR3DL2,0.035250946626387725
TTK,0.02835880161128223
SLC22A16,-0.020105206445112943
RPL7P12///RPL7P32///RPL7P24///RPL7P20///RPL7P26///RPL7P23///RPL7P58///RPL7P8///RPL7P48///RPL7,-0.03678941591137666
MSL2,-0.013307885196371452
LDB2,0.17431245720040572
PODN,0.029438338368583013
MYO9B,0.04155118831823186
APOOL,0.03580787512588414
LOC100131053,-0.0410870493454149
MRPS12,-0.13665199395770003
ANKRD45,-0.09661581067471953
LOC105371708,-0.042706767371597745
LOC100506406,0.014860704934544403
ADAM7,-0.03620880161127579
STON2,0.006145377643507585
ASRGL1,-0.03478360523665326
LOC100130648///SSX2B///SSX3///SSX2,-0.03938710976837538
NPRL3,-0.09776992950654283
CRK,0.010194118831825978
GPR22,-0.01611271903322964
LOC730184,-0.009746022155082664
AQP12B///AQP12A,0.05545576032225899
PLEKHG6,-0.03098884189324996
STUM,-0.04445660624370329
TBXAS1,0.054480040281976776
APPL2,0.027735810674726226
MFHAS1,-0.010057401812685371
GPX7,0.011838821752269135
IGHG1///IGHA1,0.001437019133940759
GPRIN3,0.03889332326284295
LOC100130349,0.07200501510574281
GUSBP3///SMA5///SMA4,-0.010238459214498133
SNCB,-0.0580560221550826
ZCCHC9,0.051441258811684945
PDE6D,0.04834071500503801
DOCK3,-0.01614792547834551
EMILIN2,0.061323957703930586
LOC100129899,0.002913141993961227
GAGE8///GAGE12F///GAGE2A///GAGE2D///GAGE12J///GAGE12G///GAGE2B///GAGE10///GAGE2E///GAGE12I///GAGE7///GAGE6///GAGE5///GAGE4///GAGE3///GAGE2C///GAGE1,-0.19751679758307858
PSMA8,-0.022499697885193334
CCR8,0.03574589123867389
LOC101927523,-0.1152621450151025
TMEM255A,-0.05588069486404516
ENTHD1,-0.12728348439073206
KIAA1107,0.12993221550856232
SLC6A14,-0.060418106747227286
CDKL2,-0.02917071500503236
C15orf31,-0.00045440080563656157
ESRP2,0.00526654582074812
FABP3P2,-0.013075861027187052
TXK///SFTPB,0.04129469284995261
OR2L13,-0.0014893152064420294
TBX10,0.09077291037261076
TYW5,0.009396163141996525
LOC101927411,0.07375826787512876
PSMD3,-0.08563553877139643
SIRT6,0.054843202416920894
LOC101929153,-0.03214186304128569
MAP3K11,-0.031968207452162056
TEX15,-0.10110581067471998
KCNK10,-0.03376979859012734
ADORA1,-0.23171488418932135
RAG1,0.03227776435045591
TRBV16,-0.054671208459211584
ALG10B///ALG10,-0.03433385699898951
LOC644732///ATP7A,0.09532679758308471
SPESP1///NOX5,-0.07249502517623027
CYP4F29P,0.1185121148036278
ZNF85,-0.030138016112786256
KRT23,-0.06162177240684444
CNOT8,0.20278176233635753
DPYD,0.17915854984894572
UVSSA,0.17651228600201693
C19orf60,-0.1322712990936519
TPRG1L,0.11268201409869354
SLC1A1,0.05519486404834138
WFDC12,0.06293987915408117
NMRAL1,-0.14263645518630036
ARG2,-0.049286787512584834
ZNF358,-0.0016990130916387305
AMBRA1,0.007076847935552112
DPY19L2P2,-0.04384889224571706
RNF25,0.017757552870093868
LOC646014,0.04752476334340673
CMKLR1,0.0365402618328327
SOCS1,-0.13225019133937327
KRI1,0.04910555891238998
CCEPR,0.012258882175229632
PACRG-AS2,0.02983181268882469
LOC730057,0.0291316112789555
TMCO3,0.18776382678751585
LOC101926913,0.019831188318230743
SPNS1,-0.12420530715004688
WNT6,-0.026660916414901578
MACROD1,0.02819885196374922
LOC100131283,-0.02741989929506259
TNFSF8,-0.0206647834843875
MGAT4A,-0.03683728096676419
LOC644215,-0.0855566062437029
ACSL5,0.014141822759318759
ST5,-0.06443658610271513
GNGT1,-0.04981001007049063
RASIP1,-0.029882849949644227
C1orf74,-0.04098585095669385
DTNB,0.013352789526689928
CCZ1B,0.10466825780463494
SALL1,-0.1046715508559885
LOC642980,-0.04040344410875814
HIST1H2AK,-0.10242456193353197
ALMS1-IT1,-0.14065372608257465
ZNF484,-0.1209945619335314
RPL15P22,0.11393184290030471
OTX2-AS1,-0.03350051359516297
LOC105369477,-0.04558955689828474
ABCC2,-0.024645699899291995
LOC390933,-0.09259437059415579
NOP9,0.021122598187314066
PCDHB17P,-0.0013883484390705692
SAA2,0.08578040281974074
CEP131,-0.056747180261829414
PLEK,0.03682119838872386
SRRD,0.1121407955689854
SAP130,0.10128175226586367
TNFRSF11A,0.038672356495471245
ZNF195,-0.016822779456189818
TMTC2,0.019379446122863152
SERPINB3,0.05204943605236954
RAD51,-0.043068761329301916
MLX,-0.16889334340382295
LINC00486,-0.03349497482376336
LOC728830///CCL3L3///CCL3L1///CCL3,0.04267676737160447
CLPTM1,0.009703695871100568
CENPA,0.0073280966767404615
TCAF2,0.09019764350453432
INSC,0.05006735146022431
ADAMTS18,-0.13913718026182886
LOC390998,0.008302175226588604
OR2H1,0.009246314199398815
TYR,-0.022375025176230644
ID2-AS1,-0.01091572004027909
LOC105376805,0.10079115810674946
CCDC87,-0.07853130916414554
LOC100131040///TRIM36,-0.11387879154078322
LRIF1,0.09685188318227866
CCL8,-0.08973662638468982
TBC1D8,0.013680916414907075
LOC105375677,-0.005022165156089812
DDX28,-0.08343080563947272
NLRC5,0.059741540785501444
ZNF705G,-0.05758718026182981
SPRY4-IT1,-0.026900211480359676
ULBP3,0.07684854984894565
PPARGC1A,-0.02052391742195045
ZNF674///KRBOX4,-0.03270232628398469
PRKCB,-0.04089976837864761
BTRC,0.0643073514602249
SKA2,0.02876460221551199
CMTM4,-0.08438357502517244
LOC644617,0.011326525679761222
NFKBID,0.02800209466264131
POT1,0.07540236656596508
MTTP,-0.09226832829808312
HDC,-0.10935409869083251
LINC01555,0.015428418932531027
LINC01003,-0.029838831822756377
ZSWIM2,0.03025239677744524
MPV17L2,-0.05466136958710638
SLC25A41,-0.05443327291037009
PTTG2,-0.064302497482373
LOC100132207,0.07311939577039575
TEX11,-0.07635578046324004
ZFP28,-0.04651025176233274
LOC400541,-0.00314527693856672
ALDH1L1,0.019375397784493875
PRR18,0.02099556898288263
DDT,-0.07522017119838462
LOC646268,0.024530795568985908
WEE1,-0.19505018126887844
LRRC37A4P,-0.03242423967774073
PEG3,-0.0671964652567941
AGBL5,-0.07013252769385357
LOC654188///LOC643997///LOC440063///PPIAP31///LOC402644///LOC391532///LOC342541///LOC256374///LOC202227///LOC131691///LOC128192///PPIA,0.018747069486407614
SLC12A7,-0.08828465256797272
SOCS4,0.0874201208459246
LINC01532,0.068439637462238
SKA1,-0.01851973816716703
RNASEH1,-0.007085639476330341
SPATA2L,-0.04931341389727813
MAP3K5,0.001732366565964899
LOC100130100,-0.019868217522655315
NSMCE3,0.011323131923467256
FLJ41455,-0.024511097683783484
ZBTB41,0.06770838872105017
CALCA,-0.0013493051359483015
ID1,0.21569501510574268
C4orf17,-0.12109650553876797
CRYGC,0.10598906344411169
PARN,0.08359201409869432
B4GALT3,-0.04414238670694538
GLP1R,-0.0944435347431994
LOC652637///WHAMMP2///WHAMMP3,-0.0770750553877105
ARSG///GK3P///GK,-0.06143313192346084
PIGO,0.013960835850959918
LOC101928820,-0.026984733131920693
SMIM17,-0.012530634441084619
ITPA,-0.01947060422960359
RNF128,-0.0020411983887182045
D21S2090E,0.10454179254783753
SLC7A6OS,-0.02289333333333006
VGLL2,0.0941941087613321
SOSTDC1,-0.05312246727089331
CITED2,-0.05418407854984564
CSPG5,-0.026512809667670403
TRIM7,-0.015396052366562744
MADD,0.10871880161128168
ACYP2,0.03234347432024493
SPRED3,0.10988056394763535
MCRS1,-0.06376581067471945
EGFLAM-AS2,-0.008510855991940661
OVOL1,-0.09288885196374297
TMED6,-0.055869667673712806
HOXB13,0.031809315206447905
PLCL2,-0.0237778549848911
DYRK3,-0.06524877139979499
LHFPL4,0.055800543806649186
LINC01560,0.08116340382678985
CORO6,-0.04219143001006681
DDA1,0.03437038267875442
APIP,0.013151641490435826
ZNF57,-0.08766863041288739
FAM83A,-0.06636405840885841
PTPRG,0.0987880362537788
CACNG8,-0.015749506545818012
VRK2,-0.03355412890231227
LOC647131,-0.052132044310168324
AATBC,-0.20236303121852592
TM9SF4,0.05419852970795886
ZNF335,0.05996735146022425
FOLR2,0.13456562940584357
AUNIP,0.08512548841893564
EFHC2,-0.03780630412889934
OTP,-0.06285385699898995
LINC00397,0.0044399899295093255
CST1,0.09841860020141263
FPGS,-0.008759989929504053
TECTA,-0.04794934541792201
TNR,-0.010278992950651607
FSIP1,0.02757069486405149
ADGRF3,-0.05983952668680474
TLL2,-0.0712801510573986
ZPLD1,-0.021273957703924387
MAN2B1,-0.1373665659617278
TRPV5,0.0034443001007078387
NEIL2,0.015271127895270187
PRIMA1,-0.09662963746223233
GATA2-AS1,0.04858166163142273
GRIA2,0.0008199395770424945
IGHV4-31///IGHM///IGHG4///IGHG2///IGHG1///IGH,0.1769001309164175
ANAPC1,0.0953967069486428
HYALP1,-0.023701601208456047
LINC01208,-0.02704178247733848
POLR2A,0.051261903323265745
LINC01104,-0.07130433031218242
PSCA,0.07071321248741445
HECTD2-AS1,-0.04559957703927214
CHRM3,0.010058771399801424
LOC644135,-0.0506027391742162
LINC00343,0.054481802618331146
SH3D21,-0.02047413897280651
RSPH10B2,-0.02514618328297788
CECR5,-0.0834550553877105
ARMC2,0.014093353474323098
NPNT,0.05344061430010334
DHRS1,-0.08140660624370238
CDH8,-0.0037137260825750125
ACP5,0.12136339375629716
ASB14,0.05659553877140164
UG0898H09,-0.025013967774417716
FMC1,0.008388912386710162
OCLM,0.09324172205438358
MIR21,0.2449013997985929
LOC105372779///LOC100128198,-0.06307466263846596
PCDHA10,-0.01575216515608941
ZNF709,-0.014604662638466284
LINC01257,-0.02406979859012794
UNC5C,0.0515429607250779
PATL1,-0.03552444108761036
ELAVL4,-0.020567039274921352
LINC00558,0.038256334340385424
AZGP1P1,0.08660711983887434
GUCA1A,-0.207272900302111
ZNF239,-0.1477419536757273
ATL1,0.039434964753275806
NFAM1,-0.1506894360523628
POLR3E,-0.053305015105736486
CLMP,-0.009246968781466955
C16orf71,-0.17224559919435706
LOC644669///ANKRD30BL///ANKRD30BP2,0.029029637462238647
MGC16275,0.024397421953678885
GARNL3,-0.05627141993957352
VTCN1,0.05025802618328596
S1PR1,0.0775556495468307
GPSM3,-0.0018954884189300442
SREBF2,-0.022450916414901226
ATG4A,-0.023711701913390545
HLA-DQA2///HLA-DQA1,0.04005395770393047
LCN10,-0.11141170191339073
EIF4E3,0.0158244511581099
LIN7A,-0.043881258811678675
HUNK,-0.041384068479352165
LETMD1,0.009675347432027859
ZNF850,0.045698418932530634
ZNF132,0.0009997885196401934
PHF13,0.02262231621349737
ABCC3,0.07531002014098988
MATN3,0.01838009063444343
ZNF862,0.15977645518630706
SPSB4,-0.0917186908358476
WNT3,-0.0246473313192317
LOC114224,-0.023648892245716688
B3GLCT,-0.04917875125880836
ACSF2,-0.04397164149042945
NCR3,0.028332346424977423
LOC728997///ACSL6,-0.008768680765354371
SFRP1,-0.02150745216515309
LOC100506368,-0.008173202416915323
C5orf30,0.05657496475327603
LOC729810,0.006156022155088394
UBE2CP4,-0.006699385699896414
SLC36A1,-0.0011564954682749054
FBXL16,0.005415387714001463
WDR63,0.006510030211483428
LOC105376379,-0.03491129909365264
TRMT5,0.030873856998996068
CSTA,0.030094310171201358
GSDMD,-0.02485100704934251
ZNF571,-0.05691677744209166
GPR34,-0.1279077442094623
LOC100134077///ADCY8,-0.034366052366562594
KLF4,0.011545327291040512
KCNJ16,-0.05680639476334004
HAPLN4///TM6SF2,0.08884133937563163
TFAP2B,-0.04684007049345115
BAZ1B,0.03268351460221869
MXRA8,0.019580926485401245
BHMT,-0.10384038267874773
NXNL2,-0.012592205438063102
FBXO10,0.02137184290030504
IL17RA,0.07374379657603496
IGHV4-31///IGHM///IGHG1///IGHD///IGHA1,-0.021634521651557784
EPB41L3,0.027780080563950746
LINC01231,0.04299926485398098
SSNA1,-0.015002739174216323
P2RY14,0.009946485397787376
FGF4,0.04891578046324557
DAGLA,-0.15335911379657308
PGBD3///ERCC6,-0.06330767371600873
ANAPC7,-0.024233434038264376
DPH3P1,-0.04567089627391458
FCN1,0.03584615307150327
NUP62CL,-0.03714590130916126
SGPP2,-0.12071575025175871
CPS1,-0.01929918429002714
PRND,0.02865552870090916
TAF5,-0.04214767371600872
CR1,-0.023030906344408103
CAP2,-0.06274334340382326
IPO13,0.025383937562943285
IFNA6,-0.005811651560923697
SRRM3,0.007305055387716974
TSPAN33,0.20998440080564246
TEP1,-0.03634306143000693
PGM5P1,-0.025909315206442157
LOC102724938,0.004478368580063279
SLC26A6,0.14873137965760486
STAT5A,-0.1124782477341349
LOC101927278,0.004639043303124734
LOC100134937,0.045283252769388826
LOC100130288,-0.037948147029201226
IFNW1,0.020735206445118323
LONRF3,-0.015232547834841015
PTPN1,-0.005690825780459541
NLGN4X,-0.020595991943602156
LOC101927869,0.012140000000003037
RIPPLY2,0.09883908358509873
CSRNP2,0.0318073514602252
MAP7D3,0.09328945619335655
MORN4,0.10237551863041548
EPHA4,-0.10783205438066126
PGR,-0.08070101711983568
RARS,0.019871591137968676
PCDHB8,0.014824149043306194
LINC00202-2,-0.10477464249747896
RARRES3,0.03079907351460544
ATRN,-0.04015231621349091
WFDC2,-0.055242849949644984
MYH1,-0.03772515609264555
ZNF319,0.08441869083585403
BMX,-0.0015334743202390644
ZFP1,0.07429326283988213
PPFIA2,0.017818197381674717
ITPRIP,-0.07107186304128499
CEP55,0.015993262839882436
LINC01184,-0.009601278952665215
FAM162B,-0.03921474320241386
PARP14,-0.004730694864045343
GHSR,-0.006923786505535469
ROPN1B///ROPN1,-0.013100422960722263
TMEM45B,0.03309975830815984
COBL,-0.10478351460221197
CENPW,0.028411137965763427
POR,-0.09271957703927092
TRPA1,0.032552517623366604
KCNE3,-0.029937351460218253
HEXA-AS1,-0.030971077542796772
SYNPO2L,-0.008188328298083442
AREG,0.014215105740183994
HSD17B8,-0.01965808660623994
LOC100129444,-0.03472243705941262
CHRM5,0.009748952668683534
TAL1,0.037489597180265
LOC100133660,-0.006382648539775403
KIR2DL4,-0.01588233635447868
CFAP44,0.011581943605238967
BCL9,0.020792809667676677
ZC2HC1B,0.023252366565965285
ZNF551,0.060421621349448895
C14orf93,-0.014037814702917067
MTMR7,-0.04040851963745952
PEX2,0.06064692849949963
CIB2,-0.031043182275928474
LOC101928389,-0.07211664652567674
HSPD1P4///HSPD1,-0.04217893252769085
FASLG,0.003598247734141892
CASC23,0.016431248741191215
ZNF112,0.008116344410879231
KCNQ1OT1,-0.05155552870090316
SMARCC1,0.059389305135954876
FLJ12825,-0.004645951661628628
PRRG3,-0.012157905337358605
RPL7P12///RPL7P24///RPL7P20///RPL7P26///RPL7P23///RPL7P8///RPL7P48///RPL7,-0.07070385699898983
KLHL11,-0.001305065458204649
PIH2,0.032680886203426865
ELOVL7,0.02733276938570279
HLA-DRB5///HLA-DPB1,0.0029632024169210375
EGFLAM-AS4,0.013421943605239926
C16orf54,-0.05946422960724763
FAM95B1///CYP4F59P///LOC644587///FAM95A,-0.015889506545817444
PATE1,0.044057119838874725
B3GALT1,0.008351248741191149
FLJ41278///TBC1D30,-0.0001600302114773619
SOD3,0.286664642497484
SMG7-AS1,-0.1347994058408829
PLA2G7,-0.0146286102719001
RBFOX1,-0.058701973816713854
LARS2,0.06253597180262148
MMP20,0.0144670191339408
MEPCE,0.01962400805639858
TMEM221,-0.05669435045316925
LINC01186,-0.019117260825777485
MIDN,0.044254672708966006
ANKHD1///EIF4EBP3,-0.03026850956696582
FBRS,-0.05180029204430737
TOLLIP,-0.03961979859012757
TPPP,-0.038180201409866346
UGT2B17,0.01748587109768643
LOC644620,0.03644855991943883
SLC52A1,0.037976404833839524
TTTY7,-0.16077016112789227
DUOXA1,-0.03605101711983541
C1GALT1C1L,0.006575146022157953
LOC100131540///SHC3,0.064065015105743
ADH1C,-0.020142789526683646
RAB35,0.008798620342399725
SLC8A1-AS1,-0.03753577039274615
OR1J4,0.031299828801614415
LOC728613,-0.025052094662635596
CSN1S1,-0.02023291037260533
LOC100130503///ARPP21,0.0126638066465284
TOX2,0.010419859013094786
ALAS1,-0.008214753272907327
KCNJ6,0.0491584592145041
FGL2,0.06388245720040589
LOC401324,-0.02986939577038949
SLC3A1,0.03949623363545111
LINC00844,-0.033193071500500576
MAP7D1,-0.15369350453171754
RNF152,-0.029922769385696685
LOC440871///IGK///IGKV3-20///IGKV3D-11///IGKV3D-15///IGKC,-0.063516827794559
HERC2P1,-0.024365287009060203
MUC7,0.035630332326286596
EGFLAM,-0.046572416918425424
LOC101927870,0.036148972809670575
LINC00403,-0.04444533736152752
SELO,0.024710352467273815
HOMER2,0.037256314199398496
CYLC1,0.08063980866062702
LOC401098,0.07328536757301406
LINC00896,-0.0346880563947603
RDH5,-0.0645210372608227
PFKFB2,0.004907260825782966
FAR2P1,0.012131379657605496
SHE,0.04263966767371916
PC,-0.15638576032225254
TSHZ1,-0.033621339375625864
DIAPH3,-0.027152487411879936
LOC101928418,-0.01966487411882907
TERB1,0.0017457401812717294
FAM85A,-0.007577139979856026
C2orf73,-0.034425075528698036
CALML6,-0.030432175226583317
DNM1P35,-0.020829536757297804
C5orf49,0.03139725075529025
LOC729224,-0.1138576636455148
PIGZ,-0.05130163141993653
CAMKK2,0.0015220342396807252
BARD1,-0.03064160120845577
RFXAP,-0.12051769385699582
CERS6,0.044878408862037485
WDR55,-0.08786230614299793
METTL23,0.08453695871098033
ZKSCAN4,-0.034587885196371584
LOC613037,-0.0576312789526657
G6PC,-0.021354068479352454
TESPA1,0.06449845921450459
STS,-0.06904474320241379
LRRD1,-0.020099133937559865
MPZ,-0.027167482376633294
ANO4,-0.008830684793552146
VPS25,0.02772939577039607
PPM1D,0.043066878147032
INSM1,-0.030683514602212438
FGF7P3,-0.025633675730107698
EGLN2,-0.21160278952668232
PRR5-ARHGAP8///PRR5,-0.07708603222557577
SARM1,-0.05760918429002734
PGAP2,0.006736898288019558
GHET1,-0.25204968781469805
LINC01600,-0.02364097683786208
JAKMIP3,0.016283141993960408
GTF3C2,0.03436099697885546
PARP9,0.07107296072507858
CA4,-0.125559989929503
LOC100131402,0.10946397784491758
LOC727901///VWA1,-0.13874215508559568
NCAPH2,0.03541495468278212
TMEM218,-0.11554771399798275
GPR83,0.003300070493457267
ATP6V1E2,-0.019871278952665536
PROX1-AS1,-0.013892729103723425
DDX19A///DDX19B,0.05302827794562286
MIR34AHG,-0.019378710976834853
LOC101929147,-0.09479707955689509
MRPS16,0.04299545820745526
MAL2,-0.01225858006041973
SPRYD7,-0.007500855991940593
ACOT1///ACOT2,-0.009956767371597619
MNS1,-0.007436827794559089
MSC-AS1,0.048703303121855876
MAPK8IP2,0.19821388721047586
FUT6///FUT5///FUT3,0.03773096676737442
TMEM213,-0.021234531722051277
STK24-AS1,0.11747598187311434
SLC6A11,0.021933726082580908
NUP210,-0.11471963746223253
ZNF93,-0.05432211480362188
CTNS,-0.13634245720039978
C2orf50,0.027032930513597835
HNF4G,-0.02521406847935246
MGC12935,0.058245548841895714
EGR3,-0.009087119838869208
ABCA8,-0.028697371601205057
PAK1,-0.017473877139976474
LOC100132552///HGD,0.031302306143003666
CRH,-0.011342739174216625
MGMT,-0.042978902316210155
RPS6KC1,0.01821215508560206
MED19,0.1810734944612311
TDRD6,-0.013422175226583503
TRAF3IP1,-0.020591158106744237
ADAM15,-0.04204265861026826
SCRN2,-0.12341343403826471
PFN4,0.014238831822761672
VGLL1,-0.13425174219536412
KRT4,-0.050676636455183506
IL34,-0.02622477341389401
LOC440934,0.005841137965763431
BRMS1,-0.017587371601205264
A4GNT,-0.0007247230614275139
SH3TC2,-0.009145800604226977
LOC101927282,-0.05391075528700602
CLSTN3,-0.11114841893252406
CA8,-0.02867001007049049
ZKSCAN5,0.029697643504534903
TPPP2,-0.0022661127895239573
LOC101926984,-0.008678378650551058
CD163L1,-0.05649180261832535
CCNK,-0.027416052366562832
SPRR2B,-0.09369736153071162
POLD1,-0.009708610271900148
BRPF1,-0.07944821752265542
MOGAT2,-0.028143897280963517
GFRA2,0.044754753272913006
PCDHGC5,-0.01571432024168927
ZNF254,-0.07087546827794239
GAB3,-0.01465948640483035
FAM71B,-0.10308394763343065
EN2,-0.01946623363544519
SYP,-0.003168288016109591
EPS15P1,-0.07471832829808327
KCTD16,-0.06927577039274607
LMO3,-0.04667293051359184
NUFIP1,-0.040401248741184975
SPATA2,0.01915506545821054
OSTCP1,0.12876498489426247
FHDC1,-0.05937909365558601
GIPR,-0.04468704934541476
ESRP2///NFATC3,0.09371396777442409
PPAN,-0.22287774420946233
NSUN7,0.030830876132933633
GRIA1,0.0031340684793584594
NTRK3,-0.09460915407854648
SLC7A7,-0.040087583081567096
ZER1,-0.032847462235646524
TOB1-AS1,-0.24093633434037892
SLC52A2,0.013877905337364393
KIF20B,0.006089738167173156
SGCZ,-0.005361661631417037
LOC100130547///CYSRT1,-0.031045921450148287
CEBPA-AS1,0.059438368580063024
RGL4,0.01878199395770712
HEATR4,-0.0010174320241663898
EYA1,-0.00710180261832509
DNMT3B,-0.0028950553877110444
LOC101929312,-0.02448156092648254
LOC101927839,0.0529441591137992
HLA-DMB,0.026975458207455297
FMNL3,0.008774914400808874
RAB5C,-0.022354088620339507
TTC39A,-0.018076948640479915
PPP1R9A,-0.05637122860019842
TRAPPC8,0.17423092648540084
TREML3P,0.03516951661631707
MMP2,0.17259274924471646
CCL15///CCL14,0.15792658610272206
PHF5A,0.08206858006042624
IFI35,0.0111885599194399
RFC3,-0.04875962739173924
ZDHHC1,-0.04257520644511319
S100A11P1///S100A11,-0.014387432024165814
C8orf48,-0.026547049345414582
FAM218A,-0.08762094662638163
RGMB,0.08115995971802893
TSHB,-0.14302478348438757
CSNK1G2,-0.015604652567972374
CCP110,0.046132789526690005
ALPI,0.010970090634444568
KSR2,-0.028674290030208355
EEPD1,0.0006510171198413836
ZKSCAN7,0.03484136958711264
STRIP2,0.019872799597183265
RIMS2,-0.019301460221547884
CRKL,0.03838043303122194
PRKY///PRKX,0.15161553877140282
ZNF75A,-0.015708660624367387
TP53TG3HP,-0.06523060422960443
KRTAP9-4///KRTAP9-9,-0.027766263846925317
SERPINB13,-0.03571183282980523
UHMK1,-0.02158034239677422
IFNA21,-0.14478260825780137
BCL2L15,-0.009207653575021965
CCDC138,-0.03813066465256455
LRTOMT,-0.039533504531719166
SORCS1,-0.04473793554883891
PROM1,0.006917653575028285
LOC729652,-0.040334853977841915
LOC100134331///LOC100133862///LOC642131///IGHV4-31///IGHM///IGHG4///IGHG3///IGHG1///IGHD///IGHA1///IGH,0.007848519637465188
CDK15,-0.2155969486404806
TRIM26,-0.028685558912383745
METTL6,0.0005350855991974532
LILRA3,-0.02546025176233348
TRAV12-2,0.06442038267875431
TTTY15,-0.0722712185297045
INPP5E,-0.002139838872101776
PNMT,-0.0920545619335312
DBNL,-0.019872185297076073
HRH1,0.012037875125884917
OSBPL11,0.03585936555891553
COMMD4,-0.1210945317220502
C9orf135,0.020520896273920446
MARCH9,-0.091105085599191
ZSCAN16-AS1,-0.09258377643504201
SMIM4,-0.01627153071500123
THNSL2,-0.029949154078546272
AMELX,-0.07510150050352181
TJAP1,-0.03596453172205129
FAT3,0.04847934541792846
UPK3B,-0.001485750251759458
GSTA1,-0.01462219536756993
PIK3C2G,0.015294370594162124
B3GALT2,-0.006593625377640855
NFASC,0.0493901007049374
SAMHD1,-0.09936784491439773
RPS10P9///RPS10P4///RPS10P13///RPS10P22///RPS10P11///RPS10P29///RPS10P3///RPS10,-0.009905035246724082
CYP11B1,-0.03981328298086304
SPX,0.009767472306146297
FRG1HP,0.03408570996979141
MBD3L1,0.008821772406851128
NEK9,0.011552336354484265
SYT11,0.11420496475327559
UBE2NL,-0.009586032225576427
LOC100131655,-0.06440406847935194
AIF1L,0.01911379657603511
TCAM1P,-0.14941317220543443
CDH12,-0.001971671701910486
PHB,0.14343120845921764
RIOK1,0.04561169184290298
NHSL2,0.029121943605239904
AMN,0.051120795568985807
LOC101929718,-0.00984334340382357
SLC25A39,-0.11995110775427564
GSDMC,-0.05759888217522362
ALDH5A1,0.007806435045320217
ARL2BP,0.11024403826787844
ZNF641,0.04940400805639754
MYCL,-0.022740966767369062
SALL4,-0.011344733131920214
TMEM132B,-0.05304970795568692
IL12B,0.021283152064454223
ACP6,-0.13758751258811264
RXFP1,-0.03900350453171866
LOC105369507,-0.03480270896273629
TMTC4,0.0010928700906376043
PTTG3P///PTTG2///PTTG1,-0.09310261832829489
RBM33,-0.10204767371600862
HIST1H2BH,-0.02867153071500267
STRADB,0.07555799597180582
MATN4,-0.13176423967774137
LOC100133918///NCOR1P1///NCOR1,0.0013955891238703055
LOC100132784///LOC100132357,-0.033335850956693974
DRAM2,0.08198756294058746
C10orf128,0.047159677744212446
MBD5,-0.06617858006041956
CDH22,-0.020340312185294075
HNRNPA1L2,-0.03398702920442812
NOVA2,-0.07191296072507267
RARG,-0.15650016112789134
PRR16,0.0016223766364579645
PAQR4,0.004817865055390652
SSTR1,-0.011167019133934555
VAV1,-0.01527599194360224
PRR34,-0.07946344410875866
C19orf25,-0.05969686807653268
PITX2,-0.059055901309161093
C7,0.08939172205438325
LIME1,0.024053786505541394
GLIPR2,0.008134169184293688
HYLS1,-0.03199017119838603
OCR1,-0.06188357502517272
LOC100130100///LOC652493///LOC650405///LOC647506///IGKV1-5///IGKC,-0.09010561933534443
HIST1H2BD,0.06147504531722335
LOC286059,0.010476696878149845
ADH6,-0.11150528700905965
E4F1,0.008605508559922481
LOC200609,-0.029048700906341193
RNF26,-0.0017712084592115158
LOC284788,0.05056935548842166
ADRB1,-0.004624420946623452
LOC101928273,-0.06739448136958406
LOC729143,-0.02144774420946361
SLC35F6,0.04132539778449415
SLC7A13,-0.02129156092648221
LOC100129406,-0.06382850956696548
PLTP,0.09106740181269153
STK17B,-0.023893826787509037
TTLL7,0.06055731117825064
LINC01580,0.025064410876135833
PRKD1,0.042868016112792444
MYOZ3,-0.019923262839875847
SUGT1P3,-0.07760356495467982
TMPRSS5,0.055755458207454534
TLR8-AS1,-0.13027682779455899
ESYT3,-0.01268928499496173
NLGN2,-0.04355593152064134
DKFZP434A062,0.02166877139980189
KDM4D,-0.0010212487411852267
LOC101929657,-0.044019697885193415
LOC729324,-0.01934496475326966
OTULIN,-0.05192367573010749
DPP10-AS1,-0.18080998992950348
UNGP2,-0.012211943605233436
PAX4,-0.045244249748234405
MIXL1,-0.13298323262839506
RNF212,0.025386485397787158
TMEM68,0.023437915407857557
ANO8,-0.010085709969785701
LINC00347,0.05133709969788834
RPL23AP82///RPL23AP7,-0.11889096676736799
LRRN3,-0.020877220543803587
TPSG1,-0.017885508559916392
IFIT3,0.11750431017120139
MOB3C,-0.024701631419936414
NR4A1,0.013787945619338965
FERMT1,-0.018688267875123295
RNPC3///AMY2B,0.12978840886203716
LIX1,-0.14050354481369204
RIT2,-0.09935427995971478
LOC100132798,0.014065307150053087
LOC100133019,0.016910674723064675
ASIC2,0.0381601510574049
CSMD2,-0.01990099697884937
STXBP2,0.09369821752266178
LOC440896,-0.06272456193353179
GOT1,-0.023457432024165573
TTC29,0.020525055387716873
ETFBKMT,-0.02322872104732806
RSPH1,0.07295945619335642
NT5C3B,0.09264654582074874
FAM217A,0.00011183282981193365
IGSF8,-0.00925641490432719
TGFBRAP1,0.010630906344413752
MAP2,-0.04151146022154742
ZNF563,-0.026735518630409613
MIR155HG,-0.017302729103723137
AFF2,0.011382296072510437
MYOM3,0.07348741188318494
FLRT3,0.04577633434038486
TMEM203,-0.03017480362537449
LOC339978,-0.03008498489425679
LOC349160,-0.0056261631419909225
KLHL1,-0.049555589123864076
JMY,0.06893158106747516
HOXC-AS3,0.031176626384695736
FNDC4,0.0024069385699924117
FAM46C,-0.0794528298086571
PPP2R5D,-0.026313877139976904
LOXHD1,-0.019475800604226365
CENPF,-0.07719626384692538
GPR135,-0.018346576032222704
EPHA2,0.0679089728096706
LINC00622,0.07435559919436263
MED25,0.011302296072509821
MCTP1,0.0050789425981906805
ACOX3,0.0010504128902346583
PERM1,0.06591435045317481
CRCP,-0.00024902316213213337
GUSBP1,-0.04307610271903023
TIGD1,0.021958187311180925
LINC01227,0.007305367573014074
ALS2CR12,0.01225496475327538
RASGRP2,-0.022994290030208607
SCN1A,-0.0955301812688792
OSR2,0.036939566968784095
PTGER1,-0.06590661631419564
LOC286087,0.046889647532732164
FGA,-0.08336462235649245
LOC285389,-0.04245454179254464
LINC01297,-0.021566535750248764
RBMX2,0.02391335347432333
METTL4,0.0669373917421984
MIPEP,0.0522887915407884
NANP,0.03553697885196671
ADRB3,-0.0001522658610249028
TRIM28,-0.027066837865052762
TCP10,-0.00029317220543516233
CLN6,-0.028692175226583107
MYL9,0.03292666666666996
GYS1,-0.12198992950654236
ENPP4,-0.0028608962739143026
LINC00536,-0.01835106747230343
E2F4,0.0380792749244743
LOC105377105,-0.03691033232628083
LINC01088,-0.04309475327290754
SYNPR,0.027026193353477505
STAM-AS1,-0.007584058408858908
CCDC124,-0.13536611278952315
LOC100128239,0.038584441087616106
C7orf31,-0.09083932527693517
COL5A3,0.009350553877143508
MFAP2,-0.140204541792544
VNN3,0.08717766364552122
TAAR1,-0.008513655589120685
IRF5,0.059530362537766834
RUNDC1,-0.103463323262836
FRMD7,0.02763565961732371
MGC34796,0.01910961732125127
KDM1B,0.031771581067475234
CLTB,0.009635709969792017
LINC00917,0.06519507552870377
LOC100506497,-0.11188872104732786
SLC13A2,-0.007868821752262917
KDM1A,0.1073948942598221
IFNAR1,-0.00707684793554593
IKBKE,0.0447637361530747
CARD16///CASP1,0.0920504632427018
PTPRB,-0.016891470292041463
MDS2,-0.037558026183280156
PSAPL1,-0.056485579053370566
ZNF479,0.005662356495471428
ASB17,-0.02944279959717691
LINC01209,-0.020300654582071292
TAS2R50,-0.14690792547834478
LOC100505609,-0.030889989929503564
LHX8,0.00030707955690157523
LOC100132735,0.033824954682782064
KCNA5,-0.060100936555888385
C19orf45,0.06492051359516879
LOC731157,-0.00184515609264577
ERICH3,0.00375798590131202
PSD4,0.07299609264854261
ZNF366,0.02261444108761637
LAGE3,-0.017857613293048302
UGT2A1,-0.02082974823766085
RAB3D,-0.04044398791540461
ITK,0.06595700906344673
CLHC1,0.02624696878147304
LOC100134089///PPP2R3B,-0.20563923464249415
MIEF2,-0.045732296072504036
LL22NC03-63E9.3,0.027550956696880995
ARHGEF38,-0.0009759919436025284
TP73,-0.1051388217522623
CCDC74B///CCDC74A,0.11907623363545099
LINC00326,-0.06854306143000698
CSTF1,0.034970211480365186
LOC152225,-0.0015294259818700957
SLC16A9,0.047089546827797785
IRF4,-0.028958892245717124
RANGAP1,-0.05445193353473937
LOC100506730,-0.008008992950651756
SEC23IP,-0.04608271903322925
PRH1-TAS2R14///PRH1,-0.015927381671699208
LOC100507642,0.049603172205440846
CELF4,-0.06737555891238377
SFRP5,0.1924364753272923
SCARNA17,-0.10003967774420666
CLDN9,0.08871228600201679
SFXN4,-0.03887072507552572
GUCY2F,-0.03419900302114483
GNRHR2,-0.028181883182273146
LOC283177,-0.11069367573010683
ATP6V0B,0.009064330312189367
LOC105374366,-0.11250935548841492
CFC1B///CFC1,0.006052698892248173
FAM107A,0.16375789526687107
LOC727916,-0.02088666666666364
GLIS1,-0.15448765357502192
DHX8,-0.03451147029204144
LINC01111,-0.012778056394760238
LOC101928751,0.058626052366568704
LOC100507557,-0.0856284793554855
FAM171A1,0.036046928499500155
TIMM22,-0.06383147029204096
ESAM,0.060821238670698
CROCCP3,-0.06738718026182955
ATG13,0.04948795568983179
ARID4A,0.07022061430010346
LINC00276,0.02617455186304416
NSG1///GPS2,0.11613885196374885
LOC286238,-0.014782416918425884
LOC399900,0.027047079556901055
IGF2BP1,-0.04460503524672381
SMG1P5,-0.07371592145014755
OLR1,-0.03587419939576715
ADAT3,0.05865995971802869
FCRL1,-0.11831253776434689
KIF22,0.020926324269892237
RTTN,0.050507673716014445
DCAF11,-0.060067482376633036
CYP3A4,-0.06903196374622037
RNF121,-0.033615085599191435
SSC5D,0.12188930513595433
PRKACG,-0.02555580060422667
LOC100130987///RAD9A,-0.02741975830815386
LOC643194,-0.017583836858002903
STX10,0.1363850352467296
TTLL3///ARPC4,0.02975471299094025
TSPAN7,0.1064493756294086
ANO2,-0.005403091641487698
ADAM20,-0.06382180261832515
PLG,-0.030039828801608076
LOC728105///LOC643670///LINC01000,-0.007255709969785633
LOC100129562,-0.042816324269885964
SERPINH1,-0.015053403826784561
CCDC66,-0.021241077542797006
FMN1,-0.017187039274921816
ANKS4B,-0.04145575025175921
SNTN,0.0073549446122889925
TNFRSF1B,0.055111137965763765
PRR5L,0.048215438066468184
LMTK3,0.020752084592147967
OPRK1,-0.12746618328297793
NKD1,0.08701313192346685
PCNT,-0.0361673212487384
MFSD7,0.0868041188318254
CCDC112,0.06288491440080868
GPR87,-0.011924370594155922
CYP4A22,-0.10638078549848595
IFNL3,0.010863766364554439
PSTPIP2,-0.0685886706948613
NRF1,0.03233997985901614
GPR173,0.0200005639476366
ZNF880,0.037533061430012914
LINC01007,0.010518157099700921
LINC00528,-0.019585417925475673
LOC105376292,0.005424833836860996
RASSF5,0.009239647532732341
SLC48A1,0.009801822759318096
SNX20,-0.04417705941590816
TMEM189///UBE2V1,-0.06320463242698524
TMEM268,-0.025648479355485074
NPSA,0.0038585095669716324
ENTPD5,0.055764994964755885
ALKBH7,0.0431972205438096
TADA1,0.052646414904332875
NDUFA11///FUT5,0.04520326283988341
TEK,0.12197182275931803
PQLC2L,0.028340906344413858
ATP7B,-0.020592920443098663
TBC1D14,0.05041859013091953
ZDHHC18,-0.060719566968778185
RPLP2P1,-0.05024770392748934
HOXD10,0.009209365558915222
EFCAB5,-0.08351692849949324
TSEN15,0.15362158106747564
MS4A12,-0.131696414904327
PGAM2,-0.053496394763339936
GADL1,-0.0611878751258781
TARBP1,0.04750107754280314
ZNF235,-0.03141675730110468
PHF7,0.032342557905340616
TAF7L,-0.10022243705941294
PRR4///PRH2///PRH1///PRB4///PRB1,-0.08418782477341032
EID3,-0.019016384692846996
ADAMTS4,0.08695111782477617
FLJ26850,-0.046205065458204395
UPP1,-0.08487795568982512
AMT,-0.12075346424974465
FAM27C,0.027549657603225287
CFHR3///CFHR4,-0.037951208459211155
NOD2,-0.030115931520641216
CCDC169///SOHLH2,0.04673507552870365
PCDH9,0.056586787512590137
CHAC2,0.02873188318227888
ZBED3-AS1,0.06315268882175493
GRIN2B,0.028923504531724417
PUS7L,0.027927482376639418
SLC35B2,0.01637189325277305
GATA4,0.04603904330312475
CABS1,-0.008066646525676718
TRIM71,0.0021062940584117926
NOL12,0.06464245720040565
NANOS1,0.050278519637464616
LILRP2,0.020085287009066213
IL1A,-0.031186283987912528
ARL16,0.18262778449144257
SLC26A4-AS1,-0.14737581067471942
TRMT10A,-0.05620264853977526
APOE,0.15829883182276275
ADGRF4,-0.06496252769385358
LOC646762,-0.11938839879153756
LOC101929224,0.021235609264856965
RPL7L1///WAC-AS1,0.11450192346425273
TMEM163,0.028423877139982692
NPIPB4,-0.027346163141991085
LOC283484,-0.07448291037260558
THAP7,-0.08858745216515265
LOC100130648///SSX2B///SSX2,-0.12225418932527408
HPYR1,-0.06563627391741889
CCDC160,-0.042905891238667455
TCHP,0.1641475629405867
LOC100128727,0.002082286002017139
ZNRF4,-0.02369364551862771
ARHGEF16,-0.04387034239677451
DSCAM,-0.047873293051355986
KREMEN1,0.036849667673718625
ZNF10,-0.04598611278952311
C6orf118,-0.004622467270893422
SLCO2A1,0.1257151258811716
HS6ST1,-0.006416747230611197
SLC7A5,-0.08089131923463926
ERFE,-0.11960788519637092
MARCH3,0.0059891742195397404
SLC19A3,0.023534058408865164
CADPS2,0.0526344008056424
CYB561D2,-0.011866968781467181
OR1E1,-0.009773343403823655
LOC105375075,-0.013546122860017128
LOC102723694,0.01612972809667995
EMILIN1,0.08791827794562235
CALM2,0.012692980866065517
RFT1,0.032838892245722916
PLPP6,0.05869129909365853
MYT1L,0.01926158106747533
HOXA-AS2,-0.0603537361530687
ADGRD1,-0.12063636455185958
PTMS,0.01447621349446458
FBLIM1,-0.03129968781469987
HRK,-0.016009758308153717
LOC285819,-0.03169252769385389
LYPD6B,-0.06730290030211165
CD99P1,0.04418957703927756
PLS1,0.01563671701913627
SPAG5,-0.0003468580060392995
KLK10,-0.19728119838871716
LRSAM1,0.09295500503524953
FBXL19-AS1,-0.07390709969788203
RNF115,-0.16587498489425617
PP14571,-0.004469003021145057
ZC3H12B,0.0009006747230641474
FOXS1,0.09528658610272214
NCDN,-0.027736273917418862
TEX22,-0.04961500503524376
ART4,0.040356998992953245
CCDC26,-0.033917472306140076
LOC100288860,0.03263492447130158
LOC729680,-0.014542406847932635
LINC00029,0.0022557905337391854
BTBD8,0.017349677744211867
PCDHB6,-0.05242096676736852
SLC28A1,0.06394767371601459
SLC15A4,0.03779816717019444
FAM20A,-0.05034343403826505
USP27X,0.04554741188318541
C22orf29,-0.04661155085598842
NRG3,-0.09019197381671407
C19orf47,-0.057896586102715225
THRA1/BTR,0.01277212487412199
FCMR,-0.05790218529707644
RNASE6,0.04422536757301454
MSL1,-0.043443685800600845
ZCCHC13,0.023173121852973745
SEMA3F,-0.01225421953675452
OPCML,-0.021397170191336114
CAMK2G,0.007695206445118577
LRRC75B,-0.05418420946626068
BTBD11,0.0979522860020171
XAGE1B///XAGE1E,-0.02966425981872795
LOC653071,-0.04371178247733821
PRICKLE2-AS3,-0.07169273917421633
IL17F,0.008518721047334074
APEX1,0.10507205438066784
KIAA1958,0.07196962739174459
PCDH8,0.03101975830816003
FBXL21,-0.004275256797579771
LOC100132319,-0.058025760322252706
MATN1-AS1,-0.020616837865052785
ITGB4,-0.15140169184289684
B3GAT3,-0.1481025377643465
POLD2,-0.15360245720039878
ACER2,-0.03858201409868777
LOC286052,0.06449978851964047
LOC286178,-0.05426284994964421
C14orf113,-0.006163212487408722
ZNF530,-0.009221873111779223
NRSN2,-0.041594239677741326
SCYL3,-0.05753461228599843
LOC105370943,0.3538908862034265
RPGRIP1L,-0.09125053373614961
EARS2,0.05113777442094957
ZNF257,0.004192255790536649
EQTN,0.02593908358509871
CACNB1,0.014592608257807393
LSM14B,-0.02887459214501209
CERS1,0.09063947633434283
KIFC1,-0.04713985901308833
CDH10,0.004810725075531222
CEP170P1///CEP170,-0.05907852970795282
LOC100128434,0.13112968781470552
C1orf186,0.05425497482376928
SP3P,-0.037357200402816766
ZNF589,-0.00453725075528432
FAM133A,-0.0539695065458177
PNMA3,0.06853271903323527
OR4C1P,-0.004462477341387286
AADACP1,-0.19801168177240308
TNFSF12,-0.23980531722054074
SLC11A1,-0.06000779456193047
ETV3,0.05062195367573308
TMEM40,-0.07105188318227298
MED27,0.008938116817726695
THSD4,-0.04428021148035927
MIRLET7DHG,0.06623326283988157
ABCA11P,-0.037762255790530816
SPANXA2-OT1,0.0062027593152095195
CMIP,0.1002895669687842
MCPH1,0.0067088116817757976
USP27X-AS1,-0.009181419939573988
BRK1,-0.0013486706948612412
CXCR6,-0.012720634441084622
NANOS3,-0.04715597180261511
LINC00588,-0.007860241691840058
SNHG24,0.05766281973817027
DGCR10,0.053960876132933065
NCAPH,-0.010914340382675303
LOC283454,-0.0031362739174192814
GNG4,-0.10307172205437751
CCZ1B///CCZ1,0.0887649748237697
HSPA4L,-0.0008912990936527296
LINC00853,-0.04269986908358188
CHRDL1,0.11692818731118071
FAM174B,-0.06296804632426634
TRIM52,-0.011358418932524539
GABRA5,-0.03005692849949322
IGLV2-14///IGLC2///IGL,0.22772551863041546
LOC730034,0.00466580060423227
AREL1,-0.033064984894256355
PLAGL2,0.0012150352467301812
GNL3LP1///ERCC8,0.04947377643504889
ZC3HAV1L,0.08833878147029509
TNNT2,-0.01685567975830512
ADRA1A,-0.10137312185296792
BUB1B,-0.048453343403823936
TNFSF18,-0.0047459315206414485
MICALCL,-0.013288710976834994
FOXC2,0.07786312185297364
CASP1,-0.013390281973813693
SERPINB5,-0.02219737160120548
MUC3,0.032109295065461056
OR1Q1,-0.1548049446122831
DTX4,0.054276565961735
OVGP1,0.056122467270898535
C22orf34,-0.0682392145015073
NKIRAS2,0.015000543806649592
SMG5,-0.00282197381671414
MRO,-0.055180412890228556
EGFL7,0.039579687814706124
FLJ31356,-0.11642057401812345
LOC100131720///CC2D2B,-0.09611319234642199
CNTN1,0.041996666666669666
ALOX5,0.03667913393756586
C10orf53,-0.15476139979858672
ORC5,0.005335297079559952
DSCR4,-0.039749345417922174
MYH11,-0.023495176233632783
INPP5D,-0.049256213494457815
LOC100133409///ACTR3B,-0.003521913393753247
TMEM86A,-0.05847096676736868
ARHGEF39,0.02673711983887494
IL4R,-0.019237170191336375
TRIB3,0.059312578046326836
LINC00950,-0.01798554884189022
LOC101929261,-0.11758219536756936
SP110,0.02760048338368852
PPP1R13B,-0.10728058408861679
ASCC2,0.09374300100705275
LOC338694,-0.0757500201409839
PIFO,0.01206281973817009
LOC389328,-0.05441158106746971
ADAMTS3,0.017122477341392515
LOC100127998///SNTG1,-0.07232712990936267
SERPINB7,-0.055267895266865104
TFE3,-0.05738321248740867
ZNF599,-0.01139251762336023
MYT1,0.010605548841895879
LOC100130992,-0.06173010070493129
SDF2,-0.11892893252769027
CTAGE5,0.15451774420946918
TNRC6C-AS1,-0.08285471299093322
LGI1,-0.02126342396777176
MB21D1,-0.05746765357502219
RUSC2,-0.017849456193350183
CNN1,0.023709063444111327
TSC22D4,0.05673280966767605
CDRT4,0.0049892547834873915
LOC100128729///LOC731082///TLK2,0.010705981873114709
DPM2,-0.07378583081570628
PHACTR2-AS1,-0.048038499496472334
C11orf96,0.13587378650554163
PRMT8,-0.08246420946626062
WDTC1,-0.041142014098687674
IRGM,-0.036276535750248515
CNPY1,-0.10446622356495178
NPY4R,-0.10423319234642142
EPHB2,0.014206263846931341
LINC01410,-0.05830121852970496
LOC100505534,0.032703786505541725
HRCT1,-0.030479788519634423
DPP10,-0.04238155085598883
LINC01133,-0.019269184290027233
LOC729461,-0.01161143001006791
SEC14L3,0.09573871097684045
PSD2,-0.11040055387713675
LOC100129175,0.35701058408862274
CHFR,-0.010050533736150252
ZNF134,0.06849767371601463
LINC01242,-0.043722719033229954
GAS2,-0.03676166163141682
ZNF540,-0.029012588116814682
CFAP206,-0.05996557905337034
ATP2C2,0.03305286002014396
LOC389641,0.0004975327291067422
LOC100128309,-0.012439315206442182
MIR663AHG,-0.06533283987915083
RBM4B,0.0830896576032253
LOC101929133,-0.0759310775427965
LINC00879,-0.030097059415908456
MFSD2A,-0.005275146022152
CLSPN,-0.03168524672708671
CORIN,-0.023424300100701987
FTHL17,0.03369160120846193
EVPL,-0.06038748237663356
LOC727933,-0.05461302114803275
SNHG4,-0.12486376636454832
LOC107984534,-0.03479065458207092
TRIM45,0.030223987915410734
PRO2958,-0.013225166163139292
SOX30,-0.04817793554883904
KIAA0141,0.0435870694864079
APOA4,-0.002192739174216543
ESX1,-0.0527590030211452
CCM2L,-0.03287777442094335
PCED1B-AS1,-0.06767582074521311
EXO1,0.01768383685800906
CYP11B2///CYP11B1,0.034962366565964464
MANBAL,0.023180886203427314
LOC285000,0.02403825780463507
ST7-OT4,-0.024862426988919523
TRAF3IP2-AS1,0.08258781470292333
HDAC4,0.0173190030211507
LOC441242,-0.09225725075528385
ZNF225,0.03426127895267146
RPS6KA6,0.0004360322255817159
LOC101928047,0.03039522658610557
SPAG17,-0.005795901309160996
PRICKLE2,0.16619789526687068
MTFR2,0.007556868076538761
MROH8,-0.02939577039274619
NANOG,-0.08279154078549547
LIG1,0.011767995971805972
HOXD3,0.027814088620345588
RBM19,-0.001699627391739282
LOC652494///IGHM///IGHG3///IGHG1///IGHA1,-0.04689290030211139
ASPHD2,0.03885010070493691
C14orf39,-0.011677270896271033
ARR3,-0.018309335347429366
TLR7,0.051962054380667574
MUTYH,-0.06801190332325938
LINC00167,-0.058689103726079675
KIAA0319L,-0.07492280966767041
TMEM238,-0.07082956696877865
DISC1,0.0215991037260852
PRDM1,-0.04443989929506231
SLFN12,0.029471782477344534
PIK3R2,0.013785045317223563
GRK6,-0.054394572004025435
ZNRF1,0.02600816717019417
AARS2,-0.0009663846928468795
HDHD3,-0.11623370594158769
LINC00092,-0.24898766364551433
PCAT18,0.004142537764353214
PIK3R6,-0.024005266868073503
RAD9A,-0.011258056394760425
UBE2V1P2///TMEM189-UBE2V1///UBE2V1,-0.08126885196374274
LOC101928955,-0.06307486404833518
GAPLINC,0.03131335347432297
LINC00488,-0.03199575025175942
STAU2-AS1,0.0552675125881195
ANKUB1,-0.13833989929506235
SAMD9L,-0.07036747230613992
RHOV,0.08097639476334632
LOC101928505,-0.010122004028194456
LINC01351,0.03794152064451459
LOC101928207,-0.011687210473310285
CREG2,0.03964606243706245
HSPB7,0.0838015105740205
C16orf78,-0.06804248741187992
PLEKHO1,0.024082487411886268
ABHD14A,-0.05451124874118511
PTH,-0.08077955689828467
ASB9,-0.06897410876132648
PAQR5,-0.0015376435045288683
MGAT4C,-0.02295156092648255
LOC100240728,-0.009444330312182263
PTTG3P,-0.08063619335347176
CD28,-0.013893514602212137
NACC2,-0.0707786606243668
C17orf51,-0.00837278952668375
XRRA1,0.019669244712993278
TEX41,-0.03221506545820451
LOC151121,-0.027252557905334193
C2orf81,0.02472112789526962
OR2A9P///OR2A20P,0.03308957703927751
VANGL2,-0.11292771399798268
PROP1,0.10711661631420198
GAPT,0.022915005035250097
TTTY4C///TTTY4B///TTTY4,-0.007037875125878161
BBOF1,-0.02571819738166839
ASCL2,0.1089207250755312
ICAM2,0.17745871097684068
ZNF566,0.02731486404834125
CALB1,-0.03390097683786185
IL20RA,0.03361801611279259
PCDHB7,-0.02135044310170884
LOC105376997,0.02447487411883461
LOC101927877,0.041358177240687716
SPRN,-0.07837708962738837
METTL21B,-0.08441041289022846
LOC283713,-0.05085906344410544
BBS12,0.006779335347435238
LY9,0.004450281973819572
CCL28,-0.003535599194358169
GBA3,-0.018370976837862388
TNS3,-0.07278685800603918
RNF40,-0.05909398791540432
MID2,0.048918227593155186
SAMD14,0.028944974823769117
HTR2A,-0.01947166163141642
SYNGR1,0.05660034239677983
LOC101928201,0.005541208459217306
SLC45A3,0.05720243705941777
IL12RB1,-0.024813011077539776
KHDC1L///KHDC1,-0.02190881168176989
MSRA,-0.06839885196374351
LOC100130360,-0.12279220543806324
LOC101929319,-0.06495936555890908
GPR1-AS,0.02445694864048626
C10orf54,-0.06837173212487095
FGFR4,-0.042331299093652755
FSHB,0.0637252567975857
BMPER,0.05496014098691125
SAGE1,-0.0254222759315174
STGC3,-0.021853786505535433
HLA-DRB4,0.04295506545821083
SPAG5-AS1,-0.05923105740181028
IQCF5,0.017876374622359296
FLJ31713,-0.03216852970795264
TJP3,0.055690352467273566
OSBPL7,-0.034395236656593255
TMEM232,-0.026909395770389873
UST-AS1,-0.04856077542799304
DUS2,-0.07284141993957408
SPATA16,0.03947111782477611
GRPEL2,0.06311923464250044
LOC100506606,-0.03978372608257502
BCL7C,-0.09193378650553469
LOC100130054,0.04673426988922727
TMEM30B,0.05871487411883466
AOAH,-0.143407421953672
FAM3D,0.006795941591140994
LOC105375026,-0.03916504531721715
HMOX1,-0.0650570090634405
ALPPL2,-0.08912007049345105
SIAH3,-0.03768991943604927
SFI1,-0.14813185297079196
LOC101928185,-0.06385034239677456
MMP24,0.0193521953675758
CASP5,-0.019094279959714813
LINC00477,0.005085830815713129
RAD52,-0.01411432024168913
LINC-PINT,0.0009634944612316593
DTL,-0.03721445115810301
RSPH9,-0.023570402819735742
LKAAEAR1,0.09970025176233942
TBC1D10A,0.008010443101715128
LOC729970,-0.025574622356492493
PAIP2B,-0.025998650553874153
PTCD2,-0.1529190533736114
LOC283482,-0.0038644209466234085
CD19,0.14712059415911632
TTPA,-0.0028177039274893258
C8orf58,0.0026779959718058743
S100Z,0.013882860020144251
KCNQ2,0.11426356495468515
TMSB15B///TMSB15A,-0.007399718026180311
ZNF300,0.06154674723061722
AKR1D1,-0.022890584088617206
MED26,0.10651735146022408
PCBD1,-0.039389788519634095
APOB,-0.026212235649544093
TP53TG5,-0.03421310171198078
TYROBP,0.13009257804632784
SLC4A8,0.037938731117827584
NFKBIL1,-0.023613091641487206
MAP3K1,0.06804847935549142
RCSD1,0.03407604229607523
KIR2DS5///KIR2DS1,-0.13385521651560642
ATF7,0.012001852970798275
LYRM4-AS1,-0.1964272809667637
LYPD4,0.029581842900304856
GPR160,0.0013727190332355355
GDE1,0.0683136656596204
TRPC5,0.005138026183286003
PRKCQ,-0.02350660624370257
DPY19L2P3,0.026169043303124438
PCDHGA3///PCDHGA4///PCDHGA6,-0.04261500503524368
OR10D3,-0.029336958710973735
BBS9,0.02083318227593451
PCP2,0.08232418932527995
TLL1,-0.05524568982879843
ACADS,-0.019920966767368535
DCLRE1A,-0.05607326283987644
MLST8,-0.15451715005034838
LOC728867,-0.013217603222554976
MYH3,-0.03846752265860698
CHST9,-0.013777301107751275
ZXDB,-0.05602666666666367
CCDC88C,-0.06018070493453917
GNAT2,-0.016884420946623374
GCNT4,-0.0017180060422930347
CPA6,-0.01823190332326006
KIAA1652,-0.025176777442091
DGCR5,0.09649400805639724
KCNC4,0.02022796576032518
DAB1-AS1,-0.0228057502517596
DNAL1,-0.00016931520644212356
C4orf36,0.013171027190335314
WHAMM,0.0650403826787539
RRN3P1,-0.015224118831819913
CTNNBIP1,0.1468611480362558
MYO18A///TIAF1,0.024611460221553152
C1RL-AS1,-0.1200713796575999
LOC93444,0.05674925478348716
AJAP1,-0.00587326283987658
STARD13-AS,-0.006588378650551077
TXNRD2,0.0016032527693883337
LINC00355,-0.05462754279959406
LINC01448,0.011481399798592792
SAA3P,-0.045296203423964905
ANKLE2,0.035194753272913264
CLTCL1,0.047358267875128354
MAMLD1,-0.014558831822755497
TOP1MT,-0.11307867069486074
GRK2,0.07306245720040548
GATM-AS1,-0.13569918429002692
RBMY3AP,-0.026540594159110767
BAK1,0.055017401812691935
BCL2A1,-0.0260983484390703
KCNJ9,0.09294476334340639
SNX33,-0.01996415911379315
LRFN5,-0.029537089627388727
LOC101927131,-0.048478821752262466
NDUFS7,-0.05195943605236364
GOLGA6A,0.09050140986908627
TMEM178B,-0.16179089627391374
ZNF816,0.006442376636457706
XKR4,-0.07920644511580718
ABCB4,0.06380344410876411
C1QTNF1-AS1,-0.020246918429000116
TFCP2,-0.059018277945616135
IGLJ3///ARFRP1,-0.015965991943602365
CDC37,0.03033659617321571
CEACAM4,-0.03628862034239377
MYCBPAP,0.011567069486407741
LRRC75A,-0.08743029204430708
ARHGEF4,0.05349568982880351
GRIK5,0.05464841893253097
IL7R,0.02227030211480655
GLUD2///GLUD1,0.011394572004031038
CCDC134,0.04999870090634728
MKRN3,0.022722799597183096
SPAG11A,0.09195482376636696
HTT,-0.039806948640480094
CYP3A7,4.7965760325236655e-05
RNPEP,0.10682568982880436
UGT2B4,-0.07027825780462951
KIR2DL3,0.013096717019137031
SPOUT1,0.035989274924473985
PCSK9,-0.011250855991940662
CHRDL2,-0.2672617019133898
SLC9B1,0.015010372608260734
FAM47B,-0.0028635649546797978
FRG2EP,-0.010562467270893178
HIKESHI,0.12118066465257113
TAAR8,0.007062275931523736
COPG2,-0.06788549848942241
LOC101927416,-0.1726194461228566
BID,-0.04750868076535471
LINC00907,-0.029135709969785463
KLHL41,0.012284249748240779
LINC00930,-0.08189101711983546
CFTR,-0.01806042296072182
TNNC1,-0.02338144008056054
KCNH3,-0.2685516112789484
KIF15,0.012261067472309047
BDKRB2,0.08884125881168461
CXorf36,0.00792341389728446
SAPCD1///MSH5,-0.08280664652567679
TMEM173,0.11198486404834104
CSN1S2AP,-0.0109737965760291
CARMIL3,0.0030241792547867075
ATP6V1C2,0.06396680765357775
LCP2,-0.021505720040278842
FBXL13,0.04124421953675987
LRRC3B,0.009327784491442753
CCDC110,-0.003933726082575003
HELLPAR///IGF1,-0.006582366565958942
IFNE,-0.1622285699899261
PTPRU,-0.037470553877136714
GIMAP8,-0.007619758308153507
CD274,-0.14925433031218244
C3orf30,-0.04089633434037962
FGF14,0.03061604229607521
LOC101928324,0.022493554884191934
OTUD3,0.011521178247737136
LOC729570,0.03699460221551115
NCSTN,-0.11041892245719703
TAL2,-0.08920741188317985
LAIR1,0.05001462235649823
IGLV1-44,-0.027219818731115005
TUBGCP4,-0.09234735146021864
ILVBL,-0.013350402819735329
WDR64,-0.019926505538768544
SULT2A1,-0.03952604229606941
ATXN7L1,0.057814239677747
CNR2,0.05287325276938874
ABHD17C,-0.005807230614297176
ARL15,-0.08663320241691502
OR10D1P,0.025947583081573924
LINC01087,-0.011064249748234556
LINC01056,0.012512799597183127
PI3,0.007877331319237721
NR1H2,-0.026310140986904984
PLCZ1,-0.09564892245719755
LOC728730,-0.03098581067472006
MAGEB1,-0.03177164149042981
MBOAT7,-0.03740174219536471
ADAMTS8,0.052156727089630456
DHX58,0.028109526686810576
LOC101928973,-0.029692900302112038
SIRT3,0.02703901309164468
ADARB2,0.02030862034239946
TCEB3B,-0.0020553977844885683
ZNF346,-0.06492843907351115
GINS2,-0.010794441087610136
C1orf112,-0.15382097683786178
DEFB118,-0.0430090433031185
NXPH3,-0.026895659617317928
MIR124-2HG,-0.07046822759314886
RAB6B,0.02763657603222759
RPS2P45,0.02519006042296347
LOC105370962,0.0959458308157127
LRRTM4,0.012907411883185312
DANCR,0.1350340986908391
CDC45,0.09813470292044572
SPATA33,-0.04274820745216193
ARPC1A,0.13231487411883497
NAA11,0.0027385699899321655
SLC30A10,-0.008071621349443316
CISD3,-0.007339949647529848
GPR39,0.014745840886206407
PGAM5,-0.007311127895264134
EPT1,0.021640493454182244
NEURL3,0.1077127995971825
C7orf33,0.12291820745216757
CLIC3,0.05558924471299315
BNIPL,0.008661560926488026
SERPINB9P1,-0.009476686807650542
UBE2U,-0.026923141993954743
AOX3P-AOX2P,-0.01882305135951351
FLJ42627,0.06493393756294327
COL4A4,-0.09640489425981597
ADAMTS9-AS1,-0.04850703927492138
TRIM66,0.008188368580063676
LILRA5,-0.04506426988922131
ZNF259P1,-0.01737445115810372
C12orf54,-0.09106619335347117
SH3GL3,-0.04645215508559593
SNORD89,-0.11337401812688455
MRPL54,0.012381852970798829
SMARCB1,-0.008716565961729046
ATP6V1G3,0.015584853977847868
KIAA0513,-0.006065276938566774
STAP2,-0.07928278952668362
CBX3P2,-0.06554890231621018
FCGBP,0.011575850956700245
SMG1P1///SMG1P2,0.03310814702920713
GATAD2B,0.03306687814703189
EFHB,-0.020478912386703883
TAF1A-AS1,0.06239373615307454
LINC00307,-0.006644370594156495
H1FX-AS1,-0.1058012185297049
SGCG,-0.05858989929506214
NEK4,0.05633099697885484
DHH,-0.11282813695870775
ADORA3,0.02313705941591402
C11orf80///RCE1,0.015591611278955416
FLJ37786,0.044054471299096606
PIN1P1,-0.18817881168176973
PFKFB1,-0.08051187311177921
LINC01213,0.03683461228600462
FOXL1,0.02718907351460562
LTA,0.12538413897281234
SMIM21,0.00941840886203742
WDR70,0.06141416918429295
UGT2B28,0.02936653575025472
WFIKKN2,-0.048217865055384376
LCAT,-0.07041179254783131
CASR,0.0004374622356519836
CHST2,0.0004225981873142229
ADAMTS12,0.002535891238673621
LOC100996419,-0.07036048338368216
ADAD1,-0.01877126888217244
ZNF732,-0.029510493454176293
BTN2A3P,-0.049546273917418907
ZNF343,0.03432778449144327
NTN1,0.017615035246729846
SLC6A9,0.0247081873111813
GCNT2,0.021246012084595076
PRKG1,0.012895438066468305
TMPRSS11D,-0.03632556898287739
DNAH1,-0.0001277945619305562
C20orf166-AS1,-0.06592936555890945
ATP2A1,-0.06070699899294754
HIST1H2AI,-0.05396037260825475
INSL4,0.06752538771400116
EFNA4,-0.009954521651558124
CCDC153,0.08011471299093909
LOC102724449,-0.04845782477341075
LOC554174,-0.001183111782474433
LOC100128661,-0.03037658610271604
GMIP,0.08719916414904612
LDLRAP1,-0.1273758710976799
TAF4,-0.03913041289022855
LINC00271,-0.04337281973816405
C1QTNF9B-AS1,-0.03616209466263554
SPC25,-0.0857541993957675
IGDCC4,-0.07947591137965401
TMEM199,-0.01118945619335034
DMRT1,-0.003591883182272857
ARHGEF9,0.024942165156095226
LOC100506860,-0.015280634441084805
ARID5A,-0.009048942598184007
C3orf36,0.03751399798590403
SMR3B,-0.05779353474319956
LOC105375875,-0.009904773413894605
LOC101927849,-0.08186672708962447
FNTB,-0.1283930110775395
ANKRD20A11P,0.07634145015105992
EXO5,0.011027804632429635
STK31,0.004752245720042995
LOC100133920,-0.0005759113796548788
ZNF671,0.06126910372608545
LOC101927657,0.029484310171201646
STMN2,0.013719738167172896
TSPAN17,0.015727190332329055
LOC729446,0.07562423967774723
SP2-AS1,-0.004754551863038477
ZNRF2,-0.04817390735145735
GEMIN8,-0.03311381671701619
LHX6,0.1106624572004059
AGR3,-0.02759145015105447
LOC729776,0.0006020342396805406
LINC00115,0.004318157099700731
GABBR2,-0.13868358509566606
POM121,-0.002244320241688906
FBXO25,0.12808824773414204
B4GALT6,0.11169790533736419
LOC107985971,-0.020886112789523875
USHBP1,0.04795997985901561
KCNE4,-0.009403383685797358
PCDHGC3,-0.14688567975830497
CCL23,-0.02462407854984623
TEX12,-0.022990322255787482
LINC01618,0.03400786505539069
FUT11,0.023542296072510564
GFI1,-0.017926696878144063
IFI30,0.11830519637462572
TRIM15,-0.019907633434035454
GGT7,0.031765810674725475
CLCNKB///CLCNKA,0.061696052366568783
LOC646588,-0.09238808660624007
LINC00476,-0.06666195367572701
ORC6,0.014824420946629467
NTN3,-0.062033001007046756
CCDC61,-0.17092258811681466
EPB41L4A-AS2,0.07294436052366851
NDC1,0.019814974823769482
COL22A1,-0.05807615307149794
LINC00841,-0.057039556898285104
ESPN,-0.08123781470291702
KIAA1644,0.031203494461231676
DEPDC1-AS1,-0.04599974823766055
CBX2,-0.12003484390734828
LOC648998,0.11146416918429292
MUC16,0.010505035246729898
RBP5,-0.05164691842899988
LOC401442,-0.00961865055387414
LINC00305,0.02122671701913722
PHKG2,-0.07338054380664326
KIZ-AS1,-0.010999556898285148
ASB15,0.023389103726085485
C18orf12,-0.01617708962738844
CCDC157,-0.03986911379657297
BVES,-0.017874431017116846
GPR45,0.01659652567976107
STX19,-0.0668792749244683
TNN,-0.1486679254783451
PCCA,-0.012033393756291075
CAPZA3,-0.017446858006039796
GRIN3A,-0.07672860020140665
REG4,-0.10354403826787169
TTC13,-0.16136746223564602
MOSPD3,-0.06992592145014807
NEFM,-0.013947623363541627
GXYLT2,0.0650832930513624
TBCCD1,0.07438451158107065
FCRLB,0.013133162134947307
MMP16,-0.020409305135948623
MYH16,0.0025505639476366
AAR2,0.01421118831823108
JUP,0.03375788519637741
LINC00242,-0.018101258811678428
LDB1,-0.04731044310170908
AASDH,0.10152921450151367
LINC01504,0.019473504531724927
USP21,-0.04734945619335104
AKIRIN2,0.04557433031218829
FAM117A,0.006990302114806883
OR3A2,0.059050392749247185
INTS1,-0.07995867069486066
ZG16B,-0.02800249748237399
GZF1,0.06135632426989222
VSNL1,0.02741188318227887
SLC47A2,-0.020382185297076735
TCL6///TCL1B,0.02572494461228907
LOC100131741,0.014931812688824597
NUDT1,0.008016988922460777
RASSF6,-0.08210676737159806
FOXP4,-0.013882426988919602
CA1,0.011613192346427693
YJEFN3,-0.03564595166162837
TNFSF15,-0.054908046324266775
ERV3-1,-0.050165025176230824
RAD23BP1///RAD23B,-0.024139657603219553
NUDT10,0.06664343403827039
FAM189A1,0.030450342396780346
LOC283214,-0.08557916414904042
ZNF542P,-0.0017340886203391845
SMIM13,-0.05696052366565679
LINC00619,-0.09691440080563633
IGHV3-47,0.025624884189328005
PANK3,0.020281963746226334
ZNF548,-0.007047935548838789
LINC01361,-0.019980563947630654
GRID1-AS1,-0.009725518630409984
SDE2,0.09710961732125159
KRT18P44,-0.061576334340379346
THAP11,-0.05011401812688494
BEND7,-0.004636022155082985
GLYCTK,0.050629778449147136
DUSP15,0.0898137865055416
CACNB4,0.024922286002016902
LOC101927450,-0.02504293051359223
AIM1,-0.009724088620339057
METAP1D,0.009540412890234468
GJA8,-0.06589992950654242
SLC6A2,-0.045182286002011206
FBXO32,-0.003619929506543197
ZDHHC15,-0.0022593252769356007
FAM83C,0.008651248741190977
LOC100653233,-0.04262808660624066
ELF5,0.03884930513595428
NDRG4,0.0417922255790565
NEB,0.0074052366565991005
ADSL,0.010581842900305274
LCT,0.009046314199398442
C9orf38,-0.031132960725072135
ZNF114,-0.03510364551862745
THOP1,0.05780353474320521
AFG3L1P,-0.051965085599191344
LOC101927339,-0.007229939577036524
LOC100506403,-0.03633147029204103
LINC01425,-0.09819661631419623
LOC100133471///MED15P9,0.036174813695873484
ESRG,-0.058596143001004436
LOC101927809,0.10512292044310412
LOC100147773,-0.018957663645515686
GNPDA1,-0.02616782477341037
FRMPD2B///FRMPD2,-0.05488468277945277
SCN8A,0.017881863041291975
LOC100507384,-0.07329924471298761
MAPT-AS1,0.050278247734141496
LINC01281,-0.026367573011074064
SZT2,0.04057735146022457
PALM2///AKAP2,-0.05626688821751994
FAM178B,0.056570402819740545
KLK14,0.08980986908358737
BCAS3,0.06992287009063707
TLR10,-0.09596234642497188
HIST1H2AC,-0.011489859013088369
IRF9,0.1137617824773446
CORO1A,0.014747109768381658
LOC100131480,0.05561113796576283
LINC00358,-0.05244228600201129
LOC440864,-0.08292443101711676
SFMBT1,0.019013897280969805
PARP16,-0.09341034239677429
THAP10,0.02288602215508863
C20orf144,-0.11825791540785144
C11orf97,-0.041971067472303
TOPORS-AS1,-0.05311917421953344
ARHGAP6,0.04386698892246009
LOC100130964,-0.02232209466263544
PHTF1,0.0021834340382706693
GALP,0.030315820745219383
DGCR6,-0.28491162134944126
PIP,0.023909748237666353
PVT1,-0.027465075528697917
ZNF649,0.023964662638472453
SIGLEC10,0.0019132225579078371
MAPK13,-0.19162115810674435
FHL3,0.014325508559922252
NAG18,-0.03344537764350135
CXCL10,0.0023426082578075456
ANO5,0.01449560926485691
DNASE2B,-0.014004954682776863
CD3G,-0.033657804632424404
TRIM67,0.030194189325279397
OR51E2,-0.06373788519637154
NAV2-AS4,-0.07626766364551538
THG1L,-0.025098590130912923
LOC728944///THAP4,0.023893997985904084
MAP3K14,0.09762395770393018
ABCG1,-0.010460090634437938
FAM221B,-0.14286022155085254
MLN,-0.1858841289023125
TBC1D31,-0.015001137965757236
LOC101928231,-0.01497476334340099
HTRA3,-0.05183460221550512
CDH6,-0.0033282376636428602
GAL3ST1,-0.07817502517623048
PCDHA2,0.01665342396777747
MB,-0.0934475327291011
CRB1,-0.011029859013089005
TBC1D7,-0.02296665659616981
ZNF74,-0.014820342396774749
ZIC3,-0.12736394763343112
CIB4,0.08926603222558185
IL12RB2,-0.059576928499493156
PPEF1,-0.011181601208455946
TFDP3,0.03221742195367864
MAP3K12,-0.015599234642494604
C1orf228,0.01944875125881404
FAM19A2,-0.07183097683786203
TRIM9,-0.10441599194360227
ST14,0.07568460221551145
ANKRD44-IT1,-0.018333212487408816
CDCA7,-0.04531665659617057
GLDC,0.008303645518633183
PLD5,-0.013875357502514521
PNLIP///COL1A2,-0.03210152064450859
WBP2///UNC13A,-0.19688399798589695
ADGRA2,0.06971070493454469
DSG4,0.004037129909368588
TREML4,-0.03309180261832516
DQX1,-0.020277009063441195
IQGAP2,-0.025018116817720745
ZNF33B,-0.19169387713997654
PCLO,-0.04408057401812361
ADGRB3,-0.02427396777441793
RAD51D,0.019872880161131104
USP30-AS1,-0.036430876132927795
RNF43,0.024812437059418924
CDH9,-0.0027261127895238137
SLC6A13,-0.02520538771399425
LOC553137,0.0020962739174247152
CFHR5,-0.005908690835848253
TRIM55,-0.015631973816714342
LOC101929511,0.025942386706951336
C4orf45,-0.019164471299090553
NSFL1C,-0.0790226283987876
C19orf66,0.016936122860023203
ANAPC15,0.01760783484390971
LOC101927967,-0.012372235649544063
LOC285043,-0.015191117824770426
TTC32,-0.03184166163141692
FAM196B,-0.08834660624370262
FHOD3///TPGS2,0.03259756294058687
KLHDC7A,-0.14014492447129567
PDZD9,-0.038873444108758155
RPAP1,0.07633025176233871
SUSD2,-0.036914531722052155
NLRP7,0.014542316213496817
GNAT3,-0.08294233635447787
LOC730631,-0.06729820745216214
LOC100131039,0.07308902316213739
DAPK2,-0.1364770694864019
ZBTB34,0.030483564954685474
LOC285181,-0.0307384592144987
ACAP3,-0.020962729103723002
LOC100131508,-0.08894043303121568
CLIC1P1,-0.10408831822758977
SERINC2///SEL1L3,0.02187434038268188
PRKX,-0.05314490433030852
LOC101928767,-0.01126452165155806
CLDN20,0.08714719033232901
LOC100128398,-0.016119174219533648
PCDHA1///PCDHA2///PCDHA3///PCDHA4///PCDHA5///PCDHA6///PCDHA7///PCDHA8///PCDHA10///PCDHA11///PCDHA12///PCDHA13///PCDHAC1///PCDHAC2///PCDHA9,0.012054753272913115
LOC339803,0.10283826787512793
TMEM120A,-0.0459409063444078
Dbpht2,0.02154558912387
LOC285422,-0.010722598187308412
CCL1,-0.03966407854984595
LOC100129624,0.0082870594159145
WTIP,-0.04127849949647273
PML,0.07063117824773672
CD79B,0.014348076535753186
FBXO27,-0.043094290030208496
TOMM34,0.014941007049348642
LOC153546,-0.03750710976837592
JAM3,0.0003638368580086756
CPXCR1,0.017397824773416552
POLQ,-0.0099388721047299
LOC286272,0.019974733131926447
MRVI1,-0.04303487411882908
ZNF354B,0.002557713997988237
LOC101928306,-0.02012885196374361
USH2A,-0.05289937562940284
WDR92,0.01346881168177571
LOC101929269,0.0018009869083613155
NMNAT1,-0.04353049345417635
KLLN,0.024600392749247628
COQ9,0.1253581973816741
LENG1,-0.14259867069486032
LOC105376100,-0.017660674723057934
ITPK1-AS1,0.01280706948640756
KSR1,-0.01779225579053066
ETV2,0.032014924471301956
AGO3,-0.07118249748237342
LOC284112,0.008415397784493683
LOC105379045,0.04916378650554187
LOC727961,0.024757069486407636
GP2,0.024407603222560817
ARHGAP36,0.03067627391742475
SPINK2,0.012826183282983737
MAGI2-AS2,-0.022827260825777747
C10orf113,0.005365266868079073
SLC34A2,-0.028035146022152402
MPP4,0.019097522658612587
FNBP1L,0.06765806646525986
BCL11A,0.020938761329307748
ZRANB3,-0.020884622356492633
RILPL2,-0.0104694964753244
JDP2,0.021981611278955163
LINC00494,0.020658066465259577
CLEC1A,-0.05757429003020774
FOXM1,0.031367804632430135
PSMB8,0.13818567975831103
SUPV3L1,0.02221082578046696
MRRF,-0.007677129909362479
HTR1E,-0.06430480362537434
TPTE,0.02037606243706204
PBX2,0.03308723061430277
SULT1C4,-0.01360982880160827
RHPN2,-0.027872698892242878
SLC30A2,-0.1856963041288991
LOC142937,-0.14015662638468962
DNAH11,-0.017030292044307088
SCN11A,0.009181651560929269
WISP1,-0.006973001007046231
FAM229B,0.13394513595166446
LOC100133583///HLA-DQB1,-0.12124343403826467
ZDHHC14,-0.04120793554883869
MYCNOS,-0.03150266868076268
ACTL10,-0.07122998992950373
ELP5,-0.06813509566968412
DLGAP2-AS1,0.03524750251762616
SMOX,0.033864763343406226
PTPRZ1,-0.022459123867066767
NEUROD6,0.029152749244715392
FMO1,-0.12907055387713742
IL12A-AS1,-0.022528670694861017
LOC105375483,-0.02945044310170898
ACKR2,-0.10732337361530415
HBG2///HBG1,-0.16287356495467875
TACR2,0.038366445115813594
NOSTRIN,0.07676337361530963
ARHGAP10,-0.004178368580057032
GP5,-0.04597125881167877
RALY-AS1,-0.07886587109768105
HAND2-AS1,-0.056259113796573265
BRCA2,-0.03577920443101407
MAP6,0.012823987915410864
RP1,0.004133877139982676
EPPIN,0.02349228600201713
PDE8B,-0.028797814702917687
ANXA6,0.025906354481372795
LINC00935,-0.015105659617318416
LINC00563,0.04205398791541051
ADCY10P1,0.014770010070496525
TMEM247,0.010488690835853527
CCDC77,-0.03503108761328991
CD86,0.009601510574021178
SIX2,-0.11870767371600967
SULT1C2,-0.09676076535749907
TMEM255B,0.0177822255790559
SLC25A22,0.006133967774424091
CBR3,-0.06127358509566602
CNGB1,0.0067709365558940825
LOC101928161,-0.011632638469282183
ZNF420,0.07873432024169445
OR1J2,0.056172457200405396
MTFMT,-0.03541214501510273
DAAM2,-0.002693615307146943
RASGEF1B,0.0387520140986936
CHGB,-0.0012129103726054823
ATPAF2,-0.005683514602212559
KL,-0.06984749244712679
MS4A3,-0.027676717019131034
FKBP1C///FKBP1A,0.02226324269889523
SLC6A20,-0.013049637462233046
CERS3,-0.006330090634437974
MRPL28,-0.1199590936555851
CD33,-0.011661711983884257
FIGLA,-0.12423451158106372
NAA30,-0.05122395770392465
MDP1,-0.04191452165155707
SIGLEC1,-0.0404382175226558
PSG5,-0.017385790533732993
TDH,0.012537935548844675
WNT7B,-0.04474831822758986
SV2A,-0.09998421953675365
LOC340107,0.022522698892248904
ZCCHC12,-0.11158041289022808
CIZ1,-0.1061132326283949
RTEL1,-0.006337321248738273
ARHGAP19,-0.03774491440080205
SAYSD1,0.017561329305139043
LOC101927286,-0.02480957703927171
C16orf46,-0.07017027190332002
ST6GALNAC1,-0.061294662638466155
SCRT1,0.0011743101712011934
MEF2C,0.10470056394763609
ZNF256,0.008854189325279694
BEND4,-0.08473127895266537
UBOX5,-0.07153448136958382
ZNF480,0.011772658610274708
LOC100133585///RABEP2,-0.028100382678748717
LOC101927502,0.042029788519640406
PHBP19,0.023771399798593214
CAV3,-0.05890253776434751
RCC2,-0.0704620241691809
SLC26A9,0.16546457200403067
BTK,0.026382799597183322
CLSTN2-AS1,-0.0626136858006012
PTPRN2,-0.01522103726082287
PILRB,0.05404046324270202
TMEM51,0.03973837865055705
GRAMD2,-0.03272021148035914
LEO1,0.03816744209466559
LOC105377938,0.012562024169187683
PSMB8-AS1///TAP1,0.11015885196374858
ZNF717,-0.03899959718025882
NOL4,-0.01381868076535497
RAI2,0.03170501510574299
GK2,0.010880181268884893
GATA6,-0.012044138972806985
KIAA0319,-0.036597995971799274
FLJ10232,-0.22977946626384368
LOC101927244,-0.043123192346421854
GREM2,-0.04398035246726849
LOC100131813,0.023121782477344168
PLXNB1,-0.027517653575022394
LAX1,-0.12344326283987564
DDX10P2///DDX10,0.020733826787515577
PLXNB3,-0.006092376636452528
TRPM6,0.0031678751258842723
HAGHL,0.03473833836858294
MZB1,0.008129556898290854
LINC01296///DUXAP10,0.007827774420949455
LOC105369860,-0.026671943605233686
LOC101928107,0.029582809667676596
ISM2,-0.0732516918428973
PHKA1,0.04319367573011403
GRIK1-AS1,-0.012499486404831055
LOC100131139///LINC01296,-0.08733895266867799
LOC100129038,-0.1205368580060393
PASK,-0.031175579053370435
ITGB2,0.03643685800604468
CDCP1,0.12958674723061658
FBXL15,-0.09370580060422615
EID2B,-0.048812366565958706
LOC105378828,0.11529223564954948
N4BP3,-0.05031049345417617
SLC25A40,-0.019998902316210966
GOLGA2P3Y///GOLGA2P2Y,0.018783111782480346
GSTT2B///GSTT2,0.06281888217522907
TRIM58,-0.023185317220540763
P3H3,-0.11636203423967426
ZSCAN4,-0.01018911379657314
NCR1,0.04986431017120125
LOC731852,-0.00978873111782199
TBX4,-0.0013398388721019457
SERHL2///SERHL,-0.01643213494460944
ACSS1,-0.01837208459214202
CCDC173,-0.0005787311178221122
FAM124B,0.035273081570999655
OR5L2,0.06800594159114061
TMPRSS3,-0.020591178247731483
EPHA6,-0.10565158106746945
MAOA,-0.006835498489423407
CEP19,-0.0004940584088589384
PDZD3,-0.007372074521649119
CAMP,0.06993069486405151
GDA,0.08337899295065758
CCDC38,-0.002052930513592101
USP35,-0.003843162134941895
SCTR,-0.007994944612282884
CCDC18,-0.013863041289020064
DKFZP434C153,0.06024961732125127
TIMM23,0.037943957703930345
FDXR,0.13393981873112
GPR20,-0.024010996978848852
GALNT12,-0.026861570996975788
DAPK1-IT1,0.01628573011077838
IQCH-AS1,0.046258781470294816
ZBED8,-0.006573403826784369
CCDC28B,-0.06873748237663296
LOC101928907,0.04401305135951977
LOC100130468,0.004624380664655503
MIR3663HG,-0.08928372608257462
KIAA1324L,-0.0019622658610245515
OK/SW-CL.58,-0.05062037260825479
MMP19,0.02239463242699172
ZC3H6,0.020240916414907724
COMMD1,0.10330806646525992
LOC284561,0.101576545820748
TMEM41A,0.08986191339375908
HECW1-IT1,-0.022134149043300425
LOC157273,0.01470746223565218
GC,0.00019227593152344388
ZNF598,0.08506970795569287
TAS2R3,-0.2192078851963711
FAM228A///FAM228B,-0.03741067472305806
DENND2D,0.0072819738167198625
DKFZp547J222,-0.008067703927489386
CYP2D6,-0.13356490433030918
CD79A,0.07098309164149308
TICAM2///TMED7,0.0719545015105767
DLAT,0.008566616314202545
UMOD,0.10641751258811923
PRPH2,0.11009436052366786
DDX4,-0.016910281973813945
PLLP,0.009236747230617112
TRANK1,0.011395619335350785
GNAZ,-0.12684344410875814
FAM155A-IT1,-0.012689889224568908
B3GALT5-AS1,0.04231158106747494
DOK3,0.057542799597183336
LOC101927257,-0.08945037260825485
APBB1,-0.012747089627388547
PDE6A,-0.18377111782476993
FCRL2,-0.016752386706945607
FLJ30719,0.0327156193353504
XPO4,0.0900285498489458
CYP4F3,0.048110644511583825
LOC100130778,0.009172678751261628
NICN1,-0.019426837865052466
LOC100131496,0.01268645518630682
LOC101928553,0.007865367573013943
LY86-AS1,-0.000773363544810661
LINC01252,-0.01427097683786226
ZNF746,-0.0027616112789496106
TAP2,0.023552235649549686
IFT140,-0.04143994964752966
LOC100049716,-0.018478157099694893
MREG,-0.07267845921449814
ZFAND2A,0.06928789526687118
SH3GLB2,0.07036241691843213
GDPD2,-0.08001989929506204
EGR4,-0.06969153071500203
ELMOD3,-0.0037443705941562766
MYOM2,0.08915998992950905
RFX1,-0.0015634138972781264
ENAM,-0.10907999999999715
LOC100506530,-0.011504763343400918
SLC22A15,0.026635689828804647
EPHX4,0.07021877139980126
IL13RA2,-0.15129076535749894
TUBA4B,0.006646958710979652
SWI5,0.052648841893256165
SPACA9,-0.0063734239677711475
LOC101929552,0.04078676737160396
ANKRD23,0.014260080563950821
HIST1H1E,-0.04750476334340037
SNTG2,-0.027008841893249723
AGBL1,-0.0432232527693827
MAGI3,-0.011248106747227517
MIR3681HG,-0.016403605236653653
C14orf80,-0.08141778449143697
LOC728904,0.028534712990939796
EHF,-0.017782396777439268
LOC283665,-0.0691275931520613
SHOX2,0.07001573011077761
AMER3,0.004331389728099621
NLRX1,0.02743576032225778
KIAA1661,-0.011796747230611047
HRASLS5,0.032322507552873
CA14,0.05391163141994185
ETHE1,0.06595115810675004
C1QTNF5///MFRP,0.008265115810677633
CARS2///ING1,0.007961339375632443
S100A5,-0.07737549848942267
ELAVL2,-0.023049436052363356
LOC646522,0.03681986908358789
LINC01260,-0.01547248741188027
UNC5D,0.02743579053373904
DRICH1,-0.05204933534742932
DHX30,-0.01826941591137647
TNRC18,0.020801792547837622
FREM3,0.04162808660624631
LOC100506071,-0.01652010070493154
C10orf91,0.055631792547837615
CIB3,0.06144135951661887
AP2A2,0.08094199395770654
LGALS3BP,0.021405297079559977
PKD2L1,-0.0765618126888188
RAB3A,0.04126742195367819
GRAP2,0.07646177240685029
ZNF155,0.001801087613295671
SLC35E4,-0.026045287009060503
DNAAF1,0.05378223564954915
EXD1,-0.0529477139979824
FGD5,0.08952171198389008
FBXL20,0.014369969788522664
LRP2BP,0.15963885196374833
LRRK1,0.07607160120846175
PURG,-0.04115192346424684
SEMA4F,-0.17355801611278596
DBIL5P2,0.01858458207452411
LMTK2,0.07967293051359818
GPC4,-0.04076936555890933
LHX3,-0.003396545820742499
DRAIC,-0.018258348439070267
LOC100130357,-0.08227572004027885
LOC101929705,0.005335438066468119
OLFML2A,0.23301291037261113
SLC2A2,0.03594565961732422
PARTICL,-0.006903907351457338
IFNA13///IFNA1,-0.2149516918428965
CHKA,-0.04551069486404512
B9D1,-0.08217533736152746
RASGRP4,-0.012582638469281711
FMO6P,-0.038073202416915274
ZWINT,0.00605990936556184
FAM9A,-0.004801198388717939
PPP1R16B,-0.0001307854984864687
DSCAML1,0.02247332326284253
C10orf12,-0.06225969788519303
PLK4,-0.011672366565959033
TEKT3,0.055614018126890895
TEAD1,0.0764633434038303
C1orf53,-0.00327119838871804
LOC101928978,-0.04674640483383448
CCDC94,-0.03392206445115513
SPAG1,0.07407567975831068
IL21R,0.004306143001010263
ZNF2,-0.09514880161127623
XPC,0.004454813695875082
MCEE,0.056013081570999906
PLIN1,0.012077724068481746
RCE1,-0.06409299093655298
RNF31///IRF9,-0.03863598187310888
LOC100130264,-0.046106092648537274
TNFSF13,0.04666073514602481
LINC01049,-0.053200604229604126
LOC101927516,-0.03994224572003703
KBTBD11,0.02110575025176513
ETNPPL,-0.11666060422960392
LYPD8,-0.044671309164146175
POU3F3,0.018033141993960864
CDKN2B-AS1,0.0036334340382708982
GZMB,-0.11452316213494111
LINC00592,0.0054524974823795015
LINC01607,-0.0070065458207426365
VANGL1,0.0012849546827826963
OR2H2,-0.005286586102716132
TESK2,-0.06803584088620054
PRIMPOL,0.17778775427996238
ZNF276,-0.028912416918426415
TRIM27,0.029770624370597423
CEP85,-0.024062819738164015
KBTBD12,0.05362059415911613
LOC101926967,0.004332608257807333
LINC01102,-0.002701762336351541
PRAMEF10,-0.05801480362537442
ESRP1,-0.04741754279959411
MAU2,0.0945107452165183
MCM10,0.01125262839879453
SMNP,-0.05882834843906991
TP53INP1,0.08303856998993239
BTN3A2///BTN3A3,0.08982371601208736
PTGDR2,0.0768719234642525
C1orf64,-0.025392829808657258
ABTB2,0.008129919436054817
KCNJ2-AS1,0.015549909365561946
DNM1P33,-0.011671369587107003
LOC387826,0.07553250755287247
INTS6L,-0.07251674723061083
LINC01537,-0.019161117824770188
SLC10A4,-0.011901178247731082
ZNF208,-0.012904330312182319
SBK1,-0.028409738167167544
C11orf42,-0.006919144008053696
CXCL3,0.02813757301108055
TRBV27,-0.07638206445115488
NINL,0.014292265861030648
SULT1A2,-0.003277099697882469
NDUFV2-AS1,0.028733182275934577
NACC1,0.07050070493454465
LOC727893///PDE4DIP,0.1746705941591168
TRPV1,0.009087804632429565
FAM83D,-0.05611873111782168
KCNH8,-0.009934521651558259
TLX1,0.03276871097684075
GUSBP2,-0.06392446122859718
GMDS-AS1,0.03720988922457514
OSMR,0.08261242698892529
LINC01616,0.018108801611281852
LACRT,-0.0007265961732093561
LINC00667,0.015318348439076392
AKNA,0.034042507552873066
GCSAML-AS1,-0.0020194864048309613
DMAP1,-0.055338751258808105
ANOS1,-0.06746169184289721
ODF4,0.05438293051359792
FAM43A,0.09160527693857232
GRM3,-0.04647383685800337
POC5,0.004273635448139759
UNKL,0.010335800604232413
CCDC102A,-0.04515255790533444
RNF157,0.04390800604229882
LOC440792,0.03408026183283256
RIBC1,0.03883063444109007
FUT10,-0.03127470292044027
FCAR,0.01866234642497787
FAM160A1,-0.03505462235649261
NLGN4Y,-0.05003918429002761
AQP9,-0.03793039274924161
LOC101930421,0.03125424974824063
APC2,0.01175315206445425
C18orf8///NPC1,-0.04922627391741849
RNF133,-0.04985406847935217
PXMP4,0.014580624370596124
CYP2A7P1,-0.036856263846925745
XXYLT1,0.08039588116817986
LOC285766,-0.026427190332323287
GSPT2,0.05273258811682073
NLE1,0.06991850956697183
GRHL2,-0.029494169184286836
PKP2,-0.011764441087609961
TVP23C,-0.08392633434037958
NME3,-0.1578892245720009
KIAA1468,0.013700664652571429
PPP1R2P9,-0.002731691842897392
FAM69A,-0.016133071500500203
ZNF157,0.025350211480365755
CYP2W1,-0.017648710976835118
CACNG5,0.027621097683789265
LINGO2,0.0164626384692879
ARHGAP9,0.07037364551863322
RFX5,0.009258348439077024
LOC100126784,0.024032940584090945
NIPAL4,-0.001519677744206551
WWC1,-0.017200221550853056
NBPF6,-0.04586418932527371
KCNIP1,0.019889989929509258
MED22,-0.03168468277945309
THEMIS,0.04113039274924745
ELL3,-0.1315593252769353
STAB2,0.011967119838875027
SRD5A1,-0.021599274924468073
FGF20,-0.07712762336354181
FANCC,-0.028321168177238083
SIMC1///LOC202181,0.0055339677744237065
IGHM///IGHG1///IGHA1,-0.027293373615304376
ACSM1,0.0730025981873138
LINC00261,-0.008644441087610394
GATA6-AS1///LOC728473,-0.2582450352467231
SCLY,0.1634833434038282
RPP25L,-0.07033462235649232
FGL1,0.031347341389731165
NR4A3,-0.020559184290026997
SPECC1,-0.0011918630412859014
DPYS,-0.021870060422957582
BVES-AS1,-0.04753538771399488
ABHD4,-0.07958711983886863
CYP1B1-AS1,0.0231281671701942
CNNM4,-0.0022897381671672518
CHRNA3,-0.08943979859012768
RFPL1S///RFPL3S,0.05805470292044561
S100P,-0.051886978851960766
CRHBP,-0.02139348439073198
TRAF5,0.08579263846928763
EYA3,0.06517279959718279
UCN2,0.07457341389728313
EIF1B-AS1,0.0031251963746251367
FBXO36,0.0042000100704962795
OLAH,-0.026609758308154242
EFHD2,-0.09836153071500182
C17orf78,0.028722608257807588
ZNF561-AS1,-0.051429133937560004
CNBD1,-0.029595699899291908
KATNAL2,0.004611057401815867
KCNV2,-0.0024163645518599786
NOB1,-0.06093441087612947
SBDSP1,0.012879436052369483
LOC100128612///FLJ12547,0.1118827794561964
VWA8-AS1,-0.022189738167167086
SLC39A11,0.07861596173212763
LOC401463,-5.9526686804516754e-05
EPC1,0.025892265861030443
ALDH8A1,-0.06057812688821472
KRT17,0.013416868076538583
LINC00410,0.028815830815712734
MYO5C,0.019278972809670863
DAPK1,0.08434039274924757
SERP2,0.008097230614303168
C10orf88,-0.019401752265857997
CBR3-AS1,0.0331650654582104
LRRC7,0.03358530715005315
ZNF702P,-0.0020033635448107774
PDYN,-0.021568539778446222
NAALADL2-AS3,-0.08914533736152756
LOC100421171,0.011293293051362365
XCR1,0.018179345417928646
MTCL1,-0.026411470292041377
ADGRB1,-0.047188912386704036
LGALS14,-0.06597786505538483
ARNT2,0.006443101711986456
LINC01314,-0.019532024169181213
LOC100126582///FGF7P3///LOC403323///FGF7P6,0.003747975830818831
LINC01204,0.008109073514605212
PROSER2-AS1,-0.0010387915407823814
LINC00514,0.007920443101714851
AQP2,0.012360563947636238
PHOX2A,0.046701258811684326
CADM4,0.003987693857001855
LOC100506470,0.05857787512588347
PDRG1,-0.04225637462235321
HIST1H2BJ,-0.0009031319234613054
HR44,0.0009290735146051422
HIRIP3,-0.12190913393755926
C19orf33,-0.024071419939574124
NUP210P1,0.00910425981873382
MAGEA8,-0.0011273413897251103
DNAH12,-0.010303474320238523
LOC100133811///LOC100133661///LOC100133484///ECRP///ZNF749///RNASE2///HLA-DRB5///HLA-DRB4///HLA-DRB3///HLA-DRB2///HLA-DRB1,-0.008121560926482724
RERGL,-0.02263295065457883
WSCD2,0.0309284592145047
DNAH10,-0.007368056394760696
C10orf82,0.007079204431020404
FOXF2,-0.2060351359516574
TRIM52-AS1,0.032052316213496745
TRERF1,0.03163340382679051
LOC339468,-0.07987861027190023
TPRG1,-0.0038814702920413127
HOXA6,0.03230601208459516
L3MBTL4,-0.03047030211480089
HORMAD2,0.06913826787512847
GNG13,-0.06454868076535503
HCG4,-0.0480664048338339
ASB2,-0.05867728096676418
SYN1,-0.047044149043300454
CLIC6,0.08152293051359807
TAC1,-0.11991586102718728
EXOC3L4,0.08005050352467545
LOC101929745,-0.049895760322252736
LRRC63,-0.023570110775425087
HLA-G,0.0891966868076565
LOC401433///NUB1,-0.19256496475326912
DOCK2,0.07388484390735407
LOC100133953///ADCY2,-0.03762546827794255
UTS2,-0.018726173212484487
FZR1,0.057184471299096276
LOC93463,0.006432678751261699
LOC652494///IGHV4-31///IGHM///IGHG3///IGHG2///IGHG1///IGHA2///IGHA1///IGH,-0.0037520342396749774
TRIM68,0.004614380664655141
LIN28B,0.0030729405840916194
GRM7,-0.05138764350452861
NUTM2B-AS1///NUTM2A-AS1,0.060345780463245624
LOC101928333,0.02945520644511869
ATP8B5P,-0.06758550855991667
SERPINB11,0.026173846928502137
LOC100134445,0.05074791540785727
LOC400620,0.006950070493457005
ISM1-AS1,-0.003925961732122084
KIF20A,0.0243088821752296
CEACAM5,0.018971903323265836
MAP3K9,-0.08507696878146728
LOC151878,0.0038915307150081575
KDM5C,-0.011496596173209788
ACTRT3,-0.04094082578046035
ODAM,0.034108640483386514
PLEKHM3,0.04216192346425304
RARRES2,0.1048683786505566
CXorf51A,-0.02932165156092368
TMEM151B///SPATS1,0.014717794561936181
RBM45,-0.018433272910369905
SYNE4,0.012823846928502292
SPATA32,0.002504028197384567
PLEKHA4,-0.12242872104732735
C15orf32,-0.024829425981870247
LOC1720,-0.1602872205438032
LOC285957,-0.006392406847932432
CFAP52,0.05945198388721308
REPS2,0.04016218529708261
MSANTD4,0.05833058408862318
LRRC66,0.010765186304131489
LOC105379362,0.0071582275931548825
LRP1B,-0.037741842900299305
DHDH,0.029660956696880507
ADGRE3,-0.02159062437059133
PNLIPRP1,-0.08958324269888876
LURAP1L,-0.07971983887210156
UPK2,-0.006657713997983018
TUBG2,-0.0729166263846899
COL28A1,-0.12434525679758066
DIRC3,0.025158690835853804
ZNF491,-0.0693372104733105
SEC23B,0.07383825780463557
LRP5L,-0.09466165156092324
ARHGDIG,0.07937271903323553
GABRG3-AS1,0.014739123867072275
LOC100128259///LOC346887,-0.01799748237663365
S1PR2,-0.017087492447126706
IL1F10,0.03760163141994242
IFNA10,-0.11946019133937254
SLC22A4,-0.003515971802615224
DGKH,-0.03317074521651287
C1orf101,-0.10611114803625016
TTTY9B///TTTY9A,-0.03489795568982572
LOC728475,-0.010536817724065551
ADGRG3,0.005546958710979514
METTL2B,-0.13599253776434733
MAP3K19,0.0013272910372636969
KIFAP3,0.13667946626385027
FANCD2OS,-0.2620196576032189
CSMD3,0.048958388721049906
GALNTL5,-0.016804310171195193
MLIP,-0.048391027190329464
ZNF527,-0.002941258811678761
IYD,0.008663997985904202
NFS1,0.0508871802618361
OLFML1,0.025449315206447665
KBTBD4,-0.006589697885193202
EFCAB8,0.05463362537764648
PTP4A3,0.04167572004028471
TTTY6,0.011268731117827578
S100A14,0.0023384692849979603
RANBP3L,-0.013408227593149115
LINC00310,0.0419821953675759
PAN3-AS1,-0.02844489425981573
ARSF,-0.1141166767371567
LINC00644,0.01781050352467553
APOC4///APOC2,-0.013235367573008
TUBGCP6,0.003685931520647414
TMEM27,-0.030869828801608667
LOC101929504,-0.13627915407854668
ZNF519,0.020428499496478004
SMG7,0.0625960926485429
TFEB,-0.04060352467270571
LINC01440,-0.09577169184289713
LOC100506274,-0.022907009063441217
LRBA,0.04870796576032578
ECE2,0.021562104733134746
LY86,0.021534108761332407
APOBR,0.051412416918431555
SPAG6,-0.04169485397784181
POU2F2,-0.09016026183282688
SLAMF1,0.01640208459214803
PRPF19,-0.05270055387713654
HDDC3,-0.08967166163141654
SLCO1A2,-0.037323806646522795
DBN1,0.05039854984894501
SNX31,-0.04043225579053083
GHRLOS,-0.01066712990936243
TRBV7-8,-0.043793464249745645
SNORA17B,-0.03906748237663338
LY75,0.006035025176236417
LINC00839,0.041087160120849064
FZD10,0.03960402819738514
STK10,-0.0010999999999972317
PRKAB1,0.08072283987915674
SLC16A6,-0.016075941591135064
SOX12,0.08004336354481634
TLR5,-0.0422490433031186
ANKRD33,-0.07998751258811371
LOC730168,-0.0494300805639446
ZNF572,0.10668679758308425
TUBA3FP,0.010332920443104814
INA,-0.026230664652564836
TPX2,-0.04886247734138599
LOC105374290,-0.028255770392746196
PLPP7,-0.10102471299093302
DEPDC5,-0.06251720040281662
LOC646241,0.01876798590131228
LINC00587,-0.0023769284994936656
TUB,0.04893962739174475
LRRTM2,-0.0006612386706922463
LOC101929488,-0.06294923464249431
GBGT1,0.04236966767371865
CCDC122,-0.1197456092648507
R3HCC1L,0.037544149043305705
IP6K2,-0.0261608257804605
LOC100505878,-0.046031973816713985
CSF3R,-0.09024293051359186
IL17RC,0.11203921450151338
LRRTM1,0.07866059415911603
L3MBTL1,-0.028400966767368536
IQCD,0.1255909063444136
BRSK1,-0.044089405840882986
IL23A,-0.0012970996978821075
ANXA13,0.0030969889224600027
LOC105371703,0.006024572004031177
SIGLEC17P,-0.10029096676736848
CCDC117,0.04450965760322589
GIT2,0.11992755287009316
CATIP-AS1,-0.1258352265860992
EVC2,0.0003259415911410976
GPR6,-0.03524634441087304
CTLA4,0.02176630412890536
GATB,-0.038947915407852
CDH26,0.1219492547834865
DARS2,0.012105508559922316
LOC102724708,-0.0226627190332298
LOC643733,0.01638146022155337
MYADM,-0.024562437059412384
DHRS7B,-0.06665798590130564
SV2B,0.015140392749247271
MGC57346,-0.06019384692849636
RASGRF1,-0.0698075629405812
ZNF584,0.009053967774423823
GJB6,-0.017793474320238825
LCN2,0.016825156092651474
CIITA,-0.1743325679758271
FXYD2,0.017430412890234392
LOC100134331///IGHM///IGHG1///IGHA2///IGHA1///IGH,-0.009329778449141027
CMTM3,-0.07724520644511271
SZRD1,0.06452880161128183
LOC643406///LINC00654,-0.054787009063441194
C5orf51,0.12481050352467556
SNCG,0.050899405840889166
APCDD1,-0.0495435850956665
RADIL,-0.06362863041288733
FAM209A,0.007296616314202342
P2RX6,-0.029399365558909745
DUSP9,-0.004715528700903644
IGHV4-31///IGHM///IGHG3///IGHG1///IGHA1,0.006303595166165889
NARFL,0.0013519234642523012
FAM66D,-0.06634814702920167
ASB4,-0.006994300100701975
SLC7A14,-0.061742779456190056
LOC727924///OR4N4,-0.0950803625377611
FAM120B,0.09879130916415171
PPP3R2,-0.14982132930513298
RPTN,-0.035171470292041485
TRAF4,0.01946655589124185
TIRAP,-0.03235797583081277
FAM66C,0.03568803625377909
DNAJB8-AS1,0.01134969788519963
OR2F1,-0.016809305135948478
LOC100131914,-0.032443434038264794
LOC101930105,-0.02791462235649248
KCNIP3,-0.09505777442094415
CT83,0.048375941591140614
NBR2,-0.03754127895266593
IGLJ3,-0.011759053373612532
PTENP1,-0.08593777442094401
C15orf52,0.020310966767374553
POU5F2,-0.0421485498489398
TOM1,-0.008261077542797285
KRTAP9-8,0.03326487411883461
DEFB124,-0.033788539778446806
LOC101929586,-0.0011625679758278003
LOC101059948,-0.026851611278949687
CCDC27,0.023281198388723806
PRSS27,-0.042178660624367544
RRAS,-0.12131996978851534
SLC25A3P1,-0.018192940584085566
C22orf31,0.00715107754280243
ASZ1,-0.04879430010070172
MAMDC2-AS1,-0.1531298086606211
NUF2,-0.006657784491436988
FAM167A,0.009399073514605158
AURKA,-0.0003157804632398179
STBD1,-0.050493232628395696
CX3CR1,-0.004339063444105652
KCNK15,0.23191204431017237
PGS1,-0.1399630815709946
C1QA,0.09781949647533078
EPCAM,-0.0610018529707924
LOC105373942,-0.04634695871097365
RS1,-0.006933927492444198
ZMAT4,-0.01976340382678421
DPCD,0.10211376636455496
FAM50B,-0.03512247734138654
LOC100507201,0.02308723061430304
LINC01500,-0.0074831218529676675
HAVCR1P1,-0.011191148036251012
INPP5J,-0.022361430010067698
HILS1,-0.10505723061429709
ARAP3,0.06733250755287298
LINC00557,0.02268747230614571
ST6GALNAC3,0.02465208459214782
CAND1.11,0.021022527693859806
ACPP,0.09242625377643715
LIAS,0.02709915407855274
HORMAD1,-0.05637273917421633
CMTM2,0.03224744209466589
TRBV25-1,-0.0014768076535722095
LOC286154,0.02539126888217787
ITGA2,-0.056097583081568224
CHEK1,-0.013670503524669642
CARD8-AS1,0.007269546827797248
LINC01619,0.0031400604229635427
TDRD9,-0.08471149043302786
DSG3,0.056225448136961204
LOC283485,0.039587552870093766
LOC401176,-0.046580251762333144
HAGLR,-0.0007787311178216391
LOC728613///RGS8,-0.13781315206444822
LYPD6,-0.018799516616311143
HOXA3,-9.836858005744797e-05
KRTAP4-3,-0.031659999999996975
B3GNT3,0.014017844914403263
DLGAP1-AS3,0.004397109768381389
ZNF470,0.01343772406848219
PTCRA,0.10877664652568214
C6orf15,-0.02897454179254525
LOC101929963,0.03960411883182539
C2orf71,-0.06164356495467983
MAN2C1,0.06690410876133195
KCNQ1DN,0.07575678751259068
LOC100133623///LOC649970///CKMT1A///CKMT1B,-0.0031795871097656248
FAM184A,0.008876183282983844
PTPRN,0.10188447129909625
DCC,-0.13280716012084273
LOC100507073,-0.0284456797583054
F11-AS1,-0.023664239677741263
MAST2,-0.03571467270895959
LOC100134695///LOC100132964///LOC100132080,-0.010577734138970028
SIN3B,-0.004858479355485609
RBM14,0.05987573011077861
SNX8,-0.05257624370593884
TTC22,0.010476938569992322
LRTM1,-0.011035156092645517
LINC01107,-0.06223473313192056
GABRA1,-0.044389365558909724
LOC647323,-0.04251271903322976
LOC101928386,-0.021537160120842676
OBP2A///OBP2B,0.01878686807653871
FICD,0.18328830815710223
LOC100129282,0.010880312185299904
FGF23,-0.07644087613292724
LOC101929977,0.06339266868076818
WISP2,0.11289607250755535
WDR27,0.09711048338368869
VEGFC,0.03381451158107044
TMEM119,-0.014258338368577005
BTBD9,-0.05037130916414658
RPA4,-0.010494461228597356
TTTY11,-0.014199627391739078
NR2E1,-0.011343393756291172
A2ML1,-0.04192022155085269
CRIPAK,-0.05808608257804282
FIG4,0.0649811883182306
MCM5,0.01525292044310434
IGFBP7-AS1,0.002256143001010076
LINC00910,-0.030113091641488357
GAN,0.004157099697887787
LDB3,0.06678092648540015
LOC400796,-0.017065327291034604
ELF3,0.0031625981873135978
NHEG1,0.07653128902316468
PTOV1,0.028702316213497368
SSBP3,0.03261060422961013
ST8SIA5,0.01818457200403082
LINC00867,-0.04326556898287727
WDR5B,-0.02529030211480065
CKS2,-0.0368783887210439
NRGN,-0.009914944612282761
SPATA25,0.055821802618330696
TBC1D24,-0.02183121852970482
LOC101929450,-0.0509523363544783
C3orf53,-0.05186849949647181
LOC101929288,0.04450098690836144
SEC16A,0.0017219436052401116
TIMM17B,-0.19898651560926095
PRKCD,0.023957059415914448
SPEF2,0.007400140986911189
ARHGAP23,-0.029953967774417153
TRAPPC1,0.053663635448139714
USP30,0.06607748237663928
INF2,-0.15657432024168816
YPEL1,-0.06583740181268564
NDOR1,0.016361460221553884
ENPP3,0.013524048338371605
LINC00672,0.11834702920443305
NOG,-0.06389406847935249
DDC-AS1,-0.038840151057398624
HRH4,0.030470221550859027
FAM47A,-0.013325025176230711
COL4A5,0.04280131923464485
CXCL1,-0.00302059415911067
LOC101927901,-0.0100549244712962
MRPL14,0.06095109768378973
LOC101929073,-0.08091942598187014
COQ6,-0.024630271903320435
CCDC65,0.027143494461231314
LOC101927204,-0.044778328298084
TLR3,0.00839139979859298
TEAD2,-0.1164346324269854
SPACA6,-0.10779024169184023
LOC105369705,-0.07199220543806364
ZNF767P,-0.012326757301104808
PCED1A,-0.01834480362537448
LGR5,-0.06441395770392434
BCORP1,-0.031007784491437155
MYO1A,0.016235911379660302
PHF21B,0.007238056394766367
LINC00521,-0.023512336354478455
LOC285857,-0.03121909365558606
CRNKL1,0.13067026183283184
STAP1,-0.04063221550855727
MASP1,-0.00021186304128624316
LOC101928728,0.009317351460224256
LRRK2,0.013774048338371356
TYRP1,-0.06043749244712725
PPP1R26,-0.06331866062436743
ARRB2,0.0434820543806677
ANO3,0.013794118831825642
ZMAT5,-0.1800631017119801
LEF1-AS1,0.0019641792547861188
TUSC1,-0.09639048338368258
CLYBL-AS2,-0.016310553877137007
PRO2214,-0.10644297079556587
ACTG2,-0.013918952668677848
LINC01142,0.002061178247737331
ALDH1A2,0.0788995971802649
PAX7,-0.011900161127892273
LOC105379499///FLJ45482,0.06390617321249034
FPR3,0.0079245820745249
BIRC7,0.09623007049345578
ACOT12,-0.008634108761326302
MSH4,-0.08206058408861704
FRMD8,-0.056088267875122444
LINC00354,0.00816107754280263
MOG,0.046036374622359
LOC643517,0.015032759315208838
PRSS2///PRSS1,-0.005362275931517543
OLIG2,0.02879367573011372
SNX30,0.05368004028197646
GRAPL,-0.0082280765357471
LOC100130452,0.040352618328301164
LOC100129129,-0.02871883182275638
ITGAM,0.01705822759315527
PHLDB3,-0.13018971802617965
PPP1R3F,-0.030554239677741013
CNNM2,-0.008912014098687845
ASIC1,-0.061620886203420835
RTEL1///TNFRSF6B,-0.003905599194357401
LINC00559,-0.02144846928499162
LIMK1,0.052526565961734134
ZPBP,-0.11642379657602911
LOC105370424,-0.12041568982879786
CPEB1,0.07673059415911625
DKFZP434K028,-0.023204763343400436
CPXM2,-0.011980584088617456
VPS33B,0.0721808056394785
CCDC88B,0.045444853977847796
PNKP,0.014111299093658755
ZNF681,0.00285536757301393
ZNF585A///ZNF585B,-0.04799998992950398
PKN3,-0.0946622457200369
TMEM200B,-0.07918906344410602
KIAA0100,0.050837542799600184
SEMA3G,0.06971634441087891
ZNF674-AS1,-0.09343416918428707
GMPPA,-0.12904037260825432
LOC102725116,0.040282880161131025
LOC101930114,-0.09963392749244401
DENND2C,-0.06698267875125574
SPI1,0.06742519637462487
CDCA3,0.09312593152064692
IGHM,0.006702175226588419
LOC100505942,-0.06518395770392484
GCG,-0.07541584088620026
TPRA1,-0.1053992849949614
GABRD,-0.04821248741188037
TDRG1,-0.06475475327290739
HMBS,-0.10189282980865688
CRIP3,-0.03671875125880848
SRGAP1///SLC4A1,0.03610198388721353
PIWIL2,0.08450421953676016
ACVR2B-AS1,-0.042967301107751356
LOC285178,0.009227854984896783
RGS4,0.0028597280966798366
ISG15,0.004252638469288583
LOC652494///IGHM,-0.11000039274924216
KDM8,0.052337250755289846
SCN2B,-0.1361691641490397
FAM9B,0.01405448136959004
TTLL6,0.03311637462235952
CYP11A1,0.0953822457200431
COX14,0.13196198388721334
PRORSD1P,-0.06071030211480036
LOC100420758,0.03690903323263067
TLE6,0.015018388721049838
CYP4A11,-0.030915216515606275
ZNF329,0.03236261832830088
SCN10A,-0.0385695770392716
LOC101927331,0.004814219536760398
FAM64A,0.08699268882175493
LRRC27,-0.02433518630412567
ISOC1,-0.06799193353474005
LOC100128551///ZDHHC14,-0.014503464249745447
MAP3K10,0.018581158106750123
CD300A,0.03801009063444424
ZSCAN23,0.0021344209466291446
LOC554206,0.0042624974823798865
NMNAT3,0.00040891238670974495
CRAT37,0.03731019133937838
C5orf58,0.02478159113796854
PSTK,0.023669697885199452
LINC01333,-0.013029023162132041
LOC100130998,0.030321520644514398
FANCF,-0.029873897280964148
PRR12,0.1271933736153087
PRR3,0.07844577039275175
LOC285889,-0.04613766364551564
LOC100507670///ZNF687,0.022437985901311967
STX3,-0.08487552870090301
LOC101927495,0.07257837865055672
IFNA7,-0.006236988922454535
LINC00960,0.020942950654584826
LOC100129673,-0.09285070493453851
C14orf81,-0.05364354481369274
CTXN3,-0.023683061430007257
PCDH20,-0.013353736153068833
ZGLP1,-0.019119103726079594
GPBAR1,-0.024482124874115614
DIAPH3-AS1,0.02101688821752568
CMTM1,0.0077275830815737735
EPHA10,-0.021493474320238938
RTP1,-0.019526827794559037
LOC650656,0.021488670694866967
LINC00909,-0.03870468277945294
WWTR1-AS1,0.0008704229607278211
COLEC11,-0.09808545820744943
ZBTB11-AS1,-0.08192914400805328
KCNQ1-AS1,0.024828700906347236
KIF28P,0.032984028197384545
IVL,-0.1679111077542765
DCAF4L1,-0.08376144008056118
RAMP1,-0.11429987915407516
OR1E2///OR1E1,0.00012281973816994848
TRPC5OS,-0.005491842900299261
NDE1,-0.010022447129906076
RCVRN,-0.02767007049345173
AKAP4,0.03129518630413179
TLR6,-0.038100402819734966
GHRL,-0.024762547834840762
SNHG17///SNORA71B,-0.010552477341386816
SETD9,0.014136717019136791
CCSER1,0.02306874118832074
BCS1L,-0.0394395266868049
C1orf115,0.06187291037261118
EYA2,0.10813528700906591
SLC37A4,0.05901711983887459
LINC00545,0.09556677744209716
LOC284898,-0.07551704934541531
SLC41A1,-0.011491460221547824
CAMK2N2,-0.001835599194357513
LOC105371352,-0.06064477341389424
TBC1D10B,0.1129149949647551
VRK3,-0.047610886203420855
SMAP2,-0.07279207452164828
CYP2A6,-0.0006985800604208392
KCNN2,-0.014000161127892256
LOC100505666,0.029193685800607095
LARGE2,0.07145087613293301
LOC389765///KIF27,-0.02901519637461939
CDY1B///CDY2B///CDY2A///CDY1,0.03492240684793867
HSPA1L,-0.0040196173212457345
LOC101927865,0.061151409869086126
LINC00284,0.1485745115810694
PDE6G,0.013381198388723793
FOXH1,-0.003421943605234498
ZNF596,-0.009331691842897756
CBLN4,-0.0699132628398761
SEMA4G,-0.03047466263846647
ATP4B,0.029927311178250395
CSH1,0.056880372608260885
MEP1B,-0.014783867069483633
FNDC8,0.020452467270899118
LOC339260,0.011213907351463093
SMIM2-AS1,0.023614249748240376
LOC100134295///SLCO4A1,-0.09047524672708644
NACA2,-0.07191040281973549
GIMAP1-GIMAP5///GIMAP1///GIMAP5,0.03749904330312455
APOH,-0.0242391440080537
SORCS3,-0.004594763343400971
HYAL4,0.03925973816717279
ECI1,-0.029531873111779423
MEX3B,0.027616233635451015
H1FNT,0.05483868076536058
APOL3,0.06622548841893527
NEIL1,-0.024927925478345787
LOC100134226,0.08298765357502796
RTP5,0.12342946626384954
MARVELD3,-0.08757384692849662
CCDC127,0.136304793554887
DMGDH,-0.01916015105739911
TUBB1,-0.015572789526683874
LOC101927165,0.0007104531722079005
PCDH11X,0.011937462235652344
PRKY,0.060007764350456405
EHBP1L1,0.028502688821755412
ENPP7,-0.024249214501507493
SIGLEC9,-0.0165635045317191
SOCS2,0.09145199395770673
LOC257396,-0.019400946626381775
PGK2,0.006802195367575873
LINC00838,0.024332900302117634
PRCD,0.011843272910375428
IGLV6-57,-0.06101049345417667
LOC101060019,-0.01458632426988627
RILP,-0.02642185297079307
IQSEC2,-0.03817780463242498
PRKAR2B,-0.039201319234639924
PIH1D3,-0.004486334340379849
SLC4A5,-0.1610587814702889
AP5Z1,-0.0841043403826755
MARCH11,-0.0762967472306116
MS4A15,-0.02214698892245443
MSTO1,0.009790140986911458
TNFRSF14,0.011396928499499156
SLC6A16,0.022291460221553646
HHLA3,-0.010761601208456234
LOC100130315,0.013102366565964585
NLRP2,-0.013815881168174428
ADIG,0.0553674420946651
URGCP,0.005366545820748334
IFNA8,-0.04610486404833501
CTNNA2,0.029213182275934252
FLT4,-0.004328519637459349
LYZL2///LYZL1,0.003939566968784197
GAL3ST4,0.06169025176233953
NOTCH2NL///NBPF14///NOTCH2,0.06888351460221864
NMU,0.010451440080567052
LOC101929413,-0.02663440080563642
LOC100131731,-0.054893635448133846
LINC01538,0.00029928499496775264
C11orf88,-0.010609013091638775
SLC46A2,-0.009858086606240678
RPP14,-0.02324403826787249
SERPINA7,-0.0759911178247704
WFDC21P,0.030370614300104362
LOC105274304,-0.05074590130916096
TK2,-0.04691606243705576
LOC100129098,0.028692960725078126
LOC100507506,-0.0033096173212462388
FLJ27354,-0.06036497482376337
WDR81,-0.029716797583078824
OR13C4,0.009988751258814588
RND1,-0.01411261832829538
SLC22A18,-0.08636472306142731
CYB5R4,0.09831081570997204
SLIT1,-0.07001347432023869
RXFP2,0.04234563947633668
MIP,0.061033947633436544
TSHZ3,0.08773530715005315
HMX2,0.04047188318227868
CRTAM,0.024926203423970422
PAX8,0.005656555891241304
LOC153684,0.09314675730111069
DNAH12///ASB14,0.05028206445116089
LINC00421,0.02565536757301383
IL10RA,-0.022908630412886682
LOC101928162,0.07582801611279212
TM4SF20,-0.030350765357499535
HPS6,0.04535641490433281
LOC101927814,0.10350356495468509
LOC100133503///LRRC37A17P///LRRC37A2///LRRC37A3///LRRC37BP1///LRRC37B///LRRC37A4P///LRRC37A,0.040416414904333606
ZNF75D,0.016097160120848674
MSTO2P///MSTO1,-0.09502797583081224
CHL1-AS1,0.032311560926488084
LOC105377143,-0.05048294058408541
DNAH9,0.09785164149043557
LOC101928196,-0.0033046424974799253
REG1A,0.025998449144010803
ISCA2,0.05535359516616606
LOC101927478,0.014089184290032943
KIAA0922,0.022043242698894964
TAPBPL,0.07409237663645797
LOC101928861,0.022622134944614868
CGN,-0.024689274924468645
FAM167B,-0.05146949647532423
RIPPLY3,-0.015657754279956745
GJB3,0.015156485397787182
REG3G///REG3A,0.015045810674725829
RIBC2,-7.658610271610473e-05
RBM20,0.031500775427998354
RAB43///ISY1,0.010051440080566996
GJD3,0.04905915407855253
GVQW2,-0.020972497482374067
LINC00884,-0.007999728096673786
C16orf74,0.05400104733132205
TRABD2B,-0.038221772406845204
GUSBP4,-0.0032618932527664537
IGSF9,-0.003390795568980018
SH3BP5-AS1,0.0006263141993985816
EDN3,0.050376686807656335
C1orf127,-0.013381923464246652
LOC100131512,0.09266796576032502
PRSS12,0.000312950654585099
NBPF1,-0.010498197381669159
LGI4,0.003064602215511504
LOC100131763,-0.005214511581064559
HLA-J,0.011681117824775999
PRAC1,-0.02741742195367284
ERI2,0.016942165156095482
HERC2P3,0.037833897280969295
C20orf197,-0.09754741188317943
LOC105377348,-0.06538305135951358
HMGB1P37///HMGB1P10///CTCFL///HMGB1P1///HMGB1,-0.016072265861024383
AK7,-0.0749034441087582
MUC12,-0.06474642497482061
B3GALT6,-0.2090840584088583
CUX2,-0.006336394763340815
EPR1,-0.013338237663642716
IGLV2-11///IGLV2-18///IGLV2-23,0.06493177240685064
DDX11L2,-0.055450251762333445
KCNJ1,-0.08279244712990597
PRO0471,0.0031069587109795764
PPP1R10,0.0316697180261864
OR2S2,0.025064904330314594
FAM229A,0.03139240684793851
MISP3,-0.03520005035246443
HNF1B,-0.05895697885196041
CGB8///CGB7///CGB5///CGB3,0.0684553272910402
OR1G1,-0.02878972809667395
ELMSAN1,-0.01146281973816407
TRIM43B///TRIM43,-0.0024913393756262475
ZNF549,0.02265308157099937
GKN1,0.011506042296075448
LINC01103,-0.08905268882174948
TMEM74B,0.041729546827796934
CLEC4D,-0.04346899295065171
ADAM21,-0.022479274924468162
PCDH19,-0.03459858006041987
C17orf100,0.05217561933535019
LOC105370549,-0.0060514098690809745
DAZL,-0.035995659617318654
CTIF,-0.05585882175226231
FHL5,-0.05596443101711712
GRIN1,0.0400153675730137
SECTM1,0.006631842900305007
LOC100130353,-0.03213975830815384
TCEA2,-0.12635064451157807
NEGR1-IT1,0.022280684793557187
GOLGA7B,0.06565843907351732
LOC100132409,-0.0033875427995947657
C6orf58,0.0012035951661656964
LRRC34,0.005579536757303927
INO80C,-0.030326978851960465
SHBG,0.0525958710976866
LOC285500,-0.002113252769382415
LOC105369739,0.0077942094662664455
SERPIND1,-0.060368126888214496
TBX19,0.02084867069486687
ZNF214,0.03595136958711241
EXOSC5,-0.0038547532729071576
MSMB,0.044534612286005075
KCTD2,-0.11791224572003697
LOC728445,-0.0210070191339348
LOC100507283,0.019770644511583654
UBTD1,-0.06562022155085294
TMEM37,0.01296276938570292
ANKRD55,-0.15660744209465935
RIDA,0.08823378650554173
SKIDA1,-0.0183874118831791
CDS1,-0.11288901309163837
TICRR,-0.002366576032222515
GAFA3,-0.07327755287008784
TMCO4,0.043319798590133365
CTBP1-AS,-0.0776735548841864
LRRC23,-0.10324427995971477
LINC00607,-0.15082471299093303
LOC100129069,0.014936002014101819
ARL14,-0.00516879154078281
NEU4,0.001579617321251477
SLAMF7,-0.08660099697884882
CNTN4,0.03751757301107999
MTMR9LP,-0.033692789526683684
EMID1,-0.060727119838869234
CD34,0.0786698086606274
CCKBR,0.007008308157102712
LOC100996251,-0.0008389526686776519
GFRA4,-0.042238046324267045
CLVS2,-0.02536669687814411
LOC101927379,-0.05387515609264534
ARID1B,-0.1688633736153029
DPYSL4,-0.012053887210470932
LOC105377276,-0.0230484592144983
IL22,0.03216634441087879
CACNA2D1,-0.011829154078546997
ATP2B2,-0.0142340281973789
LOC100128943,-0.010270684793551966
MGARP,-0.02512976837864757
RAD51AP1,0.03161900302115085
GBP1P1,-0.06787273917421686
SUOX,0.076578106747233
BRPF3,-0.0566220845921424
ASCL3,-0.012672094662635407
FAM153A,-0.016108116817721098
OGDH,-0.021741278952665897
MOGAT1,0.038365276938572564
E2F8,-0.0005320443101682129
LOC101929497,0.057121540785501426
TIPIN,-0.030298368580057182
PARVG,0.018573645518633206
ABCA12,-0.09343805639476067
SNAI3-AS1,0.005963293051362456
ASXL3,0.057005840886206194
DEFB114,-0.027707361530712356
ZNF669,-0.033543393756290785
LOC101928651,0.004848338368582735
NEURL1B,0.08903345417925786
PRAM1,-0.0647190030211446
CMYA5,-0.08427757301107422
LOC284244,-0.013631218529704982
NOX1,0.05564087613293304
LINC00052,-0.0108799395770364
EDAR,-0.06995747230613984
DIRAS1,0.05919243705941893
SNIP1,0.02105584088620632
ZDHHC23,0.01245844914401114
TNFRSF21,0.011513333333336387
FAM181B,-0.022448811681769154
ANGPT4,-0.0006575025176207422
DPCR1,-0.006240745216512919
GPHA2,-0.06044479355488133
LOC101927876,-0.04766709969788202
SMIM10L2A,-0.11564880161127544
OVOL1-AS1,-0.27756149043302725
LOC730217,0.02545776435045615
TBC1D19,0.10182181268882368
RD3,-0.003900372608255008
SLC29A3,-0.058401077542796664
FLJ31958,0.008119013091644083
SEC1P,-0.030294239677741037
FAM47C///FAM47A,-0.0024897079556867666
HIGD1B,-0.031046686807650457
DHRS2,0.018251782477344273
C12orf66,0.005622114803627985
FREM2,-0.10066758308156776
SEZ6L,-0.001252346424972045
ZSCAN5A,0.05451644511581359
S100A16,-0.012114864048334117
ATXN8///KLHL1,0.025255558912389665
ANKRD13D,0.07701767371601487
LOC729285,-0.001388157099694979
LOC339807,-0.008311148036251013
F2,0.01185455186304437
GAS1RR,0.04223170191339658
FLJ35700,-0.04937272910372304
HERC6,-0.022131641490430273
FSIP2,0.0109142195367603
CCDC78,0.0027083987915437063
TTTY8B///TTTY8,-0.016541611278950097
INO80B,-0.20837305135951345
LOC100128198,0.02603973816717287
DTX2,-0.08727483383685489
LSM10,0.009661752265864312
CCDC170,0.006340684793557538
ADNP2,0.03542071500503804
RASGEF1A,-0.0051386304128876285
LHX9,-0.08595342396777164
LOC100130757///C10orf71,0.03673986908358813
LOC100129546,0.010959144008058834
PDHA2,0.005302366565964596
UBE2T,0.07527650553877414
PRPS1L1,0.004151550855994829
IL20RB,0.003189506545823305
CLIP1-AS1,-0.05805877139979551
GK3P,-0.04037064451157808
CADM2,-0.09656931520644205
ANKRD26P3,0.03943748237663919
TYRO3,-0.004024259818728039
GPR55,-0.03986432024168905
LOC284120,0.011921711983890228
C15orf57,-0.09255744209465938
KCNMB4,0.044333826787515115
MGC16025,-0.009959526686804863
ATG4B,0.05350877139980122
MRPL41,0.06117676737160399
LINC00689,-0.06986147029204098
LINC01341,-0.051198700906340974
HAVCR1,-0.05035742195367243
TDRD7,0.04732617321249054
RNF122,0.03491089627392006
ZFP57,-0.04310962739173944
MGC14738,-0.009012819738164332
BFSP2,0.03460921450151355
LINC01554,0.02326781470292258
LOC105378311,-0.0058602618328270255
RBP2,-0.019047079556895375
ANGPTL6,-0.04732862034239331
GHRH,0.02214913393756563
MAS1,0.010735125881170635
SFTPB,-0.0026355387713972236
MACROD2,-0.07492092648539503
GSG2,0.020507321248743694
LOC101929279,0.06299566968781747
IL1RL1,-0.059534390735142925
GGT1,-0.025381379657601004
CALCB,-0.04026442094662336
RAPGEF4-AS1,-0.015278147029201671
SIGLEC16,-0.003386424974820921
NLRP13,-0.01160375629405555
LOC284294,-0.015414078549846336
AGAP4,-0.007250523665657024
CDX1,-0.020143373615304105
TCEB3CL///TCEB3C///TCEB3B,-0.01237531722054087
MGC27382,-0.026178781470289056
ZNF784,0.02025768378650833
PLP1,-0.0019544813695843103
PANX2,-0.017177240684790842
LOC101928284,0.06574389728096953
EMX2OS,-0.026190523665656842
ZIC2,0.004621732124876791
SH2B3,0.009330322255793465
PTPRT,-0.009195005035244315
SYN2,0.06297943605236891
IL36B,-0.048123635448134056
RBM14-RBM4///RBM4,0.08111174219537076
HLA-DMA,0.06546988922457543
MILR1,-0.018728257804629583
ACER1,-0.047145579053370495
SLC47A1,0.041831510574020736
VIL1,-0.09434197381671397
TACSTD2,-0.02714005035246407
LOC100127955,-0.011484904330309895
LOC105377421,-0.011940040281971077
LYZL4,-0.019503776435042773
WNT8B,0.11238460221551086
LOC100131637,0.036417814702923004
OR2M4,-0.15050731117824456
CD160,0.009288016112791862
PGPEP1,-0.002290322255787798
SLC16A10,0.02753781470292338
MEIS1,-0.028399113796573228
LOC101927648,0.004493977844917507
LOC440602,0.06781036253776684
LOC100134053///POLR2J3///POLR2J2///POLR2J4///POLR2J,-0.07445015105739866
RHPN1,0.038066767371603645
LOC100129449,-0.07903502517623076
LOC100132853,0.004654279959720967
BOLA2,0.035578066465259704
ITGB7,-0.004932870090631265
TMEM178A,-0.019813423967771353
ALDOAP2,-0.05194355488418581
CTPS1,0.04104033232628697
TBRG4,-0.02644968781470005
LOC100133773///RPL21P80///RPL21P87///RPL21P37///RPL21P18///RPL21P16///RPL21P14///RPL21P134///RPL21P45///RPL21P119///RPL21P93///RPL21P98///RPL21P82///RPL21P46///RPL21P61///RPL21P69///RPL21P19///RPL21P62///RPL21P29///RPL21P44///RPL21P39///RPL21P97///RPL21,0.08351881168177569
LOC285556,0.005375699899297652
ZNF780B,0.01845086606243996
TTYH3,-0.03281323262839598
ST3GAL5,0.030249194360526487
EMC3-AS1,-0.02621085599194034
LRFN2,-0.08844577039274643
RIMBP2,-0.08483446122859714
S100A3,-0.016823464249745276
SEMA6C,-0.05059403826787194
SLITRK5,-0.05077236656595882
MOBP,0.023396424974826493
RHNO1///IGHG1,-0.06905751258811396
GNGT2,0.07320473313192592
HAMP,0.07737290030211705
TUSC8,-0.021963242698889655
TCEB1P3,-0.06022065458207149
LOC645261,-0.03745380664652292
MATN1,0.022122618328300776
ANXA9,0.034828338368583074
L3MBTL3,0.031014682779459405
SPATA24,0.08411697885196612
ANGPTL7,-0.04090274924471009
C15orf61,-0.18114686807653232
STK40,-0.013418348439070554
SMAGP,0.0035703222557933838
RNF4,0.06306359516616628
GCM1,-0.03257606243705681
ALMS1P1,-0.0056700805639449126
LOH12CR2,0.07379151057402056
RGS22,-0.016134209466261207
ZNF793-AS1,-0.012207834843904761
INSL5,-0.1332937865055355
CCDC60,0.048634763343406676
C17orf47,0.01160575025176508
HGH1,-0.21751452165155752
DDC,-0.006362155085596292
LOC100129965///PRDM11,0.0036717220543830836
VN1R4,0.03760054380664901
SIGLECL1,-0.039763826787509345
KRT5,0.02286462235649803
LOC100134317,-0.06814058408861706
SYNDIG1,0.004505558912389296
KLRF1,0.006306737160123877
LOC101929628,0.001586233635451176
CEP83,-0.0021471701913368044
CNTN3,0.016519597180264942
ACIN1,-0.10181093655588719
C1orf220,-0.03598647532728809
C14orf169,-0.09379684793554563
FAM86JP///FAM86HP///FAM86DP///FAM86FP///FAM86C2P///FAM86GP///FAM86EP///EEF2KMT///FAM86B1///FAM86C1,-0.008583595166160002
LINC01585,0.08963947633434316
MFI2-AS1,-0.08472636455185975
FLG2,-0.02547012084591852
ACAD8,0.09987242698892537
ART3,-0.09628965760322045
TMEM256,0.07201627391742546
AADAC,0.014083343403829662
PTPRH,0.20072415911379923
LOC101927752,-0.015590755287005768
GNB3,0.13986674723061587
LINC01346,0.038218267875128734
CES5A,-0.007997411883179439
ZNF708,-0.09012701913393473
BDNF,-0.02153325276938254
HMP19,-0.011766737160117929
PLPP3,0.12039374622356776
PTPRR,0.0023479154078579097
DMBT1,-0.03855242698892006
OR1F2P,0.0010566868076567863
PCDHB2,-0.016609456193350827
ULBP2,0.0045138167170220705
LOC101928557,-0.04765942598187016
FSTL5,-0.0013195065458181839
SEMA6B,0.008473071500506649
LPAR3,-0.026920161127892445
GANAB,0.002550855991947057
DNM1P41,0.004365065458210169
PRCAT47,0.07831341389728359
SOWAHA,0.04770077542799869
MTURN,0.07436048338368847
LOC101928525,0.03793639476334627
ERMN,-0.005589577039272091
JAZF1-AS1,-0.007417059415908601
LOC100128922,-0.01509607250755005
HNRNPA1P36///HNRNPA1P59///HNRNPA1P6///HNRNPA1P51///HNRNPA1P53///HNRNPA1P50///HNRNPA1P27///HNRNPA1P10///HNRNPA1P52///HNRNPA1P12///LOC642817///HNRNPA1P30///HNRNPA1P39///HNRNPA1P56///HNRNPA1L2///HNRNPA1,-0.02020266868076221
LOC101928937,0.033044370594161904
STAG3,-0.04287463242698582
KLK11,-0.07225502517623028
LOC440302,-0.08078532729103396
OR7E24,-0.0005675125881141364
COPG2IT1,0.0013066062437092907
TMEM183B///TMEM183A,0.13317415911379918
NR6A1,0.03325984894260111
LOC101928580,-0.08070793554883873
PSMC3,0.06901898288016445
LOC107985428///LINC00659,0.02546838872105025
LSAMP-AS1,-0.02723792547834541
ATG4C///CTR9,0.0065085800604258795
METTL21EP,-0.08873733131923169
IMPG1,-0.02144912386706669
GPR174,0.01862121852971093
RNF126P1///RNF126,-0.05379017119838571
CBARP,0.023108519637464985
AURKC,-0.05003625377643232
CNTNAP1,-0.14555531722054033
MIR646HG,0.061281359516619005
RNF32,-0.09436505538771073
NLRC3,-0.009557099697882016
TRPM2,0.04686548841893523
MTMR8,-0.014560574018124339
LOC101927123,-0.007627663645515686
LOC285696,-0.058810221550852554
TNS4,0.04681520644511844
RAB20,0.008481218529711045
TM6SF2,0.0462670594159143
LOC731477,0.09288799597180483
INAFM2,-0.017113353474317326
GRP,0.005943434038270839
CDA,0.07010977844914645
FAM71F2,0.09919680765357716
FAIM2,-0.07346018126887874
LOC100128008,0.0160925075528727
C9orf131,-0.00629256797582807
PGM5-AS1,-0.018275619335344565
LOC100996385,-0.023588398791537867
STARD7-AS1,0.06331668680765615
IDO1,0.00619094662638733
TMEM176B,-0.019188590130913737
PIK3IP1,-0.2455135649546793
KRT19///JUP,-0.08455316213494132
TTTY10,-0.007888680765354487
FLT3LG,0.005821983887213724
RCAN3,0.00991611278952952
BOLA3-AS1,-0.024730594159110775
ZNF35,-0.04501345417925181
C16orf92,-0.006447764350450403
LEMD1-AS1,-0.017187270896271003
MESP1,0.06434860020141267
LAMA2,0.09791891238670948
TMEM171,-0.06140777442094353
SH3RF3,0.038066918429006204
ARSE,-0.011597391742192265
SH3GL2,0.026982437059418767
LINC00467,-0.0634915508559893
LOC101928326,-0.005759415911376925
LOC100130536,-0.006273383685797603
MSI1,-0.15695430010070155
ISL2,-0.02285094662638209
PLCE1-AS2,-0.0808442698892214
LOC100507336,0.028923675730113445
LOC550113,-0.028727522658607455
TEX264,-0.00272981873111465
LETM2,-0.025935991943602438
SCYL3///HTN3///HTN1,-0.028093383685797384
LOC100506858,-0.08350194360523365
LOC101928460,0.047647844914404006
LOC340074,-0.06652277945619023
LOC100130979,0.036835558912389293
KPTN,-0.10698841893252463
GLYATL2,0.0022991742195397433
LINC01020,0.009310110775430796
ME3,-0.057098982880157835
RNASE3,-0.011414229607247979
ZNF211,0.03861144008056655
PLEKHA7,0.0801490433031242
LOC81691,0.005833373615309789
LOC101929607,-0.03907587109768068
ADAP2,0.030291822759318444
CHORDC1///NAALAD2,0.0750124169184318
LOC101926892,-0.007231832829805553
LOC102724094,0.06132351460221816
LOC105377924,-0.266414108761326
KRT74,0.004027371601211456
JMJD4,-0.04046723061429687
HNRNPA3P1,0.007220926485400472
CLIC2,0.004215871097686882
RBPMS2,0.01639536757301365
ADHFE1,-0.00588454179254508
AVPR1A,0.0010526888217550273
SLC14A2-AS1,0.04437706948640717
FAM19A5,-0.004453575025173392
CDC25A,0.01602256797583342
SH3GL1,-0.03150902316213207
NCKAP1L,0.05670041289023435
UHRF1,-0.03068540785498179
MYH7B,-0.06512346424974517
GRIN2A,-0.018229254783481433
ZNF280A,0.045095135951664075
SIGLEC15,-0.06744047331318875
VASH2,-0.05756829808660325
JPH4,0.0829233031218552
KIAA0087,-0.04995880161127582
C11orf80,-0.08791764350452858
ZDHHC24,-0.035553665659614285
LOC100131721,-0.08639542799596887
LOC100129699,-0.01294245720040019
FBP2,0.041295609264856384
ANKRD20A5P,0.0035269083585121735
GCK,0.04252265861027467
FRRS1,-0.0025507452165130853
CDH18,0.035692034239680655
NUDT17,0.05956307150050599
PCGEM1,0.014137421953678384
HEXIM2,-0.018122175226583357
YIPF1,-5.163141993655418e-05
MYL2,0.0023196072507580406
LYZ///EIF4G2,-0.06892148036253504
ERC2-IT1,-0.008219718026180347
HLA-DPB2,-0.009699274924468666
IAPP,0.011867432024172089
CD3EAP,0.09922064451158369
KRT24,-0.02476693856998692
C4BPB,0.030377552870093333
NOP14,0.0471094763343429
ACOD1,-0.030424390735143036
LOXL1-AS1,-0.0058205840886175406
MEP1A,0.011715679758310688
LOC101927851,-0.0478174018126857
TDRD12,-0.024420835850953757
FLYWCH1,-0.018783111782474507
LINC00951,-0.006048076535747289
FAM118A,0.0026110473313216698
ARHGEF19,-0.010425538771396708
NR0B1,-0.0014828096676710943
FAM212A,0.04344526686807895
OR7E35P///OR7E18P///OR7E47P,-0.04552170191339095
ZNF818P,0.05143635448137189
ADGRE5,0.04576089627392034
EIF3J-AS1,-0.00364781470291739
KCNJ4,0.08306150050352738
RPGRIP1,-0.00429369587109479
PARS2,-0.03954020140986642
TEX36,0.0021787512588145735
COPS7B,0.051401168177242995
KLF1,-0.0021797482376609036
CACNA1G-AS1,0.008254572004030923
C15orf62,0.026366052366568547
MAP4K1,-0.038546364551860134
SCUBE3,-0.008495115810671725
TK1,0.011770302114806522
BMF,-0.0956059818731082
SERTAD3,-0.08053616314199075
BGLT3,-0.027571158106744258
LOC101928663,-0.029580533736150126
AFAP1L2,-0.028652275931517708
LOC648390,-0.13426262839878778
LOC283352,0.03366616314199666
SDR42E1,0.05493649546828071
KCNA7,0.002490181268885363
PCDHB2///PCDHB3,0.10808054380664928
FAM163A,-0.004611812688819012
PCA3,-0.1274099899295032
PSG11,-0.013275921450148248
RNF166,0.011603222557908202
UNC45A,-0.03240117824773117
PEAK1,0.12756480362538086
SLAMF9,-0.022538771399795723
LOC105376689,0.04970263846928768
LRRC36,0.0153078549848971
KIAA1804,0.0074178549848968045
LOC100287210,-0.010722205438063341
B3GNT4,0.005070000000002475
TBR1,0.018489778449146926
WDR24,-0.004267643504528955
GPR68,0.012898519637464708
ORAOV1,-0.023728348439070263
ABHD16A,0.0048869788519668445
ACO2,0.089441792547838
PAMR1,0.016386787512591316
DEFB106B///DEFB106A,0.003298559919438557
SNAPC4,-0.06259708962738844
TDGF1P3///TDGF1,-0.1309800604229575
PEBP4,-0.02735455186303791
APOBEC3F,-0.039784853977841844
PPARGC1B,-0.019527472306139798
UGT1A6///UGT1A7///UGT1A8///UGT1A10,-0.12029465256797289
IL10,0.0317343806646554
TBC1D25,-0.012062215508556715
LOC400548,0.011038962739177243
MRLN,-0.02498161127894956
ACTR5,-0.04925869083584754
FAM234A,-0.1858657502517586
RGS7,-0.008896706948637586
LOC101929762,-0.009955891238667806
AP1G2,0.04685998992950968
INSM2,0.04583304128902581
MTG1,-0.020793423967771438
CST4,0.035708982880164046
TXK,0.0006656495468306076
FPR1,0.07398885196374888
NXF5,0.0009312084592175236
LOC100131795///NMNAT2,-0.0034297885196346066
LOC100130623,-0.028641339375626948
DEFB121,0.022839194360526404
MYRF,0.022999687814705426
POLRMT,-0.02354144008056086
C19orf48,-0.02730756294058094
TYRO3P,-0.04172274924470962
SLC12A6,0.04175855991943872
THPO,-0.07222253776434724
C7orf62,-0.05992755287008712
MDK,0.0429816616314232
FREM1,-0.013118338368577023
TRBC1,-0.015347693856996006
LINC00856///LINC00595,0.04482989929506791
MAEL,-0.03282057401812387
LOC100131622///PABPC5,-0.029421238670692088
PLCH1,-0.0010563544813667176
OR2C3,-0.026987280966764362
HOXA2,0.012899979859016064
MYH9,-0.011707240684790447
LINC00311,0.05783272910372857
AIFM2,0.03564224572004324
CACNA1G,0.07576700906344594
IGHM///IGHG1,0.004141601208462381
LOC101928476,-0.004836314199392788
LINC00529,0.026745649546830487
LOC101929315,0.013850644511583812
KHK,0.022126253776438114
KLK12,0.02373705941591413
ZNF610,0.0399782275931546
C20orf141,-0.015018217522655634
SPRR2C,-0.02284306143000729
AMER1,0.014644582074524144
ABCB11,-0.0703909466263819
C1orf134,-0.04556077542799321
LOC105376530,-0.05211049345417619
KRTAP4-4,-0.019045921450148162
DLX5,0.06320394763343676
PYROXD2,0.06079491440080851
SLC16A12-AS1,0.060329425981875844
CLDN23,0.0367951460221579
BOK,-0.04379179254783174
ZC3H12A,-0.04814107754279685
CST2,0.06935431017120117
RGMB-AS1,0.005967432024172124
NAGA,-0.07540063444108473
SMG1P1///SMG1P5///SMG1P2///SMG1,0.07865579053373861
RPUSD2,-0.32096248741187977
LOC157562,-0.06298387713997672
SV2C,-0.0015451661631394414
PDE1A,-0.008647351460218906
ZDHHC19,-0.017005055387710962
ZBED5-AS1,0.007289023162137795
PCDHB1,0.05513459214501733
LOC101928255,-0.07788906344410598
TCEB3C,9.437059416209526e-05
C17orf105,-0.014474390735143113
FANCA,-0.057281389728093046
SCT,0.04059660624370868
FOXN4,-0.05910354481369316
DLG4,-0.06297227593151729
PTPRG-AS1,0.008605407854987375
DAO,-0.05213842900301796
ING4,-0.009888167170188297
PPP4C,-0.05206145015105393
LOC100132503///RNF208,-0.12406729103725717
FAM212B,-0.03129213494460911
RFX2,0.002755095669690749
BRDT,0.009581601208462033
ZNF34,-0.014448801611276638
SPRY3,0.05562473313192609
LOC101929747,0.07001232628399062
UTF1,0.0064466868076561885
GIPC3,-0.01780046324269589
ITGA7,0.02658839879154353
CLEC4A,-0.011986213494458567
HVCN1,0.04609757301108025
ABCF2,-0.08289954682779159
ZBTB6,0.010048690835853576
FAM213A,0.0054813494461255375
CCL27,-0.029758700906341487
HAR1A,0.017581933534746106
CCL18,-0.01581838872104445
CNTNAP3P2,-0.01003952668680494
LOC101928361,0.00041284994964992106
SH3PXD2A-AS1,-0.06084446122859728
E2F5,-0.017209828801608346
LINC00567,-0.13514430010070178
LOC732087,-0.012269123867066585
SWT1,0.04257242698892527
POMC,-0.016129768378647883
JAKMIP2-AS1,-0.028806787512585197
MIR924HG,-0.03995318227592834
GRB14,0.05070977844914647
LOC101926963,0.1300334138972836
PRL,-0.33198019133937157
MAGEA10,0.07237132930513837
REC114,0.03582627391742473
DLGAP5,0.02300391742195655
ILF3-AS1,-0.022535649546825395
LOC101927641,0.0319377442094692
CEP72,0.05985218529708244
LOC574538,0.013492316213497054
APOBEC3D,0.04108174219537068
LOC100421494,0.016853705941593924
SYVN1,0.03844744209466532
GP1BB,-0.001795276938567271
LOC401222///LOC401220,-0.04768493454178939
NEK10,0.015553454179257645
LOC283861,0.04492650553877353
UMODL1,-0.03182718026183018
CASC10,-0.021730271903320147
ABCC8,-0.008171409869080402
TPTE2P6,0.00865073514602483
IDO2,-0.047003726082574804
LHX2,-0.18099989929506216
LOC221814,-0.0028609869083559528
KIF18B,0.0500278348439099
LAIR2,-0.036101963746220565
WNK3,0.0035933131923493004
TRIM50,0.12243748237663885
TTTY14,-0.07396859013091313
LINC00683,-0.12364265861026827
LOC100134306///MYT1L,-0.010291661631416947
CD300C,-0.02740600201409553
LINC00958,-0.03670324269888915
LOC100133072///BORCS8-MEF2B,-0.02547967774420634
CRYBG3,0.0668683786505569
BTNL3,-0.029067643504528555
TWF2,-0.06786330312184946
TSACC,-0.004968801611276214
SPHK1,-0.10206805639475972
CMA1,-0.07569510574017843
AADACL2,-0.01267519637461939
C1orf234,0.007384420946629375
BSPRY,-0.022633403826784672
CDC6,-0.02041569989929215
DNAI1,0.009914944612288798
SELL,0.059296525679760875
PRMT5-AS1,0.06397414904330526
LOC100128554,-0.01147468277945314
LOC729815,0.008580704934544745
CCDC40,0.004479637462238551
COL6A5,-0.05401106747230308
LOC283335,0.00420926485398069
HAUS8,-0.004626092648537111
DAPK3,-0.013970080563944711
CACTIN,0.052240433031220876
LOC100506895,0.023069506545823466
GATA3,0.021020956696880835
LOC286297,-0.0047250855991918805
BFSP2-AS1,-0.026287049345414933
DNAJC17,-0.12688165156092335
BMP10,0.00481896273917734
SNHG11,-0.006491460221548034
CHD5,0.03413702920443315
PRSS50,0.000865458207455117
TNK1,-0.007432870090631569
MYOC,-0.010423907351457339
CLLU1,0.02519987915408119
ST20-AS1,-0.04811819738166888
ACVR1B,-0.024435881168174037
CARD18,-0.07493205438066211
CATSPER1,0.04881476334340672
MC2R,-0.034264712990933796
LCN6,0.09042186304129134
ATP2B3,-0.0013950453172174614
IRF7,0.08998444108761613
SLITRK2,-0.005802880161124811
CST9,-0.01354309164148735
CIDEC,0.010436143001009934
LOC100506498,-0.008166616314196668
TENM4,0.0709387009063472
APOF,-0.0030345216515577436
WDR38,-0.03334722054380408
LOC100289361,-0.07179131923463941
TMPRSS2,0.009608499496478426
FAM182B,-0.029820040281970932
LOC105372404,0.011262588116820332
FOXL2,0.03969177240685076
LCE1B,0.049584964753275666
LOC100506122,-0.05155654582074246
LOC286359,-0.055169818731114484
RBMXL2,0.053319899295068085
KCNG3,-0.0011130614300073165
SPRR1A,-0.007949385699896587
KCTD14,-0.011578126888214288
ITIH3,0.0036524974823792383
DUSP2,-0.005107865055384541
LOC101929505,0.05039661631420202
BCHE,0.027672588116820444
ABHD11,0.11024813695871369
LOC283270,-0.08236899295065114
LOC101929897,-0.02600775427995649
CCL11,0.011605639476337276
LOC100505824,0.008357029204433698
RASSF2,0.025248700906347333
PAGE1,0.018277552870093403
CASP3,0.031089003021151425
RORB,-0.041877774420944064
ALKBH3-AS1,-0.007805599194357421
ACTC1,-0.0006579053373585997
LOC642361,0.04608133937563222
ERICH5,-0.07443426988922183
CDC42BPB,-0.02281217522658298
KCTD7,-0.06120274924471008
NPB,0.029884169184292618
PUDP,0.06288254783484702
PIK3C2B,0.09675815709970104
WNT9A,0.09336781470292298
STXBP5L,0.014292084592147876
PRKAG1,0.04189233635448454
ZNF510,0.0208479254783512
LINC01169,-0.009977683786502635
C9orf16,0.016145297079558973
INTS4P1,0.021182980866064988
NDST4,-0.043811440080561107
IGHV4-31,0.07140990936556142
LOC100134333///LOC100130525///KIAA0895L///EXOC3L1,-0.007203796576029382
WSCD1,0.045565871097686186
PHACTR4,0.07932341389728392
GPS1,0.19722314199395957
ACOX2,0.06406449144008323
ASCL1,0.004165387714000945
AZIN2,0.023340785498491952
ACTR3C,-0.02001713997985601
TLR8,0.02526333333333606
NSMF,0.06468744209466507
C3orf20,0.002078368580063071
LINC01207,0.0034823564954713426
CHTF18,-0.17143804632426607
NRIP3,0.03710677744209763
LOC105369230///HLA-DRB5///HLA-DRB4///HLA-DRB3///HLA-DRB1,0.04584865055388011
SLC2A8,0.055866958710979325
LOC100128146///ANP32AP1///ANP32C///ANP32D///ANP32A,0.0298527895266896
IGF2BP2-AS1,-0.10196221550855697
RTN4R,-0.0275416616314172
HEATR9,-0.11250554884189017
MMP17,-0.007767965760319365
WRAP53,-0.046813192346421534
ALDH4A1,0.11612984894260037
FMO2,0.09349688821752525
ZNF70,0.013435649546830533
TMEM161BP1,-0.050344954682776694
TMEM160,-0.07320622356495138
CCDC168,-0.10792022155085285
PVRL3-AS1,0.0014806847935577346
PWRN1,-0.026035760322252716
RNF186,0.009146374622359205
AGMAT,0.01576033232628684
LOC101927650,0.02217824773414184
ATP11A-AS1,-0.04291358509566694
DRD2,0.021660412890234355
CEP250,-0.06732194360523394
LOC100506557,-0.01436403826787257
SPACA7,0.01627274924471591
CDH4,-0.025837522658607517
BIK,0.02214302114803878
ZIK1,0.016602255790536445
LOC101927690,-0.04104217522658299
UQCC3,-0.036791832829805624
BEST1,-0.049703766364548825
LIMD1-AS1,0.07309766364552081
TAS2R13,-0.06433075528700574
GGT2///GGT3P///GGT1,0.016420422960728057
OOSP2,-0.15282843907351093
TSIX,-0.002116002014095901
TTYH2,-0.007879718026180572
POMZP3///ZP3,-0.01994136958710678
APBA1,-0.07724521651560629
PCDHGA11,0.026277663645521143
NPY5R,0.04604256797583335
LOC101928225,-0.09018407854984609
SLC25A10,-0.031755186304125965
PP12613,-0.043600332326280786
ARFIP2,-0.032303011077539606
APOL4,0.0313909264854006
RBMY1J///RBMY1E///RBMY1D///RBMY1B///RBMY1F///RBMY3AP///RBMY1A1,-0.004703776435042471
GLRA2,0.012262658610274717
CXCL6,-0.004378580060419919
ZNF503-AS2,-0.10417768378650254
GABPB1-AS1,0.06635111782477607
BRE,0.06661803625377882
ARL10,0.04826817724068694
LOC728842,-0.044572567975828065
TMEM198,-0.04086716012084289
ZFR2,0.029016958710979437
LTB4R,-0.11286225579053058
FRMPD3,-0.009880715005032344
LINC01539,-0.011150674723058317
GTSF1,-0.02097513595165883
ATG4D,0.019471369587112528
FER1L5,-0.028232789526684003
AQP7,-0.009154551863038343
IMPA2,-0.002341883182273373
LINC01138,-0.021076888217520087
HTR3A,-0.007186958710974377
GYPB,-0.08217296072507246
GDF15,-0.03867470292044016
NKAIN3,0.02261680765357803
SARS2,-0.05952843907351138
GPR19,-0.005179133937559973
LOC388456,-0.015914884189322142
FANCG,0.021616978851966253
LOC648390///UBB,0.017611299093658335
TRAC///TRAV20///TRA,0.032359929506548854
KIF2B,-0.0026223766364526077
ASL,-0.050928721047327846
GABRA4,0.11938127895267132
LEFTY2,-0.06268203423967456
LINC01465,0.018172749244715895
NPHP3,0.00048405840886480214
F7,-0.00021540785498209286
CCDC105,0.014882155085601922
DUSP21,5.964753273195872e-05
SIDT1,-0.0011224269889194664
LINC00673///LOC284072,-0.009244320241688586
ZNF512,0.07597303121853252
PRMT5,0.07568256797583382
LSMEM1,0.04902704934542068
LOC642502///SDHC,-0.0072035045317191335
SELPLG,-0.10996875125880896
KLRG2,-0.02321155085598888
RBP3,-0.009368197381669021
TENM1,-0.013082598187308309
FAM174A,0.00301606243706231
FAM93B///LINC00937///OR7E140P,-0.014449778449140967
FLJ21408,-0.005130956696875437
LY6K,-0.08387585095669389
SMIM2,0.04378841893253073
BEX5,0.1104136656596198
LOC101927790,-0.007155971802615435
KRTAP19-3,0.056209214501513005
NRM,0.05954204431017393
LEMD1,0.04367955689829064
ASB16-AS1,0.022527512588119747
LOC101927348,-0.05560299093655294
SCN4B,-0.0065757200402789436
CPED1,0.015625911379660115
RARRES1,0.018852336354484335
PMPCA,-0.02677642497482062
LOC105373460,-0.014820725075525523
SYTL5,-0.02427747230614044
ZNF689,0.00985665659617636
LOC105374809,0.022294330312188013
LOC101927313,0.029940090634443972
PLVAP,0.0940972104733164
MSANTD1,0.004992437059418965
DHRS9,-0.018826082578043524
IFNL2,-0.04411244712990621
LUZP4,-0.0797402215508528
ZNF831,-0.013788298086603406
LOC100127940,-0.08548813695870795
ZBTB49,0.02375136958711259
LOC100134197///DTX2,-0.001159929506543353
HNCAT21,-0.010719345417922906
SFTA2,-0.019814964753270176
LOC730200,0.01128583081571259
CTRC,-0.08531874118831534
C15orf39,-0.00024910372607972464
MYL4,0.010201933534745957
C4B///C4A,0.011543907351463076
CCDC158,0.046299798590133584
SRMS,0.012425085599197076
LOC100132502///RIIAD1,0.1626287009063469
TGM5,-0.015445528700903363
ZNF775,0.02527481369587371
FRAT2,0.009957985901311634
TRIM48,-0.02267412890231335
CCDC185,0.03156587109768683
KRT14,0.003945115810677526
LOC286382,-0.0063794461228573185
GDPD5,0.09102576032225809
CORO2A,-0.045771822759311825
NSG1,0.005670543806649294
LHFPL3-AS2,-0.010615196374619836
LOC651198,-0.08506706948640153
OXNAD1,-0.012671117824770525
CLASRP,-0.09590119838871719
BPIFA4P,0.0349404431017149
LINC01558,-0.03081683786505232
CDRT15,0.020253897280969935
LYRM9,-0.109951621349443
GDNF,0.05804583081571253
DCTN5,0.03700880161128229
MYL1,0.02350744209466546
GLRA1,-0.036274874118829
SETD4,-0.12348970795568676
MKNK1-AS1,0.035507522658613046
LINC01523,-0.015473514602212956
LOC390705,0.031049405840888663
LOC105378948,0.03509030211480644
LINC01588,-0.09077705941590834
SLC26A1,-0.05000202416918197
TAF1L,-0.03987962739173921
DCST2,-0.05133049345417638
PRX,0.13323878147029455
OTOS,0.02243745216515875
FAM84B,0.011549607250758263
C1orf87,-0.006427129909363123
TEX261,0.055396143001010034
ARHGEF7-IT1,0.003168459214504201
LPAL2,0.021356696878149964
IPO4,-0.07481509566968414
ZNF582-AS1,0.06105977844914685
TUBA3D///TUBA3C,0.009163514602218084
LOC105372547,-0.0012645417925449664
LINC00939,-0.024714521651558123
LOC100130332,-0.017293997985898278
C2orf88,0.040060191339378604
PRMT1,0.045009476334343164
XGY2,-0.029710735146019157
KCNQ3,0.03865232628399063
IRF2BP1,-0.1164438872104697
CAPN1,0.12411784491440264
KCNH1,-0.02449985901308875
LRP4,0.06179662638469571
TRIM51,-0.02447229607250479
PPP5C,0.02086541792548094
NUDT18,-0.031545528700903075
LOC100133748,-0.027294038267872484
NEFH,-0.02945796576031899
LOC100132005,-0.03355942598186999
PPP1R14C,0.13979953675730383
ACVRL1,-0.02171721047331019
AMELY,-0.033401621349443265
TRHR,-0.01541397784491104
ZNF285,-0.07323955689828482
TTLL1,-0.04504304128902005
LOC100128175,-0.0213933031218501
CRYGN,0.04814402819738422
RYR3,0.008966505538774087
SPSB2,-0.05300819738166892
ZNF695,-0.019606002014095885
MYO1F,0.01559107754280287
HMGCS2,0.010453997985904045
LOC388942,-0.007549566968778725
DFFB,0.053862225579055484
FGF19,0.06366756294058705
SNAP91,0.07738615307150301
PPP2R1A,-0.008815750251759041
TUBA8,0.013169466263849693
SMC2,-0.03672487411882845
TAAR9,-0.04486680765357258
LOC440117,-0.10224200402819411
RANBP17,-0.029527049345415134
REC8,0.010977865055390335
ACSM2B///ACSM2A,0.03435752265861306
PRR20E///PRR20D///PRR20C///PRR20B///PRR20A,-0.09083993957703596
EPHB6,-0.07896207452164876
LRRC74A,-0.00587710976837566
ZNF607,0.005715176233638189
MTMR10,0.07325331319234916
CEACAM7,-0.01749830815709685
PVALB,-0.12144554884188999
SP5,0.1887769889224592
GABRR2,0.18715814702920713
ARHGEF34P,-0.017738136958707733
IGHV3-75,-0.08806276938569697
AZGP1,0.011628308157102701
USP19,-0.007917180261830196
MIR7515HG,-0.03518337361530417
ZBTB33,-0.08954699899294788
MICU1,0.02216215508560239
ITIH2,0.0025080866062465166
ELMOD1,0.00210989929506835
LDLRAD4-AS1,-0.042882467270893176
ANGPTL8,-0.016306636455183387
C16orf82,0.0057913695871128455
GATA5,0.03373148036254034
HTR4,-0.01765597180261523
LOC107984678,0.007022084592147777
ARHGAP4,0.043289093655591374
SMIM1,-0.03514219536757019
GLIPR1L1,-0.09320328298086286
SAPCD2,-0.0350438267875095
VIT,-0.008121037260823034
WDR31,0.01875440080564217
DNPEP,-0.04473852970795272
SH3TC1,0.03840984894260126
PNLIPRP3,-0.00014738167169910284
SLC23A1,-0.013391873111779362
ZSCAN22,-0.006187180261829857
C8orf37,-0.008737150050349335
LYL1,0.034390574018130136
TUBBP5,-0.021322064451155115
RPS10-NUDT3///NUDT3,0.03987135951661922
CAMSAP3,-0.0389934038267845
CYB5R2,0.011843766364554593
LOC100129720,-0.022170574018123855
SPINK1,-0.01702337361530433
CRLF2,-0.015824984894257266
WDFY4,0.021880110775431026
LOC101928961,-0.02078746223564656
ERAL1,-0.04040650553876829
LOC729397,-0.003793413897278018
ATAT1,-0.08008023162134612
LOC157931,0.017857744209469235
EFCAB10,-0.023373776435042286
ADAL,0.08622791540785746
HTR2C,-0.0017887915407825148
ABCC11,-0.07262216515608931
LOC105378130,0.06299041289023402
DKFZp564H213,0.026093192346427783
EGFL6,0.014853293051362385
C11orf52,0.039818348439076355
MAPK8IP3,-0.013211470292041227
GBX2,0.02202320241692131
RIPPLY1,-0.06884233635447812
NOS2,-0.025886485397781947
CT62,0.03900182275931815
JPH3,0.009554632426991682
OCM///OCM2,-0.004106827794559023
DIO3,0.015600362537767023
FAM71F1,0.05094788519637749
LINC00226,-0.010731570996975526
LOC101927402,0.04209373615307412
PAX3,-0.0012533534743176297
FLJ12078,0.02077260825780738
SPRR1B///SPRR1A,0.00466948640483677
WDR88,-0.027665639476331227
CHAF1B,0.02809002014098988
SYNDIG1L,0.015474803625380477
CCDC115,0.07223844914401065
LOC728777,-0.02614635448136701
DOCK4-AS1,-0.17177124874118535
SAA2///SAA1,-0.005713011077540169
MS4A5,0.005725196374625114
MLANA,0.030012698892248377
EMX2,0.00033841893253037155
RNF31,0.017825800604232188
CLEC3A,-0.012022537764347516
CHRNA5,0.008800221550859048
IZUMO2,-0.011768197381668559
LOC731484,0.048733141993960866
RNF41,-0.07999473313192021
RAB2B,-0.08317234642497129
MAP1LC3B2,-0.005735800604226866
LOC652493,0.008927119838874798
POLR3K,0.027075015105742742
ATP1B2,0.03311403826787807
VARS,-0.11186773413896928
DPEP1,0.03703343403827066
USP44,0.0072247230614325975
RASL11B,-0.023473121852967828
CD101,0.008165166163144798
RAMP2,0.05888642497482636
KLB,-0.13546132930513233
BAIAP3,-0.01936798590130624
DEDD,0.0003933031218562172
FBXO39,0.014963736153074553
TRAF2,-0.05409419939576744
NAV2-IT1,-0.0041546424974795056
C2CD4B,0.0825844813695901
KNDC1,-0.014720261832826813
MC5R,-0.01006540785498139
GPR101,0.032760543806649056
LOC100132947,-0.02202386706948352
CDR2L,-0.2102994561933494
CST13P,-0.10143366565961479
CLEC4C,-0.04374807653574735
PPP1R37,0.00042586102719307725
LOC101928449,-0.0016755991943578647
LOC101927943,-0.09265762336354165
HOXA1,0.02087556898288284
HDAC6,-0.04844013091641227
MYCNUT,0.02987879154078807
XKRX,0.004841087613295493
LOC101929122,-0.022125256797580255
CDK18,0.03512812688822027
LOC100128570,-0.04878607250755027
LOC100130415,0.025987321248743672
HYKK,-0.004138016112786844
SLC12A5,0.005604743202419401
FAM131C,0.017133816717021865
CYP1A1,0.014103192346427689
PRY2///PRY,0.023550312185299852
ZC2HC1B///LTV1,0.014759093655591762
SLC22A18AS,-0.020769627391739143
SLC14A2,-0.023520402819735393
OR51B4,-0.02953266868076261
DUX4L2///DUX4L3///DUX4L5///DUX4L6///DUX4L7///HPX-2///LOC652291///LOC652119///LOC651709///DUX4L12///DUX1///DUX3///DUX5///DUX4L1///ASMTL,0.014730845921452768
GRID1,-0.01024791540785242
LINC00927,-0.040478026183280134
LOC101927021,0.010836555891241396
LOC101927769,-0.024912578046321257
PLA2G12B,0.008952668680768158
APCDD1L,-0.040743937562937205
IRF1,0.020351137965763245
HIST1H2BB,-0.006055941591135511
TMEM31,-0.145649828801608
PON3,-0.020131480362534454
ACOT4,-0.008201762336351559
LINC01512,0.021931057401815498
TNNI3K,-0.006894209466260777
ANKRD30BP2,-0.025354994964750528
ZNF416,-0.20678736153071126
BLMH,0.0160101812688851
GAGE1,-0.19217059415910998
DMRTC2,0.10072978851963976
DDX51,-0.06467508559919154
IL23R,0.02150184290030471
LRRC6,0.06001993957704224
KIAA1210,-0.01179883182275673
NR1H4,-0.00022994964752990135
C10orf71-AS1,0.004423867069489416
APBB3,0.04282908358509774
C20orf173,-0.03844902316213193
NAT6,0.041957019133940135
IDI2,-0.021688801611276343
BCO1,-0.015230040281971212
DSG1,0.00724291037261118
OTC,0.042930433031221085
TP53INP2,-0.015244934541789677
ADRA1D,0.01301480362538051
FZD10-AS1,-0.0015411883182251465
PPP1R36,-0.026032155085596705
GSN-AS1,-0.022332729103723345
FAM160A2,-0.04202915407854685
GABRR3,0.030693242698894577
DHX33,0.02386883182276206
ISPD-AS1,-0.024104803625374822
MGC4859,-0.007366696878143952
PPDPF,-0.02782680765357276
BBOX1-AS1,-0.006441893252766586
TMOD4,-0.045411268882172215
CASC1,-0.043922034239674716
ACBD4,0.012607532729105947
DNAH17,0.06068913393756545
RHOF,-0.03541911379657293
RETN,-0.025461681772403634
NPEPL1///STX16,0.20709033232628538
DISP3,0.01738414904330607
AMOT,0.00034233635448421146
LOC101929340,-0.020349053373612556
KLHL12,0.01745590130916727
GRIK4,0.044158710976840876
C17orf53,0.10179076535750504
LOC100499484-C9ORF174,-0.05906023162134584
ZNF32-AS3,-0.02446751258811412
ALPL,-0.09255138972809364
C2CD2L,-0.03315166163141749
RGS19,0.05818986908358792
ANKRD13B,0.02639787512588357
LOC644613,-0.06657974823766077
LOC105370613,-0.0024509768378624267
C20orf27,0.043233131923467276
ASTN2,0.03591667673716305
SCAI///GOLGA1,0.003484169184292717
LINC00302,0.0092825981873138
MIRLET7BHG,-0.08257891238670376
NPHP3-AS1,-0.0682878851963716
FRAT1,-0.025598066465254005
LOC100134221///ZFP1,-0.009828912386704127
TMCO6,0.13324251762336592
LOC643623,-0.0010421047331292902
CPT1B///CHKB,-0.006460845921447217
SPTA1,-0.04527783484390464
LOC101928909,-0.04866149043302821
C12orf42,-0.03494928499496204
ENDOU,0.012287059415914361
ARRDC1-AS1,-0.06375468277945273
CENPV,-0.0820788016112758
VENTXP1,0.009665861027193077
LOC102724002,0.03325052366566255
LAMB3,-0.19759424974823353
GPC5,0.01797131923464531
STAT5B,0.053596384692852425
MRAS,0.009281953675732525
MRAP,0.008068247734141575
CA5B,0.011354320241694645
TTLL4,0.011361560926488237
DGKK,0.04171189325277197
MED12,0.05174781470292299
ZNF444,-0.01814484390734839
KBTBD3,0.017775770392752178
OTOR,-0.022953262839876074
MACROD2-AS1,-0.03946314199395471
SGO1,-0.053307482376633256
RAB40AL,0.06706636455186532
MEST,-0.017216535750248778
LINC00996,0.0020354984894288726
PLEKHB1,-0.037113152064448304
FJX1,-0.0005747129909332849
UGT3A1,0.11460255790533946
HRAT13,0.00802498489426252
WFDC9,-0.031363091641487865
MOCS3,-0.000780161127892795
ASMTL,-0.0016448539778419237
GAS2L2,-0.06204676737159913
LOC100129951,-0.020548328298083764
MFSD5,-0.026740715005031987
ZNF703,-0.025321107754276817
CRX,-0.01502560926485115
FAM41AY1,0.033303836858008806
FDCSP,0.054220251762339314
MROH2A,-0.08287212487411616
ASGR2,-0.02481095669687533
TG,0.046396324269891695
RMI2,0.05320847935549099
CECR9,0.03297334340382935
LOC101928123,-0.1769939677744174
LINC01565,0.05565653575025476
LOC727901,0.028114118831825796
LOC101927420,-0.01725116817723794
LINC00452,0.01672396777442366
ZNF805,0.07993578046324555
CCDC125,0.06665632426989176
IL18BP,-0.0028854984894227213
CTNND2,-0.09126021148035929
LOC107984282,-0.051130191339372424
AGAP5///AGAP9///AGAP4,0.021261158106749955
LOC647115,0.036458056394766104
SOHLH2,-0.019844843907348843
RFPL1S,0.003192678751261854
LOC729291,0.026193786505541578
CYP4Z2P,0.010525256797585822
OPRL1,0.05337926485398082
TEX13B,-0.0068998388721018475
LOC101928597,-0.006201067472303151
TGM3,-0.08269290030211225
PARK2,0.027011127895269327
DPF1,0.037535498489428776
LOC100996583,0.014781379657605757
LYSMD2,0.05216711983887477
LURAP1,0.045372940584091415
LOC100130356///PAQR3,-0.009168640483380761
LOC100129029,0.01132895266868335
ATP8B4,-0.008562719033229893
MAP2K1,0.0580424269889251
VENTX,0.04327813695871348
DUOX2,0.005238288016115719
PDE2A,0.0979471097683818
IFNA4,0.019750815709972724
CFC1,0.047422336354484076
HCN2,-0.0012865558912360069
TRPC3,0.0019305337361557769
ATP1A1-AS1,0.013688499496478098
HIST1H1B,-0.00026723061429728863
LOC729314,-0.0562944813695843
MED16,0.006919184290033159
CHMP6,-0.12599235649546486
LOC101928491,0.03414746223565229
HS3ST2,0.02717531722054682
CLEC12B///CLEC12A,0.0019423464249771556
ACTL6B,-0.021871218529705194
OR4D1,0.0069353373615334115
DCSTAMP,0.01500111782477613
ZIC4,-0.003688429003018346
LOC646903,0.0025350151057431116
HIST1H2BC,0.05942894259819009
PIDD1,-0.024823464249744964
APCS,0.023911993957706556
LINC01226,0.047312275931522874
IL36G,-0.02028387713997704
LOC100128718,-0.006939687814700118
ERICH1-AS1,0.03375482376636696
LOC642131///IGHV1OR21-1///IGHV4-31///IGHV7-81///IGHM///IGHG1///IGHA2///IGHA1,0.00590662638469567
RHOG,-0.058388046324266085
CRADD,-0.06962898288015834
CTSE,0.010325730110777953
TBX2,0.0240431319234672
C1orf35,-0.1020719939577002
ZNF296,-0.037310090634438395
LOC102723409,0.007166465256800366
TMEM125,-0.03842544813695574
FBXW10,-0.09267574018126568
CCDC148,0.023611057401815603
APH1B,-0.019832235649543756
CCDC89,-0.015428147029201745
LOC728283,-0.03201513595165899
SNHG22,0.0579904632427006
OR1A2,0.09038423967774689
DPPA5,0.0231155085599221
NPPA,-0.06296599194360253
VAT1L,-0.025166727089624558
DNAJC5B,-0.03181755287008774
MEF2C-AS1,-0.0710230412890204
EXOSC2,-0.023560443101709513
LOC100131180,0.005751238670697708
LOC729307,-0.026012567975827787
PHF23///NUP98,-0.038761258811678904
HFE2,-0.013192950654579337
PIK3IP1-AS1,-0.009945367573008377
MYEOV,0.09884521651561198
GTF3C2-AS1,-0.021167260825777377
LINC00460,-0.10051263846928203
LINC01449,-0.0798784894259791
SATB2-AS1,0.0075527593152091115
PKP3,-0.06431774420946328
LINC01193,-0.03756388721047052
LOC101928417,-0.02653605236656345
PRR4,-0.0480528499496448
LOC101929174,-0.027260604229604538
OR51B6,0.013799013091644137
HLA-DRB6,0.020350453172208304
LOC284912,0.0393281168177267
CLVS1,0.030283121852973483
ROS1,-0.016725297079553766
KLK15,0.014418157099700402
LOC286254,-0.04214092648539535
CETN1,0.0869347935548864
ZNF653,-0.2128533232628363
KIR2DS4,-0.06912077542799318
UCP2,0.004755830815712632
RORC,-0.10325633434037983
FGF11,-0.16180579053373254
LOC400464,-0.018203967774418142
COL18A1-AS1,0.002520815709972292
RAET1E,-0.026467421953673496
KRTAP1-5,-0.054733222557902195
LOC648795///LOC440302,0.0005101711983912765
MMD2,0.030507935548844282
PGD,-0.054923172205435106
LOC730496,-0.03824073514601917
MCM4,0.010574924471302163
CBX4,0.009278781470294995
LRRC55,-0.03358732124873888
FAR2P2///LOC150519,0.017952104733134574
ALAS2,0.018042729103728835
SBF1,0.058136304128904887
CLC,0.00968659617321538
FIBCD1,0.0008799597180288157
PICALM///MLLT10,0.028697703927495405
TMEM169,-0.14230783484390383
HSD11B1,-0.014804551863038314
TEX33,-0.053754783484388086
LINC00877,-0.03125722054380408
LINC00967,0.04228051359516864
MBLAC1,-0.13647203423967436
PLD4,-0.1294652870090607
VIPR2,0.03071376636455465
LOC729683,0.007939959718029126
CATR1,0.01233912386707241
OXLD1,-0.04100947633433699
CD8A,0.010420040281976531
MOP-1,0.017179959718028874
TWIST2,-0.017893262839876467
PLA2G6,0.005667895266870657
CAPN10-AS1,0.06197653575025408
SCN5A,-0.007421017119836091
LIMK2,0.11245090634441263
GRM6,0.002544541792549997
LOC652565///CD8BP///CD8B,-0.010786183282977915
C20orf96,-0.06633336354481048
LOC729870,0.01682593152064736
CTAGE11P,-0.04110349446122557
FLJ38576,-0.024473776435042553
NLGN3,-0.050304592145012095
DMBX1,-0.12657834843907018
TBL3,-0.12079577039274578
TBC1D26///ZNF286A,0.022316042296075155
OBP2A,-0.005058187311175459
TMEM141///CCDC183,-0.08862694864048004
DACH2,0.01458600201410147
LOC339874,-0.15625891238670367
CALHM1,-0.11832383685800264
DCUN1D3,0.03312006042296359
PKHD1,-0.06372453172205139
LOC101930028,-0.01486046324269617
SIGIRR,-0.07467910372607914
LCK,-0.053270674723058825
VSTM1,0.02260156092648794
CERS4,-0.061331842900299305
RUNDC3A,0.007473716012087128
HYDIN,0.026716827794564406
POU2AF1,-0.03926658610271632
TRIM41,-0.0164052265860999
MARCH2,-0.10544237663645184
ANXA2P3,0.03906967774421194
LOC730909///HERC2P10,0.030578539778452145
CDKN2A,0.027652054380667448
GCDH,-0.056889959718022784
TMEM108-AS1,0.007677885196377382
PSMG3-AS1,0.026914833836860587
NR1H3,-0.08820925478348077
LOC100129973,-0.022820382678748537
HRH3,-0.020034269889221523
LOC400940,-0.015061188318224915
TRIL,-0.007345176233633044
PPM1E,-0.034622618328295315
FAHD2CP,-0.02538532729103466
SENCR,-0.035795830815707266
DAW1,0.014048841893255231
RRAGB,0.030647724068481968
HSF2BP,-0.026745266868073644
ADAM5,0.0020282980866089748
TSGA13,-0.01936551863041018
CRTC2,0.02301066465257076
PAPOLB,0.0055900402819762385
GNA14-AS1,-0.003716777442091944
AHSP,-0.00863762336354209
DIO1,-0.07312390735145752
SP8,-0.014855498489423039
KRT72,0.020516978851966298
RPS27P6///RPS27P29///RPS27P21///RPS27P7///RPS27P23///RPS27P13///RPS27,0.041229375629408545
TBC1D17,-0.024316807653572477
XK,-0.0007608459214473347
ZBTB25,-0.004641127895263974
LINC00645,-0.01297742195367306
LOC101929188,-0.03695136958710696
ALK,0.010494441087615939
CECR3,-0.006434008056391813
ATG2A,-0.018875961732122665
C5orf46,-0.006559556898285218
ZNFX1,0.04731419939577332
PROX1,-0.06703905337361245
PRH2///PRH1///PRB4,0.007207915407857854
ZAR1,0.01425461228600479
GINS1,0.010816717019136555
PRO1483,-0.013490684793551956
CREB3L4,0.01523978851964013
DUS1L,-0.08911326283987567
MAGEA11,-0.006950342396774772
LPAR2,0.04681195367573261
LOC100129022,-0.011662205438063712
MISP,-0.022050513595163277
ILDR1,0.014041299093658102
GNG3,-0.0027814904330283954
LOC732447///DAZ4///DAZ2///DAZ3///DAZ1,-0.02133911379657333
CSF2,0.011741883182278682
IL24,0.022553585095672516
CD53,0.051874743202420026
ATP23,-0.0042472708962712005
LOC100130744,-0.004947029204428285
FN3K,-0.007117351460219051
NXNL1,-0.09656421953675398
LINC00210,0.0024123061430036804
LOC730125,0.057975558912388855
MRGPRX4,0.002135166163144773
GMCL1P1,0.01819756294058689
FAM138C///FAM138B///FAM138A///FAM138F,0.009365236656599048
C1orf158,-0.02331388721047021
ADRB2,0.07874843907351689
LOC283387,-0.005655639476331541
SMIM5,0.0005873514602241295
LOC100131613///AHSG,-0.05639988922456944
TMEM51-AS1,0.003612557905339958
LOC100132740///STAG3L2///STAG3L3///STAG3L1,0.06115085599194564
CD27,-0.06741018126887917
LINC00887,0.045110241691845285
NME5,-0.052196384692846584
TMEM54,-0.18677004028197025
ATP13A5,-0.09041299093655304
SLX1A///SLX1B,-0.19940162134944206
MYOCD,-0.008627754279956965
FAM81A,-0.0567543605236627
CD3D,0.029247170191342202
DDX19B,-0.04539552870090356
ICOSLG,-0.058607703927489624
LINC00648,-0.027981117824770703
CD72,0.016222034239680338
SYT14,-0.035564914400802665
ZBBX,-0.012690876132927863
DFNB59,-0.0014101711983861443
OR1D2,-0.0323121651560896
FRMD5,-0.0383764753272881
LOC101928009,-0.01455287009063202
ELFN2,-0.03737572004027877
KRTAP4-1,0.0006870795569009786
EP400NL,0.003667029204433746
CA7,0.04156372608258056
FLJ33360,0.0003722557905364689
CELF2-AS1,0.015919325276941183
LGALS8-AS1,-0.02741593152064198
OTOGL,0.0027301711983913415
CCER1,-0.03328668680765043
LOC102724612,0.04099775427996248
LOC100133577,0.041982024169186935
LOC729766,-0.05073549848942313
PROSER2,0.0220587210473341
DEFB122,-0.003184068479352628
CLEC1B,0.021866938569992334
PITPNM3,-0.10909397784491084
TERF2,-0.061143766364548865
CYP4F2,-0.004093927492444496
NAALADL1,0.0324494360523694
CD244,0.06918018126888484
TLR2,0.01607913393756602
CDT1,-0.03497585095669388
UNC45B,-0.0061524874118801115
LINC00698,-0.10922965760321941
LOC100506314,-0.057161148036250935
BSN-AS2,0.01787348439073795
CYP2A7///CYP2A6,0.017397995971805375
LOC102723701,-0.005423514602212758
SCO1,0.023249073514604653
BCAS4,-0.062573504531719
GSTTP1,0.06537306143001301
ORAI3,-0.004680231621346259
PPL,-0.027199345417923154
WNK4,-0.021396737160117987
LOC105371920,0.051517341389730756
RPS11P6,0.063266817724071
CLPB,0.030666737160123123
LOC400794,0.05080449144008313
IL21,-0.00646873111782242
DLG1-AS1,-0.02638125881167888
GATSL2,0.025894662638472142
LOC400756,-0.06269198388720727
LOC100129206,0.05390788519637657
OLIG3,-0.01104570996978595
SULT1A1///SULT1A2,-0.055604269889221486
FCGR3B,0.035100030211483356
GAL,0.014200080563950628
CHRAC1,0.00267995971802909
RHOD,-0.10087971802617973
C15orf49,0.051125387714000894
ANKRD18EP,0.019669828801613803
SLC25A18,-0.044990735146019534
MBL2,-0.005618318227590379
POC1B///GALNT4,-0.0647738267875097
CACNA1H,0.06410167170191582
ILDR2,0.0267318126888242
NME6,0.12783424974824004
AP3B2,-0.09012471299093336
SLC8A3,0.02493733131923745
LOC105378589,0.039267844914403285
MGC40069///TRAV8-3,-0.02028082578046063
KCNN1,0.04069605236656884
HIC1,0.034028569989932346
FAM134C,-0.07382895266867726
LOC101927766,-0.05449315206444845
LOC285423,-0.04292567975830574
LOC285812,0.04861300100705228
CMTM8,-0.011095397784488916
DKFZP564M1462,0.021766646525682325
IVD,-0.14010149043302805
LOC100131303,0.017238801611281482
UCN,0.04584419939577304
GYG2,0.011770644511584095
ASPA,-0.06714240684793236
GALNT8,-0.052072205438063304
GPRIN1,-0.0938282275931494
BPIFC,-0.028853242698889524
GPR182,0.022641460221553684
MIR4458HG,-0.00939677744209158
UBIAD1,-0.05709508559919146
LINC00610,0.03560941591138263
TRIM40,-0.006887482376633738
GYS2,-0.007677885196371796
OR6W1P,-0.009050352467268194
TCTE3,-0.01804313192346139
FABP7,-0.027594672708959822
FAM83C-AS1,0.022317583081573368
TRIP13,-0.027074269889221292
KRTDAP,-0.008968640483380887
CSHL1,-0.011341087613290765
UBE2O,-0.08814968781469926
LOC100128840,-0.014456928499493635
FAT2,0.07157878147029455
LOC100129448///WSCD2,0.01034931520644817
LOC731484///DIS3L2,0.011613585095672719
CHST7,0.022794048338371137
LOC254896///TNFRSF10C,-0.010981359516613349
LINC01181,-0.03356831822759021
MAP6D1,-0.05344071500503271
CNBD2,-0.06919951661631074
ZNF135,0.04168374622356768
PRSS54,0.014921611278955325
ZNF141,0.0005250654582103173
CDKN2A-AS1,0.010291127895269727
HOGA1,0.013554561933537199
OR11A1,0.024622225579056134
C1QTNF2,0.030283021148039137
ZNF578,0.04562072507553096
CASC2,0.012377945619338134
KRT73,-0.009484662638466257
LIM2,-0.0652376837865026
HOXB8,0.008375266868078948
PHF19,-0.11952604229606928
SYT15,0.005744652567978202
RASGRP1,-0.0010177442094636375
SMPD2,-0.07995157099697539
SSU72P8,-0.012954833836855442
C2orf70,0.02977724068479625
CYP24A1,-0.004300362537761539
NR2F1-AS1,-0.016247321248738116
C5orf17,0.006653846928502318
ADAMTS13,0.09136410876133119
NUS1P3,-0.012056888217519938
SYT4,0.03727982880161404
FAM78A,0.003282910372611164
FAM78B,-0.022939284994961975
LOC100289061,-0.07562665659617061
RBM38,-0.019537703927489415
LOC101928847,-0.007927492447126962
TRIM63,-0.029460030211477535
ZNF595,0.024644088620345256
DKK4,-0.05318620342396481
FBN2,-0.004997865055384838
KIAA1659,-0.0722206243705909
PCSK1N,-0.016608932527690787
FAM127C///FAM127B,0.05433110775428289
CXXC1P1,0.004152567975833578
NPIPB7///PDXDC2P///NPIPA1,0.01815341389728376
PRDM14,-0.071599526686805
LOC650024///CT55,0.06355152064451448
C19orf18,-0.038419556898284885
LINC00865,0.029160322255793215
IL37,0.02025383685800864
CTAG1A///CTAG2///CTAG1B,0.04272338368580306
FLJ41170,0.04748056394763592
FRMD1,-0.0605341490432999
INHBE,0.01898314199396061
DUSP8,0.20086942598187565
ZNF837,-0.050678831822756655
CD300LF,0.04219659617321518
NLRP3,0.02321868076536009
C12orf45,0.06613816717019431
TNFRSF25,0.03697883182276203
LOC101927513,0.0627096273917446
LRTM2,-0.07913522658610003
PDGFA,0.08620698892245963
LOC105370612,0.01582736153071758
BCRP7///BCRP6///BCRP3///BCRP1///BCRP2///BCR,-0.022255770392746163
ABCC6P1,0.061204118831825055
ACSBG2,-0.009834068479352998
VN1R108P,0.0077786002014123
DEFB4A,0.036535850956698895
LOC100507534,-0.01393722054380369
MSC,-0.08597602215508286
SAMD10,0.026252326283990678
SIRPD,-0.05133220543806344
SNX32,-0.09032078549848627
LOC731884,0.019676858006045215
LOC284395,-0.045694320241689124
ZFYVE19,0.08476544813696105
RPRML,-0.0005225780463216263
LOC101927310,0.02130618328298339
CREB3L3,-0.008996102719030598
LINC00293,-0.020688902316210518
LOC400684,-0.0037366062437031427
OCIAD2,0.018136747230617128
FBLN5,0.02987243705941882
ADIPOQ,0.003608942598189835
CRACR2A,-0.04147030211480056
PHACTR3,-0.03782327291036967
CTC1,0.023351087613295754
SLC10A2,-0.03905684793554571
ANXA2R,0.001154018126890999
SHC2,-0.009545468277943076
PRAMEF12,-0.01951278952668376
CCR2,-0.0049252366565932515
HOTTIP,0.02510134944612539
ASTE1,0.0057546525679785625
LOC101928111,-0.08811365558912093
LINC00324,0.0237649446122889
PACRG-AS1,0.007673494461231549
KCNJ12,-0.03027744209465954
AQP4-AS1,-0.020590775427993077
SPRR3,-0.11001842900301848
NFE4,-0.009269164149040506
MLH3,-0.02024052366565726
CARD10,-0.0105236858006018
PRAP1,0.012068116817726912
LINC00479,0.009188862034242674
GAMT,-0.00010402819737856395
DUSP13,-0.0019104431017091684
CCL19,0.002938882175229269
NSDHL,0.05501370594159394
MROH2B,0.04532040281974088
TMEM130,0.02574305135951955
IL19,0.012465679758310862
FLJ14126,-0.026956092648537516
TCP11,0.0658406747230641
KCNK13,0.07657453172205675
LOC284648,0.007431832829811066
LOC643406,0.020611268882177472
ACMSD,0.03320366565962016
ZNF219,-0.08333233635447815
C10orf67,0.13916147029204634
CD81-AS1,-0.017536978851961114
GH2///GH1///CSHL1///CSH2///CSH1,-0.04268576032225313
FAM223B,-0.048274773413894106
MRPS7,0.025480735146025515
SFXN2,0.0013393152064476305
TBX5-AS1,-0.08451802618328022
CNIH2,0.07838473313192662
SERTM1,-0.03540481369586823
LOC645478,-0.01283881168176957
SPRED2,0.037246576032228584
IFNLR1,-0.0175284491440051
FCGR3B///FCGR3A,-0.050171570996975744
ALKBH6,0.03211045317220824
NBPF6///NBPF22P///NBPF4,-0.07360809667673449
ZNF613,0.008773675730113327
DGCR9,-0.16924441087612999
ANKRD18B,-0.00046808660624129104
ATOH7,-0.03438959718025887
GNRHR,-0.004658549848940172
PP13439,0.05449617321248962
FLJ14100,0.0068996978851992895
CYP4B1,-0.06794873111782224
SLC38A3,-0.14806441087612965
JOSD2,0.008057824773416551
DMRTC1B///DMRTC1,-0.09059135951661362
TNNI2,-0.02242350453171911
DLK2,-0.08296100704934267
LOC105374419,-0.02660082578046037
SCAMP4,-0.008401530715002305
HID1,-0.014372275931517676
ZNF962P///LOC727867,-0.05530744209465976
NECAB2,-0.0379108559919407
FAM230C,-0.006881681772404408
ARX,0.05234664652568259
LINC00309,0.02589320241692112
KCNU1,-0.07489570996978548
HOXA11,-0.06560530715004753
LOC100134123,0.026618076535753033
SIRPB1,-0.0014357200402791495
ZFYVE27,-0.02499932527693552
PCSK2,0.008037734138975645
LOC100130458,-0.017912719033230037
KIF21B,-0.012430402819734995
LCN12,-0.0004923464249719026
BTBD6,-0.01749138972809325
LIPH,0.0002757301107779355
ASF1B,0.09241681772407101
TSPEAR,-0.05201502517623051
OAF,-0.028080704934538854
TMPRSS11E,-0.003487502517620405
SPACA3,0.07717520644511827
LOC100506083,-0.09903029204430691
PKLR,-0.05334932527693571
CDK11A///CDK11B,0.031489546827797185
XIRP1,-0.07576556898287751
KLF14,-0.005829325276935803
XCL1,0.012637573011080275
SUSD4,0.008866646525682748
LOC100129064///LOC731489,-0.19361921450150787
C1QTNF6,-0.0043320946626356095
FBXO17,-0.030971319234638972
PCSK4,-0.00423995971802365
MED10,0.007242678751261888
BTBD19,0.06267879154078693
LINC01254,-0.003339456193350695
DEFB107B///DEFB107A,-0.06492061430009766
LINC01561,-0.07391221550855696
YPEL4,0.046165115810677004
GUCY2C,0.005090151057404645
RXRG,0.02804815709970046
TTBK1,-0.14846598187310833
NKX3-1,0.0004588116817752933
DMRTB1,-0.03921539778448849
WEE2-AS1,-0.04132817724068166
DND1,0.013143947633436584
FAM168B,-0.09709659617320915
MRGPRG-AS1,0.01851760322256079
SMTN,-0.00881176233635161
GPR89A///GPR89B,0.03667681772407141
LOC401317,0.011399687814705742
LOC101928725,0.022451651560929407
LOC727944,-0.07589675730110518
PDC,0.004255357502520299
ACE2,-0.14522396777441754
FMO9P,-0.0076987411883152855
BEAN1,0.011490503524675323
HIST1H3H,0.029307381671704366
LOC149684,0.0119629405840917
LAG3,0.042457844914403395
CNGA4,0.07829368580060705
SLC41A3,0.030829627391744507
CNKSR2,-0.01977425981872826
MINCR,-0.09014889224571648
MECR,0.010031409869086648
MUC19,-0.03525075528700593
IGLV2-23,0.0439374420946651
FOXD4,-0.0793751863041263
KRT16,-0.01837684793554592
CATX-1,-0.0020667069486374062
ACY3,0.05469983887210719
LINC01192,-0.07621278952668395
CAPN11,-0.05358616314199095
RPS6KB2,-0.07763697885196055
SLC44A3,0.00887077542799895
LOC100133109,-0.06673307150050006
PRRT2,-0.029411007049342547
TESC,0.03826389728096942
C12orf49,-0.20544769385699535
GPR158,-0.02133940584088343
TEX28,0.11020856998993181
SIRPG,-0.010206666666663724
CCNB3,-0.009967865055385005
SSSCA1///LYPLA1,-0.06660700906344064
FBXO24,0.06140140986908612
ZNF438,0.045897280966770024
LOC101929116,0.017740785498491972
AKR1B10,-0.027317673716009162
LOC100128325,0.026484692849952248
TMEM159,-0.10966032225578765
PROX2,0.0006957603222585813
SPZ1,-0.023187875125878603
S100G,-0.03362788519637172
MYH2,0.005022648539781248
SEL1L2,0.038277452165159126
LY6D,-0.1623912386706915
LOC284219,0.008356868076538595
ZSCAN12P1,-0.007509516616311676
FETUB,0.03128722054380943
C2orf80,-0.042104823766361786
LOC105369921,0.00704766364552132
SFT2D3,0.08447325276938832
POLR2M,-0.03983289023161796
AA06,-0.04517283987915137
SULT2B1,0.014886596173215406
B3GNTL1,-0.029825750251759334
TCHH,-0.0035488821752240277
SFTPA2///SFTPA1///SFTPA2B,-0.013321711983884231
GATA1,-0.03184881168176955
TMEM201,0.024522537764352863
SLC12A3,0.14389175226586365
SLC35G1,-0.08387313192346126
TRPC2,-0.008763162134941691
DES,0.03866312185297291
KIRREL,0.10615989929506833
LOC101929162,-0.030748610271900345
TSTD1,0.0258496475327315
LINC01613,-0.01569040281973533
SH2D4B,0.023562809667676043
HMX1,0.03534616314199633
LINC00908,0.002269607250758132
POM121L2,0.004396928499498983
ZBTB46-AS1,-0.03174676737159815
CABP2,-0.031221248741185644
SCGB1D1,0.021192970795571784
UBAC2-AS1,-0.031152145015102647
ZBTB7C,0.07556948640483657
FAM188B,0.024935206445118412
ALDH16A1,-0.08450816717018834
ZNF778,-0.0001972708962709041
CCNE1,-0.025062155085595977
CHKB-AS1,0.0066259718026210265
LOC100132884,-0.0015493152064422165
FAM131B,-0.004374058408859187
NPVF,-0.03589202416918118
CHRNA10,0.04648238670695121
CCL26,-0.05851009063443856
CST8,-0.067578620342394
TMEM42,-0.05340065458207119
NDST3,-0.018909284994962163
CPNE2,0.004451258811684927
MCOLN1,0.027913393756297207
C15orf54,-0.0031635246727060376
LOC100507140,0.002147109768381596
PPCDC,0.03173120845921746
KRTAP10-11,-0.10894243705941295
BGLAP,0.19410351460221792
ARMC7,-0.0071083585095642905
MORC2,-0.004615740181266051
NANOGNB,-0.05725499496475073
SMARCD3,0.0847172608257828
RHEBL1,0.043633423967777016
LOC101929517,0.04209539778449374
SPCS2,0.007292014098693622
ZBED2,0.020981027190334976
IGF2-AS,0.06870202416918689
IL12A,0.0030811782477368557
PPP1R32,0.032814259818733614
LOC100132276///KRTAP3-3,0.00882146022155356
C1QC,0.013590503524675359
SNORA28,0.016320463242701408
TCEANC2,-0.022416928499493637
PRAF2,-0.006625448136955564
OIP5,-0.01513747230614012
ZNF205-AS1,0.043344642497485056
SHF,0.015939284994967134
CD38,-0.02721350453171957
NODAL,-0.05870793554883882
C10orf99,-0.0996205740181233
MARCH4,-0.0008575125881141593
APTR,0.012835297079559643
NEUROD4,-0.02776584088620049
C3P1,0.024538972809670444
CDC42-IT1,-0.04636220543806328
CD2,0.021100815709972888
SERPINC1,0.0005501812688850742
LOC100129620,-0.02643623363544545
BAIAP2,-0.022259999999997095
LOC400958,-0.012104038267872376
SPPL2B,-0.10219585095669376
SPATA12,0.02126673716012366
MAG,-0.012823836858002952
C14orf181,-0.010648277945616806
CLDN4,0.0021813192346453406
LOC105369187,-0.0002024874118802117
ETV4,-0.03650444108761022
RGS8,-0.01615998992950371
RPS19BP1,-0.043796918428999965
ADAM19,0.01704276938570283
STX18-AS1,0.038282920443104496
LOC101928985,-0.015198147029201678
KCNN3,-0.005386344410873101
PRR4///PRH2///PRH1,-0.018000543806643468
PHOSPHO1,-0.02620676737159849
FAM110A,0.009390916414906886
PROC,0.03733495468278208
LOC105374690,-0.09456975830815359
HIST1H2AG///HIST1H2AM///HIST1H2AL///HIST1H2AJ///HIST1H2AK///HIST1H2AI,0.06772590130916684
VWA3A,-0.04944706948640176
LINC00970,-0.02348626384692555
IL15RA,-0.043778308157096844
C8orf60,0.10795050352467589
LOC100130548,0.03634370594159368
TBL1Y///TBL1X,-0.0033745417925450175
UGT1A3///UGT1A1///UGT1A4///UGT1A9///UGT1A5///UGT1A6///UGT1A7///UGT1A8///UGT1A10,0.00892794561933805
HBM,0.005263877139982574
SAA4,-0.02525566968781175
ENTPD3,-0.03907698892245426
PCDHB5,-0.038805548841889984
OR2L2,-0.014232336354478351
FNDC5,-0.0092583182275906
PDZRN4,0.029568590130919253
EXOC3-AS1,0.02416117824773659
APOC3,0.0062497784491469255
RIMS3,-0.004161158106744348
NRXN2,-0.007493363544810505
LRRC18,-0.0057734541792522805
APBA3,-0.1088713997985872
ABCA6,0.01315890231621645
CSK,0.08909998992950885
CAPN10,-0.060076102719030064
LINC00920,-0.00275942598187035
PTH2,0.013650302114806237
KIRREL3-AS3,0.02220042296072772
OR10H1,0.013999979859015306
P2RX7,-0.047292316213491656
LOC105377468,0.022405981873114184
BREA2,0.03266100704934838
PPM1G,0.019191299093658493
LOC729446///ARID1B,0.17515642497482664
EFNA2,-0.02043594159113497
DLGAP2,0.007577099697888007
CCDC169,-0.01370175226585807
CCDC120,-0.03394520644511274
HEPACAM2,0.023310976837867904
AIM2,-0.056900070493451055
CCDC114,0.01321005035247006
SLC5A4,0.007571258811684713
C1QTNF9,0.04758340382679041
HMHB1,0.033381117824775985
LFNG,0.10221728096676955
PUS7,-0.0017370292044277674
DGKI,-0.00447743202416662
SPINK7,-0.018731329305133257
CDX2,0.024595266868079006
RNF144A-AS1,0.17276117824773685
TAS2R4,0.014575427995974702
PRR5-ARHGAP8///PRR5///ARHGAP8,-0.050699103726079206
CCNO,-0.00990242698891984
LINC01587,-0.05978673716011783
LOC652147,0.06701056394763555
PCDHAC1///PCDHAC2,-0.014155599194357866
SFTA3,-0.06284990936555628
ESPNL,0.08534724068479571
CNGB3,0.00810238670695141
PRICKLE3,-0.018430211480359875
HUS1B,0.02030398791541064
GALNT14,0.12207338368580326
LINC00561,-0.04260199395770117
WNT2B,0.1312437160120869
LINC01095,0.002699154078552663
LINC01468,0.009381440080566726
CDNF,-0.022126344410873598
TBX21,-0.0026077844914368133
LOC101060391,-0.024048227593149535
RSPO1,-0.050815135951658735
LOC100133229,0.032839325276941264
LOC285191,-0.03072019133937287
FAM224A///FAM224B,0.035013806646528006
LOC105371809,-0.004890715005032378
HSF5,-0.044490664652564876
PAGE2B///PAGE2,-0.009231037260823248
CELA2B,-0.039077512588113636
BPIFA2,-0.12592027190332006
PNLDC1,-0.003653252769383074
ATXN3L,-0.001428811681769533
KCTD19,-0.0038821047331289733
NGB,-0.014887472306140077
HOXB-AS4,0.0040951460221578355
ZFYVE9,0.055485327291039874
LINC00540,-0.02110102719032962
LOC101929172,0.015869355488421735
RPL23AP53,0.017218247734141677
PRR30,0.04795452165156326
FAM153C///FAM153A///FAM153B,-0.11561144008056123
KRTAP4-12,-0.055650694864045724
RPS6KA2-AS1,-0.050839566968778394
NPFFR2,-0.015939093655586663
EOMES,-0.01753352467270592
SLC25A34,-0.019026153071497895
LOC105369748,-0.010210785498486884
FAM27E3,0.04748395770393051
RAB9BP1,-0.0018392245720014419
RPL17P7///RPL17P18///RPL17P16///RPL17P36///RPL17P22///RPL17P39///RPL17P34///RPL17P25///RPL17,0.03338617321248982
S1PR3,0.13355955689829085
NT5DC3,-0.027012829808657657
GPR88,-0.036530362537761776
PMS2P3,0.020172839879156815
CATSPER2P1///CATSPER2,-0.052869466263843576
UPK1B,0.06653123867069724
CETP,0.027344239677746924
STPG1,-0.017344541792544903
LOC730015///LOC441178,-0.011907492447126938
LOC729070,-0.03534982880160855
ZNF597,0.04854482376636719
LINC00934,-0.005445669687812052
LOC642620,-0.010017220543804203
GREB1L,0.03815333333333608
HPCA,-0.03290801611278657
SLX4,0.06780996978852238
RRH,0.037328700906347344
POLL,0.06937826787512805
IL1RAPL1,-0.016256656596170534
LINC00936,-0.0442409566968756
HIST1H3F///HIST1H3B///HIST1H3H///HIST1H3J///HIST1H3G///HIST1H3I///HIST1H3E///HIST1H3C///HIST1H3D///HIST1H3A///HIST1H2AD,-0.12392083585095391
TRHDE-AS1,0.04735345417925726
LOC652637///WHAMMP2///WHAMMP3///WHAMM,-0.006827703927489725
FAM167A-AS1,-0.007454984894256951
OPN5,-0.0011702114803597754
LINC00339,0.03887983887210711
FLJ13310,0.003305659617324253
ACTA1,-0.017456666666663838
LINC00642,-0.014558459214498554
LOC100129268,-0.030948026183279992
GFRA1,-0.0646730010070464
ADAM21P1///ADAM21,-0.0025454582074493793
ZNF341,0.020269093655591815
DANT2,-0.02093754279959436
CNGA3,-0.03596325276938283
ABI3,0.0043725176233666355
FDXACB1,0.03223978851964028
RASL10A,-0.0007691540785471802
DEFB125,0.03373532729104028
LRFN3,0.08128346424975047
LOC100131532,0.09768309164149228
LOC100506098,0.029339476334343
TMEM114,-0.01024643504531404
C1orf94,-0.013555498489423203
D21S2088E,0.009342598187314106
MADCAM1,0.02212733131923728
LIF,0.0030954481369615833
CIAPIN1P///CIAPIN1,-0.08517781470291719
VARS2,-0.0873830715005002
HGC6.3,-0.02780723061429732
LINC00964,0.0018890030211507897
TMEM97,0.03359031218529978
ISYNA1,0.035262779456195964
RNASEH2CP1,0.0013036455186332292
NMNAT2,0.02599303121853194
ZNF583,-0.009438328298083675
PCDHB18P,0.07427940584088868
GH1,0.023885508559922115
SLC26A8,0.04743610271903593
TOLLIP-AS1,-0.08305910372607976
SPRNP1,-0.04172038267874831
C9orf72,-3.342396777129657e-05
RTFDC1,0.006900513595169577
SLN,0.01917096676737453
ATP2A3,0.06720185297079828
KCNQ1,0.03506891238670982
FRS3,0.054886555891241195
AOC4P,0.017043635448139957
PTOV1-AS1,0.0052160725075557956
KRT80,-0.041692286002011275
OS9,0.058977965760325796
PMS2P5///PMS2P1,-0.035545075528697796
NUDT16L1,-0.06204607250754962
TGM1,0.012506233635450226
L1CAM,-0.017648559919433215
LIPF,0.011799023162137857
LOC101929260,-0.011080755287005885
PRAMEF13///PRAMEF2///PRAMEF1,-0.030268358509564233
DHRS13,-0.04658334340382375
RAB7B,-0.04109235649546545
LAS1L,-0.07542809667673392
RSG1,0.03949242698892495
C11orf94,0.03274260825780738
GUCY1B2,0.023369607250757526
LINC01098,0.001072799597183087
LOC101927253,-0.08541515609264588
UBE2NL///UBE2N,0.047422265861029725
LOC101927640,-0.027568388721044675
LOC105374676,-0.002660976837862628
FAM185BP///FAM185A,-0.0064982779456162765
LOC100128079,0.07176081570997253
PPARG,0.015704420946629195
LOC642696,0.011296344410878702
RAB3C,0.001820604229610247
EXTL1,0.0038177240684819837
LOC101928893,-0.062312104733129
RPL10AP6///RPL10AP9///RPL10A,0.10299767371601476
LOC643287///PTMA,0.058431762336357024
LOC102800447,-0.03518216515608989
LOC101928988,-0.04792369587109491
SASH3,-0.015588972809664453
ALOX5AP,0.031275830815712696
HMMR-AS1,0.025690302114806274
LCN15,-0.04247906344410601
SLC5A1,-0.03363584088620085
PCP4,-0.019604501510571054
LOC728084,-0.005040896273914398
TMEM8A,0.004951661631422959
RLN3///IL27RA,0.006490463242702131
FAM83H,-0.04125320241691538
ZPBP2,0.0054917925478376916
PAQR6,0.02204222557905613
IGLV4-3,0.00779267875126161
LOC100131347,-0.056551430010067516
ZNF446,0.02013613293051619
TEN1///CDK3,-0.03199363544813402
RAD54L,0.0023710976837893055
CDH23,0.04002894259819001
OR3A1,-0.03898313192346132
RIMKLA,-0.05438710976837585
RDH16,0.0614770493454202
ACTBP9,-0.02668536757300823
LOC100506207,-0.002226032225576529
LOC105372482,-0.07837437059415639
OR7D2,-0.0551057200402795
LOC642131///IGHG1,-0.02001582074521392
CLCNKB,0.04354010070493701
GAFA1,0.0277070896273945
LOC105371401,0.012615599194363156
NTM,0.06380418932527918
GZMK,0.04448170191339601
HARBI1,0.010547129909368461
ADRA2A,-0.0201971097683757
LOC100506142,0.04051176233635696
CTRL,0.06952514602215704
LINC01029,0.002002890231624168
CLDN6,0.0910961933534768
NAT14,-0.08497183282980533
CAPN14,-0.12747919436052035
BIRC5,0.009871671701916216
TMEM140,0.03162352467271176
HTR1B,0.05367648539778703
ZNF165,-0.02492155085598914
N4BP2L2-IT2,-0.013820513595162898
ZFAT,0.003756394763346077
KLRC3,-0.15010121852970498
LOC284336///POU2F2,-0.01025233635447851
SMC1B,0.00839761329305423
LINC01012,-0.12481286002013807
ZFP91-CNTF///ZFP91///CNTF,0.007205075528703505
OR51B2,-0.0585076435045289
PNCK,-0.03863479355488149
LOC101929148,0.008052205438069011
PLCH1-AS1,0.011794763343406659
LOC105370178,-0.01479749244712704
ZIM2///PEG3,0.053640040281976276
ABTB1,0.032523101711986475
KCNAB2,-0.07294547834843604
CDC25C,-0.05847236656595857
ZMYND12,-0.0072680261832800495
JPH2,0.005874994964755728
LOC284570,-0.05262348439073247
GPR143,-0.008383363544811393
ZNF474,0.012029667673718936
DDI1,-0.039379919436049696
MIR4300HG,-0.00019496475327003895
KCNK2,0.0006953977844940959
LOC101929526,-0.011461993957700922
UCK1,-0.01885429003020815
SUGT1P1,-0.11131897280966446
RNF148,-0.010693041289020298
FOXO4,-0.044953504531719674
LOC100127971,0.0035458308157129918
LCE2B,-0.06808404833836575
TCAF1P1///TCAF1,-0.01799275931520356
AHRR///PDCD6,-0.144986898288013
SERPINB12,-0.04230296072507251
SIAH2,0.05280879154078838
TCF21,-0.04384923464249474
TRBV10-2,-0.03949067472305873
ZNF436-AS1,0.0007745720040312973
LOC152286,0.0006024169184316933
TRPM4,0.03149654582074798
LINC01590,0.03987814702920718
HES2,-0.025275800604226916
SERPINB4///SERPINB3,0.011202729103728805
CCZ1,0.07879944612286272
GPD1L,0.01046341389728387
ITPR1-AS1,-0.0011269889224544537
LOC101928309,0.014519466263849364
PSG4,-0.05055231621349153
CDC20,0.07279578046324536
KANK4,0.031048096676739786
DUSP5,0.039080886203426875
CFAP65,0.028025216515611774
FAM198A,-0.033533836858003055
DYDC2,0.0979981168177265
LINC00471,0.016695619335349687
MAPKBP1,0.0383498187311202
RGS9BP,-0.023520966767369124
CECR1,0.08468299093655915
CRP,-0.0705517321248714
SLC30A4,0.001038277945622194
PLCB2,-0.030146636455183187
IQCF2,0.015528006042298731
UBD///GABBR1,-0.002048650553874218
MAGEC2,0.016355015105742422
VSIG4,0.05922472306143301
PHOX2B,-0.014734823766361736
CRAMP1,0.017460926485400447
LOC100134017,-0.007105266868073789
ZKSCAN3,0.024621500503527113
TYMSOS,0.03293496475327555
LINC01312,0.00233980866062703
MYBPH,0.043174058408864784
ZNF630,-0.008953454179251925
KIF27,-0.011067955689826154
SLC16A2,0.021640876132933216
RHPN1-AS1,0.012336092648542392
TTTY2B///TTTY2,-0.024937512588113858
LOC101926948,0.048626858006044646
RELN,-0.06404684793554574
GRHL3,-0.02479447129909096
C1orf216,-0.01845993957703629
RAP1GAP,0.007844803625380023
OR7C1,0.14282151057402054
ARID3A,-0.05664557905337045
TMEM132C,-0.018094864048335647
TSKS,0.049509587109770985
C10orf2,-0.005786455186301373
OVAAL,-0.038019859013088686
LOC101927438,0.01922913393756561
MPL,0.05195134944612527
LOC101929748,-0.006988509566966294
HOXD9,-0.0023036052366537992
CLEC5A,0.028526686807656656
PDCD11,0.08015763343404114
LINC01545,0.05059745216515912
DHODH,-0.04130311178247461
PTCHD3P1,0.011502064451161122
PACSIN1,0.020122296072509933
TMEM220,-0.010390916414901391
NCR2,0.014436515609267817
LOC653786///OTOA,-0.033456797583078624
C7orf69,0.006190523665662322
OR5J2,0.007549949647535435
LL22NC03-75H12.2,-0.10264337361530437
SAG,0.013440241691846006
DOCK6,0.08669246727089891
LOC102723722,-0.016697744209463412
LINC00708,-0.010898972809664786
C3orf35,0.0013592346425004833
IL17C,-0.023864853977841854
BORCS5,-0.00802062437059155
F9,0.031041238670697066
ENDOG,-0.10818366565961415
MRPL12,-0.07088636455185977
MEIG1,-0.02333885196374363
C12orf80,-0.028823756294055584
LOC100133920///LOC286297,0.0840766565961756
QPRT,0.008015115810677848
TMEM95,0.0012119838872131621
CRYGS,0.022556404833839416
RAB38,0.0983819637462258
BOLL,-0.018795981873109022
ATAD3C///ATAD3A,-0.05916972809667326
ERC2,-0.05060715005034952
DOK1,-0.02126727089627084
MRPL38,0.02761381671702167
FOXN3-AS1,0.03511413897281228
YBX1P2///YBX1,-0.024836817724065492
RPS6KA1,0.03294333333333632
LINC00458,0.029017230614303023
CLCN1,0.022811661631422613
UCKL1,-0.023588398791537457
LOC339975,-0.03372930513594895
WBSCR28,0.0038306948640510112
LOC646670///LOC440292///COMMD4,0.09338235649547133
VMO1,-0.0765602316213462
GABRR1,-0.0508196576032198
PLPP4,0.0076187512588142565
CD1C,0.01728600201410151
CRTC1,-0.011736475327287978
FEZF2,-0.008404612285999077
NKX6-3,-0.07440638469284708
HHIP-AS1,-0.038398751258808664
LAMP5,0.020011873111785122
CTSG,0.02214572004028495
SRM,-0.16826487411882768
EPN3,0.0028363343403853443
CELP,0.015439496475329939
CABYR,0.030317915407857908
C5orf34,0.02507825780463513
LOC728173,-0.06963345417925153
LOC101929622,-0.0009953071500474388
TBC1D26,0.037241500503527175
VSTM2A-OT1,-0.16416228600201038
LOC100507277,-0.033459536757298236
CCDC81,0.001904169184292849
LOC105376081,-0.005928912386704047
PRRX2,-0.03735131923463933
LOC101928526,0.01979052366566219
FLJ46875,-0.020511339375626395
CA10,-0.022416515609262416
ABCF1,0.007460312185300272
NKAIN4,0.061771047331321535
LOC652493///LOC650405///LOC647506///IGK///IGKC,0.017232437059418754
SCNN1D,0.024799929506548336
ACOT6,0.027795125881170737
TDRD1,-0.009740010070490742
FAM71A,-0.015126314199393006
PRM1,-0.0028968076535724266
PPBPP2,0.04483636455186574
CRIP2,-0.08940949647532404
FBP1,-0.031313564954680365
RSPO3,0.020141409869086253
ADARB2-AS1,0.015571299093658193
LOC646778,-0.10846341389727839
SYNGR3,-0.019132789526684152
PLEKHG2,-0.08994746223564665
CFAP45,0.09975402819738366
CEACAM8,0.03302698892245978
TRAF1,-0.02854856998992663
SMCO3,-0.0008473413897252821
BATF,-0.04694123867069182
LRRC2-AS1,-0.0030301711983861915
ADGRF2,-0.03563569989929226
TSC22D1-AS1,-0.03166957703927202
LOC101927958,0.05066783484390963
NINJ2,-0.02438682779455853
LINC00623///LINC00869,-0.07486459214501219
LVCAT1,-0.027700563947630534
PLA1A,0.04405518630413156
LOC100133236,-0.012661067472303382
ZNF668,-0.0391050755286982
CAPN6,0.013507401812691541
GBX1,0.011878600201412112
CHRNA4,0.0017700604229636749
GPR50,0.006029365558915157
IQCF1,-0.11878468277945343
PPP2R5B,-0.01438508559919164
LOC105371414,0.002363927492449753
HMGB3,0.005668066465259487
TGM7,0.02105975830815969
GFAP,-0.08839739174219273
LINC01405,-0.03324694864048092
FBXO6,-0.06816459214501212
RPP25,0.07703715005035533
STX11,-0.005584682779453591
LGR6,-0.038754159113794096
ADA,0.0002134541792578673
LOC105375773,-0.09045140986908039
LOC731915///LOC648897///ABCD1,-0.025347482376633517
TTLL7-IT1,0.0514640281973838
LOC101928140,-0.019094874118829104
LOC105377443,0.005979073514604917
MGC12916,-0.012945075528697864
USP51,-0.046116737160118236
TP53I11,0.047487724068482215
FXYD1,-0.07208305135951368
CXCL13,0.01986050352467547
BTG4,0.012660251762339193
MICAL2,0.015228076535753069
LOC100134333///LOC100130525///EXOC3L1,0.019592386706951577
NTHL1,0.003521611278955436
LOC101927038,0.01889345417925743
VPS37B,-0.05476722054380334
C7orf71,0.05333101711984154
CAPN12,-0.07563402819737863
SLC9A8,-0.009596213494458411
GFRA3,0.02532743202417192
FHOD3,0.04076467270896509
SPINK4,0.048690211480365404
ZNF513,0.0033246727089657965
KRT76,-0.03153386706948392
VPS9D1,-0.08795896273917081
LAMC3,-0.03948560926485127
OR10A3,-0.08686998992950361
PIK3AP1,0.01208671701913673
MAP10,0.01708303121853223
ZFP2,0.021091651560929195
TELO2,-0.026952759315203866
C2orf72,0.01987493454179433
LOC101930452,-0.007590281973814101
ACSS2,0.05705813695871355
RPP40,0.030842175226589337
LOC100130856///PSPN,0.08542523665659857
CASC17,0.0027248741188345056
LOC100129857,0.016636727089629814
PHYHIPL,0.027603474320243966
HLA-DOB,0.00986253776435285
C14orf91,-0.010337613293048747
IFNA14,-0.00285335347431745
ITGA3,0.03869426988922706
LINC01118,-0.06826250755286678
C17orf74,0.011314159113799406
SOX2,-0.12524152064450858
MCRIP2,-0.06089465256797297
FAM131A,0.00897917421953955
BORA,0.027646686807656418
LINC01091,-0.16341723061429683
ZNF461,-0.09368412890231316
CAPNS2,-0.10313314199395504
CTAGE1,-0.008822134944609386
LOC101927543,0.03645934541792811
KCND1,0.03658948640483668
CCKAR,-0.02479860020140691
RNF167,-0.019355367573007654
OAZ3,-0.04900357502517377
ODF3,0.026766576032228095
FARP2,0.005714400805642143
CALCOCO1,0.03911702920443395
CORT,-0.01924712990936283
NPM3,-0.025874521651558048
FBXL6,0.008107039274926838
ZSCAN20,-0.009039879154075715
CDH15,0.04313385699899536
HCAR1,0.015258580060425395
CXorf40A,-0.0019079758308128067
LOC645485,-0.037038066465253865
TEC,0.026594783484393227
TOX4P1///TOX4,0.05862658610272214
LINC00158,-0.00338111782477072
SCN3B,-0.029571651560923548
LOC338620,0.03444300100705233
CCNF,-0.023110443101709267
LTF,-0.03215224572003736
GGTLC1,0.0016202215508582466
RAB26,0.09550914400805897
LMO7DN,-0.06744030211480075
KIR2DS2///KIR3DL3///KIR2DS5///KIR2DS4,-0.03812666666666348
CORO7,-0.019518962739171412
WFDC10B,-0.2008118529707924
DIO2-AS1,0.015009083585098176
COL20A1,0.026330674723063982
LOC100506175,-0.0010515407854959197
TMEM110,0.012769828801614173
CPXM1,-0.012696455186300956
LOC100506489,0.037831973816719704
LOC101928098,-0.007862608257801823
LRRC71,-0.0920931621349418
LOC100133820///HYDIN,-0.07908611278952386
C7orf43,-0.08396217522658342
LOC100507600,0.012919546827797154
PQLC2,-0.008102618328295105
LOC100505912,0.008954491440083251
SLC22A8,0.018558892245722762
TBC1D30,-0.010313353474317302
MTMR4,-0.002059738167167516
GPR150,0.09074727089627643
GSG1,0.018434330312188073
ADCY3,-0.014686616314196687
LOC100131756,0.001549174219539368
RNF150,0.036980483383688464
FDX1L,0.029404572004030773
PINLYP,0.01225340382679092
TEX37,-0.14451555891238357
LOC340184,-0.002243877139977291
SCGB1C2///SCGB1C1,0.007470563947636313
PRELID3A,-0.04510883182275676
UGT1A9///UGT1A6///UGT1A8,-0.011523816717016548
KLHL26,-0.025954874118829144
TXNDC8,-0.06531641490432741
RELL2,0.004820795568985896
FAM46D,-0.007179325276936099
LOC100133781,0.04108190332326524
ULBP1,0.03400091641490683
CACNG2,-0.07425370594158792
FDPSP2,-0.002083635448134384
GADD45G,-0.027529748237660828
AGAP5///AGAP7P///AGAP9///AGAP6///AGAP11///AGAP4,0.012257220543810024
RLN1,-0.03050961732124622
FAM110D,-0.006908227593149213
TXNDC2,0.00038248741188578756
C7orf13,-0.06335354481369264
RAC3,0.02183324269889465
ACTRT2,-0.048138046324267346
ZNF16,-0.1000948741188285
MATK,0.011741087613295564
CEBPA,0.051269879154081294
C9orf47,0.026762104733134746
DOC2B,-0.03224788519637194
OR2B3,-0.0012950654582049182
TYSND1,-0.012288610271900554
GPHB5,-0.0010595770392719094
GNAO1,-0.05228264853977564
LINC01342,-0.021810704934539203
LOC101930370,-0.0014935548841866683
UTY,-0.03107405840885917
CD96,0.01485383685800875
FGF6,-0.0026431218529680365
HPGDS,-0.018816334340380013
SLCO1C1,0.03957114803625618
EDDM3B,-0.05965057401812429
FAM98C,0.04480886203424213
PCDHGB8P,0.042466555891241535
PSORS1C3,0.03311522658610529
FAM87B///FAM87A,-0.041259395770389645
C16orf86,-0.01948594159113491
RDM1,0.07035577039275137
LOC100131904,0.06653072507553134
CCDC149,0.020084370594161995
GRAMD1B,-0.03998745216515308
LINC01120,0.04471801611279216
SLC10A1,0.018218267875128737
SDCBP2,-0.033223091641487616
RNF19B,0.04803077542799885
CDCA8,-0.015484974823763598
ASGR1,0.025426012084594468
CNTFR,0.015866304128904656
TRAF6,-0.026942255790531028
RPS8P10///RPS8,0.046396696878149485
FAAH2,-0.01638311178247473
XAGE2,0.03686733131923723
GAS6-AS1,-0.018198479355485443
TROAP,0.0734118630412917
TXLNG,0.002694118831825413
LOC375196,-0.012512829808657675
EPHA8,-0.007031450151054656
LINC00491,-0.08187100704934294
ABCG5,0.02552570996979118
LOC400965,-0.12316528700906004
GZMH,0.008187774420949073
LINC01082,0.04215585095669916
PIAS3,0.037900513595169424
TACO1,0.014382739174222448
LOC101927531,0.07151699899295326
LINC00473,-0.02491969788519383
KCNAB3,0.03764481369587361
MAGEA1,-0.016076958710974157
BLK,-0.013204340382676183
PCK1,0.06960872104733354
TONSL,0.0005434441087639039
CPA1,-0.021014843907348757
C5AR2,0.09628656596173396
TKFC,0.04307265861027436
FAM13A,0.024748398791543388
PIANP,-0.02898719033232351
E2F2,-0.05565105740180994
MTNR1A,-0.020979627391739582
LINC01215,-0.06882687814702619
DNAJB13,-0.057937693856996014
YBX2,0.04730301107754502
TCF4-AS1,-0.08478322255790248
KRTAP7-1,-0.005542084592142449
TP53AIP1,-0.010628348439070755
MGC20647,0.0005867875125909264
LIN7B,-0.019590845921447095
LOC497256,0.08191257804632651
NME8,0.004203575025178828
ALKBH2,-0.006313977844911748
LOC100505978,-0.008835025176230837
KCNK17,0.0878161832829833
LINC00572,0.029357895266870614
LOC100134440///PGBD5,-0.022858972809664774
IL13,0.004549194360526438
NKX2-2,-0.05737790533735875
STK32C,-0.011515790533733533
LBP,-0.114521913393753
LOC102723704,-0.017190594159110922
C22orf23,-0.018663434038265356
SMAD5-AS1,-0.07488626384692582
DNAJC3-AS1,-0.009764843907348934
PMF1,0.0438417220543836
CORO2B,-0.0668563242698859
GUSBP5,-0.010904551863038507
LEFTY1,-0.012362004028194644
SLC4A11,-0.0024814904330286713
DAOA,-0.04426172205437782
PITRM1-AS1,0.04457779456193604
LOC100130370,0.00720806646525933
LOC389247,0.020088056394765894
TMLHE,-0.017439043303119118
LMX1B,-0.03815516616313964
TISP43,0.03245120845921717
RASSF9,0.00797921450151314
MAPK7,-0.037373987915405
NDUFA11,0.0007462839879179579
MMP12,-0.17022437059415607
NR3C2,-0.05642798590130592
LINC01516,-0.0352923967774393
NLRP5,-0.006003917421951079
TAS1R1,-0.015158348439070747
ZNF154,0.05116138972809907
GJC2,0.04185616314199647
GHRHR,0.050275226586104754
TTC21A,-0.06582232628398528
LOC105377776,-0.005850694864045759
CCDC137,-0.007577089627388636
HIST1H1D,0.005588036253779308
LOC727773///ING5,-0.019640604229604515
UCK2,-0.02989928499496218
DAB1,-0.02311455186303793
PLPPR5,0.0064887009063469454
SSUH2,0.07869884189325546
LOC100130837,-0.027786858006039417
IL2RA,0.025499879154080925
SHISA2,0.0032648741188344398
IL1RL2,0.08383268882175446
CASP14,0.029462618328300397
VTN,0.029096304128904977
CSRP3,0.017916565961734607
HSD3BP5///HSD3B2///HSD3B1,-0.016699556898285263
LOC151760,-0.01699195367572752
PCDHB4,0.014676787512591098
TMEM132E,0.054918277945621805
ADAMTS14,0.053145840886206414
PNMA6B///PNMA6A,-0.1630709466263813
MUC3B,0.06736680765357739
LOXL2,0.028689466263849474
POLN,-0.008501601208456607
CST7,0.09115998992950927
ARRDC1,0.03194160120846162
LOC100129865,0.014297119838874713
TMEM120B,0.004868126888220049
SCOC-AS1,0.03121741188318488
NHLH2,-0.0498624068479329
GRIN2C,-0.059044682779453364
LRRC73,-0.005774803625374975
MCAT,0.019451339375631867
RPH3A,0.008810976837867768
LOC100128093,-0.019191007049342568
FGF17,0.08650502517623612
H2AFX,-0.06710598187310862
SLC2A6,0.04367368580060706
PRTG,0.02908374622356776
TMEM35A,0.01219817724068776
LHCGR,-0.019397965760319467
AMIGO1,-0.019982980866059832
PALD1,-0.013947099697882478
VILL,-0.06178362537764015
FLJ33534,-0.10035605236656289
LOC148709,-0.031188328298083746
TLDC2,0.00026129909365831374
C6orf136,-0.0415005035246699
CCNT2-AS1,-0.01480333333333031
MARCO,0.0230706545820774
CST9L,7.9234642500009e-05
SLC4A1,0.03558503524672964
TMUB1,-0.20288748237663273
C9orf135-AS1,-0.03429641490432768
ANKRD24,0.022095609264856732
ALOX12P2,0.009767139979862137
GUCA2A,0.08914939577039545
HRASLS,-0.023520151057399005
COX4I2,0.059877069486407225
ANKRD20A13P///LOC728783///ANKRD20A4///LOC727770///ANKRD20A7P///LOC647595///LOC643187///ANKRD20A2///ANKRD20A3///ANKRD20A11P///ANKRD20A9P///ANKRD20A1,0.1357524169184314
TCF7,0.03530220543806897
LINC00313,-0.007598892245717352
F10,-0.06457492447129623
RBMY1J///RBMY1E///RBMY1D///RBMY1B///RBMY1F///RBMY3AP///RBMY1HP///RBMY1A1,-0.04526564954682488
LOC100133105,-0.05325781470291781
PADI2,-0.0006726183282949882
LINC00589,-0.06987418932527423
LINC00961,0.04087175226586376
FABP1,0.010541873111784995
SCUBE2,0.021607573011080034
TEX43,0.0005841289023190161
RRN3P2,-0.01094490433030984
NFKB1,0.07751990936556188
LOC105374325,0.011003887210475835
MTX1,0.032977351460224215
CCNJL,0.12343419939577252
LIPC-AS1,-0.06414522658609959
MFSD13A,-0.06634781470291698
SLC26A6///CELSR3,-0.02248127895266572
SMCO1,-0.00819534743202148
SH3RF2,-0.03041009063443808
TMEM99,0.047278751258814325
IGLV3-19///IGLC1///IGL,0.02050400805639759
FKBP6,-0.0058645921450123945
SLC12A4,-0.016510956696875304
RTN2,0.004241722054383591
FAM170B,-0.01206570996978586
IQSEC3,-0.031320614300098124
SUPT6H,-0.0413752769385666
RGS17,0.009377542799599974
RBAKDN///RBAK,0.026161863041291512
KIF2C,-0.01191183282980595
ERCC4,-0.004986555891236009
LOC729887,-0.007256918429000104
DCHS2,-0.007310513595163409
ANKRD33B,0.008548187311180833
LOC728485,-0.057861792547831636
CAD,0.015635820745219384
CHAT,-0.039823131923461444
TH2LCRR,-0.007960322255787695
LOC728946///KRTAP1-1,-0.0018122054380638117
HAPLN2,-0.036886666666664056
LOC105372520,-0.02328777442094372
DCST1,0.00125568982880425
DENND6B,-0.013733444108759055
IFNG,-0.050049999999997666
SMPDL3B,-0.05922920443101432
AKR1C6P,0.06192297079557158
ADCY10,0.0014896374622382627
DKFZp779M0652,-0.08244928499496239
BMP5,-0.11004850956696571
CTB-49A3.2,0.008644420946628805
STRN4,-0.0492229707955658
LOC401913,0.014069365558914908
LOC100996349,0.009736273917424678
PRRG2,0.02129019133937813
GSTO2,0.024804501510576345
LOC100134331///IGHA2,-0.07556913393755987
FUT5,-0.0321986102719008
HCG26,0.07850316213494721
ENPP6,-0.021054078549846377
TANGO6,0.029333635448139682
LOC101928135,0.036187341389730655
TRPV6,0.048183766364554445
NFRKB,-0.06594843907351103
LIPC,-0.06525328298086311
LOC100134722,-0.03894510574017846
FLJ35816,0.018533333333335747
LOC101928700,0.035825448136961424
DPM3,0.06368003021148287
C19orf81,0.008685417925481132
FLJ10246,-0.042831711983884246
SUN5,0.005702165156095432
LOC283516,-0.012681137965757407
ALDH3A1,-0.01722769385699613
LINC01514,-0.033977452165153126
SIPA1,0.1068390130916443
MAP3K14-AS1,0.016216797583084582
ENO3,-0.013974622356492675
IL1RN,0.031011359516619263
LOC100134040,-0.07014278952668364
TNFRSF8,-0.01068411883181998
LINC01551,-0.0874563242698864
MUC1,0.019337019133940453
FAM89A,0.026751339375631813
SHROOM2,0.05590498489426261
CACNA1B,0.013554773413900364
ZSCAN2,0.0028879053373641606
KIAA1614-AS1,0.04845768378650783
LOC149703,-0.021372114803622815
SNORA74A,-0.002678519637459539
CYB5RL,0.010611651560929214
TMEM155,0.021539415911382052
CHRNE,0.008804269889227317
CAPN8,0.060248912386709874
DBH-AS1,-0.010319345417922841
SYCP2L,0.006054642497484945
OR7E104P,0.05776293051359776
ZNF764,-0.037859859013088554
FGFBP1,0.02139779456193606
TEKT1,-0.059717713997982896
BEST3,0.015515709969791274
GPR35,0.05414489425982069
DEFB127,-0.008293252769383024
LECT2,-0.01516619335347151
MAB21L2,0.028061007049348302
WT1-AS,-0.002155911379654864
LOC101930081,0.01711497482376908
CLRN1-AS1,0.0019065861027213974
HSD3B2,0.0429772507552893
SDCBP2-AS1,0.12500356495468515
CLCA1,-0.02635472306142716
LOC105378349,0.04941402819738414
CLCN6,-0.06144379657602922
C3orf56,0.01905695871097926
CCDC190,0.028618680765360144
QRFPR,0.04610730110775696
LOC105374895,0.04191401812689077
LOC100131928,-0.01460616314199117
LOC643072,0.001053867069489194
RGAG1,0.03808173212487642
TRBV24-1,-0.0733064451158073
LOC100134119,0.014352970795571747
LOC100286925,0.0065842094662662935
ENTPD2,-0.0215556797583055
KCNK9,0.011049556898290647
HES4,0.012510120845924132
ADRA2C,0.004362447129911712
SLC35G4///SLC35G6///SLC35G3///SLC35G5,-0.005974048338366084
SPIB,-0.0029933131923438744
CPA4,0.017995599194362933
RARA-AS1,-0.02603307150050099
NEIL3,-0.059892185297076336
BAIAP2L2,0.0006896173212515688
SVOPL,-0.08393056394763043
DEGS2,0.0942914602215533
TACC3,0.00599122860020463
C14orf180,0.0627307452165182
TCN1,0.01649793554884436
MGC40069,0.009983826787515328
SLC24A2,-0.03477607250755018
ABCD2,-0.01169615307149778
SEMA4A,0.03920816717019417
PAQR8,0.012237703927495465
SLC1A6,0.0010889224572031148
PDZK1IP1,-0.08893029204430694
HSFY2///HSFY1,-0.00547437059415648
LINC00656,-0.02008029204430741
LOC100129476,0.013247784491442649
RPUSD1,0.13091061430010284
RTP3,0.06945245720040519
KCNE5,0.024601289023164833
MYL5,-0.07151099697884901
LUZP2,0.0049996978851990555
CNTD1,-0.05252065458207192
CECR7,-0.07068046324269603
FAM99B///FAM99A,0.006313695871100207
TMC7,0.0013580261832854823
TSPAN8,0.010576686807656211
CYP4F11,-0.049618006042292995
GS1-600G8.3,-0.030877492447127338
ITGB6,0.004123041289025783
TMEM86B,-0.05708232628398556
NOXRED1,-0.005033766364549214
OR7A5,0.005813454179257689
C15orf56,-0.10092067472305843
LOC101927059,0.01900980866062718
LY6G6E,-0.04468503524672379
RTN1,0.01409322255790837
PSTPIP1,-0.05685783484390408
ANKRD18B///ANKRD18A,-0.0546535146022126
FAM86C1,-0.047950896273914495
JARID2,-0.07506488418932246
IFITM10,-0.02248376636454927
TBC1D29,-0.08302718026183013
KLK1,0.0164639577039299
KCNJ11,0.06894696878147291
MAP1S,-0.025167935548839032
TUSC5,-0.03397087613292793
OR2J3,0.025959969788522386
MRAP2,-0.00011175226585845299
CDK5,0.023973091641492753
LOC692247,0.08356111782477535
SUCLA2-AS1,-0.00782942598187069
LOC200772,-0.014417230614297269
SIT1,0.02188553877140227
CCDC70,-0.0176037764350421
CCR9,-0.010520866062434239
SCGB2A1,-0.006619798590128113
TCF19,0.0034085196374652044
LINC01114,-0.03316063444108462
CRYGD,0.02548720040282257
PALM2,-0.00853270896273619
HAVCR2,0.026630453172208298
LOC100127972,-0.14443629405840547
RGS7BP,-0.12102399798589808
LOC100132051,-0.0050108257804604775
SREBF1,-0.004751097683783662
LOC220077,0.030939234642500056
NOS1,0.015860483383687986
WNT8A,-0.011655669687811857
SNHG15,-0.009575538771397045
SLCO4A1-AS1,-0.060089637462232774
WNT2,0.04212194360523899
SLC17A3,-0.02185415911379407
PPIL6,-0.005965125881165672
FASN,0.0065910070493480355
ERVMER34-1,-0.018737542799594387
SOX3,0.08187059415911627
LOC101930149,-0.00734731117824528
ATP6V0A4,-0.0031319738167142654
SP7,-0.04712921450150756
OSM,-0.06292171198388441
ZNF615,-0.04207216515608986
SCAND1,-0.07161472306142669
FRMPD1,-0.025698519637459637
PRR15L,-0.03699313192346144
NRSN1,-0.15761331319234317
CKAP2L,-0.015140584088617716
SSX4B///SSX6///SSX4///SSX1,0.060924370594161434
LOC439938,-0.026137703927489785
KCNC1,-0.028022779456190403
SUPT3H,0.04599705941591421
MYBPC2,0.04786744209466527
FRMD8P1,0.03713373615307377
LINC00527,-0.0022632527693829917
TLN2,0.018798308157102303
ADORA2A,-0.007551883182273053
LOC100130423///SUGT1P3,0.012410261832832392
LOC100129447,-0.02625684793554621
FOXN3-AS2,-0.003755840886200769
LOC100132249,0.01139149043303396
TIGD5,-0.06316641490432728
LINC01366,-0.046548247734135906
MAFG-AS1,-0.01825144008056115
TMEM129,0.029797754279962285
PCBP2P2///PCBP2,-0.004617059415908606
RAB40AL///RAB40A,0.018003272910375387
UBE2E2-AS1,-0.010787200402816959
SLC17A6,-0.011098499496472972
SCGB1D2,0.003018962739176844
LOC100506885,-0.0220523867069461
NR1I2,-0.012203887210470391
GJB4,-0.0084641691842871
KRT19,-0.015084209466260821
LCN1,-0.013947452165153185
AGAP3,0.013082336354483992
SPIN2A,0.017558811681774783
ANKRD30A,0.005475538771402139
IGHV4-31///IGHM///IGHG1///IGHA1,-0.011964944612282992
OPLAH,0.023888942598190188
GLI2,-0.038601963746220574
LOC100287290,-0.021568408862031666
NLRP9,-0.011020342396774997
NUTM2F,-0.024693393756291232
RBMY2FP,-0.06497728096676422
ATP13A4-AS1,0.05939201409869291
OGDHL,-0.1392178247734107
GIF,-0.0011370996978826362
SLC25A25,-0.021291470292041578
TMEM55B,-0.041797764350450045
CCL25,0.06015875125881422
LOC100288721,-0.08961801611278658
NXF3,-0.024133152064448278
ISLR2,0.0068787411883210045
TNFRSF17,-0.03236982880160824
BPIFB6,0.012346988922460039
FUOM,0.03323251762336631
SSR4P1,-0.023035579053371072
B4GALNT1,-0.03647087613292747
STKLD1,-0.0024567069486379715
SHANK3,0.004406767371604062
LOC105376072,-0.008904602215505875
COMTD1,-0.021935901309161815
SUGCT,0.02086297079557127
NAPRT,-0.017657250755284112
LOC253805,0.02109860020141294
LL0XNC01-116E7.2,0.06452299093655815
KIRREL3,-0.03125246727089342
NOTUM,-0.024195609264851044
LOC100129380,0.023282547834846682
MIR600HG,0.030171319234644958
CRHR2,-0.011669556898285537
DRAM1,-0.005800171198385648
LOC732419///ATAD3C///ATAD3B///ATAD3A,-0.027398197381668904
SMIM22,-0.015241701913390939
TBC1D8///RPL31,-0.014566253776431871
CHST4,-0.041489707955687107
KCTD11,-0.03640482376636182
SMYD4,0.025727583081573482
DAOA-AS1,-0.030614602215505653
CPNE6,0.05934708962739377
PANK4,-0.009792064451154867
LOC101927447,-0.03164296072507279
KISS1,0.025759707955692532
LOC100288798,-0.03945263846928215
CALML3,0.02715493454179518
LOC101928886,0.0001210574018153999
LOC283728,-0.07658531722054072
TSNARE1,-0.03363878147028927
VWCE,-0.00879434038267611
MIGA2,0.02911437059416165
LOC147343,-0.15354800604229227
ERVH48-1,-0.006423444108758853
CELF3,0.01092046324270149
GPRC6A,-0.05655900302114507
LOC100128653,0.02132483383686076
TBX20,-0.014844199395767692
LOC100129890,-0.00854568982879871
LINC00593,-0.0046809768378622656
MESP2,-0.0022851762336324535
ANKRD20A2///ANKRD20A3///ANKRD20A1,-0.03641568982879881
ANKRD2,0.006473272910375175
IFFO2,0.03384110775428305
ALKBH3,0.03559009063444383
CELSR2,0.0852458811681799
LOC100134497///LOC100131851///LOC646674///LOC401002///SSBP3,0.007262195367576008
CFAP126,-0.012044370594156464
LOC254028,-0.003272145015102944
LINC01511,0.05274426988922709
LOC101928716,0.003986948640485942
C4orf22,0.00371229607251038
FAM30A,-0.03855919436052102
LOC101929717,-0.061139133937560396
LINC00330,0.035509637462237856
SH3BP5L,0.021109335347434616
LINC00710,-0.029064773413894462
PMS2P2///PMS2P1,-0.013428781470288788
RNASE7,-0.00571822759314973
PRSS21,-0.022181067472303192
EDA,-0.02448950654581802
LOC101929524,-0.01867288016112502
IPW,-0.00766759315206153
KRTAP5-9,-0.00828819738166869
RPL23,-0.02968241691842624
SYNGR2,-0.04787064451157799
SLC25A11,0.05862323262840156
C2orf16,0.005988157099700299
EVA1C,0.03443252769385948
ITGAD,-0.00587270896273661
TMEM192,0.008472578046327065
CTRB2///CTRB1,0.025242094662640987
E2F6,-0.04880957703927187
INS,-0.007800221550853255
LOC101929164,0.004314249748240455
POLR2J3///POLR2J2///POLR2J4,-0.15515182275931164
MAT1A,-0.02545843907351203
SMR3A///SMR3B,-0.004686394763340401
LOC440704,-0.015609818731115053
LINC01296///DUXAP10///DUXAP8,-0.1557694259818703
LINC01119,-0.008386938569987304
CCDC22,-0.010422265861024606
PRSS53,-0.024441540785495937
DLL3,-0.0774248841893227
AQP8,0.053457844914403155
LOC101060553,-0.01218303121852687
STRA6,-0.0009760725075499826
LOC100130502,0.0020093756294085
LOC105372607,0.1063380060422979
LOC101928850,-0.028930151057398767
ASAP1-IT1,0.03780198388721302
RFX6,0.019441782477343718
LOC105374587,-0.014623393756291542
TGM4,0.04730074521651806
LOC100419741,-0.030482890231618237
STAR,-0.020668972809665183
NKX6-1,-0.012817482376633396
FLRT1,-0.13671063444108436
SCP2D1,0.017002668680768142
MPPED1,0.036896233635451046
CPA5,-0.017706757301104877
STAT4,-0.008545971802615383
BSND,-0.011296908358506962
SEPT1,0.01785382678751519
LOC102546294,0.0042189627391770665
TIGIT,-0.008932134944609938
GRM1,0.01953425981873352
IGHV4-31///IGHA1,-0.04523328298086338
TTC16,-0.04752667673715716
LOC100133441///GALNT9,-0.01740027190332064
KRT27,-0.021945025176230957
ZNF137P,0.05383535750252047
LINC00929,0.005003202416921242
ASMT,-0.017029315206442457
LOC90784,-0.05055155085598878
DDIAS,-0.017185156092646054
TREH,0.0017376132930539273
LOC284661,0.005792708962741929
SIX5,-0.04666704934541524
DEFB104B///DEFB104A,-0.03386131923463962
LOC100506585,0.0036774521651587663
LOC730961,0.08572692849949891
LINC00858,0.001779657603225333
LIMD2,-2.1047331316524295e-05
DNAH2,0.006988841893255444
MS4A14,0.05782240684793796
METTL17,0.05096789526687082
LINC01424,-0.018489144008053543
CXXC1,-0.015238328298083874
RAB39A,-0.06881254783484114
CX3CL1,0.11750235649547064
ARFGAP2,-0.04844374622356165
LOC286149,-0.016279989929503757
FAM71C,0.07419774420946851
LMAN1L,0.05448331319234856
LINC01304,-0.04164342396777198
TTLL11,0.028838106747233055
LINC00924,0.0020716717019163286
HK3,0.030666898288018718
JCHAIN,-0.02999643504531477
LOC100270804,-0.1075908358509539
LOC646870,-0.015346465256794777
CTRB1,0.011973262839882134
SCGB2B2,0.0016768177240706963
LZTS3,0.022610986908360997
TMEM72,-0.025554894259815678
LOC100507424,0.007422638469287537
PRAC2,-0.009632860020138093
TTC21B,-0.006318862034236941
ERI3,0.04360239677744479
GPR156,-0.08170234642497207
LOC152274,-0.0028297280966738483
GRIK3,0.0487251359516639
UNC13D,0.025527824773416467
HDX,-0.005353454179251909
LOC439985,-0.007171530715002462
LOC644090,-0.07205236656595922
HCG4B,-0.014706062437056619
C10orf107,0.01939216515609551
LOC101929109,-0.023920644511578288
HMG20B,0.0029775629405866914
C14orf178,-0.06735736153071231
AGXT,-0.06119125881167908
FANCI,-0.009331168177237968
ADAM6,0.033951218529711225
SAXO1,-0.12544867069486057
LOC284014,-0.06718868076535456
DCAF12L1,0.022767301107756967
GPR162,0.06273837865055625
UBL7-AS1,-0.07231624370593846
SUV39H1,0.023758892245722748
LOC100505515,-0.08279657603222287
TTTY1B///TTTY1,0.020950533736155942
DCP1B,0.1416749848942615
HSFY1,-0.026278529707952566
TRPM2-AS,0.015299405840889298
LMOD1,0.043326404833839954
GNB1L,-0.03799174219536455
ZSWIM8///SAT1,0.036322849949649946
LINC01197,0.04723128902316459
LOC101930071///LIPE-AS1,0.03965632426989161
IDUA,0.03948697885196582
PDZK1,0.008294259818734034
NAT6///HYAL3,-0.029920342396774765
LINC00921,-0.09844354481369293
GH2,0.02427344410876446
INHA,0.000962930513597874
RTN4RL1,-0.07716458207451814
WDR86,-0.04575472306142685
PTPN5,0.0007192648539804708
SHANK2-AS3,-0.034198549848939844
CSNK1G2-AS1,0.029347009063446648
LOC401312,-0.028791440080561163
EMC9,-0.057976898288013085
STK32B,-0.0056554078549823595
GIP,0.0021693051359542312
LOC102723831,-0.0318727089627364
EPHX2,0.0008719133937591383
ZNF782,0.01506103726082857
LOC730909///HERC2,0.01307461228600515
TMEM25,-0.014048862034236761
SERPINA9,-0.021104149043300324
SDK1,0.043267391742198236
ST7,-0.13459171198388395
INSRR,0.05640003021148311
LOC100505920,-0.016489234642494695
LINC01569,-0.0011181067472279989
LOC101927058,-0.08523711983886949
ALS2CL,-0.022836696878144186
SBSN,-0.07596882175226327
RLBP1,0.015046958710979785
C8orf49,0.015724954682782066
VN1R1,-0.01247335347431771
NEUROG1,-0.03265896273917113
KLHDC7B,0.01751084592145294
LOC286071,0.004486606243708937
SPTBN2,0.015299697885198887
RLN2,-0.020721057401810135
LOC100130938,-0.05012615307149766
URB2,0.024666233635450827
CDSN,-0.004304511581064985
FAM46B,0.02059856998993216
LY6G6D,-0.05387025176233333
PNMAL2,-0.01802518630412621
ZYG11A,-0.06828128902315955
LINC00612,-0.04784474320241432
LOC101928504,-0.026286092648537138
CTD-2350J17.1,-0.01622071500503268
FKRP,0.062349174219539144
MAGEL2,0.007809164149046347
COX8C,-0.0028445720040255534
KCNJ18///KCNJ12,-0.03624830815709712
NTRK3-AS1,-0.059057291037257806
FGD1,-0.02518238670694585
ZNF733P///ZNF727///ZNF479,-0.012464431017117306
MCU,-0.015468580060420081
PLA2G2D,-0.012018580060420182
SNORD123,-0.0008269587109740115
TCONS_00029157,-0.059485377643501716
LINC01622,0.007193282980868607
ACTL7A,-0.00331167170191057
ZNF788,-0.008903826787509657
DMC1,0.007436183282983474
ZBTB45,-0.0810380866062406
LOC105375115,-0.00023047331318976072
NUP210L,-0.003190161127892749
BRAT1,-0.008379033232625566
ZNF280C,0.003907492447132609
RFNG,-0.13718228600201052
KAT5,-0.00926893252769103
FZD2,0.046778277945621664
CFC1B,0.031580976837867966
STARD3,-0.009553363544810844
CCL5,0.0024117522658637213
ADAMDEC1,0.006516072507555697
PLAC8,0.007630533736155868
CCR3,0.06465430010070758
KLRD1,-0.003040815709967174
OR5P3///OR5P2,-0.021939284994961904
TLX2,0.000436384692852761
ZNF425,-0.0019915911379628144
DGAT2,-0.018176132930510895
SPOCK2,-0.021697774420943408
TTTY5,0.0007893856999019204
LINC01490,-0.0627616918428974
LOC100422212,-0.012347814702918007
DGKZ,-0.07723716012084303
MAGEC3,0.02118124874119051
HOMEZ,-0.08913888217522403
CABP1,-0.09731192346424669
USP5,-0.1127086304128865
LOC149351,0.0019268479355513853
WDR25,-0.010434380664649683
LOC105374428,-0.007818237663642928
CATSPERG,0.016489395770395668
LOC145694,0.06779303121853188
LOC219688,-0.02790298086605962
SPINT3,-0.007754068479352942
SPATA42,-0.017509405840883573
ACD,0.001418167170193595
MORN1,0.012721661631422704
GJB1,0.002856525679760552
ERVFC1-1,-0.018936586102716625
TRA///KIFC3,0.0005637865055413502
HSAJ2425,-0.035711289023158975
SDC3,0.07369909365559148
HUMBINDC,0.03371600201410131
LINC01395,0.004462054380667357
TMEM217,-0.05175768378650278
LRRC37A,-0.01767399798589845
LOC338963,0.0029567975830846784
GAB4,-0.055165770392746685
MEGF6,0.046108499496477995
LINC00608,0.00034300100705202813
KLC2,0.1343566263846936
LOC652526///PDE4DIP,-0.004943685800601441
LOC440862,-0.003039627391739519
C2orf54,0.02643713997986137
VRTN,-0.01752966767371323
ZNF414,0.012528509566971553
TRPT1,-0.14628707955689463
LINC00445,-0.00018240684793269582
NR1I3,-0.01282180261832549
PPIEL,-0.006057965760319344
NLRP12,0.032362588116820384
APOA2,0.00607783484390978
CLDN7,0.004736183282983728
NDUFA6-AS1,-0.0036560523665632796
CCDC136,0.008086616314202325
SLC25A19,-0.05397093655588828
LINC00851,-0.017528922457197706
LOC101928191,-0.0531505538771374
PLPPR1,-0.014988922457197353
ZFPM1,-0.06997652567975485
KIF9-AS1,0.002337019133940224
CDH20,0.029986435045319518
AGFG2,-0.02312043303121602
SST,-0.00812037260825536
C3orf22,0.006839707955692666
SPATA4,0.04009346424975109
AGAP11///AGAP4,-0.01401980866062185
MPP2,0.005051903323265584
GUCA2B,0.025998358509569733
ZKSCAN8,0.09184972809667943
AKAP3,0.08336526686807896
BMP7,-0.09651329305135672
CFAP161,0.044297099697887615
OR8D2,0.032619728096679235
CFAP46,-0.008713373615304412
IP6K1,-0.0259659718026152
NKX2-8,-0.03238506545820467
LOC100505716,-0.09232581067472038
C11orf86,-0.037198006042293744
IL2RB,-0.020449436052364017
CLCF1,-0.08024739174219304
LOC339988,0.09318736153071722
SPTY2D1-AS1,0.03703491440080814
LINC00926,0.040108539778451996
TMEM8B,-0.021510513595163275
ACRBP,-0.05189236656595822
FOXD2,0.0026746022155115443
CHRNB3,0.013640845921452753
LSM2,0.05132120845921735
FAM223A///FAM223B,-0.006300896273914728
PRSS8,-0.025850725075526014
LOC283674,-0.008174149043300268
DDX11,-0.0015635347431994066
PLEKHG3,-0.11175362537764039
LOC105379178,-0.0008365861027164155
LOC101928435,-0.003027764350450686
STMN3,0.0380374924471326
PENK,0.008664793554886883
TUBB7P,0.02694206445116056
OPRPN,0.030651228600204136
TMEM150A,-0.015239738167167387
LINC00911,-0.009477834843904298
SPAG11B,0.005936132930516293
GRPR,0.030500644511583574
NAXE,0.10047370594159405
RNASE11,-0.006940312185294348
YDJC,-0.14591764350452813
PRC1,0.05619565961732431
GMPR2,-0.02108797583081269
LCE3D,-0.08860954682779183
CHST13,-0.05712210473312911
SNTA1,-0.03698737160120575
TMPRSS6,0.019450151057404462
TSSK6,-0.007735840886200981
LOC81787,0.05851547834844173
PYDC1,0.015987311178250477
ZSWIM3,-0.1261188922457168
LOC101928335,-0.010815599194357803
SSTR5-AS1,-0.06850893252769089
LAMA1,-0.026467985901306383
QSOX2,-0.010735166163139076
ZNF174,-0.005207623363542108
CD247,0.034452296072510394
CHST14,0.01927602215508839
TSPEAR-AS2,-0.030235840886200772
GLYR1,0.030907593152066763
LINC01521,-0.006145790533733333
ANKRD7,-0.05835255790533464
LOC101928288,-0.05168547834843612
SMIM24,0.013927331319237103
EXD3,0.02752506545821008
RGAG4,0.008909516616316606
LOC101927044,0.05814721047331549
SERPINB8,-0.00785378650553599
LOC100505727,-0.037328429003018276
OLIG1,-0.06747321248740897
LOC100130051,-0.04291450151057097
C11orf16,0.05039994964753554
FNDC10,0.03942757301108038
TTTY12,-0.012944551863038493
HCN4,-0.02188675730110496
NPAP1,-0.05706370594158827
SFTPA2///SFTPA2B,-0.013289556898285104
FLJ11710,0.0072929909365586805
SLC5A2,-0.16530982880160783
TUBAL3,-0.03157499496475069
KCNJ2,-0.04984499496475061
MAGI1-IT1,-0.007547280966764696
LOC147004,0.02068564954683056
COL26A1,0.060971681772409504
CYP2B6,0.07817447129909563
ODF3B,-0.005269154078547101
TKTL1,0.006431047331321812
HECW1,-0.02227020140986638
SRRM5,-0.022318902316210226
CSTL1,-0.0023576032225555207
DLEU7,-0.02101729103725804
CD248,0.11536716012084869
LOC652494///SCFV///IGHM,-0.013689204431014457
MFSD14C,-0.05332119838871782
TTLL2,-0.002346706948637636
CYBA,0.02605434038268198
MYBPC1,0.036876424974826245
PDE6H,0.041951409869085854
LOC100996345,-0.001231863041286526
LOC158402,-0.02462935548841627
ADORA2A-AS1,0.01027702920443391
LOC145678,-0.06980029204430721
KIR2DL5B///KIR2DL5A///KIR2DS5///KIR2DS1,-0.006775760322252709
PACS2,-0.07086751258811369
SPATC1L,0.013255065458210362
LHFPL1,-0.030945377643501817
TPT1P8,0.030137522658613122
CYP2C19,-0.00606730110775152
CLEC4G,0.01737710976838104
CCDC172,-0.017642759315203912
FABP6,0.010771460221553439
DHRS11,-0.026747311178244512
SLC5A11,0.04183041289023427
TEX101,-0.0013452366565933514
LINC00535,-0.009726797583078789
PDCD1LG2,0.0019656596173239158
VEGFB,0.024298398791543347
FAM225B///FAM225A,0.005423373615310034
INHBB,0.06347206445116088
LCN8,0.022973554884192046
SLC52A3,-0.08844835850956487
GBAT2,-0.030188227593149264
SOX10,-0.05520407854984603
FER1L6-AS1,0.005967250755289724
HIST1H2BN,-0.055688781470289384
RPS6KA4,-0.0004380161127871922
AIPL1,0.020135750251764967
ARSA,-0.04129255790533435
CHRNA9,0.04525267875126127
RNF175,0.02389145015106023
MAST4,-0.05531722054380386
ZNF646,-0.014456626384689975
TFAP2A-AS1,0.02694101711984133
SLITRK3,-0.0012906344410850944
PLA2G10,0.034492970795571856
FCHO2///GH1///CSH2///CSH1,0.030647089627394486
DKFZp434E1119,-0.060050654582071844
C1QTNF3,-0.013016263846925967
LOC100131062///PTP4A3,0.024337784491442697
FAM106A,0.012689647532731566
LOC100133461,-0.08213313192346165
TMEM62,0.003516495468280756
MUC5B///MUC5AC,-0.01152467270896026
DEAF1,0.016903585095672222
FOLH1,0.0024241591137989793
LINC00518,0.05559826787512852
ARTN,-0.015360151057398873
TFAP2D,-0.02854345417925236
NAT8L,0.022284038267877972
SNHG20,0.036737381671704455
LOC100130950,-0.0245387311178219
LOC400927///CSNK1E,0.008540483383688362
LOC100130389,0.0016456696878173194
PNPLA5,-0.03476310171198109
KLRG1,0.06314089627392004
SERPINA2,-0.04251341389727792
LOC105377134,-0.015055478348436454
LOC105373876,0.02099250755287284
SLC7A10,0.02241557905337617
LOC101928727,0.011236686807655875
KTI12,-0.014282336354478661
FCHO1,0.03101825780463526
NAT2,0.01787118831823037
LOC100134286///ATP2B2,0.005744672708965474
LOC157503,-0.024604551863038733
TRH,-0.05651462235649252
DENND1A,-0.019141047331316247
TMEM147-AS1,-0.12117051359516318
ASNA1,-0.004102507552866924
XDH,-0.00693975830815428
BAX,-0.06435665659617076
NPFF,0.008238187311180922
SLC25A35,-0.017708086606240944
STOML3,0.05676800604229876
LEXM,-0.02156941591137695
ERP27,-0.012870604229604562
LOC100131662,0.05761721047331582
SEPT12,-0.0077772608257775915
GIPC1,-0.04795651560926156
NAIF1,-0.021532396777439455
NYX,-0.0008771601208429729
C8orf31,0.04541125881168401
CYP4F8,0.03340693856999292
MCM2,0.10096338368580257
TTLL13P///NGRN,-0.09238551863040959
LINC01282,-0.007499718026180234
ANKRD30BP1///PRED4///ANKRD30B///ANKRD30A,-0.029794511581064824
LCE1E,0.0028551158106772468
TUBA3C,0.025474229607253582
LIFR-AS1///LIFR,-0.03001288016112553
SPDYA,-0.04161236656595904
ZIC5,0.015202084592147589
FCER2,-0.03495753272910068
DNAL4,-0.11723925478348118
AD7C-NTP,0.011289103726085128
CD5,0.051400050352469695
GPR3,-0.0028324773413872864
CAMK2B,0.020706002014101166
SOGA3,0.014050292044312858
LINC01125,0.007915810674725833
DNA2,-0.09125069486404529
HIST1H4L,0.023106847935551456
SGCA,-0.001487341389725471
NCK1-AS1,-0.10544327291037
LINC01442,-0.010120946626382257
RHBDD2,0.01739870090634704
LOC100129907,0.02137229607251015
ZC2HC1C,-0.011949043303119099
LOC100134558,-0.011508831822756551
GOLGA6A///GOLGA6B,0.07261885196374873
ACTA2-AS1,-0.019080815709967003
IL18RAP,-0.006055538771397303
NLRP4,-0.023880926485394867
TNFRSF18,0.05270542799597438
ADPRHL1,-0.15229123867069158
CCDC177,0.0036009566968812244
B3GAT1,0.014715558912389175
SIRT4,-0.06090809667673412
LMNTD2,0.021481601208461744
LOC145945,0.01226621349446352
PRSS37,-0.012423736153068757
RHOH,-0.024659033232625492
DEC1,-0.018593927492444418
LOC400043,0.060822769385702496
HIPK4,0.009574541792550784
LOC285835,0.036259164149046244
CD320,-0.09648631419939269
NFKBIE,-0.03980619335347138
TMEM235,-0.10526756294058139
SLC15A3,-0.01887838872104411
MGC15885,0.01810542799597433
LOC729839,-0.032637945619332365
SLA2,0.01284607250755556
C20orf85,0.00149992950654855
LAD1,0.006169325276941237
FLJ23519///RNH1,-0.012399939577036438
LOC100129286,-0.08967491440080248
ANKRD52,-0.009727200402817309
CASP10,0.042113293051362105
SHB,0.001996606243708458
TNFRSF13C,-0.04655585095669389
IGSF1,-0.012180020140984273
LOC100133197///PDXK,0.012171782477344016
KCNMB1,0.03850020140987137
ZBTB7B,-0.09085333333333044
LOC101928043,0.030198439073517127
ARHGAP15,0.009802809667676571
GPR18,-0.04517120845921135
NUAK2///AKIP1,0.055829728096679326
CADM3,-0.022071570996976264
FMO4,0.013865810674725783
BORCS6,-0.0541080966767344
DUSP26,-0.007543927492444131
OR12D3///OR5V1,-0.010311107754276884
LOC399884,0.04501204431017376
LOC374890,0.02032463242699152
CXCR5,-0.0066133736153044685
FUK,-0.04185845921449882
RAX,-0.0828715810674692
MMP26,-0.004501389728094192
ZNF836,-0.0830000906344386
ZNF560,0.006623131923466856
MS4A8,-0.05640487411882885
VWA1,0.06993521651561173
LOC101929151,0.003014622356498492
SLC35A4,-0.026876535750248592
PABPC1L2B///PABPC1L2A,0.032892698892248426
WTH3DI///RAB6C///RAB6A,-0.06747957703927257
HMGN2P46,-0.03631564954682517
CHTF8,0.0527266062437089
MIR548XHG,0.02667432024169443
FOXP3,-0.01600252769385401
DEFB103A///DEFB103B,-0.10524154078549545
OR2J1///OR2J2,0.07685648539778697
DUSP28,0.16989575025176384
ZNF383,-0.05250132930513347
SYT2,-0.005832054380662212
WNT10A,-0.001740483383682944
LOC101929084,-0.004401782477339024
LOC285638,0.020867220543809246
TMEM91,0.07506788519637707
GAFA2,-0.012766616314196486
TARP///TRGC2,0.052461681772409424
HSD11B1L,0.03631844914401034
TMEM39B,0.01800504531722355
KCTD1,-0.0007320040281944551
ALOX12-AS1,0.007167995971805296
RASD2,-0.012096666666663702
LOC101927468,-0.05896965760322001
KIR3DL1,-0.04295813695870813
FA2H,-0.0031762336354455765
LOC100133967///ESPNP,-0.05984143001006753
BTNL8,-0.005372698892242953
DEFB105B///DEFB105A,-0.02623519637461942
EFNA3,0.1320882578046339
OR1D4///OR1D5,-0.05364077542799314
TAS2R7,-0.08949499496474994
ALOX15B,0.09116606243706143
DLGAP3,-0.09342948640483091
MYBL2,-0.030833907351457135
C11orf84,-0.07896012084591898
MYL10,-0.004265709969785966
NAP1L5,-0.004324572004025442
LOC147791,0.015192064451160739
TMEM205,0.04174990936556189
EXOG,0.027856465256799898
KRBOX1-AS1,0.053852396777444744
TMCC2,-0.05459439073514358
KRT12,0.002657824773416712
CFAP100,0.019795720040284757
C18orf33,-0.006041017119835966
C8orf22,-0.03066391742195068
LINC00304,-0.024918459214498617
PMCH,-0.0019273111782452642
FIRRE,-0.04209900302114556
UBE2M,-0.008287643504528777
RPPH1,-0.019541117824770755
ZNF776,0.038316958710979496
FAM205C,0.010615921450153672
HNRNPCL3///HNRNPCL2///HNRNPCL1///HNRNPC,-0.00792989929506275
LOC101929384,0.004405488418935228
CES4A,-0.022681097683783725
BARX2,0.03855762336354694
LOC100127891,-0.00329475327290772
KLK13,0.016648328298089154
ZNF286B///FOXO3,0.026689859013094206
ATP12A,0.019251047331321904
LOC283038,-0.006858811681769701
LINC01416,-0.029336878147026714
ANP32C,0.032537170191342044
LOC100133444///SLC34A3,0.06443181268882409
CARD9,0.01840514602215769
APTR///RSBN1L,-0.0639340584088594
LOC100133772///SLC16A5,-0.007942185297076876
SLC39A4,-0.050226314199392705
FOXI1,0.056505146022157435
DOT1L,-0.12812937562940277
FNDC7,-0.054324934541789646
ANK1,0.006315568982883003
MYO16,0.010523514602217936
PHEX,-0.01617383685800318
VAMP5,0.0018314702920472561
KANK3,-0.12271068479355152
DPYSL5,0.006266132930516585
HCRTR1,-0.002677774420944216
LOC100129026,-0.011763313192343465
TADA3,-0.004188217522655302
TMEM253,0.0477986706948667
MAMDC4,-0.020675337361527907
CTAGE8///CTAGE4///CTAGE11P///CTAGE15///CTAGE6,-0.006463776435042392
MYH13,0.019458610271906013
SHISA8,-0.0029465659617294547
ZBTB48,0.009502366565964898
ITGB2-AS1,-0.036056918429000544
AGXT2,-0.09794472306142665
FN3KRP,-0.013263141993954383
BOP1,0.019104763343406765
AGAP11,-0.022133111782474554
P2RY8,0.017019043303124586
MIR7-3HG,0.009424159113799216
HOXC12,-0.012697875125878194
NTF4,0.017338630412892922
TSPOAP1-AS1,-0.010013997985898568
LINC01018,-0.014473504531719389
LCMT1-AS2,-0.030854259818728733
TAS2R40,-0.018470563947630823
GNAS-AS1,-0.01318876132930243
LOC105379477,-0.02565932527693604
TMEM75,-0.010466998992947868
LOC101927553,-0.0843663846928469
USP26,0.024367734138975413
C22orf42,-0.02101177240684545
CDHR5,-0.02373113796575723
LINC00668,-0.05844567975830506
C6orf1,-0.05017888217522396
SPP2,-0.027633403826784517
CASC6,-0.0046779456193329
GCC2-AS1,0.019958761329307545
AKIP1///ADORA2A,0.04896616314199653
FAM69B,-0.006301248741185608
TPRXL,-0.04751827794561663
MYL7,0.0211899395770419
P2RX2,-0.00242621349445867
LOC100128993,0.006172487411885532
C2CD4C,0.015227603222560374
GDF3,-0.023456737160118202
PEX5L-AS2,-0.038478499496472494
CCIN,0.0014599597180290941
LINC01019,-0.025182628398789084
FAM183CP,-0.011549335347429291
LOC101928446,8.668680765604869e-05
ZNF14,-0.06701409869083244
CST11,0.009407985901311464
LOC101929007,0.024462084592147677
TRBV7-4///TRBV7-6///TRBV7-7///TRBV7-8,-0.052915407854981986
ATG9B,-0.07574988922456957
RELB,0.06695131923464501
KIAA1522,0.010508902316216356
C11orf44,-0.026089113796573315
LOC101927534,-0.0354945015105714
C11orf63,-0.03185413897280691
TMEM105,0.0003774018126912748
AMPH,-0.0008673716012057367
LINC00544,0.02905391742195624
OSR1,0.0019047935548868527
FAM19A1,-0.0052463947633408555
MYOD1,-0.03140773413897016
LOC100130987,-0.018305770392746196
LOC101929034,0.06007809667673958
NPPB,0.036912346424977316
SLC35G3///SLC35G5,-0.10563500503524348
REG1B,-0.03858536757300793
C11orf45,-0.04849682779455964
LOC101927027,0.010410674723064225
ANAPC2,0.0029849949647560853
POM121L8P///POM121L9P,-0.11049545820744888
BCDIN3D-AS1,0.05151577039275177
LOC100506405,0.021958761329307793
ZSWIM4,-0.04802473313192101
APOBEC1,-0.021677865055384944
SH3GL1P2,0.01928114803625616
RYR1,0.0244440785498515
SSX3,0.02246032225579312
CLEC16A,-0.024071711983884136
LOC101928731,-0.005881913393753508
RDH8,0.010933373615309846
CHEK2,0.011594572004030967
TPO,0.03797212487412155
TSPAN16,0.028274048338371043
TAAR2,-0.009060906344408232
CDK3,-0.004679043303119159
LOC100507391,-0.03328300100704644
SEMG1,0.00919699899295327
PARD6G,-0.05249232628398525
FGF10-AS1,-0.02447583081570709
SLC22A2,0.0033222658610296725
HSD11B2,-0.014568569989926554
CEACAM21,0.0038807250755313986
ESPL1,0.026297079556901012
ASIC5,-0.011759456193350754
TIMM50,0.035010614300103604
ATP8A2,-0.0029603927492419828
HSPB6,-0.04830127895266602
LINC00992,-0.03193163141993694
LOC101928087,0.10118195367573304
PDDC1,-0.05882532729103416
LOC286299,0.06574097683786695
C11orf53,-0.0011208660624343232
RASA4CP///RASA4,0.0889953977844939
NBEAL2,0.03910009063444378
LMX1A,-0.08852766364551597
STATH,0.034642467270898314
H2BFXP,0.005084763343406577
SLC27A6,0.006128519637464757
LINC00582,-0.025024249748235035
EFNB3,-0.09476415911379354
CHP2,0.04745948640483667
PUSL1,-0.03303712990936264
EPHA5-AS1,-0.028873917421951004
VARS2///GTF2H4,0.002133423967777194
FGF16,-0.001595961732121837
C21orf91-OT1,-0.011620433031215583
TTLL12,-0.027667885196371395
CHODL,-0.03938710976837602
LOC100287525,-0.024702839879151207
GNLY,0.04638804632427246
IFNA16,-0.040148429003018606
PLAC8L1,-0.0019562437059387205
SLC1A7,-0.041403363544810966
LINC00606,0.01362615307150332
LOC143188,-0.034462306142998715
KCTD13,0.04698509566968996
LRG1,0.05092504531722311
LOC100132634///LOC283112,-0.033123363544810706
PCYT2,-0.08569741188317939
CRY2,-0.01932559919435764
LOC101928132,0.018938489425984535
DSCR9,0.03498840886203677
GPRIN2,0.03891916414904554
LOC100499489,-0.014512235649544097
POLR2J3///POLR2J2///POLR2J4///POLR2J,0.17291221550856248
CABLES1,0.035343031218532474
ZNF787,0.010688479355491012
PDIA2///ARHGDIG,0.00011780463242968935
PRDM8,0.028783192346427525
SCGB1A1,-0.036050956696875455
MVB12A,0.03689845921450359
SLC16A8,0.018334330312187938
LOC101929726,-0.03220302114803322
AMHR2,0.054127673716014756
IBA57-AS1,-0.0321791339375604
OR2L1P,0.05210105740181531
CIDEB,-0.06502495468277703
CSN3,0.022953313192348612
CRB3,-0.021760906344408536
AMBN,-0.03724942598187048
ZNF628,-0.10737274924471003
C12orf77,0.01931549848942849
BTBD18,-0.038868388721044464
DUSP7,0.03691148036254043
SLC6A19,-0.05052956696877895
UBA7,0.057966676737162944
STOML1,-0.06538017119838532
LOC646865,0.031071289023164764
CLEC2L,-0.15532637462235285
TAS2R14,0.012899526686810317
LOC101929681,0.019665407854987285
KHDC1,-0.038526676737157234
NTSR2,-0.026328992950652014
HS3ST5,-0.006237975830812578
LOC100128552,0.03314630412890524
CLDN5,0.03642628398791849
USP29,0.009802638469287195
TSPOAP1-AS1///SUPT4H1,0.01532007049345651
SDR16C5,0.01744335347432311
LINC00852,0.030593282980868677
NFE2,0.00997700906344663
FGF14-IT1,0.009910533736155736
ZNF418,-0.012849466263844454
LOC285095,-0.013371752265858473
LOC441178,0.015601661631422563
LOC100506813,0.032221943605239126
RBM12B-AS1,0.011823726082580645
KLC3,-0.04001985901308905
LINC01467,-0.003993816717016345
TNNI3,0.035445871097686155
PCDHGC4///PCDHGA12,0.010167109768381595
SYCE3,0.02778510574018382
LOC101928851,-0.005036243705938768
LOC284865,0.03967727089627662
LIMS2,0.0700165357502538
SPINK6,-0.03346565961731872
C6orf201,-0.02067258811681532
LOC440149,0.011015216515611818
GCGR,0.020574078549851577
LOC101929549,0.026271278952671364
LOC100130797,-0.016560231621346785
LOC100131170,-0.0034133131923437254
WNT9B,-0.02140923464249482
GATS,-0.023209395770390162
LOC730236,-0.0006863544813671546
WFIKKN1,-0.002790765357499888
CYP51A1-AS1,0.007071178247736461
LOC280665,0.004017019133940023
LINC00900,-0.0023652769385671957
THEG,-0.0044045417925449235
MAGEE2,0.0197808257804657
YIPF3,0.005045438066467969
LOC101928760,0.009620392749247152
ALX3,0.0274793655589149
LOC105373418,-0.038052205438063924
LOC100129014,-0.006208771399795986
KRTAP2-3///LOC728934///LOC728285///LOC644350///KRTAP2-4,-0.00035270896273658855
GZMM,-0.022438116817721385
TRIM21,0.026150110775430592
LINC01482,0.0148366465256825
SNHG9,-0.018969446122857267
LOC100128361,0.0010182376636483602
PHYHIP,0.09874896273917633
HSD17B1,0.031800191339377996
LINC00396,-0.020721289023159385
MORN5,-0.02103519637461954
CRYBA1,-0.008656515609261957
LYG2,-0.018851440080561655
TIFAB///DCANP1,-0.05625479355488132
SMCP,-0.01764322255790244
IL22RA1,0.01119234642497732
KCNF1,0.07757941591138177
NKX2-3,-0.018600614300098156
GJA4,0.04304293051359796
POU4F2,0.048761661631422516
SLC2A14///SLC2A3,0.01219719033232905
MYH15,-0.04728749244712721
MAP3K7CL,-0.05605588116817403
LOC100507403,0.01937864048338645
OR10J1,-0.03287850956696606
HES7,0.005602114803627944
CSH2,0.008794984894262434
FLJ37201,-0.028693423967771896
RBPMS-AS1,-0.033389939577035954
LOC146513,0.008731107754282562
IGHA1,0.05671183282981154
TMEM121,-0.04225400805639203
HCAR3,-0.05306070493453896
ADGRG5,0.03660607250755529
CRACR2B,0.0539388922457224
ARHGAP22-IT1,0.0015962235649573508
IL9,0.004383575025179024
FAM24A,-0.006867321248738612
ITGAX,-0.1490573615307119
WAS,0.04636990936556192
CTH,-0.01575741188317952
TRIM16L,0.010613383685803252
CDC42EP1,0.008492165156095284
SLC39A5,-0.007479768378647953
RBBP4P4,0.015477744209468864
UBALD2,0.0058887411883213545
DLG3-AS1,-0.029336888217519827
KCNQ4,0.01997953675730343
LOC101928238,-0.03395079556898025
HABP2,-0.016989395770390246
SLC9B2,0.012982346424977476
LOC100996263,0.03600960725075782
SLC5A9,0.02762847935549081
LOC101929123,0.003914481369589609
CLDN16,-0.013416223564952052
H2BFS,-0.00503646525679511
PP2672,0.009329415911382269
LOC285692,0.0461835045317244
KLHL35,0.021284159113798884
CDC37P1,-0.006542829808657703
FOXA3,-0.01943742195367379
KRT31,0.0008340886203449995
STK36,0.034882336354484185
IL1R2,0.01211507552870323
NOX3,0.022953192346427245
SLC6A3,0.0037813595166185793
CNFN,-0.05812832829808382
ABCD1,0.043921168177243244
ABCA2,-0.018575971802615568
LOC100505685,-0.012546143001004408
DEFB126,-0.0378565760322226
APLP1,-0.03392278952668411
GPR62,0.03666414904330542
CRYM,0.01796424974824025
CELA1,0.07138506545820966
TBCC,-0.014216787512585122
LOC100133536///LOC729915///POM121L3P///POM121L10P///POM121L4P///POM121L8P///POM121L9P///POM121L1P,0.06058368580060648
LHX5,0.03183049345418182
LRRC32,0.06868639476334634
COL6A6,0.020305599194363283
APOBEC2,-0.012195790533733583
FAM212B-AS1,-0.01658656596172936
PRSS30P,-0.02009810674722785
LOC100505664,-0.05170094662638189
BPIFA1,0.018712457200405246
PKDCC,-0.08499882175226267
LOC652993,-0.029716747230611504
LOC727770,-0.054036676737157535
LINC01224,-0.03328257804632157
TEX26,0.0353805840886229
LOC102725068,-0.022948529707952997
ERICH4,0.01990455186304388
KNCN,-0.060587331319231955
LDHD,0.01870863041289282
TMEM139,0.004864904330314852
LRFN1,0.006197683786508253
ZC3H3,0.03952755287009299
ARPIN,0.022703242698894795
PGLYRP4,0.02859652567976069
ST8SIA2,0.016674994964755538
CHCHD5,-0.0043735649546798525
LOC728210,0.025907814702923065
NR5A1,-0.06875456193353216
FLNC,0.005425357502520309
MNX1,-0.025534803625374955
LELP1,0.003132336354484025
DPP10-AS3,0.023819687814705365
S100A7,0.011266455186306517
IL5RA,0.020067895266870577
LINC01268,-0.0005111883182250757
LOC100131311,0.03967050352467515
WBSCR27,-0.015992235649544044
LOC100133153,-0.008115407854982274
LOC105370475,0.012717160120848368
LINC00922,-0.019451812688818924
LOC105371038,0.013929164149045506
ROBO4,0.17564111782477598
HENMT1,-0.0015982175226559696
GRK4,-0.003923856998990432
FUT6///FUT3,-0.012158660624368108
PAFAH1B3,0.024693444108764433
MORN3,0.009400886203426717
LOC105372969,-0.012539305135949197
METTL12,0.07908310171198593
DPY19L2P1///DPY19L2P4///DPY19L2P2///DPY19L2,-0.02629990936555644
ADAMTSL5,0.022568529707958147
NAPSB,0.06548552870090878
ZNF696,0.024056626384695495
SLC7A9,-0.022019103726079833
EBF4,-0.0573549848942575
ATP6V0E2,0.025665961732127533
C14orf56,-0.04021170191339111
LOC105370746,0.03808161127895531
MCHR2,-0.003981792547832259
TNFSF4,-0.014687200402816902
CALHM3,-0.0024481671701884217
TTLL10,0.05318217522658826
ABCG2,0.015168298086608932
PATL2,0.005274128902318934
KIF12,0.02339109768378917
ELFN1-AS1,0.1566646223564976
SYCE2,0.00652415911379924
KLHL10,0.022389174219539548
LOC100996654,0.014483665659619845
TVP23A,0.022566918429005642
ELOVL3,-0.03665936555890969
HSPA7///HSPA6,0.06848270896274214
DGAT1,-0.04217123867069192
OR5E1P,-0.028398841893249732
DLGAP4-AS1,-0.0014120543806621956
FAAH,-0.11106921450150714
FOSL1,0.01060348439073798
CEL,-0.0417063444108733
LINC00163,-0.026938801611276236
CLEC4GP1,0.06982429003021363
LOC101929902,-0.07487640483383473
DGKG,0.028656576032228206
RNASEH2C,-0.03052698892245409
LOC100130725///PAGE2B///PAGE2,-0.004973343403824107
BMP15,-0.01587672708962454
SNAI3,0.02653461228600466
DOC2A,-0.013536294058406166
LOC728613///PDCD6,-0.06268441087612986
LOC100131701,-0.00198098690835578
SMG1P2,-0.020393947633431386
SLC30A8,-0.01060928499496221
IQCF6,-0.0034744612285975626
SNHG19,-0.006130976837862262
IGFBPL1,-0.009953001007046769
LOC283868,-0.02492578046323991
CRYGA,0.016285276938572367
LOC101927723,-0.008978066465253974
DCX,0.018873726082580304
GPR37L1,-0.03187019133937288
RTP4,-0.005371057401809857
DLX3,-0.011480956696875936
LOC101928812,-0.012005750251759893
PAX9,0.031600443101714525
NRL,-0.04153251762336067
TNNC2,-0.01820058408861755
LOC101929297,-0.028220604229604346
OXGR1,0.04006475327291299
LOC100128909,0.017238408862036383
LGALS9,0.019398056394766168
LOC388780,-0.010255015105737425
TAS2R39,-0.19421635448136662
CST6,0.03507474320241981
LINC00282,-0.010513504531719415
EPN2-AS1,-0.15011844914400438
SLC22A1,0.0041823867069513115
LINC01180,0.0002835850956721814
LRP5,-0.01059802618328064
HSD3B1,-0.002243756294056068
XAGE3,-0.05646569989929232
UCA1,-0.04214180261832581
AURKB,-0.1512840281973783
OPRD1,0.03454601208459439
SHC3,-0.02633204431016866
FUT3,0.050093152064453576
LOC151484,-0.02417310171198126
BCL9L,0.11418122860020372
C16orf91,0.025921933534746124
FLJ31945,-0.0018754279959694521
EDA2R,0.023958962739176727
RBM17P4,-0.003790755287006616
EPO,0.07504454179255024
PRDM11,0.031021299093658354
SAAL1,0.05037030211480648
MYBPC3,-0.014166928499493652
CKAP2///SHB,0.03651263846928732
BEND3,-0.007263121852968413
LOC100133283,0.006821329305138636
DKKL1,0.005925901309166898
AVPR1B,-0.01751194360523397
C7orf77,-0.07032548841892995
LOC100133724,-0.03790635448136684
MORC2-AS1,0.06926645518630661
LINC00628,-0.032210916414901945
TFCP2L1,-0.0326293152064424
SLC26A10,0.03294865055387981
PLD6,0.04335651560926734
CIC,-0.09506729103725772
LOC105374768,0.0026867774420972785
LOC101928068,0.004040040281976454
NYAP2,-0.013726082578043416
STK16,0.004410392749247466
PGBD4,-0.02493962739173928
LOC440346,0.017784330312187777
FLJ25758,0.046532618328300544
CXCL17,0.02118688821752512
INS-IGF2///IGF2,-0.058301359516612916
TDRD5,0.038234018126890326
TSPAN1,0.0057376636455211474
CIRBP-AS1,-0.04173916414904081
MCHR1,0.019107160120848406
LOC729124,-0.04759061430009773
GAST,0.031052004028199923
SLC6A10PB///SLC6A10P///SLC6A8,0.011260140986910961
LOC644222,0.004889859013094213
LOC101928778,0.020517341389730437
WDR87,0.01754594159114079
LOC100507291,0.006512306143003448
PXT1,-0.02102278952668394
OR52A1,0.024772094662640964
HSPB9,-0.006236213494458725
LOC643659,-0.007617542799594574
GCSAM,-0.012795156092645702
AHSG,-0.01024671701913121
HOXB1,0.006481701913396441
FOXN1,0.007491933534745664
PRSS55,0.017111762336357063
GPR17,-0.026220080563945296
C8orf82,0.03318400805639731
RPS17P5,-0.009180120845918979
ALDH1L1-AS2,-0.005783484390732275
ADAM11,-0.040830231621346684
DNMT3L,-0.013412124874116256
GPT2,0.02812455186304417
EXOC3,0.05238825780463524
PIGQ,0.019022648539780473
KIF19,-0.05104948640483092
LOC101928283,-0.01867340382678514
SLC2A1,-0.18763736153071164
AIP,0.030135911379660384
OR4D2,-0.005010684793552267
LOC105371967,-0.03438686807653292
ZAP70,-0.019044058408858686
PRSS47,0.0170833836858032
ALOX12,0.06955736153071727
ZNF321P,-0.025050704934538842
ADAD2,0.06420330312185521
BAAT,0.037863152064453634
HSD17B3,0.07905083585095912
SNX11,-0.013513403826784398
LOC105377371,-0.019685176233632674
KDF1,-0.004956102719030953
SELP,0.05011724068479606
LOC100505918,0.04432206445116048
FLJ20712,-0.009566837865052549
LOC283856,-0.007290161127892979
MMP7,-0.021645266868073894
LOC100132810///LOC441179,-0.006945558912384103
NXPE4,-0.09808844914400475
DPEP2,-0.017582547834841093
ZNF28,-0.000513877139977359
LINC00116,0.02276095669688056
LINC00870,-0.00033988922456971993
LINC00955,-0.007260201409866378
MPO,0.05350674723061669
CCDC42,0.039056958710979375
S100A12,0.021090946626387504
CFP,0.002290735146024769
NMUR2,-0.017098237663643073
KRTAP4-2,0.011976777442096943
LOC728956///LOC728951///LOC728946///KRTAP1-5///KRTAP1-1///KRTAP1-3,0.11777840886203692
TSSK1B///TSSK1A,0.012483111782480037
GPIHBP1,0.04220899295065704
LOC100132861,0.033847744209469025
SLC6A7,0.007769577039277644
URB1-AS1,0.05779453172205719
PAEP,0.010265357502520238
LOC105376975,0.01925501510574258
CCDC9,0.010023846928501792
RASAL1,-0.030316878147026514
AP1B1,-0.10797330312184936
ARMC3,0.040287492447132256
LOC100130648///SSX2B///SSX4B///SSX7///SSX3///SS18///SSX4///SSX5///SSX2///SSX1,0.003944088620344904
CASP16P,-0.019027502517620323
LOC728805,0.0053478549848972375
DNAJB5,-0.03602753272910102
NUDT9P1,-0.019700312185294423
HAO2,-0.01169675730110481
CACNG3,0.009571842900304633
FAM179A,-0.004345579053370682
GKN2,-0.015473494461225909
ATP6V0E2-AS1,0.007873786505541554
CLRN1,0.005148690835853646
SPEM1,0.01961551863041553
LGALS2,0.028600241691845545
FOXP1-AS1,-0.019123272910370005
LINC01225,-0.0020966364551836085
LOC100131043,0.016553222557908115
LINC00901,0.0011249748237687276
MIR31HG,0.0013731218529736168
C9orf57,-0.12189135951661287
LOC100130476,0.028370463242701253
SLC25A2,-0.03601387713997743
PSKH2,-0.006614682779453691
GAGE12D///GAGE12F///GAGE2A///GAGE12H///GAGE12E///GAGE12B///GAGE12C///GAGE12G///GAGE2B///GAGE2E///GAGE12I///GAGE7///GAGE6///GAGE5///GAGE4///GAGE2C,-0.002494320241689059
ZC3H10,-0.0034374823766340212
CPB1,0.0601859919436076
IZUMO1,-0.013852265861024487
DUSP27,-0.004811963746220773
LOC105371374,0.0005000906344438255
POU3F1,-0.05691035246726802
LOC283045,-0.006250523665657079
MKS1,-0.07974851963745924
IL25,-0.06772377643504263
CCDC151,-0.11470932527693525
LOC100132356,-0.0021928902316186516
HOXB-AS1,0.054294682779458876
TDRD10,-0.010279234642495059
STARD5,0.0181168177240712
CLEC4M,0.03128255790533995
IGSF22,-0.018101168177238173
DMRTA2,-0.017232205438063735
WFDC3,-0.054847260825777525
AR,0.005291047331322121
LOC101928943,0.010376847935551565
CPO,0.014544823766367045
BTLA,-0.03468401812688528
KRT15,-0.015535196374619663
CHRND,-0.010906968781467866
FAM101A,-0.017181037260823054
PLA2G5,0.008268932527696532
CACNG6,-0.009485891238668095
ADCYAP1,-0.0264640080563922
LINC01158,-0.0016945115810650417
PCDHB15,0.015097019133940176
PLEKHH3,0.03404312185297298
RRP9,-0.005129677744206687
KRT85,0.006848388721049823
KCNJ14,0.009031480362540313
USP40,0.0024590634441115783
TPK1,-0.05108963746223262
EBI3,-0.012242567975828199
LOC732445///CHRFAM7A///CHRNA7,0.017771409869086482
PPY2P,0.0005006344410901711
EGFL8///PPT2,-0.005959315206442349
LOC729866,-0.030311752265858416
HLX,0.0038283182275955854
ZSCAN1,0.008249385699902191
LRRC46,-0.013139375629403476
PSMB9,0.03378450151057695
LOC100130741,0.012196888217525355
LOC730098,-0.04509429003020868
QPCTL,-0.15060414904330022
ACTL9,0.014414924471301719
CCNA1,-0.05107630412889973
PYGO2,0.024961893252771865
GLB1L2,-0.016332457200400087
DEFA4,-0.06753836858005752
NCAN,-0.03262443101711719
NCBP2-AS2,0.018578116817727034
KEL,0.04896921450151306
SAMD11,-0.026325790533733587
GATA3-AS1,-0.005666868076533049
LINC01069,-0.061030815709967205
LOC105379186,-0.04702421953675402
CADM3-AS1,0.045098126888220284
RPS10P7,-0.10498255790533417
IFNA2,0.038834793554886914
SFTPD,-0.05628617321248469
FSD1,0.04743922457200683
SLC34A1,0.008331933534745772
ANXA2P1,0.019727633434040926
C1orf68,0.003579174219539313
CFLAR-AS1,0.020595820745219172
ALLC,0.01150902316213778
C11orf40,-0.007861550855989139
SLC32A1,-0.03240182275931266
HYPM,-0.008055216515606664
KCNMA1-AS1,0.0028818529707982377
PITX1,-0.07866192346424704
AGAP5///AGAP9,-0.08534562940583768
PNPLA1,-0.026902054380661993
PUS1,-0.07750312185296757
LOC101929229,-0.009958086606241015
KLHDC9,-0.024532789526684317
SLC45A2,0.012851419939579445
ALPP,-0.017538872104730444
CLSTN2,-0.0028871097683759814
TRPV2,-0.11027498489425674
FAM187B,0.040357643504533997
IL20,-0.018204894259816036
LOC389199,0.008927844914403349
KLC4,0.0041524471299119944
C15orf65,0.01810268882175491
C16orf89,-0.101605790533733
CATSPER3,0.0071794964753301585
LOC100128286,-0.004191711983884665
FAM109A,0.006530765357504853
KIFC2,0.003046535750254282
LOC339862,-0.0025014904330282715
FLVCR1-AS1,0.009014783484393399
LOC731139,0.0071721651560953965
DEDD2,0.051565790533738956
METTL7B,-0.020146807653572643
CSAG3,-0.0367601510573992
ASB10,0.006953927492449735
SPATA8,-0.011866827794559328
LIPG,-0.008411349446120445
P2RY13,0.005326012084594645
ICOS,-0.05127218529707697
GABRA3,0.019445931520646925
LOC101928429,0.03960002014098944
FAM86B1,0.004243111782480137
LOC100134495,-0.004058620342393896
REM2,-0.11373401812688529
SSC4D,-0.06552089627391453
GPR52,0.0171607552870117
TRBV21-1,-0.044401430010067834
NECTIN4,-0.00396212487411635
LOC100128185,-0.03252887210473059
HSPC102,0.032188831822762075
ABT1,-0.008128247734136312
LINC00543,0.016613575025178864
HTR1D,-0.012907200402817034
WASH5P///WASH3P,0.02352545820745451
DDN,-0.0601182074521622
PPFIA3,-0.058588610271900717
B4GALNT2,-0.03887266868076239
THOC6,-0.04880155085598921
CCR10,0.008581077542801989
KRTAP9-3,0.00558277945619578
LOC340581,-0.0009369284994940981
BARHL1,-0.0268945720040253
BTBD2,-0.1284797079556865
GRM2,0.03740215508560166
LOC100131316,0.05809559919436279
OR12D3,-0.008303514602212559
CDX4,-0.020280654582071945
LOC101927815,0.03547522658610507
SPINT1,0.02602671701913665
CGB2///CGB1///CGB8///CGB7///CGB5///CGB3,-0.07934407854984618
SYN3,-0.008011711983884557
FFAR3,0.050065367573013934
VIP,-0.0002465357502493305
ZNF565,0.02229115810674986
SNORA65,0.016713766364554468
C19orf84,-0.044307311178245205
LINC01187,0.0016381268882201862
LOC100134128,-0.021877834843904896
ZBTB22,-0.008350845921447365
SSX2,0.09380138972809898
LINGO1-AS1,-0.02091641490432749
MIER2,-0.005986283987912575
REN,0.0028967270896301228
ZNF543,-0.018084914400802996
LOC157740,0.0023800604229633074
LOC646548,0.019310513595168922
GLI1,-0.07197045317220307
LOC283194,-0.035332185297076824
HIST3H2A,0.017298771399801148
ANKRD42,-0.004885679758305691
PSRC1,-0.01398937562940282
ANKRD30BL,0.006398519637464727
ARMC6,-0.033574390735143116
LOC79999,-0.007757774420943695
UBQLNL,0.04684259818731355
ATG16L2,-0.016493544813693306
LOC100134142///FAAP20,-0.062447250755284164
RDH12,0.00949910372608503
MYH4,0.002166505538773942
LOC100130212,0.008978096676739745
KRBA1,-0.009065760322253274
SH2B2,0.009959144008058949
RAB33A,0.011328328298089215
LOC101929002,-0.0070841792547806075
LOC91450,0.015292880161130167
LOC101929473,-0.007283957703924957
LOC400768,0.04864686807653834
OR10A4,0.07913157099698102
FAM83G,0.007100513595168709
LOC100505853,-0.04307366565961454
MTA2,0.0700546324269912
POLE2,0.001539013091644524
LINC00555,-0.014136727089624233
MIR1-1HG,-0.0017546324269860566
SAMD13,-0.018212870090631737
CTSW,-0.017506032225576684
LOC728288,0.0009006344410903699
MRGPRX1///MRGPRX3,-0.040331681772404204
CPA2,0.03562361530715274
RPL7AP9,-0.024925417925475576
IGLV2-14///IGLV7-43///IGLV7-46///IGLC2///IGL,0.030860201409871627
CAPN9,0.001693021148038848
NOX5,0.01970990936556124
C2orf61,0.019264773413899927
FAM71E1,0.01703111782477591
ABCC12,0.02666794561933747
LINC00298,0.0008769989929532668
MUSTN1,0.010717170191341968
ZNF311,-0.003987502517620445
LOC100134081,-0.01990997985901022
SPATA31A5///SPATA31A3///SPATA31A1///SPATA31C2///SPATA31A6///SPATA31A7,0.003906988922459741
ACCS,0.006874380664655245
GABRP,0.017435780463245378
POTEM,0.0006657401812718601
NUDT14,0.04783256797583306
PRKAR1AP1,-0.026195196374619506
KRT71,-0.013038519637459521
LOC644852,0.0003914400805665576
CRYGB,-0.014262275931518114
TSEN54,-0.0026753373615279324
LOC100129648,0.007631127895269377
CHRNA2,-0.08018826787512325
TNK2-AS1,-0.015170553877137689
KCNA1,0.05346507552870358
LINC01165,-0.04160900302114515
IFNL3///IFNL2,0.016465881168180013
LINC00556,-0.010055558912384237
CXorf65,0.008859043303124366
MMEL1,0.09659416918429266
FAM83F,-0.028896435045314497
LOC105373065,0.0219177643504558
TTC5,-0.003957532729100877
DLGAP1-AS2,-0.002763272910370167
C12orf56,-0.0011672406847913416
SLC5A5,-0.0071931419939550885
MYH7,-0.027319899295063052
SCAI,0.00020103726082834118
HIST1H4G,0.03271665659617596
LOC441052,-0.0013638469284968447
LOC100129837,-0.006742336354478479
SEC14L5,0.027188781470294472
LOC729296,0.0003570594159140548
HCG22,-0.07389636455186062
LOC645757,0.0020113796576055436
C1orf159,0.02351412890231858
BPIFB2,-0.009296283987912681
CRAT,-0.025567210473310446
LOC649034///PGA4///PGA3///PGA5,0.01604595166163396
CCDC33,0.01751812688821998
OR1I1,-0.018903474320239082
SLC43A2,-0.014220171198386082
LOC100131861,-0.013713967774417968
PLEKHM1P1,0.010468499496478151
SMTNL1,-0.048159526686805135
LINC01136,0.0021504531722083085
SMO,0.03818708962739412
ABCA3,0.03181837865055616
CIART,0.013492598187313885
LZTS1-AS1,0.010832668680767866
HEPACAM,-0.010836132930511156
LYSMD4,-0.0761356797583054
EN1,-0.055793454179251786
LOC105371046,-0.04314664652567692
PIRT,0.010053806646528472
MEN1,-0.039468942598184384
NKD2,-0.012009083585092683
LOC100130850///KRT17P5,-0.025596213494458314
LOC101927432,-0.0012450151057377024
REG3A,-0.0028557301107729593
KRTAP17-1,-0.00014497482376337953
C7orf61,0.010269466263849322
SH2D5,0.004712618328300843
SLC24A5,-0.0053230916414878805
SH2D2A,-0.04198705941590894
SMPX,-0.013415881168174486
LRRC3DN,0.001376143001009492
LPO,-0.014080050352464407
POM121L10P,0.019049869083587547
TPGS1,-0.04044994964752999
C22orf24,0.07342766364552114
PORCN,-0.08958025176233364
LOC284630,-0.015549768378647954
RALYL,-0.008204592145012271
PDGFB,0.06769905337361755
LOC284933,-0.0006429003021122953
LINC00112,-0.016638630412887656
PRR7-AS1,-0.019331470292041457
LOC728853,-0.03313929506545529
ZBTB9///SYNGAP1,-0.03235054380664383
DNAI2,0.003324310171201085
PYGM,0.016271802618330968
EPHX3,-0.035217502517620396
LOC100132345,0.008319617321251256
CPLX1,0.005880281973819353
ADGRE1,0.025666918429005904
DDI2,-0.032971732124871735
DRC7,-0.016445498489423255
NLRP2B,0.0361512990936583
APOA5,0.025216636455189123
NHLH1,-0.011092145015103388
GNMT,-0.03735203423967509
C8B,-0.028306112789524128
NPCDR1,-0.006968368580057902
LOC105372881,0.061392225579055985
TMSB15B,-0.032262255790531366
LOC554207,0.012942366565964257
PIM3,-0.04644757301107501
CSPG4P5///CSPG4P1Y///CSPG4P2Y,-0.006373101711981456
PEX6,-0.051024390735143386
SLC7A11-AS1,-0.003508982880158491
SLC17A7,-0.01046581067472021
FAM90A7P///FAM86B3P///DEFB109P1///FAM90A1,0.012846062437061942
ABHD14B,-0.05690818731117489
ECEL1,-0.05529003021147776
YY2,-0.00150993957703641
SHROOM4,0.07644909365559187
TEPP,0.021884984894262452
CDH17,0.05018389728096917
KCNH2,0.013242346424977347
LOC100133911///GRIK4,0.020987291037263565
ZFP41///GLI4,0.012375679758310793
P2RX5,-0.011440493454176706
LRRC74B,-0.05557204431016806
ASB11,0.037154692849951945
LOC100132788,-0.03554923464249484
CERS1///GDF1,-0.011782265861024412
PKMYT1,-0.03164177240684535
MX2,0.039851842900305176
LINC00705,0.009952708962741887
MYL12B///MYL12A,0.026654481369589752
RAB25,0.031841339375631675
PRM3,0.01842856998993196
BMP8A,-0.009053111782474713
GLIS3-AS1,0.05139238670695044
PWRN2,-0.05957297079556628
TKTL2,0.05094579053373881
ZSWIM8-AS1,-0.05805093655588807
LINC00886,-0.01536140986908072
TTR,0.036531651560928684
SPACA4,0.023278600201412467
FHIT,-0.011074753272908223
KRT2,-0.015647552870088118
FGF21,0.026810584088622483
LOC102724250,-0.008345679758305666
ELN,0.05325695871097908
TNFRSF4,-0.008903172205435246
PKN1,-0.16299817724068139
LOC100130642,0.034123423967776595
CCR7,-0.030293625377640757
S1PR4,-0.023090735146019288
MRGPRX1,0.018257280966769998
SH2D6,-0.0737906445115785
LOC105375527,0.013442487411886072
MGAT5,0.08298445115810946
KRTAP8-1,0.06533622356495686
CMTM1///RHOQ,0.014414128902318753
ZBED6CL,0.004162970795571501
ADAMTS16,-0.038581349446120364
LOC100505564///DEXI,-0.007855891238667777
TMEM207,0.0433198489426007
LOC101929284,-0.024357361530712593
SLC10A3,-0.1038576233635419
CPLX2,0.003964803625380339
C1orf194,-0.0027657200402793672
LRRC43,-0.016326314199393437
CACNA1F,0.05147940584088863
TNMD,-0.037475246727086964
PPP1R18,0.07406481369587348
IRX4,-0.03205105740181022
C1QL1,0.036373021148038386
FNDC9,-0.003182769385697431
SLC7A3,-0.018486294058406037
FLI1///EWSR1,0.010270745216518589
NUTM2B///NUTM2D///NUTM2A///FAM22C///NUTM2G///NUTM2E,0.011526757301110484
RFESD,-0.0005785800604206284
CCDC17,-0.0019501913393730787
SMTNL2,0.010562215508562468
LOC102724382,-0.08441439073514337
INE1,-0.0022821752265833745
MMACHC,-0.01931907351459943
PRLH,-0.03645410876132661
SPATC1,-0.007203585095667375
BHLHE23,-0.004071480362535176
GPAA1,0.0479732225579077
LPIN3,-0.01284386706948366
FLJ30901,0.008902145015108106
PPP1R14A,-0.005853172205435412
CTDP1,-0.02879775427995661
TRAIP,-0.04278929506545531
LOC100133761///LOC100133432///MUC6,0.01936696878147313
LOC340357,-0.03831140986908103
DEFB123,-0.1557944612285968
CNTN2,-0.06240148036253488
PRODH,-0.04185004028197147
LOC729506,0.0031738167170216602
LOC100131581,0.016989546827797256
LOC100508631,0.013259808660627025
KCNT1,0.08218078549849217
TMEM176A,-0.024542880161125286
LOC100133432///MUC6,-0.0053618630412864115
LOC101928251,0.0038095568982904164
FERMT3,0.06297135951661842
LOC100132739///ZIC1,0.04051590130916631
PLCH2,-0.0057508761329279415
PDE1B,-0.005856455186301888
LOC105373113,0.0030735850956724
LOC101928682,0.04780652567976035
DEFT1P,-0.030136998992947812
THEM6,-0.010316535750248905
CPEB1-AS1,0.02317080563947883
HPD,0.0128493353474348
LINC01101,0.045643282980868644
MYLPF,-0.006931278952666053
LOC101928940,0.01585781470292334
SCNN1B,0.056400926485400446
DND1P1///DND1,0.023798912386709434
TSPAN18,-0.05720516616313922
FITM2,0.01587906344411116
LOC339539,-0.0842900704934513
SLC34A3,-0.04687189325276672
ZNHIT2,-0.012255186304126196
SERPINA12,-0.09567894259818391
TM4SF5,-0.005404058408859165
CD1B,0.02819931520644775
FBXL8,-0.025094602215506075
LOC101927616,-0.009556122860017675
LOC100128644,-0.0062347029204407045
CACNA1S,0.07415707955690032
CEND1,0.016875891238673377
SLC38A11,-0.00811587109768092
ATOH1,0.03942288016113048
LOC646482,-0.018587965760319455
NKG7,-0.006253504531719537
TMEM252,0.03698201409869322
LINC00482,0.1599813494461252
NAGS,-0.022357673716009475
LOC101929538,0.012228408862036912
LINC00382,0.04267110775428225
LOC100130232,-0.00742453172205176
ENDOV,-0.01783269889224285
GTF2IP4///GTF2I,0.021206706948643232
GAL3ST2,-0.005927603222555304
LOC101927934,-0.0004396777442070192
GABRE,-0.14376929506545483
GPR21,-0.04365589123866805
KLHDC8A,-0.05343873111782204
THEMIS2,0.011414763343406752
RIMS4,0.048037703927495005
TTC36,0.0767354682779481
TGIF2LY,-0.03697124874118591
DKFZp451B082,-0.033829456193350746
CCL22,0.019821329305138528
C18orf15,0.006834078549851276
LOC389332,0.07910845921450377
EXTL3,-0.04275815709969494
SRPK3,-0.09285367573010787
PRSS58,0.014276334340385239
SLC8B1,0.05257348439073768
CBLN2,0.005531923464252329
CALML5,0.05888057401812907
EPHA1,-0.0672828499496448
SPATA41,-0.04691893252769139
OK/SW-CL.36,-0.00569660624370354
LOC100507389,0.0013405135951687626
LOC100133298///LOC100132442///LOC554249///GLIDR,0.05236022155085787
GBP6,0.02609824773414134
CHRNA1,-0.02700744209466003
IL3,0.04407623363545059
MBL1P,-0.06280389728096393
LOC340340,-0.009349093655586463
PLK5,0.0715694964753299
C1orf132,0.0048909063444140585
LOC100131993,0.06215694864048625
TMEM79,-0.0286556998992923
TRIM46,-0.016906586102716517
IHH,0.02831170191339668
FOXE3,0.0012956898288042304
IDI2-AS1,-0.022022769385697395
GPR84,0.008161883182278756
LINC01419,-0.0018781873111754417
HP11014,-0.048755720040279144
SHANK1,0.004122477341392301
ERVFRD-1,-0.001417341389725435
TREML3P///TREML4,0.00479818731118081
CFAP53,-0.04915822759314903
FLT3,-0.013900362537761477
SEMA5B,0.012739305135954379
GJD2,-0.06274702920442825
LOC101927467,-0.04909861027190078
DGCR12,-0.006925750251759603
IRX5,0.009678559919438615
LOC100132369,-0.02863114803625113
RNF2,0.0031458207452190086
PRODH2,0.06298270896274177
DISP2,-0.019772769385697365
CHIA,-0.0035490936555865656
ZCCHC18,0.02671280966767571
LINC00508,0.023314682779458914
FAM24B,0.0038975025176260295
NMRAL1P1,-0.011323232628396155
OR2K2,0.003186102719035768
LINC00294,-0.02254937562940317
LOC100129516,0.004435689828804145
MYO1H,-0.00027041289022892556
ZSCAN31,-0.039489577039271875
ONECUT1,-0.03324750251762068
BMP8A///BMP8B,0.030360553877142545
CAMKV,0.025075025176236013
TMEM132D,0.08695003021148273
SLC25A51,0.017156696878149434
ABCF3,0.03215254783484703
NFYC-AS1,0.029918590130919
CISH,-0.01117229607250484
BDKRB1,0.0231156394763367
LOC101928632,0.0028845115810703257
BCAR4,0.0012056898288043752
P2RX1,-0.002508167170188605
USF1,-0.02668264853977556
CDK9,0.01041137965760594
LOC101927735,0.006659083585098377
FLJ30064,0.05231183282981113
LOC146795,0.0037656596173239916
LINC01526,-0.03746257804632132
PCYT1B,-0.03063196374622061
LOC100133898,0.027775901309166906
OR51A1P,0.006655468277947892
SPRR1B,-0.005867049345415472
LINC00400,0.037701530715007585
LOC105376796,0.007894874118834029
LOC284080,-0.005274773413894394
CYMP,-0.006207270896271683
LINC01599,-0.05438422960724813
PTPN23,-0.03733666666666377
NR0B2,-0.04819257804632171
ANKS3,0.02596606243706227
GOLT1A,-0.0031783987915382757
ERCC2,0.010728630412893023
UCP1,-0.024376052366563143
NMUR1,0.0237533434038296
SYT8,-0.03078327291037051
ATAD3C///ATAD3B///ATAD3A,0.018017512588119348
UCN3,-0.06876998992950345
LOC100133056///LINC01558,-0.002953836858003442
DSCR10,0.00013185297079802184
ALPPL2///ALPP///ALPI,-0.017212416918426586
FGF8,0.03379383685800855
LINC01271,-0.027155840886200558
LOC339760,0.048253252769388064
C6orf10,0.0345010976837891
OTOF,0.05763980866062687
PRNT,0.0103597784491463
ZNF524,0.017727744209468817
LOC101927787,-0.010702134944609667
CH17-340M24.3,-0.0360822759315179
KRT3,0.016088479355491025
LOC101927210,0.005809677744211754
USP20,-0.05628265861026886
MAFK,0.019644199395772638
LOC100131317///POU4F1,-0.011773927492444554
GDAP1L1,-0.004856324269886629
C1QTNF4,0.012986868076538146
LOC101928461,0.002202416918431521
UTS2B,-0.03200770392748955
IL9RP3///IL9R,-0.0105514199395745
CDIPT-AS1,0.011999566968783935
PTCH2,0.03650956696878371
DRD5,0.04944759315206685
EPS8L3,-0.0029810674723037426
MPDU1,0.0029624974823792595
ASB16,-0.0007310976837839045
LINC00176,-0.028927804632424087
PMEL,-0.036199587109765355
OR51J1,-0.028695327291034786
LINC01140,-0.011992416918426157
LOC286121,0.02647163141994198
LOC105378749,0.006162809667676106
LOC284009,0.021837301107756807
BCL2L12,-0.044645579053371055
PIP5KL1,-0.03286919436052067
ERV3-2,-0.012161319234639721
EPN2-IT1,0.08994595166163422
DGCR6L,0.012021359516618986
ZNF526,0.012834199395772787
CA5A,-0.0027258710976814093
FCN3,-0.02398039274924199
MAL,-0.004195891238668103
FSCN3,-0.005385649546825252
TEDDM1,0.017887210473315616
CDHR1,0.01636644511581312
ADM5,0.027126706948643317
PTK7,-0.07859705941590822
RBMS3-AS3,-0.015294179254781022
DEFA6,-0.009552487411880492
MT4,0.11081177240684947
DACT2,0.020469164149045965
PGLYRP3,0.05340387713998199
CCDC155,-0.001648791540782811
SPINK5,-0.0018051158106724193
CHIAP2,0.005387573011079878
ACHE,-0.0011498086606218994
LINC00459,-0.021767623363541867
FFAR1,0.020544008056397244
LOC105372179,-0.01663684793554596
PMS2P4,-0.020866938569987364
CXCL9,-0.013550271903320765
CAMK2A,-0.08359228600201127
WASH5P,-0.08165895266867766
H2AFB1///H2AFB2///H2AFB3,-0.01865995971802347
CRYBA2,0.01047165156092922
CRB2,-0.004590604229604798
DNAH17-AS1,-0.015289687814700397
TP53TG3B///TP53TG3,0.02241712990936784
CPNE5,-0.014148439073512022
BMP4,-0.07385113796575726
SKAP1,0.01800548841893481
ABCG4,0.001936576032228056
SLFNL1-AS1,-0.03338019133937279
HIST1H3I,-0.017599677744206847
CD177,0.008501168177243196
RAB37,-0.06336414904330029
ZNF385C,0.010753977844916725
LOC100129194,-0.0023126283987889226
PCDHGA9,0.01622059415911659
FAM215A,-0.041295427995969386
ZNF8,0.05190365558912641
ZXDA,0.04077980866062657
PODXL2,0.015290221550858876
CHL1-AS2,-0.026329597180259276
LOC102723335,-0.000726958710974287
PITX3,0.0107262839879181
MUC17,-0.034742608257801684
CDRT15P2///CDRT15L2,-0.0023925679758281257
TBC1D22A-AS1,0.09298233635448369
CD3E,-0.02748673716011816
G6PD,0.00026109768378915037
C6orf99,0.04233509566968981
VPS37D,-0.027744612285999407
LOC102723927,0.021682477341392385
SDHDP2///SDHD,0.005571409869086182
BCAM,0.028940866062439348
FEV,0.05608388721047567
LOC102724511,0.011761480362540322
REXO1,0.04480657603222789
LOC100131860,-0.010967713997983216
CYP2B7P///CYP2B6,-0.012846072507550127
SWSAP1,0.03020831822759564
LOC100133825///C20orf78,-0.005060292044307628
LRRC45,0.03426206445116074
FAM182A,0.015658429003023607
TRIM17,-0.05286267875125622
C1orf20,0.00010323262840164797
ATXN7L2,-0.0928093051359487
C1orf167,0.009580584088622857
BRINP2,0.01200329305136193
OR52K3P,-0.03209407854984597
MTNR1B,0.019621440080566502
TMPRSS4,-0.02232366565961506
DNHD1,0.0014611782477366893
ZP2,0.03608306143001283
LOC339166,-0.013407230614297466
LOC728163,0.0019762537764374324
OOEP,-0.0087801007049319
ZNF284,0.005034380664654645
ABHD15,0.0018032930513618567
DOLPP1,0.02235413897281225
LOC101928222,0.003985720040284423
LALBA,0.023917713997988248
SEPT3,-0.02614777442094393
TOP1P2,0.0014098086606265966
LOC93429,0.020787049345420312
CLPS,-0.01014950654581819
LINGO1-AS2,0.0007227693857026277
SCAMPER,0.04114656596173419
PCDHGB5,0.05081354481369793
TNNI1,-0.01408190332325989
UBXN11,-0.017607230614297406
LOC553103,0.0668633635448159
GPA33,0.030503474320244268
LOC439951,-0.0235465861027164
ZP1,-0.02349780463242402
PHYHD1,-0.03808046324269598
ALOX12B,-0.06717608257804353
LINC00641,0.04573983887210704
ARL9,0.00421981873112072
TAS2R5,0.008232688821754472
RIC3,-0.004327955689826156
PCDHGC4,0.006679083585098071
RAPGEFL1,-0.03324208459214229
APEX2,-0.038095931520641474
PLAC1,0.06868340382678981
MVD,0.0009862638469308356
LOC100133586///TEX40,0.025514300100707567
CD1A,-0.027281047331316807
ABCA4,0.020054672708965007
TMEM179,0.008094843907353856
CXorf58,-0.021513947633431313
TFAP2E,-0.0057828096676712445
SBNO2,0.04044181268882441
LOC728327,0.02248072507553118
LINC00682,-0.019326495468275185
PCED1B,-0.026082004028194383
CCL24,-0.02717085599194069
VN1R2,0.02188651560926721
FADS3,-0.0060393152064427535
HTN3,0.01281197381671959
CNGA1,0.0038394360523691957
ARHGAP25,0.03531783484390983
LOC100499194,0.010094813695873468
CLDN3,-0.017566314199393265
TEX35,-0.04330403826787226
LOC613266,-0.05675194360523373
HCG27,0.0047070392749273375
CENPT,-0.01701396777441811
NT5C1A,0.011916314199398176
LOC100507468,0.04042984894260079
LHX4-AS1,-0.01890099697884879
UBXN10-AS1,-0.012690271903320602
RARA,-0.02746524672708686
LOC286068,-0.034436082578043425
GSTM5,-0.0036331923464224813
FCRL3,0.07635458207452389
KIR3DS1///KIR3DL1,-0.07139752265860738
CD40LG,0.006506868076538583
FGD3,0.007409768378653477
TMEM158,0.006544290030213604
TMEM266,0.0030251661631445596
ZSWIM5,0.013429234642500145
RLN3,0.011548388721049832
NBPF8,0.00762064451158356
PRSS3P2///PRSS1,-0.0012542296072477754
LDHAL6B,-0.012633695871095032
BSG,0.03295551863041584
SCN4A,0.035541822759317526
LOC105376166,0.01363742195367823
MUCL1,-0.018821329305133198
LYPD1,0.01227941591138211
CDH16,0.05519759315206708
POU4F1,-0.014784994964750466
RBBP8NL,-0.049057381671699485
CARNS1,0.006161812688824393
PVRIG,0.0034084189325302655
LRRC20,-0.027323695871095302
ACSF3,-0.015108741188315226
PYCRL,-0.044183403826784595
WASF3,-0.0033174823766336237
CITED1,0.004152024169186896
LOC101927604,0.007368721047334201
PTCHD4,0.002558147029206833
LOC100129122,0.0002855085599219598
LOC100129617,0.0030645417925504355
NVL,-0.04248733131923155
LOC100133572///LOC650293///UNC93B4///UNC93B2///OR7E125P///OR7E87P,-0.018648489425979138
LOC100129656,0.012722990936558567
HBBP1,-0.08747871097683504
TXNRD3,-0.056055810674719764
DERL3,-0.030012567975828307
ISX,0.0011324370594184105
AOC1,0.0037390433031245546
TREM2,0.022947381671704833
LRGUK,-0.013539577039271864
CDKN2D,-0.01176997985901003
GRIN2D,0.013215760322258336
HCP5B,0.01488953675730386
NKAPP1,0.1039252567975856
METTL12///SNORA57,0.035685478348441255
ZBED3,0.014332316213496977
E2F1,-0.057403675730108336
PDCD1,0.004683746223567827
TRBV7-3,0.00504163141994229
OR51E1,-0.033695891238668244
MGAT4B,-0.005368147029201631
SLC5A10,-0.0026484088620318397
NTNG1,0.051424441087616034
LOC442028,0.016387442094665527
RPL14///IGL,0.04725079556898541
UNC5B-AS1,0.021576042296075137
PCDHGA12///PCDHGC3,0.024314984894262544
LINC01233,0.021834370594161323
LOC101927914,-0.0034625881168149075
LOC101927346,-0.005271409869081113
LILRA6,0.045692789526689766
LOC100132057,-0.008868519637459507
CRCT1,0.01754987915408107
LOC101929486,0.0016187713998015892
AMZ1,0.013258237663647997
LOC100130850///LOC729704///KRT17P5,0.04211111782477633
SPPL2C,-0.05075757301107467
LOC283737,0.03638033232628632
NR2C2AP,0.03710543806646781
GPRC5A,-0.04384446122859717
LINC01137,0.04635161127895496
LOC51190,0.0010548136958739365
XRCC3,0.0122126183283007
SOHLH1,-0.1412435146022123
TAAR5,-0.008868288016110074
ITIH1,0.01957480362538009
LOC100506022,0.01319457200402993
C9orf62,0.008112457200405413
UNC5A,-0.028373172205435403
IZUMO4,0.013412064451160648
EMX1,-0.042151409869080614
MYPOP,-0.006227341389725357
CR1L///CR1,-0.05184418932527445
GCKR,-0.014028217522655963
SLC22A9,0.05834518630413139
CYS1,0.032224944612288614
THAP8,-0.030562416918426115
CELA2A,-0.021566253776432436
PHGR1,0.006711369587112326
CYP27B1,-0.05895712990936288
SLC39A2,-0.017675377643501806
LAMP3,-0.028228862034236767
GCNT3,-0.08878348439073243
APOBEC4,-0.010916122860017682
PPP1R35,-0.0016880463242673646
TMEM72-AS1,-0.011333635448134293
TLCD1,-0.015228368580057838
KRTAP5-11///KRTAP5-2///KRTAP5-10,-0.01954224572003755
WFDC5,-0.003948378650551747
ACY1,-0.014799315206442398
AZU1,-0.01074039274924192
LOC101928280,0.01174757301108012
ZNF29P,-0.014603444108758573
LOC100130237///PDE6B,-0.0255765055387686
ARHGEF25///SLC26A10,0.02238762336354734
LIN28A,-0.1298707754279932
GRID2,-0.013200986908355708
TTC6,-0.007917341389725607
NTRK1,0.018467522658612817
HERC2P8,0.030052688821754575
H2BFXP///LOC644328,-0.005420372608255293
CES3,-0.001811218529705323
SERPINA6,0.015789838872107054
LOC388882,0.013628791540787888
BPIFB4,0.001613705941593692
ACTL7B,-0.009536102719030565
FAM207BP///FAM207A,-0.03188105740180985
PLA2G4F,-0.003894813695868235
NPBWR2,0.01632932527694101
CAPN5,-0.008109073514599573
MXRA7///LINC01105,0.030953685800606503
CLCN2,0.005449879154081358
KRT1,0.01261859013091874
LOC102723661,-0.07156720040281704
LOC285300,-0.022927119838869477
TNF,0.010694471299096267
LINC00687,0.04847738167170427
SULT4A1,0.012817522658612891
TCTE1,0.008486918429005634
GJB5,-0.035466807653572095
MARS2,-0.039215568982877605
EVI5L,-0.08825554884189034
PRMT7,-0.02717588116817446
VWA5B1,-0.06253693856998711
LINC00299,-0.013838459214498968
CHCHD10,0.04959139979859265
TRIM3,-0.031212759315204074
PRR22,0.018810966767374405
GDF9,0.04889199395770605
LOC441086,0.0015220443101736925
THSD4-AS1,-0.06531019133937331
C4orf26,-0.005631268882172538
CRYBB3,-0.12548729103725811
MLNR,-0.014491299093652894
FAM163B,-0.036416475327288284
TINCR,0.00578351460221801
MIR670HG,-0.025065377643501724
LOC100130135,0.013201198388723615
LOC100506691,0.048159083585098204
CSF3,-0.007589325276936298
CSPG4P5,-0.040463746223562184
COL19A1,0.006963232628401352
GGTLC2///GGT1,0.007966233635450492
KRT38,-0.030071087613290727
FBXO16,-0.026723444108758473
FAM109B,0.008595226586105151
IL17RE,-0.010032668680762616
LRIT1,-0.16035836858005714
LOC284263,-0.002009305135949293
KRTAP9-4,-0.027745861027187835
SEPN1,0.009866535750254198
NME9,-0.002225558912383915
LOC286058,0.026335287009065903
CCDC184,0.014203252769388011
LOC101928519,0.050935840886205765
LOC101928661,-0.010374743202414488
VGF,-0.012927693856996339
HIST1H4PS1,-0.037242517623361136
GSC2,-0.0012201409869059775
LOC647954///KRT8P9///KRT8P45///KRT8,-0.0004311883182250083
CXCL16,0.0311038469285021
LOC100128499///FAM217A,0.0009568277945645361
MC1R,0.008682265861029692
FAM166B,0.014393786505541307
GSG1L,0.015644320241694425
LYPD3,-0.004147230614297226
ASAH2B///ASAH2,-0.00791027190332067
LOC100130224///UTY///KDM6A,0.179939083585098
DSG2-AS1,-0.012452839879151682
FLJ34503,-0.011180795568980504
EVPLL,0.01274471299093901
MOV10L1,0.0991430211480383
CASC7,-0.05203582074521375
LHB,-0.001426324269886663
PNPLA3,-0.011608821752263302
LOC105372953,-0.05662296072507263
LOC100132078,0.02626154078550097
DMRTA1,-0.01272610271903075
PALM3,-0.024484934541789932
OGFRP1,-0.0032160926485372554
WDR66,-0.0037687713997956833
DMTN,-0.001014048338366224
NLRP8,0.020086304128904525
FAM90A1,-0.05426107754279676
P2RY4,-0.022267552870088112
WBP2NL,-0.0054703625377617495
ZNF662,-0.008411339375626976
CPB2,-0.005184511581064904
TMEM53,0.10077338368580302
KIRREL3-AS2,-0.03047241691842615
LOC642131,0.019987814702922834
IFNA5,0.007483001007051764
LOC101928144,-0.009655125881165549
LOC401068,-0.007429023162132245
C22orf15,-0.008375448136956308
LOC100130772///CPEB3,0.03611415911379905
ZBED9,0.007419315206447981
RASL11A,0.001686918429005515
FES,-0.0022765760322227963
C9orf24,0.00011066465257053917
LOC100132969///TMEM185A,-0.01728611278952405
QTRT1,0.010575095669690303
AMDHD2,0.014141983887213088
LOC729556,-0.01874586102718793
KRT6A,-0.0178162034239649
HTR5A,-0.07017586102718748
PEX11G,0.03964439073514848
LINC01272,-0.11192328298086328
FERD3L,-0.11032502517623116
OTUD7A,-0.0326982980866034
CDH3,0.01834745216515855
ZXDB///ZXDA,-0.016804048338365962
LOC728099,-0.0156250151057373
GCNT1P1,0.03089685800604494
CRYBB2,0.00851155085599432
PRAMEF11,-0.015828096676734398
SLC38A5,0.056401148036255996
SLIT2-IT1,-0.006584843907348717
CLDN2,0.01700101711984128
CCR4,0.04304518630413097
CALY,-0.01628587109768126
AMN1,0.000579174219539437
DBNDD1,-0.033733272910369726
LOC101929406,0.0038490634441111955
TMEM63C,-0.021846737160118278
CD300LB,0.04314725075528936
LOC102725022,0.008466193353476953
SERPINA4,-0.03039310171198145
CNNM3,-0.058074038267872385
AMPD1,0.002773524672711826
SHH,-0.054863514602212365
DPP6,-0.12843763343403514
GRASP,-0.018505619335344933
NPAS4,0.0038329707955714683
PROK1,-0.03961667673715748
CENPM,-0.03571939577038964
TOR2A,0.008976495468280367
NANOS2,-0.006376686807651194
USP2,-0.0366973011077517
PRDM6,0.05145988922457421
RAMP3,0.08448296072507831
TLR9,-0.013847552870088375
BLACAT1,-0.005839133937560255
IGLV3-12///IGLV3-21///IGLC1///IGL,0.036610986908360725
LOC100129936,-0.02152225579053103
SLC22A14,-0.04697950654581823
C1orf100,0.006949677744212118
MRM1,-0.021401550855989104
PPP1R1B,0.04105470292044574
F2RL3,-0.005009546827791965
LOC100134109///COL22A1,0.01329078549849199
ATP6V0D1,0.06347374622356766
LOC541472///IL6,-0.015917442094660124
ARFRP1,0.0018589627391771939
GRK1,-0.002394743202414123
LOC105371763,0.020379345417928435
LOC101928813,0.005323192346427636
PPP1R14D,-0.01089729103725823
KLK5,-0.014828922457197913
MGC2889,-0.042857361530712255
HCCAT5,0.1510580362537786
HOXC11,0.007914219536759848
OPN1MW2///OPN1LW///OPN1MW,0.007220120845924168
LGALS13,0.04050364551863282
LOC648232,0.0109567975830838
CD207,0.020491148036256117
LOC100506603,0.03141227593152317
CECR6,-0.04598204431016862
KCNH4,0.0034845921450176523
LOC101927151,0.06141025176233951
MASP2,0.014333212487414412
LOC100130344,-0.005137270896271167
LOC339298,0.03220834843907585
EDN2,-0.0063851057401790035
HDGFL1,-0.005547885196372348
AXIN1,-0.07382600201409574
DPEP3,-0.048677573011074955
PADI3,0.015017824773416094
LOC286083,-0.025436173212484967
ERICH3-AS1,0.03632230614300344
NT5M,-0.027045287009060483
BPIFB1,0.02064620342397009
ICAM5,0.016513333333335878
SHPK,-0.001272064451155722
GFI1B,-0.00920553877139723
LOC149373,0.006877260825783077
ACTN3,0.009322970795571544
COX7B2,0.017327865055390263
EPB42,-0.03325923464249489
GUSBP1///GUSBP4,-0.0051155085599168156
LOC101927948,-0.0616139174219509
LOC100134711///LOC100132740///STAG3L2///STAG3L3///STAG3L1,0.02149798590131178
CLEC18B///CLEC18A,-0.03992106747230309
LOC101926962,-0.031856958710974534
TMEM88,0.012146022155088074
DRD3,-0.029256253776432418
NPY,-0.0015514300100681307
GPR15,-0.02194129909365292
CYP4Z1,0.011911671701915741
LRRC37A5P,-0.003315750251759897
DEFB129,0.03352044310171444
LOC100130809///SRY,0.031157633434040655
STAC2,0.013115498489428671
CTB-113P19.1,-5.187311177993544e-05
KRT18P50,-0.0027870191339350618
SDCCAG3P2///SDCCAG3,-0.029633635448133994
MUL1,-0.015372769385696886
LOC100131510,-0.0012021550855967778
LOC148696,-0.027908328298084036
UGT1A6,0.01428988922457455
IL10RB-AS1,0.00863006042296337
KLK6,0.018140956696880615
DRC1,-0.02055280966767105
C9orf69,-0.015060956696875571
LOC100131414///TJP2,-0.009721168177238115
SPRYD4,-0.08317730110775126
MAPK15,0.016486576032227855
GPX5,-0.014346555891236066
PADI4,0.02154872104733392
MC3R,-0.050166424974821114
DLK1,-0.0001289023162111397
KRT36,-0.06956406847935297
C1orf111,-0.012029627391739316
AWAT1,0.010931268882177967
SPATA3,0.01309989929506792
NAT8,-0.0605943202416891
TAS2R38,-0.054764561933532005
TEX14,-0.009055599194357973
LOC100506526,-0.007446334340380247
JMJD8,0.0025515005035275096
LGALS4,-0.09677281973816418
LOC389895,0.014413383685803291
REG1CP,0.02613624370594417
LOC440867,-0.006654773413894725
SLC13A5,-0.058694783484388
OR3A3,-0.010018398791538291
LOC100507487,0.027758761329307824
SPANXA2///SPANXB1///SPANXC///SPANXA1,0.009189687814705525
CLRN3,0.024257351460224143
TUSC7,-0.012523001007046529
ENKUR,-0.053962175226583434
LOC101927181,-0.03355475327290766
OPALIN,-0.00928549848942357
UMODL1-AS1,0.003436878147031832
HTR1A,-0.005813987915405288
MYL3,0.012992245720042789
MFAP4,-0.028546404833834194
C10orf62,0.012032104733134699
ARC,-0.034476092648537016
P2RY11,-0.00048853977844668
SLC25A1,-0.0488501611278926
GPR12,-0.034388066465254254
ARSG,-0.013153484390732703
TNNT1,-0.005169657603220024
FOXR1,-0.0019449748237637468
BANF2,0.008115589123869435
C8orf74,-1.7482376633886493e-05
CLDN8,-0.007650130916412427
HBZ,0.006999828801613681
LOC728951///KRTAP1-3,-4.71198388698503e-05
LINC01620,0.02253875125881411
SSTR3,-0.013170453172202907
HAPLN4,0.013517562940586484
HTR3B,-0.0321062336354456
LINC01123,-0.005836817724066177
POM121C///POM121,0.020600745216518224
PRM2,-0.03437611278952432
PPY,-0.04486807653574799
LINC00635,0.03324765357502725
ADGRA1,-0.016210473313189797
FAAP100,-0.02093958710976558
ABHD8,-0.017104018126885598
LOC100507156,0.019152940584090963
NKPD1,0.013995105740183703
NRIP2,0.030064511581070028
P2RX3,-0.023948237663643103
METTL21C,-0.017703081570994723
TCTEX1D2///TM4SF19,-0.009606515609262154
KIF4A,0.028789728096679214
KRT9,0.035606233635450325
LINC00240,0.030504974823768516
LOC101928845,-0.03234207452164904
SPERT,0.020244874118834376
ANKRD34C,-0.020243524672706445
TIMD4,0.06528093655589348
TNXB///TNXA,0.07205734138973055
GLP2R,-0.02617367573010833
OR1A1,0.03007065458207702
BEX1,-0.039836938569987226
UBASH3A,0.0276838267875151
CHIT1,-0.01587363544813429
CYP4F12,0.03710164149043503
HLA-DPA2,-0.03787358509566702
CATSPERD,0.006710040281976309
UBQLN3,0.03861761329305369
FLJ44896,-0.03345599194360265
PTCSC1,-0.03739102719032948
LOC100129289///CDK14,0.009083947633436524
C12orf50,-0.008178056394760574
PGC,0.025474169184292468
FIZ1,0.034487603222560614
RSPO4,-0.004841691842897794
OVOL3,-0.024942477341386812
SMIM6,0.009592960725078058
KAAG1,0.004233282980868569
EPX,-0.019454954682777192
CER1,-0.07423670694863767
C19orf57,0.029090553877142523
MPP3,0.024432608257807138
BPIFA3,-0.029403001007046535
ARSI,-0.022471953675727227
PRG3,-0.0026037260825754922
ODF3L1,-0.11789883182275651
LINC00626,0.016325317220546653
CPA3,0.01290998992950957
IP6K3,0.00812919436052615
NLRP6,-0.00616090634440869
IL4,0.01185568982880393
IFNL1,-0.008866817724065964
KCNK12,0.003133031218531988
MBD3L3///MBD3L4///MBD3L5///MBD3L2,0.015579244712993115
B4GALNT4,0.02558888217522911
ZNF324B,-0.02433305135951417
LINC00842,0.015196273917424397
GCHFR,-0.022532416918426224
ARMC12,-0.0020700402819715524
LOC645529///ACR,-0.0507392245720016
FAM26D,0.03024785498489662
MMP25-AS1,-0.108122789526684
LINC00658,-0.0028522155085574886
VN1R5,-0.007646475327288384
IL1RAPL2,-0.008890986908355812
AQP11,0.01057269889224852
TNFRSF13B,-0.01730665659617089
FAM95A,0.029555226586105307
LINC00836,0.024036273917424286
LOC101928626,-0.0020823464249722086
KCNK4,-0.0026883182275909533
PPP1R16A,0.021843867069489216
TAS2R16,0.011702145015108328
PLPPR3,0.012582275931523093
SYNPR-AS1,0.03131748237663856
LOC100289094,0.015103826787514735
LRRC56,-0.052631238670691916
LOC101928069,-0.005591238670692177
CCDC63,0.007158791540788134
KIF7,0.012562134944614663
IPCEF1,0.0032359919436076214
LOC142893,-1.3796576003519134e-06
SH3D19///RUNX1,-0.007669395770390301
SCGB3A1,-0.09178014098690561
PLA2G2F,0.011600674723063656
FFAR2,0.10891017119839094
DNAJB8,-0.02226202416918144
KRTAP2-1,-0.005381782477338941
LOC101928896,-0.03290111782477077
BTBD17,0.017879738167172796
HIST1H3D///HIST1H2AD,0.0034655085599220553
RP9,0.05246269889224857
ASCL5,0.02650860020141212
ZNF76,0.04705501510574279
TMEM151A,0.00204716012084849
LOC221122,-0.03713753272910104
LOC728245,-0.0016793454179230118
CXorf67,-0.019200634441084954
TAS2R9,-0.03037309164148786
SYT5,0.03934477341389944
SOAT2,-0.00795420946626112
TSSK4,0.0008949446122888463
PRRT1,-0.04070344410875877
DNM1P46,-0.10610887210473005
UPK3A,0.04038234642497704
TSPY1,-0.0017125478348415236
SEPT10P1,-0.0030815206445090684
LOC100131819,0.0038994360523691186
EML3,0.0038545518630438455
IFNA14///IFNA13///IFNA6///IFNA5///IFNA2///IFNA1,-0.0043772306142977335
TBC1D27,-0.013482477341387002
TSPO2,0.021652145015108492
HAND1,0.01564454179255007
SH3BGRL2,0.007319546827797521
INCENP,0.0026747331319260034
IL17B,-0.04459237663645228
PLK1,0.005005206445118059
LOC100131349///NT5C,0.014011701913395944
GRIP2,-0.024375206445112887
DXO,0.02926480362538031
IL36A,-0.0026818630412866985
OR10C1,-0.003689506545818049
CYP2A7,-0.10819524672708683
ADCK5,0.02823055387714267
LENEP,-0.008729768378647997
LINC01214,-0.006658620342394244
FXYD4,0.006548227593154595
PCDHA3,-0.11350107754279717
PDZD7,-0.028643182275928953
GPR25,0.017382255790535987
NALCN-AS1,0.022090372608259953
C9orf173-AS1,0.01694942598187559
LOC101927274,0.05996596173212715
LOC100129041,0.050039345417927594
LINC00700,0.009156938569992347
CENPE,0.04016469284995211
MNX1-AS1,-0.009001329305133584
ST8SIA6-AS1,-0.005778408862031646
OR5P3,0.03292170191339619
CACNB3,-0.06107551863041
UBAP1L,-0.06797057401812388
LRRN4,0.0008674924471323512
GTF2IP20,-0.018628932527691336
KRT6C///KRT6B///KRT6A,0.023583182275933975
SPSB3,0.05739827794562155
CCDC178,0.017353081570999476
FAM222A,0.030113101711985918
ELSPBP1,0.00570715005035499
ELMO3,-0.00462591137965525
LOC100131056,-0.05147373615306901
ADCY5,-0.007313756294055682
ASAH2B,0.016055387714000308
SHOX,0.029366153071502615
ZBTB42,0.008696676737162463
LOC339685,0.038747311178250074
HAS1,0.005208731117827582
HHATL,-0.004524763343401467
GGT2///GGTLC3///GGTLC1///GGTLC2///GGT3P///GGT1,0.011550674723063927
TGM6,0.009532729103728363
LOC255654,-0.055211248741185354
LCAL1,0.017192990936558517
SLC18A1,0.0037665659617348458
PTRHD1,0.07140403826787775
FLJ23867///QSOX1,-0.04304446122859762
FAM189A2,-0.004117603222555536
LINC00523,-0.008480040281971406
LOC646484,0.011218872104735699
ACKR1,0.03088130916415204
NMBR,-0.0029834441087589745
CHGA,0.015460916414907194
SLITRK1,0.02375576032225821
DGCR7,-0.02766306143000754
SNHG4///MATR3,-0.05794849949647245
TPSD1,-0.025674410876130316
ELAVL3,0.054696283987917454
TAGLN3,0.02409213494461487
LOR,0.051215216515611575
ERICH6,-0.0009087512588092576
CASC16,-0.012597351460219095
ARHGEF7-AS2,0.0020474320241717697
CIDEA,-0.02358981873111545
ZNF619,0.016216052366568368
LOC100133459///NBPF10///NBPF8///LOC727908///AE01///NBPF9///NBPF15///NBPF11///NBPF12///NBPF1///NBPF14,0.023437129909367964
CYP11B2,0.04135740181269133
CYP46A1,0.019437331319237312
OR4F29///OR4F21///OR4F16///OR4F3,0.029406797583084184
TACR3,0.0064263645518654305
TEKT5,0.01389163141994194
ALDH3B2,-0.008179758308154643
NPW,-0.0007019436052340985
LOC221946,0.029196354481372103
REXO1L1P,0.004957844914403369
PLEKHM1P1///PLEKHM1,-0.0166926586102693
STX1B,0.002825176233637858
ZFPL1,-0.005655367573008392
GMPR,0.02983253776435304
TRIM54,-0.012680584088617799
SPATA31E1,0.0009087210473341847
HRC,-0.031860493454176686
CTAGE8///CTAGE4///CTAGE11P///CTAGE15///CTAGE6///CTAGE7P///CTAGE5,0.03945541792548119
KHDC3L,0.007651349446125354
CASQ1,0.012314350453174722
LOC728799///LRRC27,-0.009729657603220004
ASPG,0.0398443101712007
SGK223,-0.03661904330311949
CTXN1,0.03305061430010327
MGAT5B,0.013212054380666945
RACGAP1P///RACGAP1,-0.0030053776435020837
KMT2A///AFF3,0.024948549848944915
COL17A1,0.02981134944612529
LOC101927526,0.004934753272912901
PMS2P9///LOC730324///LOC441259///PMS2P5///PMS2P2///PMS2P1,0.0554487512588141
FAM122A,-0.009473413897278547
OR8B8,0.035412306143003044
C1orf105,0.0061696072507576825
BRICD5,-0.0549948338368552
CR1L,-0.07485342396777186
DUX1///DUX3///DUX5,0.033084964753275166
CENPVL1,0.0056890030211507875
SMAD1-AS2,-0.018432386706945834
SCGN,-0.02084622356495231
PATE2,-0.00946576032225329
VAX2,-0.009557442094660045
SCARNA2,0.044493575025178866
KCNE1,-0.003882980866059701
EFNB1,0.03413512588117039
OR2F2,0.000949466263849251
LINC00620,-0.04298717019133684
VWA7,-0.007120221550853521
TRMU,-0.07301653575024869
CPNE9,0.0046327895266893675
ITPKC,-0.027712527693854294
ARIH2OS,-0.021869828801608645
MLC1,0.02689086606243948
LOC105370622,-0.016340453172202653
TEX38,-0.0017367371601182601
RRAD,-0.029245186304126175
LOC100131317,0.03136062437059653
PPM1N,-0.030552930513592542
LOC100128146///ANP32A,0.05286647532729351
LOC101928035,-0.04112764350452882
ZP4,-0.01834747230614043
MS4A6E,0.0014119939577065636
KRT77,0.010318700906347003
LOC101926975,-0.03040060422960425
LY6G6F///LY6G6D,-0.05454745216515311
AP1M1,0.0029042799597207222
HPR,-0.01952256797582831
SLC22A11,-0.019102426988919653
TEX13A,-0.06076300100704692
MAST1,0.015529587109771112
AFMID,-0.023700694864045635
CIT,0.03793889224572247
SP6,0.0017749446122879778
LOC101929694,-0.05299981873111499
LSR,0.006777603222560415
TSSK3,-0.006797492447127627
LOC101927907,-0.0041414199395745435
GGT5,-0.003368559919433703
C3orf49,-0.011788600201407283
ZNF223,-0.0006909969788497679
GNPDA2,0.03912923464250009
DOK2,0.011487321248743972
LOC102724714,0.010901409869085985
FAM151A,0.02858709969788751
SYNGR4,0.0027092749244739182
MMP25,0.02160793554884434
THAP7-AS1,-0.0011747935548818188
LOC100131218///NDOR1,-0.04711576032225295
NTNG2,0.017537170191341985
IGFL2,-0.08961553877139669
LOC283435,0.0052844914400831874
TTTY13,-0.010106666666663839
LOC100996694,-0.02025254783484104
LOC100507281,0.014778016112792123
GAS8-AS1,0.0005901409869107754
LOC102723493,0.01710414904330588
ATXN8OS,-0.007959375629403347
TSPAN15,0.03121624370594442
A1CF,-0.05735779456193077
PHEX-AS1,0.0017727995971824366
LINC01096,-0.0018676032225554227
NPHP4,0.016283282980868577
SIGLEC5,-0.004289405840883766
LOC728095,0.004801289023164795
HSPB3,-0.009703011077540142
GUCA1B,-0.06761001007049097
B3GALT5,-0.023989526686805155
FGD5-AS1,-0.012475931520642018
RNF39,-0.015237361530712548
SLC7A4,-0.007179425981870331
ASIC4,-0.07380632426988654
HERC5,0.0018487411883210264
LOC101928894,-0.029164471299091145
FAM71E2,-0.008198408862031539
TMEM61,0.0022691037260852004
FPR2,-0.07088653575024922
C9orf41-AS1,0.040910312185299565
CBLN1,-0.03629087613292802
OMP,-0.0027456495468251504
KLHL30-AS1,-0.010367724068476863
SP140L///SP140,0.057170694864050436
PROSER3,-0.008593756294055663
SNORA17B///SNHG7,-0.057500382678748366
SLC2A4,0.019583111782479512
LOC100130278,0.01779532729103983
CYP2S1,0.06660473313192572
GNA15,0.05829017119839119
FSHR,0.012361903323265162
CXCR3,0.01661359516616574
ARHGAP45,0.05391363544813941
MC4R,0.004773877139982594
LOC100133896///SEMA4G,0.014113877139982555
ACPT,-0.003811842900299279
RPRM,0.03868108761329537
FUT6///FUT5,0.000540956696880641
HSD3B7,-0.15817085599194008
MAJIN,0.011174642497485178
LOC100134331///IGHG1///IGHD///IGH,-0.01051626384692592
COLEC10,0.0032623766364575186
TMC4,-0.014303071500500697
C17orf50,0.0024737160120871316
PARP3,0.054124491440083106
RNF139-AS1,0.022917593152066908
LYSMD1,0.009805095669690468
TMPO-AS1,-0.016531812688818957
ADAMTS15,0.012168449144010614
FGF3,-0.1430561329305107
HMMR,0.03961663645518877
TLX3,-0.003395095669685156
OR2A4,-0.012174471299090984
KRT34,-0.001424723061427359
ANXA10,0.0033819234642521756
LOC643549,0.00030847935549079084
PDIA2,-0.0599780765357472
CBLC,0.004646576032228347
LOC100128501,0.012683131923466845
RPS6KL1,0.0356063947633457
PROZ,-0.014687442094660169
SLC29A4,0.009926837865057783
CHST8,-0.005866888217519975
ST7-AS1,-0.013105256797580737
LLGL2,-0.020277804632424453
PCBP3,-0.029442426988919607
LOC286126,0.009713081570999406
MIOX,0.0261462336354504
SLC6A5,-0.0004715105740154659
C20orf196,0.035745901309166356
LOC100134368,0.023959073514604676
NDUFB2-AS1,0.005811007049347819
CDK20,-0.05776827794561637
TH,0.013778026183285576
FOXQ1,-0.0005174723061405397
PTH2R,-0.003388147029202009
SVILP1///SVIL,-0.012668821752262645
MIR194-2HG,0.026581379657605465
OR6B1,-0.00663760322255543
INSL3,0.009588761329307544
TBC1D21,-0.029555377643501978
ACRV1,-0.02719716012084321
LOC728902,-0.023080422960722394
LOC100131226,0.005219103726084849
TBC1D2,-0.0060234843907325045
LOC440570,0.004596072507555511
LINC00525,-0.028818016112786993
HIST1H2BM,0.006883977844917168
LOC101928343,0.021480563947635745
SLC27A1,0.006755528700908961
PLIN4,-0.003191359516613517
OASL,0.006477210473315648
ZNF295-AS1,0.0031154682779483554
PRR23D2,-0.015462406847933067
CCL17,0.07712666666666843
DNAAF3,-0.08020621349445842
TSPY26P,0.07855566968781706
RETNLB,0.00628942598187566
HOXD11,-0.00482841893252524
PAGE5,-0.023216505538769278
FLJ90680,-0.0058578952668657674
VPS52,0.04535574018127142
LOC105378702,-0.04013245720040033
ZNF469,-0.07699396777441825
LOC100130494///PPIEL,0.009107744209468825
LOC729940,-0.044223605236653994
GSTM4///GSTM2///GSTM1,0.04551381671702188
FLJ45513,0.03852299093655813
LOC100507461,0.006568408862036647
FLJ20021,-0.033972668680762555
FCGR1A,-0.005429446122857354
UNC93B1,-0.1447186203423936
OR12D2,-0.0014099597180235134
LOC100128988,-0.014692054380662109
CSPG4P1Y///CSPG4P2Y,-0.056824058408859235
KRT33B,0.01858448136958955
ADH1A,-0.028510362537761444
LOC101929752,-0.049925881168174556
SSSCA1-AS1,-0.002010553877137441
LOC645733,-0.023220533736150507
PRRT3,0.04456341389728337
LAMB2P1,-0.011615327291034837
A1BG,-0.01541120845921188
LOC101927539,0.008232487411885672
TRIM78P,-0.0030243907351434713
CCDC54,-0.004239365558909779
PRKAG3,-0.02570515609264597
IL2RG,0.004122930513597425
C6orf25,-0.0016730916414880136
OLFM2,-0.01058946626384446
DCDC2B,-0.001395276938567348
OR5I1,-0.0036374924471274774
PAK6,-0.009121399798587754
TIGD3,0.007278932527696324
LINC01010,-0.06273187311177954
TULP2,-0.039761963746220784
LOC101927272,0.004739909365561509
TRIML2,-0.0070455387713969884
ADGRG4,0.006146445115813129
DENND1C,0.007323625377646185
LOC101928304,-0.015601329305133492
ATP13A2,-0.0007566565961706698
LOC100652911,-0.003647150050349714
KLRK1,0.00596492447130152
LOC101929662,0.005452185297082406
LOC100128311,0.0066923967774445
PGLYRP1,0.007269093655591724
STARD6,0.005022779456195904
LOC100506016,-0.011880755287006665
ZNF731P,-0.0001993353474295436
LOC729994,0.0072892849949667965
GAREM2,0.03357777442094917
CRYAA,-0.09392786505538536
MED15,-0.07515488418932237
LOC400568,0.02405398791541035
TM4SF4,0.015968469284997348
LOC105373434,-0.013425750251759558
GSX1,-0.003927361530712478
GLTPD2,-0.007524420946623678
LOC105376360,-0.03217461228599956
OSGIN1,0.0006915206445143149
F12,-0.0010999597180236867
FOLR3,0.03098954682779674
NDUFA4L2,-0.22229794561933136
ADCK1,0.011774602215511364
CELA3B,-0.00590514602215249
FAM184B,-0.006930261832827137
PSORS1C2,0.0031079859013116743
TUBB2B///TUBB2A,0.016816988922459947
KIR2DL5A,-0.03966841893252494
NEURL2,-0.016941933534741035
ZNF541,-0.00714033232628139
KIAA1549///BRAF,0.011465891238672934
TMEM225,0.004804511581069996
PMFBP1,-0.040353917421950845
LOC101927668,0.019893212487414564
GMPSP1,-0.013995417925475949
LOC100133862,-0.01807168177240452
C9orf50,0.024130433031221164
PHKG1,0.0023316314199418875
GMNC,0.005955276938572493
LYZL6,-0.004008710976835533
LOC101929719,0.02983372608258045
AKR7A3,-0.02103258811681489
HSD17B2,0.01521631419939825
LOC100132661,0.00194629405841131
FXYD7,-0.22187519637461917
KRTAP2-2,-0.011659899295062955
POU4F3,-0.01825255790533498
LOC171391,-0.048760211480360215
LOC400099,0.038248841893255184
DGKQ,0.0003365861027213933
HPDL,-0.01267552870090385
HPSE2,-0.025473967774418533
LOC100131144,0.01940950654582311
TCL1A,0.0005415206445138531
OR52D1,0.02099264853978075
LOC100131262,0.005154602215510893
LOC100131058///TMEM198B,-0.00833370594158827
ZFP3,0.0025558610271930148
ITPRIPL1,0.012720080563950107
OR51M1,0.018527089627394376
KIR2DS5,0.00394631419939841
RPL3L,-0.032147452165153516
ABCB8,0.01694223564954927
IGSF21,0.01417688821752515
WFDC6///EPPIN,-0.03734667673715751
LOC150051,0.019727452165158747
KRT84,-0.043835085599192115
SNORA71B,0.011412890231623615
GALK1,-0.011726737160118258
KLHL40,0.03752525679758547
FLJ13224,0.019352024169186632
CYP21A2,0.02355301107754505
ITPKA,0.1388379758308172
HDAC10///MAPK12,-0.040436263846925995
ACTL8,-0.008428741188315684
TARBP2,0.03691336354481638
BSN,0.001483645518632887
PCNX3,0.026919758308159604
XPNPEP2,-0.006355438066462817
LOC285627,0.00038623363545075944
MYOZ1,-0.02040260825780194
MYRFL,-0.0353169486404806
CCL3,0.030835297079559815
SYT3,0.01669726082578308
TBC1D28,0.006455639476336834
LRRC3,-0.06192842900301866
SPATA3-AS1,0.024277079556900658
CNTD2,-0.004788841893250543
PTPRCAP,0.017536525679760676
GUCY2D,-0.0015331319234617702
GAL3ST3,0.003406505538773962
LOC100134394///KRT86,0.03213743202417112
LOC101929398,0.0016207754279985262
LOC151174,0.014951309164151707
RAPSN,0.07359731117824947
ROR2,0.042654028197383995
LINC00845,-0.03645217522658341
ADGRB2,0.019697341389730297
CEACAM19,-0.02779927492446886
CHRNB1,0.017165478348441513
PCOLCE-AS1,-0.0025090533736128076
CYP4F22,0.013530785498491751
SLC35F1,0.009238388721050005
LTB4R2///LTB4R,0.013663826787514821
ZBTB12,-0.010348972809665274
TM7SF2,0.03692482376636684
SYTL1,-0.06589484390734901
PQLC1,0.031283544813698404
AAAS,-0.0044645720040254605
C17orf97,0.007204169184292734
LOC440028,0.024867542799599386
NEUROG2,0.04766807653575221
PAX2,0.00962926485398038
SP140,0.01635991943605486
GRASPOS,0.023591238670697512
ISL1,-0.014264894259816092
SBF2-AS1,-0.004281037260823222
LOC100506271,-0.0192663141993934
NAV2-AS2,-0.019494954682776816
TCERG1L,-0.020146555891235797
ZNF213,-0.09316509566968503
LOC284240,-0.004536102719030555
CLN3,-0.001409315206442656
LOC780529,0.015469778449146472
TBC1D10C,-0.004984904330309648
MAS1L,0.013406334340385268
FLJ32742,0.008807220543809075
PRSS3,0.04136956696878377
CYB561D1,-0.003664874118829233
PLA2G4D,-0.014873121852968695
MZF1-AS1,0.016219003021150473
WDR93,-0.060038076535747595
CABP5,-0.05668213494460965
LOC642975///TMEM230,-0.03594875125880925
LOC100134768///LOC100133177///LOC100132744///LOC100132119///LOC100131975///LOC100130914///LOC100128326///LINC01347///LOC730286///LOC729660///LOC729218///LOC728728///LOC728417///LOC728105///LOC643670///GTF2IP20///LINC01000///LOC401357///LINC00999///LINC00265,-0.06460298086605969
TCF15,0.014355095669690177
OR51B5,-0.002086002014096585
LOC388692,-0.007176012084590011
CBLN3,-0.018393121852968066
VSTM2L,-0.03633264853977568
OR2C1,-0.004071248741185719
FITM1,0.015161198388723506
MRGPRX2,-0.04493703927492193
CPN1,-0.0013645619335321754
ZNF780A///ZNF780B,0.008257774420948988
TTTY7B///TTTY7,-0.022296515609262275
DEFA5,-0.013190614300098009
KRT6B,-0.0014341792547811726
MON1A,-0.024750412890229098
SSTR5,-0.01089708962738932
AQP10,0.016302044310173482
TAS2R41,-0.007868277945616767
KRT32,8.27492447154441e-05
DHRS7C,-0.0026410574018104487
SOST,-0.04606774420946381
RP1L1,-0.006320866062434382
OR51I2,-0.012628771399796013
AANAT,-0.0430869184290005
SCGB3A2,-0.0020128398791515456
OR10H3,0.04055416918429221
SLCO4A1,0.003746586102721449
GPR78,0.013491027190334666
NCF1C///NCF1B///NCF1///LOC648998,0.009073272910375126
SIRT7,-0.06565540785498207
FBN3,0.04888232628399007
TFF1,-0.004397703927489758
TAS1R2,-0.01803243705941363
FOXP4-AS1,0.002109919436054551
REG3G,-0.060741812688819355
KCNK7,0.04404554884189535
LOC100133985,0.0026594864048363263
ZNF467,0.027234098690838225
LOC100130930,0.0294475025176254
USH1G,-0.08523143001006754
SLC9A3,0.012665256797585699
PRRX2-AS1,-0.042359859013088995
LOC100128663,0.0013050755287034293
PLA2G2E,0.014467895266870593
DUS3L,-0.023981319234640162
GAPDHS,0.03844603222558155
OR10A5,-0.01065955689828531
LRRC29,0.007517633434040919
WNT10B,0.0012845115810697395
TREML2,0.039033222557907775
C21orf116,0.00596764350453417
LOC100131864,-0.029437844914398353
PRPH,-0.019401379657600457
PCDHA6,-0.01644547834843651
VSIG10L,-0.005526576032223085
MOGAT3,-0.014000624370591658
LOC728011,0.0032718026183307823
HSPC324,0.009631309164151447
GPRC5D,-0.008093313192343861
LOC100130417,0.06261293051359726
CRYBA4,0.025705045317222914
HOXC5///HOXC4,0.0211907150050375
SLC22A13,0.01049788519637698
CACNG7,-0.01574347432023923
HTR3C,0.017529828801613717
SPNS3,0.05151639476334531
NOBOX,0.06830543806646786
ZDHHC8P1,-0.004194682779453921
NOXO1,0.0013460926485422964
NOC4L,-0.028035397784489102
TMEM200C,-0.06824512588116569
LINC00028,-0.11977380664652282
ANKRD16,-0.021019274924468603
BTN1A1,-0.006190604229604834
GPT,0.018322024169186747
MROH6,-0.01034295065457973
CECR5-AS1,0.0059110775428020445
ZNF497,0.013485538771402062
LINC00892,0.0021208459214524357
LINC01210,-0.004709264853975512
AFAP1-AS1,-0.0005927190332302452
CFAP47,-0.008260090634438791
CYP2B7P,0.0046681168177264525
WBSCR23,0.018096797583083787
OR51I1,-0.04644442094662409
PROKR2,-0.009715639476331998
PRKCG,0.026623524672711462
FAM155B,0.0010937562940606996
KRTAP4-6,-0.00822141993957472
TEKT2,0.0017446324269912434
SOX21,-0.002224914400803385
PPP1R27,0.09433752265861259
IRGC,-0.008834833836855523
RHOXF1,0.029034602215511046
LOC285847,0.023071017119841136
SLC22A12,0.01550010070493703
SRRM2-AS1,0.016572145015108265
ANKRD34A,0.008152628398794028
LRRC52,-0.021478721047328703
IGHA2///IGH,-0.04101481369586861
R3HDML,-0.04818250755286739
CCDC96,-0.01846463242698635
LOC100134620,0.004007341389730475
ZRANB2-AS1,0.01699027190332575
DTX1,0.00017093655589368612
LY6G6C,0.005617583081573759
LHFPL3,-0.005824169184287532
CXADRP1,-0.01923277945619065
ELANE,-0.005896203423965304
PRSS22,0.018633726082580442
EPHX1,0.03410620342397021
HAND2,-0.0003859617321224104
KCNK16,-0.047688952668678085
TAAR3,-0.016774864048336138
CCDC116,0.019587220543809326
G6PC2,-0.05336276938569746
XAGE-4,0.04789529707955942
ZNF835,-0.01587159113796304
LOC100130268,-0.015602215508557567
PGLYRP2,0.012648721047334107
TSGA10IP,0.02119165156092885
STH,0.007954904330314627
LINC01398,0.00731713997986148
FATE1,-0.017724954682776996
SYPL2,-0.03343124874118581
NUTM2B///NUTM2D///NUTM2A///FAM22C///NUTM2E,0.004508731117827071
OR2B2,-0.003714169184287525
FAM205A,0.0047846324269914
KRT33A,-0.008057230614297133
TULP1,0.021699506545823206
ATP6V1G2,0.023471027190334882
OR7C2,0.011066223564956987
RNF215,0.017326324269891447
OR7A17,0.010906545820747585
LINC01566,0.013280412890234013
NSUN5P2///NSUN5P1,-0.028920634441084697
OPN1SW,-0.0020801208459188536
NKX1-1,-0.07748120845921165
LTK,-0.05387471299093387
FAM83E,-0.0049127492447103155
OTX1,-0.007553917421951124
DXS542,0.014131711983889806
LINC01348,0.005003061430012723
KRTCAP3,-0.013852779456190574
LINC00847,0.00867752265861267
KREMEN2,-0.004529919436049978
CBY3,0.0019270996978877578
GS1-259H13.2,-0.03263963746223255
C6,0.005136203423970318
UBL7,-0.004056555891235922
FAM132A,0.008834451158109304
LINC01141,-0.02061532729103463
ANO9,0.032966616314201516
MOS,0.005371188318229934
RRP7BP///POLDIP3///RRP7A,-0.016043615307147454
TPRN,0.0025587814702944696
SLC27A5,0.018200322255793096
GLI4,0.005765941591140047
LOC101929464,0.1133033836858025
LINC00857,-0.012800755287006785
FLJ32154,0.05834516616314407
CLDN17,-0.014670191339373029
PRR36,0.01872403826787737
LOC84214,-0.007150181268879882
PIAS4,-0.01899480362537525
RP9P,0.035191178247736744
LINC01352,-0.041938388721044786
LOC100131498,0.03382572004028429
NXF2B///LOC650686///NXF2,-0.017944602215506065
B9D2,-0.036561349446120175
KLHL17,-0.0068096576032197036
LOC101928475,-0.011309556898285302
LOC100130905,0.0033550251762363113
LOC100133482///LOC100132784///LOC100132357,0.07068306143001235
ADAMTSL2,-0.02553078549848717
SPEF1,0.005931228600204216
C8G,0.08905044310171409
TFF3,-0.011879033232625777
PM20D1,0.0007923262839903428
CRABP1,-0.04319322255790263
ATP4A,-0.00025218529707707327
SLC25A48,-0.0242218026183261
UGT1A1,0.0447748640483408
HES5,-0.00019048338368318936
ALX4,0.01814847935549079
CPZ,0.027560090634443632
CARMIL2,-0.04441459214501228
SLX1A///SULT1A4///SLX1B///SULT1A3,0.011632608257807021
LOC100507443,-0.0653011278952644
MAGEC1,-0.023695649546825213
LOC101929268,0.007108378650556234
NAT8B,0.00984696878147282
TTYH1,3.5196374624943405e-05
LOC100133474,-0.0337398992950629
ZNF252P-AS1,-0.005272265861024451
OCEL1,-0.032585488418929595
LDHAL6A,-0.006433131923461599
RNF183,-0.005240080563945426
ITIH6,0.02190690835851197
TAS2R1,0.016736908358511906
LYPD5,0.004693635448139681
LOC100133484///HLA-DRB6///HLA-DRB4,0.08140328298086867
LOC100132304///LINC00684,0.0010440584088646746
LOC729986,0.03231544813696112
LOC100133177///LOC100131975///LOC100130914///LINC01347///LOC729660///LOC729218///LOC728417///LOC728105///LOC643670///GTF2IP20///LINC01000///LINC00999///LINC00265,-0.06070247734138706
DNAJC5G,0.020322880161130062
LOC100130999///FAM81A,0.025387220543808965
LOC100131177,0.007386022155088032
PLBD2,0.03968551863041518
GML,0.006140624370596745
OR8B2,-0.00200939577039018
MT1HL1,0.10095614300100937
EWSAT1,-0.018398569989926956
NMRK2,0.026827935548844453
ZNF815P,0.022399456193355833
TMC2,-0.032529013091639164
LBX2-AS1,-3.421953675463926e-05
KRT35,-0.01895926485397524
ZNF488,0.005603071500506094
NUDT14///JAG2,-0.0007253172205413686
KLHL32,-0.0023154582074495517
TREML5P,0.01281329305136164
AIFM3///LZTR1,0.014442426988924902
VPREB3,-0.008157754279957088
C16orf59,-0.0010376334340356994
GPR31,-0.043143595166160675
LOC100131683,-0.025575377643501852
LSMEM2,0.015339758308159548
SMIM10,0.003541148036256341
KRTAP13-1,-0.01866541792547574
LOC101929180,0.015051802618330657
HLA-DQB2,-0.018109496475324786
LINC01243,-0.0074649546827770565
RASGEF1C,0.029682165156094873
DBH,0.0002351560926506617
STK11IP,0.017687844914403356
PBX4,-0.022992628398789593
MPND,0.01075326283988174
ACE,-0.015027875125878729
SDSL,-0.009072356495465787
GGN,-0.01086729103725859
UPK1A,0.024787935548844314
TRIM47,0.014196455186306767
CALCB///CALCA,7.949647532961245e-05
NKAIN1,-0.006936445115808191
REEP2,-0.03333273917421715
CCDC187,0.004356988922459598
PRR7,0.008339315206447609
SLC22A25,-0.02831176233635182
MUC2,-0.002418429003018906
PARD3-AS1,0.01505419939577303
NTSR1,-0.02833275931520378
LOC100130885,0.004484652567977955
CHRM2,-0.00016793554883949091
LOC100133885,0.00767698892245966
CACNA2D2,-0.06277251762336093
DNASE1L2,0.014158922457202901
DNLZ,0.03707203423968
CMTM5,-0.043045307150048194
RXFP3,0.017136304128904673
GP9,0.029841470292046927
WNT7A,-0.004519284994962323
HOXA11-AS,0.006695850956699043
LINC01126,0.05592587109768575
KCNS1,0.00842644511581303
SYCN,0.0014343001007073464
LOC101929872,0.0028004733131949313
AGAP2-AS1,0.033861198388723535
C9orf33,0.021170433031220962
SERPINF2,-0.010094743202414602
TRPV4,-0.03135112789526427
FNDC11,0.027792739174222092
OPTC,-0.01071230614299856
AIRE,0.0241767673716036
LOC100506100,-0.040032708962736516
LOC100133513///C20orf166-AS1,-0.04446257804632178
CDK5R2,0.01683136958711188
LOC100130078,-0.00018224572003778215
G6PC3,-0.008097311178245067
STPG3,0.006312719033234845
FAM181A,-0.03023205438066206
FKSG29,0.010648368580062628
GRIN3B,0.01051065458207677
NRROS,0.0076862235649571365
MYOG,-0.009846394763341051
CNDP1,-0.010218801611276467
LINC00605,-0.010356173212484901
ZSCAN10,-0.013181027190329684
UNC5CL,-0.0001624169184267707
CTF1,-0.05121159113796281
MFSD3,0.007935780463245206
C10orf95,-0.04398306143000758
LOC100133843///FBLN1,-0.028728741188315865
CRABP2,0.01088839879154363
LOC100129500,0.031966042296074734
PSKH1,0.007520402819740369
IGSF11,-0.003606304128900055
PLPP2,0.06339351460221815
CHRM4,-0.07615066465256522
LAGE3P1,-0.01571193353474063
CHRNG,-0.004865176233633382
USP54,-0.029423705941588593
ZACN,0.01605456193353684
QRICH2,0.006207683786508151
CPT1C,0.004107139979861743
GPR61,-0.002757160120843649
FLJ12616,0.0011359113796601625
LOC653160,0.0405941490433054
LOC105370888,-0.0050565558912363945
BHLHA15,0.0018542799597202671
PRSS16,-0.014113726082575636
LOC100129803,0.009282235649549268
LOC100287877,-0.004916374622353998
LOC105373383,-0.009635246727087161
ETNK2,-0.0475952668680739
CNOT10,-0.016665931520641816
CCDC74B,-0.0330696475327264
LMO1,-0.08600996978851702
ELFN1,0.009385921450153527
LINC01300,0.06616007049345637
LOC728868,0.012453222557907434
LOC101927159,-0.006680221550853252
DYNLL2,-0.0015554279959693641
LINC00319,0.0038617824773435104
LOC101927362,0.07332572004028398
C1orf106,0.011657804632429169
LOC219690,0.004948529707958286
LOC100506302,-0.01995485397784234
FOXD4L1///FOXD4,0.005264149043305396
FLJ16779,-8.170191339103598e-05
DUX1,0.06651294058409042
LOC100505622,-0.017442185297076973
BICDL2,-0.017797965760319598
TUBB4A,0.0003669788519661838
SLC30A3,0.019323454179257328
CEP83-AS1,-0.004927452165153612
GLYCTK-AS1,0.029912739174221985
SULT1A1,-0.01408400805639233
LOC101928718,-0.02008588116817491
CLCNKA,-0.006934390735143651
YTHDF3-AS1,0.029176283987917866
LOC101928565,-0.012438509566966578
MSLN,-0.013823937562938447
OR8D1,0.0011428197381695504
LOC645722,-0.012499144008054151
HCRT,-0.0004886606243680728
BATF3,-0.03842578046324012
DRD4,-0.11227346424974508
CXCR1,0.0033885699899320076
RHCG,-0.010846112789524201
TAC3,-0.03892585095669422
LOC100132625,0.02555325276938808
TFF2,-0.04026756294058144
GSC,-0.014289063444106527
PRDM7,0.013759718026185913
PRSS36,0.036121148036256184
OR7A10///OR7A17,-0.038816626384690245
LOC729143///MPRIP,-0.019394028197379277
CRMP1,0.04207122860020398
MUC8,0.03330795568983101
CYP8B1,0.019590090634443717
HNRNPUL2-BSCL2///HNRNPUL2,-0.014641127895264444
TMEM242,-0.05266641490432768
DACT3,0.015098751258813742
SEPT7-AS1,-0.007051722054378382
STAC3,-0.0010427190332302338
ARL5C,0.005877613293053785
C17orf82,0.03520042296072705
C2orf57,-0.018745417925476102
ASIC3,-0.009635327291034737
LOC100132802///KRTAP3-1,0.003337995971804929
ADRA2B,-0.004822517623360971
RENBP,-0.03190812688821513
LOC100130262,0.013201087613295406
RAB36,0.002412457200405426
ODF1,-0.0038585196374599055
LIPE,0.0012602416918453992
GPAT2,0.008789325276941103
LOC619427,0.017285679758310572
FBXW4P1,0.012382829808663176
LOC100240734,-0.0007276032225554943
OR6A2,0.005469536757303391
KISS1R,-0.012301158106744765
PNOC,0.00970440080564163
LINC00174,0.0031524269889250207
OR2H4P,-0.008430241691840706
SSTR4,-0.03142489425981625
CALB2,0.03636821752266103
LOC100129034,0.00022598187311419497
VLDLR-AS1,0.021585458207454437
LOC101927884,0.026193726082580537
LOC100129503,0.01978154078550083
SLC6A18,0.002306787512590637
LGALS7B///LGALS7,0.0005200302114828734
CLUHP3,-0.06277712990936277
RBPJL,-8.061430009817484e-05
MUC5B,0.032407683786507775
NEUROG3,0.003053786505541554
OPN4,-0.008632124874116368
LOC100132971,0.05166181268882364
GALR2,0.006925176233638003
MED24,0.02073143001007338
ABHD16B,0.017015951661633888
LOC283887,0.012928549848944813
LOC100288310,0.01047979859013324
APOA1,-0.0021426384692824676
GEMIN4,0.038375850956699126
CD37,0.012476747230616831
TMEM38A,-0.03866219536757021
KRTAP5-8,0.007713867069489034
FAM71D,-0.0025977341389701227
BEST2,-0.054539063444106264
IL4I1,-0.0026512084592118443
LY6G5C,0.01446636455186551
MAPK12,-0.005229214501508233
ONECUT3,-0.005609869083582953
NRARP,0.022883554884191762
FSD2,-0.0026699395770369925
LOC541473,-0.02124648539778186
KRTAP11-1,-0.02670621349445893
OXT,-0.0062154682779433
SLC22A31,0.010306102719035936
OR14J1,-0.001531359516613671
NPBWR1,-0.028571691842898046
BEGAIN,0.007717109768381162
LOC100996671,0.030963585095672076
GRB7,-0.046930574018124366
H2BFM,-0.014212769385697491
OR7E19P,-0.03753342396777199
ZDHHC12,0.007958801611281244
CHRNB4,0.10937384692850122
PAXBP1-AS1,0.0058787311178272825
NUTM2G///NUTM2F,0.05243773413897454
PCAT6///MGAT4EP,0.03679236656596412
KRT13,0.015089113796578
CLEC4F,0.0008833635448161724
NUDT4,-0.06695354481369299
AGRP,0.004813091641492655
MARCH10,-0.04122605236656376
KRT75,0.006162054380666998
OR7E47P,-0.0011163746223539922
TMEM145,0.05683217522658826
B3GNT8,-0.012820151057399282
LINC01023,0.00031418932527931334
GPR171,0.0003254179254805166
GS1-124K5.4,-0.005571148036251249
BTNL2,-0.002016747230611989
PRR19,-0.035640281973814456
LOC100996549,-0.018779657603219705
TMCO2,0.008122708962741358
HAGLROS,-0.0035889929506523616
HIST1H2BO,0.01670419939577282
AMH,-0.018590886203421107
PRG2,-0.02771129909365303
RELT,0.05818939577039478
SLC8A2,-0.06129557905337096
OPN1MW2///OPN1MW,-0.030774431017117368
POLM,-0.01501275931520367
LINC01144,0.06487846928499685
NPHS2,-0.009299979859010392
TREML1,-0.00038423967774177175
LOC101927606,-0.01084809667673501
OR2H1///OR2H2,-0.025866263846925995
PICSAR,-0.032600634441085075
ZBTB32,-0.022003182275929282
LOC643085,-0.02333074521651342
TMEM52,0.0013586002014123301
INAFM1,0.0195976737160145
ODF3L2,-0.0013901510573993137
CRNN,-0.02850304128902113
HPN,0.04512320241692067
LINC00165,-0.0055150956696854575
KRT83,0.006541802618330508
PSORS1C1,-0.020966384692847475
CCL15,0.014172356495470549
LOC101928668,-0.08395075528700657
CRYBB1,0.0053512890231644725
LOC283683,0.0038724572004053374
OXER1,0.02396158106747444
LOC101928617,0.06355004028197574
PRR35,-0.019360523665657395
LOC105369595,0.014830422960726935
ZNF282,-0.0052365961732098384
HGFAC,0.012422225579055713
TMEM102,-0.010505448136956325
OR10H2,-0.04340348439073279
LOC101928291,0.014890372608260014
POM121L12,0.04097267875126112
PSD,-0.015784813695868465
AP4M1,-0.040253212487409554
TEX29,-0.011252275931518233
GPATCH3,0.007514199395772482
PSPN,0.007810302114805743
HCST,0.04918799597180479
KIF25,-0.0022843303121829967
POMK,0.0007657905337385834
LOC105372761,0.01364578046324524
C19orf73,0.022586706948642316
SAMD1,-0.1029699697885168
RNF151,0.010201621349448249
LOC284939,-0.012415820745214148
SERTAD4-AS1,-0.10175554884189045
SH3BP1,-0.023862094662635877
CSF2RA,-0.017636535750249597
RTN4RL2,0.009215760322258177
LOC728683///PTGER4P2-CDK2AP2P2,0.006397583081573496
TBKBP1,0.025407059415913175
SOX14,-0.039512507552867705
EDARADD,-0.014633222557902947
UBL4B,-0.038526052366563604
SLURP1,0.019666666666668855
IFI27L1,-0.003087532729101318
IGFLR1,0.006862084592147322
AVP,0.0016941188318252323
SLC18A3,-0.01333511581067268
HS3ST6,-0.01148229607250523
PCBP4,-0.025830845921447396
SHD,0.000497321248743382
HOXD-AS2,0.001813091641492886
MRVI1-AS1,0.0029702215508583705
LINC00315,0.017512477341392038
NEU2,-0.04178406847935285
SLC5A8,-0.02440612286001772
PALM,-0.013309778449141753
COX6A2,0.0082349949647556
FBLL1,0.026164098690838317
CCDC163,-0.004816908358507209
LHX1,0.0010919436052386836
RPL10L,0.010269295065460527
SSPO,-0.01673495468277717
IGFL1,-0.004206807653572654
OR3A3///OR1E2///OR1E1,-0.01660298086606013
MYLK2,-0.03631160120845642
PICK1,-0.03467972809667451
MRGPRF-AS1,0.006910966767374003
ASPDH,-0.0018359617321228672
ABCG8,0.006821722054382657
LRRC4B,0.0156578751258833
CCDC103,0.00557914400805876
ZNF574,0.008823575025178637
KRTAP4-8///KRTAP4-11,-0.01757789526686574
LOC100132388,0.0020191339375653632
UFSP1,-0.007801661631417323
TPSAB1,0.0016625780463266446
AP1M2,-0.0020544612285977853
KIF17,-0.0013561127895242693
LOC105370697,-0.014223867069484083
SNORA78,-0.04708982880160889
UBBP2,0.014045317220546015
TMEM190,-0.02399907351459981
LOC100132767,0.031970402819740264
PLCB3,0.0036572004028219353
TMEM191A,-0.006631601208457016
HAAO,-0.008997421953673392
LOC100131455///FLJ42351,-0.0015903726082553702
FSCN2,-0.0010741893252747114
KRTAP5-3///KRTAP5-8,0.00461334340382913
MAD1L1,0.013699244712993348
C6orf226,0.0008819738167193581
LOC100133492///LINC00893///IDS,-0.09992014098690549
NKX2-5,0.007347250755289274
ZNF683,0.007504602215510986
KRTAP10-12,0.013010372608259902
SEBOX,-0.007365357502515537
LOC100128074,-0.004598529707953505
ORAI1,0.015765226586104773
RCOR2,0.006614934541794529
CNNM1,-0.014952316213492165
LOC100130850///LOC729704///KRT17P5///KRT42P,-0.015148197381669448
CPNE7,-0.059745669687811975
LOC100134287,0.0010458207452185616
GPR32,0.01044163141994155
IGKV1OR2-118,-0.06222325276938331
TRBV4-2///TRBV4-3,0.03198014098691055
ANO7,-0.0025940080563925175
BARX1,0.022793846928501723
HBQ1,-0.001963071500501335
ALDH3B2///ALDH3B1,-0.005198398791538357
DOK7,0.012113202416920286
LOC100134535,-0.00015159113796364785
TREX2,-0.014825307150048067
IL32,0.009732155085601503
IRX1,0.010689697885198798
PRR32,-0.04915716012084323
LOC644794,0.0041204934541814175
FBXL22,0.0009687411883204988
ADAP1,0.005075850956699109
SOX18,0.006679385699901558
SRL,-0.05035322255790311
WNT1,-0.0014590130916392902
PYY2,0.011858519637464255
LOC643313,0.006518912386709221
FOXD2-AS1,-0.014015125881165762
FOXB1,0.008502809667675972
RHBDL1,-0.0045700402819714644
IL27,-0.08374822759314986
KCNG2,-5.510574017894565e-05
FAM86DP///FAM86FP///FAM86B1///FAM86C1,-0.08512122860019841
NKX6-2,0.013404390735148305
ADRA1B,-0.05969034239677522
ENHO,0.04722353474320452
AVPR2,-0.005797472306140898
SLC45A1,0.0029740584088640814
WDR97,-0.019546203423965673
LTC4S,0.008040604229609328
JARID2-AS1,-0.004139103726080245
IGFALS,0.001883897280969051
ASIP,0.006165709969790854
LGI3,0.02325009063444329
HPX,0.06144584088620539
GALR3,0.005491430010072669
PSG2,0.006161218529710246
NPPC,-0.01959564954682551
NAPSA,0.025699224572006272
SOX30P1,0.004840171198390732
PCDHGC5///PCDHGA12,0.007956153071502608
SLC25A47,0.015349879154080585
PRDM12,0.023961178247736026
KLF17,-0.00582507552869869
PRTN3,0.008452467270898475
LOC646626,-0.009567633434036348
HIST2H3PS2///HIST1H2BN///HIST1H2BL,0.00023986908358733674
RPS27A,0.004221248741190561
POU3F4,-0.037179224572002
DUOXA2,-0.0578944310171174
NPFFR1,0.00021425981873331341
EHMT1-IT1,0.0016209969788544096
TRBC2,0.008866858006044292
GSX2,0.010373877139982238
OR7E156P,-0.0015054682779432928
MMP23B,0.004281611278954673
CYP2F1,0.006320715005037313
NPIPB4///SLC7A5P2///SLC7A5P1///SLC7A5,0.004311742195369662
LOC648218///LOC644669///ANKRD30BL///ANKRD30BP2,0.006247432024171197
UTS2R,-0.00031577039274724526
GPR27,-0.003746032225576861
GRM4,0.007860735146024199
