module,n_genes,observed_fraction_up,p_up,p_down,direction_p_gse70362
HALLMARK_ADIPOGENESIS,196,0.4846938775510204,0.592,0.41,0.82
HALLMARK_ALLOGRAFT_REJECTION,196,0.5459183673469388,0.204,0.798,0.408
HALLMARK_ANDROGEN_RESPONSE,96,0.5520833333333334,0.178,0.824,0.356
HALLMARK_ANGIOGENESIS,36,0.4722222222222222,0.53,0.472,0.944
HALLMARK_APICAL_JUNCTION,195,0.4358974358974359,0.87,0.132,0.264
HALLMARK_APICAL_SURFACE,43,0.3488372093023256,0.944,0.058,0.116
HALLMARK_APOPTOSIS,155,0.567741935483871,0.112,0.89,0.224
HALLMARK_BILE_ACID_METABOLISM,111,0.4774774774774775,0.696,0.306,0.612
HALLMARK_CHOLESTEROL_HOMEOSTASIS,70,0.38571428571428573,0.846,0.156,0.312
HALLMARK_COAGULATION,136,0.39705882352941174,0.968,0.028,0.056
HALLMARK_COMPLEMENT,200,0.525,0.342,0.66,0.684
HALLMARK_DNA_REPAIR,145,0.47586206896551725,0.578,0.424,0.848
HALLMARK_E2F_TARGETS,191,0.5497382198952879,0.21,0.792,0.42
HALLMARK_EPITHELIAL_MESENCHYMAL_TRANSITION,197,0.49238578680203043,0.49,0.512,0.98
HALLMARK_ESTROGEN_RESPONSE_EARLY,195,0.4,0.984,0.024,0.048
HALLMARK_ESTROGEN_RESPONSE_LATE,195,0.39487179487179486,0.952,0.05,0.1
HALLMARK_FATTY_ACID_METABOLISM,151,0.39072847682119205,0.902,0.1,0.2
HALLMARK_G2M_CHECKPOINT,196,0.5357142857142857,0.266,0.736,0.532
HALLMARK_GLYCOLYSIS,198,0.42424242424242425,0.88,0.122,0.244
HALLMARK_HEDGEHOG_SIGNALING,35,0.4857142857142857,0.586,0.416,0.832
HALLMARK_HEME_METABOLISM,197,0.5025380710659898,0.542,0.46,0.92
HALLMARK_HYPOXIA,197,0.4517766497461929,0.698,0.322,0.644
HALLMARK_IL2_STAT5_SIGNALING,196,0.4642857142857143,0.72,0.246,0.492
HALLMARK_IL6_JAK_STAT3_SIGNALING,84,0.5357142857142857,0.314,0.688,0.628
HALLMARK_INFLAMMATORY_RESPONSE,200,0.55,0.224,0.778,0.448
HALLMARK_INTERFERON_ALPHA_RESPONSE,94,0.5957446808510638,0.188,0.814,0.376
HALLMARK_INTERFERON_GAMMA_RESPONSE,194,0.5618556701030928,0.226,0.776,0.452
HALLMARK_KRAS_SIGNALING_DN,196,0.413265306122449,0.866,0.136,0.272
HALLMARK_KRAS_SIGNALING_UP,198,0.5050505050505051,0.408,0.594,0.816
HALLMARK_MITOTIC_SPINDLE,198,0.4444444444444444,0.81,0.204,0.408
HALLMARK_MTORC1_SIGNALING,190,0.6210526315789474,0.208,0.794,0.416
HALLMARK_MYC_TARGETS_V1,178,0.5056179775280899,0.488,0.514,0.976
HALLMARK_MYC_TARGETS_V2,55,0.5636363636363636,0.366,0.636,0.732
HALLMARK_MYOGENESIS,198,0.35858585858585856,0.98,0.028,0.056
HALLMARK_NOTCH_SIGNALING,32,0.5625,0.328,0.772,0.656
HALLMARK_OXIDATIVE_PHOSPHORYLATION,188,0.44680851063829785,0.616,0.386,0.772
HALLMARK_P53_PATHWAY,193,0.45595854922279794,0.706,0.296,0.592
HALLMARK_PANCREAS_BETA_CELLS,40,0.35,0.902,0.056,0.112
HALLMARK_PEROXISOME,102,0.39215686274509803,0.908,0.11,0.22
HALLMARK_PI3K_AKT_MTOR_SIGNALING,104,0.5,0.528,0.51,1.0
HALLMARK_PROTEIN_SECRETION,94,0.5851063829787234,0.282,0.72,0.564
HALLMARK_REACTIVE_OXYGEN_SPECIES_PATHWAY,48,0.7083333333333334,0.094,0.908,0.188
HALLMARK_SPERMATOGENESIS,132,0.44696969696969696,0.814,0.188,0.376
HALLMARK_TGF_BETA_SIGNALING,54,0.5185185185185185,0.38,0.622,0.76
HALLMARK_TNFA_SIGNALING_VIA_NFKB,199,0.6080402010050251,0.156,0.846,0.312
HALLMARK_UNFOLDED_PROTEIN_RESPONSE,109,0.5779816513761468,0.344,0.658,0.688
HALLMARK_UV_RESPONSE_DN,142,0.43661971830985913,0.82,0.182,0.364
HALLMARK_UV_RESPONSE_UP,157,0.5605095541401274,0.26,0.742,0.52
HALLMARK_WNT_BETA_CATENIN_SIGNALING,42,0.38095238095238093,0.928,0.144,0.288
HALLMARK_XENOBIOTIC_METABOLISM,198,0.4696969696969697,0.628,0.366,0.732
KEGG_ABC_TRANSPORTERS,43,0.4418604651162791,0.866,0.22,0.44
KEGG_ACUTE_MYELOID_LEUKEMIA,56,0.44642857142857145,0.7,0.302,0.604
KEGG_ADHERENS_JUNCTION,71,0.5070422535211268,0.444,0.558,0.888
KEGG_ADIPOCYTOKINE_SIGNALING_PATHWAY,64,0.390625,0.934,0.102,0.204
KEGG_ALANINE_ASPARTATE_AND_GLUTAMATE_METABOLISM,32,0.34375,0.93,0.112,0.224
KEGG_ALDOSTERONE_REGULATED_SODIUM_REABSORPTION,41,0.4634146341463415,0.678,0.324,0.648
KEGG_ALLOGRAFT_REJECTION,33,0.45454545454545453,0.668,0.334,0.668
KEGG_ALPHA_LINOLENIC_ACID_METABOLISM,15,0.5333333333333333,0.48,0.522,0.96
KEGG_ALZHEIMERS_DISEASE,148,0.44594594594594594,0.648,0.354,0.708
KEGG_AMINOACYL_TRNA_BIOSYNTHESIS,41,0.4146341463414634,0.606,0.396,0.792
KEGG_AMINO_SUGAR_AND_NUCLEOTIDE_SUGAR_METABOLISM,44,0.45454545454545453,0.666,0.336,0.672
KEGG_AMYOTROPHIC_LATERAL_SCLEROSIS_ALS,51,0.37254901960784315,0.934,0.068,0.136
KEGG_ANTIGEN_PROCESSING_AND_PRESENTATION,70,0.6,0.098,0.904,0.196
KEGG_APOPTOSIS,86,0.47674418604651164,0.602,0.4,0.8
KEGG_ARACHIDONIC_ACID_METABOLISM,49,0.5510204081632653,0.21,0.792,0.42
KEGG_ARGININE_AND_PROLINE_METABOLISM,50,0.32,0.946,0.056,0.112
KEGG_ARRHYTHMOGENIC_RIGHT_VENTRICULAR_CARDIOMYOPATHY_ARVC,72,0.3611111111111111,0.954,0.048,0.096
KEGG_ASCORBATE_AND_ALDARATE_METABOLISM,13,0.3076923076923077,0.952,0.15,0.3
KEGG_ASTHMA,26,0.5,0.526,0.592,1.0
KEGG_AUTOIMMUNE_THYROID_DISEASE,43,0.46511627906976744,0.732,0.36,0.72
KEGG_AXON_GUIDANCE,127,0.4330708661417323,0.82,0.182,0.364
KEGG_BASAL_CELL_CARCINOMA,53,0.2641509433962264,0.994,0.008,0.016
KEGG_BASAL_TRANSCRIPTION_FACTORS,31,0.6129032258064516,0.22,0.782,0.44
KEGG_BASE_EXCISION_REPAIR,31,0.3870967741935484,0.788,0.214,0.428
KEGG_BETA_ALANINE_METABOLISM,21,0.47619047619047616,0.674,0.474,0.948
KEGG_BIOSYNTHESIS_OF_UNSATURATED_FATTY_ACIDS,18,0.5,0.6,0.576,1.0
KEGG_BLADDER_CANCER,41,0.6097560975609756,0.194,0.808,0.388
KEGG_BUTANOATE_METABOLISM,31,0.25806451612903225,0.988,0.014,0.028
KEGG_B_CELL_RECEPTOR_SIGNALING_PATHWAY,74,0.44594594594594594,0.778,0.224,0.448
KEGG_CALCIUM_SIGNALING_PATHWAY,173,0.3815028901734104,0.964,0.046,0.092
KEGG_CARDIAC_MUSCLE_CONTRACTION,68,0.5,0.526,0.52,1.0
KEGG_CELL_ADHESION_MOLECULES_CAMS,125,0.464,0.638,0.364,0.728
KEGG_CELL_CYCLE,119,0.5714285714285714,0.124,0.878,0.248
KEGG_CHEMOKINE_SIGNALING_PATHWAY,176,0.4943181818181818,0.578,0.424,0.848
KEGG_CHRONIC_MYELOID_LEUKEMIA,72,0.5555555555555556,0.364,0.638,0.728
KEGG_CIRCADIAN_RHYTHM_MAMMAL,13,0.38461538461538464,0.812,0.19,0.38
KEGG_CITRATE_CYCLE_TCA_CYCLE,28,0.39285714285714285,0.694,0.308,0.616
KEGG_COLORECTAL_CANCER,62,0.46774193548387094,0.688,0.314,0.628
KEGG_COMPLEMENT_AND_COAGULATION_CASCADES,67,0.34328358208955223,0.976,0.026,0.052
KEGG_CYSTEINE_AND_METHIONINE_METABOLISM,31,0.5161290322580645,0.464,0.538,0.928
KEGG_CYTOKINE_CYTOKINE_RECEPTOR_INTERACTION,245,0.49795918367346936,0.528,0.474,0.948
KEGG_CYTOSOLIC_DNA_SENSING_PATHWAY,48,0.4583333333333333,0.718,0.284,0.568
KEGG_DILATED_CARDIOMYOPATHY,88,0.4090909090909091,0.888,0.114,0.228
KEGG_DNA_REPLICATION,36,0.3611111111111111,0.758,0.244,0.488
KEGG_DORSO_VENTRAL_AXIS_FORMATION,22,0.45454545454545453,0.704,0.298,0.596
KEGG_DRUG_METABOLISM_CYTOCHROME_P450,54,0.35185185185185186,0.872,0.13,0.26
KEGG_DRUG_METABOLISM_OTHER_ENZYMES,37,0.2972972972972973,0.97,0.032,0.064
KEGG_ECM_RECEPTOR_INTERACTION,80,0.35,0.936,0.052,0.104
KEGG_ENDOCYTOSIS,179,0.39664804469273746,0.932,0.07,0.14
KEGG_ENDOMETRIAL_CANCER,52,0.40384615384615385,0.834,0.168,0.336
KEGG_EPITHELIAL_CELL_SIGNALING_IN_HELICOBACTER_PYLORI_INFECTION,67,0.582089552238806,0.236,0.766,0.472
KEGG_ERBB_SIGNALING_PATHWAY,86,0.47674418604651164,0.618,0.384,0.768
KEGG_ETHER_LIPID_METABOLISM,29,0.4482758620689655,0.798,0.204,0.408
KEGG_FATTY_ACID_METABOLISM,39,0.3076923076923077,0.966,0.064,0.128
KEGG_FC_EPSILON_RI_SIGNALING_PATHWAY,75,0.41333333333333333,0.836,0.166,0.332
KEGG_FC_GAMMA_R_MEDIATED_PHAGOCYTOSIS,87,0.47126436781609193,0.616,0.386,0.772
KEGG_FOCAL_ADHESION,195,0.441025641025641,0.894,0.128,0.256
KEGG_FOLATE_BIOSYNTHESIS,10,0.4,0.864,0.362,0.724
KEGG_FRUCTOSE_AND_MANNOSE_METABOLISM,33,0.3939393939393939,0.834,0.23,0.46
KEGG_GALACTOSE_METABOLISM,26,0.46153846153846156,0.626,0.472,0.944
KEGG_GAP_JUNCTION,85,0.4823529411764706,0.634,0.368,0.736
KEGG_GLIOMA,65,0.5230769230769231,0.452,0.55,0.904
KEGG_GLUTATHIONE_METABOLISM,41,0.5609756097560976,0.39,0.612,0.78
KEGG_GLYCEROLIPID_METABOLISM,47,0.40425531914893614,0.88,0.122,0.244
KEGG_GLYCEROPHOSPHOLIPID_METABOLISM,71,0.4788732394366197,0.67,0.332,0.664
KEGG_GLYCINE_SERINE_AND_THREONINE_METABOLISM,31,0.45161290322580644,0.618,0.384,0.768
KEGG_GLYCOLYSIS_GLUCONEOGENESIS,59,0.3559322033898305,0.868,0.134,0.268
KEGG_GLYCOSAMINOGLYCAN_BIOSYNTHESIS_CHONDROITIN_SULFATE,21,0.2857142857142857,0.962,0.092,0.184
KEGG_GLYCOSAMINOGLYCAN_BIOSYNTHESIS_HEPARAN_SULFATE,24,0.2916666666666667,0.902,0.1,0.2
KEGG_GLYCOSAMINOGLYCAN_BIOSYNTHESIS_KERATAN_SULFATE,15,0.4,0.768,0.342,0.684
KEGG_GLYCOSAMINOGLYCAN_DEGRADATION,21,0.14285714285714285,0.994,0.02,0.04
KEGG_GLYCOSPHINGOLIPID_BIOSYNTHESIS_GANGLIO_SERIES,15,0.6,0.316,0.686,0.632
KEGG_GLYCOSPHINGOLIPID_BIOSYNTHESIS_GLOBO_SERIES,14,0.2857142857142857,0.93,0.148,0.296
KEGG_GLYCOSPHINGOLIPID_BIOSYNTHESIS_LACTO_AND_NEOLACTO_SERIES,26,0.19230769230769232,0.994,0.008,0.016
KEGG_GLYCOSYLPHOSPHATIDYLINOSITOL_GPI_ANCHOR_BIOSYNTHESIS,25,0.36,0.912,0.09,0.18
KEGG_GLYOXYLATE_AND_DICARBOXYLATE_METABOLISM,15,0.4,0.742,0.354,0.708
KEGG_GNRH_SIGNALING_PATHWAY,95,0.3473684210526316,0.974,0.028,0.056
KEGG_GRAFT_VERSUS_HOST_DISEASE,34,0.4411764705882353,0.822,0.18,0.36
KEGG_HEDGEHOG_SIGNALING_PATHWAY,53,0.2641509433962264,0.996,0.006,0.012
KEGG_HEMATOPOIETIC_CELL_LINEAGE,80,0.45,0.686,0.316,0.632
KEGG_HISTIDINE_METABOLISM,28,0.32142857142857145,0.856,0.146,0.292
KEGG_HOMOLOGOUS_RECOMBINATION,28,0.32142857142857145,0.908,0.094,0.188
KEGG_HUNTINGTONS_DISEASE,157,0.4140127388535032,0.682,0.32,0.64
KEGG_HYPERTROPHIC_CARDIOMYOPATHY_HCM,81,0.4074074074074074,0.9,0.102,0.204
KEGG_INOSITOL_PHOSPHATE_METABOLISM,54,0.3888888888888889,0.894,0.108,0.216
KEGG_INSULIN_SIGNALING_PATHWAY,136,0.4411764705882353,0.818,0.184,0.368
KEGG_INTESTINAL_IMMUNE_NETWORK_FOR_IGA_PRODUCTION,43,0.4186046511627907,0.736,0.266,0.532
KEGG_JAK_STAT_SIGNALING_PATHWAY,146,0.4520547945205479,0.808,0.194,0.388
KEGG_LEISHMANIA_INFECTION,62,0.5806451612903226,0.15,0.852,0.3
KEGG_LEUKOCYTE_TRANSENDOTHELIAL_MIGRATION,110,0.5,0.542,0.506,1.0
KEGG_LIMONENE_AND_PINENE_DEGRADATION,10,0.5,0.64,0.606,1.0
KEGG_LINOLEIC_ACID_METABOLISM,25,0.56,0.374,0.628,0.748
KEGG_LONG_TERM_DEPRESSION,65,0.4153846153846154,0.824,0.178,0.356
KEGG_LONG_TERM_POTENTIATION,67,0.40298507462686567,0.864,0.116,0.232
KEGG_LYSINE_DEGRADATION,43,0.32558139534883723,0.964,0.038,0.076
KEGG_LYSOSOME,118,0.423728813559322,0.762,0.24,0.48
KEGG_MAPK_SIGNALING_PATHWAY,257,0.42023346303501946,0.928,0.066,0.132
KEGG_MATURITY_ONSET_DIABETES_OF_THE_YOUNG,23,0.13043478260869565,0.994,0.008,0.016
KEGG_MELANOGENESIS,98,0.3979591836734694,0.896,0.106,0.212
KEGG_MELANOMA,71,0.5633802816901409,0.272,0.73,0.544
KEGG_METABOLISM_OF_XENOBIOTICS_BY_CYTOCHROME_P450,52,0.36538461538461536,0.84,0.162,0.324
KEGG_MISMATCH_REPAIR,22,0.45454545454545453,0.674,0.328,0.656
KEGG_MTOR_SIGNALING_PATHWAY,49,0.3673469387755102,0.918,0.084,0.168
KEGG_NATURAL_KILLER_CELL_MEDIATED_CYTOTOXICITY,121,0.5702479338842975,0.222,0.78,0.444
KEGG_NEUROACTIVE_LIGAND_RECEPTOR_INTERACTION,267,0.449438202247191,0.68,0.322,0.644
KEGG_NEUROTROPHIN_SIGNALING_PATHWAY,122,0.45901639344262296,0.684,0.318,0.636
KEGG_NICOTINATE_AND_NICOTINAMIDE_METABOLISM,24,0.4166666666666667,0.684,0.318,0.636
KEGG_NITROGEN_METABOLISM,23,0.43478260869565216,0.664,0.204,0.408
KEGG_NOD_LIKE_RECEPTOR_SIGNALING_PATHWAY,60,0.5666666666666667,0.176,0.826,0.352
KEGG_NON_HOMOLOGOUS_END_JOINING,12,0.4166666666666667,0.616,0.386,0.772
KEGG_NON_SMALL_CELL_LUNG_CANCER,54,0.48148148148148145,0.642,0.36,0.72
KEGG_NOTCH_SIGNALING_PATHWAY,47,0.44680851063829785,0.72,0.282,0.564
KEGG_NUCLEOTIDE_EXCISION_REPAIR,41,0.4634146341463415,0.64,0.362,0.724
KEGG_N_GLYCAN_BIOSYNTHESIS,44,0.5909090909090909,0.296,0.706,0.592
KEGG_OLFACTORY_TRANSDUCTION,107,0.4485981308411215,0.678,0.296,0.592
KEGG_ONE_CARBON_POOL_BY_FOLATE,15,0.4,0.81,0.346,0.692
KEGG_OOCYTE_MEIOSIS,106,0.44339622641509435,0.832,0.208,0.416
KEGG_OTHER_GLYCAN_DEGRADATION,15,0.2,0.982,0.072,0.144
KEGG_OXIDATIVE_PHOSPHORYLATION,107,0.48598130841121495,0.54,0.462,0.924
KEGG_O_GLYCAN_BIOSYNTHESIS,28,0.4642857142857143,0.542,0.368,0.736
KEGG_P53_SIGNALING_PATHWAY,67,0.582089552238806,0.178,0.824,0.356
KEGG_PANCREATIC_CANCER,68,0.5441176470588235,0.348,0.654,0.696
KEGG_PANTOTHENATE_AND_COA_BIOSYNTHESIS,16,0.3125,0.918,0.166,0.332
KEGG_PARKINSONS_DISEASE,102,0.47058823529411764,0.57,0.442,0.884
KEGG_PATHOGENIC_ESCHERICHIA_COLI_INFECTION,47,0.7021276595744681,0.042,0.96,0.084
KEGG_PATHWAYS_IN_CANCER,318,0.46540880503144655,0.758,0.244,0.488
KEGG_PENTOSE_AND_GLUCURONATE_INTERCONVERSIONS,15,0.2,0.992,0.028,0.056
KEGG_PENTOSE_PHOSPHATE_PATHWAY,26,0.4230769230769231,0.726,0.276,0.552
KEGG_PEROXISOME,75,0.44,0.742,0.26,0.52
KEGG_PHENYLALANINE_METABOLISM,18,0.2777777777777778,0.916,0.086,0.172
KEGG_PHOSPHATIDYLINOSITOL_SIGNALING_SYSTEM,76,0.39473684210526316,0.882,0.12,0.24
KEGG_PORPHYRIN_AND_CHLOROPHYLL_METABOLISM,28,0.39285714285714285,0.772,0.23,0.46
KEGG_PPAR_SIGNALING_PATHWAY,65,0.47692307692307695,0.69,0.312,0.624
KEGG_PRIMARY_BILE_ACID_BIOSYNTHESIS,15,0.6666666666666666,0.222,0.78,0.444
KEGG_PRIMARY_IMMUNODEFICIENCY,34,0.4117647058823529,0.84,0.162,0.324
KEGG_PRION_DISEASES,35,0.4,0.858,0.214,0.428
KEGG_PROGESTERONE_MEDIATED_OOCYTE_MATURATION,81,0.41975308641975306,0.908,0.094,0.188
KEGG_PROPANOATE_METABOLISM,31,0.41935483870967744,0.694,0.308,0.616
KEGG_PROSTATE_CANCER,87,0.5057471264367817,0.536,0.466,0.932
KEGG_PROTEASOME,40,0.525,0.476,0.526,0.952
KEGG_PROTEIN_EXPORT,23,0.9565217391304348,0.004,0.998,0.008
KEGG_PROXIMAL_TUBULE_BICARBONATE_RECLAMATION,22,0.45454545454545453,0.782,0.22,0.44
KEGG_PURINE_METABOLISM,152,0.3618421052631579,0.916,0.086,0.172
KEGG_PYRIMIDINE_METABOLISM,93,0.3870967741935484,0.786,0.216,0.432
KEGG_PYRUVATE_METABOLISM,39,0.3076923076923077,0.954,0.072,0.144
KEGG_REGULATION_OF_ACTIN_CYTOSKELETON,207,0.4782608695652174,0.656,0.346,0.692
KEGG_REGULATION_OF_AUTOPHAGY,29,0.7241379310344828,0.03,0.972,0.06
KEGG_RENAL_CELL_CARCINOMA,67,0.47761194029850745,0.584,0.418,0.836
KEGG_RENIN_ANGIOTENSIN_SYSTEM,17,0.47058823529411764,0.698,0.486,0.972
KEGG_RETINOL_METABOLISM,46,0.4782608695652174,0.612,0.39,0.78
KEGG_RIBOFLAVIN_METABOLISM,16,0.25,0.99,0.034,0.068
KEGG_RIBOSOME,40,0.675,0.394,0.608,0.788
KEGG_RIG_I_LIKE_RECEPTOR_SIGNALING_PATHWAY,65,0.5076923076923077,0.5,0.502,1.0
KEGG_RNA_DEGRADATION,56,0.5178571428571429,0.458,0.544,0.916
KEGG_RNA_POLYMERASE,27,0.37037037037037035,0.698,0.24,0.48
KEGG_SELENOAMINO_ACID_METABOLISM,23,0.43478260869565216,0.616,0.258,0.516
KEGG_SMALL_CELL_LUNG_CANCER,81,0.5432098765432098,0.23,0.772,0.46
KEGG_SNARE_INTERACTIONS_IN_VESICULAR_TRANSPORT,38,0.5,0.564,0.49,0.98
KEGG_SPHINGOLIPID_METABOLISM,35,0.4857142857142857,0.628,0.374,0.748
KEGG_SPLICEOSOME,121,0.5206611570247934,0.504,0.498,0.996
KEGG_STARCH_AND_SUCROSE_METABOLISM,36,0.3611111111111111,0.86,0.142,0.284
KEGG_STEROID_BIOSYNTHESIS,16,0.1875,0.966,0.104,0.208
KEGG_STEROID_HORMONE_BIOSYNTHESIS,42,0.35714285714285715,0.866,0.136,0.272
KEGG_SULFUR_METABOLISM,11,0.2727272727272727,0.976,0.132,0.264
KEGG_SYSTEMIC_LUPUS_ERYTHEMATOSUS,91,0.4945054945054945,0.49,0.512,0.98
KEGG_TASTE_TRANSDUCTION,43,0.3953488372093023,0.882,0.12,0.24
KEGG_TAURINE_AND_HYPOTAURINE_METABOLISM,9,0.5555555555555556,0.494,0.508,0.988
KEGG_TERPENOID_BACKBONE_BIOSYNTHESIS,15,0.13333333333333333,0.988,0.046,0.092
KEGG_TGF_BETA_SIGNALING_PATHWAY,83,0.4457831325301205,0.772,0.23,0.46
KEGG_THYROID_CANCER,29,0.3793103448275862,0.914,0.026,0.052
KEGG_TIGHT_JUNCTION,129,0.4263565891472868,0.866,0.136,0.272
KEGG_TOLL_LIKE_RECEPTOR_SIGNALING_PATHWAY,94,0.46808510638297873,0.686,0.316,0.632
KEGG_TRYPTOPHAN_METABOLISM,40,0.45,0.618,0.384,0.768
KEGG_TYPE_II_DIABETES_MELLITUS,46,0.34782608695652173,0.954,0.048,0.096
KEGG_TYPE_I_DIABETES_MELLITUS,38,0.47368421052631576,0.634,0.464,0.928
KEGG_TYROSINE_METABOLISM,41,0.2926829268292683,0.904,0.098,0.196
KEGG_T_CELL_RECEPTOR_SIGNALING_PATHWAY,107,0.42990654205607476,0.864,0.138,0.276
KEGG_UBIQUITIN_MEDIATED_PROTEOLYSIS,128,0.515625,0.46,0.574,0.92
KEGG_VALINE_LEUCINE_AND_ISOLEUCINE_BIOSYNTHESIS,11,0.09090909090909091,0.996,0.006,0.012
KEGG_VALINE_LEUCINE_AND_ISOLEUCINE_DEGRADATION,43,0.27906976744186046,0.918,0.084,0.168
KEGG_VASCULAR_SMOOTH_MUSCLE_CONTRACTION,108,0.4351851851851852,0.9,0.102,0.204
KEGG_VASOPRESSIN_REGULATED_WATER_REABSORPTION,43,0.4418604651162791,0.72,0.344,0.688
KEGG_VEGF_SIGNALING_PATHWAY,71,0.4225352112676056,0.812,0.19,0.38
KEGG_VIBRIO_CHOLERAE_INFECTION,54,0.6296296296296297,0.206,0.796,0.412
KEGG_VIRAL_MYOCARDITIS,66,0.5606060606060606,0.238,0.764,0.476
KEGG_WNT_SIGNALING_PATHWAY,146,0.4178082191780822,0.91,0.092,0.184
REACTOME_ABC_FAMILY_PROTEINS_MEDIATED_TRANSPORT,96,0.4895833333333333,0.532,0.47,0.94
REACTOME_ABC_TRANSPORTERS_IN_LIPID_HOMEOSTASIS,17,0.5882352941176471,0.32,0.682,0.64
REACTOME_ABC_TRANSPORTER_DISORDERS,72,0.5138888888888888,0.508,0.494,0.988
REACTOME_ABERRANT_REGULATION_OF_MITOTIC_EXIT_IN_CANCER_DUE_TO_RB1_DEFECTS,17,0.35294117647058826,0.926,0.162,0.324
REACTOME_ABERRANT_REGULATION_OF_MITOTIC_G1_S_TRANSITION_IN_CANCER_DUE_TO_RB1_DEFECTS,17,0.7647058823529411,0.084,0.918,0.168
REACTOME_ABORTIVE_ELONGATION_OF_HIV_1_TRANSCRIPT_IN_THE_ABSENCE_OF_TAT,23,0.4782608695652174,0.576,0.426,0.852
REACTOME_ACETYLCHOLINE_BINDING_AND_DOWNSTREAM_EVENTS,13,0.3076923076923077,0.924,0.194,0.388
REACTOME_ACETYLCHOLINE_NEUROTRANSMITTER_RELEASE_CYCLE,17,0.4117647058823529,0.834,0.168,0.336
REACTOME_ACETYLCHOLINE_REGULATES_INSULIN_SECRETION,9,0.3333333333333333,0.916,0.086,0.172
REACTOME_ACTIVATED_NOTCH1_TRANSMITS_SIGNAL_TO_THE_NUCLEUS,31,0.5806451612903226,0.216,0.786,0.432
REACTOME_ACTIVATED_NTRK2_SIGNALS_THROUGH_FRS2_AND_FRS3,10,0.3,0.896,0.106,0.212
REACTOME_ACTIVATED_PKN1_STIMULATES_TRANSCRIPTION_OF_AR_ANDROGEN_RECEPTOR_REGULATED_GENES_KLK2_AND_KLK3,41,0.5609756097560976,0.42,0.582,0.84
REACTOME_ACTIVATED_TAK1_MEDIATES_P38_MAPK_ACTIVATION,21,0.5714285714285714,0.35,0.652,0.7
REACTOME_ACTIVATION_OF_AMPK_DOWNSTREAM_OF_NMDARS,25,0.6,0.302,0.7,0.604
REACTOME_ACTIVATION_OF_ANTERIOR_HOX_GENES_IN_HINDBRAIN_DEVELOPMENT_DURING_EARLY_EMBRYOGENESIS,97,0.4536082474226804,0.608,0.364,0.728
REACTOME_ACTIVATION_OF_ATR_IN_RESPONSE_TO_REPLICATION_STRESS,37,0.35135135135135137,0.896,0.042,0.084
REACTOME_ACTIVATION_OF_BAD_AND_TRANSLOCATION_TO_MITOCHONDRIA,14,0.5714285714285714,0.44,0.562,0.88
REACTOME_ACTIVATION_OF_BH3_ONLY_PROTEINS,29,0.4827586206896552,0.504,0.378,0.756
REACTOME_ACTIVATION_OF_GENE_EXPRESSION_BY_SREBF_SREBP,42,0.14285714285714285,0.996,0.008,0.016
REACTOME_ACTIVATION_OF_IRF3_IRF7_MEDIATED_BY_TBK1_IKK_IKBKE,17,0.5882352941176471,0.378,0.624,0.756
REACTOME_ACTIVATION_OF_KAINATE_RECEPTORS_UPON_GLUTAMATE_BINDING,29,0.5172413793103449,0.322,0.68,0.644
REACTOME_ACTIVATION_OF_MATRIX_METALLOPROTEINASES,31,0.45161290322580644,0.6,0.402,0.804
REACTOME_ACTIVATION_OF_NMDA_RECEPTORS_AND_POSTSYNAPTIC_EVENTS,89,0.4606741573033708,0.746,0.256,0.512
REACTOME_ACTIVATION_OF_PPARGC1A_PGC_1ALPHA_BY_PHOSPHORYLATION,10,0.2,0.98,0.08,0.16
REACTOME_ACTIVATION_OF_RAC1,13,0.38461538461538464,0.876,0.126,0.252
REACTOME_ACTIVATION_OF_SMO,18,0.2222222222222222,0.996,0.024,0.048
REACTOME_ACTIVATION_OF_THE_AP_1_FAMILY_OF_TRANSCRIPTION_FACTORS,10,0.2,0.974,0.086,0.172
REACTOME_ACTIVATION_OF_THE_MRNA_UPON_BINDING_OF_THE_CAP_BINDING_COMPLEX_AND_EIFS_AND_SUBSEQUENT_BINDING_TO_43S,33,0.6060606060606061,0.428,0.574,0.856
REACTOME_ACTIVATION_OF_THE_PHOTOTRANSDUCTION_CASCADE,11,0.09090909090909091,1.0,0.002,0.004
REACTOME_ACTIVATION_OF_THE_PRE_REPLICATIVE_COMPLEX,33,0.45454545454545453,0.696,0.306,0.612
REACTOME_ACTIVATION_OF_THE_TFAP2_AP_2_FAMILY_OF_TRANSCRIPTION_FACTORS,12,0.4166666666666667,0.558,0.444,0.888
REACTOME_ACYL_CHAIN_REMODELLING_OF_PC,24,0.4166666666666667,0.724,0.278,0.556
REACTOME_ACYL_CHAIN_REMODELLING_OF_PE,26,0.46153846153846156,0.714,0.428,0.856
REACTOME_ACYL_CHAIN_REMODELLING_OF_PG,16,0.375,0.91,0.21,0.42
REACTOME_ACYL_CHAIN_REMODELLING_OF_PI,15,0.4666666666666667,0.724,0.278,0.556
REACTOME_ACYL_CHAIN_REMODELLING_OF_PS,19,0.5263157894736842,0.498,0.504,0.996
REACTOME_ADAPTIVE_IMMUNE_SYSTEM,739,0.4912043301759134,0.554,0.448,0.896
REACTOME_ADENYLATE_CYCLASE_ACTIVATING_PATHWAY,10,0.4,0.84,0.384,0.768
REACTOME_ADENYLATE_CYCLASE_INHIBITORY_PATHWAY,14,0.5,0.586,0.63,1.0
REACTOME_ADHERENS_JUNCTIONS_INTERACTIONS,55,0.5454545454545454,0.324,0.678,0.648
REACTOME_ADIPOGENESIS,110,0.4727272727272727,0.644,0.302,0.604
REACTOME_ADORA2B_MEDIATED_ANTI_INFLAMMATORY_CYTOKINES_PRODUCTION,42,0.6190476190476191,0.106,0.896,0.212
REACTOME_ADP_SIGNALLING_THROUGH_P2Y_PURINOCEPTOR_1,23,0.5652173913043478,0.248,0.754,0.496
REACTOME_ADP_SIGNALLING_THROUGH_P2Y_PURINOCEPTOR_12,21,0.6666666666666666,0.126,0.876,0.252
REACTOME_ADRENALINE_NORADRENALINE_INHIBITS_INSULIN_SECRETION,27,0.5185185185185185,0.37,0.632,0.74
REACTOME_ADVANCED_GLYCOSYLATION_ENDPRODUCT_RECEPTOR_SIGNALING,11,0.45454545454545453,0.774,0.228,0.456
REACTOME_AEROBIC_RESPIRATION_AND_RESPIRATORY_ELECTRON_TRANSPORT,230,0.45217391304347826,0.624,0.378,0.756
REACTOME_AFLATOXIN_ACTIVATION_AND_DETOXIFICATION,16,0.375,0.87,0.254,0.508
REACTOME_AGGREPHAGY,38,0.6578947368421053,0.074,0.928,0.148
REACTOME_AKT_PHOSPHORYLATES_TARGETS_IN_THE_CYTOSOL,14,0.42857142857142855,0.808,0.194,0.388
REACTOME_AKT_PHOSPHORYLATES_TARGETS_IN_THE_NUCLEUS,9,0.2222222222222222,0.968,0.106,0.212
REACTOME_ALK_MUTANTS_BIND_TKIS,12,0.5833333333333334,0.214,0.788,0.428
REACTOME_ALPHA_DEFENSINS,6,0.16666666666666666,0.96,0.042,0.084
REACTOME_ALPHA_LINOLENIC_OMEGA3_AND_LINOLEIC_OMEGA6_ACID_METABOLISM,13,0.38461538461538464,0.83,0.172,0.344
REACTOME_ALPHA_PROTEIN_KINASE_1_SIGNALING_PATHWAY,11,0.6363636363636364,0.108,0.894,0.216
REACTOME_AMINE_LIGAND_BINDING_RECEPTORS,41,0.36585365853658536,0.852,0.15,0.3
REACTOME_AMINO_ACIDS_REGULATE_MTORC1,54,0.5,0.556,0.488,0.976
REACTOME_AMINO_ACID_TRANSPORT_ACROSS_THE_PLASMA_MEMBRANE,32,0.375,0.848,0.212,0.424
REACTOME_AMYLOID_FIBER_FORMATION,84,0.5119047619047619,0.458,0.544,0.916
REACTOME_ANCHORING_FIBRIL_FORMATION,15,0.4666666666666667,0.676,0.326,0.652
REACTOME_ANCHORING_OF_THE_BASAL_BODY_TO_THE_PLASMA_MEMBRANE,93,0.44086021505376344,0.766,0.236,0.472
REACTOME_ANDROGEN_BIOSYNTHESIS,11,0.2727272727272727,0.894,0.184,0.368
REACTOME_ANTIGEN_ACTIVATES_B_CELL_RECEPTOR_BCR_LEADING_TO_GENERATION_OF_SECOND_MESSENGERS,47,0.40425531914893614,0.83,0.172,0.344
REACTOME_ANTIGEN_PRESENTATION_FOLDING_ASSEMBLY_AND_PEPTIDE_LOADING_OF_CLASS_I_MHC,29,0.6896551724137931,0.184,0.818,0.368
REACTOME_ANTIGEN_PROCESSING_CROSS_PRESENTATION,97,0.5979381443298969,0.35,0.652,0.7
REACTOME_ANTIGEN_PROCESSING_UBIQUITINATION_PROTEASOME_DEGRADATION,292,0.4554794520547945,0.644,0.358,0.716
REACTOME_ANTIMICROBIAL_PEPTIDES,63,0.4126984126984127,0.824,0.228,0.456
REACTOME_ANTIVIRAL_MECHANISM_BY_IFN_STIMULATED_GENES,141,0.5815602836879432,0.174,0.828,0.348
REACTOME_ANTI_INFLAMMATORY_RESPONSE_FAVOURING_LEISHMANIA_PARASITE_INFECTION,87,0.5057471264367817,0.52,0.482,0.964
REACTOME_APC_CDC20_MEDIATED_DEGRADATION_OF_NEK2A,23,0.43478260869565216,0.666,0.192,0.384
REACTOME_APC_C_CDC20_MEDIATED_DEGRADATION_OF_CYCLIN_B,21,0.47619047619047616,0.694,0.496,0.992
REACTOME_APC_C_CDH1_MEDIATED_DEGRADATION_OF_CDC20_AND_OTHER_APC_C_CDH1_TARGETED_PROTEINS_IN_LATE_MITOSIS_EARLY_G1,67,0.47761194029850745,0.524,0.478,0.956
REACTOME_APC_C_MEDIATED_DEGRADATION_OF_CELL_CYCLE_PROTEINS,81,0.5185185185185185,0.466,0.536,0.932
REACTOME_APOPTOSIS,170,0.5,0.5,0.514,1.0
REACTOME_APOPTOSIS_INDUCED_DNA_FRAGMENTATION,13,0.6153846153846154,0.272,0.73,0.544
REACTOME_APOPTOTIC_CLEAVAGE_OF_CELLULAR_PROTEINS,37,0.4594594594594595,0.602,0.4,0.8
REACTOME_APOPTOTIC_CLEAVAGE_OF_CELL_ADHESION_PROTEINS,10,0.6,0.354,0.648,0.708
REACTOME_APOPTOTIC_EXECUTION_PHASE,51,0.49019607843137253,0.594,0.408,0.816
REACTOME_APOPTOTIC_FACTOR_MEDIATED_RESPONSE,18,0.6111111111111112,0.108,0.894,0.216
REACTOME_AQUAPORIN_MEDIATED_TRANSPORT,50,0.52,0.368,0.634,0.736
REACTOME_ARACHIDONIC_ACID_METABOLISM,55,0.5272727272727272,0.314,0.688,0.628
REACTOME_ASPARAGINE_N_LINKED_GLYCOSYLATION,292,0.5616438356164384,0.384,0.618,0.768
REACTOME_ASPARTATE_AND_ASPARAGINE_METABOLISM,10,0.5,0.582,0.65,1.0
REACTOME_ASPIRIN_ADME,25,0.52,0.388,0.614,0.776
REACTOME_ASSEMBLY_AND_CELL_SURFACE_PRESENTATION_OF_NMDA_RECEPTORS,40,0.6,0.25,0.752,0.5
REACTOME_ASSEMBLY_OF_ACTIVE_LPL_AND_LIPC_LIPASE_COMPLEXES,18,0.2222222222222222,0.982,0.046,0.092
REACTOME_ASSEMBLY_OF_COLLAGEN_FIBRILS_AND_OTHER_MULTIMERIC_STRUCTURES,60,0.4,0.75,0.288,0.576
REACTOME_ASSEMBLY_OF_THE_HIV_VIRION,16,0.375,0.818,0.298,0.596
REACTOME_ASSEMBLY_OF_THE_ORC_COMPLEX_AT_THE_ORIGIN_OF_REPLICATION,43,0.5581395348837209,0.414,0.588,0.828
REACTOME_ASSOCIATION_OF_TRIC_CCT_WITH_TARGET_PROTEINS_DURING_BIOSYNTHESIS,36,0.5277777777777778,0.482,0.52,0.964
REACTOME_ASYMMETRIC_LOCALIZATION_OF_PCP_PROTEINS,60,0.4666666666666667,0.568,0.434,0.868
REACTOME_ATF4_ACTIVATES_GENES_IN_RESPONSE_TO_ENDOPLASMIC_RETICULUM_STRESS,26,0.5769230769230769,0.278,0.724,0.556
REACTOME_ATF6_ATF6_ALPHA_ACTIVATES_CHAPERONES,11,0.5454545454545454,0.522,0.48,0.96
REACTOME_ATF6_ATF6_ALPHA_ACTIVATES_CHAPERONE_GENES,9,0.6666666666666666,0.366,0.636,0.732
REACTOME_ATTACHMENT_AND_ENTRY,18,0.3333333333333333,0.922,0.08,0.16
REACTOME_ATTENUATION_PHASE,27,0.5925925925925926,0.38,0.622,0.76
REACTOME_AUF1_HNRNP_D0_BINDS_AND_DESTABILIZES_MRNA,49,0.5714285714285714,0.444,0.558,0.888
REACTOME_AURKA_ACTIVATION_BY_TPX2,71,0.43661971830985913,0.818,0.184,0.368
REACTOME_AUTOPHAGY,148,0.5472972972972973,0.418,0.584,0.836
REACTOME_AZATHIOPRINE_ADME,19,0.3157894736842105,0.914,0.088,0.176
REACTOME_A_TETRASACCHARIDE_LINKER_SEQUENCE_IS_REQUIRED_FOR_GAG_SYNTHESIS,25,0.2,0.992,0.028,0.056
REACTOME_BACTERIAL_INFECTION_PATHWAYS,68,0.5294117647058824,0.424,0.578,0.848
REACTOME_BASE_EXCISION_REPAIR,71,0.4225352112676056,0.684,0.318,0.636
REACTOME_BASE_EXCISION_REPAIR_AP_SITE_FORMATION,43,0.4186046511627907,0.588,0.414,0.828
REACTOME_BASIGIN_INTERACTIONS,24,0.4583333333333333,0.68,0.322,0.644
REACTOME_BBSOME_MEDIATED_CARGO_TARGETING_TO_CILIUM,23,0.6086956521739131,0.11,0.892,0.22
REACTOME_BETA_CATENIN_INDEPENDENT_WNT_SIGNALING,141,0.4397163120567376,0.676,0.312,0.624
REACTOME_BETA_CATENIN_PHOSPHORYLATION_CASCADE,16,0.375,0.858,0.262,0.524
REACTOME_BETA_DEFENSINS,15,0.5333333333333333,0.48,0.522,0.96
REACTOME_BETA_OXIDATION_OF_VERY_LONG_CHAIN_FATTY_ACIDS,11,0.2727272727272727,0.95,0.18,0.36
REACTOME_BICARBONATE_TRANSPORTERS,9,0.5555555555555556,0.504,0.498,0.996
REACTOME_BILE_ACID_AND_BILE_SALT_METABOLISM,43,0.4418604651162791,0.738,0.34,0.68
REACTOME_BINDING_AND_UPTAKE_OF_LIGANDS_BY_SCAVENGER_RECEPTORS,54,0.42592592592592593,0.744,0.258,0.516
REACTOME_BIOLOGICAL_OXIDATIONS,183,0.4371584699453552,0.792,0.21,0.42
REACTOME_BIOSYNTHESIS_OF_SPECIALIZED_PRORESOLVING_MEDIATORS_SPMS,18,0.5,0.626,0.582,1.0
REACTOME_BIOSYNTHESIS_OF_THE_N_GLYCAN_PRECURSOR_DOLICHOL_LIPID_LINKED_OLIGOSACCHARIDE_LLO_AND_TRANSFER_TO_A_NASCENT_PROTEIN,76,0.5,0.51,0.534,1.0
REACTOME_BIOTIN_TRANSPORT_AND_METABOLISM,11,0.09090909090909091,0.994,0.008,0.016
REACTOME_BLOOD_GROUP_SYSTEMS_BIOSYNTHESIS,21,0.2857142857142857,0.954,0.096,0.192
REACTOME_BMAL1_CLOCK_NPAS2_ACTIVATES_CIRCADIAN_GENE_EXPRESSION,27,0.2962962962962963,0.982,0.02,0.04
REACTOME_BRANCHED_CHAIN_AMINO_ACID_CATABOLISM,21,0.2857142857142857,0.902,0.15,0.3
REACTOME_BUDDING_AND_MATURATION_OF_HIV_VIRION,27,0.4074074074074074,0.68,0.322,0.644
REACTOME_BUTYRATE_RESPONSE_FACTOR_1_BRF1_BINDS_AND_DESTABILIZES_MRNA,17,0.5294117647058824,0.542,0.46,0.92
REACTOME_BUTYROPHILIN_BTN_FAMILY_INTERACTIONS,12,0.5,0.618,0.61,1.0
REACTOME_B_WICH_COMPLEX_POSITIVELY_REGULATES_RRNA_EXPRESSION,65,0.5538461538461539,0.38,0.622,0.76
REACTOME_CA2_PATHWAY,61,0.4426229508196721,0.824,0.178,0.356
REACTOME_CALCITONIN_LIKE_LIGAND_RECEPTORS,10,0.3,0.898,0.104,0.208
REACTOME_CALNEXIN_CALRETICULIN_CYCLE,24,0.625,0.388,0.678,0.776
REACTOME_CAMK_IV_MEDIATED_PHOSPHORYLATION_OF_CREB,10,0.6,0.374,0.628,0.748
REACTOME_CARBOXYTERMINAL_POST_TRANSLATIONAL_MODIFICATIONS_OF_TUBULIN,38,0.5789473684210527,0.236,0.766,0.472
REACTOME_CARDIAC_CONDUCTION,127,0.4645669291338583,0.636,0.322,0.644
REACTOME_CARDIOGENESIS,27,0.37037037037037035,0.912,0.044,0.088
REACTOME_CARGO_CONCENTRATION_IN_THE_ER,32,0.65625,0.172,0.884,0.344
REACTOME_CARGO_RECOGNITION_FOR_CLATHRIN_MEDIATED_ENDOCYTOSIS,103,0.4368932038834951,0.77,0.21,0.42
REACTOME_CARGO_TRAFFICKING_TO_THE_PERICILIARY_MEMBRANE,50,0.48,0.578,0.306,0.612
REACTOME_CARNITINE_METABOLISM,13,0.15384615384615385,1.0,0.008,0.016
REACTOME_CASPASE_ACTIVATION_VIA_DEATH_RECEPTORS_IN_THE_PRESENCE_OF_LIGAND,15,0.4,0.776,0.346,0.692
REACTOME_CASPASE_ACTIVATION_VIA_DEPENDENCE_RECEPTORS_IN_THE_ABSENCE_OF_LIGAND,10,0.5,0.636,0.628,1.0
REACTOME_CASPASE_ACTIVATION_VIA_EXTRINSIC_APOPTOTIC_SIGNALLING_PATHWAY,25,0.44,0.6,0.402,0.804
REACTOME_CASPASE_MEDIATED_CLEAVAGE_OF_CYTOSKELETAL_PROTEINS,12,0.5,0.628,0.622,1.0
REACTOME_CA_DEPENDENT_EVENTS,37,0.4594594594594595,0.638,0.364,0.728
REACTOME_CD209_DC_SIGN_SIGNALING,21,0.42857142857142855,0.764,0.238,0.476
REACTOME_CD22_MEDIATED_BCR_REGULATION,22,0.3181818181818182,0.808,0.194,0.388
REACTOME_CD28_CO_STIMULATION,33,0.45454545454545453,0.722,0.28,0.56
REACTOME_CD28_DEPENDENT_PI3K_AKT_SIGNALING,22,0.5,0.58,0.566,1.0
REACTOME_CD28_DEPENDENT_VAV1_PATHWAY,12,0.4166666666666667,0.568,0.434,0.868
REACTOME_CDC42_GTPASE_CYCLE,150,0.4066666666666667,0.93,0.072,0.144
REACTOME_CELLULAR_HEXOSE_TRANSPORT,19,0.5263157894736842,0.506,0.496,0.992
REACTOME_CELLULAR_RESPONSES_TO_STIMULI,715,0.5188811188811189,0.454,0.548,0.908
REACTOME_CELLULAR_RESPONSE_TO_CHEMICAL_STRESS,194,0.5412371134020618,0.43,0.572,0.86
REACTOME_CELLULAR_RESPONSE_TO_HEAT_STRESS,98,0.5204081632653061,0.332,0.67,0.664
REACTOME_CELLULAR_RESPONSE_TO_HYPOXIA,70,0.5142857142857142,0.512,0.49,0.98
REACTOME_CELLULAR_RESPONSE_TO_STARVATION,107,0.5607476635514018,0.442,0.56,0.884
REACTOME_CELLULAR_SENESCENCE,165,0.4666666666666667,0.696,0.306,0.612
REACTOME_CELL_CELL_COMMUNICATION,149,0.436241610738255,0.85,0.138,0.276
REACTOME_CELL_CELL_JUNCTION_ORGANIZATION,86,0.45348837209302323,0.762,0.292,0.584
REACTOME_CELL_CYCLE,640,0.459375,0.72,0.276,0.552
REACTOME_CELL_CYCLE_CHECKPOINTS,266,0.462406015037594,0.684,0.31,0.62
REACTOME_CELL_CYCLE_MITOTIC,511,0.48336594911937375,0.606,0.396,0.792
REACTOME_CELL_DEATH_SIGNALLING_VIA_NRAGE_NRIF_AND_NADE,73,0.4246575342465753,0.802,0.2,0.4
REACTOME_CELL_EXTRACELLULAR_MATRIX_INTERACTIONS,17,0.47058823529411764,0.624,0.488,0.976
REACTOME_CELL_JUNCTION_ORGANIZATION,112,0.42857142857142855,0.882,0.12,0.24
REACTOME_CELL_SURFACE_INTERACTIONS_AT_THE_VASCULAR_WALL,149,0.48322147651006714,0.56,0.442,0.884
REACTOME_CGMP_EFFECTS,15,0.13333333333333333,1.0,0.014,0.028
REACTOME_CHAPERONE_MEDIATED_AUTOPHAGY,22,0.7272727272727273,0.064,0.938,0.128
REACTOME_CHEMOKINE_RECEPTORS_BIND_CHEMOKINES,53,0.5849056603773585,0.248,0.754,0.496
REACTOME_CHK1_CHK2_CDS1_MEDIATED_INACTIVATION_OF_CYCLIN_B_CDK1_COMPLEX,11,0.7272727272727273,0.11,0.892,0.22
REACTOME_CHOLESTEROL_BIOSYNTHESIS,26,0.07692307692307693,0.982,0.038,0.076
REACTOME_CHONDROITIN_SULFATE_BIOSYNTHESIS,20,0.25,0.966,0.084,0.168
REACTOME_CHONDROITIN_SULFATE_DERMATAN_SULFATE_METABOLISM,49,0.2653061224489796,0.984,0.018,0.036
REACTOME_CHROMATIN_MODIFICATIONS_DURING_THE_MATERNAL_TO_ZYGOTIC_TRANSITION_MZT,43,0.5348837209302325,0.438,0.564,0.876
REACTOME_CHROMATIN_MODIFYING_ENZYMES,239,0.45188284518828453,0.796,0.206,0.412
REACTOME_CHROMOSOME_MAINTENANCE,118,0.4406779661016949,0.73,0.272,0.544
REACTOME_CHYLOMICRON_ASSEMBLY,9,0.4444444444444444,0.73,0.504,1.0
REACTOME_CHYLOMICRON_REMODELING,9,0.3333333333333333,0.87,0.132,0.264
REACTOME_CILIUM_ASSEMBLY,191,0.43455497382198954,0.816,0.186,0.372
REACTOME_CIRCADIAN_CLOCK,70,0.4142857142857143,0.89,0.112,0.224
REACTOME_CITRIC_ACID_CYCLE_TCA_CYCLE,32,0.375,0.774,0.284,0.568
REACTOME_CLASS_A_1_RHODOPSIN_LIKE_RECEPTORS,310,0.47096774193548385,0.596,0.396,0.792
REACTOME_CLASS_B_2_SECRETIN_FAMILY_RECEPTORS,91,0.4175824175824176,0.818,0.226,0.452
REACTOME_CLASS_C_3_METABOTROPIC_GLUTAMATE_PHEROMONE_RECEPTORS,31,0.45161290322580644,0.624,0.378,0.756
REACTOME_CLASS_I_MHC_MEDIATED_ANTIGEN_PROCESSING_PRESENTATION,360,0.49722222222222223,0.514,0.488,0.976
REACTOME_CLASS_I_PEROXISOMAL_MEMBRANE_PROTEIN_IMPORT,20,0.55,0.474,0.528,0.948
REACTOME_CLATHRIN_MEDIATED_ENDOCYTOSIS,142,0.4788732394366197,0.604,0.398,0.796
REACTOME_CLEC7A_DECTIN_1_INDUCES_NFAT_ACTIVATION,11,0.45454545454545453,0.712,0.29,0.58
REACTOME_CLEC7A_DECTIN_1_SIGNALING,94,0.5425531914893617,0.44,0.562,0.88
REACTOME_COBALAMIN_CBL_VITAMIN_B12_TRANSPORT_AND_METABOLISM,21,0.42857142857142855,0.77,0.232,0.464
REACTOME_COHESIN_LOADING_ONTO_CHROMATIN,10,0.4,0.828,0.376,0.752
REACTOME_COLLAGEN_BIOSYNTHESIS_AND_MODIFYING_ENZYMES,66,0.3333333333333333,0.888,0.114,0.228
REACTOME_COLLAGEN_CHAIN_TRIMERIZATION,43,0.32558139534883723,0.892,0.11,0.22
REACTOME_COLLAGEN_DEGRADATION,62,0.4838709677419355,0.536,0.418,0.836
REACTOME_COLLAGEN_FORMATION,89,0.3707865168539326,0.846,0.156,0.312
REACTOME_COMMON_PATHWAY_OF_FIBRIN_CLOT_FORMATION,22,0.3181818181818182,0.87,0.132,0.264
REACTOME_COMPLEMENT_CASCADE,67,0.373134328358209,0.88,0.122,0.244
REACTOME_COMPLEX_III_ASSEMBLY,22,0.5909090909090909,0.274,0.728,0.548
REACTOME_COMPLEX_IV_ASSEMBLY,41,0.4634146341463415,0.578,0.424,0.848
REACTOME_COMPLEX_I_BIOGENESIS,59,0.4067796610169492,0.638,0.364,0.728
REACTOME_CONDENSATION_OF_PROMETAPHASE_CHROMOSOMES,11,0.6363636363636364,0.168,0.834,0.336
REACTOME_CONDENSATION_OF_PROPHASE_CHROMOSOMES,48,0.5625,0.406,0.626,0.812
REACTOME_CONSTITUTIVE_SIGNALING_BY_ABERRANT_PI3K_IN_CANCER,80,0.5375,0.332,0.67,0.664
REACTOME_CONSTITUTIVE_SIGNALING_BY_AKT1_E17K_IN_CANCER,25,0.44,0.646,0.356,0.712
REACTOME_CONSTITUTIVE_SIGNALING_BY_EGFRVIII,15,0.6,0.384,0.618,0.768
REACTOME_CONSTITUTIVE_SIGNALING_BY_LIGAND_RESPONSIVE_EGFR_CANCER_VARIANTS,19,0.631578947368421,0.172,0.83,0.344
REACTOME_CONSTITUTIVE_SIGNALING_BY_OVEREXPRESSED_ERBB2,11,0.45454545454545453,0.648,0.354,0.708
REACTOME_CONVERSION_FROM_APC_C_CDC20_TO_APC_C_CDH1_IN_LATE_ANAPHASE,17,0.35294117647058826,0.934,0.15,0.3
REACTOME_COOPERATION_OF_PDCL_PHLP1_AND_TRIC_CCT_IN_G_PROTEIN_BETA_FOLDING,36,0.5555555555555556,0.418,0.584,0.836
REACTOME_COOPERATION_OF_PREFOLDIN_AND_TRIC_CCT_IN_ACTIN_AND_TUBULIN_FOLDING,31,0.6774193548387096,0.25,0.752,0.5
REACTOME_COPII_MEDIATED_VESICLE_TRANSPORT,68,0.6323529411764706,0.22,0.782,0.44
REACTOME_COPI_DEPENDENT_GOLGI_TO_ER_RETROGRADE_TRAFFIC,93,0.5913978494623656,0.276,0.726,0.552
REACTOME_COPI_INDEPENDENT_GOLGI_TO_ER_RETROGRADE_TRAFFIC,47,0.5957446808510638,0.25,0.752,0.5
REACTOME_COPI_MEDIATED_ANTEROGRADE_TRANSPORT,95,0.5684210526315789,0.386,0.616,0.772
REACTOME_COSTIMULATION_BY_THE_CD28_FAMILY,64,0.46875,0.714,0.364,0.728
REACTOME_CREATINE_METABOLISM,9,0.4444444444444444,0.704,0.532,1.0
REACTOME_CREATION_OF_C4_AND_C2_ACTIVATORS,29,0.3103448275862069,0.826,0.176,0.352
REACTOME_CREB1_PHOSPHORYLATION_THROUGH_NMDA_RECEPTOR_MEDIATED_ACTIVATION_OF_RAS_SIGNALING,27,0.37037037037037035,0.83,0.088,0.176
REACTOME_CREB1_PHOSPHORYLATION_THROUGH_THE_ACTIVATION_OF_ADENYLATE_CYCLASE,12,0.5833333333333334,0.214,0.788,0.428
REACTOME_CRISTAE_FORMATION,27,0.37037037037037035,0.686,0.252,0.504
REACTOME_CRMPS_IN_SEMA3A_SIGNALING,16,0.3125,0.896,0.198,0.396
REACTOME_CROSSLINKING_OF_COLLAGEN_FIBRILS,18,0.4444444444444444,0.802,0.402,0.804
REACTOME_CROSS_PRESENTATION_OF_SOLUBLE_EXOGENOUS_ANTIGENS_ENDOSOMES,43,0.4883720930232558,0.502,0.5,1.0
REACTOME_CS_DS_DEGRADATION,14,0.14285714285714285,0.986,0.084,0.168
REACTOME_CTLA4_INHIBITORY_SIGNALING,20,0.45,0.578,0.424,0.848
REACTOME_CYCLIN_A_B1_B2_ASSOCIATED_EVENTS_DURING_G2_M_TRANSITION,25,0.56,0.35,0.652,0.7
REACTOME_CYCLIN_A_CDK2_ASSOCIATED_EVENTS_AT_S_PHASE_ENTRY,81,0.6049382716049383,0.376,0.626,0.752
REACTOME_CYCLIN_D_ASSOCIATED_EVENTS_IN_G1,46,0.6521739130434783,0.138,0.864,0.276
REACTOME_CYP2E1_REACTIONS,9,0.6666666666666666,0.316,0.686,0.632
REACTOME_CYTOCHROME_C_MEDIATED_APOPTOTIC_RESPONSE,12,0.5833333333333334,0.146,0.856,0.292
REACTOME_CYTOCHROME_P450_ARRANGED_BY_SUBSTRATE_TYPE,59,0.5423728813559322,0.36,0.642,0.72
REACTOME_CYTOKINE_SIGNALING_IN_IMMUNE_SYSTEM,730,0.5260273972602739,0.334,0.668,0.668
REACTOME_CYTOPROTECTION_BY_HMOX1,53,0.4339622641509434,0.64,0.362,0.724
REACTOME_CYTOSOLIC_IRON_SULFUR_CLUSTER_ASSEMBLY,13,0.3076923076923077,0.85,0.24,0.48
REACTOME_CYTOSOLIC_SENSORS_OF_PATHOGEN_ASSOCIATED_DNA,62,0.43548387096774194,0.722,0.28,0.56
REACTOME_CYTOSOLIC_SULFONATION_OF_SMALL_MOLECULES,21,0.42857142857142855,0.836,0.166,0.332
REACTOME_CYTOSOLIC_TRNA_AMINOACYLATION,24,0.3333333333333333,0.796,0.206,0.412
REACTOME_C_TYPE_LECTIN_RECEPTORS_CLRS,132,0.49242424242424243,0.532,0.47,0.94
REACTOME_DAG_AND_IP3_SIGNALING,41,0.43902439024390244,0.71,0.292,0.584
REACTOME_DAP12_INTERACTIONS,35,0.4,0.884,0.178,0.356
REACTOME_DAP12_SIGNALING,27,0.4074074074074074,0.758,0.244,0.488
REACTOME_DARPP_32_EVENTS,24,0.5833333333333334,0.232,0.77,0.464
REACTOME_DCC_MEDIATED_ATTRACTIVE_SIGNALING,14,0.6428571428571429,0.106,0.896,0.212
REACTOME_DDX58_IFIH1_MEDIATED_INDUCTION_OF_INTERFERON_ALPHA_BETA,75,0.5733333333333334,0.178,0.824,0.356
REACTOME_DEACTIVATION_OF_THE_BETA_CATENIN_TRANSACTIVATING_COMPLEX,41,0.36585365853658536,0.956,0.046,0.092
REACTOME_DEADENYLATION_DEPENDENT_MRNA_DECAY,52,0.46153846153846156,0.642,0.394,0.788
REACTOME_DEADENYLATION_OF_MRNA,21,0.2857142857142857,0.968,0.066,0.132
REACTOME_DEATH_RECEPTOR_SIGNALING,150,0.4866666666666667,0.626,0.376,0.752
REACTOME_DECTIN_1_MEDIATED_NONCANONICAL_NF_KB_SIGNALING,58,0.5517241379310345,0.446,0.556,0.892
REACTOME_DECTIN_2_FAMILY,24,0.4166666666666667,0.676,0.326,0.652
REACTOME_DEFECTIVE_B4GALT7_CAUSES_EDS_PROGEROID_TYPE,20,0.25,0.968,0.058,0.116
REACTOME_DEFECTIVE_C1GALT1C1_CAUSES_TNPS,16,0.375,0.826,0.294,0.588
REACTOME_DEFECTIVE_CFTR_CAUSES_CYSTIC_FIBROSIS,55,0.5454545454545454,0.474,0.528,0.948
REACTOME_DEFECTIVE_EXT2_CAUSES_EXOSTOSES_2,14,0.2857142857142857,0.968,0.124,0.248
REACTOME_DEFECTIVE_GALNT3_CAUSES_HFTC,15,0.4,0.772,0.334,0.668
REACTOME_DEFECTIVE_INTRINSIC_PATHWAY_FOR_APOPTOSIS,25,0.48,0.508,0.34,0.68
REACTOME_DEFECTS_IN_COBALAMIN_B12_METABOLISM,14,0.35714285714285715,0.936,0.066,0.132
REACTOME_DEFECTS_IN_VITAMIN_AND_COFACTOR_METABOLISM,22,0.22727272727272727,0.988,0.014,0.028
REACTOME_DEFECTS_OF_CONTACT_ACTIVATION_SYSTEM_CAS_AND_KALLIKREIN_KININ_SYSTEM_KKS,15,0.3333333333333333,0.974,0.028,0.056
REACTOME_DEFENSINS,21,0.42857142857142855,0.77,0.232,0.464
REACTOME_DEGRADATION_OF_AXIN,51,0.49019607843137253,0.528,0.474,0.948
REACTOME_DEGRADATION_OF_BETA_CATENIN_BY_THE_DESTRUCTION_COMPLEX,80,0.45,0.572,0.43,0.86
REACTOME_DEGRADATION_OF_CYSTEINE_AND_HOMOCYSTEINE,14,0.21428571428571427,0.988,0.014,0.028
REACTOME_DEGRADATION_OF_DVL,53,0.5094339622641509,0.506,0.496,0.992
REACTOME_DEGRADATION_OF_GLI1_BY_THE_PROTEASOME,56,0.5357142857142857,0.462,0.54,0.924
REACTOME_DEGRADATION_OF_THE_EXTRACELLULAR_MATRIX,136,0.47058823529411764,0.698,0.354,0.708
REACTOME_DEPOLYMERIZATION_OF_THE_NUCLEAR_LAMINA,15,0.26666666666666666,0.992,0.05,0.1
REACTOME_DEPOSITION_OF_NEW_CENPA_CONTAINING_NUCLEOSOMES_AT_THE_CENTROMERE,53,0.5471698113207547,0.382,0.62,0.764
REACTOME_DERMATAN_SULFATE_BIOSYNTHESIS,11,0.36363636363636365,0.87,0.132,0.264
REACTOME_DETOXIFICATION_OF_REACTIVE_OXYGEN_SPECIES,34,0.6470588235294118,0.23,0.772,0.46
REACTOME_DEUBIQUITINATION,249,0.4738955823293173,0.624,0.378,0.756
REACTOME_DEVELOPMENTAL_BIOLOGY,1221,0.447993447993448,0.86,0.142,0.284
REACTOME_DIFFERENTIATION_OF_KERATINOCYTES_IN_INTERFOLLICULAR_EPIDERMIS_IN_MAMMALIAN_SKIN,35,0.6,0.266,0.736,0.532
REACTOME_DIGESTION,19,0.47368421052631576,0.646,0.528,1.0
REACTOME_DIGESTION_AND_ABSORPTION,23,0.43478260869565216,0.608,0.246,0.492
REACTOME_DIGESTION_OF_DIETARY_CARBOHYDRATE,7,0.7142857142857143,0.234,0.768,0.468
REACTOME_DISASSEMBLY_OF_THE_DESTRUCTION_COMPLEX_AND_RECRUITMENT_OF_AXIN_TO_THE_MEMBRANE,29,0.3793103448275862,0.814,0.1,0.2
REACTOME_DISEASES_ASSOCIATED_WITH_GLYCOSAMINOGLYCAN_METABOLISM,41,0.1951219512195122,0.986,0.016,0.032
REACTOME_DISEASES_ASSOCIATED_WITH_GLYCOSYLATION_PRECURSOR_BIOSYNTHESIS,14,0.42857142857142855,0.724,0.278,0.556
REACTOME_DISEASES_ASSOCIATED_WITH_N_GLYCOSYLATION_OF_PROTEINS,19,0.5263157894736842,0.518,0.484,0.968
REACTOME_DISEASES_ASSOCIATED_WITH_O_GLYCOSYLATION_OF_PROTEINS,64,0.375,0.91,0.124,0.248
REACTOME_DISEASES_ASSOCIATED_WITH_SURFACTANT_METABOLISM,9,0.2222222222222222,0.97,0.136,0.272
REACTOME_DISEASES_OF_CARBOHYDRATE_METABOLISM,33,0.3939393939393939,0.812,0.244,0.488
REACTOME_DISEASES_OF_DNA_REPAIR,50,0.34,0.938,0.064,0.128
REACTOME_DISEASES_OF_GLYCOSYLATION,137,0.35036496350364965,0.966,0.036,0.072
REACTOME_DISEASES_OF_HEMOSTASIS,18,0.3333333333333333,0.952,0.05,0.1
REACTOME_DISEASES_OF_IMMUNE_SYSTEM,31,0.45161290322580644,0.64,0.362,0.724
REACTOME_DISEASES_OF_METABOLISM,237,0.3333333333333333,0.988,0.014,0.028
REACTOME_DISEASES_OF_MITOTIC_CELL_CYCLE,35,0.5428571428571428,0.412,0.59,0.824
REACTOME_DISEASES_OF_PROGRAMMED_CELL_DEATH,79,0.5443037974683544,0.334,0.668,0.668
REACTOME_DISEASES_OF_SIGNAL_TRANSDUCTION_BY_GROWTH_FACTOR_RECEPTORS_AND_SECOND_MESSENGERS,449,0.47438752783964366,0.632,0.37,0.74
REACTOME_DISORDERS_OF_TRANSMEMBRANE_TRANSPORTERS,167,0.5089820359281437,0.51,0.492,0.984
REACTOME_DISSOLUTION_OF_FIBRIN_CLOT,13,0.5384615384615384,0.52,0.482,0.964
REACTOME_DNA_DAMAGE_BYPASS,48,0.5833333333333334,0.206,0.796,0.412
REACTOME_DNA_DAMAGE_RECOGNITION_IN_GG_NER,37,0.4864864864864865,0.574,0.428,0.856
REACTOME_DNA_DAMAGE_TELOMERE_STRESS_INDUCED_SENESCENCE,61,0.4426229508196721,0.606,0.396,0.792
REACTOME_DNA_DOUBLE_STRAND_BREAK_REPAIR,153,0.45098039215686275,0.8,0.202,0.404
REACTOME_DNA_DOUBLE_STRAND_BREAK_RESPONSE,66,0.45454545454545453,0.678,0.324,0.648
REACTOME_DNA_METHYLATION,38,0.5789473684210527,0.382,0.62,0.764
REACTOME_DNA_REPAIR,301,0.43853820598006643,0.8,0.202,0.404
REACTOME_DNA_REPLICATION,155,0.5032258064516129,0.48,0.522,0.96
REACTOME_DNA_REPLICATION_PRE_INITIATION,128,0.5,0.516,0.502,1.0
REACTOME_DNA_STRAND_ELONGATION,32,0.34375,0.864,0.204,0.408
REACTOME_DOPAMINE_NEUROTRANSMITTER_RELEASE_CYCLE,23,0.43478260869565216,0.648,0.216,0.432
REACTOME_DOWNREGULATION_OF_ERBB2_ERBB3_SIGNALING,13,0.38461538461538464,0.818,0.184,0.368
REACTOME_DOWNREGULATION_OF_ERBB2_SIGNALING,29,0.5517241379310345,0.182,0.82,0.364
REACTOME_DOWNREGULATION_OF_SMAD2_3_SMAD4_TRANSCRIPTIONAL_ACTIVITY,31,0.45161290322580644,0.618,0.384,0.768
REACTOME_DOWNREGULATION_OF_TGF_BETA_RECEPTOR_SIGNALING,26,0.5384615384615384,0.398,0.604,0.796
REACTOME_DOWNSTREAM_SIGNALING_EVENTS_OF_B_CELL_RECEPTOR_BCR,76,0.5526315789473685,0.43,0.572,0.86
REACTOME_DOWNSTREAM_SIGNALING_OF_ACTIVATED_FGFR1,31,0.5161290322580645,0.404,0.598,0.808
REACTOME_DOWNSTREAM_SIGNALING_OF_ACTIVATED_FGFR2,30,0.4666666666666667,0.668,0.334,0.668
REACTOME_DOWNSTREAM_SIGNALING_OF_ACTIVATED_FGFR3,25,0.36,0.89,0.112,0.224
REACTOME_DOWNSTREAM_SIGNALING_OF_ACTIVATED_FGFR4,27,0.4444444444444444,0.712,0.412,0.824
REACTOME_DOWNSTREAM_SIGNAL_TRANSDUCTION,29,0.5862068965517241,0.29,0.712,0.58
REACTOME_DRUG_ADME,81,0.43209876543209874,0.846,0.204,0.408
REACTOME_DUAL_INCISION_IN_GG_NER,38,0.47368421052631576,0.63,0.434,0.868
REACTOME_DUAL_INCISION_IN_TC_NER,59,0.4745762711864407,0.572,0.43,0.86
REACTOME_E2F_MEDIATED_REGULATION_OF_DNA_REPLICATION,22,0.45454545454545453,0.746,0.256,0.512
REACTOME_E3_UBIQUITIN_LIGASES_UBIQUITINATE_TARGET_PROTEINS,55,0.5636363636363636,0.246,0.756,0.492
REACTOME_EARLY_PHASE_OF_HIV_LIFE_CYCLE,13,0.5384615384615384,0.526,0.476,0.952
REACTOME_EARLY_SARS_COV_2_INFECTION_EVENTS,35,0.37142857142857144,0.912,0.09,0.18
REACTOME_ECM_PROTEOGLYCANS,75,0.32,0.954,0.048,0.096
REACTOME_EFFECTS_OF_PIP2_HYDROLYSIS,26,0.2692307692307692,0.952,0.05,0.1
REACTOME_EGFR_DOWNREGULATION,29,0.5517241379310345,0.236,0.766,0.472
REACTOME_EGR2_AND_SOX10_MEDIATED_INITIATION_OF_SCHWANN_CELL_MYELINATION,29,0.3448275862068966,0.97,0.032,0.064
REACTOME_EICOSANOIDS,10,0.5,0.608,0.6,1.0
REACTOME_EICOSANOID_LIGAND_BINDING_RECEPTORS,15,0.3333333333333333,0.908,0.094,0.188
REACTOME_ELASTIC_FIBRE_FORMATION,43,0.4186046511627907,0.73,0.272,0.544
REACTOME_ELEVATION_OF_CYTOSOLIC_CA2_LEVELS,16,0.3125,0.93,0.162,0.324
REACTOME_ENDOGENOUS_STEROLS,25,0.4,0.862,0.224,0.448
REACTOME_ENDOSOMAL_SORTING_COMPLEX_REQUIRED_FOR_TRANSPORT_ESCRT,30,0.4,0.722,0.324,0.648
REACTOME_ENDOSOMAL_VACUOLAR_PATHWAY,11,0.6363636363636364,0.198,0.804,0.396
REACTOME_ENERGY_DEPENDENT_REGULATION_OF_MTOR_BY_LKB1_AMPK,28,0.39285714285714285,0.678,0.324,0.648
REACTOME_ENOS_ACTIVATION,10,0.6,0.384,0.618,0.768
REACTOME_EPHA_MEDIATED_GROWTH_CONE_COLLAPSE,29,0.6206896551724138,0.132,0.87,0.264
REACTOME_EPHB_MEDIATED_FORWARD_SIGNALING,41,0.6097560975609756,0.274,0.728,0.548
REACTOME_EPHRIN_SIGNALING,19,0.47368421052631576,0.678,0.486,0.972
REACTOME_EPH_EPHRIN_MEDIATED_REPULSION_OF_CELLS,51,0.47058823529411764,0.65,0.416,0.832
REACTOME_EPH_EPHRIN_SIGNALING,91,0.5164835164835165,0.502,0.5,1.0
REACTOME_EPIGENETIC_REGULATION_OF_GENE_EXPRESSION,219,0.4657534246575342,0.758,0.244,0.488
REACTOME_ERBB2_ACTIVATES_PTK6_SIGNALING,13,0.5384615384615384,0.486,0.516,0.972
REACTOME_ERBB2_REGULATES_CELL_MOTILITY,14,0.5,0.608,0.656,1.0
REACTOME_ERCC6_CSB_AND_EHMT2_G9A_POSITIVELY_REGULATE_RRNA_EXPRESSION,50,0.6,0.33,0.672,0.66
REACTOME_ERKS_ARE_INACTIVATED,13,0.3076923076923077,0.896,0.202,0.404
REACTOME_ERK_MAPK_TARGETS,22,0.2727272727272727,0.972,0.068,0.136
REACTOME_ERYTHROCYTES_TAKE_UP_CARBON_DIOXIDE_AND_RELEASE_OXYGEN,11,0.6363636363636364,0.15,0.852,0.3
REACTOME_ERYTHROPOIETIN_ACTIVATES_PHOSPHOINOSITIDE_3_KINASE_PI3K,12,0.4166666666666667,0.598,0.404,0.808
REACTOME_ERYTHROPOIETIN_ACTIVATES_RAS,14,0.2857142857142857,0.956,0.15,0.3
REACTOME_ER_QUALITY_CONTROL_COMPARTMENT_ERQC,19,0.631578947368421,0.296,0.706,0.592
REACTOME_ER_TO_GOLGI_ANTEROGRADE_TRANSPORT,148,0.581081081081081,0.338,0.664,0.676
REACTOME_ESR_MEDIATED_SIGNALING,191,0.5340314136125655,0.296,0.706,0.592
REACTOME_ESTABLISHMENT_OF_SISTER_CHROMATID_COHESION,11,0.5454545454545454,0.51,0.492,0.984
REACTOME_ESTROGEN_DEPENDENT_GENE_EXPRESSION,124,0.5241935483870968,0.342,0.66,0.684
REACTOME_ESTROGEN_DEPENDENT_NUCLEAR_EVENTS_DOWNSTREAM_OF_ESR_MEMBRANE_SIGNALING,22,0.5,0.594,0.57,1.0
REACTOME_ETHANOL_OXIDATION,12,0.25,0.952,0.134,0.268
REACTOME_EUKARYOTIC_TRANSLATION_ELONGATION,44,0.6363636363636364,0.41,0.592,0.82
REACTOME_EUKARYOTIC_TRANSLATION_INITIATION,66,0.5909090909090909,0.44,0.562,0.88
REACTOME_EVASION_BY_RSV_OF_HOST_INTERFERON_RESPONSES,30,0.6333333333333333,0.106,0.896,0.212
REACTOME_EXPORT_OF_VIRAL_RIBONUCLEOPROTEINS_FROM_NUCLEUS,30,0.5,0.54,0.56,1.0
REACTOME_EXTENSION_OF_TELOMERES,50,0.34,0.884,0.118,0.236
REACTOME_EXTRACELLULAR_MATRIX_ORGANIZATION,294,0.43537414965986393,0.822,0.18,0.36
REACTOME_EXTRA_NUCLEAR_ESTROGEN_SIGNALING,71,0.5633802816901409,0.21,0.792,0.42
REACTOME_FACTORS_INVOLVED_IN_MEGAKARYOCYTE_DEVELOPMENT_AND_PLATELET_PRODUCTION,149,0.5704697986577181,0.086,0.916,0.172
REACTOME_FANCONI_ANEMIA_PATHWAY,36,0.3333333333333333,0.954,0.048,0.096
REACTOME_FATTY_ACIDS,11,0.6363636363636364,0.236,0.766,0.472
REACTOME_FATTY_ACID_METABOLISM,160,0.3625,0.982,0.02,0.04
REACTOME_FATTY_ACYL_COA_BIOSYNTHESIS,33,0.24242424242424243,0.982,0.02,0.04
REACTOME_FCERI_MEDIATED_CA_2_MOBILIZATION,47,0.40425531914893614,0.844,0.158,0.316
REACTOME_FCERI_MEDIATED_MAPK_ACTIVATION,48,0.2708333333333333,0.976,0.026,0.052
REACTOME_FCERI_MEDIATED_NF_KB_ACTIVATION,91,0.5054945054945055,0.522,0.48,0.96
REACTOME_FCGAMMA_RECEPTOR_FCGR_DEPENDENT_PHAGOCYTOSIS,97,0.4536082474226804,0.706,0.254,0.508
REACTOME_FCGR3A_MEDIATED_IL10_SYNTHESIS,50,0.46,0.712,0.29,0.58
REACTOME_FCGR_ACTIVATION,24,0.4166666666666667,0.66,0.342,0.684
REACTOME_FC_EPSILON_RECEPTOR_FCERI_SIGNALING,141,0.45390070921985815,0.62,0.382,0.764
REACTOME_FERTILIZATION,22,0.36363636363636365,0.864,0.138,0.276
REACTOME_FGFR1C_LIGAND_BINDING_AND_ACTIVATION,14,0.2857142857142857,0.942,0.17,0.34
REACTOME_FGFR1_LIGAND_BINDING_AND_ACTIVATION,18,0.3888888888888889,0.786,0.216,0.432
REACTOME_FGFR1_MUTANT_RECEPTOR_ACTIVATION,30,0.4,0.954,0.142,0.284
REACTOME_FGFR2B_LIGAND_BINDING_AND_ACTIVATION,10,0.5,0.606,0.642,1.0
REACTOME_FGFR2C_LIGAND_BINDING_AND_ACTIVATION,13,0.3076923076923077,0.892,0.208,0.416
REACTOME_FGFR2_ALTERNATIVE_SPLICING,27,0.4444444444444444,0.634,0.434,0.868
REACTOME_FGFR2_LIGAND_BINDING_AND_ACTIVATION,20,0.4,0.786,0.322,0.644
REACTOME_FGFR2_MUTANT_RECEPTOR_ACTIVATION,33,0.5151515151515151,0.402,0.6,0.804
REACTOME_FGFR3_LIGAND_BINDING_AND_ACTIVATION,13,0.3076923076923077,0.89,0.21,0.42
REACTOME_FGFRL1_MODULATION_OF_FGFR1_SIGNALING,13,0.38461538461538464,0.814,0.188,0.376
REACTOME_FLT3_SIGNALING,38,0.6052631578947368,0.22,0.782,0.44
REACTOME_FLT3_SIGNALING_IN_DISEASE,27,0.48148148148148145,0.606,0.396,0.792
REACTOME_FOLDING_OF_ACTIN_BY_CCT_TRIC,10,0.7,0.244,0.758,0.488
REACTOME_FORMATION_OF_APOPTOSOME,10,0.5,0.682,0.648,1.0
REACTOME_FORMATION_OF_ATP_BY_CHEMIOSMOTIC_COUPLING,15,0.4,0.7,0.38,0.76
REACTOME_FORMATION_OF_AXIAL_MESODERM,13,0.46153846153846156,0.736,0.508,1.0
REACTOME_FORMATION_OF_DEFINITIVE_ENDODERM,17,0.6470588235294118,0.228,0.774,0.456
REACTOME_FORMATION_OF_FIBRIN_CLOT_CLOTTING_CASCADE,38,0.34210526315789475,0.958,0.044,0.088
REACTOME_FORMATION_OF_INCISION_COMPLEX_IN_GG_NER,39,0.5128205128205128,0.506,0.496,0.992
REACTOME_FORMATION_OF_PARAXIAL_MESODERM,64,0.484375,0.542,0.476,0.952
REACTOME_FORMATION_OF_RNA_POL_II_ELONGATION_COMPLEX,55,0.4727272727272727,0.57,0.394,0.788
REACTOME_FORMATION_OF_SENESCENCE_ASSOCIATED_HETEROCHROMATIN_FOCI_SAHF,17,0.29411764705882354,0.948,0.054,0.108
REACTOME_FORMATION_OF_TC_NER_PRE_INCISION_COMPLEX,48,0.5208333333333334,0.468,0.534,0.936
REACTOME_FORMATION_OF_THE_ANTERIOR_NEURAL_PLATE,9,0.2222222222222222,0.976,0.136,0.272
REACTOME_FORMATION_OF_THE_BETA_CATENIN_TCF_TRANSACTIVATING_COMPLEX,65,0.4461538461538462,0.596,0.406,0.812
REACTOME_FORMATION_OF_THE_CORNIFIED_ENVELOPE,99,0.43434343434343436,0.694,0.26,0.52
REACTOME_FORMATION_OF_THE_EARLY_ELONGATION_COMPLEX,31,0.5483870967741935,0.47,0.532,0.94
REACTOME_FORMATION_OF_THE_NEPHRIC_DUCT,18,0.3888888888888889,0.822,0.18,0.36
REACTOME_FORMATION_OF_THE_POSTERIOR_NEURAL_PLATE,9,0.3333333333333333,0.912,0.09,0.18
REACTOME_FORMATION_OF_THE_URETERIC_BUD,20,0.35,0.908,0.028,0.056
REACTOME_FORMATION_OF_TUBULIN_FOLDING_INTERMEDIATES_BY_CCT_TRIC,24,0.7083333333333334,0.114,0.888,0.228
REACTOME_FORMATION_OF_WDR5_CONTAINING_HISTONE_MODIFYING_COMPLEXES,42,0.21428571428571427,0.996,0.006,0.012
REACTOME_FOXO_MEDIATED_TRANSCRIPTION,64,0.421875,0.85,0.2,0.4
REACTOME_FOXO_MEDIATED_TRANSCRIPTION_OF_CELL_CYCLE_GENES,17,0.5294117647058824,0.538,0.464,0.928
REACTOME_FOXO_MEDIATED_TRANSCRIPTION_OF_CELL_DEATH_GENES,16,0.3125,0.962,0.122,0.244
REACTOME_FOXO_MEDIATED_TRANSCRIPTION_OF_OXIDATIVE_STRESS_METABOLIC_AND_NEURONAL_GENES,29,0.3793103448275862,0.868,0.064,0.128
REACTOME_FREE_FATTY_ACIDS_REGULATE_INSULIN_SECRETION,9,0.4444444444444444,0.75,0.496,0.992
REACTOME_FRS_MEDIATED_FGFR1_SIGNALING,23,0.391304347826087,0.662,0.224,0.448
REACTOME_FRS_MEDIATED_FGFR2_SIGNALING,25,0.4,0.796,0.304,0.608
REACTOME_FRS_MEDIATED_FGFR3_SIGNALING,20,0.25,0.96,0.076,0.152
REACTOME_FRS_MEDIATED_FGFR4_SIGNALING,22,0.36363636363636365,0.856,0.146,0.292
REACTOME_G0_AND_EARLY_G1,27,0.7407407407407407,0.02,0.982,0.04
REACTOME_G1_S_DNA_DAMAGE_CHECKPOINTS,63,0.5714285714285714,0.424,0.578,0.848
REACTOME_G1_S_SPECIFIC_TRANSCRIPTION,27,0.7407407407407407,0.016,0.986,0.032
REACTOME_G2_M_CHECKPOINTS,150,0.4666666666666667,0.648,0.354,0.708
REACTOME_G2_M_DNA_DAMAGE_CHECKPOINT,81,0.4567901234567901,0.666,0.336,0.672
REACTOME_GAB1_SIGNALOSOME,15,0.8,0.024,0.978,0.048
REACTOME_GABA_B_RECEPTOR_ACTIVATION,42,0.5476190476190477,0.24,0.762,0.48
REACTOME_GABA_RECEPTOR_ACTIVATION,59,0.5423728813559322,0.31,0.692,0.62
REACTOME_GABA_SYNTHESIS_RELEASE_REUPTAKE_AND_DEGRADATION,19,0.2631578947368421,0.998,0.004,0.008
REACTOME_GAMMA_CARBOXYLATION_HYPUSINYLATION_HYDROXYLATION_AND_ARYLSULFATASE_ACTIVATION,58,0.41379310344827586,0.856,0.194,0.388
REACTOME_GAMMA_CARBOXYLATION_TRANSPORT_AND_AMINO_TERMINAL_CLEAVAGE_OF_PROTEINS,10,0.2,0.968,0.086,0.172
REACTOME_GAP_FILLING_DNA_REPAIR_SYNTHESIS_AND_LIGATION_IN_GG_NER,25,0.48,0.518,0.398,0.796
REACTOME_GAP_JUNCTION_ASSEMBLY,32,0.5,0.554,0.526,1.0
REACTOME_GAP_JUNCTION_DEGRADATION,12,0.3333333333333333,0.842,0.16,0.32
REACTOME_GAP_JUNCTION_TRAFFICKING_AND_REGULATION,45,0.4444444444444444,0.694,0.368,0.736
REACTOME_GASTRIN_CREB_SIGNALLING_PATHWAY_VIA_PKC_AND_MAPK,18,0.2222222222222222,0.944,0.1,0.2
REACTOME_GASTRULATION,119,0.44537815126050423,0.71,0.292,0.584
REACTOME_GENERATION_OF_SECOND_MESSENGER_MOLECULES,30,0.5,0.524,0.58,1.0
REACTOME_GENE_AND_PROTEIN_EXPRESSION_BY_JAK_STAT_SIGNALING_AFTER_INTERLEUKIN_12_STIMULATION,30,0.6,0.298,0.704,0.596
REACTOME_GENE_SILENCING_BY_RNA,109,0.47706422018348627,0.614,0.388,0.776
REACTOME_GERM_LAYER_FORMATION_AT_GASTRULATION,14,0.5714285714285714,0.346,0.656,0.692
REACTOME_GLOBAL_GENOME_NUCLEOTIDE_EXCISION_REPAIR_GG_NER,79,0.4810126582278481,0.6,0.402,0.804
REACTOME_GLUCAGON_LIKE_PEPTIDE_1_GLP1_REGULATES_INSULIN_SECRETION,41,0.4878048780487805,0.608,0.394,0.788
REACTOME_GLUCAGON_SIGNALING_IN_METABOLIC_REGULATION,32,0.625,0.158,0.918,0.316
REACTOME_GLUCAGON_TYPE_LIGAND_RECEPTORS,32,0.46875,0.646,0.448,0.896
REACTOME_GLUCOCORTICOID_BIOSYNTHESIS,10,0.2,0.974,0.112,0.224
REACTOME_GLUCONEOGENESIS,24,0.4166666666666667,0.682,0.32,0.64
REACTOME_GLUCOSE_METABOLISM,81,0.4444444444444444,0.744,0.31,0.62
REACTOME_GLUCURONIDATION,11,0.2727272727272727,0.95,0.154,0.308
REACTOME_GLUTAMATE_AND_GLUTAMINE_METABOLISM,14,0.2857142857142857,0.96,0.106,0.212
REACTOME_GLUTAMATE_NEUROTRANSMITTER_RELEASE_CYCLE,24,0.375,0.92,0.156,0.312
REACTOME_GLUTATHIONE_CONJUGATION,29,0.3448275862068966,0.896,0.106,0.212
REACTOME_GLUTATHIONE_SYNTHESIS_AND_RECYCLING,11,0.5454545454545454,0.488,0.514,0.976
REACTOME_GLYCEROPHOSPHOLIPID_BIOSYNTHESIS,121,0.4049586776859504,0.942,0.06,0.12
REACTOME_GLYCOGEN_BREAKDOWN_GLYCOGENOLYSIS,14,0.5,0.57,0.592,1.0
REACTOME_GLYCOGEN_METABOLISM,24,0.5416666666666666,0.46,0.542,0.92
REACTOME_GLYCOGEN_STORAGE_DISEASES,15,0.5333333333333333,0.514,0.488,0.976
REACTOME_GLYCOGEN_SYNTHESIS,13,0.5384615384615384,0.508,0.494,0.988
REACTOME_GLYCOSAMINOGLYCAN_METABOLISM,124,0.28225806451612906,0.984,0.018,0.036
REACTOME_GLYCOSPHINGOLIPID_BIOSYNTHESIS,19,0.5263157894736842,0.522,0.48,0.96
REACTOME_GLYCOSPHINGOLIPID_CATABOLISM,35,0.3142857142857143,0.972,0.03,0.06
REACTOME_GLYCOSPHINGOLIPID_METABOLISM,54,0.3888888888888889,0.944,0.058,0.116
REACTOME_GLYOXYLATE_METABOLISM_AND_GLYCINE_DEGRADATION,18,0.3888888888888889,0.866,0.136,0.272
REACTOME_GOLGI_ASSOCIATED_VESICLE_BIOGENESIS,54,0.5370370370370371,0.404,0.598,0.808
REACTOME_GOLGI_CISTERNAE_PERICENTRIOLAR_STACK_REORGANIZATION,14,0.6428571428571429,0.122,0.88,0.244
REACTOME_GOLGI_TO_ER_RETROGRADE_TRANSPORT,125,0.576,0.312,0.69,0.624
REACTOME_GP1B_IX_V_ACTIVATION_SIGNALLING,11,0.6363636363636364,0.1,0.902,0.2
REACTOME_GPCR_LIGAND_BINDING,432,0.4583333333333333,0.662,0.34,0.68
REACTOME_GPER1_SIGNALING,43,0.5813953488372093,0.172,0.83,0.344
REACTOME_GPVI_MEDIATED_ACTIVATION_CASCADE,35,0.5428571428571428,0.424,0.578,0.848
REACTOME_GRB2_EVENTS_IN_ERBB2_SIGNALING,16,0.4375,0.788,0.396,0.792
REACTOME_GRB2_SOS_PROVIDES_LINKAGE_TO_MAPK_SIGNALING_FOR_INTEGRINS,14,0.42857142857142855,0.76,0.242,0.484
REACTOME_GROWTH_HORMONE_RECEPTOR_SIGNALING,24,0.375,0.932,0.146,0.292
REACTOME_G_ALPHA_12_13_SIGNALLING_EVENTS,76,0.40789473684210525,0.902,0.1,0.2
REACTOME_G_ALPHA_I_SIGNALLING_EVENTS,294,0.4489795918367347,0.716,0.272,0.544
REACTOME_G_ALPHA_Q_SIGNALLING_EVENTS,203,0.4039408866995074,0.93,0.06,0.12
REACTOME_G_ALPHA_S_SIGNALLING_EVENTS,150,0.44666666666666666,0.708,0.294,0.588
REACTOME_G_ALPHA_Z_SIGNALLING_EVENTS,47,0.5106382978723404,0.388,0.614,0.776
REACTOME_G_BETA_GAMMA_SIGNALLING_THROUGH_CDC42,19,0.631578947368421,0.102,0.9,0.204
REACTOME_G_BETA_GAMMA_SIGNALLING_THROUGH_PI3KGAMMA,24,0.5833333333333334,0.21,0.792,0.42
REACTOME_G_PROTEIN_ACTIVATION,22,0.5454545454545454,0.432,0.57,0.864
REACTOME_G_PROTEIN_BETA_GAMMA_SIGNALLING,31,0.5483870967741935,0.412,0.59,0.824
REACTOME_G_PROTEIN_MEDIATED_EVENTS,53,0.4339622641509434,0.758,0.244,0.488
REACTOME_HATS_ACETYLATE_HISTONES,112,0.4375,0.798,0.24,0.48
REACTOME_HCMV_EARLY_EVENTS,100,0.59,0.142,0.86,0.284
REACTOME_HCMV_INFECTION,123,0.5284552845528455,0.316,0.686,0.632
REACTOME_HCMV_LATE_EVENTS,84,0.4880952380952381,0.532,0.47,0.94
REACTOME_HDACS_DEACETYLATE_HISTONES,65,0.6153846153846154,0.248,0.754,0.496
REACTOME_HDL_REMODELING,9,0.5555555555555556,0.52,0.482,0.964
REACTOME_HDMS_DEMETHYLATE_HISTONES,38,0.5789473684210527,0.206,0.796,0.412
REACTOME_HDR_THROUGH_HOMOLOGOUS_RECOMBINATION_HRR,67,0.40298507462686567,0.87,0.094,0.188
REACTOME_HDR_THROUGH_MMEJ_ALT_NHEJ,12,0.5,0.636,0.616,1.0
REACTOME_HDR_THROUGH_SINGLE_STRAND_ANNEALING_SSA,37,0.2972972972972973,0.986,0.016,0.032
REACTOME_HEDGEHOG_LIGAND_BIOGENESIS,61,0.5245901639344263,0.464,0.538,0.928
REACTOME_HEDGEHOG_OFF_STATE,107,0.48598130841121495,0.54,0.462,0.924
REACTOME_HEDGEHOG_ON_STATE,82,0.4634146341463415,0.576,0.426,0.852
REACTOME_HEME_BIOSYNTHESIS,14,0.42857142857142855,0.78,0.222,0.444
REACTOME_HEME_DEGRADATION,13,0.5384615384615384,0.54,0.462,0.924
REACTOME_HEME_SIGNALING,47,0.40425531914893614,0.872,0.13,0.26
REACTOME_HEMOSTASIS,600,0.485,0.656,0.346,0.692
REACTOME_HEPARAN_SULFATE_HEPARIN_HS_GAG_METABOLISM,55,0.2,0.998,0.008,0.016
REACTOME_HIGHLY_CALCIUM_PERMEABLE_POSTSYNAPTIC_NICOTINIC_ACETYLCHOLINE_RECEPTORS,10,0.4,0.792,0.412,0.824
REACTOME_HIV_ELONGATION_ARREST_AND_RECOVERY,32,0.4375,0.634,0.406,0.812
REACTOME_HIV_INFECTION,219,0.5251141552511416,0.458,0.544,0.916
REACTOME_HIV_LIFE_CYCLE,141,0.5177304964539007,0.456,0.546,0.912
REACTOME_HIV_TRANSCRIPTION_ELONGATION,40,0.525,0.464,0.538,0.928
REACTOME_HIV_TRANSCRIPTION_INITIATION,45,0.5777777777777777,0.364,0.638,0.728
REACTOME_HOMOLOGOUS_DNA_PAIRING_AND_STRAND_EXCHANGE,43,0.32558139534883723,0.974,0.028,0.056
REACTOME_HOMOLOGY_DIRECTED_REPAIR,125,0.456,0.744,0.286,0.572
REACTOME_HORMONE_LIGAND_BINDING_RECEPTORS,12,0.5,0.606,0.618,1.0
REACTOME_HOST_INTERACTIONS_OF_HIV_FACTORS,124,0.5241935483870968,0.464,0.538,0.928
REACTOME_HSF1_ACTIVATION,30,0.5,0.478,0.58,0.956
REACTOME_HSF1_DEPENDENT_TRANSACTIVATION,37,0.5675675675675675,0.384,0.618,0.768
REACTOME_HSP90_CHAPERONE_CYCLE_FOR_STEROID_HORMONE_RECEPTORS_SHR_IN_THE_PRESENCE_OF_LIGAND,51,0.6666666666666666,0.108,0.894,0.216
REACTOME_HS_GAG_BIOSYNTHESIS,30,0.3,0.972,0.03,0.06
REACTOME_HS_GAG_DEGRADATION,24,0.20833333333333334,0.982,0.02,0.04
REACTOME_HYALURONAN_METABOLISM,17,0.35294117647058826,0.884,0.24,0.48
REACTOME_HYALURONAN_UPTAKE_AND_DEGRADATION,12,0.3333333333333333,0.84,0.162,0.324
REACTOME_IKK_COMPLEX_RECRUITMENT_MEDIATED_BY_RIP1,20,0.6,0.322,0.68,0.644
REACTOME_IL_6_TYPE_CYTOKINE_RECEPTOR_LIGAND_INTERACTIONS,15,0.4666666666666667,0.644,0.358,0.716
REACTOME_IMMUNOREGULATORY_INTERACTIONS_BETWEEN_A_LYMPHOID_AND_A_NON_LYMPHOID_CELL,134,0.4701492537313433,0.604,0.372,0.744
REACTOME_INACTIVATION_OF_CSF3_G_CSF_SIGNALING,25,0.56,0.354,0.648,0.708
REACTOME_INCRETIN_SYNTHESIS_SECRETION_AND_INACTIVATION,23,0.5652173913043478,0.332,0.67,0.664
REACTOME_INDUCTION_OF_CELL_CELL_FUSION,13,0.38461538461538464,0.822,0.18,0.36
REACTOME_INFECTION_WITH_MYCOBACTERIUM_TUBERCULOSIS,26,0.5384615384615384,0.462,0.54,0.924
REACTOME_INFECTIOUS_DISEASE,915,0.5191256830601093,0.442,0.56,0.884
REACTOME_INFLAMMASOMES,21,0.47619047619047616,0.642,0.494,0.988
REACTOME_INFLUENZA_INFECTION,104,0.5769230769230769,0.38,0.622,0.76
REACTOME_INHIBITION_OF_DNA_RECOMBINATION_AT_TELOMERE,48,0.4166666666666667,0.62,0.382,0.764
REACTOME_INHIBITION_OF_REPLICATION_INITIATION_OF_DAMAGED_DNA_BY_RB1_E2F1,13,0.46153846153846156,0.716,0.48,0.96
REACTOME_INHIBITION_OF_THE_PROTEOLYTIC_ACTIVITY_OF_APC_C_REQUIRED_FOR_THE_ONSET_OF_ANAPHASE_BY_MITOTIC_SPINDLE_CHECKPOINT_COMPONENTS,18,0.3888888888888889,0.884,0.118,0.236
REACTOME_INITIAL_TRIGGERING_OF_COMPLEMENT,35,0.34285714285714286,0.852,0.188,0.376
REACTOME_INITIATION_OF_NUCLEAR_ENVELOPE_NE_REFORMATION,19,0.47368421052631576,0.654,0.484,0.968
REACTOME_INLB_MEDIATED_ENTRY_OF_LISTERIA_MONOCYTOGENES_INTO_HOST_CELL,15,0.5333333333333333,0.516,0.486,0.972
REACTOME_INNATE_IMMUNE_SYSTEM,1001,0.4805194805194805,0.592,0.41,0.82
REACTOME_INOSITOL_PHOSPHATE_METABOLISM,47,0.3404255319148936,0.948,0.054,0.108
REACTOME_INSERTION_OF_TAIL_ANCHORED_PROTEINS_INTO_THE_ENDOPLASMIC_RETICULUM_MEMBRANE,22,0.5,0.568,0.532,1.0
REACTOME_INSULIN_PROCESSING,25,0.48,0.516,0.324,0.648
REACTOME_INSULIN_RECEPTOR_RECYCLING,30,0.6333333333333333,0.214,0.788,0.428
REACTOME_INSULIN_RECEPTOR_SIGNALLING_CASCADE,54,0.4074074074074074,0.882,0.12,0.24
REACTOME_INTEGRATION_OF_ENERGY_METABOLISM,105,0.41904761904761906,0.864,0.17,0.34
REACTOME_INTEGRIN_CELL_SURFACE_INTERACTIONS,82,0.43902439024390244,0.79,0.212,0.424
REACTOME_INTEGRIN_SIGNALING,26,0.34615384615384615,0.918,0.084,0.168
REACTOME_INTERACTIONS_OF_REV_WITH_HOST_CELLULAR_PROTEINS,34,0.5294117647058824,0.472,0.53,0.944
REACTOME_INTERACTIONS_OF_VPR_WITH_HOST_CELLULAR_PROTEINS,35,0.5142857142857142,0.482,0.52,0.964
REACTOME_INTERACTION_BETWEEN_L1_AND_ANKYRINS,31,0.3870967741935484,0.854,0.148,0.296
REACTOME_INTERACTION_WITH_CUMULUS_CELLS_AND_THE_ZONA_PELLUCIDA,10,0.4,0.794,0.386,0.772
REACTOME_INTERCONVERSION_OF_NUCLEOTIDE_DI_AND_TRIPHOSPHATES,27,0.5925925925925926,0.33,0.672,0.66
REACTOME_INTERFERON_ALPHA_BETA_SIGNALING,70,0.6428571428571429,0.05,0.952,0.1
REACTOME_INTERFERON_GAMMA_SIGNALING,88,0.5795454545454546,0.11,0.892,0.22
REACTOME_INTERFERON_SIGNALING,247,0.582995951417004,0.048,0.954,0.096
REACTOME_INTERLEUKIN_10_SIGNALING,43,0.5581395348837209,0.36,0.642,0.72
REACTOME_INTERLEUKIN_12_FAMILY_SIGNALING,49,0.5918367346938775,0.258,0.744,0.516
REACTOME_INTERLEUKIN_12_SIGNALING,39,0.5897435897435898,0.276,0.726,0.552
REACTOME_INTERLEUKIN_15_SIGNALING,14,0.2857142857142857,0.896,0.178,0.356
REACTOME_INTERLEUKIN_17_SIGNALING,69,0.463768115942029,0.686,0.316,0.632
REACTOME_INTERLEUKIN_1_FAMILY_SIGNALING,143,0.5314685314685315,0.43,0.572,0.86
REACTOME_INTERLEUKIN_1_SIGNALING,106,0.5471698113207547,0.418,0.584,0.836
REACTOME_INTERLEUKIN_20_FAMILY_SIGNALING,25,0.44,0.656,0.346,0.692
REACTOME_INTERLEUKIN_21_SIGNALING,10,0.5,0.632,0.594,1.0
REACTOME_INTERLEUKIN_27_SIGNALING,11,0.5454545454545454,0.504,0.498,0.996
REACTOME_INTERLEUKIN_2_FAMILY_SIGNALING,43,0.4418604651162791,0.766,0.318,0.636
REACTOME_INTERLEUKIN_2_SIGNALING,12,0.4166666666666667,0.612,0.39,0.78
REACTOME_INTERLEUKIN_35_SIGNALLING,12,0.4166666666666667,0.612,0.39,0.78
REACTOME_INTERLEUKIN_37_SIGNALING,20,0.6,0.27,0.732,0.54
REACTOME_INTERLEUKIN_3_INTERLEUKIN_5_AND_GM_CSF_SIGNALING,48,0.5625,0.36,0.722,0.72
REACTOME_INTERLEUKIN_4_AND_INTERLEUKIN_13_SIGNALING,106,0.42452830188679247,0.79,0.212,0.424
REACTOME_INTERLEUKIN_6_FAMILY_SIGNALING,22,0.5454545454545454,0.406,0.596,0.812
REACTOME_INTERLEUKIN_6_SIGNALING,11,0.6363636363636364,0.04,0.962,0.08
REACTOME_INTERLEUKIN_7_SIGNALING,29,0.5172413793103449,0.39,0.612,0.78
REACTOME_INTERLEUKIN_RECEPTOR_SHC_SIGNALING,27,0.37037037037037035,0.836,0.104,0.208
REACTOME_INTRACELLULAR_SIGNALING_BY_SECOND_MESSENGERS,302,0.4900662251655629,0.584,0.418,0.836
REACTOME_INTRAFLAGELLAR_TRANSPORT,52,0.4423076923076923,0.684,0.246,0.492
REACTOME_INTRA_GOLGI_AND_RETROGRADE_GOLGI_TO_ER_TRAFFIC,190,0.5421052631578948,0.394,0.608,0.788
REACTOME_INTRA_GOLGI_TRAFFIC,41,0.4634146341463415,0.694,0.308,0.616
REACTOME_INTRINSIC_PATHWAY_FOR_APOPTOSIS,52,0.5384615384615384,0.398,0.604,0.796
REACTOME_INTRINSIC_PATHWAY_OF_FIBRIN_CLOT_FORMATION,22,0.3181818181818182,0.928,0.074,0.148
REACTOME_INWARDLY_RECTIFYING_K_CHANNELS,34,0.5588235294117647,0.22,0.782,0.44
REACTOME_IONOTROPIC_ACTIVITY_OF_KAINATE_RECEPTORS,10,0.4,0.818,0.386,0.772
REACTOME_ION_CHANNEL_TRANSPORT,179,0.48044692737430167,0.666,0.336,0.672
REACTOME_ION_HOMEOSTASIS,53,0.5471698113207547,0.2,0.802,0.4
REACTOME_ION_TRANSPORT_BY_P_TYPE_ATPASES,54,0.5370370370370371,0.232,0.77,0.464
REACTOME_IRAK1_RECRUITS_IKK_COMPLEX,12,0.5833333333333334,0.23,0.772,0.46
REACTOME_IRAK2_MEDIATED_ACTIVATION_OF_TAK1_COMPLEX,10,0.7,0.044,0.958,0.088
REACTOME_IRAK4_DEFICIENCY_TLR2_4,18,0.5555555555555556,0.462,0.54,0.924
REACTOME_IRE1ALPHA_ACTIVATES_CHAPERONES,48,0.5833333333333334,0.382,0.62,0.764
REACTOME_IRF3_MEDIATED_INDUCTION_OF_TYPE_I_IFN,12,0.5833333333333334,0.216,0.786,0.432
REACTOME_IRON_UPTAKE_AND_TRANSPORT,57,0.5964912280701754,0.25,0.752,0.5
REACTOME_IRS_MEDIATED_SIGNALLING,48,0.4166666666666667,0.82,0.182,0.364
REACTOME_ISG15_ANTIVIRAL_MECHANISM,69,0.5942028985507246,0.198,0.804,0.396
REACTOME_JNK_C_JUN_KINASES_PHOSPHORYLATION_AND_ACTIVATION_MEDIATED_BY_ACTIVATED_HUMAN_TAK1,20,0.6,0.302,0.7,0.604
REACTOME_JOSEPHIN_DOMAIN_DUBS,12,0.5833333333333334,0.244,0.758,0.488
REACTOME_KEAP1_NFE2L2_PATHWAY,119,0.5630252100840336,0.424,0.578,0.848
REACTOME_KERATAN_SULFATE_BIOSYNTHESIS,28,0.32142857142857145,0.872,0.13,0.26
REACTOME_KERATAN_SULFATE_DEGRADATION,15,0.2,0.938,0.13,0.26
REACTOME_KERATAN_SULFATE_KERATIN_METABOLISM,36,0.2777777777777778,0.946,0.056,0.112
REACTOME_KERATINIZATION,129,0.4418604651162791,0.714,0.312,0.624
REACTOME_KETONE_BODY_METABOLISM,9,0.2222222222222222,0.952,0.15,0.3
REACTOME_KIDNEY_DEVELOPMENT,45,0.4444444444444444,0.752,0.33,0.66
REACTOME_KILLING_MECHANISMS,12,0.25,0.984,0.072,0.144
REACTOME_KINESINS,54,0.5,0.534,0.56,1.0
REACTOME_KSRP_KHSRP_BINDS_AND_DESTABILIZES_MRNA,17,0.4117647058823529,0.714,0.288,0.576
REACTOME_L1CAM_INTERACTIONS,113,0.40707964601769914,0.876,0.126,0.252
REACTOME_LAGGING_STRAND_SYNTHESIS,20,0.4,0.736,0.346,0.692
REACTOME_LAMININ_INTERACTIONS,28,0.42857142857142855,0.766,0.236,0.472
REACTOME_LATE_ENDOSOMAL_MICROAUTOPHAGY,33,0.5151515151515151,0.414,0.588,0.828
REACTOME_LATE_SARS_COV_2_INFECTION_EVENTS,68,0.5588235294117647,0.35,0.652,0.7
REACTOME_LDL_CLEARANCE,19,0.3157894736842105,0.866,0.136,0.272
REACTOME_LEISHMANIA_INFECTION,171,0.49122807017543857,0.576,0.426,0.852
REACTOME_LGI_ADAM_INTERACTIONS,14,0.42857142857142855,0.744,0.258,0.516
REACTOME_LISTERIA_MONOCYTOGENES_ENTRY_INTO_HOST_CELLS,19,0.631578947368421,0.116,0.886,0.232
REACTOME_LONG_TERM_POTENTIATION,23,0.6086956521739131,0.102,0.9,0.204
REACTOME_LOSS_OF_FUNCTION_OF_MECP2_IN_RETT_SYNDROME,13,0.3076923076923077,0.928,0.184,0.368
REACTOME_LYSINE_CATABOLISM,12,0.16666666666666666,1.0,0.002,0.004
REACTOME_LYSOSOME_VESICLE_BIOGENESIS,34,0.5,0.564,0.532,1.0
REACTOME_LYSOSPHINGOLIPID_AND_LPA_RECEPTORS,14,0.35714285714285715,0.86,0.142,0.284
REACTOME_MAP2K_AND_MAPK_ACTIVATION,39,0.5128205128205128,0.534,0.468,0.936
REACTOME_MAP3K8_TPL2_DEPENDENT_MAPK1_3_ACTIVATION,15,0.6666666666666666,0.316,0.686,0.632
REACTOME_MAPK3_ERK1_ACTIVATION,10,0.6,0.36,0.642,0.72
REACTOME_MAPK6_MAPK4_SIGNALING,86,0.4883720930232558,0.526,0.476,0.952
REACTOME_MAPK_FAMILY_SIGNALING_CASCADES,310,0.4612903225806452,0.714,0.288,0.576
REACTOME_MAPK_TARGETS_NUCLEAR_EVENTS_MEDIATED_BY_MAP_KINASES,31,0.3225806451612903,0.922,0.08,0.16
REACTOME_MASTL_FACILITATES_MITOTIC_PROGRESSION,10,0.5,0.618,0.588,1.0
REACTOME_MATERNAL_TO_ZYGOTIC_TRANSITION_MZT,86,0.47674418604651164,0.522,0.48,0.96
REACTOME_MATURATION_OF_SARS_COV_1_NUCLEOPROTEIN,10,0.4,0.892,0.338,0.676
REACTOME_MATURATION_OF_SARS_COV_2_NUCLEOPROTEIN,14,0.42857142857142855,0.79,0.212,0.424
REACTOME_MATURATION_OF_SPIKE_PROTEIN,36,0.6388888888888888,0.32,0.682,0.64
REACTOME_MATURATION_OF_TCA_ENZYMES_AND_REGULATION_OF_TCA_CYCLE,18,0.3333333333333333,0.84,0.162,0.324
REACTOME_MECP2_REGULATES_NEURONAL_RECEPTORS_AND_CHANNELS,18,0.5,0.6,0.574,1.0
REACTOME_MEIOSIS,94,0.40425531914893614,0.798,0.204,0.408
REACTOME_MEIOTIC_RECOMBINATION,62,0.4838709677419355,0.502,0.458,0.916
REACTOME_MEIOTIC_SYNAPSIS,60,0.36666666666666664,0.784,0.218,0.436
REACTOME_MEMBRANE_TRAFFICKING,602,0.49335548172757476,0.56,0.442,0.884
REACTOME_METABOLIC_DISORDERS_OF_BIOLOGICAL_OXIDATION_ENZYMES,29,0.3448275862068966,0.96,0.042,0.084
REACTOME_METABOLISM_OF_AMINE_DERIVED_HORMONES,18,0.5555555555555556,0.422,0.58,0.844
REACTOME_METABOLISM_OF_AMINO_ACIDS_AND_DERIVATIVES,305,0.43278688524590164,0.726,0.276,0.552
REACTOME_METABOLISM_OF_ANGIOTENSINOGEN_TO_ANGIOTENSINS,16,0.5,0.61,0.574,1.0
REACTOME_METABOLISM_OF_CARBOHYDRATES,279,0.36200716845878134,0.986,0.024,0.048
REACTOME_METABOLISM_OF_COFACTORS,24,0.3333333333333333,0.956,0.046,0.092
REACTOME_METABOLISM_OF_FAT_SOLUBLE_VITAMINS,46,0.34782608695652173,0.956,0.046,0.092
REACTOME_METABOLISM_OF_FOLATE_AND_PTERINES,15,0.4,0.826,0.332,0.664
REACTOME_METABOLISM_OF_LIPIDS,712,0.40308988764044945,0.994,0.008,0.016
REACTOME_METABOLISM_OF_NITRIC_OXIDE_NOS3_ACTIVATION_AND_REGULATION,14,0.5714285714285714,0.412,0.59,0.824
REACTOME_METABOLISM_OF_NUCLEOTIDES,93,0.3978494623655914,0.826,0.208,0.416
REACTOME_METABOLISM_OF_POLYAMINES,54,0.5185185185185185,0.484,0.518,0.968
REACTOME_METABOLISM_OF_PORPHYRINS,25,0.48,0.516,0.362,0.724
REACTOME_METABOLISM_OF_RNA,641,0.49297971918876754,0.532,0.47,0.94
REACTOME_METABOLISM_OF_STEROIDS,148,0.3310810810810811,1.0,0.002,0.004
REACTOME_METABOLISM_OF_STEROID_HORMONES,34,0.35294117647058826,0.936,0.116,0.232
REACTOME_METABOLISM_OF_VITAMINS_AND_COFACTORS,191,0.35602094240837695,0.984,0.024,0.048
REACTOME_METABOLISM_OF_WATER_SOLUBLE_VITAMINS_AND_COFACTORS,122,0.36065573770491804,0.946,0.056,0.112
REACTOME_METALLOPROTEASE_DUBS,25,0.44,0.638,0.364,0.728
REACTOME_METALLOTHIONEINS_BIND_METALS,7,0.0,1.0,0.216,0.432
REACTOME_METAL_ION_SLC_TRANSPORTERS,24,0.5833333333333334,0.24,0.762,0.48
REACTOME_METHYLATION,13,0.46153846153846156,0.664,0.476,0.952
REACTOME_MET_ACTIVATES_PTK2_SIGNALING,29,0.41379310344827586,0.734,0.342,0.684
REACTOME_MET_ACTIVATES_RAP1_AND_RAC1,10,0.7,0.182,0.82,0.364
REACTOME_MET_ACTIVATES_RAS_SIGNALING,11,0.45454545454545453,0.654,0.348,0.696
REACTOME_MET_PROMOTES_CELL_MOTILITY,39,0.4358974358974359,0.734,0.268,0.536
REACTOME_MET_RECEPTOR_RECYCLING,9,0.8888888888888888,0.102,0.9,0.204
REACTOME_MHC_CLASS_II_ANTIGEN_PRESENTATION,115,0.5565217391304348,0.232,0.77,0.464
REACTOME_MICRORNA_MIRNA_BIOGENESIS,23,0.391304347826087,0.694,0.224,0.448
REACTOME_MISCELLANEOUS_SUBSTRATES,9,0.6666666666666666,0.284,0.718,0.568
REACTOME_MISCELLANEOUS_TRANSPORT_AND_BINDING_EVENTS,25,0.64,0.106,0.896,0.212
REACTOME_MISMATCH_REPAIR,14,0.42857142857142855,0.706,0.296,0.592
REACTOME_MITF_M_DEPENDENT_GENE_EXPRESSION,93,0.5161290322580645,0.402,0.6,0.804
REACTOME_MITF_M_REGULATED_MELANOCYTE_DEVELOPMENT,134,0.4925373134328358,0.572,0.43,0.86
REACTOME_MITOCHONDRIAL_BIOGENESIS,89,0.34831460674157305,0.94,0.062,0.124
REACTOME_MITOCHONDRIAL_CALCIUM_ION_TRANSPORT,21,0.42857142857142855,0.762,0.24,0.48
REACTOME_MITOCHONDRIAL_FATTY_ACID_BETA_OXIDATION,31,0.2903225806451613,0.858,0.144,0.288
REACTOME_MITOCHONDRIAL_FATTY_ACID_BETA_OXIDATION_OF_SATURATED_FATTY_ACIDS,10,0.4,0.752,0.408,0.816
REACTOME_MITOCHONDRIAL_IRON_SULFUR_CLUSTER_BIOGENESIS,13,0.46153846153846156,0.636,0.494,0.988
REACTOME_MITOCHONDRIAL_PROTEIN_DEGRADATION,87,0.4482758620689655,0.63,0.372,0.744
REACTOME_MITOCHONDRIAL_PROTEIN_IMPORT,58,0.5517241379310345,0.414,0.588,0.828
REACTOME_MITOCHONDRIAL_RNA_DEGRADATION,10,0.7,0.19,0.812,0.38
REACTOME_MITOCHONDRIAL_TRANSLATION,92,0.4673913043478261,0.572,0.43,0.86
REACTOME_MITOCHONDRIAL_TRNA_AMINOACYLATION,21,0.5238095238095238,0.52,0.482,0.964
REACTOME_MITOPHAGY,35,0.6571428571428571,0.256,0.746,0.512
REACTOME_MITOTIC_G1_PHASE_AND_G1_S_TRANSITION,143,0.5664335664335665,0.368,0.634,0.736
REACTOME_MITOTIC_G2_G2_M_PHASES,189,0.5185185185185185,0.448,0.554,0.896
REACTOME_MITOTIC_METAPHASE_AND_ANAPHASE,217,0.4838709677419355,0.544,0.448,0.896
REACTOME_MITOTIC_PROMETAPHASE,195,0.4717948717948718,0.708,0.316,0.632
REACTOME_MITOTIC_PROPHASE,115,0.48695652173913045,0.574,0.428,0.856
REACTOME_MITOTIC_SPINDLE_CHECKPOINT,103,0.4368932038834951,0.816,0.156,0.312
REACTOME_MITOTIC_TELOPHASE_CYTOKINESIS,13,0.38461538461538464,0.864,0.138,0.276
REACTOME_MOLECULES_ASSOCIATED_WITH_ELASTIC_FIBRES,36,0.5,0.544,0.57,1.0
REACTOME_MRNA_CAPPING,27,0.6296296296296297,0.272,0.73,0.544
REACTOME_MRNA_DECAY_BY_3_TO_5_EXORIBONUCLEASE,16,0.625,0.39,0.716,0.78
REACTOME_MRNA_DECAY_BY_5_TO_3_EXORIBONUCLEASE,15,0.5333333333333333,0.518,0.484,0.968
REACTOME_MRNA_EDITING,9,0.4444444444444444,0.748,0.51,1.0
REACTOME_MRNA_SPLICING,204,0.4852941176470588,0.558,0.444,0.888
REACTOME_MRNA_SPLICING_MINOR_PATHWAY,48,0.4166666666666667,0.636,0.366,0.732
REACTOME_MTORC1_MEDIATED_SIGNALLING,23,0.391304347826087,0.678,0.254,0.508
REACTOME_MTOR_SIGNALLING,39,0.38461538461538464,0.788,0.214,0.428
REACTOME_MUCOPOLYSACCHARIDOSES,11,0.18181818181818182,0.97,0.032,0.064
REACTOME_MUSCLE_CONTRACTION,198,0.42424242424242425,0.862,0.14,0.28
REACTOME_MYD88_INDEPENDENT_TLR4_CASCADE,104,0.4807692307692308,0.564,0.438,0.876
REACTOME_MYOGENESIS,28,0.2857142857142857,0.974,0.048,0.096
REACTOME_M_DECAY_DEGRADATION_OF_MATERNAL_MRNAS_BY_MATERNALLY_STORED_FACTORS,26,0.5,0.584,0.548,1.0
REACTOME_M_PHASE,372,0.46774193548387094,0.678,0.324,0.648
REACTOME_NA_CL_DEPENDENT_NEUROTRANSMITTER_TRANSPORTERS,19,0.3684210526315789,0.796,0.102,0.204
REACTOME_NCAM1_INTERACTIONS,42,0.2619047619047619,0.992,0.01,0.02
REACTOME_NCAM_SIGNALING_FOR_NEURITE_OUT_GROWTH,63,0.2698412698412698,0.998,0.004,0.008
REACTOME_NEDDYLATION,235,0.4553191489361702,0.644,0.348,0.696
REACTOME_NEF_MEDIATED_DOWNREGULATION_OF_MHC_CLASS_I_COMPLEX_CELL_SURFACE_EXPRESSION,10,0.7,0.04,0.962,0.08
REACTOME_NEF_MEDIATES_DOWN_MODULATION_OF_CELL_SURFACE_RECEPTORS_BY_RECRUITING_THEM_TO_CLATHRIN_ADAPTERS,21,0.5238095238095238,0.52,0.482,0.964
REACTOME_NEGATIVE_EPIGENETIC_REGULATION_OF_RRNA_EXPRESSION,81,0.5802469135802469,0.254,0.748,0.508
REACTOME_NEGATIVE_REGULATION_OF_ACTIVITY_OF_TFAP2_AP_2_FAMILY_TRANSCRIPTION_FACTORS,10,0.5,0.608,0.64,1.0
REACTOME_NEGATIVE_REGULATION_OF_FGFR1_SIGNALING,33,0.48484848484848486,0.572,0.43,0.86
REACTOME_NEGATIVE_REGULATION_OF_FGFR2_SIGNALING,34,0.5,0.532,0.554,1.0
REACTOME_NEGATIVE_REGULATION_OF_FGFR3_SIGNALING,29,0.41379310344827586,0.776,0.32,0.64
REACTOME_NEGATIVE_REGULATION_OF_FGFR4_SIGNALING,31,0.4838709677419355,0.486,0.422,0.844
REACTOME_NEGATIVE_REGULATION_OF_FLT3,15,0.7333333333333333,0.076,0.926,0.152
REACTOME_NEGATIVE_REGULATION_OF_MAPK_PATHWAY,42,0.47619047619047616,0.65,0.43,0.86
REACTOME_NEGATIVE_REGULATION_OF_MET_ACTIVITY,21,0.5714285714285714,0.354,0.648,0.708
REACTOME_NEGATIVE_REGULATION_OF_NMDA_RECEPTOR_MEDIATED_NEURONAL_TRANSMISSION,21,0.5238095238095238,0.492,0.51,0.984
REACTOME_NEGATIVE_REGULATION_OF_NOTCH4_SIGNALING,51,0.5294117647058824,0.484,0.518,0.968
REACTOME_NEGATIVE_REGULATION_OF_TCF_DEPENDENT_SIGNALING_BY_WNT_LIGAND_ANTAGONISTS,13,0.3076923076923077,0.966,0.13,0.26
REACTOME_NEGATIVE_REGULATION_OF_THE_PI3K_AKT_NETWORK,114,0.49122807017543857,0.586,0.416,0.832
REACTOME_NEGATIVE_REGULATORS_OF_DDX58_IFIH1_SIGNALING,35,0.6285714285714286,0.176,0.826,0.352
REACTOME_NEPHRIN_FAMILY_INTERACTIONS,23,0.4782608695652174,0.684,0.318,0.636
REACTOME_NEPHRON_DEVELOPMENT,13,0.46153846153846156,0.678,0.486,0.972
REACTOME_NERVOUS_SYSTEM_DEVELOPMENT,512,0.4609375,0.73,0.28,0.56
REACTOME_NETRIN_1_SIGNALING,43,0.5348837209302325,0.424,0.578,0.848
REACTOME_NEUREXINS_AND_NEUROLIGINS,54,0.4074074074074074,0.83,0.172,0.344
REACTOME_NEURONAL_SYSTEM,396,0.43686868686868685,0.868,0.144,0.288
REACTOME_NEUROTOXICITY_OF_CLOSTRIDIUM_TOXINS,9,0.3333333333333333,0.892,0.11,0.22
REACTOME_NEUROTRANSMITTER_CLEARANCE,10,0.3,0.864,0.138,0.276
REACTOME_NEUROTRANSMITTER_RECEPTORS_AND_POSTSYNAPTIC_SIGNAL_TRANSMISSION,196,0.46938775510204084,0.714,0.288,0.576
REACTOME_NEUROTRANSMITTER_RELEASE_CYCLE,51,0.4117647058823529,0.872,0.13,0.26
REACTOME_NEUTROPHIL_DEGRANULATION,461,0.4924078091106291,0.534,0.468,0.936
REACTOME_NFE2L2_REGULATING_ANTI_OXIDANT_DETOXIFICATION_ENZYMES,18,0.6111111111111112,0.326,0.676,0.652
REACTOME_NFE2L2_REGULATING_TUMORIGENIC_GENES,10,0.4,0.792,0.386,0.772
REACTOME_NF_KB_ACTIVATION_THROUGH_FADD_RIP_1_PATHWAY_MEDIATED_BY_CASPASE_8_AND_10,12,0.5,0.61,0.598,1.0
REACTOME_NF_KB_IS_ACTIVATED_AND_SIGNALS_SURVIVAL,13,0.5384615384615384,0.504,0.498,0.996
REACTOME_NGF_STIMULATED_TRANSCRIPTION,39,0.48717948717948717,0.542,0.46,0.92
REACTOME_NICOTINAMIDE_SALVAGING,18,0.4444444444444444,0.78,0.388,0.776
REACTOME_NICOTINATE_METABOLISM,30,0.4,0.862,0.222,0.444
REACTOME_NITRIC_OXIDE_STIMULATES_GUANYLATE_CYCLASE,21,0.14285714285714285,0.998,0.006,0.012
REACTOME_NOD1_2_SIGNALING_PATHWAY,34,0.6176470588235294,0.106,0.896,0.212
REACTOME_NONHOMOLOGOUS_END_JOINING_NHEJ,56,0.48214285714285715,0.59,0.412,0.824
REACTOME_NONSENSE_MEDIATED_DECAY_NMD,67,0.6268656716417911,0.358,0.644,0.716
REACTOME_NON_INTEGRIN_MEMBRANE_ECM_INTERACTIONS,58,0.46551724137931033,0.662,0.34,0.68
REACTOME_NOREPINEPHRINE_NEUROTRANSMITTER_RELEASE_CYCLE,18,0.3888888888888889,0.894,0.108,0.216
REACTOME_NOTCH1_INTRACELLULAR_DOMAIN_REGULATES_TRANSCRIPTION,48,0.3958333333333333,0.874,0.128,0.256
REACTOME_NOTCH2_ACTIVATION_AND_TRANSMISSION_OF_SIGNAL_TO_THE_NUCLEUS,22,0.6363636363636364,0.14,0.862,0.28
REACTOME_NOTCH2_INTRACELLULAR_DOMAIN_REGULATES_TRANSCRIPTION,12,0.5,0.614,0.656,1.0
REACTOME_NOTCH3_ACTIVATION_AND_TRANSMISSION_OF_SIGNAL_TO_THE_NUCLEUS,24,0.5833333333333334,0.204,0.798,0.408
REACTOME_NOTCH3_INTRACELLULAR_DOMAIN_REGULATES_TRANSCRIPTION,25,0.4,0.862,0.252,0.504
REACTOME_NOTCH4_ACTIVATION_AND_TRANSMISSION_OF_SIGNAL_TO_THE_NUCLEUS,11,0.6363636363636364,0.172,0.83,0.344
REACTOME_NOTCH4_INTRACELLULAR_DOMAIN_REGULATES_TRANSCRIPTION,20,0.45,0.558,0.444,0.888
REACTOME_NOTCH_HLH_TRANSCRIPTION_PATHWAY,28,0.2857142857142857,0.97,0.058,0.116
REACTOME_NPAS4_REGULATES_EXPRESSION_OF_TARGET_GENES,21,0.47619047619047616,0.652,0.492,0.984
REACTOME_NR1H2_AND_NR1H3_MEDIATED_SIGNALING,44,0.4772727272727273,0.538,0.346,0.692
REACTOME_NR1H3_NR1H2_REGULATE_GENE_EXPRESSION_LINKED_TO_CHOLESTEROL_TRANSPORT_AND_EFFLUX,35,0.5142857142857142,0.492,0.51,0.984
REACTOME_NRAGE_SIGNALS_DEATH_THROUGH_JNK,56,0.375,0.968,0.052,0.104
REACTOME_NRIF_SIGNALS_CELL_DEATH_FROM_THE_NUCLEUS,16,0.5,0.604,0.544,1.0
REACTOME_NS1_MEDIATED_EFFECTS_ON_HOST_PATHWAYS,37,0.5405405405405406,0.374,0.628,0.748
REACTOME_NUCLEAR_ENVELOPE_BREAKDOWN,51,0.43137254901960786,0.79,0.28,0.56
REACTOME_NUCLEAR_ENVELOPE_NE_REASSEMBLY,69,0.5072463768115942,0.454,0.548,0.908
REACTOME_NUCLEAR_EVENTS_KINASE_AND_TRANSCRIPTION_FACTOR_ACTIVATION,61,0.39344262295081966,0.81,0.192,0.384
REACTOME_NUCLEAR_EVENTS_MEDIATED_BY_NFE2L2,91,0.6043956043956044,0.37,0.632,0.74
REACTOME_NUCLEAR_EVENTS_STIMULATED_BY_ALK_SIGNALING_IN_CANCER,34,0.5588235294117647,0.226,0.776,0.452
REACTOME_NUCLEAR_IMPORT_OF_REV_PROTEIN,31,0.5161290322580645,0.428,0.574,0.856
REACTOME_NUCLEAR_PORE_COMPLEX_NPC_DISASSEMBLY,34,0.5588235294117647,0.282,0.72,0.564
REACTOME_NUCLEAR_RECEPTOR_TRANSCRIPTION_PATHWAY,53,0.39622641509433965,0.88,0.122,0.244
REACTOME_NUCLEAR_SIGNALING_BY_ERBB4,32,0.625,0.142,0.904,0.284
REACTOME_NUCLEOTIDE_BINDING_DOMAIN_LEUCINE_RICH_REPEAT_CONTAINING_RECEPTOR_NLR_SIGNALING_PATHWAYS,54,0.5555555555555556,0.332,0.67,0.664
REACTOME_NUCLEOTIDE_BIOSYNTHESIS,13,0.38461538461538464,0.826,0.176,0.352
REACTOME_NUCLEOTIDE_CATABOLISM,34,0.4117647058823529,0.834,0.168,0.336
REACTOME_NUCLEOTIDE_EXCISION_REPAIR,102,0.46078431372549017,0.642,0.36,0.72
REACTOME_NUCLEOTIDE_LIKE_PURINERGIC_RECEPTORS,15,0.5333333333333333,0.504,0.498,0.996
REACTOME_NUCLEOTIDE_SALVAGE,23,0.13043478260869565,0.988,0.014,0.028
REACTOME_N_GLYCAN_ANTENNAE_ELONGATION,13,0.38461538461538464,0.714,0.288,0.576
REACTOME_N_GLYCAN_ANTENNAE_ELONGATION_IN_THE_MEDIAL_TRANS_GOLGI,24,0.4583333333333333,0.656,0.346,0.692
REACTOME_N_GLYCAN_TRIMMING_IN_THE_ER_AND_CALNEXIN_CALRETICULIN_CYCLE,32,0.65625,0.336,0.722,0.672
REACTOME_OLFACTORY_SIGNALING_PATHWAY,87,0.4827586206896552,0.55,0.418,0.836
REACTOME_ONCOGENE_INDUCED_SENESCENCE,33,0.6060606060606061,0.15,0.852,0.3
REACTOME_ONCOGENIC_MAPK_SIGNALING,80,0.4375,0.892,0.164,0.328
REACTOME_OPIOID_SIGNALLING,88,0.4772727272727273,0.6,0.358,0.716
REACTOME_ORC1_REMOVAL_FROM_CHROMATIN,67,0.5074626865671642,0.484,0.518,0.968
REACTOME_ORGANELLE_BIOGENESIS_AND_MAINTENANCE,280,0.40714285714285714,0.908,0.09,0.18
REACTOME_ORGANIC_ANION_TRANSPORTERS,12,0.3333333333333333,0.912,0.09,0.18
REACTOME_ORGANIC_CATION_ANION_ZWITTERION_TRANSPORT,14,0.21428571428571427,0.976,0.026,0.052
REACTOME_ORGANIC_CATION_TRANSPORT,9,0.3333333333333333,0.896,0.106,0.212
REACTOME_OTHER_INTERLEUKIN_SIGNALING,24,0.375,0.912,0.168,0.336
REACTOME_OTHER_SEMAPHORIN_INTERACTIONS,17,0.29411764705882354,0.948,0.054,0.108
REACTOME_OVARIAN_TUMOR_DOMAIN_PROTEASES,38,0.631578947368421,0.056,0.946,0.112
REACTOME_OXIDATIVE_STRESS_INDUCED_SENESCENCE,96,0.5,0.472,0.564,0.944
REACTOME_O_GLYCOSYLATION_OF_TSR_DOMAIN_CONTAINING_PROTEINS,36,0.3333333333333333,0.932,0.07,0.14
REACTOME_O_LINKED_GLYCOSYLATION,105,0.41904761904761906,0.838,0.184,0.368
REACTOME_O_LINKED_GLYCOSYLATION_OF_MUCINS,59,0.4745762711864407,0.608,0.394,0.788
REACTOME_P130CAS_LINKAGE_TO_MAPK_SIGNALING_FOR_INTEGRINS,14,0.5,0.634,0.554,1.0
REACTOME_P2Y_RECEPTORS,11,0.5454545454545454,0.51,0.492,0.984
REACTOME_P38MAPK_EVENTS,13,0.23076923076923078,0.982,0.082,0.164
REACTOME_P75NTR_RECRUITS_SIGNALLING_COMPLEXES,13,0.5384615384615384,0.504,0.498,0.996
REACTOME_P75NTR_REGULATES_AXONOGENESIS,10,0.4,0.792,0.41,0.82
REACTOME_P75NTR_SIGNALS_VIA_NF_KB,16,0.5625,0.426,0.74,0.852
REACTOME_P75_NTR_RECEPTOR_MEDIATED_SIGNALLING,94,0.46808510638297873,0.68,0.322,0.644
REACTOME_PARACETAMOL_ADME,21,0.5238095238095238,0.506,0.496,0.992
REACTOME_PARASITE_INFECTION,72,0.4861111111111111,0.552,0.45,0.9
REACTOME_PASSIVE_TRANSPORT_BY_AQUAPORINS,12,0.3333333333333333,0.842,0.16,0.32
REACTOME_PCNA_DEPENDENT_LONG_PATCH_BASE_EXCISION_REPAIR,21,0.38095238095238093,0.78,0.298,0.596
REACTOME_PCP_CE_PATHWAY,88,0.45454545454545453,0.586,0.416,0.832
REACTOME_PD_1_SIGNALING,19,0.5789473684210527,0.212,0.79,0.424
REACTOME_PECAM1_INTERACTIONS,12,0.8333333333333334,0.012,0.99,0.024
REACTOME_PENTOSE_PHOSPHATE_PATHWAY,14,0.5,0.584,0.552,1.0
REACTOME_PEPTIDE_HORMONE_BIOSYNTHESIS,11,0.36363636363636365,0.836,0.166,0.332
REACTOME_PEPTIDE_HORMONE_METABOLISM,82,0.5,0.61,0.478,0.956
REACTOME_PEPTIDE_LIGAND_BINDING_RECEPTORS,184,0.5054347826086957,0.478,0.524,0.956
REACTOME_PERK_REGULATES_GENE_EXPRESSION,31,0.5483870967741935,0.44,0.562,0.88
REACTOME_PEROXISOMAL_LIPID_METABOLISM,28,0.39285714285714285,0.778,0.224,0.448
REACTOME_PEROXISOMAL_PROTEIN_IMPORT,59,0.4406779661016949,0.746,0.256,0.512
REACTOME_PEXOPHAGY,11,0.5454545454545454,0.526,0.476,0.952
REACTOME_PHASE_0_RAPID_DEPOLARISATION,32,0.375,0.89,0.188,0.376
REACTOME_PHASE_2_PLATEAU_PHASE,15,0.2,0.984,0.046,0.092
REACTOME_PHASE_4_RESTING_MEMBRANE_POTENTIAL,18,0.5,0.586,0.578,1.0
REACTOME_PHASE_II_CONJUGATION_OF_COMPOUNDS,80,0.4125,0.796,0.174,0.348
REACTOME_PHASE_I_FUNCTIONALIZATION_OF_COMPOUNDS,98,0.47959183673469385,0.674,0.328,0.656
REACTOME_PHENYLALANINE_AND_TYROSINE_METABOLISM,11,0.18181818181818182,0.994,0.008,0.016
REACTOME_PHOSPHOLIPASE_C_MEDIATED_CASCADE_FGFR1,16,0.5,0.554,0.58,1.0
REACTOME_PHOSPHOLIPASE_C_MEDIATED_CASCADE_FGFR2,18,0.5,0.578,0.562,1.0
REACTOME_PHOSPHOLIPASE_C_MEDIATED_CASCADE_FGFR4,15,0.4666666666666667,0.65,0.352,0.704
REACTOME_PHOSPHOLIPID_METABOLISM,202,0.44554455445544555,0.792,0.21,0.42
REACTOME_PHOSPHORYLATION_OF_THE_APC_C,17,0.4117647058823529,0.82,0.182,0.364
REACTOME_PHYSIOLOGICAL_FACTORS,13,0.46153846153846156,0.7,0.526,1.0
REACTOME_PI3K_AKT_SIGNALING_IN_CANCER,106,0.5094339622641509,0.482,0.52,0.964
REACTOME_PI3K_EVENTS_IN_ERBB2_SIGNALING,16,0.5625,0.366,0.8,0.732
REACTOME_PI3K_EVENTS_IN_ERBB4_SIGNALING,10,0.7,0.048,0.954,0.096
REACTOME_PINK1_PRKN_MEDIATED_MITOPHAGY,28,0.6785714285714286,0.2,0.802,0.4
REACTOME_PIWI_INTERACTING_RNA_PIRNA_BIOGENESIS,28,0.35714285714285715,0.886,0.116,0.232
REACTOME_PI_3K_CASCADE_FGFR1,21,0.5238095238095238,0.468,0.534,0.936
REACTOME_PI_3K_CASCADE_FGFR2,23,0.5217391304347826,0.374,0.628,0.748
REACTOME_PI_3K_CASCADE_FGFR3,18,0.3888888888888889,0.824,0.178,0.356
REACTOME_PI_3K_CASCADE_FGFR4,20,0.5,0.556,0.608,1.0
REACTOME_PI_METABOLISM,82,0.5,0.558,0.494,0.988
REACTOME_PKA_ACTIVATION_IN_GLUCAGON_SIGNALLING,17,0.5294117647058824,0.514,0.488,0.976
REACTOME_PKA_MEDIATED_PHOSPHORYLATION_OF_CREB,20,0.55,0.418,0.584,0.836
REACTOME_PKMTS_METHYLATE_HISTONE_LYSINES,58,0.5172413793103449,0.384,0.618,0.768
REACTOME_PKR_MEDIATED_SIGNALING,71,0.5774647887323944,0.176,0.826,0.352
REACTOME_PLASMA_LIPOPROTEIN_ASSEMBLY,17,0.47058823529411764,0.722,0.452,0.904
REACTOME_PLASMA_LIPOPROTEIN_ASSEMBLY_REMODELING_AND_CLEARANCE,73,0.4246575342465753,0.82,0.182,0.364
REACTOME_PLASMA_LIPOPROTEIN_CLEARANCE,36,0.4722222222222222,0.55,0.452,0.904
REACTOME_PLASMA_LIPOPROTEIN_REMODELING,33,0.3333333333333333,0.958,0.044,0.088
REACTOME_PLATELET_ACTIVATION_SIGNALING_AND_AGGREGATION,251,0.4820717131474104,0.66,0.342,0.684
REACTOME_PLATELET_ADHESION_TO_EXPOSED_COLLAGEN,13,0.46153846153846156,0.694,0.54,1.0
REACTOME_PLATELET_AGGREGATION_PLUG_FORMATION,37,0.32432432432432434,0.958,0.044,0.088
REACTOME_PLATELET_CALCIUM_HOMEOSTASIS,28,0.4642857142857143,0.568,0.32,0.64
REACTOME_PLATELET_HOMEOSTASIS,83,0.40963855421686746,0.858,0.144,0.288
REACTOME_PLATELET_SENSITIZATION_BY_LDL,16,0.4375,0.74,0.426,0.852
REACTOME_POLO_LIKE_KINASE_MEDIATED_EVENTS,16,0.6875,0.112,0.952,0.224
REACTOME_POLYMERASE_SWITCHING,14,0.42857142857142855,0.71,0.292,0.584
REACTOME_POLYMERASE_SWITCHING_ON_THE_C_STRAND_OF_THE_TELOMERE,25,0.28,0.896,0.148,0.296
REACTOME_POSITIVE_EPIGENETIC_REGULATION_OF_RRNA_EXPRESSION,80,0.5625,0.302,0.728,0.604
REACTOME_POSTMITOTIC_NUCLEAR_PORE_COMPLEX_NPC_REFORMATION,25,0.52,0.438,0.564,0.876
REACTOME_POST_CHAPERONIN_TUBULIN_FOLDING_PATHWAY,20,0.7,0.078,0.924,0.156
REACTOME_POST_TRANSLATIONAL_MODIFICATION_SYNTHESIS_OF_GPI_ANCHORED_PROTEINS,85,0.4470588235294118,0.796,0.244,0.488
REACTOME_POST_TRANSLATIONAL_PROTEIN_MODIFICATION,1355,0.4797047970479705,0.64,0.362,0.724
REACTOME_POTASSIUM_CHANNELS,99,0.47474747474747475,0.598,0.404,0.808
REACTOME_POTENTIAL_THERAPEUTICS_FOR_SARS,112,0.4642857142857143,0.664,0.304,0.608
REACTOME_POU5F1_OCT4_SOX2_NANOG_ACTIVATE_GENES_RELATED_TO_PROLIFERATION,10,0.3,0.928,0.074,0.148
REACTOME_POU5F1_OCT4_SOX2_NANOG_REPRESS_GENES_RELATED_TO_DIFFERENTIATION,8,0.5,0.624,0.646,1.0
REACTOME_PRC2_METHYLATES_HISTONES_AND_DNA,47,0.6170212765957447,0.304,0.698,0.608
REACTOME_PREDNISONE_ADME,8,0.125,0.992,0.034,0.068
REACTOME_PREGNENOLONE_BIOSYNTHESIS,11,0.45454545454545453,0.678,0.324,0.648
REACTOME_PRESYNAPTIC_DEPOLARIZATION_AND_CALCIUM_CHANNEL_OPENING,11,0.09090909090909091,1.0,0.002,0.004
REACTOME_PRESYNAPTIC_FUNCTION_OF_KAINATE_RECEPTORS,20,0.6,0.272,0.73,0.544
REACTOME_PRESYNAPTIC_NICOTINIC_ACETYLCHOLINE_RECEPTORS,12,0.25,0.956,0.12,0.24
REACTOME_PRE_NOTCH_EXPRESSION_AND_PROCESSING,83,0.46987951807228917,0.552,0.45,0.9
REACTOME_PRE_NOTCH_PROCESSING_IN_GOLGI,18,0.4444444444444444,0.772,0.376,0.752
REACTOME_PROCESSING_AND_ACTIVATION_OF_SUMO,9,0.6666666666666666,0.33,0.672,0.66
REACTOME_PROCESSING_OF_CAPPED_INTRONLESS_PRE_MRNA,27,0.48148148148148145,0.614,0.388,0.776
REACTOME_PROCESSING_OF_CAPPED_INTRON_CONTAINING_PRE_MRNA,269,0.49070631970260226,0.554,0.448,0.896
REACTOME_PROCESSING_OF_DNA_DOUBLE_STRAND_BREAK_ENDS,85,0.4823529411764706,0.626,0.376,0.752
REACTOME_PROCESSING_OF_INTRONLESS_PRE_MRNAS,19,0.5789473684210527,0.29,0.712,0.58
REACTOME_PROCESSING_OF_SMDT1,16,0.375,0.858,0.27,0.54
REACTOME_PROCESSIVE_SYNTHESIS_ON_THE_C_STRAND_OF_THE_TELOMERE,19,0.21052631578947367,0.976,0.026,0.052
REACTOME_PROCESSIVE_SYNTHESIS_ON_THE_LAGGING_STRAND,15,0.4,0.736,0.37,0.74
REACTOME_PROGRAMMED_CELL_DEATH,201,0.4975124378109453,0.492,0.496,0.984
REACTOME_PROLACTIN_RECEPTOR_SIGNALING,15,0.4666666666666667,0.652,0.35,0.7
REACTOME_PROLONGED_ERK_ACTIVATION_EVENTS,14,0.5714285714285714,0.426,0.576,0.852
REACTOME_PROSTACYCLIN_SIGNALLING_THROUGH_PROSTACYCLIN_RECEPTOR,18,0.6111111111111112,0.142,0.86,0.284
REACTOME_PROTEIN_FOLDING,90,0.5666666666666667,0.304,0.698,0.608
REACTOME_PROTEIN_HYDROXYLATION,20,0.35,0.786,0.144,0.288
REACTOME_PROTEIN_LIPOYLATION,8,0.25,0.904,0.238,0.476
REACTOME_PROTEIN_LOCALIZATION,153,0.49673202614379086,0.534,0.48,0.96
REACTOME_PROTEIN_METHYLATION,15,0.5333333333333333,0.464,0.538,0.928
REACTOME_PROTEIN_PROTEIN_INTERACTIONS_AT_SYNAPSES,85,0.4235294117647059,0.848,0.176,0.352
REACTOME_PROTEIN_UBIQUITINATION,73,0.5753424657534246,0.272,0.73,0.544
REACTOME_PTEN_REGULATION,133,0.47368421052631576,0.57,0.448,0.896
REACTOME_PTK6_REGULATES_RHO_GTPASES_RAS_GTPASE_AND_MAP_KINASES,14,0.5714285714285714,0.472,0.53,0.944
REACTOME_PURINERGIC_SIGNALING_IN_LEISHMANIASIS_INFECTION,26,0.5,0.542,0.574,1.0
REACTOME_PURINE_CATABOLISM,17,0.35294117647058826,0.854,0.234,0.468
REACTOME_PURINE_RIBONUCLEOSIDE_MONOPHOSPHATE_BIOSYNTHESIS,10,0.5,0.654,0.562,1.0
REACTOME_PURINE_SALVAGE,13,0.15384615384615385,0.992,0.046,0.092
REACTOME_PYRIMIDINE_CATABOLISM,12,0.5833333333333334,0.24,0.762,0.48
REACTOME_PYRIMIDINE_SALVAGE,11,0.09090909090909091,1.0,0.002,0.004
REACTOME_PYROPTOSIS,25,0.56,0.384,0.618,0.768
REACTOME_PYRUVATE_METABOLISM,46,0.5,0.556,0.516,1.0
REACTOME_RAB_GEFS_EXCHANGE_GTP_FOR_GDP_ON_RABS,84,0.44047619047619047,0.778,0.224,0.448
REACTOME_RAB_GERANYLGERANYLATION,58,0.5,0.568,0.506,1.0
REACTOME_RAB_REGULATION_OF_TRAFFICKING,115,0.4782608695652174,0.63,0.372,0.744
REACTOME_RAC1_GTPASE_CYCLE,179,0.4134078212290503,0.964,0.046,0.092
REACTOME_RAC2_GTPASE_CYCLE,84,0.44047619047619047,0.82,0.182,0.364
REACTOME_RAC3_GTPASE_CYCLE,91,0.4725274725274725,0.69,0.312,0.624
REACTOME_RAF_ACTIVATION,33,0.6060606060606061,0.266,0.736,0.532
REACTOME_RAF_INDEPENDENT_MAPK1_3_ACTIVATION,23,0.5217391304347826,0.352,0.65,0.704
REACTOME_RAP1_SIGNALLING,15,0.4,0.804,0.34,0.68
REACTOME_RAS_ACTIVATION_UPON_CA2_INFLUX_THROUGH_NMDA_RECEPTOR,19,0.47368421052631576,0.694,0.512,1.0
REACTOME_RAS_PROCESSING,21,0.5714285714285714,0.394,0.608,0.788
REACTOME_RA_BIOSYNTHESIS_PATHWAY,18,0.4444444444444444,0.778,0.358,0.716
REACTOME_REACTIONS_SPECIFIC_TO_THE_COMPLEX_N_GLYCAN_SYNTHESIS_PATHWAY,10,0.5,0.622,0.57,1.0
REACTOME_RECEPTOR_MEDIATED_MITOPHAGY,11,0.5454545454545454,0.518,0.484,0.968
REACTOME_RECEPTOR_TYPE_TYROSINE_PROTEIN_PHOSPHATASES,20,0.45,0.602,0.4,0.8
REACTOME_RECOGNITION_AND_ASSOCIATION_OF_DNA_GLYCOSYLASE_WITH_SITE_CONTAINING_AN_AFFECTED_PURINE,37,0.3783783783783784,0.658,0.344,0.688
REACTOME_RECOGNITION_OF_DNA_DAMAGE_BY_PCNA_CONTAINING_REPLICATION_COMPLEX,30,0.6,0.322,0.68,0.644
REACTOME_RECRUITMENT_OF_MITOTIC_CENTROSOME_PROTEINS_AND_COMPLEXES,78,0.4230769230769231,0.8,0.202,0.404
REACTOME_RECRUITMENT_OF_NUMA_TO_MITOTIC_CENTROSOMES,90,0.45555555555555555,0.734,0.268,0.536
REACTOME_RECYCLING_OF_BILE_ACIDS_AND_SALTS,18,0.3888888888888889,0.896,0.106,0.212
REACTOME_RECYCLING_PATHWAY_OF_L1,44,0.45454545454545453,0.676,0.326,0.652
REACTOME_REDUCTION_OF_CYTOSOLIC_CA_LEVELS,12,0.6666666666666666,0.196,0.806,0.392
REACTOME_REGULATED_NECROSIS,57,0.49122807017543857,0.6,0.402,0.804
REACTOME_REGULATED_PROTEOLYSIS_OF_P75NTR,11,0.5454545454545454,0.528,0.474,0.948
REACTOME_REGULATION_BY_C_FLIP,11,0.36363636363636365,0.804,0.198,0.396
REACTOME_REGULATION_OF_BACH1_ACTIVITY,11,0.6363636363636364,0.234,0.768,0.468
REACTOME_REGULATION_OF_BETA_CELL_DEVELOPMENT,40,0.2,1.0,0.004,0.008
REACTOME_REGULATION_OF_CDH11_FUNCTION,10,0.5,0.662,0.618,1.0
REACTOME_REGULATION_OF_CDH11_GENE_TRANSCRIPTION,10,0.5,0.618,0.58,1.0
REACTOME_REGULATION_OF_CDH11_MRNA_TRANSLATION_BY_MICRORNAS,9,0.4444444444444444,0.708,0.508,1.0
REACTOME_REGULATION_OF_CHOLESTEROL_BIOSYNTHESIS_BY_SREBP_SREBF,54,0.25925925925925924,0.968,0.034,0.068
REACTOME_REGULATION_OF_COMMISSURAL_AXON_PATHFINDING_BY_SLIT_AND_ROBO,10,0.6,0.436,0.566,0.872
REACTOME_REGULATION_OF_ENDOGENOUS_RETROELEMENTS,111,0.5045045045045045,0.448,0.554,0.896
REACTOME_REGULATION_OF_ENDOGENOUS_RETROELEMENTS_BY_KRAB_ZFP_PROTEINS,77,0.5064935064935064,0.48,0.522,0.96
REACTOME_REGULATION_OF_ENDOGENOUS_RETROELEMENTS_BY_PIWI_INTERACTING_RNAS_PIRNAS,71,0.5352112676056338,0.364,0.638,0.728
REACTOME_REGULATION_OF_ENDOGENOUS_RETROELEMENTS_BY_THE_HUMAN_SILENCING_HUB_HUSH_COMPLEX,45,0.5777777777777777,0.402,0.6,0.804
REACTOME_REGULATION_OF_EXPRESSION_OF_SLITS_AND_ROBOS,119,0.5714285714285714,0.402,0.6,0.804
REACTOME_REGULATION_OF_FOXO_TRANSCRIPTIONAL_ACTIVITY_BY_ACETYLATION,10,0.4,0.81,0.42,0.84
REACTOME_REGULATION_OF_FZD_BY_UBIQUITINATION,20,0.5,0.586,0.606,1.0
REACTOME_REGULATION_OF_GENE_EXPRESSION_BY_HYPOXIA_INDUCIBLE_FACTOR,11,0.36363636363636365,0.922,0.08,0.16
REACTOME_REGULATION_OF_GENE_EXPRESSION_IN_BETA_CELLS,20,0.1,0.998,0.004,0.008
REACTOME_REGULATION_OF_GENE_EXPRESSION_IN_LATE_STAGE_BRANCHING_MORPHOGENESIS_PANCREATIC_BUD_PRECURSOR_CELLS,16,0.3125,0.934,0.148,0.296
REACTOME_REGULATION_OF_GLUCOKINASE_BY_GLUCOKINASE_REGULATORY_PROTEIN,30,0.4666666666666667,0.644,0.358,0.716
REACTOME_REGULATION_OF_GLYCOLYSIS_BY_FRUCTOSE_2_6_BISPHOSPHATE_METABOLISM,12,0.4166666666666667,0.614,0.388,0.776
REACTOME_REGULATION_OF_HOMOTYPIC_CELL_CELL_ADHESION,30,0.4666666666666667,0.668,0.334,0.668
REACTOME_REGULATION_OF_HSF1_MEDIATED_HEAT_SHOCK_RESPONSE,79,0.5443037974683544,0.272,0.73,0.544
REACTOME_REGULATION_OF_IFNA_IFNB_SIGNALING,20,0.7,0.052,0.95,0.104
REACTOME_REGULATION_OF_IFNG_SIGNALING,14,0.7142857142857143,0.068,0.934,0.136
REACTOME_REGULATION_OF_INNATE_IMMUNE_RESPONSES_TO_CYTOSOLIC_DNA,15,0.4666666666666667,0.652,0.35,0.7
REACTOME_REGULATION_OF_INSULIN_LIKE_GROWTH_FACTOR_IGF_TRANSPORT_AND_UPTAKE_BY_INSULIN_LIKE_GROWTH_FACTOR_BINDING_PROTEINS_IGFBPS,120,0.4166666666666667,0.862,0.14,0.28
REACTOME_REGULATION_OF_INSULIN_SECRETION,75,0.41333333333333333,0.868,0.134,0.268
REACTOME_REGULATION_OF_KIT_SIGNALING,16,0.625,0.322,0.816,0.644
REACTOME_REGULATION_OF_LIPID_METABOLISM_BY_PPARALPHA,117,0.36752136752136755,0.982,0.02,0.04
REACTOME_REGULATION_OF_LOCALIZATION_OF_FOXO_TRANSCRIPTION_FACTORS,10,0.4,0.788,0.404,0.808
REACTOME_REGULATION_OF_MECP2_EXPRESSION_AND_ACTIVITY,31,0.5161290322580645,0.41,0.592,0.82
REACTOME_REGULATION_OF_MITF_M_DEPENDENT_GENES_INVOLVED_IN_APOPTOSIS,18,0.3888888888888889,0.872,0.13,0.26
REACTOME_REGULATION_OF_MITF_M_DEPENDENT_GENES_INVOLVED_IN_CELL_CYCLE_AND_PROLIFERATION,17,0.5882352941176471,0.364,0.638,0.728
REACTOME_REGULATION_OF_MITF_M_DEPENDENT_GENES_INVOLVED_IN_LYSOSOME_BIOGENESIS_AND_AUTOPHAGY,17,0.8823529411764706,0.106,0.896,0.212
REACTOME_REGULATION_OF_MITF_M_DEPENDENT_GENES_INVOLVED_IN_PIGMENTATION,41,0.5121951219512195,0.426,0.576,0.852
REACTOME_REGULATION_OF_MRNA_STABILITY_BY_PROTEINS_THAT_BIND_AU_RICH_ELEMENTS,80,0.5375,0.476,0.526,0.952
REACTOME_REGULATION_OF_NF_KAPPA_B_SIGNALING,16,0.4375,0.754,0.416,0.832
REACTOME_REGULATION_OF_NPAS4_GENE_EXPRESSION,13,0.38461538461538464,0.804,0.198,0.396
REACTOME_REGULATION_OF_PLK1_ACTIVITY_AT_G2_M_TRANSITION,86,0.5116279069767442,0.504,0.498,0.996
REACTOME_REGULATION_OF_PTEN_GENE_TRANSCRIPTION,59,0.4406779661016949,0.738,0.264,0.528
REACTOME_REGULATION_OF_PTEN_STABILITY_AND_ACTIVITY,65,0.5230769230769231,0.488,0.514,0.976
REACTOME_REGULATION_OF_PYRUVATE_DEHYDROGENASE_PDH_COMPLEX,15,0.4666666666666667,0.688,0.314,0.628
REACTOME_REGULATION_OF_PYRUVATE_METABOLISM,32,0.53125,0.468,0.602,0.936
REACTOME_REGULATION_OF_RAS_BY_GAPS,62,0.5,0.522,0.508,1.0
REACTOME_REGULATION_OF_RUNX1_EXPRESSION_AND_ACTIVITY,17,0.5882352941176471,0.336,0.666,0.672
REACTOME_REGULATION_OF_RUNX2_EXPRESSION_AND_ACTIVITY,68,0.5294117647058824,0.48,0.522,0.96
REACTOME_REGULATION_OF_RUNX3_EXPRESSION_AND_ACTIVITY,52,0.5192307692307693,0.508,0.494,0.988
REACTOME_REGULATION_OF_SIGNALING_BY_CBL,22,0.6818181818181818,0.154,0.848,0.308
REACTOME_REGULATION_OF_SIGNALING_BY_NODAL,9,0.4444444444444444,0.694,0.538,1.0
REACTOME_REGULATION_OF_TBK1_IKK_IKBKE_MEDIATED_ACTIVATION_OF_IRF3_IRF7,13,0.6153846153846154,0.368,0.634,0.736
REACTOME_REGULATION_OF_TBK1_IKK_MEDIATED_ACTIVATION_OF_IRF3_IRF7_UPON_TLR3_LIGATION,11,0.5454545454545454,0.506,0.496,0.992
REACTOME_REGULATION_OF_TLR_BY_ENDOGENOUS_LIGAND,21,0.38095238095238093,0.912,0.196,0.392
REACTOME_REGULATION_OF_TP53_ACTIVITY,158,0.45569620253164556,0.684,0.298,0.596
REACTOME_REGULATION_OF_TP53_ACTIVITY_THROUGH_ACETYLATION,30,0.4,0.788,0.29,0.58
REACTOME_REGULATION_OF_TP53_ACTIVITY_THROUGH_ASSOCIATION_WITH_CO_FACTORS,14,0.14285714285714285,0.996,0.02,0.04
REACTOME_REGULATION_OF_TP53_ACTIVITY_THROUGH_METHYLATION,18,0.5,0.566,0.598,1.0
REACTOME_REGULATION_OF_TP53_ACTIVITY_THROUGH_PHOSPHORYLATION,91,0.4725274725274725,0.676,0.326,0.652
REACTOME_REGULATION_OF_TP53_EXPRESSION_AND_DEGRADATION,35,0.5428571428571428,0.468,0.534,0.936
REACTOME_REMOVAL_OF_AMINOTERMINAL_PROPEPTIDES_FROM_GAMMA_CARBOXYLATED_PROTEINS,9,0.1111111111111111,0.994,0.052,0.104
REACTOME_REPLACEMENT_OF_PROTAMINES_BY_NUCLEOSOMES_IN_THE_MALE_PRONUCLEUS,30,0.4666666666666667,0.518,0.484,0.968
REACTOME_REPRESSION_OF_WNT_TARGET_GENES,14,0.2857142857142857,0.932,0.152,0.304
REACTOME_REPRODUCTION,126,0.3888888888888889,0.916,0.086,0.172
REACTOME_RESOLUTION_OF_ABASIC_SITES_AP_SITES,37,0.43243243243243246,0.71,0.356,0.712
REACTOME_RESOLUTION_OF_AP_SITES_VIA_THE_MULTIPLE_NUCLEOTIDE_PATCH_REPLACEMENT_PATHWAY,25,0.4,0.766,0.304,0.608
REACTOME_RESOLUTION_OF_D_LOOP_STRUCTURES,34,0.3235294117647059,0.978,0.024,0.048
REACTOME_RESOLUTION_OF_D_LOOP_STRUCTURES_THROUGH_SYNTHESIS_DEPENDENT_STRAND_ANNEALING_SDSA,27,0.25925925925925924,0.978,0.024,0.048
REACTOME_RESOLUTION_OF_SISTER_CHROMATID_COHESION,118,0.5084745762711864,0.502,0.5,1.0
REACTOME_RESPIRATORY_ELECTRON_TRANSPORT,137,0.44525547445255476,0.616,0.386,0.772
REACTOME_RESPIRATORY_SYNCYTIAL_VIRUS_INFECTION_PATHWAY,114,0.5526315789473685,0.302,0.7,0.604
REACTOME_RESPIRATORY_SYNCYTIAL_VIRUS_RSV_ATTACHMENT_AND_ENTRY,23,0.391304347826087,0.756,0.154,0.308
REACTOME_RESPIRATORY_SYNCYTIAL_VIRUS_RSV_GENOME_REPLICATION_TRANSCRIPTION_AND_TRANSLATION,16,0.8125,0.062,0.994,0.124
REACTOME_RESPONSE_OF_EIF2AK1_HRI_TO_HEME_DEFICIENCY,14,0.5714285714285714,0.384,0.618,0.768
REACTOME_RESPONSE_OF_EIF2AK4_GCN2_TO_AMINO_ACID_DEFICIENCY,53,0.6226415094339622,0.394,0.608,0.788
REACTOME_RESPONSE_OF_MTB_TO_PHAGOCYTOSIS,23,0.5217391304347826,0.414,0.588,0.828
REACTOME_RESPONSE_TO_ELEVATED_PLATELET_CYTOSOLIC_CA2,128,0.515625,0.444,0.606,0.888
REACTOME_RESPONSE_TO_METAL_IONS,10,0.1,0.956,0.046,0.092
REACTOME_RETINOID_CYCLE_DISEASE_EVENTS,10,0.3,0.958,0.044,0.088
REACTOME_RETROGRADE_NEUROTROPHIN_SIGNALLING,14,0.14285714285714285,0.992,0.042,0.084
REACTOME_RETROGRADE_TRANSPORT_AT_THE_TRANS_GOLGI_NETWORK,46,0.5,0.542,0.5,1.0
REACTOME_RET_SIGNALING,40,0.375,0.932,0.118,0.236
REACTOME_REVERSIBLE_HYDRATION_OF_CARBON_DIOXIDE,12,0.6666666666666666,0.23,0.772,0.46
REACTOME_RHOA_GTPASE_CYCLE,144,0.4513888888888889,0.84,0.162,0.324
REACTOME_RHOBTB1_GTPASE_CYCLE,23,0.5217391304347826,0.358,0.644,0.716
REACTOME_RHOBTB2_GTPASE_CYCLE,21,0.6666666666666666,0.186,0.816,0.372
REACTOME_RHOBTB3_ATPASE_CYCLE,10,0.5,0.618,0.636,1.0
REACTOME_RHOBTB_GTPASE_CYCLE,33,0.6363636363636364,0.054,0.948,0.108
REACTOME_RHOB_GTPASE_CYCLE,69,0.43478260869565216,0.78,0.166,0.332
REACTOME_RHOC_GTPASE_CYCLE,72,0.4722222222222222,0.604,0.398,0.796
REACTOME_RHOD_GTPASE_CYCLE,52,0.5,0.552,0.538,1.0
REACTOME_RHOF_GTPASE_CYCLE,41,0.5365853658536586,0.378,0.624,0.756
REACTOME_RHOG_GTPASE_CYCLE,71,0.49295774647887325,0.51,0.492,0.984
REACTOME_RHOH_GTPASE_CYCLE,37,0.5405405405405406,0.286,0.716,0.572
REACTOME_RHOJ_GTPASE_CYCLE,54,0.42592592592592593,0.884,0.118,0.236
REACTOME_RHOQ_GTPASE_CYCLE,58,0.4482758620689655,0.822,0.18,0.36
REACTOME_RHOU_GTPASE_CYCLE,40,0.425,0.856,0.146,0.292
REACTOME_RHOV_GTPASE_CYCLE,36,0.4444444444444444,0.798,0.306,0.612
REACTOME_RHO_GTPASES_ACTIVATE_CIT,19,0.5263157894736842,0.512,0.49,0.98
REACTOME_RHO_GTPASES_ACTIVATE_FORMINS,130,0.5,0.564,0.49,0.98
REACTOME_RHO_GTPASES_ACTIVATE_IQGAPS,28,0.7142857142857143,0.08,0.922,0.16
REACTOME_RHO_GTPASES_ACTIVATE_KTN1,11,0.6363636363636364,0.13,0.872,0.26
REACTOME_RHO_GTPASES_ACTIVATE_NADPH_OXIDASES,23,0.34782608695652173,0.894,0.108,0.216
REACTOME_RHO_GTPASES_ACTIVATE_PAKS,21,0.42857142857142855,0.748,0.254,0.508
REACTOME_RHO_GTPASES_ACTIVATE_PKNS,67,0.5223880597014925,0.41,0.592,0.82
REACTOME_RHO_GTPASES_ACTIVATE_ROCKS,19,0.5789473684210527,0.248,0.754,0.496
REACTOME_RHO_GTPASES_ACTIVATE_WASPS_AND_WAVES,35,0.4857142857142857,0.6,0.402,0.804
REACTOME_RHO_GTPASE_CYCLE,434,0.4700460829493088,0.714,0.288,0.576
REACTOME_RHO_GTPASE_EFFECTORS,284,0.4964788732394366,0.548,0.454,0.908
REACTOME_RIBAVIRIN_ADME,10,0.3,0.936,0.066,0.132
REACTOME_RIPK1_MEDIATED_REGULATED_NECROSIS,32,0.4375,0.818,0.294,0.588
REACTOME_RIP_MEDIATED_NFKB_ACTIVATION_VIA_ZBP1,16,0.375,0.814,0.28,0.56
REACTOME_RMTS_METHYLATE_HISTONE_ARGININES,52,0.5961538461538461,0.156,0.846,0.312
REACTOME_RNA_POLYMERASE_III_CHAIN_ELONGATION,18,0.3888888888888889,0.736,0.266,0.532
REACTOME_RNA_POLYMERASE_III_TRANSCRIPTION,40,0.3,0.954,0.048,0.096
REACTOME_RNA_POLYMERASE_III_TRANSCRIPTION_INITIATION_FROM_TYPE_1_PROMOTER,27,0.3333333333333333,0.854,0.148,0.296
REACTOME_RNA_POLYMERASE_III_TRANSCRIPTION_INITIATION_FROM_TYPE_3_PROMOTER,28,0.39285714285714285,0.7,0.302,0.604
REACTOME_RNA_POLYMERASE_III_TRANSCRIPTION_TERMINATION,23,0.30434782608695654,0.89,0.112,0.224
REACTOME_RNA_POLYMERASE_II_PRE_TRANSCRIPTION_EVENTS,78,0.5,0.53,0.488,0.976
REACTOME_RNA_POLYMERASE_II_TRANSCRIBES_SNRNA_GENES,74,0.527027027027027,0.426,0.576,0.852
REACTOME_RNA_POLYMERASE_II_TRANSCRIPTION,1262,0.48177496038034867,0.678,0.324,0.648
REACTOME_RNA_POLYMERASE_II_TRANSCRIPTION_TERMINATION,63,0.49206349206349204,0.542,0.46,0.92
REACTOME_RNA_POLYMERASE_I_PROMOTER_ESCAPE,63,0.6031746031746031,0.274,0.728,0.548
REACTOME_RNA_POLYMERASE_I_TRANSCRIPTION,83,0.5903614457831325,0.208,0.794,0.416
REACTOME_RNA_POLYMERASE_I_TRANSCRIPTION_INITIATION,45,0.6,0.272,0.73,0.544
REACTOME_RNA_POLYMERASE_I_TRANSCRIPTION_TERMINATION,29,0.5862068965517241,0.34,0.662,0.68
REACTOME_RND1_GTPASE_CYCLE,42,0.5714285714285714,0.228,0.774,0.456
REACTOME_RND2_GTPASE_CYCLE,43,0.4883720930232558,0.496,0.506,0.992
REACTOME_RND3_GTPASE_CYCLE,42,0.47619047619047616,0.616,0.486,0.972
REACTOME_ROLE_OF_LAT2_NTAL_LAB_ON_CALCIUM_MOBILIZATION,32,0.375,0.892,0.17,0.34
REACTOME_ROLE_OF_PHOSPHOLIPIDS_IN_PHAGOCYTOSIS,37,0.35135135135135137,0.89,0.086,0.172
REACTOME_ROLE_OF_SECOND_MESSENGERS_IN_NETRIN_1_SIGNALING,10,0.4,0.868,0.35,0.7
REACTOME_RORA_ACTIVATES_GENE_EXPRESSION,18,0.1111111111111111,1.0,0.006,0.012
REACTOME_ROS_AND_RNS_PRODUCTION_IN_PHAGOCYTES,35,0.6,0.326,0.676,0.652
REACTOME_RRNA_MODIFICATION_IN_THE_NUCLEUS_AND_CYTOSOL,57,0.43859649122807015,0.6,0.402,0.804
REACTOME_RRNA_PROCESSING,153,0.49019607843137253,0.534,0.468,0.936
REACTOME_RRNA_PROCESSING_IN_THE_MITOCHONDRION,10,0.2,0.948,0.16,0.32
REACTOME_RSV_HOST_INTERACTIONS,92,0.5217391304347826,0.414,0.588,0.828
REACTOME_RUNX1_AND_FOXP3_CONTROL_THE_DEVELOPMENT_OF_REGULATORY_T_LYMPHOCYTES_TREGS,10,0.5,0.604,0.604,1.0
REACTOME_RUNX1_INTERACTS_WITH_CO_FACTORS_WHOSE_PRECISE_EFFECT_ON_RUNX1_TARGETS_IS_NOT_KNOWN,35,0.42857142857142855,0.782,0.22,0.44
REACTOME_RUNX1_REGULATES_GENES_INVOLVED_IN_MEGAKARYOCYTE_DIFFERENTIATION_AND_PLATELET_FUNCTION,70,0.45714285714285713,0.584,0.448,0.896
REACTOME_RUNX1_REGULATES_TRANSCRIPTION_OF_GENES_INVOLVED_IN_DIFFERENTIATION_OF_HSCS,100,0.56,0.322,0.68,0.644
REACTOME_RUNX2_REGULATES_BONE_DEVELOPMENT,30,0.5333333333333333,0.422,0.58,0.844
REACTOME_RUNX2_REGULATES_OSTEOBLAST_DIFFERENTIATION,23,0.6086956521739131,0.126,0.876,0.252
REACTOME_RUNX3_REGULATES_NOTCH_SIGNALING,14,0.42857142857142855,0.726,0.276,0.552
REACTOME_RUNX3_REGULATES_P14_ARF,10,0.4,0.794,0.388,0.776
REACTOME_SARS_COV_1_ACTIVATES_MODULATES_INNATE_IMMUNE_RESPONSES,40,0.5,0.554,0.548,1.0
REACTOME_SARS_COV_1_HOST_INTERACTIONS,74,0.527027027027027,0.426,0.576,0.852
REACTOME_SARS_COV_1_INFECTION,117,0.5042735042735043,0.538,0.464,0.928
REACTOME_SARS_COV_1_MODULATES_HOST_TRANSLATION_MACHINERY,16,0.6875,0.41,0.668,0.82
REACTOME_SARS_COV_1_TARGETS_HOST_INTRACELLULAR_SIGNALLING_AND_REGULATORY_PATHWAYS,14,0.5,0.578,0.576,1.0
REACTOME_SARS_COV_2_ACTIVATES_MODULATES_INNATE_AND_ADAPTIVE_IMMUNE_RESPONSES,117,0.5726495726495726,0.242,0.76,0.484
REACTOME_SARS_COV_2_HOST_INTERACTIONS,170,0.5294117647058824,0.424,0.578,0.848
REACTOME_SARS_COV_2_INFECTION,261,0.5172413793103449,0.44,0.562,0.88
REACTOME_SARS_COV_2_MODULATES_AUTOPHAGY,11,0.09090909090909091,0.996,0.006,0.012
REACTOME_SARS_COV_2_MODULATES_HOST_TRANSLATION_MACHINERY,27,0.5555555555555556,0.484,0.518,0.968
REACTOME_SARS_COV_2_TARGETS_HOST_INTRACELLULAR_SIGNALLING_AND_REGULATORY_PATHWAYS,11,0.45454545454545453,0.708,0.294,0.588
REACTOME_SARS_COV_INFECTIONS,389,0.4961439588688946,0.556,0.464,0.928
REACTOME_SCAVENGING_BY_CLASS_A_RECEPTORS,19,0.47368421052631576,0.656,0.488,0.976
REACTOME_SCAVENGING_OF_HEME_FROM_PLASMA,26,0.3076923076923077,0.914,0.134,0.268
REACTOME_SCF_BETA_TRCP_MEDIATED_DEGRADATION_OF_EMI1,51,0.5098039215686274,0.502,0.5,1.0
REACTOME_SCF_SKP2_MEDIATED_DEGRADATION_OF_P27_P21,56,0.5714285714285714,0.436,0.566,0.872
REACTOME_SEALING_OF_THE_NUCLEAR_ENVELOPE_NE_BY_ESCRT_III,27,0.5555555555555556,0.44,0.562,0.88
REACTOME_SELECTIVE_AUTOPHAGY,81,0.6172839506172839,0.196,0.806,0.392
REACTOME_SELENOAMINO_ACID_METABOLISM,69,0.4782608695652174,0.568,0.434,0.868
REACTOME_SEMA3A_PAK_DEPENDENT_AXON_REPULSION,16,0.3125,0.924,0.184,0.368
REACTOME_SEMA3A_PLEXIN_REPULSION_SIGNALING_BY_INHIBITING_INTEGRIN_ADHESION,14,0.35714285714285715,0.886,0.116,0.232
REACTOME_SEMA4D_INDUCED_CELL_MIGRATION_AND_GROWTH_CONE_COLLAPSE,20,0.5,0.578,0.548,1.0
REACTOME_SEMA4D_IN_SEMAPHORIN_SIGNALING,24,0.5416666666666666,0.468,0.534,0.936
REACTOME_SEMAPHORIN_INTERACTIONS,62,0.43548387096774194,0.744,0.258,0.516
REACTOME_SENESCENCE_ASSOCIATED_SECRETORY_PHENOTYPE_SASP,83,0.5180722891566265,0.442,0.56,0.884
REACTOME_SENSORY_PERCEPTION,286,0.3776223776223776,0.98,0.022,0.044
REACTOME_SENSORY_PERCEPTION_OF_TASTE,41,0.36585365853658536,0.954,0.048,0.096
REACTOME_SENSORY_PROCESSING_OF_SOUND,70,0.37142857142857144,0.968,0.034,0.068
REACTOME_SENSORY_PROCESSING_OF_SOUND_BY_OUTER_HAIR_CELLS_OF_THE_COCHLEA,49,0.3673469387755102,0.97,0.032,0.064
REACTOME_SEPARATION_OF_SISTER_CHROMATIDS,175,0.49714285714285716,0.498,0.504,0.996
REACTOME_SEROTONIN_NEUROTRANSMITTER_RELEASE_CYCLE,18,0.4444444444444444,0.754,0.436,0.872
REACTOME_SEROTONIN_RECEPTORS,12,0.4166666666666667,0.564,0.438,0.876
REACTOME_SHC1_EVENTS_IN_EGFR_SIGNALING,12,0.5,0.598,0.578,1.0
REACTOME_SHC1_EVENTS_IN_ERBB2_SIGNALING,22,0.36363636363636365,0.908,0.094,0.188
REACTOME_SHC1_EVENTS_IN_ERBB4_SIGNALING,14,0.42857142857142855,0.792,0.21,0.42
REACTOME_SHC_MEDIATED_CASCADE_FGFR1,21,0.38095238095238093,0.824,0.304,0.608
REACTOME_SHC_MEDIATED_CASCADE_FGFR3,18,0.2222222222222222,0.974,0.06,0.12
REACTOME_SHC_MEDIATED_CASCADE_FGFR4,20,0.35,0.806,0.118,0.236
REACTOME_SIALIC_ACID_METABOLISM,32,0.375,0.924,0.15,0.3
REACTOME_SIGNALING_BY_ACTIVATED_POINT_MUTANTS_OF_FGFR1,11,0.36363636363636365,0.818,0.184,0.368
REACTOME_SIGNALING_BY_ACTIVIN,17,0.35294117647058826,0.88,0.23,0.46
REACTOME_SIGNALING_BY_ALK,29,0.4482758620689655,0.82,0.182,0.364
REACTOME_SIGNALING_BY_ALK_IN_CANCER,91,0.4835164835164835,0.668,0.442,0.884
REACTOME_SIGNALING_BY_BMP,31,0.45161290322580644,0.6,0.402,0.804
REACTOME_SIGNALING_BY_BRAF_AND_RAF1_FUSIONS,64,0.46875,0.728,0.338,0.676
REACTOME_SIGNALING_BY_CSF1_M_CSF_IN_MYELOID_CELLS,31,0.45161290322580644,0.63,0.372,0.744
REACTOME_SIGNALING_BY_CSF3_G_CSF,30,0.5333333333333333,0.454,0.548,0.908
REACTOME_SIGNALING_BY_CTNNB1_PHOSPHO_SITE_MUTANTS,14,0.35714285714285715,0.882,0.12,0.24
REACTOME_SIGNALING_BY_CYTOSOLIC_FGFR1_FUSION_MUTANTS,17,0.4117647058823529,0.852,0.15,0.3
REACTOME_SIGNALING_BY_EGFR,51,0.6078431372549019,0.116,0.886,0.232
REACTOME_SIGNALING_BY_EGFR_IN_CANCER,23,0.6956521739130435,0.1,0.902,0.2
REACTOME_SIGNALING_BY_ERBB2,49,0.5306122448979592,0.35,0.652,0.7
REACTOME_SIGNALING_BY_ERBB2_ECD_MUTANTS,16,0.5625,0.44,0.676,0.88
REACTOME_SIGNALING_BY_ERBB2_IN_CANCER,26,0.5769230769230769,0.202,0.8,0.404
REACTOME_SIGNALING_BY_ERBB4,58,0.5689655172413793,0.178,0.824,0.356
REACTOME_SIGNALING_BY_ERYTHROPOIETIN,25,0.44,0.654,0.348,0.696
REACTOME_SIGNALING_BY_FGFR,89,0.449438202247191,0.736,0.266,0.532
REACTOME_SIGNALING_BY_FGFR1,52,0.46153846153846156,0.678,0.4,0.8
REACTOME_SIGNALING_BY_FGFR1_IN_DISEASE,37,0.40540540540540543,0.816,0.186,0.372
REACTOME_SIGNALING_BY_FGFR2,73,0.4657534246575342,0.618,0.384,0.768
REACTOME_SIGNALING_BY_FGFR2_IIIA_TM,19,0.5263157894736842,0.51,0.492,0.984
REACTOME_SIGNALING_BY_FGFR2_IN_DISEASE,43,0.5116279069767442,0.49,0.512,0.98
REACTOME_SIGNALING_BY_FGFR3,40,0.45,0.614,0.388,0.776
REACTOME_SIGNALING_BY_FGFR4,41,0.4878048780487805,0.568,0.434,0.868
REACTOME_SIGNALING_BY_FGFR4_IN_DISEASE,11,0.45454545454545453,0.66,0.342,0.684
REACTOME_SIGNALING_BY_FGFR_IN_DISEASE,62,0.45161290322580644,0.696,0.306,0.612
REACTOME_SIGNALING_BY_FLT3_FUSION_PROTEINS,18,0.3888888888888889,0.886,0.116,0.232
REACTOME_SIGNALING_BY_FLT3_ITD_AND_TKD_MUTANTS,16,0.4375,0.714,0.44,0.88
REACTOME_SIGNALING_BY_GPCR,662,0.43051359516616317,0.83,0.164,0.328
REACTOME_SIGNALING_BY_HEDGEHOG,144,0.4722222222222222,0.57,0.432,0.864
REACTOME_SIGNALING_BY_HIPPO,20,0.55,0.418,0.584,0.836
REACTOME_SIGNALING_BY_INSULIN_RECEPTOR,82,0.4878048780487805,0.586,0.416,0.832
REACTOME_SIGNALING_BY_INTERLEUKINS,440,0.5,0.524,0.49,0.98
REACTOME_SIGNALING_BY_KIT_IN_DISEASE,20,0.55,0.434,0.568,0.868
REACTOME_SIGNALING_BY_LEPTIN,11,0.5454545454545454,0.486,0.516,0.972
REACTOME_SIGNALING_BY_LTK,11,0.45454545454545453,0.726,0.276,0.552
REACTOME_SIGNALING_BY_MET,76,0.47368421052631576,0.688,0.382,0.764
REACTOME_SIGNALING_BY_MODERATE_KINASE_ACTIVITY_BRAF_MUTANTS,44,0.5,0.582,0.506,1.0
REACTOME_SIGNALING_BY_NODAL,19,0.3684210526315789,0.756,0.146,0.292
REACTOME_SIGNALING_BY_NOTCH,206,0.48058252427184467,0.634,0.368,0.736
REACTOME_SIGNALING_BY_NOTCH1,74,0.4594594594594595,0.668,0.334,0.668
REACTOME_SIGNALING_BY_NOTCH1_HD_DOMAIN_MUTANTS_IN_CANCER,15,0.6666666666666666,0.192,0.81,0.384
REACTOME_SIGNALING_BY_NOTCH1_PEST_DOMAIN_MUTANTS_IN_CANCER,58,0.4827586206896552,0.546,0.392,0.784
REACTOME_SIGNALING_BY_NOTCH2,33,0.5757575757575758,0.168,0.834,0.336
REACTOME_SIGNALING_BY_NOTCH3,48,0.5,0.584,0.54,1.0
REACTOME_SIGNALING_BY_NOTCH4,79,0.5063291139240507,0.512,0.49,0.98
REACTOME_SIGNALING_BY_NTRK2_TRKB,24,0.5416666666666666,0.426,0.576,0.852
REACTOME_SIGNALING_BY_NTRK3_TRKC,17,0.5882352941176471,0.408,0.594,0.816
REACTOME_SIGNALING_BY_NTRKS,133,0.40601503759398494,0.876,0.126,0.252
REACTOME_SIGNALING_BY_NUCLEAR_RECEPTORS,258,0.5155038759689923,0.392,0.61,0.784
REACTOME_SIGNALING_BY_PDGF,58,0.5,0.53,0.57,1.0
REACTOME_SIGNALING_BY_PDGFRA_TRANSMEMBRANE_JUXTAMEMBRANE_AND_KINASE_DOMAIN_MUTANTS,12,0.4166666666666667,0.592,0.41,0.82
REACTOME_SIGNALING_BY_PDGFR_IN_DISEASE,20,0.45,0.578,0.424,0.848
REACTOME_SIGNALING_BY_PTK6,54,0.5370370370370371,0.292,0.71,0.584
REACTOME_SIGNALING_BY_RECEPTOR_TYROSINE_KINASES,519,0.4701348747591522,0.76,0.256,0.512
REACTOME_SIGNALING_BY_RETINOIC_ACID,37,0.40540540540540543,0.818,0.184,0.368
REACTOME_SIGNALING_BY_RHO_GTPASES_MIRO_GTPASES_AND_RHOBTB3,667,0.4767616191904048,0.726,0.276,0.552
REACTOME_SIGNALING_BY_ROBO_RECEPTORS,165,0.5393939393939394,0.428,0.574,0.856
REACTOME_SIGNALING_BY_SCF_KIT,43,0.6046511627906976,0.124,0.878,0.248
REACTOME_SIGNALING_BY_TGFBR3,46,0.3695652173913043,0.934,0.068,0.136
REACTOME_SIGNALING_BY_TGFB_FAMILY_MEMBERS,156,0.44871794871794873,0.84,0.162,0.324
REACTOME_SIGNALING_BY_TGF_BETA_RECEPTOR_COMPLEX,92,0.4891304347826087,0.584,0.418,0.836
REACTOME_SIGNALING_BY_THE_B_CELL_RECEPTOR_BCR,122,0.4918032786885246,0.554,0.448,0.896
REACTOME_SIGNALING_BY_TYPE_1_INSULIN_LIKE_GROWTH_FACTOR_1_RECEPTOR_IGF1R,53,0.41509433962264153,0.902,0.1,0.2
REACTOME_SIGNALING_BY_VEGF,102,0.45098039215686275,0.776,0.226,0.452
REACTOME_SIGNALING_BY_WNT,296,0.41216216216216217,0.924,0.066,0.132
REACTOME_SIGNALING_BY_WNT_IN_CANCER,32,0.28125,0.996,0.02,0.04
REACTOME_SIGNALLING_TO_ERKS,34,0.38235294117647056,0.822,0.18,0.36
REACTOME_SIGNALLING_TO_RAS,20,0.15,0.998,0.006,0.012
REACTOME_SIGNAL_AMPLIFICATION,31,0.6129032258064516,0.224,0.778,0.448
REACTOME_SIGNAL_ATTENUATION,10,0.3,0.922,0.08,0.16
REACTOME_SIGNAL_REGULATORY_PROTEIN_FAMILY_INTERACTIONS,15,0.4666666666666667,0.702,0.3,0.6
REACTOME_SIGNAL_TRANSDUCTION_BY_L1,20,0.25,0.964,0.07,0.14
REACTOME_SIRT1_NEGATIVELY_REGULATES_RRNA_EXPRESSION,42,0.5714285714285714,0.406,0.596,0.812
REACTOME_SLBP_DEPENDENT_PROCESSING_OF_REPLICATION_DEPENDENT_HISTONE_PRE_MRNAS,10,0.4,0.72,0.406,0.812
REACTOME_SLC_MEDIATED_TRANSMEMBRANE_TRANSPORT,240,0.42916666666666664,0.85,0.152,0.304
REACTOME_SLC_TRANSPORTER_DISORDERS,95,0.5052631578947369,0.456,0.546,0.912
REACTOME_SMAD2_SMAD3_SMAD4_HETEROTRIMER_REGULATES_TRANSCRIPTION,35,0.5428571428571428,0.378,0.624,0.756
REACTOME_SMOOTH_MUSCLE_CONTRACTION,41,0.3902439024390244,0.792,0.21,0.42
REACTOME_SNRNP_ASSEMBLY,49,0.46938775510204084,0.602,0.4,0.8
REACTOME_SODIUM_CALCIUM_EXCHANGERS,10,0.5,0.626,0.646,1.0
REACTOME_SOMITOGENESIS,51,0.5294117647058824,0.492,0.51,0.984
REACTOME_SPECIFICATION_OF_PRIMORDIAL_GERM_CELLS,10,0.3,0.948,0.054,0.108
REACTOME_SPECIFICATION_OF_THE_NEURAL_PLATE_BORDER,15,0.4666666666666667,0.626,0.376,0.752
REACTOME_SPHINGOLIPID_CATABOLISM,11,0.6363636363636364,0.1,0.902,0.2
REACTOME_SPHINGOLIPID_DE_NOVO_BIOSYNTHESIS,36,0.5833333333333334,0.212,0.79,0.424
REACTOME_SPHINGOLIPID_METABOLISM,101,0.48514851485148514,0.632,0.37,0.74
REACTOME_SPRY_REGULATION_OF_FGF_SIGNALING,16,0.5625,0.428,0.66,0.856
REACTOME_SRP_DEPENDENT_COTRANSLATIONAL_PROTEIN_TARGETING_TO_MEMBRANE,65,0.7846153846153846,0.206,0.796,0.412
REACTOME_STABILIZATION_OF_P53,52,0.5384615384615384,0.472,0.53,0.944
REACTOME_STAT3_NUCLEAR_EVENTS_DOWNSTREAM_OF_ALK_SIGNALING,11,0.2727272727272727,0.97,0.102,0.204
REACTOME_STAT5_ACTIVATION_DOWNSTREAM_OF_FLT3_ITD_MUTANTS,10,0.4,0.76,0.412,0.824
REACTOME_STIMULI_SENSING_CHANNELS,103,0.4077669902912621,0.924,0.078,0.156
REACTOME_STING_MEDIATED_INDUCTION_OF_HOST_IMMUNE_RESPONSES,15,0.6,0.32,0.682,0.64
REACTOME_STRIATED_MUSCLE_CONTRACTION,36,0.3888888888888889,0.838,0.164,0.328
REACTOME_SULFUR_AMINO_ACID_METABOLISM,26,0.2692307692307692,0.972,0.03,0.06
REACTOME_SUMOYLATION,176,0.4602272727272727,0.788,0.24,0.48
REACTOME_SUMOYLATION_OF_CHROMATIN_ORGANIZATION_PROTEINS,60,0.5166666666666667,0.352,0.65,0.704
REACTOME_SUMOYLATION_OF_DNA_DAMAGE_RESPONSE_AND_REPAIR_PROTEINS,71,0.39436619718309857,0.89,0.112,0.224
REACTOME_SUMOYLATION_OF_DNA_METHYLATION_PROTEINS,14,0.42857142857142855,0.85,0.152,0.304
REACTOME_SUMOYLATION_OF_DNA_REPLICATION_PROTEINS,43,0.5348837209302325,0.442,0.56,0.884
REACTOME_SUMOYLATION_OF_IMMUNE_RESPONSE_PROTEINS,11,0.36363636363636365,0.83,0.172,0.344
REACTOME_SUMOYLATION_OF_INTRACELLULAR_RECEPTORS,29,0.41379310344827586,0.894,0.212,0.424
REACTOME_SUMOYLATION_OF_RNA_BINDING_PROTEINS,42,0.47619047619047616,0.622,0.464,0.928
REACTOME_SUMOYLATION_OF_SUMOYLATION_PROTEINS,32,0.5,0.538,0.548,1.0
REACTOME_SUMOYLATION_OF_TRANSCRIPTION_COFACTORS,41,0.43902439024390244,0.736,0.266,0.532
REACTOME_SUMOYLATION_OF_TRANSCRIPTION_FACTORS,19,0.42105263157894735,0.82,0.182,0.364
REACTOME_SUMOYLATION_OF_UBIQUITINYLATION_PROTEINS,37,0.4864864864864865,0.584,0.418,0.836
REACTOME_SUPPRESSION_OF_PHAGOSOMAL_MATURATION,13,0.5384615384615384,0.512,0.49,0.98
REACTOME_SURFACTANT_METABOLISM,26,0.4230769230769231,0.796,0.206,0.412
REACTOME_SWITCHING_OF_ORIGINS_TO_A_POST_REPLICATIVE_STATE,85,0.49411764705882355,0.52,0.502,1.0
REACTOME_SYNAPTIC_ADHESION_LIKE_MOLECULES,21,0.42857142857142855,0.756,0.246,0.492
REACTOME_SYNDECAN_INTERACTIONS,26,0.5,0.55,0.574,1.0
REACTOME_SYNTHESIS_OF_ACTIVE_UBIQUITIN_ROLES_OF_E1_AND_E2_ENZYMES,28,0.6428571428571429,0.222,0.78,0.444
REACTOME_SYNTHESIS_OF_BILE_ACIDS_AND_BILE_SALTS,32,0.4375,0.692,0.39,0.78
REACTOME_SYNTHESIS_OF_BILE_ACIDS_AND_BILE_SALTS_VIA_24_HYDROXYCHOLESTEROL,12,0.6666666666666666,0.282,0.72,0.564
REACTOME_SYNTHESIS_OF_BILE_ACIDS_AND_BILE_SALTS_VIA_27_HYDROXYCHOLESTEROL,14,0.35714285714285715,0.8,0.202,0.404
REACTOME_SYNTHESIS_OF_BILE_ACIDS_AND_BILE_SALTS_VIA_7ALPHA_HYDROXYCHOLESTEROL,22,0.45454545454545453,0.642,0.36,0.72
REACTOME_SYNTHESIS_OF_DNA,114,0.47368421052631576,0.556,0.46,0.92
REACTOME_SYNTHESIS_OF_GLYCOSYLPHOSPHATIDYLINOSITOL_GPI,18,0.3888888888888889,0.876,0.126,0.252
REACTOME_SYNTHESIS_OF_IP2_IP_AND_INS_IN_THE_CYTOSOL,14,0.21428571428571427,0.988,0.014,0.028
REACTOME_SYNTHESIS_OF_IP3_AND_IP4_IN_THE_CYTOSOL,26,0.2692307692307692,0.992,0.01,0.02
REACTOME_SYNTHESIS_OF_LEUKOTRIENES_LT_AND_EOXINS_EX,18,0.5,0.604,0.558,1.0
REACTOME_SYNTHESIS_OF_PA,36,0.3888888888888889,0.922,0.08,0.16
REACTOME_SYNTHESIS_OF_PC,27,0.4074074074074074,0.77,0.232,0.464
REACTOME_SYNTHESIS_OF_PE,12,0.5,0.65,0.586,1.0
REACTOME_SYNTHESIS_OF_PIPS_AT_THE_EARLY_ENDOSOME_MEMBRANE,16,0.3125,0.878,0.224,0.448
REACTOME_SYNTHESIS_OF_PIPS_AT_THE_GOLGI_MEMBRANE,17,0.47058823529411764,0.642,0.498,0.996
REACTOME_SYNTHESIS_OF_PIPS_AT_THE_LATE_ENDOSOME_MEMBRANE,11,0.2727272727272727,0.894,0.204,0.408
REACTOME_SYNTHESIS_OF_PIPS_AT_THE_PLASMA_MEMBRANE,53,0.5283018867924528,0.456,0.546,0.912
REACTOME_SYNTHESIS_OF_PROSTAGLANDINS_PG_AND_THROMBOXANES_TX,15,0.6,0.294,0.708,0.588
REACTOME_SYNTHESIS_OF_PYROPHOSPHATES_IN_THE_CYTOSOL,9,0.5555555555555556,0.492,0.51,0.984
REACTOME_SYNTHESIS_OF_SUBSTRATES_IN_N_GLYCAN_BIOSYTHESIS,62,0.46774193548387094,0.612,0.39,0.78
REACTOME_SYNTHESIS_OF_VERY_LONG_CHAIN_FATTY_ACYL_COAS,21,0.2857142857142857,0.942,0.116,0.232
REACTOME_SYNTHESIS_SECRETION_AND_DEACYLATION_OF_GHRELIN,18,0.5555555555555556,0.452,0.55,0.904
REACTOME_SYNTHESIS_SECRETION_AND_INACTIVATION_OF_GLUCAGON_LIKE_PEPTIDE_1_GLP_1,20,0.6,0.338,0.664,0.676
REACTOME_SYNTHESIS_SECRETION_AND_INACTIVATION_OF_GLUCOSE_DEPENDENT_INSULINOTROPIC_POLYPEPTIDE_GIP,12,0.5833333333333334,0.29,0.712,0.58
REACTOME_S_PHASE,155,0.5225806451612903,0.454,0.548,0.908
REACTOME_TAK1_DEPENDENT_IKK_AND_NF_KAPPA_B_ACTIVATION,40,0.575,0.156,0.846,0.312
REACTOME_TANDEM_PORE_DOMAIN_POTASSIUM_CHANNELS,11,0.45454545454545453,0.616,0.386,0.772
REACTOME_TBC_RABGAPS,42,0.5952380952380952,0.316,0.686,0.632
REACTOME_TCF_DEPENDENT_SIGNALING_IN_RESPONSE_TO_WNT,200,0.445,0.786,0.216,0.432
REACTOME_TCR_SIGNALING,109,0.5412844036697247,0.396,0.606,0.792
REACTOME_TELOMERE_C_STRAND_LAGGING_STRAND_SYNTHESIS,33,0.2727272727272727,0.918,0.122,0.244
REACTOME_TELOMERE_C_STRAND_SYNTHESIS_INITIATION,12,0.16666666666666666,0.966,0.036,0.072
REACTOME_TELOMERE_EXTENSION_BY_TELOMERASE,23,0.34782608695652173,0.892,0.11,0.22
REACTOME_TELOMERE_MAINTENANCE,92,0.40217391304347827,0.762,0.24,0.48
REACTOME_TERMINATION_OF_O_GLYCAN_BIOSYNTHESIS,22,0.4090909090909091,0.712,0.29,0.58
REACTOME_TERMINATION_OF_TRANSLESION_DNA_SYNTHESIS,32,0.5,0.576,0.55,1.0
REACTOME_TETRAHYDROBIOPTERIN_BH4_SYNTHESIS_RECYCLING_SALVAGE_AND_REGULATION,9,0.5555555555555556,0.448,0.554,0.896
REACTOME_TFAP2_AP_2_FAMILY_REGULATES_TRANSCRIPTION_OF_GROWTH_FACTORS_AND_THEIR_RECEPTORS,12,0.5,0.618,0.6,1.0
REACTOME_TGFBR3_EXPRESSION,25,0.4,0.882,0.216,0.432
REACTOME_TGFBR3_PTM_REGULATION,11,0.2727272727272727,0.908,0.2,0.4
REACTOME_TGF_BETA_RECEPTOR_SIGNALING_ACTIVATES_SMADS,46,0.4782608695652174,0.668,0.334,0.668
REACTOME_TGF_BETA_RECEPTOR_SIGNALING_IN_EMT_EPITHELIAL_TO_MESENCHYMAL_TRANSITION,16,0.5,0.58,0.582,1.0
REACTOME_THE_ACTIVATION_OF_ARYLSULFATASES,12,0.4166666666666667,0.592,0.41,0.82
REACTOME_THE_CANONICAL_RETINOID_CYCLE_IN_RODS_TWILIGHT_VISION,22,0.3181818181818182,0.862,0.14,0.28
REACTOME_THE_NLRP3_INFLAMMASOME,16,0.625,0.26,0.858,0.52
REACTOME_THE_PHOTOTRANSDUCTION_CASCADE,32,0.25,1.0,0.012,0.024
REACTOME_THE_ROLE_OF_GTSE1_IN_G2_M_PROGRESSION_AFTER_G2_CHECKPOINT,71,0.5774647887323944,0.404,0.598,0.808
REACTOME_THE_ROLE_OF_NEF_IN_HIV_1_REPLICATION_AND_DISEASE_PATHOGENESIS,28,0.4642857142857143,0.602,0.312,0.624
REACTOME_THROMBIN_SIGNALLING_THROUGH_PROTEINASE_ACTIVATED_RECEPTORS_PARS,29,0.4827586206896552,0.51,0.358,0.716
REACTOME_THROMBOXANE_SIGNALLING_THROUGH_TP_RECEPTOR,22,0.5909090909090909,0.188,0.814,0.376
REACTOME_THYROXINE_BIOSYNTHESIS,10,0.5,0.566,0.588,1.0
REACTOME_TICAM1_DEPENDENT_ACTIVATION_OF_IRF3_IRF7,13,0.46153846153846156,0.668,0.504,1.0
REACTOME_TICAM1_RIP1_MEDIATED_IKK_COMPLEX_RECRUITMENT,17,0.5294117647058824,0.518,0.484,0.968
REACTOME_TICAM1_TRAF6_DEPENDENT_INDUCTION_OF_TAK1_COMPLEX,11,0.5454545454545454,0.506,0.496,0.992
REACTOME_TIE2_SIGNALING,18,0.4444444444444444,0.698,0.432,0.864
REACTOME_TIGHT_JUNCTION_INTERACTIONS,29,0.3103448275862069,0.916,0.086,0.172
REACTOME_TNFR1_INDUCED_NF_KAPPA_B_SIGNALING_PATHWAY,32,0.53125,0.472,0.658,0.944
REACTOME_TNFR1_INDUCED_PROAPOPTOTIC_SIGNALING,25,0.4,0.832,0.262,0.524
REACTOME_TNFR2_NON_CANONICAL_NF_KB_PATHWAY,95,0.47368421052631576,0.55,0.46,0.92
REACTOME_TNFS_BIND_THEIR_PHYSIOLOGICAL_RECEPTORS,27,0.4074074074074074,0.718,0.284,0.568
REACTOME_TNF_RECEPTOR_SUPERFAMILY_TNFSF_MEMBERS_MEDIATING_NON_CANONICAL_NF_KB_PATHWAY,17,0.4117647058823529,0.906,0.096,0.192
REACTOME_TNF_SIGNALING,56,0.5357142857142857,0.34,0.662,0.68
REACTOME_TOLL_LIKE_RECEPTOR_9_TLR9_CASCADE,104,0.4519230769230769,0.712,0.29,0.58
REACTOME_TOLL_LIKE_RECEPTOR_CASCADES,164,0.45121951219512196,0.768,0.234,0.468
REACTOME_TOLL_LIKE_RECEPTOR_TLR1_TLR2_CASCADE,110,0.45454545454545453,0.758,0.244,0.488
REACTOME_TP53_REGULATES_METABOLIC_GENES,78,0.5,0.528,0.51,1.0
REACTOME_TP53_REGULATES_TRANSCRIPTION_OF_ADDITIONAL_CELL_CYCLE_GENES_WHOSE_EXACT_ROLE_IN_THE_P53_PATHWAY_REMAIN_UNCERTAIN,21,0.38095238095238093,0.918,0.182,0.364
REACTOME_TP53_REGULATES_TRANSCRIPTION_OF_CASPASE_ACTIVATORS_AND_CASPASES,12,0.5,0.626,0.638,1.0
REACTOME_TP53_REGULATES_TRANSCRIPTION_OF_CELL_CYCLE_GENES,49,0.4897959183673469,0.598,0.404,0.808
REACTOME_TP53_REGULATES_TRANSCRIPTION_OF_CELL_DEATH_GENES,44,0.4772727272727273,0.55,0.372,0.744
REACTOME_TP53_REGULATES_TRANSCRIPTION_OF_DEATH_RECEPTORS_AND_LIGANDS,12,0.3333333333333333,0.878,0.124,0.248
REACTOME_TP53_REGULATES_TRANSCRIPTION_OF_DNA_REPAIR_GENES,58,0.4827586206896552,0.56,0.4,0.8
REACTOME_TP53_REGULATES_TRANSCRIPTION_OF_GENES_INVOLVED_IN_CYTOCHROME_C_RELEASE,20,0.5,0.588,0.554,1.0
REACTOME_TP53_REGULATES_TRANSCRIPTION_OF_GENES_INVOLVED_IN_G1_CELL_CYCLE_ARREST,14,0.5714285714285714,0.434,0.568,0.868
REACTOME_TP53_REGULATES_TRANSCRIPTION_OF_GENES_INVOLVED_IN_G2_CELL_CYCLE_ARREST,18,0.4444444444444444,0.786,0.416,0.832
REACTOME_TP53_REGULATES_TRANSCRIPTION_OF_SEVERAL_ADDITIONAL_CELL_DEATH_GENES_WHOSE_SPECIFIC_ROLES_IN_P53_DEPENDENT_APOPTOSIS_REMAIN_UNCERTAIN,14,0.2857142857142857,0.94,0.152,0.304
REACTOME_TRAF3_DEPENDENT_IRF_ACTIVATION_PATHWAY,15,0.3333333333333333,0.896,0.106,0.212
REACTOME_TRAF6_MEDIATED_INDUCTION_OF_TAK1_COMPLEX_WITHIN_TLR4_COMPLEX,15,0.6666666666666666,0.19,0.812,0.38
REACTOME_TRAF6_MEDIATED_IRF7_ACTIVATION,25,0.44,0.668,0.334,0.668
REACTOME_TRAF6_MEDIATED_IRF7_ACTIVATION_IN_TLR7_8_OR_9_SIGNALING,12,0.5833333333333334,0.22,0.782,0.44
REACTOME_TRAF6_MEDIATED_NF_KB_ACTIVATION,23,0.4782608695652174,0.65,0.352,0.704
REACTOME_TRAFFICKING_AND_PROCESSING_OF_ENDOSOMAL_TLR,13,0.5384615384615384,0.54,0.462,0.924
REACTOME_TRAFFICKING_OF_AMPA_RECEPTORS,31,0.45161290322580644,0.636,0.366,0.732
REACTOME_TRAFFICKING_OF_GLUR2_CONTAINING_AMPA_RECEPTORS,17,0.4117647058823529,0.82,0.182,0.364
REACTOME_TRANSCRIPTIONAL_ACTIVATION_OF_MITOCHONDRIAL_BIOGENESIS,54,0.37037037037037035,0.892,0.068,0.136
REACTOME_TRANSCRIPTIONAL_ACTIVITY_OF_SMAD2_SMAD3_SMAD4_HETEROTRIMER,50,0.52,0.354,0.648,0.708
REACTOME_TRANSCRIPTIONAL_AND_POST_TRANSLATIONAL_REGULATION_OF_MITF_M_EXPRESSION_AND_ACTIVITY,50,0.46,0.746,0.256,0.512
REACTOME_TRANSCRIPTIONAL_REGULATION_BY_E2F6,30,0.5666666666666667,0.132,0.87,0.264
REACTOME_TRANSCRIPTIONAL_REGULATION_BY_MECP2,61,0.5081967213114754,0.442,0.56,0.884
REACTOME_TRANSCRIPTIONAL_REGULATION_BY_NPAS4,33,0.42424242424242425,0.784,0.218,0.436
REACTOME_TRANSCRIPTIONAL_REGULATION_BY_RUNX1,204,0.5098039215686274,0.472,0.53,0.944
REACTOME_TRANSCRIPTIONAL_REGULATION_BY_RUNX2,114,0.5,0.516,0.504,1.0
REACTOME_TRANSCRIPTIONAL_REGULATION_BY_RUNX3,93,0.44086021505376344,0.638,0.364,0.728
REACTOME_TRANSCRIPTIONAL_REGULATION_BY_SMALL_RNAS,78,0.5256410256410257,0.4,0.602,0.8
REACTOME_TRANSCRIPTIONAL_REGULATION_BY_THE_AP_2_TFAP2_FAMILY_OF_TRANSCRIPTION_FACTORS,34,0.5,0.542,0.558,1.0
REACTOME_TRANSCRIPTIONAL_REGULATION_BY_TP53,348,0.49137931034482757,0.562,0.44,0.88
REACTOME_TRANSCRIPTIONAL_REGULATION_BY_VENTX,36,0.4444444444444444,0.752,0.328,0.656
REACTOME_TRANSCRIPTIONAL_REGULATION_OF_BROWN_AND_BEIGE_ADIPOCYTE_DIFFERENTIATION,31,0.5161290322580645,0.368,0.634,0.736
REACTOME_TRANSCRIPTIONAL_REGULATION_OF_GRANULOPOIESIS,64,0.5625,0.374,0.644,0.748
REACTOME_TRANSCRIPTIONAL_REGULATION_OF_PLURIPOTENT_STEM_CELLS,28,0.5,0.564,0.56,1.0
REACTOME_TRANSCRIPTIONAL_REGULATION_OF_TESTIS_DIFFERENTIATION,13,0.5384615384615384,0.484,0.518,0.968
REACTOME_TRANSCRIPTIONAL_REGULATION_OF_WHITE_ADIPOCYTE_DIFFERENTIATION,84,0.44047619047619047,0.79,0.212,0.424
REACTOME_TRANSCRIPTION_COUPLED_NUCLEOTIDE_EXCISION_REPAIR_TC_NER,72,0.4861111111111111,0.55,0.452,0.904
REACTOME_TRANSCRIPTION_OF_E2F_TARGETS_UNDER_NEGATIVE_CONTROL_BY_DREAM_COMPLEX,19,0.7368421052631579,0.044,0.958,0.088
REACTOME_TRANSCRIPTION_OF_E2F_TARGETS_UNDER_NEGATIVE_CONTROL_BY_P107_RBL1_AND_P130_RBL2_IN_COMPLEX_WITH_HDAC1,16,0.6875,0.134,0.952,0.268
REACTOME_TRANSCRIPTION_OF_THE_HIV_GENOME,67,0.5522388059701493,0.428,0.574,0.856
REACTOME_TRANSFERRIN_ENDOCYTOSIS_AND_RECYCLING,31,0.6774193548387096,0.218,0.784,0.436
REACTOME_TRANSLATION,235,0.5574468085106383,0.44,0.562,0.88
REACTOME_TRANSLATION_OF_REPLICASE_AND_ASSEMBLY_OF_THE_REPLICATION_TRANSCRIPTION_COMPLEX,13,0.38461538461538464,0.794,0.208,0.416
REACTOME_TRANSLATION_OF_SARS_COV_1_STRUCTURAL_PROTEINS,28,0.5357142857142857,0.39,0.612,0.78
REACTOME_TRANSLATION_OF_SARS_COV_2_STRUCTURAL_PROTEINS,55,0.6,0.334,0.668,0.668
REACTOME_TRANSLESION_SYNTHESIS_BY_POLH,19,0.47368421052631576,0.622,0.504,1.0
REACTOME_TRANSLESION_SYNTHESIS_BY_POLK,17,0.5882352941176471,0.386,0.616,0.772
REACTOME_TRANSLESION_SYNTHESIS_BY_Y_FAMILY_DNA_POLYMERASES_BYPASSES_LESIONS_ON_DNA_TEMPLATE,39,0.5128205128205128,0.524,0.478,0.956
REACTOME_TRANSLOCATION_OF_SLC2A4_GLUT4_TO_THE_PLASMA_MEMBRANE,66,0.5303030303030303,0.386,0.616,0.772
REACTOME_TRANSMISSION_ACROSS_CHEMICAL_SYNAPSES,260,0.4346153846153846,0.888,0.114,0.228
REACTOME_TRANSPORT_OF_BILE_SALTS_AND_ORGANIC_ACIDS_METAL_IONS_AND_AMINE_COMPOUNDS,82,0.3780487804878049,0.9,0.102,0.204
REACTOME_TRANSPORT_OF_CONNEXONS_TO_THE_PLASMA_MEMBRANE,17,0.7058823529411765,0.22,0.782,0.44
REACTOME_TRANSPORT_OF_INORGANIC_CATIONS_ANIONS_AND_AMINO_ACIDS_OLIGOPEPTIDES,104,0.40384615384615385,0.864,0.138,0.276
REACTOME_TRANSPORT_OF_MATURE_MRNAS_DERIVED_FROM_INTRONLESS_TRANSCRIPTS,41,0.5365853658536586,0.444,0.558,0.888
REACTOME_TRANSPORT_OF_MATURE_TRANSCRIPT_TO_CYTOPLASM,78,0.5128205128205128,0.47,0.532,0.94
REACTOME_TRANSPORT_OF_NUCLEOSIDES_AND_FREE_PURINE_AND_PYRIMIDINE_BASES_ACROSS_THE_PLASMA_MEMBRANE,12,0.4166666666666667,0.638,0.364,0.728
REACTOME_TRANSPORT_OF_ORGANIC_ANIONS,11,0.6363636363636364,0.114,0.888,0.228
REACTOME_TRANSPORT_OF_SMALL_MOLECULES,706,0.46742209631728043,0.68,0.322,0.644
REACTOME_TRANSPORT_OF_THE_SLBP_DEPENDANT_MATURE_MRNA,34,0.5588235294117647,0.338,0.664,0.676
REACTOME_TRANSPORT_OF_VITAMINS_NUCLEOSIDES_AND_RELATED_MOLECULES,42,0.5238095238095238,0.484,0.518,0.968
REACTOME_TRANSPORT_TO_THE_GOLGI_AND_SUBSEQUENT_MODIFICATION,177,0.5649717514124294,0.366,0.636,0.732
REACTOME_TRANS_GOLGI_NETWORK_VESICLE_BUDDING,70,0.5428571428571428,0.434,0.568,0.868
REACTOME_TRIGLYCERIDE_BIOSYNTHESIS,11,0.2727272727272727,0.966,0.132,0.264
REACTOME_TRIGLYCERIDE_CATABOLISM,21,0.5238095238095238,0.544,0.458,0.916
REACTOME_TRIGLYCERIDE_METABOLISM,32,0.4375,0.836,0.284,0.568
REACTOME_TRISTETRAPROLIN_TTP_ZFP36_BINDS_AND_DESTABILIZES_MRNA,17,0.5294117647058824,0.534,0.468,0.936
REACTOME_TRNA_AMINOACYLATION,42,0.42857142857142855,0.658,0.344,0.688
REACTOME_TRNA_MODIFICATION_IN_THE_NUCLEUS_AND_CYTOSOL,42,0.35714285714285715,0.894,0.108,0.216
REACTOME_TRNA_PROCESSING,104,0.4423076923076923,0.658,0.314,0.628
REACTOME_TRNA_PROCESSING_IN_THE_NUCLEUS,55,0.509090909090909,0.476,0.526,0.952
REACTOME_TRP_CHANNELS,28,0.2857142857142857,0.988,0.028,0.056
REACTOME_TRYPTOPHAN_CATABOLISM,14,0.5,0.568,0.584,1.0
REACTOME_TYPE_I_HEMIDESMOSOME_ASSEMBLY,11,0.2727272727272727,0.926,0.176,0.352
REACTOME_UBIQUINOL_BIOSYNTHESIS,13,0.07692307692307693,0.994,0.026,0.052
REACTOME_UB_SPECIFIC_PROCESSING_PROTEASES,172,0.47093023255813954,0.622,0.38,0.76
REACTOME_UCH_PROTEINASES,85,0.49411764705882355,0.526,0.484,0.968
REACTOME_UNBLOCKING_OF_NMDA_RECEPTORS_GLUTAMATE_BINDING_AND_ACTIVATION,21,0.5714285714285714,0.324,0.678,0.648
REACTOME_UNFOLDED_PROTEIN_RESPONSE_UPR,90,0.5444444444444444,0.434,0.568,0.868
REACTOME_UNWINDING_OF_DNA,12,0.25,0.934,0.158,0.316
REACTOME_UPTAKE_AND_ACTIONS_OF_BACTERIAL_TOXINS,28,0.4642857142857143,0.54,0.342,0.684
REACTOME_UPTAKE_AND_FUNCTION_OF_ANTHRAX_TOXINS,11,0.45454545454545453,0.756,0.246,0.492
REACTOME_UPTAKE_OF_DIETARY_COBALAMINS_INTO_ENTEROCYTES,9,0.6666666666666666,0.222,0.78,0.444
REACTOME_UREA_CYCLE,10,0.2,0.966,0.096,0.192
REACTOME_VASOPRESSIN_REGULATES_RENAL_WATER_HOMEOSTASIS_VIA_AQUAPORINS,42,0.5714285714285714,0.236,0.766,0.472
REACTOME_VEGFR2_MEDIATED_CELL_PROLIFERATION,19,0.42105263157894735,0.792,0.21,0.42
REACTOME_VEGFR2_MEDIATED_VASCULAR_PERMEABILITY,26,0.38461538461538464,0.908,0.094,0.188
REACTOME_VESICLE_MEDIATED_TRANSPORT,653,0.4869831546707504,0.578,0.422,0.844
REACTOME_VIRAL_INFECTION_PATHWAYS,734,0.5217983651226158,0.446,0.556,0.892
REACTOME_VIRAL_MESSENGER_RNA_SYNTHESIS,42,0.5,0.542,0.534,1.0
REACTOME_VISUAL_PHOTOTRANSDUCTION,93,0.2903225806451613,0.998,0.004,0.008
REACTOME_VITAMIN_B5_PANTOTHENATE_METABOLISM,19,0.2631578947368421,0.946,0.056,0.112
REACTOME_VITAMIN_D_CALCIFEROL_METABOLISM,11,0.2727272727272727,0.974,0.102,0.204
REACTOME_VLDLR_INTERNALISATION_AND_DEGRADATION,16,0.4375,0.714,0.4,0.8
REACTOME_VOLTAGE_GATED_POTASSIUM_CHANNELS,42,0.42857142857142855,0.714,0.288,0.576
REACTOME_VXPX_CARGO_TARGETING_TO_CILIUM,20,0.3,0.994,0.008,0.016
REACTOME_WNT5A_DEPENDENT_INTERNALIZATION_OF_FZD2_FZD5_AND_ROR2,13,0.46153846153846156,0.694,0.46,0.92
REACTOME_WNT5A_DEPENDENT_INTERNALIZATION_OF_FZD4,15,0.2,0.994,0.024,0.048
REACTOME_WNT_LIGAND_BIOGENESIS_AND_TRAFFICKING,24,0.2916666666666667,0.93,0.072,0.144
REACTOME_XENOBIOTICS,21,0.7142857142857143,0.116,0.886,0.232
REACTOME_YAP1_AND_WWTR1_TAZ_STIMULATED_GENE_EXPRESSION,15,0.6,0.322,0.68,0.644
REACTOME_ZBP1_DAI_MEDIATED_INDUCTION_OF_TYPE_I_IFNS,20,0.35,0.772,0.158,0.316
REACTOME_ZINC_INFLUX_INTO_CELLS_BY_THE_SLC39_GENE_FAMILY,10,0.7,0.146,0.856,0.292
REACTOME_ZINC_TRANSPORTERS,15,0.6666666666666666,0.228,0.774,0.456
REACTOME_ZYGOTIC_GENOME_ACTIVATION_ZGA,10,0.4,0.802,0.396,0.792
REACTOME_Z_DECAY_DEGRADATION_OF_MATERNAL_MRNAS_BY_ZYGOTICALLY_EXPRESSED_FACTORS,7,0.2857142857142857,0.926,0.272,0.544
