collection_rank,module,n_genes,cohort_a_fraction_up,cohort_a_median_effect,cohort_a_sign_p,cohort_a_sign_p_two_sided,cohort_b_fraction_up,cohort_b_median_effect,cohort_b_sign_p,cohort_b_sign_p_two_sided,gene_concordance,gene_concordance_p,gene_concordance_p_two_sided,same_direction,significant_in_cohort_a,significant_in_cohort_b,gene_level_replicated,concordance_empirical_p_greater,concordance_empirical_p_less,concordance_empirical_p_two_sided,concordance_null_median,concordance_null_upper_95,concordance_q_two_sided,direction_p_gse70362,direction_p_gse23130,direction_q_gse70362,direction_q_gse23130,direction_q_both,direction_exact_q_gse70362,direction_exact_q_gse23130,direction_exact_q_both,concordance_exact_q,replicated_fdr
1,KEGG_PROTEIN_EXPORT,22,0.9545454545454546,0.07290037979607819,5.483627319335917e-06,1.0967254638671834e-05,0.7727272727272727,0.1310279838709678,0.00845026969909663,0.01690053939819326,0.8181818181818182,0.0021717548370361254,0.004343509674072251,True,True,True,True,0.001999600079984003,1.0,0.003999200159968006,0.5,0.6818181818181818,1.0,,,,,,0.0019205753047441623,0.05734375158251599,0.05734375158251599,1.0,False
2,REACTOME_HSP90_CHAPERONE_CYCLE_FOR_STEROID_HORMONE_RECEPTORS_SHR_IN_THE_PRESENCE_OF_LIGAND,49,0.6530612244897959,0.02257059042745084,0.022192080493575232,0.044384160987150464,0.7755102040816326,0.06728169354838724,7.098534259952869e-05,0.00014197068519905738,0.7551020408163265,0.00023487865900407039,0.00046975731800814077,True,True,True,True,0.0003999200159968006,0.9998000399920016,0.0007998400319936012,0.4897959183673469,0.6122448979591837,0.9322135572885422,,,,,,0.41055348913114176,0.0013132288380912807,0.41055348913114176,0.7088059633970175,False
3,REACTOME_ANTIGEN_PRESENTATION_FOLDING_ASSEMBLY_AND_PEPTIDE_LOADING_OF_CLASS_I_MHC,29,0.6896551724137931,0.05280046364705797,0.03071417286992053,0.06142834573984106,0.7586206896551724,0.2414095161290325,0.004065029323101013,0.008130058646202027,0.7241379310344828,0.01205977238714687,0.02411954477429374,True,True,True,True,0.008598280343931213,0.997000599880024,0.017196560687862426,0.4827586206896552,0.6551724137931034,1.0,,,,,,0.48649633672249,0.033327948407475216,0.48649633672249,1.0,False
4,REACTOME_CHAPERONE_MEDIATED_AUTOPHAGY,21,0.7142857142857143,0.009288842921568693,0.03917694091796873,0.07835388183593746,0.7142857142857143,0.07068048387096801,0.03917694091796873,0.07835388183593746,0.7142857142857143,0.03917694091796873,0.07835388183593746,True,True,True,True,0.029994001199760048,0.9902019596080783,0.059988002399520096,0.47619047619047616,0.6666666666666666,1.0,,,,,,0.5203501383463556,0.18282572428385405,0.5203501383463556,1.0,False
5,REACTOME_RHO_GTPASES_ACTIVATE_IQGAPS,27,0.7037037037037037,0.018210025333331346,0.026119492948055455,0.05223898589611091,0.8518518518518519,0.22598443548387054,0.00015537440776825005,0.0003107488155365001,0.7037037037037037,0.026119492948055455,0.05223898589611091,True,True,True,True,0.022595480903819236,0.9946010797840432,0.04519096180763847,0.48148148148148145,0.6666666666666666,1.0,,,,,,0.45628522843737745,0.0024637941803251078,0.45628522843737745,1.0,False
6,REACTOME_SRP_DEPENDENT_COTRANSLATIONAL_PROTEIN_TARGETING_TO_MEMBRANE,63,0.7777777777777778,0.024341539411763757,5.5615115002244085e-06,1.1123023000448817e-05,0.873015873015873,0.60809185483871,4.880836543307311e-10,9.761673086614623e-10,0.6825396825396826,0.002576198521045998,0.005152397042091996,True,True,True,True,0.0011997600479904018,0.9996000799840032,0.0023995200959808036,0.49206349206349204,0.6031746031746031,1.0,,,,,,0.0019205753047441623,5.86157895506902e-08,0.0019205753047441623,1.0,False
7,KEGG_PATHOGENIC_ESCHERICHIA_COLI_INFECTION,44,0.7272727272727273,0.04863863193921466,0.0018288834139639424,0.003657766827927885,0.7727272727272727,0.08397665322580669,0.00019406545146694108,0.00038813090293388216,0.6818181818181818,0.011314420602957405,0.02262884120591481,True,True,True,True,0.009798040391921616,0.9966006798640272,0.019596080783843232,0.5,0.6136363636363636,1.0,,,,,,0.10724848397358364,0.002985917936431945,0.10724848397358364,1.0,False
8,REACTOME_COOPERATION_OF_PREFOLDIN_AND_TRIC_CCT_IN_ACTIN_AND_TUBULIN_FOLDING,31,0.6774193548387096,0.01704579359215599,0.035377772990614134,0.07075554598122827,0.8064516129032258,0.1730740322580651,0.00043895514681935115,0.0008779102936387023,0.6774193548387096,0.035377772990614134,0.07075554598122827,True,True,True,True,0.027794441111777646,0.9892021595680864,0.05558888222355529,0.4838709677419355,0.6451612903225806,1.0,,,,,,0.5090468446982812,0.005568459576794055,0.5090468446982812,1.0,False
9,REACTOME_CYCLIN_D_ASSOCIATED_EVENTS_IN_G1,44,0.6590909090909091,0.012577585172548752,0.024383382952237475,0.04876676590447495,0.6363636363636364,0.040466612903226104,0.04807087721030764,0.09614175442061527,0.6590909090909091,0.024383382952237475,0.04876676590447495,True,True,True,True,0.01979604079184163,0.9904019196160768,0.03959208158368326,0.5,0.6136363636363636,1.0,,,,,,0.4379935429014025,0.21429268473540478,0.4379935429014025,1.0,False
10,KEGG_VIBRIO_CHOLERAE_INFECTION,54,0.6296296296296297,0.020131091558823047,0.037952364744549216,0.07590472948909843,0.7407407407407407,0.06928754032258062,0.000267717751428525,0.00053543550285705,0.6296296296296297,0.037952364744549216,0.07590472948909843,True,True,True,True,0.03179364127174565,0.9836032793441312,0.0635872825434913,0.5,0.6111111111111112,1.0,,,,,,0.5203501383463556,0.00378212168836298,0.5203501383463556,1.0,False
11,REACTOME_COPI_DEPENDENT_GOLGI_TO_ER_RETROGRADE_TRAFFIC,93,0.5913978494623656,0.011249506015685798,0.0482825986488522,0.0965651972977044,0.7311827956989247,0.052484354838710015,4.687817653858438e-06,9.375635307716876e-06,0.6236559139784946,0.011009294186961763,0.022018588373923526,True,True,True,True,0.008798240351929614,0.9952009598080384,0.01759648070385923,0.4946236559139785,0.5806451612903226,1.0,,,,,,0.5793911837862264,0.00013875940255420976,0.5793911837862264,1.0,False
12,REACTOME_TRANSPORT_TO_THE_GOLGI_AND_SUBSEQUENT_MODIFICATION,176,0.5681818181818182,0.011537606837254853,0.0413401388606278,0.0826802777212556,0.7102272727272727,0.06176701612903265,1.174778639997255e-08,2.34955727999451e-08,0.5852272727272727,0.014265690373906207,0.028531380747812415,True,True,True,True,0.007598480303939212,0.9954009198160368,0.015196960607878424,0.4943181818181818,0.5511363636363636,1.0,,,,,,0.5331334090407933,8.491190728166205e-07,0.5331334090407933,1.0,False
13,REACTOME_ASPARAGINE_N_LINKED_GLYCOSYLATION,283,0.5653710247349824,0.009501712588235824,0.01608689662931273,0.03217379325862546,0.6678445229681979,0.05166612903226013,8.524837281701044e-09,1.7049674563402088e-08,0.558303886925795,0.028476327650334768,0.056952655300669536,True,True,True,True,0.017196560687862426,0.9894021195760848,0.03439312137572485,0.4911660777385159,0.5406360424028268,1.0,,,,,,0.39624933376907995,6.972419545138643e-07,0.39624933376907995,1.0,False
14,REACTOME_INTERFERON_SIGNALING,239,0.5815899581589958,0.014936424223529433,0.00690103432329511,0.01380206864659022,0.6317991631799164,0.02747572580645228,2.7643970421975395e-05,5.528794084395079e-05,0.5564853556485355,0.0461997128315342,0.0923994256630684,True,True,True,True,0.028994201159768047,0.9792041591681664,0.05798840231953609,0.4895397489539749,0.5439330543933054,1.0,,,,,,0.24329485154766892,0.0006050525357147854,0.24329485154766892,1.0,False
15,REACTOME_PHENYLALANINE_AND_TYROSINE_METABOLISM,10,0.1,-0.05239893993137297,0.9990234374999984,0.02148437500000002,0.2,-0.04157044354838686,0.9892578124999983,0.109375,0.9,0.01074218750000001,0.02148437500000002,True,False,False,False,0.008598280343931213,0.9992001599680064,0.017196560687862426,0.5,0.8,1.0,,,,,,0.312025408878505,0.23219774590163955,0.312025408878505,1.0,False
16,REACTOME_NEGATIVE_REGULATION_OF_FLT3,14,0.7142857142857143,0.009725820739215008,0.08978271484375025,0.1795654296875005,0.8571428571428571,0.03728866935483921,0.006469726562500025,0.01293945312500005,0.8571428571428571,0.006469726562500025,0.01293945312500005,True,False,True,False,0.007198560287942412,0.999000199960008,0.014397120575884824,0.5,0.7142857142857143,1.0,,,,,,0.7136692525175852,0.046981098495911394,0.7136692525175852,1.0,False
17,REACTOME_GLYCOGEN_STORAGE_DISEASES,13,0.5384615384615384,0.0053615430588218205,0.4999999999999993,0.9999999999999986,0.6923076923076923,0.06830129032258112,0.1334228515625,0.266845703125,0.8461538461538461,0.011230468749999969,0.022460937499999938,True,False,False,False,0.008998200359928014,0.998000399920016,0.017996400719856028,0.46153846153846156,0.6923076923076923,1.0,,,,,,1.0,0.4416168505391377,1.0,1.0,False
18,REACTOME_INTERLEUKIN_35_SIGNALLING,12,0.4166666666666667,-0.035897137605882576,0.8061523437499982,0.7744140624999993,0.5833333333333334,0.05297935483871015,0.38720703124999967,0.7744140624999993,0.8333333333333334,0.01928710937499998,0.03857421874999996,False,False,False,False,0.017196560687862426,0.9984003199360127,0.03439312137572485,0.5,0.75,1.0,,,,,,1.0,0.9221758261494244,1.0,1.0,False
19,REACTOME_STING_MEDIATED_INDUCTION_OF_HOST_IMMUNE_RESPONSES,11,0.5454545454545454,0.028331959180390227,0.5,1.0,0.36363636363636365,-0.025281693548386844,0.88671875,0.548828125000001,0.8181818181818182,0.03271484375000009,0.06542968750000018,False,False,False,False,0.027594481103779243,0.9946010797840432,0.055188962207558485,0.45454545454545453,0.7272727272727273,1.0,,,,,,1.0,0.7365102817357526,1.0,1.0,False
20,KEGG_PRIMARY_BILE_ACID_BIOSYNTHESIS,15,0.6666666666666666,0.015105181682352857,0.1508789062499999,0.3017578124999998,0.8666666666666667,0.012185000000000503,0.0036926269531250026,0.007385253906250005,0.8,0.017578125000000014,0.03515625000000003,True,False,True,False,0.014797040591881624,0.9974005198960207,0.02959408118376325,0.4666666666666667,0.7333333333333333,1.0,,,,,,0.8455877169310615,0.030851302608366958,0.8455877169310615,1.0,False
21,REACTOME_CRISTAE_FORMATION,10,0.4,-0.04705695159411884,0.8281249999999983,0.7539062499999992,0.6,0.02401112903225843,0.3769531249999994,0.7539062499999988,0.8,0.05468750000000005,0.1093750000000001,False,False,False,False,0.05378924215156969,0.9916016796640672,0.10757848430313938,0.5,0.8,1.0,,,,,,1.0,0.9131491134060786,1.0,1.0,False
22,REACTOME_MASTL_FACILITATES_MITOTIC_PROGRESSION,10,0.5,8.222259803913369e-05,0.6230468749999987,1.0,0.7,0.07145995967741961,0.17187499999999986,0.3437499999999997,0.8,0.05468750000000005,0.1093750000000001,True,False,False,False,0.05378924215156969,0.9916016796640672,0.10757848430313938,0.5,0.8,1.0,,,,,,1.0,0.5280973523855161,1.0,1.0,False
23,REACTOME_PEXOPHAGY,10,0.5,0.002180769450978875,0.6230468749999987,1.0,0.7,0.07669911290322617,0.17187499999999986,0.3437499999999997,0.8,0.05468750000000005,0.1093750000000001,True,False,False,False,0.05378924215156969,0.9916016796640672,0.10757848430313938,0.5,0.8,1.0,,,,,,1.0,0.5280973523855161,1.0,1.0,False
24,REACTOME_RAP1_SIGNALLING,15,0.4,-0.012085110772549257,0.8491210937499997,0.6072387695312499,0.6,0.045470322580645525,0.3036193847656248,0.6072387695312496,0.8,0.017578125000000014,0.03515625000000003,False,False,False,False,0.014797040591881624,0.9974005198960207,0.02959408118376325,0.4666666666666667,0.7333333333333333,1.0,,,,,,1.0,0.7822675852679123,1.0,1.0,False
25,REACTOME_REGULATION_OF_FOXO_TRANSCRIPTIONAL_ACTIVITY_BY_ACETYLATION,10,0.4,-0.0076810373921572875,0.8281249999999983,0.7539062499999992,0.6,0.009908911290322831,0.3769531249999994,0.7539062499999988,0.8,0.05468750000000005,0.1093750000000001,False,False,False,False,0.05378924215156969,0.9916016796640672,0.10757848430313938,0.5,0.8,1.0,,,,,,1.0,0.9131491134060786,1.0,1.0,False
26,REACTOME_RUNX1_AND_FOXP3_CONTROL_THE_DEVELOPMENT_OF_REGULATORY_T_LYMPHOCYTES_TREGS,10,0.5,-0.005935757335294181,0.6230468749999987,1.0,0.5,0.014210040322581075,0.6230468749999987,1.0,0.8,0.05468750000000005,0.1093750000000001,False,False,False,False,0.05378924215156969,0.9916016796640672,0.10757848430313938,0.5,0.8,1.0,,,,,,1.0,1.0,1.0,1.0,False
27,REACTOME_SPECIFICATION_OF_PRIMORDIAL_GERM_CELLS,10,0.3,-0.025719568905882652,0.9453124999999984,0.3437499999999999,0.1,-0.05239568548387055,0.9990234374999984,0.02148437500000002,0.8,0.05468750000000005,0.1093750000000001,True,False,False,False,0.05378924215156969,0.9916016796640672,0.10757848430313938,0.5,0.8,1.0,,,,,,0.8687501015742283,0.06941105769230776,0.8687501015742283,1.0,False
28,REACTOME_ZINC_INFLUX_INTO_CELLS_BY_THE_SLC39_GENE_FAMILY,10,0.7,0.026713643856862434,0.17187499999999986,0.3437499999999997,0.5,0.038140766129032416,0.6230468749999987,1.0,0.8,0.05468750000000005,0.1093750000000001,True,False,False,False,0.05378924215156969,0.9916016796640672,0.10757848430313938,0.5,0.8,1.0,,,,,,0.8687501015742283,1.0,1.0,1.0,False
29,REACTOME_DCC_MEDIATED_ATTRACTIVE_SIGNALING,14,0.6428571428571429,0.053587686931371656,0.21197509765625067,0.42395019531250133,0.7142857142857143,0.07648016129032276,0.08978271484375025,0.1795654296875005,0.7857142857142857,0.02868652343750004,0.05737304687500008,True,False,False,False,0.027994401119776045,0.993001399720056,0.05598880223955209,0.5,0.7142857142857143,1.0,,,,,,0.9210189514320003,0.33741799000529116,0.9210189514320003,1.0,False
30,REACTOME_BIOSYNTHESIS_OF_SPECIALIZED_PRORESOLVING_MEDIATORS_SPMS,18,0.5,-0.005357881052941397,0.5927352905273445,1.0,0.6111111111111112,0.0071343145161291525,0.24034118652343725,0.4806823730468745,0.7777777777777778,0.015441894531249983,0.030883789062499965,False,False,False,False,0.01739652069586083,0.9964007198560288,0.03479304139172166,0.5,0.6666666666666666,1.0,,,,,,1.0,0.6681398995660495,1.0,1.0,False
31,REACTOME_PHYSIOLOGICAL_FACTORS,13,0.46153846153846156,-0.006075979725490237,0.7094726562499986,0.9999999999999977,0.23076923076923078,-0.014971451612902406,0.9887695312499981,0.09228515625,0.7692307692307693,0.04614257812499994,0.09228515624999988,True,False,False,False,0.041591681663667265,0.9912017596480703,0.08318336332733453,0.46153846153846156,0.6923076923076923,1.0,,,,,,1.0,0.21120932667525774,1.0,1.0,False
32,REACTOME_TRANSPORT_OF_CONNEXONS_TO_THE_PLASMA_MEMBRANE,17,0.7058823529411765,0.016736044294117458,0.07173156738281275,0.1434631347656255,0.8235294117647058,0.1730740322580651,0.006362915039062509,0.012725830078125017,0.7647058823529411,0.02452087402343759,0.04904174804687518,True,False,True,False,0.021395720855828835,0.9944011197760448,0.04279144171165767,0.47058823529411764,0.7058823529411765,1.0,,,,,,0.6780868731870989,0.04631367667776646,0.6780868731870989,1.0,False
33,REACTOME_GLYCOGEN_SYNTHESIS,12,0.5,0.0023060059196062894,0.6127929687499988,1.0,0.75,0.07639774193548404,0.07299804687500001,0.14599609375000003,0.75,0.07299804687500001,0.14599609375000003,True,False,False,False,0.0691861627674465,0.9830033993201359,0.138372325534893,0.5,0.75,1.0,,,,,,1.0,0.2886487655057255,1.0,1.0,False
34,REACTOME_INHIBITION_OF_REPLICATION_INITIATION_OF_DAMAGED_DNA_BY_RB1_E2F1,12,0.5,0.009660463968627249,0.6127929687499988,1.0,0.5833333333333334,0.018165725806451722,0.38720703124999967,0.7744140624999993,0.75,0.07299804687500001,0.14599609375000003,True,False,False,False,0.0691861627674465,0.9830033993201359,0.138372325534893,0.5,0.75,1.0,,,,,,1.0,0.9221758261494244,1.0,1.0,False
35,REACTOME_METABOLISM_OF_ANGIOTENSINOGEN_TO_ANGIOTENSINS,16,0.5,0.011554795862744965,0.5981903076171879,1.0,0.5,-0.0010214516129030782,0.5981903076171879,1.0,0.75,0.03840637207031257,0.07681274414062514,False,False,False,False,0.03499300139972006,0.9916016796640672,0.06998600279944012,0.5,0.6875,1.0,,,,,,1.0,1.0,1.0,1.0,False
36,REACTOME_METHYLATION,12,0.5,-0.0056626345568632705,0.6127929687499988,1.0,0.75,0.050850080645161486,0.07299804687500001,0.14599609375000003,0.75,0.07299804687500001,0.14599609375000003,False,False,False,False,0.0691861627674465,0.9830033993201359,0.138372325534893,0.5,0.75,1.0,,,,,,1.0,0.2886487655057255,1.0,1.0,False
37,REACTOME_PECAM1_INTERACTIONS,12,0.8333333333333334,0.037138371166666406,0.01928710937499998,0.03857421874999996,0.75,0.07018383064516151,0.07299804687500001,0.14599609375000003,0.75,0.07299804687500001,0.14599609375000003,True,True,False,False,0.0691861627674465,0.9830033993201359,0.138372325534893,0.5,0.75,1.0,,,,,,0.402310979446309,0.2886487655057255,0.402310979446309,1.0,False
38,REACTOME_REGULATION_OF_INNATE_IMMUNE_RESPONSES_TO_CYTOSOLIC_DNA,12,0.4166666666666667,-0.020583514570588764,0.8061523437499982,0.7744140624999993,0.5,0.00255524193548419,0.6127929687499988,1.0,0.75,0.07299804687500001,0.14599609375000003,False,False,False,False,0.0691861627674465,0.9830033993201359,0.138372325534893,0.5,0.75,1.0,,,,,,1.0,1.0,1.0,1.0,False
39,REACTOME_SCAVENGING_OF_HEME_FROM_PLASMA,12,0.25,-0.01895191877254925,0.9807128906249984,0.14599609375000017,0.3333333333333333,-0.009599798387096486,0.9270019531249984,0.3876953125000003,0.75,0.07299804687500001,0.14599609375000003,True,False,False,False,0.0691861627674465,0.9830033993201359,0.138372325534893,0.5,0.75,1.0,,,,,,0.6780868731870989,0.5743360492135371,0.6780868731870989,1.0,False
40,REACTOME_TP53_REGULATES_TRANSCRIPTION_OF_CASPASE_ACTIVATORS_AND_CASPASES,12,0.5,-0.0017373844509806335,0.6127929687499988,1.0,0.5833333333333334,0.03394137096774217,0.38720703124999967,0.7744140624999993,0.75,0.07299804687500001,0.14599609375000003,False,False,False,False,0.0691861627674465,0.9830033993201359,0.138372325534893,0.5,0.75,1.0,,,,,,1.0,0.9221758261494244,1.0,1.0,False
41,REACTOME_TP53_REGULATES_TRANSCRIPTION_OF_GENES_INVOLVED_IN_CYTOCHROME_C_RELEASE,20,0.5,0.0018899915509802325,0.5880985260009778,1.0,0.55,0.008110806451613306,0.41190147399902427,0.8238029479980485,0.75,0.02069473266601564,0.04138946533203128,True,False,False,False,0.016596680663867228,0.9956008798240352,0.033193361327734455,0.5,0.65,1.0,,,,,,1.0,0.9552443969227906,1.0,1.0,False
42,REACTOME_TRANSLESION_SYNTHESIS_BY_POLK,16,0.5625,0.006955036607841677,0.4018096923828125,0.803619384765625,0.8125,0.13008012096774207,0.010635375976562516,0.02127075195312503,0.75,0.03840637207031257,0.07681274414062514,True,False,True,False,0.03499300139972006,0.9916016796640672,0.06998600279944012,0.5,0.6875,1.0,,,,,,1.0,0.06937327751722443,1.0,1.0,False
43,REACTOME_SYNTHESIS_OF_ACTIVE_UBIQUITIN_ROLES_OF_E1_AND_E2_ENZYMES,27,0.6296296296296297,0.014984014921568953,0.12389428168535326,0.2477885633707065,0.8148148148148148,0.0355312903225809,0.0007568597793579158,0.0015137195587158316,0.7407407407407407,0.00957864522933966,0.01915729045867932,True,False,True,False,0.005598880223955209,0.9992001599680064,0.011197760447910418,0.48148148148148145,0.6666666666666666,1.0,,,,,,0.7787132987898479,0.008910303766077281,0.7787132987898479,1.0,False
44,REACTOME_POST_CHAPERONIN_TUBULIN_FOLDING_PATHWAY,19,0.6842105263157895,0.016736044294117458,0.0835342407226563,0.1670684814453126,0.8421052631578947,0.052484354838710015,0.0022125244140625043,0.004425048828125009,0.7368421052631579,0.031784057617187486,0.06356811523437497,True,False,True,False,0.03079384123175365,0.9908018396320736,0.0615876824635073,0.47368421052631576,0.6842105263157895,1.0,,,,,,0.7077938971296919,0.020965017923494707,0.7077938971296919,1.0,False
45,REACTOME_NRIF_SIGNALS_CELL_DEATH_FROM_THE_NUCLEUS,15,0.4666666666666667,-0.008588037509804108,0.6963806152343749,0.9999999999999998,0.6,0.0225023387096775,0.3036193847656248,0.6072387695312496,0.7333333333333333,0.059234619140624965,0.11846923828124993,False,False,False,False,0.051989602079584085,0.9854029194161168,0.10397920415916817,0.4666666666666667,0.7333333333333333,1.0,,,,,,1.0,0.7822675852679123,1.0,1.0,False
46,REACTOME_RESPIRATORY_SYNCYTIAL_VIRUS_RSV_GENOME_REPLICATION_TRANSCRIPTION_AND_TRANSLATION,15,0.8,0.03819426203921489,0.017578125000000014,0.03515625000000003,0.6666666666666666,0.11013032258064515,0.1508789062499999,0.3017578124999998,0.7333333333333333,0.059234619140624965,0.11846923828124993,True,True,False,False,0.051989602079584085,0.9854029194161168,0.10397920415916817,0.4666666666666667,0.7333333333333333,1.0,,,,,,0.39624933376907995,0.4834346810567009,0.4834346810567009,1.0,False
47,REACTOME_SARS_COV_1_MODULATES_HOST_TRANSLATION_MACHINERY,15,0.6666666666666666,0.014486125529410488,0.1508789062499999,0.3017578124999998,0.9333333333333333,0.7665816129032259,0.00048828124999999864,0.0009765624999999973,0.7333333333333333,0.059234619140624965,0.11846923828124993,True,False,True,False,0.051989602079584085,0.9854029194161168,0.10397920415916817,0.4666666666666667,0.7333333333333333,1.0,,,,,,0.8455877169310615,0.006144040991902817,0.8455877169310615,1.0,False
48,REACTOME_ZINC_TRANSPORTERS,15,0.6666666666666666,0.012814068403921432,0.1508789062499999,0.3017578124999998,0.4,-0.004004435483870604,0.8491210937499997,0.6072387695312499,0.7333333333333333,0.059234619140624965,0.11846923828124993,False,False,False,False,0.051989602079584085,0.9854029194161168,0.10397920415916817,0.4666666666666667,0.7333333333333333,1.0,,,,,,0.8455877169310615,0.7822675852679123,0.8455877169310615,1.0,False
49,REACTOME_ATF6_ATF6_ALPHA_ACTIVATES_CHAPERONES,11,0.5454545454545454,0.043114733882352575,0.5,1.0,0.8181818181818182,0.1843448387096776,0.03271484375000009,0.06542968750000018,0.7272727272727273,0.11328125000000024,0.22656250000000047,True,False,True,False,0.10237952409518096,0.9726054789042191,0.20475904819036192,0.45454545454545453,0.7272727272727273,1.0,,,,,,1.0,0.15739587364551128,1.0,1.0,False
50,REACTOME_CHK1_CHK2_CDS1_MEDIATED_INACTIVATION_OF_CYCLIN_B_CDK1_COMPLEX,11,0.7272727272727273,0.04238315176470554,0.11328125000000024,0.22656250000000047,0.6363636363636364,0.03943443548387109,0.2744140625000004,0.5488281250000008,0.7272727272727273,0.11328125000000024,0.22656250000000047,True,False,False,False,0.10237952409518096,0.9726054789042191,0.20475904819036192,0.45454545454545453,0.7272727272727273,1.0,,,,,,0.7540774930103149,0.7365102817357526,0.7540774930103149,1.0,False
51,REACTOME_CONSTITUTIVE_SIGNALING_BY_OVEREXPRESSED_ERBB2,11,0.45454545454545453,-0.00018469028235396697,0.7255859374999999,1.0,0.7272727272727273,0.0425560483870972,0.11328125000000024,0.22656250000000047,0.7272727272727273,0.11328125000000024,0.22656250000000047,False,False,False,False,0.10237952409518096,0.9726054789042191,0.20475904819036192,0.45454545454545453,0.7272727272727273,1.0,,,,,,1.0,0.3947064181614358,1.0,1.0,False
52,REACTOME_INTERLEUKIN_27_SIGNALING,11,0.5454545454545454,0.009043963086272798,0.5,1.0,0.6363636363636364,0.1590570161290327,0.2744140625000004,0.5488281250000008,0.7272727272727273,0.11328125000000024,0.22656250000000047,True,False,False,False,0.10237952409518096,0.9726054789042191,0.20475904819036192,0.45454545454545453,0.7272727272727273,1.0,,,,,,1.0,0.7365102817357526,1.0,1.0,False
53,REACTOME_INTERLEUKIN_6_SIGNALING,11,0.6363636363636364,0.025194489137254944,0.2744140625000004,0.5488281250000008,0.7272727272727273,0.06028951612903263,0.11328125000000024,0.22656250000000047,0.7272727272727273,0.11328125000000024,0.22656250000000047,True,False,False,False,0.10237952409518096,0.9726054789042191,0.20475904819036192,0.45454545454545453,0.7272727272727273,1.0,,,,,,0.9884736430370447,0.3947064181614358,0.9884736430370447,1.0,False
54,REACTOME_PYRIMIDINE_SALVAGE,11,0.09090909090909091,-0.04170900390196152,0.9995117187500003,0.011718750000000026,0.36363636363636365,-0.015608145161290131,0.88671875,0.548828125000001,0.7272727272727273,0.11328125000000024,0.22656250000000047,True,False,False,False,0.10237952409518096,0.9726054789042191,0.20475904819036192,0.45454545454545453,0.7272727272727273,1.0,,,,,,0.22126586178699253,0.7365102817357526,0.7365102817357526,1.0,False
55,REACTOME_REGULATED_PROTEOLYSIS_OF_P75NTR,11,0.5454545454545454,0.011097444313725247,0.5,1.0,0.45454545454545453,-0.009771129032258193,0.7255859374999999,1.0,0.7272727272727273,0.11328125000000024,0.22656250000000047,False,False,False,False,0.10237952409518096,0.9726054789042191,0.20475904819036192,0.45454545454545453,0.7272727272727273,1.0,,,,,,1.0,1.0,1.0,1.0,False
56,REACTOME_FORMATION_OF_THE_NEPHRIC_DUCT,18,0.3888888888888889,-0.014990949878431192,0.8810577392578133,0.4806823730468747,0.4444444444444444,-0.006946814516128706,0.7596588134765634,0.8145294189453127,0.7222222222222222,0.04812622070312501,0.09625244140625001,True,False,False,False,0.04539092181563687,0.9828034393121375,0.09078184363127374,0.5,0.6666666666666666,1.0,,,,,,0.9650909660398492,0.9524294334394402,0.9650909660398492,1.0,False
57,REACTOME_TP53_REGULATES_TRANSCRIPTION_OF_GENES_INVOLVED_IN_G2_CELL_CYCLE_ARREST,18,0.4444444444444444,-0.01277619966862765,0.7596588134765634,0.8145294189453127,0.7222222222222222,0.03381108870967754,0.04812622070312501,0.09625244140625001,0.7222222222222222,0.04812622070312501,0.09625244140625001,False,False,True,False,0.04539092181563687,0.9828034393121375,0.09078184363127374,0.5,0.6666666666666666,1.0,,,,,,1.0,0.21429268473540478,1.0,1.0,False
58,REACTOME_TRANSLESION_SYNTHESIS_BY_Y_FAMILY_DNA_POLYMERASES_BYPASSES_LESIONS_ON_DNA_TEMPLATE,36,0.5277777777777778,0.006955036607841677,0.4339697002142202,0.8679394004284404,0.75,0.05256552419354865,0.001966586511116474,0.003933173022232948,0.7222222222222222,0.005665492091793549,0.011330984183587097,True,False,True,False,0.004399120175964807,0.999000199960008,0.008798240351929614,0.5,0.6388888888888888,1.0,,,,,,1.0,0.019220600240723276,1.0,1.0,False
59,KEGG_BETA_ALANINE_METABOLISM,21,0.47619047619047616,-0.0024661710666667135,0.6681880950927742,1.0,0.5714285714285714,0.03054161290322585,0.3318119049072274,0.6636238098144548,0.7142857142857143,0.03917694091796873,0.07835388183593746,False,False,False,False,0.029994001199760048,0.9902019596080783,0.059988002399520096,0.47619047619047616,0.6666666666666666,1.0,,,,,,1.0,0.8377509345667447,1.0,1.0,False
60,REACTOME_INTRAFLAGELLAR_TRANSPORT,41,0.4878048780487805,-0.00470487410196066,0.6223856712476797,0.999999999999991,0.6829268292682927,0.02832040322580634,0.013766577914793725,0.02753315582958745,0.7073170731707317,0.0057538948676665,0.011507789735333,False,False,True,False,0.003599280143971206,0.9986002799440112,0.007198560287942412,0.4878048780487805,0.6097560975609756,1.0,,,,,,1.0,0.08439156638891301,1.0,1.0,False
61,REACTOME_BUTYRATE_RESPONSE_FACTOR_1_BRF1_BINDS_AND_DESTABILIZES_MRNA,17,0.5294117647058824,0.009666848043136734,0.5000000000000017,1.0,0.5882352941176471,0.04701314516129031,0.3145294189453131,0.6290588378906262,0.7058823529411765,0.07173156738281275,0.1434631347656255,True,False,False,False,0.0629874025194961,0.9788042391521695,0.1259748050389922,0.47058823529411764,0.7058823529411765,1.0,,,,,,1.0,0.8059006051789227,1.0,1.0,False
62,REACTOME_REGULATION_OF_MITF_M_DEPENDENT_GENES_INVOLVED_IN_LYSOSOME_BIOGENESIS_AND_AUTOPHAGY,17,0.8823529411764706,0.08164936163529334,0.001174926757812504,0.002349853515625008,0.8235294117647058,0.09615532258064503,0.006362915039062509,0.012725830078125017,0.7058823529411765,0.07173156738281275,0.1434631347656255,True,True,True,False,0.0629874025194961,0.9788042391521695,0.1259748050389922,0.47058823529411764,0.7058823529411765,1.0,,,,,,0.08425105395524467,0.04631367667776646,0.08425105395524467,1.0,False
63,REACTOME_REGULATION_OF_RUNX1_EXPRESSION_AND_ACTIVITY,17,0.5882352941176471,0.02384289473333324,0.3145294189453131,0.6290588378906262,0.7647058823529411,0.11158330645161321,0.02452087402343759,0.04904174804687518,0.7058823529411765,0.07173156738281275,0.1434631347656255,True,False,True,False,0.0629874025194961,0.9788042391521695,0.1259748050389922,0.47058823529411764,0.7058823529411765,1.0,,,,,,1.0,0.1280855066636034,1.0,1.0,False
64,REACTOME_TRANSLESION_SYNTHESIS_BY_POLH,17,0.47058823529411764,-0.006996503364706457,0.6854705810546903,1.0,0.7647058823529411,0.15806233870967748,0.02452087402343759,0.04904174804687518,0.7058823529411765,0.07173156738281275,0.1434631347656255,False,False,True,False,0.0629874025194961,0.9788042391521695,0.1259748050389922,0.47058823529411764,0.7058823529411765,1.0,,,,,,1.0,0.1280855066636034,1.0,1.0,False
65,REACTOME_INTERLEUKIN_21_SIGNALING,10,0.5,-0.014475610631372655,0.6230468749999987,1.0,0.6,0.020956209677419547,0.3769531249999994,0.7539062499999988,0.7,0.17187499999999986,0.3437499999999997,False,False,False,False,0.15996800639872025,0.9464107178564287,0.3199360127974405,0.5,0.8,1.0,,,,,,1.0,0.9131491134060786,1.0,1.0,False
66,REACTOME_JOSEPHIN_DOMAIN_DUBS,10,0.5,0.0009129362901960053,0.6230468749999987,1.0,0.6,0.11269782258064541,0.3769531249999994,0.7539062499999988,0.7,0.17187499999999986,0.3437499999999997,True,False,False,False,0.15996800639872025,0.9464107178564287,0.3199360127974405,0.5,0.8,1.0,,,,,,1.0,0.9131491134060786,1.0,1.0,False
67,REACTOME_NEGATIVE_REGULATION_OF_ACTIVITY_OF_TFAP2_AP_2_FAMILY_TRANSCRIPTION_FACTORS,10,0.5,-0.004140643354902293,0.6230468749999987,1.0,0.4,-0.009860443548386914,0.8281249999999983,0.7539062499999992,0.7,0.17187499999999986,0.3437499999999997,True,False,False,False,0.15996800639872025,0.9464107178564287,0.3199360127974405,0.5,0.8,1.0,,,,,,1.0,0.9131491134060786,1.0,1.0,False
68,REACTOME_P75NTR_REGULATES_AXONOGENESIS,10,0.4,-0.00752009968431383,0.8281249999999983,0.7539062499999992,0.5,0.008582661290322919,0.6230468749999987,1.0,0.7,0.17187499999999986,0.3437499999999997,False,False,False,False,0.15996800639872025,0.9464107178564287,0.3199360127974405,0.5,0.8,1.0,,,,,,1.0,1.0,1.0,1.0,False
69,REACTOME_REACTIONS_SPECIFIC_TO_THE_COMPLEX_N_GLYCAN_SYNTHESIS_PATHWAY,10,0.5,-0.005285074898039525,0.6230468749999987,1.0,0.8,0.01648318548387117,0.05468750000000005,0.1093750000000001,0.7,0.17187499999999986,0.3437499999999997,False,False,False,False,0.15996800639872025,0.9464107178564287,0.3199360127974405,0.5,0.8,1.0,,,,,,1.0,0.23219774590163955,1.0,1.0,False
70,REACTOME_REGULATION_OF_CDH11_FUNCTION,10,0.5,0.0005169313137249982,0.6230468749999987,1.0,0.8,0.06713254032258098,0.05468750000000005,0.1093750000000001,0.7,0.17187499999999986,0.3437499999999997,True,False,False,False,0.15996800639872025,0.9464107178564287,0.3199360127974405,0.5,0.8,1.0,,,,,,1.0,0.23219774590163955,1.0,1.0,False
71,REACTOME_TERMINATION_OF_TRANSLESION_DNA_SYNTHESIS,30,0.5,0.002518013976469605,0.5722322240471894,1.0,0.7333333333333333,0.04688383064516162,0.008062400855124077,0.016124801710248153,0.7,0.02138697262853407,0.04277394525706814,True,False,True,False,0.015196960607878424,0.9932013597280543,0.030393921215756847,0.5,0.6333333333333333,1.0,,,,,,1.0,0.05543792446399476,1.0,1.0,False
72,REACTOME_MISCELLANEOUS_TRANSPORT_AND_BINDING_EVENTS,23,0.6086956521739131,0.015119156486273926,0.2024364471435556,0.4048728942871112,0.4782608695652174,-0.0041047580645161355,0.6611802577972447,1.0,0.6956521739130435,0.046569824218750146,0.09313964843750029,False,False,False,False,0.041191761647670466,0.9848030393921215,0.08238352329534093,0.4782608695652174,0.6521739130434783,1.0,,,,,,0.9148548117772449,1.0,1.0,1.0,False
73,REACTOME_STRIATED_MUSCLE_CONTRACTION,36,0.3888888888888889,-0.006009517801960795,0.933750918018631,0.2429849540349095,0.4722222222222222,-0.013845967741935127,0.6911403414851519,0.8679394004284389,0.6944444444444444,0.014408359827939405,0.02881671965587881,True,False,False,False,0.009998000399920015,0.9958008398320336,0.01999600079984003,0.5,0.6388888888888888,1.0,,,,,,0.7706094256535712,0.9830742188526213,0.9830742188526213,1.0,False
74,REACTOME_GERM_LAYER_FORMATION_AT_GASTRULATION,13,0.5384615384615384,0.0022033866666663383,0.4999999999999993,0.9999999999999986,0.38461538461538464,-0.01928104838709667,0.866577148437498,0.5810546874999991,0.6923076923076923,0.1334228515625,0.266845703125,False,False,False,False,0.1201759648070386,0.9586082783443312,0.2403519296140772,0.46153846153846156,0.6923076923076923,1.0,,,,,,1.0,0.7652194782838978,1.0,1.0,False
75,REACTOME_METABOLISM_OF_NITRIC_OXIDE_NOS3_ACTIVATION_AND_REGULATION,13,0.5384615384615384,0.024704187168627198,0.4999999999999993,0.9999999999999986,0.6923076923076923,0.05339782258064571,0.1334228515625,0.266845703125,0.6923076923076923,0.1334228515625,0.266845703125,True,False,False,False,0.1201759648070386,0.9586082783443312,0.2403519296140772,0.46153846153846156,0.6923076923076923,1.0,,,,,,1.0,0.4416168505391377,1.0,1.0,False
76,REACTOME_PENTOSE_PHOSPHATE_PATHWAY,13,0.46153846153846156,-0.013027246905882769,0.7094726562499986,0.9999999999999977,0.46153846153846156,-0.0034513709677418862,0.7094726562499986,0.9999999999999977,0.6923076923076923,0.1334228515625,0.266845703125,True,False,False,False,0.1201759648070386,0.9586082783443312,0.2403519296140772,0.46153846153846156,0.6923076923076923,1.0,,,,,,1.0,1.0,1.0,1.0,False
77,REACTOME_TRANSLATION_OF_REPLICASE_AND_ASSEMBLY_OF_THE_REPLICATION_TRANSCRIPTION_COMPLEX,13,0.38461538461538464,-0.009493266243137238,0.866577148437498,0.5810546874999991,0.6923076923076923,0.09701314516129075,0.1334228515625,0.266845703125,0.6923076923076923,0.1334228515625,0.266845703125,False,False,False,False,0.1201759648070386,0.9586082783443312,0.2403519296140772,0.46153846153846156,0.6923076923076923,1.0,,,,,,1.0,0.4416168505391377,1.0,1.0,False
78,REACTOME_METALLOPROTEASE_DUBS,16,0.375,-0.021809810770588862,0.894943237304688,0.45449829101562467,0.5625,0.00463116935483906,0.4018096923828125,0.803619384765625,0.6875,0.10505676269531242,0.21011352539062483,False,False,False,False,0.09898020395920816,0.9652069586082783,0.19796040791841632,0.5,0.6875,1.0,,,,,,0.9457283250067267,0.9446479000951447,0.9457283250067267,1.0,False
79,REACTOME_NUCLEAR_SIGNALING_BY_ERBB4,32,0.625,0.013020513721568544,0.10766357486136183,0.21532714972272365,0.5625,0.013059112903226082,0.2983074479270704,0.5966148958541408,0.6875,0.02505122986622141,0.05010245973244282,True,False,False,False,0.020995800839832032,0.9918016396720656,0.041991601679664065,0.5,0.625,1.0,,,,,,0.7540774930103149,0.7791439458989858,0.7791439458989858,1.0,False
80,REACTOME_ONCOGENE_INDUCED_SENESCENCE,32,0.59375,0.007361228870587453,0.18854279373772315,0.3770855874754463,0.59375,0.04114508064516172,0.18854279373772315,0.3770855874754463,0.6875,0.02505122986622141,0.05010245973244282,True,False,False,False,0.020995800839832032,0.9918016396720656,0.041991601679664065,0.5,0.625,1.0,,,,,,0.9015246199028362,0.5683714868446591,0.9015246199028362,1.0,False
81,REACTOME_PLATELET_SENSITIZATION_BY_LDL,16,0.4375,-0.005127345180392425,0.7727508544921882,0.803619384765625,0.625,0.06929104838709707,0.22724914550781222,0.45449829101562444,0.6875,0.10505676269531242,0.21011352539062483,False,False,False,False,0.09898020395920816,0.9652069586082783,0.19796040791841632,0.5,0.6875,1.0,,,,,,1.0,0.6485678092178886,1.0,1.0,False
82,REACTOME_REGULATION_OF_KIT_SIGNALING,16,0.625,0.012641746843137205,0.22724914550781222,0.45449829101562444,0.6875,0.02719479838709721,0.10505676269531242,0.21011352539062483,0.6875,0.10505676269531242,0.21011352539062483,True,False,False,False,0.09898020395920816,0.9652069586082783,0.19796040791841632,0.5,0.6875,1.0,,,,,,0.9457283250067267,0.37573811099773435,0.9457283250067267,1.0,False
83,REACTOME_MATURATION_OF_SPIKE_PROTEIN,35,0.6285714285714286,0.030959168945097745,0.08773262449540227,0.17546524899080454,0.7142857142857143,0.05691040322580705,0.00833692390006037,0.01667384780012074,0.6857142857142857,0.020479795755818514,0.04095959151163703,True,False,True,False,0.01919616076784643,0.9924015196960608,0.03839232153569286,0.4857142857142857,0.6285714285714286,1.0,,,,,,0.7136692525175852,0.05694760325579699,0.7136692525175852,1.0,False
84,REACTOME_GABA_SYNTHESIS_RELEASE_REUPTAKE_AND_DEGRADATION,19,0.2631578947368421,-0.01288033192941189,0.990394592285159,0.06356811523437508,0.5789473684210527,0.01909064516129065,0.3238029479980474,0.6476058959960947,0.6842105263157895,0.0835342407226563,0.1670684814453126,False,False,False,False,0.07098580283943211,0.9694061187762447,0.14197160567886422,0.47368421052631576,0.6842105263157895,1.0,,,,,,0.48649633672249,0.8228778106115552,0.8228778106115552,1.0,False
85,REACTOME_REGULATION_OF_FZD_BY_UBIQUITINATION,19,0.47368421052631576,-0.0012780962352946107,0.6761970520019551,1.0,0.47368421052631576,-0.004289032258064449,0.6761970520019551,1.0,0.6842105263157895,0.0835342407226563,0.1670684814453126,True,False,False,False,0.07098580283943211,0.9694061187762447,0.14197160567886422,0.47368421052631576,0.6842105263157895,1.0,,,,,,1.0,1.0,1.0,1.0,False
86,REACTOME_TRANSCRIPTION_OF_E2F_TARGETS_UNDER_NEGATIVE_CONTROL_BY_DREAM_COMPLEX,19,0.7368421052631579,0.04551830857254863,0.031784057617187486,0.06356811523437497,0.631578947368421,0.023896612903226346,0.17964172363281283,0.35928344726562567,0.6842105263157895,0.0835342407226563,0.1670684814453126,True,True,False,False,0.07098580283943211,0.9694061187762447,0.14197160567886422,0.47368421052631576,0.6842105263157895,1.0,,,,,,0.48649633672249,0.5452407002449053,0.5452407002449053,1.0,False
87,REACTOME_GLYCOGEN_METABOLISM,22,0.5,-0.0002110681529419716,0.5840940475463855,1.0,0.6363636363636364,0.02252205645161328,0.14313936233520455,0.2862787246704091,0.6818181818181818,0.06690025329589823,0.13380050659179646,False,False,False,False,0.05698860227954409,0.9794041191761648,0.11397720455908818,0.5,0.6818181818181818,1.0,,,,,,1.0,0.46438114628164484,1.0,1.0,False
88,REACTOME_NEPHRIN_FAMILY_INTERACTIONS,22,0.5,0.00012877491960732162,0.5840940475463855,1.0,0.6363636363636364,0.03879302419354892,0.14313936233520455,0.2862787246704091,0.6818181818181818,0.06690025329589823,0.13380050659179646,True,False,False,False,0.05698860227954409,0.9794041191761648,0.11397720455908818,0.5,0.6818181818181818,1.0,,,,,,1.0,0.46438114628164484,1.0,1.0,False
89,REACTOME_TP53_REGULATES_TRANSCRIPTION_OF_CELL_DEATH_GENES,44,0.4772727272727273,-0.005084355431372705,0.674206086395543,0.8803958212806716,0.5681818181818182,0.008934959677419696,0.2256904161980636,0.4513808323961272,0.6818181818181818,0.011314420602957405,0.02262884120591481,False,False,False,False,0.009798040391921616,0.9966006798640272,0.019596080783843232,0.5,0.6136363636363636,1.0,,,,,,1.0,0.6485678092178886,1.0,1.0,False
90,REACTOME_EVASION_BY_RSV_OF_HOST_INTERFERON_RESPONSES,25,0.6,0.008548530156861533,0.212178111076355,0.42435622215271,0.52,0.00425967741935503,0.49999999999999983,0.9999999999999997,0.68,0.05387607216835011,0.10775214433670022,True,False,False,False,0.046390721855628876,0.9828034393121375,0.09278144371125775,0.48,0.64,1.0,,,,,,0.9210189514320003,1.0,1.0,1.0,False
91,REACTOME_ACTIVATION_OF_BH3_ONLY_PROTEINS,28,0.4642857142857143,-0.003539936196078596,0.714205905795092,0.850554019212717,0.6428571428571429,0.01778221774193576,0.09246667101979189,0.18493334203958378,0.6785714285714286,0.043579276651143695,0.08715855330228739,False,False,False,False,0.03659268146370726,0.9860027994401119,0.07318536292741452,0.5,0.6428571428571429,1.0,,,,,,1.0,0.3437636525472646,1.0,1.0,False
92,KEGG_GLYCINE_SERINE_AND_THREONINE_METABOLISM,31,0.45161290322580644,-0.011279683043137404,0.7634351700544333,0.720100131817159,0.5806451612903226,0.012435000000000154,0.23656482994556394,0.4731296598911279,0.6774193548387096,0.035377772990614134,0.07075554598122827,False,False,False,False,0.027794441111777646,0.9892021595680864,0.05558888222355529,0.4838709677419355,0.6451612903225806,1.0,,,,,,1.0,0.6681398995660495,1.0,1.0,False
93,KEGG_PROPANOATE_METABOLISM,30,0.43333333333333335,-0.015090920135293902,0.8192026959732248,0.5846647117286976,0.5666666666666667,0.003931290322581093,0.29233235586434875,0.5846647117286975,0.6666666666666666,0.04936857335269498,0.09873714670538997,False,False,False,False,0.038992201559688064,0.9850029994001199,0.07798440311937613,0.5,0.6333333333333333,1.0,,,,,,1.0,0.7667248624695324,1.0,1.0,False
94,REACTOME_AGGREPHAGY,36,0.6388888888888888,0.00924430462549011,0.06624908198136836,0.13249816396273673,0.75,0.11988370967741958,0.001966586511116474,0.003933173022232948,0.6666666666666666,0.03262266761157666,0.06524533522315332,True,False,True,False,0.02399520095980804,0.9902019596080783,0.04799040191961608,0.5,0.6388888888888888,1.0,,,,,,0.6518056026446769,0.019220600240723276,0.6518056026446769,1.0,False
95,REACTOME_ATTENUATION_PHASE,24,0.5416666666666666,0.03157004017646961,0.4194098711013804,0.8388197422027608,0.7083333333333334,0.023523145161290754,0.031957328319549505,0.06391465663909901,0.6666666666666666,0.07579481601715092,0.15158963203430184,True,False,True,False,0.06458708258348331,0.9736052789442111,0.12917416516696661,0.5,0.6666666666666666,1.0,,,,,,1.0,0.15495066523737888,1.0,1.0,False
96,REACTOME_CD209_DC_SIGN_SIGNALING,21,0.42857142857142855,-0.005724421870588847,0.8083448410034197,0.6636238098144559,0.5714285714285714,0.011373306451613368,0.3318119049072274,0.6636238098144548,0.6666666666666666,0.09462356567382803,0.18924713134765606,False,False,False,False,0.07278544291141771,0.9702059588082383,0.14557088582283542,0.47619047619047616,0.6666666666666666,1.0,,,,,,1.0,0.8377509345667447,1.0,1.0,False
97,REACTOME_CONSTITUTIVE_SIGNALING_BY_LIGAND_RESPONSIVE_EGFR_CANCER_VARIANTS,18,0.6111111111111112,0.01503974315294042,0.24034118652343725,0.4806823730468745,0.7222222222222222,0.042557620967742106,0.04812622070312501,0.09625244140625001,0.6666666666666666,0.11894226074218746,0.23788452148437492,True,False,True,False,0.11437712457508498,0.9548090381923615,0.22875424915016995,0.5,0.6666666666666666,1.0,,,,,,0.9650909660398492,0.21429268473540478,0.9650909660398492,1.0,False
98,REACTOME_DNA_DAMAGE_BYPASS,45,0.6,0.012316039850979833,0.11634659595415571,0.23269319190831142,0.7111111111111111,0.04535282258064569,0.0033044114211407184,0.006608822842281437,0.6666666666666666,0.017848901777597348,0.035697803555194696,True,False,True,False,0.009798040391921616,0.9968006398720256,0.019596080783843232,0.4888888888888889,0.6222222222222222,1.0,,,,,,0.758082222695002,0.028068599153737498,0.758082222695002,1.0,False
99,REACTOME_DOWNREGULATION_OF_ERBB2_ERBB3_SIGNALING,12,0.3333333333333333,-0.02009264018627503,0.9270019531249984,0.3876953125000003,0.5,0.04468625000000048,0.6127929687499988,1.0,0.6666666666666666,0.19384765625000006,0.3876953125000001,False,False,False,False,0.17476504699060189,0.9310137972405519,0.34953009398120377,0.5,0.75,1.0,,,,,,0.9028945444967527,1.0,1.0,1.0,False
100,REACTOME_E2F_MEDIATED_REGULATION_OF_DNA_REPLICATION,21,0.47619047619047616,-0.002546044490196234,0.6681880950927742,1.0,0.7142857142857143,0.05134048387096789,0.03917694091796873,0.07835388183593746,0.6666666666666666,0.09462356567382803,0.18924713134765606,False,False,True,False,0.07278544291141771,0.9702059588082383,0.14557088582283542,0.47619047619047616,0.6666666666666666,1.0,,,,,,1.0,0.18282572428385405,1.0,1.0,False
101,REACTOME_ETHANOL_OXIDATION,12,0.25,-0.018698983886274657,0.9807128906249984,0.14599609375000017,0.25,-0.014219032258064314,0.9807128906249984,0.14599609375000017,0.6666666666666666,0.19384765625000006,0.3876953125000001,True,False,False,False,0.17476504699060189,0.9310137972405519,0.34953009398120377,0.5,0.75,1.0,,,,,,0.6780868731870989,0.2886487655057255,0.6780868731870989,1.0,False
102,REACTOME_FORMATION_OF_TUBULIN_FOLDING_INTERMEDIATES_BY_CCT_TRIC,24,0.7083333333333334,0.01983956632352854,0.031957328319549505,0.06391465663909901,0.7916666666666666,0.1678299596774196,0.003305375576019281,0.006610751152038562,0.6666666666666666,0.07579481601715092,0.15158963203430184,True,True,True,False,0.06458708258348331,0.9736052789442111,0.12917416516696661,0.5,0.6666666666666666,1.0,,,,,,0.48649633672249,0.028068599153737498,0.48649633672249,1.0,False
103,REACTOME_LISTERIA_MONOCYTOGENES_ENTRY_INTO_HOST_CELLS,18,0.6111111111111112,0.007979809837254302,0.24034118652343725,0.4806823730468745,0.6111111111111112,0.033666129032258116,0.24034118652343725,0.4806823730468745,0.6666666666666666,0.11894226074218746,0.23788452148437492,True,False,False,False,0.11437712457508498,0.9548090381923615,0.22875424915016995,0.5,0.6666666666666666,1.0,,,,,,0.9650909660398492,0.6681398995660495,0.9650909660398492,1.0,False
104,REACTOME_MAP2K_AND_MAPK_ACTIVATION,39,0.5128205128205128,0.0058165112274506684,0.500000000000001,1.0,0.6410256410256411,0.05908733870967768,0.0540645107030287,0.1081290214060574,0.6666666666666666,0.02662595704896376,0.05325191409792752,True,False,False,False,0.021395720855828835,0.9904019196160768,0.04279144171165767,0.48717948717948717,0.6153846153846154,1.0,,,,,,1.0,0.23219774590163955,1.0,1.0,False
105,REACTOME_METAL_ION_SLC_TRANSPORTERS,24,0.5833333333333334,0.0112378580470585,0.27062809467315696,0.5412561893463139,0.5,0.001104516129032233,0.5805901288986216,1.0,0.6666666666666666,0.07579481601715092,0.15158963203430184,True,False,False,False,0.06458708258348331,0.9736052789442111,0.12917416516696661,0.5,0.6666666666666666,1.0,,,,,,0.9884736430370447,1.0,1.0,1.0,False
106,REACTOME_OVARIAN_TUMOR_DOMAIN_PROTEASES,36,0.6111111111111112,0.010279233233333136,0.12149247701745491,0.24298495403490983,0.7222222222222222,0.07163439516129069,0.005665492091793549,0.011330984183587097,0.6666666666666666,0.03262266761157666,0.06524533522315332,True,False,True,False,0.02399520095980804,0.9902019596080783,0.04799040191961608,0.5,0.6388888888888888,1.0,,,,,,0.7706094256535712,0.043664289833548205,0.7706094256535712,1.0,False
107,REACTOME_PROLACTIN_RECEPTOR_SIGNALING,15,0.4666666666666667,-0.018422102603921676,0.6963806152343749,0.9999999999999998,0.6666666666666666,0.01597379032258065,0.1508789062499999,0.3017578124999998,0.6666666666666666,0.1508789062499999,0.3017578124999998,False,False,False,False,0.13797240551889622,0.9482103579284143,0.27594481103779245,0.4666666666666667,0.7333333333333333,1.0,,,,,,1.0,0.4834346810567009,1.0,1.0,False
108,REACTOME_SEALING_OF_THE_NUCLEAR_ENVELOPE_NE_BY_ESCRT_III,27,0.5555555555555556,0.005278740117645787,0.3505540192127257,0.7011080384254514,0.8148148148148148,0.1730740322580651,0.0007568597793579158,0.0015137195587158316,0.6666666666666666,0.061039060354233315,0.12207812070846663,True,False,True,False,0.057588482303539294,0.9776044791041791,0.11517696460707859,0.48148148148148145,0.6666666666666666,1.0,,,,,,1.0,0.008910303766077281,1.0,1.0,False
109,REACTOME_SYNTHESIS_OF_BILE_ACIDS_AND_BILE_SALTS_VIA_24_HYDROXYCHOLESTEROL,12,0.6666666666666666,0.014343530178431325,0.19384765625000006,0.3876953125000001,0.8333333333333334,0.012562379032258288,0.01928710937499998,0.03857421874999996,0.6666666666666666,0.19384765625000006,0.3876953125000001,True,False,True,False,0.17476504699060189,0.9310137972405519,0.34953009398120377,0.5,0.75,1.0,,,,,,0.9028945444967527,0.10820277245036089,0.9028945444967527,1.0,False
110,REACTOME_TGF_BETA_RECEPTOR_SIGNALING_IN_EMT_EPITHELIAL_TO_MESENCHYMAL_TRANSITION,15,0.4666666666666667,-0.01382012390588285,0.6963806152343749,0.9999999999999998,0.8,0.11071524193548465,0.017578125000000014,0.03515625000000003,0.6666666666666666,0.1508789062499999,0.3017578124999998,False,False,True,False,0.13797240551889622,0.9482103579284143,0.27594481103779245,0.4666666666666667,0.7333333333333333,1.0,,,,,,1.0,0.10104280080769665,1.0,1.0,False
111,REACTOME_TP53_REGULATES_TRANSCRIPTION_OF_DEATH_RECEPTORS_AND_LIGANDS,12,0.3333333333333333,-0.03907320655882374,0.9270019531249984,0.3876953125000003,0.5,-0.004527459677418824,0.6127929687499988,1.0,0.6666666666666666,0.19384765625000006,0.3876953125000001,True,False,False,False,0.17476504699060189,0.9310137972405519,0.34953009398120377,0.5,0.75,1.0,,,,,,0.9028945444967527,1.0,1.0,1.0,False
112,REACTOME_RUNX2_REGULATES_OSTEOBLAST_DIFFERENTIATION,23,0.6086956521739131,0.01896290126274376,0.2024364471435556,0.4048728942871112,0.6086956521739131,0.05839201612903241,0.2024364471435556,0.4048728942871112,0.6521739130434783,0.10501980781555229,0.21003961563110457,True,False,False,False,0.09658068386322735,0.9590081983603279,0.1931613677264547,0.4782608695652174,0.6521739130434783,1.0,,,,,,0.9148548117772449,0.5958072705702375,0.9148548117772449,1.0,False
113,REACTOME_BINDING_AND_UPTAKE_OF_LIGANDS_BY_SCAVENGER_RECEPTORS,40,0.45,-0.008773168978431405,0.7852047460782913,0.6358280026288302,0.55,0.019063911290322942,0.3179140013144149,0.6358280026288298,0.65,0.040345233875995326,0.08069046775199065,False,False,False,False,0.03259348130373925,0.9842031593681264,0.0651869626074785,0.5,0.625,1.0,,,,,,1.0,0.812563088885857,1.0,1.0,False
114,REACTOME_INTERLEUKIN_37_SIGNALING,20,0.6,0.007731021052940942,0.2517223358154302,0.5034446716308604,0.55,0.012138790322581038,0.41190147399902427,0.8238029479980485,0.65,0.13158798217773446,0.2631759643554689,True,False,False,False,0.1191761647670466,0.9518096380723855,0.2383523295340932,0.5,0.65,1.0,,,,,,0.9865737953522796,0.9552443969227906,0.9865737953522796,1.0,False
115,REACTOME_SIGNALING_BY_KIT_IN_DISEASE,20,0.55,0.008069388935293968,0.41190147399902427,0.8238029479980485,0.7,0.04653899193548443,0.05765914916992178,0.11531829833984356,0.65,0.13158798217773446,0.2631759643554689,True,False,False,False,0.1191761647670466,0.9518096380723855,0.2383523295340932,0.5,0.65,1.0,,,,,,1.0,0.24151568142872895,1.0,1.0,False
116,KEGG_TYROSINE_METABOLISM,37,0.2702702702702703,-0.03332438028235295,0.9987183960038246,0.007632078602910063,0.35135135135135137,-0.012536290322580503,0.9764844862802425,0.09887174959294544,0.6486486486486487,0.049435874796472656,0.09887174959294531,True,False,False,False,0.038792241551689664,0.9850029994001199,0.07758448310337933,0.4864864864864865,0.6216216216216216,1.0,,,,,,0.1797007598321551,0.21793857995381163,0.21793857995381163,1.0,False
117,REACTOME_ABERRANT_REGULATION_OF_MITOTIC_G1_S_TRANSITION_IN_CANCER_DUE_TO_RB1_DEFECTS,17,0.7647058823529411,0.05226405333333162,0.02452087402343759,0.04904174804687518,0.6470588235294118,0.08300814516129051,0.1661529541015627,0.3323059082031254,0.6470588235294118,0.1661529541015627,0.3323059082031254,True,True,False,False,0.15056988602279545,0.9372125574885023,0.3011397720455909,0.47058823529411764,0.7058823529411765,1.0,,,,,,0.4379935429014025,0.5226754871939846,0.5226754871939846,1.0,False
118,REACTOME_HSF1_DEPENDENT_TRANSACTIVATION,34,0.5294117647058824,0.015721348480391806,0.4320831202203426,0.8641662404406852,0.7058823529411765,0.04272600806451633,0.012153255054727263,0.024306510109454525,0.6470588235294118,0.060724742477760024,0.12144948495552005,True,False,True,False,0.04899020195960808,0.9774045190961808,0.09798040391921616,0.5,0.6176470588235294,1.0,,,,,,1.0,0.07584802552227377,1.0,1.0,False
119,REACTOME_PLASMA_LIPOPROTEIN_ASSEMBLY,17,0.47058823529411764,-0.0040905258784319975,0.6854705810546903,1.0,0.47058823529411764,-0.0033863709677416846,0.6854705810546903,1.0,0.6470588235294118,0.1661529541015627,0.3323059082031254,True,False,False,False,0.15056988602279545,0.9372125574885023,0.3011397720455909,0.47058823529411764,0.7058823529411765,1.0,,,,,,1.0,1.0,1.0,1.0,False
120,REACTOME_REGULATION_OF_MITF_M_DEPENDENT_GENES_INVOLVED_IN_CELL_CYCLE_AND_PROLIFERATION,17,0.5882352941176471,0.021978179443136705,0.3145294189453131,0.6290588378906262,0.7058823529411765,0.04475951612903285,0.07173156738281275,0.1434631347656255,0.6470588235294118,0.1661529541015627,0.3323059082031254,True,False,False,False,0.15056988602279545,0.9372125574885023,0.3011397720455909,0.47058823529411764,0.7058823529411765,1.0,,,,,,1.0,0.2872960198785853,1.0,1.0,False
121,REACTOME_REGULATION_OF_TP53_ACTIVITY_THROUGH_METHYLATION,17,0.47058823529411764,-0.002710838031373077,0.6854705810546903,1.0,0.47058823529411764,-0.0018445967741931063,0.6854705810546903,1.0,0.6470588235294118,0.1661529541015627,0.3323059082031254,True,False,False,False,0.15056988602279545,0.9372125574885023,0.3011397720455909,0.47058823529411764,0.7058823529411765,1.0,,,,,,1.0,1.0,1.0,1.0,False
122,REACTOME_TRANSCRIPTIONAL_REGULATION_BY_THE_AP_2_TFAP2_FAMILY_OF_TRANSCRIPTION_FACTORS,34,0.5,-0.0028519356431377005,0.567916879779661,1.0,0.6176470588235294,0.02725520161290331,0.11474050651304485,0.2294810130260897,0.6470588235294118,0.060724742477760024,0.12144948495552005,False,False,False,False,0.04899020195960808,0.9774045190961808,0.09798040391921616,0.5,0.6176470588235294,1.0,,,,,,1.0,0.39719226524930734,1.0,1.0,False
123,REACTOME_TRISTETRAPROLIN_TTP_ZFP36_BINDS_AND_DESTABILIZES_MRNA,17,0.5294117647058824,0.009666848043136734,0.5000000000000017,1.0,0.6470588235294118,0.04701314516129031,0.1661529541015627,0.3323059082031254,0.6470588235294118,0.1661529541015627,0.3323059082031254,True,False,False,False,0.15056988602279545,0.9372125574885023,0.3011397720455909,0.47058823529411764,0.7058823529411765,1.0,,,,,,1.0,0.5226754871939846,1.0,1.0,False
124,REACTOME_SIGNALING_BY_ERBB2,48,0.5208333333333334,0.006955036607841677,0.4427167486432525,0.885433497286505,0.5416666666666666,0.012410927419355117,0.33273290603830724,0.6654658120766145,0.6458333333333334,0.029731687626885012,0.059463375253770025,True,False,False,False,0.02439512097580484,0.9874025194961008,0.04879024195160968,0.5,0.6041666666666666,1.0,,,,,,1.0,0.8393943765966387,1.0,1.0,False
125,REACTOME_RAF_ACTIVATION,31,0.6129032258064516,0.016825076431372397,0.14052075752988424,0.2810415150597685,0.6451612903225806,0.039829354838709585,0.07480639219284035,0.1496127843856807,0.6451612903225806,0.07480639219284035,0.1496127843856807,True,False,False,False,0.0635872825434913,0.9724055188962207,0.1271745650869826,0.4838709677419355,0.6451612903225806,1.0,,,,,,0.819396837528856,0.2939295410054966,0.819396837528856,1.0,False
126,REACTOME_SIGNALING_BY_BRAF_AND_RAF1_FUSIONS,62,0.46774193548387094,-0.00506105637058849,0.7371133199121678,0.7035366713552629,0.6290322580645161,0.05047866935483878,0.027948613349855333,0.055897226699710666,0.6451612903225806,0.015007932174533637,0.030015864349067275,False,False,True,False,0.011397720455908818,0.9952009598080384,0.022795440911817635,0.4838709677419355,0.5967741935483871,1.0,,,,,,1.0,0.14216741455212828,1.0,1.0,False
127,REACTOME_THE_PHOTOTRANSDUCTION_CASCADE,31,0.22580645161290322,-0.022192480564706032,0.9995610448531779,0.003326892852783192,0.3870967741935484,-0.013076129032257806,0.925193607807157,0.28104151505976793,0.6451612903225806,0.07480639219284035,0.1496127843856807,True,False,False,False,0.0635872825434913,0.9724055188962207,0.1271745650869826,0.4838709677419355,0.6451612903225806,1.0,,,,,,0.10345616010964316,0.4597247520030318,0.4597247520030318,1.0,False
128,KEGG_GLYCOSPHINGOLIPID_BIOSYNTHESIS_GLOBO_SERIES,14,0.2857142857142857,-0.015140119921568738,0.9713134765625019,0.1795654296875005,0.35714285714285715,-0.021011693548387035,0.910217285156252,0.4239501953125009,0.6428571428571429,0.21197509765625067,0.42395019531250133,True,False,False,False,0.20055988802239552,0.9202159568086383,0.40111977604479104,0.5,0.7142857142857143,1.0,,,,,,0.7136692525175852,0.6180287087388622,0.7136692525175852,1.0,False
129,REACTOME_ENERGY_DEPENDENT_REGULATION_OF_MTOR_BY_LKB1_AMPK,28,0.39285714285714285,-0.03545313178627445,0.9075333289802002,0.3449284508824315,0.5357142857142857,0.02946770161290347,0.4252770096063585,0.850554019212717,0.6428571428571429,0.09246667101979189,0.18493334203958378,False,False,False,False,0.07838432313537293,0.9636072785442912,0.15676864627074585,0.5,0.6428571428571429,1.0,,,,,,0.8687501015742283,0.9701040789331907,0.9701040789331907,1.0,False
130,REACTOME_FOXO_MEDIATED_TRANSCRIPTION_OF_OXIDATIVE_STRESS_METABOLIC_AND_NEURONAL_GENES,28,0.39285714285714285,-0.02192233603529441,0.9075333289802002,0.3449284508824315,0.6071428571428571,0.014799032258064778,0.17246422544121584,0.3449284508824317,0.6428571428571429,0.09246667101979189,0.18493334203958378,False,False,False,False,0.07838432313537293,0.9636072785442912,0.15676864627074585,0.5,0.6428571428571429,1.0,,,,,,0.8687501015742283,0.5280973523855161,0.8687501015742283,1.0,False
131,REACTOME_GRB2_SOS_PROVIDES_LINKAGE_TO_MAPK_SIGNALING_FOR_INTEGRINS,14,0.42857142857142855,-0.009033247770588351,0.7880249023437517,0.7905273437500014,0.6428571428571429,0.0649694354838712,0.21197509765625067,0.42395019531250133,0.6428571428571429,0.21197509765625067,0.42395019531250133,False,False,False,False,0.20055988802239552,0.9202159568086383,0.40111977604479104,0.5,0.7142857142857143,1.0,,,,,,1.0,0.6180287087388622,1.0,1.0,False
132,REACTOME_INLB_MEDIATED_ENTRY_OF_LISTERIA_MONOCYTOGENES_INTO_HOST_CELL,14,0.5,0.0012144869156848074,0.6047363281250012,1.0,0.5714285714285714,0.033666129032258116,0.395263671875001,0.790527343750002,0.6428571428571429,0.21197509765625067,0.42395019531250133,True,False,False,False,0.20055988802239552,0.9202159568086383,0.40111977604479104,0.5,0.7142857142857143,1.0,,,,,,1.0,0.9342049370247173,1.0,1.0,False
133,REACTOME_LGI_ADAM_INTERACTIONS,14,0.42857142857142855,-0.006639325262745155,0.7880249023437517,0.7905273437500014,0.35714285714285715,-0.004254032258064423,0.910217285156252,0.4239501953125009,0.6428571428571429,0.21197509765625067,0.42395019531250133,True,False,False,False,0.20055988802239552,0.9202159568086383,0.40111977604479104,0.5,0.7142857142857143,1.0,,,,,,1.0,0.6180287087388622,1.0,1.0,False
134,REACTOME_P130CAS_LINKAGE_TO_MAPK_SIGNALING_FOR_INTEGRINS,14,0.5,0.0024820682725488347,0.6047363281250012,1.0,0.5714285714285714,0.0649694354838712,0.395263671875001,0.790527343750002,0.6428571428571429,0.21197509765625067,0.42395019531250133,True,False,False,False,0.20055988802239552,0.9202159568086383,0.40111977604479104,0.5,0.7142857142857143,1.0,,,,,,1.0,0.9342049370247173,1.0,1.0,False
135,REACTOME_POLYMERASE_SWITCHING,14,0.42857142857142855,-0.04193293901176474,0.7880249023437517,0.7905273437500014,0.6428571428571429,0.02022822580645149,0.21197509765625067,0.42395019531250133,0.6428571428571429,0.21197509765625067,0.42395019531250133,False,False,False,False,0.20055988802239552,0.9202159568086383,0.40111977604479104,0.5,0.7142857142857143,1.0,,,,,,1.0,0.6180287087388622,1.0,1.0,False
136,REACTOME_TP53_REGULATES_TRANSCRIPTION_OF_SEVERAL_ADDITIONAL_CELL_DEATH_GENES_WHOSE_SPECIFIC_ROLES_IN_P53_DEPENDENT_APOPTOSIS_REMAIN_UNCERTAIN,14,0.2857142857142857,-0.033182632525490904,0.9713134765625019,0.1795654296875005,0.5,-0.006247217741935055,0.6047363281250012,1.0,0.6428571428571429,0.21197509765625067,0.42395019531250133,True,False,False,False,0.20055988802239552,0.9202159568086383,0.40111977604479104,0.5,0.7142857142857143,1.0,,,,,,0.7136692525175852,1.0,1.0,1.0,False
137,REACTOME_TRAF3_DEPENDENT_IRF_ACTIVATION_PATHWAY,14,0.2857142857142857,-0.038347990692157385,0.9713134765625019,0.1795654296875005,0.5,-0.0040275403225803735,0.6047363281250012,1.0,0.6428571428571429,0.21197509765625067,0.42395019531250133,True,False,False,False,0.20055988802239552,0.9202159568086383,0.40111977604479104,0.5,0.7142857142857143,1.0,,,,,,0.7136692525175852,1.0,1.0,1.0,False
138,REACTOME_TRANSLATION_OF_SARS_COV_2_STRUCTURAL_PROTEINS,53,0.5849056603773585,0.013542406345097124,0.13583958303275165,0.2716791660655033,0.7169811320754716,0.0505383870967743,0.001095093441946026,0.002190186883892052,0.6415094339622641,0.026719405268855367,0.05343881053771073,True,False,True,False,0.01919616076784643,0.9892021595680864,0.03839232153569286,0.49056603773584906,0.6037735849056604,1.0,,,,,,0.8072455527070638,0.012242987113554852,0.8072455527070638,1.0,False
139,KEGG_TRYPTOPHAN_METABOLISM,39,0.4358974358974359,-0.006227462400000022,0.8316081824050369,0.5223973804968411,0.48717948717948717,-0.002512983870967659,0.6253706876195811,1.0,0.6410256410256411,0.0540645107030287,0.1081290214060574,True,False,False,False,0.04599080183963208,0.9788042391521695,0.09198160367926415,0.48717948717948717,0.6153846153846154,1.0,,,,,,0.9884736430370447,1.0,1.0,1.0,False
140,REACTOME_EPHB_MEDIATED_FORWARD_SIGNALING,39,0.6153846153846154,0.018210025333331346,0.09979543345980374,0.19959086691960748,0.7692307692307693,0.08707701612903247,0.0005325098172761496,0.0010650196345522991,0.6410256410256411,0.0540645107030287,0.1081290214060574,True,False,True,False,0.04599080183963208,0.9788042391521695,0.09198160367926415,0.48717948717948717,0.6153846153846154,1.0,,,,,,0.750775606975806,0.006646749044555313,0.750775606975806,1.0,False
141,REACTOME_DOWNREGULATION_OF_TGF_BETA_RECEPTOR_SIGNALING,25,0.52,0.0022033866666663383,0.49999999999999983,0.9999999999999997,0.64,0.092409596774194,0.114761471748352,0.229522943496704,0.64,0.114761471748352,0.229522943496704,True,False,False,False,0.09898020395920816,0.9538092381523695,0.19796040791841632,0.48,0.64,1.0,,,,,,1.0,0.39719226524930734,1.0,1.0,False
142,REACTOME_ACTIVATION_OF_THE_PHOTOTRANSDUCTION_CASCADE,11,0.09090909090909091,-0.027645966356862794,0.9995117187500003,0.011718750000000026,0.45454545454545453,-0.013076129032257806,0.7255859374999999,1.0,0.6363636363636364,0.2744140625000004,0.5488281250000008,True,False,False,False,0.251749650069986,0.8978204359128175,0.503499300139972,0.45454545454545453,0.7272727272727273,1.0,,,,,,0.22126586178699253,1.0,1.0,1.0,False
143,REACTOME_BUTYROPHILIN_BTN_FAMILY_INTERACTIONS,11,0.45454545454545453,-0.004712111745098346,0.7255859374999999,1.0,0.45454545454545453,-0.00487620967741912,0.7255859374999999,1.0,0.6363636363636364,0.2744140625000004,0.5488281250000008,True,False,False,False,0.251749650069986,0.8978204359128175,0.503499300139972,0.45454545454545453,0.7272727272727273,1.0,,,,,,1.0,1.0,1.0,1.0,False
144,REACTOME_CYTOSOLIC_IRON_SULFUR_CLUSTER_ASSEMBLY,11,0.36363636363636365,-0.022483783384314445,0.88671875,0.548828125000001,0.7272727272727273,0.04169596774193589,0.11328125000000024,0.22656250000000047,0.6363636363636364,0.2744140625000004,0.5488281250000008,False,False,False,False,0.251749650069986,0.8978204359128175,0.503499300139972,0.45454545454545453,0.7272727272727273,1.0,,,,,,0.9884736430370447,0.3947064181614358,0.9884736430370447,1.0,False
145,REACTOME_DERMATAN_SULFATE_BIOSYNTHESIS,11,0.36363636363636365,-0.04681541964705992,0.88671875,0.548828125000001,0.7272727272727273,0.03699532258064517,0.11328125000000024,0.22656250000000047,0.6363636363636364,0.2744140625000004,0.5488281250000008,False,False,False,False,0.251749650069986,0.8978204359128175,0.503499300139972,0.45454545454545453,0.7272727272727273,1.0,,,,,,0.9884736430370447,0.3947064181614358,0.9884736430370447,1.0,False
146,REACTOME_ESTABLISHMENT_OF_SISTER_CHROMATID_COHESION,11,0.5454545454545454,0.017360780905882174,0.5,1.0,0.36363636363636365,-0.05112499999999927,0.88671875,0.548828125000001,0.6363636363636364,0.2744140625000004,0.5488281250000008,False,False,False,False,0.251749650069986,0.8978204359128175,0.503499300139972,0.45454545454545453,0.7272727272727273,1.0,,,,,,1.0,0.7365102817357526,1.0,1.0,False
147,REACTOME_HEME_DEGRADATION,11,0.5454545454545454,0.010009767854901888,0.5,1.0,0.5454545454545454,0.010357016129032282,0.5,1.0,0.6363636363636364,0.2744140625000004,0.5488281250000008,True,False,False,False,0.251749650069986,0.8978204359128175,0.503499300139972,0.45454545454545453,0.7272727272727273,1.0,,,,,,1.0,1.0,1.0,1.0,False
148,REACTOME_INACTIVATION_OF_CSF3_G_CSF_SIGNALING,22,0.5454545454545454,0.003807089039214587,0.4159059524536129,0.8318119049072258,0.6363636363636364,0.02560927419354862,0.14313936233520455,0.2862787246704091,0.6363636363636364,0.14313936233520455,0.2862787246704091,True,False,False,False,0.1191761647670466,0.9432113577284543,0.2383523295340932,0.5,0.6818181818181818,1.0,,,,,,1.0,0.46438114628164484,1.0,1.0,False
149,REACTOME_INTERLEUKIN_6_FAMILY_SIGNALING,22,0.5454545454545454,0.007733453311764353,0.4159059524536129,0.8318119049072258,0.5454545454545454,0.027443508064516543,0.4159059524536129,0.8318119049072258,0.6363636363636364,0.14313936233520455,0.2862787246704091,True,False,False,False,0.1191761647670466,0.9432113577284543,0.2383523295340932,0.5,0.6818181818181818,1.0,,,,,,1.0,0.9575079260932078,1.0,1.0,False
150,REACTOME_ONCOGENIC_MAPK_SIGNALING,77,0.44155844155844154,-0.011860939886274728,0.872847666926168,0.36203179773966554,0.6233766233766234,0.04210951612903263,0.01976976643898931,0.03953953287797862,0.6363636363636364,0.011016729382411211,0.022033458764822423,False,False,True,False,0.007198560287942412,0.997000599880024,0.014397120575884824,0.4935064935064935,0.5844155844155844,1.0,,,,,,0.8818141280367402,0.1103312565452845,0.8818141280367402,1.0,False
151,REACTOME_RHOBTB_GTPASE_CYCLE,33,0.6363636363636364,0.018210025333331346,0.081377828726545,0.16275565745309,0.8181818181818182,0.13531459677419352,0.00016203173436224344,0.0003240634687244869,0.6363636363636364,0.081377828726545,0.16275565745309,True,False,True,False,0.07118576284743051,0.9634073185362927,0.14237152569486103,0.48484848484848486,0.6363636363636364,1.0,,,,,,0.7077938971296919,0.0025434072242315788,0.7077938971296919,1.0,False
152,REACTOME_STAT3_NUCLEAR_EVENTS_DOWNSTREAM_OF_ALK_SIGNALING,11,0.2727272727272727,-0.03211263550588288,0.9672851562500003,0.22656250000000067,0.45454545454545453,-0.005194999999999702,0.7255859374999999,1.0,0.6363636363636364,0.2744140625000004,0.5488281250000008,True,False,False,False,0.251749650069986,0.8978204359128175,0.503499300139972,0.45454545454545453,0.7272727272727273,1.0,,,,,,0.7540774930103149,1.0,1.0,1.0,False
153,REACTOME_SYNTHESIS_OF_PIPS_AT_THE_LATE_ENDOSOME_MEMBRANE,11,0.2727272727272727,-0.03542127049411876,0.9672851562500003,0.22656250000000067,0.45454545454545453,-0.0009562903225804665,0.7255859374999999,1.0,0.6363636363636364,0.2744140625000004,0.5488281250000008,True,False,False,False,0.251749650069986,0.8978204359128175,0.503499300139972,0.45454545454545453,0.7272727272727273,1.0,,,,,,0.7540774930103149,1.0,1.0,1.0,False
154,REACTOME_VITAMIN_D_CALCIFEROL_METABOLISM,11,0.2727272727272727,-0.03651071940784323,0.9672851562500003,0.22656250000000067,0.6363636363636364,0.003748145161290399,0.2744140625000004,0.5488281250000008,0.6363636363636364,0.2744140625000004,0.5488281250000008,False,False,False,False,0.251749650069986,0.8978204359128175,0.503499300139972,0.45454545454545453,0.7272727272727273,1.0,,,,,,0.7540774930103149,0.7365102817357526,0.7540774930103149,1.0,False
155,REACTOME_DNA_DOUBLE_STRAND_BREAK_RESPONSE,38,0.34210526315789475,-0.012594170215686758,0.9832237801601857,0.07295138851623043,0.6578947368421053,0.0261239112903228,0.03647569425811518,0.07295138851623036,0.631578947368421,0.07165332714794188,0.14330665429588377,False,False,True,False,0.05618876224755049,0.9708058388322336,0.11237752449510098,0.5,0.631578947368421,1.0,,,,,,0.517369703579891,0.17281472218631397,0.517369703579891,1.0,False
156,REACTOME_INITIATION_OF_NUCLEAR_ENVELOPE_NE_REFORMATION,19,0.47368421052631576,-0.012255928266668159,0.6761970520019551,1.0,0.8421052631578947,0.08134145161290349,0.0022125244140625043,0.004425048828125009,0.631578947368421,0.17964172363281283,0.35928344726562567,False,False,True,False,0.16516696660667868,0.9292141571685663,0.33033393321335736,0.47368421052631576,0.6842105263157895,1.0,,,,,,1.0,0.020965017923494707,1.0,1.0,False
157,REACTOME_NA_CL_DEPENDENT_NEUROTRANSMITTER_TRANSPORTERS,19,0.3684210526315789,-0.018334339866666882,0.9164657592773461,0.35928344726562617,0.3157894736842105,-0.010873387096773955,0.9682159423828152,0.16706848144531314,0.631578947368421,0.17964172363281283,0.35928344726562567,True,False,False,False,0.16516696660667868,0.9292141571685663,0.33033393321335736,0.47368421052631576,0.6842105263157895,1.0,,,,,,0.8818141280367402,0.32052397551360073,0.8818141280367402,1.0,False
158,REACTOME_SIGNALING_BY_ERBB4,57,0.5614035087719298,0.007933395152941124,0.21352142825163334,0.4270428565032667,0.543859649122807,0.003977903225806628,0.2983208801865486,0.5966417603730972,0.631578947368421,0.03136834017791499,0.06273668035582998,True,False,False,False,0.026794641071785644,0.9868026394721056,0.05358928214357129,0.49122807017543857,0.5964912280701754,1.0,,,,,,0.9255573207895069,0.7791439458989858,0.9255573207895069,1.0,False
159,REACTOME_G0_AND_EARLY_G1,27,0.7407407407407407,0.0451709858823527,0.00957864522933966,0.01915729045867932,0.6666666666666666,0.023896612903226346,0.061039060354233315,0.12207812070846663,0.6296296296296297,0.12389428168535326,0.2477885633707065,True,True,False,False,0.11177764447110577,0.9426114777044591,0.22355528894221155,0.48148148148148145,0.6666666666666666,1.0,,,,,,0.2985360717773452,0.2516039782240811,0.2985360717773452,1.0,False
160,REACTOME_SIGNALING_BY_CSF3_G_CSF,27,0.5185185185185185,0.0022526350196073533,0.5000000000000037,1.0,0.5925925925925926,0.01572540322580674,0.2210341691970841,0.4420683383941682,0.6296296296296297,0.12389428168535326,0.2477885633707065,True,False,False,False,0.11177764447110577,0.9426114777044591,0.22355528894221155,0.48148148148148145,0.6666666666666666,1.0,,,,,,1.0,0.636087220244942,1.0,1.0,False
161,REACTOME_TRANSLATION_OF_SARS_COV_1_STRUCTURAL_PROTEINS,27,0.5185185185185185,0.0053615430588218205,0.5000000000000037,1.0,0.5925925925925926,0.03199870967741963,0.2210341691970841,0.4420683383941682,0.6296296296296297,0.12389428168535326,0.2477885633707065,True,False,False,False,0.11177764447110577,0.9426114777044591,0.22355528894221155,0.48148148148148145,0.6666666666666666,1.0,,,,,,1.0,0.636087220244942,1.0,1.0,False
162,REACTOME_PKR_MEDIATED_SIGNALING,67,0.582089552238806,0.016736044294117458,0.11077436482240252,0.22154872964480504,0.746268656716418,0.07269249999999994,3.368986833457597e-05,6.737973666915194e-05,0.6268656716417911,0.02490005714736346,0.04980011429472692,True,False,True,False,0.020195960807838434,0.9882023595280944,0.04039192161567687,0.4925373134328358,0.5970149253731343,1.0,,,,,,0.7540774930103149,0.0006755796430642827,0.7540774930103149,1.0,False
163,REACTOME_SELECTIVE_AUTOPHAGY,75,0.5866666666666667,0.009288842921568693,0.08271397086212572,0.16542794172425143,0.6933333333333334,0.07208403225806462,0.0005397577533331233,0.0010795155066662466,0.6266666666666667,0.018477452013683757,0.036954904027367515,True,False,True,False,0.010997800439912017,0.9942011597680463,0.021995600879824034,0.49333333333333335,0.5866666666666667,1.0,,,,,,0.7077938971296919,0.006710268389437389,0.7077938971296919,1.0,False
164,KEGG_PHENYLALANINE_METABOLISM,16,0.25,-0.053484812388235686,0.9893646240234378,0.0768127441406251,0.375,-0.007702258064515928,0.894943237304688,0.45449829101562467,0.625,0.22724914550781222,0.45449829101562444,True,False,False,False,0.21255748850229955,0.9012197560487902,0.4251149770045991,0.5,0.6875,1.0,,,,,,0.5203501383463556,0.6485678092178886,0.6485678092178886,1.0,False
165,REACTOME_ACTIVATION_OF_AMPK_DOWNSTREAM_OF_NMDARS,24,0.5833333333333334,0.013713149090196212,0.27062809467315696,0.5412561893463139,0.7916666666666666,0.10895850806451635,0.003305375576019281,0.006610751152038562,0.625,0.15372812747955353,0.30745625495910706,True,False,True,False,0.13557288542291543,0.935612877424515,0.27114577084583086,0.5,0.6666666666666666,1.0,,,,,,0.9884736430370447,0.028068599153737498,0.9884736430370447,1.0,False
166,REACTOME_ACYL_CHAIN_REMODELLING_OF_PG,16,0.375,-0.018246093831372608,0.894943237304688,0.45449829101562467,0.625,0.011303306451613052,0.22724914550781222,0.45449829101562444,0.625,0.22724914550781222,0.45449829101562444,False,False,False,False,0.21255748850229955,0.9012197560487902,0.4251149770045991,0.5,0.6875,1.0,,,,,,0.9457283250067267,0.6485678092178886,0.9457283250067267,1.0,False
167,REACTOME_ASSEMBLY_AND_CELL_SURFACE_PRESENTATION_OF_NMDA_RECEPTORS,40,0.6,0.007706181262744969,0.13409362552738227,0.26818725105476454,0.675,0.03687560483870976,0.019238654142099798,0.038477308284199596,0.625,0.0769299720814146,0.1538599441628292,True,False,True,False,0.06458708258348331,0.9676064787042592,0.12917416516696661,0.5,0.625,1.0,,,,,,0.803618528905151,0.10820277245036089,0.803618528905151,1.0,False
168,REACTOME_BETA_CATENIN_PHOSPHORYLATION_CASCADE,16,0.375,-0.012581238872549121,0.894943237304688,0.45449829101562467,0.625,0.057144395161290634,0.22724914550781222,0.45449829101562444,0.625,0.22724914550781222,0.45449829101562444,False,False,False,False,0.21255748850229955,0.9012197560487902,0.4251149770045991,0.5,0.6875,1.0,,,,,,0.9457283250067267,0.6485678092178886,0.9457283250067267,1.0,False
169,REACTOME_CARGO_CONCENTRATION_IN_THE_ER,32,0.65625,0.029993231584312746,0.05509208259172696,0.11018416518345392,0.59375,0.054391290322581054,0.18854279373772315,0.3770855874754463,0.625,0.10766357486136183,0.21532714972272365,True,False,False,False,0.09118176364727054,0.9566086782643471,0.18236352729454108,0.5,0.625,1.0,,,,,,0.6071850804790333,0.5683714868446591,0.6071850804790333,1.0,False
170,REACTOME_GAP_JUNCTION_ASSEMBLY,32,0.5,0.0005238855921564124,0.5699749670457054,1.0,0.6875,0.016750685483871174,0.02505122986622141,0.05010245973244282,0.625,0.10766357486136183,0.21532714972272365,True,False,True,False,0.09118176364727054,0.9566086782643471,0.18236352729454108,0.5,0.625,1.0,,,,,,1.0,0.13019936860236814,1.0,1.0,False
171,REACTOME_GLYOXYLATE_METABOLISM_AND_GLYCINE_DEGRADATION,16,0.4375,-0.014795804443137562,0.7727508544921882,0.803619384765625,0.5625,0.011411975806451766,0.4018096923828125,0.803619384765625,0.625,0.22724914550781222,0.45449829101562444,False,False,False,False,0.21255748850229955,0.9012197560487902,0.4251149770045991,0.5,0.6875,1.0,,,,,,1.0,0.9446479000951447,1.0,1.0,False
172,REACTOME_GROWTH_HORMONE_RECEPTOR_SIGNALING,24,0.375,-0.02241639831960792,0.9242051839828502,0.30745625495910656,0.5,0.0018660080645163217,0.5805901288986216,1.0,0.625,0.15372812747955353,0.30745625495910706,False,False,False,False,0.13557288542291543,0.935612877424515,0.27114577084583086,0.5,0.6666666666666666,1.0,,,,,,0.8471401067490291,1.0,1.0,1.0,False
173,REACTOME_N_GLYCAN_ANTENNAE_ELONGATION_IN_THE_MEDIAL_TRANS_GOLGI,24,0.4583333333333333,-0.016976702964706145,0.7293719053268445,0.8388197422027591,0.6666666666666666,0.010189354838709913,0.07579481601715092,0.15158963203430184,0.625,0.15372812747955353,0.30745625495910706,False,False,False,False,0.13557288542291543,0.935612877424515,0.27114577084583086,0.5,0.6666666666666666,1.0,,,,,,1.0,0.2955712524232184,1.0,1.0,False
174,REACTOME_PHOSPHOLIPASE_C_MEDIATED_CASCADE_FGFR1,16,0.5,0.001299688235293284,0.5981903076171879,1.0,0.625,0.006561935483871185,0.22724914550781222,0.45449829101562444,0.625,0.22724914550781222,0.45449829101562444,True,False,False,False,0.21255748850229955,0.9012197560487902,0.4251149770045991,0.5,0.6875,1.0,,,,,,1.0,0.6485678092178886,1.0,1.0,False
175,REACTOME_POLO_LIKE_KINASE_MEDIATED_EVENTS,16,0.6875,0.029770270823529003,0.10505676269531242,0.21011352539062483,0.5625,0.0038954032258067036,0.4018096923828125,0.803619384765625,0.625,0.22724914550781222,0.45449829101562444,True,False,False,False,0.21255748850229955,0.9012197560487902,0.4251149770045991,0.5,0.6875,1.0,,,,,,0.750775606975806,0.9446479000951447,0.9446479000951447,1.0,False
176,REACTOME_SIGNALING_BY_CYTOSOLIC_FGFR1_FUSION_MUTANTS,16,0.4375,-0.01539305270000091,0.7727508544921882,0.803619384765625,0.6875,0.027732177419355047,0.10505676269531242,0.21011352539062483,0.625,0.22724914550781222,0.45449829101562444,False,False,False,False,0.21255748850229955,0.9012197560487902,0.4251149770045991,0.5,0.6875,1.0,,,,,,1.0,0.37573811099773435,1.0,1.0,False
177,REACTOME_SIGNALING_BY_ERBB2_ECD_MUTANTS,16,0.5625,0.032428858378430805,0.4018096923828125,0.803619384765625,0.6875,0.03617129032258106,0.10505676269531242,0.21011352539062483,0.625,0.22724914550781222,0.45449829101562444,True,False,False,False,0.21255748850229955,0.9012197560487902,0.4251149770045991,0.5,0.6875,1.0,,,,,,1.0,0.37573811099773435,1.0,1.0,False
178,REACTOME_TRANSCRIPTION_OF_E2F_TARGETS_UNDER_NEGATIVE_CONTROL_BY_P107_RBL1_AND_P130_RBL2_IN_COMPLEX_WITH_HDAC1,16,0.6875,0.037121559670587986,0.10505676269531242,0.21011352539062483,0.6875,0.024405725806451894,0.10505676269531242,0.21011352539062483,0.625,0.22724914550781222,0.45449829101562444,True,False,False,False,0.21255748850229955,0.9012197560487902,0.4251149770045991,0.5,0.6875,1.0,,,,,,0.750775606975806,0.37573811099773435,0.750775606975806,1.0,False
179,REACTOME_LATE_SARS_COV_2_INFECTION_EVENTS,66,0.5454545454545454,0.005799126123528329,0.2692913876229755,0.538582775245951,0.6818181818181818,0.03386395161290359,0.0021362025158258445,0.004272405031651689,0.6212121212121212,0.032008752068613165,0.06401750413722633,True,False,True,False,0.02439512097580484,0.9868026394721056,0.04879024195160968,0.48484848484848486,0.5909090909090909,1.0,,,,,,0.9884736430370447,0.020491720429588658,0.9884736430370447,1.0,False
180,REACTOME_DOWNSTREAM_SIGNAL_TRANSDUCTION,29,0.5862068965517241,0.019278191874509458,0.2291291598230583,0.4582583196461166,0.7586206896551724,0.06686379032258105,0.004065029323101013,0.008130058646202027,0.6206896551724138,0.13246544823050396,0.2649308964610079,True,False,True,False,0.11317736452709458,0.9426114777044591,0.22635472905418916,0.4827586206896552,0.6551724137931034,1.0,,,,,,0.9457283250067267,0.033327948407475216,0.9457283250067267,1.0,False
181,KEGG_SELENOAMINO_ACID_METABOLISM,21,0.47619047619047616,-0.021059340905882615,0.6681880950927742,1.0,0.7619047619047619,0.10272580645161326,0.013301849365234363,0.026603698730468726,0.6190476190476191,0.19165515899658228,0.38331031799316456,False,False,True,False,0.16316736652669467,0.9274145170965807,0.32633473305338934,0.47619047619047616,0.6666666666666666,1.0,,,,,,1.0,0.08202807108561214,1.0,1.0,False
182,REACTOME_RHOBTB2_GTPASE_CYCLE,21,0.6666666666666666,0.023664004772547476,0.09462356567382803,0.18924713134765606,0.7619047619047619,0.10047717741935529,0.013301849365234363,0.026603698730468726,0.6190476190476191,0.19165515899658228,0.38331031799316456,True,False,True,False,0.16316736652669467,0.9274145170965807,0.32633473305338934,0.47619047619047616,0.6666666666666666,1.0,,,,,,0.73706777472245,0.08202807108561214,0.73706777472245,1.0,False
183,REACTOME_SIGNALING_BY_MODERATE_KINASE_ACTIVITY_BRAF_MUTANTS,42,0.5,0.0018866110117644927,0.5611928356238438,1.0,0.6428571428571429,0.05146487903225832,0.044214773493877105,0.08842954698775421,0.6190476190476191,0.08207470089155296,0.1641494017831059,True,False,True,False,0.07358528294341132,0.9626074785042992,0.14717056588682265,0.5,0.6190476190476191,1.0,,,,,,1.0,0.20328330772036987,1.0,1.0,False
184,REACTOME_INTERFERON_ALPHA_BETA_SIGNALING,68,0.6323529411764706,0.024344045152941113,0.019230026674464253,0.038460053348928505,0.6029411764705882,0.02145995967741948,0.05712715342496327,0.11425430684992655,0.6176470588235294,0.034059337142050755,0.06811867428410151,True,True,False,False,0.02499500099980004,0.9852029594081184,0.04999000199960008,0.4852941176470588,0.5882352941176471,1.0,,,,,,0.402310979446309,0.2405842721474063,0.402310979446309,1.0,False
185,REACTOME_COPI_INDEPENDENT_GOLGI_TO_ER_RETROGRADE_TRAFFIC,47,0.5957446808510638,0.013542406345097124,0.12148010864166181,0.24296021728332362,0.851063829787234,0.13210717741935513,5.354559107217959e-07,1.0709118214435918e-06,0.6170212765957447,0.07193254422027373,0.14386508844054746,True,False,True,False,0.0653869226154769,0.9620075984803039,0.1307738452309538,0.48936170212765956,0.6170212765957447,1.0,,,,,,0.7706094256535712,1.9811868696706447e-05,0.7706094256535712,1.0,False
186,REACTOME_ADENYLATE_CYCLASE_INHIBITORY_PATHWAY,13,0.5384615384615384,0.006746763996078438,0.4999999999999993,0.9999999999999986,0.46153846153846156,-0.015358629032257804,0.7094726562499986,0.9999999999999977,0.6153846153846154,0.29052734374999983,0.5810546874999997,False,False,False,False,0.27074585082983404,0.8800239952009599,0.5414917016596681,0.46153846153846156,0.6923076923076923,1.0,,,,,,1.0,1.0,1.0,1.0,False
187,REACTOME_ALPHA_LINOLENIC_OMEGA3_AND_LINOLEIC_OMEGA6_ACID_METABOLISM,13,0.38461538461538464,-0.02148418806666661,0.866577148437498,0.5810546874999991,0.6153846153846154,0.024072016129032384,0.29052734374999983,0.5810546874999997,0.6153846153846154,0.29052734374999983,0.5810546874999997,False,False,False,False,0.27074585082983404,0.8800239952009599,0.5414917016596681,0.46153846153846156,0.6923076923076923,1.0,,,,,,1.0,0.7652194782838978,1.0,1.0,False
188,REACTOME_ATF4_ACTIVATES_GENES_IN_RESPONSE_TO_ENDOPLASMIC_RETICULUM_STRESS,26,0.5769230769230769,0.02020489547254793,0.27859854698181374,0.5571970939636275,0.6538461538461539,0.07703580645161313,0.08431877195835176,0.16863754391670352,0.6153846153846154,0.16346979141235482,0.32693958282470964,True,False,False,False,0.14797040591881624,0.9218156368726255,0.2959408118376325,0.5,0.6538461538461539,1.0,,,,,,0.9907142837751463,0.3227373685302438,0.9907142837751463,1.0,False
189,REACTOME_FGFRL1_MODULATION_OF_FGFR1_SIGNALING,13,0.38461538461538464,-0.010128730105882444,0.866577148437498,0.5810546874999991,0.6153846153846154,0.002515725806451761,0.29052734374999983,0.5810546874999997,0.6153846153846154,0.29052734374999983,0.5810546874999997,False,False,False,False,0.27074585082983404,0.8800239952009599,0.5414917016596681,0.46153846153846156,0.6923076923076923,1.0,,,,,,1.0,0.7652194782838978,1.0,1.0,False
190,REACTOME_GLYCOGEN_BREAKDOWN_GLYCOGENOLYSIS,13,0.46153846153846156,-0.0007495312196092417,0.7094726562499986,0.9999999999999977,0.5384615384615384,0.018195483870968185,0.4999999999999993,0.9999999999999986,0.6153846153846154,0.29052734374999983,0.5810546874999997,False,False,False,False,0.27074585082983404,0.8800239952009599,0.5414917016596681,0.46153846153846156,0.6923076923076923,1.0,,,,,,1.0,1.0,1.0,1.0,False
191,REACTOME_MRNA_DECAY_BY_3_TO_5_EXORIBONUCLEASE,13,0.5384615384615384,0.009666848043136734,0.4999999999999993,0.9999999999999986,0.6153846153846154,0.011372661290322723,0.29052734374999983,0.5810546874999997,0.6153846153846154,0.29052734374999983,0.5810546874999997,True,False,False,False,0.27074585082983404,0.8800239952009599,0.5414917016596681,0.46153846153846156,0.6923076923076923,1.0,,,,,,1.0,0.7652194782838978,1.0,1.0,False
192,REACTOME_NEPHRON_DEVELOPMENT,13,0.46153846153846156,-0.004758646023529734,0.7094726562499986,0.9999999999999977,0.5384615384615384,0.001855000000000091,0.4999999999999993,0.9999999999999986,0.6153846153846154,0.29052734374999983,0.5810546874999997,False,False,False,False,0.27074585082983404,0.8800239952009599,0.5414917016596681,0.46153846153846156,0.6923076923076923,1.0,,,,,,1.0,1.0,1.0,1.0,False
193,REACTOME_N_GLYCAN_ANTENNAE_ELONGATION,13,0.38461538461538464,-0.05603746809803932,0.866577148437498,0.5810546874999991,0.6153846153846154,0.00913475806451658,0.29052734374999983,0.5810546874999997,0.6153846153846154,0.29052734374999983,0.5810546874999997,False,False,False,False,0.27074585082983404,0.8800239952009599,0.5414917016596681,0.46153846153846156,0.6923076923076923,1.0,,,,,,1.0,0.7652194782838978,1.0,1.0,False
194,REACTOME_ORGANIC_CATION_ANION_ZWITTERION_TRANSPORT,13,0.23076923076923078,-0.020076374584313817,0.9887695312499981,0.09228515625,0.46153846153846156,-0.024779112903225528,0.7094726562499986,0.9999999999999977,0.6153846153846154,0.29052734374999983,0.5810546874999997,True,False,False,False,0.27074585082983404,0.8800239952009599,0.5414917016596681,0.46153846153846156,0.6923076923076923,1.0,,,,,,0.5668424221837944,1.0,1.0,1.0,False
195,REACTOME_P38MAPK_EVENTS,13,0.23076923076923078,-0.03271889024313726,0.9887695312499981,0.09228515625,0.6153846153846154,0.029786532258064925,0.29052734374999983,0.5810546874999997,0.6153846153846154,0.29052734374999983,0.5810546874999997,False,False,False,False,0.27074585082983404,0.8800239952009599,0.5414917016596681,0.46153846153846156,0.6923076923076923,1.0,,,,,,0.5668424221837944,0.7652194782838978,0.7652194782838978,1.0,False
196,KEGG_N_GLYCAN_BIOSYNTHESIS,44,0.5909090909090909,0.015892628443136395,0.14560761827294738,0.29121523654589476,0.6590909090909091,0.04105830645161311,0.024383382952237475,0.04876676590447495,0.6136363636363636,0.08708557363536361,0.17417114727072722,True,False,True,False,0.07238552289542091,0.9632073585282943,0.14477104579084182,0.5,0.6136363636363636,1.0,,,,,,0.8349602907607389,0.1280855066636034,0.8349602907607389,1.0,False
197,REACTOME_INTERACTION_BETWEEN_L1_AND_ANKYRINS,31,0.3870967741935484,-0.0043655037529413375,0.925193607807157,0.28104151505976793,0.5806451612903226,0.011921209677420004,0.23656482994556394,0.4731296598911279,0.6129032258064516,0.14052075752988424,0.2810415150597685,False,False,False,False,0.1241751649670066,0.936612677464507,0.2483503299340132,0.4838709677419355,0.6451612903225806,1.0,,,,,,0.819396837528856,0.6681398995660495,0.819396837528856,1.0,False
198,REACTOME_KINESINS,54,0.5,0.0004052880784309659,0.5540384244476035,1.0,0.6666666666666666,0.021023467741935906,0.009917163364033775,0.01983432672806755,0.6111111111111112,0.06683711768205013,0.13367423536410025,True,False,True,False,0.057388522295540895,0.9684063187362527,0.11477704459108179,0.5,0.6111111111111112,1.0,,,,,,1.0,0.06571970945717905,1.0,1.0,False
199,REACTOME_NFE2L2_REGULATING_ANTI_OXIDANT_DETOXIFICATION_ENZYMES,18,0.6111111111111112,0.038774368435293007,0.24034118652343725,0.4806823730468745,0.6666666666666666,0.011481653225806613,0.11894226074218746,0.23788452148437492,0.6111111111111112,0.24034118652343725,0.4806823730468745,True,False,False,False,0.22455508898220355,0.8858228354329134,0.4491101779644071,0.5,0.6666666666666666,1.0,,,,,,0.9650909660398492,0.4075772286512888,0.9650909660398492,1.0,False
200,REACTOME_RAS_PROCESSING,18,0.5,-0.005576552939216615,0.5927352905273445,1.0,0.4444444444444444,-0.0025823387096772015,0.7596588134765634,0.8145294189453127,0.6111111111111112,0.24034118652343725,0.4806823730468745,True,False,False,False,0.22455508898220355,0.8858228354329134,0.4491101779644071,0.5,0.6666666666666666,1.0,,,,,,1.0,0.9524294334394402,1.0,1.0,False
201,REACTOME_RA_BIOSYNTHESIS_PATHWAY,18,0.4444444444444444,-0.014514048160784575,0.7596588134765634,0.8145294189453127,0.3888888888888889,-0.03758193548387091,0.8810577392578133,0.4806823730468747,0.6111111111111112,0.24034118652343725,0.4806823730468745,True,False,False,False,0.22455508898220355,0.8858228354329134,0.4491101779644071,0.5,0.6666666666666666,1.0,,,,,,1.0,0.6681398995660495,1.0,1.0,False
202,REACTOME_RHOH_GTPASE_CYCLE,36,0.5277777777777778,0.006475639162744795,0.4339697002142202,0.8679394004284404,0.75,0.058918064516129146,0.001966586511116474,0.003933173022232948,0.6111111111111112,0.12149247701745491,0.24298495403490983,True,False,True,False,0.11157768446310738,0.9412117576484703,0.22315536892621476,0.5,0.6388888888888888,1.0,,,,,,1.0,0.019220600240723276,1.0,1.0,False
203,REACTOME_RHO_GTPASES_ACTIVATE_ROCKS,18,0.5555555555555556,0.005108499652940624,0.40726470947265625,0.8145294189453125,0.6111111111111112,0.039179475806452056,0.24034118652343725,0.4806823730468745,0.6111111111111112,0.24034118652343725,0.4806823730468745,True,False,False,False,0.22455508898220355,0.8858228354329134,0.4491101779644071,0.5,0.6666666666666666,1.0,,,,,,1.0,0.6681398995660495,1.0,1.0,False
204,REACTOME_TIE2_SIGNALING,18,0.4444444444444444,-0.0031951229686279707,0.7596588134765634,0.8145294189453127,0.6111111111111112,0.006239919354839054,0.24034118652343725,0.4806823730468745,0.6111111111111112,0.24034118652343725,0.4806823730468745,False,False,False,False,0.22455508898220355,0.8858228354329134,0.4491101779644071,0.5,0.6666666666666666,1.0,,,,,,1.0,0.6681398995660495,1.0,1.0,False
205,REACTOME_AUTOPHAGY,141,0.524822695035461,0.0032873645372546493,0.30675635484772873,0.6135127096954575,0.6737588652482269,0.06360798387096808,2.245901673211317e-05,4.491803346422634e-05,0.6099290780141844,0.00562847052147995,0.0112569410429599,True,False,True,False,0.004999000199960008,0.996000799840032,0.009998000399920015,0.49645390070921985,0.5602836879432624,1.0,,,,,,1.0,0.0005021771511036527,1.0,1.0,False
206,REACTOME_BASIGIN_INTERACTIONS,23,0.43478260869565216,-0.0047256537490194366,0.7975635528564496,0.6776394844055222,0.7391304347826086,0.042768387096774454,0.01734483242034914,0.03468966484069828,0.6086956521739131,0.2024364471435556,0.4048728942871112,False,False,True,False,0.1891621675664867,0.903619276144771,0.3783243351329734,0.4782608695652174,0.6521739130434783,1.0,,,,,,1.0,0.10104280080769665,1.0,1.0,False
207,REACTOME_FACTORS_INVOLVED_IN_MEGAKARYOCYTE_DEVELOPMENT_AND_PLATELET_PRODUCTION,138,0.5507246376811594,0.0068500954019606475,0.13419498600443158,0.26838997200886316,0.6086956521739131,0.01248701612903248,0.006636608020959427,0.013273216041918855,0.6086956521739131,0.006636608020959427,0.013273216041918855,True,False,True,False,0.003799240151969606,0.9974005198960207,0.007598480303939212,0.4927536231884058,0.5579710144927537,1.0,,,,,,0.803618528905151,0.048005161738903776,0.803618528905151,1.0,False
208,REACTOME_INTERLEUKIN_12_FAMILY_SIGNALING,46,0.5652173913043478,0.013004532735294009,0.2306955910683852,0.4613911821367704,0.6956521739130435,0.04742737903225838,0.0056757957183891485,0.011351591436778297,0.6086956521739131,0.09196241068849685,0.1839248213769937,True,False,True,False,0.07338532293541292,0.9614077184563088,0.14677064587082583,0.5,0.6086956521739131,1.0,,,,,,0.9471623474775973,0.043664289833548205,0.9471623474775973,1.0,False
209,REACTOME_METABOLISM_OF_COFACTORS,23,0.30434782608695654,-0.04390695685098124,0.9826551675796565,0.09313964843750042,0.5217391304347826,0.001186209677419607,0.5000000000000028,1.0,0.6086956521739131,0.2024364471435556,0.4048728942871112,False,False,False,False,0.1891621675664867,0.903619276144771,0.3783243351329734,0.4782608695652174,0.6521739130434783,1.0,,,,,,0.5676039751838261,1.0,1.0,1.0,False
210,REACTOME_GOLGI_TO_ER_RETROGRADE_TRANSPORT,125,0.576,0.010585339717646712,0.053515705803007484,0.10703141160601497,0.76,0.059120967741935565,2.3299892143965792e-09,4.6599784287931585e-09,0.608,0.009838697246433152,0.019677394492866304,True,False,True,False,0.007598480303939212,0.996000799840032,0.015196960607878424,0.488,0.56,1.0,,,,,,0.6071850804790333,2.2630020244826776e-07,0.6071850804790333,1.0,False
211,REACTOME_EPHA_MEDIATED_GROWTH_CONE_COLLAPSE,28,0.6071428571428571,0.012964744823529387,0.17246422544121584,0.3449284508824317,0.42857142857142855,-0.004941088709677084,0.8275357745587762,0.5715881884098001,0.6071428571428571,0.17246422544121584,0.3449284508824317,False,False,False,False,0.15136972605478904,0.9218156368726255,0.3027394521095781,0.5,0.6428571428571429,1.0,,,,,,0.8687501015742283,0.7624446736384801,0.8687501015742283,1.0,False
212,REACTOME_PIWI_INTERACTING_RNA_PIRNA_BIOGENESIS,28,0.35714285714285715,-0.017673432829412507,0.9564207233488484,0.18493334203958353,0.6071428571428571,0.0669099596774197,0.17246422544121584,0.3449284508824317,0.6071428571428571,0.17246422544121584,0.3449284508824317,False,False,False,False,0.15136972605478904,0.9218156368726255,0.3027394521095781,0.5,0.6428571428571429,1.0,,,,,,0.7275605405810451,0.5280973523855161,0.7275605405810451,1.0,False
213,REACTOME_OXIDATIVE_STRESS_INDUCED_SENESCENCE,61,0.4426229508196721,-0.013472555180392625,0.8471612900684413,0.44262600494647103,0.5737704918032787,0.012606290322580944,0.15283870993155863,0.30567741986311725,0.6065573770491803,0.061865721269046034,0.12373144253809207,False,False,False,False,0.04899020195960808,0.9738052389522096,0.09798040391921616,0.4918032786885246,0.5901639344262295,1.0,,,,,,0.9422476872422136,0.48920979450801666,0.9422476872422136,1.0,False
214,REACTOME_NEGATIVE_REGULATORS_OF_DDX58_IFIH1_SIGNALING,33,0.6060606060606061,0.008548530156861533,0.14810318429954358,0.29620636859908717,0.6363636363636364,0.040472016129032555,0.081377828726545,0.16275565745309,0.6060606060606061,0.14810318429954358,0.29620636859908717,True,False,False,False,0.1289742051589682,0.9290141971605679,0.2579484103179364,0.48484848484848486,0.6363636363636364,1.0,,,,,,0.8415076724003325,0.31497172065018914,0.8415076724003325,1.0,False
215,REACTOME_PLASMA_LIPOPROTEIN_REMODELING,33,0.3333333333333333,-0.012708711321568523,0.9824589833151538,0.08014331245794905,0.5454545454545454,0.0009438709677422868,0.36416624044068147,0.7283324808813629,0.6060606060606061,0.14810318429954358,0.29620636859908717,False,False,False,False,0.1289742051589682,0.9290141971605679,0.2579484103179364,0.48484848484848486,0.6363636363636364,1.0,,,,,,0.5246568488978799,0.8997048293240365,0.8997048293240365,1.0,False
216,REACTOME_NR1H2_AND_NR1H3_MEDIATED_SIGNALING,43,0.46511627906976744,-0.005411988964706092,0.7288079940717592,0.7607916425613457,0.6744186046511628,0.02890451612903258,0.015769748676575674,0.03153949735315135,0.6046511627906976,0.11102641007801167,0.22205282015602334,False,False,True,False,0.09198160367926415,0.9486102779444111,0.1839632073585283,0.4883720930232558,0.627906976744186,1.0,,,,,,1.0,0.09443618282619884,1.0,1.0,False
217,REACTOME_SIGNALING_BY_SCF_KIT,43,0.6046511627906976,0.012722673443137197,0.11102641007801167,0.22205282015602334,0.5813953488372093,0.011833548387097223,0.18018882646788448,0.36037765293576896,0.6046511627906976,0.11102641007801167,0.22205282015602334,True,False,False,False,0.09198160367926415,0.9486102779444111,0.1839632073585283,0.4883720930232558,0.627906976744186,1.0,,,,,,0.7540774930103149,0.546367680646034,0.7540774930103149,1.0,False
218,KEGG_DRUG_METABOLISM_CYTOCHROME_P450,53,0.3584905660377358,-0.021515696372549097,0.9864958411731357,0.05343881053771087,0.4528301886792453,-0.007039354838709343,0.7949486418126512,0.583132154261177,0.6037735849056604,0.0844889111438593,0.1689778222877186,True,False,False,False,0.07378524295140972,0.9602079584083183,0.14757048590281943,0.49056603773584906,0.6037735849056604,1.0,,,,,,0.45628522843737745,0.7653609524677949,0.7653609524677949,1.0,False
219,REACTOME_FOXO_MEDIATED_TRANSCRIPTION,63,0.42857142857142855,-0.014429752168627411,0.8963160500715696,0.31350305329645145,0.6666666666666666,0.05484032258064536,0.005570703707652478,0.011141407415304956,0.6031746031746031,0.06495896151127602,0.12991792302255203,False,False,True,False,0.05358928214357129,0.972005598880224,0.10717856428714258,0.49206349206349204,0.6031746031746031,1.0,,,,,,0.8534112634022618,0.043501877194431916,0.8534112634022618,1.0,False
220,REACTOME_ACTIVATION_OF_PPARGC1A_PGC_1ALPHA_BY_PHOSPHORYLATION,10,0.2,-0.031211920256862626,0.9892578124999983,0.109375,0.6,0.053948629032258374,0.3769531249999994,0.7539062499999988,0.6,0.3769531249999994,0.7539062499999988,False,False,False,False,0.35492901419716055,0.8402319536092782,0.7098580283943211,0.5,0.8,1.0,,,,,,0.6071850804790333,0.9131491134060786,0.9131491134060786,1.0,False
221,REACTOME_ADHERENS_JUNCTIONS_INTERACTIONS,55,0.5454545454545454,0.004311757721568521,0.29502666588831855,0.5900533317766371,0.6545454545454545,0.014690241935484377,0.015014472705946288,0.030028945411892577,0.6,0.08850068238517943,0.17700136477035885,True,False,True,False,0.06938612277544491,0.9602079584083183,0.13877224555088982,0.4909090909090909,0.6,1.0,,,,,,1.0,0.09078790110910713,1.0,1.0,False
222,REACTOME_ALPHA_PROTEIN_KINASE_1_SIGNALING_PATHWAY,10,0.6,0.006955036607841677,0.3769531249999994,0.7539062499999988,0.4,-0.012271491935483242,0.8281249999999983,0.7539062499999992,0.6,0.3769531249999994,0.7539062499999988,False,False,False,False,0.35492901419716055,0.8402319536092782,0.7098580283943211,0.5,0.8,1.0,,,,,,1.0,0.9131491134060786,1.0,1.0,False
223,REACTOME_CASPASE_ACTIVATION_VIA_DEPENDENCE_RECEPTORS_IN_THE_ABSENCE_OF_LIGAND,10,0.5,0.007188628870587875,0.6230468749999987,1.0,0.5,-0.01966314516129015,0.6230468749999987,1.0,0.6,0.3769531249999994,0.7539062499999988,False,False,False,False,0.35492901419716055,0.8402319536092782,0.7098580283943211,0.5,0.8,1.0,,,,,,1.0,1.0,1.0,1.0,False
224,REACTOME_CHONDROITIN_SULFATE_BIOSYNTHESIS,20,0.25,-0.06597404376666692,0.994091033935549,0.04138946533203137,0.65,0.06455387096774264,0.13158798217773446,0.2631759643554689,0.6,0.2517223358154302,0.5034446716308604,False,False,False,False,0.23135372925414918,0.8810237952409518,0.46270745850829836,0.5,0.65,1.0,,,,,,0.41038859373668546,0.4416168505391377,0.4416168505391377,1.0,False
225,REACTOME_CONSTITUTIVE_SIGNALING_BY_EGFRVIII,15,0.6,0.029230831290195734,0.3036193847656248,0.6072387695312496,0.7333333333333333,0.0425560483870972,0.059234619140624965,0.11846923828124993,0.6,0.3036193847656248,0.6072387695312496,True,False,False,False,0.28214357128574286,0.8622275544891022,0.5642871425714857,0.4666666666666667,0.7333333333333333,1.0,,,,,,1.0,0.24645407803087335,1.0,1.0,False
226,REACTOME_CTLA4_INHIBITORY_SIGNALING,20,0.45,-0.005127345180392425,0.7482776641845718,0.8238029479980488,0.55,0.07119125000000019,0.41190147399902427,0.8238029479980485,0.6,0.2517223358154302,0.5034446716308604,False,False,False,False,0.23135372925414918,0.8810237952409518,0.46270745850829836,0.5,0.65,1.0,,,,,,1.0,0.9552443969227906,1.0,1.0,False
227,REACTOME_FOLDING_OF_ACTIN_BY_CCT_TRIC,10,0.7,0.03201049858627382,0.17187499999999986,0.3437499999999997,0.7,0.2631071370967741,0.17187499999999986,0.3437499999999997,0.6,0.3769531249999994,0.7539062499999988,True,False,False,False,0.35492901419716055,0.8402319536092782,0.7098580283943211,0.5,0.8,1.0,,,,,,0.8687501015742283,0.5280973523855161,0.8687501015742283,1.0,False
228,REACTOME_IL_6_TYPE_CYTOKINE_RECEPTOR_LIGAND_INTERACTIONS,15,0.4666666666666667,-0.00041192917254959105,0.6963806152343749,0.9999999999999998,0.4666666666666667,-0.004259677419354464,0.6963806152343749,0.9999999999999998,0.6,0.3036193847656248,0.6072387695312496,True,False,False,False,0.28214357128574286,0.8622275544891022,0.5642871425714857,0.4666666666666667,0.7333333333333333,1.0,,,,,,1.0,1.0,1.0,1.0,False
229,REACTOME_LAGGING_STRAND_SYNTHESIS,20,0.4,-0.03877400505882331,0.8684120178222675,0.5034446716308608,0.7,0.032789798387097,0.05765914916992178,0.11531829833984356,0.6,0.2517223358154302,0.5034446716308604,False,False,False,False,0.23135372925414918,0.8810237952409518,0.46270745850829836,0.5,0.65,1.0,,,,,,0.9865737953522796,0.24151568142872895,0.9865737953522796,1.0,False
230,REACTOME_MAPK3_ERK1_ACTIVATION,10,0.6,0.04391662934705824,0.3769531249999994,0.7539062499999988,0.8,0.09066181451612912,0.05468750000000005,0.1093750000000001,0.6,0.3769531249999994,0.7539062499999988,True,False,False,False,0.35492901419716055,0.8402319536092782,0.7098580283943211,0.5,0.8,1.0,,,,,,1.0,0.23219774590163955,1.0,1.0,False
231,REACTOME_NEF_MEDIATED_DOWNREGULATION_OF_MHC_CLASS_I_COMPLEX_CELL_SURFACE_EXPRESSION,10,0.7,0.013552033835293766,0.17187499999999986,0.3437499999999997,0.5,0.004297298387097113,0.6230468749999987,1.0,0.6,0.3769531249999994,0.7539062499999988,True,False,False,False,0.35492901419716055,0.8402319536092782,0.7098580283943211,0.5,0.8,1.0,,,,,,0.8687501015742283,1.0,1.0,1.0,False
232,REACTOME_PHASE_2_PLATEAU_PHASE,15,0.2,-0.012445848741176492,0.9963073730468748,0.035156250000000056,0.3333333333333333,-0.014843629032258047,0.9407653808593748,0.30175781249999994,0.6,0.3036193847656248,0.6072387695312496,True,False,False,False,0.28214357128574286,0.8622275544891022,0.5642871425714857,0.4666666666666667,0.7333333333333333,1.0,,,,,,0.39624933376907995,0.4834346810567009,0.4834346810567009,1.0,False
233,REACTOME_POU5F1_OCT4_SOX2_NANOG_ACTIVATE_GENES_RELATED_TO_PROLIFERATION,10,0.3,-0.011457548592157113,0.9453124999999984,0.3437499999999999,0.3,-0.14902076612903184,0.9453124999999984,0.3437499999999999,0.6,0.3769531249999994,0.7539062499999988,True,False,False,False,0.35492901419716055,0.8402319536092782,0.7098580283943211,0.5,0.8,1.0,,,,,,0.8687501015742283,0.5280973523855161,0.8687501015742283,1.0,False
234,REACTOME_PROCESSIVE_SYNTHESIS_ON_THE_LAGGING_STRAND,15,0.4,-0.03583748360392135,0.8491210937499997,0.6072387695312499,0.6666666666666666,0.031448467741935715,0.1508789062499999,0.3017578124999998,0.6,0.3036193847656248,0.6072387695312496,False,False,False,False,0.28214357128574286,0.8622275544891022,0.5642871425714857,0.4666666666666667,0.7333333333333333,1.0,,,,,,1.0,0.4834346810567009,1.0,1.0,False
235,REACTOME_REGULATION_OF_BACH1_ACTIVITY,10,0.6,0.00560032784117594,0.3769531249999994,0.7539062499999988,0.8,0.1493364112903228,0.05468750000000005,0.1093750000000001,0.6,0.3769531249999994,0.7539062499999988,True,False,False,False,0.35492901419716055,0.8402319536092782,0.7098580283943211,0.5,0.8,1.0,,,,,,1.0,0.23219774590163955,1.0,1.0,False
236,REACTOME_REGULATION_OF_LOCALIZATION_OF_FOXO_TRANSCRIPTION_FACTORS,10,0.4,-0.012416184639216118,0.8281249999999983,0.7539062499999992,0.8,0.48395004032258027,0.05468750000000005,0.1093750000000001,0.6,0.3769531249999994,0.7539062499999988,False,False,False,False,0.35492901419716055,0.8402319536092782,0.7098580283943211,0.5,0.8,1.0,,,,,,1.0,0.23219774590163955,1.0,1.0,False
237,REACTOME_REGULATION_OF_NF_KAPPA_B_SIGNALING,15,0.4,-0.024891091407843735,0.8491210937499997,0.6072387695312499,0.6666666666666666,0.06677822580645176,0.1508789062499999,0.3017578124999998,0.6,0.3036193847656248,0.6072387695312496,False,False,False,False,0.28214357128574286,0.8622275544891022,0.5642871425714857,0.4666666666666667,0.7333333333333333,1.0,,,,,,1.0,0.4834346810567009,1.0,1.0,False
238,REACTOME_REGULATION_OF_TBK1_IKK_MEDIATED_ACTIVATION_OF_IRF3_IRF7_UPON_TLR3_LIGATION,10,0.5,-0.00886261644509784,0.6230468749999987,1.0,0.7,0.11413766129032298,0.17187499999999986,0.3437499999999997,0.6,0.3769531249999994,0.7539062499999988,False,False,False,False,0.35492901419716055,0.8402319536092782,0.7098580283943211,0.5,0.8,1.0,,,,,,1.0,0.5280973523855161,1.0,1.0,False
239,REACTOME_RET_SIGNALING,40,0.375,-0.007604909421568843,0.9596547661239849,0.1538599441628296,0.575,0.025274233870967958,0.21479525392168883,0.42959050784337766,0.6,0.13409362552738227,0.26818725105476454,False,False,False,False,0.11117776444711058,0.935612877424515,0.22235552889422117,0.5,0.625,1.0,,,,,,0.6970797470234321,0.6233274035374504,0.6970797470234321,1.0,False
240,REACTOME_RUNX3_REGULATES_P14_ARF,10,0.4,-0.009645592890196262,0.8281249999999983,0.7539062499999992,0.8,0.10238979838709708,0.05468750000000005,0.1093750000000001,0.6,0.3769531249999994,0.7539062499999988,False,False,False,False,0.35492901419716055,0.8402319536092782,0.7098580283943211,0.5,0.8,1.0,,,,,,1.0,0.23219774590163955,1.0,1.0,False
241,REACTOME_SPRY_REGULATION_OF_FGF_SIGNALING,15,0.5333333333333333,0.0053615430588218205,0.49999999999999983,0.9999999999999997,0.9333333333333333,0.20686967741935475,0.00048828124999999864,0.0009765624999999973,0.6,0.3036193847656248,0.6072387695312496,True,False,True,False,0.28214357128574286,0.8622275544891022,0.5642871425714857,0.4666666666666667,0.7333333333333333,1.0,,,,,,1.0,0.006144040991902817,1.0,1.0,False
242,REACTOME_UPTAKE_AND_FUNCTION_OF_ANTHRAX_TOXINS,10,0.4,-0.019807295170588515,0.8281249999999983,0.7539062499999992,0.6,0.14681745967741938,0.3769531249999994,0.7539062499999988,0.6,0.3769531249999994,0.7539062499999988,False,False,False,False,0.35492901419716055,0.8402319536092782,0.7098580283943211,0.5,0.8,1.0,,,,,,1.0,0.9131491134060786,1.0,1.0,False
243,HALLMARK_REACTIVE_OXYGEN_SPECIES_PATHWAY,47,0.7021276595744681,0.04543949306666632,0.003971363254741742,0.007942726509483484,0.7659574468085106,0.059532419354838835,0.00017300057015745332,0.00034600114031490664,0.5957446808510638,0.12148010864166181,0.24296021728332362,True,True,True,False,0.10977804439112178,0.9348130373925215,0.21955608878224356,0.48936170212765956,0.6170212765957447,1.0,,,,,,0.1815146617020196,0.002701938553011884,0.1815146617020196,1.0,False
244,REACTOME_INTERLEUKIN_3_INTERLEUKIN_5_AND_GM_CSF_SIGNALING,47,0.5531914893617021,0.0053615430588218205,0.2800323147901019,0.5600646295802038,0.6170212765957447,0.02847451612903272,0.07193254422027373,0.14386508844054746,0.5957446808510638,0.12148010864166181,0.24296021728332362,True,False,False,False,0.10977804439112178,0.9348130373925215,0.21955608878224356,0.48936170212765956,0.6170212765957447,1.0,,,,,,0.9935393086388553,0.2877301768810949,0.9935393086388553,1.0,False
245,REACTOME_SIGNALING_BY_EGFR,47,0.5957446808510638,0.024479013901960653,0.12148010864166181,0.24296021728332362,0.574468085106383,0.021141693548387214,0.19084669883160402,0.38169339766320803,0.5957446808510638,0.12148010864166181,0.24296021728332362,True,False,False,False,0.10977804439112178,0.9348130373925215,0.21955608878224356,0.48936170212765956,0.6170212765957447,1.0,,,,,,0.7706094256535712,0.5736475241476066,0.7706094256535712,1.0,False
246,REACTOME_FLT3_SIGNALING,37,0.5945945945945946,0.008548530156861533,0.16200430004391855,0.3240086000878371,0.7837837837837838,0.0425560483870972,0.0003764485300052932,0.0007528970600105864,0.5945945945945946,0.16200430004391855,0.3240086000878371,True,False,True,False,0.14097180563887224,0.9208158368326335,0.2819436112777445,0.4864864864864865,0.6216216216216216,1.0,,,,,,0.8687501015742283,0.005042877156206092,0.8687501015742283,1.0,False
247,REACTOME_FANCONI_ANEMIA_PATHWAY,32,0.34375,-0.018448708188235997,0.9749487701337708,0.11018416518345373,0.5625,0.0278734677419357,0.2983074479270704,0.5966148958541408,0.59375,0.18854279373772315,0.3770855874754463,False,False,False,False,0.16196760647870426,0.9090181963607279,0.3239352129574085,0.5,0.625,1.0,,,,,,0.6071850804790333,0.7791439458989858,0.7791439458989858,1.0,False
248,REACTOME_NEGATIVE_REGULATION_OF_FGFR1_SIGNALING,32,0.46875,-0.003766787713725858,0.7016925520729221,0.8600500659085736,0.75,0.04786927419354861,0.003500183345749952,0.007000366691499904,0.59375,0.18854279373772315,0.3770855874754463,False,False,True,False,0.16196760647870426,0.9090181963607279,0.3239352129574085,0.5,0.625,1.0,,,,,,1.0,0.02964187966918488,1.0,1.0,False
249,REACTOME_ACTIVATION_OF_NMDA_RECEPTORS_AND_POSTSYNAPTIC_EVENTS,86,0.45348837209302323,-0.005798946101961109,0.8340828227000666,0.45054757600160206,0.627906976744186,0.027155483870967972,0.011491295953578999,0.022982591907157998,0.5930232558139535,0.05261267562847422,0.10522535125694844,False,False,True,False,0.041391721655668866,0.9752049590081984,0.08278344331133773,0.4883720930232558,0.5813953488372093,1.0,,,,,,0.9457283250067267,0.07288764861984394,0.9457283250067267,1.0,False
250,REACTOME_MHC_CLASS_II_ANTIGEN_PRESENTATION,115,0.5565217391304348,0.00474420685490155,0.13152697877146693,0.26305395754293387,0.7043478260869566,0.052484354838710015,6.9001724589004725e-06,1.3800344917800945e-05,0.591304347826087,0.030854304119611632,0.061708608239223264,True,False,True,False,0.022595480903819236,0.9864027194561088,0.04519096180763847,0.4956521739130435,0.5652173913043478,1.0,,,,,,0.803618528905151,0.00019079686403878257,0.803618528905151,1.0,False
251,REACTOME_GLUCONEOGENESIS,22,0.4090909090909091,-0.024040737533333675,0.8568606376647941,0.5234670639038088,0.7272727272727273,0.08501000000000025,0.02623939514160144,0.05247879028320288,0.5909090909090909,0.26173353195190396,0.5234670639038079,False,False,True,False,0.22335532893421317,0.8810237952409518,0.44671065786842634,0.5,0.6818181818181818,1.0,,,,,,0.9884736430370447,0.13569391031630162,0.9884736430370447,1.0,False
252,REACTOME_HDMS_DEMETHYLATE_HISTONES,22,0.45454545454545453,-0.00626422550980428,0.7382664680480944,0.8318119049072269,0.5,0.009106209677419565,0.5840940475463855,1.0,0.5909090909090909,0.26173353195190396,0.5234670639038079,False,False,False,False,0.22335532893421317,0.8810237952409518,0.44671065786842634,0.5,0.6818181818181818,1.0,,,,,,1.0,1.0,1.0,1.0,False
253,REACTOME_SIGNALING_BY_EGFR_IN_CANCER,22,0.6818181818181818,0.026854922596078194,0.06690025329589823,0.13380050659179646,0.6363636363636364,0.03617129032258106,0.14313936233520455,0.2862787246704091,0.5909090909090909,0.26173353195190396,0.5234670639038079,True,False,False,False,0.22335532893421317,0.8810237952409518,0.44671065786842634,0.5,0.6818181818181818,1.0,,,,,,0.6518056026446769,0.46438114628164484,0.6518056026446769,1.0,False
254,REACTOME_SYNTHESIS_OF_BILE_ACIDS_AND_BILE_SALTS_VIA_7ALPHA_HYDROXYCHOLESTEROL,22,0.45454545454545453,-0.02943174763921584,0.7382664680480944,0.8318119049072269,0.7727272727272727,0.018915846774193595,0.00845026969909663,0.01690053939819326,0.5909090909090909,0.26173353195190396,0.5234670639038079,False,False,True,False,0.22335532893421317,0.8810237952409518,0.44671065786842634,0.5,0.6818181818181818,1.0,,,,,,1.0,0.05734375158251599,1.0,1.0,False
255,REACTOME_TERMINATION_OF_O_GLYCAN_BIOSYNTHESIS,22,0.4090909090909091,-0.005422618682353102,0.8568606376647941,0.5234670639038088,0.45454545454545453,-0.0017977016129029529,0.7382664680480944,0.8318119049072269,0.5909090909090909,0.26173353195190396,0.5234670639038079,True,False,False,False,0.22335532893421317,0.8810237952409518,0.44671065786842634,0.5,0.6818181818181818,1.0,,,,,,0.9884736430370447,0.9575079260932078,0.9884736430370447,1.0,False
256,REACTOME_MTOR_SIGNALLING,39,0.38461538461538464,-0.038693300937255634,0.9459354892969739,0.19959086691960667,0.5897435897435898,0.12480887096774229,0.16839181759496585,0.3367836351899317,0.5897435897435898,0.16839181759496585,0.3367836351899317,False,False,False,False,0.14597080583883223,0.9168166366726654,0.29194161167766447,0.48717948717948717,0.6153846153846154,1.0,,,,,,0.750775606975806,0.5270511269739717,0.750775606975806,1.0,False
257,KEGG_METABOLISM_OF_XENOBIOTICS_BY_CYTOCHROME_P450,51,0.37254901960784315,-0.019214953007843257,0.9755630538408285,0.0919145498158514,0.5490196078431373,0.01140362903225847,0.28792467386591325,0.5758493477318265,0.5882352941176471,0.13121876785551667,0.26243753571103334,False,False,False,False,0.11417716456708658,0.9308138372325535,0.22835432913417317,0.49019607843137253,0.6078431372549019,1.0,,,,,,0.5668424221837944,0.7652194782838978,0.7652194782838978,1.0,False
258,KEGG_RENIN_ANGIOTENSIN_SYSTEM,17,0.47058823529411764,-0.0013938001921570322,0.6854705810546903,1.0,0.5294117647058824,0.0005441129032259543,0.5000000000000017,1.0,0.5882352941176471,0.3145294189453131,0.6290588378906262,False,False,False,False,0.29514097180563886,0.849630073985203,0.5902819436112777,0.47058823529411764,0.7058823529411765,1.0,,,,,,1.0,1.0,1.0,1.0,False
259,KEGG_RNA_DEGRADATION,51,0.49019607843137253,-0.00048455065882372327,0.6101160347234386,0.9999999999999628,0.7450980392156863,0.04701314516129031,0.0003105217281138447,0.0006210434562276894,0.5882352941176471,0.13121876785551667,0.26243753571103334,False,False,True,False,0.11417716456708658,0.9308138372325535,0.22835432913417317,0.49019607843137253,0.6078431372549019,1.0,,,,,,1.0,0.004308488977579595,1.0,1.0,False
260,REACTOME_ABC_TRANSPORTERS_IN_LIPID_HOMEOSTASIS,17,0.5882352941176471,0.0031313832313716195,0.3145294189453131,0.6290588378906262,0.5294117647058824,0.002396290322581053,0.5000000000000017,1.0,0.5882352941176471,0.3145294189453131,0.6290588378906262,True,False,False,False,0.29514097180563886,0.849630073985203,0.5902819436112777,0.47058823529411764,0.7058823529411765,1.0,,,,,,1.0,1.0,1.0,1.0,False
261,REACTOME_KSRP_KHSRP_BINDS_AND_DESTABILIZES_MRNA,17,0.4117647058823529,-0.01003591956470598,0.8338470458984406,0.6290588378906263,0.7058823529411765,0.09628161290322579,0.07173156738281275,0.1434631347656255,0.5882352941176471,0.3145294189453131,0.6290588378906262,False,False,False,False,0.29514097180563886,0.849630073985203,0.5902819436112777,0.47058823529411764,0.7058823529411765,1.0,,,,,,1.0,0.2872960198785853,1.0,1.0,False
262,REACTOME_NR1H3_NR1H2_REGULATE_GENE_EXPRESSION_LINKED_TO_CHOLESTEROL_TRANSPORT_AND_EFFLUX,34,0.5,-0.0019398019470592334,0.567916879779661,1.0,0.6764705882352942,0.0336754838709679,0.028806336456909814,0.05761267291381963,0.5882352941176471,0.19576415256597177,0.39152830513194353,False,False,True,False,0.17256548690261947,0.9032193561287742,0.34513097380523894,0.5,0.6176470588235294,1.0,,,,,,1.0,0.1441708433302346,1.0,1.0,False
263,REACTOME_NUCLEAR_EVENTS_STIMULATED_BY_ALK_SIGNALING_IN_CANCER,34,0.5588235294117647,0.005576797780392338,0.3037956806365412,0.6075913612730824,0.6764705882352942,0.02237560483870993,0.028806336456909814,0.05761267291381963,0.5882352941176471,0.19576415256597177,0.39152830513194353,True,False,True,False,0.17256548690261947,0.9032193561287742,0.34513097380523894,0.5,0.6176470588235294,1.0,,,,,,1.0,0.1441708433302346,1.0,1.0,False
264,REACTOME_PKA_MEDIATED_PHOSPHORYLATION_OF_CREB,17,0.5294117647058824,0.006746763996078438,0.5000000000000017,1.0,0.47058823529411764,-0.015358629032257804,0.6854705810546903,1.0,0.5882352941176471,0.3145294189453131,0.6290588378906262,False,False,False,False,0.29514097180563886,0.849630073985203,0.5902819436112777,0.47058823529411764,0.7058823529411765,1.0,,,,,,1.0,1.0,1.0,1.0,False
265,REACTOME_REGULATION_OF_TP53_EXPRESSION_AND_DEGRADATION,34,0.5294117647058824,0.0054891429549010435,0.4320831202203426,0.8641662404406852,0.6470588235294118,0.07164846774193562,0.060724742477760024,0.12144948495552005,0.5882352941176471,0.19576415256597177,0.39152830513194353,True,False,False,False,0.17256548690261947,0.9032193561287742,0.34513097380523894,0.5,0.6176470588235294,1.0,,,,,,1.0,0.25064076974884214,1.0,1.0,False
266,REACTOME_TNF_RECEPTOR_SUPERFAMILY_TNFSF_MEMBERS_MEDIATING_NON_CANONICAL_NF_KB_PATHWAY,17,0.4117647058823529,-0.021738881549019866,0.8338470458984406,0.6290588378906263,0.47058823529411764,-0.010103145161290112,0.6854705810546903,1.0,0.5882352941176471,0.3145294189453131,0.6290588378906262,True,False,False,False,0.29514097180563886,0.849630073985203,0.5902819436112777,0.47058823529411764,0.7058823529411765,1.0,,,,,,1.0,1.0,1.0,1.0,False
267,KEGG_GLYCEROLIPID_METABOLISM,46,0.41304347826086957,-0.02172363538235313,0.9080375893115163,0.30199561318966484,0.43478260869565216,-0.002582580645160714,0.8490021934051807,0.46139118213677005,0.5869565217391305,0.15099780659483197,0.30199561318966395,True,False,False,False,0.11817636472705459,0.9268146370725855,0.23635272945410918,0.5,0.6086956521739131,1.0,,,,,,0.8455877169310615,0.6571969725394508,0.8455877169310615,1.0,False
268,REACTOME_FGFR1_MUTANT_RECEPTOR_ACTIVATION,29,0.41379310344827586,-0.007528235552941585,0.8675345517694885,0.45825831964611574,0.6206896551724138,0.027600967741935857,0.13246544823050396,0.2649308964610079,0.5862068965517241,0.2291291598230583,0.4582583196461166,False,False,False,False,0.20275944811037794,0.8870225954809038,0.4055188962207559,0.4827586206896552,0.6551724137931034,1.0,,,,,,0.9457283250067267,0.4416168505391377,0.9457283250067267,1.0,False
269,REACTOME_REGULATION_OF_MECP2_EXPRESSION_AND_ACTIVITY,29,0.4827586206896552,-0.009036549454902173,0.6444644480943627,0.9999999999999919,0.6206896551724138,0.05484032258064536,0.13246544823050396,0.2649308964610079,0.5862068965517241,0.2291291598230583,0.4582583196461166,False,False,False,False,0.20275944811037794,0.8870225954809038,0.4055188962207559,0.4827586206896552,0.6551724137931034,1.0,,,,,,1.0,0.4416168505391377,1.0,1.0,False
270,KEGG_GAP_JUNCTION,82,0.5,0.0012756429372543583,0.543921696223671,1.0,0.6219512195121951,0.02496056451612913,0.017620720089373095,0.03524144017874619,0.5853658536585366,0.07533760381314802,0.15067520762629605,True,False,True,False,0.05718856228754249,0.9628074385122976,0.11437712457508498,0.4878048780487805,0.5853658536585366,1.0,,,,,,1.0,0.10104280080769665,1.0,1.0,False
271,REACTOME_REGULATION_OF_PLK1_ACTIVITY_AT_G2_M_TRANSITION,82,0.5121951219512195,0.004542922268627239,0.4560783037762778,0.9121566075525556,0.7073170731707317,0.04327092741935545,0.00011098201749668395,0.0002219640349933679,0.5853658536585366,0.07533760381314802,0.15067520762629605,True,False,True,False,0.05718856228754249,0.9628074385122976,0.11437712457508498,0.4878048780487805,0.5853658536585366,1.0,,,,,,1.0,0.0018668576860221603,1.0,1.0,False
272,HALLMARK_MYC_TARGETS_V2,53,0.5660377358490566,0.011799951925489596,0.20505135818734452,0.41010271637468904,0.6415094339622641,0.044127096774193846,0.026719405268855367,0.05343881053771073,0.5849056603773585,0.13583958303275165,0.2716791660655033,True,False,True,False,0.11817636472705459,0.9264147170565887,0.23635272945410918,0.49056603773584906,0.6037735849056604,1.0,,,,,,0.920953209893449,0.13703615771551564,0.920953209893449,1.0,False
273,REACTOME_TRANSLOCATION_OF_SLC2A4_GLUT4_TO_THE_PLASMA_MEMBRANE,65,0.5230769230769231,0.0026836836039208136,0.40215850009670445,0.8043170001934089,0.6923076923076923,0.11502427419354853,0.001313188405342031,0.002626376810684062,0.5846153846153846,0.10726959700409054,0.21453919400818108,True,False,True,False,0.08278344331133773,0.9492101579684064,0.16556688662267546,0.49230769230769234,0.6,1.0,,,,,,1.0,0.014122455238072776,1.0,1.0,False
274,KEGG_ASCORBATE_AND_ALDARATE_METABOLISM,12,0.3333333333333333,-0.02760729211568638,0.9270019531249984,0.3876953125000003,0.75,0.026944919354839048,0.07299804687500001,0.14599609375000003,0.5833333333333334,0.38720703124999967,0.7744140624999993,False,False,False,False,0.35852829434113176,0.8254349130173965,0.7170565886822635,0.5,0.75,1.0,,,,,,0.9028945444967527,0.2886487655057255,0.9028945444967527,1.0,False
275,KEGG_DRUG_METABOLISM_OTHER_ENZYMES,36,0.3055555555555556,-0.02859156231372566,0.9943345079082061,0.028816719655878863,0.5555555555555556,0.014442177419354975,0.30885965851484826,0.6177193170296965,0.5833333333333334,0.20251612307038178,0.40503224614076355,False,False,False,False,0.17976404719056188,0.888622275544891,0.35952809438112376,0.5,0.6388888888888888,1.0,,,,,,0.38795441594617386,0.7939915787131087,0.7939915787131087,1.0,False
276,REACTOME_ACTIVATION_OF_THE_TFAP2_AP_2_FAMILY_OF_TRANSCRIPTION_FACTORS,12,0.4166666666666667,-0.00701312958235344,0.8061523437499982,0.7744140624999993,0.3333333333333333,-0.021546169354838343,0.9270019531249984,0.3876953125000003,0.5833333333333334,0.38720703124999967,0.7744140624999993,True,False,False,False,0.35852829434113176,0.8254349130173965,0.7170565886822635,0.5,0.75,1.0,,,,,,1.0,0.5743360492135371,1.0,1.0,False
277,REACTOME_ALK_MUTANTS_BIND_TKIS,12,0.5833333333333334,0.009732645158823112,0.38720703124999967,0.7744140624999993,0.6666666666666666,0.044473104838709844,0.19384765625000006,0.3876953125000001,0.5833333333333334,0.38720703124999967,0.7744140624999993,True,False,False,False,0.35852829434113176,0.8254349130173965,0.7170565886822635,0.5,0.75,1.0,,,,,,1.0,0.5743360492135371,1.0,1.0,False
278,REACTOME_ASPIRIN_ADME,24,0.5416666666666666,0.0024722398901959475,0.4194098711013804,0.8388197422027608,0.4583333333333333,-0.011401572580645008,0.7293719053268445,0.8388197422027591,0.5833333333333334,0.27062809467315696,0.5412561893463139,False,False,False,False,0.24335132973405318,0.864627074585083,0.48670265946810637,0.5,0.6666666666666666,1.0,,,,,,1.0,0.9627222152016915,1.0,1.0,False
279,REACTOME_CYCLIN_A_B1_B2_ASSOCIATED_EVENTS_DURING_G2_M_TRANSITION,24,0.5833333333333334,0.012344129354901512,0.27062809467315696,0.5412561893463139,0.6666666666666666,0.02194754032258121,0.07579481601715092,0.15158963203430184,0.5833333333333334,0.27062809467315696,0.5412561893463139,True,False,False,False,0.24335132973405318,0.864627074585083,0.48670265946810637,0.5,0.6666666666666666,1.0,,,,,,0.9884736430370447,0.2955712524232184,0.9884736430370447,1.0,False
280,REACTOME_ERYTHROPOIETIN_ACTIVATES_PHOSPHOINOSITIDE_3_KINASE_PI3K,12,0.4166666666666667,-0.0270702867647067,0.8061523437499982,0.7744140624999993,0.6666666666666666,0.026689637096774344,0.19384765625000006,0.3876953125000001,0.5833333333333334,0.38720703124999967,0.7744140624999993,False,False,False,False,0.35852829434113176,0.8254349130173965,0.7170565886822635,0.5,0.75,1.0,,,,,,1.0,0.5743360492135371,1.0,1.0,False
281,REACTOME_FORMATION_OF_AXIAL_MESODERM,12,0.4166666666666667,-0.02053848465490236,0.8061523437499982,0.7744140624999993,0.6666666666666666,0.08647483870967762,0.19384765625000006,0.3876953125000001,0.5833333333333334,0.38720703124999967,0.7744140624999993,False,False,False,False,0.35852829434113176,0.8254349130173965,0.7170565886822635,0.5,0.75,1.0,,,,,,1.0,0.5743360492135371,1.0,1.0,False
282,REACTOME_GAP_FILLING_DNA_REPAIR_SYNTHESIS_AND_LIGATION_IN_GG_NER,24,0.4583333333333333,-0.022578774145098835,0.7293719053268445,0.8388197422027591,0.7916666666666666,0.07990834677419371,0.003305375576019281,0.006610751152038562,0.5833333333333334,0.27062809467315696,0.5412561893463139,False,False,True,False,0.24335132973405318,0.864627074585083,0.48670265946810637,0.5,0.6666666666666666,1.0,,,,,,1.0,0.028068599153737498,1.0,1.0,False
283,REACTOME_INTERLEUKIN_12_SIGNALING,36,0.5555555555555556,0.013004532735294009,0.30885965851484826,0.6177193170296965,0.6944444444444444,0.030333024193548656,0.014408359827939405,0.02881671965587881,0.5833333333333334,0.20251612307038178,0.40503224614076355,True,False,True,False,0.17976404719056188,0.888622275544891,0.35952809438112376,0.5,0.6388888888888888,1.0,,,,,,1.0,0.08797874724014866,1.0,1.0,False
284,REACTOME_INTERLEUKIN_2_SIGNALING,12,0.4166666666666667,-0.007151994884314252,0.8061523437499982,0.7744140624999993,0.5,0.005265201612903519,0.6127929687499988,1.0,0.5833333333333334,0.38720703124999967,0.7744140624999993,False,False,False,False,0.35852829434113176,0.8254349130173965,0.7170565886822635,0.5,0.75,1.0,,,,,,1.0,1.0,1.0,1.0,False
285,REACTOME_NF_KB_IS_ACTIVATED_AND_SIGNALS_SURVIVAL,12,0.5,-0.001613247225491144,0.6127929687499988,1.0,0.5833333333333334,0.016937822580645433,0.38720703124999967,0.7744140624999993,0.5833333333333334,0.38720703124999967,0.7744140624999993,False,False,False,False,0.35852829434113176,0.8254349130173965,0.7170565886822635,0.5,0.75,1.0,,,,,,1.0,0.9221758261494244,1.0,1.0,False
286,REACTOME_NOTCH2_INTRACELLULAR_DOMAIN_REGULATES_TRANSCRIPTION,12,0.5,0.004807155823529032,0.6127929687499988,1.0,0.5833333333333334,0.017593427419355014,0.38720703124999967,0.7744140624999993,0.5833333333333334,0.38720703124999967,0.7744140624999993,True,False,False,False,0.35852829434113176,0.8254349130173965,0.7170565886822635,0.5,0.75,1.0,,,,,,1.0,0.9221758261494244,1.0,1.0,False
287,REACTOME_P75NTR_RECRUITS_SIGNALLING_COMPLEXES,12,0.5,-0.001613247225491144,0.6127929687499988,1.0,0.5833333333333334,0.014496250000000153,0.38720703124999967,0.7744140624999993,0.5833333333333334,0.38720703124999967,0.7744140624999993,False,False,False,False,0.35852829434113176,0.8254349130173965,0.7170565886822635,0.5,0.75,1.0,,,,,,1.0,0.9221758261494244,1.0,1.0,False
288,REACTOME_POLYMERASE_SWITCHING_ON_THE_C_STRAND_OF_THE_TELOMERE,24,0.2916666666666667,-0.04755311058039321,0.9886720776557933,0.06391465663909907,0.625,0.02022822580645149,0.15372812747955353,0.30745625495910706,0.5833333333333334,0.27062809467315696,0.5412561893463139,False,False,False,False,0.24335132973405318,0.864627074585083,0.48670265946810637,0.5,0.6666666666666666,1.0,,,,,,0.48649633672249,0.48953588135907006,0.48953588135907006,1.0,False
289,REACTOME_PYRIMIDINE_CATABOLISM,12,0.5833333333333334,0.0069551075686270815,0.38720703124999967,0.7744140624999993,0.5,-0.006967338709677019,0.6127929687499988,1.0,0.5833333333333334,0.38720703124999967,0.7744140624999993,False,False,False,False,0.35852829434113176,0.8254349130173965,0.7170565886822635,0.5,0.75,1.0,,,,,,1.0,1.0,1.0,1.0,False
290,REACTOME_ROLE_OF_PHOSPHOLIPIDS_IN_PHAGOCYTOSIS,24,0.3333333333333333,-0.030464499207843217,0.9680426716804514,0.1515896320343019,0.5833333333333334,0.004084677419355284,0.27062809467315696,0.5412561893463139,0.5833333333333334,0.27062809467315696,0.5412561893463139,False,False,False,False,0.24335132973405318,0.864627074585083,0.48670265946810637,0.5,0.6666666666666666,1.0,,,,,,0.6942231798263536,0.7365102817357526,0.7365102817357526,1.0,False
291,REACTOME_SIGNALING_BY_PDGFRA_TRANSMEMBRANE_JUXTAMEMBRANE_AND_KINASE_DOMAIN_MUTANTS,12,0.4166666666666667,-0.010990111498039285,0.8061523437499982,0.7744140624999993,0.8333333333333334,0.04653899193548443,0.01928710937499998,0.03857421874999996,0.5833333333333334,0.38720703124999967,0.7744140624999993,False,False,True,False,0.35852829434113176,0.8254349130173965,0.7170565886822635,0.5,0.75,1.0,,,,,,1.0,0.10820277245036089,1.0,1.0,False
292,REACTOME_SUPPRESSION_OF_PHAGOSOMAL_MATURATION,12,0.5,-0.002701260237256313,0.6127929687499988,1.0,0.75,0.07352000000000021,0.07299804687500001,0.14599609375000003,0.5833333333333334,0.38720703124999967,0.7744140624999993,False,False,False,False,0.35852829434113176,0.8254349130173965,0.7170565886822635,0.5,0.75,1.0,,,,,,1.0,0.2886487655057255,1.0,1.0,False
293,REACTOME_SURFACTANT_METABOLISM,24,0.4583333333333333,-0.004951119652941575,0.7293719053268445,0.8388197422027591,0.5416666666666666,0.00564528225806457,0.4194098711013804,0.8388197422027608,0.5833333333333334,0.27062809467315696,0.5412561893463139,False,False,False,False,0.24335132973405318,0.864627074585083,0.48670265946810637,0.5,0.6666666666666666,1.0,,,,,,1.0,0.9627222152016915,1.0,1.0,False
294,REACTOME_TFAP2_AP_2_FAMILY_REGULATES_TRANSCRIPTION_OF_GROWTH_FACTORS_AND_THEIR_RECEPTORS,12,0.5,-0.004227938750980937,0.6127929687499988,1.0,0.5833333333333334,0.01302407258064553,0.38720703124999967,0.7744140624999993,0.5833333333333334,0.38720703124999967,0.7744140624999993,False,False,False,False,0.35852829434113176,0.8254349130173965,0.7170565886822635,0.5,0.75,1.0,,,,,,1.0,0.9221758261494244,1.0,1.0,False
295,REACTOME_TICAM1_DEPENDENT_ACTIVATION_OF_IRF3_IRF7,12,0.4166666666666667,-0.028535482288235804,0.8061523437499982,0.7744140624999993,0.6666666666666666,0.06223625000000025,0.19384765625000006,0.3876953125000001,0.5833333333333334,0.38720703124999967,0.7744140624999993,False,False,False,False,0.35852829434113176,0.8254349130173965,0.7170565886822635,0.5,0.75,1.0,,,,,,1.0,0.5743360492135371,1.0,1.0,False
296,KEGG_PROGESTERONE_MEDIATED_OOCYTE_MATURATION,79,0.4177215189873418,-0.013472555180392625,0.9426698221270947,0.17661055306016218,0.6329113924050633,0.02724685483870975,0.011909896429000606,0.02381979285800121,0.5822784810126582,0.0883052765300815,0.176610553060163,False,False,True,False,0.0661867626474705,0.9570085982803439,0.132373525294941,0.4936708860759494,0.5822784810126582,1.0,,,,,,0.7136692525175852,0.07506951193665236,0.7136692525175852,1.0,False
297,KEGG_BUTANOATE_METABOLISM,31,0.25806451612903225,-0.03857659725098065,0.9983365535736055,0.010673840530216583,0.6129032258064516,0.010812580645161558,0.14052075752988424,0.2810415150597685,0.5806451612903226,0.23656482994556394,0.4731296598911279,False,False,False,False,0.22135572885422916,0.8760247950409918,0.4427114577084583,0.4838709677419355,0.6451612903225806,1.0,,,,,,0.22126586178699253,0.4597247520030318,0.4597247520030318,1.0,False
298,KEGG_STARCH_AND_SUCROSE_METABOLISM,31,0.3870967741935484,-0.030980871607843213,0.925193607807157,0.28104151505976793,0.6774193548387096,0.023348225806452245,0.035377772990614134,0.07075554598122827,0.5806451612903226,0.23656482994556394,0.4731296598911279,False,False,True,False,0.22135572885422916,0.8760247950409918,0.4427114577084583,0.4838709677419355,0.6451612903225806,1.0,,,,,,0.819396837528856,0.16890033556809328,0.819396837528856,1.0,False
299,REACTOME_DOWNSTREAM_SIGNALING_OF_ACTIVATED_FGFR1,31,0.5161290322580645,0.002604716345096699,0.4999999999999987,0.9999999999999974,0.6774193548387096,0.025798548387097164,0.035377772990614134,0.07075554598122827,0.5806451612903226,0.23656482994556394,0.4731296598911279,True,False,True,False,0.22135572885422916,0.8760247950409918,0.4427114577084583,0.4838709677419355,0.6451612903225806,1.0,,,,,,1.0,0.16890033556809328,1.0,1.0,False
300,REACTOME_PERK_REGULATES_GENE_EXPRESSION,31,0.5483870967741935,0.009666848043136734,0.3600500659085799,0.7201001318171598,0.7096774193548387,0.09628161290322579,0.014724686741828917,0.029449373483657833,0.5806451612903226,0.23656482994556394,0.4731296598911279,True,False,True,False,0.22135572885422916,0.8760247950409918,0.4427114577084583,0.4838709677419355,0.6451612903225806,1.0,,,,,,1.0,0.08938344998750834,1.0,1.0,False
301,REACTOME_PHASE_0_RAPID_DEPOLARISATION,31,0.3548387096774194,-0.008205955694118038,0.9646222270093832,0.14961278438568065,0.5806451612903226,0.011921209677420004,0.23656482994556394,0.4731296598911279,0.5806451612903226,0.23656482994556394,0.4731296598911279,False,False,False,False,0.22135572885422916,0.8760247950409918,0.4427114577084583,0.4838709677419355,0.6451612903225806,1.0,,,,,,0.6886491026453092,0.6681398995660495,0.6886491026453092,1.0,False
302,REACTOME_TRANSFERRIN_ENDOCYTOSIS_AND_RECYCLING,31,0.6774193548387096,0.020907629870587353,0.035377772990614134,0.07075554598122827,0.7741935483870968,0.05980120967741952,0.0016634464263915974,0.003326892852783195,0.5806451612903226,0.23656482994556394,0.4731296598911279,True,True,True,False,0.22135572885422916,0.8760247950409918,0.4427114577084583,0.4838709677419355,0.6451612903225806,1.0,,,,,,0.5090468446982812,0.017290941448913327,0.5090468446982812,1.0,False
303,REACTOME_SARS_COV_1_INFECTION,112,0.5,0.0004402860098027553,0.5376124531714107,1.0,0.7410714285714286,0.09393862903225836,1.645423084887668e-07,3.290846169775336e-07,0.5803571428571429,0.05389113982737944,0.10778227965475888,True,False,True,False,0.032993401319736056,0.9758048390321936,0.06598680263947211,0.49107142857142855,0.5714285714285714,1.0,,,,,,1.0,7.86765376589365e-06,1.0,1.0,False
304,REACTOME_G_PROTEIN_MEDIATED_EVENTS,50,0.42,-0.005878166182353175,0.8986806244677471,0.32223632035755423,0.56,0.025097943548387472,0.23994383084916945,0.4798876616983389,0.58,0.1611181601787766,0.3222363203575532,False,False,False,False,0.13617276544691062,0.9174165166966607,0.27234553089382124,0.5,0.6,1.0,,,,,,0.8687501015742283,0.6681398995660495,0.8687501015742283,1.0,False
305,REACTOME_INTERFERON_GAMMA_SIGNALING,88,0.5795454545454546,0.01160194614509803,0.08272025646699928,0.16544051293399856,0.5681818181818182,0.022805725806451994,0.12039656226950594,0.2407931245390119,0.5795454545454546,0.08272025646699928,0.16544051293399856,True,False,False,False,0.057588482303539294,0.9618076384723055,0.11517696460707859,0.48863636363636365,0.5795454545454546,1.0,,,,,,0.7077938971296919,0.4121062946405556,0.7077938971296919,1.0,False
306,REACTOME_APC_C_CDC20_MEDIATED_DEGRADATION_OF_CYCLIN_B,19,0.42105263157894735,-0.02080422286274652,0.8203582763671896,0.6476058959960952,0.8421052631578947,0.04926483870967778,0.0022125244140625043,0.004425048828125009,0.5789473684210527,0.3238029479980474,0.6476058959960947,False,False,True,False,0.29774045190961806,0.8350329934013198,0.5954809038192361,0.47368421052631576,0.6842105263157895,1.0,,,,,,1.0,0.020965017923494707,1.0,1.0,False
307,REACTOME_COPI_MEDIATED_ANTEROGRADE_TRANSPORT,95,0.5684210526315789,0.012489873956862994,0.10902684093524603,0.21805368187049207,0.7578947368421053,0.10228241935483873,2.378741192620879e-07,4.757482385241758e-07,0.5789473684210527,0.075259031945111,0.150518063890222,True,False,True,False,0.060187962407518496,0.9594081183763248,0.12037592481503699,0.49473684210526314,0.5789473684210527,1.0,,,,,,0.7540774930103149,1.0872246509802487e-05,0.7540774930103149,1.0,False
308,REACTOME_EPHRIN_SIGNALING,19,0.47368421052631576,-0.0021262446274522627,0.6761970520019551,1.0,0.5789473684210527,0.011293145161290248,0.3238029479980474,0.6476058959960947,0.5789473684210527,0.3238029479980474,0.6476058959960947,False,False,False,False,0.29774045190961806,0.8350329934013198,0.5954809038192361,0.47368421052631576,0.6842105263157895,1.0,,,,,,1.0,0.8228778106115552,1.0,1.0,False
309,REACTOME_JNK_C_JUN_KINASES_PHOSPHORYLATION_AND_ACTIVATION_MEDIATED_BY_ACTIVATED_HUMAN_TAK1,19,0.5789473684210527,0.008548530156861533,0.3238029479980474,0.6476058959960947,0.3684210526315789,-0.016175241935483455,0.9164657592773461,0.35928344726562617,0.5789473684210527,0.3238029479980474,0.6476058959960947,False,False,False,False,0.29774045190961806,0.8350329934013198,0.5954809038192361,0.47368421052631576,0.6842105263157895,1.0,,,,,,1.0,0.5452407002449053,1.0,1.0,False
310,REACTOME_PD_1_SIGNALING,19,0.5789473684210527,0.010481218847058861,0.3238029479980474,0.6476058959960947,0.47368421052631576,-0.0006020161290323407,0.6761970520019551,1.0,0.5789473684210527,0.3238029479980474,0.6476058959960947,False,False,False,False,0.29774045190961806,0.8350329934013198,0.5954809038192361,0.47368421052631576,0.6842105263157895,1.0,,,,,,1.0,1.0,1.0,1.0,False
311,REACTOME_REGULATION_OF_IFNA_IFNB_SIGNALING,19,0.6842105263157895,0.02503675933333318,0.0835342407226563,0.1670684814453126,0.47368421052631576,-0.0009103225806451672,0.6761970520019551,1.0,0.5789473684210527,0.3238029479980474,0.6476058959960947,False,False,False,False,0.29774045190961806,0.8350329934013198,0.5954809038192361,0.47368421052631576,0.6842105263157895,1.0,,,,,,0.7077938971296919,1.0,1.0,1.0,False
312,REACTOME_SCAVENGING_BY_CLASS_A_RECEPTORS,19,0.47368421052631576,-0.012708711321568523,0.6761970520019551,1.0,0.5789473684210527,0.031384354838709806,0.3238029479980474,0.6476058959960947,0.5789473684210527,0.3238029479980474,0.6476058959960947,False,False,False,False,0.29774045190961806,0.8350329934013198,0.5954809038192361,0.47368421052631576,0.6842105263157895,1.0,,,,,,1.0,0.8228778106115552,1.0,1.0,False
313,KEGG_HOMOLOGOUS_RECOMBINATION,26,0.3076923076923077,-0.029301359084313996,0.9855203628540128,0.07551869750022944,0.5,0.00955625000000028,0.577490508556371,1.0,0.5769230769230769,0.27859854698181374,0.5571970939636275,False,False,False,False,0.25374925014997,0.8522295540891822,0.50749850029994,0.5,0.6538461538461539,1.0,,,,,,0.5203501383463556,1.0,1.0,1.0,False
314,REACTOME_INTEGRIN_SIGNALING,26,0.34615384615384615,-0.015502626837254991,0.9622406512498943,0.168637543916704,0.5384615384615384,0.03720842741935495,0.42250949144363786,0.8450189828872757,0.5769230769230769,0.27859854698181374,0.5571970939636275,False,False,False,False,0.25374925014997,0.8522295540891822,0.50749850029994,0.5,0.6538461538461539,1.0,,,,,,0.7077938971296919,0.9669804855720376,0.9669804855720376,1.0,False
315,REACTOME_SARS_COV_2_MODULATES_HOST_TRANSLATION_MACHINERY,26,0.5384615384615384,0.006934615274508549,0.42250949144363786,0.8450189828872757,0.8076923076923077,0.26509975806451613,0.0012469589710235676,0.002493917942047135,0.5769230769230769,0.27859854698181374,0.5571970939636275,True,False,True,False,0.25374925014997,0.8522295540891822,0.50749850029994,0.5,0.6538461538461539,1.0,,,,,,1.0,0.013598415726109642,1.0,1.0,False
316,REACTOME_TRANSCRIPTIONAL_REGULATION_BY_MECP2,59,0.4915254237288136,-0.006630529552941156,0.6025781730085641,0.9999999999999923,0.5423728813559322,0.01906927419354861,0.30146160062857186,0.6029232012571437,0.576271186440678,0.1487976041422128,0.2975952082844256,False,False,False,False,0.1187762447510498,0.9224155168966207,0.2375524895020996,0.4915254237288136,0.5932203389830508,1.0,,,,,,1.0,0.7822675852679123,1.0,1.0,False
317,KEGG_ANTIGEN_PROCESSING_AND_PRESENTATION,66,0.5909090909090909,0.011382795292156623,0.08764289722151833,0.17528579444303666,0.5909090909090909,0.024239596774193642,0.08764289722151833,0.17528579444303666,0.5757575757575758,0.133905832423295,0.26781166484659,True,False,False,False,0.10917816436712657,0.9338132373525295,0.21835632873425315,0.48484848484848486,0.5909090909090909,1.0,,,,,,0.7136692525175852,0.3341580844751351,0.7136692525175852,1.0,False
318,KEGG_P53_SIGNALING_PATHWAY,66,0.5757575757575758,0.022910537088234973,0.133905832423295,0.26781166484659,0.6363636363636364,0.04209697580645197,0.01779136222611593,0.03558272445223186,0.5757575757575758,0.133905832423295,0.26781166484659,True,False,True,False,0.10917816436712657,0.9338132373525295,0.21835632873425315,0.48484848484848486,0.5909090909090909,1.0,,,,,,0.803618528905151,0.10178881968380035,0.803618528905151,1.0,False
319,REACTOME_RHOA_GTPASE_CYCLE,139,0.460431654676259,-0.0062843067921584325,0.8456237154036343,0.3964150849517535,0.6115107913669064,0.031134112903226308,0.0053391426912782446,0.010678285382556489,0.5755395683453237,0.04472615749723838,0.08945231499447676,False,False,True,False,0.029994001199760048,0.9778044391121775,0.059988002399520096,0.4892086330935252,0.5611510791366906,1.0,,,,,,0.9099395007607457,0.04211689209262128,0.9099395007607457,1.0,False
320,KEGG_LYSINE_DEGRADATION,40,0.3,-0.024083335200000167,0.9967867119521346,0.0165890033749745,0.575,0.026985403225806802,0.21479525392168883,0.42959050784337766,0.575,0.21479525392168883,0.42959050784337766,False,False,False,False,0.1861627674465107,0.8890221955608878,0.3723255348930214,0.5,0.625,1.0,,,,,,0.2699079112644551,0.6233274035374504,0.6233274035374504,1.0,False
321,REACTOME_RECRUITMENT_OF_NUMA_TO_MITOTIC_CENTROSOMES,87,0.45977011494252873,-0.005541021568627208,0.8044045173495884,0.5202915935750543,0.6551724137931034,0.043626370967742606,0.0025067994500730497,0.005013598900146099,0.5747126436781609,0.09898957033625451,0.19797914067250902,False,False,True,False,0.08838232353529295,0.9412117576484703,0.1767646470705859,0.4942528735632184,0.5862068965517241,1.0,,,,,,0.9884736430370447,0.022781089739260345,0.9884736430370447,1.0,False
322,REACTOME_TP53_REGULATES_TRANSCRIPTION_OF_CELL_CYCLE_GENES,47,0.48936170212765956,-0.002546044490196234,0.6145665027134789,0.9999999999999912,0.6595744680851063,0.027659112903226115,0.019993028413025908,0.039986056826051816,0.574468085106383,0.19084669883160402,0.38169339766320803,False,False,True,False,0.16936612677464508,0.8904219156168767,0.33873225354929015,0.48936170212765956,0.6170212765957447,1.0,,,,,,1.0,0.11096130769229379,1.0,1.0,False
323,REACTOME_ARACHIDONIC_ACID_METABOLISM,54,0.5370370370370371,0.0018852552882349946,0.3417446141176564,0.6834892282353128,0.5185185185185185,0.005475403225806499,0.44596157555235877,0.8919231511047175,0.5740740740740741,0.17044547061004256,0.3408909412200851,True,False,False,False,0.14717056588682265,0.9028194361127775,0.2943411317736453,0.5,0.6111111111111112,1.0,,,,,,1.0,1.0,1.0,1.0,False
324,REACTOME_RHOC_GTPASE_CYCLE,68,0.4852941176470588,-0.003677734229412006,0.6418496199228524,0.9035973456835394,0.6470588235294118,0.03927391129032264,0.010263466856853806,0.02052693371370761,0.5735294117647058,0.13749519808550548,0.27499039617101095,False,False,True,False,0.11437712457508498,0.9274145170965807,0.22875424915016995,0.4852941176470588,0.5882352941176471,1.0,,,,,,1.0,0.06758231989640176,1.0,1.0,False
325,HALLMARK_APICAL_SURFACE,42,0.3333333333333333,-0.018629508447059146,0.990239763608771,0.04355852192384208,0.5714285714285714,0.00894967741935523,0.22039953367129753,0.44079906734259505,0.5714285714285714,0.22039953367129753,0.44079906734259505,False,False,False,False,0.2011597680463907,0.8738252349530093,0.4023195360927814,0.5,0.6190476190476191,1.0,,,,,,0.41038859373668546,0.6360276236308197,0.6360276236308197,1.0,False
326,KEGG_LONG_TERM_DEPRESSION,63,0.42857142857142855,-0.006803844690196083,0.8963160500715696,0.31350305329645145,0.6349206349206349,0.01508104838709678,0.021478272762194623,0.042956545524389246,0.5714285714285714,0.15675152664822473,0.31350305329644945,False,False,True,False,0.1261747650469906,0.9170165966806638,0.2523495300939812,0.49206349206349204,0.6031746031746031,1.0,,,,,,0.8534112634022618,0.11629698910261478,0.8534112634022618,1.0,False
327,REACTOME_ACYL_CHAIN_REMODELLING_OF_PI,14,0.42857142857142855,-0.010110392943137536,0.7880249023437517,0.7905273437500014,0.7142857142857143,0.02162592741935518,0.08978271484375025,0.1795654296875005,0.5714285714285714,0.395263671875001,0.790527343750002,False,False,False,False,0.37252549490101977,0.7996400719856028,0.7450509898020395,0.5,0.7142857142857143,1.0,,,,,,1.0,0.33741799000529116,1.0,1.0,False
328,REACTOME_AMYLOID_FIBER_FORMATION,49,0.42857142857142855,-0.01222292013333346,0.8735651349162085,0.39160291054749763,0.5714285714285714,0.010408225806451697,0.19580145527374815,0.3916029105474963,0.5714285714285714,0.19580145527374815,0.3916029105474963,False,False,False,False,0.17016596680663867,0.8986202759448111,0.34033193361327735,0.4897959183673469,0.6122448979591837,1.0,,,,,,0.9028945444967527,0.5784704591167388,0.9028945444967527,1.0,False
329,REACTOME_APC_CDC20_MEDIATED_DEGRADATION_OF_NEK2A,21,0.38095238095238093,-0.03686369023529479,0.9053764343261742,0.38331031799316473,0.8095238095238095,0.06215072580645189,0.003598690032958979,0.007197380065917958,0.5714285714285714,0.3318119049072274,0.6636238098144548,False,False,True,False,0.3041391721655669,0.8370325934813038,0.6082783443311338,0.47619047619047616,0.6666666666666666,1.0,,,,,,0.9028945444967527,0.030310917675979696,0.9028945444967527,1.0,False
330,REACTOME_B_WICH_COMPLEX_POSITIVELY_REGULATES_RRNA_EXPRESSION,28,0.5,0.005314446270587771,0.5747229903936334,1.0,0.6428571428571429,0.0535530241935486,0.09246667101979189,0.18493334203958378,0.5714285714285714,0.2857940942049005,0.571588188409801,True,False,False,False,0.25414917016596683,0.8488302339532093,0.5082983403319337,0.5,0.6428571428571429,1.0,,,,,,1.0,0.3437636525472646,1.0,1.0,False
331,REACTOME_CGMP_EFFECTS,14,0.14285714285714285,-0.033742233784314096,0.9990844726562521,0.012939453125000073,0.5714285714285714,0.011927419354839121,0.395263671875001,0.790527343750002,0.5714285714285714,0.395263671875001,0.790527343750002,False,False,False,False,0.37252549490101977,0.7996400719856028,0.7450509898020395,0.5,0.7142857142857143,1.0,,,,,,0.2311254040948289,0.9342049370247173,0.9342049370247173,1.0,False
332,REACTOME_DARPP_32_EVENTS,21,0.5238095238095238,0.0007576723333331623,0.5000000000000008,1.0,0.8571428571428571,0.1384608870967743,0.000744819641113282,0.001489639282226564,0.5714285714285714,0.3318119049072274,0.6636238098144548,True,False,True,False,0.3041391721655669,0.8370325934813038,0.6082783443311338,0.47619047619047616,0.6666666666666666,1.0,,,,,,1.0,0.008835683359004342,1.0,1.0,False
333,REACTOME_EGFR_DOWNREGULATION,28,0.5357142857142857,0.006955036607841677,0.4252770096063585,0.850554019212717,0.5357142857142857,0.011358266129032466,0.4252770096063585,0.850554019212717,0.5714285714285714,0.2857940942049005,0.571588188409801,True,False,False,False,0.25414917016596683,0.8488302339532093,0.5082983403319337,0.5,0.6428571428571429,1.0,,,,,,1.0,0.9701040789331907,1.0,1.0,False
334,REACTOME_INTERLEUKIN_15_SIGNALING,14,0.2857142857142857,-0.01634164564901999,0.9713134765625019,0.1795654296875005,0.42857142857142855,-0.025142499999999724,0.7880249023437517,0.7905273437500014,0.5714285714285714,0.395263671875001,0.790527343750002,True,False,False,False,0.37252549490101977,0.7996400719856028,0.7450509898020395,0.5,0.7142857142857143,1.0,,,,,,0.7136692525175852,0.9342049370247173,0.9342049370247173,1.0,False
335,REACTOME_NETRIN_1_SIGNALING,42,0.5476190476190477,0.01290284982156841,0.32198447818518594,0.6439689563703719,0.6428571428571429,0.04558524193548406,0.044214773493877105,0.08842954698775421,0.5714285714285714,0.22039953367129753,0.44079906734259505,True,False,True,False,0.2011597680463907,0.8738252349530093,0.4023195360927814,0.5,0.6190476190476191,1.0,,,,,,1.0,0.20328330772036987,1.0,1.0,False
336,REACTOME_NOTCH2_ACTIVATION_AND_TRANSMISSION_OF_SIGNAL_TO_THE_NUCLEUS,21,0.6190476190476191,0.008548530156861533,0.19165515899658228,0.38331031799316456,0.6666666666666666,0.045112903225806716,0.09462356567382803,0.18924713134765606,0.5714285714285714,0.3318119049072274,0.6636238098144548,True,False,False,False,0.3041391721655669,0.8370325934813038,0.6082783443311338,0.47619047619047616,0.6666666666666666,1.0,,,,,,0.9028945444967527,0.3484479171969876,0.9028945444967527,1.0,False
337,REACTOME_PI_3K_CASCADE_FGFR1,21,0.5238095238095238,0.002604716345096699,0.5000000000000008,1.0,0.6666666666666666,0.02312516129032308,0.09462356567382803,0.18924713134765606,0.5714285714285714,0.3318119049072274,0.6636238098144548,True,False,False,False,0.3041391721655669,0.8370325934813038,0.6082783443311338,0.47619047619047616,0.6666666666666666,1.0,,,,,,1.0,0.3484479171969876,1.0,1.0,False
338,REACTOME_PTK6_REGULATES_RHO_GTPASES_RAS_GTPASE_AND_MAP_KINASES,14,0.5714285714285714,0.012494786845097881,0.395263671875001,0.790527343750002,0.7142857142857143,0.07075245967741957,0.08978271484375025,0.1795654296875005,0.5714285714285714,0.395263671875001,0.790527343750002,True,False,False,False,0.37252549490101977,0.7996400719856028,0.7450509898020395,0.5,0.7142857142857143,1.0,,,,,,1.0,0.33741799000529116,1.0,1.0,False
339,REACTOME_REGULATION_OF_IFNG_SIGNALING,14,0.7142857142857143,0.023935942384312653,0.08978271484375025,0.1795654296875005,0.5714285714285714,0.02927907258064515,0.395263671875001,0.790527343750002,0.5714285714285714,0.395263671875001,0.790527343750002,True,False,False,False,0.37252549490101977,0.7996400719856028,0.7450509898020395,0.5,0.7142857142857143,1.0,,,,,,0.7136692525175852,0.9342049370247173,0.9342049370247173,1.0,False
340,REACTOME_ROS_AND_RNS_PRODUCTION_IN_PHAGOCYTES,35,0.6,0.019354553247058738,0.15525232953950785,0.3105046590790157,0.6285714285714286,0.032626532258064736,0.08773262449540227,0.17546524899080454,0.5714285714285714,0.249779916601256,0.499559833202512,True,False,False,False,0.21515696860627875,0.8738252349530093,0.4303139372125575,0.4857142857142857,0.6285714285714286,1.0,,,,,,0.8534112634022618,0.3341580844751351,0.8534112634022618,1.0,False
341,REACTOME_SHC_MEDIATED_CASCADE_FGFR1,21,0.38095238095238093,-0.006205555654901974,0.9053764343261742,0.38331031799316473,0.6190476190476191,0.002515725806451761,0.19165515899658228,0.38331031799316456,0.5714285714285714,0.3318119049072274,0.6636238098144548,False,False,False,False,0.3041391721655669,0.8370325934813038,0.6082783443311338,0.47619047619047616,0.6666666666666666,1.0,,,,,,0.9028945444967527,0.5743360492135371,0.9028945444967527,1.0,False
342,REACTOME_SIGNALING_BY_CTNNB1_PHOSPHO_SITE_MUTANTS,14,0.35714285714285715,-0.012581238872549121,0.910217285156252,0.4239501953125009,0.6428571428571429,0.057144395161290634,0.21197509765625067,0.42395019531250133,0.5714285714285714,0.395263671875001,0.790527343750002,False,False,False,False,0.37252549490101977,0.7996400719856028,0.7450509898020395,0.5,0.7142857142857143,1.0,,,,,,0.9210189514320003,0.6180287087388622,0.9210189514320003,1.0,False
343,REACTOME_SYNAPTIC_ADHESION_LIKE_MOLECULES,21,0.42857142857142855,-0.0052042275960786505,0.8083448410034197,0.6636238098144559,0.6666666666666666,0.030461129032258553,0.09462356567382803,0.18924713134765606,0.5714285714285714,0.3318119049072274,0.6636238098144548,False,False,False,False,0.3041391721655669,0.8370325934813038,0.6082783443311338,0.47619047619047616,0.6666666666666666,1.0,,,,,,1.0,0.3484479171969876,1.0,1.0,False
344,REACTOME_SYNTHESIS_OF_BILE_ACIDS_AND_BILE_SALTS_VIA_27_HYDROXYCHOLESTEROL,14,0.35714285714285715,-0.04238935011960793,0.910217285156252,0.4239501953125009,0.7857142857142857,0.018915846774193595,0.02868652343750004,0.05737304687500008,0.5714285714285714,0.395263671875001,0.790527343750002,False,False,True,False,0.37252549490101977,0.7996400719856028,0.7450509898020395,0.5,0.7142857142857143,1.0,,,,,,0.9210189514320003,0.1441708433302346,0.9210189514320003,1.0,False
345,REACTOME_SYNTHESIS_OF_PROSTAGLANDINS_PG_AND_THROMBOXANES_TX,14,0.6428571428571429,0.017438889819607676,0.21197509765625067,0.42395019531250133,0.6428571428571429,0.02083923387096785,0.21197509765625067,0.42395019531250133,0.5714285714285714,0.395263671875001,0.790527343750002,True,False,False,False,0.37252549490101977,0.7996400719856028,0.7450509898020395,0.5,0.7142857142857143,1.0,,,,,,0.9210189514320003,0.6180287087388622,0.9210189514320003,1.0,False
346,REACTOME_YAP1_AND_WWTR1_TAZ_STIMULATED_GENE_EXPRESSION,14,0.6428571428571429,0.008749208790195752,0.21197509765625067,0.42395019531250133,0.35714285714285715,-0.012178749999999645,0.910217285156252,0.4239501953125009,0.5714285714285714,0.395263671875001,0.790527343750002,False,False,False,False,0.37252549490101977,0.7996400719856028,0.7450509898020395,0.5,0.7142857142857143,1.0,,,,,,0.9210189514320003,0.6180287087388622,0.9210189514320003,1.0,False
347,HALLMARK_ANDROGEN_RESPONSE,93,0.5591397849462365,0.021768165286274354,0.14986584844851694,0.2997316968970339,0.7096774193548387,0.04234653225806442,3.233522631109029e-05,6.467045262218058e-05,0.5698924731182796,0.10657650048445567,0.21315300096891135,True,False,True,False,0.07958408318336332,0.9478104379124175,0.15916816636672665,0.4946236559139785,0.5806451612903226,1.0,,,,,,0.8455877169310615,0.0006596780983948528,0.8455877169310615,1.0,False
348,KEGG_ARRHYTHMOGENIC_RIGHT_VENTRICULAR_CARDIOMYOPATHY_ARVC,72,0.3611111111111111,-0.01967683907254908,0.9936127022309685,0.024460907328324268,0.5694444444444444,0.020537540322580813,0.14439214020705257,0.28878428041410514,0.5694444444444444,0.14439214020705257,0.28878428041410514,False,False,False,False,0.1219756048790242,0.9158168366326734,0.2439512097580484,0.4861111111111111,0.5833333333333334,1.0,,,,,,0.3393950891804992,0.467957009138185,0.467957009138185,1.0,False
349,REACTOME_PROTEIN_UBIQUITINATION,58,0.5689655172413793,0.008376325354901556,0.17907165090306612,0.35814330180613224,0.7241379310344828,0.0355122177419357,0.0004308911202710559,0.0008617822405421118,0.5689655172413793,0.17907165090306612,0.35814330180613224,True,False,True,False,0.15436912617476506,0.9020195960807839,0.3087382523495301,0.4827586206896552,0.603448275862069,1.0,,,,,,0.8818141280367402,0.005533923974390256,0.8818141280367402,1.0,False
350,REACTOME_AMINO_ACIDS_REGULATE_MTORC1,51,0.5098039215686274,0.004730606941176139,0.4999999999999813,0.9999999999999626,0.7058823529411765,0.030640645161290413,0.0023006548558831804,0.004601309711766361,0.5686274509803921,0.2005309955139615,0.401061991027923,True,False,True,False,0.1785642871425715,0.8860227954409118,0.357128574285143,0.49019607843137253,0.6078431372549019,1.0,,,,,,1.0,0.021472778654909683,1.0,1.0,False
351,REACTOME_SIGNALING_BY_FGFR1,51,0.45098039215686275,-0.006205555654901974,0.7994690044860002,0.5758493477318299,0.7254901960784313,0.047577500000000314,0.0008845985918934594,0.0017691971837869188,0.5686274509803921,0.2005309955139615,0.401061991027923,False,False,True,False,0.1785642871425715,0.8860227954409118,0.357128574285143,0.49019607843137253,0.6078431372549019,1.0,,,,,,1.0,0.010335836178965684,1.0,1.0,False
352,KEGG_HYPERTROPHIC_CARDIOMYOPATHY_HCM,81,0.4074074074074074,-0.012212846101960845,0.9626059228585656,0.11927366831176198,0.5185185185185185,0.0045240322580645115,0.41215660755259403,0.8243132151051881,0.5679012345679012,0.1332061548356573,0.2664123096713146,False,False,False,False,0.11497700459908018,0.9220155968806238,0.22995400919816036,0.49382716049382713,0.5925925925925926,1.0,,,,,,0.6344795972607254,0.9552443969227906,0.9552443969227906,1.0,False
353,REACTOME_CARBOXYTERMINAL_POST_TRANSLATIONAL_MODIFICATIONS_OF_TUBULIN,37,0.5675675675675675,0.0049763560745096184,0.25568789079261534,0.5113757815852307,0.6216216216216216,0.03065056451612893,0.09387077949941156,0.1877415589988231,0.5675675675675675,0.25568789079261534,0.5113757815852307,True,False,False,False,0.22675464907018597,0.8592281543691261,0.45350929814037194,0.4864864864864865,0.6216216216216216,1.0,,,,,,0.9884736430370447,0.3481508146589154,0.9884736430370447,1.0,False
354,REACTOME_SARS_COV_1_ACTIVATES_MODULATES_INNATE_IMMUNE_RESPONSES,37,0.4864864864864865,-0.0017342363450981672,0.6285853206354668,1.0,0.7567567567567568,0.042910080645161844,0.001281603996176287,0.002563207992352574,0.5675675675675675,0.25568789079261534,0.5113757815852307,False,False,True,False,0.22675464907018597,0.8592281543691261,0.45350929814037194,0.4864864864864865,0.6216216216216216,1.0,,,,,,1.0,0.013878833519567596,1.0,1.0,False
355,REACTOME_ACTIVATED_NOTCH1_TRANSMITS_SIGNAL_TO_THE_NUCLEUS,30,0.5666666666666667,0.006955036607841677,0.29233235586434875,0.5846647117286975,0.6,0.03321270161290373,0.18079730402678423,0.36159460805356847,0.5666666666666667,0.29233235586434875,0.5846647117286975,True,False,False,False,0.2575484903019396,0.8416316736652669,0.5150969806038792,0.5,0.6333333333333333,1.0,,,,,,1.0,0.5471451031307161,1.0,1.0,False
356,REACTOME_INSULIN_RECEPTOR_RECYCLING,30,0.6333333333333333,0.024651257915685176,0.10024421103298746,0.20048842206597492,0.7333333333333333,0.0555989919354841,0.008062400855124077,0.016124801710248153,0.5666666666666667,0.29233235586434875,0.5846647117286975,True,False,True,False,0.2575484903019396,0.8416316736652669,0.5150969806038792,0.5,0.6333333333333333,1.0,,,,,,0.750775606975806,0.05543792446399476,0.750775606975806,1.0,False
357,REACTOME_REGULATION_OF_HOMOTYPIC_CELL_CELL_ADHESION,30,0.4666666666666667,-0.009921768684313898,0.70766764413566,0.8555355519056387,0.7,0.024080806451613517,0.02138697262853407,0.04277394525706814,0.5666666666666667,0.29233235586434875,0.5846647117286975,False,False,True,False,0.2575484903019396,0.8416316736652669,0.5150969806038792,0.5,0.6333333333333333,1.0,,,,,,1.0,0.11600473111602773,1.0,1.0,False
358,REACTOME_SIGNALING_BY_CSF1_M_CSF_IN_MYELOID_CELLS,30,0.43333333333333335,-0.006275764731372684,0.8192026959732248,0.5846647117286976,0.6666666666666666,0.04437330645161311,0.04936857335269498,0.09873714670538997,0.5666666666666667,0.29233235586434875,0.5846647117286975,False,False,True,False,0.2575484903019396,0.8416316736652669,0.5150969806038792,0.5,0.6333333333333333,1.0,,,,,,1.0,0.21793857995381163,1.0,1.0,False
359,HALLMARK_INTERFERON_GAMMA_RESPONSE,189,0.5502645502645502,0.01117800508627434,0.09514574207296284,0.19029148414592567,0.5608465608465608,0.009975645161290203,0.05464782449194591,0.10929564898389182,0.5661375661375662,0.04029056870602464,0.08058113741204928,True,False,False,False,0.026394721055788842,0.98000399920016,0.052789442111577684,0.49206349206349204,0.5502645502645502,1.0,,,,,,0.7392824159069212,0.23219774590163955,0.7392824159069212,1.0,False
360,REACTOME_DOPAMINE_NEUROTRANSMITTER_RELEASE_CYCLE,23,0.43478260869565216,-0.01288033192941189,0.7975635528564496,0.6776394844055222,0.6956521739130435,0.04411508064516164,0.046569824218750146,0.09313964843750029,0.5652173913043478,0.3388197422027608,0.6776394844055216,False,False,True,False,0.3145370925814837,0.8110377924415118,0.6290741851629674,0.4782608695652174,0.6521739130434783,1.0,,,,,,1.0,0.21131019448207553,1.0,1.0,False
361,REACTOME_METABOLISM_OF_PORPHYRINS,23,0.4782608695652174,-0.001817344737255304,0.6611802577972447,1.0,0.5652173913043478,0.005134758064516295,0.3388197422027608,0.6776394844055216,0.5652173913043478,0.3388197422027608,0.6776394844055216,False,False,False,False,0.3145370925814837,0.8110377924415118,0.6290741851629674,0.4782608695652174,0.6521739130434783,1.0,,,,,,1.0,0.8515073769017037,1.0,1.0,False
362,REACTOME_MICRORNA_MIRNA_BIOGENESIS,23,0.391304347826087,-0.008500719152941563,0.8949801921844535,0.40487289428711204,0.7391304347826086,0.08340395161290348,0.01734483242034914,0.03468966484069828,0.5652173913043478,0.3388197422027608,0.6776394844055216,False,False,True,False,0.3145370925814837,0.8110377924415118,0.6290741851629674,0.4782608695652174,0.6521739130434783,1.0,,,,,,0.9148548117772449,0.10104280080769665,0.9148548117772449,1.0,False
363,REACTOME_MITOCHONDRIAL_BIOGENESIS,69,0.3333333333333333,-0.03271889024313726,0.9982275935765009,0.0076205218550257645,0.5942028985507246,0.02255951612903271,0.0740160903463799,0.1480321806927598,0.5652173913043478,0.16777880911700938,0.33555761823401875,False,False,False,False,0.14337132573485303,0.9084183163367326,0.28674265146970607,0.4927536231884058,0.5942028985507246,1.0,,,,,,0.1797007598321551,0.29230242540857526,0.29230242540857526,1.0,False
364,REACTOME_MTORC1_MEDIATED_SIGNALLING,23,0.391304347826087,-0.041201313301960904,0.8949801921844535,0.40487289428711204,0.6521739130434783,0.19818951612903257,0.10501980781555229,0.21003961563110457,0.5652173913043478,0.3388197422027608,0.6776394844055216,False,False,False,False,0.3145370925814837,0.8110377924415118,0.6290741851629674,0.4782608695652174,0.6521739130434783,1.0,,,,,,0.9148548117772449,0.37573811099773435,0.9148548117772449,1.0,False
365,REACTOME_PINK1_PRKN_MEDIATED_MITOPHAGY,23,0.6086956521739131,0.008829412870586861,0.2024364471435556,0.4048728942871112,0.6956521739130435,0.09419322580645192,0.046569824218750146,0.09313964843750029,0.5652173913043478,0.3388197422027608,0.6776394844055216,True,False,True,False,0.3145370925814837,0.8110377924415118,0.6290741851629674,0.4782608695652174,0.6521739130434783,1.0,,,,,,0.9148548117772449,0.21131019448207553,0.9148548117772449,1.0,False
366,REACTOME_RHOBTB1_GTPASE_CYCLE,23,0.5217391304347826,0.004994236050979649,0.5000000000000028,1.0,0.8695652173913043,0.2195889516129031,0.00024414062500000103,0.0004882812500000021,0.5652173913043478,0.3388197422027608,0.6776394844055216,True,False,True,False,0.3145370925814837,0.8110377924415118,0.6290741851629674,0.4782608695652174,0.6521739130434783,1.0,,,,,,1.0,0.003579193691037751,1.0,1.0,False
367,REACTOME_TRAF6_MEDIATED_IRF7_ACTIVATION,23,0.391304347826087,-0.009637652913725727,0.8949801921844535,0.40487289428711204,0.30434782608695654,-0.025281693548386844,0.9826551675796565,0.09313964843750042,0.5652173913043478,0.3388197422027608,0.6776394844055216,True,False,False,False,0.3145370925814837,0.8110377924415118,0.6290741851629674,0.4782608695652174,0.6521739130434783,1.0,,,,,,0.9148548117772449,0.21131019448207553,0.9148548117772449,1.0,False
368,REACTOME_ER_TO_GOLGI_ANTEROGRADE_TRANSPORT,147,0.5850340136054422,0.016736044294117458,0.023695677887529663,0.047391355775059325,0.7210884353741497,0.09865048387096806,4.0446229701952046e-08,8.089245940390409e-08,0.564625850340136,0.06868888312456183,0.13737776624912365,True,True,True,False,0.04559088182363527,0.9692061587682463,0.09118176364727054,0.4897959183673469,0.5578231292517006,1.0,,,,,,0.4306793384470303,2.417440036801288e-06,0.4306793384470303,1.0,False
369,KEGG_FATTY_ACID_METABOLISM,39,0.3076923076923077,-0.029714132921569006,0.9952623478602642,0.023702702470473014,0.48717948717948717,-0.0008743548387093224,0.6253706876195811,1.0,0.5641025641025641,0.261198690248421,0.522397380496842,True,False,False,False,0.23455308938212358,0.8542291541691661,0.46910617876424715,0.48717948717948717,0.6153846153846154,1.0,,,,,,0.3318378345866222,1.0,1.0,1.0,False
370,KEGG_RIBOSOME,39,0.6666666666666666,0.021325787960783334,0.02662595704896376,0.05325191409792752,0.8461538461538461,0.7230483064516122,7.149630619096584e-06,1.4299261238193168e-05,0.5641025641025641,0.261198690248421,0.522397380496842,True,True,True,False,0.23455308938212358,0.8542291541691661,0.46910617876424715,0.48717948717948717,0.6153846153846154,1.0,,,,,,0.45628522843737745,0.00019156079279441536,0.45628522843737745,1.0,False
371,REACTOME_SUMOYLATION_OF_TRANSCRIPTION_COFACTORS,39,0.41025641025641024,-0.013927006231372555,0.900204566540199,0.33678363518993104,0.6410256410256411,0.017277258064516555,0.0540645107030287,0.1081290214060574,0.5641025641025641,0.261198690248421,0.522397380496842,False,False,False,False,0.23455308938212358,0.8542291541691661,0.46910617876424715,0.48717948717948717,0.6153846153846154,1.0,,,,,,0.8687501015742283,0.23219774590163955,0.8687501015742283,1.0,False
372,REACTOME_TRNA_MODIFICATION_IN_THE_NUCLEUS_AND_CYTOSOL,39,0.358974358974359,-0.016150463372549273,0.9733740429510387,0.10812902140605726,0.6410256410256411,0.05965637096774205,0.0540645107030287,0.1081290214060574,0.5641025641025641,0.261198690248421,0.522397380496842,False,False,False,False,0.23455308938212358,0.8542291541691661,0.46910617876424715,0.48717948717948717,0.6153846153846154,1.0,,,,,,0.6071850804790333,0.23219774590163955,0.6071850804790333,1.0,False
373,REACTOME_ORGANELLE_BIOGENESIS_AND_MAINTENANCE,245,0.4122448979591837,-0.01600094620000025,0.9975817916290785,0.0071666712276783565,0.6285714285714286,0.03351346774193545,3.4269879971532856e-05,6.853975994306571e-05,0.563265306122449,0.027531461216092214,0.05506292243218443,False,False,True,False,0.01759648070385923,0.9874025194961008,0.03519296140771846,0.49387755102040815,0.5469387755102041,1.0,,,,,,0.1797007598321551,0.0006827614548174623,0.1797007598321551,1.0,False
374,HALLMARK_PI3K_AKT_MTOR_SIGNALING,103,0.49514563106796117,-0.0014583263764711488,0.5780511723735504,0.9999999999999655,0.6601941747572816,0.0692712096774197,0.0007448355984746261,0.0014896711969492522,0.5631067961165048,0.11845093889014181,0.23690187778028363,False,False,True,False,0.09558088382323535,0.935612877424515,0.1911617676464707,0.49514563106796117,0.5728155339805825,1.0,,,,,,1.0,0.008835683359004342,1.0,1.0,False
375,KEGG_HEMATOPOIETIC_CELL_LINEAGE,80,0.45,-0.00695434474901971,0.8428467100680246,0.4340422553454719,0.5875,0.013908709677419898,0.07281772720149102,0.14563545440298203,0.5625,0.1571532899319665,0.314306579863933,False,False,False,False,0.12837432513497302,0.9108178364327134,0.25674865026994603,0.4875,0.5875,1.0,,,,,,0.93421283214247,0.2886487655057255,0.93421283214247,1.0,False
376,KEGG_LONG_TERM_POTENTIATION,64,0.390625,-0.009399491131372683,0.9700294052165316,0.10342187831608465,0.609375,0.02654774193548394,0.051710939158042375,0.10342187831608475,0.5625,0.19086639739667519,0.38173279479335037,False,False,False,False,0.15856828634273146,0.8912217556488702,0.3171365726854629,0.5,0.59375,1.0,,,,,,0.601916128557406,0.22732333649674072,0.601916128557406,1.0,False
377,REACTOME_CILIUM_ASSEMBLY,176,0.4431818181818182,-0.009748146023529348,0.9434104284635227,0.1518892414034493,0.6420454545454546,0.03536137096774238,0.00010109484653552694,0.0002021896930710539,0.5625,0.05658957153636567,0.11317914307273134,False,False,True,False,0.036392721455708855,0.9764047190561888,0.07278544291141771,0.4943181818181818,0.5511363636363636,1.0,,,,,,0.6942231798263536,0.0017553228102369705,0.6942231798263536,1.0,False
378,REACTOME_CREATION_OF_C4_AND_C2_ACTIVATORS,16,0.25,-0.027371171988235413,0.9893646240234378,0.0768127441406251,0.4375,-0.015084112903225616,0.7727508544921882,0.803619384765625,0.5625,0.4018096923828125,0.803619384765625,True,False,False,False,0.380123975204959,0.7876424715056989,0.760247950409918,0.5,0.6875,1.0,,,,,,0.5203501383463556,0.9446479000951447,0.9446479000951447,1.0,False
379,REACTOME_DEFECTIVE_C1GALT1C1_CAUSES_TNPS,16,0.375,-0.0025490133117652,0.894943237304688,0.45449829101562467,0.4375,-0.004094193548386632,0.7727508544921882,0.803619384765625,0.5625,0.4018096923828125,0.803619384765625,True,False,False,False,0.380123975204959,0.7876424715056989,0.760247950409918,0.5,0.6875,1.0,,,,,,0.9457283250067267,0.9446479000951447,0.9457283250067267,1.0,False
380,REACTOME_DNA_STRAND_ELONGATION,32,0.34375,-0.03877400505882331,0.9749487701337708,0.11018416518345373,0.65625,0.03166818548387125,0.05509208259172696,0.11018416518345392,0.5625,0.2983074479270704,0.5966148958541408,False,False,False,False,0.2663467306538692,0.8382323535292941,0.5326934613077384,0.5,0.625,1.0,,,,,,0.6071850804790333,0.23296080638787398,0.6071850804790333,1.0,False
381,REACTOME_LATE_ENDOSOMAL_MICROAUTOPHAGY,32,0.5,-0.002711727870588508,0.5699749670457054,1.0,0.6875,0.054236370967742184,0.02505122986622141,0.05010245973244282,0.5625,0.2983074479270704,0.5966148958541408,False,False,True,False,0.2663467306538692,0.8382323535292941,0.5326934613077384,0.5,0.625,1.0,,,,,,1.0,0.13019936860236814,1.0,1.0,False
382,REACTOME_SIALIC_ACID_METABOLISM,32,0.375,-0.010503020172549046,0.9449079174082654,0.2153271497227231,0.5,0.006501209677419505,0.5699749670457054,1.0,0.5625,0.2983074479270704,0.5966148958541408,False,False,False,False,0.2663467306538692,0.8382323535292941,0.5326934613077384,0.5,0.625,1.0,,,,,,0.7540774930103149,1.0,1.0,1.0,False
383,REACTOME_SIGNALING_BY_NOTCH2,32,0.5625,0.006955036607841677,0.2983074479270704,0.5966148958541408,0.625,0.023619637096774684,0.10766357486136183,0.21532714972272365,0.5625,0.2983074479270704,0.5966148958541408,True,False,False,False,0.2663467306538692,0.8382323535292941,0.5326934613077384,0.5,0.625,1.0,,,,,,1.0,0.3832971256232675,1.0,1.0,False
384,REACTOME_SYNTHESIS_OF_BILE_ACIDS_AND_BILE_SALTS,32,0.4375,-0.017383485000000157,0.811457206262269,0.5966148958541402,0.8125,0.018915846774193595,0.000267526367679234,0.000535052735358468,0.5625,0.2983074479270704,0.5966148958541408,False,False,True,False,0.2663467306538692,0.8382323535292941,0.5326934613077384,0.5,0.625,1.0,,,,,,1.0,0.00378212168836298,1.0,1.0,False
385,REACTOME_TELOMERE_C_STRAND_LAGGING_STRAND_SYNTHESIS,32,0.28125,-0.046166411217648085,0.9964998166542424,0.020061607006937095,0.65625,0.02784717741935481,0.05509208259172696,0.11018416518345392,0.5625,0.2983074479270704,0.5966148958541408,False,False,False,False,0.2663467306538692,0.8382323535292941,0.5326934613077384,0.5,0.625,1.0,,,,,,0.3040322922873609,0.23296080638787398,0.3040322922873609,1.0,False
386,REACTOME_THE_NLRP3_INFLAMMASOME,16,0.625,0.038660560550979536,0.22724914550781222,0.45449829101562444,0.6875,0.011989798387097156,0.10505676269531242,0.21011352539062483,0.5625,0.4018096923828125,0.803619384765625,True,False,False,False,0.380123975204959,0.7876424715056989,0.760247950409918,0.5,0.6875,1.0,,,,,,0.9457283250067267,0.37573811099773435,0.9457283250067267,1.0,False
387,REACTOME_CELLULAR_SENESCENCE,121,0.4214876033057851,-0.01499313383137292,0.9657031809397186,0.10136765353309728,0.5950413223140496,0.013951370967742292,0.022525869862868367,0.045051739725736735,0.5619834710743802,0.10146214527572199,0.20292429055144398,False,False,True,False,0.07218556288742252,0.9518096380723855,0.14437112577484504,0.49586776859504134,0.5619834710743802,1.0,,,,,,0.5944352210959742,0.11988082796882686,0.5944352210959742,1.0,False
388,KEGG_BLADDER_CANCER,41,0.6097560975609756,0.01554147118823521,0.10551179880439923,0.21102359760879846,0.6585365853658537,0.029786532258064925,0.029791944009047847,0.05958388801809569,0.5609756097560976,0.26635462761805384,0.5327092552361077,True,False,True,False,0.23015396920615877,0.857628474305139,0.46030793841231754,0.4878048780487805,0.6097560975609756,1.0,,,,,,0.750775606975806,0.14627703314395055,0.750775606975806,1.0,False
389,REACTOME_RND1_GTPASE_CYCLE,41,0.5609756097560976,0.012329638682352893,0.26635462761805384,0.5327092552361077,0.6585365853658537,0.03601927419354853,0.029791944009047847,0.05958388801809569,0.5609756097560976,0.26635462761805384,0.5327092552361077,True,False,True,False,0.23015396920615877,0.857628474305139,0.46030793841231754,0.4878048780487805,0.6097560975609756,1.0,,,,,,0.9884736430370447,0.14627703314395055,0.9884736430370447,1.0,False
390,REACTOME_CDC42_GTPASE_CYCLE,148,0.41216216216216217,-0.010832252041176577,0.98693736060074,0.03951838259654205,0.581081081081081,0.019966975806452,0.02915596573714893,0.05831193147429786,0.5608108108108109,0.08103578401528745,0.1620715680305749,False,False,True,False,0.05558888222355529,0.9588082383523295,0.11117776444711058,0.49324324324324326,0.5608108108108109,1.0,,,,,,0.40941044370017565,0.14545223356510253,0.40941044370017565,1.0,False
391,REACTOME_RESOLUTION_OF_SISTER_CHROMATID_COHESION,116,0.5086206896551724,0.0013625030392152527,0.46303888165742074,0.9260777633148415,0.6379310344827587,0.018389758064516336,0.0019034637145545156,0.003806927429109031,0.5603448275862069,0.11363747316580348,0.22727494633160697,True,False,True,False,0.08618276344731053,0.9384123175364927,0.17236552689462106,0.49137931034482757,0.5689655172413793,1.0,,,,,,1.0,0.019022396221335804,1.0,1.0,False
392,KEGG_CELL_ADHESION_MOLECULES_CAMS,125,0.464,-0.00592165744313722,0.8144196525746235,0.47442157344096636,0.536,0.005944677419355217,0.23721078672048354,0.4744215734409671,0.56,0.10516362739804823,0.21032725479609646,False,False,False,False,0.07018596280743851,0.9508098380323935,0.14037192561487702,0.488,0.56,1.0,,,,,,0.9650909660398492,0.6681398995660495,0.9650909660398492,1.0,False
393,REACTOME_INFECTION_WITH_MYCOBACTERIUM_TUBERCULOSIS,25,0.52,0.0053615430588218205,0.49999999999999983,0.9999999999999997,0.72,0.08931532258064542,0.02164262533187862,0.04328525066375724,0.56,0.345018982887268,0.690037965774536,True,False,True,False,0.3155368926214757,0.8066386722655469,0.6310737852429514,0.48,0.64,1.0,,,,,,1.0,0.11657760750689558,1.0,1.0,False
394,REACTOME_INTERCONVERSION_OF_NUCLEOTIDE_DI_AND_TRIPHOSPHATES,25,0.6,0.010002938588235154,0.212178111076355,0.42435622215271,0.64,0.040733870967742294,0.114761471748352,0.229522943496704,0.56,0.345018982887268,0.690037965774536,True,False,False,False,0.3155368926214757,0.8066386722655469,0.6310737852429514,0.48,0.64,1.0,,,,,,0.9210189514320003,0.39719226524930734,0.9210189514320003,1.0,False
395,REACTOME_RECRUITMENT_OF_MITOTIC_CENTROSOME_PROTEINS_AND_COMPLEXES,75,0.4266666666666667,-0.00916267535686301,0.9172860291378482,0.24804574189251913,0.6266666666666667,0.04291548387096829,0.018477452013683757,0.036954904027367515,0.56,0.17784961954073814,0.35569923908147627,False,False,True,False,0.14117176564687062,0.9058188362327535,0.28234353129374123,0.49333333333333335,0.5866666666666667,1.0,,,,,,0.7787132987898479,0.10460459172773974,0.7787132987898479,1.0,False
396,KEGG_CARDIAC_MUSCLE_CONTRACTION,68,0.5,-0.002328553131372688,0.5482013271582614,1.0,0.5588235294117647,0.02054895161290369,0.19806242014852155,0.3961248402970431,0.5588235294117647,0.19806242014852155,0.3961248402970431,False,False,False,False,0.16556688662267546,0.8858228354329134,0.3311337732453509,0.4852941176470588,0.5882352941176471,1.0,,,,,,1.0,0.5845944936577445,1.0,1.0,False
397,KEGG_PRION_DISEASES,34,0.38235294117647056,-0.008084276317647264,0.9392752575222434,0.22948101302609,0.5882352941176471,0.01722298387096837,0.19576415256597177,0.39152830513194353,0.5588235294117647,0.3037956806365412,0.6075913612730824,False,False,False,False,0.26514697060587883,0.827634473105379,0.5302939412117577,0.5,0.6176470588235294,1.0,,,,,,0.7540774930103149,0.5784704591167388,0.7540774930103149,1.0,False
398,REACTOME_TRANSPORT_OF_INORGANIC_CATIONS_ANIONS_AND_AMINO_ACIDS_OLIGOPEPTIDES,102,0.39215686274509803,-0.017953553350980686,0.9888511690876572,0.03706676743856108,0.4019607843137255,-0.013084677419354616,0.981466616280723,0.05940053690343433,0.5588235294117647,0.13800694624625018,0.27601389249250036,True,False,False,False,0.10417916416716656,0.9284143171365726,0.20835832833433313,0.49019607843137253,0.5686274509803921,1.0,,,,,,0.402310979446309,0.14627703314395055,0.402310979446309,1.0,False
399,REACTOME_EUKARYOTIC_TRANSLATION_ELONGATION,43,0.627906976744186,0.01800476329411558,0.06314473719271553,0.12628947438543106,0.8837209302325582,0.7460128225806459,1.2497548596002252e-07,2.4995097192004503e-07,0.5581395348837209,0.2711920059282433,0.5423840118564865,True,False,True,False,0.23395320935812838,0.8510297940411917,0.46790641871625677,0.4883720930232558,0.627906976744186,1.0,,,,,,0.6437487075896308,6.696962247650862e-06,0.6437487075896308,1.0,False
400,REACTOME_POSITIVE_EPIGENETIC_REGULATION_OF_RRNA_EXPRESSION,43,0.5348837209302325,0.006189887619606909,0.3803958212806726,0.7607916425613452,0.7441860465116279,0.07053911290322604,0.0009569805006322092,0.0019139610012644183,0.5581395348837209,0.2711920059282433,0.5423840118564865,True,False,True,False,0.23395320935812838,0.8510297940411917,0.46790641871625677,0.4883720930232558,0.627906976744186,1.0,,,,,,1.0,0.010815619621690567,1.0,1.0,False
401,REACTOME_MITOTIC_G2_G2_M_PHASES,181,0.5248618784530387,0.002847948874509755,0.2761035359247667,0.5522070718495334,0.6906077348066298,0.07068048387096801,1.5714916547016733e-07,3.1429833094033466e-07,0.5580110497237569,0.06845253067140747,0.13690506134281494,True,False,True,False,0.041191761647670466,0.9724055188962207,0.08238352329534093,0.49171270718232046,0.5524861878453039,1.0,,,,,,0.9886287899241647,7.86765376589365e-06,0.9886287899241647,1.0,False
402,REACTOME_INTRA_GOLGI_AND_RETROGRADE_GOLGI_TO_ER_TRAFFIC,190,0.5421052631578948,0.008282500892156415,0.1382315061579265,0.276463012315853,0.7210526315789474,0.05445004032258108,4.6293601156095177e-10,9.258720231219035e-10,0.5578947368421052,0.0637065692140203,0.1274131384280406,True,False,True,False,0.04359128174365127,0.968006398720256,0.08718256348730254,0.49473684210526314,0.5526315789473685,1.0,,,,,,0.8167747550167977,5.86157895506902e-08,0.8167747550167977,1.0,False
403,REACTOME_RHOD_GTPASE_CYCLE,52,0.5,-0.00222755286078448,0.5550580173617397,1.0,0.7115384615384616,0.06941616935483899,0.001592626723888406,0.003185253447776812,0.5576923076923077,0.2442278346899498,0.4884556693798996,False,False,True,False,0.21015796840631873,0.8622275544891022,0.42031593681263746,0.5,0.6153846153846154,1.0,,,,,,1.0,0.016722580600828263,1.0,1.0,False
404,KEGG_CITRATE_CYCLE_TCA_CYCLE,27,0.4074074074074074,-0.022612157674511007,0.8761057183146547,0.44206833839416815,0.48148148148148145,-0.002170887096773818,0.6494459807872827,1.0,0.5555555555555556,0.3505540192127257,0.7011080384254514,True,False,False,False,0.3291341731653669,0.7970405918816237,0.6582683463307338,0.48148148148148145,0.6666666666666666,1.0,,,,,,0.9422476872422136,1.0,1.0,1.0,False
405,KEGG_HISTIDINE_METABOLISM,27,0.3333333333333333,-0.04407185278039265,0.9738805070519523,0.12207812070846646,0.5555555555555556,0.004349919354839051,0.3505540192127257,0.7011080384254514,0.5555555555555556,0.3505540192127257,0.7011080384254514,False,False,False,False,0.3291341731653669,0.7970405918816237,0.6582683463307338,0.48148148148148145,0.6666666666666666,1.0,,,,,,0.6344795972607254,0.8751179853117683,0.8751179853117683,1.0,False
406,KEGG_REGULATION_OF_AUTOPHAGY,27,0.7037037037037037,0.016032881960783268,0.026119492948055455,0.05223898589611091,0.48148148148148145,-0.0009103225806451672,0.6494459807872827,1.0,0.5555555555555556,0.3505540192127257,0.7011080384254514,False,True,False,False,0.3291341731653669,0.7970405918816237,0.6582683463307338,0.48148148148148145,0.6666666666666666,1.0,,,,,,0.45628522843737745,1.0,1.0,1.0,False
407,KEGG_RETINOL_METABOLISM,45,0.4888888888888889,-0.005576063713725747,0.617004087877606,1.0,0.4888888888888889,-0.00032806451612893764,0.617004087877606,1.0,0.5555555555555556,0.2757421649012599,0.5514843298025198,True,False,False,False,0.23775244951009797,0.8458308338332333,0.47550489902019594,0.4888888888888889,0.6222222222222222,1.0,,,,,,1.0,1.0,1.0,1.0,False
408,REACTOME_ACYL_CHAIN_REMODELLING_OF_PS,18,0.5,0.004507701780391948,0.5927352905273445,1.0,0.6111111111111112,0.006962620967742064,0.24034118652343725,0.4806823730468745,0.5555555555555556,0.40726470947265625,0.8145294189453125,True,False,False,False,0.3853229354129174,0.7756448710257948,0.7706458708258348,0.5,0.6666666666666666,1.0,,,,,,1.0,0.6681398995660495,1.0,1.0,False
409,REACTOME_CELLULAR_HEXOSE_TRANSPORT,18,0.5,0.0010307163980390567,0.5927352905273445,1.0,0.8333333333333334,0.039160362903225956,0.003768920898437502,0.007537841796875004,0.5555555555555556,0.40726470947265625,0.8145294189453125,True,False,True,False,0.3853229354129174,0.7756448710257948,0.7706458708258348,0.5,0.6666666666666666,1.0,,,,,,1.0,0.03132033730573197,1.0,1.0,False
410,REACTOME_FCGAMMA_RECEPTOR_FCGR_DEPENDENT_PHAGOCYTOSIS,81,0.4691358024691358,-0.006578615972549105,0.7473817796165199,0.6569924675863396,0.6419753086419753,0.05360354838709697,0.006999736859993343,0.013999473719986687,0.5555555555555556,0.18708720880234977,0.37417441760469955,False,False,True,False,0.15876824635072986,0.8852229554089183,0.3175364927014597,0.49382716049382713,0.5925925925925926,1.0,,,,,,1.0,0.049669365664062354,1.0,1.0,False
411,REACTOME_FGFR1_LIGAND_BINDING_AND_ACTIVATION,18,0.3888888888888889,-0.008828482829412015,0.8810577392578133,0.4806823730468747,0.6111111111111112,0.006561935483871185,0.24034118652343725,0.4806823730468745,0.5555555555555556,0.40726470947265625,0.8145294189453125,False,False,False,False,0.3853229354129174,0.7756448710257948,0.7706458708258348,0.5,0.6666666666666666,1.0,,,,,,0.9650909660398492,0.6681398995660495,0.9650909660398492,1.0,False
412,REACTOME_KIDNEY_DEVELOPMENT,45,0.4444444444444444,-0.008760826858823706,0.8143509827644986,0.551484329802521,0.4888888888888889,-0.0028233064516128437,0.617004087877606,1.0,0.5555555555555556,0.2757421649012599,0.5514843298025198,True,False,False,False,0.23775244951009797,0.8458308338332333,0.47550489902019594,0.4888888888888889,0.6222222222222222,1.0,,,,,,0.9884736430370447,1.0,1.0,1.0,False
413,REACTOME_NEUREXINS_AND_NEUROLIGINS,54,0.4074074074074074,-0.010373126405882598,0.9331628823179133,0.22032849417660516,0.5555555555555556,0.005792620967742098,0.24830871765895735,0.4966174353179147,0.5555555555555556,0.24830871765895735,0.4966174353179147,False,False,False,False,0.21875624875024996,0.8530293941211757,0.4375124975004999,0.5,0.6111111111111112,1.0,,,,,,0.7540774930103149,0.6884420111365204,0.7540774930103149,1.0,False
414,REACTOME_NITRIC_OXIDE_STIMULATES_GUANYLATE_CYCLASE,18,0.16666666666666666,-0.02252794349215714,0.9993438720703134,0.007537841796875004,0.5,-0.008740524193548236,0.5927352905273445,1.0,0.5555555555555556,0.40726470947265625,0.8145294189453125,True,False,False,False,0.3853229354129174,0.7756448710257948,0.7706458708258348,0.5,0.6666666666666666,1.0,,,,,,0.1797007598321551,1.0,1.0,1.0,False
415,REACTOME_NOREPINEPHRINE_NEUROTRANSMITTER_RELEASE_CYCLE,18,0.3888888888888889,-0.01409767642156878,0.8810577392578133,0.4806823730468747,0.7222222222222222,0.03525048387096803,0.04812622070312501,0.09625244140625001,0.5555555555555556,0.40726470947265625,0.8145294189453125,False,False,True,False,0.3853229354129174,0.7756448710257948,0.7706458708258348,0.5,0.6666666666666666,1.0,,,,,,0.9650909660398492,0.21429268473540478,0.9650909660398492,1.0,False
416,REACTOME_PHOSPHOLIPASE_C_MEDIATED_CASCADE_FGFR2,18,0.5,0.001299688235293284,0.5927352905273445,1.0,0.6111111111111112,0.0043687500000002336,0.24034118652343725,0.4806823730468745,0.5555555555555556,0.40726470947265625,0.8145294189453125,True,False,False,False,0.3853229354129174,0.7756448710257948,0.7706458708258348,0.5,0.6666666666666666,1.0,,,,,,1.0,0.6681398995660495,1.0,1.0,False
417,REACTOME_PLASMA_LIPOPROTEIN_ASSEMBLY_REMODELING_AND_CLEARANCE,72,0.4166666666666667,-0.010706341211765138,0.9375408998156818,0.1945051658673975,0.5833333333333334,0.010736612903225919,0.09725258293369914,0.19450516586739827,0.5555555555555556,0.2047896979635383,0.4095793959270766,False,False,False,False,0.17056588682263546,0.8782243551289742,0.3411317736452709,0.4861111111111111,0.5833333333333334,1.0,,,,,,0.750775606975806,0.3577053582934165,0.750775606975806,1.0,False
418,REACTOME_RNA_POLYMERASE_III_CHAIN_ELONGATION,18,0.3888888888888889,-0.010209137184314267,0.8810577392578133,0.4806823730468747,0.7222222222222222,0.07181052419354876,0.04812622070312501,0.09625244140625001,0.5555555555555556,0.40726470947265625,0.8145294189453125,False,False,True,False,0.3853229354129174,0.7756448710257948,0.7706458708258348,0.5,0.6666666666666666,1.0,,,,,,0.9650909660398492,0.21429268473540478,0.9650909660398492,1.0,False
419,REACTOME_SIGNALING_BY_FGFR1_IN_DISEASE,36,0.4166666666666667,-0.00686689560392178,0.8785075229825448,0.4050322461407622,0.6388888888888888,0.02669975806451651,0.06624908198136836,0.13249816396273673,0.5555555555555556,0.30885965851484826,0.6177193170296965,False,False,False,False,0.27894421115776846,0.8204359128174366,0.5578884223155369,0.5,0.6388888888888888,1.0,,,,,,0.9148548117772449,0.2705678670145767,0.9148548117772449,1.0,False
420,REACTOME_SYNTHESIS_OF_PA,36,0.3888888888888889,-0.02618338644705902,0.933750918018631,0.2429849540349095,0.5,0.0010340322580646478,0.5660302997857799,1.0,0.5555555555555556,0.30885965851484826,0.6177193170296965,False,False,False,False,0.27894421115776846,0.8204359128174366,0.5578884223155369,0.5,0.6388888888888888,1.0,,,,,,0.7706094256535712,1.0,1.0,1.0,False
421,REACTOME_SARS_COV_2_ACTIVATES_MODULATES_INNATE_AND_ADAPTIVE_IMMUNE_RESPONSES,112,0.5714285714285714,0.011886661694117551,0.07803315099688668,0.15606630199377336,0.6607142857142857,0.03235729838709694,0.0004302842240896664,0.0008605684481793328,0.5535714285714286,0.14929642641642907,0.29859285283285814,True,False,True,False,0.10897820435912818,0.9238152369526095,0.21795640871825636,0.49107142857142855,0.5714285714285714,1.0,,,,,,0.7009451829431323,0.005533923974390256,0.7009451829431323,1.0,False
422,REACTOME_CELLULAR_RESPONSE_TO_STARVATION,103,0.5631067961165048,0.014486125529410488,0.11845093889014181,0.23690187778028363,0.7766990291262136,0.1447403225806452,7.311237624115399e-09,1.4622475248230798e-08,0.5533980582524272,0.1622393901440251,0.3244787802880502,True,False,True,False,0.133373325334933,0.904619076184763,0.266746650669866,0.49514563106796117,0.5728155339805825,1.0,,,,,,0.7669554904288776,6.141439604256935e-07,0.7669554904288776,1.0,False
423,REACTOME_CELLULAR_RESPONSE_TO_HEAT_STRESS,94,0.5106382978723404,0.008906151768626837,0.4589615336578893,0.9179230673157786,0.7021276595744681,0.04272600806451633,5.556031010331901e-05,0.00011112062020663802,0.5531914893617021,0.1766640162357991,0.3533280324715982,True,False,True,False,0.14217156568686262,0.8980203959208158,0.28434313137372524,0.48936170212765956,0.574468085106383,1.0,,,,,,1.0,0.0010465542048552453,1.0,1.0,False
424,REACTOME_HOMOLOGY_DIRECTED_REPAIR,94,0.4148936170212766,-0.012101249547059162,0.9605122259994989,0.12137111297243208,0.5851063829787234,0.016797137096774495,0.06068555648621631,0.12137111297243262,0.5531914893617021,0.1766640162357991,0.3533280324715982,False,False,False,False,0.14217156568686262,0.8980203959208158,0.28434313137372524,0.48936170212765956,0.574468085106383,1.0,,,,,,0.6344795972607254,0.25064076974884214,0.6344795972607254,1.0,False
425,REACTOME_CELL_CELL_JUNCTION_ORGANIZATION,85,0.4588235294117647,-0.009036549454902173,0.8071652899403425,0.5154257318838857,0.6470588235294118,0.014690241935484377,0.004418102938047112,0.008836205876094225,0.5529411764705883,0.19283471005963587,0.38566942011927174,False,False,True,False,0.15516896620675866,0.8934213157368527,0.3103379324135173,0.49411764705882355,0.5764705882352941,1.0,,,,,,0.9884736430370447,0.03594624065824719,0.9884736430370447,1.0,False
426,REACTOME_DAG_AND_IP3_SIGNALING,38,0.42105263157894735,-0.006486140290196335,0.8720624602283332,0.41769219083653303,0.5526315789473685,0.029592217741935826,0.3135512850785737,0.6271025701571474,0.5526315789473685,0.3135512850785737,0.6271025701571474,False,False,False,False,0.28014397120575885,0.8146370725854829,0.5602879424115177,0.5,0.631578947368421,1.0,,,,,,0.9210189514320003,0.8053862760530637,0.9210189514320003,1.0,False
427,KEGG_DILATED_CARDIOMYOPATHY,87,0.41379310344827586,-0.011409453866666848,0.9571555128203741,0.13290188519545754,0.5172413793103449,0.007921774193548583,0.41518650484285935,0.8303730096857187,0.5517241379310345,0.19559548265036775,0.3911909653007355,False,False,False,False,0.16976604679064186,0.8768246350729854,0.3395320935812837,0.4942528735632184,0.5862068965517241,1.0,,,,,,0.6518056026446769,0.9575079260932078,0.9575079260932078,1.0,False
428,REACTOME_CITRIC_ACID_CYCLE_TCA_CYCLE,29,0.41379310344827586,-0.022945327262745476,0.8675345517694885,0.45825831964611574,0.5172413793103449,0.02021903225806483,0.4999999999999964,0.9999999999999928,0.5517241379310345,0.35553555190562963,0.7110711038112593,False,False,False,False,0.31953609278144374,0.7974405118976204,0.6390721855628875,0.4827586206896552,0.6551724137931034,1.0,,,,,,0.9457283250067267,1.0,1.0,1.0,False
429,REACTOME_MITOPHAGY,29,0.5862068965517241,0.008829412870586861,0.2291291598230583,0.4582583196461166,0.6206896551724138,0.05330104838709725,0.13246544823050396,0.2649308964610079,0.5517241379310345,0.35553555190562963,0.7110711038112593,True,False,False,False,0.31953609278144374,0.7974405118976204,0.6390721855628875,0.4827586206896552,0.6551724137931034,1.0,,,,,,0.9457283250067267,0.4416168505391377,0.9457283250067267,1.0,False
430,REACTOME_NONHOMOLOGOUS_END_JOINING_NHEJ,29,0.3793103448275862,-0.019510377643137566,0.9319770261645247,0.2649308964610078,0.6206896551724138,0.020727258064516287,0.13246544823050396,0.2649308964610079,0.5517241379310345,0.35553555190562963,0.7110711038112593,False,False,False,False,0.31953609278144374,0.7974405118976204,0.6390721855628875,0.4827586206896552,0.6551724137931034,1.0,,,,,,0.803618528905151,0.4416168505391377,0.803618528905151,1.0,False
431,REACTOME_RECOGNITION_OF_DNA_DAMAGE_BY_PCNA_CONTAINING_REPLICATION_COMPLEX,29,0.5862068965517241,0.012316039850979833,0.2291291598230583,0.4582583196461166,0.6896551724137931,0.041112419354838954,0.03071417286992053,0.06142834573984106,0.5517241379310345,0.35553555190562963,0.7110711038112593,True,False,True,False,0.31953609278144374,0.7974405118976204,0.6390721855628875,0.4827586206896552,0.6551724137931034,1.0,,,,,,0.9457283250067267,0.15056727015727603,0.9457283250067267,1.0,False
432,REACTOME_REGULATION_OF_TP53_ACTIVITY_THROUGH_PHOSPHORYLATION,87,0.45977011494252873,-0.009561144078432445,0.8044045173495884,0.5202915935750543,0.5862068965517241,0.010966290322581052,0.06645094259772885,0.1329018851954577,0.5517241379310345,0.19559548265036775,0.3911909653007355,False,False,False,False,0.16976604679064186,0.8768246350729854,0.3395320935812837,0.4942528735632184,0.5862068965517241,1.0,,,,,,0.9884736430370447,0.27103612807577593,0.9884736430370447,1.0,False
433,KEGG_ARACHIDONIC_ACID_METABOLISM,49,0.5510204081632653,0.0033891518235293194,0.28408620642458593,0.5681724128491719,0.673469387755102,0.012939758064516076,0.010647057070693711,0.021294114141387422,0.5510204081632653,0.28408620642458593,0.5681724128491719,True,False,True,False,0.2505498900219956,0.8300339932013597,0.5010997800439912,0.4897959183673469,0.6122448979591837,1.0,,,,,,1.0,0.06937327751722443,1.0,1.0,False
434,REACTOME_INTRINSIC_PATHWAY_FOR_APOPTOSIS,49,0.5102040816326531,0.00039694915686222174,0.5000000000000048,1.0,0.5918367346938775,0.020120887096774363,0.12643486508380314,0.2528697301676063,0.5510204081632653,0.28408620642458593,0.5681724128491719,True,False,False,False,0.2505498900219956,0.8300339932013597,0.5010997800439912,0.4897959183673469,0.6122448979591837,1.0,,,,,,1.0,0.4285273289863251,1.0,1.0,False
435,REACTOME_IMMUNOREGULATORY_INTERACTIONS_BETWEEN_A_LYMPHOID_AND_A_NON_LYMPHOID_CELL,118,0.4745762711864407,-0.0038818333450982637,0.7402545906216473,0.6454967635577976,0.5677966101694916,0.017155000000000337,0.08352555708689834,0.16705111417379667,0.5508474576271186,0.15561549666065413,0.31123099332130827,False,False,False,False,0.10897820435912818,0.9188162367526495,0.21795640871825636,0.4915254237288136,0.5677966101694916,1.0,,,,,,1.0,0.32052397551360073,1.0,1.0,False
436,REACTOME_SARS_COV_1_HOST_INTERACTIONS,69,0.5217391304347826,0.003960831850981002,0.40497452645946685,0.8099490529189337,0.7971014492753623,0.1749199193548392,3.460958460029822e-07,6.921916920059644e-07,0.5507246376811594,0.2351842659290747,0.4703685318581494,True,False,True,False,0.20255948810237953,0.8568286342731454,0.40511897620475906,0.4927536231884058,0.5942028985507246,1.0,,,,,,1.0,1.4342211858363585e-05,1.0,1.0,False
437,REACTOME_COMPLEX_III_ASSEMBLY,20,0.55,0.01875251360980342,0.41190147399902427,0.8238029479980485,0.7,0.14237754032258082,0.05765914916992178,0.11531829833984356,0.55,0.41190147399902427,0.8238029479980485,True,False,False,False,0.3857228554289142,0.7688462307538493,0.7714457108578284,0.5,0.65,1.0,,,,,,1.0,0.24151568142872895,1.0,1.0,False
438,REACTOME_NEGATIVE_REGULATION_OF_MET_ACTIVITY,20,0.55,0.006955036607841677,0.41190147399902427,0.8238029479980485,0.6,0.03812108870967751,0.2517223358154302,0.5034446716308604,0.55,0.41190147399902427,0.8238029479980485,True,False,False,False,0.3857228554289142,0.7688462307538493,0.7714457108578284,0.5,0.65,1.0,,,,,,1.0,0.6923478050569537,1.0,1.0,False
439,REACTOME_NOTCH4_INTRACELLULAR_DOMAIN_REGULATES_TRANSCRIPTION,20,0.45,-0.0076810373921572875,0.7482776641845718,0.8238029479980488,0.8,0.03918612903225832,0.005908966064453131,0.011817932128906262,0.55,0.41190147399902427,0.8238029479980485,False,False,True,False,0.3857228554289142,0.7688462307538493,0.7714457108578284,0.5,0.65,1.0,,,,,,1.0,0.044146794539231565,1.0,1.0,False
440,REACTOME_NPAS4_REGULATES_EXPRESSION_OF_TARGET_GENES,20,0.45,-0.006374578629412139,0.7482776641845718,0.8238029479980488,0.5,-0.0002951612903224236,0.5880985260009778,1.0,0.55,0.41190147399902427,0.8238029479980485,True,False,False,False,0.3857228554289142,0.7688462307538493,0.7714457108578284,0.5,0.65,1.0,,,,,,1.0,1.0,1.0,1.0,False
441,REACTOME_SIGNALING_BY_FGFR4,40,0.475,-9.501507843204899e-05,0.6820859986855652,0.8746293123804036,0.725,0.046884032258064666,0.0032132880478456614,0.006426576095691323,0.55,0.3179140013144149,0.6358280026288298,False,False,True,False,0.2803439312137572,0.8140371925614877,0.5606878624275144,0.5,0.625,1.0,,,,,,1.0,0.027974507710656345,1.0,1.0,False
442,REACTOME_SYNTHESIS_SECRETION_AND_INACTIVATION_OF_GLUCAGON_LIKE_PEPTIDE_1_GLP_1,20,0.6,0.006668889958823542,0.2517223358154302,0.5034446716308604,0.55,0.01322798387096792,0.41190147399902427,0.8238029479980485,0.55,0.41190147399902427,0.8238029479980485,True,False,False,False,0.3857228554289142,0.7688462307538493,0.7714457108578284,0.5,0.65,1.0,,,,,,0.9865737953522796,0.9552443969227906,0.9865737953522796,1.0,False
443,REACTOME_VXPX_CARGO_TARGETING_TO_CILIUM,20,0.3,-0.02393720119607861,0.9793052673339864,0.11531829833984392,0.75,0.11510447580645178,0.02069473266601564,0.04138946533203128,0.55,0.41190147399902427,0.8238029479980485,False,False,True,False,0.3857228554289142,0.7688462307538493,0.7714457108578284,0.5,0.65,1.0,,,,,,0.6265896350353757,0.11344317488406133,0.6265896350353757,1.0,False
444,REACTOME_MUSCLE_CONTRACTION,193,0.42487046632124353,-0.006747953615686262,0.9847251251949247,0.043574078485555404,0.5233160621761658,0.0024463709677422013,0.282414217931586,0.564828435863172,0.5492227979274611,0.09747986766180855,0.1949597353236171,False,False,False,False,0.06638672265546891,0.9522095580883824,0.13277344531093782,0.49222797927461137,0.5492227979274611,1.0,,,,,,0.41038859373668546,0.7540750767451626,0.7540750767451626,1.0,False
445,REACTOME_RESPONSE_TO_ELEVATED_PLATELET_CYTOSOLIC_CA2,122,0.5081967213114754,0.0023455068784313388,0.46395539980274925,0.9279107996054985,0.6147540983606558,0.07534330645161291,0.007085245298576998,0.014170490597153996,0.5491803278688525,0.159654148737619,0.319308297475238,True,False,True,False,0.11577684463107378,0.9170165966806638,0.23155368926214756,0.4918032786885246,0.5655737704918032,1.0,,,,,,1.0,0.05004759633631207,1.0,1.0,False
446,REACTOME_NEUROTRANSMITTER_RELEASE_CYCLE,51,0.4117647058823529,-0.01288033192941189,0.9196101990939712,0.2624375357110343,0.5490196078431373,0.015974838709677672,0.28792467386591325,0.5758493477318265,0.5490196078431373,0.28792467386591325,0.5758493477318265,False,False,False,False,0.2585482903419316,0.8216356728654269,0.5170965806838632,0.49019607843137253,0.6078431372549019,1.0,,,,,,0.803618528905151,0.7652194782838978,0.803618528905151,1.0,False
447,REACTOME_GLYCEROPHOSPHOLIPID_BIOSYNTHESIS,113,0.39823008849557523,-0.01819629115294056,0.9882329989370184,0.0380186455827964,0.5132743362831859,0.0007699193548389369,0.42543496125673713,0.8508699225134743,0.5486725663716814,0.17344655254767208,0.34689310509534416,False,False,False,False,0.1331733653269346,0.909618076384723,0.2663467306538692,0.49557522123893805,0.5663716814159292,1.0,,,,,,0.402310979446309,0.9701040789331907,0.9701040789331907,1.0,False
448,REACTOME_ACTIVATION_OF_MATRIX_METALLOPROTEINASES,31,0.45161290322580644,-0.004537353035294142,0.7634351700544333,0.720100131817159,0.5806451612903226,0.0021913709677420607,0.23656482994556394,0.4731296598911279,0.5483870967741935,0.3600500659085799,0.7201001318171598,False,False,False,False,0.34173165366926617,0.7788442311537692,0.6834633073385323,0.4838709677419355,0.6451612903225806,1.0,,,,,,1.0,0.6681398995660495,1.0,1.0,False
449,REACTOME_TRANSCRIPTIONAL_REGULATION_OF_BROWN_AND_BEIGE_ADIPOCYTE_DIFFERENTIATION,31,0.5161290322580645,8.046292156830507e-05,0.4999999999999987,0.9999999999999974,0.6451612903225806,0.04585217741935539,0.07480639219284035,0.1496127843856807,0.5483870967741935,0.3600500659085799,0.7201001318171598,True,False,False,False,0.34173165366926617,0.7788442311537692,0.6834633073385323,0.4838709677419355,0.6451612903225806,1.0,,,,,,1.0,0.2939295410054966,1.0,1.0,False
450,REACTOME_OLFACTORY_SIGNALING_PATHWAY,84,0.4880952380952381,-0.0028597690980392424,0.628177906947425,0.9132023622246362,0.4642857142857143,-0.00323439516128999,0.7773976654767468,0.585646794721246,0.5476190476190477,0.22260233452329714,0.4452046690465943,True,False,False,False,0.18236352729454108,0.8710257948410318,0.36472705458908217,0.4880952380952381,0.5833333333333334,1.0,,,,,,1.0,0.7673651930833191,1.0,1.0,False
451,REACTOME_G_ALPHA_S_SIGNALLING_EVENTS,148,0.44594594594594594,-0.00374628003529404,0.9189642159847509,0.21744554778291683,0.5067567567567568,0.0004672177419357093,0.4672624927085696,0.9345249854171392,0.5472972972972973,0.1426083435906504,0.2852166871813008,False,False,False,False,0.10117976404719056,0.9258148370325935,0.20235952809438112,0.49324324324324326,0.5608108108108109,1.0,,,,,,0.7540774930103149,1.0,1.0,1.0,False
452,HALLMARK_E2F_TARGETS,185,0.5405405405405406,0.008816452878431164,0.15166352631995242,0.30332705263990484,0.6162162162162163,0.01953741935483902,0.0009676146238329933,0.0019352292476659866,0.5459459459459459,0.11968884105315734,0.2393776821063147,True,False,True,False,0.08098380323935213,0.9412117576484703,0.16196760647870426,0.4918918918918919,0.5513513513513514,1.0,,,,,,0.8471401067490291,0.010896182068380228,0.8471401067490291,1.0,False
453,KEGG_VIRAL_MYOCARDITIS,66,0.5606060606060606,0.003853835086274052,0.19452623027389873,0.38905246054779746,0.5303030303030303,0.00956983870967771,0.3561154413186785,0.712230882637357,0.5454545454545454,0.2692913876229755,0.538582775245951,True,False,False,False,0.22675464907018597,0.8362327534493101,0.45350929814037194,0.48484848484848486,0.5909090909090909,1.0,,,,,,0.9028945444967527,0.8861543567801864,0.9028945444967527,1.0,False
454,REACTOME_BETA_OXIDATION_OF_VERY_LONG_CHAIN_FATTY_ACIDS,11,0.2727272727272727,-0.08361885027450991,0.9672851562500003,0.22656250000000067,0.5454545454545454,0.11391104838709713,0.5,1.0,0.5454545454545454,0.5,1.0,False,False,False,False,0.47470505898820237,0.7484503099380124,0.9494101179764047,0.45454545454545453,0.7272727272727273,1.0,,,,,,0.7540774930103149,1.0,1.0,1.0,False
455,REACTOME_CALNEXIN_CALRETICULIN_CYCLE,22,0.6363636363636364,0.0287260929117637,0.14313936233520455,0.2862787246704091,0.5454545454545454,0.005494354838709966,0.4159059524536129,0.8318119049072258,0.5454545454545454,0.4159059524536129,0.8318119049072258,True,False,False,False,0.3787242551489702,0.7768446310737852,0.7574485102979404,0.5,0.6818181818181818,1.0,,,,,,0.8269091786948256,0.9575079260932078,0.9575079260932078,1.0,False
456,REACTOME_ENDOSOMAL_VACUOLAR_PATHWAY,11,0.6363636363636364,0.041014694054901615,0.2744140625000004,0.5488281250000008,0.7272727272727273,0.12782806451612908,0.11328125000000024,0.22656250000000047,0.5454545454545454,0.5,1.0,True,False,False,False,0.47470505898820237,0.7484503099380124,0.9494101179764047,0.45454545454545453,0.7272727272727273,1.0,,,,,,0.9884736430370447,0.3947064181614358,0.9884736430370447,1.0,False
457,REACTOME_ERYTHROCYTES_TAKE_UP_CARBON_DIOXIDE_AND_RELEASE_OXYGEN,11,0.6363636363636364,0.029351263972548808,0.2744140625000004,0.5488281250000008,0.5454545454545454,0.017121693548387537,0.5,1.0,0.5454545454545454,0.5,1.0,True,False,False,False,0.47470505898820237,0.7484503099380124,0.9494101179764047,0.45454545454545453,0.7272727272727273,1.0,,,,,,0.9884736430370447,1.0,1.0,1.0,False
458,REACTOME_FCGR_ACTIVATION,11,0.45454545454545453,-0.006345973807843393,0.7255859374999999,1.0,0.5454545454545454,0.0039591935483877655,0.5,1.0,0.5454545454545454,0.5,1.0,False,False,False,False,0.47470505898820237,0.7484503099380124,0.9494101179764047,0.45454545454545453,0.7272727272727273,1.0,,,,,,1.0,1.0,1.0,1.0,False
459,REACTOME_GP1B_IX_V_ACTIVATION_SIGNALLING,11,0.6363636363636364,0.016825076431372397,0.2744140625000004,0.5488281250000008,0.9090909090909091,0.08619362903225813,0.005859375000000013,0.011718750000000026,0.5454545454545454,0.5,1.0,True,False,True,False,0.47470505898820237,0.7484503099380124,0.9494101179764047,0.45454545454545453,0.7272727272727273,1.0,,,,,,0.9884736430370447,0.04409427966101705,0.9884736430370447,1.0,False
460,REACTOME_HDR_THROUGH_MMEJ_ALT_NHEJ,11,0.45454545454545453,-0.0017550932745109583,0.7255859374999999,1.0,0.5454545454545454,0.009918467741935815,0.5,1.0,0.5454545454545454,0.5,1.0,False,False,False,False,0.47470505898820237,0.7484503099380124,0.9494101179764047,0.45454545454545453,0.7272727272727273,1.0,,,,,,1.0,1.0,1.0,1.0,False
461,REACTOME_INITIAL_TRIGGERING_OF_COMPLEMENT,22,0.3181818181818182,-0.024053954396078568,0.9737606048583971,0.13380050659179663,0.4090909090909091,-0.014899112903225806,0.8568606376647941,0.5234670639038088,0.5454545454545454,0.4159059524536129,0.8318119049072258,True,False,False,False,0.3787242551489702,0.7768446310737852,0.7574485102979404,0.5,0.6818181818181818,1.0,,,,,,0.6518056026446769,0.7167117333097083,0.7167117333097083,1.0,False
462,REACTOME_LONG_TERM_POTENTIATION,22,0.5909090909090909,0.005650748201960676,0.26173353195190396,0.5234670639038079,0.5909090909090909,0.017968508064516407,0.26173353195190396,0.5234670639038079,0.5454545454545454,0.4159059524536129,0.8318119049072258,True,False,False,False,0.3787242551489702,0.7768446310737852,0.7574485102979404,0.5,0.6818181818181818,1.0,,,,,,0.9884736430370447,0.7167117333097083,0.9884736430370447,1.0,False
463,REACTOME_LOSS_OF_FUNCTION_OF_MECP2_IN_RETT_SYNDROME,11,0.18181818181818182,-0.04648565949411822,0.9941406250000006,0.06542968750000026,0.6363636363636364,0.19821072580645188,0.2744140625000004,0.5488281250000008,0.5454545454545454,0.5,1.0,False,False,False,False,0.47470505898820237,0.7484503099380124,0.9494101179764047,0.45454545454545453,0.7272727272727273,1.0,,,,,,0.48649633672249,0.7365102817357526,0.7365102817357526,1.0,False
464,REACTOME_NEGATIVE_REGULATION_OF_FGFR2_SIGNALING,33,0.48484848484848486,-5.339874510131015e-06,0.6358337595593176,0.9999999999999988,0.7575757575757576,0.047577500000000314,0.002275692066177723,0.004551384132355446,0.5454545454545454,0.36416624044068147,0.7283324808813629,False,False,True,False,0.3353329334133173,0.7830433913217356,0.6706658668266346,0.48484848484848486,0.6363636363636364,1.0,,,,,,1.0,0.021313935988598473,1.0,1.0,False
465,REACTOME_NOTCH4_ACTIVATION_AND_TRANSMISSION_OF_SIGNAL_TO_THE_NUCLEUS,11,0.6363636363636364,0.07171966214509726,0.2744140625000004,0.5488281250000008,0.5454545454545454,0.03448911290322591,0.5,1.0,0.5454545454545454,0.5,1.0,True,False,False,False,0.47470505898820237,0.7484503099380124,0.9494101179764047,0.45454545454545453,0.7272727272727273,1.0,,,,,,0.9884736430370447,1.0,1.0,1.0,False
466,REACTOME_NUCLEOTIDE_SALVAGE,22,0.13636363636363635,-0.04974422262941296,0.999939441680907,0.0008554458618164022,0.5,-0.000782459677419041,0.5840940475463855,1.0,0.5454545454545454,0.4159059524536129,0.8318119049072258,True,False,False,False,0.3787242551489702,0.7768446310737852,0.7574485102979404,0.5,0.6818181818181818,1.0,,,,,,0.04584009894009273,1.0,1.0,1.0,False
467,REACTOME_RECYCLING_PATHWAY_OF_L1,44,0.45454545454545453,-0.010537659305882904,0.7743095838019377,0.6515878272089153,0.7272727272727273,0.06885306451612921,0.0018288834139639424,0.003657766827927885,0.5454545454545454,0.32579391360445825,0.6515878272089165,False,False,True,False,0.2979404119176165,0.7972405518896221,0.595880823835233,0.5,0.6136363636363636,1.0,,,,,,1.0,0.0184550962681816,1.0,1.0,False
468,REACTOME_RHO_GTPASES_ACTIVATE_KTN1,11,0.6363636363636364,0.00757400320392148,0.2744140625000004,0.5488281250000008,0.7272727272727273,0.025426854838709746,0.11328125000000024,0.22656250000000047,0.5454545454545454,0.5,1.0,True,False,False,False,0.47470505898820237,0.7484503099380124,0.9494101179764047,0.45454545454545453,0.7272727272727273,1.0,,,,,,0.9884736430370447,0.3947064181614358,0.9884736430370447,1.0,False
469,REACTOME_SARS_COV_2_TARGETS_HOST_INTRACELLULAR_SIGNALLING_AND_REGULATORY_PATHWAYS,11,0.45454545454545453,-0.010402617109804824,0.7255859374999999,1.0,0.7272727272727273,0.432545564516129,0.11328125000000024,0.22656250000000047,0.5454545454545454,0.5,1.0,False,False,False,False,0.47470505898820237,0.7484503099380124,0.9494101179764047,0.45454545454545453,0.7272727272727273,1.0,,,,,,1.0,0.3947064181614358,1.0,1.0,False
470,REACTOME_SIGNALING_BY_FGFR4_IN_DISEASE,11,0.45454545454545453,-0.006205555654901974,0.7255859374999999,1.0,0.7272727272727273,0.029786532258064925,0.11328125000000024,0.22656250000000047,0.5454545454545454,0.5,1.0,False,False,False,False,0.47470505898820237,0.7484503099380124,0.9494101179764047,0.45454545454545453,0.7272727272727273,1.0,,,,,,1.0,0.3947064181614358,1.0,1.0,False
471,REACTOME_SPHINGOLIPID_CATABOLISM,11,0.6363636363636364,0.050849725509803746,0.2744140625000004,0.5488281250000008,0.5454545454545454,0.0030755645161290555,0.5,1.0,0.5454545454545454,0.5,1.0,True,False,False,False,0.47470505898820237,0.7484503099380124,0.9494101179764047,0.45454545454545453,0.7272727272727273,1.0,,,,,,0.9884736430370447,1.0,1.0,1.0,False
472,REACTOME_TANDEM_PORE_DOMAIN_POTASSIUM_CHANNELS,11,0.45454545454545453,-0.010830406137255114,0.7255859374999999,1.0,0.7272727272727273,0.03253403225806472,0.11328125000000024,0.22656250000000047,0.5454545454545454,0.5,1.0,False,False,False,False,0.47470505898820237,0.7484503099380124,0.9494101179764047,0.45454545454545453,0.7272727272727273,1.0,,,,,,1.0,0.3947064181614358,1.0,1.0,False
473,REACTOME_TRAF6_MEDIATED_IRF7_ACTIVATION_IN_TLR7_8_OR_9_SIGNALING,11,0.5454545454545454,0.0053615430588218205,0.5,1.0,0.45454545454545453,-0.010454354838709025,0.7255859374999999,1.0,0.5454545454545454,0.5,1.0,False,False,False,False,0.47470505898820237,0.7484503099380124,0.9494101179764047,0.45454545454545453,0.7272727272727273,1.0,,,,,,1.0,1.0,1.0,1.0,False
474,REACTOME_TRIGLYCERIDE_BIOSYNTHESIS,11,0.2727272727272727,-0.033397797549019864,0.9672851562500003,0.22656250000000067,0.5454545454545454,0.009652741935484238,0.5,1.0,0.5454545454545454,0.5,1.0,False,False,False,False,0.47470505898820237,0.7484503099380124,0.9494101179764047,0.45454545454545453,0.7272727272727273,1.0,,,,,,0.7540774930103149,1.0,1.0,1.0,False
475,REACTOME_ANTIVIRAL_MECHANISM_BY_IFN_STIMULATED_GENES,134,0.582089552238806,0.015745490570587464,0.0346297935910155,0.069259587182031,0.6940298507462687,0.0501491935483874,4.116687428621008e-06,8.233374857242016e-06,0.5447761194029851,0.17100735443315238,0.34201470886630475,True,True,True,False,0.12917416516696661,0.9032193561287742,0.25834833033393323,0.4925373134328358,0.5597014925373134,1.0,,,,,,0.5053023402858037,0.00012667984681340684,0.5053023402858037,1.0,False
476,REACTOME_AURKA_ACTIVATION_BY_TPX2,68,0.4411764705882353,-0.009756287217647354,0.8625048019145263,0.3961248402970416,0.6617647058823529,0.04327092741935545,0.005168830596847864,0.010337661193695728,0.5441176470588235,0.27230611170963853,0.5446122234192771,False,False,True,False,0.23055388922215556,0.8346330733853229,0.4611077784443111,0.4852941176470588,0.5882352941176471,1.0,,,,,,0.9099395007607457,0.04108625446292368,0.9099395007607457,1.0,False
477,HALLMARK_SPERMATOGENESIS,127,0.4251968503937008,-0.009171497862745303,0.9622347203846565,0.10984950256605969,0.5039370078740157,0.0009008064516130747,0.5000000000000007,1.0,0.5433070866141733,0.1874785253406636,0.3749570506813272,False,False,False,False,0.14497100579884023,0.8958208358328335,0.28994201159768046,0.49606299212598426,0.5669291338582677,1.0,,,,,,0.6071850804790333,1.0,1.0,1.0,False
478,HALLMARK_G2M_CHECKPOINT,186,0.5268817204301075,0.005466842229411539,0.2547094496687181,0.5094188993374362,0.6720430107526881,0.027475322580645414,1.5556538573534076e-06,3.111307714706815e-06,0.543010752688172,0.13567618368654955,0.2713523673730991,True,False,True,False,0.09018196360727855,0.9302139572085583,0.1803639272145571,0.4946236559139785,0.553763440860215,1.0,,,,,,0.9884736430370447,5.313156251268561e-05,0.9884736430370447,1.0,False
479,REACTOME_PLASMA_LIPOPROTEIN_CLEARANCE,35,0.45714285714285713,-0.008304375141176748,0.7502200833987452,0.7358788008568803,0.5714285714285714,0.013033064516128911,0.249779916601256,0.499559833202512,0.5428571428571428,0.3679394004284411,0.7358788008568822,False,False,False,False,0.33353329334133175,0.7850429914017196,0.6670665866826635,0.4857142857142857,0.6285714285714286,1.0,,,,,,1.0,0.6917540041326251,1.0,1.0,False
480,KEGG_CELL_CYCLE,118,0.5677966101694916,0.00904369384313708,0.08352555708689834,0.16705111417379667,0.6864406779661016,0.04247556451612936,3.145945284416304e-05,6.291890568832608e-05,0.5423728813559322,0.20374276724444149,0.40748553448888297,True,False,True,False,0.14957008598280344,0.8912217556488702,0.2991401719656069,0.4915254237288136,0.5677966101694916,1.0,,,,,,0.7077938971296919,0.0006562146271118035,0.7077938971296919,1.0,False
481,KEGG_GALACTOSE_METABOLISM,24,0.5,0.002127567354901187,0.5805901288986216,1.0,0.7916666666666666,0.05946911290322597,0.003305375576019281,0.006610751152038562,0.5416666666666666,0.4194098711013804,0.8388197422027608,True,False,True,False,0.3863227354529094,0.7568486302739452,0.7726454709058188,0.5,0.6666666666666666,1.0,,,,,,1.0,0.028068599153737498,1.0,1.0,False
482,REACTOME_DECTIN_2_FAMILY,24,0.4166666666666667,-0.005422618682353102,0.8462718725204479,0.5412561893463135,0.4583333333333333,-0.0034554435483867777,0.7293719053268445,0.8388197422027591,0.5416666666666666,0.4194098711013804,0.8388197422027608,True,False,False,False,0.3863227354529094,0.7568486302739452,0.7726454709058188,0.5,0.6666666666666666,1.0,,,,,,0.9884736430370447,0.9627222152016915,0.9884736430370447,1.0,False
483,REACTOME_PYROPTOSIS,24,0.5416666666666666,0.0034682199607836265,0.4194098711013804,0.8388197422027608,0.4166666666666667,-0.027979032258064328,0.8462718725204479,0.5412561893463135,0.5416666666666666,0.4194098711013804,0.8388197422027608,False,False,False,False,0.3863227354529094,0.7568486302739452,0.7726454709058188,0.5,0.6666666666666666,1.0,,,,,,1.0,0.7365102817357526,1.0,1.0,False
484,REACTOME_SIGNALING_BY_NTRK2_TRKB,24,0.5416666666666666,0.023027953860784066,0.4194098711013804,0.8388197422027608,0.6666666666666666,0.03617129032258106,0.07579481601715092,0.15158963203430184,0.5416666666666666,0.4194098711013804,0.8388197422027608,True,False,False,False,0.3863227354529094,0.7568486302739452,0.7726454709058188,0.5,0.6666666666666666,1.0,,,,,,1.0,0.2955712524232184,1.0,1.0,False
485,REACTOME_SARS_COV_2_INFECTION,253,0.5138339920948617,0.003199697917645427,0.35304612022120285,0.7060922404424057,0.7193675889328063,0.0505383870967743,1.0299257737819398e-12,2.0598515475638796e-12,0.541501976284585,0.1042630913133966,0.2085261826267932,True,False,True,False,0.0687862427514497,0.9488102379524095,0.1375724855028994,0.4901185770750988,0.5454545454545454,1.0,,,,,,1.0,2.462314849934053e-10,1.0,1.0,False
486,REACTOME_PROTEIN_PROTEIN_INTERACTIONS_AT_SYNAPSES,85,0.4235294117647059,-0.006303286949020093,0.9358017985367786,0.19276043534155354,0.5529411764705883,0.006627903225806579,0.19283471005963587,0.38566942011927174,0.5411764705882353,0.25771286594194376,0.5154257318838875,False,False,False,False,0.21375724855028994,0.8450309938012398,0.42751449710057987,0.49411764705882355,0.5764705882352941,1.0,,,,,,0.7470067743660205,0.5743360492135371,0.7470067743660205,1.0,False
487,REACTOME_DNA_DOUBLE_STRAND_BREAK_REPAIR,122,0.4180327868852459,-0.010302669027451156,0.9715886555383726,0.08498064582685094,0.6311475409836066,0.024898185483870947,0.002400437030044368,0.004800874060088736,0.5409836065573771,0.20764259065626028,0.41528518131252057,False,False,True,False,0.15736852629474105,0.8844231153769246,0.3147370525894821,0.4918032786885246,0.5655737704918032,1.0,,,,,,0.5457021636980428,0.022204042527910403,0.5457021636980428,1.0,False
488,REACTOME_GENE_SILENCING_BY_RNA,74,0.43243243243243246,-0.008768634303921868,0.8996608984353349,0.29541328065567946,0.6216216216216216,0.033594516129032484,0.023696487752026464,0.04739297550405293,0.5405405405405406,0.2806903721494988,0.5613807442989976,False,False,True,False,0.24675064987002598,0.8230353929214157,0.49350129974005197,0.5,0.581081081081081,1.0,,,,,,0.8415076724003325,0.12525286383213988,0.8415076724003325,1.0,False
489,REACTOME_L1CAM_INTERACTIONS,111,0.40540540540540543,-0.00910171768627447,0.9818467544293413,0.0571636452466015,0.6306306306306306,0.04395451612903257,0.003792405887715901,0.007584811775431802,0.5405405405405406,0.22390306607187377,0.44780613214374754,False,False,True,False,0.1853629274145171,0.8602279544091181,0.3707258548290342,0.4954954954954955,0.5675675675675675,1.0,,,,,,0.4755195593466722,0.03143145999738939,0.4755195593466722,1.0,False
490,KEGG_AXON_GUIDANCE,126,0.42857142857142855,-0.00957216079019627,0.9549385670771345,0.12957613928638725,0.5714285714285714,0.016602822580645438,0.06478806964319368,0.12957613928638737,0.5396825396825397,0.21139556707294266,0.4227911341458853,False,False,False,False,0.15956808638272346,0.8822235552889423,0.3191361727654469,0.49206349206349204,0.5634920634920635,1.0,,,,,,0.6518056026446769,0.2652981824124453,0.6518056026446769,1.0,False
491,REACTOME_MITOTIC_PROMETAPHASE,189,0.4708994708994709,-0.0031303414941175932,0.8086077028748555,0.4670792638741319,0.6031746031746031,0.01671677419354855,0.0027830652568611967,0.0055661305137223935,0.5396825396825397,0.15425256644943108,0.30850513289886217,False,False,True,False,0.11597680463907219,0.9102179564087183,0.23195360927814437,0.49206349206349204,0.5502645502645502,1.0,,,,,,0.9575741108976266,0.02464321030861709,0.9575741108976266,1.0,False
492,KEGG_OOCYTE_MEIOSIS,102,0.43137254901960786,-0.005703986943137512,0.931450597121987,0.19778986306808438,0.6176470588235294,0.021320403225806816,0.011148830912346414,0.022297661824692828,0.5392156862745098,0.24421723226631473,0.48843446453262945,False,False,True,False,0.1943611277744451,0.8544291141771646,0.3887222555488902,0.49019607843137253,0.5686274509803921,1.0,,,,,,0.750775606975806,0.07153143359704622,0.750775606975806,1.0,False
493,HALLMARK_UV_RESPONSE_UP,154,0.5584415584415584,0.010962298649019382,0.08525827430410347,0.17051654860820695,0.6688311688311688,0.029594395161290726,1.6878668152785083e-05,3.3757336305570166e-05,0.538961038961039,0.18772844408661163,0.37545688817322326,True,False,True,False,0.1321735652869426,0.8984203159368126,0.2643471305738852,0.4935064935064935,0.5584415584415584,1.0,,,,,,0.7123191304762193,0.00040044962304470257,0.7123191304762193,1.0,False
494,HALLMARK_MTORC1_SIGNALING,182,0.6153846153846154,0.026988026668626933,0.001141182089638404,0.002282364179276808,0.7362637362637363,0.06401362903225825,6.716900903438259e-11,1.3433801806876518e-10,0.5384615384615384,0.16762592289657738,0.33525184579315476,True,True,True,False,0.11697660467906419,0.9090181963607279,0.23395320935812838,0.4945054945054945,0.554945054945055,1.0,,,,,,0.08425105395524467,1.0438064003943055e-08,0.08425105395524467,1.0,False
495,KEGG_GLYCOSPHINGOLIPID_BIOSYNTHESIS_LACTO_AND_NEOLACTO_SERIES,26,0.19230769230769232,-0.02157621892745105,0.9997332394123166,0.0024939179420471395,0.5769230769230769,0.01731495967741973,0.27859854698181374,0.5571970939636275,0.5384615384615384,0.42250949144363786,0.8450189828872757,False,False,False,False,0.3945210957808438,0.7464507098580284,0.7890421915616876,0.5,0.6538461538461539,1.0,,,,,,0.08425105395524467,0.7445264694922423,0.7445264694922423,1.0,False
496,KEGG_PORPHYRIN_AND_CHLOROPHYLL_METABOLISM,26,0.4230769230769231,-0.022193133927451193,0.836530208587654,0.5571970939636279,0.5769230769230769,0.011077862903226031,0.27859854698181374,0.5571970939636275,0.5384615384615384,0.42250949144363786,0.8450189828872757,False,False,False,False,0.3945210957808438,0.7464507098580284,0.7890421915616876,0.5,0.6538461538461539,1.0,,,,,,0.9907142837751463,0.7445264694922423,0.9907142837751463,1.0,False
497,KEGG_RNA_POLYMERASE,26,0.38461538461538464,-0.010210955084314854,0.915681228041657,0.32693958282471,0.7692307692307693,0.10896165322580657,0.00467765331268313,0.00935530662536626,0.5384615384615384,0.42250949144363786,0.8450189828872757,False,False,True,False,0.3945210957808438,0.7464507098580284,0.7890421915616876,0.5,0.6538461538461539,1.0,,,,,,0.8687501015742283,0.0375662700150366,0.8687501015742283,1.0,False
498,REACTOME_ACTIVATION_OF_BAD_AND_TRANSLOCATION_TO_MITOCHONDRIA,13,0.5384615384615384,0.04238315176470554,0.4999999999999993,0.9999999999999986,0.6923076923076923,0.1895637903225809,0.1334228515625,0.266845703125,0.5384615384615384,0.4999999999999993,0.9999999999999986,True,False,False,False,0.4833033393321336,0.7294541091781643,0.9666066786642672,0.46153846153846156,0.6923076923076923,1.0,,,,,,1.0,0.4416168505391377,1.0,1.0,False
499,REACTOME_CARDIOGENESIS,26,0.34615384615384615,-0.0121377720450982,0.9622406512498943,0.168637543916704,0.4230769230769231,-0.013728749999999807,0.836530208587654,0.5571970939636279,0.5384615384615384,0.42250949144363786,0.8450189828872757,True,False,False,False,0.3945210957808438,0.7464507098580284,0.7890421915616876,0.5,0.6538461538461539,1.0,,,,,,0.7077938971296919,0.7445264694922423,0.7445264694922423,1.0,False
500,REACTOME_COMPLEX_IV_ASSEMBLY,39,0.48717948717948717,-0.016389078450980782,0.6253706876195811,1.0,0.6410256410256411,0.027780000000000082,0.0540645107030287,0.1081290214060574,0.5384615384615384,0.3746293123804216,0.7492586247608432,False,False,False,False,0.33913217356528697,0.7656468706258748,0.6782643471305739,0.48717948717948717,0.6153846153846154,1.0,,,,,,1.0,0.23219774590163955,1.0,1.0,False
501,REACTOME_DISSOLUTION_OF_FIBRIN_CLOT,13,0.5384615384615384,0.005145783215685476,0.4999999999999993,0.9999999999999986,0.6923076923076923,0.03534782258064534,0.1334228515625,0.266845703125,0.5384615384615384,0.4999999999999993,0.9999999999999986,True,False,False,False,0.4833033393321336,0.7294541091781643,0.9666066786642672,0.46153846153846156,0.6923076923076923,1.0,,,,,,1.0,0.4416168505391377,1.0,1.0,False
502,REACTOME_EFFECTS_OF_PIP2_HYDROLYSIS,26,0.2692307692307692,-0.03463578987451006,0.9953223466873259,0.028959274291992385,0.34615384615384615,-0.005381370967741713,0.9622406512498943,0.168637543916704,0.5384615384615384,0.42250949144363786,0.8450189828872757,True,False,False,False,0.3945210957808438,0.7464507098580284,0.7890421915616876,0.5,0.6538461538461539,1.0,,,,,,0.38795441594617386,0.3227373685302438,0.38795441594617386,1.0,False
503,REACTOME_INDUCTION_OF_CELL_CELL_FUSION,13,0.38461538461538464,-0.025005102439215863,0.866577148437498,0.5810546874999991,0.5384615384615384,0.0012820161290321378,0.4999999999999993,0.9999999999999986,0.5384615384615384,0.4999999999999993,0.9999999999999986,False,False,False,False,0.4833033393321336,0.7294541091781643,0.9666066786642672,0.46153846153846156,0.6923076923076923,1.0,,,,,,1.0,1.0,1.0,1.0,False
504,REACTOME_MITOTIC_TELOPHASE_CYTOKINESIS,13,0.38461538461538464,-0.004111645980392344,0.866577148437498,0.5810546874999991,0.5384615384615384,0.019998467741936074,0.4999999999999993,0.9999999999999986,0.5384615384615384,0.4999999999999993,0.9999999999999986,False,False,False,False,0.4833033393321336,0.7294541091781643,0.9666066786642672,0.46153846153846156,0.6923076923076923,1.0,,,,,,1.0,1.0,1.0,1.0,False
505,REACTOME_PRC2_METHYLATES_HISTONES_AND_DNA,13,0.6923076923076923,0.03299922141568552,0.1334228515625,0.266845703125,0.5384615384615384,0.00290572580645208,0.4999999999999993,0.9999999999999986,0.5384615384615384,0.4999999999999993,0.9999999999999986,True,False,False,False,0.4833033393321336,0.7294541091781643,0.9666066786642672,0.46153846153846156,0.6923076923076923,1.0,,,,,,0.803618528905151,1.0,1.0,1.0,False
506,REACTOME_REPRESSION_OF_WNT_TARGET_GENES,13,0.3076923076923077,-0.041507884203922096,0.953857421874998,0.26684570312500017,0.6153846153846154,0.037803951612903355,0.29052734374999983,0.5810546874999997,0.5384615384615384,0.4999999999999993,0.9999999999999986,False,False,False,False,0.4833033393321336,0.7294541091781643,0.9666066786642672,0.46153846153846156,0.6923076923076923,1.0,,,,,,0.803618528905151,0.7652194782838978,0.803618528905151,1.0,False
507,REACTOME_RESPONSE_OF_EIF2AK4_GCN2_TO_AMINO_ACID_DEFICIENCY,52,0.6153846153846154,0.016245444411763035,0.06317353790696183,0.12634707581392365,0.8461538461538461,0.5877894354838711,2.0196608696565689e-07,4.0393217393131377e-07,0.5384615384615384,0.33890431957123646,0.6778086391424729,True,False,True,False,0.2995400919816037,0.7900419916016796,0.5990801839632074,0.5,0.6153846153846154,1.0,,,,,,0.6437487075896308,9.368814899839726e-06,0.6437487075896308,1.0,False
508,REACTOME_SIGNALING_BY_ERBB2_IN_CANCER,26,0.5769230769230769,0.032428858378430805,0.27859854698181374,0.5571970939636275,0.5,-0.00017637096774152441,0.577490508556371,1.0,0.5384615384615384,0.42250949144363786,0.8450189828872757,False,False,False,False,0.3945210957808438,0.7464507098580284,0.7890421915616876,0.5,0.6538461538461539,1.0,,,,,,0.9907142837751463,1.0,1.0,1.0,False
509,REACTOME_SIGNALING_BY_FGFR3,39,0.4358974358974359,-0.006205555654901974,0.8316081824050369,0.5223973804968411,0.7435897435897436,0.0481610483870969,0.0016889239559532262,0.0033778479119064525,0.5384615384615384,0.3746293123804216,0.7492586247608432,False,False,True,False,0.33913217356528697,0.7656468706258748,0.6782643471305739,0.48717948717948717,0.6153846153846154,1.0,,,,,,0.9884736430370447,0.017324012063044975,0.9884736430370447,1.0,False
510,REACTOME_SIGNAL_REGULATORY_PROTEIN_FAMILY_INTERACTIONS,13,0.5384615384615384,0.012722673443137197,0.4999999999999993,0.9999999999999986,0.8461538461538461,0.06828362903225839,0.011230468749999969,0.022460937499999938,0.5384615384615384,0.4999999999999993,0.9999999999999986,True,False,True,False,0.4833033393321336,0.7294541091781643,0.9666066786642672,0.46153846153846156,0.6923076923076923,1.0,,,,,,1.0,0.07153143359704622,1.0,1.0,False
511,REACTOME_TRAFFICKING_AND_PROCESSING_OF_ENDOSOMAL_TLR,13,0.5384615384615384,0.0016393801607833339,0.4999999999999993,0.9999999999999986,0.8461538461538461,0.09575983870967758,0.011230468749999969,0.022460937499999938,0.5384615384615384,0.4999999999999993,0.9999999999999986,True,False,True,False,0.4833033393321336,0.7294541091781643,0.9666066786642672,0.46153846153846156,0.6923076923076923,1.0,,,,,,1.0,0.07153143359704622,1.0,1.0,False
512,REACTOME_TRANSPORT_OF_BILE_SALTS_AND_ORGANIC_ACIDS_METAL_IONS_AND_AMINE_COMPOUNDS,80,0.375,-0.010901946849019989,0.9908419512415326,0.03299261842647571,0.4875,-0.002726169354838728,0.6312228455078362,0.9110721212260793,0.5375,0.2882153130941921,0.5764306261883843,True,False,False,False,0.23815236952609478,0.8248350329934013,0.47630473905218956,0.4875,0.5875,1.0,,,,,,0.39624933376907995,1.0,1.0,1.0,False
513,KEGG_EPITHELIAL_CELL_SIGNALING_IN_HELICOBACTER_PYLORI_INFECTION,67,0.582089552238806,0.017280478156862872,0.11077436482240252,0.22154872964480504,0.6567164179104478,0.020919274193548738,0.006966937512143629,0.013933875024287258,0.5373134328358209,0.31270341447081457,0.6254068289416291,True,False,True,False,0.2695460907818436,0.8032393521295741,0.5390921815636872,0.4925373134328358,0.5970149253731343,1.0,,,,,,0.7540774930103149,0.04954975237469657,0.7540774930103149,1.0,False
514,REACTOME_COPII_MEDIATED_VESICLE_TRANSPORT,67,0.6417910447761194,0.026068181905881702,0.013559996201562667,0.027119992403125334,0.6567164179104478,0.09483145161290372,0.006966937512143629,0.013933875024287258,0.5373134328358209,0.31270341447081457,0.6254068289416291,True,True,True,False,0.2695460907818436,0.8032393521295741,0.5390921815636872,0.4925373134328358,0.5970149253731343,1.0,,,,,,0.36968831749523484,0.04954975237469657,0.36968831749523484,1.0,False
515,REACTOME_THE_ROLE_OF_GTSE1_IN_G2_M_PROGRESSION_AFTER_G2_CHECKPOINT,67,0.582089552238806,0.008198037956860943,0.11077436482240252,0.22154872964480504,0.835820895522388,0.1632755645161291,1.0728980157916331e-08,2.1457960315832662e-08,0.5373134328358209,0.31270341447081457,0.6254068289416291,True,False,True,False,0.2695460907818436,0.8032393521295741,0.5390921815636872,0.4925373134328358,0.5970149253731343,1.0,,,,,,0.7540774930103149,7.939445316858084e-07,0.7540774930103149,1.0,False
516,REACTOME_GOLGI_ASSOCIATED_VESICLE_BIOGENESIS,54,0.5370370370370371,0.017571935615685833,0.3417446141176564,0.6834892282353128,0.7037037037037037,0.07983116935483897,0.0019191329401629837,0.0038382658803259675,0.5370370370370371,0.3417446141176564,0.6834892282353128,True,False,True,False,0.3017396520695861,0.7814437112577485,0.6034793041391722,0.5,0.6111111111111112,1.0,,,,,,1.0,0.019117516596238955,1.0,1.0,False
517,REACTOME_BILE_ACID_AND_BILE_SALT_METABOLISM,41,0.43902439024390244,-0.010102165509804216,0.8255555602754553,0.5327092552361072,0.7073170731707317,0.012185000000000503,0.0057538948676665,0.011507789735333,0.5365853658536586,0.3776143287523125,0.755228657504625,False,False,True,False,0.33453309338132375,0.7700459908018397,0.6690661867626475,0.4878048780487805,0.6097560975609756,1.0,,,,,,0.9884736430370447,0.04393883353490782,0.9884736430370447,1.0,False
518,REACTOME_GPER1_SIGNALING,41,0.5853658536585366,0.006746763996078438,0.17444443972453708,0.34888887944907415,0.4634146341463415,-0.005613467741935434,0.7336453723819385,0.7552286575046243,0.5365853658536586,0.3776143287523125,0.755228657504625,False,False,False,False,0.33453309338132375,0.7700459908018397,0.6690661867626475,0.4878048780487805,0.6097560975609756,1.0,,,,,,0.8773031046340797,0.9140384219331668,0.9140384219331668,1.0,False
519,REACTOME_NEGATIVE_REGULATION_OF_MAPK_PATHWAY,41,0.4634146341463415,-0.0038948707843135394,0.7336453723819385,0.7552286575046243,0.6829268292682927,0.051872016129032326,0.013766577914793725,0.02753315582958745,0.5365853658536586,0.3776143287523125,0.755228657504625,False,False,True,False,0.33453309338132375,0.7700459908018397,0.6690661867626475,0.4878048780487805,0.6097560975609756,1.0,,,,,,1.0,0.08439156638891301,1.0,1.0,False
520,REACTOME_RHOF_GTPASE_CYCLE,41,0.5365853658536586,0.018850670878431015,0.3776143287523125,0.755228657504625,0.7073170731707317,0.06686379032258105,0.0057538948676665,0.011507789735333,0.5365853658536586,0.3776143287523125,0.755228657504625,True,False,True,False,0.33453309338132375,0.7700459908018397,0.6690661867626475,0.4878048780487805,0.6097560975609756,1.0,,,,,,1.0,0.04393883353490782,1.0,1.0,False
521,REACTOME_NUCLEAR_ENVELOPE_NE_REASSEMBLY,69,0.5072463768115942,0.0026836836039208136,0.5000000000000049,1.0,0.7971014492753623,0.06959951612903283,3.460958460029822e-07,6.921916920059644e-07,0.5362318840579711,0.31522824589340265,0.6304564917868053,True,False,True,False,0.27454509098180363,0.7976404719056189,0.5490901819636073,0.4927536231884058,0.5942028985507246,1.0,,,,,,1.0,1.4342211858363585e-05,1.0,1.0,False
522,KEGG_TIGHT_JUNCTION,125,0.424,-0.00964766843921619,0.9633928399573054,0.10703141160601506,0.584,0.008674435483871592,0.03660716004272673,0.07321432008545346,0.536,0.23721078672048354,0.4744215734409671,False,False,True,False,0.1791641671665667,0.8654269146170765,0.3583283343331334,0.488,0.56,1.0,,,,,,0.6071850804790333,0.17317359727974838,0.6071850804790333,1.0,False
523,REACTOME_REGULATION_OF_TP53_ACTIVITY,153,0.4444444444444444,-0.009285661121568898,0.9273172251263658,0.19566754746910506,0.5947712418300654,0.02851580645161316,0.011640058482063054,0.02328011696412611,0.5359477124183006,0.20946026245324956,0.4189205249064991,False,False,True,False,0.16456708658268346,0.869626074785043,0.3291341731653669,0.49019607843137253,0.5620915032679739,1.0,,,,,,0.750775606975806,0.07368085898625656,0.750775606975806,1.0,False
524,REACTOME_DOWNREGULATION_OF_ERBB2_SIGNALING,28,0.5357142857142857,0.006955036607841677,0.4252770096063585,0.850554019212717,0.5,-0.00041681451612886854,0.5747229903936334,1.0,0.5357142857142857,0.4252770096063585,0.850554019212717,False,False,False,False,0.39992001599680066,0.7460507898420315,0.7998400319936013,0.5,0.6428571428571429,1.0,,,,,,1.0,1.0,1.0,1.0,False
525,REACTOME_NEGATIVE_REGULATION_OF_FGFR3_SIGNALING,28,0.39285714285714285,-0.009566496647059077,0.9075333289802002,0.3449284508824315,0.7857142857142857,0.06805056451612931,0.0018595829606056057,0.0037191659212112115,0.5357142857142857,0.4252770096063585,0.850554019212717,False,False,True,False,0.39992001599680066,0.7460507898420315,0.7998400319936013,0.5,0.6428571428571429,1.0,,,,,,0.8687501015742283,0.018643818843749105,0.8687501015742283,1.0,False
526,REACTOME_O_LINKED_GLYCOSYLATION_OF_MUCINS,56,0.48214285714285715,-0.0007016090647062854,0.6555601196383427,0.8938530948350373,0.5178571428571429,0.00398733870967768,0.44692654741751786,0.8938530948350357,0.5357142857142857,0.3444398803616751,0.6888797607233502,False,False,False,False,0.3091381723655269,0.7784443111377725,0.6182763447310538,0.5,0.6071428571428571,1.0,,,,,,1.0,1.0,1.0,1.0,False
527,REACTOME_PROCESSING_OF_DNA_DOUBLE_STRAND_BREAK_ENDS,56,0.42857142857142855,-0.011006108168627859,0.8855972293828379,0.3496819529836932,0.6071428571428571,0.018466895161290534,0.07044771179924157,0.14089542359848314,0.5357142857142857,0.3444398803616751,0.6888797607233502,False,False,False,False,0.3091381723655269,0.7784443111377725,0.6182763447310538,0.5,0.6071428571428571,1.0,,,,,,0.8778768254227128,0.28398377207787656,0.8778768254227128,1.0,False
528,REACTOME_SIGNALING_BY_ALK,28,0.42857142857142855,-0.00932095805098072,0.8275357745587762,0.5715881884098001,0.6071428571428571,0.027412177419355144,0.17246422544121584,0.3449284508824317,0.5357142857142857,0.4252770096063585,0.850554019212717,False,False,False,False,0.39992001599680066,0.7460507898420315,0.7998400319936013,0.5,0.6428571428571429,1.0,,,,,,1.0,0.5280973523855161,1.0,1.0,False
529,REACTOME_TRANSCRIPTIONAL_REGULATION_OF_PLURIPOTENT_STEM_CELLS,28,0.5,0.0007295146254900625,0.5747229903936334,1.0,0.4642857142857143,-0.009577379032257645,0.714205905795092,0.850554019212717,0.5357142857142857,0.4252770096063585,0.850554019212717,False,False,False,False,0.39992001599680066,0.7460507898420315,0.7998400319936013,0.5,0.6428571428571429,1.0,,,,,,1.0,0.9701040789331907,1.0,1.0,False
530,REACTOME_RHO_GTPASES_ACTIVATE_FORMINS,127,0.5039370078740157,4.132247450969184e-05,0.5000000000000007,1.0,0.6535433070866141,0.027237338709677664,0.00034230431252126227,0.0006846086250425245,0.5354330708661418,0.2389609711033577,0.4779219422067154,True,False,True,False,0.1825634873025395,0.8552289542091581,0.365126974605079,0.49606299212598426,0.5669291338582677,1.0,,,,,,1.0,0.00467266096057909,1.0,1.0,False
531,KEGG_MELANOMA,71,0.5633802816901409,0.0074110895176470685,0.1712354992099348,0.3424709984198696,0.7183098591549296,0.035573467741935705,0.00015158170677924995,0.0003031634135584999,0.5352112676056338,0.3176538210438335,0.635307642087667,True,False,True,False,0.2679464107178564,0.7996400719856028,0.5358928214357128,0.49295774647887325,0.5915492957746479,1.0,,,,,,0.8687501015742283,0.0024284327044840665,0.8687501015742283,1.0,False
532,KEGG_INTESTINAL_IMMUNE_NETWORK_FOR_IGA_PRODUCTION,43,0.4186046511627907,-0.010346080368627518,0.8889735899219903,0.3603776529357691,0.46511627906976744,-0.005750564516128744,0.7288079940717592,0.7607916425613457,0.5348837209302325,0.3803958212806726,0.7607916425613452,True,False,False,False,0.3349330133973205,0.76624675064987,0.669866026794641,0.4883720930232558,0.627906976744186,1.0,,,,,,0.8818141280367402,0.9193392010422482,0.9193392010422482,1.0,False
533,KEGG_VASOPRESSIN_REGULATED_WATER_REABSORPTION,43,0.4418604651162791,-0.00470487410196066,0.8198111735321174,0.5423840118564857,0.6744186046511628,0.04432685483871004,0.015769748676575674,0.03153949735315135,0.5348837209302325,0.3803958212806726,0.7607916425613452,False,False,True,False,0.3349330133973205,0.76624675064987,0.669866026794641,0.4883720930232558,0.627906976744186,1.0,,,,,,0.9884736430370447,0.09443618282619884,0.9884736430370447,1.0,False
534,REACTOME_INTERLEUKIN_2_FAMILY_SIGNALING,43,0.4418604651162791,-0.006205555654901974,0.8198111735321174,0.5423840118564857,0.5348837209302325,0.003375887096774527,0.3803958212806726,0.7607916425613452,0.5348837209302325,0.3803958212806726,0.7607916425613452,False,False,False,False,0.3349330133973205,0.76624675064987,0.669866026794641,0.4883720930232558,0.627906976744186,1.0,,,,,,0.9884736430370447,0.9193392010422482,0.9884736430370447,1.0,False
535,REACTOME_PEROXISOMAL_PROTEIN_IMPORT,58,0.43103448275862066,-0.016184983825490593,0.881476442618627,0.35814330180613224,0.6206896551724138,0.018356209677419688,0.043474449864954856,0.08694889972990971,0.5344827586206896,0.3470020470380598,0.6940040940761196,False,False,True,False,0.3005398920215957,0.7768446310737852,0.6010797840431914,0.4827586206896552,0.603448275862069,1.0,,,,,,0.8818141280367402,0.20047268572741792,0.8818141280367402,1.0,False
536,REACTOME_RHOQ_GTPASE_CYCLE,58,0.4482758620689655,-0.01795290268823557,0.820928349096919,0.5118423084381621,0.7068965517241379,0.06753072580645203,0.0011162758099714488,0.0022325516199428975,0.5344827586206896,0.3470020470380598,0.6940040940761196,False,False,True,False,0.3005398920215957,0.7768446310737852,0.6010797840431914,0.4827586206896552,0.603448275862069,1.0,,,,,,0.9884736430370447,0.012390661490683082,0.9884736430370447,1.0,False
537,REACTOME_RAC1_GTPASE_CYCLE,176,0.42045454545454547,-0.010832252041176577,0.9857343096259824,0.04152492763459509,0.5681818181818182,0.014121774193548776,0.0413401388606278,0.0826802777212556,0.5340909090909091,0.20354361725195885,0.4070872345039177,False,False,True,False,0.14557088582283542,0.887622475504899,0.29114177164567084,0.4943181818181818,0.5511363636363636,1.0,,,,,,0.41038859373668546,0.19148308730079164,0.41038859373668546,1.0,False
538,REACTOME_SARS_COV_2_HOST_INTERACTIONS,163,0.5276073619631901,0.0053615430588218205,0.2655227247304031,0.5310454494608062,0.7116564417177914,0.05107975806451618,3.225176406505906e-08,6.450352813011812e-08,0.5337423312883436,0.216783563414333,0.433567126828666,True,False,True,False,0.15596880623875226,0.8772245550889822,0.3119376124775045,0.49079754601226994,0.5521472392638037,1.0,,,,,,0.9884736430370447,2.088301723212574e-06,0.9884736430370447,1.0,False
539,KEGG_NOTCH_SIGNALING_PATHWAY,45,0.4444444444444444,-0.006363931705882463,0.8143509827644986,0.551484329802521,0.6888888888888889,0.05160854838709707,0.00804718001563747,0.01609436003127494,0.5333333333333333,0.3829959121223969,0.7659918242447938,False,False,True,False,0.33713257348530296,0.7624475104979004,0.6742651469706059,0.4888888888888889,0.6222222222222222,1.0,,,,,,0.9884736430370447,0.05543792446399476,0.9884736430370447,1.0,False
540,REACTOME_BETA_DEFENSINS,15,0.5333333333333333,0.004079913070588146,0.49999999999999983,0.9999999999999997,0.6,0.008745241935484309,0.3036193847656248,0.6072387695312496,0.5333333333333333,0.49999999999999983,0.9999999999999997,True,False,False,False,0.47990401919616077,0.7180563887222555,0.9598080383923215,0.4666666666666667,0.7333333333333333,1.0,,,,,,1.0,0.7822675852679123,1.0,1.0,False
541,REACTOME_CLASS_C_3_METABOTROPIC_GLUTAMATE_PHEROMONE_RECEPTORS,30,0.43333333333333335,-0.0062816012470589735,0.8192026959732248,0.5846647117286976,0.3,-0.0328583064516126,0.9919375991448849,0.04277394525706797,0.5333333333333333,0.42776777595281984,0.8555355519056397,True,False,False,False,0.3847230553889222,0.7426514697060588,0.7694461107778444,0.5,0.6333333333333333,1.0,,,,,,1.0,0.11600473111602773,1.0,1.0,False
542,REACTOME_DEFECTIVE_GALNT3_CAUSES_HFTC,15,0.4,-0.004335195607843318,0.8491210937499997,0.6072387695312499,0.4666666666666667,-0.0027362096774188258,0.6963806152343749,0.9999999999999998,0.5333333333333333,0.49999999999999983,0.9999999999999997,True,False,False,False,0.47990401919616077,0.7180563887222555,0.9598080383923215,0.4666666666666667,0.7333333333333333,1.0,,,,,,1.0,1.0,1.0,1.0,False
543,REACTOME_DEFECTS_OF_CONTACT_ACTIVATION_SYSTEM_CAS_AND_KALLIKREIN_KININ_SYSTEM_KKS,15,0.3333333333333333,-0.017757610776470926,0.9407653808593748,0.30175781249999994,0.6666666666666666,0.03600612903225864,0.1508789062499999,0.3017578124999998,0.5333333333333333,0.49999999999999983,0.9999999999999997,False,False,False,False,0.47990401919616077,0.7180563887222555,0.9598080383923215,0.4666666666666667,0.7333333333333333,1.0,,,,,,0.8455877169310615,0.4834346810567009,0.8455877169310615,1.0,False
544,REACTOME_DISEASES_OF_CARBOHYDRATE_METABOLISM,30,0.36666666666666664,-0.024025561637255444,0.9506314266473139,0.20048842206597484,0.7666666666666667,0.06823439516129048,0.00261143967509271,0.00522287935018542,0.5333333333333333,0.42776777595281984,0.8555355519056397,False,False,True,False,0.3847230553889222,0.7426514697060588,0.7694461107778444,0.5,0.6333333333333333,1.0,,,,,,0.750775606975806,0.02345767199476342,0.750775606975806,1.0,False
545,REACTOME_DOWNSTREAM_SIGNALING_OF_ACTIVATED_FGFR2,30,0.4666666666666667,-9.501507843204899e-05,0.70766764413566,0.8555355519056387,0.6666666666666666,0.016866653225806844,0.04936857335269498,0.09873714670538997,0.5333333333333333,0.42776777595281984,0.8555355519056397,False,False,True,False,0.3847230553889222,0.7426514697060588,0.7694461107778444,0.5,0.6333333333333333,1.0,,,,,,1.0,0.21793857995381163,1.0,1.0,False
546,REACTOME_FORMATION_OF_DEFINITIVE_ENDODERM,15,0.6,0.006242419870588165,0.3036193847656248,0.6072387695312496,0.5333333333333333,0.0024949193548388566,0.49999999999999983,0.9999999999999997,0.5333333333333333,0.49999999999999983,0.9999999999999997,True,False,False,False,0.47990401919616077,0.7180563887222555,0.9598080383923215,0.4666666666666667,0.7333333333333333,1.0,,,,,,1.0,1.0,1.0,1.0,False
547,REACTOME_GAP_JUNCTION_TRAFFICKING_AND_REGULATION,45,0.4444444444444444,-0.006629971905882492,0.8143509827644986,0.551484329802521,0.7777777777777778,0.052484354838710015,0.00012354389230040435,0.0002470877846008087,0.5333333333333333,0.3829959121223969,0.7659918242447938,False,False,True,False,0.33713257348530296,0.7624475104979004,0.6742651469706059,0.4888888888888889,0.6222222222222222,1.0,,,,,,0.9884736430370447,0.0020533391297842605,0.9884736430370447,1.0,False
548,REACTOME_HEME_SIGNALING,45,0.4,-0.013927006231372555,0.9324217745771685,0.2326931919083112,0.6444444444444445,0.010357016129032282,0.0362271300812724,0.0724542601625448,0.5333333333333333,0.3829959121223969,0.7659918242447938,False,False,True,False,0.33713257348530296,0.7624475104979004,0.6742651469706059,0.4888888888888889,0.6222222222222222,1.0,,,,,,0.758082222695002,0.1721619576339367,0.758082222695002,1.0,False
549,REACTOME_NEGATIVE_REGULATION_OF_FGFR4_SIGNALING,30,0.4666666666666667,-0.003766787713725858,0.70766764413566,0.8555355519056387,0.7333333333333333,0.04786927419354861,0.008062400855124077,0.016124801710248153,0.5333333333333333,0.42776777595281984,0.8555355519056397,False,False,True,False,0.3847230553889222,0.7426514697060588,0.7694461107778444,0.5,0.6333333333333333,1.0,,,,,,1.0,0.05543792446399476,1.0,1.0,False
550,REACTOME_P75NTR_SIGNALS_VIA_NF_KB,15,0.5333333333333333,0.0053615430588218205,0.49999999999999983,0.9999999999999997,0.6,0.011373306451613368,0.3036193847656248,0.6072387695312496,0.5333333333333333,0.49999999999999983,0.9999999999999997,True,False,False,False,0.47990401919616077,0.7180563887222555,0.9598080383923215,0.4666666666666667,0.7333333333333333,1.0,,,,,,1.0,0.7822675852679123,1.0,1.0,False
551,REACTOME_PHOSPHOLIPASE_C_MEDIATED_CASCADE_FGFR4,15,0.4666666666666667,-5.339874510131015e-06,0.6963806152343749,0.9999999999999998,0.5333333333333333,0.002515725806451761,0.49999999999999983,0.9999999999999997,0.5333333333333333,0.49999999999999983,0.9999999999999997,False,False,False,False,0.47990401919616077,0.7180563887222555,0.9598080383923215,0.4666666666666667,0.7333333333333333,1.0,,,,,,1.0,1.0,1.0,1.0,False
552,REACTOME_PKA_ACTIVATION_IN_GLUCAGON_SIGNALLING,15,0.5333333333333333,0.006746763996078438,0.49999999999999983,0.9999999999999997,0.6,0.06388169354838752,0.3036193847656248,0.6072387695312496,0.5333333333333333,0.49999999999999983,0.9999999999999997,True,False,False,False,0.47990401919616077,0.7180563887222555,0.9598080383923215,0.4666666666666667,0.7333333333333333,1.0,,,,,,1.0,0.7822675852679123,1.0,1.0,False
553,REACTOME_REGULATION_OF_HSF1_MEDIATED_HEAT_SHOCK_RESPONSE,75,0.5333333333333333,0.01568635975686198,0.3222319569471062,0.6444639138942124,0.7333333333333333,0.036362661290322944,3.24745009827582e-05,6.49490019655164e-05,0.5333333333333333,0.3222319569471062,0.6444639138942124,True,False,True,False,0.27134573085382924,0.8030393921215757,0.5426914617076585,0.49333333333333335,0.5866666666666667,1.0,,,,,,1.0,0.0006596780983948528,1.0,1.0,False
554,REACTOME_REGULATION_OF_MRNA_STABILITY_BY_PROTEINS_THAT_BIND_AU_RICH_ELEMENTS,75,0.5333333333333333,0.0053615430588218205,0.3222319569471062,0.6444639138942124,0.7333333333333333,0.11542991935483884,3.24745009827582e-05,6.49490019655164e-05,0.5333333333333333,0.3222319569471062,0.6444639138942124,True,False,True,False,0.27134573085382924,0.8030393921215757,0.5426914617076585,0.49333333333333335,0.5866666666666667,1.0,,,,,,1.0,0.0006596780983948528,1.0,1.0,False
555,REACTOME_RUNX2_REGULATES_BONE_DEVELOPMENT,30,0.5333333333333333,0.005998644507842807,0.42776777595281984,0.8555355519056397,0.6,0.03289903225806484,0.18079730402678423,0.36159460805356847,0.5333333333333333,0.42776777595281984,0.8555355519056397,True,False,False,False,0.3847230553889222,0.7426514697060588,0.7694461107778444,0.5,0.6333333333333333,1.0,,,,,,1.0,0.5471451031307161,1.0,1.0,False
556,REACTOME_TRANSCRIPTIONAL_REGULATION_BY_E2F6,30,0.5666666666666667,0.020007663827450832,0.29233235586434875,0.5846647117286975,0.7,0.029777661290322728,0.02138697262853407,0.04277394525706814,0.5333333333333333,0.42776777595281984,0.8555355519056397,True,False,True,False,0.3847230553889222,0.7426514697060588,0.7694461107778444,0.5,0.6333333333333333,1.0,,,,,,1.0,0.11600473111602773,1.0,1.0,False
557,KEGG_OXIDATIVE_PHOSPHORYLATION,92,0.5108695652173914,0.002455771676470229,0.4585202598262325,0.917040519652465,0.7608695652173914,0.10094064516129037,2.674071585520957e-07,5.348143171041914e-07,0.532608695652174,0.30120613884807323,0.6024122776961465,True,False,True,False,0.2561487702459508,0.8088382323535293,0.5122975404919016,0.4891304347826087,0.5760869565217391,1.0,,,,,,1.0,1.187287783971305e-05,1.0,1.0,False
558,REACTOME_HDR_THROUGH_HOMOLOGOUS_RECOMBINATION_HRR,62,0.3870967741935484,-0.024222479256862987,0.9720513866501324,0.09795444051950687,0.6290322580645161,0.019710282258065058,0.027948613349855333,0.055897226699710666,0.532258064516129,0.35176833567763305,0.7035366713552661,False,False,True,False,0.3119376124775045,0.7764447110577885,0.623875224955009,0.4838709677419355,0.5967741935483871,1.0,,,,,,0.5832229906793628,0.14216741455212828,0.5832229906793628,1.0,False
559,REACTOME_ADIPOGENESIS,109,0.46788990825688076,-0.009637652913725727,0.778165249398799,0.5657001139736129,0.6788990825688074,0.039408467741935994,0.0001187340073137387,0.0002374680146274774,0.5321100917431193,0.2828500569868073,0.5657001139736146,False,False,True,False,0.23355328934213157,0.8244351129774046,0.46710657868426314,0.4954128440366973,0.5688073394495413,1.0,,,,,,1.0,0.001984006960919892,1.0,1.0,False
560,HALLMARK_DNA_REPAIR,141,0.475177304964539,-0.002490468478431547,0.7496853677374228,0.6135127096954595,0.6595744680851063,0.050447258064516526,9.409041967865773e-05,0.00018818083935731545,0.5319148936170213,0.25031463226263684,0.5006292645252737,False,False,True,False,0.20295940811837632,0.8432313537292542,0.40591881623675263,0.49645390070921985,0.5602836879432624,1.0,,,,,,1.0,0.0016428821593329676,1.0,1.0,False
561,REACTOME_SENESCENCE_ASSOCIATED_SECRETORY_PHENOTYPE_SASP,47,0.44680851063829785,-0.008627962854902122,0.8091533011683844,0.5600646295802042,0.6595744680851063,0.04471282258064512,0.019993028413025908,0.039986056826051816,0.5319148936170213,0.38543349728650805,0.7708669945730161,False,False,True,False,0.34153169366126773,0.7540491901619676,0.6830633873225355,0.48936170212765956,0.6170212765957447,1.0,,,,,,0.9935393086388553,0.11096130769229379,0.9935393086388553,1.0,False
562,REACTOME_CARDIAC_CONDUCTION,126,0.4603174603174603,-0.005711626974509915,0.83643851639161,0.4227911341458819,0.5158730158730159,0.003552056451613161,0.3946979723440737,0.7893959446881474,0.5317460317460317,0.2665263751337842,0.5330527502675684,False,False,False,False,0.20815836832633472,0.8406318736252749,0.41631673665266944,0.49206349206349204,0.5634920634920635,1.0,,,,,,0.9210189514320003,0.9342049370247173,0.9342049370247173,1.0,False
563,REACTOME_ACTIVATION_OF_THE_MRNA_UPON_BINDING_OF_THE_CAP_BINDING_COMPLEX_AND_EIFS_AND_SUBSEQUENT_BINDING_TO_43S,32,0.59375,0.008891849172547508,0.18854279373772315,0.3770855874754463,0.8125,0.41279201612903227,0.000267526367679234,0.000535052735358468,0.53125,0.4300250329542872,0.8600500659085744,True,False,True,False,0.3893221355728854,0.7338532293541292,0.7786442711457708,0.5,0.625,1.0,,,,,,0.9015246199028362,0.00378212168836298,0.9015246199028362,1.0,False
564,REACTOME_RHO_GTPASES_ACTIVATE_PKNS,32,0.4375,-0.0066110018450989926,0.811457206262269,0.5966148958541402,0.59375,0.026791532258064747,0.18854279373772315,0.3770855874754463,0.53125,0.4300250329542872,0.8600500659085744,False,False,False,False,0.3893221355728854,0.7338532293541292,0.7786442711457708,0.5,0.625,1.0,,,,,,1.0,0.5683714868446591,1.0,1.0,False
565,REACTOME_TRIGLYCERIDE_METABOLISM,32,0.4375,-0.01218735679803953,0.811457206262269,0.5966148958541402,0.53125,0.012107903225806696,0.4300250329542872,0.8600500659085744,0.53125,0.4300250329542872,0.8600500659085744,False,False,False,False,0.3893221355728854,0.7338532293541292,0.7786442711457708,0.5,0.625,1.0,,,,,,1.0,0.9769866976768453,1.0,1.0,False
566,KEGG_JAK_STAT_SIGNALING_PATHWAY,145,0.4482758620689655,-0.007658372200000176,0.9081268793441842,0.24488359344376873,0.5172413793103449,0.003375887096774527,0.3699407873591512,0.7398815747183024,0.5310344827586206,0.2532982092854485,0.506596418570897,False,False,False,False,0.1907618476304739,0.8498300339932013,0.3815236952609478,0.4896551724137931,0.5586206896551724,1.0,,,,,,0.7734737890480012,0.9125206088192396,0.9125206088192396,1.0,False
567,REACTOME_CELL_CELL_COMMUNICATION,145,0.4482758620689655,-0.010806987913725622,0.9081268793441842,0.24488359344376873,0.6827586206896552,0.020410080645161505,6.375259413385198e-06,1.2750518826770396e-05,0.5310344827586206,0.2532982092854485,0.506596418570897,False,False,True,False,0.1907618476304739,0.8498300339932013,0.3815236952609478,0.4896551724137931,0.5586206896551724,1.0,,,,,,0.7734737890480012,0.00017850726357478554,0.7734737890480012,1.0,False
568,REACTOME_EXTENSION_OF_TELOMERES,49,0.3469387755102041,-0.018932205960785174,0.989352942929318,0.04438416098715041,0.6530612244897959,0.03413112903225829,0.022192080493575232,0.044384160987150464,0.5306122448979592,0.3877248273407871,0.7754496546815742,False,False,True,False,0.34253149370125974,0.7496500699860028,0.6850629874025195,0.4897959183673469,0.6122448979591837,1.0,,,,,,0.41055348913114176,0.11871426191743858,0.41055348913114176,1.0,False
569,HALLMARK_COMPLEMENT,198,0.5202020202020202,0.0020803602607837265,0.3094854994166582,0.6189709988333164,0.5555555555555556,0.010671491935484032,0.06769564874366295,0.1353912974873259,0.5303030303030303,0.21722318993711778,0.43444637987423557,True,False,False,False,0.16696660667866425,0.8630273945210958,0.3339332133573285,0.494949494949495,0.5505050505050505,1.0,,,,,,1.0,0.2746711178789875,1.0,1.0,False
570,REACTOME_TRANSCRIPTIONAL_REGULATION_OF_WHITE_ADIPOCYTE_DIFFERENTIATION,83,0.43373493975903615,-0.013927006231372555,0.9062700660169078,0.27226894597204926,0.6867469879518072,0.038993467741935975,0.0004387758900014274,0.0008775517800028548,0.5301204819277109,0.3304418238806084,0.6608836477612168,False,False,True,False,0.28534293141371725,0.7788442311537692,0.5706858628274345,0.4939759036144578,0.5783132530120482,1.0,,,,,,0.8074540878636729,0.005568459576794055,0.8074540878636729,1.0,False
571,REACTOME_ACETYLCHOLINE_NEUROTRANSMITTER_RELEASE_CYCLE,17,0.4117647058823529,-0.01288033192941189,0.8338470458984406,0.6290588378906263,0.6470588235294118,0.03407516129032299,0.1661529541015627,0.3323059082031254,0.5294117647058824,0.5000000000000017,1.0,False,False,False,False,0.47630473905218956,0.7050589882023596,0.9526094781043791,0.47058823529411764,0.7058823529411765,1.0,,,,,,1.0,0.5226754871939846,1.0,1.0,False
572,REACTOME_AZATHIOPRINE_ADME,17,0.35294117647058826,-0.006849093556862943,0.9282684326171906,0.33230590820312556,0.5882352941176471,0.024092741935484246,0.3145294189453131,0.6290588378906262,0.5294117647058824,0.5000000000000017,1.0,False,False,False,False,0.47630473905218956,0.7050589882023596,0.9526094781043791,0.47058823529411764,0.7058823529411765,1.0,,,,,,0.8687501015742283,0.8059006051789227,0.8687501015742283,1.0,False
573,REACTOME_CA_DEPENDENT_EVENTS,34,0.4411764705882353,-0.00507535218431391,0.804235847434032,0.6075913612730822,0.5588235294117647,0.029592217741935826,0.3037956806365412,0.6075913612730824,0.5294117647058824,0.4320831202203426,0.8641662404406852,False,False,False,False,0.39212157568486306,0.7350529894021196,0.7842431513697261,0.5,0.6176470588235294,1.0,,,,,,1.0,0.7822675852679123,1.0,1.0,False
574,REACTOME_ER_QUALITY_CONTROL_COMPARTMENT_ERQC,17,0.6470588235294118,0.008548530156861533,0.1661529541015627,0.3323059082031254,0.5294117647058824,0.0024838709677423854,0.5000000000000017,1.0,0.5294117647058824,0.5000000000000017,1.0,True,False,False,False,0.47630473905218956,0.7050589882023596,0.9526094781043791,0.47058823529411764,0.7058823529411765,1.0,,,,,,0.8687501015742283,1.0,1.0,1.0,False
575,REACTOME_FCGR3A_MEDIATED_IL10_SYNTHESIS,34,0.47058823529411764,-0.004814579854902079,0.6962043193634624,0.8641662404406848,0.5882352941176471,0.04020891129032284,0.19576415256597177,0.39152830513194353,0.5294117647058824,0.4320831202203426,0.8641662404406852,False,False,False,False,0.39212157568486306,0.7350529894021196,0.7842431513697261,0.5,0.6176470588235294,1.0,,,,,,1.0,0.5784704591167388,1.0,1.0,False
576,REACTOME_INHIBITION_OF_THE_PROTEOLYTIC_ACTIVITY_OF_APC_C_REQUIRED_FOR_THE_ONSET_OF_ANAPHASE_BY_MITOTIC_SPINDLE_CHECKPOINT_COMPONENTS,17,0.35294117647058826,-0.03686369023529479,0.9282684326171906,0.33230590820312556,0.8235294117647058,0.04926483870967778,0.006362915039062509,0.012725830078125017,0.5294117647058824,0.5000000000000017,1.0,False,False,True,False,0.47630473905218956,0.7050589882023596,0.9526094781043791,0.47058823529411764,0.7058823529411765,1.0,,,,,,0.8687501015742283,0.04631367667776646,0.8687501015742283,1.0,False
577,REACTOME_SIGNALING_BY_NTRK3_TRKC,17,0.5882352941176471,0.005985155392157049,0.3145294189453131,0.6290588378906262,0.5882352941176471,0.029786532258064925,0.3145294189453131,0.6290588378906262,0.5294117647058824,0.5000000000000017,1.0,True,False,False,False,0.47630473905218956,0.7050589882023596,0.9526094781043791,0.47058823529411764,0.7058823529411765,1.0,,,,,,1.0,0.8059006051789227,1.0,1.0,False
578,REACTOME_SMAD2_SMAD3_SMAD4_HETEROTRIMER_REGULATES_TRANSCRIPTION,34,0.5294117647058824,0.00135515779803883,0.4320831202203426,0.8641662404406852,0.5294117647058824,0.00898153225806464,0.4320831202203426,0.8641662404406852,0.5294117647058824,0.4320831202203426,0.8641662404406852,True,False,False,False,0.39212157568486306,0.7350529894021196,0.7842431513697261,0.5,0.6176470588235294,1.0,,,,,,1.0,0.9802294435363685,1.0,1.0,False
579,KEGG_PROSTATE_CANCER,87,0.5057471264367817,0.0010718623450978113,0.49999999999997885,0.9999999999999577,0.6781609195402298,0.0481610483870969,0.0005843187487191357,0.0011686374974382715,0.5287356321839081,0.3341424983593901,0.6682849967187802,True,False,True,False,0.2803439312137572,0.7788442311537692,0.5606878624275144,0.4942528735632184,0.5862068965517241,1.0,,,,,,1.0,0.007178113324186063,1.0,1.0,False
580,REACTOME_PROTEIN_FOLDING,87,0.5517241379310345,0.005321441360784078,0.19559548265036775,0.3911909653007355,0.6551724137931034,0.04929580645161301,0.0025067994500730497,0.005013598900146099,0.5287356321839081,0.3341424983593901,0.6682849967187802,True,False,True,False,0.2803439312137572,0.7788442311537692,0.5606878624275144,0.4942528735632184,0.5862068965517241,1.0,,,,,,0.9028945444967527,0.022781089739260345,0.9028945444967527,1.0,False
581,KEGG_ADHERENS_JUNCTION,70,0.5,3.857101960703783e-05,0.5475127367702582,1.0,0.6285714285714286,0.043341209677419515,0.020695714336957133,0.041391428673914266,0.5285714285714286,0.36010138617642456,0.7202027723528491,True,False,True,False,0.3153369326134773,0.77124575084983,0.6306738652269546,0.4857142857142857,0.5857142857142857,1.0,,,,,,1.0,0.11344317488406133,1.0,1.0,False
582,KEGG_GLYCEROPHOSPHOLIPID_METABOLISM,70,0.4857142857142857,-0.003848839372549445,0.6398986138235564,0.9049745264594485,0.5,0.00015354838709706676,0.5475127367702582,1.0,0.5285714285714286,0.36010138617642456,0.7202027723528491,False,False,False,False,0.3153369326134773,0.77124575084983,0.6306738652269546,0.4857142857142857,0.5857142857142857,1.0,,,,,,1.0,1.0,1.0,1.0,False
583,REACTOME_HEMOSTASIS,562,0.4822064056939502,-0.0022685959549019865,0.8121381348062005,0.42288632898110917,0.5693950177935944,0.015189838709677543,0.0005716118380163712,0.0011432236760327424,0.5284697508896797,0.09547168505298145,0.1909433701059629,False,False,True,False,0.04379124175164967,0.9626074785042992,0.08758248350329934,0.4928825622775801,0.5266903914590747,1.0,,,,,,0.9210189514320003,0.007049879335535245,0.9210189514320003,1.0,False
584,REACTOME_G2_M_DNA_DAMAGE_CHECKPOINT,53,0.39622641509433965,-0.017641650392157798,0.9508146757797512,0.1689778222877192,0.6415094339622641,0.0381432258064521,0.026719405268855367,0.05343881053771073,0.5283018867924528,0.3919231511047492,0.7838463022094984,False,False,True,False,0.35952809438112376,0.7326534693061387,0.7190561887622475,0.49056603773584906,0.6037735849056604,1.0,,,,,,0.7077938971296919,0.13703615771551564,0.7077938971296919,1.0,False
585,REACTOME_ANCHORING_OF_THE_BASAL_BODY_TO_THE_PLASMA_MEMBRANE,89,0.43820224719101125,-0.010349899078431696,0.8984415906317452,0.289096080696058,0.6629213483146067,0.043626370967742606,0.0013926344981520893,0.0027852689963041785,0.5280898876404494,0.3359043245873052,0.6718086491746104,False,False,True,False,0.28834233153369326,0.7804439112177565,0.5766846630673865,0.4943820224719101,0.5730337078651685,1.0,,,,,,0.8334977910977257,0.014925200069850666,0.8334977910977257,1.0,False
586,REACTOME_DUAL_INCISION_IN_GG_NER,36,0.4722222222222222,-0.008620867292157284,0.6911403414851519,0.8679394004284389,0.7222222222222222,0.047060120967742376,0.005665492091793549,0.011330984183587097,0.5277777777777778,0.4339697002142202,0.8679394004284404,False,False,True,False,0.39692061587682465,0.7212557488502299,0.7938412317536493,0.5,0.6388888888888888,1.0,,,,,,1.0,0.043664289833548205,1.0,1.0,False
587,REACTOME_CELLULAR_RESPONSES_TO_STIMULI,652,0.5153374233128835,0.004595102049019551,0.22842167055655344,0.45684334111310687,0.7085889570552147,0.057797258064516605,2.260032423525866e-27,4.520064847051732e-27,0.5276073619631901,0.08520936507372581,0.17041873014745162,True,False,True,False,0.04359128174365127,0.9622075584883023,0.08718256348730254,0.49233128834355827,0.5245398773006135,1.0,,,,,,0.9457283250067267,7.024180772318392e-24,0.9457283250067267,1.0,False
588,KEGG_PYRIMIDINE_METABOLISM,91,0.3956043956043956,-0.015029853733333789,0.982275202560333,0.058573528410193955,0.6043956043956044,0.024245887096773902,0.02928676420509695,0.0585735284101939,0.5274725274725275,0.3376112299580612,0.6752224599161224,False,False,True,False,0.3007398520295941,0.7646470705858828,0.6014797040591882,0.4945054945054945,0.5824175824175825,1.0,,,,,,0.4790698060496916,0.14587061402154058,0.4790698060496916,1.0,False
589,KEGG_GLYCOLYSIS_GLUCONEOGENESIS,57,0.3508771929824561,-0.017233530392156304,0.9918259480513372,0.033143967787506445,0.6140350877192983,0.013688064516129202,0.05558055955199815,0.1111611191039963,0.5263157894736842,0.39568321388959843,0.7913664277791969,False,False,False,False,0.34653069386122776,0.745250949810038,0.6930613877224555,0.49122807017543857,0.5964912280701754,1.0,,,,,,0.39624933376907995,0.23438857406731375,0.39624933376907995,1.0,False
590,REACTOME_CELL_SURFACE_INTERACTIONS_AT_THE_VASCULAR_WALL,133,0.48872180451127817,-0.00018469028235396697,0.6355730306632623,0.8624034912672679,0.631578947368421,0.024934677419355285,0.0015246636926417496,0.0030493273852834992,0.5263157894736842,0.30152319456446747,0.6030463891289349,False,False,True,False,0.22915416916616677,0.8252349530093981,0.45830833833233353,0.48872180451127817,0.5639097744360902,1.0,,,,,,1.0,0.016172883128773234,1.0,1.0,False
591,REACTOME_COBALAMIN_CBL_VITAMIN_B12_TRANSPORT_AND_METABOLISM,19,0.42105263157894735,-0.026763945415686503,0.8203582763671896,0.6476058959960952,0.6842105263157895,0.029442580645161195,0.0835342407226563,0.1670684814453126,0.5263157894736842,0.5000000000000013,1.0,False,False,False,False,0.47810437912417514,0.7024595080983803,0.9562087582483503,0.47368421052631576,0.6842105263157895,1.0,,,,,,1.0,0.32052397551360073,1.0,1.0,False
592,REACTOME_CYTOSOLIC_SENSORS_OF_PATHOGEN_ASSOCIATED_DNA,57,0.40350877192982454,-0.01083138650588289,0.9444194404480266,0.18485048241642382,0.5964912280701754,0.042354112903226014,0.09242524120821126,0.18485048241642252,0.5263157894736842,0.39568321388959843,0.7913664277791969,False,False,False,False,0.34653069386122776,0.745250949810038,0.6930613877224555,0.49122807017543857,0.5964912280701754,1.0,,,,,,0.7275605405810451,0.3437636525472646,0.7275605405810451,1.0,False
593,REACTOME_DISEASES_ASSOCIATED_WITH_N_GLYCOSYLATION_OF_PROTEINS,19,0.5263157894736842,0.017176469356862435,0.5000000000000013,1.0,0.7894736842105263,0.05689508064516174,0.00960540771484377,0.01921081542968754,0.5263157894736842,0.5000000000000013,1.0,True,False,True,False,0.47810437912417514,0.7024595080983803,0.9562087582483503,0.47368421052631576,0.6842105263157895,1.0,,,,,,1.0,0.06433967064166905,1.0,1.0,False
594,REACTOME_PROCESSING_OF_INTRONLESS_PRE_MRNAS,19,0.5789473684210527,0.015328940207843825,0.3238029479980474,0.6476058959960947,0.7368421052631579,0.06376766129032276,0.031784057617187486,0.06356811523437497,0.5263157894736842,0.5000000000000013,1.0,True,False,True,False,0.47810437912417514,0.7024595080983803,0.9562087582483503,0.47368421052631576,0.6842105263157895,1.0,,,,,,1.0,0.15483518977150268,1.0,1.0,False
595,REACTOME_PROCESSIVE_SYNTHESIS_ON_THE_C_STRAND_OF_THE_TELOMERE,19,0.21052631578947367,-0.04525499569411789,0.9977874755859404,0.019210815429687594,0.6842105263157895,0.03413112903225829,0.0835342407226563,0.1670684814453126,0.5263157894736842,0.5000000000000013,1.0,False,False,False,False,0.47810437912417514,0.7024595080983803,0.9562087582483503,0.47368421052631576,0.6842105263157895,1.0,,,,,,0.2985360717773452,0.32052397551360073,0.32052397551360073,1.0,False
596,REACTOME_SEMA4D_INDUCED_CELL_MIGRATION_AND_GROWTH_CONE_COLLAPSE,19,0.47368421052631576,-0.007390783298039319,0.6761970520019551,1.0,0.5263157894736842,0.00975137096774213,0.5000000000000013,1.0,0.5263157894736842,0.5000000000000013,1.0,False,False,False,False,0.47810437912417514,0.7024595080983803,0.9562087582483503,0.47368421052631576,0.6842105263157895,1.0,,,,,,1.0,1.0,1.0,1.0,False
597,REACTOME_TP53_REGULATES_TRANSCRIPTION_OF_ADDITIONAL_CELL_CYCLE_GENES_WHOSE_EXACT_ROLE_IN_THE_P53_PATHWAY_REMAIN_UNCERTAIN,19,0.3684210526315789,-0.011250817400000557,0.9164657592773461,0.35928344726562617,0.7368421052631579,0.09804935483871,0.031784057617187486,0.06356811523437497,0.5263157894736842,0.5000000000000013,1.0,False,False,True,False,0.47810437912417514,0.7024595080983803,0.9562087582483503,0.47368421052631576,0.6842105263157895,1.0,,,,,,0.8818141280367402,0.15483518977150268,0.8818141280367402,1.0,False
598,REACTOME_ADAPTIVE_IMMUNE_SYSTEM,709,0.4908321579689704,-0.0023152316078430876,0.7004642439163377,0.6522583032618519,0.609308885754584,0.027903709677419675,3.198475253475341e-09,6.396950506950682e-09,0.5260930888575458,0.08816529897656915,0.1763305979531383,False,False,True,False,0.038992201559688064,0.9666066786642672,0.07798440311937613,0.4922425952045134,0.5232722143864598,1.0,,,,,,1.0,2.923782672882753e-07,1.0,1.0,False
599,REACTOME_POTENTIAL_THERAPEUTICS_FOR_SARS,99,0.47474747474747475,-0.006204354105882645,0.7266432582005987,0.687885343579694,0.6464646464646465,0.03340927419354851,0.00232032704421712,0.00464065408843424,0.5252525252525253,0.34394267178984667,0.6878853435796933,False,False,True,False,0.29354129174165167,0.7716456708658268,0.5870825834833033,0.494949494949495,0.5757575757575758,1.0,,,,,,1.0,0.021527093890826295,1.0,1.0,False
600,REACTOME_VESICLE_MEDIATED_TRANSPORT,634,0.4889589905362776,-0.0016194987666665723,0.724303955297881,0.6056825874536206,0.6451104100946372,0.04059237903225828,1.2499080319363697e-13,2.4998160638727394e-13,0.5252365930599369,0.10911459448665518,0.21822918897331037,False,False,True,False,0.05098980203959208,0.9546090781843631,0.10197960407918416,0.4921135646687697,0.5252365930599369,1.0,,,,,,1.0,3.531558330234761e-11,1.0,1.0,False
601,REACTOME_E3_UBIQUITIN_LIGASES_UBIQUITINATE_TARGET_PROTEINS,40,0.55,0.0047910804882342955,0.3179140013144149,0.6358280026288298,0.675,0.03573149193548412,0.019238654142099798,0.038477308284199596,0.525,0.43731465619020155,0.8746293123804031,True,False,True,False,0.4013197360527894,0.7198560287942412,0.8026394721055788,0.5,0.625,1.0,,,,,,1.0,0.10820277245036089,1.0,1.0,False
602,REACTOME_SENSORY_PERCEPTION_OF_TASTE,40,0.35,-0.009348129458823726,0.9807613458578804,0.08069046775199054,0.425,-0.016838749999999722,0.8659063744725977,0.42959050784337804,0.525,0.43731465619020155,0.8746293123804031,True,False,False,False,0.4013197360527894,0.7198560287942412,0.8026394721055788,0.5,0.625,1.0,,,,,,0.5246568488978799,0.6233274035374504,0.6233274035374504,1.0,False
603,REACTOME_SIGNALING_BY_FGFR_IN_DISEASE,61,0.45901639344262296,-0.004729217549020739,0.7786869975267646,0.6089207154048298,0.6721311475409836,0.027863387096774238,0.00492672409762964,0.00985344819525928,0.5245901639344263,0.3990763136528594,0.7981526273057188,False,False,True,False,0.3599280143971206,0.7310537892421516,0.7198560287942412,0.4918032786885246,0.5901639344262295,1.0,,,,,,1.0,0.03926220127034082,1.0,1.0,False
604,KEGG_GLYCOSAMINOGLYCAN_BIOSYNTHESIS_CHONDROITIN_SULFATE,21,0.2857142857142857,-0.039969677584313766,0.9866981506347678,0.07835388183593771,0.7619047619047619,0.05785798387096844,0.013301849365234363,0.026603698730468726,0.5238095238095238,0.5000000000000008,1.0,False,False,True,False,0.4803039392121576,0.6960607878424315,0.9606078784243152,0.47619047619047616,0.6666666666666666,1.0,,,,,,0.5203501383463556,0.08202807108561214,0.5203501383463556,1.0,False
605,KEGG_TASTE_TRANSDUCTION,42,0.40476190476190477,-0.009348129458823726,0.9179252991084486,0.279956238528938,0.40476190476190477,-0.016838749999999722,0.9179252991084486,0.279956238528938,0.5238095238095238,0.4388071643761586,0.8776143287523172,True,False,False,False,0.4071185762847431,0.7070585882823436,0.8142371525694861,0.5,0.6190476190476191,1.0,,,,,,0.819396837528856,0.4597247520030318,0.819396837528856,1.0,False
606,REACTOME_ACYL_CHAIN_REMODELLING_OF_PE,21,0.47619047619047616,-0.004146855937255131,0.6681880950927742,1.0,0.5714285714285714,0.004793467741936041,0.3318119049072274,0.6636238098144548,0.5238095238095238,0.5000000000000008,1.0,False,False,False,False,0.4803039392121576,0.6960607878424315,0.9606078784243152,0.47619047619047616,0.6666666666666666,1.0,,,,,,1.0,0.8377509345667447,1.0,1.0,False
607,REACTOME_DEFENSINS,21,0.42857142857142855,-0.006250317298039244,0.8083448410034197,0.6636238098144559,0.5238095238095238,0.0016245967741939068,0.5000000000000008,1.0,0.5238095238095238,0.5000000000000008,1.0,False,False,False,False,0.4803039392121576,0.6960607878424315,0.9606078784243152,0.47619047619047616,0.6666666666666666,1.0,,,,,,1.0,1.0,1.0,1.0,False
608,REACTOME_INFLAMMASOMES,21,0.47619047619047616,-0.0036015759764710074,0.6681880950927742,1.0,0.6666666666666666,0.012606290322580944,0.09462356567382803,0.18924713134765606,0.5238095238095238,0.5000000000000008,1.0,False,False,False,False,0.4803039392121576,0.6960607878424315,0.9606078784243152,0.47619047619047616,0.6666666666666666,1.0,,,,,,1.0,0.3484479171969876,1.0,1.0,False
609,REACTOME_NEF_MEDIATES_DOWN_MODULATION_OF_CELL_SURFACE_RECEPTORS_BY_RECRUITING_THEM_TO_CLATHRIN_ADAPTERS,21,0.5238095238095238,0.00474420685490155,0.5000000000000008,1.0,0.5238095238095238,0.010793548387097111,0.5000000000000008,1.0,0.5238095238095238,0.5000000000000008,1.0,True,False,False,False,0.4803039392121576,0.6960607878424315,0.9606078784243152,0.47619047619047616,0.6666666666666666,1.0,,,,,,1.0,1.0,1.0,1.0,False
610,REACTOME_OPIOID_SIGNALLING,84,0.4642857142857143,-0.003603942715686509,0.7773976654767468,0.585646794721246,0.6071428571428571,0.03409532258064556,0.031486128518086756,0.06297225703617351,0.5238095238095238,0.371822093052619,0.743644186105238,False,False,True,False,0.3177364527094581,0.7510497900419916,0.6354729054189162,0.4880952380952381,0.5833333333333334,1.0,,,,,,1.0,0.15410848414836795,1.0,1.0,False
611,REACTOME_PCNA_DEPENDENT_LONG_PATCH_BASE_EXCISION_REPAIR,21,0.38095238095238093,-0.030178793164705946,0.9053764343261742,0.38331031799316473,0.7619047619047619,0.03413112903225829,0.013301849365234363,0.026603698730468726,0.5238095238095238,0.5000000000000008,1.0,False,False,True,False,0.4803039392121576,0.6960607878424315,0.9606078784243152,0.47619047619047616,0.6666666666666666,1.0,,,,,,0.9028945444967527,0.08202807108561214,0.9028945444967527,1.0,False
612,REACTOME_REGULATION_OF_SIGNALING_BY_CBL,21,0.6666666666666666,0.008548530156861533,0.09462356567382803,0.18924713134765606,0.6666666666666666,0.02829790322580685,0.09462356567382803,0.18924713134765606,0.5238095238095238,0.5000000000000008,1.0,True,False,False,False,0.4803039392121576,0.6960607878424315,0.9606078784243152,0.47619047619047616,0.6666666666666666,1.0,,,,,,0.73706777472245,0.3484479171969876,0.73706777472245,1.0,False
613,REACTOME_SUMOYLATION_OF_DNA_REPLICATION_PROTEINS,42,0.5476190476190477,0.009697795654901423,0.32198447818518594,0.6439689563703719,0.6904761904761905,0.026967338709677633,0.009760236391230168,0.019520472782460337,0.5238095238095238,0.4388071643761586,0.8776143287523172,True,False,True,False,0.4071185762847431,0.7070585882823436,0.8142371525694861,0.5,0.6190476190476191,1.0,,,,,,1.0,0.06509616889258232,1.0,1.0,False
614,REACTOME_TRIGLYCERIDE_CATABOLISM,21,0.5238095238095238,0.012221666643137143,0.5000000000000008,1.0,0.5238095238095238,0.015946451612903756,0.5000000000000008,1.0,0.5238095238095238,0.5000000000000008,1.0,True,False,False,False,0.4803039392121576,0.6960607878424315,0.9606078784243152,0.47619047619047616,0.6666666666666666,1.0,,,,,,1.0,1.0,1.0,1.0,False
615,REACTOME_VOLTAGE_GATED_POTASSIUM_CHANNELS,42,0.42857142857142855,-0.005915106298039545,0.8600218807355324,0.4407990673425947,0.6190476190476191,0.01661258064516171,0.08207470089155296,0.1641494017831059,0.5238095238095238,0.4388071643761586,0.8776143287523172,False,False,False,False,0.4071185762847431,0.7070585882823436,0.8142371525694861,0.5,0.6190476190476191,1.0,,,,,,0.9422307436731675,0.3168797147465175,0.9422307436731675,1.0,False
616,REACTOME_XENOBIOTICS,21,0.7142857142857143,0.022805776290195885,0.03917694091796873,0.07835388183593746,0.5238095238095238,0.005374838709677454,0.5000000000000008,1.0,0.5238095238095238,0.5000000000000008,1.0,True,True,False,False,0.4803039392121576,0.6960607878424315,0.9606078784243152,0.47619047619047616,0.6666666666666666,1.0,,,,,,0.5203501383463556,1.0,1.0,1.0,False
617,KEGG_ERBB_SIGNALING_PATHWAY,86,0.47674418604651164,-0.004394408356862776,0.7049821944257405,0.7465343822890811,0.5813953488372093,0.015584475806451946,0.08028920956699227,0.16057841913398455,0.5232558139534884,0.3732671911445404,0.7465343822890808,False,False,False,False,0.3339332133573285,0.7370525894821036,0.667866426714657,0.4883720930232558,0.5813953488372093,1.0,,,,,,1.0,0.31153416146593255,1.0,1.0,False
618,KEGG_RENAL_CELL_CARCINOMA,65,0.47692307692307695,-0.003040453145098269,0.6899276174593594,0.8043170001934119,0.676923076923077,0.05042741935483899,0.0029592166263096792,0.0059184332526193584,0.5230769230769231,0.40215850009670445,0.8043170001934089,False,False,True,False,0.35552889422115574,0.7366526694661067,0.7110577884423115,0.49230769230769234,0.6,1.0,,,,,,1.0,0.026008043753898896,1.0,1.0,False
619,REACTOME_BACTERIAL_INFECTION_PATHWAYS,65,0.5076923076923077,0.0053615430588218205,0.5000000000000075,1.0,0.676923076923077,0.050503467741935676,0.0029592166263096792,0.0059184332526193584,0.5230769230769231,0.40215850009670445,0.8043170001934089,True,False,True,False,0.35552889422115574,0.7366526694661067,0.7110577884423115,0.49230769230769234,0.6,1.0,,,,,,1.0,0.026008043753898896,1.0,1.0,False
620,KEGG_MATURITY_ONSET_DIABETES_OF_THE_YOUNG,23,0.13043478260869565,-0.021747511831372583,0.9999669790268002,0.0004882812500000012,0.5217391304347826,0.0068957258064517085,0.5000000000000028,1.0,0.5217391304347826,0.5000000000000028,1.0,False,False,False,False,0.47570485902819437,0.6856628674265147,0.9514097180563887,0.4782608695652174,0.6521739130434783,1.0,,,,,,0.030351562500000075,1.0,1.0,1.0,False
621,REACTOME_FRS_MEDIATED_FGFR1_SIGNALING,23,0.391304347826087,-0.007528235552941585,0.8949801921844535,0.40487289428711204,0.6956521739130435,0.02312516129032308,0.046569824218750146,0.09313964843750029,0.5217391304347826,0.5000000000000028,1.0,False,False,True,False,0.47570485902819437,0.6856628674265147,0.9514097180563887,0.4782608695652174,0.6521739130434783,1.0,,,,,,0.9148548117772449,0.21131019448207553,0.9148548117772449,1.0,False
622,REACTOME_INCRETIN_SYNTHESIS_SECRETION_AND_INACTIVATION,23,0.5652173913043478,0.006302229796078396,0.3388197422027608,0.6776394844055216,0.5217391304347826,8.145161290325307e-05,0.5000000000000028,1.0,0.5217391304347826,0.5000000000000028,1.0,True,False,False,False,0.47570485902819437,0.6856628674265147,0.9514097180563887,0.4782608695652174,0.6521739130434783,1.0,,,,,,1.0,1.0,1.0,1.0,False
623,REACTOME_NOTCH3_ACTIVATION_AND_TRANSMISSION_OF_SIGNAL_TO_THE_NUCLEUS,23,0.5652173913043478,0.008548530156861533,0.3388197422027608,0.6776394844055216,0.6086956521739131,0.024315887096774833,0.2024364471435556,0.4048728942871112,0.5217391304347826,0.5000000000000028,1.0,True,False,False,False,0.47570485902819437,0.6856628674265147,0.9514097180563887,0.4782608695652174,0.6521739130434783,1.0,,,,,,1.0,0.5958072705702375,1.0,1.0,False
624,REACTOME_PI_3K_CASCADE_FGFR2,23,0.5217391304347826,0.002604716345096699,0.5000000000000028,1.0,0.6521739130434783,0.010608145161290609,0.10501980781555229,0.21003961563110457,0.5217391304347826,0.5000000000000028,1.0,True,False,False,False,0.47570485902819437,0.6856628674265147,0.9514097180563887,0.4782608695652174,0.6521739130434783,1.0,,,,,,1.0,0.37573811099773435,1.0,1.0,False
625,REACTOME_RETROGRADE_TRANSPORT_AT_THE_TRANS_GOLGI_NETWORK,46,0.5,0.008823520550979862,0.558502043938808,1.0,0.717391304347826,0.06213286290322603,0.0022669307910945565,0.004533861582189113,0.5217391304347826,0.4414979560612031,0.8829959121224062,True,False,True,False,0.39532093581283745,0.7172565486902619,0.7906418716256749,0.5,0.6086956521739131,1.0,,,,,,1.0,0.021313935988598473,1.0,1.0,False
626,REACTOME_SARS_COV_INFECTIONS,368,0.49728260869565216,-0.0005045485392159176,0.562121870328805,0.9584356382971296,0.7038043478260869,0.04508927419354887,1.6599793290747211e-15,3.3199586581494422e-15,0.5217391304347826,0.2171485577903942,0.4342971155807884,False,False,True,False,0.1365726854629074,0.8838232353529294,0.2731453709258148,0.49184782608695654,0.5353260869565217,1.0,,,,,,1.0,7.370308221091762e-13,1.0,1.0,False
627,REACTOME_SEMA4D_IN_SEMAPHORIN_SIGNALING,23,0.5217391304347826,0.0011125860901948703,0.5000000000000028,1.0,0.5652173913043478,0.023397338709677737,0.3388197422027608,0.6776394844055216,0.5217391304347826,0.5000000000000028,1.0,True,False,False,False,0.47570485902819437,0.6856628674265147,0.9514097180563887,0.4782608695652174,0.6521739130434783,1.0,,,,,,1.0,0.8515073769017037,1.0,1.0,False
628,REACTOME_TRNA_AMINOACYLATION,23,0.5652173913043478,0.006313372415686028,0.3388197422027608,0.6776394844055216,0.34782608695652173,-0.03034967741935487,0.9534301757812556,0.21003961563110465,0.5217391304347826,0.5000000000000028,1.0,False,False,False,False,0.47570485902819437,0.6856628674265147,0.9514097180563887,0.4782608695652174,0.6521739130434783,1.0,,,,,,1.0,0.37573811099773435,1.0,1.0,False
629,REACTOME_SLC_MEDIATED_TRANSMEMBRANE_TRANSPORT,232,0.41810344827586204,-0.010286086637254974,0.9948506488045397,0.014954377249588995,0.5172413793103449,0.005788790322580735,0.3229586597204879,0.6459173194409757,0.521551724137931,0.27734749855127927,0.5546949971025585,False,False,False,False,0.20035992801439712,0.8350329934013198,0.40071985602879423,0.49137931034482757,0.5474137931034483,1.0,,,,,,0.2525989374550141,0.8228778106115552,0.8228778106115552,1.0,False
630,REACTOME_MITOTIC_METAPHASE_AND_ANAPHASE,211,0.4834123222748815,-0.0026645358431373624,0.709042503516094,0.6796647802150465,0.7061611374407583,0.04986387096774214,9.546969907807171e-10,1.9093939815614342e-09,0.5213270142180095,0.2909574964838937,0.5819149929677874,False,False,True,False,0.21615676864627076,0.8196360727854429,0.4323135372925415,0.4928909952606635,0.5497630331753555,1.0,,,,,,1.0,1.059713659766596e-07,1.0,1.0,False
631,REACTOME_DNA_REPAIR,259,0.43243243243243246,-0.010270561000000195,0.9874490432559263,0.03442792482271808,0.6486486486486487,0.0381432258064521,9.881667438514185e-07,1.976333487702837e-06,0.5212355212355212,0.267218920500367,0.534437841000734,False,False,True,False,0.1957608478304339,0.8330333933213357,0.3915216956608678,0.4942084942084942,0.5444015444015444,1.0,,,,,,0.39624933376907995,3.53014050562093e-05,0.39624933376907995,1.0,False
632,REACTOME_PROTEIN_LOCALIZATION,142,0.4859154929577465,-0.006390729045098416,0.6625327078633847,0.8013390218104411,0.6549295774647887,0.0384575000000002,0.00013908910641038152,0.00027817821282076304,0.5211267605633803,0.3374672921366708,0.6749345842733416,False,False,True,False,0.27634473105378926,0.7780443911217756,0.5526894621075785,0.49295774647887325,0.5633802816901409,1.0,,,,,,1.0,0.002240250219485321,1.0,1.0,False
633,REACTOME_TRANSCRIPTIONAL_REGULATION_BY_TP53,334,0.4880239520958084,-0.001904005466667589,0.6887691481414622,0.7017635113423238,0.6137724550898204,0.03280181451612925,1.8915653187269082e-05,3.7831306374538163e-05,0.5209580838323353,0.2384677922170428,0.4769355844340856,False,False,True,False,0.16956608678264348,0.8548290341931614,0.33913217356528697,0.4940119760479042,0.5389221556886228,1.0,,,,,,1.0,0.0004387302246718829,1.0,1.0,False
634,REACTOME_REGULATION_OF_RUNX3_EXPRESSION_AND_ACTIVITY,48,0.5208333333333334,0.004087469270587476,0.4427167486432525,0.885433497286505,0.7916666666666666,0.12349487903225809,3.084820388821174e-05,6.169640777642348e-05,0.5208333333333334,0.4427167486432525,0.885433497286505,True,False,True,False,0.40011997600479904,0.7032593481303739,0.8002399520095981,0.5,0.6041666666666666,1.0,,,,,,1.0,0.0006522191679221911,1.0,1.0,False
635,REACTOME_SEPARATION_OF_SISTER_CHROMATIDS,169,0.4970414201183432,-0.0010528727098041354,0.5611050264075824,0.9999999999999613,0.6923076923076923,0.04897677419354879,3.136093927422833e-07,6.272187854845667e-07,0.5207100591715976,0.3222711060301479,0.6445422120602958,False,False,True,False,0.25774845030993804,0.7858428314337133,0.5154969006198761,0.4911242603550296,0.5562130177514792,1.0,,,,,,1.0,1.3537472120041896e-05,1.0,1.0,False
636,HALLMARK_FATTY_ACID_METABOLISM,146,0.3904109589041096,-0.02394768013137274,0.9969406483123716,0.010056475566926059,0.6232876712328768,0.01542447580645201,0.0018123904937691463,0.0036247809875382926,0.5205479452054794,0.33958176018930997,0.6791635203786199,False,False,True,False,0.27234553089382124,0.7818436312737452,0.5446910617876425,0.4931506849315068,0.5616438356164384,1.0,,,,,,0.21407894563017937,0.018408201485733685,0.21407894563017937,1.0,False
637,REACTOME_CELL_CYCLE_MITOTIC,463,0.4773218142548596,-0.003390362858823829,0.8467123613240614,0.3526530406828677,0.6673866090712743,0.038968387096774554,2.516276573074637e-13,5.032553146149274e-13,0.5205183585313174,0.20144097693152416,0.4028819538630483,False,False,True,False,0.11697660467906419,0.8982203559288142,0.23395320935812838,0.4924406047516199,0.531317494600432,1.0,,,,,,0.8818141280367402,6.51715632426331e-11,0.8818141280367402,1.0,False
638,REACTOME_DEPOSITION_OF_NEW_CENPA_CONTAINING_NUCLEOSOMES_AT_THE_CENTROMERE,25,0.6,0.025677296384313503,0.212178111076355,0.42435622215271,0.52,0.0034370967741940914,0.49999999999999983,0.9999999999999997,0.52,0.49999999999999983,0.9999999999999997,True,False,False,False,0.46630673865226957,0.6846630673865227,0.9326134773045391,0.48,0.64,1.0,,,,,,0.9210189514320003,1.0,1.0,1.0,False
639,REACTOME_DOWNSTREAM_SIGNALING_OF_ACTIVATED_FGFR3,25,0.36,-0.007528235552941585,0.9461239278316504,0.2295229434967046,0.68,0.029786532258064925,0.05387607216835011,0.10775214433670022,0.52,0.49999999999999983,0.9999999999999997,False,False,False,False,0.46630673865226957,0.6846630673865227,0.9326134773045391,0.48,0.64,1.0,,,,,,0.7540774930103149,0.23219774590163955,0.7540774930103149,1.0,False
640,REACTOME_DRUG_ADME,75,0.4533333333333333,-0.006465245078431596,0.8221503804592362,0.488682970903129,0.5066666666666667,0.0026982258064517078,0.49999999999998695,0.9999999999999739,0.52,0.40877692527548287,0.8175538505509657,False,False,False,False,0.34813037392521495,0.7288542291541692,0.6962607478504299,0.49333333333333335,0.5866666666666667,1.0,,,,,,0.9711167989558344,1.0,1.0,1.0,False
641,REACTOME_INTERLEUKIN_20_FAMILY_SIGNALING,25,0.44,-0.010337968094117862,0.7878218889236452,0.6900379657745355,0.52,0.01572540322580674,0.49999999999999983,0.9999999999999997,0.52,0.49999999999999983,0.9999999999999997,False,False,False,False,0.46630673865226957,0.6846630673865227,0.9326134773045391,0.48,0.64,1.0,,,,,,1.0,1.0,1.0,1.0,False
642,REACTOME_MITOCHONDRIAL_PROTEIN_IMPORT,50,0.54,0.0059571684196075,0.3359055168826889,0.6718110337653778,0.62,0.021530846774193976,0.059460226279719385,0.11892045255943877,0.52,0.44386241367039975,0.8877248273407995,True,False,False,False,0.3993201359728054,0.7040591881623676,0.7986402719456108,0.5,0.6,1.0,,,,,,1.0,0.2467321539083683,1.0,1.0,False
643,REACTOME_RESOLUTION_OF_D_LOOP_STRUCTURES_THROUGH_SYNTHESIS_DEPENDENT_STRAND_ANNEALING_SDSA,25,0.24,-0.032257772141176796,0.9979613423347479,0.014633297920227046,0.56,0.005641935483871395,0.345018982887268,0.690037965774536,0.52,0.49999999999999983,0.9999999999999997,False,False,False,False,0.46630673865226957,0.6846630673865227,0.9326134773045391,0.48,0.64,1.0,,,,,,0.2498917029454157,0.8640765502124327,0.8640765502124327,1.0,False
644,REACTOME_RNA_POLYMERASE_I_PROMOTER_ESCAPE,25,0.64,0.02886610751372521,0.114761471748352,0.229522943496704,0.64,0.055856451612903334,0.114761471748352,0.229522943496704,0.52,0.49999999999999983,0.9999999999999997,True,False,False,False,0.46630673865226957,0.6846630673865227,0.9326134773045391,0.48,0.64,1.0,,,,,,0.7540774930103149,0.39719226524930734,0.7540774930103149,1.0,False
645,REACTOME_SIGNALING_BY_ERYTHROPOIETIN,25,0.44,-0.006205555654901974,0.7878218889236452,0.6900379657745355,0.68,0.02829790322580685,0.05387607216835011,0.10775214433670022,0.52,0.49999999999999983,0.9999999999999997,False,False,False,False,0.46630673865226957,0.6846630673865227,0.9326134773045391,0.48,0.64,1.0,,,,,,1.0,0.23219774590163955,1.0,1.0,False
646,REACTOME_SIGNALING_BY_VEGF,100,0.45,-0.012274667231372771,0.8643734879630735,0.368201617326689,0.65,0.05313935483870996,0.0017588208614850432,0.0035176417229700863,0.52,0.38217671720132806,0.7643534344026561,False,False,True,False,0.3327334533093381,0.7394521095780844,0.6654669066186762,0.49,0.57,1.0,,,,,,0.8912543821272191,0.017981629070708927,0.8912543821272191,1.0,False
647,REACTOME_TRANSCRIPTIONAL_ACTIVATION_OF_MITOCHONDRIAL_BIOGENESIS,50,0.34,-0.02542587957451071,0.9923266610837043,0.03283913756426903,0.58,0.01364016129032257,0.1611181601787766,0.3222363203575532,0.52,0.44386241367039975,0.8877248273407995,False,False,False,False,0.3993201359728054,0.7040591881623676,0.7986402719456108,0.5,0.6,1.0,,,,,,0.39624933376907995,0.5109747365669771,0.5109747365669771,1.0,False
648,REACTOME_INTEGRATION_OF_ENERGY_METABOLISM,102,0.4117647058823529,-0.007504900192157061,0.9702997315482866,0.09183767826908198,0.6176470588235294,0.028892298387096973,0.011148830912346414,0.022297661824692828,0.5196078431372549,0.3833021306259268,0.7666042612518535,False,False,True,False,0.32693461307738453,0.7454509098180364,0.6538692261547691,0.49019607843137253,0.5686274509803921,1.0,,,,,,0.5668424221837944,0.07153143359704622,0.5668424221837944,1.0,False
649,REACTOME_CYTOKINE_SIGNALING_IN_IMMUNE_SYSTEM,703,0.5206258890469416,0.004006952262744966,0.14547172582665036,0.2909434516533007,0.6116642958748222,0.01812758064516147,1.736426440486606e-09,3.472852880973212e-09,0.519203413940256,0.1633940577086345,0.326788115417269,True,False,True,False,0.08198360327934413,0.9288142371525695,0.16396720655868827,0.492176386913229,0.5234708392603129,1.0,,,,,,0.8349602907607389,1.8609701300111625e-07,0.8349602907607389,1.0,False
650,REACTOME_INTERLEUKIN_4_AND_INTERLEUKIN_13_SIGNALING,106,0.42452830188679247,-0.010155467780392873,0.9508787477888322,0.14478233933005957,0.660377358490566,0.020374879032258444,0.0006201198571988631,0.0012402397143977263,0.5188679245283019,0.3854594954685759,0.7709189909371518,False,False,True,False,0.33673265346930614,0.7290541891621676,0.6734653069386123,0.49056603773584906,0.5754716981132075,1.0,,,,,,0.6780868731870989,0.0074993483119613485,0.6780868731870989,1.0,False
651,REACTOME_RESPIRATORY_SYNCYTIAL_VIRUS_INFECTION_PATHWAY,106,0.5377358490566038,0.0074097774764698456,0.2483771965144841,0.4967543930289682,0.660377358490566,0.03156725806451638,0.0006201198571988631,0.0012402397143977263,0.5188679245283019,0.3854594954685759,0.7709189909371518,True,False,True,False,0.33673265346930614,0.7290541891621676,0.6734653069386123,0.49056603773584906,0.5754716981132075,1.0,,,,,,0.9846381718967048,0.0074993483119613485,0.9846381718967048,1.0,False
652,REACTOME_DOWNSTREAM_SIGNALING_OF_ACTIVATED_FGFR4,27,0.4444444444444444,-0.00018469028235396697,0.7789658308029237,0.7011080384254504,0.6296296296296297,0.025798548387097164,0.12389428168535326,0.2477885633707065,0.5185185185185185,0.5000000000000037,1.0,False,False,False,False,0.4809038192361528,0.6710657868426315,0.9618076384723055,0.48148148148148145,0.6666666666666666,1.0,,,,,,1.0,0.4217562184863942,1.0,1.0,False
653,REACTOME_G1_S_SPECIFIC_TRANSCRIPTION,27,0.7407407407407407,0.02766634418823502,0.00957864522933966,0.01915729045867932,0.5555555555555556,0.020120887096774363,0.3505540192127257,0.7011080384254514,0.5185185185185185,0.5000000000000037,1.0,True,True,False,False,0.4809038192361528,0.6710657868426315,0.9618076384723055,0.48148148148148145,0.6666666666666666,1.0,,,,,,0.2985360717773452,0.8751179853117683,0.8751179853117683,1.0,False
654,REACTOME_GENE_AND_PROTEIN_EXPRESSION_BY_JAK_STAT_SIGNALING_AFTER_INTERLEUKIN_12_STIMULATION,27,0.5555555555555556,0.011077165431372564,0.3505540192127257,0.7011080384254514,0.7407407407407407,0.09905040322580716,0.00957864522933966,0.01915729045867932,0.5185185185185185,0.5000000000000037,1.0,True,False,True,False,0.4809038192361528,0.6710657868426315,0.9618076384723055,0.48148148148148145,0.6666666666666666,1.0,,,,,,1.0,0.06429898352653923,1.0,1.0,False
655,REACTOME_HSF1_ACTIVATION,27,0.4444444444444444,-0.010687813117648024,0.7789658308029237,0.7011080384254504,0.7777777777777778,0.07068048387096801,0.002962306141853349,0.005924612283706698,0.5185185185185185,0.5000000000000037,1.0,False,False,True,False,0.4809038192361528,0.6710657868426315,0.9618076384723055,0.48148148148148145,0.6666666666666666,1.0,,,,,,1.0,0.026008043753898896,1.0,1.0,False
656,REACTOME_INTERLEUKIN_RECEPTOR_SHC_SIGNALING,27,0.37037037037037035,-0.013443950274509908,0.9389609396457744,0.24778856337070618,0.5555555555555556,0.02829790322580685,0.3505540192127257,0.7011080384254514,0.5185185185185185,0.5000000000000037,1.0,False,False,False,False,0.4809038192361528,0.6710657868426315,0.9618076384723055,0.48148148148148145,0.6666666666666666,1.0,,,,,,0.7787132987898479,0.8751179853117683,0.8751179853117683,1.0,False
657,REACTOME_TNFS_BIND_THEIR_PHYSIOLOGICAL_RECEPTORS,27,0.4074074074074074,-0.011960815043137469,0.8761057183146547,0.44206833839416815,0.5185185185185185,5.0564516129165786e-05,0.5000000000000037,1.0,0.5185185185185185,0.5000000000000037,1.0,False,False,False,False,0.4809038192361528,0.6710657868426315,0.9618076384723055,0.48148148148148145,0.6666666666666666,1.0,,,,,,0.9422476872422136,1.0,1.0,1.0,False
658,REACTOME_MAPK_FAMILY_SIGNALING_CASCADES,301,0.46179401993355484,-0.0043655037529413375,0.916772717466577,0.20470107013819724,0.6179401993355482,0.03796048387096787,2.5375350883100936e-05,5.075070176620187e-05,0.5182724252491694,0.28221192832388114,0.5644238566477623,False,False,True,False,0.20175964807038593,0.830633873225355,0.40351929614077187,0.49169435215946844,0.5382059800664452,1.0,,,,,,0.750775606975806,0.0005593375215934589,0.750775606975806,1.0,False
659,REACTOME_TRANSCRIPTIONAL_REGULATION_BY_RUNX2,110,0.5,-0.00027120699215703705,0.5379513041008456,1.0,0.6909090909090909,0.09219524193548434,3.846409424291622e-05,7.692818848583244e-05,0.5181818181818182,0.3875014914153014,0.7750029828306028,False,False,True,False,0.32633473305338934,0.7398520295940811,0.6526694661067787,0.4909090909090909,0.5727272727272728,1.0,,,,,,1.0,0.0007518641818049284,1.0,1.0,False
660,REACTOME_IRON_UPTAKE_AND_TRANSPORT,56,0.5892857142857143,0.016579164388235215,0.11440277061717997,0.22880554123435995,0.7142857142857143,0.05084995967741947,0.0009207773942463014,0.0018415547884926028,0.5178571428571429,0.44692654741751786,0.8938530948350357,True,False,True,False,0.40251949610077986,0.6910617876424715,0.8050389922015597,0.5,0.6071428571428571,1.0,,,,,,0.7540774930103149,0.010560059562057213,0.7540774930103149,1.0,False
661,REACTOME_MEMBRANE_TRAFFICKING,597,0.49246231155778897,-0.0012016814117648735,0.6588127457519288,0.7433825414693752,0.6499162479061976,0.041938548387096944,1.0696891108533608e-13,2.1393782217067216e-13,0.5175879396984925,0.20653372097448494,0.4130674419489699,False,False,True,False,0.11697660467906419,0.9008198360327935,0.23395320935812838,0.49246231155778897,0.525963149078727,1.0,,,,,,1.0,3.324593756532245e-11,1.0,1.0,False
662,KEGG_HUNTINGTONS_DISEASE,145,0.42758620689655175,-0.011912643254902797,0.9663352642847287,0.09639401732287924,0.7034482758620689,0.06677822580645176,5.251689263191478e-07,1.0503378526382957e-06,0.5172413793103449,0.3699407873591512,0.7398815747183024,False,False,True,False,0.3011397720455909,0.754249150169966,0.6022795440911818,0.4896551724137931,0.5586206896551724,1.0,,,,,,0.5793911837862264,1.9811868696706447e-05,0.5793911837862264,1.0,False
663,KEGG_THYROID_CANCER,29,0.3793103448275862,-0.03324803802353013,0.9319770261645247,0.2649308964610078,0.7241379310344828,0.03772250000000038,0.01205977238714687,0.02411954477429374,0.5172413793103449,0.4999999999999964,0.9999999999999928,False,False,True,False,0.4605078984203159,0.6806638672265547,0.9210157968406318,0.4827586206896552,0.6551724137931034,1.0,,,,,,0.803618528905151,0.07556808987752514,0.803618528905151,1.0,False
664,REACTOME_CHROMOSOME_MAINTENANCE,87,0.4367816091954023,-0.009525502494118283,0.9010104296637012,0.28360710840547076,0.6436781609195402,0.03413112903225829,0.004836609273634645,0.00967321854726929,0.5172413793103449,0.41518650484285935,0.8303730096857187,False,False,True,False,0.355128974205159,0.7198560287942412,0.710257948410318,0.4942528735632184,0.5862068965517241,1.0,,,,,,0.8253285514271564,0.038643140417625906,0.8253285514271564,1.0,False
665,REACTOME_EGR2_AND_SOX10_MEDIATED_INITIATION_OF_SCHWANN_CELL_MYELINATION,29,0.3448275862068966,-0.021176421952941678,0.9692858271300718,0.1360459476709354,0.6206896551724138,0.03272508064516158,0.13246544823050396,0.2649308964610079,0.5172413793103449,0.4999999999999964,0.9999999999999928,False,False,False,False,0.4605078984203159,0.6806638672265547,0.9210157968406318,0.4827586206896552,0.6551724137931034,1.0,,,,,,0.6545368504044384,0.4416168505391377,0.6545368504044384,1.0,False
666,REACTOME_EPH_EPHRIN_SIGNALING,87,0.5172413793103449,0.002306753399999784,0.41518650484285935,0.8303730096857187,0.6091954022988506,0.03696217741935533,0.02650155650548011,0.05300311301096022,0.5172413793103449,0.41518650484285935,0.8303730096857187,True,False,True,False,0.355128974205159,0.7198560287942412,0.710257948410318,0.4942528735632184,0.5862068965517241,1.0,,,,,,1.0,0.13682198940038567,1.0,1.0,False
667,REACTOME_SIGNALING_BY_PDGF,58,0.5,-0.0004994003862749926,0.5521583930551971,1.0,0.7758620689655172,0.06975318548387113,1.5057954814559369e-05,3.0115909629118738e-05,0.5172413793103449,0.4478416069447876,0.8956832138895752,False,False,True,False,0.38752249550089984,0.6996600679864027,0.7750449910017997,0.4827586206896552,0.603448275862069,1.0,,,,,,1.0,0.0003627916555321746,1.0,1.0,False
668,REACTOME_RAC3_GTPASE_CYCLE,89,0.48314606741573035,-0.0073953063019607905,0.6640956754126877,0.8322577540225727,0.6067415730337079,0.014206612903226022,0.027889163826867194,0.05577832765373439,0.5168539325842697,0.4161288770112871,0.8322577540225742,False,False,True,False,0.3649270145970806,0.7118576284743051,0.7298540291941612,0.4943820224719101,0.5730337078651685,1.0,,,,,,1.0,0.14216741455212828,1.0,1.0,False
669,REACTOME_AMINO_ACID_TRANSPORT_ACROSS_THE_PLASMA_MEMBRANE,31,0.3548387096774194,-0.01787352669803941,0.9646222270093832,0.14961278438568065,0.45161290322580644,-0.0014129032258062661,0.7634351700544333,0.720100131817159,0.5161290322580645,0.4999999999999987,0.9999999999999974,True,False,False,False,0.48150369926014797,0.6584683063387322,0.9630073985202959,0.4838709677419355,0.6451612903225806,1.0,,,,,,0.6886491026453092,0.8930850796838519,0.8930850796838519,1.0,False
670,REACTOME_ANTIMICROBIAL_PEPTIDES,62,0.4032258064516129,-0.005704378323529449,0.9510227797402343,0.16188140552559596,0.5645161290322581,0.003922500000000156,0.18707585620239459,0.37415171240478917,0.5161290322580645,0.4495381568264247,0.8990763136528493,False,False,False,False,0.4013197360527894,0.6882623475304939,0.8026394721055788,0.4838709677419355,0.5967741935483871,1.0,,,,,,0.7077938971296919,0.5655950983239711,0.7077938971296919,1.0,False
671,REACTOME_MAPK_TARGETS_NUCLEAR_EVENTS_MEDIATED_BY_MAP_KINASES,31,0.3225806451612903,-0.017724067043137774,0.9852753132581684,0.0707555459812281,0.5483870967741935,0.020787661290323122,0.3600500659085799,0.7201001318171598,0.5161290322580645,0.4999999999999987,0.9999999999999974,False,False,False,False,0.48150369926014797,0.6584683063387322,0.9630073985202959,0.4838709677419355,0.6451612903225806,1.0,,,,,,0.5090468446982812,0.8930850796838519,0.8930850796838519,1.0,False
672,REACTOME_RESOLUTION_OF_D_LOOP_STRUCTURES,31,0.2903225806451613,-0.032257772141176796,0.9946630797348889,0.02944937348365773,0.5806451612903226,0.007998467741935793,0.23656482994556394,0.4731296598911279,0.5161290322580645,0.4999999999999987,0.9999999999999974,False,False,False,False,0.48150369926014797,0.6584683063387322,0.9630073985202959,0.4838709677419355,0.6451612903225806,1.0,,,,,,0.3901903105945125,0.6681398995660495,0.6681398995660495,1.0,False
673,REACTOME_TRAFFICKING_OF_AMPA_RECEPTORS,31,0.45161290322580644,-0.0052042275960786505,0.7634351700544333,0.720100131817159,0.6129032258064516,0.0158075806451616,0.14052075752988424,0.2810415150597685,0.5161290322580645,0.4999999999999987,0.9999999999999974,False,False,False,False,0.48150369926014797,0.6584683063387322,0.9630073985202959,0.4838709677419355,0.6451612903225806,1.0,,,,,,1.0,0.4597247520030318,1.0,1.0,False
674,REACTOME_SIGNALING_BY_RECEPTOR_TYROSINE_KINASES,512,0.466796875,-0.005610078431372623,0.9390860633795459,0.14465455209556263,0.619140625,0.03286028225806491,3.893147523712769e-08,7.786295047425538e-08,0.515625,0.25371273092999885,0.5074254618599977,False,False,True,False,0.15676864627074585,0.8640271945610878,0.3135372925414917,0.4921875,0.529296875,1.0,,,,,,0.6780868731870989,2.3725299026861344e-06,0.6780868731870989,1.0,False
675,REACTOME_ISG15_ANTIVIRAL_MECHANISM,66,0.5909090909090909,0.0146977275274503,0.08764289722151833,0.17528579444303666,0.7121212121212122,0.033594516129032484,0.0003780535319807012,0.0007561070639614024,0.5151515151515151,0.45107925004835375,0.9021585000967075,True,False,True,False,0.3977204559088182,0.6906618676264747,0.7954409118176364,0.48484848484848486,0.5909090909090909,1.0,,,,,,0.7136692525175852,0.005042877156206092,0.7136692525175852,1.0,False
676,REACTOME_RHOB_GTPASE_CYCLE,66,0.45454545454545453,-0.006170102050981281,0.8054737697261095,0.538582775245949,0.6060606060606061,0.015578508064516309,0.05442848220485879,0.10885696440971758,0.5151515151515151,0.45107925004835375,0.9021585000967075,False,False,False,False,0.3977204559088182,0.6906618676264747,0.7954409118176364,0.48484848484848486,0.5909090909090909,1.0,,,,,,0.9884736430370447,0.23219774590163955,0.9884736430370447,1.0,False
677,REACTOME_RHO_GTPASES_ACTIVATE_WASPS_AND_WAVES,33,0.48484848484848486,-0.0021262446274522627,0.6358337595593176,0.9999999999999988,0.7272727272727273,0.10058419354838738,0.006765493424609311,0.013530986849218623,0.5151515151515151,0.4999999999999995,0.999999999999999,False,False,True,False,0.46750649870025995,0.6648670265946811,0.9350129974005199,0.48484848484848486,0.6363636363636364,1.0,,,,,,1.0,0.04856155557433196,1.0,1.0,False
678,REACTOME_HEDGEHOG_OFF_STATE,101,0.48514851485148514,-0.003390362858823829,0.6545867880020204,0.8423820985077425,0.7128712871287128,0.09227306451612952,1.1184791328086188e-05,2.2369582656172376e-05,0.5148514851485149,0.42119104925387096,0.8423820985077419,False,False,True,False,0.36312737452509497,0.7048590281943611,0.7262547490501899,0.49504950495049505,0.5742574257425742,1.0,,,,,,1.0,0.00028109406383095383,1.0,1.0,False
679,REACTOME_INFLUENZA_INFECTION,101,0.5742574257425742,0.0168637578274502,0.08163963092571412,0.16327926185142824,0.801980198019802,0.24093637096774206,3.4654628948252757e-10,6.930925789650551e-10,0.5148514851485149,0.42119104925387096,0.8423820985077419,True,False,True,False,0.36312737452509497,0.7048590281943611,0.7262547490501899,0.49504950495049505,0.5742574257425742,1.0,,,,,,0.7077938971296919,4.682895077007372e-08,0.7077938971296919,1.0,False
680,REACTOME_EARLY_SARS_COV_2_INFECTION_EVENTS,35,0.37142857142857144,-0.029554752972549385,0.9552344605326657,0.17546524899080476,0.8,0.09701314516129075,0.00025413022376597166,0.0005082604475319433,0.5142857142857142,0.5000000000000007,1.0,False,False,True,False,0.4611077784443111,0.6666666666666666,0.9222155568886222,0.4857142857142857,0.6285714285714286,1.0,,,,,,0.7136692525175852,0.003690825866657196,0.7136692525175852,1.0,False
681,REACTOME_TRANSCRIPTIONAL_REGULATION_BY_VENTX,35,0.42857142857142855,-0.009036549454902173,0.8447476704604927,0.49955983320251024,0.8,0.04471282258064512,0.00025413022376597166,0.0005082604475319433,0.5142857142857142,0.5000000000000007,1.0,False,False,True,False,0.4611077784443111,0.6666666666666666,0.9222155568886222,0.4857142857142857,0.6285714285714286,1.0,,,,,,0.9865737953522796,0.003690825866657196,0.9865737953522796,1.0,False
682,REACTOME_APOPTOTIC_CLEAVAGE_OF_CELLULAR_PROTEINS,37,0.4594594594594595,-0.012486713843137433,0.744312109207386,0.742829358729068,0.6756756756756757,0.01830983870967745,0.02351551371975805,0.0470310274395161,0.5135135135135135,0.5000000000000008,1.0,False,False,True,False,0.46010797840431916,0.6672665466906619,0.9202159568086383,0.4864864864864865,0.6216216216216216,1.0,,,,,,1.0,0.1245080351635571,1.0,1.0,False
683,REACTOME_PLATELET_AGGREGATION_PLUG_FORMATION,37,0.32432432432432434,-0.018541029984313697,0.9899630740401342,0.04703102743951604,0.5405405405405406,0.03758532258064555,0.3714146793645346,0.7428293587290692,0.5135135135135135,0.5000000000000008,1.0,False,False,False,False,0.46010797840431916,0.6672665466906619,0.9202159568086383,0.4864864864864865,0.6216216216216216,1.0,,,,,,0.42991892141769367,0.9131491134060786,0.9131491134060786,1.0,False
684,REACTOME_SIGNALING_BY_RETINOIC_ACID,37,0.40540540540540543,-0.03332438028235295,0.9061292205005894,0.32400860008783594,0.40540540540540543,-0.006430725806451008,0.9061292205005894,0.32400860008783594,0.5135135135135135,0.5000000000000008,1.0,True,False,False,False,0.46010797840431916,0.6672665466906619,0.9202159568086383,0.4864864864864865,0.6216216216216216,1.0,,,,,,0.8687501015742283,0.5132613298027493,0.8687501015742283,1.0,False
685,REACTOME_TP53_REGULATES_METABOLIC_GENES,76,0.5,9.046380391309998e-06,0.5456115373622626,1.0,0.618421052631579,0.03916149193548404,0.025226205123609364,0.05045241024721873,0.5131578947368421,0.45438846263775456,0.9087769252755091,True,False,True,False,0.39912017596480703,0.6804639072185563,0.7982403519296141,0.4868421052631579,0.5921052631578947,1.0,,,,,,1.0,0.13088989236089799,1.0,1.0,False
686,REACTOME_GLUCAGON_LIKE_PEPTIDE_1_GLP1_REGULATES_INSULIN_SECRETION,39,0.48717948717948717,-0.0058781668470589184,0.6253706876195811,1.0,0.5128205128205128,0.012901129032258131,0.500000000000001,1.0,0.5128205128205128,0.500000000000001,1.0,False,False,False,False,0.46270745850829836,0.6610677864427115,0.9254149170165967,0.48717948717948717,0.6153846153846154,1.0,,,,,,1.0,1.0,1.0,1.0,False
687,REACTOME_MITOCHONDRIAL_PROTEIN_DEGRADATION,80,0.45,-0.013742360478431657,0.8428467100680246,0.4340422553454719,0.6625,0.03716052419354873,0.0024340770747796935,0.004868154149559387,0.5125,0.45553606061304086,0.9110721212260817,False,False,True,False,0.39832033593281346,0.6848630273945211,0.7966406718656269,0.4875,0.5875,1.0,,,,,,0.93421283214247,0.022448402220816878,0.93421283214247,1.0,False
688,REACTOME_RAC2_GTPASE_CYCLE,82,0.45121951219512196,-0.017764818933334016,0.8398533181809505,0.43970542918579736,0.5487804878048781,0.014121774193548776,0.21985271459289887,0.43970542918579775,0.5121951219512195,0.4560783037762778,0.9121566075525556,False,False,False,False,0.40271945610877824,0.6826634673065387,0.8054389122175565,0.4878048780487805,0.5853658536585366,1.0,,,,,,0.9422307436731675,0.6360276236308197,0.9422307436731675,1.0,False
689,REACTOME_RND3_GTPASE_CYCLE,41,0.4634146341463415,-0.004335195607843318,0.7336453723819385,0.7552286575046243,0.6585365853658537,0.03364233870967748,0.029791944009047847,0.05958388801809569,0.5121951219512195,0.4999999999999965,0.999999999999993,False,False,True,False,0.4611077784443111,0.6656668666266746,0.9222155568886222,0.4878048780487805,0.6097560975609756,1.0,,,,,,1.0,0.14627703314395055,1.0,1.0,False
690,REACTOME_SIGNALING_BY_INSULIN_RECEPTOR,82,0.4878048780487805,-9.501507843204899e-05,0.6296735793270796,0.9121566075525556,0.6829268292682927,0.030037540322581158,0.0006101910343387322,0.0012203820686774644,0.5121951219512195,0.4560783037762778,0.9121566075525556,False,False,True,False,0.40271945610877824,0.6826634673065387,0.8054389122175565,0.4878048780487805,0.5853658536585366,1.0,,,,,,1.0,0.0074371519008814896,1.0,1.0,False
691,REACTOME_NEGATIVE_EPIGENETIC_REGULATION_OF_RRNA_EXPRESSION,43,0.5813953488372093,0.006189887619606909,0.18018882646788448,0.36037765293576896,0.6046511627906976,0.024598225806451747,0.11102641007801167,0.22205282015602334,0.5116279069767442,0.5000000000000009,1.0,True,False,False,False,0.4549090181963607,0.6652669466106779,0.9098180363927214,0.4883720930232558,0.627906976744186,1.0,,,,,,0.8818141280367402,0.39436580859709747,0.8818141280367402,1.0,False
692,KEGG_PARKINSONS_DISEASE,88,0.48863636363636365,-0.00016496653725511947,0.6253354983988841,0.9151865048429138,0.7954545454545454,0.09663528225806467,1.0391772520887988e-08,2.0783545041775976e-08,0.5113636363636364,0.4575932524214577,0.9151865048429154,False,False,True,False,0.39432113577284544,0.6842631473705258,0.7886422715456909,0.48863636363636365,0.5795454545454546,1.0,,,,,,1.0,7.915374923282529e-07,1.0,1.0,False
693,REACTOME_ESTROGEN_DEPENDENT_GENE_EXPRESSION,90,0.5,4.303496078294751e-06,0.5419355614943743,1.0,0.6111111111111112,0.033283346774193624,0.022298762313958585,0.04459752462791717,0.5111111111111111,0.45806443850566114,0.9161288770113223,True,False,True,False,0.40571885622875425,0.6714657068586283,0.8114377124575085,0.4888888888888889,0.5777777777777777,1.0,,,,,,1.0,0.11907998843949016,1.0,1.0,False
694,REACTOME_TGF_BETA_RECEPTOR_SIGNALING_ACTIVATES_SMADS,45,0.4666666666666667,-0.018541029984313697,0.7242578350987436,0.7659918242447964,0.6444444444444445,0.07955733870967746,0.0362271300812724,0.0724542601625448,0.5111111111111111,0.5000000000000014,1.0,False,False,True,False,0.45310937812437513,0.6630673865226955,0.9062187562487503,0.4888888888888889,0.6222222222222222,1.0,,,,,,1.0,0.1721619576339367,1.0,1.0,False
695,HALLMARK_INTERFERON_ALPHA_RESPONSE,92,0.5978260869565217,0.022992587856862416,0.037880117882031876,0.07576023576406375,0.6086956521739131,0.01818500000000007,0.023505780822426485,0.04701156164485297,0.5108695652173914,0.4585202598262325,0.917040519652465,True,True,True,False,0.40931813637272546,0.6702659468106379,0.8186362727454509,0.4891304347826087,0.5760869565217391,1.0,,,,,,0.5203501383463556,0.1245080351635571,0.5203501383463556,1.0,False
696,HALLMARK_P53_PATHWAY,188,0.44148936170212766,-0.007959566623529958,0.9534043930387175,0.12540008404533007,0.6968085106382979,0.0511441935483873,3.4757587834846946e-08,6.951517566969389e-08,0.5106382978723404,0.41344015802865514,0.8268803160573103,False,False,True,False,0.3327334533093381,0.7174565086982604,0.6654669066186762,0.4946808510638298,0.5531914893617021,1.0,,,,,,0.6437487075896308,2.204624142667435e-06,0.6437487075896308,1.0,False
697,REACTOME_PHOSPHOLIPID_METABOLISM,190,0.4421052631578947,-0.013471803747059162,0.9525308034011686,0.1274131384280397,0.5631578947368421,0.008891532258065028,0.04746919659898957,0.09493839319797914,0.5105263157894737,0.41388939749127773,0.8277787949825555,False,False,True,False,0.34393121375724856,0.710257948410318,0.6878624275144971,0.49473684210526314,0.5526315789473685,1.0,,,,,,0.6470588794678879,0.21429268473540478,0.6470588794678879,1.0,False
698,HALLMARK_KRAS_SIGNALING_DN,192,0.40625,-0.010907754323529549,0.996290671936562,0.011345491302922752,0.5,0.0002452822580647155,0.5287537151733581,1.0,0.5104166666666666,0.41433171458647716,0.8286634291729543,False,False,False,False,0.33973205358928216,0.7118576284743051,0.6794641071785643,0.4947916666666667,0.5520833333333334,1.0,,,,,,0.22126586178699253,1.0,1.0,1.0,False
699,REACTOME_CELL_CYCLE,584,0.4520547945205479,-0.006592484121568926,0.9908678886392019,0.022769658548777393,0.6575342465753424,0.03661741935483907,1.1225831073858201e-14,2.2451662147716403e-14,0.5102739726027398,0.32450728910999166,0.6490145782199833,False,False,True,False,0.20135972805438912,0.8232353529294141,0.40271945610877824,0.4931506849315068,0.5256849315068494,1.0,,,,,,0.32462430628256944,4.361235372193912e-12,0.32462430628256944,1.0,False
700,KEGG_ARGININE_AND_PROLINE_METABOLISM,49,0.30612244897959184,-0.030159029960785226,0.9980991727951373,0.009399241523873107,0.6326530612244898,0.03054161290322585,0.04271656657869786,0.08543313315739572,0.5102040816326531,0.5000000000000048,1.0,False,False,True,False,0.4539092181563687,0.6576684663067387,0.9078184363127374,0.4897959183673469,0.6122448979591837,1.0,,,,,,0.20572424405772968,0.19756412042647759,0.20572424405772968,1.0,False
701,REACTOME_PRE_NOTCH_EXPRESSION_AND_PROCESSING,49,0.3877551020408163,-0.009637652913725727,0.9572834334213138,0.15240777196147978,0.673469387755102,0.042870080645161415,0.010647057070693711,0.021294114141387422,0.5102040816326531,0.5000000000000048,1.0,False,False,True,False,0.4539092181563687,0.6576684663067387,0.9078184363127374,0.4897959183673469,0.6122448979591837,1.0,,,,,,0.6945503742760691,0.06937327751722443,0.6945503742760691,1.0,False
702,REACTOME_TRANSCRIPTIONAL_ACTIVITY_OF_SMAD2_SMAD3_SMAD4_HETEROTRIMER,49,0.5102040816326531,0.0005069289294113216,0.5000000000000048,1.0,0.5918367346938775,0.03077040322580657,0.12643486508380314,0.2528697301676063,0.5102040816326531,0.5000000000000048,1.0,True,False,False,False,0.4539092181563687,0.6576684663067387,0.9078184363127374,0.4897959183673469,0.6122448979591837,1.0,,,,,,1.0,0.4285273289863251,1.0,1.0,False
703,REACTOME_INNATE_IMMUNE_SYSTEM,949,0.47523709167544786,-0.0038948707843135394,0.9404238196204527,0.13533659177511032,0.6195995785036881,0.028563387096774737,8.466731385996864e-14,1.6933462771993728e-13,0.5100105374077977,0.279519048581984,0.559038097163968,False,False,True,False,0.14277144571085784,0.8734253149370126,0.2855428914217157,0.49209694415173866,0.5194942044257113,1.0,,,,,,0.6545368504044384,2.92384457196425e-11,0.6545368504044384,1.0,False
704,REACTOME_CLASS_I_MHC_MEDIATED_ANTIGEN_PROCESSING_PRESENTATION,351,0.49572649572649574,-0.00026902805490222614,0.5845141989574498,0.9150056067305132,0.6324786324786325,0.03634475806451653,3.941589250097861e-07,7.883178500195722e-07,0.50997150997151,0.3744130010195128,0.7488260020390256,False,False,True,False,0.27654469106178764,0.7614477104579084,0.5530893821235753,0.4928774928774929,0.5356125356125356,1.0,,,,,,1.0,1.5705717165774554e-05,1.0,1.0,False
705,HALLMARK_UNFOLDED_PROTEIN_RESPONSE,104,0.5673076923076923,0.014680649529410325,0.10108655304809187,0.20217310609618375,0.75,0.10282052419354841,1.6388517485693488e-07,3.2777034971386976e-07,0.5096153846153846,0.4609744138132385,0.921948827626477,True,False,True,False,0.40251949610077986,0.6686662667466506,0.8050389922015597,0.49038461538461536,0.5769230769230769,1.0,,,,,,0.750775606975806,7.86765376589365e-06,0.750775606975806,1.0,False
706,REACTOME_TRANSLATION,210,0.5857142857142857,0.008367949582352175,0.007762274557200955,0.01552454911440191,0.6857142857142857,0.09800439516129042,3.852064011394467e-08,7.704128022788934e-08,0.5095238095238095,0.4180281719226063,0.8360563438452125,True,True,True,False,0.3323335332933413,0.7144571085782844,0.6646670665866826,0.49047619047619045,0.5476190476190477,1.0,,,,,,0.2594102077825868,2.3725299026861344e-06,0.2594102077825868,1.0,False
707,REACTOME_GAMMA_CARBOXYLATION_HYPUSINYLATION_HYDROXYLATION_AND_ARYLSULFATASE_ACTIVATION,53,0.4528301886792453,-0.015177337752941944,0.7949486418126512,0.583132154261177,0.6792452830188679,0.03990290322580674,0.006330167901207075,0.01266033580241415,0.5094339622641509,0.49999999999999784,0.9999999999999957,False,False,True,False,0.46630673865226957,0.6406718656268746,0.9326134773045391,0.49056603773584906,0.6037735849056604,1.0,,,,,,1.0,0.04631367667776646,1.0,1.0,False
708,REACTOME_ION_TRANSPORT_BY_P_TYPE_ATPASES,53,0.5283018867924528,0.00636323917254881,0.3919231511047492,0.7838463022094984,0.4528301886792453,-0.0026343548387091145,0.7949486418126512,0.583132154261177,0.5094339622641509,0.49999999999999784,0.9999999999999957,False,False,False,False,0.46630673865226957,0.6406718656268746,0.9326134773045391,0.49056603773584906,0.6037735849056604,1.0,,,,,,1.0,0.7653609524677949,1.0,1.0,False
709,KEGG_LEUKOCYTE_TRANSENDOTHELIAL_MIGRATION,108,0.5092592592592593,0.00044389538823507314,0.4617005187973077,0.9234010375946154,0.6666666666666666,0.034198830645161625,0.0003421151109665053,0.0006842302219330106,0.5092592592592593,0.4617005187973077,0.9234010375946154,True,False,True,False,0.4065186962607478,0.6750649870025994,0.8130373925214956,0.49074074074074076,0.5740740740740741,1.0,,,,,,1.0,0.00467266096057909,1.0,1.0,False
710,REACTOME_TNF_SIGNALING,55,0.5272727272727272,0.0053615430588218205,0.39385309483502273,0.7877061896700455,0.5818181818181818,0.029892822580645694,0.1403048588491778,0.2806097176983556,0.509090909090909,0.5000000000000016,1.0,True,False,False,False,0.4533093381323735,0.6456708658268346,0.906618676264747,0.4909090909090909,0.6,1.0,,,,,,1.0,0.4597247520030318,1.0,1.0,False
711,REACTOME_CA2_PATHWAY,59,0.423728813559322,-0.009036549454902173,0.9037367711192611,0.29759520828442554,0.4406779661016949,-0.007342177419354518,0.8512023958577791,0.43499280512214944,0.5084745762711864,0.4999999999999957,0.9999999999999915,True,False,False,False,0.45150969806038793,0.6436712657468506,0.9030193961207759,0.4915254237288136,0.5932203389830508,1.0,,,,,,0.8439104994051045,0.6299895798320785,0.8439104994051045,1.0,False
712,REACTOME_G2_M_CHECKPOINTS,118,0.4406779661016949,-0.009499998950980644,0.9164744429130542,0.23126568219747579,0.711864406779661,0.060619112903225844,2.3622352850085457e-06,4.7244705700170914e-06,0.5084745762711864,0.4633521114738679,0.9267042229477358,False,False,True,False,0.38812237552489504,0.6856628674265147,0.7762447510497901,0.4915254237288136,0.5677966101694916,1.0,,,,,,0.758082222695002,7.810454538092085e-05,0.758082222695002,1.0,False
713,REACTOME_SELENOAMINO_ACID_METABOLISM,59,0.5254237288135594,0.009673391450978496,0.39742182699142725,0.7948436539828545,0.7796610169491526,0.5420416129032251,9.583893398112798e-06,1.9167786796225595e-05,0.5084745762711864,0.4999999999999957,0.9999999999999915,True,False,True,False,0.45150969806038793,0.6436712657468506,0.9030193961207759,0.4915254237288136,0.5932203389830508,1.0,,,,,,1.0,0.0002465811734718936,1.0,1.0,False
714,HALLMARK_ADIPOGENESIS,189,0.49206349206349204,-0.0007495312196092417,0.614412688648082,0.8843829672609941,0.6666666666666666,0.04562266129032308,2.6839154868089934e-06,5.367830973617987e-06,0.5079365079365079,0.4421914836304959,0.8843829672609917,False,False,True,False,0.36212757448510297,0.6862627474505099,0.7242551489702059,0.49206349206349204,0.5502645502645502,1.0,,,,,,1.0,8.78064140316037e-05,1.0,1.0,False
715,REACTOME_TELOMERE_MAINTENANCE,63,0.36507936507936506,-0.017703864756863107,0.9887125136633672,0.04295654552438957,0.6984126984126984,0.06138483870967776,0.0011137657554940025,0.002227531510988005,0.5079365079365079,0.49999999999999695,0.9999999999999939,False,False,True,False,0.4491101779644071,0.6422715456908619,0.8982203559288142,0.49206349206349204,0.6031746031746031,1.0,,,,,,0.41038859373668546,0.012390661490683082,0.41038859373668546,1.0,False
716,KEGG_PPAR_SIGNALING_PATHWAY,65,0.47692307692307695,-0.006227462400000022,0.6899276174593594,0.8043170001934119,0.6615384615384615,0.014902500000000263,0.006251273068244986,0.012502546136489972,0.5076923076923077,0.5000000000000075,1.0,False,False,True,False,0.44931013797240554,0.6446710657868426,0.8986202759448111,0.49230769230769234,0.6,1.0,,,,,,1.0,0.04629130268606566,1.0,1.0,False
717,REACTOME_HCMV_EARLY_EVENTS,65,0.5692307692307692,0.014936424223529433,0.1605420678425003,0.3210841356850006,0.7230769230769231,0.05176903225806487,0.00021106516173760698,0.00042213032347521395,0.5076923076923077,0.5000000000000075,1.0,True,False,True,False,0.44931013797240554,0.6446710657868426,0.8986202759448111,0.49230769230769234,0.6,1.0,,,,,,0.8687501015742283,0.003169036341451606,0.8687501015742283,1.0,False
718,REACTOME_M_PHASE,325,0.4553846153846154,-0.005631151764706303,0.952029294922732,0.12025047805937758,0.676923076923077,0.04242629032258079,8.305417539354194e-11,1.6610835078708388e-10,0.5076923076923077,0.4122247720323636,0.8244495440647271,False,False,True,False,0.30453909218156366,0.7364527094581084,0.6090781843631273,0.49230769230769234,0.5384615384615384,1.0,,,,,,0.6344795972607254,1.2292017958244207e-08,0.6344795972607254,1.0,False
719,REACTOME_MITOTIC_G1_PHASE_AND_G1_S_TRANSITION,138,0.572463768115942,0.00933230625686192,0.05272701288820513,0.10545402577641026,0.7028985507246377,0.0724628225806454,1.0437879849196208e-06,2.0875759698392416e-06,0.5072463768115942,0.46610124375246936,0.9322024875049387,True,False,True,False,0.40591881623675263,0.6554689062187562,0.8118376324735053,0.4927536231884058,0.5579710144927537,1.0,,,,,,0.6069465039131168,3.686469383102479e-05,0.6069465039131168,1.0,False
720,REACTOME_TRANSCRIPTION_COUPLED_NUCLEOTIDE_EXCISION_REPAIR_TC_NER,69,0.4782608695652174,-0.001574537537254981,0.6847717541066071,0.8099490529189374,0.7681159420289855,0.07625427419354852,4.547531527593182e-06,9.095063055186364e-06,0.5072463768115942,0.5000000000000049,1.0,False,False,True,False,0.45310937812437513,0.6356728654269146,0.9062187562487503,0.4927536231884058,0.5942028985507246,1.0,,,,,,1.0,0.0001359012306515347,1.0,1.0,False
721,REACTOME_RHO_GTPASE_CYCLE,424,0.4716981132075472,-0.004733359841176593,0.8876681162281433,0.26398042691012874,0.6297169811320755,0.03077733870967784,5.122744600145993e-08,1.0245489200291986e-07,0.5070754716981132,0.4040893118861916,0.8081786237723833,False,False,True,False,0.2927414517096581,0.7416516696660668,0.5854829034193162,0.49292452830188677,0.5330188679245284,1.0,,,,,,0.803618528905151,2.9484241143062494e-06,0.803618528905151,1.0,False
722,REACTOME_BIOSYNTHESIS_OF_THE_N_GLYCAN_PRECURSOR_DOLICHOL_LIPID_LINKED_OLIGOSACCHARIDE_LLO_AND_TRANSFER_TO_A_NASCENT_PROTEIN,71,0.5070422535211268,0.00552159961960785,0.4999999999999996,0.9999999999999992,0.6056338028169014,0.023524274193548727,0.04796181570541164,0.09592363141082327,0.5070422535211268,0.4999999999999996,0.9999999999999992,True,False,True,False,0.4553089382123575,0.6422715456908619,0.910617876424715,0.49295774647887325,0.5915492957746479,1.0,,,,,,1.0,0.21429268473540478,1.0,1.0,False
723,REACTOME_CELL_DEATH_SIGNALLING_VIA_NRAGE_NRIF_AND_NADE,71,0.4225352112676056,-0.008588037509804108,0.9230436153367715,0.2350975624083409,0.5211267605633803,0.00822935483870973,0.40629432470308074,0.8125886494061615,0.5070422535211268,0.4999999999999996,0.9999999999999992,False,False,False,False,0.4553089382123575,0.6422715456908619,0.910617876424715,0.49295774647887325,0.5915492957746479,1.0,,,,,,0.7642903773136462,0.9524294334394402,0.9524294334394402,1.0,False
724,REACTOME_REGULATION_OF_INSULIN_SECRETION,73,0.410958904109589,-0.008205955694118038,0.949678161239935,0.15971168311802747,0.6027397260273972,0.031370887096774734,0.050321838760120384,0.10064367752024077,0.5068493150684932,0.5000000000000274,1.0,False,False,False,False,0.45150969806038793,0.6390721855628875,0.9030193961207759,0.4931506849315068,0.589041095890411,1.0,,,,,,0.7077938971296919,0.22153013437174807,0.7077938971296919,1.0,False
725,REACTOME_DEGRADATION_OF_BETA_CATENIN_BY_THE_DESTRUCTION_COMPLEX,75,0.4533333333333333,-0.007827488458823832,0.8221503804592362,0.488682970903129,0.7333333333333333,0.11075879032258079,3.24745009827582e-05,6.49490019655164e-05,0.5066666666666667,0.49999999999998695,0.9999999999999739,False,False,True,False,0.4427114577084583,0.6520695860827834,0.8854229154169166,0.49333333333333335,0.5866666666666667,1.0,,,,,,0.9711167989558344,0.0006596780983948528,0.9711167989558344,1.0,False
726,REACTOME_PHASE_II_CONJUGATION_OF_COMPOUNDS,77,0.4155844155844156,-0.018849189380392387,0.944992200507452,0.17106097355391345,0.6493506493506493,0.036522983870967814,0.005836360512191603,0.011672721024383206,0.5064935064935064,0.5000000000000112,1.0,False,False,True,False,0.4345130973805239,0.6490701859628074,0.8690261947610478,0.4935064935064935,0.5844155844155844,1.0,,,,,,0.7126776217232748,0.04409427966101705,0.7126776217232748,1.0,False
727,REACTOME_PEPTIDE_HORMONE_METABOLISM,81,0.5061728395061729,0.0008747811764702974,0.49999999999999073,0.9999999999999815,0.5308641975308642,0.0005441129032259543,0.32849623379317094,0.6569924675863419,0.5061728395061729,0.49999999999999073,0.9999999999999815,True,False,False,False,0.4363127374525095,0.6434713057388523,0.872625474905019,0.49382716049382713,0.5925925925925926,1.0,,,,,,1.0,0.8340843383648187,1.0,1.0,False
728,REACTOME_SIGNALING_BY_TGF_BETA_RECEPTOR_COMPLEX,91,0.4835164835164835,-0.004317500831373031,0.6623887700420337,0.8340810393050233,0.6483516483516484,0.040472016129032555,0.003052760537262672,0.006105521074525344,0.5054945054945055,0.500000000000047,1.0,False,False,True,False,0.4573085382923415,0.6270745850829834,0.914617076584683,0.4945054945054945,0.5824175824175825,1.0,,,,,,1.0,0.026651628510708947,1.0,1.0,False
729,REACTOME_MITF_M_DEPENDENT_GENE_EXPRESSION,93,0.5161290322580645,0.001518036541176191,0.41792306731574547,0.8358461346314909,0.6236559139784946,0.039271209677419455,0.011009294186961763,0.022018588373923526,0.5053763440860215,0.500000000000003,1.0,True,False,True,False,0.43331333733253347,0.6404719056188762,0.8666266746650669,0.4946236559139785,0.5806451612903226,1.0,,,,,,1.0,0.07098939073252523,1.0,1.0,False
730,HALLMARK_MITOTIC_SPINDLE,196,0.4387755102040816,-0.007330841862745808,0.9630620989908557,0.10016673529821479,0.6479591836734694,0.03501596774193577,2.0724339068313713e-05,4.1448678136627426e-05,0.5051020408163265,0.47154044628257846,0.9430808925651569,False,False,True,False,0.4055188962207559,0.6506698660267947,0.8110377924415118,0.49489795918367346,0.5510204081632653,1.0,,,,,,0.5896178282326735,0.0004760760377552137,0.5896178282326735,1.0,False
731,KEGG_REGULATION_OF_ACTIN_CYTOSKELETON,202,0.48514851485148514,-0.0008283692941176268,0.6887685952213128,0.7250853387899477,0.6336633663366337,0.030460322580645616,8.861799003411554e-05,0.00017723598006823109,0.504950495049505,0.4719652369285006,0.9439304738570012,False,False,True,False,0.384123175364927,0.6674665066986603,0.768246350729854,0.4900990099009901,0.5495049504950495,1.0,,,,,,1.0,0.001573855503005892,1.0,1.0,False
732,REACTOME_MITOTIC_SPINDLE_CHECKPOINT,101,0.43564356435643564,-0.006803844690196083,0.9183603690742878,0.23230046428473722,0.6336633663366337,0.01883177419354849,0.004667524060322314,0.009335048120644628,0.504950495049505,0.5000000000000006,1.0,False,False,True,False,0.43691261747650467,0.6370725854829035,0.8738252349530093,0.49504950495049505,0.5742574257425742,1.0,,,,,,0.758082222695002,0.0375662700150366,0.758082222695002,1.0,False
733,REACTOME_O_LINKED_GLYCOSYLATION,101,0.42574257425742573,-0.007836711513725697,0.9445408251696814,0.1632792618514275,0.5445544554455446,0.0072954032258064835,0.21308000773349436,0.42616001546698873,0.504950495049505,0.5000000000000006,1.0,False,False,False,False,0.43691261747650467,0.6370725854829035,0.8738252349530093,0.49504950495049505,0.5742574257425742,1.0,,,,,,0.7077938971296919,0.6200867640783713,0.7077938971296919,1.0,False
734,REACTOME_CELL_JUNCTION_ORGANIZATION,111,0.43243243243243246,-0.011570386137255266,0.9357622839571217,0.18365717190177547,0.6756756756756757,0.016894919354838743,0.00013590887610142252,0.00027181775220284503,0.5045045045045045,0.5000000000000014,1.0,False,False,True,False,0.4443111377724455,0.6254749050189962,0.888622275544891,0.4954954954954955,0.5675675675675675,1.0,,,,,,0.7275605405810451,0.0022115433870325716,0.7275605405810451,1.0,False
735,REACTOME_PLATELET_ACTIVATION_SIGNALING_AND_AGGREGATION,242,0.4834710743801653,-0.0029461161333335043,0.7185057094879136,0.652816775155052,0.5743801652892562,0.03670290322580687,0.012127888435408773,0.024255776870817546,0.5041322314049587,0.47438149792388223,0.9487629958477645,False,False,True,False,0.3825234953009398,0.6596680663867227,0.7650469906018796,0.49173553719008267,0.5454545454545454,1.0,,,,,,1.0,0.07584200655382387,1.0,1.0,False
736,KEGG_WNT_SIGNALING_PATHWAY,143,0.4125874125874126,-0.0037570397607842518,0.985334202733254,0.04437293451220791,0.5734265734265734,0.01597379032258065,0.047041665122616434,0.09408333024523287,0.5034965034965035,0.49999999999999595,0.9999999999999919,False,False,True,False,0.4287142571485703,0.6364727054589082,0.8574285142971406,0.48951048951048953,0.5664335664335665,1.0,,,,,,0.41055348913114176,0.21312754402491527,0.41055348913114176,1.0,False
737,REACTOME_G_ALPHA_I_SIGNALLING_EVENTS,288,0.4444444444444444,-0.005474669913725596,0.9741794800407039,0.06755991734205982,0.4895833333333333,-0.0032970967741933555,0.6599692865704807,0.7683380076782829,0.5034722222222222,0.4765124979528486,0.9530249959056972,True,False,False,False,0.3735252949410118,0.6666666666666666,0.7470505898820236,0.4930555555555556,0.5416666666666666,1.0,,,,,,0.495226941271514,0.9221758261494244,0.9221758261494244,1.0,False
738,KEGG_CHEMOKINE_SIGNALING_PATHWAY,173,0.5028901734104047,0.00028037446274492735,0.4999999999999864,0.9999999999999728,0.5838150289017341,0.013525806451612978,0.016484878205441117,0.032969756410882234,0.5028901734104047,0.4999999999999864,0.9999999999999728,True,False,True,False,0.4243151369726055,0.6340731853629274,0.848630273945211,0.4913294797687861,0.5549132947976878,1.0,,,,,,1.0,0.0979636739244952,1.0,1.0,False
739,KEGG_ENDOCYTOSIS,177,0.3898305084745763,-0.017163896498039427,0.9987284921105963,0.004156412582174696,0.615819209039548,0.024066048387097094,0.0012715078894658485,0.002543015778931697,0.5028248587570622,0.5000000000000311,1.0,False,False,True,False,0.4287142571485703,0.6332733453309338,0.8574285142971406,0.4915254237288136,0.5536723163841808,1.0,,,,,,0.11743754823089961,0.013817645176433068,0.11743754823089961,1.0,False
740,REACTOME_PROGRAMMED_CELL_DEATH,187,0.48663101604278075,-0.002546044490196234,0.6695257682424048,0.7699893951857697,0.6631016042780749,0.05004250000000011,4.828329953374033e-06,9.656659906748067e-06,0.5026737967914439,0.5000000000000022,1.0,False,False,True,False,0.41151769646070785,0.6422715456908619,0.8230353929214157,0.4919786096256685,0.5508021390374331,1.0,,,,,,1.0,0.00014065240744918158,1.0,1.0,False
741,HALLMARK_HEME_METABOLISM,189,0.5079365079365079,0.0002838289098035518,0.4421914836304959,0.8843829672609917,0.6243386243386243,0.028706290322581096,0.0003877724474437342,0.0007755448948874684,0.5026455026455027,0.5000000000000357,1.0,True,False,True,False,0.4185162967406519,0.6380723855228955,0.8370325934813038,0.49206349206349204,0.5502645502645502,1.0,,,,,,1.0,0.005106765960403075,1.0,1.0,False
742,REACTOME_CELL_CYCLE_CHECKPOINTS,231,0.4458874458874459,-0.00816664159607899,0.9565392993102517,0.11412166480972188,0.6753246753246753,0.038968387096774554,5.2843062104563026e-08,1.0568612420912605e-07,0.5021645021645021,0.4999999999999682,0.9999999999999364,False,False,True,False,0.40611877624475107,0.6396720655868826,0.8122375524895021,0.4935064935064935,0.5497835497835498,1.0,,,,,,0.6244544616700979,2.986113400381489e-06,0.6244544616700979,1.0,False
743,REACTOME_RHO_GTPASE_EFFECTORS,243,0.48148148148148145,-0.0026645358431373624,0.7393586831252392,0.607902678089642,0.6337448559670782,0.025426854838709746,1.8256408518401232e-05,3.6512817036802464e-05,0.5020576131687243,0.4999999999999824,0.9999999999999648,False,False,True,False,0.396120775844831,0.6486702659468107,0.792241551689662,0.4897119341563786,0.5473251028806584,1.0,,,,,,1.0,0.00042662344116684985,1.0,1.0,False
744,REACTOME_SIGNALING_BY_RHO_GTPASES_MIRO_GTPASES_AND_RHOBTB3,616,0.4707792207792208,-0.005142233247058925,0.9320217404362778,0.15842790766150902,0.6347402597402597,0.028046250000000165,1.1317315692969848e-11,2.2634631385939695e-11,0.5016233766233766,0.4839326796053642,0.9678653592107284,False,False,True,False,0.34573085382923413,0.6852629474105179,0.6914617076584683,0.49188311688311687,0.525974025974026,1.0,,,,,,0.7077938971296919,2.0690715984558993e-09,0.7077938971296919,1.0,False
745,REACTOME_VIRAL_INFECTION_PATHWAYS,667,0.5172413793103449,0.0026430323294113142,0.1971586735228625,0.394317347045725,0.7016491754122939,0.05570411290322599,3.345670133281133e-26,6.691340266562266e-26,0.5007496251874063,0.49999999999991,0.99999999999982,True,False,True,False,0.33633273345330933,0.6874625074985004,0.6726654669066187,0.4917541229385307,0.5232383808095952,1.0,,,,,,0.9078061589763803,5.19917138711888e-23,0.9078061589763803,1.0,False
746,HALLMARK_APOPTOSIS,152,0.5723684210526315,0.011173341466666485,0.04408732397233917,0.08817464794467834,0.6776315789473685,0.06811350806451628,7.059729525244529e-06,1.4119459050489058e-05,0.5,0.5323053147610094,1.0,True,True,True,False,0.46130773845230955,0.6016796640671865,0.9226154769046191,0.4934210526315789,0.5592105263157895,1.0,,,,,,0.5570057028700413,0.00019079686403878257,0.5570057028700413,1.0,False
747,KEGG_ALDOSTERONE_REGULATED_SODIUM_REABSORPTION,40,0.475,-0.0049806969333334485,0.6820859986855652,0.8746293123804036,0.525,0.0025722983870969545,0.43731465619020155,0.8746293123804031,0.5,0.5626853438097785,1.0,False,False,False,False,0.5286942611477704,0.598880223955209,1.0,0.5,0.625,1.0,,,,,,1.0,0.9892095716442113,1.0,1.0,False
748,KEGG_MISMATCH_REPAIR,22,0.45454545454545453,-0.025118481515686793,0.7382664680480944,0.8318119049072269,0.6818181818181818,0.032789798387097,0.06690025329589823,0.13380050659179646,0.5,0.5840940475463855,1.0,False,False,False,False,0.5452909418116376,0.6214757048590281,1.0,0.5,0.6818181818181818,1.0,,,,,,1.0,0.27179867613549274,1.0,1.0,False
749,KEGG_OLFACTORY_TRANSDUCTION,102,0.45098039215686275,-0.005137794056862979,0.8619930537537533,0.37294366808362606,0.4803921568627451,-0.00292741935483841,0.6896161656014441,0.7666042612518544,0.5,0.539404475373069,1.0,True,False,False,False,0.47890421915616876,0.5950809838032394,0.9578084383123375,0.49019607843137253,0.5686274509803921,1.0,,,,,,0.8985340468247361,0.9221758261494244,0.9221758261494244,1.0,False
750,KEGG_O_GLYCAN_BIOSYNTHESIS,26,0.5,0.002934340619607379,0.577490508556371,1.0,0.46153846153846156,-0.0031475403225804705,0.7214014530181951,0.8450189828872761,0.5,0.577490508556371,1.0,False,False,False,False,0.5394921015796841,0.6056788642271546,1.0,0.5,0.6538461538461539,1.0,,,,,,1.0,0.9669804855720376,1.0,1.0,False
751,KEGG_PENTOSE_AND_GLUCURONATE_INTERCONVERSIONS,14,0.21428571428571427,-0.04283602717058836,0.9935302734375019,0.05737304687500014,0.7142857142857143,0.05453120967741955,0.08978271484375025,0.1795654296875005,0.5,0.6047363281250012,1.0,False,False,False,False,0.5838832233553289,0.6276744651069786,1.0,0.5,0.7142857142857143,1.0,,,,,,0.4755195593466722,0.33741799000529116,0.4755195593466722,1.0,False
752,KEGG_PENTOSE_PHOSPHATE_PATHWAY,24,0.375,-0.012627650170588443,0.9242051839828502,0.30745625495910656,0.7083333333333334,0.06557915322580676,0.031957328319549505,0.06391465663909901,0.5,0.5805901288986216,1.0,False,False,True,False,0.5500899820035993,0.613877224555089,1.0,0.5,0.6666666666666666,1.0,,,,,,0.8471401067490291,0.15495066523737888,0.8471401067490291,1.0,False
753,KEGG_TYPE_I_DIABETES_MELLITUS,38,0.47368421052631576,-0.00845833180196091,0.6864487149214238,0.8714146793645329,0.5,-0.0023975806451608963,0.5642926603177315,1.0,0.5,0.5642926603177315,1.0,True,False,False,False,0.52749450109978,0.5996800639872025,1.0,0.5,0.631578947368421,1.0,,,,,,1.0,1.0,1.0,1.0,False
754,KEGG_VALINE_LEUCINE_AND_ISOLEUCINE_DEGRADATION,42,0.2857142857142857,-0.05057213971176484,0.9985563760128583,0.007915897334896683,0.5952380952380952,0.010144193548387217,0.13997811926446915,0.2799562385289383,0.5,0.5611928356238438,1.0,False,False,False,False,0.5318936212757448,0.5930813837232554,1.0,0.5,0.6190476190476191,1.0,,,,,,0.1815146617020196,0.4597247520030318,0.4597247520030318,1.0,False
755,REACTOME_ACTIVATED_TAK1_MEDIATES_P38_MAPK_ACTIVATION,20,0.55,0.006955036607841677,0.41190147399902427,0.8238029479980485,0.45,-0.006424435483870533,0.7482776641845718,0.8238029479980488,0.5,0.5880985260009778,1.0,False,False,False,False,0.5618876224755049,0.6144771045790842,1.0,0.5,0.65,1.0,,,,,,1.0,0.9552443969227906,1.0,1.0,False
756,REACTOME_ACTIVATION_OF_ATR_IN_RESPONSE_TO_REPLICATION_STRESS,36,0.3611111111111111,-0.01680050530784402,0.9673773323884228,0.1324981639627369,0.75,0.05785185483870983,0.001966586511116474,0.003933173022232948,0.5,0.5660302997857799,1.0,False,False,True,False,0.5262947410517896,0.6032793441311738,1.0,0.5,0.6388888888888888,1.0,,,,,,0.6518056026446769,0.019220600240723276,0.6518056026446769,1.0,False
757,REACTOME_ACTIVATION_OF_IRF3_IRF7_MEDIATED_BY_TBK1_IKK_IKBKE,16,0.5625,0.0024433881607846494,0.4018096923828125,0.803619384765625,0.5625,0.05634951612903255,0.4018096923828125,0.803619384765625,0.5,0.5981903076171879,1.0,True,False,False,False,0.5710857828434314,0.6200759848030394,1.0,0.5,0.6875,1.0,,,,,,1.0,0.9446479000951447,1.0,1.0,False
758,REACTOME_ACTIVATION_OF_KAINATE_RECEPTORS_UPON_GLUTAMATE_BINDING,28,0.5,0.0015105380490192835,0.5747229903936334,1.0,0.5,0.0003439919354840267,0.5747229903936334,1.0,0.5,0.5747229903936334,1.0,True,False,False,False,0.5474905018996201,0.6002799440111978,1.0,0.5,0.6428571428571429,1.0,,,,,,1.0,1.0,1.0,1.0,False
759,REACTOME_AFLATOXIN_ACTIVATION_AND_DETOXIFICATION,16,0.375,-0.026077077147059025,0.894943237304688,0.45449829101562467,0.625,0.031078991935484017,0.22724914550781222,0.45449829101562444,0.5,0.5981903076171879,1.0,False,False,False,False,0.5710857828434314,0.6200759848030394,1.0,0.5,0.6875,1.0,,,,,,0.9457283250067267,0.6485678092178886,0.9457283250067267,1.0,False
760,REACTOME_ASSEMBLY_OF_ACTIVE_LPL_AND_LIPC_LIPASE_COMPLEXES,18,0.2222222222222222,-0.025025483792157105,0.9962310791015635,0.03088378906250002,0.6111111111111112,0.010216814516129534,0.24034118652343725,0.4806823730468745,0.5,0.5927352905273445,1.0,False,False,False,False,0.5650869826034793,0.614877024595081,1.0,0.5,0.6666666666666666,1.0,,,,,,0.3901903105945125,0.6681398995660495,0.6681398995660495,1.0,False
761,REACTOME_BLOOD_GROUP_SYSTEMS_BIOSYNTHESIS,18,0.2222222222222222,-0.018796031835294248,0.9962310791015635,0.03088378906250002,0.5,0.007271491935484077,0.5927352905273445,1.0,0.5,0.5927352905273445,1.0,False,False,False,False,0.5650869826034793,0.614877024595081,1.0,0.5,0.6666666666666666,1.0,,,,,,0.3901903105945125,1.0,1.0,1.0,False
762,REACTOME_CALCITONIN_LIKE_LIGAND_RECEPTORS,10,0.3,-0.008659519309805465,0.9453124999999984,0.3437499999999999,0.6,0.026847822580645594,0.3769531249999994,0.7539062499999988,0.5,0.6230468749999987,1.0,False,False,False,False,0.596880623875225,0.6452709458108379,1.0,0.5,0.8,1.0,,,,,,0.8687501015742283,0.9131491134060786,0.9131491134060786,1.0,False
763,REACTOME_CARGO_TRAFFICKING_TO_THE_PERICILIARY_MEMBRANE,50,0.48,-0.0054305584705885085,0.6640944831173284,0.8877248273408018,0.66,0.05080185483871001,0.016419568782134547,0.032839137564269094,0.5,0.5561375863296183,1.0,False,False,True,False,0.5116976604679064,0.6008798240351929,1.0,0.5,0.6,1.0,,,,,,1.0,0.0977624899901804,1.0,1.0,False
764,REACTOME_CASPASE_MEDIATED_CLEAVAGE_OF_CYTOSKELETAL_PROTEINS,12,0.5,-0.0031289672843140244,0.6127929687499988,1.0,0.6666666666666666,0.036151612903225924,0.19384765625000006,0.3876953125000001,0.5,0.6127929687499988,1.0,False,False,False,False,0.5976804639072185,0.6416716656668666,1.0,0.5,0.75,1.0,,,,,,1.0,0.5743360492135371,1.0,1.0,False
765,REACTOME_CELLULAR_RESPONSE_TO_HYPOXIA,64,0.515625,0.004087469270587476,0.4503266231260311,0.9006532462520622,0.765625,0.11481036290322597,1.2182286081466926e-05,2.4364572162933852e-05,0.5,0.5496733768740028,1.0,True,False,True,False,0.5098980203959208,0.5926814637072585,1.0,0.5,0.59375,1.0,,,,,,1.0,0.00030290036112959367,1.0,1.0,False
766,REACTOME_CLASS_I_PEROXISOMAL_MEMBRANE_PROTEIN_IMPORT,20,0.55,0.003676000574509195,0.41190147399902427,0.8238029479980485,0.75,0.09733350806451618,0.02069473266601564,0.04138946533203128,0.5,0.5880985260009778,1.0,True,False,True,False,0.5618876224755049,0.6144771045790842,1.0,0.5,0.65,1.0,,,,,,1.0,0.11344317488406133,1.0,1.0,False
767,REACTOME_COHESIN_LOADING_ONTO_CHROMATIN,10,0.4,-0.0043807466294119475,0.8281249999999983,0.7539062499999992,0.5,-0.0039796774193544375,0.6230468749999987,1.0,0.5,0.6230468749999987,1.0,True,False,False,False,0.596880623875225,0.6452709458108379,1.0,0.5,0.8,1.0,,,,,,1.0,1.0,1.0,1.0,False
768,REACTOME_CONDENSATION_OF_PROMETAPHASE_CHROMOSOMES,10,0.6,0.015040057245097431,0.3769531249999994,0.7539062499999988,0.5,-0.0026202016129030677,0.6230468749999987,1.0,0.5,0.6230468749999987,1.0,False,False,False,False,0.596880623875225,0.6452709458108379,1.0,0.5,0.8,1.0,,,,,,1.0,1.0,1.0,1.0,False
769,REACTOME_COSTIMULATION_BY_THE_CD28_FAMILY,64,0.46875,-0.004686251556862993,0.7338456119861034,0.7079807541347833,0.53125,0.02264697580645171,0.353990377067393,0.707980754134786,0.5,0.5496733768740028,1.0,False,False,False,False,0.5098980203959208,0.5926814637072585,1.0,0.5,0.59375,1.0,,,,,,1.0,0.8822791434847292,1.0,1.0,False
770,REACTOME_CYTOPROTECTION_BY_HMOX1,52,0.4423076923076923,-0.016444103768628274,0.8341251183152671,0.4884556693799026,0.75,0.03853262096774232,0.00020477072689129445,0.0004095414537825889,0.5,0.5550580173617397,1.0,False,False,True,False,0.5086982603479304,0.5996800639872025,1.0,0.5,0.6153846153846154,1.0,,,,,,0.9711167989558344,0.003119742250873251,0.9711167989558344,1.0,False
771,REACTOME_CYTOSOLIC_SULFONATION_OF_SMALL_MOLECULES,20,0.4,-0.022335530862745385,0.8684120178222675,0.5034446716308608,0.6,0.021039798387097002,0.2517223358154302,0.5034446716308604,0.5,0.5880985260009778,1.0,False,False,False,False,0.5618876224755049,0.6144771045790842,1.0,0.5,0.65,1.0,,,,,,0.9865737953522796,0.6923478050569537,0.9865737953522796,1.0,False
772,REACTOME_DDX58_IFIH1_MEDIATED_INDUCTION_OF_INTERFERON_ALPHA_BETA,72,0.5555555555555556,0.0046611874549014115,0.2047896979635383,0.4095793959270766,0.5555555555555556,0.010580887096774681,0.2047896979635383,0.4095793959270766,0.5,0.5468528376484605,1.0,True,False,False,False,0.4947010597880424,0.5970805838832234,0.9894021195760848,0.4861111111111111,0.5833333333333334,1.0,,,,,,0.920953209893449,0.6021630854027219,0.920953209893449,1.0,False
773,REACTOME_DISASSEMBLY_OF_THE_DESTRUCTION_COMPLEX_AND_RECRUITMENT_OF_AXIN_TO_THE_MEMBRANE,28,0.39285714285714285,-0.022314745517647217,0.9075333289802002,0.3449284508824315,0.6071428571428571,0.04229983870967793,0.17246422544121584,0.3449284508824317,0.5,0.5747229903936334,1.0,False,False,False,False,0.5474905018996201,0.6002799440111978,1.0,0.5,0.6428571428571429,1.0,,,,,,0.8687501015742283,0.5280973523855161,0.8687501015742283,1.0,False
774,REACTOME_DISEASES_OF_HEMOSTASIS,18,0.3333333333333333,-0.022337465303921812,0.9518737792968758,0.23788452148437514,0.7222222222222222,0.047720080645161665,0.04812622070312501,0.09625244140625001,0.5,0.5927352905273445,1.0,False,False,True,False,0.5650869826034793,0.614877024595081,1.0,0.5,0.6666666666666666,1.0,,,,,,0.7669554904288776,0.21429268473540478,0.7669554904288776,1.0,False
775,REACTOME_DISEASES_OF_MITOTIC_CELL_CYCLE,34,0.5294117647058824,0.006857374856862665,0.4320831202203426,0.8641662404406852,0.7352941176470589,0.06357044354838737,0.004520592745393534,0.009041185490787067,0.5,0.567916879779661,1.0,True,False,True,False,0.5382923415316937,0.6080783843231353,1.0,0.5,0.6176470588235294,1.0,,,,,,1.0,0.03658854753302891,1.0,1.0,False
776,REACTOME_DNA_DAMAGE_RECOGNITION_IN_GG_NER,36,0.4722222222222222,-0.006012946807843752,0.6911403414851519,0.8679394004284389,0.6944444444444444,0.07307387096774218,0.014408359827939405,0.02881671965587881,0.5,0.5660302997857799,1.0,False,False,True,False,0.5262947410517896,0.6032793441311738,1.0,0.5,0.6388888888888888,1.0,,,,,,1.0,0.08797874724014866,1.0,1.0,False
777,REACTOME_DUAL_INCISION_IN_TC_NER,56,0.4642857142857143,-0.0027750732235295823,0.7477981199886006,0.6888797607233518,0.7142857142857143,0.06027350806451631,0.0009207773942463014,0.0018415547884926028,0.5,0.5530734525825,1.0,False,False,True,False,0.5128974205158968,0.5976804639072185,1.0,0.5,0.6071428571428571,1.0,,,,,,1.0,0.010560059562057213,1.0,1.0,False
778,REACTOME_ERCC6_CSB_AND_EHMT2_G9A_POSITIVELY_REGULATE_RRNA_EXPRESSION,16,0.625,0.007550414370587632,0.22724914550781222,0.45449829101562444,0.875,0.09965342741935507,0.0020904541015624957,0.004180908203124991,0.5,0.5981903076171879,1.0,True,False,True,False,0.5710857828434314,0.6200759848030394,1.0,0.5,0.6875,1.0,,,,,,0.9457283250067267,0.02011495773268185,0.9457283250067267,1.0,False
779,REACTOME_ERK_MAPK_TARGETS,22,0.2727272727272727,-0.025040289015686428,0.9915497303009022,0.05247879028320305,0.5,0.00982693548387153,0.5840940475463855,1.0,0.5,0.5840940475463855,1.0,False,False,False,False,0.5452909418116376,0.6214757048590281,1.0,0.5,0.6818181818181818,1.0,,,,,,0.45628522843737745,1.0,1.0,1.0,False
780,REACTOME_ERYTHROPOIETIN_ACTIVATES_RAS,14,0.2857142857142857,-0.02674075960588297,0.9713134765625019,0.1795654296875005,0.5,-0.0013821370967739693,0.6047363281250012,1.0,0.5,0.6047363281250012,1.0,True,False,False,False,0.5838832233553289,0.6276744651069786,1.0,0.5,0.7142857142857143,1.0,,,,,,0.7136692525175852,1.0,1.0,1.0,False
781,REACTOME_FGFR2_LIGAND_BINDING_AND_ACTIVATION,20,0.4,-0.008828482829412015,0.8684120178222675,0.5034446716308608,0.6,0.0043687500000002336,0.2517223358154302,0.5034446716308604,0.5,0.5880985260009778,1.0,False,False,False,False,0.5618876224755049,0.6144771045790842,1.0,0.5,0.65,1.0,,,,,,0.9865737953522796,0.6923478050569537,0.9865737953522796,1.0,False
782,REACTOME_FLT3_SIGNALING_IN_DISEASE,26,0.46153846153846156,-0.002522654074510191,0.7214014530181951,0.8450189828872761,0.8076923076923077,0.04357366935483922,0.0012469589710235676,0.002493917942047135,0.5,0.577490508556371,1.0,False,False,True,False,0.5394921015796841,0.6056788642271546,1.0,0.5,0.6538461538461539,1.0,,,,,,1.0,0.013598415726109642,1.0,1.0,False
783,REACTOME_FOXO_MEDIATED_TRANSCRIPTION_OF_CELL_DEATH_GENES,16,0.3125,-0.01663220874509843,0.9615936279296879,0.21011352539062492,0.6875,0.11506967741935512,0.10505676269531242,0.21011352539062483,0.5,0.5981903076171879,1.0,False,False,False,False,0.5710857828434314,0.6200759848030394,1.0,0.5,0.6875,1.0,,,,,,0.750775606975806,0.37573811099773435,0.750775606975806,1.0,False
784,REACTOME_GENERATION_OF_SECOND_MESSENGER_MOLECULES,28,0.5357142857142857,0.005674582378431175,0.4252770096063585,0.850554019212717,0.5357142857142857,0.028236491935483953,0.4252770096063585,0.850554019212717,0.5,0.5747229903936334,1.0,True,False,False,False,0.5474905018996201,0.6002799440111978,1.0,0.5,0.6428571428571429,1.0,,,,,,1.0,0.9701040789331907,1.0,1.0,False
785,REACTOME_GLUCAGON_SIGNALING_IN_METABOLIC_REGULATION,30,0.6333333333333333,0.007441761807843012,0.10024421103298746,0.20048842206597492,0.4666666666666667,-0.005459516129032007,0.70766764413566,0.8555355519056387,0.5,0.5722322240471894,1.0,False,False,False,False,0.5250949810037993,0.6154769046190762,1.0,0.5,0.6333333333333333,1.0,,,,,,0.750775606975806,0.9739943206310359,0.9739943206310359,1.0,False
786,REACTOME_GLUCURONIDATION,10,0.3,-0.02564576923333378,0.9453124999999984,0.3437499999999999,0.8,0.06617588709677441,0.05468750000000005,0.1093750000000001,0.5,0.6230468749999987,1.0,False,False,False,False,0.596880623875225,0.6452709458108379,1.0,0.5,0.8,1.0,,,,,,0.8687501015742283,0.23219774590163955,0.8687501015742283,1.0,False
787,REACTOME_HCMV_INFECTION,88,0.48863636363636365,-0.0017253124411766114,0.6253354983988841,0.9151865048429138,0.7159090909090909,0.05265338709677452,3.135191385612015e-05,6.27038277122403e-05,0.5,0.5424067475785844,1.0,False,False,True,False,0.48630273945210956,0.6058788242351529,0.9726054789042191,0.48863636363636365,0.5795454545454546,1.0,,,,,,1.0,0.0006562146271118035,1.0,1.0,False
788,REACTOME_HEME_BIOSYNTHESIS,14,0.42857142857142855,-0.00565869195294139,0.7880249023437517,0.7905273437500014,0.5,-0.0035395161290318793,0.6047363281250012,1.0,0.5,0.6047363281250012,1.0,True,False,False,False,0.5838832233553289,0.6276744651069786,1.0,0.5,0.7142857142857143,1.0,,,,,,1.0,1.0,1.0,1.0,False
789,REACTOME_HORMONE_LIGAND_BINDING_RECEPTORS,12,0.5,-0.0007510945411766034,0.6127929687499988,1.0,0.5,0.00048379032258115135,0.6127929687499988,1.0,0.5,0.6127929687499988,1.0,False,False,False,False,0.5976804639072185,0.6416716656668666,1.0,0.5,0.75,1.0,,,,,,1.0,1.0,1.0,1.0,False
790,REACTOME_INFECTIOUS_DISEASE,840,0.5154761904761904,0.0026133770431369494,0.19418974192695926,0.3883794838539185,0.6726190476190477,0.050242500000000204,3.6276827330772106e-24,7.255365466154421e-24,0.5,0.5137607203324105,1.0,True,False,True,False,0.34313137372525493,0.6856628674265147,0.6862627474505099,0.4928571428571429,0.5202380952380953,1.0,,,,,,0.9028945444967527,2.8187094836009925e-21,0.9028945444967527,1.0,False
791,REACTOME_INSULIN_PROCESSING,24,0.5,-0.008056258107843791,0.5805901288986216,1.0,0.5,-0.0003656854838706555,0.5805901288986216,1.0,0.5,0.5805901288986216,1.0,True,False,False,False,0.5500899820035993,0.613877224555089,1.0,0.5,0.6666666666666666,1.0,,,,,,1.0,1.0,1.0,1.0,False
792,REACTOME_INTERLEUKIN_17_SIGNALING,68,0.45588235294117646,-0.004188354464705914,0.8019375798515103,0.5446122234192757,0.4852941176470588,-0.0017641532258060523,0.6418496199228524,0.9035973456835394,0.5,0.5482013271582614,1.0,True,False,False,False,0.4941011797640472,0.6012797440511898,0.9882023595280944,0.4852941176470588,0.5882352941176471,1.0,,,,,,0.9884736430370447,1.0,1.0,1.0,False
793,REACTOME_MAP3K8_TPL2_DEPENDENT_MAPK1_3_ACTIVATION,14,0.6428571428571429,0.00560032784117594,0.21197509765625067,0.42395019531250133,0.5714285714285714,0.011993669354838876,0.395263671875001,0.790527343750002,0.5,0.6047363281250012,1.0,True,False,False,False,0.5838832233553289,0.6276744651069786,1.0,0.5,0.7142857142857143,1.0,,,,,,0.9210189514320003,0.9342049370247173,0.9342049370247173,1.0,False
794,REACTOME_MATERNAL_TO_ZYGOTIC_TRANSITION_MZT,46,0.3695652173913043,-0.009406060062745723,0.972961984070578,0.10380535550410862,0.6086956521739131,0.006939758064516564,0.09196241068849685,0.1839248213769937,0.5,0.558502043938808,1.0,False,False,False,False,0.5100979804039192,0.6048790241951609,1.0,0.5,0.6086956521739131,1.0,,,,,,0.601916128557406,0.3437636525472646,0.601916128557406,1.0,False
795,REACTOME_METABOLIC_DISORDERS_OF_BIOLOGICAL_OXIDATION_ENZYMES,28,0.35714285714285715,-0.021863066374509972,0.9564207233488484,0.18493334203958353,0.7142857142857143,0.031234838709677602,0.017849069088697295,0.03569813817739459,0.5,0.5747229903936334,1.0,False,False,True,False,0.5474905018996201,0.6002799440111978,1.0,0.5,0.6428571428571429,1.0,,,,,,0.7275605405810451,0.10178881968380035,0.7275605405810451,1.0,False
796,REACTOME_METABOLISM_OF_NUCLEOTIDES,88,0.38636363636363635,-0.02050354066078449,0.9876885842091456,0.04221061162240617,0.5454545454545454,0.008249596774193926,0.2278706397189671,0.4557412794379342,0.5,0.5424067475785844,1.0,False,False,False,False,0.48630273945210956,0.6058788242351529,0.9726054789042191,0.48863636363636365,0.5795454545454546,1.0,,,,,,0.41038859373668546,0.6497449066482107,0.6497449066482107,1.0,False
797,REACTOME_MITOCHONDRIAL_FATTY_ACID_BETA_OXIDATION_OF_SATURATED_FATTY_ACIDS,10,0.4,-0.025696352192156893,0.8281249999999983,0.7539062499999992,0.7,0.0811378629032258,0.17187499999999986,0.3437499999999997,0.5,0.6230468749999987,1.0,False,False,False,False,0.596880623875225,0.6452709458108379,1.0,0.5,0.8,1.0,,,,,,1.0,0.5280973523855161,1.0,1.0,False
798,REACTOME_MITOCHONDRIAL_IRON_SULFUR_CLUSTER_BIOGENESIS,12,0.5,-0.0008689822196077807,0.6127929687499988,1.0,0.6666666666666666,0.05663100806451625,0.19384765625000006,0.3876953125000001,0.5,0.6127929687499988,1.0,False,False,False,False,0.5976804639072185,0.6416716656668666,1.0,0.5,0.75,1.0,,,,,,1.0,0.5743360492135371,1.0,1.0,False
799,REACTOME_MYOGENESIS,28,0.2857142857142857,-0.03933518233725538,0.9937295243143957,0.03569813817739459,0.6428571428571429,0.10667612903225816,0.09246667101979189,0.18493334203958378,0.5,0.5747229903936334,1.0,False,False,False,False,0.5474905018996201,0.6002799440111978,1.0,0.5,0.6428571428571429,1.0,,,,,,0.39624933376907995,0.3437636525472646,0.39624933376907995,1.0,False
800,REACTOME_NEDDYLATION,226,0.45132743362831856,-0.008820568501960998,0.9370774256198743,0.16229691356515136,0.6946902654867256,0.048044193548387196,2.307305720707899e-09,4.614611441415798e-09,0.5,0.526507906714193,1.0,False,False,True,False,0.4357128574285143,0.6152769446110777,0.8714257148570286,0.4911504424778761,0.5486725663716814,1.0,,,,,,0.7077938971296919,2.2630020244826776e-07,0.7077938971296919,1.0,False
801,REACTOME_NEUROTRANSMITTER_CLEARANCE,10,0.3,-0.008361628974510017,0.9453124999999984,0.3437499999999999,0.4,-0.006608790322580682,0.8281249999999983,0.7539062499999992,0.5,0.6230468749999987,1.0,True,False,False,False,0.596880623875225,0.6452709458108379,1.0,0.5,0.8,1.0,,,,,,0.8687501015742283,0.9131491134060786,0.9131491134060786,1.0,False
802,REACTOME_NS1_MEDIATED_EFFECTS_ON_HOST_PATHWAYS,36,0.5555555555555556,0.02391961874509766,0.30885965851484826,0.6177193170296965,0.7222222222222222,0.03942189516129072,0.005665492091793549,0.011330984183587097,0.5,0.5660302997857799,1.0,True,False,True,False,0.5262947410517896,0.6032793441311738,1.0,0.5,0.6388888888888888,1.0,,,,,,1.0,0.043664289833548205,1.0,1.0,False
803,REACTOME_NUCLEAR_EVENTS_MEDIATED_BY_NFE2L2,86,0.6046511627906976,0.01186426488823505,0.03307629873069553,0.06615259746139106,0.7558139534883721,0.08218633064516162,1.0765894461732973e-06,2.1531788923465945e-06,0.5,0.5428941814587898,1.0,True,True,True,False,0.4943011397720456,0.5924815036992601,0.9886022795440912,0.4883720930232558,0.5813953488372093,1.0,,,,,,0.4895292212142939,3.7595955041647276e-05,0.4895292212142939,1.0,False
804,REACTOME_NUCLEOTIDE_CATABOLISM,34,0.4117647058823529,-0.015963264531372198,0.8852594934869586,0.39152830513194314,0.4411764705882353,-0.006295201612902979,0.804235847434032,0.6075913612730822,0.5,0.567916879779661,1.0,True,False,False,False,0.5382923415316937,0.6080783843231353,1.0,0.5,0.6176470588235294,1.0,,,,,,0.9028945444967527,0.7822675852679123,0.9028945444967527,1.0,False
805,REACTOME_ORGANIC_ANION_TRANSPORTERS,12,0.3333333333333333,-0.023567608654902174,0.9270019531249984,0.3876953125000003,0.3333333333333333,-0.019321088709677033,0.9270019531249984,0.3876953125000003,0.5,0.6127929687499988,1.0,True,False,False,False,0.5976804639072185,0.6416716656668666,1.0,0.5,0.75,1.0,,,,,,0.9028945444967527,0.5743360492135371,0.9028945444967527,1.0,False
806,REACTOME_PARASITE_INFECTION,56,0.5178571428571429,0.0018853357803917722,0.44692654741751786,0.8938530948350357,0.625,0.05876040322580685,0.04071340730475381,0.08142681460950763,0.5,0.5530734525825,1.0,True,False,True,False,0.5128974205158968,0.5976804639072185,1.0,0.5,0.6071428571428571,1.0,,,,,,1.0,0.1888615968704102,1.0,1.0,False
807,REACTOME_PHOSPHORYLATION_OF_THE_APC_C,16,0.375,-0.01270417602941273,0.894943237304688,0.45449829101562467,0.875,0.044868427419355164,0.0020904541015624957,0.004180908203124991,0.5,0.5981903076171879,1.0,False,False,True,False,0.5710857828434314,0.6200759848030394,1.0,0.5,0.6875,1.0,,,,,,0.9457283250067267,0.02011495773268185,0.9457283250067267,1.0,False
808,REACTOME_PI3K_EVENTS_IN_ERBB4_SIGNALING,10,0.7,0.04192627444509757,0.17187499999999986,0.3437499999999997,0.2,-0.052622298387096464,0.9892578124999983,0.109375,0.5,0.6230468749999987,1.0,False,False,False,False,0.596880623875225,0.6452709458108379,1.0,0.5,0.8,1.0,,,,,,0.8687501015742283,0.23219774590163955,0.8687501015742283,1.0,False
809,REACTOME_PI_3K_CASCADE_FGFR3,18,0.3888888888888889,-0.008266249370588648,0.8810577392578133,0.4806823730468747,0.6666666666666666,0.029189193548387532,0.11894226074218746,0.23788452148437492,0.5,0.5927352905273445,1.0,False,False,False,False,0.5650869826034793,0.614877024595081,1.0,0.5,0.6666666666666666,1.0,,,,,,0.9650909660398492,0.4075772286512888,0.9650909660398492,1.0,False
810,REACTOME_PI_3K_CASCADE_FGFR4,20,0.5,0.001299688235293284,0.5880985260009778,1.0,0.6,0.016010161290322934,0.2517223358154302,0.5034446716308604,0.5,0.5880985260009778,1.0,True,False,False,False,0.5618876224755049,0.6144771045790842,1.0,0.5,0.65,1.0,,,,,,1.0,0.6923478050569537,1.0,1.0,False
811,REACTOME_PRE_NOTCH_PROCESSING_IN_GOLGI,18,0.4444444444444444,-0.005604124756862821,0.7596588134765634,0.8145294189453127,0.7222222222222222,0.04600020161290368,0.04812622070312501,0.09625244140625001,0.5,0.5927352905273445,1.0,False,False,True,False,0.5650869826034793,0.614877024595081,1.0,0.5,0.6666666666666666,1.0,,,,,,1.0,0.21429268473540478,1.0,1.0,False
812,REACTOME_PURINERGIC_SIGNALING_IN_LEISHMANIASIS_INFECTION,26,0.5,0.000131949805882217,0.577490508556371,1.0,0.5384615384615384,0.008486169354838993,0.42250949144363786,0.8450189828872757,0.5,0.577490508556371,1.0,True,False,False,False,0.5394921015796841,0.6056788642271546,1.0,0.5,0.6538461538461539,1.0,,,,,,1.0,0.9669804855720376,1.0,1.0,False
813,REACTOME_RAS_ACTIVATION_UPON_CA2_INFLUX_THROUGH_NMDA_RECEPTOR,18,0.4444444444444444,-0.011635647731372656,0.7596588134765634,0.8145294189453127,0.6111111111111112,0.026456370967742164,0.24034118652343725,0.4806823730468745,0.5,0.5927352905273445,1.0,False,False,False,False,0.5650869826034793,0.614877024595081,1.0,0.5,0.6666666666666666,1.0,,,,,,1.0,0.6681398995660495,1.0,1.0,False
814,REACTOME_RECYCLING_OF_BILE_ACIDS_AND_SALTS,16,0.375,-0.015426768598039209,0.894943237304688,0.45449829101562467,0.5,-0.010046008064515928,0.5981903076171879,1.0,0.5,0.5981903076171879,1.0,True,False,False,False,0.5710857828434314,0.6200759848030394,1.0,0.5,0.6875,1.0,,,,,,0.9457283250067267,1.0,1.0,1.0,False
815,REACTOME_REGULATION_OF_GENE_EXPRESSION_IN_LATE_STAGE_BRANCHING_MORPHOGENESIS_PANCREATIC_BUD_PRECURSOR_CELLS,16,0.3125,-0.014961819262746204,0.9615936279296879,0.21011352539062492,0.6875,0.017593427419355014,0.10505676269531242,0.21011352539062483,0.5,0.5981903076171879,1.0,False,False,False,False,0.5710857828434314,0.6200759848030394,1.0,0.5,0.6875,1.0,,,,,,0.750775606975806,0.37573811099773435,0.750775606975806,1.0,False
816,REACTOME_REGULATION_OF_RUNX2_EXPRESSION_AND_ACTIVITY,64,0.53125,0.005239712074509002,0.353990377067393,0.707980754134786,0.71875,0.11679330645161322,0.0003086891320335734,0.0006173782640671468,0.5,0.5496733768740028,1.0,True,False,True,False,0.5098980203959208,0.5926814637072585,1.0,0.5,0.59375,1.0,,,,,,1.0,0.004308488977579595,1.0,1.0,False
817,REACTOME_REGULATION_OF_TBK1_IKK_IKBKE_MEDIATED_ACTIVATION_OF_IRF3_IRF7,12,0.5833333333333334,0.0046611874549014115,0.38720703124999967,0.7744140624999993,0.5833333333333334,0.09456350806451636,0.38720703124999967,0.7744140624999993,0.5,0.6127929687499988,1.0,True,False,False,False,0.5976804639072185,0.6416716656668666,1.0,0.5,0.75,1.0,,,,,,1.0,0.9221758261494244,1.0,1.0,False
818,REACTOME_REGULATION_OF_TP53_ACTIVITY_THROUGH_ASSOCIATION_WITH_CO_FACTORS,14,0.14285714285714285,-0.039278378162745625,0.9990844726562521,0.012939453125000073,0.6428571428571429,0.05292290322580664,0.21197509765625067,0.42395019531250133,0.5,0.6047363281250012,1.0,False,False,False,False,0.5838832233553289,0.6276744651069786,1.0,0.5,0.7142857142857143,1.0,,,,,,0.2311254040948289,0.6180287087388622,0.6180287087388622,1.0,False
819,REACTOME_RESPONSE_OF_EIF2AK1_HRI_TO_HEME_DEFICIENCY,14,0.5714285714285714,0.018524463509802535,0.395263671875001,0.790527343750002,0.9285714285714286,0.09717278225806456,0.0009155273437500041,0.0018310546875000082,0.5,0.6047363281250012,1.0,True,False,True,False,0.5838832233553289,0.6276744651069786,1.0,0.5,0.7142857142857143,1.0,,,,,,1.0,0.010560059562057213,1.0,1.0,False
820,REACTOME_RESPONSE_OF_MTB_TO_PHAGOCYTOSIS,22,0.5,0.001983871433332394,0.5840940475463855,1.0,0.7272727272727273,0.13444963709677452,0.02623939514160144,0.05247879028320288,0.5,0.5840940475463855,1.0,True,False,True,False,0.5452909418116376,0.6214757048590281,1.0,0.5,0.6818181818181818,1.0,,,,,,1.0,0.13569391031630162,1.0,1.0,False
821,REACTOME_RHOV_GTPASE_CYCLE,36,0.4444444444444444,-0.009412993588236062,0.7974838769296183,0.6177193170296952,0.6666666666666666,0.04795887096774233,0.03262266761157666,0.06524533522315332,0.5,0.5660302997857799,1.0,False,False,True,False,0.5262947410517896,0.6032793441311738,1.0,0.5,0.6388888888888888,1.0,,,,,,1.0,0.15739587364551128,1.0,1.0,False
822,REACTOME_RNA_POLYMERASE_III_TRANSCRIPTION_INITIATION_FROM_TYPE_3_PROMOTER,28,0.39285714285714285,-0.017728405694118345,0.9075333289802002,0.3449284508824315,0.6071428571428571,0.06042883064516138,0.17246422544121584,0.3449284508824317,0.5,0.5747229903936334,1.0,False,False,False,False,0.5474905018996201,0.6002799440111978,1.0,0.5,0.6428571428571429,1.0,,,,,,0.8687501015742283,0.5280973523855161,0.8687501015742283,1.0,False
823,REACTOME_RNA_POLYMERASE_I_TRANSCRIPTION_TERMINATION,24,0.625,0.01417719240784274,0.15372812747955353,0.30745625495910706,0.625,0.04702669354838727,0.15372812747955353,0.30745625495910706,0.5,0.5805901288986216,1.0,True,False,False,False,0.5500899820035993,0.613877224555089,1.0,0.5,0.6666666666666666,1.0,,,,,,0.8471401067490291,0.48953588135907006,0.8471401067490291,1.0,False
824,REACTOME_ROLE_OF_SECOND_MESSENGERS_IN_NETRIN_1_SIGNALING,10,0.4,-0.012182891511764792,0.8281249999999983,0.7539062499999992,0.7,0.026878145161290654,0.17187499999999986,0.3437499999999997,0.5,0.6230468749999987,1.0,False,False,False,False,0.596880623875225,0.6452709458108379,1.0,0.5,0.8,1.0,,,,,,1.0,0.5280973523855161,1.0,1.0,False
825,REACTOME_RUNX3_REGULATES_NOTCH_SIGNALING,14,0.42857142857142855,-0.0076810373921572875,0.7880249023437517,0.7905273437500014,0.7857142857142857,0.06536439516129061,0.02868652343750004,0.05737304687500008,0.5,0.6047363281250012,1.0,False,False,True,False,0.5838832233553289,0.6276744651069786,1.0,0.5,0.7142857142857143,1.0,,,,,,1.0,0.1441708433302346,1.0,1.0,False
826,REACTOME_SEROTONIN_NEUROTRANSMITTER_RELEASE_CYCLE,18,0.4444444444444444,-0.00730514261176472,0.7596588134765634,0.8145294189453127,0.7222222222222222,0.04027044354838736,0.04812622070312501,0.09625244140625001,0.5,0.5927352905273445,1.0,False,False,True,False,0.5650869826034793,0.614877024595081,1.0,0.5,0.6666666666666666,1.0,,,,,,1.0,0.21429268473540478,1.0,1.0,False
827,REACTOME_SEROTONIN_RECEPTORS,12,0.4166666666666667,-0.001740998180392184,0.8061523437499982,0.7744140624999993,0.25,-0.00934790322580618,0.9807128906249984,0.14599609375000017,0.5,0.6127929687499988,1.0,True,False,False,False,0.5976804639072185,0.6416716656668666,1.0,0.5,0.75,1.0,,,,,,1.0,0.2886487655057255,1.0,1.0,False
828,REACTOME_SHC1_EVENTS_IN_ERBB2_SIGNALING,22,0.36363636363636365,-0.00639208581372554,0.9330997467041006,0.2862787246704094,0.3181818181818182,-0.011961935483870739,0.9737606048583971,0.13380050659179663,0.5,0.5840940475463855,1.0,True,False,False,False,0.5452909418116376,0.6214757048590281,1.0,0.5,0.6818181818181818,1.0,,,,,,0.8269091786948256,0.27179867613549274,0.8269091786948256,1.0,False
829,REACTOME_SHC_MEDIATED_CASCADE_FGFR3,18,0.2222222222222222,-0.011600075974509922,0.9962310791015635,0.03088378906250002,0.6111111111111112,0.0043687500000002336,0.24034118652343725,0.4806823730468745,0.5,0.5927352905273445,1.0,False,False,False,False,0.5650869826034793,0.614877024595081,1.0,0.5,0.6666666666666666,1.0,,,,,,0.3901903105945125,0.6681398995660495,0.6681398995660495,1.0,False
830,REACTOME_SHC_MEDIATED_CASCADE_FGFR4,20,0.35,-0.00686689560392178,0.9423408508300802,0.2631759643554693,0.55,0.001963064516129276,0.41190147399902427,0.8238029479980485,0.5,0.5880985260009778,1.0,False,False,False,False,0.5618876224755049,0.6144771045790842,1.0,0.5,0.65,1.0,,,,,,0.803618528905151,0.9552443969227906,0.9552443969227906,1.0,False
831,REACTOME_SIGNALING_BY_FGFR,88,0.4431818181818182,-0.005798806045098947,0.8796034377305358,0.3373990368531313,0.6931818181818182,0.04786927419354861,0.0001870110074724674,0.0003740220149449348,0.5,0.5424067475785844,1.0,False,False,True,False,0.48630273945210956,0.6058788242351529,0.9726054789042191,0.48863636363636365,0.5795454545454546,1.0,,,,,,0.8687501015742283,0.0028916925931563612,0.8687501015742283,1.0,False
832,REACTOME_SIGNALING_BY_FGFR2,72,0.4583333333333333,-0.0010252935745099076,0.7952103020364649,0.5559977177609717,0.7361111111111112,0.049341491935484275,3.7779057422157326e-05,7.555811484431465e-05,0.5,0.5468528376484605,1.0,False,False,True,False,0.4947010597880424,0.5970805838832234,0.9894021195760848,0.4861111111111111,0.5833333333333334,1.0,,,,,,0.9907142837751463,0.0007431475346080062,0.9907142837751463,1.0,False
833,REACTOME_SIGNALING_BY_NOTCH1_HD_DOMAIN_MUTANTS_IN_CANCER,14,0.6428571428571429,0.010737420429411178,0.21197509765625067,0.42395019531250133,0.7142857142857143,0.03409951612903278,0.08978271484375025,0.1795654296875005,0.5,0.6047363281250012,1.0,True,False,False,False,0.5838832233553289,0.6276744651069786,1.0,0.5,0.7142857142857143,1.0,,,,,,0.9210189514320003,0.33741799000529116,0.9210189514320003,1.0,False
834,REACTOME_SIGNALING_BY_PDGFR_IN_DISEASE,20,0.45,-0.005556443550980522,0.7482776641845718,0.8238029479980488,0.75,0.03617129032258106,0.02069473266601564,0.04138946533203128,0.5,0.5880985260009778,1.0,False,False,True,False,0.5618876224755049,0.6144771045790842,1.0,0.5,0.65,1.0,,,,,,1.0,0.11344317488406133,1.0,1.0,False
835,REACTOME_SIGNALING_BY_WNT_IN_CANCER,32,0.28125,-0.022314745517647217,0.9964998166542424,0.020061607006937095,0.53125,0.018733427419354985,0.4300250329542872,0.8600500659085744,0.5,0.5699749670457054,1.0,False,False,False,False,0.531493701259748,0.610877824435113,1.0,0.5,0.625,1.0,,,,,,0.3040322922873609,0.9769866976768453,0.9769866976768453,1.0,False
836,REACTOME_SIGNALLING_TO_RAS,20,0.15,-0.029598312943137632,0.9997987747192404,0.0025768280029296836,0.65,0.026144435483871215,0.13158798217773446,0.2631759643554689,0.5,0.5880985260009778,1.0,False,False,False,False,0.5618876224755049,0.6144771045790842,1.0,0.5,0.65,1.0,,,,,,0.08519980247984528,0.4416168505391377,0.4416168505391377,1.0,False
837,REACTOME_SYNDECAN_INTERACTIONS,26,0.5,-0.004596221188236038,0.577490508556371,1.0,0.7692307692307693,0.07882677419354855,0.00467765331268313,0.00935530662536626,0.5,0.577490508556371,1.0,False,False,True,False,0.5394921015796841,0.6056788642271546,1.0,0.5,0.6538461538461539,1.0,,,,,,1.0,0.0375662700150366,1.0,1.0,False
838,REACTOME_SYNTHESIS_OF_LEUKOTRIENES_LT_AND_EOXINS_EX,18,0.5,-0.0056963212019609825,0.5927352905273445,1.0,0.3333333333333333,-0.006948427419354325,0.9518737792968758,0.23788452148437514,0.5,0.5927352905273445,1.0,True,False,False,False,0.5650869826034793,0.614877024595081,1.0,0.5,0.6666666666666666,1.0,,,,,,1.0,0.4075772286512888,1.0,1.0,False
839,REACTOME_SYNTHESIS_OF_PIPS_AT_THE_GOLGI_MEMBRANE,16,0.5,0.0010086583764704693,0.5981903076171879,1.0,0.75,0.065756411290323,0.03840637207031257,0.07681274414062514,0.5,0.5981903076171879,1.0,True,False,True,False,0.5710857828434314,0.6200759848030394,1.0,0.5,0.6875,1.0,,,,,,1.0,0.17976958493152329,1.0,1.0,False
840,REACTOME_SYNTHESIS_SECRETION_AND_DEACYLATION_OF_GHRELIN,18,0.5555555555555556,0.0022754857098038015,0.40726470947265625,0.8145294189453125,0.3888888888888889,-0.007556975806451947,0.8810577392578133,0.4806823730468747,0.5,0.5927352905273445,1.0,False,False,False,False,0.5650869826034793,0.614877024595081,1.0,0.5,0.6666666666666666,1.0,,,,,,1.0,0.6681398995660495,1.0,1.0,False
841,REACTOME_SYNTHESIS_SECRETION_AND_INACTIVATION_OF_GLUCOSE_DEPENDENT_INSULINOTROPIC_POLYPEPTIDE_GIP,12,0.5833333333333334,0.009411796000000033,0.38720703124999967,0.7744140624999993,0.5833333333333334,0.005080403225806654,0.38720703124999967,0.7744140624999993,0.5,0.6127929687499988,1.0,True,False,False,False,0.5976804639072185,0.6416716656668666,1.0,0.5,0.75,1.0,,,,,,1.0,0.9221758261494244,1.0,1.0,False
842,REACTOME_S_PHASE,150,0.52,0.004944048354901291,0.34161588005208227,0.6832317601041645,0.7,0.060438427419354956,5.294273763817588e-07,1.0588547527635175e-06,0.5,0.5325192572428892,1.0,True,False,True,False,0.45550889822035595,0.6026794641071785,0.9110177964407119,0.49333333333333335,0.56,1.0,,,,,,1.0,1.9811868696706447e-05,1.0,1.0,False
843,REACTOME_TBC_RABGAPS,42,0.5952380952380952,0.015358276441175779,0.13997811926446915,0.2799562385289383,0.7142857142857143,0.04488995967741978,0.0039579486674483485,0.007915897334896697,0.5,0.5611928356238438,1.0,True,False,True,False,0.5318936212757448,0.5930813837232554,1.0,0.5,0.6190476190476191,1.0,,,,,,0.819396837528856,0.032629454796895135,0.819396837528856,1.0,False
844,REACTOME_TICAM1_TRAF6_DEPENDENT_INDUCTION_OF_TAK1_COMPLEX,10,0.5,-0.0006476812960796042,0.6230468749999987,1.0,0.6,0.04258512096774236,0.3769531249999994,0.7539062499999988,0.5,0.6230468749999987,1.0,False,False,False,False,0.596880623875225,0.6452709458108379,1.0,0.5,0.8,1.0,,,,,,1.0,0.9131491134060786,1.0,1.0,False
845,REACTOME_TRANSCRIPTIONAL_REGULATION_BY_NPAS4,32,0.40625,-0.012179589992157083,0.8923364251386308,0.3770855874754463,0.53125,0.006331693548387146,0.4300250329542872,0.8600500659085744,0.5,0.5699749670457054,1.0,False,False,False,False,0.531493701259748,0.610877824435113,1.0,0.5,0.625,1.0,,,,,,0.9015246199028362,0.9769866976768453,0.9769866976768453,1.0,False
846,REACTOME_TRANSCRIPTIONAL_REGULATION_BY_RUNX3,88,0.4431818181818182,-0.008820568501960998,0.8796034377305358,0.3373990368531313,0.7613636363636364,0.09925455645161323,4.6015379995374567e-07,9.203075999074913e-07,0.5,0.5424067475785844,1.0,False,False,True,False,0.48630273945210956,0.6058788242351529,0.9726054789042191,0.48863636363636365,0.5795454545454546,1.0,,,,,,0.8687501015742283,1.7656271731558538e-05,0.8687501015742283,1.0,False
847,REACTOME_TRANSCRIPTIONAL_REGULATION_OF_GRANULOPOIESIS,30,0.5333333333333333,0.009052130388235075,0.42776777595281984,0.8555355519056397,0.6333333333333333,0.03240600806451634,0.10024421103298746,0.20048842206597492,0.5,0.5722322240471894,1.0,True,False,False,False,0.5250949810037993,0.6154769046190762,1.0,0.5,0.6333333333333333,1.0,,,,,,1.0,0.36654000928297065,1.0,1.0,False
848,REACTOME_TRANSCRIPTION_OF_THE_HIV_GENOME,62,0.5645161290322581,0.011166755315686148,0.18707585620239459,0.37415171240478917,0.5161290322580645,0.00928762096774225,0.4495381568264247,0.8990763136528493,0.5,0.5504618431735647,1.0,True,False,False,False,0.4939012197560488,0.598880223955209,0.9878024395120976,0.4838709677419355,0.5967741935483871,1.0,,,,,,0.9000491657539355,1.0,1.0,1.0,False
849,REACTOME_TRANS_GOLGI_NETWORK_VESICLE_BUDDING,70,0.5428571428571428,0.02228293063333308,0.27520625591123116,0.5504125118224623,0.7285714285714285,0.07983116935483897,8.302091030150906e-05,0.00016604182060301812,0.5,0.5475127367702582,1.0,True,False,True,False,0.4947010597880424,0.6018796240751849,0.9894021195760848,0.4857142857142857,0.5857142857142857,1.0,,,,,,0.9884736430370447,0.001491497047497631,0.9884736430370447,1.0,False
850,REACTOME_UNWINDING_OF_DNA,12,0.25,-0.05544949983333362,0.9807128906249984,0.14599609375000017,0.5833333333333334,0.025630846774193847,0.38720703124999967,0.7744140624999993,0.5,0.6127929687499988,1.0,False,False,False,False,0.5976804639072185,0.6416716656668666,1.0,0.5,0.75,1.0,,,,,,0.6780868731870989,0.9221758261494244,0.9221758261494244,1.0,False
851,REACTOME_UREA_CYCLE,10,0.2,-0.0749621590450982,0.9892578124999983,0.109375,0.5,-0.004472903225806084,0.6230468749999987,1.0,0.5,0.6230468749999987,1.0,True,False,False,False,0.596880623875225,0.6452709458108379,1.0,0.5,0.8,1.0,,,,,,0.6071850804790333,1.0,1.0,1.0,False
852,REACTOME_VEGFR2_MEDIATED_CELL_PROLIFERATION,18,0.3888888888888889,-0.03463578987451006,0.8810577392578133,0.4806823730468747,0.6666666666666666,0.05093528225806477,0.11894226074218746,0.23788452148437492,0.5,0.5927352905273445,1.0,False,False,False,False,0.5650869826034793,0.614877024595081,1.0,0.5,0.6666666666666666,1.0,,,,,,0.9650909660398492,0.4075772286512888,0.9650909660398492,1.0,False
853,REACTOME_WNT_LIGAND_BIOGENESIS_AND_TRAFFICKING,24,0.2916666666666667,-0.011057050219607891,0.9886720776557933,0.06391465663909907,0.375,-0.0060656854838709185,0.9242051839828502,0.30745625495910656,0.5,0.5805901288986216,1.0,True,False,False,False,0.5500899820035993,0.613877224555089,1.0,0.5,0.6666666666666666,1.0,,,,,,0.48649633672249,0.48953588135907006,0.48953588135907006,1.0,False
854,HALLMARK_IL2_STAT5_SIGNALING,193,0.46113989637305697,-0.006018578870589344,0.8753116549781572,0.31357646808410006,0.5803108808290155,0.02372830645161341,0.015274874805047862,0.030549749610095725,0.49740932642487046,0.5572110002934251,0.9999999999999737,False,False,True,False,0.4699060187962408,0.5844831033793242,0.9398120375924816,0.49222797927461137,0.5492227979274611,1.0,,,,,,0.8534112634022618,0.09218312794968692,0.8534112634022618,1.0,False
855,REACTOME_NEUROTRANSMITTER_RECEPTORS_AND_POSTSYNAPTIC_SIGNAL_TRANSMISSION,193,0.46632124352331605,-0.004275299525490359,0.8432117659579221,0.38776287826419775,0.5751295336787565,0.01671677419354855,0.02178703924277747,0.04357407848555494,0.49740932642487046,0.5572110002934251,0.9999999999999737,False,False,True,False,0.4699060187962408,0.5844831033793242,0.9398120375924816,0.49222797927461137,0.5492227979274611,1.0,,,,,,0.9028945444967527,0.11674847925267652,0.9028945444967527,1.0,False
856,REACTOME_NERVOUS_SYSTEM_DEVELOPMENT,499,0.4589178356713427,-0.005347274223529592,0.9700123819054333,0.07324410217990734,0.6292585170340681,0.047514193548387235,4.173964801201031e-09,8.347929602402062e-09,0.4969939879759519,0.5710451106640778,0.9286707088933581,False,False,True,False,0.4415116976604679,0.5964807038592281,0.8830233953209358,0.49298597194388777,0.5290581162324649,1.0,,,,,,0.517369703579891,3.7064807434665157e-07,0.517369703579891,1.0,False
857,REACTOME_APOPTOSIS,157,0.49044585987261147,-0.002546044490196234,0.6251674624442506,0.8732481392970671,0.6624203821656051,0.04881241935483906,2.869863734834937e-05,5.739727469669874e-05,0.4968152866242038,0.5633759303515354,1.0,False,False,True,False,0.4861027794441112,0.5764847030593881,0.9722055588882224,0.49044585987261147,0.5605095541401274,1.0,,,,,,1.0,0.0006194122561018738,1.0,1.0,False
858,REACTOME_SENSORY_PERCEPTION,278,0.37410071942446044,-0.012794521625490206,0.9999906846688487,3.199118158046461e-05,0.5107913669064749,0.001147862903226038,0.38216569764992175,0.7643313952998435,0.49640287769784175,0.5713748752533299,0.9521890787775245,False,False,False,False,0.4709058188362327,0.5770845830833833,0.9418116376724655,0.49280575539568344,0.5431654676258992,1.0,,,,,,0.004971429617604201,0.9221758261494244,0.9221758261494244,1.0,False
859,REACTOME_SIGNALING_BY_HEDGEHOG,137,0.4744525547445255,-0.00470487410196066,0.7527787737834002,0.6083841068999317,0.6861313868613139,0.06388169354838752,7.839711310750138e-06,1.5679422621500275e-05,0.49635036496350365,0.5677975124949959,0.9999999999999599,False,False,True,False,0.4879024195160968,0.5808838232353529,0.9758048390321936,0.48905109489051096,0.5620437956204379,1.0,,,,,,1.0,0.0002082548953317216,1.0,1.0,False
860,REACTOME_SIGNALING_BY_NTRKS,133,0.40601503759398494,-0.012301710258823779,0.9880994503326403,0.037028510064153156,0.6240601503759399,0.029786532258064925,0.0026628701418909824,0.005325740283781965,0.49624060150375937,0.5687982543664531,1.0,False,False,True,False,0.489502099580084,0.5814837032593482,0.979004199160168,0.48872180451127817,0.5639097744360902,1.0,,,,,,0.402310979446309,0.023782185060336702,0.402310979446309,1.0,False
861,REACTOME_DEVELOPMENTAL_BIOLOGY,1141,0.44434706397896584,-0.007827488458823832,0.9999256065059232,0.00018869020085009205,0.6029798422436459,0.023279838709677772,1.8060007021315305e-12,3.612001404263061e-12,0.49605609114811566,0.6163944553648656,0.8127969396554142,False,False,True,False,0.42231553689262147,0.5986802639472105,0.8446310737852429,0.4925503943908852,0.5170902716914987,1.0,,,,,,0.017248504242414295,4.009321558731998e-10,0.017248504242414295,1.0,False
862,REACTOME_POST_TRANSLATIONAL_PROTEIN_MODIFICATION,1287,0.47863247863247865,-0.0043655037529413375,0.9407534956063599,0.13223181098500633,0.6239316239316239,0.0296445161290326,2.5585721324194995e-19,5.117144264838999e-19,0.49572649572649574,0.6309903834252205,0.7804515236854191,False,False,True,False,0.41971605678864227,0.6026794641071785,0.8394321135772845,0.4926184926184926,0.515928515928516,1.0,,,,,,0.6518056026446769,1.590408437511961e-16,0.6518056026446769,1.0,False
863,REACTOME_KERATINIZATION,113,0.46017699115044247,-0.007072223956862998,0.8265534474523523,0.45185326866574904,0.5221238938053098,0.0015199193548388493,0.353441130745986,0.706882261491972,0.49557522123893805,0.5745650387432848,1.0,False,False,False,False,0.5018996200759848,0.5702859428114377,1.0,0.49557522123893805,0.5663716814159292,1.0,,,,,,0.9457283250067267,0.8816172025349314,0.9457283250067267,1.0,False
864,HALLMARK_ESTROGEN_RESPONSE_LATE,190,0.38421052631578945,-0.01690987883921585,0.9994786733547748,0.0017378669238722,0.5947368421052631,0.0179739112903231,0.005459121192026751,0.010918242384053502,0.49473684210526314,0.5861106025088785,0.9421914836306083,False,False,True,False,0.5162967406518696,0.5384923015396921,1.0,0.49473684210526314,0.5526315789473685,1.0,,,,,,0.0729904108026324,0.0428458299616645,0.0729904108026324,1.0,False
865,HALLMARK_ALLOGRAFT_REJECTION,188,0.5585106382978723,0.006754157170587833,0.06270004202266562,0.12540008404533123,0.5425531914893617,0.003873830645161435,0.13695999343634527,0.27391998687269054,0.4946808510638298,0.5865598419712719,0.9418856184644256,True,False,False,False,0.5018996200759848,0.5540891821635673,1.0,0.4946808510638298,0.5531914893617021,1.0,,,,,,0.6437487075896308,0.45188074267533024,0.6437487075896308,1.0,False
866,REACTOME_ANTIGEN_PROCESSING_CROSS_PRESENTATION,93,0.6021505376344086,0.015958374490196516,0.030692949352229548,0.061385898704459096,0.6774193548387096,0.11439314516129066,0.00040500438693117914,0.0008100087738623583,0.4946236559139785,0.5820769326842604,1.0,True,True,True,False,0.5208958208358329,0.5668866226754649,1.0,0.4946236559139785,0.5806451612903226,1.0,,,,,,0.48649633672249,0.005266751609130146,0.48649633672249,1.0,False
867,REACTOME_VISUAL_PHOTOTRANSDUCTION,91,0.2857142857142857,-0.022192480564706032,0.99998985835549,5.311762926784624e-05,0.5494505494505495,0.004331774193548136,0.20090639803496055,0.4018127960699211,0.4945054945054945,0.5829594803475824,1.0,False,False,False,False,0.5336932613477304,0.5428914217156569,1.0,0.4945054945054945,0.5824175824175825,1.0,,,,,,0.00748174828168468,0.5924260769380052,0.5924260769380052,1.0,False
868,REACTOME_NEURONAL_SYSTEM,393,0.4351145038167939,-0.007153692149019926,0.9956846176864673,0.011568197919026265,0.5597964376590331,0.010793548387097111,0.010101403287783873,0.020202806575567746,0.49363867684478374,0.6189031875247515,0.8401261584712305,False,False,True,False,0.496500699860028,0.5382923415316937,0.993001399720056,0.4910941475826972,0.5343511450381679,1.0,,,,,,0.22126586178699253,0.06665639366970759,0.22126586178699253,1.0,False
869,REACTOME_CYCLIN_A_CDK2_ASSOCIATED_EVENTS_AT_S_PHASE_ENTRY,77,0.6103896103896104,0.012495235337254634,0.033774625729514084,0.06754925145902817,0.7532467532467533,0.11522758064516125,4.8875353939870045e-06,9.775070787974009e-06,0.4935064935064935,0.5900535481254872,1.0,True,True,True,False,0.5236952609478105,0.5656868626274745,1.0,0.4935064935064935,0.5844155844155844,1.0,,,,,,0.495226941271514,0.00014065240744918158,0.495226941271514,1.0,False
870,REACTOME_SIGNALING_BY_NOTCH4,75,0.5066666666666667,0.00036763957254862603,0.49999999999998695,0.9999999999999739,0.7466666666666667,0.09227306451612952,1.1214821079484646e-05,2.242964215896929e-05,0.49333333333333335,0.5912230747244925,0.9999999999999741,True,False,True,False,0.5338932213557288,0.5574885022995401,1.0,0.49333333333333335,0.5866666666666667,1.0,,,,,,1.0,0.00028109406383095383,1.0,1.0,False
871,REACTOME_RRNA_PROCESSING,146,0.5,0.0007129391941173603,0.5329602114227383,1.0,0.7054794520547946,0.09795250000000036,3.6984701022794964e-07,7.396940204558993e-07,0.4931506849315068,0.5979898177431736,0.9340795771547307,True,False,True,False,0.530493901219756,0.5394921015796841,1.0,0.4931506849315068,0.5616438356164384,1.0,,,,,,1.0,1.4928370231019057e-05,1.0,1.0,False
872,KEGG_COMPLEMENT_AND_COAGULATION_CASCADES,67,0.34328358208955223,-0.017553194905882648,0.9966292763184159,0.013933875024287345,0.5223880597014925,0.00462870967741967,0.40359734568350053,0.8071946913670011,0.4925373134328358,0.596402654316469,0.9999999999999653,False,False,False,False,0.5322935412917417,0.5600879824035193,1.0,0.4925373134328358,0.5970149253731343,1.0,,,,,,0.24329485154766892,0.9481334470025091,0.9481334470025091,1.0,False
873,REACTOME_HIV_LIFE_CYCLE,134,0.5223880597014925,0.000995016878430439,0.33297508195061254,0.6659501639012251,0.6119402985074627,0.03524689516129062,0.00597577194496562,0.01195154388993124,0.4925373134328358,0.602185642514799,0.9312017456335886,True,False,True,False,0.5336932613477304,0.5354929014197161,1.0,0.4925373134328358,0.5597014925373134,1.0,,,,,,1.0,0.04453884701427613,1.0,1.0,False
874,REACTOME_EUKARYOTIC_TRANSLATION_INITIATION,65,0.5846153846153846,0.013456654549018555,0.10726959700409054,0.21453919400818108,0.8153846153846154,0.48992435483870955,1.393117171232202e-07,2.786234342464404e-07,0.49230769230769234,0.5978414999033105,1.0,True,False,True,False,0.5462907418516296,0.5508898220355929,1.0,0.49230769230769234,0.6,1.0,,,,,,0.7540774930103149,7.216346946982805e-06,0.7540774930103149,1.0,False
875,REACTOME_MITF_M_REGULATED_MELANOCYTE_DEVELOPMENT,126,0.5158730158730159,0.001298792088235137,0.3946979723440737,0.7893959446881474,0.6111111111111112,0.032834395161290456,0.007909102004026034,0.01581820400805207,0.49206349206349204,0.6053020276559287,0.9290596866317943,True,False,True,False,0.5354929014197161,0.5342931413717257,1.0,0.49206349206349204,0.5634920634920635,1.0,,,,,,1.0,0.05499214547765753,1.0,1.0,False
876,REACTOME_NEUTROPHIL_DEGRANULATION,441,0.4852607709750567,-0.0022567454000006967,0.7474849717212647,0.5677586926675295,0.6621315192743764,0.046140645161290426,4.510776846633224e-12,9.021553693266448e-12,0.49206349206349204,0.6483577878665084,0.7751350764326789,False,False,True,False,0.5300939812037593,0.5088982203559288,1.0,0.49206349206349204,0.5306122448979592,1.0,,,,,,1.0,8.762184024585037e-10,1.0,1.0,False
877,REACTOME_NUCLEAR_EVENTS_KINASE_AND_TRANSCRIPTION_FACTOR_ACTIVATION,61,0.39344262295081966,-0.017724067043137774,0.9639112807495385,0.12373144253809257,0.639344262295082,0.03272508064516158,0.019808507449249918,0.039617014898499836,0.4918032786885246,0.6009236863471394,1.0,False,False,True,False,0.5588882223555289,0.5442911417716457,1.0,0.4918032786885246,0.5901639344262295,1.0,,,,,,0.6409288723473195,0.1103312565452845,0.6409288723473195,1.0,False
878,REACTOME_REGULATION_OF_PTEN_GENE_TRANSCRIPTION,59,0.4406779661016949,-0.015322630529411994,0.8512023958577791,0.43499280512214944,0.7457627118644068,0.0570217741935487,0.00010186092870392701,0.00020372185740785402,0.4915254237288136,0.6025781730085641,0.9999999999999923,False,False,True,False,0.5520895820835833,0.5486902619476105,1.0,0.4915254237288136,0.5932203389830508,1.0,,,,,,0.9349637886027942,0.0017587987022878063,0.9349637886027942,1.0,False
879,REACTOME_SIGNALING_BY_NOTCH1_PEST_DOMAIN_MUTANTS_IN_CANCER,57,0.47368421052631576,-0.009637652913725727,0.7016791198134759,0.7913664277791984,0.7017543859649122,0.04388314516129073,0.001600771883725249,0.003201543767450498,0.49122807017543857,0.604316786110426,1.0,False,False,True,False,0.5560887822435513,0.5528894221155769,1.0,0.49122807017543857,0.5964912280701754,1.0,,,,,,1.0,0.016751511833730887,1.0,1.0,False
880,REACTOME_SYNTHESIS_OF_SUBSTRATES_IN_N_GLYCAN_BIOSYTHESIS,57,0.47368421052631576,-0.008663974862745574,0.7016791198134759,0.7913664277791984,0.5964912280701754,0.021818548387096962,0.09242524120821126,0.18485048241642252,0.49122807017543857,0.604316786110426,1.0,False,False,False,False,0.5560887822435513,0.5528894221155769,1.0,0.49122807017543857,0.5964912280701754,1.0,,,,,,1.0,0.3437636525472646,1.0,1.0,False
881,REACTOME_SIGNALING_BY_NUCLEAR_RECEPTORS,222,0.5,1.3115850979781825e-05,0.5267451174787181,1.0,0.5585585585585585,0.010576975806451751,0.04657254929865565,0.0931450985973113,0.49099099099099097,0.6313629893104773,0.840484477894601,True,False,True,False,0.5466906618676265,0.5046990601879624,1.0,0.49099099099099097,0.545045045045045,1.0,,,,,,1.0,0.21131019448207553,1.0,1.0,False
882,KEGG_HEDGEHOG_SIGNALING_PATHWAY,53,0.2641509433962264,-0.017245918901960967,0.9998657299405873,0.0008023308868949693,0.5094339622641509,0.009985967741935461,0.49999999999999784,0.9999999999999957,0.49056603773584906,0.6080768488952473,0.9999999999999983,False,False,False,False,0.5662867426514697,0.5338932213557288,1.0,0.49056603773584906,0.6037735849056604,1.0,,,,,,0.04452936422267079,1.0,1.0,1.0,False
883,REACTOME_RHOJ_GTPASE_CYCLE,53,0.41509433962264153,-0.020480959219608186,0.9155110888561375,0.27167916606550474,0.6981132075471698,0.06279201612903286,0.0027431724383800656,0.005486344876760131,0.49056603773584906,0.6080768488952473,0.9999999999999983,False,False,True,False,0.5662867426514697,0.5338932213557288,1.0,0.49056603773584906,0.6037735849056604,1.0,,,,,,0.8072455527070638,0.024359371252814982,0.8072455527070638,1.0,False
884,REACTOME_SIGNALING_BY_PTK6,53,0.5283018867924528,0.008548530156861533,0.3919231511047492,0.7838463022094984,0.5471698113207547,0.006747338709677399,0.2915660771305873,0.5831321542611746,0.49056603773584906,0.6080768488952473,0.9999999999999983,True,False,False,False,0.5662867426514697,0.5338932213557288,1.0,0.49056603773584906,0.6037735849056604,1.0,,,,,,1.0,0.7653609524677949,1.0,1.0,False
885,REACTOME_SIGNALING_BY_TYPE_1_INSULIN_LIKE_GROWTH_FACTOR_1_RECEPTOR_IGF1R,53,0.41509433962264153,-0.009004263188235712,0.9155110888561375,0.27167916606550474,0.6226415094339622,0.010608145161290609,0.04918532422024571,0.09837064844049143,0.49056603773584906,0.6080768488952473,0.9999999999999983,False,False,True,False,0.5662867426514697,0.5338932213557288,1.0,0.49056603773584906,0.6037735849056604,1.0,,,,,,0.8072455527070638,0.21793857995381163,0.8072455527070638,1.0,False
886,REACTOME_TRANSMISSION_ACROSS_CHEMICAL_SYNAPSES,257,0.43190661478599224,-0.008792165537254999,0.9877304062627619,0.033730379034652355,0.5680933852140078,0.014892661290323163,0.01686518951732661,0.03373037903465322,0.490272373540856,0.6458590977815923,0.8030229037908888,False,False,True,False,0.553489302139572,0.5016996600679864,1.0,0.490272373540856,0.5408560311284046,1.0,,,,,,0.39624933376907995,0.09982286061447654,0.39624933376907995,1.0,False
887,KEGG_MTOR_SIGNALING_PATHWAY,49,0.3673469387755102,-0.018856222337255084,0.9778079195064364,0.08543313315739572,0.5918367346938775,0.04261645161290352,0.12643486508380314,0.2528697301676063,0.4897959183673469,0.6122751726592233,1.0,False,False,False,False,0.5720855828834233,0.5462907418516296,1.0,0.4897959183673469,0.6122448979591837,1.0,,,,,,0.5463501601917404,0.4285273289863251,0.5463501601917404,1.0,False
888,REACTOME_NEGATIVE_REGULATION_OF_NOTCH4_SIGNALING,47,0.5319148936170213,0.002847948874509755,0.38543349728650805,0.7708669945730161,0.7872340425531915,0.15708991935483885,4.9244392464231074e-05,9.848878492846215e-05,0.48936170212765956,0.6145665027134789,0.9999999999999912,True,False,True,False,0.5762847430513898,0.5458908218356329,1.0,0.48936170212765956,0.6170212765957447,1.0,,,,,,1.0,0.0009506308806138521,1.0,1.0,False
889,REACTOME_P75_NTR_RECEPTOR_MEDIATED_SIGNALLING,92,0.4673913043478261,-0.004165900141177119,0.7671462771134603,0.6024122776961448,0.5434782608695652,0.00980133064516155,0.2328537228865309,0.4657074457730618,0.4891304347826087,0.6226741251947442,0.9170405196524655,False,False,False,False,0.5708858228354329,0.5076984603079384,1.0,0.4891304347826087,0.5760869565217391,1.0,,,,,,1.0,0.6627375189847418,1.0,1.0,False
890,REACTOME_APOPTOTIC_EXECUTION_PHASE,45,0.4888888888888889,-0.006654883725490271,0.617004087877606,1.0,0.6888888888888889,0.023065806451613262,0.00804718001563747,0.01609436003127494,0.4888888888888889,0.617004087877606,1.0,False,False,True,False,0.5734853029394121,0.5470905818836233,1.0,0.4888888888888889,0.6222222222222222,1.0,,,,,,1.0,0.05543792446399476,1.0,1.0,False
891,REACTOME_FORMATION_OF_TC_NER_PRE_INCISION_COMPLEX,45,0.5111111111111111,0.0008545972980375481,0.5000000000000014,1.0,0.7555555555555555,0.07651137096774216,0.0004120411797998716,0.0008240823595997432,0.4888888888888889,0.617004087877606,1.0,True,False,True,False,0.5734853029394121,0.5470905818836233,1.0,0.4888888888888889,0.6222222222222222,1.0,,,,,,1.0,0.005335933278408337,1.0,1.0,False
892,REACTOME_SLC_TRANSPORTER_DISORDERS,90,0.5111111111111111,0.0016943919529409813,0.45806443850566114,0.9161288770113223,0.4888888888888889,-0.00017379032258053103,0.623983399200724,0.9161288770113228,0.4888888888888889,0.623983399200724,0.9161288770113228,False,False,False,False,0.555488902219556,0.5178964207158568,1.0,0.4888888888888889,0.5777777777777777,1.0,,,,,,1.0,1.0,1.0,1.0,False
893,REACTOME_UNFOLDED_PROTEIN_RESPONSE_UPR,90,0.5444444444444444,0.02431948739803819,0.23039623635949502,0.46079247271899004,0.7,0.08858979838709688,9.38778980896518e-05,0.0001877557961793036,0.4888888888888889,0.623983399200724,0.9161288770113228,True,False,True,False,0.555488902219556,0.5178964207158568,1.0,0.4888888888888889,0.5777777777777777,1.0,,,,,,0.9471623474775973,0.0016428821593329676,0.9471623474775973,1.0,False
894,REACTOME_DISEASES_OF_SIGNAL_TRANSDUCTION_BY_GROWTH_FACTOR_RECEPTORS_AND_SECOND_MESSENGERS,440,0.4772727272727273,-0.0036728582274511527,0.8416193693601335,0.3650638913604227,0.634090909090909,0.03898794354838718,1.0092493411346551e-08,2.0184986822693102e-08,0.48863636363636365,0.6999762087714315,0.6679293414549706,False,False,True,False,0.5808838232353529,0.4605078984203159,0.9210157968406318,0.49318181818181817,0.5318181818181819,1.0,,,,,,0.8864207612095264,7.915374923282529e-07,0.8864207612095264,1.0,False
895,REACTOME_RSV_HOST_INTERACTIONS,86,0.5,0.0009215741176466776,0.5428941814587898,1.0,0.6627906976744186,0.03156725806451638,0.0016766373290339886,0.003353274658067977,0.4883720930232558,0.6267328088554878,0.9142116370824775,True,False,True,False,0.5744851029794041,0.5058988202359528,1.0,0.4883720930232558,0.5813953488372093,1.0,,,,,,1.0,0.017324012063044975,1.0,1.0,False
896,REACTOME_SIGNALING_BY_FGFR2_IN_DISEASE,43,0.5116279069767442,0.002604716345096699,0.5000000000000009,1.0,0.6976744186046512,0.0325798387096779,0.006859092529339275,0.01371818505867855,0.4883720930232558,0.619604178719329,1.0,True,False,True,False,0.5812837432513497,0.5452909418116376,1.0,0.4883720930232558,0.627906976744186,1.0,,,,,,1.0,0.04900703351996889,1.0,1.0,False
897,REACTOME_SIGNALING_BY_INTERLEUKINS,422,0.490521327014218,-0.0014268176235295292,0.6693224209635805,0.7333332321341077,0.5995260663507109,0.01667165322580669,2.530653157547038e-05,5.061306315094076e-05,0.4881516587677725,0.7038119147842535,0.6613551580735814,False,False,True,False,0.5896820635872826,0.44891021795640873,0.8978204359128175,0.4928909952606635,0.5308056872037915,1.0,,,,,,1.0,0.0005593375215934589,1.0,1.0,False
898,KEGG_GLUTATHIONE_METABOLISM,41,0.5609756097560976,0.0015932530901957669,0.26635462761805384,0.5327092552361077,0.6341463414634146,0.05215782258064573,0.05863760297870539,0.11727520595741078,0.4878048780487805,0.6223856712476797,0.999999999999991,True,False,False,False,0.5884823035392921,0.5390921815636872,1.0,0.4878048780487805,0.6097560975609756,1.0,,,,,,0.9884736430370447,0.24528353978171785,0.9884736430370447,1.0,False
899,REACTOME_AMINE_LIGAND_BINDING_RECEPTORS,41,0.36585365853658536,-0.0035291412705882133,0.9702080559909445,0.11727520595741031,0.3902439024390244,-0.00994435483870953,0.941362397021287,0.211023597608798,0.4878048780487805,0.6223856712476797,0.999999999999991,True,False,False,False,0.5884823035392921,0.5390921815636872,1.0,0.4878048780487805,0.6097560975609756,1.0,,,,,,0.6306078548713343,0.3764990478577185,0.6306078548713343,1.0,False
900,REACTOME_PKMTS_METHYLATE_HISTONE_LYSINES,41,0.3902439024390244,-0.01573252262352935,0.941362397021287,0.211023597608798,0.6097560975609756,0.040690806451613146,0.10551179880439923,0.21102359760879846,0.4878048780487805,0.6223856712476797,0.999999999999991,False,False,False,False,0.5884823035392921,0.5390921815636872,1.0,0.4878048780487805,0.6097560975609756,1.0,,,,,,0.750775606975806,0.3764990478577185,0.750775606975806,1.0,False
901,REACTOME_RNA_POLYMERASE_I_TRANSCRIPTION_INITIATION,41,0.6097560975609756,0.01063441599215681,0.10551179880439923,0.21102359760879846,0.7317073170731707,0.055856451612903334,0.0021620024672301653,0.0043240049344603305,0.4878048780487805,0.6223856712476797,0.999999999999991,True,False,True,False,0.5884823035392921,0.5390921815636872,1.0,0.4878048780487805,0.6097560975609756,1.0,,,,,,0.750775606975806,0.020675395902004165,0.750775606975806,1.0,False
902,REACTOME_ANTIGEN_PROCESSING_UBIQUITINATION_PROTEASOME_DEGRADATION,283,0.45229681978798586,-0.00782238011764752,0.9520731482831406,0.12206311339345323,0.6325088339222615,0.035061935483871425,4.862027173818415e-06,9.72405434763683e-06,0.4876325088339223,0.6827638584203413,0.7214131574534831,False,False,True,False,0.5844831033793242,0.4683063387322535,0.936612677464507,0.4911660777385159,0.5406360424028268,1.0,,,,,,0.6344795972607254,0.00014065240744918158,0.6344795972607254,1.0,False
903,REACTOME_HOST_INTERACTIONS_OF_HIV_FACTORS,117,0.5299145299145299,0.0053615430588218205,0.28964512509385465,0.5792902501877093,0.7521367521367521,0.0808762903225809,2.1399713589953638e-08,4.2799427179907276e-08,0.48717948717948717,0.6441483615360272,0.8534084458955594,True,False,True,False,0.5870825834833033,0.4861027794441112,0.9722055588882224,0.49572649572649574,0.5726495726495726,1.0,,,,,,1.0,1.4458763008168676e-06,1.0,1.0,False
904,REACTOME_NGF_STIMULATED_TRANSCRIPTION,39,0.48717948717948717,-0.00555903171372555,0.6253706876195811,1.0,0.7435897435897436,0.04609919354838715,0.0016889239559532262,0.0033778479119064525,0.48717948717948717,0.6253706876195811,1.0,False,False,True,False,0.5874825034993001,0.5374925014997001,1.0,0.48717948717948717,0.6153846153846154,1.0,,,,,,1.0,0.017324012063044975,1.0,1.0,False
905,KEGG_FOCAL_ADHESION,193,0.44559585492227977,-0.005807234207843314,0.9434743842769804,0.14978339555605824,0.6994818652849741,0.04308629032258086,1.485897132274424e-08,2.971794264548848e-08,0.48704663212435234,0.6670334770471912,0.7734911416953293,False,False,True,False,0.5784843031393722,0.4709058188362327,0.9418116376724655,0.49222797927461137,0.5492227979274611,1.0,,,,,,0.6886491026453092,1.0262596193575353e-06,0.6886491026453092,1.0,False
906,REACTOME_METABOLISM_OF_CARBOHYDRATES,269,0.34944237918215615,-0.02748331734117699,0.9999997649176803,8.956585419131547e-07,0.6988847583643123,0.049923145161290636,2.8858434078824123e-11,5.7716868157648246e-11,0.48698884758364314,0.6871020465024821,0.7145682862886139,False,False,True,False,0.5882823435312937,0.4537092581483703,0.9074185162967406,0.49070631970260226,0.5427509293680297,1.0,,,,,,0.0003479633435332606,4.72063226931502e-09,0.0003479633435332606,1.0,False
907,KEGG_CHRONIC_MYELOID_LEUKEMIA,72,0.5555555555555556,0.0068640737333330905,0.2047896979635383,0.4095793959270766,0.7083333333333334,0.04373068548387133,0.0002674821008249518,0.0005349642016499036,0.4861111111111111,0.6380259271265438,0.9062943247030814,True,False,True,False,0.5838832233553289,0.505498900219956,1.0,0.4861111111111111,0.5833333333333334,1.0,,,,,,0.920953209893449,0.00378212168836298,0.920953209893449,1.0,False
908,KEGG_SPHINGOLIPID_METABOLISM,35,0.4857142857142857,-0.0027113976078434517,0.6320605995715601,0.9999999999999994,0.6,0.011029032258064788,0.15525232953950785,0.3105046590790157,0.4857142857142857,0.6320605995715601,0.9999999999999994,False,False,False,False,0.5922815436912617,0.5390921815636872,1.0,0.4857142857142857,0.6285714285714286,1.0,,,,,,1.0,0.49337856872064456,1.0,1.0,False
909,KEGG_PANCREATIC_CANCER,68,0.5441176470588235,0.0037033167509801187,0.27230611170963853,0.5446122234192771,0.6764705882352942,0.049968185483871524,0.002451691258178035,0.00490338251635607,0.4852941176470588,0.6418496199228524,0.9035973456835394,True,False,True,False,0.5932813437312537,0.5060987802439512,1.0,0.4852941176470588,0.5882352941176471,1.0,,,,,,0.9884736430370447,0.022470626603683524,0.9884736430370447,1.0,False
910,KEGG_GRAFT_VERSUS_HOST_DISEASE,33,0.45454545454545453,-0.0082887007490197,0.7565748791676008,0.7283324808813625,0.48484848484848486,-0.005750564516128744,0.6358337595593176,0.9999999999999988,0.48484848484848486,0.6358337595593176,0.9999999999999988,True,False,False,False,0.6054789042191562,0.5326934613077384,1.0,0.48484848484848486,0.6363636363636364,1.0,,,,,,1.0,1.0,1.0,1.0,False
911,REACTOME_ANTIGEN_ACTIVATES_B_CELL_RECEPTOR_BCR_LEADING_TO_GENERATION_OF_SECOND_MESSENGERS,33,0.3939393939393939,-0.020012217560784414,0.918622171273454,0.29620636859908744,0.6666666666666666,0.02829790322580685,0.04007165622897445,0.0801433124579489,0.48484848484848486,0.6358337595593176,0.9999999999999988,False,False,True,False,0.6054789042191562,0.5326934613077384,1.0,0.48484848484848486,0.6363636363636364,1.0,,,,,,0.8415076724003325,0.18644117898151585,0.8415076724003325,1.0,False
912,REACTOME_DAP12_INTERACTIONS,33,0.42424242424242425,-0.0021262446274522627,0.8518968157004551,0.4868502416647962,0.696969696969697,0.0425560483870972,0.017541016684845055,0.03508203336969011,0.48484848484848486,0.6358337595593176,0.9999999999999988,False,False,True,False,0.6054789042191562,0.5326934613077384,1.0,0.48484848484848486,0.6363636363636364,1.0,,,,,,0.9711167989558344,0.10104280080769665,0.9711167989558344,1.0,False
913,REACTOME_DIFFERENTIATION_OF_KERATINOCYTES_IN_INTERFOLLICULAR_EPIDERMIS_IN_MAMMALIAN_SKIN,33,0.6060606060606061,0.011716838270588217,0.14810318429954358,0.29620636859908717,0.45454545454545453,-0.0028233064516128437,0.7565748791676008,0.7283324808813625,0.48484848484848486,0.6358337595593176,0.9999999999999988,False,False,False,False,0.6054789042191562,0.5326934613077384,1.0,0.48484848484848486,0.6363636363636364,1.0,,,,,,0.8415076724003325,0.8997048293240365,0.8997048293240365,1.0,False
914,REACTOME_FGFR2_MUTANT_RECEPTOR_ACTIVATION,33,0.5151515151515151,0.002604716345096699,0.4999999999999995,0.999999999999999,0.6666666666666666,0.0325798387096779,0.04007165622897445,0.0801433124579489,0.48484848484848486,0.6358337595593176,0.9999999999999988,True,False,True,False,0.6054789042191562,0.5326934613077384,1.0,0.48484848484848486,0.6363636363636364,1.0,,,,,,1.0,0.18644117898151585,1.0,1.0,False
915,REACTOME_INTERACTIONS_OF_REV_WITH_HOST_CELLULAR_PROTEINS,33,0.5454545454545454,0.013709095298038619,0.36416624044068147,0.7283324808813629,0.696969696969697,0.03082637096774203,0.017541016684845055,0.03508203336969011,0.48484848484848486,0.6358337595593176,0.9999999999999988,True,False,True,False,0.6054789042191562,0.5326934613077384,1.0,0.48484848484848486,0.6363636363636364,1.0,,,,,,1.0,0.10104280080769665,1.0,1.0,False
916,REACTOME_NONSENSE_MEDIATED_DECAY_NMD,66,0.6212121212121212,0.019535266176468585,0.032008752068613165,0.06401750413722633,0.803030303030303,0.3875132661290326,3.618587618708582e-07,7.237175237417164e-07,0.48484848484848486,0.6438845586813298,0.902158500096703,True,True,True,False,0.593881223755249,0.5056988602279544,1.0,0.48484848484848486,0.5909090909090909,1.0,,,,,,0.48649633672249,1.4798118840718778e-05,0.48649633672249,1.0,False
917,KEGG_GLIOMA,64,0.515625,0.0029832089666664958,0.4503266231260311,0.9006532462520622,0.71875,0.04646028225806488,0.0003086891320335734,0.0006173782640671468,0.484375,0.6460096229326406,0.9006532462520597,True,False,True,False,0.6076784643071386,0.4903019396120776,0.9806038792241552,0.5,0.59375,1.0,,,,,,1.0,0.004308488977579595,1.0,1.0,False
918,KEGG_MELANOGENESIS,95,0.4,-0.004519221486274583,0.9801958811646814,0.06421280662712713,0.49473684210526314,-0.000600080645161264,0.5812219646354371,0.9999999999999541,0.4842105263157895,0.6591287470408755,0.837556070729033,True,False,False,False,0.6186762647470506,0.4683063387322535,0.936612677464507,0.49473684210526314,0.5789473684210527,1.0,,,,,,0.48649633672249,1.0,1.0,1.0,False
919,REACTOME_METABOLISM_OF_AMINO_ACIDS_AND_DERIVATIVES,285,0.4421052631578947,-0.009474495407843004,0.9780891982955313,0.057833459920541216,0.6280701754385964,0.03513879032258069,9.06087374702997e-06,1.812174749405994e-05,0.4842105263157895,0.72315356987096,0.6356632540397833,False,False,True,False,0.636872625474905,0.4107178564287143,0.8214357128574286,0.49122807017543857,0.5403508771929825,1.0,,,,,,0.4755195593466722,0.00023664870256948862,0.4755195593466722,1.0,False
920,REACTOME_TRANSPORT_OF_SMALL_MOLECULES,688,0.4636627906976744,-0.006363913439215916,0.9741132674510243,0.061668522310711675,0.5726744186046512,0.011778346774194134,7.827550907061873e-05,0.00015655101814123745,0.48401162790697677,0.8097137736438291,0.42337339777896893,False,False,True,False,0.6670665866826635,0.35892821435712857,0.7178564287142571,0.49127906976744184,0.5232558139534884,1.0,,,,,,0.48649633672249,0.0014226917087221229,0.48649633672249,1.0,False
921,KEGG_CYSTEINE_AND_METHIONINE_METABOLISM,31,0.5161290322580645,0.00427699300392131,0.4999999999999987,0.9999999999999974,0.5806451612903226,0.022061209677419473,0.23656482994556394,0.4731296598911279,0.4838709677419355,0.6399499340914175,0.9999999999999968,True,False,False,False,0.6134773045390922,0.5186962607478505,1.0,0.4838709677419355,0.6451612903225806,1.0,,,,,,1.0,0.6681398995660495,1.0,1.0,False
922,REACTOME_HDACS_DEACETYLATE_HISTONES,31,0.5806451612903226,0.004736432407842833,0.23656482994556394,0.4731296598911279,0.7741935483870968,0.04536153225806473,0.0016634464263915974,0.003326892852783195,0.4838709677419355,0.6399499340914175,0.9999999999999968,True,False,True,False,0.6134773045390922,0.5186962607478505,1.0,0.4838709677419355,0.6451612903225806,1.0,,,,,,0.9650909660398492,0.017290941448913327,0.9650909660398492,1.0,False
923,REACTOME_REGULATION_OF_PYRUVATE_METABOLISM,31,0.5161290322580645,0.0053615430588218205,0.4999999999999987,0.9999999999999974,0.45161290322580644,-0.006430725806451008,0.7634351700544333,0.720100131817159,0.4838709677419355,0.6399499340914175,0.9999999999999968,False,False,False,False,0.6134773045390922,0.5186962607478505,1.0,0.4838709677419355,0.6451612903225806,1.0,,,,,,1.0,0.8930850796838519,1.0,1.0,False
924,REACTOME_HIV_INFECTION,209,0.5311004784688995,0.00474420685490155,0.203282910426053,0.406565820852106,0.6746411483253588,0.06562209677419381,2.455313966436213e-07,4.910627932872426e-07,0.48325358851674644,0.7099425692619744,0.6782220277696206,True,False,True,False,0.6216756648670266,0.4305138972205559,0.8610277944411118,0.49282296650717705,0.5502392344497608,1.0,,,,,,0.9169859007317457,1.1059588127077899e-05,0.9169859007317457,1.0,False
925,REACTOME_REGULATION_OF_INSULIN_LIKE_GROWTH_FACTOR_IGF_TRANSPORT_AND_UPTAKE_BY_INSULIN_LIKE_GROWTH_FACTOR_BINDING_PROTEINS_IGFBPS,118,0.423728813559322,-0.00979615748823525,0.9600828435858547,0.11721294197630748,0.6016949152542372,0.01597657258064578,0.016894087735912052,0.033788175471824104,0.4830508474576271,0.6772516182210537,0.7825558614117146,False,False,True,False,0.6076784643071386,0.46170765846830636,0.9234153169366127,0.4915254237288136,0.5677966101694916,1.0,,,,,,0.6306078548713343,0.09982286061447654,0.6306078548713343,1.0,False
926,KEGG_ETHER_LIPID_METABOLISM,29,0.4482758620689655,-0.013366554517647091,0.7708708401769345,0.7110711038112594,0.6206896551724138,0.004907661290322782,0.13246544823050396,0.2649308964610079,0.4827586206896552,0.6444644480943627,0.9999999999999919,False,False,False,False,0.6110777844431113,0.5396920615876825,1.0,0.4827586206896552,0.6551724137931034,1.0,,,,,,1.0,0.4416168505391377,1.0,1.0,False
927,REACTOME_AEROBIC_RESPIRATION_AND_RESPIRATORY_ELECTRON_TRANSPORT,203,0.4630541871921182,-0.00970521567451033,0.869301974158731,0.32580885627612716,0.625615763546798,0.03415516129032279,0.00021096002785143245,0.0004219200557028649,0.4827586206896552,0.7127138520424479,0.6737740741736589,False,False,True,False,0.6328734253149371,0.4221155768846231,0.8442311537692462,0.49261083743842365,0.5517241379310345,1.0,,,,,,0.8687501015742283,0.003169036341451606,0.8687501015742283,1.0,False
928,REACTOME_ENDOSOMAL_SORTING_COMPLEX_REQUIRED_FOR_TRANSPORT_ESCRT,29,0.3793103448275862,-0.009493266243137238,0.9319770261645247,0.2649308964610078,0.6206896551724138,0.057724677419355004,0.13246544823050396,0.2649308964610079,0.4827586206896552,0.6444644480943627,0.9999999999999919,False,False,False,False,0.6110777844431113,0.5396920615876825,1.0,0.4827586206896552,0.6551724137931034,1.0,,,,,,0.803618528905151,0.4416168505391377,0.803618528905151,1.0,False
929,REACTOME_GLUTATHIONE_CONJUGATION,29,0.3448275862068966,-0.023962631050980683,0.9692858271300718,0.1360459476709354,0.6551724137931034,0.05215782258064573,0.06802297383546782,0.13604594767093564,0.4827586206896552,0.6444644480943627,0.9999999999999919,False,False,False,False,0.6110777844431113,0.5396920615876825,1.0,0.4827586206896552,0.6551724137931034,1.0,,,,,,0.6545368504044384,0.2749225002348946,0.6545368504044384,1.0,False
930,KEGG_ACUTE_MYELOID_LEUKEMIA,56,0.44642857142857145,-0.009247515496078999,0.825159023508172,0.5044037600228359,0.7142857142857143,0.04271306451612931,0.0009207773942463014,0.0018415547884926028,0.48214285714285715,0.6555601196383427,0.8938530948350373,False,False,True,False,0.6172765446910617,0.48730253949210156,0.9746050789842031,0.5,0.6071428571428571,1.0,,,,,,0.9872083665938124,0.010560059562057213,0.9872083665938124,1.0,False
931,HALLMARK_TGF_BETA_SIGNALING,54,0.5185185185185185,0.0032088223274500077,0.44596157555235877,0.8919231511047175,0.6666666666666666,0.09879915322580676,0.009917163364033775,0.01983432672806755,0.48148148148148145,0.6582553858823067,0.8919231511047201,True,False,True,False,0.6090781843631273,0.48170365926814634,0.9634073185362927,0.5,0.6111111111111112,1.0,,,,,,1.0,0.06571970945717905,1.0,1.0,False
932,KEGG_CYTOKINE_CYTOKINE_RECEPTOR_INTERACTION,243,0.49794238683127573,-0.00020921298431387635,0.551027016430421,0.9999999999999488,0.51440329218107,0.0009554032258069509,0.3501976339044296,0.7003952678088592,0.48148148148148145,0.7393586831252392,0.607902678089642,False,False,False,False,0.6552689462107578,0.39812037592481503,0.7962407518496301,0.4897119341563786,0.5473251028806584,1.0,,,,,,1.0,0.8751179853117683,1.0,1.0,False
933,REACTOME_COMPLEMENT_CASCADE,54,0.37037037037037035,-0.012604392874510003,0.979888217952106,0.07590472948909864,0.5185185185185185,0.005570080645161603,0.44596157555235877,0.8919231511047175,0.48148148148148145,0.6582553858823067,0.8919231511047201,False,False,False,False,0.6090781843631273,0.48170365926814634,0.9634073185362927,0.5,0.6111111111111112,1.0,,,,,,0.5203501383463556,1.0,1.0,1.0,False
934,REACTOME_DNA_DAMAGE_TELOMERE_STRESS_INDUCED_SENESCENCE,27,0.3333333333333333,-0.032257772141176796,0.9738805070519523,0.12207812070846646,0.6296296296296297,0.03610911290322607,0.12389428168535326,0.2477885633707065,0.48148148148148145,0.6494459807872827,1.0,False,False,False,False,0.6230753849230154,0.5192961407718456,1.0,0.48148148148148145,0.6666666666666666,1.0,,,,,,0.6344795972607254,0.4217562184863942,0.6344795972607254,1.0,False
935,REACTOME_INSULIN_RECEPTOR_SIGNALLING_CASCADE,54,0.4074074074074074,-0.009566496647059077,0.9331628823179133,0.22032849417660516,0.6296296296296297,0.016866653225806844,0.037952364744549216,0.07590472948909843,0.48148148148148145,0.6582553858823067,0.8919231511047201,False,False,True,False,0.6090781843631273,0.48170365926814634,0.9634073185362927,0.5,0.6111111111111112,1.0,,,,,,0.7540774930103149,0.17818119278860872,0.7540774930103149,1.0,False
936,REACTOME_REGULATED_NECROSIS,54,0.46296296296296297,-0.006551826068627701,0.7516912823410051,0.6834892282353139,0.5740740740740741,0.03367576612903225,0.17044547061004256,0.3408909412200851,0.48148148148148145,0.6582553858823067,0.8919231511047201,False,False,False,False,0.6090781843631273,0.48170365926814634,0.9634073185362927,0.5,0.6111111111111112,1.0,,,,,,1.0,0.5280973523855161,1.0,1.0,False
937,REACTOME_RNA_POLYMERASE_III_TRANSCRIPTION_INITIATION_FROM_TYPE_1_PROMOTER,27,0.3333333333333333,-0.020008088137255645,0.9738805070519523,0.12207812070846646,0.6296296296296297,0.054930403225806376,0.12389428168535326,0.2477885633707065,0.48148148148148145,0.6494459807872827,1.0,False,False,False,False,0.6230753849230154,0.5192961407718456,1.0,0.48148148148148145,0.6666666666666666,1.0,,,,,,0.6344795972607254,0.4217562184863942,0.6344795972607254,1.0,False
938,KEGG_INSULIN_SIGNALING_PATHWAY,133,0.43609022556390975,-0.012085110772549257,0.9408799447652025,0.16508338915580192,0.6240601503759399,0.02794879032258091,0.0026628701418909824,0.005325740283781965,0.48120300751879697,0.6984768054356174,0.7288539386736497,False,False,True,False,0.629874025194961,0.4451109778044391,0.8902219556088782,0.48872180451127817,0.5639097744360902,1.0,,,,,,0.7077938971296919,0.023782185060336702,0.7077938971296919,1.0,False
939,REACTOME_SIGNALING_BY_ROBO_RECEPTORS,158,0.5379746835443038,0.005344266362743508,0.19078672273219816,0.3815734454643963,0.7025316455696202,0.13333633064516137,1.8895255873775357e-07,3.7790511747550714e-07,0.4810126582278481,0.7111285820672526,0.6909249767024,True,False,True,False,0.6426714657068586,0.4247150569886023,0.8494301139772046,0.4936708860759494,0.5569620253164557,1.0,,,,,,0.9028945444967527,8.897947766014214e-06,0.9028945444967527,1.0,False
940,REACTOME_PEPTIDE_LIGAND_BINDING_RECEPTORS,183,0.5081967213114754,0.00019869983137232698,0.4412590347295261,0.8825180694590522,0.4808743169398907,-0.0020409677419350875,0.7228067043304864,0.6574989153776724,0.4808743169398907,0.7228067043304864,0.6574989153776724,False,False,False,False,0.6292741451709658,0.4227154569086183,0.8454309138172366,0.4918032786885246,0.5521857923497278,1.0,,,,,,1.0,0.8340843383648187,1.0,1.0,False
941,KEGG_ENDOMETRIAL_CANCER,52,0.40384615384615385,-0.015510861005883314,0.9368264620930539,0.2116085687615206,0.7307692307692307,0.03776322580645187,0.0005975601600036839,0.0011951203200073679,0.4807692307692308,0.661095680428778,0.8898839652765526,False,False,True,False,0.6226754649070186,0.49150169966006796,0.9830033993201359,0.5,0.6153846153846154,1.0,,,,,,0.750775606975806,0.0073118778633521645,0.750775606975806,1.0,False
942,REACTOME_ION_HOMEOSTASIS,52,0.5384615384615384,0.005533972507842842,0.33890431957123646,0.6778086391424729,0.5576923076923077,0.0057054435483874025,0.2442278346899498,0.4884556693798996,0.4807692307692308,0.661095680428778,0.8898839652765526,True,False,False,False,0.6226754649070186,0.49150169966006796,0.9830033993201359,0.5,0.6153846153846154,1.0,,,,,,1.0,0.6777322412646107,1.0,1.0,False
943,REACTOME_GLOBAL_GENOME_NUCLEOTIDE_EXCISION_REPAIR_GG_NER,77,0.4805194805194805,-0.002490468478431547,0.6756044188446919,0.8198929037490646,0.7142857142857143,0.04876741935483906,0.00010840192920873969,0.00021680385841747938,0.4805194805194805,0.6756044188446919,0.8198929037490646,False,False,True,False,0.6202759448110378,0.47650469906018794,0.9530093981203759,0.4935064935064935,0.5844155844155844,1.0,,,,,,1.0,0.0018613988728218948,1.0,1.0,False
944,KEGG_LINOLEIC_ACID_METABOLISM,25,0.56,0.006909883082352757,0.345018982887268,0.690037965774536,0.68,0.011649596774193543,0.05387607216835011,0.10775214433670022,0.48,0.6549810171127328,1.0,True,False,False,False,0.6284743051389722,0.5338932213557288,1.0,0.48,0.64,1.0,,,,,,1.0,0.23219774590163955,1.0,1.0,False
945,REACTOME_DAP12_SIGNALING,25,0.44,-0.001920586219608022,0.7878218889236452,0.6900379657745355,0.72,0.0425560483870972,0.02164262533187862,0.04328525066375724,0.48,0.6549810171127328,1.0,False,False,True,False,0.6284743051389722,0.5338932213557288,1.0,0.48,0.64,1.0,,,,,,1.0,0.11657760750689558,1.0,1.0,False
946,REACTOME_DEFECTIVE_INTRINSIC_PATHWAY_FOR_APOPTOSIS,25,0.48,-0.025793724611764927,0.6549810171127328,1.0,0.76,0.11942395161290356,0.007316648960113497,0.014633297920226994,0.48,0.6549810171127328,1.0,False,False,True,False,0.6284743051389722,0.5338932213557288,1.0,0.48,0.64,1.0,,,,,,1.0,0.051216542720794477,1.0,1.0,False
947,REACTOME_FRS_MEDIATED_FGFR2_SIGNALING,25,0.4,-0.007528235552941585,0.8852385282516482,0.4243562221527105,0.68,0.010608145161290609,0.05387607216835011,0.10775214433670022,0.48,0.6549810171127328,1.0,False,False,False,False,0.6284743051389722,0.5338932213557288,1.0,0.48,0.64,1.0,,,,,,0.9210189514320003,0.23219774590163955,0.9210189514320003,1.0,False
948,REACTOME_MEIOTIC_RECOMBINATION,25,0.32,-0.029492201121568612,0.9783573746681218,0.10775214433670022,0.6,0.009329838709677745,0.212178111076355,0.42435622215271,0.48,0.6549810171127328,1.0,False,False,False,False,0.6284743051389722,0.5338932213557288,1.0,0.48,0.64,1.0,,,,,,0.6071850804790333,0.6180408333882956,0.6180408333882956,1.0,False
949,REACTOME_DEATH_RECEPTOR_SIGNALING,148,0.4864864864864865,-0.0018764005235295264,0.6593914565530611,0.8053209566402131,0.5472972972972973,0.013280927419355194,0.1426083435906504,0.2852166871813008,0.4797297297297297,0.7174140450058556,0.6812170868939574,False,False,False,False,0.639872025594881,0.42131573685262946,0.8426314737052589,0.49324324324324326,0.5608108108108109,1.0,,,,,,1.0,0.46438114628164484,1.0,1.0,False
950,HALLMARK_MYOGENESIS,196,0.3622448979591837,-0.027532018919608003,0.9999614746952099,0.00014023150174828004,0.6275510204081632,0.027439395161290576,0.00021812083762103856,0.0004362416752420771,0.47959183673469385,0.7397889020591157,0.6171884623457694,False,False,True,False,0.6732653469306139,0.3785242951409718,0.7570485902819436,0.49489795918367346,0.5510204081632653,1.0,,,,,,0.014527983581121812,0.0032592286698374415,0.014527983581121812,1.0,False
951,REACTOME_SIGNALING_BY_NOTCH1,73,0.4520547945205479,-0.009653532866666797,0.8254090809147508,0.482788556844052,0.6712328767123288,0.04210951612903263,0.0023131469609478576,0.004626293921895715,0.4794520547945205,0.6800135341230653,0.8151212352250446,False,False,True,False,0.6334733053389322,0.4513097380523895,0.902619476104779,0.4931506849315068,0.589041095890411,1.0,,,,,,0.9680689255943958,0.021524732798281262,0.9680689255943958,1.0,False
952,KEGG_PATHWAYS_IN_CANCER,315,0.4666666666666667,-0.003040453145098269,0.8924631991413545,0.2597629038281878,0.6126984126984127,0.028880080645161364,3.755060763764342e-05,7.510121527528684e-05,0.4793650793650794,0.7848653346916349,0.4990244701124169,False,False,True,False,0.7010597880423916,0.33833233353329334,0.6766646670665867,0.49206349206349204,0.5396825396825397,1.0,,,,,,0.803618528905151,0.0007431475346080062,0.803618528905151,1.0,False
953,REACTOME_SIGNALING_BY_GPCR,653,0.42879019908116384,-0.006425149988235606,0.9998853930761078,0.0003112243606801896,0.48392036753445633,-0.0018201612903224022,0.8053528492134455,0.4338493751284441,0.4793261868300153,0.8634064429920086,0.308933252533195,True,False,False,False,0.7594481103779244,0.26874625074985004,0.5374925014997001,0.49157733537519144,0.5237366003062787,1.0,,,,,,0.02303060269033403,0.6289197098410467,0.6289197098410467,1.0,False
954,KEGG_PURINE_METABOLISM,144,0.3611111111111111,-0.02966596707254918,0.9997074300787364,0.001081290068447177,0.5902777777777778,0.022953064516129343,0.018426132261418784,0.03685226452283757,0.4791666666666667,0.7200894311445928,0.6770697943668282,False,False,True,False,0.6632673465306939,0.40511897620475906,0.8102379524095181,0.4930555555555556,0.5625,1.0,,,,,,0.05251014894896603,0.10460459172773974,0.10460459172773974,1.0,False
955,REACTOME_IRS_MEDIATED_SIGNALLING,48,0.4166666666666667,-0.009566496647059077,0.9032936735690256,0.31232680747326863,0.6458333333333334,0.016866653225806844,0.029731687626885012,0.059463375253770025,0.4791666666666667,0.6672670939616857,0.8854334972865098,False,False,True,False,0.618876224755049,0.4877024595080984,0.9754049190161967,0.5,0.6041666666666666,1.0,,,,,,0.8534112634022618,0.14627703314395055,0.8534112634022618,1.0,False
956,REACTOME_ANTI_INFLAMMATORY_RESPONSE_FAVOURING_LEISHMANIA_PARASITE_INFECTION,71,0.5211267605633803,0.0035294828666664613,0.40629432470308074,0.8125886494061615,0.5352112676056338,0.013658306451613617,0.3176538210438335,0.635307642087667,0.4788732394366197,0.6823461789561659,0.812588649406161,True,False,False,False,0.6382723455308938,0.45150969806038793,0.9030193961207759,0.49295774647887325,0.5915492957746479,1.0,,,,,,1.0,0.812563088885857,1.0,1.0,False
957,HALLMARK_CHOLESTEROL_HOMEOSTASIS,69,0.37681159420289856,-0.037424321498039446,0.9852532532343529,0.053289363816513745,0.6666666666666666,0.029951451612903583,0.003810260927512852,0.007620521855025704,0.4782608695652174,0.6847717541066071,0.8099490529189374,False,False,True,False,0.6470705858828234,0.45090981803639274,0.9018196360727855,0.4927536231884058,0.5942028985507246,1.0,,,,,,0.45628522843737745,0.03149545468805836,0.45628522843737745,1.0,False
958,REACTOME_ACYL_CHAIN_REMODELLING_OF_PC,23,0.391304347826087,-0.01607392994901994,0.8949801921844535,0.40487289428711204,0.5652173913043478,0.004793467741936041,0.3388197422027608,0.6776394844055216,0.4782608695652174,0.6611802577972447,1.0,False,False,False,False,0.6332733453309338,0.524495100979804,1.0,0.4782608695652174,0.6521739130434783,1.0,,,,,,0.9148548117772449,0.8515073769017037,0.9148548117772449,1.0,False
959,REACTOME_G_ALPHA_Z_SIGNALLING_EVENTS,46,0.5217391304347826,0.0044254621137252695,0.4414979560612031,0.8829959121224062,0.34782608695652173,-0.01418483870967715,0.9870519591033956,0.0540760318588699,0.4782608695652174,0.6706309614881805,0.8829959121224102,False,False,False,False,0.6304739052189562,0.4901019796040792,0.9802039592081584,0.5,0.6086956521739131,1.0,,,,,,1.0,0.13821406827086155,1.0,1.0,False
960,REACTOME_RAF_INDEPENDENT_MAPK1_3_ACTIVATION,23,0.5217391304347826,0.01446584647058623,0.5000000000000028,1.0,0.782608695652174,0.08515499999999966,0.005311012268066423,0.010622024536132845,0.4782608695652174,0.6611802577972447,1.0,True,False,True,False,0.6332733453309338,0.524495100979804,1.0,0.4782608695652174,0.6521739130434783,1.0,,,,,,1.0,0.04200159320394514,1.0,1.0,False
961,REACTOME_RHOG_GTPASE_CYCLE,69,0.5072463768115942,0.0016007915882351696,0.5000000000000049,1.0,0.5652173913043478,0.014206612903226022,0.16777880911700938,0.33555761823401875,0.4782608695652174,0.6847717541066071,0.8099490529189374,True,False,False,False,0.6470705858828234,0.45090981803639274,0.9018196360727855,0.4927536231884058,0.5942028985507246,1.0,,,,,,1.0,0.5267237765006719,1.0,1.0,False
962,REACTOME_RAB_REGULATION_OF_TRAFFICKING,113,0.48672566371681414,-0.0010000041568640709,0.646558869254038,0.8508699225134777,0.6371681415929203,0.037157419354838905,0.0022767782330163104,0.004553556466032621,0.4778761061946903,0.7136717621030457,0.7068822614919714,False,False,True,False,0.6490701859628074,0.42711457708458306,0.8542291541691661,0.49557522123893805,0.5663716814159292,1.0,,,,,,1.0,0.021313935988598473,1.0,1.0,False
963,REACTOME_REGULATION_OF_LIPID_METABOLISM_BY_PPARALPHA,113,0.35398230088495575,-0.021997686352941803,0.9993611873242993,0.0024558111031850673,0.6283185840707964,0.012058387096774396,0.004074845686885644,0.008149691373771289,0.4778761061946903,0.7136717621030457,0.7068822614919714,False,False,True,False,0.6490701859628074,0.42711457708458306,0.8542291541691661,0.49557522123893805,0.5663716814159292,1.0,,,,,,0.08425105395524467,0.033327948407475216,0.08425105395524467,1.0,False
964,KEGG_NEUROACTIVE_LIGAND_RECEPTOR_INTERACTION,266,0.4473684210526316,-0.0027891342372550177,0.9624056228399704,0.09764485501292375,0.45112781954887216,-0.004372499999999628,0.9511775724933847,0.12515357836206015,0.4774436090225564,0.7872712141709071,0.5000971262869333,True,False,False,False,0.7070585882823436,0.3359328134373125,0.671865626874625,0.4924812030075188,0.5413533834586466,1.0,,,,,,0.5832229906793628,0.2572601332997903,0.5832229906793628,1.0,False
965,REACTOME_RNA_POLYMERASE_II_TRANSCRIPTION,1190,0.4764705882352941,-0.005391786260785295,0.9507885271477541,0.11081456999134491,0.5857142857142857,0.01703254032258084,1.8320814678673856e-09,3.664162935734771e-09,0.4773109243697479,0.944592715005169,0.12440608747314524,False,False,True,False,0.862627474505099,0.15516896620675866,0.3103379324135173,0.49159663865546216,0.5159663865546219,1.0,,,,,,0.6085012076556536,1.8980364007106116e-07,0.6085012076556536,1.0,False
966,REACTOME_DISEASES_OF_PROGRAMMED_CELL_DEATH,44,0.5,-0.004086437539216111,0.5598020893596648,1.0,0.7045454545454546,0.05873000000000051,0.004779939428317492,0.009559878856634984,0.4772727272727273,0.674206086395543,0.8803958212806716,False,False,True,False,0.6400719856028795,0.46770645870825833,0.9354129174165167,0.5,0.6136363636363636,1.0,,,,,,1.0,0.03828879315260506,1.0,1.0,False
967,REACTOME_HIV_TRANSCRIPTION_INITIATION,44,0.5909090909090909,0.013617029313725375,0.14560761827294738,0.29121523654589476,0.5227272727272727,0.01701834677419369,0.4401979106403364,0.8803958212806728,0.4772727272727273,0.674206086395543,0.8803958212806716,True,False,False,False,0.6400719856028795,0.46770645870825833,0.9354129174165167,0.5,0.6136363636363636,1.0,,,,,,0.8349602907607389,0.9935621686784064,0.9935621686784064,1.0,False
968,REACTOME_RNA_POLYMERASE_I_TRANSCRIPTION,44,0.6136363636363636,0.010640108031372452,0.08708557363536361,0.17417114727072722,0.7272727272727273,0.06319778225806469,0.0018288834139639424,0.003657766827927885,0.4772727272727273,0.674206086395543,0.8803958212806716,True,False,True,False,0.6400719856028795,0.46770645870825833,0.9354129174165167,0.5,0.6136363636363636,1.0,,,,,,0.7136692525175852,0.0184550962681816,0.7136692525175852,1.0,False
969,REACTOME_RESPIRATORY_ELECTRON_TRANSPORT,130,0.4461538461538462,-0.016973607750980668,0.9059462579921251,0.2541245543101151,0.676923076923077,0.062170564516129095,3.3692034966204576e-05,6.738406993240915e-05,0.47692307692307695,0.7302902238591961,0.6611696831388649,False,False,True,False,0.6782643471305739,0.38812237552489504,0.7762447510497901,0.49230769230769234,0.5615384615384615,1.0,,,,,,0.792991079112287,0.0006755796430642827,0.792991079112287,1.0,False
970,REACTOME_LEISHMANIA_INFECTION,151,0.5033112582781457,0.001518036541176191,0.500000000000008,1.0,0.5629139072847682,0.013658306451613617,0.0713590380914839,0.1427180761829678,0.4768211920529801,0.7424187486144709,0.6255036238897301,True,False,False,False,0.6814637072585483,0.3773245350929814,0.7546490701859628,0.4900662251655629,0.5629139072847682,1.0,,,,,,1.0,0.2872848321092383,1.0,1.0,False
971,HALLMARK_IL6_JAK_STAT3_SIGNALING,84,0.5357142857142857,0.006881536729411569,0.29282339736062396,0.5856467947212479,0.5595238095238095,0.014490725806451943,0.16306708559599878,0.32613417119199756,0.47619047619047616,0.7071766026394201,0.743644186105236,True,False,False,False,0.6482703459308138,0.4339132173565287,0.8678264347130574,0.4880952380952381,0.5833333333333334,1.0,,,,,,1.0,0.5161023442284768,1.0,1.0,False
972,HALLMARK_WNT_BETA_CATENIN_SIGNALING,42,0.38095238095238093,-0.0219408948313727,0.9557852265061245,0.16414940178310555,0.6666666666666666,0.03776322580645187,0.02177926096192107,0.04355852192384214,0.47619047619047616,0.6780155218148155,0.877614328752315,False,False,True,False,0.6460707858428314,0.4683063387322535,0.936612677464507,0.5,0.6190476190476191,1.0,,,,,,0.7077938971296919,0.11674847925267652,0.7077938971296919,1.0,False
973,KEGG_AMINOACYL_TRNA_BIOSYNTHESIS,21,0.5714285714285714,0.006313372415686028,0.3318119049072274,0.6636238098144548,0.23809523809523808,-0.023548064516128585,0.9964013099670432,0.0266036987304688,0.47619047619047616,0.6681880950927742,1.0,False,False,False,False,0.6372725454909018,0.5198960207958409,1.0,0.47619047619047616,0.6666666666666666,1.0,,,,,,1.0,0.08202807108561214,1.0,1.0,False
974,REACTOME_C_TYPE_LECTIN_RECEPTORS_CLRS,126,0.48412698412698413,-0.003495969417647418,0.6719108891982835,0.7893959446881439,0.6746031746031746,0.06719266129032282,5.5105655559177406e-05,0.00011021131111835481,0.47619047619047616,0.7334736248662178,0.6561782216034336,False,False,True,False,0.6726654669066187,0.39132173565286943,0.7826434713057389,0.49206349206349204,0.5634920634920635,1.0,,,,,,1.0,0.0010443193748653863,1.0,1.0,False
975,REACTOME_PARACETAMOL_ADME,21,0.5238095238095238,0.0003814565686274486,0.5000000000000008,1.0,0.5714285714285714,0.01235080645161317,0.3318119049072274,0.6636238098144548,0.47619047619047616,0.6681880950927742,1.0,True,False,False,False,0.6372725454909018,0.5198960207958409,1.0,0.47619047619047616,0.6666666666666666,1.0,,,,,,1.0,0.8377509345667447,1.0,1.0,False
976,REACTOME_TRANSCRIPTIONAL_AND_POST_TRANSLATIONAL_REGULATION_OF_MITF_M_EXPRESSION_AND_ACTIVITY,42,0.5238095238095238,0.0020009920607843234,0.4388071643761586,0.8776143287523172,0.5714285714285714,0.020333145161290717,0.22039953367129753,0.44079906734259505,0.47619047619047616,0.6780155218148155,0.877614328752315,True,False,False,False,0.6460707858428314,0.4683063387322535,0.936612677464507,0.5,0.6190476190476191,1.0,,,,,,1.0,0.6360276236308197,1.0,1.0,False
977,REACTOME_METABOLISM_OF_LIPIDS,689,0.4005805515239477,-0.016647166576470786,0.9999999334665848,2.0186099255136867e-07,0.6110304789550073,0.014563064516129156,3.051064774924513e-09,6.102129549849026e-09,0.4760522496371553,0.9024093508935405,0.22277801023472335,False,False,True,False,0.8240351929614077,0.19616076784643072,0.39232153569286143,0.49201741654571846,0.5239477503628447,1.0,,,,,,0.00031369198242482693,2.873548278928905e-07,0.00031369198242482693,1.0,False
978,REACTOME_ADORA2B_MEDIATED_ANTI_INFLAMMATORY_CYTOKINES_PRODUCTION,40,0.625,0.00998363877450965,0.0769299720814146,0.1538599441628292,0.45,-0.008830685483870757,0.7852047460782913,0.6358280026288302,0.475,0.6820859986855652,0.8746293123804036,False,False,False,False,0.6486702659468107,0.471505698860228,0.943011397720456,0.5,0.625,1.0,,,,,,0.6970797470234321,0.812563088885857,0.812563088885857,1.0,False
979,REACTOME_HOMOLOGOUS_DNA_PAIRING_AND_STRAND_EXCHANGE,40,0.325,-0.02690030162549069,0.9917054983124929,0.03847730828419963,0.6,0.01225907258064549,0.13409362552738227,0.26818725105476454,0.475,0.6820859986855652,0.8746293123804036,False,False,False,False,0.6486702659468107,0.471505698860228,0.943011397720456,0.5,0.625,1.0,,,,,,0.402310979446309,0.4433648809990469,0.4433648809990469,1.0,False
980,REACTOME_REGULATION_OF_BETA_CELL_DEVELOPMENT,40,0.2,-0.01933970154117654,0.9999788614886513,0.00018216582975583056,0.625,0.01571588709677431,0.0769299720814146,0.1538599441628292,0.475,0.6820859986855652,0.8746293123804036,False,False,False,False,0.6486702659468107,0.471505698860228,0.943011397720456,0.5,0.625,1.0,,,,,,0.017248504242414295,0.299247000286654,0.299247000286654,1.0,False
981,REACTOME_TOLL_LIKE_RECEPTOR_CASCADES,160,0.45,-0.009177363100000321,0.9106113659754166,0.23558242646926417,0.5875,0.01469725806451643,0.016237045708335406,0.03247409141667081,0.475,0.7615589206373683,0.5801292063047049,False,False,True,False,0.7010597880423916,0.3597280543891222,0.7194561087782444,0.49375,0.55625,1.0,,,,,,0.7642903773136462,0.09686130146162465,0.7642903773136462,1.0,False
982,REACTOME_VASOPRESSIN_REGULATES_RENAL_WATER_HOMEOSTASIS_VIA_AQUAPORINS,40,0.575,0.0065244968960784175,0.21479525392168883,0.42959050784337766,0.5,0.00720491935483887,0.5626853438097785,1.0,0.475,0.6820859986855652,0.8746293123804036,True,False,False,False,0.6486702659468107,0.471505698860228,0.943011397720456,0.5,0.625,1.0,,,,,,0.9271995127619576,1.0,1.0,1.0,False
983,REACTOME_DISORDERS_OF_TRANSMEMBRANE_TRANSPORTERS,158,0.5126582278481012,0.0015294354294116427,0.40572830360210976,0.8114566072042195,0.569620253164557,0.016662137096774533,0.04723726761095996,0.09447453522191993,0.47468354430379744,0.7629469116071204,0.5777428358653188,True,False,True,False,0.7030593881223756,0.35752849430113975,0.7150569886022795,0.4936708860759494,0.5569620253164557,1.0,,,,,,1.0,0.21370222377709397,1.0,1.0,False
984,KEGG_SPLICEOSOME,118,0.5084745762711864,0.004216005901959428,0.4633521114738679,0.9267042229477358,0.711864406779661,0.07327108870967772,2.3622352850085457e-06,4.7244705700170914e-06,0.4745762711864407,0.7402545906216473,0.6454967635577976,True,False,True,False,0.6764647070585883,0.3925214957008598,0.7850429914017196,0.4915254237288136,0.5677966101694916,1.0,,,,,,1.0,7.810454538092085e-05,1.0,1.0,False
985,REACTOME_GLUCOSE_METABOLISM,78,0.44871794871794873,-0.007036742566666868,0.8459158840281946,0.4282070357175946,0.717948717948718,0.051179758064516356,7.474076936188939e-05,0.00014948153872377878,0.47435897435897434,0.7142066409984944,0.7343420330298737,False,False,True,False,0.6760647870425914,0.41271745650869823,0.8254349130173965,0.48717948717948717,0.5897435897435898,1.0,,,,,,0.9267879296728998,0.0013745225513417292,0.9267879296728998,1.0,False
986,REACTOME_HATS_ACETYLATE_HISTONES,78,0.34615384615384615,-0.035783779919608655,0.9978325595582861,0.00877171445706054,0.6153846153846154,0.01906068548387142,0.026772196084252135,0.05354439216850427,0.47435897435897434,0.7142066409984944,0.7343420330298737,False,False,True,False,0.6760647870425914,0.41271745650869823,0.8254349130173965,0.48717948717948717,0.5897435897435898,1.0,,,,,,0.19755426472858087,0.1370807008729088,0.19755426472858087,1.0,False
987,HALLMARK_MYC_TARGETS_V1,171,0.52046783625731,0.001296140705881117,0.32324167230766726,0.6464833446153345,0.8011695906432749,0.1287677419354841,3.7035048933971593e-16,7.407009786794319e-16,0.47368421052631576,0.7777335713499084,0.5408115779969226,True,False,True,False,0.7168566286742651,0.33993201359728054,0.6798640271945611,0.49122807017543857,0.5555555555555556,1.0,,,,,,1.0,1.9184155347797285e-13,1.0,1.0,False
988,KEGG_AMINO_SUGAR_AND_NUCLEOTIDE_SUGAR_METABOLISM,38,0.4473684210526316,-0.013603568337255225,0.7911539045817313,0.627102570157148,0.6578947368421053,0.047798749999999945,0.03647569425811518,0.07295138851623036,0.47368421052631576,0.6864487149214238,0.8714146793645329,False,False,True,False,0.6586682663467307,0.47270545890821836,0.9454109178164367,0.5,0.631578947368421,1.0,,,,,,1.0,0.17281472218631397,1.0,1.0,False
989,REACTOME_APC_C_MEDIATED_DEGRADATION_OF_CELL_CYCLE_PROTEINS,76,0.5131578947368421,0.004087469270587476,0.45438846263775456,0.9087769252755091,0.8026315789473685,0.10149600806451621,4.92142370736745e-08,9.8428474147349e-08,0.47368421052631576,0.7167132788006697,0.7310088822226168,True,False,True,False,0.6744651069786043,0.41411717656468705,0.8282343531293741,0.4868421052631579,0.5921052631578947,1.0,,,,,,1.0,2.885997147641139e-06,1.0,1.0,False
990,REACTOME_DISEASES_OF_METABOLISM,228,0.3333333333333333,-0.026096277543137574,0.9999998684265419,5.393770637838172e-07,0.6491228070175439,0.0286754435483874,3.938844883952803e-06,7.877689767905607e-06,0.47368421052631576,0.8053431572669327,0.46638947965446714,False,False,True,False,0.7470505898820236,0.29834033193361326,0.5966806638672265,0.49122807017543857,0.5482456140350878,1.0,,,,,,0.0003479633435332606,0.00012365585756894256,0.0003479633435332606,1.0,False
991,REACTOME_GLYCOSPHINGOLIPID_BIOSYNTHESIS,19,0.5263157894736842,0.015519472686274238,0.5000000000000013,1.0,0.5263157894736842,0.019227741935484224,0.5000000000000013,1.0,0.47368421052631576,0.6761970520019551,1.0,True,False,False,False,0.6562687462507498,0.5220955808838232,1.0,0.47368421052631576,0.6842105263157895,1.0,,,,,,1.0,1.0,1.0,1.0,False
992,REACTOME_REGULATION_OF_TLR_BY_ENDOGENOUS_LIGAND,19,0.3684210526315789,-0.012708711321568523,0.9164657592773461,0.35928344726562617,0.47368421052631576,-0.006309919354838222,0.6761970520019551,1.0,0.47368421052631576,0.6761970520019551,1.0,True,False,False,False,0.6562687462507498,0.5220955808838232,1.0,0.47368421052631576,0.6842105263157895,1.0,,,,,,0.8818141280367402,1.0,1.0,1.0,False
993,REACTOME_ROLE_OF_LAT2_NTAL_LAB_ON_CALCIUM_MOBILIZATION,19,0.3684210526315789,-0.015774667341176597,0.9164657592773461,0.35928344726562617,0.47368421052631576,-0.00417467741935473,0.6761970520019551,1.0,0.47368421052631576,0.6761970520019551,1.0,True,False,False,False,0.6562687462507498,0.5220955808838232,1.0,0.47368421052631576,0.6842105263157895,1.0,,,,,,0.8818141280367402,1.0,1.0,1.0,False
994,REACTOME_SUMOYLATION_OF_TRANSCRIPTION_FACTORS,19,0.42105263157894735,-0.013217011803921565,0.8203582763671896,0.6476058959960952,0.631578947368421,0.03814508064516141,0.17964172363281283,0.35928344726562567,0.47368421052631576,0.6761970520019551,1.0,False,False,False,False,0.6562687462507498,0.5220955808838232,1.0,0.47368421052631576,0.6842105263157895,1.0,,,,,,1.0,0.5452407002449053,1.0,1.0,False
995,REACTOME_UCH_PROTEINASES,76,0.4868421052631579,-0.00560892565882383,0.6344955588887071,0.9087769252755059,0.6973684210526315,0.11532875000000005,0.00038229086957753186,0.0007645817391550637,0.47368421052631576,0.7167132788006697,0.7310088822226168,False,False,True,False,0.6744651069786043,0.41411717656468705,0.8282343531293741,0.4868421052631579,0.5921052631578947,1.0,,,,,,1.0,0.005056000096370081,1.0,1.0,False
996,REACTOME_KEAP1_NFE2L2_PATHWAY,112,0.5625,0.00927914900588171,0.10956557374889676,0.21913114749779353,0.75,0.08218633064516162,5.553499772771046e-08,1.1106999545542092e-07,0.4732142857142857,0.7457434100132042,0.6367997716142629,True,False,True,False,0.7034593081383723,0.3639272145570886,0.7278544291141772,0.49107142857142855,0.5714285714285714,1.0,,,,,,0.7540774930103149,3.0821923738879303e-06,0.7540774930103149,1.0,False
997,REACTOME_REGULATION_OF_EXPRESSION_OF_SLITS_AND_ROBOS,112,0.5714285714285714,0.008022255539214686,0.07803315099688668,0.15606630199377336,0.7410714285714286,0.21941048387096798,1.645423084887668e-07,3.290846169775336e-07,0.4732142857142857,0.7457434100132042,0.6367997716142629,True,False,True,False,0.7034593081383723,0.3639272145570886,0.7278544291141772,0.49107142857142855,0.5714285714285714,1.0,,,,,,0.7009451829431323,7.86765376589365e-06,0.7009451829431323,1.0,False
998,HALLMARK_PROTEIN_SECRETION,93,0.5806451612903226,0.029326222431372447,0.07308851432357727,0.14617702864715454,0.7419354838709677,0.07920499999999996,1.6514470535179817e-06,3.3028941070359634e-06,0.4731182795698925,0.7329700691327007,0.6785320136533294,True,False,True,False,0.6934613077384523,0.38812237552489504,0.7762447510497901,0.4946236559139785,0.5806451612903226,1.0,,,,,,0.6780868731870989,5.579018959058573e-05,0.6780868731870989,1.0,False
999,REACTOME_FCERI_MEDIATED_NF_KB_ACTIVATION,74,0.527027027027027,0.003701938429411658,0.36377354174474485,0.7275470834894897,0.6756756756756757,0.08117891129032294,0.0016861166670740777,0.0033722333341481554,0.47297297297297297,0.7193096278505295,0.7275470834894938,True,False,True,False,0.6784643071385723,0.40271945610877824,0.8054389122175565,0.5,0.581081081081081,1.0,,,,,,1.0,0.017324012063044975,1.0,1.0,False
1000,REACTOME_TNFR2_NON_CANONICAL_NF_KB_PATHWAY,91,0.4725274725274725,-0.007827488458823832,0.7351989522619454,0.6752224599161204,0.6483516483516484,0.04170951612903256,0.003052760537262672,0.006105521074525344,0.4725274725274725,0.7351989522619454,0.6752224599161204,False,False,True,False,0.6918616276744651,0.3807238552289542,0.7614477104579084,0.4945054945054945,0.5824175824175825,1.0,,,,,,1.0,0.026651628510708947,1.0,1.0,False
1001,KEGG_DNA_REPLICATION,36,0.3611111111111111,-0.03300813838431364,0.9673773323884228,0.1324981639627369,0.7222222222222222,0.03426786290322585,0.005665492091793549,0.011330984183587097,0.4722222222222222,0.6911403414851519,0.8679394004284389,False,False,True,False,0.6538692261547691,0.47390521895620874,0.9478104379124175,0.5,0.6388888888888888,1.0,,,,,,0.6518056026446769,0.043664289833548205,0.6518056026446769,1.0,False
1002,REACTOME_RESOLUTION_OF_ABASIC_SITES_AP_SITES,36,0.4444444444444444,-0.0244321462745098,0.7974838769296183,0.6177193170296952,0.75,0.043281975806451975,0.001966586511116474,0.003933173022232948,0.4722222222222222,0.6911403414851519,0.8679394004284389,False,False,True,False,0.6538692261547691,0.47390521895620874,0.9478104379124175,0.5,0.6388888888888888,1.0,,,,,,1.0,0.019220600240723276,1.0,1.0,False
1003,REACTOME_RUNX1_REGULATES_GENES_INVOLVED_IN_MEGAKARYOCYTE_DIFFERENTIATION_AND_PLATELET_FUNCTION,36,0.3333333333333333,-0.032783610182353935,0.98559164017206,0.06524533522315325,0.5277777777777778,0.003645846774194045,0.4339697002142202,0.8679394004284404,0.4722222222222222,0.6911403414851519,0.8679394004284389,False,False,False,False,0.6538692261547691,0.47390521895620874,0.9478104379124175,0.5,0.6388888888888888,1.0,,,,,,0.48649633672249,0.9830742188526213,0.9830742188526213,1.0,False
1004,REACTOME_REPRODUCTION,89,0.30337078651685395,-0.020121379796079437,0.9999450368753078,0.0002655853429874646,0.5393258426966292,0.006116370967742105,0.2625073936462132,0.5250147872924265,0.47191011235955055,0.7374926063537796,0.671808649174611,False,False,False,False,0.6818636272745451,0.3903219356128774,0.7806438712257548,0.4943820224719101,0.5730337078651685,1.0,,,,,,0.021098598504386237,0.7181980452926326,0.7181980452926326,1.0,False
1005,REACTOME_SIGNALING_BY_ALK_IN_CANCER,89,0.48314606741573035,-0.009004263188235712,0.6640956754126877,0.8322577540225727,0.6966292134831461,0.041575645161290406,0.00013279267149373346,0.0002655853429874669,0.47191011235955055,0.7374926063537796,0.671808649174611,False,False,True,False,0.6818636272745451,0.3903219356128774,0.7806438712257548,0.4943820224719101,0.5730337078651685,1.0,,,,,,1.0,0.002172208542118545,1.0,1.0,False
1006,KEGG_INOSITOL_PHOSPHATE_METABOLISM,53,0.39622641509433965,-0.00964766843921619,0.9508146757797512,0.1689778222877192,0.7358490566037735,0.047961532258064585,0.00040116544344748185,0.0008023308868949637,0.4716981132075472,0.7084339228694083,0.7838463022094994,False,False,True,False,0.6640671865626875,0.4339132173565287,0.8678264347130574,0.49056603773584906,0.6037735849056604,1.0,,,,,,0.7077938971296919,0.005238748732078881,0.7077938971296919,1.0,False
1007,REACTOME_GLYCOSPHINGOLIPID_METABOLISM,53,0.39622641509433965,-0.012110327737254884,0.9508146757797512,0.1689778222877192,0.5471698113207547,0.019227741935484224,0.2915660771305873,0.5831321542611746,0.4716981132075472,0.7084339228694083,0.7838463022094994,False,False,False,False,0.6640671865626875,0.4339132173565287,0.8678264347130574,0.49056603773584906,0.6037735849056604,1.0,,,,,,0.7077938971296919,0.7653609524677949,0.7653609524677949,1.0,False
1008,REACTOME_NUCLEOTIDE_BINDING_DOMAIN_LEUCINE_RICH_REPEAT_CONTAINING_RECEPTOR_NLR_SIGNALING_PATHWAYS,53,0.5471698113207547,0.008548530156861533,0.2915660771305873,0.5831321542611746,0.5849056603773585,0.012179354838709652,0.13583958303275165,0.2716791660655033,0.4716981132075472,0.7084339228694083,0.7838463022094994,True,False,False,False,0.6640671865626875,0.4339132173565287,0.8678264347130574,0.49056603773584906,0.6037735849056604,1.0,,,,,,1.0,0.44866038689244647,1.0,1.0,False
1009,REACTOME_SIGNALING_BY_TGFB_FAMILY_MEMBERS,155,0.44516129032258067,-0.012133136619609233,0.9260011844883059,0.19858360530805,0.6,0.03617370967741936,0.00784680936186017,0.01569361872372034,0.47096774193548385,0.7890305834935266,0.5206333734262453,False,False,True,False,0.7326534693061387,0.3217356528694261,0.6434713057388523,0.49032258064516127,0.5612903225806452,1.0,,,,,,0.750775606975806,0.054681353131527825,0.750775606975806,1.0,False
1010,HALLMARK_ESTROGEN_RESPONSE_EARLY,189,0.3862433862433862,-0.017570796486274708,0.9993451191567513,0.0021659721611009806,0.6190476190476191,0.028163145161290648,0.0006548808433215915,0.001309761686643183,0.4708994708994709,0.8086077028748555,0.4670792638741319,False,False,True,False,0.7480503899220156,0.2997400519896021,0.5994801039792041,0.49206349206349204,0.5502645502645502,1.0,,,,,,0.0841480184587731,0.007858570119859097,0.0841480184587731,1.0,False
1011,KEGG_PRIMARY_IMMUNODEFICIENCY,34,0.4117647058823529,-0.016637152039215817,0.8852594934869586,0.39152830513194314,0.5294117647058824,0.00795209677419393,0.4320831202203426,0.8641662404406852,0.47058823529411764,0.6962043193634624,0.8641662404406848,False,False,False,False,0.6686662667466506,0.46190761847630474,0.9238152369526095,0.5,0.6176470588235294,1.0,,,,,,0.9028945444967527,0.9802294435363685,0.9802294435363685,1.0,False
1012,KEGG_VASCULAR_SMOOTH_MUSCLE_CONTRACTION,102,0.4411764705882353,-0.003643391792156915,0.9011050684659617,0.27601389249250113,0.5784313725490197,0.020056250000000428,0.06854940287801697,0.13709880575603395,0.47058823529411764,0.7557827677336887,0.6207676687971192,False,False,False,False,0.708258348330334,0.3665266946610678,0.7330533893221356,0.49019607843137253,0.5686274509803921,1.0,,,,,,0.8167747550167977,0.2766903170712685,0.8167747550167977,1.0,False
1013,REACTOME_GLYCOSPHINGOLIPID_CATABOLISM,34,0.3235294117647059,-0.026375149692157002,0.9878467449452761,0.05761267291381973,0.5588235294117647,0.027592459677419676,0.3037956806365412,0.6075913612730824,0.47058823529411764,0.6962043193634624,0.8641662404406848,False,False,False,False,0.6686662667466506,0.46190761847630474,0.9238152369526095,0.5,0.6176470588235294,1.0,,,,,,0.4755195593466722,0.7822675852679123,0.7822675852679123,1.0,False
1014,REACTOME_MITOCHONDRIAL_TRNA_AMINOACYLATION,17,0.5882352941176471,0.006313372415686028,0.3145294189453131,0.6290588378906262,0.29411764705882354,-0.03615983870967711,0.9754791259765658,0.1434631347656256,0.47058823529411764,0.6854705810546903,1.0,False,False,False,False,0.6662667466506699,0.5238952209558089,1.0,0.47058823529411764,0.7058823529411765,1.0,,,,,,1.0,0.2872960198785853,1.0,1.0,False
1015,REACTOME_PROTEIN_HYDROXYLATION,17,0.4117647058823529,-0.019535229690197466,0.8338470458984406,0.6290588378906263,0.8235294117647058,0.07034975806451617,0.006362915039062509,0.012725830078125017,0.47058823529411764,0.6854705810546903,1.0,False,False,True,False,0.6662667466506699,0.5238952209558089,1.0,0.47058823529411764,0.7058823529411765,1.0,,,,,,1.0,0.04631367667776646,1.0,1.0,False
1016,REACTOME_SIGNALLING_TO_ERKS,34,0.38235294117647056,-0.007604909421568843,0.9392752575222434,0.22948101302609,0.6764705882352942,0.03042830645161313,0.028806336456909814,0.05761267291381963,0.47058823529411764,0.6962043193634624,0.8641662404406848,False,False,True,False,0.6686662667466506,0.46190761847630474,0.9238152369526095,0.5,0.6176470588235294,1.0,,,,,,0.7540774930103149,0.1441708433302346,0.7540774930103149,1.0,False
1017,REACTOME_SIGNALING_BY_WNT,251,0.38247011952191234,-0.009829293635295127,0.99992889671355,0.00023664152254884239,0.5617529880478087,0.025181290322580836,0.029031984757557267,0.058063969515114534,0.4701195219123506,0.8437322308685022,0.3769088032875516,False,False,True,False,0.7768446310737852,0.2631473705258948,0.5262947410517896,0.4940239043824701,0.545816733067729,1.0,,,,,,0.020430051446716727,0.1450665733544823,0.1450665733544823,1.0,False
1018,KEGG_FC_GAMMA_R_MEDIATED_PHAGOCYTOSIS,83,0.4819277108433735,-0.0037570397607842518,0.6695581761193979,0.8264047244491957,0.5783132530120482,0.021912741935484422,0.09372993398309676,0.18745986796619352,0.46987951807228917,0.7447950291593879,0.6608836477612126,False,False,False,False,0.6970605878824235,0.3869226154769046,0.7738452309538092,0.4939759036144578,0.5783132530120482,1.0,,,,,,1.0,0.3480437691988826,1.0,1.0,False
1019,KEGG_TGF_BETA_SIGNALING_PATHWAY,83,0.4457831325301205,-0.009333849894118479,0.8638655270139796,0.3799993964119181,0.6144578313253012,0.037994677419355395,0.023762444628266433,0.047524889256532865,0.46987951807228917,0.7447950291593879,0.6608836477612126,False,False,True,False,0.6970605878824235,0.3869226154769046,0.7738452309538092,0.4939759036144578,0.5783132530120482,1.0,,,,,,0.9028945444967527,0.1253882477158779,0.9028945444967527,1.0,False
1020,REACTOME_CIRCADIAN_CLOCK,66,0.4090909090909091,-0.013299117405882457,0.9455715177951484,0.17528579444303596,0.696969696969697,0.08401891129032263,0.0009291151537829064,0.0018582303075658129,0.4696969696969697,0.7307086123770326,0.7122308826373549,False,False,True,False,0.6872625474905019,0.40631873625274945,0.8126374725054989,0.48484848484848486,0.5909090909090909,1.0,,,,,,0.7136692525175852,0.010577618673836166,0.7136692525175852,1.0,False
1021,REACTOME_NEGATIVE_REGULATION_OF_THE_PI3K_AKT_NETWORK,113,0.48672566371681414,-0.0021262446274522627,0.646558869254038,0.8508699225134777,0.504424778761062,0.0005328225806454972,0.500000000000011,1.0,0.4690265486725664,0.7740733656671491,0.5726564757939564,False,False,False,False,0.7156568686262748,0.35112977404519097,0.7022595480903819,0.49557522123893805,0.5663716814159292,1.0,,,,,,1.0,1.0,1.0,1.0,False
1022,REACTOME_BIOLOGICAL_OXIDATIONS,177,0.4406779661016949,-0.013307091356863547,0.9510351448015568,0.13253419223811397,0.6101694915254238,0.02153250000000005,0.002078206291087372,0.004156412582174744,0.4689265536723164,0.8164430776010329,0.4523583023637196,False,False,True,False,0.7624475104979004,0.2871425714857029,0.5742851429714058,0.4915254237288136,0.5536723163841808,1.0,,,,,,0.6518056026446769,0.02011495773268185,0.6518056026446769,1.0,False
1023,REACTOME_GLUCAGON_TYPE_LIGAND_RECEPTORS,32,0.46875,-0.006363773303921716,0.7016925520729221,0.8600500659085736,0.4375,-0.0057948387096769475,0.811457206262269,0.5966148958541402,0.46875,0.7016925520729221,0.8600500659085736,True,False,False,False,0.6650669866026795,0.46870625874825034,0.9374125174965007,0.5,0.625,1.0,,,,,,1.0,0.7791439458989858,1.0,1.0,False
1024,REACTOME_TCF_DEPENDENT_SIGNALING_IN_RESPONSE_TO_WNT,158,0.41139240506329117,-0.009556074160784366,0.9896231304160361,0.0313866360533668,0.6012658227848101,0.039196653225806864,0.00670060204363686,0.01340120408727372,0.46835443037974683,0.8092132772677135,0.47410617678558337,False,False,True,False,0.7598480303939212,0.2971405718856229,0.5942811437712457,0.4936708860759494,0.5569620253164557,1.0,,,,,,0.39209903109437677,0.048318958588453274,0.39209903109437677,1.0,False
1025,HALLMARK_HYPOXIA,188,0.4521276595744681,-0.011393191941177553,0.9171694141504451,0.21492179659283164,0.7393617021276596,0.0944510887096775,1.7937762034436927e-11,3.5875524068873854e-11,0.46808510638297873,0.8284548605374564,0.42247890957581685,False,False,True,False,0.7650469906018796,0.28054389122175566,0.5610877824435113,0.4946808510638298,0.5531914893617021,1.0,,,,,,0.7540774930103149,3.0972535779461094e-09,0.7540774930103149,1.0,False
1026,REACTOME_DISEASES_OF_DNA_REPAIR,47,0.3404255319148936,-0.027455657223530185,0.9906880816924857,0.039986056826051705,0.574468085106383,0.007998467741935793,0.19084669883160402,0.38169339766320803,0.46808510638297873,0.7199676852098865,0.7708669945730195,False,False,False,False,0.6876624675064987,0.42391521695660866,0.8478304339132173,0.48936170212765956,0.6170212765957447,1.0,,,,,,0.41038859373668546,0.5736475241476066,0.5736475241476066,1.0,False
1027,REACTOME_SIGNALING_BY_NOTCH3,47,0.48936170212765956,-0.0026681123529412286,0.6145665027134789,0.9999999999999912,0.6808510638297872,0.025557499999999955,0.009311918307503157,0.018623836615006314,0.46808510638297873,0.7199676852098865,0.7708669945730195,False,False,True,False,0.6876624675064987,0.42391521695660866,0.8478304339132173,0.48936170212765956,0.6170212765957447,1.0,,,,,,1.0,0.06291617847765177,1.0,1.0,False
1028,REACTOME_STABILIZATION_OF_P53,47,0.5319148936170213,0.005326989666665196,0.38543349728650805,0.7708669945730161,0.8085106382978723,0.15708991935483885,1.2452015312191985e-05,2.490403062438397e-05,0.46808510638297873,0.7199676852098865,0.7708669945730195,True,False,True,False,0.6876624675064987,0.42391521695660866,0.8478304339132173,0.48936170212765956,0.6170212765957447,1.0,,,,,,1.0,0.0003047312093723834,1.0,1.0,False
1029,REACTOME_ESR_MEDIATED_SIGNALING,156,0.5192307692307693,0.005224400888234635,0.3445271364657485,0.689054272931497,0.5641025641025641,0.016394758064516634,0.06396883785182343,0.12793767570364686,0.46794871794871795,0.8107314914759798,0.47128610321961706,True,False,False,False,0.7546490701859628,0.3007398520295941,0.6014797040591882,0.4935897435897436,0.5576923076923077,1.0,,,,,,1.0,0.262289113513809,1.0,1.0,False
1030,KEGG_COLORECTAL_CANCER,62,0.46774193548387094,-0.011937586145098725,0.7371133199121678,0.7035366713552629,0.6774193548387096,0.04878774193548415,0.003574366916581482,0.007148733833162964,0.46774193548387094,0.7371133199121678,0.7035366713552629,False,False,True,False,0.6956608678264347,0.3977204559088182,0.7954409118176364,0.4838709677419355,0.5967741935483871,1.0,,,,,,1.0,0.030187859719389257,1.0,1.0,False
1031,REACTOME_CELLULAR_RESPONSE_TO_CHEMICAL_STRESS,186,0.543010752688172,0.00560032784117594,0.13567618368654955,0.2713523673730991,0.7311827956989247,0.058769274193548576,1.0969417016667824e-10,2.1938834033335648e-10,0.46774193548387094,0.8297465403853866,0.41999490986836874,True,False,True,False,0.7752449510097981,0.27034593081383723,0.5406918616276745,0.4946236559139785,0.553763440860215,1.0,,,,,,0.8072455527070638,1.5496794585365273e-08,0.8072455527070638,1.0,False
1032,REACTOME_INTRACELLULAR_SIGNALING_BY_SECOND_MESSENGERS,293,0.48464163822525597,-0.003390362858823829,0.7204221238703786,0.6403135571638328,0.6075085324232082,0.03237016129032294,0.00013911463718168176,0.0002782292743633635,0.46757679180887374,0.8787040028232332,0.2929823745694733,False,False,True,False,0.8164367126574685,0.21475704859028194,0.4295140971805639,0.49146757679180886,0.5426621160409556,1.0,,,,,,1.0,0.002240250219485321,1.0,1.0,False
1033,REACTOME_CLASS_A_1_RHODOPSIN_LIKE_RECEPTORS,308,0.4707792207792208,-0.0027891342372550177,0.8605235880115794,0.3327210453188516,0.4707792207792208,-0.0028879435483868256,0.8605235880115794,0.3327210453188516,0.4675324675324675,0.8842930761046588,0.2789528239772685,True,False,False,False,0.8214357128574286,0.20995800839832032,0.41991601679664065,0.4935064935064935,0.538961038961039,1.0,,,,,,0.8687501015742283,0.5227992966890752,0.8687501015742283,1.0,False
1034,KEGG_BASAL_TRANSCRIPTION_FACTORS,30,0.6333333333333333,0.03006948895098001,0.10024421103298746,0.20048842206597492,0.36666666666666664,-0.0147350806451612,0.9506314266473139,0.20048842206597484,0.4666666666666667,0.70766764413566,0.8555355519056387,False,False,False,False,0.6706658668266346,0.4751049790041992,0.9502099580083984,0.5,0.6333333333333333,1.0,,,,,,0.750775606975806,0.36654000928297065,0.750775606975806,1.0,False
1035,KEGG_GLYCOSPHINGOLIPID_BIOSYNTHESIS_GANGLIO_SERIES,15,0.6,0.016069616415685942,0.3036193847656248,0.6072387695312496,0.4666666666666667,-0.005290161290322264,0.6963806152343749,0.9999999999999998,0.4666666666666667,0.6963806152343749,0.9999999999999998,False,False,False,False,0.6826634673065387,0.5202959408118376,1.0,0.4666666666666667,0.7333333333333333,1.0,,,,,,1.0,1.0,1.0,1.0,False
1036,KEGG_GLYOXYLATE_AND_DICARBOXYLATE_METABOLISM,15,0.4,-0.005463565278432673,0.8491210937499997,0.6072387695312499,0.4,-0.014996612903225306,0.8491210937499997,0.6072387695312499,0.4666666666666667,0.6963806152343749,0.9999999999999998,True,False,False,False,0.6826634673065387,0.5202959408118376,1.0,0.4666666666666667,0.7333333333333333,1.0,,,,,,1.0,0.7822675852679123,1.0,1.0,False
1037,KEGG_OTHER_GLYCAN_DEGRADATION,15,0.2,-0.06604131148235355,0.9963073730468748,0.035156250000000056,0.6,0.015282016129032612,0.3036193847656248,0.6072387695312496,0.4666666666666667,0.6963806152343749,0.9999999999999998,False,False,False,False,0.6826634673065387,0.5202959408118376,1.0,0.4666666666666667,0.7333333333333333,1.0,,,,,,0.39624933376907995,0.7822675852679123,0.7822675852679123,1.0,False
1038,KEGG_PEROXISOME,75,0.44,-0.011484255474510109,0.8759771290537143,0.355699239081476,0.6266666666666667,0.01834903225806472,0.018477452013683757,0.036954904027367515,0.4666666666666667,0.7556585145484094,0.64446391389421,False,False,True,False,0.7244551089782043,0.3675264947010598,0.7350529894021196,0.49333333333333335,0.5866666666666667,1.0,,,,,,0.8818141280367402,0.10460459172773974,0.8818141280367402,1.0,False
1039,KEGG_TERPENOID_BACKBONE_BIOSYNTHESIS,15,0.13333333333333333,-0.07748362725882457,0.9995117187499997,0.007385253906250018,0.6666666666666666,0.012859516129032258,0.1508789062499999,0.3017578124999998,0.4666666666666667,0.6963806152343749,0.9999999999999998,False,False,False,False,0.6826634673065387,0.5202959408118376,1.0,0.4666666666666667,0.7333333333333333,1.0,,,,,,0.1797007598321551,0.4834346810567009,0.4834346810567009,1.0,False
1040,REACTOME_ASSEMBLY_OF_THE_HIV_VIRION,15,0.3333333333333333,-0.036481612588236303,0.9407653808593748,0.30175781249999994,0.7333333333333333,0.08333209677419351,0.059234619140624965,0.11846923828124993,0.4666666666666667,0.6963806152343749,0.9999999999999998,False,False,False,False,0.6826634673065387,0.5202959408118376,1.0,0.4666666666666667,0.7333333333333333,1.0,,,,,,0.8455877169310615,0.24645407803087335,0.8455877169310615,1.0,False
1041,REACTOME_DEPOLYMERIZATION_OF_THE_NUCLEAR_LAMINA,15,0.26666666666666666,-0.03896127094901955,0.9824218749999997,0.11846923828124988,0.6666666666666666,0.039271209677419455,0.1508789062499999,0.3017578124999998,0.4666666666666667,0.6963806152343749,0.9999999999999998,False,False,False,False,0.6826634673065387,0.5202959408118376,1.0,0.4666666666666667,0.7333333333333333,1.0,,,,,,0.6344795972607254,0.4834346810567009,0.6344795972607254,1.0,False
1042,REACTOME_DOWNREGULATION_OF_SMAD2_3_SMAD4_TRANSCRIPTIONAL_ACTIVITY,30,0.43333333333333335,-0.008225318725491131,0.8192026959732248,0.5846647117286976,0.7,0.17759262096774214,0.02138697262853407,0.04277394525706814,0.4666666666666667,0.70766764413566,0.8555355519056387,False,False,True,False,0.6706658668266346,0.4751049790041992,0.9502099580083984,0.5,0.6333333333333333,1.0,,,,,,1.0,0.11600473111602773,1.0,1.0,False
1043,REACTOME_FORMATION_OF_THE_BETA_CATENIN_TCF_TRANSACTIVATING_COMPLEX,30,0.3,-0.044810719992157126,0.9919375991448849,0.04277394525706797,0.5,0.010218104838709916,0.5722322240471894,1.0,0.4666666666666667,0.70766764413566,0.8555355519056387,False,False,False,False,0.6706658668266346,0.4751049790041992,0.9502099580083984,0.5,0.6333333333333333,1.0,,,,,,0.41038859373668546,1.0,1.0,1.0,False
1044,REACTOME_MRNA_DECAY_BY_5_TO_3_EXORIBONUCLEASE,15,0.5333333333333333,0.017623637043136738,0.49999999999999983,0.9999999999999997,0.8,0.07327104838709704,0.017578125000000014,0.03515625000000003,0.4666666666666667,0.6963806152343749,0.9999999999999998,True,False,True,False,0.6826634673065387,0.5202959408118376,1.0,0.4666666666666667,0.7333333333333333,1.0,,,,,,1.0,0.10104280080769665,1.0,1.0,False
1045,REACTOME_N_GLYCAN_TRIMMING_IN_THE_ER_AND_CALNEXIN_CALRETICULIN_CYCLE,30,0.6666666666666666,0.006768411805881462,0.04936857335269498,0.09873714670538997,0.5333333333333333,0.005494354838709966,0.42776777595281984,0.8555355519056397,0.4666666666666667,0.70766764413566,0.8555355519056387,True,True,False,False,0.6706658668266346,0.4751049790041992,0.9502099580083984,0.5,0.6333333333333333,1.0,,,,,,0.5856394121380765,0.9739943206310359,0.9739943206310359,1.0,False
1046,REACTOME_REGULATION_OF_PYRUVATE_DEHYDROGENASE_PDH_COMPLEX,15,0.4666666666666667,-0.008070870674509265,0.6963806152343749,0.9999999999999998,0.2,-0.036428145161290046,0.9963073730468748,0.035156250000000056,0.4666666666666667,0.6963806152343749,0.9999999999999998,True,False,False,False,0.6826634673065387,0.5202959408118376,1.0,0.4666666666666667,0.7333333333333333,1.0,,,,,,1.0,0.10104280080769665,1.0,1.0,False
1047,REACTOME_SIGNALING_BY_MET,75,0.4666666666666667,-0.0021262446274522627,0.7556585145484094,0.64446391389421,0.68,0.04619056451612902,0.0012221142496074756,0.002444228499214951,0.4666666666666667,0.7556585145484094,0.64446391389421,False,False,True,False,0.7244551089782043,0.3675264947010598,0.7350529894021196,0.49333333333333335,0.5866666666666667,1.0,,,,,,1.0,0.013421664621130862,1.0,1.0,False
1048,REACTOME_SPECIFICATION_OF_THE_NEURAL_PLATE_BORDER,15,0.4666666666666667,-0.009798320580392499,0.6963806152343749,0.9999999999999998,0.3333333333333333,-0.012437822580645037,0.9407653808593748,0.30175781249999994,0.4666666666666667,0.6963806152343749,0.9999999999999998,True,False,False,False,0.6826634673065387,0.5202959408118376,1.0,0.4666666666666667,0.7333333333333333,1.0,,,,,,1.0,0.4834346810567009,1.0,1.0,False
1049,REACTOME_TRANSCRIPTIONAL_REGULATION_BY_RUNX1,165,0.4909090909090909,-0.003390362858823829,0.6221970623408098,0.8763306838959907,0.6121212121212121,0.033463145161290495,0.0024581766554866145,0.004916353310973229,0.4666666666666667,0.8248828173084368,0.43636822805368847,False,False,True,False,0.7660467906418716,0.28054389122175566,0.5610877824435113,0.4909090909090909,0.5575757575757576,1.0,,,,,,1.0,0.022470626603683524,1.0,1.0,False
1050,KEGG_MAPK_SIGNALING_PATHWAY,253,0.41106719367588934,-0.011409453866666848,0.9981287780894373,0.005564762620425149,0.6205533596837944,0.01706572580645177,7.564342809271634e-05,0.00015128685618543268,0.466403162055336,0.8711309016292693,0.31445712826342853,False,False,True,False,0.8088382323535293,0.22835432913417317,0.45670865826834633,0.4901185770750988,0.5454545454545454,1.0,,,,,,0.14657018834136748,0.0013829398500715435,0.14657018834136748,1.0,False
1051,REACTOME_DEUBIQUITINATION,221,0.47058823529411764,-0.00816664159607899,0.8268267615469664,0.4196092533298939,0.6244343891402715,0.04102669354838706,0.00013137263396217105,0.0002627452679243421,0.4660633484162896,0.8591120528522457,0.34634647690638215,False,False,True,False,0.8016396720655868,0.2393521295740852,0.4787042591481704,0.49321266968325794,0.5475113122171946,1.0,,,,,,0.9210189514320003,0.0021676801620477124,0.9210189514320003,1.0,False
1052,REACTOME_MYD88_INDEPENDENT_TLR4_CASCADE,103,0.47572815533980584,-0.006656905650981029,0.7226994666675391,0.6936859650244591,0.5631067961165048,0.014703387096774712,0.11845093889014181,0.23690187778028363,0.46601941747572817,0.7846554668459088,0.5546010666648514,False,False,False,False,0.7346530693861227,0.33313337332533494,0.6662667466506699,0.49514563106796117,0.5728155339805825,1.0,,,,,,1.0,0.4075772286512888,1.0,1.0,False
1053,REACTOME_G1_S_DNA_DAMAGE_CHECKPOINTS,58,0.5689655172413793,0.008373284056861238,0.17907165090306612,0.35814330180613224,0.7931034482758621,0.11774229838709682,4.109831981666164e-06,8.219663963332328e-06,0.46551724137931033,0.744078845780904,0.6940040940761207,True,False,True,False,0.6968606278744252,0.40091981603679266,0.8018396320735853,0.4827586206896552,0.603448275862069,1.0,,,,,,0.8818141280367402,0.00012667984681340684,0.8818141280367402,1.0,False
1054,REACTOME_BASE_EXCISION_REPAIR,43,0.37209302325581395,-0.02919818806666743,0.9670029827721023,0.12628947438543128,0.7209302325581395,0.041211129032258265,0.002700786327295674,0.005401572654591348,0.46511627906976744,0.7288079940717592,0.7607916425613457,False,False,True,False,0.7002599480103979,0.4189162167566487,0.8378324335132974,0.4883720930232558,0.627906976744186,1.0,,,,,,0.6437487075896308,0.024051701734197576,0.6437487075896308,1.0,False
1055,REACTOME_TRANSCRIPTIONAL_REGULATION_BY_SMALL_RNAS,43,0.4883720930232558,-0.0010528727098041354,0.619604178719329,1.0,0.6976744186046512,0.05107975806451618,0.006859092529339275,0.01371818505867855,0.46511627906976744,0.7288079940717592,0.7607916425613457,False,False,True,False,0.7002599480103979,0.4189162167566487,0.8378324335132974,0.4883720930232558,0.627906976744186,1.0,,,,,,1.0,0.04900703351996889,1.0,1.0,False
1056,REACTOME_GASTRULATION,114,0.43859649122807015,-0.008011203511765047,0.9201192461075425,0.22323036245555614,0.6228070175438597,0.03258495967741959,0.005559296724382591,0.011118593448765183,0.4649122807017544,0.8003134065597736,0.5122548722298765,False,False,True,False,0.7414517096580684,0.3167366526694661,0.6334733053389322,0.49122807017543857,0.5701754385964912,1.0,,,,,,0.7540774930103149,0.043501877194431916,0.7540774930103149,1.0,False
1057,REACTOME_CHROMATIN_MODIFYING_ENZYMES,198,0.4090909090909091,-0.014284827870588717,0.9958067573051882,0.012672957953536455,0.6212121212121212,0.028087459677419636,0.00039722831311454185,0.0007944566262290837,0.46464646464646464,0.8568021850541335,0.3555851763660012,False,False,True,False,0.7946410717856429,0.2445510897820436,0.4891021795640872,0.494949494949495,0.5505050505050505,1.0,,,,,,0.2311254040948289,0.005209221928945132,0.2311254040948289,1.0,False
1058,REACTOME_NUCLEOTIDE_EXCISION_REPAIR,99,0.45454545454545453,-0.005392056435295921,0.8425600544811955,0.42152334361577376,0.7272727272727273,0.06926427419354883,3.4503495428861842e-06,6.9006990857723685e-06,0.46464646464646464,0.7892383281921199,0.546713483598816,False,False,True,False,0.7486502699460108,0.31953609278144374,0.6390721855628875,0.494949494949495,0.5757575757575758,1.0,,,,,,0.9210189514320003,0.00010942537121724755,0.9210189514320003,1.0,False
1059,REACTOME_HIV_ELONGATION_ARREST_AND_RECOVERY,28,0.42857142857142855,-0.010352626680393351,0.8275357745587762,0.5715881884098001,0.6071428571428571,0.09605584677419401,0.17246422544121584,0.3449284508824317,0.4642857142857143,0.714205905795092,0.850554019212717,False,False,False,False,0.6942611477704459,0.4527094581083783,0.9054189162167566,0.5,0.6428571428571429,1.0,,,,,,1.0,0.5280973523855161,1.0,1.0,False
1060,REACTOME_THE_ROLE_OF_NEF_IN_HIV_1_REPLICATION_AND_DISEASE_PATHOGENESIS,28,0.4642857142857143,-0.004188280962745754,0.714205905795092,0.850554019212717,0.6428571428571429,0.05961282258064539,0.09246667101979189,0.18493334203958378,0.4642857142857143,0.714205905795092,0.850554019212717,False,False,False,False,0.6942611477704459,0.4527094581083783,0.9054189162167566,0.5,0.6428571428571429,1.0,,,,,,1.0,0.3437636525472646,1.0,1.0,False
1061,REACTOME_TIGHT_JUNCTION_INTERACTIONS,28,0.32142857142857145,-0.01462221205294157,0.9821509309112947,0.08715855330228726,0.6428571428571429,0.012723467741935451,0.09246667101979189,0.18493334203958378,0.4642857142857143,0.714205905795092,0.850554019212717,False,False,False,False,0.6942611477704459,0.4527094581083783,0.9054189162167566,0.5,0.6428571428571429,1.0,,,,,,0.5528342523745078,0.3437636525472646,0.5528342523745078,1.0,False
1062,REACTOME_GPCR_LIGAND_BINDING,429,0.4568764568764569,-0.0037637997882353745,0.96678432969265,0.0820735364852291,0.46153846153846156,-0.004451129032257639,0.9497128976509731,0.12225175533079184,0.46386946386946387,0.938874122334495,0.147415143251457,True,False,False,False,0.8862227554489103,0.13277344531093782,0.26554689062187564,0.49184149184149184,0.5314685314685315,1.0,,,,,,0.5314261487418583,0.2516281162702656,0.5314261487418583,1.0,False
1063,KEGG_STEROID_HORMONE_BIOSYNTHESIS,41,0.36585365853658536,-0.022210436376470848,0.9702080559909445,0.11727520595741031,0.6585365853658537,0.015877096774193803,0.029791944009047847,0.05958388801809569,0.4634146341463415,0.7336453723819385,0.7552286575046243,False,False,True,False,0.6994601079784043,0.4117176564687063,0.8234353129374126,0.4878048780487805,0.6097560975609756,1.0,,,,,,0.6306078548713343,0.14627703314395055,0.6306078548713343,1.0,False
1064,REACTOME_INTEGRIN_CELL_SURFACE_INTERACTIONS,82,0.43902439024390244,-0.004513806023529506,0.8878777358469135,0.32029336363799626,0.7073170731707317,0.05778403225806484,0.00011098201749668395,0.0002219640349933679,0.4634146341463415,0.78014728540705,0.5811144541766122,False,False,True,False,0.743251349730054,0.33993201359728054,0.6798640271945611,0.4878048780487805,0.5853658536585366,1.0,,,,,,0.8686490176150894,0.0018668576860221603,0.8686490176150894,1.0,False
1065,REACTOME_RAB_GEFS_EXCHANGE_GTP_FOR_GDP_ON_RABS,82,0.45121951219512196,-0.004396724850980593,0.8398533181809505,0.43970542918579736,0.6219512195121951,0.04129318548387109,0.017620720089373095,0.03524144017874619,0.4634146341463415,0.78014728540705,0.5811144541766122,False,False,True,False,0.743251349730054,0.33993201359728054,0.6798640271945611,0.4878048780487805,0.5853658536585366,1.0,,,,,,0.9422307436731675,0.10104280080769665,0.9422307436731675,1.0,False
1066,HALLMARK_COAGULATION,136,0.39705882352941174,-0.014953756909804067,0.99369774356509,0.020260011254246403,0.5661764705882353,0.012968991935483967,0.07231823257875938,0.14463646515751877,0.4632352941176471,0.827203717069541,0.4403825433795239,False,False,False,False,0.7748450309938012,0.27854429114177165,0.5570885822835433,0.49264705882352944,0.5661764705882353,1.0,,,,,,0.3040322922873609,0.2886487655057255,0.3040322922873609,1.0,False
1067,REACTOME_FORMATION_OF_THE_CORNIFIED_ENVELOPE,95,0.4421052631578947,-0.00897500992156882,0.8909731590647075,0.3048851907022642,0.5368421052631579,0.0020461290322583026,0.26919701314607386,0.5383940262921477,0.4631578947368421,0.7940449631594751,0.5383940262921487,False,False,False,False,0.7608478304339132,0.3057388522295541,0.6114777044591082,0.49473684210526314,0.5789473684210527,1.0,,,,,,0.8471401067490291,0.7352059023356744,0.8471401067490291,1.0,False
1068,REACTOME_PHASE_I_FUNCTIONALIZATION_OF_COMPOUNDS,95,0.4842105263157895,-0.0013576182509809896,0.6591287470408755,0.837556070729033,0.5789473684210527,0.006014274193549025,0.075259031945111,0.150518063890222,0.4631578947368421,0.7940449631594751,0.5383940262921487,False,False,False,False,0.7608478304339132,0.3057388522295541,0.6114777044591082,0.49473684210526314,0.5789473684210527,1.0,,,,,,1.0,0.29533468596642043,1.0,1.0,False
1069,REACTOME_RRNA_MODIFICATION_IN_THE_NUCLEUS_AND_CYTOSOL,54,0.46296296296296297,-0.006062772029412952,0.7516912823410051,0.6834892282353139,0.6296296296296297,0.03862004032258133,0.037952364744549216,0.07590472948909843,0.46296296296296297,0.7516912823410051,0.6834892282353139,False,False,True,False,0.7140571885622875,0.39112177564487105,0.7822435512897421,0.5,0.6111111111111112,1.0,,,,,,1.0,0.17818119278860872,1.0,1.0,False
1070,KEGG_ALZHEIMERS_DISEASE,134,0.4552238805970149,-0.006365431725490254,0.8693248516875183,0.3420147088663025,0.7089552238805971,0.07465145161290349,7.204000189029738e-07,1.4408000378059477e-06,0.4626865671641791,0.8289926455668404,0.4369905490859664,False,False,True,False,0.7866426714657069,0.2673465306938612,0.5346930613877224,0.4925373134328358,0.5597014925373134,1.0,,,,,,0.8687501015742283,2.6034921613377243e-05,0.8687501015742283,1.0,False
1071,REACTOME_METABOLISM_OF_STEROIDS,145,0.3310344827586207,-0.027183421023529247,0.9999862236010173,5.77741180052871e-05,0.6896551724137931,0.015877096774193803,2.861587082309641e-06,5.723174164619282e-06,0.46206896551724136,0.8405052625920203,0.40636805135938175,False,False,True,False,0.795240951809638,0.2519496100779844,0.5038992201559688,0.4896551724137931,0.5586206896551724,1.0,,,,,,0.00748174828168468,9.168879022493159e-05,0.00748174828168468,1.0,False
1072,HALLMARK_KRAS_SIGNALING_UP,195,0.5128205128205128,0.0027553235686264468,0.3873116660887159,0.7746233321774318,0.5282051282051282,0.005818790322581022,0.23700694220713514,0.4740138844142703,0.46153846153846156,0.874088802063213,0.3160731261190477,True,False,False,False,0.8302339532093581,0.20835832833433313,0.41671665666866625,0.49230769230769234,0.5538461538461539,1.0,,,,,,1.0,0.6681398995660495,1.0,1.0,False
1073,KEGG_BASAL_CELL_CARCINOMA,52,0.2692307692307692,-0.019512526415686418,0.9997952292731246,0.0011951203200073755,0.46153846153846156,-0.0035472580645156573,0.7557721653100645,0.6778086391424759,0.46153846153846156,0.7557721653100645,0.6778086391424759,True,False,False,False,0.7214557088582284,0.3775244951009798,0.7550489902019596,0.5,0.6153846153846154,1.0,,,,,,0.054624028743866515,0.8515073769017037,0.8515073769017037,1.0,False
1074,KEGG_PYRUVATE_METABOLISM,39,0.3076923076923077,-0.023646481317647107,0.9952623478602642,0.023702702470473014,0.5897435897435898,0.013688064516129202,0.16839181759496585,0.3367836351899317,0.46153846153846156,0.7388013097515818,0.7492586247608424,False,False,False,False,0.7096580683863227,0.41271745650869823,0.8254349130173965,0.48717948717948717,0.6153846153846154,1.0,,,,,,0.3318378345866222,0.5270511269739717,0.5270511269739717,1.0,False
1075,KEGG_T_CELL_RECEPTOR_SIGNALING_PATHWAY,104,0.4326923076923077,-0.013690693001960878,0.9295218558938909,0.20217310609618375,0.6057692307692307,0.03574802419354874,0.019478966700656873,0.038957933401313746,0.46153846153846156,0.811208038350991,0.49264506648652173,False,False,True,False,0.767246550689862,0.2975404919016197,0.5950809838032394,0.49038461538461536,0.5769230769230769,1.0,,,,,,0.750775606975806,0.1090822135236785,0.750775606975806,1.0,False
1076,REACTOME_BUDDING_AND_MATURATION_OF_HIV_VIRION,26,0.38461538461538464,-0.022329787396078726,0.915681228041657,0.32693958282471,0.6923076923076923,0.1535012096774197,0.03775934875011474,0.07551869750022948,0.46153846153846156,0.7214014530181951,0.8450189828872761,False,False,True,False,0.6912617476504699,0.46070785842831435,0.9214157168566287,0.5,0.6538461538461539,1.0,,,,,,0.8687501015742283,0.1778122059323585,0.8687501015742283,1.0,False
1077,REACTOME_CREB1_PHOSPHORYLATION_THROUGH_NMDA_RECEPTOR_MEDIATED_ACTIVATION_OF_RAS_SIGNALING,26,0.34615384615384615,-0.020914585790196057,0.9622406512498943,0.168637543916704,0.5769230769230769,0.026456370967742164,0.27859854698181374,0.5571970939636275,0.46153846153846156,0.7214014530181951,0.8450189828872761,False,False,False,False,0.6912617476504699,0.46070785842831435,0.9214157168566287,0.5,0.6538461538461539,1.0,,,,,,0.7077938971296919,0.7445264694922423,0.7445264694922423,1.0,False
1078,REACTOME_CS_DS_DEGRADATION,13,0.07692307692307693,-0.09360858209411771,0.999877929687498,0.00341796875,0.6153846153846154,0.016513064516129335,0.29052734374999983,0.5810546874999997,0.46153846153846156,0.7094726562499986,0.9999999999999977,False,False,False,False,0.6944611077784443,0.5168966206758648,1.0,0.46153846153846156,0.6923076923076923,1.0,,,,,,0.10345616010964316,0.7652194782838978,0.7652194782838978,1.0,False
1079,REACTOME_DEACTIVATION_OF_THE_BETA_CATENIN_TRANSACTIVATING_COMPLEX,39,0.3333333333333333,-0.027161279854901972,0.9881486487647656,0.05325191409792756,0.6153846153846154,0.024635887096774334,0.09979543345980374,0.19959086691960748,0.46153846153846156,0.7388013097515818,0.7492586247608424,False,False,False,False,0.7096580683863227,0.41271745650869823,0.8254349130173965,0.48717948717948717,0.6153846153846154,1.0,,,,,,0.45628522843737745,0.36654000928297065,0.45628522843737745,1.0,False
1080,REACTOME_DISEASES_ASSOCIATED_WITH_GLYCOSYLATION_PRECURSOR_BIOSYNTHESIS,13,0.46153846153846156,-0.0007495312196092417,0.7094726562499986,0.9999999999999977,0.5384615384615384,0.023524274193548727,0.4999999999999993,0.9999999999999986,0.46153846153846156,0.7094726562499986,0.9999999999999977,False,False,False,False,0.6944611077784443,0.5168966206758648,1.0,0.46153846153846156,0.6923076923076923,1.0,,,,,,1.0,1.0,1.0,1.0,False
1081,REACTOME_EARLY_PHASE_OF_HIV_LIFE_CYCLE,13,0.5384615384615384,0.028331959180390227,0.4999999999999993,0.9999999999999986,0.7692307692307693,0.0700351612903231,0.04614257812499994,0.09228515624999988,0.46153846153846156,0.7094726562499986,0.9999999999999977,True,False,True,False,0.6944611077784443,0.5168966206758648,1.0,0.46153846153846156,0.6923076923076923,1.0,,,,,,1.0,0.21120932667525774,1.0,1.0,False
1082,REACTOME_ERKS_ARE_INACTIVATED,13,0.3076923076923077,-0.006803844690196083,0.953857421874998,0.26684570312500017,0.5384615384615384,0.03132298387096803,0.4999999999999993,0.9999999999999986,0.46153846153846156,0.7094726562499986,0.9999999999999977,False,False,False,False,0.6944611077784443,0.5168966206758648,1.0,0.46153846153846156,0.6923076923076923,1.0,,,,,,0.803618528905151,1.0,1.0,1.0,False
1083,REACTOME_FGFR2C_LIGAND_BINDING_AND_ACTIVATION,13,0.3076923076923077,-0.010128730105882444,0.953857421874998,0.26684570312500017,0.5384615384615384,0.002515725806451761,0.4999999999999993,0.9999999999999986,0.46153846153846156,0.7094726562499986,0.9999999999999977,False,False,False,False,0.6944611077784443,0.5168966206758648,1.0,0.46153846153846156,0.6923076923076923,1.0,,,,,,0.803618528905151,1.0,1.0,1.0,False
1084,REACTOME_FGFR3_LIGAND_BINDING_AND_ACTIVATION,13,0.3076923076923077,-0.010128730105882444,0.953857421874998,0.26684570312500017,0.5384615384615384,0.002515725806451761,0.4999999999999993,0.9999999999999986,0.46153846153846156,0.7094726562499986,0.9999999999999977,False,False,False,False,0.6944611077784443,0.5168966206758648,1.0,0.46153846153846156,0.6923076923076923,1.0,,,,,,0.803618528905151,1.0,1.0,1.0,False
1085,REACTOME_GLUTAMATE_AND_GLUTAMINE_METABOLISM,13,0.23076923076923078,-0.031597766011765796,0.9887695312499981,0.09228515625,0.6153846153846154,0.03827500000000019,0.29052734374999983,0.5810546874999997,0.46153846153846156,0.7094726562499986,0.9999999999999977,False,False,False,False,0.6944611077784443,0.5168966206758648,1.0,0.46153846153846156,0.6923076923076923,1.0,,,,,,0.5668424221837944,0.7652194782838978,0.7652194782838978,1.0,False
1086,REACTOME_MRNA_CAPPING,26,0.6538461538461539,0.02548255953921488,0.08431877195835176,0.16863754391670352,0.7307692307692307,0.08011278225806472,0.014479637145996179,0.028959274291992358,0.46153846153846156,0.7214014530181951,0.8450189828872761,True,False,True,False,0.6912617476504699,0.46070785842831435,0.9214157168566287,0.5,0.6538461538461539,1.0,,,,,,0.7077938971296919,0.08824061225442377,0.7077938971296919,1.0,False
1087,REACTOME_PROTEIN_METHYLATION,13,0.46153846153846156,-0.010687813117648024,0.7094726562499986,0.9999999999999977,0.6923076923076923,0.02372830645161341,0.1334228515625,0.266845703125,0.46153846153846156,0.7094726562499986,0.9999999999999977,False,False,False,False,0.6944611077784443,0.5168966206758648,1.0,0.46153846153846156,0.6923076923076923,1.0,,,,,,1.0,0.4416168505391377,1.0,1.0,False
1088,REACTOME_SCF_SKP2_MEDIATED_DEGRADATION_OF_P27_P21,52,0.5769230769230769,0.007018575290195501,0.16587488168474773,0.33174976336949547,0.8076923076923077,0.16018274193548399,4.531635958482451e-06,9.063271916964901e-06,0.46153846153846156,0.7557721653100645,0.6778086391424759,True,False,True,False,0.7214557088582284,0.3775244951009798,0.7550489902019596,0.5,0.6153846153846154,1.0,,,,,,0.8687501015742283,0.0001359012306515347,0.8687501015742283,1.0,False
1089,REACTOME_UBIQUINOL_BIOSYNTHESIS,13,0.07692307692307693,-0.050002562741176856,0.999877929687498,0.00341796875,0.6153846153846154,0.02440830645161316,0.29052734374999983,0.5810546874999997,0.46153846153846156,0.7094726562499986,0.9999999999999977,False,False,False,False,0.6944611077784443,0.5168966206758648,1.0,0.46153846153846156,0.6923076923076923,1.0,,,,,,0.10345616010964316,0.7652194782838978,0.7652194782838978,1.0,False
1090,REACTOME_SUMOYLATION,165,0.44242424242424244,-0.006034282070588339,0.9403974048696153,0.16092184628214523,0.6181818181818182,0.01906927419354861,0.0014885125542271481,0.0029770251084542962,0.46060606060606063,0.8621429713850611,0.3502343653830555,False,False,True,False,0.8124375124975005,0.23415316936612676,0.4683063387322535,0.4909090909090909,0.5575757575757576,1.0,,,,,,0.7077938971296919,0.01584348294019855,0.7077938971296919,1.0,False
1091,REACTOME_DISEASES_ASSOCIATED_WITH_O_GLYCOSYLATION_OF_PROTEINS,63,0.38095238095238093,-0.008771099050980426,0.9785217272378011,0.07692583360960936,0.5396825396825397,0.004770322580645508,0.3073275078827289,0.6146550157654578,0.4603174603174603,0.7750187318548843,0.6146550157654618,False,False,False,False,0.7398520295940811,0.34833033393321333,0.6966606678664267,0.49206349206349204,0.6031746031746031,1.0,,,,,,0.5203501383463556,0.7907068663075508,0.7907068663075508,1.0,False
1092,REACTOME_EPH_EPHRIN_MEDIATED_REPULSION_OF_CELLS,50,0.48,-0.001435301021569238,0.6640944831173284,0.8877248273408018,0.54,0.01104334677419368,0.3359055168826889,0.6718110337653778,0.46,0.7600561691508486,0.6718110337653816,False,False,False,False,0.727254549090182,0.38292341531693663,0.7658468306338733,0.5,0.6,1.0,,,,,,1.0,0.8467107432858045,1.0,1.0,False
1093,REACTOME_METABOLISM_OF_RNA,609,0.48932676518883417,-0.0011435143921582295,0.7147297982542719,0.6268157481020663,0.7044334975369458,0.07425233870967776,1.0336242724484104e-24,2.067248544896821e-24,0.45977011494252873,0.9786669928145286,0.05167874861345672,False,False,True,False,0.9536092781443711,0.05558888222355529,0.11117776444711058,0.49261083743842365,0.5270935960591133,1.0,,,,,,1.0,1.0708347462565533e-21,1.0,1.0,False
1094,REACTOME_REGULATION_OF_ENDOGENOUS_RETROELEMENTS_BY_PIWI_INTERACTING_RNAS_PIRNAS,37,0.4864864864864865,-0.009250904094117957,0.6285853206354668,1.0,0.7027027027027027,0.07300306451612942,0.010036925959866464,0.02007385191973293,0.4594594594594595,0.744312109207386,0.742829358729068,False,False,True,False,0.7174565086982604,0.40211957608478305,0.8042391521695661,0.4864864864864865,0.6216216216216216,1.0,,,,,,1.0,0.06637184230481909,1.0,1.0,False
1095,REACTOME_SEMAPHORIN_INTERACTIONS,61,0.4262295081967213,-0.01158262962352942,0.899984315743449,0.3056774198631179,0.639344262295082,0.023397338709677737,0.019808507449249918,0.039617014898499836,0.45901639344262296,0.7786869975267646,0.6089207154048298,False,False,True,False,0.7498500299940012,0.34173165366926617,0.6834633073385323,0.4918032786885246,0.5901639344262295,1.0,,,,,,0.8471401067490291,0.1103312565452845,0.8471401067490291,1.0,False
1096,HALLMARK_XENOBIOTIC_METABOLISM,194,0.4742268041237113,-0.008005347952941288,0.7851262524927025,0.5182802738139333,0.6134020618556701,0.026565161290322686,0.0009717418004945586,0.0019434836009891172,0.4587628865979381,0.8889158936581191,0.28147657906385454,False,False,True,False,0.8386322735452909,0.20175964807038593,0.40351929614077187,0.4896907216494845,0.5515463917525774,1.0,,,,,,0.9884736430370447,0.010903153487137501,0.9884736430370447,1.0,False
1097,REACTOME_SYNTHESIS_OF_DNA,109,0.46788990825688076,-0.007827488458823832,0.778165249398799,0.5657001139736129,0.7522935779816514,0.08219733870967767,6.303857660858806e-08,1.2607715321717612e-07,0.45871559633027525,0.8309072939016402,0.4436695012023255,False,False,True,False,0.7856428714257149,0.2731453709258148,0.5462907418516296,0.4954128440366973,0.5688073394495413,1.0,,,,,,1.0,3.4372613350788017e-06,1.0,1.0,False
1098,KEGG_NICOTINATE_AND_NICOTINAMIDE_METABOLISM,24,0.4166666666666667,-0.008945925309804658,0.8462718725204479,0.5412561893463135,0.625,0.025391451612903588,0.15372812747955353,0.30745625495910706,0.4583333333333333,0.7293719053268445,0.8388197422027591,False,False,False,False,0.6946610677864428,0.4501099780043991,0.9002199560087982,0.5,0.6666666666666666,1.0,,,,,,0.9884736430370447,0.48953588135907006,0.9884736430370447,1.0,False
1099,REACTOME_AQUAPORIN_MEDIATED_TRANSPORT,48,0.5208333333333334,0.004255762717646857,0.4427167486432525,0.885433497286505,0.5208333333333334,0.012299798387097065,0.4427167486432525,0.885433497286505,0.4583333333333333,0.7645604931891388,0.6654658120766159,True,False,False,False,0.7210557888422315,0.38132373525294944,0.7626474705058989,0.5,0.6041666666666666,1.0,,,,,,1.0,0.9985222458513997,1.0,1.0,False
1100,REACTOME_CHONDROITIN_SULFATE_DERMATAN_SULFATE_METABOLISM,48,0.25,-0.05320264974509807,0.9998888775186828,0.0007172696733945756,0.75,0.06455387096774264,0.0003586348366972891,0.0007172696733945783,0.4583333333333333,0.7645604931891388,0.6654658120766159,False,False,True,False,0.7210557888422315,0.38132373525294944,0.7626474705058989,0.5,0.6041666666666666,1.0,,,,,,0.04128285453537669,0.004867410796747487,0.04128285453537669,1.0,False
1101,REACTOME_ENDOGENOUS_STEROLS,24,0.4166666666666667,-0.01461758588235314,0.8462718725204479,0.5412561893463135,0.7916666666666666,0.03463262096774211,0.003305375576019281,0.006610751152038562,0.4583333333333333,0.7293719053268445,0.8388197422027591,False,False,True,False,0.6946610677864428,0.4501099780043991,0.9002199560087982,0.5,0.6666666666666666,1.0,,,,,,0.9884736430370447,0.028068599153737498,0.9884736430370447,1.0,False
1102,REACTOME_FC_EPSILON_RECEPTOR_FCERI_SIGNALING,120,0.4583333333333333,-0.00724219705490243,0.8423483495838107,0.4114232202639148,0.7,0.07352314516129069,6.94850606051321e-06,1.389701212102642e-05,0.4583333333333333,0.8423483495838107,0.4114232202639148,False,False,True,False,0.8078384323135372,0.24935012997400519,0.49870025994801037,0.49166666666666664,0.5666666666666667,1.0,,,,,,0.9210189514320003,0.00019079686403878257,0.9210189514320003,1.0,False
1103,REACTOME_GLUTAMATE_NEUROTRANSMITTER_RELEASE_CYCLE,24,0.375,-0.017046599780392333,0.9242051839828502,0.30745625495910656,0.6666666666666666,0.03525048387096803,0.07579481601715092,0.15158963203430184,0.4583333333333333,0.7293719053268445,0.8388197422027591,False,False,False,False,0.6946610677864428,0.4501099780043991,0.9002199560087982,0.5,0.6666666666666666,1.0,,,,,,0.8471401067490291,0.2955712524232184,0.8471401067490291,1.0,False
1104,REACTOME_M_DECAY_DEGRADATION_OF_MATERNAL_MRNAS_BY_MATERNALLY_STORED_FACTORS,24,0.5,0.012278816358823235,0.5805901288986216,1.0,0.625,0.004755282258064719,0.15372812747955353,0.30745625495910706,0.4583333333333333,0.7293719053268445,0.8388197422027591,True,False,False,False,0.6946610677864428,0.4501099780043991,0.9002199560087982,0.5,0.6666666666666666,1.0,,,,,,1.0,0.48953588135907006,1.0,1.0,False
1105,REACTOME_RESOLUTION_OF_AP_SITES_VIA_THE_MULTIPLE_NUCLEOTIDE_PATCH_REPLACEMENT_PATHWAY,24,0.4166666666666667,-0.0244321462745098,0.8462718725204479,0.5412561893463135,0.7083333333333334,0.031109435483871142,0.031957328319549505,0.06391465663909901,0.4583333333333333,0.7293719053268445,0.8388197422027591,False,False,True,False,0.6946610677864428,0.4501099780043991,0.9002199560087982,0.5,0.6666666666666666,1.0,,,,,,0.9884736430370447,0.15495066523737888,0.9884736430370447,1.0,False
1106,REACTOME_SIGNALING_BY_NOTCH,168,0.4583333333333333,-0.00650562111176506,0.8764590141006011,0.315874911612958,0.6904761904761905,0.04661508064516168,4.3695705947009623e-07,8.739141189401925e-07,0.4583333333333333,0.8764590141006011,0.315874911612958,False,False,True,False,0.8378324335132974,0.20415916816636673,0.40831833633273346,0.49404761904761907,0.5535714285714286,1.0,,,,,,0.8581636584729663,1.697578176041324e-05,0.8581636584729663,1.0,False
1107,REACTOME_VEGFR2_MEDIATED_VASCULAR_PERMEABILITY,24,0.375,-0.02793371713333534,0.9242051839828502,0.30745625495910656,0.6666666666666666,0.11540088709677448,0.07579481601715092,0.15158963203430184,0.4583333333333333,0.7293719053268445,0.8388197422027591,False,False,False,False,0.6946610677864428,0.4501099780043991,0.9002199560087982,0.5,0.6666666666666666,1.0,,,,,,0.8471401067490291,0.2955712524232184,0.8471401067490291,1.0,False
1108,REACTOME_ION_CHANNEL_TRANSPORT,177,0.4745762711864407,-0.00393918138039232,0.7738208488182026,0.5477509096395773,0.5875706214689266,0.01204290322580693,0.011931897971913212,0.023863795943826423,0.4576271186440678,0.8854892188332263,0.2926371081880494,False,False,True,False,0.8424315136972605,0.1939612077584483,0.3879224155168966,0.4915254237288136,0.5536723163841808,1.0,,,,,,0.9884736430370447,0.07506951193665236,0.9884736430370447,1.0,False
1109,KEGG_VEGF_SIGNALING_PATHWAY,70,0.4142857142857143,-0.01412177834117663,0.9401953321850407,0.1882162030230256,0.7571428571428571,0.04409758064516141,9.599846200160594e-06,1.9199692400321188e-05,0.45714285714285713,0.7985184624769455,0.5504125118224655,False,False,True,False,0.758248350329934,0.32273545290941813,0.6454709058188363,0.4857142857142857,0.5857142857142857,1.0,,,,,,0.73706777472245,0.0002465811734718936,0.73706777472245,1.0,False
1110,REACTOME_ASSOCIATION_OF_TRIC_CCT_WITH_TARGET_PROTEINS_DURING_BIOSYNTHESIS,35,0.5142857142857142,0.00036763957254862603,0.5000000000000007,1.0,0.7142857142857143,0.06138483870967776,0.00833692390006037,0.01667384780012074,0.45714285714285713,0.7502200833987452,0.7358788008568803,True,False,True,False,0.7184563087382524,0.40791841631673664,0.8158368326334733,0.4857142857142857,0.6285714285714286,1.0,,,,,,1.0,0.05694760325579699,1.0,1.0,False
1111,REACTOME_CLATHRIN_MEDIATED_ENDOCYTOSIS,140,0.4714285714285714,-0.004133915339216355,0.7765051933628939,0.5542689157763061,0.6142857142857143,0.03399116935483879,0.0042782739805378635,0.008556547961075727,0.45714285714285713,0.8640789818791202,0.35258382707226893,False,False,True,False,0.8228354329134173,0.22695460907818435,0.4539092181563687,0.4928571428571429,0.5642857142857143,1.0,,,,,,0.9907142837751463,0.03489993577824588,0.9907142837751463,1.0,False
1112,REACTOME_COOPERATION_OF_PDCL_PHLP1_AND_TRIC_CCT_IN_G_PROTEIN_BETA_FOLDING,35,0.5428571428571428,0.005321441360784078,0.3679394004284411,0.7358788008568822,0.45714285714285713,-0.005613467741935434,0.7502200833987452,0.7358788008568803,0.45714285714285713,0.7502200833987452,0.7358788008568803,False,False,False,False,0.7184563087382524,0.40791841631673664,0.8158368326334733,0.4857142857142857,0.6285714285714286,1.0,,,,,,1.0,0.9083047311609149,1.0,1.0,False
1113,REACTOME_HDR_THROUGH_SINGLE_STRAND_ANNEALING_SSA,35,0.2857142857142857,-0.017879332490197172,0.9970059397164736,0.01667384780012078,0.6,0.009918467741935815,0.15525232953950785,0.3105046590790157,0.45714285714285713,0.7502200833987452,0.7358788008568803,False,False,False,False,0.7184563087382524,0.40791841631673664,0.8158368326334733,0.4857142857142857,0.6285714285714286,1.0,,,,,,0.2699079112644551,0.49337856872064456,0.49337856872064456,1.0,False
1114,REACTOME_HIV_TRANSCRIPTION_ELONGATION,35,0.5428571428571428,0.01063441599215681,0.3679394004284411,0.7358788008568822,0.6285714285714286,0.07625427419354852,0.08773262449540227,0.17546524899080454,0.45714285714285713,0.7502200833987452,0.7358788008568803,True,False,False,False,0.7184563087382524,0.40791841631673664,0.8158368326334733,0.4857142857142857,0.6285714285714286,1.0,,,,,,1.0,0.3341580844751351,1.0,1.0,False
1115,REACTOME_DNA_REPLICATION,116,0.47413793103448276,-0.00560892565882383,0.7420434625020902,0.6426674253796052,0.7586206896551724,0.08218633064516162,1.0441775156196386e-08,2.088355031239277e-08,0.45689655172413796,0.8464551681753963,0.40346969965530627,False,False,True,False,0.8082383523295341,0.24575084983003398,0.49150169966006796,0.49137931034482757,0.5689655172413793,1.0,,,,,,1.0,7.915374923282529e-07,1.0,1.0,False
1116,REACTOME_ABC_FAMILY_PROTEINS_MEDIATED_TRANSPORT,92,0.4891304347826087,-0.004401175911764961,0.6226741251947442,0.9170405196524655,0.6630434782608695,0.05113903225806482,0.0011573007607127365,0.002314601521425473,0.45652173913043476,0.8259293548403865,0.46570744577306183,False,False,True,False,0.7866426714657069,0.27434513097380525,0.5486902619476105,0.4891304347826087,0.5760869565217391,1.0,,,,,,1.0,0.012760985404886932,1.0,1.0,False
1117,REACTOME_DEADENYLATION_DEPENDENT_MRNA_DECAY,46,0.43478260869565216,-0.0027281018176485462,0.8490021934051807,0.46139118213677005,0.717391304347826,0.04011802419354854,0.0022669307910945565,0.004533861582189113,0.45652173913043476,0.769304408931628,0.6587380770236652,False,False,True,False,0.7314537092581483,0.3697260547890422,0.7394521095780844,0.5,0.6086956521739131,1.0,,,,,,0.9471623474775973,0.021313935988598473,0.9471623474775973,1.0,False
1118,REACTOME_TCR_SIGNALING,103,0.5533980582524272,0.005623354976470481,0.1622393901440251,0.3244787802880502,0.6699029126213593,0.06686379032258105,0.00036378528933665933,0.0007275705786733187,0.4563106796116505,0.8377606098559391,0.43068906630811193,True,False,True,False,0.7980403919216157,0.26554689062187564,0.5310937812437513,0.49514563106796117,0.5728155339805825,1.0,,,,,,0.8687501015742283,0.004915846431557988,0.8687501015742283,1.0,False
1119,REACTOME_MEIOSIS,57,0.2807017543859649,-0.021050502176470524,0.9997699974957006,0.0012635594724354881,0.6140350877192983,0.009918467741935815,0.05558055955199815,0.1111611191039963,0.45614035087719296,0.786478571748392,0.5966417603730989,False,False,False,False,0.7474505098980204,0.34953009398120377,0.6990601879624075,0.49122807017543857,0.5964912280701754,1.0,,,,,,0.05610204057613567,0.23438857406731375,0.23438857406731375,1.0,False
1120,REACTOME_ABC_TRANSPORTER_DISORDERS,68,0.5147058823529411,0.0015294354294116427,0.45179867284177166,0.9035973456835433,0.6764705882352942,0.07910391129032288,0.002451691258178035,0.00490338251635607,0.45588235294117646,0.8019375798515103,0.5446122234192757,True,False,True,False,0.7684463107378524,0.31333733253349333,0.6266746650669867,0.4852941176470588,0.5882352941176471,1.0,,,,,,1.0,0.022470626603683524,1.0,1.0,False
1121,REACTOME_PLATELET_HOMEOSTASIS,79,0.4177215189873418,-0.010681544066666823,0.9426698221270947,0.17661055306016218,0.45569620253164556,-0.005613467741935434,0.8159061830846818,0.4998968768603204,0.45569620253164556,0.8159061830846818,0.4998968768603204,True,False,False,False,0.772245550889822,0.3001399720055989,0.6002799440111978,0.4936708860759494,0.5822784810126582,1.0,,,,,,0.7136692525175852,0.6917540041326251,0.7136692525175852,1.0,False
1122,KEGG_DORSO_VENTRAL_AXIS_FORMATION,22,0.45454545454545453,-0.004999685915686371,0.7382664680480944,0.8318119049072269,0.6363636363636364,0.03852258064516156,0.14313936233520455,0.2862787246704091,0.45454545454545453,0.7382664680480944,0.8318119049072269,False,False,False,False,0.7100579884023195,0.4549090181963607,0.9098180363927214,0.5,0.6818181818181818,1.0,,,,,,1.0,0.46438114628164484,1.0,1.0,False
1123,KEGG_SULFUR_METABOLISM,11,0.2727272727272727,-0.044043996796078795,0.9672851562500003,0.22656250000000067,0.6363636363636364,0.013916451612903356,0.2744140625000004,0.5488281250000008,0.45454545454545453,0.7255859374999999,1.0,False,False,False,False,0.6998600279944012,0.525494901019796,1.0,0.45454545454545453,0.7272727272727273,1.0,,,,,,0.7540774930103149,0.7365102817357526,0.7540774930103149,1.0,False
1124,REACTOME_AUF1_HNRNP_D0_BINDS_AND_DESTABILIZES_MRNA,44,0.5681818181818182,0.006779790507841382,0.2256904161980636,0.4513808323961272,0.7954545454545454,0.16240282258064523,5.3022333133867885e-05,0.00010604466626773577,0.45454545454545453,0.7743095838019377,0.6515878272089153,True,False,True,False,0.7378524295140971,0.36012797440511896,0.7202559488102379,0.5,0.6136363636363636,1.0,,,,,,0.9457283250067267,0.0010110025238040574,0.9457283250067267,1.0,False
1125,REACTOME_BIOTIN_TRANSPORT_AND_METABOLISM,11,0.09090909090909091,-0.06707618981176475,0.9995117187500003,0.011718750000000026,0.45454545454545453,-0.0027249999999998283,0.7255859374999999,1.0,0.45454545454545453,0.7255859374999999,1.0,True,False,False,False,0.6998600279944012,0.525494901019796,1.0,0.45454545454545453,0.7272727272727273,1.0,,,,,,0.22126586178699253,1.0,1.0,1.0,False
1126,REACTOME_CD28_CO_STIMULATION,33,0.45454545454545453,-0.0082887007490197,0.7565748791676008,0.7283324808813625,0.5757575757575758,0.06760709677419388,0.2434251208323983,0.4868502416647966,0.45454545454545453,0.7565748791676008,0.7283324808813625,False,False,False,False,0.74125174965007,0.39472105578884226,0.7894421115776845,0.48484848484848486,0.6363636363636364,1.0,,,,,,1.0,0.676108378504999,1.0,1.0,False
1127,REACTOME_CD28_DEPENDENT_PI3K_AKT_SIGNALING,22,0.5,-0.0013359789490197168,0.5840940475463855,1.0,0.5,0.021851733870968237,0.5840940475463855,1.0,0.45454545454545453,0.7382664680480944,0.8318119049072269,False,False,False,False,0.7100579884023195,0.4549090181963607,0.9098180363927214,0.5,0.6818181818181818,1.0,,,,,,1.0,1.0,1.0,1.0,False
1128,REACTOME_FORMATION_OF_SENESCENCE_ASSOCIATED_HETEROCHROMATIN_FOCI_SAHF,11,0.18181818181818182,-0.05286169721568634,0.9941406250000006,0.06542968750000026,0.7272727272727273,0.04128911290322616,0.11328125000000024,0.22656250000000047,0.45454545454545453,0.7255859374999999,1.0,False,False,False,False,0.6998600279944012,0.525494901019796,1.0,0.45454545454545453,0.7272727272727273,1.0,,,,,,0.48649633672249,0.3947064181614358,0.48649633672249,1.0,False
1129,REACTOME_FRS_MEDIATED_FGFR4_SIGNALING,22,0.36363636363636365,-0.008266249370588648,0.9330997467041006,0.2862787246704094,0.6363636363636364,0.016010161290322934,0.14313936233520455,0.2862787246704091,0.45454545454545453,0.7382664680480944,0.8318119049072269,False,False,False,False,0.7100579884023195,0.4549090181963607,0.9098180363927214,0.5,0.6818181818181818,1.0,,,,,,0.8269091786948256,0.46438114628164484,0.8269091786948256,1.0,False
1130,REACTOME_GLUTATHIONE_SYNTHESIS_AND_RECYCLING,11,0.5454545454545454,0.0003814565686274486,0.5,1.0,0.7272727272727273,0.06785395161290328,0.11328125000000024,0.22656250000000047,0.45454545454545453,0.7255859374999999,1.0,True,False,False,False,0.6998600279944012,0.525494901019796,1.0,0.45454545454545453,0.7272727272727273,1.0,,,,,,1.0,0.3947064181614358,1.0,1.0,False
1131,REACTOME_INTERLEUKIN_7_SIGNALING,22,0.4090909090909091,-0.021455728650981026,0.8568606376647941,0.5234670639038088,0.5,0.005681733870967924,0.5840940475463855,1.0,0.45454545454545453,0.7382664680480944,0.8318119049072269,False,False,False,False,0.7100579884023195,0.4549090181963607,0.9098180363927214,0.5,0.6818181818181818,1.0,,,,,,0.9884736430370447,1.0,1.0,1.0,False
1132,REACTOME_IRAK1_RECRUITS_IKK_COMPLEX,11,0.5454545454545454,0.0053615430588218205,0.5,1.0,0.5454545454545454,0.022494838709677556,0.5,1.0,0.45454545454545453,0.7255859374999999,1.0,True,False,False,False,0.6998600279944012,0.525494901019796,1.0,0.45454545454545453,0.7272727272727273,1.0,,,,,,1.0,1.0,1.0,1.0,False
1133,REACTOME_LYSINE_CATABOLISM,11,0.18181818181818182,-0.05613179629411833,0.9941406250000006,0.06542968750000026,0.7272727272727273,0.023429193548387753,0.11328125000000024,0.22656250000000047,0.45454545454545453,0.7255859374999999,1.0,False,False,False,False,0.6998600279944012,0.525494901019796,1.0,0.45454545454545453,0.7272727272727273,1.0,,,,,,0.48649633672249,0.3947064181614358,0.48649633672249,1.0,False
1134,REACTOME_MET_ACTIVATES_RAS_SIGNALING,11,0.45454545454545453,-0.00018469028235396697,0.7255859374999999,1.0,0.6363636363636364,0.029786532258064925,0.2744140625000004,0.5488281250000008,0.45454545454545453,0.7255859374999999,1.0,False,False,False,False,0.6998600279944012,0.525494901019796,1.0,0.45454545454545453,0.7272727272727273,1.0,,,,,,1.0,0.7365102817357526,1.0,1.0,False
1135,REACTOME_NF_KB_ACTIVATION_THROUGH_FADD_RIP_1_PATHWAY_MEDIATED_BY_CASPASE_8_AND_10,11,0.45454545454545453,-0.008569824235294444,0.7255859374999999,1.0,0.6363636363636364,0.06677822580645176,0.2744140625000004,0.5488281250000008,0.45454545454545453,0.7255859374999999,1.0,False,False,False,False,0.6998600279944012,0.525494901019796,1.0,0.45454545454545453,0.7272727272727273,1.0,,,,,,1.0,0.7365102817357526,1.0,1.0,False
1136,REACTOME_NOD1_2_SIGNALING_PATHWAY,33,0.6060606060606061,0.00898857430196064,0.14810318429954358,0.29620636859908717,0.5454545454545454,0.006876532258064857,0.36416624044068147,0.7283324808813629,0.45454545454545453,0.7565748791676008,0.7283324808813625,True,False,False,False,0.74125174965007,0.39472105578884226,0.7894421115776845,0.48484848484848486,0.6363636363636364,1.0,,,,,,0.8415076724003325,0.8997048293240365,0.8997048293240365,1.0,False
1137,REACTOME_NRAGE_SIGNALS_DEATH_THROUGH_JNK,55,0.38181818181818183,-0.010943086623529627,0.9709679266037994,0.10478948242660367,0.4909090909090909,-0.001230887096773596,0.6061469051649802,1.0,0.45454545454545453,0.790622905865494,0.5900533317766374,True,False,False,False,0.7544491101779645,0.3349330133973205,0.669866026794641,0.4909090909090909,0.6,1.0,,,,,,0.6053637758027588,1.0,1.0,1.0,False
1138,REACTOME_NUCLEAR_PORE_COMPLEX_NPC_DISASSEMBLY,33,0.5757575757575758,0.01568635975686198,0.2434251208323983,0.4868502416647966,0.696969696969697,0.03082637096774203,0.017541016684845055,0.03508203336969011,0.45454545454545453,0.7565748791676008,0.7283324808813625,True,False,True,False,0.74125174965007,0.39472105578884226,0.7894421115776845,0.48484848484848486,0.6363636363636364,1.0,,,,,,0.9711167989558344,0.10104280080769665,0.9711167989558344,1.0,False
1139,REACTOME_NUCLEOTIDE_BIOSYNTHESIS,11,0.2727272727272727,-0.032821520007843774,0.9672851562500003,0.22656250000000067,0.6363636363636364,0.028656290322580904,0.2744140625000004,0.5488281250000008,0.45454545454545453,0.7255859374999999,1.0,False,False,False,False,0.6998600279944012,0.525494901019796,1.0,0.45454545454545453,0.7272727272727273,1.0,,,,,,0.7540774930103149,0.7365102817357526,0.7540774930103149,1.0,False
1140,REACTOME_P2Y_RECEPTORS,11,0.5454545454545454,0.005128518615686195,0.5,1.0,0.36363636363636365,-0.004264596774193247,0.88671875,0.548828125000001,0.45454545454545453,0.7255859374999999,1.0,False,False,False,False,0.6998600279944012,0.525494901019796,1.0,0.45454545454545453,0.7272727272727273,1.0,,,,,,1.0,0.7365102817357526,1.0,1.0,False
1141,REACTOME_PEPTIDE_HORMONE_BIOSYNTHESIS,11,0.36363636363636365,-0.014898053929412196,0.88671875,0.548828125000001,0.7272727272727273,0.01934169354838744,0.11328125000000024,0.22656250000000047,0.45454545454545453,0.7255859374999999,1.0,False,False,False,False,0.6998600279944012,0.525494901019796,1.0,0.45454545454545453,0.7272727272727273,1.0,,,,,,0.9884736430370447,0.3947064181614358,0.9884736430370447,1.0,False
1142,REACTOME_REGULATION_BY_C_FLIP,11,0.36363636363636365,-0.02245620589803924,0.88671875,0.548828125000001,0.5454545454545454,0.006335241935484322,0.5,1.0,0.45454545454545453,0.7255859374999999,1.0,False,False,False,False,0.6998600279944012,0.525494901019796,1.0,0.45454545454545453,0.7272727272727273,1.0,,,,,,0.9884736430370447,1.0,1.0,1.0,False
1143,REACTOME_REGULATION_OF_GENE_EXPRESSION_BY_HYPOXIA_INDUCIBLE_FACTOR,11,0.36363636363636365,-0.007024735388235432,0.88671875,0.548828125000001,0.7272727272727273,0.09528588709677421,0.11328125000000024,0.22656250000000047,0.45454545454545453,0.7255859374999999,1.0,False,False,False,False,0.6998600279944012,0.525494901019796,1.0,0.45454545454545453,0.7272727272727273,1.0,,,,,,0.9884736430370447,0.3947064181614358,0.9884736430370447,1.0,False
1144,REACTOME_SIGNALING_BY_ACTIVATED_POINT_MUTANTS_OF_FGFR1,11,0.36363636363636365,-0.007528235552941585,0.88671875,0.548828125000001,0.5454545454545454,0.002515725806451761,0.5,1.0,0.45454545454545453,0.7255859374999999,1.0,False,False,False,False,0.6998600279944012,0.525494901019796,1.0,0.45454545454545453,0.7272727272727273,1.0,,,,,,0.9884736430370447,1.0,1.0,1.0,False
1145,REACTOME_SYNTHESIS_OF_PE,11,0.45454545454545453,-0.02844912049803926,0.7255859374999999,1.0,0.45454545454545453,-0.018469274193548203,0.7255859374999999,1.0,0.45454545454545453,0.7255859374999999,1.0,True,False,False,False,0.6998600279944012,0.525494901019796,1.0,0.45454545454545453,0.7272727272727273,1.0,,,,,,1.0,1.0,1.0,1.0,False
1146,REACTOME_TGFBR3_PTM_REGULATION,11,0.2727272727272727,-0.07057143092549067,0.9672851562500003,0.22656250000000067,0.6363636363636364,0.08464193548387239,0.2744140625000004,0.5488281250000008,0.45454545454545453,0.7255859374999999,1.0,False,False,False,False,0.6998600279944012,0.525494901019796,1.0,0.45454545454545453,0.7272727272727273,1.0,,,,,,0.7540774930103149,0.7365102817357526,0.7540774930103149,1.0,False
1147,REACTOME_TRANSPORT_OF_NUCLEOSIDES_AND_FREE_PURINE_AND_PYRIMIDINE_BASES_ACROSS_THE_PLASMA_MEMBRANE,11,0.36363636363636365,-0.007116533788235237,0.88671875,0.548828125000001,0.7272727272727273,0.02343733870967774,0.11328125000000024,0.22656250000000047,0.45454545454545453,0.7255859374999999,1.0,False,False,False,False,0.6998600279944012,0.525494901019796,1.0,0.45454545454545453,0.7272727272727273,1.0,,,,,,0.9884736430370447,0.3947064181614358,0.9884736430370447,1.0,False
1148,REACTOME_TRANSPORT_OF_THE_SLBP_DEPENDANT_MATURE_MRNA,33,0.5757575757575758,0.03215287773333334,0.2434251208323983,0.4868502416647966,0.696969696969697,0.04959241935483884,0.017541016684845055,0.03508203336969011,0.45454545454545453,0.7565748791676008,0.7283324808813625,True,False,True,False,0.74125174965007,0.39472105578884226,0.7894421115776845,0.48484848484848486,0.6363636363636364,1.0,,,,,,0.9711167989558344,0.10104280080769665,0.9711167989558344,1.0,False
1149,REACTOME_TOLL_LIKE_RECEPTOR_TLR1_TLR2_CASCADE,108,0.4537037037037037,-0.009177363100000321,0.8551008922974935,0.3865726089882705,0.5555555555555556,0.011776330645161509,0.1448991077025331,0.2897982154050662,0.4537037037037037,0.8551008922974935,0.3865726089882705,False,False,False,False,0.8170365926814637,0.23195360927814437,0.46390721855628875,0.49074074074074076,0.5740740740740741,1.0,,,,,,0.9028945444967527,0.4691108611869509,0.9028945444967527,1.0,False
1150,HALLMARK_OXIDATIVE_PHOSPHORYLATION,172,0.45348837209302323,-0.013471932796078757,0.9026262584678398,0.2526624533075192,0.686046511627907,0.09335431451612905,5.936090271986538e-07,1.1872180543973077e-06,0.45348837209302323,0.9026262584678398,0.2526624533075192,False,False,True,False,0.8548290341931614,0.18156368726254749,0.36312737452509497,0.4941860465116279,0.5581395348837209,1.0,,,,,,0.7906151480247865,2.1705139488628425e-05,0.7906151480247865,1.0,False
1151,REACTOME_TRNA_PROCESSING,95,0.43157894736842106,-0.006633570568627671,0.9247409680548423,0.21805368187049215,0.6421052631578947,0.04959241935483884,0.0036565615697266352,0.0073131231394532705,0.45263157894736844,0.8475574046488215,0.41191007368095656,False,False,True,False,0.8230353929214157,0.2393521295740852,0.4787042591481704,0.49473684210526314,0.5789473684210527,1.0,,,,,,0.7540774930103149,0.030715117185703734,0.7540774930103149,1.0,False
1152,KEGG_AUTOIMMUNE_THYROID_DISEASE,42,0.4523809523809524,-0.00538419482941189,0.779600466328704,0.6439689563703715,0.47619047619047616,-0.0028187499999997633,0.6780155218148155,0.877614328752315,0.4523809523809524,0.779600466328704,0.6439689563703715,True,False,False,False,0.7446510697860428,0.354129174165167,0.708258348330334,0.5,0.6190476190476191,1.0,,,,,,1.0,0.9911429265124279,1.0,1.0,False
1153,REACTOME_POST_TRANSLATIONAL_MODIFICATION_SYNTHESIS_OF_GPI_ANCHORED_PROTEINS,84,0.4523809523809524,-0.005906105454902345,0.8369329144040443,0.44520466904659234,0.5238095238095238,0.005776895161290865,0.371822093052619,0.743644186105238,0.4523809523809524,0.8369329144040443,0.44520466904659234,False,False,False,False,0.7944411117776444,0.27014597080583885,0.5402919416116777,0.4880952380952381,0.5833333333333334,1.0,,,,,,0.9457283250067267,0.9131491134060786,0.9457283250067267,1.0,False
1154,KEGG_BASE_EXCISION_REPAIR,31,0.3870967741935484,-0.02919818806666743,0.925193607807157,0.28104151505976793,0.6774193548387096,0.03077040322580657,0.035377772990614134,0.07075554598122827,0.45161290322580644,0.7634351700544333,0.720100131817159,False,False,True,False,0.7338532293541292,0.3867226554689062,0.7734453109378124,0.4838709677419355,0.6451612903225806,1.0,,,,,,0.819396837528856,0.16890033556809328,0.819396837528856,1.0,False
1155,KEGG_GNRH_SIGNALING_PATHWAY,93,0.34408602150537637,-0.017955898952941397,0.999143617788806,0.0034618534914423707,0.6344086021505376,0.01706572580645177,0.006200301398968803,0.012400602797937607,0.45161290322580644,0.8501341515514891,0.40692436804614296,False,False,True,False,0.8198360327934413,0.23815236952609478,0.47630473905218956,0.4946236559139785,0.5806451612903226,1.0,,,,,,0.10345616010964316,0.04610176255501206,0.10345616010964316,1.0,False
1156,REACTOME_APC_C_CDH1_MEDIATED_DEGRADATION_OF_CDC20_AND_OTHER_APC_C_CDH1_TARGETED_PROTEINS_IN_LATE_MITOSIS_EARLY_G1,62,0.46774193548387094,-0.003997246027451385,0.7371133199121678,0.7035366713552629,0.8225806451612904,0.11532875000000005,1.3878184320715373e-07,2.7756368641430746e-07,0.45161290322580644,0.8129241437975937,0.52577336017564,False,False,True,False,0.7760447910417917,0.30453909218156366,0.6090781843631273,0.4838709677419355,0.5967741935483871,1.0,,,,,,1.0,7.216346946982805e-06,1.0,1.0,False
1157,REACTOME_G_PROTEIN_BETA_GAMMA_SIGNALLING,31,0.5483870967741935,0.003153473827450664,0.3600500659085799,0.7201001318171598,0.5161290322580645,0.0018442741935485764,0.4999999999999987,0.9999999999999974,0.45161290322580644,0.7634351700544333,0.720100131817159,True,False,False,False,0.7338532293541292,0.3867226554689062,0.7734453109378124,0.4838709677419355,0.6451612903225806,1.0,,,,,,1.0,1.0,1.0,1.0,False
1158,REACTOME_SIGNAL_AMPLIFICATION,31,0.6129032258064516,0.00859982993725484,0.14052075752988424,0.2810415150597685,0.5161290322580645,0.023381612903226233,0.4999999999999987,0.9999999999999974,0.45161290322580644,0.7634351700544333,0.720100131817159,True,False,False,False,0.7338532293541292,0.3867226554689062,0.7734453109378124,0.4838709677419355,0.6451612903225806,1.0,,,,,,0.819396837528856,1.0,1.0,1.0,False
1159,REACTOME_DEFECTIVE_CFTR_CAUSES_CYSTIC_FIBROSIS,51,0.5490196078431373,0.005326989666665196,0.28792467386591325,0.5758493477318265,0.7450980392156863,0.11542991935483884,0.0003105217281138447,0.0006210434562276894,0.45098039215686275,0.7994690044860002,0.5758493477318299,True,False,True,False,0.77124575084983,0.3245350929814037,0.6490701859628074,0.49019607843137253,0.6078431372549019,1.0,,,,,,1.0,0.004308488977579595,1.0,1.0,False
1160,HALLMARK_GLYCOLYSIS,191,0.41361256544502617,-0.0165444727960786,0.9931614751557223,0.020347077476116814,0.7015706806282722,0.06155153225806481,1.2469613349213252e-08,2.4939226698426504e-08,0.450261780104712,0.9261689513908343,0.19263362197421177,False,False,True,False,0.8872225554889022,0.14077184563087383,0.28154369126174766,0.49214659685863876,0.5497382198952879,1.0,,,,,,0.3040322922873609,8.808081429398815e-07,0.3040322922873609,1.0,False
1161,KEGG_NOD_LIKE_RECEPTOR_SIGNALING_PATHWAY,60,0.5666666666666667,0.008630687656862588,0.18314700335165185,0.3662940067033037,0.55,0.007807822580645655,0.25947900159483467,0.5189580031896693,0.45,0.8168529966483867,0.5189580031896701,True,False,False,False,0.7810437912417516,0.29734053189362125,0.5946810637872425,0.5,0.6,1.0,,,,,,0.8880201036145615,0.7130510494754607,0.8880201036145615,1.0,False
1162,KEGG_NUCLEOTIDE_EXCISION_REPAIR,40,0.475,-0.0018864214196079362,0.6820859986855652,0.8746293123804036,0.625,0.0251500403225809,0.0769299720814146,0.1538599441628292,0.45,0.7852047460782913,0.6358280026288302,False,False,False,False,0.75624875024995,0.3515296940611878,0.7030593881223756,0.5,0.625,1.0,,,,,,1.0,0.299247000286654,1.0,1.0,False
1163,REACTOME_CONSTITUTIVE_SIGNALING_BY_ABERRANT_PI3K_IN_CANCER,80,0.5375,0.006420118282353042,0.2882153130941921,0.5764306261883843,0.4875,-0.0020858064516126474,0.6312228455078362,0.9110721212260793,0.45,0.8428467100680246,0.4340422553454719,False,False,False,False,0.8050389922015597,0.26654669066186765,0.5330933813237353,0.4875,0.5875,1.0,,,,,,1.0,1.0,1.0,1.0,False
1164,REACTOME_DEFECTS_IN_VITAMIN_AND_COFACTOR_METABOLISM,20,0.2,-0.03997476531372586,0.9987115859985373,0.011817932128906293,0.55,0.008800524193548766,0.41190147399902427,0.8238029479980485,0.45,0.7482776641845718,0.8238029479980488,False,False,False,False,0.7260547890421916,0.4383123375324935,0.876624675064987,0.5,0.65,1.0,,,,,,0.22126586178699253,0.9552443969227906,0.9552443969227906,1.0,False
1165,REACTOME_DIGESTION_AND_ABSORPTION,20,0.5,-0.0006783667176472339,0.5880985260009778,1.0,0.55,0.0016366532258064435,0.41190147399902427,0.8238029479980485,0.45,0.7482776641845718,0.8238029479980488,False,False,False,False,0.7260547890421916,0.4383123375324935,0.876624675064987,0.5,0.65,1.0,,,,,,1.0,0.9552443969227906,1.0,1.0,False
1166,REACTOME_FORMATION_OF_PARAXIAL_MESODERM,60,0.48333333333333334,-0.004557392364706338,0.650558286190022,0.8974218269914676,0.7666666666666667,0.11532875000000005,2.111852281134054e-05,4.223704562268108e-05,0.45,0.8168529966483867,0.5189580031896701,False,False,True,False,0.7810437912417516,0.29734053189362125,0.5946810637872425,0.5,0.6,1.0,,,,,,1.0,0.0004760760377552137,1.0,1.0,False
1167,REACTOME_FORMATION_OF_THE_URETERIC_BUD,20,0.35,-0.014990949878431192,0.9423408508300802,0.2631759643554693,0.4,-0.011249233870967427,0.8684120178222675,0.5034446716308608,0.45,0.7482776641845718,0.8238029479980488,True,False,False,False,0.7260547890421916,0.4383123375324935,0.876624675064987,0.5,0.65,1.0,,,,,,0.803618528905151,0.6923478050569537,0.803618528905151,1.0,False
1168,REACTOME_FRS_MEDIATED_FGFR3_SIGNALING,20,0.25,-0.011600075974509922,0.994091033935549,0.04138946533203137,0.7,0.027792540322581043,0.05765914916992178,0.11531829833984356,0.45,0.7482776641845718,0.8238029479980488,False,False,False,False,0.7260547890421916,0.4383123375324935,0.876624675064987,0.5,0.65,1.0,,,,,,0.41038859373668546,0.24151568142872895,0.41038859373668546,1.0,False
1169,REACTOME_INSERTION_OF_TAIL_ANCHORED_PROTEINS_INTO_THE_ENDOPLASMIC_RETICULUM_MEMBRANE,20,0.5,-0.0006370597039228251,0.5880985260009778,1.0,0.75,0.1732811693548389,0.02069473266601564,0.04138946533203128,0.45,0.7482776641845718,0.8238029479980488,False,False,True,False,0.7260547890421916,0.4383123375324935,0.876624675064987,0.5,0.65,1.0,,,,,,1.0,0.11344317488406133,1.0,1.0,False
1170,REACTOME_PRESYNAPTIC_FUNCTION_OF_KAINATE_RECEPTORS,20,0.6,0.0058118355784312365,0.2517223358154302,0.5034446716308604,0.45,-0.005459516129032007,0.7482776641845718,0.8238029479980488,0.45,0.7482776641845718,0.8238029479980488,False,False,False,False,0.7260547890421916,0.4383123375324935,0.876624675064987,0.5,0.65,1.0,,,,,,0.9865737953522796,0.9552443969227906,0.9865737953522796,1.0,False
1171,REACTOME_RECEPTOR_TYPE_TYROSINE_PROTEIN_PHOSPHATASES,20,0.45,-0.010713904013725663,0.7482776641845718,0.8238029479980488,0.4,-0.015253911290322388,0.8684120178222675,0.5034446716308608,0.45,0.7482776641845718,0.8238029479980488,True,False,False,False,0.7260547890421916,0.4383123375324935,0.876624675064987,0.5,0.65,1.0,,,,,,1.0,0.6923478050569537,1.0,1.0,False
1172,REACTOME_RND2_GTPASE_CYCLE,40,0.475,-0.0066697293980395155,0.6820859986855652,0.8746293123804036,0.775,0.07941697580645168,0.00033977412749663515,0.0006795482549932703,0.45,0.7852047460782913,0.6358280026288302,False,False,True,False,0.75624875024995,0.3515296940611878,0.7030593881223756,0.5,0.625,1.0,,,,,,1.0,0.00467266096057909,1.0,1.0,False
1173,REACTOME_TRANSPORT_OF_MATURE_MRNAS_DERIVED_FROM_INTRONLESS_TRANSCRIPTS,40,0.55,0.0146977275274503,0.3179140013144149,0.6358280026288298,0.7,0.05033608870967751,0.008294501687487271,0.016589003374974542,0.45,0.7852047460782913,0.6358280026288302,True,False,True,False,0.75624875024995,0.3515296940611878,0.7030593881223756,0.5,0.625,1.0,,,,,,1.0,0.0569079718426279,1.0,1.0,False
1174,REACTOME_PI_METABOLISM,78,0.5,-0.004287903047059189,0.5450267740627609,1.0,0.6410256410256411,0.030270604838709993,0.008426544947301636,0.01685308989460327,0.44871794871794873,0.8459158840281946,0.4282070357175946,False,False,True,False,0.8168366326734653,0.2533493301339732,0.5066986602679464,0.48717948717948717,0.5897435897435898,1.0,,,,,,1.0,0.05734375158251599,1.0,1.0,False
1175,REACTOME_INTERLEUKIN_1_FAMILY_SIGNALING,136,0.5294117647058824,0.004281440123529263,0.27425118074336297,0.5485023614867259,0.6397058823529411,0.027786975806451973,0.0007093188709966929,0.0014186377419933857,0.4485294117647059,0.9009093293184999,0.2648929904058185,True,False,True,False,0.8630273945210958,0.17876424715056988,0.35752849430113975,0.49264705882352944,0.5661764705882353,1.0,,,,,,0.9884736430370447,0.008479088657914313,0.9884736430370447,1.0,False
1176,REACTOME_CYTOCHROME_P450_ARRANGED_BY_SUBSTRATE_TYPE,58,0.5517241379310345,0.0018852552882349946,0.25592115421908057,0.5118423084381611,0.6206896551724138,0.008708951612903748,0.043474449864954856,0.08694889972990971,0.4482758620689655,0.820928349096919,0.5118423084381621,True,False,True,False,0.7794441111777645,0.3033393321335733,0.6066786642671466,0.4827586206896552,0.603448275862069,1.0,,,,,,0.9884736430370447,0.20047268572741792,0.9884736430370447,1.0,False
1177,REACTOME_GABA_RECEPTOR_ACTIVATION,58,0.5517241379310345,0.0058118355784312365,0.25592115421908057,0.5118423084381611,0.4827586206896552,-0.005459516129032007,0.6529979529619249,0.8956832138895764,0.4482758620689655,0.820928349096919,0.5118423084381621,False,False,False,False,0.7794441111777645,0.3033393321335733,0.6066786642671466,0.4827586206896552,0.603448275862069,1.0,,,,,,0.9884736430370447,1.0,1.0,1.0,False
1178,REACTOME_REGULATION_OF_RAS_BY_GAPS,58,0.5,-0.000997446311764961,0.5521583930551971,1.0,0.7413793103448276,0.11774229838709682,0.00015347350777327988,0.00030694701554655977,0.4482758620689655,0.820928349096919,0.5118423084381621,False,False,True,False,0.7794441111777645,0.3033393321335733,0.6066786642671466,0.4827586206896552,0.603448275862069,1.0,,,,,,1.0,0.0024461316008171996,1.0,1.0,False
1179,REACTOME_REGULATION_OF_TP53_ACTIVITY_THROUGH_ACETYLATION,29,0.3793103448275862,-0.010402617109804824,0.9319770261645247,0.2649308964610078,0.7241379310344828,0.0639526612903234,0.01205977238714687,0.02411954477429374,0.4482758620689655,0.7708708401769345,0.7110711038112594,False,False,True,False,0.7434513097380524,0.38912217556488704,0.7782443511297741,0.4827586206896552,0.6551724137931034,1.0,,,,,,0.803618528905151,0.07556808987752514,0.803618528905151,1.0,False
1180,KEGG_UBIQUITIN_MEDIATED_PROTEOLYSIS,123,0.5040650406504065,0.00036763957254862603,0.49999999999998807,0.9999999999999761,0.6991869918699187,0.030482500000000357,5.849799901898997e-06,1.1699599803797995e-05,0.44715447154471544,0.8966764455075069,0.2791985549760743,True,False,True,False,0.8624275144971005,0.18056388722255548,0.36112777444511096,0.4878048780487805,0.5691056910569106,1.0,,,,,,1.0,0.00016528343722820078,1.0,1.0,False
1181,REACTOME_DEGRADATION_OF_AXIN,47,0.48936170212765956,-0.003390362858823829,0.6145665027134789,0.9999999999999912,0.7446808510638298,0.15708991935483885,0.0005442691032371212,0.0010885382064742424,0.44680851063829785,0.8091533011683844,0.5600646295802042,False,False,True,False,0.7816436712657469,0.3125374925014997,0.6250749850029994,0.48936170212765956,0.6170212765957447,1.0,,,,,,1.0,0.006739395907812641,1.0,1.0,False
1182,REACTOME_NOTCH1_INTRACELLULAR_DOMAIN_REGULATES_TRANSCRIPTION,47,0.3829787234042553,-0.026505876843137464,0.9605296531592449,0.14386508844054746,0.723404255319149,0.054846048387096655,0.0015438382307593004,0.003087676461518601,0.44680851063829785,0.8091533011683844,0.5600646295802042,False,False,True,False,0.7816436712657469,0.3125374925014997,0.6250749850029994,0.48936170212765956,0.6170212765957447,1.0,,,,,,0.6780868731870989,0.016320575582312605,0.6780868731870989,1.0,False
1183,REACTOME_COMPLEX_I_BIOGENESIS,56,0.4107142857142857,-0.016600996578432035,0.9295522882007767,0.22880554123436136,0.7857142857142857,0.16867354838709664,1.0438284109210036e-05,2.087656821842007e-05,0.44642857142857145,0.825159023508172,0.5044037600228359,False,False,True,False,0.7996400719856028,0.28434313137372524,0.5686862627474505,0.5,0.6071428571428571,1.0,,,,,,0.7540774930103149,0.0002659195656674163,0.7540774930103149,1.0,False
1184,KEGG_NEUROTROPHIN_SIGNALING_PATHWAY,121,0.45454545454545453,-0.008588037509804108,0.8623733327988247,0.36336326054811147,0.5950413223140496,0.021454435483871343,0.022525869862868367,0.045051739725736735,0.4462809917355372,0.8985378547243049,0.2752533344024047,False,False,True,False,0.8562287542491501,0.1801639672065587,0.3603279344131174,0.49586776859504134,0.5619834710743802,1.0,,,,,,0.883672154760196,0.11988082796882686,0.883672154760196,1.0,False
1185,KEGG_ADIPOCYTOKINE_SIGNALING_PATHWAY,63,0.3968253968253968,-0.020038423901961568,0.9615370831951913,0.12991792302255192,0.6031746031746031,0.01544354838709715,0.06495896151127602,0.12991792302255203,0.4444444444444444,0.8432484733517702,0.44996253629022337,False,False,False,False,0.8180363927214557,0.26034793041391724,0.5206958608278345,0.49206349206349204,0.6031746031746031,1.0,,,,,,0.6518056026446769,0.2656479636540077,0.6518056026446769,1.0,False
1186,KEGG_BIOSYNTHESIS_OF_UNSATURATED_FATTY_ACIDS,18,0.5,-0.0069743458156862745,0.5927352905273445,1.0,0.6111111111111112,0.029023225806451676,0.24034118652343725,0.4806823730468745,0.4444444444444444,0.7596588134765634,0.8145294189453127,False,False,False,False,0.7266546690661868,0.4351129774045191,0.8702259548090382,0.5,0.6666666666666666,1.0,,,,,,1.0,0.6681398995660495,1.0,1.0,False
1187,KEGG_NON_SMALL_CELL_LUNG_CANCER,54,0.48148148148148145,-0.003151542125490243,0.6582553858823067,0.8919231511047201,0.7407407407407407,0.056295241935484214,0.000267717751428525,0.00053543550285705,0.4444444444444444,0.82955452938992,0.49661743531791697,False,False,True,False,0.7966406718656269,0.2861427714457109,0.5722855428914218,0.5,0.6111111111111112,1.0,,,,,,1.0,0.00378212168836298,1.0,1.0,False
1188,REACTOME_ADRENALINE_NORADRENALINE_INHIBITS_INSULIN_SECRETION,27,0.5185185185185185,0.005321441360784078,0.5000000000000037,1.0,0.4074074074074074,-0.0069610483870964045,0.8761057183146547,0.44206833839416815,0.4444444444444444,0.7789658308029237,0.7011080384254504,False,False,False,False,0.7498500299940012,0.377124575084983,0.754249150169966,0.48148148148148145,0.6666666666666666,1.0,,,,,,1.0,0.636087220244942,1.0,1.0,False
1189,REACTOME_IRAK4_DEFICIENCY_TLR2_4,18,0.5555555555555556,0.020335482207842946,0.40726470947265625,0.8145294189453125,0.4444444444444444,-0.0250630645161287,0.7596588134765634,0.8145294189453127,0.4444444444444444,0.7596588134765634,0.8145294189453127,False,False,False,False,0.7266546690661868,0.4351129774045191,0.8702259548090382,0.5,0.6666666666666666,1.0,,,,,,1.0,0.9524294334394402,1.0,1.0,False
1190,REACTOME_KERATAN_SULFATE_KERATIN_METABOLISM,36,0.2777777777777778,-0.05889604224117673,0.9980334134888831,0.011330984183587129,0.7222222222222222,0.07340935483870997,0.005665492091793549,0.011330984183587097,0.4444444444444444,0.7974838769296183,0.6177193170296952,False,False,True,False,0.7680463907218557,0.3463307338532294,0.6926614677064588,0.5,0.6388888888888888,1.0,,,,,,0.22126586178699253,0.043664289833548205,0.22126586178699253,1.0,False
1191,REACTOME_MAPK6_MAPK4_SIGNALING,81,0.49382716049382713,-0.0021262446274522627,0.5878433924473886,0.9999999999999815,0.7037037037037037,0.1200546774193548,0.00015865845901113522,0.00031731691802227045,0.4444444444444444,0.8667938451643245,0.37417441760469905,False,False,True,False,0.8360327934413118,0.22075584883023394,0.4415116976604679,0.49382716049382713,0.5925925925925926,1.0,,,,,,1.0,0.0025030989370893823,1.0,1.0,False
1192,REACTOME_MECP2_REGULATES_NEURONAL_RECEPTORS_AND_CHANNELS,18,0.5,-0.0011652102666667398,0.5927352905273445,1.0,0.6111111111111112,0.03787197580645171,0.24034118652343725,0.4806823730468745,0.4444444444444444,0.7596588134765634,0.8145294189453127,False,False,False,False,0.7266546690661868,0.4351129774045191,0.8702259548090382,0.5,0.6666666666666666,1.0,,,,,,1.0,0.6681398995660495,1.0,1.0,False
1193,REACTOME_METABOLISM_OF_AMINE_DERIVED_HORMONES,18,0.5555555555555556,0.006366005586274282,0.40726470947265625,0.8145294189453125,0.5555555555555556,0.014420483870967888,0.40726470947265625,0.8145294189453125,0.4444444444444444,0.7596588134765634,0.8145294189453127,True,False,False,False,0.7266546690661868,0.4351129774045191,0.8702259548090382,0.5,0.6666666666666666,1.0,,,,,,1.0,0.9524294334394402,1.0,1.0,False
1194,REACTOME_ORC1_REMOVAL_FROM_CHROMATIN,63,0.5079365079365079,0.002847948874509755,0.49999999999999695,0.9999999999999939,0.7777777777777778,0.1200546774193548,5.5615115002244085e-06,1.1123023000448817e-05,0.4444444444444444,0.8432484733517702,0.44996253629022337,True,False,True,False,0.8180363927214557,0.26034793041391724,0.5206958608278345,0.49206349206349204,0.6031746031746031,1.0,,,,,,1.0,0.00015857961231832533,1.0,1.0,False
1195,REACTOME_PROCESSING_OF_CAPPED_INTRONLESS_PRE_MRNA,27,0.48148148148148145,-0.006102648596079736,0.6494459807872827,1.0,0.7407407407407407,0.09160766129032281,0.00957864522933966,0.01915729045867932,0.4444444444444444,0.7789658308029237,0.7011080384254504,False,False,True,False,0.7498500299940012,0.377124575084983,0.754249150169966,0.48148148148148145,0.6666666666666666,1.0,,,,,,1.0,0.06429898352653923,1.0,1.0,False
1196,REACTOME_REGULATION_OF_CHOLESTEROL_BIOSYNTHESIS_BY_SREBP_SREBF,54,0.25925925925925924,-0.02854298857451037,0.9999124366327607,0.0005354355028570528,0.6666666666666666,0.017190322580645456,0.009917163364033775,0.01983432672806755,0.4444444444444444,0.82955452938992,0.49661743531791697,False,False,True,False,0.7966406718656269,0.2861427714457109,0.5722855428914218,0.5,0.6111111111111112,1.0,,,,,,0.0320025681323023,0.06571970945717905,0.06571970945717905,1.0,False
1197,REACTOME_REGULATION_OF_MITF_M_DEPENDENT_GENES_INVOLVED_IN_APOPTOSIS,18,0.3888888888888889,-0.018645069835294292,0.8810577392578133,0.4806823730468747,0.5,0.0023583467741939623,0.5927352905273445,1.0,0.4444444444444444,0.7596588134765634,0.8145294189453127,False,False,False,False,0.7266546690661868,0.4351129774045191,0.8702259548090382,0.5,0.6666666666666666,1.0,,,,,,0.9650909660398492,1.0,1.0,1.0,False
1198,REACTOME_RHO_GTPASES_ACTIVATE_CIT,18,0.5,-0.0005068292686286962,0.5927352905273445,1.0,0.5,0.0037299596774195854,0.5927352905273445,1.0,0.4444444444444444,0.7596588134765634,0.8145294189453127,False,False,False,False,0.7266546690661868,0.4351129774045191,0.8702259548090382,0.5,0.6666666666666666,1.0,,,,,,1.0,1.0,1.0,1.0,False
1199,REACTOME_RORA_ACTIVATES_GENE_EXPRESSION,18,0.1111111111111111,-0.05249944225294145,0.9999275207519539,0.0013122558593749976,0.6666666666666666,0.055073991935483985,0.11894226074218746,0.23788452148437492,0.4444444444444444,0.7596588134765634,0.8145294189453127,False,False,False,False,0.7266546690661868,0.4351129774045191,0.8702259548090382,0.5,0.6666666666666666,1.0,,,,,,0.05664571126302073,0.4075772286512888,0.4075772286512888,1.0,False
1200,REACTOME_SMOOTH_MUSCLE_CONTRACTION,36,0.3888888888888889,-0.026909318380392164,0.933750918018631,0.2429849540349095,0.6111111111111112,0.04502241935483922,0.12149247701745491,0.24298495403490983,0.4444444444444444,0.7974838769296183,0.6177193170296952,False,False,False,False,0.7680463907218557,0.3463307338532294,0.6926614677064588,0.5,0.6388888888888888,1.0,,,,,,0.7706094256535712,0.4154000204293178,0.7706094256535712,1.0,False
1201,REACTOME_SPHINGOLIPID_METABOLISM,99,0.48484848484848486,-0.0027113976078434517,0.6560573282101596,0.8408215252256539,0.5959595959595959,0.019227741935484224,0.034950286847473394,0.06990057369494679,0.4444444444444444,0.8861869214449839,0.3148798910376222,False,False,True,False,0.8668266346730654,0.1915616876624675,0.383123375324935,0.494949494949495,0.5757575757575758,1.0,,,,,,1.0,0.1676319313610298,1.0,1.0,False
1202,HALLMARK_TNFA_SIGNALING_VIA_NFKB,196,0.6122448979591837,0.02519474552156853,0.0010258838705837357,0.0020517677411674715,0.6785714285714286,0.04261338709677426,3.1839566744299473e-07,6.367913348859895e-07,0.44387755102040816,0.9499166323508468,0.133408145192489,True,True,True,False,0.9210157968406318,0.09818036392721456,0.19636072785442912,0.49489795918367346,0.5510204081632653,1.0,,,,,,0.08175505307113463,1.3555804580997638e-05,0.08175505307113463,1.0,False
1203,REACTOME_METABOLISM_OF_VITAMINS_AND_COFACTORS,187,0.35294117647058826,-0.02329630750980393,0.9999814536691838,7.027324208054022e-05,0.6310160427807486,0.026033870967742262,0.00020915893044332328,0.00041831786088664656,0.44385026737967914,0.9462944562829352,0.1433890806565421,False,False,True,False,0.9238152369526095,0.10057988402319536,0.2011597680463907,0.4919786096256685,0.5508021390374331,1.0,,,,,,0.008400355245627654,0.003169036341451606,0.008400355245627654,1.0,False
1204,KEGG_CALCIUM_SIGNALING_PATHWAY,169,0.3727810650887574,-0.011133964580392277,0.999666143180851,0.0011697855781307466,0.47928994082840237,-0.002531048387096414,0.7307865171401661,0.644542212060297,0.4437869822485207,0.938158684897676,0.16597930888289839,True,False,False,False,0.907618476304739,0.1195760847830434,0.2391521695660868,0.4911242603550296,0.5562130177514792,1.0,,,,,,0.054624028743866515,0.8228778106115552,0.8228778106115552,1.0,False
1205,KEGG_NATURAL_KILLER_CELL_MEDIATED_CYTOTOXICITY,115,0.5739130434782609,0.003967515133333283,0.0676752049174077,0.1353504098348154,0.5565217391304348,0.006335241935484322,0.13152697877146693,0.26305395754293387,0.4434782608695652,0.9042520324398564,0.2630539575429348,True,False,False,False,0.8744251149770046,0.17016596680663867,0.34033193361327735,0.4956521739130435,0.5652173913043478,1.0,,,,,,0.6545368504044384,0.4416168505391377,0.6545368504044384,1.0,False
1206,REACTOME_PI3K_AKT_SIGNALING_IN_CANCER,106,0.5094339622641509,0.0030913369862737112,0.4613425797206626,0.9226851594413252,0.5,-0.0006151612903221713,0.5386574202793911,1.0,0.44339622641509435,0.8967508963201951,0.2852844218656718,False,False,False,False,0.8652269546090782,0.1833633273345331,0.3667266546690662,0.49056603773584906,0.5754716981132075,1.0,,,,,,1.0,1.0,1.0,1.0,False
1207,REACTOME_FATTY_ACID_METABOLISM,158,0.3670886075949367,-0.023026780756862972,0.9997099364655673,0.0010425661954060197,0.6329113924050633,0.021443427419355104,0.0005212830977030127,0.0010425661954060253,0.4430379746835443,0.9348071480759663,0.17604418967233845,False,False,True,False,0.9058188362327535,0.1205758848230354,0.2411517696460708,0.4936708860759494,0.5569620253164557,1.0,,,,,,0.052262834440675955,0.006532854305084529,0.052262834440675955,1.0,False
1208,REACTOME_G_ALPHA_Q_SIGNALLING_EVENTS,201,0.40298507462686567,-0.011718596345098212,0.9976699740126473,0.00720382862209868,0.43283582089552236,-0.004937580645161041,0.9759992669730514,0.06640168631276068,0.4427860696517413,0.9548808323576895,0.12050284465324038,True,False,False,False,0.9318136372725455,0.08978204359128174,0.17956408718256348,0.4925373134328358,0.5472636815920398,1.0,,,,,,0.1797007598321551,0.15948720329216398,0.1797007598321551,1.0,False
1209,REACTOME_CHEMOKINE_RECEPTORS_BIND_CHEMOKINES,52,0.5961538461538461,0.006212116103921479,0.10580428438075988,0.21160856876151976,0.6153846153846154,0.009715524193548822,0.06317353790696183,0.12634707581392365,0.4423076923076923,0.8341251183152671,0.4884556693799026,True,False,False,False,0.8026394721055788,0.27874425114977003,0.5574885022995401,0.5,0.6153846153846154,1.0,,,,,,0.750775606975806,0.2593703511424536,0.750775606975806,1.0,False
1210,REACTOME_DEGRADATION_OF_GLI1_BY_THE_PROTEASOME,52,0.5384615384615384,0.005344266362743508,0.33890431957123646,0.6778086391424729,0.7884615384615384,0.14777540322580657,1.7943958064759316e-05,3.588791612951863e-05,0.4423076923076923,0.8341251183152671,0.4884556693799026,True,False,True,False,0.8026394721055788,0.27874425114977003,0.5574885022995401,0.5,0.6153846153846154,1.0,,,,,,1.0,0.000422498648979333,1.0,1.0,False
1211,KEGG_ABC_TRANSPORTERS,43,0.4418604651162791,-0.009776861180392516,0.8198111735321174,0.5423840118564857,0.4883720930232558,-0.002883306451612746,0.619604178719329,1.0,0.4418604651162791,0.8198111735321174,0.5423840118564857,True,False,False,False,0.8014397120575885,0.29994001199760045,0.5998800239952009,0.4883720930232558,0.627906976744186,1.0,,,,,,0.9884736430370447,1.0,1.0,1.0,False
1212,REACTOME_CARGO_RECOGNITION_FOR_CLATHRIN_MEDIATED_ENDOCYTOSIS,102,0.43137254901960786,-0.008989492370589163,0.931450597121987,0.19778986306808438,0.5980392156862745,0.024165524193548935,0.029700268451717034,0.05940053690343407,0.4411764705882353,0.9011050684659617,0.27601389249250113,False,False,True,False,0.875624875024995,0.17016596680663867,0.34033193361327735,0.49019607843137253,0.5686274509803921,1.0,,,,,,0.750775606975806,0.14627703314395055,0.750775606975806,1.0,False
1213,REACTOME_INTERACTIONS_OF_VPR_WITH_HOST_CELLULAR_PROTEINS,34,0.5294117647058824,0.0146977275274503,0.4320831202203426,0.8641662404406852,0.7352941176470589,0.03882588709677455,0.004520592745393534,0.009041185490787067,0.4411764705882353,0.804235847434032,0.6075913612730822,True,False,True,False,0.7830433913217356,0.33153369326134774,0.6630673865226955,0.5,0.6176470588235294,1.0,,,,,,1.0,0.03658854753302891,1.0,1.0,False
1214,REACTOME_SENSORY_PROCESSING_OF_SOUND,68,0.36764705882352944,-0.011555947060784513,0.9897365331431774,0.03846005334892845,0.5735294117647058,0.024367741935484164,0.13749519808550548,0.27499039617101095,0.4411764705882353,0.8625048019145263,0.3961248402970416,False,False,False,False,0.8292341531693661,0.23175364927014597,0.46350729854029193,0.4852941176470588,0.5882352941176471,1.0,,,,,,0.402310979446309,0.4531655097028113,0.4531655097028113,1.0,False
1215,REACTOME_TOLL_LIKE_RECEPTOR_9_TLR9_CASCADE,102,0.45098039215686275,-0.007917466874509995,0.8619930537537533,0.37294366808362606,0.5588235294117647,0.014546491935484133,0.13800694624625018,0.27601389249250036,0.4411764705882353,0.9011050684659617,0.27601389249250113,False,False,False,False,0.875624875024995,0.17016596680663867,0.34033193361327735,0.49019607843137253,0.5686274509803921,1.0,,,,,,0.8985340468247361,0.45437032725989995,0.8985340468247361,1.0,False
1216,REACTOME_PROCESSING_OF_CAPPED_INTRON_CONTAINING_PRE_MRNA,263,0.4866920152091255,-0.001574537537254981,0.6890580010071935,0.7114763589544298,0.7110266159695817,0.07327104838709704,2.8624035379384053e-12,5.724807075876811e-12,0.44106463878326996,0.9758671196193981,0.06412592670555578,False,False,True,False,0.9590081983603279,0.05558888222355529,0.11117776444711058,0.49429657794676807,0.5437262357414449,1.0,,,,,,1.0,5.930900130608376e-10,1.0,1.0,False
1217,REACTOME_BETA_CATENIN_INDEPENDENT_WNT_SIGNALING,134,0.43283582089552236,-0.007433093860784532,0.9498171492512617,0.14166174981277177,0.6044776119402985,0.04211875000000027,0.009668424106883466,0.01933684821376693,0.44029850746268656,0.9291691250936058,0.1948566595070747,False,False,True,False,0.903619276144771,0.13017396520695862,0.26034793041391724,0.4925373134328358,0.5597014925373134,1.0,,,,,,0.6779904739771021,0.06462249919181465,0.6779904739771021,1.0,False
1218,REACTOME_CASPASE_ACTIVATION_VIA_EXTRINSIC_APOPTOTIC_SIGNALLING_PATHWAY,25,0.44,-0.003319585192156906,0.7878218889236452,0.6900379657745355,0.52,0.006335241935484322,0.49999999999999983,0.9999999999999997,0.44,0.7878218889236452,0.6900379657745355,False,False,False,False,0.770245950809838,0.3717256548690262,0.7434513097380524,0.48,0.64,1.0,,,,,,1.0,1.0,1.0,1.0,False
1219,REACTOME_CONSTITUTIVE_SIGNALING_BY_AKT1_E17K_IN_CANCER,25,0.44,-0.013529945400000215,0.7878218889236452,0.6900379657745355,0.52,0.02794879032258091,0.49999999999999983,0.9999999999999997,0.44,0.7878218889236452,0.6900379657745355,False,False,False,False,0.770245950809838,0.3717256548690262,0.7434513097380524,0.48,0.64,1.0,,,,,,1.0,1.0,1.0,1.0,False
1220,REACTOME_HCMV_LATE_EVENTS,50,0.4,-0.009102043260784452,0.9405397737202995,0.20263875106454418,0.68,0.04722858870967756,0.007673338916315189,0.015346677832630377,0.44,0.8388818398212421,0.47988766169834135,False,False,True,False,0.8134373125374925,0.27294541091781643,0.5458908218356329,0.5,0.6,1.0,,,,,,0.750775606975806,0.053592668206533946,0.750775606975806,1.0,False
1221,REACTOME_SYNTHESIS_OF_IP3_AND_IP4_IN_THE_CYTOSOL,25,0.24,-0.013319729003922094,0.9979613423347479,0.014633297920227046,0.56,0.0028180645161295613,0.345018982887268,0.690037965774536,0.44,0.7878218889236452,0.6900379657745355,False,False,False,False,0.770245950809838,0.3717256548690262,0.7434513097380524,0.48,0.64,1.0,,,,,,0.2498917029454157,0.8640765502124327,0.8640765502124327,1.0,False
1222,REACTOME_TGFBR3_EXPRESSION,25,0.4,-0.023251214701960933,0.8852385282516482,0.4243562221527105,0.48,-0.007285161290322223,0.6549810171127328,1.0,0.44,0.7878218889236452,0.6900379657745355,True,False,False,False,0.770245950809838,0.3717256548690262,0.7434513097380524,0.48,0.64,1.0,,,,,,0.9210189514320003,1.0,1.0,1.0,False
1223,REACTOME_TNFR1_INDUCED_PROAPOPTOTIC_SIGNALING,25,0.4,-0.01292601194509807,0.8852385282516482,0.4243562221527105,0.56,0.03208911290322626,0.345018982887268,0.690037965774536,0.44,0.7878218889236452,0.6900379657745355,False,False,False,False,0.770245950809838,0.3717256548690262,0.7434513097380524,0.48,0.64,1.0,,,,,,0.9210189514320003,0.8640765502124327,0.9210189514320003,1.0,False
1224,REACTOME_GABA_B_RECEPTOR_ACTIVATION,41,0.5609756097560976,0.006746763996078438,0.26635462761805384,0.5327092552361077,0.4878048780487805,-0.00530556451612858,0.6223856712476797,0.999999999999991,0.43902439024390244,0.8255555602754553,0.5327092552361072,False,False,False,False,0.7916416716656669,0.3007398520295941,0.6014797040591882,0.4878048780487805,0.6097560975609756,1.0,,,,,,0.9884736430370447,1.0,1.0,1.0,False
1225,REACTOME_GLYCOSAMINOGLYCAN_METABOLISM,123,0.2764227642276423,-0.047925286686274625,0.999999862767052,7.432002272294595e-07,0.7560975609756098,0.060480322580645327,5.418957211837046e-09,1.0837914423674093e-08,0.43902439024390244,0.9255918768807863,0.20664710898494287,False,False,True,False,0.8952209558088382,0.13777244551089782,0.27554489102179563,0.4878048780487805,0.5691056910569106,1.0,,,,,,0.0003479633435332606,4.6783663928859834e-07,0.0003479633435332606,1.0,False
1226,REACTOME_HEDGEHOG_LIGAND_BIOGENESIS,57,0.5263157894736842,0.005326989666665196,0.39568321388959843,0.7913664277791969,0.7368421052631579,0.11439314516129066,0.00023000250432440012,0.00046000500864880025,0.43859649122807015,0.8553781264455109,0.427042856503267,True,False,True,False,0.8234353129374126,0.252749450109978,0.505498900219956,0.49122807017543857,0.5964912280701754,1.0,,,,,,1.0,0.003420324322680553,1.0,1.0,False
1227,HALLMARK_NOTCH_SIGNALING,32,0.5625,0.00519752030392181,0.2983074479270704,0.5966148958541408,0.6875,0.0477458467741939,0.02505122986622141,0.05010245973244282,0.4375,0.811457206262269,0.5966148958541402,True,False,True,False,0.7804439112177565,0.33513297340531895,0.6702659468106379,0.5,0.625,1.0,,,,,,1.0,0.13019936860236814,1.0,1.0,False
1228,REACTOME_ABERRANT_REGULATION_OF_MITOTIC_EXIT_IN_CANCER_DUE_TO_RB1_DEFECTS,16,0.3125,-0.0312896133725495,0.9615936279296879,0.21011352539062492,0.875,0.06357044354838737,0.0020904541015624957,0.004180908203124991,0.4375,0.7727508544921882,0.803619384765625,False,False,True,False,0.7508498300339932,0.42911417716456707,0.8582283543291341,0.5,0.6875,1.0,,,,,,0.750775606975806,0.02011495773268185,0.750775606975806,1.0,False
1229,REACTOME_BASE_EXCISION_REPAIR_AP_SITE_FORMATION,16,0.25,-0.046166411217648085,0.9893646240234378,0.0768127441406251,0.6875,0.04721435483870996,0.10505676269531242,0.21011352539062483,0.4375,0.7727508544921882,0.803619384765625,False,False,False,False,0.7508498300339932,0.42911417716456707,0.8582283543291341,0.5,0.6875,1.0,,,,,,0.5203501383463556,0.37573811099773435,0.5203501383463556,1.0,False
1230,REACTOME_DIGESTION,16,0.5625,0.004345580380391876,0.4018096923828125,0.803619384765625,0.5,0.00020576612903251907,0.5981903076171879,1.0,0.4375,0.7727508544921882,0.803619384765625,True,False,False,False,0.7508498300339932,0.42911417716456707,0.8582283543291341,0.5,0.6875,1.0,,,,,,1.0,1.0,1.0,1.0,False
1231,REACTOME_ELEVATION_OF_CYTOSOLIC_CA2_LEVELS,16,0.3125,-0.013307384086274595,0.9615936279296879,0.21011352539062492,0.375,-0.02263959677419341,0.894943237304688,0.45449829101562467,0.4375,0.7727508544921882,0.803619384765625,True,False,False,False,0.7508498300339932,0.42911417716456707,0.8582283543291341,0.5,0.6875,1.0,,,,,,0.750775606975806,0.6485678092178886,0.750775606975806,1.0,False
1232,REACTOME_GPVI_MEDIATED_ACTIVATION_CASCADE,32,0.59375,0.008727687915686197,0.18854279373772315,0.3770855874754463,0.65625,0.06404270161290371,0.05509208259172696,0.11018416518345392,0.4375,0.811457206262269,0.5966148958541402,True,False,False,False,0.7804439112177565,0.33513297340531895,0.6702659468106379,0.5,0.625,1.0,,,,,,0.9015246199028362,0.23296080638787398,0.9015246199028362,1.0,False
1233,REACTOME_SIGNALING_BY_FLT3_ITD_AND_TKD_MUTANTS,16,0.4375,-0.01634164564901999,0.7727508544921882,0.803619384765625,0.875,0.04063036290322605,0.0020904541015624957,0.004180908203124991,0.4375,0.7727508544921882,0.803619384765625,False,False,True,False,0.7508498300339932,0.42911417716456707,0.8582283543291341,0.5,0.6875,1.0,,,,,,1.0,0.02011495773268185,1.0,1.0,False
1234,REACTOME_SOMITOGENESIS,48,0.5416666666666666,0.004150297607842343,0.33273290603830724,0.6654658120766145,0.7708333333333334,0.12349487903225809,0.00011112248131084288,0.00022224496262168575,0.4375,0.8438365962633595,0.47087901362170975,True,False,True,False,0.8168366326734653,0.27914417116576684,0.5582883423315337,0.5,0.6041666666666666,1.0,,,,,,1.0,0.0018668576860221603,1.0,1.0,False
1235,REACTOME_SWITCHING_OF_ORIGINS_TO_A_POST_REPLICATIVE_STATE,80,0.4875,-0.0028527972333334583,0.6312228455078362,0.9110721212260793,0.775,0.09744762096774207,4.0713333124976236e-07,8.142666624995247e-07,0.4375,0.890740980260641,0.31430657986393246,False,False,True,False,0.8582283543291341,0.1951609678064387,0.3903219356128774,0.4875,0.5875,1.0,,,,,,1.0,1.6017346753471662e-05,1.0,1.0,False
1236,REACTOME_SYNTHESIS_OF_PIPS_AT_THE_EARLY_ENDOSOME_MEMBRANE,16,0.3125,-0.034333597709804715,0.9615936279296879,0.21011352539062492,0.625,0.005647338709677599,0.22724914550781222,0.45449829101562444,0.4375,0.7727508544921882,0.803619384765625,False,False,False,False,0.7508498300339932,0.42911417716456707,0.8582283543291341,0.5,0.6875,1.0,,,,,,0.750775606975806,0.6485678092178886,0.750775606975806,1.0,False
1237,REACTOME_TICAM1_RIP1_MEDIATED_IKK_COMPLEX_RECRUITMENT,16,0.5,-0.003782234443138125,0.5981903076171879,1.0,0.6875,0.06642225806451638,0.10505676269531242,0.21011352539062483,0.4375,0.7727508544921882,0.803619384765625,False,False,False,False,0.7508498300339932,0.42911417716456707,0.8582283543291341,0.5,0.6875,1.0,,,,,,1.0,0.37573811099773435,1.0,1.0,False
1238,REACTOME_DISEASES_OF_GLYCOSYLATION,135,0.35555555555555557,-0.023638939098039276,0.9997363326971022,0.0009994843752152319,0.6518518518518519,0.033344193548387316,0.0002636673028704762,0.0005273346057409524,0.43703703703703706,0.939493137172416,0.16825920465991956,False,False,True,False,0.9198160367926415,0.11157768446310738,0.22315536892621476,0.4888888888888889,0.562962962962963,1.0,,,,,,0.05177329063614901,0.00378212168836298,0.05177329063614901,1.0,False
1239,HALLMARK_PANCREAS_BETA_CELLS,39,0.3333333333333333,-0.007227234854902029,0.9881486487647656,0.05325191409792756,0.5897435897435898,0.013688064516129202,0.16839181759496585,0.3367836351899317,0.4358974358974359,0.8316081824050369,0.5223973804968411,False,False,False,False,0.8124375124975005,0.29054189162167565,0.5810837832433513,0.48717948717948717,0.6153846153846154,1.0,,,,,,0.45628522843737745,0.5270511269739717,0.5270511269739717,1.0,False
1240,REACTOME_EPIGENETIC_REGULATION_OF_GENE_EXPRESSION,179,0.43575418994413406,-0.01573252262352935,0.963729165120485,0.09983295689826954,0.5977653631284916,0.029025806451613123,0.005419958477643717,0.010839916955287434,0.43575418994413406,0.963729165120485,0.09983295689826954,False,False,True,False,0.9494101179764047,0.0665866826634673,0.1331733653269346,0.49162011173184356,0.553072625698324,1.0,,,,,,0.5896178282326735,0.042646154300042205,0.5896178282326735,1.0,False
1241,REACTOME_RUNX1_REGULATES_TRANSCRIPTION_OF_GENES_INVOLVED_IN_DIFFERENTIATION_OF_HSCS,62,0.5483870967741935,0.005344266362743508,0.2628866800878217,0.5257733601756434,0.6935483870967742,0.10015145161290347,0.0015780301255105017,0.0031560602510210035,0.43548387096774194,0.8735728029059338,0.37415171240478795,True,False,True,False,0.8386322735452909,0.22415516896620677,0.44831033793241354,0.4838709677419355,0.5967741935483871,1.0,,,,,,0.9884736430370447,0.016625483491819117,0.9884736430370447,1.0,False
1242,REACTOME_EXTRACELLULAR_MATRIX_ORGANIZATION,294,0.43537414965986393,-0.010499286682353552,0.9886138191697913,0.030762507774934923,0.6462585034013606,0.036042258064516296,2.9960505849822387e-07,5.992101169964477e-07,0.43537414965986393,0.9886138191697913,0.030762507774934923,False,False,True,False,0.9822035592881424,0.02539492101579684,0.05078984203159368,0.4931972789115646,0.5408163265306123,1.0,,,,,,0.3901903105945125,1.3115105941020842e-05,0.3901903105945125,1.0,False
1243,KEGG_NITROGEN_METABOLISM,23,0.43478260869565216,-0.02406394005882377,0.7975635528564496,0.6776394844055222,0.4782608695652174,-0.002787096774193136,0.6611802577972447,1.0,0.43478260869565216,0.7975635528564496,0.6776394844055222,True,False,False,False,0.7748450309938012,0.3669266146770646,0.7338532293541292,0.4782608695652174,0.6521739130434783,1.0,,,,,,1.0,1.0,1.0,1.0,False
1244,KEGG_TOLL_LIKE_RECEPTOR_SIGNALING_PATHWAY,92,0.4673913043478261,-0.004391575139216646,0.7671462771134603,0.6024122776961448,0.5543478260869565,0.009099233870968317,0.17407064515960466,0.3481412903192093,0.43478260869565216,0.9125080507685114,0.25132210347485345,False,False,False,False,0.8882223555288942,0.15496900619876025,0.3099380123975205,0.4891304347826087,0.5760869565217391,1.0,,,,,,1.0,0.5324916979882394,1.0,1.0,False
1245,REACTOME_ADP_SIGNALLING_THROUGH_P2Y_PURINOCEPTOR_1,23,0.5652173913043478,0.006302229796078396,0.3388197422027608,0.6776394844055216,0.5217391304347826,0.02449120967741975,0.5000000000000028,1.0,0.43478260869565216,0.7975635528564496,0.6776394844055222,True,False,False,False,0.7748450309938012,0.3669266146770646,0.7338532293541292,0.4782608695652174,0.6521739130434783,1.0,,,,,,1.0,1.0,1.0,1.0,False
1246,REACTOME_BBSOME_MEDIATED_CARGO_TARGETING_TO_CILIUM,23,0.6086956521739131,0.005027957278430941,0.2024364471435556,0.4048728942871112,0.6521739130434783,0.050006048387097046,0.10501980781555229,0.21003961563110457,0.43478260869565216,0.7975635528564496,0.6776394844055222,True,False,False,False,0.7748450309938012,0.3669266146770646,0.7338532293541292,0.4782608695652174,0.6521739130434783,1.0,,,,,,0.9148548117772449,0.37573811099773435,0.9148548117772449,1.0,False
1247,REACTOME_INOSITOL_PHOSPHATE_METABOLISM,46,0.32608695652173914,-0.023664657005882443,0.9943242042816242,0.025896081793235066,0.6739130434782609,0.0263044354838712,0.01294804089661759,0.02589608179323518,0.43478260869565216,0.8490021934051807,0.46139118213677005,False,False,True,False,0.8248350329934013,0.26874625074985004,0.5374925014997001,0.5,0.6086956521739131,1.0,,,,,,0.35612841687333885,0.08064631484306106,0.35612841687333885,1.0,False
1248,REACTOME_RNA_POLYMERASE_III_TRANSCRIPTION_TERMINATION,23,0.30434782608695654,-0.03312323556470626,0.9826551675796565,0.09313964843750042,0.782608695652174,0.07769379032258114,0.005311012268066423,0.010622024536132845,0.43478260869565216,0.7975635528564496,0.6776394844055222,False,False,True,False,0.7748450309938012,0.3669266146770646,0.7338532293541292,0.4782608695652174,0.6521739130434783,1.0,,,,,,0.5676039751838261,0.04200159320394514,0.5676039751838261,1.0,False
1249,REACTOME_TELOMERE_EXTENSION_BY_TELOMERASE,23,0.34782608695652173,-0.017703864756863107,0.9534301757812556,0.21003961563110465,0.6521739130434783,0.06138483870967776,0.10501980781555229,0.21003961563110457,0.43478260869565216,0.7975635528564496,0.6776394844055222,False,False,False,False,0.7748450309938012,0.3669266146770646,0.7338532293541292,0.4782608695652174,0.6521739130434783,1.0,,,,,,0.750775606975806,0.37573811099773435,0.750775606975806,1.0,False
1250,REACTOME_POTASSIUM_CHANNELS,99,0.47474747474747475,-0.0019449243529415065,0.7266432582005987,0.687885343579694,0.5757575757575758,0.01608000000000055,0.07953482594061914,0.15906965188123828,0.43434343434343436,0.9204651740593874,0.22762615711004544,False,False,False,False,0.9032193561287742,0.133373325334933,0.266746650669866,0.494949494949495,0.5757575757575758,1.0,,,,,,1.0,0.30899279877930536,1.0,1.0,False
1251,REACTOME_SYNTHESIS_OF_PIPS_AT_THE_PLASMA_MEMBRANE,53,0.5283018867924528,0.00455494064705887,0.3919231511047492,0.7838463022094984,0.6415094339622641,0.02829790322580685,0.026719405268855367,0.05343881053771073,0.4339622641509434,0.8641604169672447,0.4101027163746915,True,False,True,False,0.8348330333933214,0.2455508898220356,0.4911017796440712,0.49056603773584906,0.6037735849056604,1.0,,,,,,1.0,0.13703615771551564,1.0,1.0,False
1252,REACTOME_FCERI_MEDIATED_CA_2_MOBILIZATION,30,0.4,-0.018182880905882715,0.8997557889670215,0.3615946080535678,0.6333333333333333,0.05911806451612939,0.10024421103298746,0.20048842206597492,0.43333333333333335,0.8192026959732248,0.5846647117286976,False,False,False,False,0.7850429914017196,0.32953409318136373,0.6590681863627275,0.5,0.6333333333333333,1.0,,,,,,0.8818141280367402,0.36654000928297065,0.8818141280367402,1.0,False
1253,REACTOME_NUCLEAR_IMPORT_OF_REV_PROTEIN,30,0.5333333333333333,0.0146977275274503,0.42776777595281984,0.8555355519056397,0.7,0.033594516129032484,0.02138697262853407,0.04277394525706814,0.43333333333333335,0.8192026959732248,0.5846647117286976,True,False,True,False,0.7850429914017196,0.32953409318136373,0.6590681863627275,0.5,0.6333333333333333,1.0,,,,,,1.0,0.11600473111602773,1.0,1.0,False
1254,REACTOME_RIPK1_MEDIATED_REGULATED_NECROSIS,30,0.4,-0.012395835766666675,0.8997557889670215,0.3615946080535678,0.7,0.06971794354838726,0.02138697262853407,0.04277394525706814,0.43333333333333335,0.8192026959732248,0.5846647117286976,False,False,True,False,0.7850429914017196,0.32953409318136373,0.6590681863627275,0.5,0.6333333333333333,1.0,,,,,,0.8818141280367402,0.11600473111602773,0.8818141280367402,1.0,False
1255,REACTOME_FORMATION_OF_INCISION_COMPLEX_IN_GG_NER,37,0.5135135135135135,0.0008545972980375481,0.5000000000000008,1.0,0.6486486486486487,0.03634475806451653,0.049435874796472656,0.09887174959294531,0.43243243243243246,0.8379956999560827,0.5113757815852296,True,False,True,False,0.8132373525294941,0.28274345130973805,0.5654869026194761,0.4864864864864865,0.6216216216216216,1.0,,,,,,1.0,0.21793857995381163,1.0,1.0,False
1256,REACTOME_MRNA_SPLICING,199,0.47738693467336685,-0.0030163904313736615,0.7607543995087517,0.570753510462095,0.7135678391959799,0.0778518548387099,7.396055789792172e-10,1.4792111579584344e-09,0.4321608040201005,0.9765567661839403,0.06504501335635988,False,False,True,False,0.9626074785042992,0.051989602079584085,0.10397920415916817,0.49246231155778897,0.5527638190954773,1.0,,,,,,1.0,8.513681998027434e-08,1.0,1.0,False
1257,KEGG_SMALL_CELL_LUNG_CANCER,81,0.5432098765432098,0.005743444384313481,0.252618220383463,0.505236440766926,0.6666666666666666,0.044591290322581245,0.0017981738594120128,0.0035963477188240256,0.43209876543209874,0.9089616265295618,0.266412309671314,True,False,True,False,0.8800239952009599,0.16416716656668667,0.32833433313337335,0.49382716049382713,0.5925925925925926,1.0,,,,,,0.9875942502538402,0.018323686410008314,0.9875942502538402,1.0,False
1258,REACTOME_METABOLISM_OF_POLYAMINES,51,0.5294117647058824,0.004593024023529341,0.38988396527652247,0.7797679305530449,0.7843137254901961,0.15708991935483885,2.8519058187014752e-05,5.7038116374029504e-05,0.43137254901960786,0.8687812321444458,0.40106199102792517,True,False,True,False,0.850629874025195,0.22895420915816836,0.4579084183163367,0.49019607843137253,0.6078431372549019,1.0,,,,,,1.0,0.0006194122561018738,1.0,1.0,False
1259,REACTOME_NON_INTEGRIN_MEMBRANE_ECM_INTERACTIONS,58,0.46551724137931033,-0.014678324223529578,0.744078845780904,0.6940040940761207,0.7586206896551724,0.07685991935483888,5.0248349634572966e-05,0.00010049669926914593,0.43103448275862066,0.881476442618627,0.35814330180613224,False,False,True,False,0.8474305138972206,0.22075584883023394,0.4415116976604679,0.4827586206896552,0.603448275862069,1.0,,,,,,1.0,0.0009640238929892147,1.0,1.0,False
1260,REACTOME_RNA_POLYMERASE_II_PRE_TRANSCRIPTION_EVENTS,72,0.5,-0.0005639028784322625,0.5468528376484605,1.0,0.5138888888888888,0.004087016129032495,0.45314716235154145,0.9062943247030829,0.4305555555555556,0.9027474170663021,0.2887842804141044,False,False,False,False,0.8790241951609679,0.17776444711057787,0.35552889422115574,0.4861111111111111,0.5833333333333334,1.0,,,,,,1.0,1.0,1.0,1.0,False
1261,REACTOME_PTEN_REGULATION,128,0.46875,-0.0075850887117652815,0.7867802517779948,0.536268714071111,0.7265625,0.10259931451612933,1.4916209710738782e-07,2.9832419421477564e-07,0.4296875,0.9536549845508218,0.13262480132498244,False,False,True,False,0.9350129974005199,0.08838232353529295,0.1767646470705859,0.4921875,0.5625,1.0,,,,,,0.9884736430370447,7.599931111635432e-06,0.9884736430370447,1.0,False
1262,KEGG_APOPTOSIS,84,0.4642857142857143,-0.008598893545098282,0.7773976654767468,0.585646794721246,0.6309523809523809,0.036422580645161615,0.010691594968572825,0.02138318993714565,0.42857142857142855,0.9221717681430415,0.22986440696912994,False,False,True,False,0.8964207158568286,0.14937012597480503,0.29874025194961007,0.4880952380952381,0.5833333333333334,1.0,,,,,,1.0,0.06941105769230776,1.0,1.0,False
1263,KEGG_RIBOFLAVIN_METABOLISM,14,0.21428571428571427,-0.03235649509019621,0.9935302734375019,0.05737304687500014,0.5,-0.006040604838709384,0.6047363281250012,1.0,0.42857142857142855,0.7880249023437517,0.7905273437500014,True,False,False,False,0.7704459108178364,0.41631673665266944,0.8326334733053389,0.5,0.7142857142857143,1.0,,,,,,0.4755195593466722,1.0,1.0,1.0,False
1264,REACTOME_ADP_SIGNALLING_THROUGH_P2Y_PURINOCEPTOR_12,21,0.6666666666666666,0.00859982993725484,0.09462356567382803,0.18924713134765606,0.38095238095238093,-0.017941854838709328,0.9053764343261742,0.38331031799316473,0.42857142857142855,0.8083448410034197,0.6636238098144559,False,False,False,False,0.789242151569686,0.3629274145170966,0.7258548290341932,0.47619047619047616,0.6666666666666666,1.0,,,,,,0.73706777472245,0.5743360492135371,0.73706777472245,1.0,False
1265,REACTOME_AKT_PHOSPHORYLATES_TARGETS_IN_THE_CYTOSOL,14,0.42857142857142855,-0.008872653037255778,0.7880249023437517,0.7905273437500014,0.5714285714285714,0.03273971774193575,0.395263671875001,0.790527343750002,0.42857142857142855,0.7880249023437517,0.7905273437500014,False,False,False,False,0.7704459108178364,0.41631673665266944,0.8326334733053389,0.5,0.7142857142857143,1.0,,,,,,1.0,0.9342049370247173,1.0,1.0,False
1266,REACTOME_BRANCHED_CHAIN_AMINO_ACID_CATABOLISM,21,0.2857142857142857,-0.05412138734509849,0.9866981506347678,0.07835388183593771,0.5714285714285714,0.022059838709677315,0.3318119049072274,0.6636238098144548,0.42857142857142855,0.8083448410034197,0.6636238098144559,False,False,False,False,0.789242151569686,0.3629274145170966,0.7258548290341932,0.47619047619047616,0.6666666666666666,1.0,,,,,,0.5203501383463556,0.8377509345667447,0.8377509345667447,1.0,False
1267,REACTOME_CLASS_B_2_SECRETIN_FAMILY_RECEPTORS,91,0.4175824175824176,-0.006955132941179429,0.9535265284411186,0.14179337454476074,0.4835164835164835,-0.003147177419354558,0.6623887700420337,0.8340810393050233,0.42857142857142855,0.9291033127277137,0.20817442238119432,True,False,False,False,0.907618476304739,0.126374725054989,0.252749450109978,0.4945054945054945,0.5824175824175825,1.0,,,,,,0.6779904739771021,0.9594092783715813,0.9594092783715813,1.0,False
1268,REACTOME_EICOSANOID_LIGAND_BINDING_RECEPTORS,14,0.2857142857142857,-0.010734386343137347,0.9713134765625019,0.1795654296875005,0.5714285714285714,0.016050927419355338,0.395263671875001,0.790527343750002,0.42857142857142855,0.7880249023437517,0.7905273437500014,False,False,False,False,0.7704459108178364,0.41631673665266944,0.8326334733053389,0.5,0.7142857142857143,1.0,,,,,,0.7136692525175852,0.9342049370247173,0.9342049370247173,1.0,False
1269,REACTOME_ERBB2_REGULATES_CELL_MOTILITY,14,0.5,0.009723618474509676,0.6047363281250012,1.0,0.21428571428571427,-0.035482661290322286,0.9935302734375019,0.05737304687500014,0.42857142857142855,0.7880249023437517,0.7905273437500014,False,False,False,False,0.7704459108178364,0.41631673665266944,0.8326334733053389,0.5,0.7142857142857143,1.0,,,,,,1.0,0.1441708433302346,1.0,1.0,False
1270,REACTOME_EXPORT_OF_VIRAL_RIBONUCLEOPROTEINS_FROM_NUCLEUS,28,0.5,0.006328111294117242,0.5747229903936334,1.0,0.6428571428571429,0.02149891129032277,0.09246667101979189,0.18493334203958378,0.42857142857142855,0.8275357745587762,0.5715881884098001,True,False,False,False,0.8134373125374925,0.3059388122375525,0.611877624475105,0.5,0.6428571428571429,1.0,,,,,,1.0,0.3437636525472646,1.0,1.0,False
1271,REACTOME_FGFR1C_LIGAND_BINDING_AND_ACTIVATION,14,0.2857142857142857,-0.011600075974509922,0.9713134765625019,0.1795654296875005,0.5714285714285714,0.01754778225806483,0.395263671875001,0.790527343750002,0.42857142857142855,0.7880249023437517,0.7905273437500014,False,False,False,False,0.7704459108178364,0.41631673665266944,0.8326334733053389,0.5,0.7142857142857143,1.0,,,,,,0.7136692525175852,0.9342049370247173,0.9342049370247173,1.0,False
1272,REACTOME_GOLGI_CISTERNAE_PERICENTRIOLAR_STACK_REORGANIZATION,14,0.6428571428571429,0.02644117541372522,0.21197509765625067,0.42395019531250133,0.7857142857142857,0.1339033467741934,0.02868652343750004,0.05737304687500008,0.42857142857142855,0.7880249023437517,0.7905273437500014,True,False,True,False,0.7704459108178364,0.41631673665266944,0.8326334733053389,0.5,0.7142857142857143,1.0,,,,,,0.9210189514320003,0.1441708433302346,0.9210189514320003,1.0,False
1273,REACTOME_HEDGEHOG_ON_STATE,77,0.4675324675324675,-0.00536118165882396,0.7528088631522664,0.6487911623106554,0.7272727272727273,0.09802741935483904,4.107960951503697e-05,8.215921903007394e-05,0.42857142857142855,0.9144695132230629,0.25430466614770314,False,False,True,False,0.8924215156968607,0.15916816636672665,0.3183363327334533,0.4935064935064935,0.5844155844155844,1.0,,,,,,1.0,0.0007979714148295932,1.0,1.0,False
1274,REACTOME_INTERLEUKIN_10_SIGNALING,42,0.5714285714285714,0.008070128439215198,0.22039953367129753,0.44079906734259505,0.5238095238095238,0.002784072580645652,0.4388071643761586,0.8776143287523172,0.42857142857142855,0.8600218807355324,0.4407990673425947,True,False,False,False,0.8374325134973005,0.2555488902219556,0.5110977804439112,0.5,0.6190476190476191,1.0,,,,,,0.9422307436731675,0.9911429265124279,0.9911429265124279,1.0,False
1275,REACTOME_KERATAN_SULFATE_BIOSYNTHESIS,28,0.32142857142857145,-0.05593158765490207,0.9821509309112947,0.08715855330228726,0.75,0.07340935483870997,0.00627047568559641,0.01254095137119282,0.42857142857142855,0.8275357745587762,0.5715881884098001,False,False,True,False,0.8134373125374925,0.3059388122375525,0.611877624475105,0.5,0.6428571428571429,1.0,,,,,,0.5528342523745078,0.04629130268606566,0.5528342523745078,1.0,False
1276,REACTOME_MATURATION_OF_SARS_COV_2_NUCLEOPROTEIN,14,0.42857142857142855,-0.02028885082353011,0.7880249023437517,0.7905273437500014,0.7142857142857143,0.027178225806451857,0.08978271484375025,0.1795654296875005,0.42857142857142855,0.7880249023437517,0.7905273437500014,False,False,False,False,0.7704459108178364,0.41631673665266944,0.8326334733053389,0.5,0.7142857142857143,1.0,,,,,,1.0,0.33741799000529116,1.0,1.0,False
1277,REACTOME_MISMATCH_REPAIR,14,0.42857142857142855,-0.025118481515686793,0.7880249023437517,0.7905273437500014,0.7142857142857143,0.032789798387097,0.08978271484375025,0.1795654296875005,0.42857142857142855,0.7880249023437517,0.7905273437500014,False,False,False,False,0.7704459108178364,0.41631673665266944,0.8326334733053389,0.5,0.7142857142857143,1.0,,,,,,1.0,0.33741799000529116,1.0,1.0,False
1278,REACTOME_NCAM_SIGNALING_FOR_NEURITE_OUT_GROWTH,63,0.2698412698412698,-0.021323591043137496,0.9999414722918459,0.0003367093494662289,0.6507936507936508,0.047686612903226004,0.01128748633662857,0.02257497267325714,0.42857142857142855,0.8963160500715696,0.31350305329645145,False,False,True,False,0.8792241551689662,0.1821635672865427,0.3643271345730854,0.49206349206349204,0.6031746031746031,1.0,,,,,,0.023783924048659987,0.07174132420090305,0.07174132420090305,1.0,False
1279,REACTOME_NOTCH_HLH_TRANSCRIPTION_PATHWAY,28,0.2857142857142857,-0.029900029847058973,0.9937295243143957,0.03569813817739459,0.8571428571428571,0.08916487903225837,8.999556303024224e-05,0.00017999112606048448,0.42857142857142855,0.8275357745587762,0.5715881884098001,False,False,True,False,0.8134373125374925,0.3059388122375525,0.611877624475105,0.5,0.6428571428571429,1.0,,,,,,0.39624933376907995,0.0015892398289658687,0.39624933376907995,1.0,False
1280,REACTOME_O_GLYCOSYLATION_OF_TSR_DOMAIN_CONTAINING_PROTEINS,35,0.34285714285714286,-0.015956225509804127,0.9795202042441817,0.0895310789346694,0.5142857142857142,0.00020612903225852158,0.5000000000000007,1.0,0.42857142857142855,0.8447476704604927,0.49955983320251024,False,False,False,False,0.8216356728654269,0.28174365126974604,0.5634873025394921,0.4857142857142857,0.6285714285714286,1.0,,,,,,0.5632846018804707,1.0,1.0,1.0,False
1281,REACTOME_PEROXISOMAL_LIPID_METABOLISM,28,0.39285714285714285,-0.014480537943137825,0.9075333289802002,0.3449284508824315,0.6071428571428571,0.023760443548387078,0.17246422544121584,0.3449284508824317,0.42857142857142855,0.8275357745587762,0.5715881884098001,False,False,False,False,0.8134373125374925,0.3059388122375525,0.611877624475105,0.5,0.6428571428571429,1.0,,,,,,0.8687501015742283,0.5280973523855161,0.8687501015742283,1.0,False
1282,REACTOME_RNA_POLYMERASE_II_TRANSCRIPTION_TERMINATION,63,0.49206349206349204,-0.004828313305882443,0.5993467537479641,0.9999999999999979,0.6825396825396826,0.09994266129032287,0.002576198521045998,0.005152397042091996,0.42857142857142855,0.8963160500715696,0.31350305329645145,False,False,True,False,0.8792241551689662,0.1821635672865427,0.3643271345730854,0.49206349206349204,0.6031746031746031,1.0,,,,,,1.0,0.023275654079683027,1.0,1.0,False
1283,REACTOME_SARS_COV_1_TARGETS_HOST_INTRACELLULAR_SIGNALLING_AND_REGULATORY_PATHWAYS,14,0.5,-0.001731862664706177,0.6047363281250012,1.0,0.6428571428571429,0.44358080645161263,0.21197509765625067,0.42395019531250133,0.42857142857142855,0.7880249023437517,0.7905273437500014,False,False,False,False,0.7704459108178364,0.41631673665266944,0.8326334733053389,0.5,0.7142857142857143,1.0,,,,,,1.0,0.6180287087388622,1.0,1.0,False
1284,REACTOME_SHC1_EVENTS_IN_ERBB4_SIGNALING,14,0.42857142857142855,-0.0026082336176476337,0.7880249023437517,0.7905273437500014,0.2857142857142857,-0.048264919354838426,0.9713134765625019,0.1795654296875005,0.42857142857142855,0.7880249023437517,0.7905273437500014,True,False,False,False,0.7704459108178364,0.41631673665266944,0.8326334733053389,0.5,0.7142857142857143,1.0,,,,,,1.0,0.33741799000529116,1.0,1.0,False
1285,REACTOME_SUMOYLATION_OF_DNA_METHYLATION_PROTEINS,14,0.42857142857142855,-0.019092873996078535,0.7880249023437517,0.7905273437500014,0.7142857142857143,0.019669233870968014,0.08978271484375025,0.1795654296875005,0.42857142857142855,0.7880249023437517,0.7905273437500014,False,False,False,False,0.7704459108178364,0.41631673665266944,0.8326334733053389,0.5,0.7142857142857143,1.0,,,,,,1.0,0.33741799000529116,1.0,1.0,False
1286,REACTOME_SYNTHESIS_OF_VERY_LONG_CHAIN_FATTY_ACYL_COAS,21,0.2857142857142857,-0.02148418806666661,0.9866981506347678,0.07835388183593771,0.6666666666666666,0.024072016129032384,0.09462356567382803,0.18924713134765606,0.42857142857142855,0.8083448410034197,0.6636238098144559,False,False,False,False,0.789242151569686,0.3629274145170966,0.7258548290341932,0.47619047619047616,0.6666666666666666,1.0,,,,,,0.5203501383463556,0.3484479171969876,0.5203501383463556,1.0,False
1287,REACTOME_TRAF6_MEDIATED_INDUCTION_OF_TAK1_COMPLEX_WITHIN_TLR4_COMPLEX,14,0.6428571428571429,0.006955036607841677,0.21197509765625067,0.42395019531250133,0.5,0.0008625000000003135,0.6047363281250012,1.0,0.42857142857142855,0.7880249023437517,0.7905273437500014,True,False,False,False,0.7704459108178364,0.41631673665266944,0.8326334733053389,0.5,0.7142857142857143,1.0,,,,,,0.9210189514320003,1.0,1.0,1.0,False
1288,REACTOME_TRANSPORT_OF_MATURE_TRANSCRIPT_TO_CYTOPLASM,77,0.5194805194805194,0.004247878607841831,0.40994645187453405,0.8198929037490681,0.6753246753246753,0.05176903225806487,0.0013995269386388328,0.0027990538772776656,0.42857142857142855,0.9144695132230629,0.25430466614770314,True,False,True,False,0.8924215156968607,0.15916816636672665,0.3183363327334533,0.4935064935064935,0.5844155844155844,1.0,,,,,,1.0,0.014947524829173513,1.0,1.0,False
1289,HALLMARK_BILE_ACID_METABOLISM,110,0.4818181818181818,-0.006273273482353491,0.6831221759904044,0.7750029828306046,0.5636363636363636,0.0047371370967744155,0.10748826887164595,0.2149765377432919,0.42727272727272725,0.9476934709443456,0.15233780606024946,False,False,False,False,0.9272145570885822,0.10457908418316336,0.20915816836632672,0.4909090909090909,0.5727272727272728,1.0,,,,,,1.0,0.38311185740031606,1.0,1.0,False
1290,REACTOME_DNA_REPLICATION_PRE_INITIATION,89,0.4606741573033708,-0.00816664159607899,0.8017149209272356,0.5250147872924272,0.7865168539325843,0.09347266129032275,2.478744783881095e-08,4.95748956776219e-08,0.42696629213483145,0.9313160143221677,0.2031168187364959,False,False,True,False,0.910617876424715,0.1321735652869426,0.2643471305738852,0.4943820224719101,0.5730337078651685,1.0,,,,,,0.9884736430370447,1.6391359124047754e-06,0.9884736430370447,1.0,False
1291,REACTOME_G_ALPHA_12_13_SIGNALLING_EVENTS,75,0.41333333333333333,-0.010943086623529627,0.9473288655626733,0.16542794172425113,0.48,-0.00209685483870949,0.6777680430528692,0.8175538505509633,0.4266666666666667,0.9172860291378482,0.24804574189251913,True,False,False,False,0.9024195160967806,0.14417116576684663,0.28834233153369326,0.49333333333333335,0.5866666666666667,1.0,,,,,,0.7077938971296919,0.9552443969227906,0.9552443969227906,1.0,False
1292,REACTOME_REGULATION_OF_ENDOGENOUS_RETROELEMENTS,75,0.4533333333333333,-0.009250904094117957,0.8221503804592362,0.488682970903129,0.6266666666666667,0.04585217741935539,0.018477452013683757,0.036954904027367515,0.4266666666666667,0.9172860291378482,0.24804574189251913,False,False,True,False,0.9024195160967806,0.14417116576684663,0.28834233153369326,0.49333333333333335,0.5866666666666667,1.0,,,,,,0.9711167989558344,0.10460459172773974,0.9711167989558344,1.0,False
1293,HALLMARK_UV_RESPONSE_DN,136,0.4411764705882353,-0.012444008541176789,0.9276817674212218,0.19818134136296262,0.6470588235294118,0.043759435483871185,0.0003817047452390392,0.0007634094904780784,0.4264705882352941,0.9643233660233501,0.10291318499743025,False,False,True,False,0.946010797840432,0.07578484303139373,0.15156968606278745,0.49264705882352944,0.5661764705882353,1.0,,,,,,0.750775606975806,0.005056000096370081,0.750775606975806,1.0,False
1294,REACTOME_DECTIN_1_MEDIATED_NONCANONICAL_NF_KB_SIGNALING,54,0.5555555555555556,0.005344266362743508,0.24830871765895735,0.4966174353179147,0.7962962962962963,0.11774229838709682,7.0065287280926304e-06,1.4013057456185261e-05,0.42592592592592593,0.8898357529116608,0.3408909412200874,True,False,True,False,0.8578284343131374,0.20355928814237154,0.4071185762847431,0.5,0.6111111111111112,1.0,,,,,,0.9846381718967048,0.00019079686403878257,0.9846381718967048,1.0,False
1295,REACTOME_METABOLISM_OF_WATER_SOLUBLE_VITAMINS_AND_COFACTORS,120,0.35833333333333334,-0.026036734521568874,0.9993503334513059,0.0024468567628139312,0.65,0.028892298387096973,0.0006496665486250906,0.0012993330972501812,0.425,0.9587962603361708,0.12032782773865032,False,False,True,False,0.9446110777844431,0.07718456308738253,0.15436912617476506,0.49166666666666664,0.5666666666666667,1.0,,,,,,0.08425105395524467,0.007826215632274347,0.08425105395524467,1.0,False
1296,KEGG_ALLOGRAFT_REJECTION,33,0.45454545454545453,-0.01071384647058837,0.7565748791676008,0.7283324808813625,0.5454545454545454,0.006335241935484322,0.36416624044068147,0.7283324808813629,0.42424242424242425,0.8518968157004551,0.4868502416647962,False,False,False,False,0.8426314737052589,0.2589482103579284,0.5178964207158568,0.48484848484848486,0.6363636363636364,1.0,,,,,,1.0,0.8997048293240365,1.0,1.0,False
1297,REACTOME_MEIOTIC_SYNAPSIS,33,0.24242424242424243,-0.020121379796079437,0.9993406364228566,0.004551384132355419,0.6363636363636364,0.013114677419355288,0.081377828726545,0.16275565745309,0.42424242424242425,0.8518968157004551,0.4868502416647962,False,False,False,False,0.8426314737052589,0.2589482103579284,0.5178964207158568,0.48484848484848486,0.6363636363636364,1.0,,,,,,0.12194570589104001,0.31497172065018914,0.31497172065018914,1.0,False
1298,HALLMARK_APICAL_JUNCTION,189,0.43386243386243384,-0.0082887007490197,0.970846368025185,0.08058113741205003,0.6402116402116402,0.023381612903226233,7.082613693832264e-05,0.00014165227387664527,0.42328042328042326,0.9855858748440008,0.04139561928397657,False,False,True,False,0.9768046390721855,0.03219356128774245,0.0643871225754849,0.49206349206349204,0.5502645502645502,1.0,,,,,,0.5246568488978799,0.0013132288380912807,0.5246568488978799,1.0,False
1299,REACTOME_UPTAKE_AND_ACTIONS_OF_BACTERIAL_TOXINS,26,0.4230769230769231,-0.008739229300000408,0.836530208587654,0.5571970939636279,0.6923076923076923,0.06510645161290342,0.03775934875011474,0.07551869750022948,0.4230769230769231,0.836530208587654,0.5571970939636279,False,False,True,False,0.8178364327134573,0.3089382123575285,0.617876424715057,0.5,0.6538461538461539,1.0,,,,,,0.9907142837751463,0.1778122059323585,0.9907142837751463,1.0,False
1300,REACTOME_PYRUVATE_METABOLISM,45,0.4888888888888889,-0.005754887443137438,0.617004087877606,1.0,0.5333333333333333,0.0040509677419358365,0.3829959121223969,0.7659918242447938,0.4222222222222222,0.8836534040458484,0.3712980344710111,False,False,False,False,0.8648270345930814,0.20955808838232354,0.4191161767646471,0.4888888888888889,0.6222222222222222,1.0,,,,,,1.0,0.9221758261494244,1.0,1.0,False
1301,REACTOME_INTERLEUKIN_1_SIGNALING,102,0.5490196078431373,0.00560032784117594,0.18647183404181258,0.37294366808362517,0.6764705882352942,0.06151798387096823,0.00023430217458104562,0.00046860434916209124,0.4215686274509804,0.9540811608654628,0.1370988057560337,True,False,True,False,0.9388122375524895,0.08978204359128174,0.17956408718256348,0.49019607843137253,0.5686274509803921,1.0,,,,,,0.8985340468247361,0.003467672183799475,0.8985340468247361,1.0,False
1302,REACTOME_G_BETA_GAMMA_SIGNALLING_THROUGH_CDC42,19,0.631578947368421,0.008136759619607586,0.17964172363281283,0.35928344726562567,0.3684210526315789,-0.017941854838709328,0.9164657592773461,0.35928344726562617,0.42105263157894735,0.8203582763671896,0.6476058959960952,False,False,False,False,0.8044391121775645,0.34393121375724856,0.6878624275144971,0.47368421052631576,0.6842105263157895,1.0,,,,,,0.8818141280367402,0.5452407002449053,0.8818141280367402,1.0,False
1303,REACTOME_SIGNALING_BY_NODAL,19,0.3684210526315789,-0.026179356380392378,0.9164657592773461,0.35928344726562617,0.42105263157894735,-0.032300161290322295,0.8203582763671896,0.6476058959960952,0.42105263157894735,0.8203582763671896,0.6476058959960952,True,False,False,False,0.8044391121775645,0.34393121375724856,0.6878624275144971,0.47368421052631576,0.6842105263157895,1.0,,,,,,0.8818141280367402,0.8228778106115552,0.8818141280367402,1.0,False
1304,REACTOME_CLEC7A_DECTIN_1_SIGNALING,88,0.5340909090909091,0.0022502099176467637,0.29714414757348484,0.5942882951469697,0.75,0.09986322580645164,1.4396953747684271e-06,2.8793907495368543e-06,0.42045454545454547,0.9453522851113818,0.1654405129339987,True,False,True,False,0.9242151569686062,0.10957808438312337,0.21915616876624675,0.48863636363636365,0.5795454545454546,1.0,,,,,,1.0,4.971748027533635e-05,1.0,1.0,False
1305,REACTOME_NUCLEAR_ENVELOPE_BREAKDOWN,50,0.44,-0.007414874868628141,0.8388818398212421,0.47988766169834135,0.7,0.030527903225806535,0.003300223983405522,0.006600447966811044,0.42,0.8986806244677471,0.32223632035755423,False,False,True,False,0.879624075184963,0.1867626474705059,0.3735252949410118,0.5,0.6,1.0,,,,,,0.9650909660398492,0.028068599153737498,0.9650909660398492,1.0,False
1306,KEGG_LEISHMANIA_INFECTION,62,0.5806451612903226,0.011622204127450717,0.1264271970940537,0.2528543941881074,0.5483870967741935,0.009374435483871187,0.2628866800878217,0.5257733601756434,0.41935483870967744,0.9190592972371898,0.25285439418810796,True,False,False,False,0.8904219156168767,0.16156768646270747,0.32313537292541494,0.4838709677419355,0.5967741935483871,1.0,,,,,,0.7906151480247865,0.7186031677334651,0.7906151480247865,1.0,False
1307,REACTOME_SIGNALING_BY_BMP,31,0.45161290322580644,-0.011402456101960926,0.7634351700544333,0.720100131817159,0.6451612903225806,0.03979491935483914,0.07480639219284035,0.1496127843856807,0.41935483870967744,0.8594792424701133,0.473129659891128,False,False,False,False,0.8312337532493501,0.2663467306538692,0.5326934613077384,0.4838709677419355,0.6451612903225806,1.0,,,,,,1.0,0.2939295410054966,1.0,1.0,False
1308,REACTOME_SUMOYLATION_OF_SUMOYLATION_PROTEINS,31,0.5161290322580645,0.013709095298038619,0.4999999999999987,0.9999999999999974,0.6451612903225806,0.026697338709677602,0.07480639219284035,0.1496127843856807,0.41935483870967744,0.8594792424701133,0.473129659891128,True,False,False,False,0.8312337532493501,0.2663467306538692,0.5326934613077384,0.4838709677419355,0.6451612903225806,1.0,,,,,,1.0,0.2939295410054966,1.0,1.0,False
1309,KEGG_PHOSPHATIDYLINOSITOL_SIGNALING_SYSTEM,74,0.3918918918918919,-0.009404498894117912,0.9763035122480037,0.08050685743008476,0.6486486486486487,0.03230673387096804,0.007039990714765201,0.014079981429530403,0.4189189189189189,0.9349111598404647,0.2006782031293906,False,False,True,False,0.9194161167766447,0.1245750849830034,0.2491501699660068,0.5,0.581081081081081,1.0,,,,,,0.5246568488978799,0.04984120988949942,0.5246568488978799,1.0,False
1310,KEGG_CYTOSOLIC_DNA_SENSING_PATHWAY,43,0.4418604651162791,-0.005388420635294745,0.8198111735321174,0.5423840118564857,0.5116279069767442,0.006615322580645707,0.5000000000000009,1.0,0.4186046511627907,0.8889735899219903,0.3603776529357691,False,False,False,False,0.8700259948010398,0.19876024795040992,0.39752049590081984,0.4883720930232558,0.627906976744186,1.0,,,,,,0.9884736430370447,1.0,1.0,1.0,False
1311,REACTOME_REGULATION_OF_ENDOGENOUS_RETROELEMENTS_BY_KRAB_ZFP_PROTEINS,43,0.4418604651162791,-0.026505876843137464,0.8198111735321174,0.5423840118564857,0.6046511627906976,0.03842693548387116,0.11102641007801167,0.22205282015602334,0.4186046511627907,0.8889735899219903,0.3603776529357691,False,False,False,False,0.8700259948010398,0.19876024795040992,0.39752049590081984,0.4883720930232558,0.627906976744186,1.0,,,,,,0.9884736430370447,0.39436580859709747,0.9884736430370447,1.0,False
1312,REACTOME_MITOTIC_PROPHASE,79,0.45569620253164556,-0.0046041291960789415,0.8159061830846818,0.4998968768603204,0.7088607594936709,0.040690806451613146,0.00013181838823263117,0.00026363677646526235,0.4177215189873418,0.9426698221270947,0.17661055306016218,False,False,True,False,0.9220155968806238,0.11177764447110577,0.22355528894221155,0.4936708860759494,0.5822784810126582,1.0,,,,,,0.9865737953522796,0.0021676801620477124,0.9865737953522796,1.0,False
1313,REACTOME_SIGNALING_BY_THE_B_CELL_RECEPTOR_BCR,103,0.49514563106796117,-0.003390362858823829,0.5780511723735504,0.9999999999999655,0.7087378640776699,0.08217532258064555,1.3588206562849857e-05,2.7176413125699715e-05,0.4174757281553398,0.9621904462068369,0.11446824201255293,False,False,True,False,0.9442111577684463,0.08098380323935213,0.16196760647870426,0.49514563106796117,0.5728155339805825,1.0,,,,,,1.0,0.0003299386406041981,1.0,1.0,False
1314,HALLMARK_INFLAMMATORY_RESPONSE,199,0.5477386934673367,0.006114341686274066,0.1009213016494,0.2018426032988,0.5376884422110553,0.005768306451613331,0.16049520156445055,0.3209904031289011,0.41708542713567837,0.9921345048952999,0.02306289887122701,True,False,False,False,0.9860027994401119,0.019396120775844832,0.038792241551689664,0.49246231155778897,0.5527638190954773,1.0,,,,,,0.750775606975806,0.5095189851504722,0.750775606975806,1.0,False
1315,KEGG_GLYCOSAMINOGLYCAN_BIOSYNTHESIS_HEPARAN_SULFATE,24,0.2916666666666667,-0.0373144245333335,0.9886720776557933,0.06391465663909907,0.7916666666666666,0.056187177419354944,0.003305375576019281,0.006610751152038562,0.4166666666666667,0.8462718725204479,0.5412561893463135,False,False,True,False,0.8154369126174765,0.30553889222155567,0.6110777844431113,0.5,0.6666666666666666,1.0,,,,,,0.48649633672249,0.028068599153737498,0.48649633672249,1.0,False
1316,REACTOME_CD28_DEPENDENT_VAV1_PATHWAY,12,0.4166666666666667,-0.0052074726882359815,0.8061523437499982,0.7744140624999993,0.5,0.030394314516129353,0.6127929687499988,1.0,0.4166666666666667,0.8061523437499982,0.7744140624999993,False,False,False,False,0.7900419916016796,0.40251949610077986,0.8050389922015597,0.5,0.75,1.0,,,,,,1.0,1.0,1.0,1.0,False
1317,REACTOME_DEFECTS_IN_COBALAMIN_B12_METABOLISM,12,0.3333333333333333,-0.027375522511765005,0.9270019531249984,0.3876953125000003,0.5833333333333334,0.013068346774193927,0.38720703124999967,0.7744140624999993,0.4166666666666667,0.8061523437499982,0.7744140624999993,False,False,False,False,0.7900419916016796,0.40251949610077986,0.8050389922015597,0.5,0.75,1.0,,,,,,0.9028945444967527,0.9221758261494244,0.9221758261494244,1.0,False
1318,REACTOME_DEGRADATION_OF_DVL,48,0.5208333333333334,0.004087469270587476,0.4427167486432525,0.885433497286505,0.7708333333333334,0.14794092741935505,0.00011112248131084288,0.00022224496262168575,0.4166666666666667,0.9032936735690256,0.31232680747326863,True,False,True,False,0.8820235952809438,0.1833633273345331,0.3667266546690662,0.5,0.6041666666666666,1.0,,,,,,1.0,0.0018668576860221603,1.0,1.0,False
1319,REACTOME_G_BETA_GAMMA_SIGNALLING_THROUGH_PI3KGAMMA,24,0.5833333333333334,0.0051079984745096285,0.27062809467315696,0.5412561893463139,0.5,0.02795802419354889,0.5805901288986216,1.0,0.4166666666666667,0.8462718725204479,0.5412561893463135,True,False,False,False,0.8154369126174765,0.30553889222155567,0.6110777844431113,0.5,0.6666666666666666,1.0,,,,,,0.9884736430370447,1.0,1.0,1.0,False
1320,REACTOME_IRE1ALPHA_ACTIVATES_CHAPERONES,48,0.5833333333333334,0.05334883880196026,0.15616340373663412,0.31232680747326824,0.6666666666666666,0.12484193548387129,0.014652473360264626,0.029304946720529253,0.4166666666666667,0.9032936735690256,0.31232680747326863,True,False,True,False,0.8820235952809438,0.1833633273345331,0.3667266546690662,0.5,0.6041666666666666,1.0,,,,,,0.8534112634022618,0.08911915304051361,0.8534112634022618,1.0,False
1321,REACTOME_MOLECULES_ASSOCIATED_WITH_ELASTIC_FIBRES,36,0.5,-0.004753759343137413,0.5660302997857799,1.0,0.75,0.043349516129032685,0.001966586511116474,0.003933173022232948,0.4166666666666667,0.8785075229825448,0.4050322461407622,False,False,True,False,0.8548290341931614,0.23215356928614278,0.46430713857228556,0.5,0.6388888888888888,1.0,,,,,,1.0,0.019220600240723276,1.0,1.0,False
1322,REACTOME_MRNA_SPLICING_MINOR_PATHWAY,48,0.4166666666666667,-0.0068654880392167205,0.9032936735690256,0.31232680747326863,0.7916666666666666,0.13585165322580645,3.084820388821174e-05,6.169640777642348e-05,0.4166666666666667,0.9032936735690256,0.31232680747326863,False,False,True,False,0.8820235952809438,0.1833633273345331,0.3667266546690662,0.5,0.6041666666666666,1.0,,,,,,0.8534112634022618,0.0006522191679221911,0.8534112634022618,1.0,False
1323,REACTOME_PURINE_SALVAGE,12,0.16666666666666666,-0.07681132145294223,0.9968261718749984,0.03857421875000003,0.5833333333333334,0.016137137096774244,0.38720703124999967,0.7744140624999993,0.4166666666666667,0.8061523437499982,0.7744140624999993,False,False,False,False,0.7900419916016796,0.40251949610077986,0.8050389922015597,0.5,0.75,1.0,,,,,,0.402310979446309,0.9221758261494244,0.9221758261494244,1.0,False
1324,REACTOME_REGULATION_OF_GLYCOLYSIS_BY_FRUCTOSE_2_6_BISPHOSPHATE_METABOLISM,12,0.4166666666666667,-0.005127345180392425,0.8061523437499982,0.7744140624999993,0.6666666666666666,0.07581995967741963,0.19384765625000006,0.3876953125000001,0.4166666666666667,0.8061523437499982,0.7744140624999993,False,False,False,False,0.7900419916016796,0.40251949610077986,0.8050389922015597,0.5,0.75,1.0,,,,,,1.0,0.5743360492135371,1.0,1.0,False
1325,REACTOME_REVERSIBLE_HYDRATION_OF_CARBON_DIOXIDE,12,0.6666666666666666,0.017022165147058555,0.19384765625000006,0.3876953125000001,0.4166666666666667,-0.04674310483870926,0.8061523437499982,0.7744140624999993,0.4166666666666667,0.8061523437499982,0.7744140624999993,False,False,False,False,0.7900419916016796,0.40251949610077986,0.8050389922015597,0.5,0.75,1.0,,,,,,0.9028945444967527,0.9221758261494244,0.9221758261494244,1.0,False
1326,REACTOME_SUMOYLATION_OF_RNA_BINDING_PROTEINS,41,0.4878048780487805,-0.0010528727098041354,0.6223856712476797,0.999999999999991,0.6829268292682927,0.026697338709677602,0.013766577914793725,0.02753315582958745,0.4146341463414634,0.894488201195593,0.3488888794490736,False,False,True,False,0.8734253149370126,0.20855828834233153,0.41711657668466307,0.4878048780487805,0.6097560975609756,1.0,,,,,,1.0,0.08439156638891301,1.0,1.0,False
1327,REACTOME_VIRAL_MESSENGER_RNA_SYNTHESIS,41,0.5121951219512195,0.013709095298038619,0.4999999999999965,0.999999999999993,0.7073170731707317,0.05107975806451618,0.0057538948676665,0.011507789735333,0.4146341463414634,0.894488201195593,0.3488888794490736,True,False,True,False,0.8734253149370126,0.20855828834233153,0.41711657668466307,0.4878048780487805,0.6097560975609756,1.0,,,,,,1.0,0.04393883353490782,1.0,1.0,False
1328,REACTOME_EXTRA_NUCLEAR_ESTROGEN_SIGNALING,70,0.5571428571428572,0.00998363877450965,0.20148153752303632,0.40296307504607265,0.5428571428571428,0.011489516129032592,0.27520625591123116,0.5504125118224623,0.4142857142857143,0.9401953321850407,0.1882162030230256,True,False,False,False,0.9248150369926015,0.1191761647670466,0.2383523295340932,0.4857142857142857,0.5857142857142857,1.0,,,,,,0.9148548117772449,0.7379991746092377,0.9148548117772449,1.0,False
1329,REACTOME_SUMOYLATION_OF_DNA_DAMAGE_RESPONSE_AND_REPAIR_PROTEINS,70,0.4,-0.009875561517647811,0.9638810364041022,0.11960933562988325,0.6428571428571429,0.019755483870968184,0.011231447746254362,0.022462895492508725,0.4142857142857143,0.9401953321850407,0.1882162030230256,False,False,True,False,0.9248150369926015,0.1191761647670466,0.2383523295340932,0.4857142857142857,0.5857142857142857,1.0,,,,,,0.6344795972607254,0.07153143359704622,0.6344795972607254,1.0,False
1330,REACTOME_REGULATION_OF_GLUCOKINASE_BY_GLUCOKINASE_REGULATORY_PROTEIN,29,0.4827586206896552,-0.0010528727098041354,0.6444644480943627,0.9999999999999919,0.6551724137931034,0.012171451612903506,0.06802297383546782,0.13604594767093564,0.41379310344827586,0.8675345517694885,0.45825831964611574,False,False,False,False,0.8554289142171566,0.25674865026994603,0.5134973005398921,0.4827586206896552,0.6551724137931034,1.0,,,,,,1.0,0.2749225002348946,1.0,1.0,False
1331,REACTOME_RMTS_METHYLATE_HISTONE_ARGININES,29,0.4827586206896552,-0.006740161411764173,0.6444644480943627,0.9999999999999919,0.6551724137931034,0.09731411290322649,0.06802297383546782,0.13604594767093564,0.41379310344827586,0.8675345517694885,0.45825831964611574,False,False,False,False,0.8554289142171566,0.25674865026994603,0.5134973005398921,0.4827586206896552,0.6551724137931034,1.0,,,,,,1.0,0.2749225002348946,1.0,1.0,False
1332,REACTOME_THROMBIN_SIGNALLING_THROUGH_PROTEINASE_ACTIVATED_RECEPTORS_PARS,29,0.4827586206896552,-0.002043289203921683,0.6444644480943627,0.9999999999999919,0.5172413793103449,0.03582048387096818,0.4999999999999964,0.9999999999999928,0.41379310344827586,0.8675345517694885,0.45825831964611574,False,False,False,False,0.8554289142171566,0.25674865026994603,0.5134973005398921,0.4827586206896552,0.6551724137931034,1.0,,,,,,1.0,1.0,1.0,1.0,False
1333,KEGG_TYPE_II_DIABETES_MELLITUS,46,0.34782608695652173,-0.017026539554902097,0.9870519591033956,0.0540760318588699,0.6304347826086957,0.0228370564516132,0.05190267775205438,0.10380535550410876,0.41304347826086957,0.9080375893115163,0.30199561318966484,False,False,False,False,0.8912217556488702,0.17536492701459708,0.35072985402919415,0.5,0.6086956521739131,1.0,,,,,,0.45920302463761653,0.22784395826749296,0.45920302463761653,1.0,False
1334,REACTOME_ACTIVATION_OF_ANTERIOR_HOX_GENES_IN_HINDBRAIN_DEVELOPMENT_DURING_EARLY_EMBRYOGENESIS,63,0.38095238095238093,-0.009637652913725727,0.9785217272378011,0.07692583360960936,0.6825396825396826,0.06689564516129043,0.002576198521045998,0.005152397042091996,0.4126984126984127,0.9350410384887201,0.20736789985685314,False,False,True,False,0.9182163567286543,0.1209758048390322,0.2419516096780644,0.49206349206349204,0.6031746031746031,1.0,,,,,,0.5203501383463556,0.023275654079683027,0.5203501383463556,1.0,False
1335,REACTOME_UB_SPECIFIC_PROCESSING_PROTEASES,148,0.46621621621621623,-0.00799706502745141,0.8170279630912349,0.459541043830718,0.6486486486486487,0.043675282258064725,0.00018671909574157188,0.00037343819148314377,0.41216216216216217,0.98693736060074,0.03951838259654205,False,False,True,False,0.9804039192161568,0.028394321135772844,0.05678864227154569,0.49324324324324326,0.5608108108108109,1.0,,,,,,0.9471177481603923,0.0028916925931563612,0.9471177481603923,1.0,False
1336,REACTOME_CELL_EXTRACELLULAR_MATRIX_INTERACTIONS,17,0.47058823529411764,-0.014326863486274502,0.6854705810546903,1.0,0.7058823529411765,0.04589411290322609,0.07173156738281275,0.1434631347656255,0.4117647058823529,0.8338470458984406,0.6290588378906263,False,False,False,False,0.8158368326334733,0.3339332133573285,0.667866426714657,0.47058823529411764,0.7058823529411765,1.0,,,,,,1.0,0.2872960198785853,1.0,1.0,False
1337,REACTOME_DETOXIFICATION_OF_REACTIVE_OXYGEN_SPECIES,34,0.6470588235294118,0.0256289175823527,0.060724742477760024,0.12144948495552005,0.6470588235294118,0.022636290322580997,0.060724742477760024,0.12144948495552005,0.4117647058823529,0.8852594934869586,0.39152830513194314,True,False,False,False,0.8664267146570686,0.21715656868626274,0.43431313737252547,0.5,0.6176470588235294,1.0,,,,,,0.6344795972607254,0.25064076974884214,0.6344795972607254,1.0,False
1338,REACTOME_LYSOSOME_VESICLE_BIOGENESIS,34,0.5,-0.0021581156411768516,0.567916879779661,1.0,0.6176470588235294,0.051111129032258285,0.11474050651304485,0.2294810130260897,0.4117647058823529,0.8852594934869586,0.39152830513194314,False,False,False,False,0.8664267146570686,0.21715656868626274,0.43431313737252547,0.5,0.6176470588235294,1.0,,,,,,1.0,0.39719226524930734,1.0,1.0,False
1339,REACTOME_SUMOYLATION_OF_CHROMATIN_ORGANIZATION_PROTEINS,51,0.49019607843137253,-0.0010528727098041354,0.6101160347234386,0.9999999999999628,0.6470588235294118,0.026697338709677602,0.024436946159134252,0.048873892318268504,0.4117647058823529,0.9196101990939712,0.2624375357110343,False,False,True,False,0.9058188362327535,0.14957008598280344,0.2991401719656069,0.49019607843137253,0.6078431372549019,1.0,,,,,,1.0,0.1280855066636034,1.0,1.0,False
1340,REACTOME_TRAFFICKING_OF_GLUR2_CONTAINING_AMPA_RECEPTORS,17,0.4117647058823529,-0.0052042275960786505,0.8338470458984406,0.6290588378906263,0.6470588235294118,0.0158075806451616,0.1661529541015627,0.3323059082031254,0.4117647058823529,0.8338470458984406,0.6290588378906263,False,False,False,False,0.8158368326334733,0.3339332133573285,0.667866426714657,0.47058823529411764,0.7058823529411765,1.0,,,,,,1.0,0.5226754871939846,1.0,1.0,False
1341,KEGG_FC_EPSILON_RI_SIGNALING_PATHWAY,73,0.4246575342465753,-0.010402617109804824,0.9201441584410418,0.24164472314076416,0.6301369863013698,0.01706572580645177,0.017207956834088243,0.034415913668176486,0.410958904109589,0.949678161239935,0.15971168311802747,False,False,True,False,0.9370125974805039,0.09898020395920816,0.19796040791841632,0.4931506849315068,0.589041095890411,1.0,,,,,,0.7706094256535712,0.10104280080769665,0.7706094256535712,1.0,False
1342,REACTOME_ASYMMETRIC_LOCALIZATION_OF_PCP_PROTEINS,56,0.4642857142857143,-0.0034043218725492916,0.7477981199886006,0.6888797607233518,0.7321428571428571,0.11774229838709682,0.00034278207818919966,0.0006855641563783993,0.4107142857142857,0.9295522882007767,0.22880554123436136,False,False,True,False,0.9174165166966607,0.13277344531093782,0.26554689062187564,0.5,0.6071428571428571,1.0,,,,,,1.0,0.00467266096057909,1.0,1.0,False
1343,KEGG_LYSOSOME,117,0.4188034188034188,-0.015428858517647331,0.9680020446766037,0.09567271500960338,0.7008547008547008,0.07807330645161287,8.252066739717485e-06,1.650413347943497e-05,0.41025641025641024,0.9792496056460076,0.06399591064679584,False,False,True,False,0.9714057188562287,0.04559088182363527,0.09118176364727054,0.49572649572649574,0.5726495726495726,1.0,,,,,,0.5793911837862264,0.00021735104599188086,0.5793911837862264,1.0,False
1344,REACTOME_TAK1_DEPENDENT_IKK_AND_NF_KAPPA_B_ACTIVATION,39,0.5641025641025641,0.008548530156861533,0.261198690248421,0.522397380496842,0.5384615384615384,0.011373306451613368,0.3746293123804216,0.7492586247608432,0.41025641025641024,0.900204566540199,0.33678363518993104,True,False,False,False,0.8862227554489103,0.1877624475104979,0.3755248950209958,0.48717948717948717,0.6153846153846154,1.0,,,,,,0.9884736430370447,0.9131491134060786,0.9884736430370447,1.0,False
1345,REACTOME_TRANSPORT_OF_VITAMINS_NUCLEOSIDES_AND_RELATED_MOLECULES,39,0.5128205128205128,1.2045364705535327e-05,0.500000000000001,1.0,0.6410256410256411,0.018237258064516326,0.0540645107030287,0.1081290214060574,0.41025641025641024,0.900204566540199,0.33678363518993104,True,False,False,False,0.8862227554489103,0.1877624475104979,0.3755248950209958,0.48717948717948717,0.6153846153846154,1.0,,,,,,1.0,0.23219774590163955,1.0,1.0,False
1346,KEGG_PROXIMAL_TUBULE_BICARBONATE_RECLAMATION,22,0.45454545454545453,-0.006006916341176629,0.7382664680480944,0.8318119049072269,0.4090909090909091,-0.015174193548386734,0.8568606376647941,0.5234670639038088,0.4090909090909091,0.8568606376647941,0.5234670639038088,True,False,False,False,0.829634073185363,0.29014197160567884,0.5802839432113577,0.5,0.6818181818181818,1.0,,,,,,1.0,0.7167117333097083,1.0,1.0,False
1347,REACTOME_COMMON_PATHWAY_OF_FIBRIN_CLOT_FORMATION,22,0.3181818181818182,-0.014317329525490455,0.9737606048583971,0.13380050659179663,0.5454545454545454,0.01410931451612939,0.4159059524536129,0.8318119049072258,0.4090909090909091,0.8568606376647941,0.5234670639038088,False,False,False,False,0.829634073185363,0.29014197160567884,0.5802839432113577,0.5,0.6818181818181818,1.0,,,,,,0.6518056026446769,0.9575079260932078,0.9575079260932078,1.0,False
1348,REACTOME_G_PROTEIN_ACTIVATION,22,0.5454545454545454,0.0058118355784312365,0.4159059524536129,0.8318119049072258,0.5,0.00701806451612943,0.5840940475463855,1.0,0.4090909090909091,0.8568606376647941,0.5234670639038088,True,False,False,False,0.829634073185363,0.29014197160567884,0.5802839432113577,0.5,0.6818181818181818,1.0,,,,,,1.0,1.0,1.0,1.0,False
1349,REACTOME_INTRINSIC_PATHWAY_OF_FIBRIN_CLOT_FORMATION,22,0.3181818181818182,-0.02800789373137262,0.9737606048583971,0.13380050659179663,0.5454545454545454,0.006128548387097191,0.4159059524536129,0.8318119049072258,0.4090909090909091,0.8568606376647941,0.5234670639038088,False,False,False,False,0.829634073185363,0.29014197160567884,0.5802839432113577,0.5,0.6818181818181818,1.0,,,,,,0.6518056026446769,0.9575079260932078,0.9575079260932078,1.0,False
1350,REACTOME_THE_CANONICAL_RETINOID_CYCLE_IN_RODS_TWILIGHT_VISION,22,0.3181818181818182,-0.01587240253137278,0.9737606048583971,0.13380050659179663,0.5454545454545454,0.001147862903226038,0.4159059524536129,0.8318119049072258,0.4090909090909091,0.8568606376647941,0.5234670639038088,False,False,False,False,0.829634073185363,0.29014197160567884,0.5802839432113577,0.5,0.6818181818181818,1.0,,,,,,0.6518056026446769,0.9575079260932078,0.9575079260932078,1.0,False
1351,REACTOME_THROMBOXANE_SIGNALLING_THROUGH_TP_RECEPTOR,22,0.5909090909090909,0.007219494707842991,0.26173353195190396,0.5234670639038079,0.45454545454545453,-0.005459516129032007,0.7382664680480944,0.8318119049072269,0.4090909090909091,0.8568606376647941,0.5234670639038088,False,False,False,False,0.829634073185363,0.29014197160567884,0.5802839432113577,0.5,0.6818181818181818,1.0,,,,,,0.9884736430370447,0.9575079260932078,0.9884736430370447,1.0,False
1352,REACTOME_RNA_POLYMERASE_II_TRANSCRIBES_SNRNA_GENES,71,0.5211267605633803,0.002050249329412007,0.40629432470308074,0.8125886494061615,0.5211267605633803,0.010472580645161343,0.40629432470308074,0.8125886494061615,0.4084507042253521,0.9520381842945879,0.15391276932645528,True,False,False,False,0.9338132373525295,0.10097980403919216,0.2019596080783843,0.49295774647887325,0.5915492957746479,1.0,,,,,,1.0,0.9524294334394402,1.0,1.0,False
1353,REACTOME_FGFR2_ALTERNATIVE_SPLICING,27,0.4444444444444444,-0.001574537537254981,0.7789658308029237,0.7011080384254504,0.7407407407407407,0.13775129032258063,0.00957864522933966,0.01915729045867932,0.4074074074074074,0.8761057183146547,0.44206833839416815,False,False,True,False,0.853629274145171,0.2503499300139972,0.5006998600279944,0.48148148148148145,0.6666666666666666,1.0,,,,,,1.0,0.06429898352653923,1.0,1.0,False
1354,REACTOME_NCAM1_INTERACTIONS,42,0.2619047619047619,-0.02836786915490206,0.9995296629858802,0.002887247974285867,0.6666666666666666,0.0587483870967742,0.02177926096192107,0.04355852192384214,0.40476190476190477,0.9179252991084486,0.279956238528938,False,False,True,False,0.9006198760247951,0.16276744651069786,0.3255348930213957,0.5,0.6190476190476191,1.0,,,,,,0.09347465316750496,0.11674847925267652,0.11674847925267652,1.0,False
1355,REACTOME_MITOCHONDRIAL_TRANSLATION,89,0.47191011235955055,-0.009846520396079632,0.7374926063537796,0.671808649174611,0.6179775280898876,0.04398620967741963,0.016708360801048542,0.033416721602097084,0.4044943820224719,0.9721108361731259,0.08932073673118936,False,False,True,False,0.9636072785442912,0.057388522295540895,0.11477704459108179,0.4943820224719101,0.5730337078651685,1.0,,,,,,1.0,0.09910226215583753,1.0,1.0,False
1356,REACTOME_SCF_BETA_TRCP_MEDIATED_DEGRADATION_OF_EMI1,47,0.5106382978723404,0.002847948874509755,0.49999999999999306,0.9999999999999861,0.8085106382978723,0.15708991935483885,1.2452015312191985e-05,2.490403062438397e-05,0.40425531914893614,0.9280674557797151,0.2429602172833244,True,False,True,False,0.9122175564887023,0.14077184563087383,0.28154369126174766,0.48936170212765956,0.6170212765957447,1.0,,,,,,1.0,0.0003047312093723834,1.0,1.0,False
1357,REACTOME_SENSORY_PROCESSING_OF_SOUND_BY_OUTER_HAIR_CELLS_OF_THE_COCHLEA,47,0.3617021276595745,-0.009753573690196424,0.9800069715869626,0.07894069368148715,0.574468085106383,0.02411879032258081,0.19084669883160402,0.38169339766320803,0.40425531914893614,0.9280674557797151,0.2429602172833244,False,False,False,False,0.9122175564887023,0.14077184563087383,0.28154369126174766,0.48936170212765956,0.6170212765957447,1.0,,,,,,0.5220163318341746,0.5736475241476066,0.5736475241476066,1.0,False
1358,REACTOME_NUCLEAR_RECEPTOR_TRANSCRIPTION_PATHWAY,52,0.40384615384615385,-0.021584673480392384,0.9368264620930539,0.2116085687615206,0.5,-0.0013379435483867408,0.5550580173617397,1.0,0.40384615384615385,0.9368264620930539,0.2116085687615206,True,False,False,False,0.9190161967606478,0.1331733653269346,0.2663467306538692,0.5,0.6153846153846154,1.0,,,,,,0.750775606975806,1.0,1.0,1.0,False
1359,KEGG_RIG_I_LIKE_RECEPTOR_SIGNALING_PATHWAY,62,0.5,-0.0002014674686278686,0.5504618431735647,1.0,0.4838709677419355,-0.0006950403225806706,0.6482316643223563,0.8990763136528461,0.4032258064516129,0.9510227797402343,0.16188140552559596,True,False,False,False,0.9338132373525295,0.10977804439112178,0.21955608878224356,0.4838709677419355,0.5967741935483871,1.0,,,,,,1.0,1.0,1.0,1.0,False
1360,HALLMARK_ANGIOGENESIS,35,0.4857142857142857,-0.003405672976470692,0.6320605995715601,0.9999999999999994,0.6285714285714286,0.03882750000000036,0.08773262449540227,0.17546524899080454,0.4,0.912267375504598,0.3105046590790154,False,False,False,False,0.8998200359928015,0.1785642871425715,0.357128574285143,0.4857142857142857,0.6285714285714286,1.0,,,,,,1.0,0.3341580844751351,1.0,1.0,False
1361,KEGG_ALPHA_LINOLENIC_ACID_METABOLISM,15,0.5333333333333333,0.007535496435294062,0.49999999999999983,0.9999999999999997,0.8666666666666667,0.01508104838709678,0.0036926269531250026,0.007385253906250005,0.4,0.8491210937499997,0.6072387695312499,True,False,True,False,0.8392321535692862,0.3175364927014597,0.6350729854029195,0.4666666666666667,0.7333333333333333,1.0,,,,,,1.0,0.030851302608366958,1.0,1.0,False
1362,KEGG_GLYCOSAMINOGLYCAN_BIOSYNTHESIS_KERATAN_SULFATE,15,0.4,-0.024117110058823533,0.8491210937499997,0.6072387695312499,0.6,0.04455862903225807,0.3036193847656248,0.6072387695312496,0.4,0.8491210937499997,0.6072387695312499,False,False,False,False,0.8392321535692862,0.3175364927014597,0.6350729854029195,0.4666666666666667,0.7333333333333333,1.0,,,,,,1.0,0.7822675852679123,1.0,1.0,False
1363,REACTOME_ACTIVATED_NTRK2_SIGNALS_THROUGH_FRS2_AND_FRS3,10,0.3,-0.017740999415686857,0.9453124999999984,0.3437499999999999,0.7,0.027792540322581043,0.17187499999999986,0.3437499999999997,0.4,0.8281249999999983,0.7539062499999992,False,False,False,False,0.8096380723855229,0.40331933613277343,0.8066386722655469,0.5,0.8,1.0,,,,,,0.8687501015742283,0.5280973523855161,0.8687501015742283,1.0,False
1364,REACTOME_APOPTOTIC_CLEAVAGE_OF_CELL_ADHESION_PROTEINS,10,0.6,0.006522154721568512,0.3769531249999994,0.7539062499999988,0.8,0.01733862903225833,0.05468750000000005,0.1093750000000001,0.4,0.8281249999999983,0.7539062499999992,True,False,False,False,0.8096380723855229,0.40331933613277343,0.8066386722655469,0.5,0.8,1.0,,,,,,1.0,0.23219774590163955,1.0,1.0,False
1365,REACTOME_FGFR2B_LIGAND_BINDING_AND_ACTIVATION,10,0.5,-0.005983936692157522,0.6230468749999987,1.0,0.7,0.016866653225806844,0.17187499999999986,0.3437499999999997,0.4,0.8281249999999983,0.7539062499999992,False,False,False,False,0.8096380723855229,0.40331933613277343,0.8066386722655469,0.5,0.8,1.0,,,,,,1.0,0.5280973523855161,1.0,1.0,False
1366,REACTOME_GAB1_SIGNALOSOME,15,0.8,0.03854151652548991,0.017578125000000014,0.03515625000000003,0.6,0.04589411290322609,0.3036193847656248,0.6072387695312496,0.4,0.8491210937499997,0.6072387695312499,True,True,False,False,0.8392321535692862,0.3175364927014597,0.6350729854029195,0.4666666666666667,0.7333333333333333,1.0,,,,,,0.39624933376907995,0.7822675852679123,0.7822675852679123,1.0,False
1367,REACTOME_GLUCOCORTICOID_BIOSYNTHESIS,10,0.2,-0.025963088935294386,0.9892578124999983,0.109375,0.8,0.01760939516129062,0.05468750000000005,0.1093750000000001,0.4,0.8281249999999983,0.7539062499999992,False,False,False,False,0.8096380723855229,0.40331933613277343,0.8066386722655469,0.5,0.8,1.0,,,,,,0.6071850804790333,0.23219774590163955,0.6071850804790333,1.0,False
1368,REACTOME_INHIBITION_OF_DNA_RECOMBINATION_AT_TELOMERE,20,0.3,-0.01774405670392263,0.9793052673339864,0.11531829833984392,0.8,0.12039354838709684,0.005908966064453131,0.011817932128906262,0.4,0.8684120178222675,0.5034446716308608,False,False,True,False,0.8472305538892222,0.2741451709658068,0.5482903419316136,0.5,0.65,1.0,,,,,,0.6265896350353757,0.044146794539231565,0.6265896350353757,1.0,False
1369,REACTOME_INTERACTION_WITH_CUMULUS_CELLS_AND_THE_ZONA_PELLUCIDA,10,0.4,-0.005641656119607897,0.8281249999999983,0.7539062499999992,0.4,-0.022083588709677207,0.8281249999999983,0.7539062499999992,0.4,0.8281249999999983,0.7539062499999992,True,False,False,False,0.8096380723855229,0.40331933613277343,0.8066386722655469,0.5,0.8,1.0,,,,,,1.0,0.9131491134060786,1.0,1.0,False
1370,REACTOME_KERATAN_SULFATE_DEGRADATION,15,0.2,-0.09048581921960863,0.9963073730468748,0.035156250000000056,0.8,0.27894588709677476,0.017578125000000014,0.03515625000000003,0.4,0.8491210937499997,0.6072387695312499,False,False,True,False,0.8392321535692862,0.3175364927014597,0.6350729854029195,0.4666666666666667,0.7333333333333333,1.0,,,,,,0.39624933376907995,0.10104280080769665,0.39624933376907995,1.0,False
1371,REACTOME_MATURATION_OF_SARS_COV_1_NUCLEOPROTEIN,10,0.4,-0.025418338958823533,0.8281249999999983,0.7539062499999992,0.6,0.01446818548387111,0.3769531249999994,0.7539062499999988,0.4,0.8281249999999983,0.7539062499999992,False,False,False,False,0.8096380723855229,0.40331933613277343,0.8066386722655469,0.5,0.8,1.0,,,,,,1.0,0.9131491134060786,1.0,1.0,False
1372,REACTOME_METABOLISM_OF_FAT_SOLUBLE_VITAMINS,45,0.35555555555555557,-0.016230222384314194,0.9821510982224068,0.07245426016254458,0.6444444444444445,0.020358387096774493,0.0362271300812724,0.0724542601625448,0.4,0.9324217745771685,0.2326931919083112,False,False,True,False,0.9206158768246351,0.13537292541491702,0.27074585082983404,0.4888888888888889,0.6222222222222222,1.0,,,,,,0.517369703579891,0.1721619576339367,0.517369703579891,1.0,False
1373,REACTOME_MET_ACTIVATES_RAP1_AND_RAC1,10,0.7,0.02078852850784285,0.17187499999999986,0.3437499999999997,0.5,0.025498830645161695,0.6230468749999987,1.0,0.4,0.8281249999999983,0.7539062499999992,True,False,False,False,0.8096380723855229,0.40331933613277343,0.8066386722655469,0.5,0.8,1.0,,,,,,0.8687501015742283,1.0,1.0,1.0,False
1374,REACTOME_MITOCHONDRIAL_FATTY_ACID_BETA_OXIDATION,30,0.3,-0.04132585970196093,0.9919375991448849,0.04277394525706797,0.7666666666666667,0.02696229838709703,0.00261143967509271,0.00522287935018542,0.4,0.8997557889670215,0.3615946080535678,False,False,True,False,0.878624275144971,0.21515696860627875,0.4303139372125575,0.5,0.6333333333333333,1.0,,,,,,0.41038859373668546,0.02345767199476342,0.41038859373668546,1.0,False
1375,REACTOME_NFE2L2_REGULATING_TUMORIGENIC_GENES,10,0.4,-0.0076810373921572875,0.8281249999999983,0.7539062499999992,0.6,0.0014450403225808523,0.3769531249999994,0.7539062499999988,0.4,0.8281249999999983,0.7539062499999992,False,False,False,False,0.8096380723855229,0.40331933613277343,0.8066386722655469,0.5,0.8,1.0,,,,,,1.0,0.9131491134060786,1.0,1.0,False
1376,REACTOME_NICOTINATE_METABOLISM,30,0.4,-0.006781401545098237,0.8997557889670215,0.3615946080535678,0.6666666666666666,0.024973467741935727,0.04936857335269498,0.09873714670538997,0.4,0.8997557889670215,0.3615946080535678,False,False,True,False,0.878624275144971,0.21515696860627875,0.4303139372125575,0.5,0.6333333333333333,1.0,,,,,,0.8818141280367402,0.21793857995381163,0.8818141280367402,1.0,False
1377,REACTOME_NOTCH3_INTRACELLULAR_DOMAIN_REGULATES_TRANSCRIPTION,25,0.4,-0.006363931705882463,0.8852385282516482,0.4243562221527105,0.76,0.0312881451612903,0.007316648960113497,0.014633297920226994,0.4,0.8852385282516482,0.4243562221527105,False,False,True,False,0.8752249550089982,0.22995400919816036,0.45990801839632073,0.48,0.64,1.0,,,,,,0.9210189514320003,0.051216542720794477,0.9210189514320003,1.0,False
1378,REACTOME_PREGNENOLONE_BIOSYNTHESIS,10,0.5,-0.00907544460196119,0.6230468749999987,1.0,0.7,0.031424354838709846,0.17187499999999986,0.3437499999999997,0.4,0.8281249999999983,0.7539062499999992,False,False,False,False,0.8096380723855229,0.40331933613277343,0.8066386722655469,0.5,0.8,1.0,,,,,,1.0,0.5280973523855161,1.0,1.0,False
1379,REACTOME_RECEPTOR_MEDIATED_MITOPHAGY,10,0.5,0.007912536137254164,0.6230468749999987,1.0,0.5,0.025825846774193816,0.6230468749999987,1.0,0.4,0.8281249999999983,0.7539062499999992,True,False,False,False,0.8096380723855229,0.40331933613277343,0.8066386722655469,0.5,0.8,1.0,,,,,,1.0,1.0,1.0,1.0,False
1380,REACTOME_RECOGNITION_AND_ASSOCIATION_OF_DNA_GLYCOSYLASE_WITH_SITE_CONTAINING_AN_AFFECTED_PURINE,10,0.0,-0.059056331372550334,0.9999999999999984,0.001953125,0.6,0.06254020161290313,0.3769531249999994,0.7539062499999988,0.4,0.8281249999999983,0.7539062499999992,False,False,False,False,0.8096380723855229,0.40331933613277343,0.8066386722655469,0.5,0.8,1.0,,,,,,0.07987253289473684,0.9131491134060786,0.9131491134060786,1.0,False
1381,REACTOME_REGULATION_OF_CDH11_GENE_TRANSCRIPTION,10,0.5,-0.0029074492921574704,0.6230468749999987,1.0,0.7,0.03581443548387118,0.17187499999999986,0.3437499999999997,0.4,0.8281249999999983,0.7539062499999992,False,False,False,False,0.8096380723855229,0.40331933613277343,0.8066386722655469,0.5,0.8,1.0,,,,,,1.0,0.5280973523855161,1.0,1.0,False
1382,REACTOME_REGULATION_OF_COMMISSURAL_AXON_PATHFINDING_BY_SLIT_AND_ROBO,10,0.6,0.01290284982156841,0.3769531249999994,0.7539062499999988,0.4,-0.027878427419354368,0.8281249999999983,0.7539062499999992,0.4,0.8281249999999983,0.7539062499999992,False,False,False,False,0.8096380723855229,0.40331933613277343,0.8066386722655469,0.5,0.8,1.0,,,,,,1.0,0.9131491134060786,1.0,1.0,False
1383,REACTOME_RETINOID_CYCLE_DISEASE_EVENTS,10,0.3,-0.0261839245313728,0.9453124999999984,0.3437499999999999,0.3,-0.01754040322580608,0.9453124999999984,0.3437499999999999,0.4,0.8281249999999983,0.7539062499999992,True,False,False,False,0.8096380723855229,0.40331933613277343,0.8066386722655469,0.5,0.8,1.0,,,,,,0.8687501015742283,0.5280973523855161,0.8687501015742283,1.0,False
1384,REACTOME_RHOU_GTPASE_CYCLE,40,0.425,-0.012976630262746041,0.8659063744725977,0.42959050784337804,0.675,0.04712346774193557,0.019238654142099798,0.038477308284199596,0.4,0.9230700279185656,0.2681872510547649,False,False,True,False,0.9088182363527294,0.15696860627874426,0.3139372125574885,0.5,0.625,1.0,,,,,,0.9271995127619576,0.10820277245036089,0.9271995127619576,1.0,False
1385,REACTOME_RNA_POLYMERASE_III_TRANSCRIPTION,40,0.3,-0.026621837815686864,0.9967867119521346,0.0165890033749745,0.65,0.06396887096774218,0.040345233875995326,0.08069046775199065,0.4,0.9230700279185656,0.2681872510547649,False,False,True,False,0.9088182363527294,0.15696860627874426,0.3139372125574885,0.5,0.625,1.0,,,,,,0.2699079112644551,0.18743346320865992,0.2699079112644551,1.0,False
1386,REACTOME_SIGNALING_BY_HIPPO,20,0.55,0.013313200607843082,0.41190147399902427,0.8238029479980485,0.75,0.07487967741935496,0.02069473266601564,0.04138946533203128,0.4,0.8684120178222675,0.5034446716308608,True,False,True,False,0.8472305538892222,0.2741451709658068,0.5482903419316136,0.5,0.65,1.0,,,,,,1.0,0.11344317488406133,1.0,1.0,False
1387,REACTOME_SIGNALING_BY_LTK,10,0.4,-0.0031951229686279707,0.8281249999999983,0.7539062499999992,0.6,0.022965967741935864,0.3769531249999994,0.7539062499999988,0.4,0.8281249999999983,0.7539062499999992,False,False,False,False,0.8096380723855229,0.40331933613277343,0.8066386722655469,0.5,0.8,1.0,,,,,,1.0,0.9131491134060786,1.0,1.0,False
1388,REACTOME_THYROXINE_BIOSYNTHESIS,10,0.5,-0.021829522470588444,0.6230468749999987,1.0,0.7,0.025497903225806806,0.17187499999999986,0.3437499999999997,0.4,0.8281249999999983,0.7539062499999992,False,False,False,False,0.8096380723855229,0.40331933613277343,0.8066386722655469,0.5,0.8,1.0,,,,,,1.0,0.5280973523855161,1.0,1.0,False
1389,REACTOME_UNBLOCKING_OF_NMDA_RECEPTORS_GLUTAMATE_BINDING_AND_ACTIVATION,20,0.55,0.002270582905882174,0.41190147399902427,0.8238029479980485,0.65,0.026456370967742164,0.13158798217773446,0.2631759643554689,0.4,0.8684120178222675,0.5034446716308608,True,False,False,False,0.8472305538892222,0.2741451709658068,0.5482903419316136,0.5,0.65,1.0,,,,,,1.0,0.4416168505391377,1.0,1.0,False
1390,REACTOME_VLDLR_INTERNALISATION_AND_DEGRADATION,15,0.4,-0.01657890831372712,0.8491210937499997,0.6072387695312499,0.7333333333333333,0.06562209677419381,0.059234619140624965,0.11846923828124993,0.4,0.8491210937499997,0.6072387695312499,False,False,False,False,0.8392321535692862,0.3175364927014597,0.6350729854029195,0.4666666666666667,0.7333333333333333,1.0,,,,,,1.0,0.24645407803087335,1.0,1.0,False
1391,REACTOME_TP53_REGULATES_TRANSCRIPTION_OF_DNA_REPAIR_GENES,53,0.49056603773584906,-0.0008466049725491462,0.6080768488952473,0.9999999999999983,0.6415094339622641,0.0696363709677422,0.026719405268855367,0.05343881053771073,0.39622641509433965,0.9508146757797512,0.1689778222877192,False,False,True,False,0.9390121975604879,0.10137972405518897,0.20275944811037794,0.49056603773584906,0.6037735849056604,1.0,,,,,,1.0,0.13703615771551564,1.0,1.0,False
1392,REACTOME_STIMULI_SENSING_CHANNELS,101,0.39603960396039606,-0.012647186678431371,0.9859552660261124,0.0460440669293429,0.6039603960396039,0.00580500000000056,0.023022033464671535,0.04604406692934307,0.39603960396039606,0.9859552660261124,0.0460440669293429,False,False,True,False,0.9804039192161568,0.03079384123175365,0.0615876824635073,0.49504950495049505,0.5742574257425742,1.0,,,,,,0.4233874556698158,0.12231193163794722,0.4233874556698158,1.0,False
1393,REACTOME_ELASTIC_FIBRE_FORMATION,43,0.4186046511627907,-0.018541029984313697,0.8889735899219903,0.3603776529357691,0.7441860465116279,0.04506822580645206,0.0009569805006322092,0.0019139610012644183,0.3953488372093023,0.936855262807286,0.22205282015602354,False,False,True,False,0.9242151569686062,0.13017396520695862,0.26034793041391724,0.4883720930232558,0.627906976744186,1.0,,,,,,0.8818141280367402,0.010815619621690567,0.8818141280367402,1.0,False
1394,REACTOME_FORMATION_OF_FIBRIN_CLOT_CLOTTING_CASCADE,38,0.34210526315789475,-0.022337465303921812,0.9832237801601857,0.07295138851623043,0.5263157894736842,0.006128548387097191,0.4357073396822661,0.8714146793645322,0.39473684210526316,0.9283466728520562,0.25587507954332955,False,False,False,False,0.9194161167766447,0.14757048590281943,0.29514097180563886,0.5,0.631578947368421,1.0,,,,,,0.517369703579891,0.9862916327257706,0.9862916327257706,1.0,False
1395,REACTOME_ACTIVATION_OF_THE_PRE_REPLICATIVE_COMPLEX,33,0.45454545454545453,-0.014586013333334088,0.7565748791676008,0.7283324808813625,0.696969696969697,0.05697758064516163,0.017541016684845055,0.03508203336969011,0.3939393939393939,0.918622171273454,0.29620636859908744,False,False,True,False,0.9110177964407119,0.15756848630273945,0.3151369726054789,0.48484848484848486,0.6363636363636364,1.0,,,,,,1.0,0.10104280080769665,1.0,1.0,False
1396,REACTOME_FCERI_MEDIATED_MAPK_ACTIVATION,33,0.24242424242424243,-0.026477735643138003,0.9993406364228566,0.004551384132355419,0.5454545454545454,0.009788467741935994,0.36416624044068147,0.7283324808813629,0.3939393939393939,0.918622171273454,0.29620636859908744,False,False,False,False,0.9110177964407119,0.15756848630273945,0.3151369726054789,0.48484848484848486,0.6363636363636364,1.0,,,,,,0.12194570589104001,0.8997048293240365,0.8997048293240365,1.0,False
1397,REACTOME_SIGNALING_BY_TGFBR3,46,0.3695652173913043,-0.026160923835294277,0.972961984070578,0.10380535550410862,0.5434782608695652,0.010202258064516499,0.3293690385118313,0.6587380770236626,0.391304347826087,0.9480973222479586,0.18392482137699362,False,False,False,False,0.9360127974405119,0.10897820435912818,0.21795640871825636,0.5,0.6086956521739131,1.0,,,,,,0.601916128557406,0.8349746914312983,0.8349746914312983,1.0,False
1398,HALLMARK_EPITHELIAL_MESENCHYMAL_TRANSITION,195,0.49743589743589745,-0.0004785892862743113,0.5569191074348562,1.0,0.717948717948718,0.09528588709677421,4.903508778371767e-10,9.807017556743534e-10,0.38974358974358975,0.9992196441217837,0.0025428237256970667,False,False,True,False,0.9978004399120176,0.002599480103979204,0.005198960207958408,0.49230769230769234,0.5538461538461539,1.0,,,,,,1.0,5.86157895506902e-08,1.0,1.0,False
1399,REACTOME_ATTACHMENT_AND_ENTRY,18,0.3333333333333333,-0.04373804171960789,0.9518737792968758,0.23788452148437514,0.8333333333333334,0.09176608870967753,0.003768920898437502,0.007537841796875004,0.3888888888888889,0.8810577392578133,0.4806823730468747,False,False,True,False,0.860627874425115,0.2735452909418116,0.5470905818836233,0.5,0.6666666666666666,1.0,,,,,,0.7669554904288776,0.03132033730573197,0.7669554904288776,1.0,False
1400,REACTOME_GASTRIN_CREB_SIGNALLING_PATHWAY_VIA_PKC_AND_MAPK,18,0.2222222222222222,-0.024725342443137517,0.9962310791015635,0.03088378906250002,0.5,0.00013830645161336426,0.5927352905273445,1.0,0.3888888888888889,0.8810577392578133,0.4806823730468747,False,False,False,False,0.860627874425115,0.2735452909418116,0.5470905818836233,0.5,0.6666666666666666,1.0,,,,,,0.3901903105945125,1.0,1.0,1.0,False
1401,REACTOME_PHASE_4_RESTING_MEMBRANE_POTENTIAL,18,0.5,0.0006461409333327027,0.5927352905273445,1.0,0.6666666666666666,0.031762016129032344,0.11894226074218746,0.23788452148437492,0.3888888888888889,0.8810577392578133,0.4806823730468747,True,False,False,False,0.860627874425115,0.2735452909418116,0.5470905818836233,0.5,0.6666666666666666,1.0,,,,,,1.0,0.4075772286512888,1.0,1.0,False
1402,REACTOME_SIGNALING_BY_FLT3_FUSION_PROTEINS,18,0.3888888888888889,-0.00557738034901966,0.8810577392578133,0.4806823730468747,0.7777777777777778,0.04063036290322605,0.015441894531249983,0.030883789062499965,0.3888888888888889,0.8810577392578133,0.4806823730468747,False,False,True,False,0.860627874425115,0.2735452909418116,0.5470905818836233,0.5,0.6666666666666666,1.0,,,,,,0.9650909660398492,0.09301048101380803,0.9650909660398492,1.0,False
1403,REACTOME_SIGNAL_TRANSDUCTION_BY_L1,18,0.2222222222222222,-0.019118278666666842,0.9962310791015635,0.03088378906250002,0.6111111111111112,0.023374637096774474,0.24034118652343725,0.4806823730468745,0.3888888888888889,0.8810577392578133,0.4806823730468747,False,False,False,False,0.860627874425115,0.2735452909418116,0.5470905818836233,0.5,0.6666666666666666,1.0,,,,,,0.3901903105945125,0.6681398995660495,0.6681398995660495,1.0,False
1404,REACTOME_SUMOYLATION_OF_UBIQUITINYLATION_PROTEINS,36,0.5,0.006126077007842928,0.5660302997857799,1.0,0.6666666666666666,0.033594516129032484,0.03262266761157666,0.06524533522315332,0.3888888888888889,0.933750918018631,0.2429849540349095,True,False,True,False,0.9182163567286543,0.14537092581483704,0.2907418516296741,0.5,0.6388888888888888,1.0,,,,,,1.0,0.15739587364551128,1.0,1.0,False
1405,REACTOME_FORMATION_OF_RNA_POL_II_ELONGATION_COMPLEX,49,0.46938775510204084,-0.005392056435295921,0.7159137935754245,0.7754496546815771,0.5918367346938775,0.024598225806451747,0.12643486508380314,0.2528697301676063,0.3877551020408163,0.9572834334213138,0.15240777196147978,False,False,False,False,0.943011397720456,0.09518096380723855,0.1903619276144771,0.4897959183673469,0.6122448979591837,1.0,,,,,,1.0,0.4285273289863251,1.0,1.0,False
1406,REACTOME_COLLAGEN_DEGRADATION,62,0.4838709677419355,-0.00320478653137264,0.6482316643223563,0.8990763136528461,0.6451612903225806,0.05313262096774217,0.015007932174533637,0.030015864349067275,0.3870967741935484,0.9720513866501324,0.09795444051950687,False,False,True,False,0.9606078784243152,0.06638672265546891,0.13277344531093782,0.4838709677419355,0.5967741935483871,1.0,,,,,,1.0,0.09078790110910713,1.0,1.0,False
1407,REACTOME_TNFR1_INDUCED_NF_KAPPA_B_SIGNALING_PATHWAY,31,0.5161290322580645,0.0053615430588218205,0.4999999999999987,0.9999999999999974,0.5483870967741935,0.03208911290322626,0.3600500659085799,0.7201001318171598,0.3870967741935484,0.925193607807157,0.28104151505976793,True,False,False,False,0.9040191961607679,0.16896620675864826,0.3379324135172965,0.4838709677419355,0.6451612903225806,1.0,,,,,,1.0,0.8930850796838519,1.0,1.0,False
1408,REACTOME_ECM_PROTEOGLYCANS,75,0.32,-0.036542959313725865,0.999460242246641,0.0024442284992149577,0.72,0.07924169354838738,8.815461501514315e-05,0.0001763092300302863,0.38666666666666666,0.9815225479862905,0.0639499164670649,False,False,True,False,0.9758048390321936,0.04319136172765447,0.08638272345530894,0.49333333333333335,0.5866666666666667,1.0,,,,,,0.08425105395524467,0.001573855503005892,0.08425105395524467,1.0,False
1409,REACTOME_DOWNSTREAM_SIGNALING_EVENTS_OF_B_CELL_RECEPTOR_BCR,70,0.5428571428571428,0.003701938429411658,0.27520625591123116,0.5504125118224623,0.7285714285714285,0.11774229838709682,8.302091030150906e-05,0.00016604182060301812,0.38571428571428573,0.9793042856630255,0.07223792719176082,True,False,True,False,0.9742051589682064,0.04499100179964007,0.08998200359928014,0.4857142857142857,0.5857142857142857,1.0,,,,,,0.9884736430370447,0.001491497047497631,0.9884736430370447,1.0,False
1410,REACTOME_PCP_CE_PATHWAY,83,0.4578313253012048,-0.0024381612627457153,0.8100003017940451,0.5104099416812329,0.6867469879518072,0.08217532258064555,0.0004387758900014274,0.0008775517800028548,0.3855421686746988,0.9862329109938572,0.047524889256532525,False,False,True,False,0.979004199160168,0.03259348130373925,0.0651869626074785,0.4939759036144578,0.5783132530120482,1.0,,,,,,0.9884736430370447,0.005568459576794055,0.9884736430370447,1.0,False
1411,REACTOME_CARNITINE_METABOLISM,13,0.15384615384615385,-0.05325355010196105,0.9982910156249981,0.02246093749999998,0.6153846153846154,0.06531314516129039,0.29052734374999983,0.5810546874999997,0.38461538461538464,0.866577148437498,0.5810546874999991,False,False,False,False,0.850629874025195,0.3057388522295541,0.6114777044591082,0.46153846153846156,0.6923076923076923,1.0,,,,,,0.32318793402777746,0.7652194782838978,0.7652194782838978,1.0,False
1412,REACTOME_CHOLESTEROL_BIOSYNTHESIS,26,0.07692307692307693,-0.07074723532549096,0.9999995976686568,1.0490417480468825e-05,0.6153846153846154,0.010197379032258244,0.16346979141235482,0.32693958282470964,0.38461538461538464,0.915681228041657,0.32693958282471,False,False,False,False,0.9062187562487503,0.18236352729454108,0.36472705458908217,0.5,0.6538461538461539,1.0,,,,,,0.0019205753047441623,0.5168505714238034,0.5168505714238034,1.0,False
1413,REACTOME_CONDENSATION_OF_PROPHASE_CHROMOSOMES,13,0.5384615384615384,0.006968289886274351,0.4999999999999993,0.9999999999999986,0.8461538461538461,0.040690806451613146,0.011230468749999969,0.022460937499999938,0.38461538461538464,0.866577148437498,0.5810546874999991,True,False,True,False,0.850629874025195,0.3057388522295541,0.6114777044591082,0.46153846153846156,0.6923076923076923,1.0,,,,,,1.0,0.07153143359704622,1.0,1.0,False
1414,REACTOME_ERBB2_ACTIVATES_PTK6_SIGNALING,13,0.5384615384615384,0.012659935007842871,0.4999999999999993,0.9999999999999986,0.23076923076923078,-0.03289685483870939,0.9887695312499981,0.09228515625,0.38461538461538464,0.866577148437498,0.5810546874999991,False,False,False,False,0.850629874025195,0.3057388522295541,0.6114777044591082,0.46153846153846156,0.6923076923076923,1.0,,,,,,1.0,0.21120932667525774,1.0,1.0,False
1415,REACTOME_MET_PROMOTES_CELL_MOTILITY,39,0.4358974358974359,-0.006933406360784386,0.8316081824050369,0.5223973804968411,0.6923076923076923,0.07208403225806462,0.011851351235236528,0.023702702470473055,0.38461538461538464,0.9459354892969739,0.19959086691960667,False,False,True,False,0.936612677464507,0.11397720455908818,0.22795440911817635,0.48717948717948717,0.6153846153846154,1.0,,,,,,0.9884736430370447,0.07486585292503074,0.9884736430370447,1.0,False
1416,REACTOME_NEGATIVE_REGULATION_OF_TCF_DEPENDENT_SIGNALING_BY_WNT_LIGAND_ANTAGONISTS,13,0.3076923076923077,-0.01666304463137276,0.953857421874998,0.26684570312500017,0.3076923076923077,-0.02347387096774152,0.953857421874998,0.26684570312500017,0.38461538461538464,0.866577148437498,0.5810546874999991,True,False,False,False,0.850629874025195,0.3057388522295541,0.6114777044591082,0.46153846153846156,0.6923076923076923,1.0,,,,,,0.803618528905151,0.4416168505391377,0.803618528905151,1.0,False
1417,REACTOME_REGULATION_OF_NPAS4_GENE_EXPRESSION,13,0.38461538461538464,-0.03350959490196083,0.866577148437498,0.5810546874999991,0.5384615384615384,0.012001854838710148,0.4999999999999993,0.9999999999999986,0.38461538461538464,0.866577148437498,0.5810546874999991,False,False,False,False,0.850629874025195,0.3057388522295541,0.6114777044591082,0.46153846153846156,0.6923076923076923,1.0,,,,,,1.0,1.0,1.0,1.0,False
1418,REACTOME_TRYPTOPHAN_CATABOLISM,13,0.46153846153846156,-0.008877110949020495,0.7094726562499986,0.9999999999999977,0.46153846153846156,-0.0034966129032257846,0.7094726562499986,0.9999999999999977,0.38461538461538464,0.866577148437498,0.5810546874999991,True,False,False,False,0.850629874025195,0.3057388522295541,0.6114777044591082,0.46153846153846156,0.6923076923076923,1.0,,,,,,1.0,1.0,1.0,1.0,False
1419,HALLMARK_PEROXISOME,102,0.39215686274509803,-0.014015322896078822,0.9888511690876572,0.03706676743856108,0.5980392156862745,0.018356209677419688,0.029700268451717034,0.05940053690343407,0.38235294117647056,0.9935397740444409,0.022297661824692908,False,False,True,False,0.991001799640072,0.015796840631873626,0.03159368126374725,0.49019607843137253,0.5686274509803921,1.0,,,,,,0.402310979446309,0.14627703314395055,0.402310979446309,1.0,False
1420,REACTOME_HEPARAN_SULFATE_HEPARIN_HS_GAG_METABOLISM,55,0.2,-0.05527305743921605,0.9999989713677461,8.699371704778876e-06,0.7818181818181819,0.07108000000000023,1.6526882366030262e-05,3.3053764732060524e-05,0.38181818181818183,0.9709679266037994,0.10478948242660367,False,False,True,False,0.9638072385522896,0.0639872025594881,0.1279744051189762,0.4909090909090909,0.6,1.0,,,,,,0.0019205753047441623,0.00039511961841247735,0.0019205753047441623,1.0,False
1421,REACTOME_ACTIVATION_OF_GENE_EXPRESSION_BY_SREBF_SREBP,42,0.14285714285714285,-0.050268295913726196,0.9999997783147606,2.828877768479267e-06,0.5714285714285714,0.007193991935484256,0.22039953367129753,0.44079906734259505,0.38095238095238093,0.9557852265061245,0.16414940178310555,False,False,False,False,0.9486102779444111,0.09958008398320337,0.19916016796640673,0.5,0.6190476190476191,1.0,,,,,,0.0008792152104433561,0.6360276236308197,0.6360276236308197,1.0,False
1422,REACTOME_TRNA_PROCESSING_IN_THE_NUCLEUS,50,0.48,-0.0017977193509805898,0.6640944831173284,0.8877248273408018,0.62,0.028072903225806554,0.059460226279719385,0.11892045255943877,0.38,0.9675456764638822,0.11892045255943919,False,False,False,False,0.9600079984003199,0.07198560287942411,0.14397120575884823,0.5,0.6,1.0,,,,,,1.0,0.2467321539083683,1.0,1.0,False
1423,REACTOME_RAB_GERANYLGERANYLATION,58,0.5,0.0018850393862740508,0.5521583930551971,1.0,0.6379310344827587,0.0280313306451614,0.023970162035833124,0.04794032407166625,0.3793103448275862,0.976029837964152,0.08694889972991017,True,False,True,False,0.9676064787042592,0.060187962407518496,0.12037592481503699,0.4827586206896552,0.603448275862069,1.0,,,,,,1.0,0.1262699383175752,1.0,1.0,False
1424,REACTOME_SUMOYLATION_OF_INTRACELLULAR_RECEPTORS,29,0.41379310344827586,-0.009653532866666797,0.8675345517694885,0.45825831964611574,0.5517241379310345,0.01906927419354861,0.35553555190562963,0.7110711038112593,0.3793103448275862,0.9319770261645247,0.2649308964610078,False,False,False,False,0.9206158768246351,0.14477104579084182,0.28954209158168365,0.4827586206896552,0.6551724137931034,1.0,,,,,,0.9457283250067267,0.8854202686880583,0.9457283250067267,1.0,False
1425,KEGG_PROTEASOME,37,0.5405405405405406,0.004297190321568435,0.3714146793645346,0.7428293587290692,0.7837837837837838,0.1677157258064516,0.0003764485300052932,0.0007528970600105864,0.3783783783783784,0.950564125203528,0.18774155899882286,True,False,True,False,0.9384123175364927,0.11457708458308338,0.22915416916616677,0.4864864864864865,0.6216216216216216,1.0,,,,,,1.0,0.005042877156206092,1.0,1.0,False
1426,KEGG_PANTOTHENATE_AND_COA_BIOSYNTHESIS,16,0.3125,-0.033015950298039345,0.9615936279296879,0.21011352539062492,0.6875,0.04249741935483915,0.10505676269531242,0.21011352539062483,0.375,0.894943237304688,0.45449829101562467,False,False,False,False,0.8828234353129374,0.24935012997400519,0.49870025994801037,0.5,0.6875,1.0,,,,,,0.750775606975806,0.37573811099773435,0.750775606975806,1.0,False
1427,KEGG_STEROID_BIOSYNTHESIS,16,0.1875,-0.04056802068627483,0.9979095458984379,0.02127075195312503,0.4375,-0.005181129032257826,0.7727508544921882,0.803619384765625,0.375,0.894943237304688,0.45449829101562467,True,False,False,False,0.8828234353129374,0.24935012997400519,0.49870025994801037,0.5,0.6875,1.0,,,,,,0.312025408878505,0.9446479000951447,0.9446479000951447,1.0,False
1428,REACTOME_CONVERSION_FROM_APC_C_CDC20_TO_APC_C_CDH1_IN_LATE_ANAPHASE,16,0.3125,-0.04441526921372599,0.9615936279296879,0.21011352539062492,0.8125,0.044868427419355164,0.010635375976562516,0.02127075195312503,0.375,0.894943237304688,0.45449829101562467,False,False,True,False,0.8828234353129374,0.24935012997400519,0.49870025994801037,0.5,0.6875,1.0,,,,,,0.750775606975806,0.06937327751722443,0.750775606975806,1.0,False
1429,REACTOME_CROSS_PRESENTATION_OF_SOLUBLE_EXOGENOUS_ANTIGENS_ENDOSOMES,40,0.5,-0.00027120699215703705,0.5626853438097785,1.0,0.825,0.16240282258064523,2.1138511328899452e-05,4.2277022657798904e-05,0.375,0.9596547661239849,0.1538599441628296,False,False,True,False,0.9506098780243951,0.09138172365526895,0.1827634473105379,0.5,0.625,1.0,,,,,,1.0,0.0004760760377552137,1.0,1.0,False
1430,REACTOME_DEGRADATION_OF_THE_EXTRACELLULAR_MATRIX,136,0.47058823529411764,-0.00416557406666682,0.779808728310219,0.5485023614867252,0.5955882352941176,0.025852701612903137,0.015836831695541596,0.03167366339108319,0.375,0.9987206325501659,0.004481251675252544,False,False,True,False,0.998000399920016,0.003999200159968006,0.007998400319936013,0.49264705882352944,0.5661764705882353,1.0,,,,,,0.9884736430370447,0.09465552482642937,0.9884736430370447,1.0,False
1431,REACTOME_GRB2_EVENTS_IN_ERBB2_SIGNALING,16,0.4375,-0.0056186663039216374,0.7727508544921882,0.803619384765625,0.3125,-0.02250596774193526,0.9615936279296879,0.21011352539062492,0.375,0.894943237304688,0.45449829101562467,True,False,False,False,0.8828234353129374,0.24935012997400519,0.49870025994801037,0.5,0.6875,1.0,,,,,,1.0,0.37573811099773435,1.0,1.0,False
1432,REACTOME_HYALURONAN_METABOLISM,16,0.3125,-0.03545202741372582,0.9615936279296879,0.21011352539062492,0.6875,0.026106209677419556,0.10505676269531242,0.21011352539062483,0.375,0.894943237304688,0.45449829101562467,False,False,False,False,0.8828234353129374,0.24935012997400519,0.49870025994801037,0.5,0.6875,1.0,,,,,,0.750775606975806,0.37573811099773435,0.750775606975806,1.0,False
1433,REACTOME_OTHER_INTERLEUKIN_SIGNALING,24,0.375,-0.016229663143137507,0.9242051839828502,0.30745625495910656,0.5833333333333334,0.007059798387097019,0.27062809467315696,0.5412561893463139,0.375,0.9242051839828502,0.30745625495910656,False,False,False,False,0.9018196360727855,0.1847630473905219,0.3695260947810438,0.5,0.6666666666666666,1.0,,,,,,0.8471401067490291,0.7365102817357526,0.8471401067490291,1.0,False
1434,REACTOME_PI3K_EVENTS_IN_ERBB2_SIGNALING,16,0.5625,0.030052949684313265,0.4018096923828125,0.803619384765625,0.3125,-0.011961935483870739,0.9615936279296879,0.21011352539062492,0.375,0.894943237304688,0.45449829101562467,False,False,False,False,0.8828234353129374,0.24935012997400519,0.49870025994801037,0.5,0.6875,1.0,,,,,,1.0,0.37573811099773435,1.0,1.0,False
1435,REACTOME_SEMA3A_PAK_DEPENDENT_AXON_REPULSION,16,0.3125,-0.02654107019803935,0.9615936279296879,0.21011352539062492,0.8125,0.07577838709677445,0.010635375976562516,0.02127075195312503,0.375,0.894943237304688,0.45449829101562467,False,False,True,False,0.8828234353129374,0.24935012997400519,0.49870025994801037,0.5,0.6875,1.0,,,,,,0.750775606975806,0.06937327751722443,0.750775606975806,1.0,False
1436,REACTOME_SNRNP_ASSEMBLY,48,0.4791666666666667,-0.0017977193509805898,0.6672670939616857,0.8854334972865098,0.6875,0.033376532258064695,0.006641640781122465,0.01328328156224493,0.375,0.9702683123731086,0.1114028910610177,False,False,True,False,0.9606078784243152,0.06998600279944012,0.13997200559888023,0.5,0.6041666666666666,1.0,,,,,,1.0,0.048005161738903776,1.0,1.0,False
1437,HALLMARK_HEDGEHOG_SIGNALING,35,0.4857142857142857,-0.002083639835294495,0.6320605995715601,0.9999999999999994,0.4857142857142857,-0.004846774193548054,0.6320605995715601,0.9999999999999994,0.37142857142857144,0.9552344605326657,0.17546524899080476,True,False,False,False,0.9462107578484303,0.10037992401519696,0.20075984803039393,0.4857142857142857,0.6285714285714286,1.0,,,,,,1.0,1.0,1.0,1.0,False
1438,REACTOME_SPHINGOLIPID_DE_NOVO_BIOSYNTHESIS,35,0.5714285714285714,0.020440516164706258,0.249779916601256,0.499559833202512,0.6857142857142857,0.04674516129032307,0.020479795755818514,0.04095959151163703,0.37142857142857144,0.9552344605326657,0.17546524899080476,True,False,True,False,0.9462107578484303,0.10037992401519696,0.20075984803039393,0.4857142857142857,0.6285714285714286,1.0,,,,,,0.9865737953522796,0.11344317488406133,0.9865737953522796,1.0,False
1439,KEGG_SNARE_INTERACTIONS_IN_VESICULAR_TRANSPORT,38,0.5,0.0025219781960785087,0.5642926603177315,1.0,0.6052631578947368,0.02180846774193585,0.12793753977166444,0.2558750795433289,0.3684210526315789,0.9635243057418826,0.1433066542958836,True,False,False,False,0.9572085582883423,0.08078384323135374,0.16156768646270747,0.5,0.631578947368421,1.0,,,,,,1.0,0.43314801046877244,1.0,1.0,False
1440,REACTOME_IKK_COMPLEX_RECRUITMENT_MEDIATED_BY_RIP1,19,0.5789473684210527,0.0053615430588218205,0.3238029479980474,0.6476058959960947,0.5789473684210527,0.040472016129032555,0.3238029479980474,0.6476058959960947,0.3684210526315789,0.9164657592773461,0.35928344726562617,True,False,False,False,0.9060187962407519,0.1957608478304339,0.3915216956608678,0.47368421052631576,0.6842105263157895,1.0,,,,,,1.0,0.8228778106115552,1.0,1.0,False
1441,REACTOME_LDL_CLEARANCE,19,0.3157894736842105,-0.014053234545098044,0.9682159423828152,0.16706848144531314,0.631578947368421,0.013033064516128911,0.17964172363281283,0.35928344726562567,0.3684210526315789,0.9164657592773461,0.35928344726562617,False,False,False,False,0.9060187962407519,0.1957608478304339,0.3915216956608678,0.47368421052631576,0.6842105263157895,1.0,,,,,,0.7077938971296919,0.5452407002449053,0.7077938971296919,1.0,False
1442,REACTOME_RHO_GTPASES_ACTIVATE_PAKS,19,0.3684210526315789,-0.007254547094117603,0.9164657592773461,0.35928344726562617,0.6842105263157895,0.05669677419354867,0.0835342407226563,0.1670684814453126,0.3684210526315789,0.9164657592773461,0.35928344726562617,False,False,False,False,0.9060187962407519,0.1957608478304339,0.3915216956608678,0.47368421052631576,0.6842105263157895,1.0,,,,,,0.8818141280367402,0.32052397551360073,0.8818141280367402,1.0,False
1443,REACTOME_SIGNALING_BY_FGFR2_IIIA_TM,19,0.5263157894736842,0.002604716345096699,0.5000000000000013,1.0,0.7368421052631579,0.1476112096774199,0.031784057617187486,0.06356811523437497,0.3684210526315789,0.9164657592773461,0.35928344726562617,True,False,True,False,0.9060187962407519,0.1957608478304339,0.3915216956608678,0.47368421052631576,0.6842105263157895,1.0,,,,,,1.0,0.15483518977150268,1.0,1.0,False
1444,REACTOME_FORMATION_OF_THE_EARLY_ELONGATION_COMPLEX,30,0.5666666666666667,0.011166755315686148,0.29233235586434875,0.5846647117286975,0.6666666666666666,0.09605584677419401,0.04936857335269498,0.09873714670538997,0.36666666666666664,0.9506314266473139,0.20048842206597484,True,False,True,False,0.9348130373925215,0.12157568486302739,0.24315136972605478,0.5,0.6333333333333333,1.0,,,,,,1.0,0.21793857995381163,1.0,1.0,False
1445,REACTOME_HS_GAG_BIOSYNTHESIS,30,0.3,-0.051599172062745335,0.9919375991448849,0.04277394525706797,0.8666666666666667,0.06395294354838725,2.9738061130046902e-05,5.9476122260093804e-05,0.36666666666666664,0.9506314266473139,0.20048842206597484,False,False,True,False,0.9348130373925215,0.12157568486302739,0.24315136972605478,0.5,0.6333333333333333,1.0,,,,,,0.41038859373668546,0.0006374199585667984,0.41038859373668546,1.0,False
1446,REACTOME_INTRA_GOLGI_TRAFFIC,41,0.4634146341463415,-0.004729217549020739,0.7336453723819385,0.7552286575046243,0.6585365853658537,0.037557983870968155,0.029791944009047847,0.05958388801809569,0.36585365853658536,0.9702080559909445,0.11727520595741031,False,False,True,False,0.9598080383923215,0.07198560287942411,0.14397120575884823,0.4878048780487805,0.6097560975609756,1.0,,,,,,1.0,0.14627703314395055,1.0,1.0,False
1447,KEGG_NON_HOMOLOGOUS_END_JOINING,11,0.36363636363636365,-0.019510377643137566,0.88671875,0.548828125000001,0.6363636363636364,0.05540927419354848,0.2744140625000004,0.5488281250000008,0.36363636363636365,0.88671875,0.548828125000001,False,False,False,False,0.8694261147770446,0.30033993201359727,0.6006798640271945,0.45454545454545453,0.7272727272727273,1.0,,,,,,0.9884736430370447,0.7365102817357526,0.9884736430370447,1.0,False
1448,REACTOME_ADVANCED_GLYCOSYLATION_ENDPRODUCT_RECEPTOR_SIGNALING,11,0.45454545454545453,-0.010301126470589166,0.7255859374999999,1.0,0.9090909090909091,0.20686967741935475,0.005859375000000013,0.011718750000000026,0.36363636363636365,0.88671875,0.548828125000001,False,False,True,False,0.8694261147770446,0.30033993201359727,0.6006798640271945,0.45454545454545453,0.7272727272727273,1.0,,,,,,1.0,0.04409427966101705,1.0,1.0,False
1449,REACTOME_FATTY_ACIDS,11,0.6363636363636364,0.0016497090627446056,0.2744140625000004,0.5488281250000008,0.36363636363636365,-0.011816693548386801,0.88671875,0.548828125000001,0.36363636363636365,0.88671875,0.548828125000001,False,False,False,False,0.8694261147770446,0.30033993201359727,0.6006798640271945,0.45454545454545453,0.7272727272727273,1.0,,,,,,0.9884736430370447,0.7365102817357526,0.9884736430370447,1.0,False
1450,REACTOME_FERTILIZATION,22,0.36363636363636365,-0.007358511229412022,0.9330997467041006,0.2862787246704094,0.5454545454545454,0.005634395161290613,0.4159059524536129,0.8318119049072258,0.36363636363636365,0.9330997467041006,0.2862787246704094,False,False,False,False,0.9220155968806238,0.17056588682263546,0.3411317736452709,0.5,0.6818181818181818,1.0,,,,,,0.8269091786948256,0.9575079260932078,0.9575079260932078,1.0,False
1451,REACTOME_HYALURONAN_UPTAKE_AND_DEGRADATION,11,0.2727272727272727,-0.06604131148235355,0.9672851562500003,0.22656250000000067,0.7272727272727273,0.05708645161290333,0.11328125000000024,0.22656250000000047,0.36363636363636365,0.88671875,0.548828125000001,False,False,False,False,0.8694261147770446,0.30033993201359727,0.6006798640271945,0.45454545454545453,0.7272727272727273,1.0,,,,,,0.7540774930103149,0.3947064181614358,0.7540774930103149,1.0,False
1452,REACTOME_PRESYNAPTIC_DEPOLARIZATION_AND_CALCIUM_CHANNEL_OPENING,11,0.09090909090909091,-0.0383936351725491,0.9995117187500003,0.011718750000000026,0.5454545454545454,0.011156129032258337,0.5,1.0,0.36363636363636365,0.88671875,0.548828125000001,False,False,False,False,0.8694261147770446,0.30033993201359727,0.6006798640271945,0.45454545454545453,0.7272727272727273,1.0,,,,,,0.22126586178699253,1.0,1.0,1.0,False
1453,REACTOME_SIGNALING_BY_LEPTIN,11,0.5454545454545454,0.02223633386274515,0.5,1.0,0.45454545454545453,-0.0047645967741938855,0.7255859374999999,1.0,0.36363636363636365,0.88671875,0.548828125000001,False,False,False,False,0.8694261147770446,0.30033993201359727,0.6006798640271945,0.45454545454545453,0.7272727272727273,1.0,,,,,,1.0,1.0,1.0,1.0,False
1454,REACTOME_SUMOYLATION_OF_IMMUNE_RESPONSE_PROTEINS,11,0.36363636363636365,-0.03700092214509809,0.88671875,0.548828125000001,0.8181818181818182,0.06919508064516147,0.03271484375000009,0.06542968750000018,0.36363636363636365,0.88671875,0.548828125000001,False,False,True,False,0.8694261147770446,0.30033993201359727,0.6006798640271945,0.45454545454545453,0.7272727272727273,1.0,,,,,,0.9884736430370447,0.15739587364551128,0.9884736430370447,1.0,False
1455,REACTOME_TELOMERE_C_STRAND_SYNTHESIS_INITIATION,11,0.18181818181818182,-0.04525499569411789,0.9941406250000006,0.06542968750000026,0.6363636363636364,0.03474983870967733,0.2744140625000004,0.5488281250000008,0.36363636363636365,0.88671875,0.548828125000001,False,False,False,False,0.8694261147770446,0.30033993201359727,0.6006798640271945,0.45454545454545453,0.7272727272727273,1.0,,,,,,0.48649633672249,0.7365102817357526,0.7365102817357526,1.0,False
1456,REACTOME_TRAF6_MEDIATED_NF_KB_ACTIVATION,22,0.45454545454545453,-0.030350514172549355,0.7382664680480944,0.8318119049072269,0.6363636363636364,0.013032217741935758,0.14313936233520455,0.2862787246704091,0.36363636363636365,0.9330997467041006,0.2862787246704094,False,False,False,False,0.9220155968806238,0.17056588682263546,0.3411317736452709,0.5,0.6818181818181818,1.0,,,,,,1.0,0.46438114628164484,1.0,1.0,False
1457,REACTOME_TYPE_I_HEMIDESMOSOME_ASSEMBLY,11,0.2727272727272727,-0.0344853985411767,0.9672851562500003,0.22656250000000067,0.9090909090909091,0.04308629032258086,0.005859375000000013,0.011718750000000026,0.36363636363636365,0.88671875,0.548828125000001,False,False,True,False,0.8694261147770446,0.30033993201359727,0.6006798640271945,0.45454545454545453,0.7272727272727273,1.0,,,,,,0.7540774930103149,0.04409427966101705,0.7540774930103149,1.0,False
1458,REACTOME_A_TETRASACCHARIDE_LINKER_SEQUENCE_IS_REQUIRED_FOR_GAG_SYNTHESIS,25,0.2,-0.047925286686274625,0.9995447397232062,0.004077315330505369,0.76,0.07124975806451683,0.007316648960113497,0.014633297920226994,0.36,0.9461239278316504,0.2295229434967046,False,False,True,False,0.9328134373125375,0.1249750049990002,0.2499500099980004,0.48,0.64,1.0,,,,,,0.11733607451121007,0.051216542720794477,0.11733607451121007,1.0,False
1459,REACTOME_POSTMITOTIC_NUCLEAR_PORE_COMPLEX_NPC_REFORMATION,25,0.52,0.01568635975686198,0.49999999999999983,0.9999999999999997,0.76,0.026697338709677602,0.007316648960113497,0.014633297920226994,0.36,0.9461239278316504,0.2295229434967046,True,False,True,False,0.9328134373125375,0.1249750049990002,0.2499500099980004,0.48,0.64,1.0,,,,,,1.0,0.051216542720794477,1.0,1.0,False
1460,REACTOME_COLLAGEN_FORMATION,89,0.3707865168539326,-0.021377695964706272,0.9947265513844404,0.019186608660146535,0.7415730337078652,0.09458282258064524,2.845124590806738e-06,5.690249181613476e-06,0.3595505617977528,0.997227520482321,0.010546897231105285,False,False,True,False,0.9964007198560288,0.00599880023995201,0.01199760047990402,0.4943820224719101,0.5730337078651685,1.0,,,,,,0.2985360717773452,9.168879022493159e-05,0.2985360717773452,1.0,False
1461,REACTOME_LAMININ_INTERACTIONS,28,0.42857142857142855,-0.008226418833333382,0.8275357745587762,0.5715881884098001,0.7142857142857143,0.04727483870967772,0.017849069088697295,0.03569813817739459,0.35714285714285715,0.9564207233488484,0.18493334203958353,False,False,True,False,0.944011197760448,0.10737852429514097,0.21475704859028194,0.5,0.6428571428571429,1.0,,,,,,1.0,0.10178881968380035,1.0,1.0,False
1462,REACTOME_PROLONGED_ERK_ACTIVATION_EVENTS,14,0.5714285714285714,0.024628776566666045,0.395263671875001,0.790527343750002,0.7857142857142857,0.12751536290322582,0.02868652343750004,0.05737304687500008,0.35714285714285715,0.910217285156252,0.4239501953125009,True,False,True,False,0.8958208358328335,0.22975404919016196,0.4595080983803239,0.5,0.7142857142857143,1.0,,,,,,1.0,0.1441708433302346,1.0,1.0,False
1463,REACTOME_RETROGRADE_NEUROTROPHIN_SIGNALLING,14,0.14285714285714285,-0.04590405564117654,0.9990844726562521,0.012939453125000073,0.7857142857142857,0.0437328225806455,0.02868652343750004,0.05737304687500008,0.35714285714285715,0.910217285156252,0.4239501953125009,False,False,True,False,0.8958208358328335,0.22975404919016196,0.4595080983803239,0.5,0.7142857142857143,1.0,,,,,,0.2311254040948289,0.1441708433302346,0.2311254040948289,1.0,False
1464,REACTOME_SEMA3A_PLEXIN_REPULSION_SIGNALING_BY_INHIBITING_INTEGRIN_ADHESION,14,0.35714285714285715,-0.012556986633333475,0.910217285156252,0.4239501953125009,0.7142857142857143,0.03553540322580675,0.08978271484375025,0.1795654296875005,0.35714285714285715,0.910217285156252,0.4239501953125009,False,False,False,False,0.8958208358328335,0.22975404919016196,0.4595080983803239,0.5,0.7142857142857143,1.0,,,,,,0.9210189514320003,0.33741799000529116,0.9210189514320003,1.0,False
1465,REACTOME_TP53_REGULATES_TRANSCRIPTION_OF_GENES_INVOLVED_IN_G1_CELL_CYCLE_ARREST,14,0.5714285714285714,0.02214248031764686,0.395263671875001,0.790527343750002,0.5,-0.014202379032257757,0.6047363281250012,1.0,0.35714285714285715,0.910217285156252,0.4239501953125009,False,False,False,False,0.8958208358328335,0.22975404919016196,0.4595080983803239,0.5,0.7142857142857143,1.0,,,,,,1.0,1.0,1.0,1.0,False
1466,REACTOME_DISEASES_OF_IMMUNE_SYSTEM,31,0.45161290322580644,-0.005843186200000296,0.7634351700544333,0.720100131817159,0.5806451612903226,0.011373306451613368,0.23656482994556394,0.4731296598911279,0.3548387096774194,0.9646222270093832,0.14961278438568065,False,False,False,False,0.9524095180963807,0.09618076384723055,0.1923615276944611,0.4838709677419355,0.6451612903225806,1.0,,,,,,1.0,0.6681398995660495,1.0,1.0,False
1467,REACTOME_ACTIVATION_OF_SMO,17,0.23529411764705882,-0.015107667172549355,0.993637084960941,0.04904174804687516,0.7647058823529411,0.04421725806451636,0.02452087402343759,0.04904174804687518,0.35294117647058826,0.9282684326171906,0.33230590820312556,False,False,True,False,0.9142171565686863,0.1843631273745251,0.3687262547490502,0.47058823529411764,0.7058823529411765,1.0,,,,,,0.4379935429014025,0.1280855066636034,0.4379935429014025,1.0,False
1468,REACTOME_FOXO_MEDIATED_TRANSCRIPTION_OF_CELL_CYCLE_GENES,17,0.5294117647058824,0.0022033866666663383,0.5000000000000017,1.0,0.8235294117647058,0.12102032258064535,0.006362915039062509,0.012725830078125017,0.35294117647058826,0.9282684326171906,0.33230590820312556,True,False,True,False,0.9142171565686863,0.1843631273745251,0.3687262547490502,0.47058823529411764,0.7058823529411765,1.0,,,,,,1.0,0.04631367667776646,1.0,1.0,False
1469,REACTOME_INWARDLY_RECTIFYING_K_CHANNELS,34,0.5588235294117647,0.0058118355784312365,0.3037956806365412,0.6075913612730824,0.4411764705882353,-0.005459516129032007,0.804235847434032,0.6075913612730822,0.35294117647058826,0.9711936635430936,0.12144948495551994,False,False,False,False,0.9630073985202959,0.07238552289542091,0.14477104579084182,0.5,0.6176470588235294,1.0,,,,,,1.0,0.7822675852679123,1.0,1.0,False
1470,REACTOME_MATURATION_OF_TCA_ENZYMES_AND_REGULATION_OF_TCA_CYCLE,17,0.35294117647058826,-0.032967633274510286,0.9282684326171906,0.33230590820312556,0.5294117647058824,0.02021903225806483,0.5000000000000017,1.0,0.35294117647058826,0.9282684326171906,0.33230590820312556,False,False,False,False,0.9142171565686863,0.1843631273745251,0.3687262547490502,0.47058823529411764,0.7058823529411765,1.0,,,,,,0.8687501015742283,1.0,1.0,1.0,False
1471,REACTOME_PURINE_CATABOLISM,17,0.35294117647058826,-0.05419176181568666,0.9282684326171906,0.33230590820312556,0.5294117647058824,2.500000000110121e-06,0.5000000000000017,1.0,0.35294117647058826,0.9282684326171906,0.33230590820312556,False,False,False,False,0.9142171565686863,0.1843631273745251,0.3687262547490502,0.47058823529411764,0.7058823529411765,1.0,,,,,,0.8687501015742283,1.0,1.0,1.0,False
1472,REACTOME_RUNX1_INTERACTS_WITH_CO_FACTORS_WHOSE_PRECISE_EFFECT_ON_RUNX1_TARGETS_IS_NOT_KNOWN,34,0.4117647058823529,-0.015043314174509968,0.8852594934869586,0.39152830513194314,0.6470588235294118,0.09218923387096772,0.060724742477760024,0.12144948495552005,0.35294117647058826,0.9711936635430936,0.12144948495551994,False,False,False,False,0.9630073985202959,0.07238552289542091,0.14477104579084182,0.5,0.6176470588235294,1.0,,,,,,0.9028945444967527,0.25064076974884214,0.9028945444967527,1.0,False
1473,KEGG_ECM_RECEPTOR_INTERACTION,80,0.35,-0.0288143562313728,0.9975659229252114,0.00968284992305736,0.75,0.058216733870968054,4.290279933524652e-06,8.580559867049305e-06,0.35,0.9975659229252114,0.00968284992305736,False,False,True,False,0.997000599880024,0.007398520295940812,0.014797040591881624,0.4875,0.5875,1.0,,,,,,0.20898817750598803,0.0001307273532685747,0.20898817750598803,1.0,False
1474,REACTOME_DEFECTIVE_B4GALT7_CAUSES_EDS_PROGEROID_TYPE,20,0.25,-0.05358860186470604,0.994091033935549,0.04138946533203137,0.8,0.10253048387096819,0.005908966064453131,0.011817932128906262,0.35,0.9423408508300802,0.2631759643554693,False,False,True,False,0.9330133973205359,0.15296940611877624,0.3059388122375525,0.5,0.65,1.0,,,,,,0.41038859373668546,0.044146794539231565,0.41038859373668546,1.0,False
1475,REACTOME_NEGATIVE_REGULATION_OF_NMDA_RECEPTOR_MEDIATED_NEURONAL_TRANSMISSION,20,0.5,-0.0020601896176472506,0.5880985260009778,1.0,0.55,0.026456370967742164,0.41190147399902427,0.8238029479980485,0.35,0.9423408508300802,0.2631759643554693,False,False,False,False,0.9330133973205359,0.15296940611877624,0.3059388122375525,0.5,0.65,1.0,,,,,,1.0,0.9552443969227906,1.0,1.0,False
1476,REACTOME_REGULATION_OF_GENE_EXPRESSION_IN_BETA_CELLS,20,0.1,-0.032149884921568714,0.9999799728393575,0.00040245056152343723,0.65,0.017919637096774382,0.13158798217773446,0.2631759643554689,0.35,0.9423408508300802,0.2631759643554693,False,False,False,False,0.9330133973205359,0.15296940611877624,0.3059388122375525,0.5,0.65,1.0,,,,,,0.02605867385864256,0.4416168505391377,0.4416168505391377,1.0,False
1477,REACTOME_REGULATION_OF_PTEN_STABILITY_AND_ACTIVITY,60,0.5166666666666667,0.004087469270587476,0.44871091349573344,0.8974218269914669,0.7333333333333333,0.16240282258064523,0.0001970216213630575,0.000394043242726115,0.35,0.9932553531344428,0.027340133868079118,True,False,True,False,0.9896020795840832,0.020795840831833633,0.041591681663667265,0.5,0.6,1.0,,,,,,1.0,0.0030164689615585355,1.0,1.0,False
1478,REACTOME_ZBP1_DAI_MEDIATED_INDUCTION_OF_TYPE_I_IFNS,20,0.35,-0.021067928603921808,0.9423408508300802,0.2631759643554693,0.6,0.03499040322580687,0.2517223358154302,0.5034446716308604,0.35,0.9423408508300802,0.2631759643554693,False,False,False,False,0.9330133973205359,0.15296940611877624,0.3059388122375525,0.5,0.65,1.0,,,,,,0.803618528905151,0.6923478050569537,0.803618528905151,1.0,False
1479,REACTOME_ABORTIVE_ELONGATION_OF_HIV_1_TRANSCRIPT_IN_THE_ABSENCE_OF_TAT,23,0.4782608695652174,-0.001574537537254981,0.6611802577972447,1.0,0.6956521739130435,0.13775129032258063,0.046569824218750146,0.09313964843750029,0.34782608695652173,0.9534301757812556,0.21003961563110465,False,False,True,False,0.9478104379124175,0.11537692461507698,0.23075384923015396,0.4782608695652174,0.6521739130434783,1.0,,,,,,1.0,0.21131019448207553,1.0,1.0,False
1480,KEGG_ASTHMA,26,0.5,-0.006918306386274957,0.577490508556371,1.0,0.5384615384615384,0.0043728629032260356,0.42250949144363786,0.8450189828872757,0.34615384615384615,0.9622406512498943,0.168637543916704,False,False,False,False,0.9596080783843232,0.09398120375924815,0.1879624075184963,0.5,0.6538461538461539,1.0,,,,,,1.0,0.9669804855720376,1.0,1.0,False
1481,REACTOME_MET_ACTIVATES_PTK2_SIGNALING,29,0.41379310344827586,-0.021377695964706272,0.8675345517694885,0.45825831964611574,0.7931034482758621,0.14021564516129037,0.0011578500270843356,0.0023157000541686712,0.3448275862068966,0.9692858271300718,0.1360459476709354,False,False,True,False,0.9636072785442912,0.07958408318336332,0.15916816636672665,0.4827586206896552,0.6551724137931034,1.0,,,,,,0.9457283250067267,0.012760985404886932,0.9457283250067267,1.0,False
1482,REACTOME_DISEASES_ASSOCIATED_WITH_GLYCOSAMINOGLYCAN_METABOLISM,41,0.1951219512195122,-0.0672861117647058,0.9999873395981843,0.00011222142620681414,0.8048780487804879,0.15544064516129066,5.6110713103407375e-05,0.00011222142620681475,0.34146341463414637,0.9862334220851985,0.05958388801809561,False,False,True,False,0.9798040391921615,0.04039192161567687,0.08078384323135374,0.4878048780487805,0.6097560975609756,1.0,,,,,,0.01245657830895637,0.0010505547971409045,0.01245657830895637,1.0,False
1483,REACTOME_REGULATION_OF_MITF_M_DEPENDENT_GENES_INVOLVED_IN_PIGMENTATION,41,0.5121951219512195,0.0010795476352940831,0.4999999999999965,0.999999999999993,0.5853658536585366,0.037880564516129624,0.17444443972453708,0.34888887944907415,0.34146341463414637,0.9862334220851985,0.05958388801809561,True,False,False,False,0.9798040391921615,0.04039192161567687,0.08078384323135374,0.4878048780487805,0.6097560975609756,1.0,,,,,,1.0,0.533110441164072,1.0,1.0,False
1484,KEGG_B_CELL_RECEPTOR_SIGNALING_PATHWAY,71,0.43661971830985913,-0.006205555654901974,0.8824512187958287,0.3424709984198687,0.647887323943662,0.042301048387096724,0.008497326286718152,0.016994652573436304,0.3380281690140845,0.9979674419376796,0.008554538502693493,False,False,True,False,0.997000599880024,0.005598880223955209,0.011197760447910418,0.49295774647887325,0.5915492957746479,1.0,,,,,,0.8687501015742283,0.057537451196339906,0.8687501015742283,1.0,False
1485,KEGG_ALANINE_ASPARTATE_AND_GLUTAMATE_METABOLISM,30,0.3,-0.03973376799215793,0.9919375991448849,0.04277394525706797,0.6333333333333333,0.022095846774193847,0.10024421103298746,0.20048842206597492,0.3333333333333333,0.9786130273714748,0.09873714670538979,False,False,False,False,0.9698060387922416,0.0653869226154769,0.1307738452309538,0.5,0.6333333333333333,1.0,,,,,,0.41038859373668546,0.36654000928297065,0.41038859373668546,1.0,False
1486,KEGG_ONE_CARBON_POOL_BY_FOLATE,15,0.4,-0.005463565278432673,0.8491210937499997,0.6072387695312499,0.8,0.05255629032258108,0.017578125000000014,0.03515625000000003,0.3333333333333333,0.9407653808593748,0.30175781249999994,False,False,True,False,0.9318136372725455,0.16096780643871225,0.3219356128774245,0.4666666666666667,0.7333333333333333,1.0,,,,,,1.0,0.10104280080769665,1.0,1.0,False
1487,REACTOME_ANCHORING_FIBRIL_FORMATION,15,0.4666666666666667,-0.00017226858823541822,0.6963806152343749,0.9999999999999998,0.6,0.04308629032258086,0.3036193847656248,0.6072387695312496,0.3333333333333333,0.9407653808593748,0.30175781249999994,False,False,False,False,0.9318136372725455,0.16096780643871225,0.3219356128774245,0.4666666666666667,0.7333333333333333,1.0,,,,,,1.0,0.7822675852679123,1.0,1.0,False
1488,REACTOME_ASSEMBLY_OF_COLLAGEN_FIBRILS_AND_OTHER_MULTIMERIC_STRUCTURES,60,0.4,-0.024791213074510002,0.9537695094635749,0.15500190400326702,0.7666666666666667,0.0987952016129032,2.111852281134054e-05,4.223704562268108e-05,0.3333333333333333,0.9968911986703755,0.013489293731192464,False,False,True,False,0.994001199760048,0.010597880423915218,0.021195760847830435,0.5,0.6,1.0,,,,,,0.700212089596154,0.0004760760377552137,0.700212089596154,1.0,False
1489,REACTOME_CASPASE_ACTIVATION_VIA_DEATH_RECEPTORS_IN_THE_PRESENCE_OF_LIGAND,15,0.4,-0.02245620589803924,0.8491210937499997,0.6072387695312499,0.5333333333333333,0.006335241935484322,0.49999999999999983,0.9999999999999997,0.3333333333333333,0.9407653808593748,0.30175781249999994,False,False,False,False,0.9318136372725455,0.16096780643871225,0.3219356128774245,0.4666666666666667,0.7333333333333333,1.0,,,,,,1.0,1.0,1.0,1.0,False
1490,REACTOME_COLLAGEN_BIOSYNTHESIS_AND_MODIFYING_ENZYMES,66,0.3333333333333333,-0.023684336541176666,0.9978637974841812,0.009210489694554668,0.696969696969697,0.0903009274193542,0.0009291151537829064,0.0018582303075658129,0.3333333333333333,0.9978637974841812,0.009210489694554668,False,False,True,False,0.9978004399120176,0.007798440311937612,0.015596880623875225,0.48484848484848486,0.5909090909090909,1.0,,,,,,0.20447287121911362,0.010577618673836166,0.20447287121911362,1.0,False
1491,REACTOME_CROSSLINKING_OF_COLLAGEN_FIBRILS,18,0.4444444444444444,-0.0013940232764706006,0.7596588134765634,0.8145294189453127,0.6666666666666666,0.08485762096774199,0.11894226074218746,0.23788452148437492,0.3333333333333333,0.9518737792968758,0.23788452148437514,False,False,False,False,0.9428114377124575,0.13957208558288342,0.27914417116576684,0.5,0.6666666666666666,1.0,,,,,,1.0,0.4075772286512888,1.0,1.0,False
1492,REACTOME_DEADENYLATION_OF_MRNA,18,0.2777777777777778,-0.009535064268628197,0.9845581054687508,0.09625244140625018,0.7222222222222222,0.03368000000000035,0.04812622070312501,0.09625244140625001,0.3333333333333333,0.9518737792968758,0.23788452148437514,False,False,True,False,0.9428114377124575,0.13957208558288342,0.27914417116576684,0.5,0.6666666666666666,1.0,,,,,,0.5793911837862264,0.21429268473540478,0.5793911837862264,1.0,False
1493,REACTOME_GAP_JUNCTION_DEGRADATION,12,0.3333333333333333,-0.03050248778823677,0.9270019531249984,0.3876953125000003,1.0,0.3679143548387097,0.00024414062500000016,0.0004882812500000003,0.3333333333333333,0.9270019531249984,0.3876953125000003,False,False,True,False,0.9216156768646271,0.21015796840631873,0.42031593681263746,0.5,0.75,1.0,,,,,,0.9028945444967527,0.003579193691037751,0.9028945444967527,1.0,False
1494,REACTOME_METABOLISM_OF_STEROID_HORMONES,33,0.36363636363636365,-0.014898053929412196,0.9599283437710243,0.16275565745308979,0.7272727272727273,0.01934169354838744,0.006765493424609311,0.013530986849218623,0.3333333333333333,0.9824589833151538,0.08014331245794905,False,False,True,False,0.9832033593281344,0.04399120175964807,0.08798240351929613,0.48484848484848486,0.6363636363636364,1.0,,,,,,0.7077938971296919,0.04856155557433196,0.7077938971296919,1.0,False
1495,REACTOME_NICOTINAMIDE_SALVAGING,18,0.4444444444444444,-0.010215104072549386,0.7596588134765634,0.8145294189453127,0.6666666666666666,0.021483951612903316,0.11894226074218746,0.23788452148437492,0.3333333333333333,0.9518737792968758,0.23788452148437514,False,False,False,False,0.9428114377124575,0.13957208558288342,0.27914417116576684,0.5,0.6666666666666666,1.0,,,,,,1.0,0.4075772286512888,1.0,1.0,False
1496,REACTOME_NUCLEOTIDE_LIKE_PURINERGIC_RECEPTORS,15,0.5333333333333333,0.005128518615686195,0.49999999999999983,0.9999999999999997,0.4,-0.004264596774193247,0.8491210937499997,0.6072387695312499,0.3333333333333333,0.9407653808593748,0.30175781249999994,False,False,False,False,0.9318136372725455,0.16096780643871225,0.3219356128774245,0.4666666666666667,0.7333333333333333,1.0,,,,,,1.0,0.7822675852679123,1.0,1.0,False
1497,REACTOME_PASSIVE_TRANSPORT_BY_AQUAPORINS,12,0.3333333333333333,-0.019865119562745275,0.9270019531249984,0.3876953125000003,0.6666666666666666,0.01979322580645173,0.19384765625000006,0.3876953125000001,0.3333333333333333,0.9270019531249984,0.3876953125000003,False,False,False,False,0.9216156768646271,0.21015796840631873,0.42031593681263746,0.5,0.75,1.0,,,,,,0.9028945444967527,0.5743360492135371,0.9028945444967527,1.0,False
1498,REACTOME_PLATELET_CALCIUM_HOMEOSTASIS,27,0.4444444444444444,-0.0048443178078431785,0.7789658308029237,0.7011080384254504,0.37037037037037035,-0.0201937096774193,0.9389609396457744,0.24778856337070618,0.3333333333333333,0.9738805070519523,0.12207812070846646,True,False,False,False,0.9658068386322736,0.07238552289542091,0.14477104579084182,0.48148148148148145,0.6666666666666666,1.0,,,,,,1.0,0.4217562184863942,1.0,1.0,False
1499,REACTOME_PROSTACYCLIN_SIGNALLING_THROUGH_PROSTACYCLIN_RECEPTOR,18,0.6111111111111112,0.007219494707842991,0.24034118652343725,0.4806823730468745,0.3888888888888889,-0.006720040322580484,0.8810577392578133,0.4806823730468747,0.3333333333333333,0.9518737792968758,0.23788452148437514,False,False,False,False,0.9428114377124575,0.13957208558288342,0.27914417116576684,0.5,0.6666666666666666,1.0,,,,,,0.9650909660398492,0.6681398995660495,0.9650909660398492,1.0,False
1500,REACTOME_SHC1_EVENTS_IN_EGFR_SIGNALING,12,0.5,0.012147161809803343,0.6127929687499988,1.0,0.5,-0.000499032258064332,0.6127929687499988,1.0,0.3333333333333333,0.9270019531249984,0.3876953125000003,False,False,False,False,0.9216156768646271,0.21015796840631873,0.42031593681263746,0.5,0.75,1.0,,,,,,1.0,1.0,1.0,1.0,False
1501,REACTOME_TRANSCRIPTIONAL_REGULATION_OF_TESTIS_DIFFERENTIATION,12,0.5,-0.009049260482353157,0.6127929687499988,1.0,0.6666666666666666,0.022407943548387182,0.19384765625000006,0.3876953125000001,0.3333333333333333,0.9270019531249984,0.3876953125000003,False,False,False,False,0.9216156768646271,0.21015796840631873,0.42031593681263746,0.5,0.75,1.0,,,,,,1.0,0.5743360492135371,1.0,1.0,False
1502,KEGG_FRUCTOSE_AND_MANNOSE_METABOLISM,28,0.39285714285714285,-0.01809148504705889,0.9075333289802002,0.3449284508824315,0.7857142857142857,0.06990762096774222,0.0018595829606056057,0.0037191659212112115,0.32142857142857145,0.9821509309112947,0.08715855330228726,False,False,True,False,0.9754049190161967,0.05618876224755049,0.11237752449510098,0.5,0.6428571428571429,1.0,,,,,,0.8687501015742283,0.018643818843749105,0.8687501015742283,1.0,False
1503,REACTOME_BMAL1_CLOCK_NPAS2_ACTIVATES_CIRCADIAN_GENE_EXPRESSION,25,0.28,-0.044802981266666736,0.9926833510398871,0.04328525066375732,0.72,0.07957459677419414,0.02164262533187862,0.04328525066375724,0.32,0.9783573746681218,0.10775214433670022,False,False,True,False,0.974005198960208,0.0673865226954609,0.1347730453909218,0.48,0.64,1.0,,,,,,0.41038859373668546,0.11657760750689558,0.41038859373668546,1.0,False
1504,REACTOME_SULFUR_AMINO_ACID_METABOLISM,25,0.28,-0.033428684800000295,0.9926833510398871,0.04328525066375732,0.56,0.043532741935484516,0.345018982887268,0.690037965774536,0.32,0.9783573746681218,0.10775214433670022,False,False,False,False,0.974005198960208,0.0673865226954609,0.1347730453909218,0.48,0.64,1.0,,,,,,0.41038859373668546,0.8640765502124327,0.8640765502124327,1.0,False
1505,KEGG_SYSTEMIC_LUPUS_ERYTHEMATOSUS,47,0.40425531914893614,-0.0082887007490197,0.9280674557797151,0.2429602172833244,0.5319148936170213,0.008958790322580672,0.38543349728650805,0.7708669945730161,0.3191489361702128,0.9960286367452472,0.01862383661500623,False,False,False,False,0.99500099980004,0.01279744051189762,0.02559488102379524,0.48936170212765956,0.6170212765957447,1.0,,,,,,0.7706094256535712,0.9221758261494244,0.9221758261494244,1.0,False
1506,REACTOME_MITOCHONDRIAL_CALCIUM_ION_TRANSPORT,19,0.47368421052631576,-0.015378192184313848,0.6761970520019551,1.0,0.631578947368421,0.11166258064516163,0.17964172363281283,0.35928344726562567,0.3157894736842105,0.9682159423828152,0.16706848144531314,False,False,False,False,0.966006798640272,0.09418116376724656,0.1883623275344931,0.47368421052631576,0.6842105263157895,1.0,,,,,,1.0,0.5452407002449053,1.0,1.0,False
1507,REACTOME_VITAMIN_B5_PANTOTHENATE_METABOLISM,19,0.2631578947368421,-0.03313406140000012,0.990394592285159,0.06356811523437508,0.631578947368421,0.02890451612903258,0.17964172363281283,0.35928344726562567,0.3157894736842105,0.9682159423828152,0.16706848144531314,False,False,False,False,0.966006798640272,0.09418116376724656,0.1883623275344931,0.47368421052631576,0.6842105263157895,1.0,,,,,,0.48649633672249,0.5452407002449053,0.5452407002449053,1.0,False
1508,REACTOME_APOPTOTIC_FACTOR_MEDIATED_RESPONSE,16,0.5625,0.011216364201960158,0.4018096923828125,0.803619384765625,0.5,0.02208165322580708,0.5981903076171879,1.0,0.3125,0.9615936279296879,0.21011352539062492,True,False,False,False,0.9570085982803439,0.11737652469506099,0.23475304939012198,0.5,0.6875,1.0,,,,,,1.0,1.0,1.0,1.0,False
1509,REACTOME_CRMPS_IN_SEMA3A_SIGNALING,16,0.3125,-0.04079576838039227,0.9615936279296879,0.21011352539062492,0.75,0.014576048387097106,0.03840637207031257,0.07681274414062514,0.3125,0.9615936279296879,0.21011352539062492,False,False,True,False,0.9570085982803439,0.11737652469506099,0.23475304939012198,0.5,0.6875,1.0,,,,,,0.750775606975806,0.17976958493152329,0.750775606975806,1.0,False
1510,REACTOME_FORMATION_OF_WDR5_CONTAINING_HISTONE_MODIFYING_COMPLEXES,42,0.21428571428571427,-0.0436628292352947,0.9999656144425457,0.00027153923429068516,0.6190476190476191,0.030194838709677315,0.08207470089155296,0.1641494017831059,0.30952380952380953,0.996042051332553,0.01952047278246037,False,False,False,False,0.9942011597680463,0.013597280543891222,0.027194561087782444,0.5,0.6190476190476191,1.0,,,,,,0.021098598504386237,0.3168797147465175,0.3168797147465175,1.0,False
1511,REACTOME_ACTIVATION_OF_RAC1,13,0.38461538461538464,-0.006205555654901974,0.866577148437498,0.5810546874999991,0.46153846153846156,-0.012657096774193147,0.7094726562499986,0.9999999999999977,0.3076923076923077,0.953857421874998,0.26684570312500017,True,False,False,False,0.9498100379924015,0.14957008598280344,0.2991401719656069,0.46153846153846156,0.6923076923076923,1.0,,,,,,1.0,1.0,1.0,1.0,False
1512,REACTOME_DEGRADATION_OF_CYSTEINE_AND_HOMOCYSTEINE,13,0.23076923076923078,-0.05605944410196101,0.9887695312499981,0.09228515625,0.6153846153846154,0.0537879032258069,0.29052734374999983,0.5810546874999997,0.3076923076923077,0.953857421874998,0.26684570312500017,False,False,False,False,0.9498100379924015,0.14957008598280344,0.2991401719656069,0.46153846153846156,0.6923076923076923,1.0,,,,,,0.5668424221837944,0.7652194782838978,0.7652194782838978,1.0,False
1513,REACTOME_PLATELET_ADHESION_TO_EXPOSED_COLLAGEN,13,0.46153846153846156,-0.02700378356862794,0.7094726562499986,0.9999999999999977,0.6923076923076923,0.0808762903225809,0.1334228515625,0.266845703125,0.3076923076923077,0.953857421874998,0.26684570312500017,False,False,False,False,0.9498100379924015,0.14957008598280344,0.2991401719656069,0.46153846153846156,0.6923076923076923,1.0,,,,,,1.0,0.4416168505391377,1.0,1.0,False
1514,REACTOME_SYNTHESIS_OF_PC,26,0.38461538461538464,-0.0192734251823531,0.915681228041657,0.32693958282471,0.6923076923076923,0.022399919354839065,0.03775934875011474,0.07551869750022948,0.3076923076923077,0.9855203628540128,0.07551869750022944,False,False,True,False,0.9842031593681264,0.04059188162367527,0.08118376324735053,0.5,0.6538461538461539,1.0,,,,,,0.8687501015742283,0.1778122059323585,0.8687501015742283,1.0,False
1515,REACTOME_WNT5A_DEPENDENT_INTERNALIZATION_OF_FZD2_FZD5_AND_ROR2,13,0.46153846153846156,-0.011912643254902797,0.7094726562499986,0.9999999999999977,0.6923076923076923,0.061775322580645387,0.1334228515625,0.266845703125,0.3076923076923077,0.953857421874998,0.26684570312500017,False,False,False,False,0.9498100379924015,0.14957008598280344,0.2991401719656069,0.46153846153846156,0.6923076923076923,1.0,,,,,,1.0,0.4416168505391377,1.0,1.0,False
1516,REACTOME_RHO_GTPASES_ACTIVATE_NADPH_OXIDASES,23,0.34782608695652173,-0.035722005321568925,0.9534301757812556,0.21003961563110465,0.5217391304347826,0.014054919354839192,0.5000000000000028,1.0,0.30434782608695654,0.9826551675796565,0.09313964843750042,False,False,False,False,0.9804039192161568,0.052389522095580884,0.10477904419116177,0.4782608695652174,0.6521739130434783,1.0,,,,,,0.750775606975806,1.0,1.0,1.0,False
1517,REACTOME_FATTY_ACYL_COA_BIOSYNTHESIS,33,0.24242424242424243,-0.031992508729412436,0.9993406364228566,0.004551384132355419,0.696969696969697,0.02890451612903258,0.017541016684845055,0.03508203336969011,0.30303030303030304,0.9932345065753897,0.03508203336969021,False,False,True,False,0.9924015196960608,0.016996600679864027,0.033993201359728054,0.48484848484848486,0.6363636363636364,1.0,,,,,,0.12194570589104001,0.10104280080769665,0.12194570589104001,1.0,False
1518,KEGG_AMYOTROPHIC_LATERAL_SCLEROSIS_ALS,50,0.36,-0.02052276550000033,0.9835804312178844,0.06490864707227365,0.7,0.026898709677419523,0.003300223983405522,0.006600447966811044,0.3,0.9986989142716584,0.006600447966811021,False,False,True,False,0.9984003199360127,0.003999200159968006,0.007998400319936013,0.5,0.6,1.0,,,,,,0.48649633672249,0.028068599153737498,0.48649633672249,1.0,False
1519,REACTOME_ACTIVATION_OF_THE_AP_1_FAMILY_OF_TRANSCRIPTION_FACTORS,10,0.2,-0.025849584460785193,0.9892578124999983,0.109375,0.9,0.16246084677419398,0.01074218750000001,0.02148437500000002,0.3,0.9453124999999984,0.3437499999999999,False,False,True,False,0.9378124375124975,0.1905618876224755,0.381123775244951,0.5,0.8,1.0,,,,,,0.6071850804790333,0.06941105769230776,0.6071850804790333,1.0,False
1520,REACTOME_FORMATION_OF_APOPTOSOME,10,0.5,-0.007434040784314191,0.6230468749999987,1.0,0.6,0.06154693548387133,0.3769531249999994,0.7539062499999988,0.3,0.9453124999999984,0.3437499999999999,False,False,False,False,0.9378124375124975,0.1905618876224755,0.381123775244951,0.5,0.8,1.0,,,,,,1.0,0.9131491134060786,1.0,1.0,False
1521,REACTOME_RHOBTB3_ATPASE_CYCLE,10,0.5,0.000632116384313465,0.6230468749999987,1.0,0.8,0.054076048387096995,0.05468750000000005,0.1093750000000001,0.3,0.9453124999999984,0.3437499999999999,True,False,False,False,0.9378124375124975,0.1905618876224755,0.381123775244951,0.5,0.8,1.0,,,,,,1.0,0.23219774590163955,1.0,1.0,False
1522,REACTOME_SIGNAL_ATTENUATION,10,0.3,-0.010764093092156984,0.9453124999999984,0.3437499999999999,0.6,0.033652983870967976,0.3769531249999994,0.7539062499999988,0.3,0.9453124999999984,0.3437499999999999,False,False,False,False,0.9378124375124975,0.1905618876224755,0.381123775244951,0.5,0.8,1.0,,,,,,0.8687501015742283,0.9131491134060786,0.9131491134060786,1.0,False
1523,REACTOME_SLBP_DEPENDENT_PROCESSING_OF_REPLICATION_DEPENDENT_HISTONE_PRE_MRNAS,10,0.4,-0.008129306698040555,0.8281249999999983,0.7539062499999992,0.7,0.12793641129032263,0.17187499999999986,0.3437499999999997,0.3,0.9453124999999984,0.3437499999999999,False,False,False,False,0.9378124375124975,0.1905618876224755,0.381123775244951,0.5,0.8,1.0,,,,,,1.0,0.5280973523855161,1.0,1.0,False
1524,REACTOME_STAT5_ACTIVATION_DOWNSTREAM_OF_FLT3_ITD_MUTANTS,10,0.4,-0.029671951290196508,0.8281249999999983,0.7539062499999992,0.9,0.041647983870968075,0.01074218750000001,0.02148437500000002,0.3,0.9453124999999984,0.3437499999999999,False,False,True,False,0.9378124375124975,0.1905618876224755,0.381123775244951,0.5,0.8,1.0,,,,,,1.0,0.06941105769230776,1.0,1.0,False
1525,REACTOME_OTHER_SEMAPHORIN_INTERACTIONS,17,0.29411764705882354,-0.013531343643137529,0.9754791259765658,0.1434631347656256,0.6470588235294118,0.01974879032258103,0.1661529541015627,0.3323059082031254,0.29411764705882354,0.9754791259765658,0.1434631347656256,False,False,False,False,0.9676064787042592,0.08598280343931214,0.17196560687862428,0.47058823529411764,0.7058823529411765,1.0,,,,,,0.6780868731870989,0.5226754871939846,0.6780868731870989,1.0,False
1526,REACTOME_HS_GAG_DEGRADATION,24,0.20833333333333334,-0.0626397032137257,0.9992280602455152,0.006610751152038573,0.8333333333333334,0.08714935483870972,0.0007719397544860836,0.001543879508972167,0.2916666666666667,0.9886720776557933,0.06391465663909907,False,False,True,False,0.9862027594481104,0.04039192161567687,0.08078384323135374,0.5,0.6666666666666666,1.0,,,,,,0.17121845483779904,0.009053542479029236,0.17121845483779904,1.0,False
1527,REACTOME_LYSOSPHINGOLIPID_AND_LPA_RECEPTORS,14,0.35714285714285715,-0.017669349254902274,0.910217285156252,0.4239501953125009,0.5,0.0002524193548390065,0.6047363281250012,1.0,0.2857142857142857,0.9713134765625019,0.1795654296875005,False,False,False,False,0.9650069986002799,0.10437912417516497,0.20875824835032994,0.5,0.7142857142857143,1.0,,,,,,0.9210189514320003,1.0,1.0,1.0,False
1528,REACTOME_PROCESSING_OF_SMDT1,14,0.42857142857142855,-0.055786610613726056,0.7880249023437517,0.7905273437500014,0.7142857142857143,0.278245806451613,0.08978271484375025,0.1795654296875005,0.2857142857142857,0.9713134765625019,0.1795654296875005,False,False,False,False,0.9650069986002799,0.10437912417516497,0.20875824835032994,0.5,0.7142857142857143,1.0,,,,,,1.0,0.33741799000529116,1.0,1.0,False
1529,REACTOME_SYNTHESIS_OF_IP2_IP_AND_INS_IN_THE_CYTOSOL,14,0.21428571428571427,-0.040033829947059146,0.9935302734375019,0.05737304687500014,0.7857142857142857,0.053039758064516634,0.02868652343750004,0.05737304687500008,0.2857142857142857,0.9713134765625019,0.1795654296875005,False,False,True,False,0.9650069986002799,0.10437912417516497,0.20875824835032994,0.5,0.7142857142857143,1.0,,,,,,0.4755195593466722,0.1441708433302346,0.4755195593466722,1.0,False
1530,REACTOME_COLLAGEN_CHAIN_TRIMERIZATION,43,0.32558139534883723,-0.018395074078432,0.9931409074706626,0.031539497353151286,0.6744186046511628,0.08651024193548251,0.015769748676575674,0.03153949735315135,0.27906976744186046,0.9990430194993697,0.005401572654591334,False,False,True,False,0.9986002799440112,0.004799040191961607,0.009598080383923215,0.4883720930232558,0.627906976744186,1.0,,,,,,0.39209903109437677,0.09443618282619884,0.39209903109437677,1.0,False
1531,KEGG_CIRCADIAN_RHYTHM_MAMMAL,11,0.36363636363636365,-0.010071750207844076,0.88671875,0.548828125000001,0.9090909090909091,0.21777185483870962,0.005859375000000013,0.011718750000000026,0.2727272727272727,0.9672851562500003,0.22656250000000067,False,False,True,False,0.9614077184563088,0.1307738452309538,0.2615476904619076,0.45454545454545453,0.7272727272727273,1.0,,,,,,0.9884736430370447,0.04409427966101705,0.9884736430370447,1.0,False
1532,REACTOME_ESTROGEN_DEPENDENT_NUCLEAR_EVENTS_DOWNSTREAM_OF_ESR_MEMBRANE_SIGNALING,22,0.5,0.0022630982627445204,0.5840940475463855,1.0,0.5909090909090909,0.06281209677419372,0.26173353195190396,0.5234670639038079,0.2727272727272727,0.9915497303009022,0.05247879028320305,True,False,False,False,0.9896020795840832,0.03119376124775045,0.0623875224955009,0.5,0.6818181818181818,1.0,,,,,,1.0,0.7167117333097083,1.0,1.0,False
1533,REACTOME_KILLING_MECHANISMS,11,0.2727272727272727,-0.013472555180392625,0.9672851562500003,0.22656250000000067,0.45454545454545453,-0.004411209677419151,0.7255859374999999,1.0,0.2727272727272727,0.9672851562500003,0.22656250000000067,True,False,False,False,0.9614077184563088,0.1307738452309538,0.2615476904619076,0.45454545454545453,0.7272727272727273,1.0,,,,,,0.7540774930103149,1.0,1.0,1.0,False
1534,REACTOME_MUCOPOLYSACCHARIDOSES,11,0.18181818181818182,-0.03081453069019658,0.9941406250000006,0.06542968750000026,0.9090909090909091,0.1633575806451613,0.005859375000000013,0.011718750000000026,0.2727272727272727,0.9672851562500003,0.22656250000000067,False,False,True,False,0.9614077184563088,0.1307738452309538,0.2615476904619076,0.45454545454545453,0.7272727272727273,1.0,,,,,,0.48649633672249,0.04409427966101705,0.48649633672249,1.0,False
1535,REACTOME_RESPIRATORY_SYNCYTIAL_VIRUS_RSV_ATTACHMENT_AND_ENTRY,22,0.4090909090909091,-0.020626103231372664,0.8568606376647941,0.5234670639038088,0.6818181818181818,0.011685766129032814,0.06690025329589823,0.13380050659179646,0.2727272727272727,0.9915497303009022,0.05247879028320305,False,False,False,False,0.9896020795840832,0.03119376124775045,0.0623875224955009,0.5,0.6818181818181818,1.0,,,,,,0.9884736430370447,0.27179867613549274,0.9884736430370447,1.0,False
1536,REACTOME_SARS_COV_2_MODULATES_AUTOPHAGY,11,0.09090909090909091,-0.06918572831372619,0.9995117187500003,0.011718750000000026,0.8181818181818182,0.05330104838709725,0.03271484375000009,0.06542968750000018,0.2727272727272727,0.9672851562500003,0.22656250000000067,False,False,True,False,0.9614077184563088,0.1307738452309538,0.2615476904619076,0.45454545454545453,0.7272727272727273,1.0,,,,,,0.22126586178699253,0.15739587364551128,0.22126586178699253,1.0,False
1537,REACTOME_THE_ACTIVATION_OF_ARYLSULFATASES,11,0.45454545454545453,-0.03081453069019658,0.7255859374999999,1.0,0.45454545454545453,-0.013511774193548286,0.7255859374999999,1.0,0.2727272727272727,0.9672851562500003,0.22656250000000067,True,False,False,False,0.9614077184563088,0.1307738452309538,0.2615476904619076,0.45454545454545453,0.7272727272727273,1.0,,,,,,1.0,1.0,1.0,1.0,False
1538,KEGG_GLYCOSAMINOGLYCAN_DEGRADATION,20,0.1,-0.039584674709804646,0.9999799728393575,0.00040245056152343723,0.85,0.08714935483870972,0.0012884140014648429,0.0025768280029296858,0.25,0.994091033935549,0.04138946533203137,False,False,True,False,0.9924015196960608,0.026194761047790442,0.052389522095580884,0.5,0.65,1.0,,,,,,0.02605867385864256,0.013904134432474763,0.02605867385864256,1.0,False
1539,REACTOME_CYTOCHROME_C_MEDIATED_APOPTOTIC_RESPONSE,12,0.5833333333333334,0.020162893749019386,0.38720703124999967,0.7744140624999993,0.5,0.024947379032258566,0.6127929687499988,1.0,0.25,0.9807128906249984,0.14599609375000017,True,False,False,False,0.9796040791841631,0.07858428314337132,0.15716856628674264,0.5,0.75,1.0,,,,,,1.0,1.0,1.0,1.0,False
1540,KEGG_GLYCOSYLPHOSPHATIDYLINOSITOL_GPI_ANCHOR_BIOSYNTHESIS,25,0.36,-0.0230250515686272,0.9461239278316504,0.2295229434967046,0.64,0.023524274193548727,0.114761471748352,0.229522943496704,0.24,0.9979613423347479,0.014633297920227046,False,False,False,False,0.9974005198960207,0.008798240351929614,0.01759648070385923,0.48,0.64,1.0,,,,,,0.7540774930103149,0.39719226524930734,0.7540774930103149,1.0,False
1541,REACTOME_SIGNALING_BY_ACTIVIN,17,0.35294117647058826,-0.025969302137255366,0.9282684326171906,0.33230590820312556,0.5294117647058824,0.008402661290322851,0.5000000000000017,1.0,0.23529411764705882,0.993637084960941,0.04904174804687516,False,False,False,False,0.9894021195760848,0.03259348130373925,0.0651869626074785,0.47058823529411764,0.7058823529411765,1.0,,,,,,0.8687501015742283,1.0,1.0,1.0,False
1542,REACTOME_ACETYLCHOLINE_BINDING_AND_DOWNSTREAM_EVENTS,13,0.3076923076923077,-0.03508805671372552,0.953857421874998,0.26684570312500017,0.6153846153846154,0.02314467741935511,0.29052734374999983,0.5810546874999997,0.23076923076923078,0.9887695312499981,0.09228515625,False,False,False,False,0.9894021195760848,0.05038992201559688,0.10077984403119376,0.46153846153846156,0.6923076923076923,1.0,,,,,,0.803618528905151,0.7652194782838978,0.803618528905151,1.0,False
1543,REACTOME_SYNTHESIS_OF_GLYCOSYLPHOSPHATIDYLINOSITOL_GPI,18,0.3888888888888889,-0.011796732115686714,0.8810577392578133,0.4806823730468747,0.5,0.0029348790322584768,0.5927352905273445,1.0,0.2222222222222222,0.9962310791015635,0.03088378906250002,False,False,False,False,0.9948010397920416,0.021395720855828835,0.04279144171165767,0.5,0.6666666666666666,1.0,,,,,,0.9650909660398492,1.0,1.0,1.0,False
1544,REACTOME_DEFECTIVE_EXT2_CAUSES_EXOSTOSES_2,14,0.2857142857142857,-0.07780031887647089,0.9713134765625019,0.1795654296875005,0.9285714285714286,0.14470455645161318,0.0009155273437500041,0.0018310546875000082,0.21428571428571427,0.9935302734375019,0.05737304687500014,False,False,True,False,0.9928014397120576,0.03519296140771846,0.07038592281543692,0.5,0.7142857142857143,1.0,,,,,,0.7136692525175852,0.010560059562057213,0.7136692525175852,1.0,False
1545,REACTOME_EICOSANOIDS,10,0.5,-0.006162006478431468,0.6230468749999987,1.0,0.5,-0.0018947177419348549,0.6230468749999987,1.0,0.2,0.9892578124999983,0.109375,True,False,False,False,0.99000199960008,0.0623875224955009,0.1247750449910018,0.5,0.8,1.0,,,,,,1.0,1.0,1.0,1.0,False
1546,REACTOME_HIGHLY_CALCIUM_PERMEABLE_POSTSYNAPTIC_NICOTINIC_ACETYLCHOLINE_RECEPTORS,10,0.4,-0.023493513486274493,0.8281249999999983,0.7539062499999992,0.6,0.02619842741935504,0.3769531249999994,0.7539062499999988,0.2,0.9892578124999983,0.109375,False,False,False,False,0.99000199960008,0.0623875224955009,0.1247750449910018,0.5,0.8,1.0,,,,,,1.0,0.9131491134060786,1.0,1.0,False
1547,REACTOME_METABOLISM_OF_FOLATE_AND_PTERINES,15,0.4,-0.005463565278432673,0.8491210937499997,0.6072387695312499,0.6666666666666666,0.04219233870967777,0.1508789062499999,0.3017578124999998,0.2,0.9963073730468748,0.035156250000000056,False,False,False,False,0.9956008798240352,0.020395920815836834,0.04079184163167367,0.4666666666666667,0.7333333333333333,1.0,,,,,,1.0,0.4834346810567009,1.0,1.0,False
1548,REACTOME_WNT5A_DEPENDENT_INTERNALIZATION_OF_FZD4,15,0.2,-0.01657890831372712,0.9963073730468748,0.035156250000000056,0.7333333333333333,0.04210951612903263,0.059234619140624965,0.11846923828124993,0.2,0.9963073730468748,0.035156250000000056,False,False,False,False,0.9956008798240352,0.020395920815836834,0.04079184163167367,0.4666666666666667,0.7333333333333333,1.0,,,,,,0.39624933376907995,0.24645407803087335,0.39624933376907995,1.0,False
1549,REACTOME_RIP_MEDIATED_NFKB_ACTIVATION_VIA_ZBP1,16,0.375,-0.021067928603921808,0.894943237304688,0.45449829101562467,0.6875,0.06642225806451638,0.10505676269531242,0.21011352539062483,0.1875,0.9979095458984379,0.02127075195312503,False,False,False,False,0.997000599880024,0.011797640471905619,0.023595280943811237,0.5,0.6875,1.0,,,,,,0.9457283250067267,0.37573811099773435,0.9457283250067267,1.0,False
1550,REACTOME_ANDROGEN_BIOSYNTHESIS,11,0.2727272727272727,-0.013114011478431607,0.9672851562500003,0.22656250000000067,0.7272727272727273,0.015877096774193803,0.11328125000000024,0.22656250000000047,0.18181818181818182,0.9941406250000006,0.06542968750000026,False,False,False,False,0.9922015596880623,0.038792241551689664,0.07758448310337933,0.45454545454545453,0.7272727272727273,1.0,,,,,,0.7540774930103149,0.3947064181614358,0.7540774930103149,1.0,False
1551,REACTOME_REDUCTION_OF_CYTOSOLIC_CA_LEVELS,11,0.6363636363636364,0.008273571901960826,0.2744140625000004,0.5488281250000008,0.36363636363636365,-0.0201937096774193,0.88671875,0.548828125000001,0.18181818181818182,0.9941406250000006,0.06542968750000026,False,False,False,False,0.9922015596880623,0.038792241551689664,0.07758448310337933,0.45454545454545453,0.7272727272727273,1.0,,,,,,0.9884736430370447,0.7365102817357526,0.9884736430370447,1.0,False
1552,REACTOME_TRP_CHANNELS,28,0.2857142857142857,-0.016206909939215856,0.9937295243143957,0.03569813817739459,0.75,0.04053584677419366,0.00627047568559641,0.01254095137119282,0.17857142857142858,0.9999100044369617,0.0009122341871261487,False,False,True,False,0.9998000399920016,0.0005998800239952009,0.0011997600479904018,0.5,0.6428571428571429,0.9322135572885422,,,,,,0.39624933376907995,0.04629130268606566,0.39624933376907995,0.7088059633970175,False
1553,REACTOME_PRESYNAPTIC_NICOTINIC_ACETYLCHOLINE_RECEPTORS,12,0.25,-0.038054048670588314,0.9807128906249984,0.14599609375000017,0.5833333333333334,0.017355161290322715,0.38720703124999967,0.7744140624999993,0.16666666666666666,0.9968261718749984,0.03857421875000003,False,False,False,False,0.9968006398720256,0.020595880823835233,0.041191761647670466,0.5,0.75,1.0,,,,,,0.6780868731870989,0.9221758261494244,0.9221758261494244,1.0,False
1554,REACTOME_RESPONSE_TO_METAL_IONS,10,0.1,-0.14271971605882355,0.9990234374999984,0.02148437500000002,0.8,0.7562150806451611,0.05468750000000005,0.1093750000000001,0.1,0.9990234374999984,0.02148437500000002,False,False,False,False,0.9994001199760048,0.010197960407918417,0.020395920815836834,0.5,0.8,1.0,,,,,,0.312025408878505,0.23219774590163955,0.312025408878505,1.0,False
